
                                                       █████                █████
                                                      ░░███                ░░███
     ████████    ██████   ████████    ██████   ██████  ░███████    ██████  ███████
    ░░███░░███  ░░░░░███ ░░███░░███  ███░░███ ███░░███ ░███░░███  ░░░░░███░░░███░
     ░███ ░███   ███████  ░███ ░███ ░███ ░███░███ ░░░  ░███ ░███   ███████  ░███
     ░███ ░███  ███░░███  ░███ ░███ ░███ ░███░███  ███ ░███ ░███  ███░░███  ░███ ███
     ████ █████░░████████ ████ █████░░██████ ░░██████  ████ █████░░███████  ░░█████
    ░░░░ ░░░░░  ░░░░░░░░ ░░░░ ░░░░░  ░░░░░░   ░░░░░░  ░░░░ ░░░░░  ░░░░░░░░   ░░░░░
    
Autodetected device type: cuda
2026-09-19 21:38:20,454 - nanochat.common - [32m[1mINFO[0m - Distributed world size: 1
2026-09-19 21:38:20,454 - nanochat.common - [33m[1mWARNING[0m - Peak flops undefined for: NVIDIA RTX PRO 6000 Blackwell Workstation Edition, MFU will show as 0%
GPU: NVIDIA RTX PRO 6000 Blackwell Workstation Edition | Peak FLOPS (BF16): inf
COMPUTE_DTYPE: torch.bfloat16 (auto-detected: CUDA SM 120 (bf16 supported))
!!!!!!!!!!!!!!!!!!!!!!!!!!!!!!!!!!!!!!!!!!!!!!!!!!!!!!!!!!!!!!!!!!!!!!!!!!!!!!!!
WARNING: Flash Attention 3 not available, using PyTorch SDPA fallback
WARNING: Training will be less efficient without FA3
!!!!!!!!!!!!!!!!!!!!!!!!!!!!!!!!!!!!!!!!!!!!!!!!!!!!!!!!!!!!!!!!!!!!!!!!!!!!!!!!
Vocab size: 32,768
Model config:
{
  "sequence_len": 2048,
  "vocab_size": 32768,
  "n_layer": 12,
  "n_head": 6,
  "n_kv_head": 6,
  "n_embd": 768,
  "window_pattern": "L",
  "n_prelude": -1,
  "n_core": 0,
  "n_coda": 0,
  "n_loop": 1
}
Parameter counts:
wte                     : 25,165,824
value_embeds            : 150,994,944
lm_head                 : 25,165,824
transformer_matrices    : 84,935,088
scalars                 : 50
total                   : 286,261,730
unique_layers           : 12
effective_layers        : 12
Estimated FLOPs per token: 8.870980e+08
Auto-computed optimal batch size: 524,288 tokens
Scaling the LR for the AdamW parameters ∝1/√(768/768) = 1.000000
Calculated number of iterations from target data:param ratio: 2,520
Total number of training tokens: 1,321,205,760
Tokens : Scaling params ratio: 12.00
Total training FLOPs estimate: 1.172039e+18
Parameter table:
  unique block params                     : 84,935,088
  lm_head                                 : 25,165,824
  wte                                     : 25,165,824
  value embed params (lookups, no FLOPs)  : 150,994,944
  scalars                                 : 50
  unique layers U                         : 12
  effective layers E                      : 12
  FLOPs per token                         : 887,098,032
Tokens / micro-batch / rank: 32 x 2048 = 65,536
Tokens / micro-batch: 65,536
Total batch size 524,288 => gradient accumulation steps: 8
Step 00000 | Validation bpb: 3.171081
step 00000/02520 (0.00%) | loss: 10.397021 | lrm: 0.03 | dt: 3308.80ms | tok/sec: 158,452 | bf16_mfu: 0.00 | epoch: 1 pq: 0 rg: 1 | total time: 0.00m
step 00001/02520 (0.04%) | loss: 10.384684 | lrm: 0.05 | dt: 1964.51ms | tok/sec: 266,879 | bf16_mfu: 0.00 | epoch: 1 pq: 0 rg: 2 | total time: 0.00m
step 00002/02520 (0.08%) | loss: 10.362551 | lrm: 0.07 | dt: 1978.29ms | tok/sec: 265,020 | bf16_mfu: 0.00 | epoch: 1 pq: 0 rg: 3 | total time: 0.00m
step 00003/02520 (0.12%) | loss: 10.328478 | lrm: 0.10 | dt: 1979.82ms | tok/sec: 264,815 | bf16_mfu: 0.00 | epoch: 1 pq: 0 rg: 4 | total time: 0.00m
step 00004/02520 (0.16%) | loss: 10.278533 | lrm: 0.12 | dt: 1979.41ms | tok/sec: 264,870 | bf16_mfu: 0.00 | epoch: 1 pq: 0 rg: 5 | total time: 0.00m
step 00005/02520 (0.20%) | loss: 10.199191 | lrm: 0.15 | dt: 1978.71ms | tok/sec: 264,965 | bf16_mfu: 0.00 | epoch: 1 pq: 0 rg: 6 | total time: 0.00m
step 00006/02520 (0.24%) | loss: 10.073558 | lrm: 0.17 | dt: 1975.39ms | tok/sec: 265,409 | bf16_mfu: 0.00 | epoch: 1 pq: 0 rg: 7 | total time: 0.00m
step 00007/02520 (0.28%) | loss: 9.854079 | lrm: 0.20 | dt: 1979.08ms | tok/sec: 264,914 | bf16_mfu: 0.00 | epoch: 1 pq: 0 rg: 8 | total time: 0.00m
step 00008/02520 (0.32%) | loss: 9.553261 | lrm: 0.23 | dt: 1978.66ms | tok/sec: 264,971 | bf16_mfu: 0.00 | epoch: 1 pq: 0 rg: 10 | total time: 0.00m
step 00009/02520 (0.36%) | loss: 9.279759 | lrm: 0.25 | dt: 1978.67ms | tok/sec: 264,969 | bf16_mfu: 0.00 | epoch: 1 pq: 0 rg: 11 | total time: 0.00m
step 00010/02520 (0.40%) | loss: 8.992436 | lrm: 0.28 | dt: 1984.14ms | tok/sec: 264,238 | bf16_mfu: 0.00 | epoch: 1 pq: 0 rg: 12 | total time: 0.00m
step 00011/02520 (0.44%) | loss: 8.723796 | lrm: 0.30 | dt: 1987.56ms | tok/sec: 263,785 | bf16_mfu: 0.00 | epoch: 1 pq: 0 rg: 13 | total time: 0.03m | eta: 83.1m
step 00012/02520 (0.48%) | loss: 8.496573 | lrm: 0.33 | dt: 1990.98ms | tok/sec: 263,332 | bf16_mfu: 0.00 | epoch: 1 pq: 0 rg: 14 | total time: 0.07m | eta: 83.2m
step 00013/02520 (0.52%) | loss: 8.280297 | lrm: 0.35 | dt: 1991.21ms | tok/sec: 263,300 | bf16_mfu: 0.00 | epoch: 1 pq: 0 rg: 15 | total time: 0.10m | eta: 83.1m
step 00014/02520 (0.56%) | loss: 8.084102 | lrm: 0.38 | dt: 1997.46ms | tok/sec: 262,477 | bf16_mfu: 0.00 | epoch: 1 pq: 0 rg: 16 | total time: 0.13m | eta: 83.2m
step 00015/02520 (0.60%) | loss: 7.892706 | lrm: 0.40 | dt: 1991.97ms | tok/sec: 263,201 | bf16_mfu: 0.00 | epoch: 1 pq: 0 rg: 17 | total time: 0.17m | eta: 83.2m
step 00016/02520 (0.63%) | loss: 7.711157 | lrm: 0.42 | dt: 1995.07ms | tok/sec: 262,791 | bf16_mfu: 0.00 | epoch: 1 pq: 0 rg: 18 | total time: 0.20m | eta: 83.1m
step 00017/02520 (0.67%) | loss: 7.553829 | lrm: 0.45 | dt: 1995.13ms | tok/sec: 262,783 | bf16_mfu: 0.00 | epoch: 1 pq: 0 rg: 19 | total time: 0.23m | eta: 83.1m
step 00018/02520 (0.71%) | loss: 7.409983 | lrm: 0.47 | dt: 1997.16ms | tok/sec: 262,517 | bf16_mfu: 0.00 | epoch: 1 pq: 0 rg: 20 | total time: 0.27m | eta: 83.1m
step 00019/02520 (0.75%) | loss: 7.280969 | lrm: 0.50 | dt: 1997.73ms | tok/sec: 262,441 | bf16_mfu: 0.00 | epoch: 1 pq: 0 rg: 21 | total time: 0.30m | eta: 83.1m
step 00020/02520 (0.79%) | loss: 7.161195 | lrm: 0.53 | dt: 1997.59ms | tok/sec: 262,460 | bf16_mfu: 0.00 | epoch: 1 pq: 0 rg: 22 | total time: 0.33m | eta: 83.1m
step 00021/02520 (0.83%) | loss: 7.042105 | lrm: 0.55 | dt: 2000.02ms | tok/sec: 262,141 | bf16_mfu: 0.00 | epoch: 1 pq: 0 rg: 23 | total time: 0.37m | eta: 83.1m
step 00022/02520 (0.87%) | loss: 6.942766 | lrm: 0.57 | dt: 2001.56ms | tok/sec: 261,939 | bf16_mfu: 0.00 | epoch: 1 pq: 0 rg: 24 | total time: 0.40m | eta: 83.1m
step 00023/02520 (0.91%) | loss: 6.842090 | lrm: 0.60 | dt: 2004.15ms | tok/sec: 261,601 | bf16_mfu: 0.00 | epoch: 1 pq: 0 rg: 26 | total time: 0.43m | eta: 83.1m
step 00024/02520 (0.95%) | loss: 6.749827 | lrm: 0.62 | dt: 2002.52ms | tok/sec: 261,813 | bf16_mfu: 0.00 | epoch: 1 pq: 0 rg: 27 | total time: 0.47m | eta: 83.1m
step 00025/02520 (0.99%) | loss: 6.665090 | lrm: 0.65 | dt: 2002.57ms | tok/sec: 261,808 | bf16_mfu: 0.00 | epoch: 1 pq: 0 rg: 28 | total time: 0.50m | eta: 83.0m
step 00026/02520 (1.03%) | loss: 6.588683 | lrm: 0.68 | dt: 2004.04ms | tok/sec: 261,615 | bf16_mfu: 0.00 | epoch: 1 pq: 0 rg: 29 | total time: 0.53m | eta: 83.0m
step 00027/02520 (1.07%) | loss: 6.511811 | lrm: 0.70 | dt: 2006.18ms | tok/sec: 261,336 | bf16_mfu: 0.00 | epoch: 1 pq: 0 rg: 30 | total time: 0.57m | eta: 83.0m
step 00028/02520 (1.11%) | loss: 6.447859 | lrm: 0.72 | dt: 2007.83ms | tok/sec: 261,121 | bf16_mfu: 0.00 | epoch: 1 pq: 0 rg: 31 | total time: 0.60m | eta: 83.0m
step 00029/02520 (1.15%) | loss: 6.397853 | lrm: 0.75 | dt: 2006.42ms | tok/sec: 261,305 | bf16_mfu: 0.00 | epoch: 1 pq: 0 rg: 32 | total time: 0.63m | eta: 83.0m
step 00030/02520 (1.19%) | loss: 6.343556 | lrm: 0.78 | dt: 2006.37ms | tok/sec: 261,311 | bf16_mfu: 0.00 | epoch: 1 pq: 0 rg: 33 | total time: 0.67m | eta: 83.0m
step 00031/02520 (1.23%) | loss: 6.297702 | lrm: 0.80 | dt: 2008.93ms | tok/sec: 260,979 | bf16_mfu: 0.00 | epoch: 1 pq: 0 rg: 34 | total time: 0.70m | eta: 83.0m
step 00032/02520 (1.27%) | loss: 6.248528 | lrm: 0.82 | dt: 2008.85ms | tok/sec: 260,988 | bf16_mfu: 0.00 | epoch: 1 pq: 0 rg: 35 | total time: 0.73m | eta: 82.9m
step 00033/02520 (1.31%) | loss: 6.204747 | lrm: 0.85 | dt: 2009.98ms | tok/sec: 260,842 | bf16_mfu: 0.00 | epoch: 1 pq: 0 rg: 36 | total time: 0.77m | eta: 82.9m
step 00034/02520 (1.35%) | loss: 6.161089 | lrm: 0.88 | dt: 2011.86ms | tok/sec: 260,598 | bf16_mfu: 0.00 | epoch: 1 pq: 0 rg: 37 | total time: 0.80m | eta: 82.9m
step 00035/02520 (1.39%) | loss: 6.123774 | lrm: 0.90 | dt: 2010.47ms | tok/sec: 260,779 | bf16_mfu: 0.00 | epoch: 1 pq: 0 rg: 38 | total time: 0.83m | eta: 82.9m
step 00036/02520 (1.43%) | loss: 6.093181 | lrm: 0.93 | dt: 2012.19ms | tok/sec: 260,555 | bf16_mfu: 0.00 | epoch: 1 pq: 0 rg: 39 | total time: 0.87m | eta: 82.9m
step 00037/02520 (1.47%) | loss: 6.060905 | lrm: 0.95 | dt: 2015.72ms | tok/sec: 260,099 | bf16_mfu: 0.00 | epoch: 1 pq: 0 rg: 40 | total time: 0.90m | eta: 82.9m
step 00038/02520 (1.51%) | loss: 6.030033 | lrm: 0.97 | dt: 2016.41ms | tok/sec: 260,010 | bf16_mfu: 0.00 | epoch: 1 pq: 0 rg: 41 | total time: 0.93m | eta: 82.8m
step 00039/02520 (1.55%) | loss: 5.994632 | lrm: 1.00 | dt: 2016.03ms | tok/sec: 260,059 | bf16_mfu: 0.00 | epoch: 1 pq: 0 rg: 42 | total time: 0.97m | eta: 82.8m
step 00040/02520 (1.59%) | loss: 5.964668 | lrm: 1.00 | dt: 2018.08ms | tok/sec: 259,795 | bf16_mfu: 0.00 | epoch: 1 pq: 0 rg: 43 | total time: 1.00m | eta: 82.8m
step 00041/02520 (1.63%) | loss: 5.938765 | lrm: 1.00 | dt: 2016.92ms | tok/sec: 259,945 | bf16_mfu: 0.00 | epoch: 1 pq: 0 rg: 44 | total time: 1.04m | eta: 82.8m
step 00042/02520 (1.67%) | loss: 5.924155 | lrm: 1.00 | dt: 2016.46ms | tok/sec: 260,004 | bf16_mfu: 0.00 | epoch: 1 pq: 0 rg: 44 | total time: 1.07m | eta: 82.8m
step 00043/02520 (1.71%) | loss: 5.905471 | lrm: 1.00 | dt: 2020.36ms | tok/sec: 259,501 | bf16_mfu: 0.00 | epoch: 1 pq: 0 rg: 45 | total time: 1.10m | eta: 82.8m
step 00044/02520 (1.75%) | loss: 5.872790 | lrm: 1.00 | dt: 2018.13ms | tok/sec: 259,789 | bf16_mfu: 0.00 | epoch: 1 pq: 0 rg: 46 | total time: 1.14m | eta: 82.8m
step 00045/02520 (1.79%) | loss: 5.843603 | lrm: 1.00 | dt: 2018.57ms | tok/sec: 259,732 | bf16_mfu: 0.00 | epoch: 1 pq: 0 rg: 47 | total time: 1.17m | eta: 82.7m
step 00046/02520 (1.83%) | loss: 5.820264 | lrm: 1.00 | dt: 2020.77ms | tok/sec: 259,450 | bf16_mfu: 0.00 | epoch: 1 pq: 0 rg: 48 | total time: 1.20m | eta: 82.7m
step 00047/02520 (1.87%) | loss: 5.794926 | lrm: 1.00 | dt: 2021.15ms | tok/sec: 259,401 | bf16_mfu: 0.00 | epoch: 1 pq: 0 rg: 49 | total time: 1.24m | eta: 82.7m
step 00048/02520 (1.90%) | loss: 5.767621 | lrm: 1.00 | dt: 2022.30ms | tok/sec: 259,253 | bf16_mfu: 0.00 | epoch: 1 pq: 0 rg: 50 | total time: 1.27m | eta: 82.7m
step 00049/02520 (1.94%) | loss: 5.743132 | lrm: 1.00 | dt: 2020.49ms | tok/sec: 259,485 | bf16_mfu: 0.00 | epoch: 1 pq: 0 rg: 51 | total time: 1.30m | eta: 82.7m
step 00050/02520 (1.98%) | loss: 5.719494 | lrm: 1.00 | dt: 2020.48ms | tok/sec: 259,487 | bf16_mfu: 0.00 | epoch: 1 pq: 0 rg: 52 | total time: 1.34m | eta: 82.6m
step 00051/02520 (2.02%) | loss: 5.690702 | lrm: 1.00 | dt: 2024.64ms | tok/sec: 258,954 | bf16_mfu: 0.00 | epoch: 1 pq: 0 rg: 53 | total time: 1.37m | eta: 82.6m
step 00052/02520 (2.06%) | loss: 5.670938 | lrm: 1.00 | dt: 2024.12ms | tok/sec: 259,019 | bf16_mfu: 0.00 | epoch: 1 pq: 0 rg: 54 | total time: 1.41m | eta: 82.6m
step 00053/02520 (2.10%) | loss: 5.643591 | lrm: 1.00 | dt: 2024.68ms | tok/sec: 258,948 | bf16_mfu: 0.00 | epoch: 1 pq: 0 rg: 55 | total time: 1.44m | eta: 82.6m
step 00054/02520 (2.14%) | loss: 5.615731 | lrm: 1.00 | dt: 2024.54ms | tok/sec: 258,966 | bf16_mfu: 0.00 | epoch: 1 pq: 0 rg: 56 | total time: 1.47m | eta: 82.6m
step 00055/02520 (2.18%) | loss: 5.601384 | lrm: 1.00 | dt: 2025.46ms | tok/sec: 258,848 | bf16_mfu: 0.00 | epoch: 1 pq: 0 rg: 57 | total time: 1.51m | eta: 82.6m
step 00056/02520 (2.22%) | loss: 5.581661 | lrm: 1.00 | dt: 2026.24ms | tok/sec: 258,749 | bf16_mfu: 0.00 | epoch: 1 pq: 0 rg: 58 | total time: 1.54m | eta: 82.5m
step 00057/02520 (2.26%) | loss: 5.558037 | lrm: 1.00 | dt: 2026.92ms | tok/sec: 258,662 | bf16_mfu: 0.00 | epoch: 1 pq: 0 rg: 59 | total time: 1.57m | eta: 82.5m
step 00058/02520 (2.30%) | loss: 5.535032 | lrm: 1.00 | dt: 2026.66ms | tok/sec: 258,695 | bf16_mfu: 0.00 | epoch: 1 pq: 0 rg: 60 | total time: 1.61m | eta: 82.5m
step 00059/02520 (2.34%) | loss: 5.517871 | lrm: 1.00 | dt: 2027.89ms | tok/sec: 258,538 | bf16_mfu: 0.00 | epoch: 1 pq: 0 rg: 61 | total time: 1.64m | eta: 82.5m
step 00060/02520 (2.38%) | loss: 5.484048 | lrm: 1.00 | dt: 2026.89ms | tok/sec: 258,666 | bf16_mfu: 0.00 | epoch: 1 pq: 0 rg: 62 | total time: 1.68m | eta: 82.5m
step 00061/02520 (2.42%) | loss: 5.454762 | lrm: 1.00 | dt: 2030.30ms | tok/sec: 258,231 | bf16_mfu: 0.00 | epoch: 1 pq: 0 rg: 63 | total time: 1.71m | eta: 82.4m
step 00062/02520 (2.46%) | loss: 5.434125 | lrm: 1.00 | dt: 2027.54ms | tok/sec: 258,583 | bf16_mfu: 0.00 | epoch: 1 pq: 0 rg: 64 | total time: 1.74m | eta: 82.4m
step 00063/02520 (2.50%) | loss: 5.407116 | lrm: 1.00 | dt: 2029.82ms | tok/sec: 258,292 | bf16_mfu: 0.00 | epoch: 1 pq: 0 rg: 65 | total time: 1.78m | eta: 82.4m
step 00064/02520 (2.54%) | loss: 5.392179 | lrm: 1.00 | dt: 2029.76ms | tok/sec: 258,300 | bf16_mfu: 0.00 | epoch: 1 pq: 0 rg: 66 | total time: 1.81m | eta: 82.4m
step 00065/02520 (2.58%) | loss: 5.367580 | lrm: 1.00 | dt: 2029.68ms | tok/sec: 258,310 | bf16_mfu: 0.00 | epoch: 1 pq: 0 rg: 67 | total time: 1.85m | eta: 82.4m
step 00066/02520 (2.62%) | loss: 5.345612 | lrm: 1.00 | dt: 2029.44ms | tok/sec: 258,340 | bf16_mfu: 0.00 | epoch: 1 pq: 0 rg: 68 | total time: 1.88m | eta: 82.3m
step 00067/02520 (2.66%) | loss: 5.322515 | lrm: 1.00 | dt: 2033.38ms | tok/sec: 257,840 | bf16_mfu: 0.00 | epoch: 1 pq: 0 rg: 69 | total time: 1.91m | eta: 82.3m
step 00068/02520 (2.70%) | loss: 5.300119 | lrm: 1.00 | dt: 2031.99ms | tok/sec: 258,016 | bf16_mfu: 0.00 | epoch: 1 pq: 0 rg: 70 | total time: 1.95m | eta: 82.3m
step 00069/02520 (2.74%) | loss: 5.278281 | lrm: 1.00 | dt: 2030.35ms | tok/sec: 258,225 | bf16_mfu: 0.00 | epoch: 1 pq: 0 rg: 71 | total time: 1.98m | eta: 82.3m
step 00070/02520 (2.78%) | loss: 5.258433 | lrm: 1.00 | dt: 2030.70ms | tok/sec: 258,181 | bf16_mfu: 0.00 | epoch: 1 pq: 0 rg: 72 | total time: 2.01m | eta: 82.3m
step 00071/02520 (2.82%) | loss: 5.240352 | lrm: 1.00 | dt: 2030.62ms | tok/sec: 258,191 | bf16_mfu: 0.00 | epoch: 1 pq: 0 rg: 73 | total time: 2.05m | eta: 82.2m
step 00072/02520 (2.86%) | loss: 5.232349 | lrm: 1.00 | dt: 2032.14ms | tok/sec: 257,998 | bf16_mfu: 0.00 | epoch: 1 pq: 0 rg: 74 | total time: 2.08m | eta: 82.2m
step 00073/02520 (2.90%) | loss: 5.205929 | lrm: 1.00 | dt: 2031.82ms | tok/sec: 258,039 | bf16_mfu: 0.00 | epoch: 1 pq: 0 rg: 74 | total time: 2.12m | eta: 82.2m
step 00074/02520 (2.94%) | loss: 5.180335 | lrm: 1.00 | dt: 2031.74ms | tok/sec: 258,048 | bf16_mfu: 0.00 | epoch: 1 pq: 0 rg: 75 | total time: 2.15m | eta: 82.2m
step 00075/02520 (2.98%) | loss: 5.153147 | lrm: 1.00 | dt: 2033.87ms | tok/sec: 257,778 | bf16_mfu: 0.00 | epoch: 1 pq: 0 rg: 76 | total time: 2.18m | eta: 82.1m
step 00076/02520 (3.02%) | loss: 5.128859 | lrm: 1.00 | dt: 2031.50ms | tok/sec: 258,079 | bf16_mfu: 0.00 | epoch: 1 pq: 0 rg: 77 | total time: 2.22m | eta: 82.1m
step 00077/02520 (3.06%) | loss: 5.120703 | lrm: 1.00 | dt: 2033.89ms | tok/sec: 257,775 | bf16_mfu: 0.00 | epoch: 1 pq: 0 rg: 78 | total time: 2.25m | eta: 82.1m
step 00078/02520 (3.10%) | loss: 5.098190 | lrm: 1.00 | dt: 2032.24ms | tok/sec: 257,985 | bf16_mfu: 0.00 | epoch: 1 pq: 0 rg: 79 | total time: 2.29m | eta: 82.1m
step 00079/02520 (3.13%) | loss: 5.080626 | lrm: 1.00 | dt: 2035.39ms | tok/sec: 257,585 | bf16_mfu: 0.00 | epoch: 1 pq: 0 rg: 80 | total time: 2.32m | eta: 82.1m
step 00080/02520 (3.17%) | loss: 5.056301 | lrm: 1.00 | dt: 2032.04ms | tok/sec: 258,010 | bf16_mfu: 0.00 | epoch: 1 pq: 0 rg: 81 | total time: 2.35m | eta: 82.0m
step 00081/02520 (3.21%) | loss: 5.044339 | lrm: 1.00 | dt: 2032.25ms | tok/sec: 257,984 | bf16_mfu: 0.00 | epoch: 1 pq: 0 rg: 82 | total time: 2.39m | eta: 82.0m
step 00082/02520 (3.25%) | loss: 5.030310 | lrm: 1.00 | dt: 2031.55ms | tok/sec: 258,072 | bf16_mfu: 0.00 | epoch: 1 pq: 0 rg: 83 | total time: 2.42m | eta: 82.0m
step 00083/02520 (3.29%) | loss: 5.011742 | lrm: 1.00 | dt: 2034.76ms | tok/sec: 257,666 | bf16_mfu: 0.00 | epoch: 1 pq: 1 rg: 0 | total time: 2.45m | eta: 82.0m
step 00084/02520 (3.33%) | loss: 4.994437 | lrm: 1.00 | dt: 2033.95ms | tok/sec: 257,768 | bf16_mfu: 0.00 | epoch: 1 pq: 1 rg: 1 | total time: 2.49m | eta: 81.9m
step 00085/02520 (3.37%) | loss: 4.973296 | lrm: 1.00 | dt: 2034.14ms | tok/sec: 257,744 | bf16_mfu: 0.00 | epoch: 1 pq: 1 rg: 2 | total time: 2.52m | eta: 81.9m
step 00086/02520 (3.41%) | loss: 4.956802 | lrm: 1.00 | dt: 2034.52ms | tok/sec: 257,696 | bf16_mfu: 0.00 | epoch: 1 pq: 1 rg: 3 | total time: 2.56m | eta: 81.9m
step 00087/02520 (3.45%) | loss: 4.941177 | lrm: 1.00 | dt: 2033.77ms | tok/sec: 257,791 | bf16_mfu: 0.00 | epoch: 1 pq: 1 rg: 4 | total time: 2.59m | eta: 81.9m
step 00088/02520 (3.49%) | loss: 4.929143 | lrm: 1.00 | dt: 2034.50ms | tok/sec: 257,699 | bf16_mfu: 0.00 | epoch: 1 pq: 1 rg: 5 | total time: 2.62m | eta: 81.8m
step 00089/02520 (3.53%) | loss: 4.916495 | lrm: 1.00 | dt: 2033.04ms | tok/sec: 257,884 | bf16_mfu: 0.00 | epoch: 1 pq: 1 rg: 6 | total time: 2.66m | eta: 81.8m
step 00090/02520 (3.57%) | loss: 4.897654 | lrm: 1.00 | dt: 2036.16ms | tok/sec: 257,488 | bf16_mfu: 0.00 | epoch: 1 pq: 1 rg: 7 | total time: 2.69m | eta: 81.8m
step 00091/02520 (3.61%) | loss: 4.875082 | lrm: 1.00 | dt: 2035.84ms | tok/sec: 257,528 | bf16_mfu: 0.00 | epoch: 1 pq: 1 rg: 8 | total time: 2.73m | eta: 81.8m
step 00092/02520 (3.65%) | loss: 4.863951 | lrm: 1.00 | dt: 2038.25ms | tok/sec: 257,225 | bf16_mfu: 0.00 | epoch: 1 pq: 1 rg: 9 | total time: 2.76m | eta: 81.7m
step 00093/02520 (3.69%) | loss: 4.852140 | lrm: 1.00 | dt: 2037.70ms | tok/sec: 257,293 | bf16_mfu: 0.00 | epoch: 1 pq: 1 rg: 10 | total time: 2.79m | eta: 81.7m
step 00094/02520 (3.73%) | loss: 4.837776 | lrm: 1.00 | dt: 2037.91ms | tok/sec: 257,267 | bf16_mfu: 0.00 | epoch: 1 pq: 1 rg: 11 | total time: 2.83m | eta: 81.7m
step 00095/02520 (3.77%) | loss: 4.814307 | lrm: 1.00 | dt: 2037.49ms | tok/sec: 257,320 | bf16_mfu: 0.00 | epoch: 1 pq: 1 rg: 12 | total time: 2.86m | eta: 81.7m
step 00096/02520 (3.81%) | loss: 4.803356 | lrm: 1.00 | dt: 2037.02ms | tok/sec: 257,379 | bf16_mfu: 0.00 | epoch: 1 pq: 1 rg: 13 | total time: 2.90m | eta: 81.6m
step 00097/02520 (3.85%) | loss: 4.780382 | lrm: 1.00 | dt: 2036.58ms | tok/sec: 257,434 | bf16_mfu: 0.00 | epoch: 1 pq: 1 rg: 14 | total time: 2.93m | eta: 81.6m
step 00098/02520 (3.89%) | loss: 4.770353 | lrm: 1.00 | dt: 2036.82ms | tok/sec: 257,405 | bf16_mfu: 0.00 | epoch: 1 pq: 1 rg: 15 | total time: 2.96m | eta: 81.6m
step 00099/02520 (3.93%) | loss: 4.760728 | lrm: 1.00 | dt: 2036.96ms | tok/sec: 257,387 | bf16_mfu: 0.00 | epoch: 1 pq: 1 rg: 16 | total time: 3.00m | eta: 81.5m
step 00100/02520 (3.97%) | loss: 4.735547 | lrm: 1.00 | dt: 2036.71ms | tok/sec: 257,419 | bf16_mfu: 0.00 | epoch: 1 pq: 1 rg: 17 | total time: 3.03m | eta: 81.5m
step 00101/02520 (4.01%) | loss: 4.729245 | lrm: 1.00 | dt: 2036.09ms | tok/sec: 257,497 | bf16_mfu: 0.00 | epoch: 1 pq: 1 rg: 18 | total time: 3.07m | eta: 81.5m
step 00102/02520 (4.05%) | loss: 4.717232 | lrm: 1.00 | dt: 2034.80ms | tok/sec: 257,660 | bf16_mfu: 0.00 | epoch: 1 pq: 1 rg: 19 | total time: 3.10m | eta: 81.5m
step 00103/02520 (4.09%) | loss: 4.707883 | lrm: 1.00 | dt: 2037.39ms | tok/sec: 257,333 | bf16_mfu: 0.00 | epoch: 1 pq: 1 rg: 20 | total time: 3.13m | eta: 81.4m
step 00104/02520 (4.13%) | loss: 4.694634 | lrm: 1.00 | dt: 2036.47ms | tok/sec: 257,448 | bf16_mfu: 0.00 | epoch: 1 pq: 1 rg: 21 | total time: 3.17m | eta: 81.4m
step 00105/02520 (4.17%) | loss: 4.681028 | lrm: 1.00 | dt: 2037.60ms | tok/sec: 257,306 | bf16_mfu: 0.00 | epoch: 1 pq: 1 rg: 22 | total time: 3.20m | eta: 81.4m
step 00106/02520 (4.21%) | loss: 4.661595 | lrm: 1.00 | dt: 2037.21ms | tok/sec: 257,356 | bf16_mfu: 0.00 | epoch: 1 pq: 1 rg: 23 | total time: 3.24m | eta: 81.4m
step 00107/02520 (4.25%) | loss: 4.647194 | lrm: 1.00 | dt: 2039.04ms | tok/sec: 257,124 | bf16_mfu: 0.00 | epoch: 1 pq: 1 rg: 24 | total time: 3.27m | eta: 81.3m
step 00108/02520 (4.29%) | loss: 4.635539 | lrm: 1.00 | dt: 2035.99ms | tok/sec: 257,509 | bf16_mfu: 0.00 | epoch: 1 pq: 1 rg: 25 | total time: 3.30m | eta: 81.3m
step 00109/02520 (4.33%) | loss: 4.617595 | lrm: 1.00 | dt: 2039.22ms | tok/sec: 257,101 | bf16_mfu: 0.00 | epoch: 1 pq: 1 rg: 26 | total time: 3.34m | eta: 81.3m
step 00110/02520 (4.37%) | loss: 4.592142 | lrm: 1.00 | dt: 2036.89ms | tok/sec: 257,396 | bf16_mfu: 0.00 | epoch: 1 pq: 1 rg: 26 | total time: 3.37m | eta: 81.2m
step 00111/02520 (4.40%) | loss: 4.570561 | lrm: 1.00 | dt: 2039.36ms | tok/sec: 257,084 | bf16_mfu: 0.00 | epoch: 1 pq: 1 rg: 27 | total time: 3.41m | eta: 81.2m
step 00112/02520 (4.44%) | loss: 4.560415 | lrm: 1.00 | dt: 2038.31ms | tok/sec: 257,217 | bf16_mfu: 0.00 | epoch: 1 pq: 1 rg: 28 | total time: 3.44m | eta: 81.2m
step 00113/02520 (4.48%) | loss: 4.544607 | lrm: 1.00 | dt: 2038.70ms | tok/sec: 257,167 | bf16_mfu: 0.00 | epoch: 1 pq: 1 rg: 29 | total time: 3.47m | eta: 81.2m
step 00114/02520 (4.52%) | loss: 4.538555 | lrm: 1.00 | dt: 2035.15ms | tok/sec: 257,615 | bf16_mfu: 0.00 | epoch: 1 pq: 1 rg: 30 | total time: 3.51m | eta: 81.1m
step 00115/02520 (4.56%) | loss: 4.524713 | lrm: 1.00 | dt: 2037.90ms | tok/sec: 257,268 | bf16_mfu: 0.00 | epoch: 1 pq: 1 rg: 31 | total time: 3.54m | eta: 81.1m
step 00116/02520 (4.60%) | loss: 4.509365 | lrm: 1.00 | dt: 2035.78ms | tok/sec: 257,537 | bf16_mfu: 0.00 | epoch: 1 pq: 1 rg: 32 | total time: 3.57m | eta: 81.1m
step 00117/02520 (4.64%) | loss: 4.494241 | lrm: 1.00 | dt: 2036.50ms | tok/sec: 257,445 | bf16_mfu: 0.00 | epoch: 1 pq: 1 rg: 33 | total time: 3.61m | eta: 81.0m
step 00118/02520 (4.68%) | loss: 4.484638 | lrm: 1.00 | dt: 2036.20ms | tok/sec: 257,483 | bf16_mfu: 0.00 | epoch: 1 pq: 1 rg: 34 | total time: 3.64m | eta: 81.0m
step 00119/02520 (4.72%) | loss: 4.471073 | lrm: 1.00 | dt: 2037.39ms | tok/sec: 257,333 | bf16_mfu: 0.00 | epoch: 1 pq: 1 rg: 35 | total time: 3.68m | eta: 81.0m
step 00120/02520 (4.76%) | loss: 4.447842 | lrm: 1.00 | dt: 2035.12ms | tok/sec: 257,620 | bf16_mfu: 0.00 | epoch: 1 pq: 1 rg: 36 | total time: 3.71m | eta: 81.0m
step 00121/02520 (4.80%) | loss: 4.419746 | lrm: 1.00 | dt: 2036.34ms | tok/sec: 257,466 | bf16_mfu: 0.00 | epoch: 1 pq: 1 rg: 37 | total time: 3.74m | eta: 80.9m
step 00122/02520 (4.84%) | loss: 4.417416 | lrm: 1.00 | dt: 2038.05ms | tok/sec: 257,249 | bf16_mfu: 0.00 | epoch: 1 pq: 1 rg: 38 | total time: 3.78m | eta: 80.9m
step 00123/02520 (4.88%) | loss: 4.401650 | lrm: 1.00 | dt: 2036.45ms | tok/sec: 257,451 | bf16_mfu: 0.00 | epoch: 1 pq: 1 rg: 39 | total time: 3.81m | eta: 80.9m
step 00124/02520 (4.92%) | loss: 4.389804 | lrm: 1.00 | dt: 2036.43ms | tok/sec: 257,454 | bf16_mfu: 0.00 | epoch: 1 pq: 1 rg: 40 | total time: 3.85m | eta: 80.8m
step 00125/02520 (4.96%) | loss: 4.376283 | lrm: 1.00 | dt: 2036.59ms | tok/sec: 257,434 | bf16_mfu: 0.00 | epoch: 1 pq: 1 rg: 41 | total time: 3.88m | eta: 80.8m
step 00126/02520 (5.00%) | loss: 4.347677 | lrm: 1.00 | dt: 2038.17ms | tok/sec: 257,234 | bf16_mfu: 0.00 | epoch: 1 pq: 1 rg: 42 | total time: 3.91m | eta: 80.8m
step 00127/02520 (5.04%) | loss: 4.329214 | lrm: 1.00 | dt: 2036.16ms | tok/sec: 257,488 | bf16_mfu: 0.00 | epoch: 1 pq: 1 rg: 43 | total time: 3.95m | eta: 80.8m
step 00128/02520 (5.08%) | loss: 4.324847 | lrm: 1.00 | dt: 2038.26ms | tok/sec: 257,223 | bf16_mfu: 0.00 | epoch: 1 pq: 1 rg: 44 | total time: 3.98m | eta: 80.7m
step 00129/02520 (5.12%) | loss: 4.320646 | lrm: 1.00 | dt: 2035.26ms | tok/sec: 257,602 | bf16_mfu: 0.00 | epoch: 1 pq: 1 rg: 45 | total time: 4.02m | eta: 80.7m
step 00130/02520 (5.16%) | loss: 4.311232 | lrm: 1.00 | dt: 2037.44ms | tok/sec: 257,326 | bf16_mfu: 0.00 | epoch: 1 pq: 1 rg: 46 | total time: 4.05m | eta: 80.7m
step 00131/02520 (5.20%) | loss: 4.294333 | lrm: 1.00 | dt: 2035.81ms | tok/sec: 257,532 | bf16_mfu: 0.00 | epoch: 1 pq: 1 rg: 47 | total time: 4.08m | eta: 80.6m
step 00132/02520 (5.24%) | loss: 4.283631 | lrm: 1.00 | dt: 2038.20ms | tok/sec: 257,231 | bf16_mfu: 0.00 | epoch: 1 pq: 1 rg: 48 | total time: 4.12m | eta: 80.6m
step 00133/02520 (5.28%) | loss: 4.274761 | lrm: 1.00 | dt: 2036.01ms | tok/sec: 257,508 | bf16_mfu: 0.00 | epoch: 1 pq: 1 rg: 49 | total time: 4.15m | eta: 80.6m
step 00134/02520 (5.32%) | loss: 4.262744 | lrm: 1.00 | dt: 2035.98ms | tok/sec: 257,511 | bf16_mfu: 0.00 | epoch: 1 pq: 1 rg: 50 | total time: 4.19m | eta: 80.5m
step 00135/02520 (5.36%) | loss: 4.252227 | lrm: 1.00 | dt: 2035.43ms | tok/sec: 257,580 | bf16_mfu: 0.00 | epoch: 1 pq: 1 rg: 51 | total time: 4.22m | eta: 80.5m
step 00136/02520 (5.40%) | loss: 4.234620 | lrm: 1.00 | dt: 2038.51ms | tok/sec: 257,191 | bf16_mfu: 0.00 | epoch: 1 pq: 1 rg: 52 | total time: 4.25m | eta: 80.5m
step 00137/02520 (5.44%) | loss: 4.223590 | lrm: 1.00 | dt: 2036.30ms | tok/sec: 257,471 | bf16_mfu: 0.00 | epoch: 1 pq: 1 rg: 53 | total time: 4.29m | eta: 80.5m
step 00138/02520 (5.48%) | loss: 4.211121 | lrm: 1.00 | dt: 2036.19ms | tok/sec: 257,484 | bf16_mfu: 0.00 | epoch: 1 pq: 1 rg: 54 | total time: 4.32m | eta: 80.4m
step 00139/02520 (5.52%) | loss: 4.197294 | lrm: 1.00 | dt: 2035.15ms | tok/sec: 257,616 | bf16_mfu: 0.00 | epoch: 1 pq: 1 rg: 55 | total time: 4.36m | eta: 80.4m
step 00140/02520 (5.56%) | loss: 4.179092 | lrm: 1.00 | dt: 2036.47ms | tok/sec: 257,449 | bf16_mfu: 0.00 | epoch: 1 pq: 1 rg: 56 | total time: 4.39m | eta: 80.4m
step 00141/02520 (5.60%) | loss: 4.173061 | lrm: 1.00 | dt: 2035.53ms | tok/sec: 257,568 | bf16_mfu: 0.00 | epoch: 1 pq: 1 rg: 57 | total time: 4.42m | eta: 80.3m
step 00142/02520 (5.63%) | loss: 4.161166 | lrm: 1.00 | dt: 2036.07ms | tok/sec: 257,500 | bf16_mfu: 0.00 | epoch: 1 pq: 1 rg: 57 | total time: 4.46m | eta: 80.3m
step 00143/02520 (5.67%) | loss: 4.149274 | lrm: 1.00 | dt: 2037.25ms | tok/sec: 257,350 | bf16_mfu: 0.00 | epoch: 1 pq: 1 rg: 58 | total time: 4.49m | eta: 80.3m
step 00144/02520 (5.71%) | loss: 4.148054 | lrm: 1.00 | dt: 2036.30ms | tok/sec: 257,471 | bf16_mfu: 0.00 | epoch: 1 pq: 1 rg: 59 | total time: 4.53m | eta: 80.2m
step 00145/02520 (5.75%) | loss: 4.129903 | lrm: 1.00 | dt: 2036.33ms | tok/sec: 257,467 | bf16_mfu: 0.00 | epoch: 1 pq: 1 rg: 60 | total time: 4.56m | eta: 80.2m
step 00146/02520 (5.79%) | loss: 4.126832 | lrm: 1.00 | dt: 2034.98ms | tok/sec: 257,638 | bf16_mfu: 0.00 | epoch: 1 pq: 1 rg: 61 | total time: 4.59m | eta: 80.2m
step 00147/02520 (5.83%) | loss: 4.131521 | lrm: 1.00 | dt: 2035.59ms | tok/sec: 257,561 | bf16_mfu: 0.00 | epoch: 1 pq: 1 rg: 62 | total time: 4.63m | eta: 80.1m
step 00148/02520 (5.87%) | loss: 4.119676 | lrm: 1.00 | dt: 2034.93ms | tok/sec: 257,644 | bf16_mfu: 0.00 | epoch: 1 pq: 1 rg: 63 | total time: 4.66m | eta: 80.1m
step 00149/02520 (5.91%) | loss: 4.100341 | lrm: 1.00 | dt: 2036.59ms | tok/sec: 257,433 | bf16_mfu: 0.00 | epoch: 1 pq: 1 rg: 64 | total time: 4.70m | eta: 80.1m
step 00150/02520 (5.95%) | loss: 4.098104 | lrm: 1.00 | dt: 2035.75ms | tok/sec: 257,540 | bf16_mfu: 0.00 | epoch: 1 pq: 1 rg: 65 | total time: 4.73m | eta: 80.1m
step 00151/02520 (5.99%) | loss: 4.086810 | lrm: 1.00 | dt: 2036.76ms | tok/sec: 257,412 | bf16_mfu: 0.00 | epoch: 1 pq: 1 rg: 66 | total time: 4.76m | eta: 80.0m
step 00152/02520 (6.03%) | loss: 4.074746 | lrm: 1.00 | dt: 2034.25ms | tok/sec: 257,730 | bf16_mfu: 0.00 | epoch: 1 pq: 1 rg: 67 | total time: 4.80m | eta: 80.0m
step 00153/02520 (6.07%) | loss: 4.065015 | lrm: 1.00 | dt: 2036.68ms | tok/sec: 257,423 | bf16_mfu: 0.00 | epoch: 1 pq: 1 rg: 68 | total time: 4.83m | eta: 80.0m
step 00154/02520 (6.11%) | loss: 4.059679 | lrm: 1.00 | dt: 2035.71ms | tok/sec: 257,545 | bf16_mfu: 0.00 | epoch: 1 pq: 1 rg: 69 | total time: 4.86m | eta: 79.9m
step 00155/02520 (6.15%) | loss: 4.042830 | lrm: 1.00 | dt: 2033.79ms | tok/sec: 257,789 | bf16_mfu: 0.00 | epoch: 1 pq: 1 rg: 70 | total time: 4.90m | eta: 79.9m
step 00156/02520 (6.19%) | loss: 4.024237 | lrm: 1.00 | dt: 2035.22ms | tok/sec: 257,608 | bf16_mfu: 0.00 | epoch: 1 pq: 1 rg: 71 | total time: 4.93m | eta: 79.9m
step 00157/02520 (6.23%) | loss: 4.006199 | lrm: 1.00 | dt: 2034.77ms | tok/sec: 257,664 | bf16_mfu: 0.00 | epoch: 1 pq: 1 rg: 72 | total time: 4.97m | eta: 79.8m
step 00158/02520 (6.27%) | loss: 3.986517 | lrm: 1.00 | dt: 2036.29ms | tok/sec: 257,472 | bf16_mfu: 0.00 | epoch: 1 pq: 1 rg: 73 | total time: 5.00m | eta: 79.8m
step 00159/02520 (6.31%) | loss: 3.987157 | lrm: 1.00 | dt: 2033.32ms | tok/sec: 257,847 | bf16_mfu: 0.00 | epoch: 1 pq: 1 rg: 74 | total time: 5.03m | eta: 79.8m
step 00160/02520 (6.35%) | loss: 3.979723 | lrm: 1.00 | dt: 2035.61ms | tok/sec: 257,557 | bf16_mfu: 0.00 | epoch: 1 pq: 1 rg: 75 | total time: 5.07m | eta: 79.7m
step 00161/02520 (6.39%) | loss: 3.972451 | lrm: 1.00 | dt: 2035.28ms | tok/sec: 257,600 | bf16_mfu: 0.00 | epoch: 1 pq: 1 rg: 76 | total time: 5.10m | eta: 79.7m
step 00162/02520 (6.43%) | loss: 3.959790 | lrm: 1.00 | dt: 2037.69ms | tok/sec: 257,295 | bf16_mfu: 0.00 | epoch: 1 pq: 1 rg: 77 | total time: 5.14m | eta: 79.7m
step 00163/02520 (6.47%) | loss: 3.947534 | lrm: 1.00 | dt: 2033.35ms | tok/sec: 257,844 | bf16_mfu: 0.00 | epoch: 1 pq: 1 rg: 78 | total time: 5.17m | eta: 79.6m
step 00164/02520 (6.51%) | loss: 3.930926 | lrm: 1.00 | dt: 2037.41ms | tok/sec: 257,331 | bf16_mfu: 0.00 | epoch: 1 pq: 1 rg: 79 | total time: 5.20m | eta: 79.6m
step 00165/02520 (6.55%) | loss: 3.929532 | lrm: 1.00 | dt: 2032.89ms | tok/sec: 257,902 | bf16_mfu: 0.00 | epoch: 1 pq: 1 rg: 80 | total time: 5.24m | eta: 79.6m
step 00166/02520 (6.59%) | loss: 3.923133 | lrm: 1.00 | dt: 2036.30ms | tok/sec: 257,471 | bf16_mfu: 0.00 | epoch: 1 pq: 1 rg: 81 | total time: 5.27m | eta: 79.5m
step 00167/02520 (6.63%) | loss: 3.914164 | lrm: 1.00 | dt: 2032.81ms | tok/sec: 257,913 | bf16_mfu: 0.00 | epoch: 1 pq: 1 rg: 82 | total time: 5.31m | eta: 79.5m
step 00168/02520 (6.67%) | loss: 3.908570 | lrm: 1.00 | dt: 2034.96ms | tok/sec: 257,640 | bf16_mfu: 0.00 | epoch: 1 pq: 1 rg: 83 | total time: 5.34m | eta: 79.5m
step 00169/02520 (6.71%) | loss: 3.889199 | lrm: 1.00 | dt: 2033.04ms | tok/sec: 257,883 | bf16_mfu: 0.00 | epoch: 1 pq: 2 rg: 0 | total time: 5.37m | eta: 79.5m
step 00170/02520 (6.75%) | loss: 3.876299 | lrm: 1.00 | dt: 2035.28ms | tok/sec: 257,599 | bf16_mfu: 0.00 | epoch: 1 pq: 2 rg: 1 | total time: 5.41m | eta: 79.4m
step 00171/02520 (6.79%) | loss: 3.862627 | lrm: 1.00 | dt: 2037.37ms | tok/sec: 257,335 | bf16_mfu: 0.00 | epoch: 1 pq: 2 rg: 2 | total time: 5.44m | eta: 79.4m
step 00172/02520 (6.83%) | loss: 3.860688 | lrm: 1.00 | dt: 2035.88ms | tok/sec: 257,524 | bf16_mfu: 0.00 | epoch: 1 pq: 2 rg: 3 | total time: 5.48m | eta: 79.4m
step 00173/02520 (6.87%) | loss: 3.874374 | lrm: 1.00 | dt: 2036.56ms | tok/sec: 257,437 | bf16_mfu: 0.00 | epoch: 1 pq: 2 rg: 4 | total time: 5.51m | eta: 79.3m
step 00174/02520 (6.90%) | loss: 3.853641 | lrm: 1.00 | dt: 2035.54ms | tok/sec: 257,567 | bf16_mfu: 0.00 | epoch: 1 pq: 2 rg: 5 | total time: 5.54m | eta: 79.3m
step 00175/02520 (6.94%) | loss: 3.845561 | lrm: 1.00 | dt: 2034.11ms | tok/sec: 257,748 | bf16_mfu: 0.00 | epoch: 1 pq: 2 rg: 6 | total time: 5.58m | eta: 79.3m
step 00176/02520 (6.98%) | loss: 3.841268 | lrm: 1.00 | dt: 2032.45ms | tok/sec: 257,958 | bf16_mfu: 0.00 | epoch: 1 pq: 2 rg: 7 | total time: 5.61m | eta: 79.2m
step 00177/02520 (7.02%) | loss: 3.843390 | lrm: 1.00 | dt: 2034.57ms | tok/sec: 257,690 | bf16_mfu: 0.00 | epoch: 1 pq: 2 rg: 8 | total time: 5.64m | eta: 79.2m
step 00178/02520 (7.06%) | loss: 3.831933 | lrm: 1.00 | dt: 2033.40ms | tok/sec: 257,838 | bf16_mfu: 0.00 | epoch: 1 pq: 2 rg: 9 | total time: 5.68m | eta: 79.2m
step 00179/02520 (7.10%) | loss: 3.828620 | lrm: 1.00 | dt: 2033.65ms | tok/sec: 257,806 | bf16_mfu: 0.00 | epoch: 1 pq: 2 rg: 10 | total time: 5.71m | eta: 79.1m
step 00180/02520 (7.14%) | loss: 3.811916 | lrm: 1.00 | dt: 2031.20ms | tok/sec: 258,117 | bf16_mfu: 0.00 | epoch: 1 pq: 2 rg: 10 | total time: 5.75m | eta: 79.1m
step 00181/02520 (7.18%) | loss: 3.823485 | lrm: 1.00 | dt: 2033.22ms | tok/sec: 257,860 | bf16_mfu: 0.00 | epoch: 1 pq: 2 rg: 11 | total time: 5.78m | eta: 79.1m
step 00182/02520 (7.22%) | loss: 3.797989 | lrm: 1.00 | dt: 2030.88ms | tok/sec: 258,157 | bf16_mfu: 0.00 | epoch: 1 pq: 2 rg: 12 | total time: 5.81m | eta: 79.0m
step 00183/02520 (7.26%) | loss: 3.793426 | lrm: 1.00 | dt: 2033.81ms | tok/sec: 257,785 | bf16_mfu: 0.00 | epoch: 1 pq: 2 rg: 13 | total time: 5.85m | eta: 79.0m
step 00184/02520 (7.30%) | loss: 3.795165 | lrm: 1.00 | dt: 2034.82ms | tok/sec: 257,658 | bf16_mfu: 0.00 | epoch: 1 pq: 2 rg: 14 | total time: 5.88m | eta: 79.0m
step 00185/02520 (7.34%) | loss: 3.796807 | lrm: 1.00 | dt: 2034.55ms | tok/sec: 257,692 | bf16_mfu: 0.00 | epoch: 1 pq: 2 rg: 15 | total time: 5.92m | eta: 78.9m
step 00186/02520 (7.38%) | loss: 3.796203 | lrm: 1.00 | dt: 2034.16ms | tok/sec: 257,741 | bf16_mfu: 0.00 | epoch: 1 pq: 2 rg: 16 | total time: 5.95m | eta: 78.9m
step 00187/02520 (7.42%) | loss: 3.792771 | lrm: 1.00 | dt: 2032.70ms | tok/sec: 257,926 | bf16_mfu: 0.00 | epoch: 1 pq: 2 rg: 17 | total time: 5.98m | eta: 78.9m
step 00188/02520 (7.46%) | loss: 3.793322 | lrm: 1.00 | dt: 2033.78ms | tok/sec: 257,790 | bf16_mfu: 0.00 | epoch: 1 pq: 2 rg: 18 | total time: 6.02m | eta: 78.8m
step 00189/02520 (7.50%) | loss: 3.791454 | lrm: 1.00 | dt: 2032.65ms | tok/sec: 257,933 | bf16_mfu: 0.00 | epoch: 1 pq: 2 rg: 19 | total time: 6.05m | eta: 78.8m
step 00190/02520 (7.54%) | loss: 3.801517 | lrm: 1.00 | dt: 2033.76ms | tok/sec: 257,793 | bf16_mfu: 0.00 | epoch: 1 pq: 2 rg: 20 | total time: 6.09m | eta: 78.8m
step 00191/02520 (7.58%) | loss: 3.797539 | lrm: 1.00 | dt: 2034.20ms | tok/sec: 257,737 | bf16_mfu: 0.00 | epoch: 1 pq: 2 rg: 21 | total time: 6.12m | eta: 78.7m
step 00192/02520 (7.62%) | loss: 3.798191 | lrm: 1.00 | dt: 2033.50ms | tok/sec: 257,825 | bf16_mfu: 0.00 | epoch: 1 pq: 2 rg: 22 | total time: 6.15m | eta: 78.7m
step 00193/02520 (7.66%) | loss: 3.792438 | lrm: 1.00 | dt: 2032.80ms | tok/sec: 257,913 | bf16_mfu: 0.00 | epoch: 1 pq: 2 rg: 23 | total time: 6.19m | eta: 78.7m
step 00194/02520 (7.70%) | loss: 3.789607 | lrm: 1.00 | dt: 2032.09ms | tok/sec: 258,004 | bf16_mfu: 0.00 | epoch: 1 pq: 2 rg: 24 | total time: 6.22m | eta: 78.6m
step 00195/02520 (7.74%) | loss: 3.779394 | lrm: 1.00 | dt: 2033.38ms | tok/sec: 257,840 | bf16_mfu: 0.00 | epoch: 1 pq: 2 rg: 25 | total time: 6.25m | eta: 78.6m
step 00196/02520 (7.78%) | loss: 3.773898 | lrm: 1.00 | dt: 2030.80ms | tok/sec: 258,168 | bf16_mfu: 0.00 | epoch: 1 pq: 2 rg: 26 | total time: 6.29m | eta: 78.6m
step 00197/02520 (7.82%) | loss: 3.764329 | lrm: 1.00 | dt: 2034.19ms | tok/sec: 257,738 | bf16_mfu: 0.00 | epoch: 1 pq: 2 rg: 27 | total time: 6.32m | eta: 78.5m
step 00198/02520 (7.86%) | loss: 3.763264 | lrm: 1.00 | dt: 2030.99ms | tok/sec: 258,143 | bf16_mfu: 0.00 | epoch: 1 pq: 2 rg: 28 | total time: 6.36m | eta: 78.5m
step 00199/02520 (7.90%) | loss: 3.761118 | lrm: 1.00 | dt: 2033.03ms | tok/sec: 257,885 | bf16_mfu: 0.00 | epoch: 1 pq: 2 rg: 29 | total time: 6.39m | eta: 78.5m
step 00200/02520 (7.94%) | loss: 3.764012 | lrm: 1.00 | dt: 2030.61ms | tok/sec: 258,192 | bf16_mfu: 0.00 | epoch: 1 pq: 2 rg: 30 | total time: 6.42m | eta: 78.4m
step 00201/02520 (7.98%) | loss: 3.758477 | lrm: 1.00 | dt: 2032.96ms | tok/sec: 257,893 | bf16_mfu: 0.00 | epoch: 1 pq: 2 rg: 31 | total time: 6.46m | eta: 78.4m
step 00202/02520 (8.02%) | loss: 3.758951 | lrm: 1.00 | dt: 2032.12ms | tok/sec: 257,999 | bf16_mfu: 0.00 | epoch: 1 pq: 2 rg: 32 | total time: 6.49m | eta: 78.4m
step 00203/02520 (8.06%) | loss: 3.759653 | lrm: 1.00 | dt: 2033.76ms | tok/sec: 257,792 | bf16_mfu: 0.00 | epoch: 1 pq: 2 rg: 33 | total time: 6.53m | eta: 78.3m
step 00204/02520 (8.10%) | loss: 3.758310 | lrm: 1.00 | dt: 2032.57ms | tok/sec: 257,944 | bf16_mfu: 0.00 | epoch: 1 pq: 2 rg: 34 | total time: 6.56m | eta: 78.3m
step 00205/02520 (8.13%) | loss: 3.762991 | lrm: 1.00 | dt: 2031.27ms | tok/sec: 258,108 | bf16_mfu: 0.00 | epoch: 1 pq: 2 rg: 35 | total time: 6.59m | eta: 78.3m
step 00206/02520 (8.17%) | loss: 3.748819 | lrm: 1.00 | dt: 2032.03ms | tok/sec: 258,011 | bf16_mfu: 0.00 | epoch: 1 pq: 2 rg: 36 | total time: 6.63m | eta: 78.2m
step 00207/02520 (8.21%) | loss: 3.750112 | lrm: 1.00 | dt: 2031.61ms | tok/sec: 258,065 | bf16_mfu: 0.00 | epoch: 1 pq: 2 rg: 37 | total time: 6.66m | eta: 78.2m
step 00208/02520 (8.25%) | loss: 3.752863 | lrm: 1.00 | dt: 2030.14ms | tok/sec: 258,252 | bf16_mfu: 0.00 | epoch: 1 pq: 2 rg: 38 | total time: 6.69m | eta: 78.2m
step 00209/02520 (8.29%) | loss: 3.740162 | lrm: 1.00 | dt: 2030.93ms | tok/sec: 258,151 | bf16_mfu: 0.00 | epoch: 1 pq: 2 rg: 38 | total time: 6.73m | eta: 78.1m
step 00210/02520 (8.33%) | loss: 3.729852 | lrm: 1.00 | dt: 2032.82ms | tok/sec: 257,912 | bf16_mfu: 0.00 | epoch: 1 pq: 2 rg: 39 | total time: 6.76m | eta: 78.1m
step 00211/02520 (8.37%) | loss: 3.733385 | lrm: 1.00 | dt: 2031.33ms | tok/sec: 258,100 | bf16_mfu: 0.00 | epoch: 1 pq: 2 rg: 40 | total time: 6.80m | eta: 78.1m
step 00212/02520 (8.41%) | loss: 3.725476 | lrm: 1.00 | dt: 2031.29ms | tok/sec: 258,105 | bf16_mfu: 0.00 | epoch: 1 pq: 2 rg: 41 | total time: 6.83m | eta: 78.0m
step 00213/02520 (8.45%) | loss: 3.723821 | lrm: 1.00 | dt: 2035.25ms | tok/sec: 257,603 | bf16_mfu: 0.00 | epoch: 1 pq: 2 rg: 42 | total time: 6.86m | eta: 78.0m
step 00214/02520 (8.49%) | loss: 3.718731 | lrm: 1.00 | dt: 2031.59ms | tok/sec: 258,068 | bf16_mfu: 0.00 | epoch: 1 pq: 2 rg: 43 | total time: 6.90m | eta: 78.0m
step 00215/02520 (8.53%) | loss: 3.713446 | lrm: 1.00 | dt: 2038.53ms | tok/sec: 257,189 | bf16_mfu: 0.00 | epoch: 1 pq: 2 rg: 44 | total time: 6.93m | eta: 77.9m
step 00216/02520 (8.57%) | loss: 3.706086 | lrm: 1.00 | dt: 2031.15ms | tok/sec: 258,123 | bf16_mfu: 0.00 | epoch: 1 pq: 2 rg: 45 | total time: 6.97m | eta: 77.9m
step 00217/02520 (8.61%) | loss: 3.700812 | lrm: 1.00 | dt: 2033.64ms | tok/sec: 257,807 | bf16_mfu: 0.00 | epoch: 1 pq: 2 rg: 46 | total time: 7.00m | eta: 77.9m
step 00218/02520 (8.65%) | loss: 3.693190 | lrm: 1.00 | dt: 2032.09ms | tok/sec: 258,004 | bf16_mfu: 0.00 | epoch: 1 pq: 2 rg: 47 | total time: 7.03m | eta: 77.8m
step 00219/02520 (8.69%) | loss: 3.693446 | lrm: 1.00 | dt: 2032.87ms | tok/sec: 257,905 | bf16_mfu: 0.00 | epoch: 1 pq: 2 rg: 48 | total time: 7.07m | eta: 77.8m
step 00220/02520 (8.73%) | loss: 3.688897 | lrm: 1.00 | dt: 2032.25ms | tok/sec: 257,984 | bf16_mfu: 0.00 | epoch: 1 pq: 2 rg: 49 | total time: 7.10m | eta: 77.8m
step 00221/02520 (8.77%) | loss: 3.679500 | lrm: 1.00 | dt: 2030.94ms | tok/sec: 258,150 | bf16_mfu: 0.00 | epoch: 1 pq: 2 rg: 50 | total time: 7.14m | eta: 77.7m
step 00222/02520 (8.81%) | loss: 3.684569 | lrm: 1.00 | dt: 2032.73ms | tok/sec: 257,923 | bf16_mfu: 0.00 | epoch: 1 pq: 2 rg: 51 | total time: 7.17m | eta: 77.7m
step 00223/02520 (8.85%) | loss: 3.674659 | lrm: 1.00 | dt: 2031.77ms | tok/sec: 258,044 | bf16_mfu: 0.00 | epoch: 1 pq: 2 rg: 52 | total time: 7.20m | eta: 77.7m
step 00224/02520 (8.89%) | loss: 3.675855 | lrm: 1.00 | dt: 2031.85ms | tok/sec: 258,035 | bf16_mfu: 0.00 | epoch: 1 pq: 2 rg: 53 | total time: 7.24m | eta: 77.6m
step 00225/02520 (8.93%) | loss: 3.674947 | lrm: 1.00 | dt: 2030.35ms | tok/sec: 258,225 | bf16_mfu: 0.00 | epoch: 1 pq: 2 rg: 54 | total time: 7.27m | eta: 77.6m
step 00226/02520 (8.97%) | loss: 3.670140 | lrm: 1.00 | dt: 2029.79ms | tok/sec: 258,296 | bf16_mfu: 0.00 | epoch: 1 pq: 2 rg: 55 | total time: 7.30m | eta: 77.6m
step 00227/02520 (9.01%) | loss: 3.653576 | lrm: 1.00 | dt: 2029.21ms | tok/sec: 258,370 | bf16_mfu: 0.00 | epoch: 1 pq: 2 rg: 56 | total time: 7.34m | eta: 77.5m
step 00228/02520 (9.05%) | loss: 3.651847 | lrm: 1.00 | dt: 2030.63ms | tok/sec: 258,189 | bf16_mfu: 0.00 | epoch: 1 pq: 2 rg: 57 | total time: 7.37m | eta: 77.5m
step 00229/02520 (9.09%) | loss: 3.648498 | lrm: 1.00 | dt: 2030.70ms | tok/sec: 258,181 | bf16_mfu: 0.00 | epoch: 1 pq: 2 rg: 58 | total time: 7.41m | eta: 77.5m
step 00230/02520 (9.13%) | loss: 3.650770 | lrm: 1.00 | dt: 2029.48ms | tok/sec: 258,335 | bf16_mfu: 0.00 | epoch: 1 pq: 2 rg: 59 | total time: 7.44m | eta: 77.4m
step 00231/02520 (9.17%) | loss: 3.647821 | lrm: 1.00 | dt: 2030.52ms | tok/sec: 258,203 | bf16_mfu: 0.00 | epoch: 1 pq: 2 rg: 60 | total time: 7.47m | eta: 77.4m
step 00232/02520 (9.21%) | loss: 3.643217 | lrm: 1.00 | dt: 2029.83ms | tok/sec: 258,291 | bf16_mfu: 0.00 | epoch: 1 pq: 2 rg: 61 | total time: 7.51m | eta: 77.4m
step 00233/02520 (9.25%) | loss: 3.656134 | lrm: 1.00 | dt: 2030.89ms | tok/sec: 258,156 | bf16_mfu: 0.00 | epoch: 1 pq: 2 rg: 62 | total time: 7.54m | eta: 77.3m
step 00234/02520 (9.29%) | loss: 3.645123 | lrm: 1.00 | dt: 2031.15ms | tok/sec: 258,123 | bf16_mfu: 0.00 | epoch: 1 pq: 2 rg: 63 | total time: 7.58m | eta: 77.3m
step 00235/02520 (9.33%) | loss: 3.635872 | lrm: 1.00 | dt: 2030.37ms | tok/sec: 258,223 | bf16_mfu: 0.00 | epoch: 1 pq: 2 rg: 64 | total time: 7.61m | eta: 77.3m
step 00236/02520 (9.37%) | loss: 3.647377 | lrm: 1.00 | dt: 2030.70ms | tok/sec: 258,180 | bf16_mfu: 0.00 | epoch: 1 pq: 2 rg: 65 | total time: 7.64m | eta: 77.2m
step 00237/02520 (9.40%) | loss: 3.643899 | lrm: 1.00 | dt: 2029.60ms | tok/sec: 258,321 | bf16_mfu: 0.00 | epoch: 1 pq: 2 rg: 66 | total time: 7.68m | eta: 77.2m
step 00238/02520 (9.44%) | loss: 3.638156 | lrm: 1.00 | dt: 2030.30ms | tok/sec: 258,231 | bf16_mfu: 0.00 | epoch: 1 pq: 2 rg: 67 | total time: 7.71m | eta: 77.2m
step 00239/02520 (9.48%) | loss: 3.640396 | lrm: 1.00 | dt: 2029.55ms | tok/sec: 258,327 | bf16_mfu: 0.00 | epoch: 1 pq: 2 rg: 68 | total time: 7.74m | eta: 77.1m
step 00240/02520 (9.52%) | loss: 3.628771 | lrm: 1.00 | dt: 2028.51ms | tok/sec: 258,459 | bf16_mfu: 0.00 | epoch: 1 pq: 2 rg: 69 | total time: 7.78m | eta: 77.1m
step 00241/02520 (9.56%) | loss: 3.623216 | lrm: 1.00 | dt: 2030.33ms | tok/sec: 258,227 | bf16_mfu: 0.00 | epoch: 1 pq: 2 rg: 70 | total time: 7.81m | eta: 77.1m
step 00242/02520 (9.60%) | loss: 3.611845 | lrm: 1.00 | dt: 2029.14ms | tok/sec: 258,379 | bf16_mfu: 0.00 | epoch: 1 pq: 2 rg: 71 | total time: 7.85m | eta: 77.0m
step 00243/02520 (9.64%) | loss: 3.622508 | lrm: 1.00 | dt: 2029.33ms | tok/sec: 258,355 | bf16_mfu: 0.00 | epoch: 1 pq: 2 rg: 72 | total time: 7.88m | eta: 77.0m
step 00244/02520 (9.68%) | loss: 3.619952 | lrm: 1.00 | dt: 2029.54ms | tok/sec: 258,328 | bf16_mfu: 0.00 | epoch: 1 pq: 2 rg: 72 | total time: 7.91m | eta: 77.0m
step 00245/02520 (9.72%) | loss: 3.621626 | lrm: 1.00 | dt: 2031.86ms | tok/sec: 258,033 | bf16_mfu: 0.00 | epoch: 1 pq: 2 rg: 73 | total time: 7.95m | eta: 76.9m
step 00246/02520 (9.76%) | loss: 3.612096 | lrm: 1.00 | dt: 2029.05ms | tok/sec: 258,390 | bf16_mfu: 0.00 | epoch: 1 pq: 2 rg: 74 | total time: 7.98m | eta: 76.9m
step 00247/02520 (9.80%) | loss: 3.610331 | lrm: 1.00 | dt: 2030.35ms | tok/sec: 258,225 | bf16_mfu: 0.00 | epoch: 1 pq: 2 rg: 75 | total time: 8.02m | eta: 76.9m
step 00248/02520 (9.84%) | loss: 3.602748 | lrm: 1.00 | dt: 2027.14ms | tok/sec: 258,634 | bf16_mfu: 0.00 | epoch: 1 pq: 2 rg: 76 | total time: 8.05m | eta: 76.8m
step 00249/02520 (9.88%) | loss: 3.593258 | lrm: 1.00 | dt: 2028.96ms | tok/sec: 258,401 | bf16_mfu: 0.00 | epoch: 1 pq: 2 rg: 77 | total time: 8.08m | eta: 76.8m
Step 00250 | Validation bpb: 1.090587
step 00250/02520 (9.92%) | loss: 3.596252 | lrm: 1.00 | dt: 2010.48ms | tok/sec: 260,777 | bf16_mfu: 0.00 | epoch: 1 pq: 2 rg: 78 | total time: 8.12m | eta: 76.8m
step 00251/02520 (9.96%) | loss: 3.590800 | lrm: 1.00 | dt: 2019.60ms | tok/sec: 259,599 | bf16_mfu: 0.00 | epoch: 1 pq: 2 rg: 79 | total time: 8.15m | eta: 76.7m
step 00252/02520 (10.00%) | loss: 3.576320 | lrm: 1.00 | dt: 2020.14ms | tok/sec: 259,530 | bf16_mfu: 0.00 | epoch: 1 pq: 2 rg: 80 | total time: 8.18m | eta: 76.7m
step 00253/02520 (10.04%) | loss: 3.577120 | lrm: 1.00 | dt: 2020.28ms | tok/sec: 259,512 | bf16_mfu: 0.00 | epoch: 1 pq: 2 rg: 81 | total time: 8.22m | eta: 76.7m
step 00254/02520 (10.08%) | loss: 3.578180 | lrm: 1.00 | dt: 2018.92ms | tok/sec: 259,687 | bf16_mfu: 0.00 | epoch: 1 pq: 2 rg: 82 | total time: 8.25m | eta: 76.6m
step 00255/02520 (10.12%) | loss: 3.579555 | lrm: 1.00 | dt: 2020.51ms | tok/sec: 259,483 | bf16_mfu: 0.00 | epoch: 1 pq: 3 rg: 0 | total time: 8.28m | eta: 76.6m
step 00256/02520 (10.16%) | loss: 3.579714 | lrm: 1.00 | dt: 2020.48ms | tok/sec: 259,487 | bf16_mfu: 0.00 | epoch: 1 pq: 3 rg: 1 | total time: 8.32m | eta: 76.6m
step 00257/02520 (10.20%) | loss: 3.577826 | lrm: 1.00 | dt: 2020.33ms | tok/sec: 259,506 | bf16_mfu: 0.00 | epoch: 1 pq: 3 rg: 2 | total time: 8.35m | eta: 76.5m
step 00258/02520 (10.24%) | loss: 3.575125 | lrm: 1.00 | dt: 2020.17ms | tok/sec: 259,526 | bf16_mfu: 0.00 | epoch: 1 pq: 3 rg: 3 | total time: 8.39m | eta: 76.5m
step 00259/02520 (10.28%) | loss: 3.578219 | lrm: 1.00 | dt: 2019.77ms | tok/sec: 259,578 | bf16_mfu: 0.00 | epoch: 1 pq: 3 rg: 4 | total time: 8.42m | eta: 76.5m
step 00260/02520 (10.32%) | loss: 3.578702 | lrm: 1.00 | dt: 2021.01ms | tok/sec: 259,418 | bf16_mfu: 0.00 | epoch: 1 pq: 3 rg: 5 | total time: 8.45m | eta: 76.4m
step 00261/02520 (10.36%) | loss: 3.573409 | lrm: 1.00 | dt: 2021.43ms | tok/sec: 259,364 | bf16_mfu: 0.00 | epoch: 1 pq: 3 rg: 6 | total time: 8.49m | eta: 76.4m
step 00262/02520 (10.40%) | loss: 3.562269 | lrm: 1.00 | dt: 2022.62ms | tok/sec: 259,212 | bf16_mfu: 0.00 | epoch: 1 pq: 3 rg: 7 | total time: 8.52m | eta: 76.3m
step 00263/02520 (10.44%) | loss: 3.560283 | lrm: 1.00 | dt: 2020.55ms | tok/sec: 259,478 | bf16_mfu: 0.00 | epoch: 1 pq: 3 rg: 8 | total time: 8.55m | eta: 76.3m
step 00264/02520 (10.48%) | loss: 3.557548 | lrm: 1.00 | dt: 2021.34ms | tok/sec: 259,376 | bf16_mfu: 0.00 | epoch: 1 pq: 3 rg: 9 | total time: 8.59m | eta: 76.3m
step 00265/02520 (10.52%) | loss: 3.558634 | lrm: 1.00 | dt: 2023.86ms | tok/sec: 259,053 | bf16_mfu: 0.00 | epoch: 1 pq: 3 rg: 10 | total time: 8.62m | eta: 76.2m
step 00266/02520 (10.56%) | loss: 3.555264 | lrm: 1.00 | dt: 2021.42ms | tok/sec: 259,366 | bf16_mfu: 0.00 | epoch: 1 pq: 3 rg: 11 | total time: 8.66m | eta: 76.2m
step 00267/02520 (10.60%) | loss: 3.553027 | lrm: 1.00 | dt: 2019.44ms | tok/sec: 259,620 | bf16_mfu: 0.00 | epoch: 1 pq: 3 rg: 12 | total time: 8.69m | eta: 76.2m
step 00268/02520 (10.63%) | loss: 3.551527 | lrm: 1.00 | dt: 2020.75ms | tok/sec: 259,451 | bf16_mfu: 0.00 | epoch: 1 pq: 3 rg: 13 | total time: 8.72m | eta: 76.1m
step 00269/02520 (10.67%) | loss: 3.546108 | lrm: 1.00 | dt: 2019.63ms | tok/sec: 259,596 | bf16_mfu: 0.00 | epoch: 1 pq: 3 rg: 14 | total time: 8.76m | eta: 76.1m
step 00270/02520 (10.71%) | loss: 3.533735 | lrm: 1.00 | dt: 2020.14ms | tok/sec: 259,531 | bf16_mfu: 0.00 | epoch: 1 pq: 3 rg: 15 | total time: 8.79m | eta: 76.1m
step 00271/02520 (10.75%) | loss: 3.534621 | lrm: 1.00 | dt: 2019.50ms | tok/sec: 259,613 | bf16_mfu: 0.00 | epoch: 1 pq: 3 rg: 15 | total time: 8.82m | eta: 76.0m
step 00272/02520 (10.79%) | loss: 3.538414 | lrm: 1.00 | dt: 2020.32ms | tok/sec: 259,507 | bf16_mfu: 0.00 | epoch: 1 pq: 3 rg: 16 | total time: 8.86m | eta: 76.0m
step 00273/02520 (10.83%) | loss: 3.542858 | lrm: 1.00 | dt: 2023.03ms | tok/sec: 259,159 | bf16_mfu: 0.00 | epoch: 1 pq: 3 rg: 17 | total time: 8.89m | eta: 76.0m
step 00274/02520 (10.87%) | loss: 3.538736 | lrm: 1.00 | dt: 2021.50ms | tok/sec: 259,356 | bf16_mfu: 0.00 | epoch: 1 pq: 3 rg: 18 | total time: 8.92m | eta: 75.9m
step 00275/02520 (10.91%) | loss: 3.544676 | lrm: 1.00 | dt: 2022.91ms | tok/sec: 259,174 | bf16_mfu: 0.00 | epoch: 1 pq: 3 rg: 19 | total time: 8.96m | eta: 75.9m
step 00276/02520 (10.95%) | loss: 3.541460 | lrm: 1.00 | dt: 2022.43ms | tok/sec: 259,236 | bf16_mfu: 0.00 | epoch: 1 pq: 3 rg: 20 | total time: 8.99m | eta: 75.9m
step 00277/02520 (10.99%) | loss: 3.531936 | lrm: 1.00 | dt: 2022.34ms | tok/sec: 259,248 | bf16_mfu: 0.00 | epoch: 1 pq: 3 rg: 21 | total time: 9.03m | eta: 75.8m
step 00278/02520 (11.03%) | loss: 3.529851 | lrm: 1.00 | dt: 2021.95ms | tok/sec: 259,298 | bf16_mfu: 0.00 | epoch: 1 pq: 3 rg: 22 | total time: 9.06m | eta: 75.8m
step 00279/02520 (11.07%) | loss: 3.530737 | lrm: 1.00 | dt: 2022.44ms | tok/sec: 259,235 | bf16_mfu: 0.00 | epoch: 1 pq: 3 rg: 23 | total time: 9.09m | eta: 75.8m
step 00280/02520 (11.11%) | loss: 3.532243 | lrm: 1.00 | dt: 2021.19ms | tok/sec: 259,395 | bf16_mfu: 0.00 | epoch: 1 pq: 3 rg: 24 | total time: 9.13m | eta: 75.7m
step 00281/02520 (11.15%) | loss: 3.520649 | lrm: 1.00 | dt: 2021.96ms | tok/sec: 259,296 | bf16_mfu: 0.00 | epoch: 1 pq: 3 rg: 25 | total time: 9.16m | eta: 75.7m
step 00282/02520 (11.19%) | loss: 3.520358 | lrm: 1.00 | dt: 2024.01ms | tok/sec: 259,034 | bf16_mfu: 0.00 | epoch: 1 pq: 3 rg: 26 | total time: 9.19m | eta: 75.6m
step 00283/02520 (11.23%) | loss: 3.524104 | lrm: 1.00 | dt: 2021.75ms | tok/sec: 259,324 | bf16_mfu: 0.00 | epoch: 1 pq: 3 rg: 27 | total time: 9.23m | eta: 75.6m
step 00284/02520 (11.27%) | loss: 3.531712 | lrm: 1.00 | dt: 2023.47ms | tok/sec: 259,103 | bf16_mfu: 0.00 | epoch: 1 pq: 3 rg: 28 | total time: 9.26m | eta: 75.6m
step 00285/02520 (11.31%) | loss: 3.524983 | lrm: 1.00 | dt: 2023.78ms | tok/sec: 259,063 | bf16_mfu: 0.00 | epoch: 1 pq: 3 rg: 29 | total time: 9.30m | eta: 75.5m
step 00286/02520 (11.35%) | loss: 3.529392 | lrm: 1.00 | dt: 2023.01ms | tok/sec: 259,162 | bf16_mfu: 0.00 | epoch: 1 pq: 3 rg: 30 | total time: 9.33m | eta: 75.5m
step 00287/02520 (11.39%) | loss: 3.540009 | lrm: 1.00 | dt: 2021.23ms | tok/sec: 259,390 | bf16_mfu: 0.00 | epoch: 1 pq: 3 rg: 31 | total time: 9.36m | eta: 75.5m
step 00288/02520 (11.43%) | loss: 3.527164 | lrm: 1.00 | dt: 2022.26ms | tok/sec: 259,258 | bf16_mfu: 0.00 | epoch: 1 pq: 3 rg: 32 | total time: 9.40m | eta: 75.4m
step 00289/02520 (11.47%) | loss: 3.533285 | lrm: 1.00 | dt: 2022.25ms | tok/sec: 259,259 | bf16_mfu: 0.00 | epoch: 1 pq: 3 rg: 33 | total time: 9.43m | eta: 75.4m
step 00290/02520 (11.51%) | loss: 3.530660 | lrm: 1.00 | dt: 2020.70ms | tok/sec: 259,458 | bf16_mfu: 0.00 | epoch: 1 pq: 3 rg: 34 | total time: 9.46m | eta: 75.4m
step 00291/02520 (11.55%) | loss: 3.531448 | lrm: 1.00 | dt: 2021.96ms | tok/sec: 259,296 | bf16_mfu: 0.00 | epoch: 1 pq: 3 rg: 35 | total time: 9.50m | eta: 75.3m
step 00292/02520 (11.59%) | loss: 3.530737 | lrm: 1.00 | dt: 2020.47ms | tok/sec: 259,488 | bf16_mfu: 0.00 | epoch: 1 pq: 3 rg: 36 | total time: 9.53m | eta: 75.3m
step 00293/02520 (11.63%) | loss: 3.530644 | lrm: 1.00 | dt: 2020.37ms | tok/sec: 259,501 | bf16_mfu: 0.00 | epoch: 1 pq: 3 rg: 37 | total time: 9.56m | eta: 75.3m
step 00294/02520 (11.67%) | loss: 3.526398 | lrm: 1.00 | dt: 2021.31ms | tok/sec: 259,379 | bf16_mfu: 0.00 | epoch: 1 pq: 3 rg: 38 | total time: 9.60m | eta: 75.2m
step 00295/02520 (11.71%) | loss: 3.521155 | lrm: 1.00 | dt: 2022.87ms | tok/sec: 259,180 | bf16_mfu: 0.00 | epoch: 1 pq: 3 rg: 39 | total time: 9.63m | eta: 75.2m
step 00296/02520 (11.75%) | loss: 3.518958 | lrm: 1.00 | dt: 2023.01ms | tok/sec: 259,162 | bf16_mfu: 0.00 | epoch: 1 pq: 3 rg: 40 | total time: 9.67m | eta: 75.2m
step 00297/02520 (11.79%) | loss: 3.508991 | lrm: 1.00 | dt: 2024.10ms | tok/sec: 259,022 | bf16_mfu: 0.00 | epoch: 1 pq: 3 rg: 41 | total time: 9.70m | eta: 75.1m
step 00298/02520 (11.83%) | loss: 3.510354 | lrm: 1.00 | dt: 2021.48ms | tok/sec: 259,358 | bf16_mfu: 0.00 | epoch: 1 pq: 3 rg: 42 | total time: 9.73m | eta: 75.1m
step 00299/02520 (11.87%) | loss: 3.495181 | lrm: 1.00 | dt: 2019.98ms | tok/sec: 259,551 | bf16_mfu: 0.00 | epoch: 1 pq: 3 rg: 43 | total time: 9.77m | eta: 75.1m
step 00300/02520 (11.90%) | loss: 3.498112 | lrm: 1.00 | dt: 2023.86ms | tok/sec: 259,052 | bf16_mfu: 0.00 | epoch: 1 pq: 3 rg: 44 | total time: 9.80m | eta: 75.0m
step 00301/02520 (11.94%) | loss: 3.499774 | lrm: 1.00 | dt: 2020.63ms | tok/sec: 259,467 | bf16_mfu: 0.00 | epoch: 1 pq: 3 rg: 45 | total time: 9.83m | eta: 75.0m
step 00302/02520 (11.98%) | loss: 3.492198 | lrm: 1.00 | dt: 2024.74ms | tok/sec: 258,940 | bf16_mfu: 0.00 | epoch: 1 pq: 3 rg: 46 | total time: 9.87m | eta: 75.0m
step 00303/02520 (12.02%) | loss: 3.501724 | lrm: 1.00 | dt: 2023.82ms | tok/sec: 259,058 | bf16_mfu: 0.00 | epoch: 1 pq: 3 rg: 47 | total time: 9.90m | eta: 74.9m
step 00304/02520 (12.06%) | loss: 3.492380 | lrm: 1.00 | dt: 2022.37ms | tok/sec: 259,244 | bf16_mfu: 0.00 | epoch: 1 pq: 3 rg: 48 | total time: 9.94m | eta: 74.9m
step 00305/02520 (12.10%) | loss: 3.486129 | lrm: 1.00 | dt: 2023.39ms | tok/sec: 259,114 | bf16_mfu: 0.00 | epoch: 1 pq: 3 rg: 49 | total time: 9.97m | eta: 74.9m
step 00306/02520 (12.14%) | loss: 3.485366 | lrm: 1.00 | dt: 2022.80ms | tok/sec: 259,188 | bf16_mfu: 0.00 | epoch: 1 pq: 3 rg: 49 | total time: 10.00m | eta: 74.8m
step 00307/02520 (12.18%) | loss: 3.490200 | lrm: 1.00 | dt: 2020.87ms | tok/sec: 259,436 | bf16_mfu: 0.00 | epoch: 1 pq: 3 rg: 50 | total time: 10.04m | eta: 74.8m
step 00308/02520 (12.22%) | loss: 3.482745 | lrm: 1.00 | dt: 2021.15ms | tok/sec: 259,400 | bf16_mfu: 0.00 | epoch: 1 pq: 3 rg: 51 | total time: 10.07m | eta: 74.8m
step 00309/02520 (12.26%) | loss: 3.480017 | lrm: 1.00 | dt: 2021.01ms | tok/sec: 259,419 | bf16_mfu: 0.00 | epoch: 1 pq: 3 rg: 52 | total time: 10.10m | eta: 74.7m
step 00310/02520 (12.30%) | loss: 3.492370 | lrm: 1.00 | dt: 2021.72ms | tok/sec: 259,328 | bf16_mfu: 0.00 | epoch: 1 pq: 3 rg: 53 | total time: 10.14m | eta: 74.7m
step 00311/02520 (12.34%) | loss: 3.488461 | lrm: 1.00 | dt: 2020.83ms | tok/sec: 259,442 | bf16_mfu: 0.00 | epoch: 1 pq: 3 rg: 54 | total time: 10.17m | eta: 74.6m
step 00312/02520 (12.38%) | loss: 3.489065 | lrm: 1.00 | dt: 2021.86ms | tok/sec: 259,310 | bf16_mfu: 0.00 | epoch: 1 pq: 3 rg: 55 | total time: 10.21m | eta: 74.6m
step 00313/02520 (12.42%) | loss: 3.482872 | lrm: 1.00 | dt: 2021.72ms | tok/sec: 259,327 | bf16_mfu: 0.00 | epoch: 1 pq: 3 rg: 56 | total time: 10.24m | eta: 74.6m
step 00314/02520 (12.46%) | loss: 3.478655 | lrm: 1.00 | dt: 2020.95ms | tok/sec: 259,426 | bf16_mfu: 0.00 | epoch: 1 pq: 3 rg: 57 | total time: 10.27m | eta: 74.5m
step 00315/02520 (12.50%) | loss: 3.476263 | lrm: 1.00 | dt: 2024.20ms | tok/sec: 259,010 | bf16_mfu: 0.00 | epoch: 1 pq: 3 rg: 58 | total time: 10.31m | eta: 74.5m
step 00316/02520 (12.54%) | loss: 3.481221 | lrm: 1.00 | dt: 2020.88ms | tok/sec: 259,435 | bf16_mfu: 0.00 | epoch: 1 pq: 3 rg: 59 | total time: 10.34m | eta: 74.5m
step 00317/02520 (12.58%) | loss: 3.479354 | lrm: 1.00 | dt: 2020.60ms | tok/sec: 259,471 | bf16_mfu: 0.00 | epoch: 1 pq: 3 rg: 60 | total time: 10.37m | eta: 74.4m
step 00318/02520 (12.62%) | loss: 3.476323 | lrm: 1.00 | dt: 2020.94ms | tok/sec: 259,427 | bf16_mfu: 0.00 | epoch: 1 pq: 3 rg: 61 | total time: 10.41m | eta: 74.4m
step 00319/02520 (12.66%) | loss: 3.484916 | lrm: 1.00 | dt: 2020.69ms | tok/sec: 259,460 | bf16_mfu: 0.00 | epoch: 1 pq: 3 rg: 62 | total time: 10.44m | eta: 74.4m
step 00320/02520 (12.70%) | loss: 3.485614 | lrm: 1.00 | dt: 2019.73ms | tok/sec: 259,583 | bf16_mfu: 0.00 | epoch: 1 pq: 3 rg: 63 | total time: 10.47m | eta: 74.3m
step 00321/02520 (12.74%) | loss: 3.488241 | lrm: 1.00 | dt: 2020.28ms | tok/sec: 259,512 | bf16_mfu: 0.00 | epoch: 1 pq: 3 rg: 64 | total time: 10.51m | eta: 74.3m
step 00322/02520 (12.78%) | loss: 3.486720 | lrm: 1.00 | dt: 2020.18ms | tok/sec: 259,525 | bf16_mfu: 0.00 | epoch: 1 pq: 3 rg: 65 | total time: 10.54m | eta: 74.3m
step 00323/02520 (12.82%) | loss: 3.486092 | lrm: 1.00 | dt: 2022.08ms | tok/sec: 259,281 | bf16_mfu: 0.00 | epoch: 1 pq: 3 rg: 66 | total time: 10.58m | eta: 74.2m
step 00324/02520 (12.86%) | loss: 3.485916 | lrm: 1.00 | dt: 2020.92ms | tok/sec: 259,430 | bf16_mfu: 0.00 | epoch: 1 pq: 3 rg: 67 | total time: 10.61m | eta: 74.2m
step 00325/02520 (12.90%) | loss: 3.478935 | lrm: 1.00 | dt: 2020.14ms | tok/sec: 259,531 | bf16_mfu: 0.00 | epoch: 1 pq: 3 rg: 68 | total time: 10.64m | eta: 74.2m
step 00326/02520 (12.94%) | loss: 3.480968 | lrm: 1.00 | dt: 2020.61ms | tok/sec: 259,470 | bf16_mfu: 0.00 | epoch: 1 pq: 3 rg: 69 | total time: 10.68m | eta: 74.1m
step 00327/02520 (12.98%) | loss: 3.472058 | lrm: 1.00 | dt: 2020.21ms | tok/sec: 259,521 | bf16_mfu: 0.00 | epoch: 1 pq: 3 rg: 70 | total time: 10.71m | eta: 74.1m
step 00328/02520 (13.02%) | loss: 3.463234 | lrm: 1.00 | dt: 2019.11ms | tok/sec: 259,663 | bf16_mfu: 0.00 | epoch: 1 pq: 3 rg: 71 | total time: 10.74m | eta: 74.1m
step 00329/02520 (13.06%) | loss: 3.456086 | lrm: 1.00 | dt: 2019.56ms | tok/sec: 259,604 | bf16_mfu: 0.00 | epoch: 1 pq: 3 rg: 72 | total time: 10.78m | eta: 74.0m
step 00330/02520 (13.10%) | loss: 3.458344 | lrm: 1.00 | dt: 2017.56ms | tok/sec: 259,862 | bf16_mfu: 0.00 | epoch: 1 pq: 3 rg: 73 | total time: 10.81m | eta: 74.0m
step 00331/02520 (13.13%) | loss: 3.466519 | lrm: 1.00 | dt: 2017.53ms | tok/sec: 259,866 | bf16_mfu: 0.00 | epoch: 1 pq: 3 rg: 73 | total time: 10.85m | eta: 74.0m
step 00332/02520 (13.17%) | loss: 3.467899 | lrm: 1.00 | dt: 2016.95ms | tok/sec: 259,941 | bf16_mfu: 0.00 | epoch: 1 pq: 3 rg: 74 | total time: 10.88m | eta: 73.9m
step 00333/02520 (13.21%) | loss: 3.466546 | lrm: 1.00 | dt: 2017.40ms | tok/sec: 259,882 | bf16_mfu: 0.00 | epoch: 1 pq: 3 rg: 75 | total time: 10.91m | eta: 73.9m
step 00334/02520 (13.25%) | loss: 3.465361 | lrm: 1.00 | dt: 2017.86ms | tok/sec: 259,823 | bf16_mfu: 0.00 | epoch: 1 pq: 3 rg: 76 | total time: 10.95m | eta: 73.9m
step 00335/02520 (13.29%) | loss: 3.457505 | lrm: 1.00 | dt: 2019.45ms | tok/sec: 259,619 | bf16_mfu: 0.00 | epoch: 1 pq: 3 rg: 77 | total time: 10.98m | eta: 73.8m
step 00336/02520 (13.33%) | loss: 3.455046 | lrm: 1.00 | dt: 2019.54ms | tok/sec: 259,607 | bf16_mfu: 0.00 | epoch: 1 pq: 3 rg: 78 | total time: 11.01m | eta: 73.8m
step 00337/02520 (13.37%) | loss: 3.457759 | lrm: 1.00 | dt: 2017.92ms | tok/sec: 259,816 | bf16_mfu: 0.00 | epoch: 1 pq: 3 rg: 79 | total time: 11.05m | eta: 73.7m
step 00338/02520 (13.41%) | loss: 3.456868 | lrm: 1.00 | dt: 2018.64ms | tok/sec: 259,722 | bf16_mfu: 0.00 | epoch: 1 pq: 3 rg: 80 | total time: 11.08m | eta: 73.7m
step 00339/02520 (13.45%) | loss: 3.454381 | lrm: 1.00 | dt: 2016.29ms | tok/sec: 260,026 | bf16_mfu: 0.00 | epoch: 1 pq: 3 rg: 81 | total time: 11.11m | eta: 73.7m
step 00340/02520 (13.49%) | loss: 3.464449 | lrm: 1.00 | dt: 2015.72ms | tok/sec: 260,099 | bf16_mfu: 0.00 | epoch: 1 pq: 4 rg: 0 | total time: 11.15m | eta: 73.6m
step 00341/02520 (13.53%) | loss: 3.472764 | lrm: 1.00 | dt: 2016.21ms | tok/sec: 260,036 | bf16_mfu: 0.00 | epoch: 1 pq: 4 rg: 1 | total time: 11.18m | eta: 73.6m
step 00342/02520 (13.57%) | loss: 3.464365 | lrm: 1.00 | dt: 2017.71ms | tok/sec: 259,842 | bf16_mfu: 0.00 | epoch: 1 pq: 4 rg: 2 | total time: 11.21m | eta: 73.6m
step 00343/02520 (13.61%) | loss: 3.456008 | lrm: 1.00 | dt: 2018.21ms | tok/sec: 259,779 | bf16_mfu: 0.00 | epoch: 1 pq: 4 rg: 3 | total time: 11.25m | eta: 73.5m
step 00344/02520 (13.65%) | loss: 3.456918 | lrm: 1.00 | dt: 2019.47ms | tok/sec: 259,616 | bf16_mfu: 0.00 | epoch: 1 pq: 4 rg: 4 | total time: 11.28m | eta: 73.5m
step 00345/02520 (13.69%) | loss: 3.449839 | lrm: 1.00 | dt: 2019.33ms | tok/sec: 259,634 | bf16_mfu: 0.00 | epoch: 1 pq: 4 rg: 5 | total time: 11.32m | eta: 73.5m
step 00346/02520 (13.73%) | loss: 3.458705 | lrm: 1.00 | dt: 2021.43ms | tok/sec: 259,365 | bf16_mfu: 0.00 | epoch: 1 pq: 4 rg: 6 | total time: 11.35m | eta: 73.4m
step 00347/02520 (13.77%) | loss: 3.451655 | lrm: 1.00 | dt: 2019.49ms | tok/sec: 259,613 | bf16_mfu: 0.00 | epoch: 1 pq: 4 rg: 7 | total time: 11.38m | eta: 73.4m
step 00348/02520 (13.81%) | loss: 3.439313 | lrm: 1.00 | dt: 2018.49ms | tok/sec: 259,742 | bf16_mfu: 0.00 | epoch: 1 pq: 4 rg: 8 | total time: 11.42m | eta: 73.4m
step 00349/02520 (13.85%) | loss: 3.437101 | lrm: 1.00 | dt: 2019.30ms | tok/sec: 259,638 | bf16_mfu: 0.00 | epoch: 1 pq: 4 rg: 9 | total time: 11.45m | eta: 73.3m
step 00350/02520 (13.89%) | loss: 3.435741 | lrm: 1.00 | dt: 2016.85ms | tok/sec: 259,954 | bf16_mfu: 0.00 | epoch: 1 pq: 4 rg: 10 | total time: 11.48m | eta: 73.3m
step 00351/02520 (13.93%) | loss: 3.432782 | lrm: 1.00 | dt: 2017.09ms | tok/sec: 259,923 | bf16_mfu: 0.00 | epoch: 1 pq: 4 rg: 11 | total time: 11.52m | eta: 73.3m
step 00352/02520 (13.97%) | loss: 3.437467 | lrm: 1.00 | dt: 2019.54ms | tok/sec: 259,608 | bf16_mfu: 0.00 | epoch: 1 pq: 4 rg: 12 | total time: 11.55m | eta: 73.2m
step 00353/02520 (14.01%) | loss: 3.436541 | lrm: 1.00 | dt: 2019.23ms | tok/sec: 259,647 | bf16_mfu: 0.00 | epoch: 1 pq: 4 rg: 13 | total time: 11.59m | eta: 73.2m
step 00354/02520 (14.05%) | loss: 3.438228 | lrm: 1.00 | dt: 2019.50ms | tok/sec: 259,612 | bf16_mfu: 0.00 | epoch: 1 pq: 4 rg: 14 | total time: 11.62m | eta: 73.2m
step 00355/02520 (14.09%) | loss: 3.432006 | lrm: 1.00 | dt: 2019.94ms | tok/sec: 259,556 | bf16_mfu: 0.00 | epoch: 1 pq: 4 rg: 15 | total time: 11.65m | eta: 73.1m
step 00356/02520 (14.13%) | loss: 3.430128 | lrm: 1.00 | dt: 2018.05ms | tok/sec: 259,798 | bf16_mfu: 0.00 | epoch: 1 pq: 4 rg: 16 | total time: 11.69m | eta: 73.1m
step 00357/02520 (14.17%) | loss: 3.404083 | lrm: 1.00 | dt: 2017.94ms | tok/sec: 259,813 | bf16_mfu: 0.00 | epoch: 1 pq: 4 rg: 17 | total time: 11.72m | eta: 73.1m
step 00358/02520 (14.21%) | loss: 3.412297 | lrm: 1.00 | dt: 2017.02ms | tok/sec: 259,931 | bf16_mfu: 0.00 | epoch: 1 pq: 4 rg: 18 | total time: 11.75m | eta: 73.0m
step 00359/02520 (14.25%) | loss: 3.416917 | lrm: 1.00 | dt: 2017.50ms | tok/sec: 259,869 | bf16_mfu: 0.00 | epoch: 1 pq: 4 rg: 18 | total time: 11.79m | eta: 73.0m
step 00360/02520 (14.29%) | loss: 3.414096 | lrm: 1.00 | dt: 2018.15ms | tok/sec: 259,786 | bf16_mfu: 0.00 | epoch: 1 pq: 4 rg: 19 | total time: 11.82m | eta: 72.9m
step 00361/02520 (14.33%) | loss: 3.427130 | lrm: 1.00 | dt: 2016.76ms | tok/sec: 259,965 | bf16_mfu: 0.00 | epoch: 1 pq: 4 rg: 20 | total time: 11.85m | eta: 72.9m
step 00362/02520 (14.37%) | loss: 3.430052 | lrm: 1.00 | dt: 2017.18ms | tok/sec: 259,911 | bf16_mfu: 0.00 | epoch: 1 pq: 4 rg: 21 | total time: 11.89m | eta: 72.9m
step 00363/02520 (14.40%) | loss: 3.427095 | lrm: 1.00 | dt: 2018.49ms | tok/sec: 259,742 | bf16_mfu: 0.00 | epoch: 1 pq: 4 rg: 22 | total time: 11.92m | eta: 72.8m
step 00364/02520 (14.44%) | loss: 3.424188 | lrm: 1.00 | dt: 2020.70ms | tok/sec: 259,459 | bf16_mfu: 0.00 | epoch: 1 pq: 4 rg: 23 | total time: 11.96m | eta: 72.8m
step 00365/02520 (14.48%) | loss: 3.413269 | lrm: 1.00 | dt: 2017.18ms | tok/sec: 259,910 | bf16_mfu: 0.00 | epoch: 1 pq: 4 rg: 24 | total time: 11.99m | eta: 72.8m
step 00366/02520 (14.52%) | loss: 3.419639 | lrm: 1.00 | dt: 2019.16ms | tok/sec: 259,656 | bf16_mfu: 0.00 | epoch: 1 pq: 4 rg: 25 | total time: 12.02m | eta: 72.7m
step 00367/02520 (14.56%) | loss: 3.407411 | lrm: 1.00 | dt: 2017.81ms | tok/sec: 259,830 | bf16_mfu: 0.00 | epoch: 1 pq: 4 rg: 26 | total time: 12.06m | eta: 72.7m
step 00368/02520 (14.60%) | loss: 3.410226 | lrm: 1.00 | dt: 2015.88ms | tok/sec: 260,079 | bf16_mfu: 0.00 | epoch: 1 pq: 4 rg: 27 | total time: 12.09m | eta: 72.7m
step 00369/02520 (14.64%) | loss: 3.399047 | lrm: 1.00 | dt: 2017.77ms | tok/sec: 259,835 | bf16_mfu: 0.00 | epoch: 1 pq: 4 rg: 28 | total time: 12.12m | eta: 72.6m
step 00370/02520 (14.68%) | loss: 3.399842 | lrm: 1.00 | dt: 2015.20ms | tok/sec: 260,166 | bf16_mfu: 0.00 | epoch: 1 pq: 4 rg: 29 | total time: 12.16m | eta: 72.6m
step 00371/02520 (14.72%) | loss: 3.397205 | lrm: 1.00 | dt: 2016.90ms | tok/sec: 259,947 | bf16_mfu: 0.00 | epoch: 1 pq: 4 rg: 30 | total time: 12.19m | eta: 72.6m
step 00372/02520 (14.76%) | loss: 3.383147 | lrm: 1.00 | dt: 2017.93ms | tok/sec: 259,815 | bf16_mfu: 0.00 | epoch: 1 pq: 4 rg: 31 | total time: 12.22m | eta: 72.5m
step 00373/02520 (14.80%) | loss: 3.384841 | lrm: 1.00 | dt: 2016.40ms | tok/sec: 260,012 | bf16_mfu: 0.00 | epoch: 1 pq: 4 rg: 32 | total time: 12.26m | eta: 72.5m
step 00374/02520 (14.84%) | loss: 3.388482 | lrm: 1.00 | dt: 2015.54ms | tok/sec: 260,122 | bf16_mfu: 0.00 | epoch: 1 pq: 4 rg: 33 | total time: 12.29m | eta: 72.5m
step 00375/02520 (14.88%) | loss: 3.382792 | lrm: 1.00 | dt: 2018.96ms | tok/sec: 259,682 | bf16_mfu: 0.00 | epoch: 1 pq: 4 rg: 34 | total time: 12.32m | eta: 72.4m
step 00376/02520 (14.92%) | loss: 3.383722 | lrm: 1.00 | dt: 2017.07ms | tok/sec: 259,925 | bf16_mfu: 0.00 | epoch: 1 pq: 4 rg: 35 | total time: 12.36m | eta: 72.4m
step 00377/02520 (14.96%) | loss: 3.381227 | lrm: 1.00 | dt: 2017.51ms | tok/sec: 259,869 | bf16_mfu: 0.00 | epoch: 1 pq: 4 rg: 36 | total time: 12.39m | eta: 72.4m
step 00378/02520 (15.00%) | loss: 3.379090 | lrm: 1.00 | dt: 2016.15ms | tok/sec: 260,044 | bf16_mfu: 0.00 | epoch: 1 pq: 4 rg: 37 | total time: 12.43m | eta: 72.3m
step 00379/02520 (15.04%) | loss: 3.386429 | lrm: 1.00 | dt: 2014.50ms | tok/sec: 260,256 | bf16_mfu: 0.00 | epoch: 1 pq: 4 rg: 38 | total time: 12.46m | eta: 72.3m
step 00380/02520 (15.08%) | loss: 3.397786 | lrm: 1.00 | dt: 2016.17ms | tok/sec: 260,041 | bf16_mfu: 0.00 | epoch: 1 pq: 4 rg: 39 | total time: 12.49m | eta: 72.3m
step 00381/02520 (15.12%) | loss: 3.402117 | lrm: 1.00 | dt: 2016.19ms | tok/sec: 260,038 | bf16_mfu: 0.00 | epoch: 1 pq: 4 rg: 40 | total time: 12.53m | eta: 72.2m
step 00382/02520 (15.16%) | loss: 3.395424 | lrm: 1.00 | dt: 2015.03ms | tok/sec: 260,188 | bf16_mfu: 0.00 | epoch: 1 pq: 4 rg: 41 | total time: 12.56m | eta: 72.2m
step 00383/02520 (15.20%) | loss: 3.393703 | lrm: 1.00 | dt: 2015.48ms | tok/sec: 260,130 | bf16_mfu: 0.00 | epoch: 1 pq: 4 rg: 42 | total time: 12.59m | eta: 72.2m
step 00384/02520 (15.24%) | loss: 3.402662 | lrm: 1.00 | dt: 2017.40ms | tok/sec: 259,882 | bf16_mfu: 0.00 | epoch: 1 pq: 4 rg: 43 | total time: 12.63m | eta: 72.1m
step 00385/02520 (15.28%) | loss: 3.411638 | lrm: 1.00 | dt: 2015.18ms | tok/sec: 260,169 | bf16_mfu: 0.00 | epoch: 1 pq: 4 rg: 44 | total time: 12.66m | eta: 72.1m
step 00386/02520 (15.32%) | loss: 3.419967 | lrm: 1.00 | dt: 2016.14ms | tok/sec: 260,045 | bf16_mfu: 0.00 | epoch: 1 pq: 4 rg: 45 | total time: 12.69m | eta: 72.0m
step 00387/02520 (15.36%) | loss: 3.412232 | lrm: 1.00 | dt: 2017.46ms | tok/sec: 259,875 | bf16_mfu: 0.00 | epoch: 1 pq: 4 rg: 46 | total time: 12.73m | eta: 72.0m
step 00388/02520 (15.40%) | loss: 3.410361 | lrm: 1.00 | dt: 2014.63ms | tok/sec: 260,239 | bf16_mfu: 0.00 | epoch: 1 pq: 4 rg: 47 | total time: 12.76m | eta: 72.0m
step 00389/02520 (15.44%) | loss: 3.403253 | lrm: 1.00 | dt: 2013.64ms | tok/sec: 260,367 | bf16_mfu: 0.00 | epoch: 1 pq: 4 rg: 48 | total time: 12.80m | eta: 71.9m
step 00390/02520 (15.48%) | loss: 3.403959 | lrm: 1.00 | dt: 2015.48ms | tok/sec: 260,131 | bf16_mfu: 0.00 | epoch: 1 pq: 4 rg: 49 | total time: 12.83m | eta: 71.9m
step 00391/02520 (15.52%) | loss: 3.408050 | lrm: 1.00 | dt: 2015.11ms | tok/sec: 260,178 | bf16_mfu: 0.00 | epoch: 1 pq: 4 rg: 50 | total time: 12.86m | eta: 71.9m
step 00392/02520 (15.56%) | loss: 3.413531 | lrm: 1.00 | dt: 2014.42ms | tok/sec: 260,267 | bf16_mfu: 0.00 | epoch: 1 pq: 4 rg: 51 | total time: 12.90m | eta: 71.8m
step 00393/02520 (15.60%) | loss: 3.409952 | lrm: 1.00 | dt: 2014.94ms | tok/sec: 260,200 | bf16_mfu: 0.00 | epoch: 1 pq: 4 rg: 52 | total time: 12.93m | eta: 71.8m
step 00394/02520 (15.63%) | loss: 3.411983 | lrm: 1.00 | dt: 2013.88ms | tok/sec: 260,337 | bf16_mfu: 0.00 | epoch: 1 pq: 4 rg: 53 | total time: 12.96m | eta: 71.8m
step 00395/02520 (15.67%) | loss: 3.397705 | lrm: 1.00 | dt: 2014.48ms | tok/sec: 260,259 | bf16_mfu: 0.00 | epoch: 1 pq: 4 rg: 54 | total time: 13.00m | eta: 71.7m
step 00396/02520 (15.71%) | loss: 3.403763 | lrm: 1.00 | dt: 2015.46ms | tok/sec: 260,133 | bf16_mfu: 0.00 | epoch: 1 pq: 4 rg: 55 | total time: 13.03m | eta: 71.7m
step 00397/02520 (15.75%) | loss: 3.399283 | lrm: 1.00 | dt: 2013.97ms | tok/sec: 260,325 | bf16_mfu: 0.00 | epoch: 1 pq: 4 rg: 55 | total time: 13.06m | eta: 71.7m
step 00398/02520 (15.79%) | loss: 3.392244 | lrm: 1.00 | dt: 2013.60ms | tok/sec: 260,373 | bf16_mfu: 0.00 | epoch: 1 pq: 4 rg: 56 | total time: 13.10m | eta: 71.6m
step 00399/02520 (15.83%) | loss: 3.399379 | lrm: 1.00 | dt: 2011.96ms | tok/sec: 260,585 | bf16_mfu: 0.00 | epoch: 1 pq: 4 rg: 57 | total time: 13.13m | eta: 71.6m
step 00400/02520 (15.87%) | loss: 3.396931 | lrm: 1.00 | dt: 2013.39ms | tok/sec: 260,400 | bf16_mfu: 0.00 | epoch: 1 pq: 4 rg: 58 | total time: 13.16m | eta: 71.6m
step 00401/02520 (15.91%) | loss: 3.399735 | lrm: 1.00 | dt: 2012.33ms | tok/sec: 260,537 | bf16_mfu: 0.00 | epoch: 1 pq: 4 rg: 59 | total time: 13.20m | eta: 71.5m
step 00402/02520 (15.95%) | loss: 3.403508 | lrm: 1.00 | dt: 2013.51ms | tok/sec: 260,385 | bf16_mfu: 0.00 | epoch: 1 pq: 4 rg: 60 | total time: 13.23m | eta: 71.5m
step 00403/02520 (15.99%) | loss: 3.392245 | lrm: 1.00 | dt: 2011.68ms | tok/sec: 260,622 | bf16_mfu: 0.00 | epoch: 1 pq: 4 rg: 61 | total time: 13.27m | eta: 71.5m
step 00404/02520 (16.03%) | loss: 3.396085 | lrm: 1.00 | dt: 2011.87ms | tok/sec: 260,596 | bf16_mfu: 0.00 | epoch: 1 pq: 4 rg: 62 | total time: 13.30m | eta: 71.4m
step 00405/02520 (16.07%) | loss: 3.391770 | lrm: 1.00 | dt: 2011.29ms | tok/sec: 260,671 | bf16_mfu: 0.00 | epoch: 1 pq: 4 rg: 63 | total time: 13.33m | eta: 71.4m
step 00406/02520 (16.11%) | loss: 3.385892 | lrm: 1.00 | dt: 2011.47ms | tok/sec: 260,649 | bf16_mfu: 0.00 | epoch: 1 pq: 4 rg: 64 | total time: 13.37m | eta: 71.4m
step 00407/02520 (16.15%) | loss: 3.395796 | lrm: 1.00 | dt: 2011.07ms | tok/sec: 260,701 | bf16_mfu: 0.00 | epoch: 1 pq: 4 rg: 65 | total time: 13.40m | eta: 71.3m
step 00408/02520 (16.19%) | loss: 3.406043 | lrm: 1.00 | dt: 2010.88ms | tok/sec: 260,725 | bf16_mfu: 0.00 | epoch: 1 pq: 4 rg: 66 | total time: 13.43m | eta: 71.3m
step 00409/02520 (16.23%) | loss: 3.401759 | lrm: 1.00 | dt: 2012.73ms | tok/sec: 260,486 | bf16_mfu: 0.00 | epoch: 1 pq: 4 rg: 67 | total time: 13.47m | eta: 71.2m
step 00410/02520 (16.27%) | loss: 3.400218 | lrm: 1.00 | dt: 2011.31ms | tok/sec: 260,669 | bf16_mfu: 0.00 | epoch: 1 pq: 4 rg: 68 | total time: 13.50m | eta: 71.2m
step 00411/02520 (16.31%) | loss: 3.404950 | lrm: 1.00 | dt: 2014.27ms | tok/sec: 260,286 | bf16_mfu: 0.00 | epoch: 1 pq: 4 rg: 69 | total time: 13.53m | eta: 71.2m
step 00412/02520 (16.35%) | loss: 3.398625 | lrm: 1.00 | dt: 2012.25ms | tok/sec: 260,547 | bf16_mfu: 0.00 | epoch: 1 pq: 4 rg: 70 | total time: 13.57m | eta: 71.1m
step 00413/02520 (16.39%) | loss: 3.390377 | lrm: 1.00 | dt: 2011.50ms | tok/sec: 260,645 | bf16_mfu: 0.00 | epoch: 1 pq: 4 rg: 71 | total time: 13.60m | eta: 71.1m
step 00414/02520 (16.43%) | loss: 3.381766 | lrm: 1.00 | dt: 2012.19ms | tok/sec: 260,556 | bf16_mfu: 0.00 | epoch: 1 pq: 4 rg: 72 | total time: 13.63m | eta: 71.1m
step 00415/02520 (16.47%) | loss: 3.377149 | lrm: 1.00 | dt: 2013.11ms | tok/sec: 260,436 | bf16_mfu: 0.00 | epoch: 1 pq: 4 rg: 73 | total time: 13.67m | eta: 71.0m
step 00416/02520 (16.51%) | loss: 3.360163 | lrm: 1.00 | dt: 2013.10ms | tok/sec: 260,437 | bf16_mfu: 0.00 | epoch: 1 pq: 4 rg: 74 | total time: 13.70m | eta: 71.0m
step 00417/02520 (16.55%) | loss: 3.357390 | lrm: 1.00 | dt: 2015.15ms | tok/sec: 260,173 | bf16_mfu: 0.00 | epoch: 1 pq: 4 rg: 75 | total time: 13.73m | eta: 71.0m
step 00418/02520 (16.59%) | loss: 3.364977 | lrm: 1.00 | dt: 2014.11ms | tok/sec: 260,307 | bf16_mfu: 0.00 | epoch: 1 pq: 4 rg: 76 | total time: 13.77m | eta: 70.9m
step 00419/02520 (16.63%) | loss: 3.372931 | lrm: 1.00 | dt: 2011.85ms | tok/sec: 260,600 | bf16_mfu: 0.00 | epoch: 1 pq: 4 rg: 77 | total time: 13.80m | eta: 70.9m
step 00420/02520 (16.67%) | loss: 3.369745 | lrm: 1.00 | dt: 2012.43ms | tok/sec: 260,524 | bf16_mfu: 0.00 | epoch: 1 pq: 4 rg: 78 | total time: 13.84m | eta: 70.9m
step 00421/02520 (16.71%) | loss: 3.376715 | lrm: 1.00 | dt: 2013.79ms | tok/sec: 260,349 | bf16_mfu: 0.00 | epoch: 1 pq: 4 rg: 79 | total time: 13.87m | eta: 70.8m
step 00422/02520 (16.75%) | loss: 3.369417 | lrm: 1.00 | dt: 2011.39ms | tok/sec: 260,660 | bf16_mfu: 0.00 | epoch: 1 pq: 4 rg: 80 | total time: 13.90m | eta: 70.8m
step 00423/02520 (16.79%) | loss: 3.372195 | lrm: 1.00 | dt: 2012.18ms | tok/sec: 260,557 | bf16_mfu: 0.00 | epoch: 1 pq: 4 rg: 81 | total time: 13.94m | eta: 70.8m
step 00424/02520 (16.83%) | loss: 3.380900 | lrm: 1.00 | dt: 2009.90ms | tok/sec: 260,853 | bf16_mfu: 0.00 | epoch: 1 pq: 5 rg: 0 | total time: 13.97m | eta: 70.7m
step 00425/02520 (16.87%) | loss: 3.384168 | lrm: 1.00 | dt: 2013.24ms | tok/sec: 260,419 | bf16_mfu: 0.00 | epoch: 1 pq: 5 rg: 1 | total time: 14.00m | eta: 70.7m
step 00426/02520 (16.90%) | loss: 3.384551 | lrm: 1.00 | dt: 2012.61ms | tok/sec: 260,501 | bf16_mfu: 0.00 | epoch: 1 pq: 5 rg: 2 | total time: 14.04m | eta: 70.7m
step 00427/02520 (16.94%) | loss: 3.381574 | lrm: 1.00 | dt: 2011.28ms | tok/sec: 260,673 | bf16_mfu: 0.00 | epoch: 1 pq: 5 rg: 3 | total time: 14.07m | eta: 70.6m
step 00428/02520 (16.98%) | loss: 3.382212 | lrm: 1.00 | dt: 2011.87ms | tok/sec: 260,596 | bf16_mfu: 0.00 | epoch: 1 pq: 5 rg: 4 | total time: 14.10m | eta: 70.6m
step 00429/02520 (17.02%) | loss: 3.376966 | lrm: 1.00 | dt: 2011.14ms | tok/sec: 260,691 | bf16_mfu: 0.00 | epoch: 1 pq: 5 rg: 4 | total time: 14.14m | eta: 70.6m
step 00430/02520 (17.06%) | loss: 3.381578 | lrm: 1.00 | dt: 2010.81ms | tok/sec: 260,734 | bf16_mfu: 0.00 | epoch: 1 pq: 5 rg: 5 | total time: 14.17m | eta: 70.5m
step 00431/02520 (17.10%) | loss: 3.375372 | lrm: 1.00 | dt: 2011.66ms | tok/sec: 260,624 | bf16_mfu: 0.00 | epoch: 1 pq: 5 rg: 6 | total time: 14.20m | eta: 70.5m
step 00432/02520 (17.14%) | loss: 3.373897 | lrm: 1.00 | dt: 2009.55ms | tok/sec: 260,898 | bf16_mfu: 0.00 | epoch: 1 pq: 5 rg: 7 | total time: 14.24m | eta: 70.4m
step 00433/02520 (17.18%) | loss: 3.364896 | lrm: 1.00 | dt: 2011.19ms | tok/sec: 260,685 | bf16_mfu: 0.00 | epoch: 1 pq: 5 rg: 8 | total time: 14.27m | eta: 70.4m
step 00434/02520 (17.22%) | loss: 3.363831 | lrm: 1.00 | dt: 2010.68ms | tok/sec: 260,751 | bf16_mfu: 0.00 | epoch: 1 pq: 5 rg: 9 | total time: 14.30m | eta: 70.4m
step 00435/02520 (17.26%) | loss: 3.364251 | lrm: 1.00 | dt: 2010.32ms | tok/sec: 260,797 | bf16_mfu: 0.00 | epoch: 1 pq: 5 rg: 10 | total time: 14.34m | eta: 70.3m
step 00436/02520 (17.30%) | loss: 3.369834 | lrm: 1.00 | dt: 2009.80ms | tok/sec: 260,866 | bf16_mfu: 0.00 | epoch: 1 pq: 5 rg: 11 | total time: 14.37m | eta: 70.3m
step 00437/02520 (17.34%) | loss: 3.367178 | lrm: 1.00 | dt: 2010.92ms | tok/sec: 260,720 | bf16_mfu: 0.00 | epoch: 1 pq: 5 rg: 12 | total time: 14.41m | eta: 70.3m
step 00438/02520 (17.38%) | loss: 3.351431 | lrm: 1.00 | dt: 2012.11ms | tok/sec: 260,566 | bf16_mfu: 0.00 | epoch: 1 pq: 5 rg: 13 | total time: 14.44m | eta: 70.2m
step 00439/02520 (17.42%) | loss: 3.356195 | lrm: 1.00 | dt: 2008.93ms | tok/sec: 260,978 | bf16_mfu: 0.00 | epoch: 1 pq: 5 rg: 14 | total time: 14.47m | eta: 70.2m
step 00440/02520 (17.46%) | loss: 3.349475 | lrm: 1.00 | dt: 2010.83ms | tok/sec: 260,732 | bf16_mfu: 0.00 | epoch: 1 pq: 5 rg: 15 | total time: 14.51m | eta: 70.2m
step 00441/02520 (17.50%) | loss: 3.352361 | lrm: 1.00 | dt: 2012.19ms | tok/sec: 260,556 | bf16_mfu: 0.00 | epoch: 1 pq: 5 rg: 16 | total time: 14.54m | eta: 70.1m
step 00442/02520 (17.54%) | loss: 3.353886 | lrm: 1.00 | dt: 2011.15ms | tok/sec: 260,690 | bf16_mfu: 0.00 | epoch: 1 pq: 5 rg: 17 | total time: 14.57m | eta: 70.1m
step 00443/02520 (17.58%) | loss: 3.357911 | lrm: 1.00 | dt: 2010.70ms | tok/sec: 260,748 | bf16_mfu: 0.00 | epoch: 1 pq: 5 rg: 18 | total time: 14.61m | eta: 70.1m
step 00444/02520 (17.62%) | loss: 3.344859 | lrm: 1.00 | dt: 2012.92ms | tok/sec: 260,461 | bf16_mfu: 0.00 | epoch: 1 pq: 5 rg: 19 | total time: 14.64m | eta: 70.0m
step 00445/02520 (17.66%) | loss: 3.331061 | lrm: 1.00 | dt: 2010.56ms | tok/sec: 260,767 | bf16_mfu: 0.00 | epoch: 1 pq: 5 rg: 20 | total time: 14.67m | eta: 70.0m
step 00446/02520 (17.70%) | loss: 3.331672 | lrm: 1.00 | dt: 2010.05ms | tok/sec: 260,832 | bf16_mfu: 0.00 | epoch: 1 pq: 5 rg: 21 | total time: 14.71m | eta: 70.0m
step 00447/02520 (17.74%) | loss: 3.328882 | lrm: 1.00 | dt: 2012.29ms | tok/sec: 260,542 | bf16_mfu: 0.00 | epoch: 1 pq: 5 rg: 22 | total time: 14.74m | eta: 69.9m
step 00448/02520 (17.78%) | loss: 3.321896 | lrm: 1.00 | dt: 2011.39ms | tok/sec: 260,659 | bf16_mfu: 0.00 | epoch: 1 pq: 5 rg: 23 | total time: 14.77m | eta: 69.9m
step 00449/02520 (17.82%) | loss: 3.326497 | lrm: 1.00 | dt: 2009.61ms | tok/sec: 260,890 | bf16_mfu: 0.00 | epoch: 1 pq: 5 rg: 24 | total time: 14.81m | eta: 69.9m
step 00450/02520 (17.86%) | loss: 3.333104 | lrm: 1.00 | dt: 2012.29ms | tok/sec: 260,542 | bf16_mfu: 0.00 | epoch: 1 pq: 5 rg: 25 | total time: 14.84m | eta: 69.8m
step 00451/02520 (17.90%) | loss: 3.342362 | lrm: 1.00 | dt: 2012.30ms | tok/sec: 260,541 | bf16_mfu: 0.00 | epoch: 1 pq: 5 rg: 26 | total time: 14.87m | eta: 69.8m
step 00452/02520 (17.94%) | loss: 3.347631 | lrm: 1.00 | dt: 2011.73ms | tok/sec: 260,615 | bf16_mfu: 0.00 | epoch: 1 pq: 5 rg: 27 | total time: 14.91m | eta: 69.8m
step 00453/02520 (17.98%) | loss: 3.358944 | lrm: 1.00 | dt: 2011.00ms | tok/sec: 260,710 | bf16_mfu: 0.00 | epoch: 1 pq: 5 rg: 28 | total time: 14.94m | eta: 69.7m
step 00454/02520 (18.02%) | loss: 3.364336 | lrm: 1.00 | dt: 2016.84ms | tok/sec: 259,954 | bf16_mfu: 0.00 | epoch: 1 pq: 5 rg: 29 | total time: 14.98m | eta: 69.7m
step 00455/02520 (18.06%) | loss: 3.352527 | lrm: 1.00 | dt: 2011.94ms | tok/sec: 260,588 | bf16_mfu: 0.00 | epoch: 1 pq: 5 rg: 29 | total time: 15.01m | eta: 69.6m
step 00456/02520 (18.10%) | loss: 3.351236 | lrm: 1.00 | dt: 2012.14ms | tok/sec: 260,562 | bf16_mfu: 0.00 | epoch: 1 pq: 5 rg: 30 | total time: 15.04m | eta: 69.6m
step 00457/02520 (18.13%) | loss: 3.349552 | lrm: 1.00 | dt: 2013.76ms | tok/sec: 260,352 | bf16_mfu: 0.00 | epoch: 1 pq: 5 rg: 31 | total time: 15.08m | eta: 69.6m
step 00458/02520 (18.17%) | loss: 3.356070 | lrm: 1.00 | dt: 2014.47ms | tok/sec: 260,260 | bf16_mfu: 0.00 | epoch: 1 pq: 5 rg: 32 | total time: 15.11m | eta: 69.5m
step 00459/02520 (18.21%) | loss: 3.351892 | lrm: 1.00 | dt: 2011.64ms | tok/sec: 260,627 | bf16_mfu: 0.00 | epoch: 1 pq: 5 rg: 33 | total time: 15.14m | eta: 69.5m
step 00460/02520 (18.25%) | loss: 3.342821 | lrm: 1.00 | dt: 2012.08ms | tok/sec: 260,569 | bf16_mfu: 0.00 | epoch: 1 pq: 5 rg: 34 | total time: 15.18m | eta: 69.5m
step 00461/02520 (18.29%) | loss: 3.343074 | lrm: 1.00 | dt: 2012.71ms | tok/sec: 260,489 | bf16_mfu: 0.00 | epoch: 1 pq: 5 rg: 35 | total time: 15.21m | eta: 69.4m
step 00462/02520 (18.33%) | loss: 3.334671 | lrm: 1.00 | dt: 2011.19ms | tok/sec: 260,685 | bf16_mfu: 0.00 | epoch: 1 pq: 5 rg: 36 | total time: 15.24m | eta: 69.4m
step 00463/02520 (18.37%) | loss: 3.339584 | lrm: 1.00 | dt: 2011.63ms | tok/sec: 260,628 | bf16_mfu: 0.00 | epoch: 1 pq: 5 rg: 37 | total time: 15.28m | eta: 69.4m
step 00464/02520 (18.41%) | loss: 3.336879 | lrm: 1.00 | dt: 2011.70ms | tok/sec: 260,619 | bf16_mfu: 0.00 | epoch: 1 pq: 5 rg: 38 | total time: 15.31m | eta: 69.3m
step 00465/02520 (18.45%) | loss: 3.341458 | lrm: 1.00 | dt: 2011.36ms | tok/sec: 260,662 | bf16_mfu: 0.00 | epoch: 1 pq: 5 rg: 39 | total time: 15.34m | eta: 69.3m
step 00466/02520 (18.49%) | loss: 3.344968 | lrm: 1.00 | dt: 2011.89ms | tok/sec: 260,595 | bf16_mfu: 0.00 | epoch: 1 pq: 5 rg: 40 | total time: 15.38m | eta: 69.3m
step 00467/02520 (18.53%) | loss: 3.343239 | lrm: 1.00 | dt: 2012.18ms | tok/sec: 260,556 | bf16_mfu: 0.00 | epoch: 1 pq: 5 rg: 41 | total time: 15.41m | eta: 69.2m
step 00468/02520 (18.57%) | loss: 3.341911 | lrm: 1.00 | dt: 2011.03ms | tok/sec: 260,706 | bf16_mfu: 0.00 | epoch: 1 pq: 5 rg: 42 | total time: 15.44m | eta: 69.2m
step 00469/02520 (18.61%) | loss: 3.351669 | lrm: 1.00 | dt: 2010.76ms | tok/sec: 260,741 | bf16_mfu: 0.00 | epoch: 1 pq: 5 rg: 43 | total time: 15.48m | eta: 69.2m
step 00470/02520 (18.65%) | loss: 3.343545 | lrm: 1.00 | dt: 2011.20ms | tok/sec: 260,683 | bf16_mfu: 0.00 | epoch: 1 pq: 5 rg: 44 | total time: 15.51m | eta: 69.1m
step 00471/02520 (18.69%) | loss: 3.337165 | lrm: 1.00 | dt: 2008.88ms | tok/sec: 260,985 | bf16_mfu: 0.00 | epoch: 1 pq: 5 rg: 45 | total time: 15.55m | eta: 69.1m
step 00472/02520 (18.73%) | loss: 3.328168 | lrm: 1.00 | dt: 2010.60ms | tok/sec: 260,761 | bf16_mfu: 0.00 | epoch: 1 pq: 5 rg: 46 | total time: 15.58m | eta: 69.1m
step 00473/02520 (18.77%) | loss: 3.328226 | lrm: 1.00 | dt: 2012.07ms | tok/sec: 260,571 | bf16_mfu: 0.00 | epoch: 1 pq: 5 rg: 47 | total time: 15.61m | eta: 69.0m
step 00474/02520 (18.81%) | loss: 3.342827 | lrm: 1.00 | dt: 2011.28ms | tok/sec: 260,673 | bf16_mfu: 0.00 | epoch: 1 pq: 5 rg: 48 | total time: 15.65m | eta: 69.0m
step 00475/02520 (18.85%) | loss: 3.343474 | lrm: 1.00 | dt: 2012.29ms | tok/sec: 260,543 | bf16_mfu: 0.00 | epoch: 1 pq: 5 rg: 49 | total time: 15.68m | eta: 69.0m
step 00476/02520 (18.89%) | loss: 3.339856 | lrm: 1.00 | dt: 2011.64ms | tok/sec: 260,627 | bf16_mfu: 0.00 | epoch: 1 pq: 5 rg: 50 | total time: 15.71m | eta: 68.9m
step 00477/02520 (18.93%) | loss: 3.341377 | lrm: 1.00 | dt: 2011.33ms | tok/sec: 260,667 | bf16_mfu: 0.00 | epoch: 1 pq: 5 rg: 51 | total time: 15.75m | eta: 68.9m
step 00478/02520 (18.97%) | loss: 3.337164 | lrm: 1.00 | dt: 2010.58ms | tok/sec: 260,764 | bf16_mfu: 0.00 | epoch: 1 pq: 5 rg: 52 | total time: 15.78m | eta: 68.9m
step 00479/02520 (19.01%) | loss: 3.333031 | lrm: 1.00 | dt: 2009.31ms | tok/sec: 260,929 | bf16_mfu: 0.00 | epoch: 1 pq: 5 rg: 53 | total time: 15.81m | eta: 68.8m
step 00480/02520 (19.05%) | loss: 3.314320 | lrm: 1.00 | dt: 2010.71ms | tok/sec: 260,747 | bf16_mfu: 0.00 | epoch: 1 pq: 5 rg: 54 | total time: 15.85m | eta: 68.8m
step 00481/02520 (19.09%) | loss: 3.318786 | lrm: 1.00 | dt: 2009.86ms | tok/sec: 260,857 | bf16_mfu: 0.00 | epoch: 1 pq: 5 rg: 55 | total time: 15.88m | eta: 68.7m
step 00482/02520 (19.13%) | loss: 3.318133 | lrm: 1.00 | dt: 2010.27ms | tok/sec: 260,804 | bf16_mfu: 0.00 | epoch: 1 pq: 5 rg: 56 | total time: 15.91m | eta: 68.7m
step 00483/02520 (19.17%) | loss: 3.319017 | lrm: 1.00 | dt: 2011.10ms | tok/sec: 260,697 | bf16_mfu: 0.00 | epoch: 1 pq: 5 rg: 57 | total time: 15.95m | eta: 68.7m
step 00484/02520 (19.21%) | loss: 3.305936 | lrm: 1.00 | dt: 2010.39ms | tok/sec: 260,788 | bf16_mfu: 0.00 | epoch: 1 pq: 5 rg: 58 | total time: 15.98m | eta: 68.6m
step 00485/02520 (19.25%) | loss: 3.297259 | lrm: 1.00 | dt: 2010.17ms | tok/sec: 260,817 | bf16_mfu: 0.00 | epoch: 1 pq: 5 rg: 59 | total time: 16.01m | eta: 68.6m
step 00486/02520 (19.29%) | loss: 3.298665 | lrm: 1.00 | dt: 2012.58ms | tok/sec: 260,505 | bf16_mfu: 0.00 | epoch: 1 pq: 5 rg: 60 | total time: 16.05m | eta: 68.6m
step 00487/02520 (19.33%) | loss: 3.283293 | lrm: 1.00 | dt: 2014.77ms | tok/sec: 260,221 | bf16_mfu: 0.00 | epoch: 1 pq: 5 rg: 61 | total time: 16.08m | eta: 68.5m
step 00488/02520 (19.37%) | loss: 3.301029 | lrm: 1.00 | dt: 2011.56ms | tok/sec: 260,637 | bf16_mfu: 0.00 | epoch: 1 pq: 5 rg: 61 | total time: 16.12m | eta: 68.5m
step 00489/02520 (19.40%) | loss: 3.299048 | lrm: 1.00 | dt: 2011.75ms | tok/sec: 260,612 | bf16_mfu: 0.00 | epoch: 1 pq: 5 rg: 62 | total time: 16.15m | eta: 68.5m
step 00490/02520 (19.44%) | loss: 3.299069 | lrm: 1.00 | dt: 2013.71ms | tok/sec: 260,359 | bf16_mfu: 0.00 | epoch: 1 pq: 5 rg: 63 | total time: 16.18m | eta: 68.4m
step 00491/02520 (19.48%) | loss: 3.300585 | lrm: 1.00 | dt: 2011.15ms | tok/sec: 260,690 | bf16_mfu: 0.00 | epoch: 1 pq: 5 rg: 64 | total time: 16.22m | eta: 68.4m
step 00492/02520 (19.52%) | loss: 3.297973 | lrm: 1.00 | dt: 2010.46ms | tok/sec: 260,780 | bf16_mfu: 0.00 | epoch: 1 pq: 5 rg: 65 | total time: 16.25m | eta: 68.4m
step 00493/02520 (19.56%) | loss: 3.301324 | lrm: 1.00 | dt: 2012.24ms | tok/sec: 260,549 | bf16_mfu: 0.00 | epoch: 1 pq: 5 rg: 66 | total time: 16.28m | eta: 68.3m
step 00494/02520 (19.60%) | loss: 3.300712 | lrm: 1.00 | dt: 2012.06ms | tok/sec: 260,572 | bf16_mfu: 0.00 | epoch: 1 pq: 5 rg: 67 | total time: 16.32m | eta: 68.3m
step 00495/02520 (19.64%) | loss: 3.293292 | lrm: 1.00 | dt: 2010.18ms | tok/sec: 260,815 | bf16_mfu: 0.00 | epoch: 1 pq: 5 rg: 68 | total time: 16.35m | eta: 68.3m
step 00496/02520 (19.68%) | loss: 3.297012 | lrm: 1.00 | dt: 2011.20ms | tok/sec: 260,683 | bf16_mfu: 0.00 | epoch: 1 pq: 5 rg: 69 | total time: 16.38m | eta: 68.2m
step 00497/02520 (19.72%) | loss: 3.307937 | lrm: 1.00 | dt: 2010.81ms | tok/sec: 260,735 | bf16_mfu: 0.00 | epoch: 1 pq: 5 rg: 70 | total time: 16.42m | eta: 68.2m
step 00498/02520 (19.76%) | loss: 3.305479 | lrm: 1.00 | dt: 2011.56ms | tok/sec: 260,637 | bf16_mfu: 0.00 | epoch: 1 pq: 5 rg: 71 | total time: 16.45m | eta: 68.2m
step 00499/02520 (19.80%) | loss: 3.311285 | lrm: 1.00 | dt: 2010.33ms | tok/sec: 260,797 | bf16_mfu: 0.00 | epoch: 1 pq: 5 rg: 72 | total time: 16.48m | eta: 68.1m
Step 00500 | Validation bpb: 1.005543
step 00500/02520 (19.84%) | loss: 3.320832 | lrm: 1.00 | dt: 1998.01ms | tok/sec: 262,404 | bf16_mfu: 0.00 | epoch: 1 pq: 5 rg: 73 | total time: 16.52m | eta: 68.1m
step 00501/02520 (19.88%) | loss: 3.313467 | lrm: 1.00 | dt: 2001.22ms | tok/sec: 261,983 | bf16_mfu: 0.00 | epoch: 1 pq: 5 rg: 74 | total time: 16.55m | eta: 68.1m
step 00502/02520 (19.92%) | loss: 3.310339 | lrm: 1.00 | dt: 2002.23ms | tok/sec: 261,851 | bf16_mfu: 0.00 | epoch: 1 pq: 5 rg: 75 | total time: 16.58m | eta: 68.0m
step 00503/02520 (19.96%) | loss: 3.301265 | lrm: 1.00 | dt: 2004.07ms | tok/sec: 261,611 | bf16_mfu: 0.00 | epoch: 1 pq: 5 rg: 76 | total time: 16.62m | eta: 68.0m
step 00504/02520 (20.00%) | loss: 3.297147 | lrm: 1.00 | dt: 2004.86ms | tok/sec: 261,508 | bf16_mfu: 0.00 | epoch: 1 pq: 5 rg: 77 | total time: 16.65m | eta: 68.0m
step 00505/02520 (20.04%) | loss: 3.303614 | lrm: 1.00 | dt: 2005.84ms | tok/sec: 261,381 | bf16_mfu: 0.00 | epoch: 1 pq: 5 rg: 78 | total time: 16.68m | eta: 67.9m
step 00506/02520 (20.08%) | loss: 3.293593 | lrm: 1.00 | dt: 2004.27ms | tok/sec: 261,586 | bf16_mfu: 0.00 | epoch: 1 pq: 5 rg: 79 | total time: 16.72m | eta: 67.9m
step 00507/02520 (20.12%) | loss: 3.293380 | lrm: 1.00 | dt: 2004.59ms | tok/sec: 261,543 | bf16_mfu: 0.00 | epoch: 1 pq: 5 rg: 80 | total time: 16.75m | eta: 67.8m
step 00508/02520 (20.16%) | loss: 3.294037 | lrm: 1.00 | dt: 2006.91ms | tok/sec: 261,241 | bf16_mfu: 0.00 | epoch: 1 pq: 5 rg: 81 | total time: 16.78m | eta: 67.8m
step 00509/02520 (20.20%) | loss: 3.300604 | lrm: 1.00 | dt: 2006.90ms | tok/sec: 261,242 | bf16_mfu: 0.00 | epoch: 1 pq: 5 rg: 82 | total time: 16.82m | eta: 67.8m
step 00510/02520 (20.24%) | loss: 3.286259 | lrm: 1.00 | dt: 2005.13ms | tok/sec: 261,473 | bf16_mfu: 0.00 | epoch: 1 pq: 6 rg: 0 | total time: 16.85m | eta: 67.7m
step 00511/02520 (20.28%) | loss: 3.283922 | lrm: 1.00 | dt: 2004.46ms | tok/sec: 261,560 | bf16_mfu: 0.00 | epoch: 1 pq: 6 rg: 1 | total time: 16.88m | eta: 67.7m
step 00512/02520 (20.32%) | loss: 3.287684 | lrm: 1.00 | dt: 2005.90ms | tok/sec: 261,373 | bf16_mfu: 0.00 | epoch: 1 pq: 6 rg: 2 | total time: 16.92m | eta: 67.7m
step 00513/02520 (20.36%) | loss: 3.278290 | lrm: 1.00 | dt: 2005.93ms | tok/sec: 261,368 | bf16_mfu: 0.00 | epoch: 1 pq: 6 rg: 3 | total time: 16.95m | eta: 67.6m
step 00514/02520 (20.40%) | loss: 3.280198 | lrm: 1.00 | dt: 2007.46ms | tok/sec: 261,170 | bf16_mfu: 0.00 | epoch: 1 pq: 6 rg: 4 | total time: 16.98m | eta: 67.6m
step 00515/02520 (20.44%) | loss: 3.283415 | lrm: 1.00 | dt: 2009.68ms | tok/sec: 260,881 | bf16_mfu: 0.00 | epoch: 1 pq: 6 rg: 5 | total time: 17.02m | eta: 67.6m
step 00516/02520 (20.48%) | loss: 3.286508 | lrm: 1.00 | dt: 2009.78ms | tok/sec: 260,868 | bf16_mfu: 0.00 | epoch: 1 pq: 6 rg: 6 | total time: 17.05m | eta: 67.5m
step 00517/02520 (20.52%) | loss: 3.277789 | lrm: 1.00 | dt: 2006.12ms | tok/sec: 261,343 | bf16_mfu: 0.00 | epoch: 1 pq: 6 rg: 7 | total time: 17.09m | eta: 67.5m
step 00518/02520 (20.56%) | loss: 3.273441 | lrm: 1.00 | dt: 2007.83ms | tok/sec: 261,121 | bf16_mfu: 0.00 | epoch: 1 pq: 6 rg: 8 | total time: 17.12m | eta: 67.5m
step 00519/02520 (20.60%) | loss: 3.278533 | lrm: 1.00 | dt: 2007.76ms | tok/sec: 261,130 | bf16_mfu: 0.00 | epoch: 1 pq: 6 rg: 9 | total time: 17.15m | eta: 67.4m
step 00520/02520 (20.63%) | loss: 3.272031 | lrm: 1.00 | dt: 2009.52ms | tok/sec: 260,901 | bf16_mfu: 0.00 | epoch: 1 pq: 6 rg: 9 | total time: 17.19m | eta: 67.4m
step 00521/02520 (20.67%) | loss: 3.276580 | lrm: 1.00 | dt: 2007.80ms | tok/sec: 261,125 | bf16_mfu: 0.00 | epoch: 1 pq: 6 rg: 10 | total time: 17.22m | eta: 67.4m
step 00522/02520 (20.71%) | loss: 3.270706 | lrm: 1.00 | dt: 2008.88ms | tok/sec: 260,984 | bf16_mfu: 0.00 | epoch: 1 pq: 6 rg: 11 | total time: 17.25m | eta: 67.3m
step 00523/02520 (20.75%) | loss: 3.276812 | lrm: 1.00 | dt: 2010.02ms | tok/sec: 260,837 | bf16_mfu: 0.00 | epoch: 1 pq: 6 rg: 12 | total time: 17.29m | eta: 67.3m
step 00524/02520 (20.79%) | loss: 3.280101 | lrm: 1.00 | dt: 2008.02ms | tok/sec: 261,097 | bf16_mfu: 0.00 | epoch: 1 pq: 6 rg: 13 | total time: 17.32m | eta: 67.3m
step 00525/02520 (20.83%) | loss: 3.286022 | lrm: 1.00 | dt: 2009.62ms | tok/sec: 260,888 | bf16_mfu: 0.00 | epoch: 1 pq: 6 rg: 14 | total time: 17.35m | eta: 67.2m
step 00526/02520 (20.87%) | loss: 3.270273 | lrm: 1.00 | dt: 2008.50ms | tok/sec: 261,035 | bf16_mfu: 0.00 | epoch: 1 pq: 6 rg: 15 | total time: 17.39m | eta: 67.2m
step 00527/02520 (20.91%) | loss: 3.258447 | lrm: 1.00 | dt: 2009.64ms | tok/sec: 260,886 | bf16_mfu: 0.00 | epoch: 1 pq: 6 rg: 16 | total time: 17.42m | eta: 67.2m
step 00528/02520 (20.95%) | loss: 3.261960 | lrm: 1.00 | dt: 2009.38ms | tok/sec: 260,920 | bf16_mfu: 0.00 | epoch: 1 pq: 6 rg: 17 | total time: 17.45m | eta: 67.1m
step 00529/02520 (20.99%) | loss: 3.268166 | lrm: 1.00 | dt: 2008.73ms | tok/sec: 261,004 | bf16_mfu: 0.00 | epoch: 1 pq: 6 rg: 18 | total time: 17.49m | eta: 67.1m
step 00530/02520 (21.03%) | loss: 3.274920 | lrm: 1.00 | dt: 2009.74ms | tok/sec: 260,873 | bf16_mfu: 0.00 | epoch: 1 pq: 6 rg: 19 | total time: 17.52m | eta: 67.1m
step 00531/02520 (21.07%) | loss: 3.270792 | lrm: 1.00 | dt: 2008.46ms | tok/sec: 261,039 | bf16_mfu: 0.00 | epoch: 1 pq: 6 rg: 20 | total time: 17.55m | eta: 67.0m
step 00532/02520 (21.11%) | loss: 3.280555 | lrm: 1.00 | dt: 2009.02ms | tok/sec: 260,966 | bf16_mfu: 0.00 | epoch: 1 pq: 6 rg: 21 | total time: 17.59m | eta: 67.0m
step 00533/02520 (21.15%) | loss: 3.268023 | lrm: 1.00 | dt: 2009.41ms | tok/sec: 260,916 | bf16_mfu: 0.00 | epoch: 1 pq: 6 rg: 22 | total time: 17.62m | eta: 66.9m
step 00534/02520 (21.19%) | loss: 3.277211 | lrm: 1.00 | dt: 2009.34ms | tok/sec: 260,926 | bf16_mfu: 0.00 | epoch: 1 pq: 6 rg: 23 | total time: 17.65m | eta: 66.9m
step 00535/02520 (21.23%) | loss: 3.275865 | lrm: 1.00 | dt: 2010.10ms | tok/sec: 260,827 | bf16_mfu: 0.00 | epoch: 1 pq: 6 rg: 24 | total time: 17.69m | eta: 66.9m
step 00536/02520 (21.27%) | loss: 3.278877 | lrm: 1.00 | dt: 2011.02ms | tok/sec: 260,707 | bf16_mfu: 0.00 | epoch: 1 pq: 6 rg: 25 | total time: 17.72m | eta: 66.8m
step 00537/02520 (21.31%) | loss: 3.283045 | lrm: 1.00 | dt: 2009.87ms | tok/sec: 260,856 | bf16_mfu: 0.00 | epoch: 1 pq: 6 rg: 26 | total time: 17.76m | eta: 66.8m
step 00538/02520 (21.35%) | loss: 3.275725 | lrm: 1.00 | dt: 2011.25ms | tok/sec: 260,677 | bf16_mfu: 0.00 | epoch: 1 pq: 6 rg: 27 | total time: 17.79m | eta: 66.8m
step 00539/02520 (21.39%) | loss: 3.275648 | lrm: 1.00 | dt: 2009.62ms | tok/sec: 260,888 | bf16_mfu: 0.00 | epoch: 1 pq: 6 rg: 28 | total time: 17.82m | eta: 66.7m
step 00540/02520 (21.43%) | loss: 3.265440 | lrm: 1.00 | dt: 2012.11ms | tok/sec: 260,566 | bf16_mfu: 0.00 | epoch: 1 pq: 6 rg: 29 | total time: 17.86m | eta: 66.7m
step 00541/02520 (21.47%) | loss: 3.251618 | lrm: 1.00 | dt: 2011.79ms | tok/sec: 260,607 | bf16_mfu: 0.00 | epoch: 1 pq: 6 rg: 30 | total time: 17.89m | eta: 66.7m
step 00542/02520 (21.51%) | loss: 3.255308 | lrm: 1.00 | dt: 2009.70ms | tok/sec: 260,878 | bf16_mfu: 0.00 | epoch: 1 pq: 6 rg: 31 | total time: 17.92m | eta: 66.6m
step 00543/02520 (21.55%) | loss: 3.257237 | lrm: 1.00 | dt: 2011.04ms | tok/sec: 260,705 | bf16_mfu: 0.00 | epoch: 1 pq: 6 rg: 32 | total time: 17.96m | eta: 66.6m
step 00544/02520 (21.59%) | loss: 3.257981 | lrm: 1.00 | dt: 2011.22ms | tok/sec: 260,681 | bf16_mfu: 0.00 | epoch: 1 pq: 6 rg: 33 | total time: 17.99m | eta: 66.6m
step 00545/02520 (21.63%) | loss: 3.262605 | lrm: 1.00 | dt: 2011.94ms | tok/sec: 260,587 | bf16_mfu: 0.00 | epoch: 1 pq: 6 rg: 34 | total time: 18.02m | eta: 66.5m
step 00546/02520 (21.67%) | loss: 3.275792 | lrm: 1.00 | dt: 2009.87ms | tok/sec: 260,856 | bf16_mfu: 0.00 | epoch: 1 pq: 6 rg: 34 | total time: 18.06m | eta: 66.5m
step 00547/02520 (21.71%) | loss: 3.274486 | lrm: 1.00 | dt: 2010.44ms | tok/sec: 260,782 | bf16_mfu: 0.00 | epoch: 1 pq: 6 rg: 35 | total time: 18.09m | eta: 66.5m
step 00548/02520 (21.75%) | loss: 3.271718 | lrm: 1.00 | dt: 2008.39ms | tok/sec: 261,048 | bf16_mfu: 0.00 | epoch: 1 pq: 6 rg: 36 | total time: 18.12m | eta: 66.4m
step 00549/02520 (21.79%) | loss: 3.263983 | lrm: 1.00 | dt: 2009.67ms | tok/sec: 260,882 | bf16_mfu: 0.00 | epoch: 1 pq: 6 rg: 37 | total time: 18.16m | eta: 66.4m
step 00550/02520 (21.83%) | loss: 3.257228 | lrm: 1.00 | dt: 2009.35ms | tok/sec: 260,924 | bf16_mfu: 0.00 | epoch: 1 pq: 6 rg: 38 | total time: 18.19m | eta: 66.4m
step 00551/02520 (21.87%) | loss: 3.256038 | lrm: 1.00 | dt: 2010.58ms | tok/sec: 260,764 | bf16_mfu: 0.00 | epoch: 1 pq: 6 rg: 39 | total time: 18.22m | eta: 66.3m
step 00552/02520 (21.90%) | loss: 3.260112 | lrm: 1.00 | dt: 2009.68ms | tok/sec: 260,881 | bf16_mfu: 0.00 | epoch: 1 pq: 6 rg: 40 | total time: 18.26m | eta: 66.3m
step 00553/02520 (21.94%) | loss: 3.255671 | lrm: 1.00 | dt: 2011.52ms | tok/sec: 260,642 | bf16_mfu: 0.00 | epoch: 1 pq: 6 rg: 41 | total time: 18.29m | eta: 66.3m
step 00554/02520 (21.98%) | loss: 3.251367 | lrm: 1.00 | dt: 2011.27ms | tok/sec: 260,674 | bf16_mfu: 0.00 | epoch: 1 pq: 6 rg: 42 | total time: 18.32m | eta: 66.2m
step 00555/02520 (22.02%) | loss: 3.259453 | lrm: 1.00 | dt: 2012.14ms | tok/sec: 260,562 | bf16_mfu: 0.00 | epoch: 1 pq: 6 rg: 43 | total time: 18.36m | eta: 66.2m
step 00556/02520 (22.06%) | loss: 3.252925 | lrm: 1.00 | dt: 2011.96ms | tok/sec: 260,585 | bf16_mfu: 0.00 | epoch: 1 pq: 6 rg: 44 | total time: 18.39m | eta: 66.2m
step 00557/02520 (22.10%) | loss: 3.255635 | lrm: 1.00 | dt: 2012.45ms | tok/sec: 260,521 | bf16_mfu: 0.00 | epoch: 1 pq: 6 rg: 45 | total time: 18.43m | eta: 66.1m
step 00558/02520 (22.14%) | loss: 3.244797 | lrm: 1.00 | dt: 2013.02ms | tok/sec: 260,448 | bf16_mfu: 0.00 | epoch: 1 pq: 6 rg: 46 | total time: 18.46m | eta: 66.1m
step 00559/02520 (22.18%) | loss: 3.249836 | lrm: 1.00 | dt: 2012.41ms | tok/sec: 260,526 | bf16_mfu: 0.00 | epoch: 1 pq: 6 rg: 47 | total time: 18.49m | eta: 66.1m
step 00560/02520 (22.22%) | loss: 3.262755 | lrm: 1.00 | dt: 2012.08ms | tok/sec: 260,570 | bf16_mfu: 0.00 | epoch: 1 pq: 6 rg: 48 | total time: 18.53m | eta: 66.0m
step 00561/02520 (22.26%) | loss: 3.261935 | lrm: 1.00 | dt: 2010.42ms | tok/sec: 260,785 | bf16_mfu: 0.00 | epoch: 1 pq: 6 rg: 49 | total time: 18.56m | eta: 66.0m
step 00562/02520 (22.30%) | loss: 3.250446 | lrm: 1.00 | dt: 2011.24ms | tok/sec: 260,678 | bf16_mfu: 0.00 | epoch: 1 pq: 6 rg: 50 | total time: 18.59m | eta: 66.0m
step 00563/02520 (22.34%) | loss: 3.248364 | lrm: 1.00 | dt: 2012.70ms | tok/sec: 260,490 | bf16_mfu: 0.00 | epoch: 1 pq: 6 rg: 51 | total time: 18.63m | eta: 65.9m
step 00564/02520 (22.38%) | loss: 3.251646 | lrm: 1.00 | dt: 2011.10ms | tok/sec: 260,697 | bf16_mfu: 0.00 | epoch: 1 pq: 6 rg: 52 | total time: 18.66m | eta: 65.9m
step 00565/02520 (22.42%) | loss: 3.256987 | lrm: 1.00 | dt: 2011.51ms | tok/sec: 260,644 | bf16_mfu: 0.00 | epoch: 1 pq: 6 rg: 53 | total time: 18.69m | eta: 65.8m
step 00566/02520 (22.46%) | loss: 3.266359 | lrm: 1.00 | dt: 2012.90ms | tok/sec: 260,464 | bf16_mfu: 0.00 | epoch: 1 pq: 6 rg: 54 | total time: 18.73m | eta: 65.8m
step 00567/02520 (22.50%) | loss: 3.260274 | lrm: 1.00 | dt: 2012.18ms | tok/sec: 260,557 | bf16_mfu: 0.00 | epoch: 1 pq: 6 rg: 55 | total time: 18.76m | eta: 65.8m
step 00568/02520 (22.54%) | loss: 3.264477 | lrm: 1.00 | dt: 2012.51ms | tok/sec: 260,514 | bf16_mfu: 0.00 | epoch: 1 pq: 6 rg: 56 | total time: 18.79m | eta: 65.7m
step 00569/02520 (22.58%) | loss: 3.256442 | lrm: 1.00 | dt: 2012.02ms | tok/sec: 260,578 | bf16_mfu: 0.00 | epoch: 1 pq: 6 rg: 57 | total time: 18.83m | eta: 65.7m
step 00570/02520 (22.62%) | loss: 3.259784 | lrm: 1.00 | dt: 2011.42ms | tok/sec: 260,656 | bf16_mfu: 0.00 | epoch: 1 pq: 6 rg: 58 | total time: 18.86m | eta: 65.7m
step 00571/02520 (22.66%) | loss: 3.265710 | lrm: 1.00 | dt: 2012.24ms | tok/sec: 260,548 | bf16_mfu: 0.00 | epoch: 1 pq: 6 rg: 59 | total time: 18.89m | eta: 65.6m
step 00572/02520 (22.70%) | loss: 3.266950 | lrm: 1.00 | dt: 2013.03ms | tok/sec: 260,447 | bf16_mfu: 0.00 | epoch: 1 pq: 6 rg: 60 | total time: 18.93m | eta: 65.6m
step 00573/02520 (22.74%) | loss: 3.270692 | lrm: 1.00 | dt: 2012.94ms | tok/sec: 260,459 | bf16_mfu: 0.00 | epoch: 1 pq: 6 rg: 61 | total time: 18.96m | eta: 65.6m
step 00574/02520 (22.78%) | loss: 3.260927 | lrm: 1.00 | dt: 2011.81ms | tok/sec: 260,605 | bf16_mfu: 0.00 | epoch: 1 pq: 6 rg: 62 | total time: 19.00m | eta: 65.5m
step 00575/02520 (22.82%) | loss: 3.254313 | lrm: 1.00 | dt: 2010.02ms | tok/sec: 260,837 | bf16_mfu: 0.00 | epoch: 1 pq: 6 rg: 63 | total time: 19.03m | eta: 65.5m
step 00576/02520 (22.86%) | loss: 3.254681 | lrm: 1.00 | dt: 2013.01ms | tok/sec: 260,449 | bf16_mfu: 0.00 | epoch: 1 pq: 6 rg: 64 | total time: 19.06m | eta: 65.5m
step 00577/02520 (22.90%) | loss: 3.251072 | lrm: 1.00 | dt: 2011.22ms | tok/sec: 260,681 | bf16_mfu: 0.00 | epoch: 1 pq: 6 rg: 65 | total time: 19.10m | eta: 65.4m
step 00578/02520 (22.94%) | loss: 3.247073 | lrm: 1.00 | dt: 2011.39ms | tok/sec: 260,658 | bf16_mfu: 0.00 | epoch: 1 pq: 6 rg: 66 | total time: 19.13m | eta: 65.4m
step 00579/02520 (22.98%) | loss: 3.253112 | lrm: 1.00 | dt: 2013.47ms | tok/sec: 260,390 | bf16_mfu: 0.00 | epoch: 1 pq: 6 rg: 67 | total time: 19.16m | eta: 65.4m
step 00580/02520 (23.02%) | loss: 3.248694 | lrm: 1.00 | dt: 2013.51ms | tok/sec: 260,385 | bf16_mfu: 0.00 | epoch: 1 pq: 6 rg: 68 | total time: 19.20m | eta: 65.3m
step 00581/02520 (23.06%) | loss: 3.245324 | lrm: 1.00 | dt: 2011.95ms | tok/sec: 260,587 | bf16_mfu: 0.00 | epoch: 1 pq: 6 rg: 68 | total time: 19.23m | eta: 65.3m
step 00582/02520 (23.10%) | loss: 3.233734 | lrm: 1.00 | dt: 2013.73ms | tok/sec: 260,356 | bf16_mfu: 0.00 | epoch: 1 pq: 6 rg: 69 | total time: 19.26m | eta: 65.3m
step 00583/02520 (23.13%) | loss: 3.239802 | lrm: 1.00 | dt: 2013.29ms | tok/sec: 260,413 | bf16_mfu: 0.00 | epoch: 1 pq: 6 rg: 70 | total time: 19.30m | eta: 65.2m
step 00584/02520 (23.17%) | loss: 3.237632 | lrm: 1.00 | dt: 2011.99ms | tok/sec: 260,581 | bf16_mfu: 0.00 | epoch: 1 pq: 6 rg: 71 | total time: 19.33m | eta: 65.2m
step 00585/02520 (23.21%) | loss: 3.244795 | lrm: 1.00 | dt: 2013.30ms | tok/sec: 260,412 | bf16_mfu: 0.00 | epoch: 1 pq: 6 rg: 72 | total time: 19.36m | eta: 65.2m
step 00586/02520 (23.25%) | loss: 3.258498 | lrm: 1.00 | dt: 2011.60ms | tok/sec: 260,632 | bf16_mfu: 0.00 | epoch: 1 pq: 6 rg: 73 | total time: 19.40m | eta: 65.1m
step 00587/02520 (23.29%) | loss: 3.252970 | lrm: 1.00 | dt: 2011.87ms | tok/sec: 260,596 | bf16_mfu: 0.00 | epoch: 1 pq: 6 rg: 74 | total time: 19.43m | eta: 65.1m
step 00588/02520 (23.33%) | loss: 3.252893 | lrm: 1.00 | dt: 2013.25ms | tok/sec: 260,419 | bf16_mfu: 0.00 | epoch: 1 pq: 6 rg: 75 | total time: 19.47m | eta: 65.1m
step 00589/02520 (23.37%) | loss: 3.252157 | lrm: 1.00 | dt: 2014.49ms | tok/sec: 260,258 | bf16_mfu: 0.00 | epoch: 1 pq: 6 rg: 76 | total time: 19.50m | eta: 65.0m
step 00590/02520 (23.41%) | loss: 3.253061 | lrm: 1.00 | dt: 2013.21ms | tok/sec: 260,424 | bf16_mfu: 0.00 | epoch: 1 pq: 6 rg: 77 | total time: 19.53m | eta: 65.0m
step 00591/02520 (23.45%) | loss: 3.260744 | lrm: 1.00 | dt: 2012.15ms | tok/sec: 260,560 | bf16_mfu: 0.00 | epoch: 1 pq: 6 rg: 78 | total time: 19.57m | eta: 65.0m
step 00592/02520 (23.49%) | loss: 3.245564 | lrm: 1.00 | dt: 2013.06ms | tok/sec: 260,443 | bf16_mfu: 0.00 | epoch: 1 pq: 6 rg: 79 | total time: 19.60m | eta: 64.9m
step 00593/02520 (23.53%) | loss: 3.244026 | lrm: 1.00 | dt: 2011.89ms | tok/sec: 260,595 | bf16_mfu: 0.00 | epoch: 1 pq: 6 rg: 80 | total time: 19.63m | eta: 64.9m
step 00594/02520 (23.57%) | loss: 3.245456 | lrm: 1.00 | dt: 2011.37ms | tok/sec: 260,662 | bf16_mfu: 0.00 | epoch: 1 pq: 6 rg: 81 | total time: 19.67m | eta: 64.9m
step 00595/02520 (23.61%) | loss: 3.250984 | lrm: 1.00 | dt: 2012.33ms | tok/sec: 260,537 | bf16_mfu: 0.00 | epoch: 1 pq: 7 rg: 0 | total time: 19.70m | eta: 64.8m
step 00596/02520 (23.65%) | loss: 3.246140 | lrm: 1.00 | dt: 2010.34ms | tok/sec: 260,795 | bf16_mfu: 0.00 | epoch: 1 pq: 7 rg: 1 | total time: 19.73m | eta: 64.8m
step 00597/02520 (23.69%) | loss: 3.253130 | lrm: 1.00 | dt: 2011.17ms | tok/sec: 260,688 | bf16_mfu: 0.00 | epoch: 1 pq: 7 rg: 2 | total time: 19.77m | eta: 64.8m
step 00598/02520 (23.73%) | loss: 3.248005 | lrm: 1.00 | dt: 2009.89ms | tok/sec: 260,854 | bf16_mfu: 0.00 | epoch: 1 pq: 7 rg: 3 | total time: 19.80m | eta: 64.7m
step 00599/02520 (23.77%) | loss: 3.238580 | lrm: 1.00 | dt: 2010.40ms | tok/sec: 260,787 | bf16_mfu: 0.00 | epoch: 1 pq: 7 rg: 4 | total time: 19.83m | eta: 64.7m
step 00600/02520 (23.81%) | loss: 3.231968 | lrm: 1.00 | dt: 2012.45ms | tok/sec: 260,521 | bf16_mfu: 0.00 | epoch: 1 pq: 7 rg: 5 | total time: 19.87m | eta: 64.7m
step 00601/02520 (23.85%) | loss: 3.241522 | lrm: 1.00 | dt: 2009.93ms | tok/sec: 260,848 | bf16_mfu: 0.00 | epoch: 1 pq: 7 rg: 6 | total time: 19.90m | eta: 64.6m
step 00602/02520 (23.89%) | loss: 3.254108 | lrm: 1.00 | dt: 2011.55ms | tok/sec: 260,639 | bf16_mfu: 0.00 | epoch: 1 pq: 7 rg: 7 | total time: 19.93m | eta: 64.6m
step 00603/02520 (23.93%) | loss: 3.249478 | lrm: 1.00 | dt: 2010.67ms | tok/sec: 260,752 | bf16_mfu: 0.00 | epoch: 1 pq: 7 rg: 8 | total time: 19.97m | eta: 64.6m
step 00604/02520 (23.97%) | loss: 3.237719 | lrm: 1.00 | dt: 2011.74ms | tok/sec: 260,614 | bf16_mfu: 0.00 | epoch: 1 pq: 7 rg: 9 | total time: 20.00m | eta: 64.5m
step 00605/02520 (24.01%) | loss: 3.236361 | lrm: 1.00 | dt: 2012.49ms | tok/sec: 260,517 | bf16_mfu: 0.00 | epoch: 1 pq: 7 rg: 10 | total time: 20.04m | eta: 64.5m
step 00606/02520 (24.05%) | loss: 3.246848 | lrm: 1.00 | dt: 2012.39ms | tok/sec: 260,530 | bf16_mfu: 0.00 | epoch: 1 pq: 7 rg: 11 | total time: 20.07m | eta: 64.4m
step 00607/02520 (24.09%) | loss: 3.253857 | lrm: 1.00 | dt: 2010.50ms | tok/sec: 260,774 | bf16_mfu: 0.00 | epoch: 1 pq: 7 rg: 12 | total time: 20.10m | eta: 64.4m
step 00608/02520 (24.13%) | loss: 3.238494 | lrm: 1.00 | dt: 2010.80ms | tok/sec: 260,735 | bf16_mfu: 0.00 | epoch: 1 pq: 7 rg: 13 | total time: 20.14m | eta: 64.4m
step 00609/02520 (24.17%) | loss: 3.252338 | lrm: 1.00 | dt: 2011.07ms | tok/sec: 260,700 | bf16_mfu: 0.00 | epoch: 1 pq: 7 rg: 14 | total time: 20.17m | eta: 64.3m
step 00610/02520 (24.21%) | loss: 3.260656 | lrm: 1.00 | dt: 2010.79ms | tok/sec: 260,736 | bf16_mfu: 0.00 | epoch: 1 pq: 7 rg: 15 | total time: 20.20m | eta: 64.3m
step 00611/02520 (24.25%) | loss: 3.263597 | lrm: 1.00 | dt: 2012.43ms | tok/sec: 260,525 | bf16_mfu: 0.00 | epoch: 1 pq: 7 rg: 16 | total time: 20.24m | eta: 64.3m
step 00612/02520 (24.29%) | loss: 3.252216 | lrm: 1.00 | dt: 2011.92ms | tok/sec: 260,591 | bf16_mfu: 0.00 | epoch: 1 pq: 7 rg: 16 | total time: 20.27m | eta: 64.2m
step 00613/02520 (24.33%) | loss: 3.252138 | lrm: 1.00 | dt: 2011.23ms | tok/sec: 260,680 | bf16_mfu: 0.00 | epoch: 1 pq: 7 rg: 17 | total time: 20.30m | eta: 64.2m
step 00614/02520 (24.37%) | loss: 3.256998 | lrm: 1.00 | dt: 2012.73ms | tok/sec: 260,486 | bf16_mfu: 0.00 | epoch: 1 pq: 7 rg: 18 | total time: 20.34m | eta: 64.2m
step 00615/02520 (24.40%) | loss: 3.262312 | lrm: 1.00 | dt: 2012.51ms | tok/sec: 260,514 | bf16_mfu: 0.00 | epoch: 1 pq: 7 rg: 19 | total time: 20.37m | eta: 64.1m
step 00616/02520 (24.44%) | loss: 3.264750 | lrm: 1.00 | dt: 2012.69ms | tok/sec: 260,491 | bf16_mfu: 0.00 | epoch: 1 pq: 7 rg: 20 | total time: 20.40m | eta: 64.1m
step 00617/02520 (24.48%) | loss: 3.262353 | lrm: 1.00 | dt: 2012.77ms | tok/sec: 260,480 | bf16_mfu: 0.00 | epoch: 1 pq: 7 rg: 21 | total time: 20.44m | eta: 64.1m
step 00618/02520 (24.52%) | loss: 3.247403 | lrm: 1.00 | dt: 2013.52ms | tok/sec: 260,383 | bf16_mfu: 0.00 | epoch: 1 pq: 7 rg: 22 | total time: 20.47m | eta: 64.0m
step 00619/02520 (24.56%) | loss: 3.246403 | lrm: 1.00 | dt: 2011.88ms | tok/sec: 260,595 | bf16_mfu: 0.00 | epoch: 1 pq: 7 rg: 23 | total time: 20.50m | eta: 64.0m
step 00620/02520 (24.60%) | loss: 3.247533 | lrm: 1.00 | dt: 2011.90ms | tok/sec: 260,593 | bf16_mfu: 0.00 | epoch: 1 pq: 7 rg: 24 | total time: 20.54m | eta: 64.0m
step 00621/02520 (24.64%) | loss: 3.243656 | lrm: 1.00 | dt: 2010.56ms | tok/sec: 260,767 | bf16_mfu: 0.00 | epoch: 1 pq: 7 rg: 25 | total time: 20.57m | eta: 63.9m
step 00622/02520 (24.68%) | loss: 3.257318 | lrm: 1.00 | dt: 2008.03ms | tok/sec: 261,095 | bf16_mfu: 0.00 | epoch: 1 pq: 7 rg: 26 | total time: 20.60m | eta: 63.9m
step 00623/02520 (24.72%) | loss: 3.255715 | lrm: 1.00 | dt: 2008.99ms | tok/sec: 260,970 | bf16_mfu: 0.00 | epoch: 1 pq: 7 rg: 27 | total time: 20.64m | eta: 63.9m
step 00624/02520 (24.76%) | loss: 3.260418 | lrm: 1.00 | dt: 2010.86ms | tok/sec: 260,727 | bf16_mfu: 0.00 | epoch: 1 pq: 7 rg: 28 | total time: 20.67m | eta: 63.8m
step 00625/02520 (24.80%) | loss: 3.256800 | lrm: 1.00 | dt: 2011.13ms | tok/sec: 260,693 | bf16_mfu: 0.00 | epoch: 1 pq: 7 rg: 29 | total time: 20.71m | eta: 63.8m
step 00626/02520 (24.84%) | loss: 3.256615 | lrm: 1.00 | dt: 2011.19ms | tok/sec: 260,684 | bf16_mfu: 0.00 | epoch: 1 pq: 7 rg: 30 | total time: 20.74m | eta: 63.8m
step 00627/02520 (24.88%) | loss: 3.254826 | lrm: 1.00 | dt: 2009.04ms | tok/sec: 260,964 | bf16_mfu: 0.00 | epoch: 1 pq: 7 rg: 31 | total time: 20.77m | eta: 63.7m
step 00628/02520 (24.92%) | loss: 3.246107 | lrm: 1.00 | dt: 2011.88ms | tok/sec: 260,596 | bf16_mfu: 0.00 | epoch: 1 pq: 7 rg: 32 | total time: 20.81m | eta: 63.7m
step 00629/02520 (24.96%) | loss: 3.243168 | lrm: 1.00 | dt: 2008.27ms | tok/sec: 261,064 | bf16_mfu: 0.00 | epoch: 1 pq: 7 rg: 33 | total time: 20.84m | eta: 63.7m
step 00630/02520 (25.00%) | loss: 3.232888 | lrm: 1.00 | dt: 2010.20ms | tok/sec: 260,814 | bf16_mfu: 0.00 | epoch: 1 pq: 7 rg: 34 | total time: 20.87m | eta: 63.6m
step 00631/02520 (25.04%) | loss: 3.226928 | lrm: 1.00 | dt: 2009.91ms | tok/sec: 260,851 | bf16_mfu: 0.00 | epoch: 1 pq: 7 rg: 35 | total time: 20.91m | eta: 63.6m
step 00632/02520 (25.08%) | loss: 3.233351 | lrm: 1.00 | dt: 2009.21ms | tok/sec: 260,942 | bf16_mfu: 0.00 | epoch: 1 pq: 7 rg: 36 | total time: 20.94m | eta: 63.6m
step 00633/02520 (25.12%) | loss: 3.228210 | lrm: 1.00 | dt: 2009.86ms | tok/sec: 260,857 | bf16_mfu: 0.00 | epoch: 1 pq: 7 rg: 37 | total time: 20.97m | eta: 63.5m
step 00634/02520 (25.16%) | loss: 3.232174 | lrm: 1.00 | dt: 2010.77ms | tok/sec: 260,739 | bf16_mfu: 0.00 | epoch: 1 pq: 7 rg: 38 | total time: 21.01m | eta: 63.5m
step 00635/02520 (25.20%) | loss: 3.238139 | lrm: 1.00 | dt: 2011.58ms | tok/sec: 260,634 | bf16_mfu: 0.00 | epoch: 1 pq: 7 rg: 39 | total time: 21.04m | eta: 63.5m
step 00636/02520 (25.24%) | loss: 3.242548 | lrm: 1.00 | dt: 2011.27ms | tok/sec: 260,675 | bf16_mfu: 0.00 | epoch: 1 pq: 7 rg: 40 | total time: 21.07m | eta: 63.4m
step 00637/02520 (25.28%) | loss: 3.237432 | lrm: 1.00 | dt: 2010.84ms | tok/sec: 260,730 | bf16_mfu: 0.00 | epoch: 1 pq: 7 rg: 41 | total time: 21.11m | eta: 63.4m
step 00638/02520 (25.32%) | loss: 3.223737 | lrm: 1.00 | dt: 2010.22ms | tok/sec: 260,810 | bf16_mfu: 0.00 | epoch: 1 pq: 7 rg: 42 | total time: 21.14m | eta: 63.4m
step 00639/02520 (25.36%) | loss: 3.230085 | lrm: 1.00 | dt: 2009.25ms | tok/sec: 260,937 | bf16_mfu: 0.00 | epoch: 1 pq: 7 rg: 43 | total time: 21.17m | eta: 63.3m
step 00640/02520 (25.40%) | loss: 3.228019 | lrm: 1.00 | dt: 2007.53ms | tok/sec: 261,160 | bf16_mfu: 0.00 | epoch: 1 pq: 7 rg: 44 | total time: 21.21m | eta: 63.3m
step 00641/02520 (25.44%) | loss: 3.232087 | lrm: 1.00 | dt: 2009.68ms | tok/sec: 260,881 | bf16_mfu: 0.00 | epoch: 1 pq: 7 rg: 45 | total time: 21.24m | eta: 63.3m
step 00642/02520 (25.48%) | loss: 3.236296 | lrm: 1.00 | dt: 2008.79ms | tok/sec: 260,996 | bf16_mfu: 0.00 | epoch: 1 pq: 7 rg: 46 | total time: 21.27m | eta: 63.2m
step 00643/02520 (25.52%) | loss: 3.236649 | lrm: 1.00 | dt: 2009.65ms | tok/sec: 260,885 | bf16_mfu: 0.00 | epoch: 1 pq: 7 rg: 47 | total time: 21.31m | eta: 63.2m
step 00644/02520 (25.56%) | loss: 3.230345 | lrm: 1.00 | dt: 2009.16ms | tok/sec: 260,948 | bf16_mfu: 0.00 | epoch: 1 pq: 7 rg: 48 | total time: 21.34m | eta: 63.2m
step 00645/02520 (25.60%) | loss: 3.230180 | lrm: 1.00 | dt: 2009.88ms | tok/sec: 260,854 | bf16_mfu: 0.00 | epoch: 1 pq: 7 rg: 49 | total time: 21.38m | eta: 63.1m
step 00646/02520 (25.63%) | loss: 3.225271 | lrm: 1.00 | dt: 2010.13ms | tok/sec: 260,822 | bf16_mfu: 0.00 | epoch: 1 pq: 7 rg: 49 | total time: 21.41m | eta: 63.1m
step 00647/02520 (25.67%) | loss: 3.216976 | lrm: 1.00 | dt: 2008.59ms | tok/sec: 261,023 | bf16_mfu: 0.00 | epoch: 1 pq: 7 rg: 50 | total time: 21.44m | eta: 63.0m
step 00648/02520 (25.71%) | loss: 3.232314 | lrm: 1.00 | dt: 2010.63ms | tok/sec: 260,758 | bf16_mfu: 0.00 | epoch: 1 pq: 7 rg: 51 | total time: 21.48m | eta: 63.0m
step 00649/02520 (25.75%) | loss: 3.249233 | lrm: 1.00 | dt: 2008.25ms | tok/sec: 261,066 | bf16_mfu: 0.00 | epoch: 1 pq: 7 rg: 52 | total time: 21.51m | eta: 63.0m
step 00650/02520 (25.79%) | loss: 3.249993 | lrm: 1.00 | dt: 2010.47ms | tok/sec: 260,778 | bf16_mfu: 0.00 | epoch: 1 pq: 7 rg: 53 | total time: 21.54m | eta: 62.9m
step 00651/02520 (25.83%) | loss: 3.253024 | lrm: 1.00 | dt: 2008.85ms | tok/sec: 260,988 | bf16_mfu: 0.00 | epoch: 1 pq: 7 rg: 54 | total time: 21.58m | eta: 62.9m
step 00652/02520 (25.87%) | loss: 3.240365 | lrm: 1.00 | dt: 2010.83ms | tok/sec: 260,732 | bf16_mfu: 0.00 | epoch: 1 pq: 7 rg: 55 | total time: 21.61m | eta: 62.9m
step 00653/02520 (25.91%) | loss: 3.237082 | lrm: 1.00 | dt: 2008.16ms | tok/sec: 261,078 | bf16_mfu: 0.00 | epoch: 1 pq: 7 rg: 56 | total time: 21.64m | eta: 62.8m
step 00654/02520 (25.95%) | loss: 3.231421 | lrm: 1.00 | dt: 2009.85ms | tok/sec: 260,859 | bf16_mfu: 0.00 | epoch: 1 pq: 7 rg: 57 | total time: 21.68m | eta: 62.8m
step 00655/02520 (25.99%) | loss: 3.234353 | lrm: 1.00 | dt: 2009.52ms | tok/sec: 260,901 | bf16_mfu: 0.00 | epoch: 1 pq: 7 rg: 58 | total time: 21.71m | eta: 62.8m
step 00656/02520 (26.03%) | loss: 3.240453 | lrm: 1.00 | dt: 2009.36ms | tok/sec: 260,922 | bf16_mfu: 0.00 | epoch: 1 pq: 7 rg: 59 | total time: 21.74m | eta: 62.7m
step 00657/02520 (26.07%) | loss: 3.246783 | lrm: 1.00 | dt: 2009.47ms | tok/sec: 260,908 | bf16_mfu: 0.00 | epoch: 1 pq: 7 rg: 60 | total time: 21.78m | eta: 62.7m
step 00658/02520 (26.11%) | loss: 3.257367 | lrm: 1.00 | dt: 2008.93ms | tok/sec: 260,978 | bf16_mfu: 0.00 | epoch: 1 pq: 7 rg: 61 | total time: 21.81m | eta: 62.7m
step 00659/02520 (26.15%) | loss: 3.261331 | lrm: 1.00 | dt: 2009.12ms | tok/sec: 260,953 | bf16_mfu: 0.00 | epoch: 1 pq: 7 rg: 62 | total time: 21.84m | eta: 62.6m
step 00660/02520 (26.19%) | loss: 3.258955 | lrm: 1.00 | dt: 2009.11ms | tok/sec: 260,955 | bf16_mfu: 0.00 | epoch: 1 pq: 7 rg: 63 | total time: 21.88m | eta: 62.6m
step 00661/02520 (26.23%) | loss: 3.253107 | lrm: 1.00 | dt: 2008.76ms | tok/sec: 261,001 | bf16_mfu: 0.00 | epoch: 1 pq: 7 rg: 64 | total time: 21.91m | eta: 62.6m
step 00662/02520 (26.27%) | loss: 3.251356 | lrm: 1.00 | dt: 2009.53ms | tok/sec: 260,901 | bf16_mfu: 0.00 | epoch: 1 pq: 7 rg: 65 | total time: 21.94m | eta: 62.5m
step 00663/02520 (26.31%) | loss: 3.244506 | lrm: 1.00 | dt: 2008.71ms | tok/sec: 261,007 | bf16_mfu: 0.00 | epoch: 1 pq: 7 rg: 66 | total time: 21.98m | eta: 62.5m
step 00664/02520 (26.35%) | loss: 3.241912 | lrm: 1.00 | dt: 2010.64ms | tok/sec: 260,756 | bf16_mfu: 0.00 | epoch: 1 pq: 7 rg: 67 | total time: 22.01m | eta: 62.5m
step 00665/02520 (26.39%) | loss: 3.231132 | lrm: 1.00 | dt: 2010.46ms | tok/sec: 260,779 | bf16_mfu: 0.00 | epoch: 1 pq: 7 rg: 68 | total time: 22.05m | eta: 62.4m
step 00666/02520 (26.43%) | loss: 3.237064 | lrm: 1.00 | dt: 2008.90ms | tok/sec: 260,982 | bf16_mfu: 0.00 | epoch: 1 pq: 7 rg: 69 | total time: 22.08m | eta: 62.4m
step 00667/02520 (26.47%) | loss: 3.229949 | lrm: 1.00 | dt: 2009.56ms | tok/sec: 260,896 | bf16_mfu: 0.00 | epoch: 1 pq: 7 rg: 70 | total time: 22.11m | eta: 62.4m
step 00668/02520 (26.51%) | loss: 3.227602 | lrm: 1.00 | dt: 2008.66ms | tok/sec: 261,013 | bf16_mfu: 0.00 | epoch: 1 pq: 7 rg: 71 | total time: 22.15m | eta: 62.3m
step 00669/02520 (26.55%) | loss: 3.220642 | lrm: 1.00 | dt: 2011.28ms | tok/sec: 260,674 | bf16_mfu: 0.00 | epoch: 1 pq: 7 rg: 72 | total time: 22.18m | eta: 62.3m
step 00670/02520 (26.59%) | loss: 3.215974 | lrm: 1.00 | dt: 2009.38ms | tok/sec: 260,919 | bf16_mfu: 0.00 | epoch: 1 pq: 7 rg: 73 | total time: 22.21m | eta: 62.3m
step 00671/02520 (26.63%) | loss: 3.215112 | lrm: 1.00 | dt: 2010.08ms | tok/sec: 260,829 | bf16_mfu: 0.00 | epoch: 1 pq: 7 rg: 74 | total time: 22.25m | eta: 62.2m
step 00672/02520 (26.67%) | loss: 3.231770 | lrm: 1.00 | dt: 2009.88ms | tok/sec: 260,855 | bf16_mfu: 0.00 | epoch: 1 pq: 7 rg: 75 | total time: 22.28m | eta: 62.2m
step 00673/02520 (26.71%) | loss: 3.228166 | lrm: 1.00 | dt: 2009.35ms | tok/sec: 260,924 | bf16_mfu: 0.00 | epoch: 1 pq: 7 rg: 76 | total time: 22.31m | eta: 62.2m
step 00674/02520 (26.75%) | loss: 3.229188 | lrm: 1.00 | dt: 2009.33ms | tok/sec: 260,926 | bf16_mfu: 0.00 | epoch: 1 pq: 7 rg: 77 | total time: 22.35m | eta: 62.1m
step 00675/02520 (26.79%) | loss: 3.233885 | lrm: 1.00 | dt: 2010.37ms | tok/sec: 260,791 | bf16_mfu: 0.00 | epoch: 1 pq: 7 rg: 78 | total time: 22.38m | eta: 62.1m
step 00676/02520 (26.83%) | loss: 3.240930 | lrm: 1.00 | dt: 2010.37ms | tok/sec: 260,791 | bf16_mfu: 0.00 | epoch: 1 pq: 7 rg: 79 | total time: 22.41m | eta: 62.1m
step 00677/02520 (26.87%) | loss: 3.241509 | lrm: 1.00 | dt: 2009.19ms | tok/sec: 260,945 | bf16_mfu: 0.00 | epoch: 1 pq: 7 rg: 80 | total time: 22.45m | eta: 62.0m
step 00678/02520 (26.90%) | loss: 3.232998 | lrm: 1.00 | dt: 2009.07ms | tok/sec: 260,960 | bf16_mfu: 0.00 | epoch: 1 pq: 7 rg: 81 | total time: 22.48m | eta: 62.0m
step 00679/02520 (26.94%) | loss: 3.235037 | lrm: 1.00 | dt: 2010.73ms | tok/sec: 260,744 | bf16_mfu: 0.00 | epoch: 1 pq: 7 rg: 81 | total time: 22.51m | eta: 62.0m
step 00680/02520 (26.98%) | loss: 3.239751 | lrm: 1.00 | dt: 2008.98ms | tok/sec: 260,972 | bf16_mfu: 0.00 | epoch: 1 pq: 8 rg: 1 | total time: 22.55m | eta: 61.9m
step 00681/02520 (27.02%) | loss: 3.227356 | lrm: 1.00 | dt: 2009.79ms | tok/sec: 260,867 | bf16_mfu: 0.00 | epoch: 1 pq: 8 rg: 1 | total time: 22.58m | eta: 61.9m
step 00682/02520 (27.06%) | loss: 3.224939 | lrm: 1.00 | dt: 2011.46ms | tok/sec: 260,649 | bf16_mfu: 0.00 | epoch: 1 pq: 8 rg: 2 | total time: 22.61m | eta: 61.9m
step 00683/02520 (27.10%) | loss: 3.234104 | lrm: 1.00 | dt: 2009.12ms | tok/sec: 260,954 | bf16_mfu: 0.00 | epoch: 1 pq: 8 rg: 3 | total time: 22.65m | eta: 61.8m
step 00684/02520 (27.14%) | loss: 3.232415 | lrm: 1.00 | dt: 2008.20ms | tok/sec: 261,073 | bf16_mfu: 0.00 | epoch: 1 pq: 8 rg: 4 | total time: 22.68m | eta: 61.8m
step 00685/02520 (27.18%) | loss: 3.230736 | lrm: 1.00 | dt: 2009.27ms | tok/sec: 260,933 | bf16_mfu: 0.00 | epoch: 1 pq: 8 rg: 5 | total time: 22.72m | eta: 61.8m
step 00686/02520 (27.22%) | loss: 3.217822 | lrm: 1.00 | dt: 2011.73ms | tok/sec: 260,615 | bf16_mfu: 0.00 | epoch: 1 pq: 8 rg: 6 | total time: 22.75m | eta: 61.7m
step 00687/02520 (27.26%) | loss: 3.218945 | lrm: 1.00 | dt: 2010.28ms | tok/sec: 260,803 | bf16_mfu: 0.00 | epoch: 1 pq: 8 rg: 7 | total time: 22.78m | eta: 61.7m
step 00688/02520 (27.30%) | loss: 3.226711 | lrm: 1.00 | dt: 2009.88ms | tok/sec: 260,855 | bf16_mfu: 0.00 | epoch: 1 pq: 8 rg: 8 | total time: 22.82m | eta: 61.6m
step 00689/02520 (27.34%) | loss: 3.207034 | lrm: 1.00 | dt: 2011.00ms | tok/sec: 260,710 | bf16_mfu: 0.00 | epoch: 1 pq: 8 rg: 9 | total time: 22.85m | eta: 61.6m
step 00690/02520 (27.38%) | loss: 3.205910 | lrm: 1.00 | dt: 2010.58ms | tok/sec: 260,764 | bf16_mfu: 0.00 | epoch: 1 pq: 8 rg: 10 | total time: 22.88m | eta: 61.6m
step 00691/02520 (27.42%) | loss: 3.215157 | lrm: 1.00 | dt: 2009.87ms | tok/sec: 260,856 | bf16_mfu: 0.00 | epoch: 1 pq: 8 rg: 11 | total time: 22.92m | eta: 61.5m
step 00692/02520 (27.46%) | loss: 3.218160 | lrm: 1.00 | dt: 2010.72ms | tok/sec: 260,746 | bf16_mfu: 0.00 | epoch: 1 pq: 8 rg: 12 | total time: 22.95m | eta: 61.5m
step 00693/02520 (27.50%) | loss: 3.211576 | lrm: 1.00 | dt: 2011.10ms | tok/sec: 260,697 | bf16_mfu: 0.00 | epoch: 1 pq: 8 rg: 13 | total time: 22.98m | eta: 61.5m
step 00694/02520 (27.54%) | loss: 3.208626 | lrm: 1.00 | dt: 2008.82ms | tok/sec: 260,993 | bf16_mfu: 0.00 | epoch: 1 pq: 8 rg: 14 | total time: 23.02m | eta: 61.4m
step 00695/02520 (27.58%) | loss: 3.215888 | lrm: 1.00 | dt: 2010.51ms | tok/sec: 260,773 | bf16_mfu: 0.00 | epoch: 1 pq: 8 rg: 15 | total time: 23.05m | eta: 61.4m
step 00696/02520 (27.62%) | loss: 3.220410 | lrm: 1.00 | dt: 2010.29ms | tok/sec: 260,801 | bf16_mfu: 0.00 | epoch: 1 pq: 8 rg: 16 | total time: 23.08m | eta: 61.4m
step 00697/02520 (27.66%) | loss: 3.212653 | lrm: 1.00 | dt: 2008.27ms | tok/sec: 261,064 | bf16_mfu: 0.00 | epoch: 1 pq: 8 rg: 17 | total time: 23.12m | eta: 61.3m
step 00698/02520 (27.70%) | loss: 3.203699 | lrm: 1.00 | dt: 2007.65ms | tok/sec: 261,145 | bf16_mfu: 0.00 | epoch: 1 pq: 8 rg: 18 | total time: 23.15m | eta: 61.3m
step 00699/02520 (27.74%) | loss: 3.221630 | lrm: 1.00 | dt: 2010.31ms | tok/sec: 260,799 | bf16_mfu: 0.00 | epoch: 1 pq: 8 rg: 19 | total time: 23.18m | eta: 61.3m
step 00700/02520 (27.78%) | loss: 3.220864 | lrm: 1.00 | dt: 2009.48ms | tok/sec: 260,906 | bf16_mfu: 0.00 | epoch: 1 pq: 8 rg: 20 | total time: 23.22m | eta: 61.2m
step 00701/02520 (27.82%) | loss: 3.222835 | lrm: 1.00 | dt: 2008.95ms | tok/sec: 260,975 | bf16_mfu: 0.00 | epoch: 1 pq: 8 rg: 21 | total time: 23.25m | eta: 61.2m
step 00702/02520 (27.86%) | loss: 3.216572 | lrm: 1.00 | dt: 2009.54ms | tok/sec: 260,899 | bf16_mfu: 0.00 | epoch: 1 pq: 8 rg: 22 | total time: 23.28m | eta: 61.2m
step 00703/02520 (27.90%) | loss: 3.219612 | lrm: 1.00 | dt: 2011.02ms | tok/sec: 260,707 | bf16_mfu: 0.00 | epoch: 1 pq: 8 rg: 23 | total time: 23.32m | eta: 61.1m
step 00704/02520 (27.94%) | loss: 3.219756 | lrm: 1.00 | dt: 2011.04ms | tok/sec: 260,705 | bf16_mfu: 0.00 | epoch: 1 pq: 8 rg: 24 | total time: 23.35m | eta: 61.1m
step 00705/02520 (27.98%) | loss: 3.218905 | lrm: 1.00 | dt: 2011.00ms | tok/sec: 260,709 | bf16_mfu: 0.00 | epoch: 1 pq: 8 rg: 25 | total time: 23.39m | eta: 61.1m
step 00706/02520 (28.02%) | loss: 3.212425 | lrm: 1.00 | dt: 2010.42ms | tok/sec: 260,785 | bf16_mfu: 0.00 | epoch: 1 pq: 8 rg: 25 | total time: 23.42m | eta: 61.0m
step 00707/02520 (28.06%) | loss: 3.206680 | lrm: 1.00 | dt: 2010.68ms | tok/sec: 260,752 | bf16_mfu: 0.00 | epoch: 1 pq: 8 rg: 26 | total time: 23.45m | eta: 61.0m
step 00708/02520 (28.10%) | loss: 3.215932 | lrm: 1.00 | dt: 2010.99ms | tok/sec: 260,710 | bf16_mfu: 0.00 | epoch: 1 pq: 8 rg: 27 | total time: 23.49m | eta: 61.0m
step 00709/02520 (28.13%) | loss: 3.213692 | lrm: 1.00 | dt: 2010.07ms | tok/sec: 260,830 | bf16_mfu: 0.00 | epoch: 1 pq: 8 rg: 28 | total time: 23.52m | eta: 60.9m
step 00710/02520 (28.17%) | loss: 3.219973 | lrm: 1.00 | dt: 2008.94ms | tok/sec: 260,977 | bf16_mfu: 0.00 | epoch: 1 pq: 8 rg: 29 | total time: 23.55m | eta: 60.9m
step 00711/02520 (28.21%) | loss: 3.220607 | lrm: 1.00 | dt: 2007.48ms | tok/sec: 261,167 | bf16_mfu: 0.00 | epoch: 1 pq: 8 rg: 30 | total time: 23.59m | eta: 60.9m
step 00712/02520 (28.25%) | loss: 3.214229 | lrm: 1.00 | dt: 2007.57ms | tok/sec: 261,155 | bf16_mfu: 0.00 | epoch: 1 pq: 8 rg: 31 | total time: 23.62m | eta: 60.8m
step 00713/02520 (28.29%) | loss: 3.210560 | lrm: 1.00 | dt: 2010.96ms | tok/sec: 260,715 | bf16_mfu: 0.00 | epoch: 1 pq: 8 rg: 32 | total time: 23.65m | eta: 60.8m
step 00714/02520 (28.33%) | loss: 3.215967 | lrm: 1.00 | dt: 2010.02ms | tok/sec: 260,836 | bf16_mfu: 0.00 | epoch: 1 pq: 8 rg: 33 | total time: 23.69m | eta: 60.8m
step 00715/02520 (28.37%) | loss: 3.212323 | lrm: 1.00 | dt: 2009.59ms | tok/sec: 260,892 | bf16_mfu: 0.00 | epoch: 1 pq: 8 rg: 34 | total time: 23.72m | eta: 60.7m
step 00716/02520 (28.41%) | loss: 3.211758 | lrm: 1.00 | dt: 2010.57ms | tok/sec: 260,765 | bf16_mfu: 0.00 | epoch: 1 pq: 8 rg: 35 | total time: 23.75m | eta: 60.7m
step 00717/02520 (28.45%) | loss: 3.220556 | lrm: 1.00 | dt: 2009.01ms | tok/sec: 260,968 | bf16_mfu: 0.00 | epoch: 1 pq: 8 rg: 36 | total time: 23.79m | eta: 60.7m
step 00718/02520 (28.49%) | loss: 3.225757 | lrm: 1.00 | dt: 2007.92ms | tok/sec: 261,110 | bf16_mfu: 0.00 | epoch: 1 pq: 8 rg: 37 | total time: 23.82m | eta: 60.6m
step 00719/02520 (28.53%) | loss: 3.228256 | lrm: 1.00 | dt: 2009.57ms | tok/sec: 260,895 | bf16_mfu: 0.00 | epoch: 1 pq: 8 rg: 38 | total time: 23.85m | eta: 60.6m
step 00720/02520 (28.57%) | loss: 3.221541 | lrm: 1.00 | dt: 2008.15ms | tok/sec: 261,080 | bf16_mfu: 0.00 | epoch: 1 pq: 8 rg: 39 | total time: 23.89m | eta: 60.6m
step 00721/02520 (28.61%) | loss: 3.211766 | lrm: 1.00 | dt: 2009.33ms | tok/sec: 260,927 | bf16_mfu: 0.00 | epoch: 1 pq: 8 rg: 40 | total time: 23.92m | eta: 60.5m
step 00722/02520 (28.65%) | loss: 3.205289 | lrm: 1.00 | dt: 2010.05ms | tok/sec: 260,833 | bf16_mfu: 0.00 | epoch: 1 pq: 8 rg: 41 | total time: 23.95m | eta: 60.5m
step 00723/02520 (28.69%) | loss: 3.192953 | lrm: 1.00 | dt: 2013.30ms | tok/sec: 260,411 | bf16_mfu: 0.00 | epoch: 1 pq: 8 rg: 42 | total time: 23.99m | eta: 60.5m
step 00724/02520 (28.73%) | loss: 3.185439 | lrm: 1.00 | dt: 2011.03ms | tok/sec: 260,705 | bf16_mfu: 0.00 | epoch: 1 pq: 8 rg: 43 | total time: 24.02m | eta: 60.4m
step 00725/02520 (28.77%) | loss: 3.186469 | lrm: 1.00 | dt: 2010.44ms | tok/sec: 260,782 | bf16_mfu: 0.00 | epoch: 1 pq: 8 rg: 44 | total time: 24.06m | eta: 60.4m
step 00726/02520 (28.81%) | loss: 3.189601 | lrm: 1.00 | dt: 2010.90ms | tok/sec: 260,722 | bf16_mfu: 0.00 | epoch: 1 pq: 8 rg: 45 | total time: 24.09m | eta: 60.4m
step 00727/02520 (28.85%) | loss: 3.186745 | lrm: 1.00 | dt: 2010.45ms | tok/sec: 260,781 | bf16_mfu: 0.00 | epoch: 1 pq: 8 rg: 46 | total time: 24.12m | eta: 60.3m
step 00728/02520 (28.89%) | loss: 3.198963 | lrm: 1.00 | dt: 2008.74ms | tok/sec: 261,003 | bf16_mfu: 0.00 | epoch: 1 pq: 8 rg: 47 | total time: 24.16m | eta: 60.3m
step 00729/02520 (28.93%) | loss: 3.198914 | lrm: 1.00 | dt: 2010.44ms | tok/sec: 260,782 | bf16_mfu: 0.00 | epoch: 1 pq: 8 rg: 48 | total time: 24.19m | eta: 60.3m
step 00730/02520 (28.97%) | loss: 3.209754 | lrm: 1.00 | dt: 2008.97ms | tok/sec: 260,973 | bf16_mfu: 0.00 | epoch: 1 pq: 8 rg: 49 | total time: 24.22m | eta: 60.2m
step 00731/02520 (29.01%) | loss: 3.221535 | lrm: 1.00 | dt: 2009.04ms | tok/sec: 260,964 | bf16_mfu: 0.00 | epoch: 1 pq: 8 rg: 50 | total time: 24.26m | eta: 60.2m
step 00732/02520 (29.05%) | loss: 3.214699 | lrm: 1.00 | dt: 2009.04ms | tok/sec: 260,963 | bf16_mfu: 0.00 | epoch: 1 pq: 8 rg: 51 | total time: 24.29m | eta: 60.2m
step 00733/02520 (29.09%) | loss: 3.214091 | lrm: 1.00 | dt: 2010.64ms | tok/sec: 260,756 | bf16_mfu: 0.00 | epoch: 1 pq: 8 rg: 52 | total time: 24.32m | eta: 60.1m
step 00734/02520 (29.13%) | loss: 3.211078 | lrm: 1.00 | dt: 2010.68ms | tok/sec: 260,751 | bf16_mfu: 0.00 | epoch: 1 pq: 8 rg: 53 | total time: 24.36m | eta: 60.1m
step 00735/02520 (29.17%) | loss: 3.206978 | lrm: 1.00 | dt: 2009.12ms | tok/sec: 260,953 | bf16_mfu: 0.00 | epoch: 1 pq: 8 rg: 54 | total time: 24.39m | eta: 60.1m
step 00736/02520 (29.21%) | loss: 3.190125 | lrm: 1.00 | dt: 2008.97ms | tok/sec: 260,973 | bf16_mfu: 0.00 | epoch: 1 pq: 8 rg: 55 | total time: 24.42m | eta: 60.0m
step 00737/02520 (29.25%) | loss: 3.200106 | lrm: 1.00 | dt: 2008.88ms | tok/sec: 260,984 | bf16_mfu: 0.00 | epoch: 1 pq: 8 rg: 56 | total time: 24.46m | eta: 60.0m
step 00738/02520 (29.29%) | loss: 3.186217 | lrm: 1.00 | dt: 2007.93ms | tok/sec: 261,108 | bf16_mfu: 0.00 | epoch: 1 pq: 8 rg: 57 | total time: 24.49m | eta: 59.9m
step 00739/02520 (29.33%) | loss: 3.193577 | lrm: 1.00 | dt: 2008.29ms | tok/sec: 261,061 | bf16_mfu: 0.00 | epoch: 1 pq: 8 rg: 57 | total time: 24.52m | eta: 59.9m
step 00740/02520 (29.37%) | loss: 3.193852 | lrm: 1.00 | dt: 2011.03ms | tok/sec: 260,706 | bf16_mfu: 0.00 | epoch: 1 pq: 8 rg: 58 | total time: 24.56m | eta: 59.9m
step 00741/02520 (29.40%) | loss: 3.197353 | lrm: 1.00 | dt: 2008.34ms | tok/sec: 261,055 | bf16_mfu: 0.00 | epoch: 1 pq: 8 rg: 59 | total time: 24.59m | eta: 59.8m
step 00742/02520 (29.44%) | loss: 3.206411 | lrm: 1.00 | dt: 2010.62ms | tok/sec: 260,758 | bf16_mfu: 0.00 | epoch: 1 pq: 8 rg: 60 | total time: 24.62m | eta: 59.8m
step 00743/02520 (29.48%) | loss: 3.201488 | lrm: 1.00 | dt: 2010.35ms | tok/sec: 260,793 | bf16_mfu: 0.00 | epoch: 1 pq: 8 rg: 61 | total time: 24.66m | eta: 59.8m
step 00744/02520 (29.52%) | loss: 3.196017 | lrm: 1.00 | dt: 2010.68ms | tok/sec: 260,751 | bf16_mfu: 0.00 | epoch: 1 pq: 8 rg: 62 | total time: 24.69m | eta: 59.7m
step 00745/02520 (29.56%) | loss: 3.210925 | lrm: 1.00 | dt: 2009.68ms | tok/sec: 260,880 | bf16_mfu: 0.00 | epoch: 1 pq: 8 rg: 63 | total time: 24.73m | eta: 59.7m
step 00746/02520 (29.60%) | loss: 3.209928 | lrm: 1.00 | dt: 2010.10ms | tok/sec: 260,826 | bf16_mfu: 0.00 | epoch: 1 pq: 8 rg: 64 | total time: 24.76m | eta: 59.7m
step 00747/02520 (29.64%) | loss: 3.203168 | lrm: 1.00 | dt: 2009.36ms | tok/sec: 260,922 | bf16_mfu: 0.00 | epoch: 1 pq: 8 rg: 65 | total time: 24.79m | eta: 59.6m
step 00748/02520 (29.68%) | loss: 3.199714 | lrm: 1.00 | dt: 2009.92ms | tok/sec: 260,850 | bf16_mfu: 0.00 | epoch: 1 pq: 8 rg: 66 | total time: 24.83m | eta: 59.6m
step 00749/02520 (29.72%) | loss: 3.185464 | lrm: 1.00 | dt: 2009.04ms | tok/sec: 260,964 | bf16_mfu: 0.00 | epoch: 1 pq: 8 rg: 67 | total time: 24.86m | eta: 59.6m
Step 00750 | Validation bpb: 0.972165
step 00750/02520 (29.76%) | loss: 3.179644 | lrm: 1.00 | dt: 1993.88ms | tok/sec: 262,949 | bf16_mfu: 0.00 | epoch: 1 pq: 8 rg: 68 | total time: 24.89m | eta: 59.5m
step 00751/02520 (29.80%) | loss: 3.177459 | lrm: 1.00 | dt: 1999.48ms | tok/sec: 262,212 | bf16_mfu: 0.00 | epoch: 1 pq: 8 rg: 69 | total time: 24.93m | eta: 59.5m
step 00752/02520 (29.84%) | loss: 3.185296 | lrm: 1.00 | dt: 1999.45ms | tok/sec: 262,215 | bf16_mfu: 0.00 | epoch: 1 pq: 8 rg: 70 | total time: 24.96m | eta: 59.5m
step 00753/02520 (29.88%) | loss: 3.182880 | lrm: 1.00 | dt: 1998.60ms | tok/sec: 262,328 | bf16_mfu: 0.00 | epoch: 1 pq: 8 rg: 71 | total time: 24.99m | eta: 59.4m
step 00754/02520 (29.92%) | loss: 3.166705 | lrm: 1.00 | dt: 1999.40ms | tok/sec: 262,222 | bf16_mfu: 0.00 | epoch: 1 pq: 8 rg: 72 | total time: 25.03m | eta: 59.4m
step 00755/02520 (29.96%) | loss: 3.165292 | lrm: 1.00 | dt: 2000.75ms | tok/sec: 262,045 | bf16_mfu: 0.00 | epoch: 1 pq: 8 rg: 73 | total time: 25.06m | eta: 59.4m
step 00756/02520 (30.00%) | loss: 3.176118 | lrm: 1.00 | dt: 2001.72ms | tok/sec: 261,919 | bf16_mfu: 0.00 | epoch: 1 pq: 8 rg: 74 | total time: 25.09m | eta: 59.3m
step 00757/02520 (30.04%) | loss: 3.185419 | lrm: 1.00 | dt: 1999.34ms | tok/sec: 262,230 | bf16_mfu: 0.00 | epoch: 1 pq: 8 rg: 75 | total time: 25.13m | eta: 59.3m
step 00758/02520 (30.08%) | loss: 3.184930 | lrm: 1.00 | dt: 2000.35ms | tok/sec: 262,097 | bf16_mfu: 0.00 | epoch: 1 pq: 8 rg: 76 | total time: 25.16m | eta: 59.3m
step 00759/02520 (30.12%) | loss: 3.187629 | lrm: 1.00 | dt: 2000.61ms | tok/sec: 262,063 | bf16_mfu: 0.00 | epoch: 1 pq: 8 rg: 77 | total time: 25.19m | eta: 59.2m
step 00760/02520 (30.16%) | loss: 3.186022 | lrm: 1.00 | dt: 2001.11ms | tok/sec: 261,998 | bf16_mfu: 0.00 | epoch: 1 pq: 8 rg: 78 | total time: 25.23m | eta: 59.2m
step 00761/02520 (30.20%) | loss: 3.179597 | lrm: 1.00 | dt: 2001.28ms | tok/sec: 261,976 | bf16_mfu: 0.00 | epoch: 1 pq: 8 rg: 79 | total time: 25.26m | eta: 59.2m
step 00762/02520 (30.24%) | loss: 3.182319 | lrm: 1.00 | dt: 2001.24ms | tok/sec: 261,981 | bf16_mfu: 0.00 | epoch: 1 pq: 8 rg: 80 | total time: 25.29m | eta: 59.1m
step 00763/02520 (30.28%) | loss: 3.172793 | lrm: 1.00 | dt: 1999.80ms | tok/sec: 262,170 | bf16_mfu: 0.00 | epoch: 1 pq: 8 rg: 81 | total time: 25.33m | eta: 59.1m
step 00764/02520 (30.32%) | loss: 3.173496 | lrm: 1.00 | dt: 2003.16ms | tok/sec: 261,729 | bf16_mfu: 0.00 | epoch: 1 pq: 9 rg: 0 | total time: 25.36m | eta: 59.1m
step 00765/02520 (30.36%) | loss: 3.169028 | lrm: 1.00 | dt: 2001.39ms | tok/sec: 261,962 | bf16_mfu: 0.00 | epoch: 1 pq: 9 rg: 1 | total time: 25.39m | eta: 59.0m
step 00766/02520 (30.40%) | loss: 3.173083 | lrm: 1.00 | dt: 2003.56ms | tok/sec: 261,678 | bf16_mfu: 0.00 | epoch: 1 pq: 9 rg: 2 | total time: 25.43m | eta: 59.0m
step 00767/02520 (30.44%) | loss: 3.161503 | lrm: 1.00 | dt: 2004.09ms | tok/sec: 261,608 | bf16_mfu: 0.00 | epoch: 1 pq: 9 rg: 3 | total time: 25.46m | eta: 59.0m
step 00768/02520 (30.48%) | loss: 3.150649 | lrm: 1.00 | dt: 2004.88ms | tok/sec: 261,506 | bf16_mfu: 0.00 | epoch: 1 pq: 9 rg: 4 | total time: 25.49m | eta: 58.9m
step 00769/02520 (30.52%) | loss: 3.138787 | lrm: 1.00 | dt: 2002.73ms | tok/sec: 261,786 | bf16_mfu: 0.00 | epoch: 1 pq: 9 rg: 5 | total time: 25.53m | eta: 58.9m
step 00770/02520 (30.56%) | loss: 3.147032 | lrm: 1.00 | dt: 2003.74ms | tok/sec: 261,654 | bf16_mfu: 0.00 | epoch: 1 pq: 9 rg: 6 | total time: 25.56m | eta: 58.9m
step 00771/02520 (30.60%) | loss: 3.152160 | lrm: 1.00 | dt: 2003.28ms | tok/sec: 261,714 | bf16_mfu: 0.00 | epoch: 1 pq: 9 rg: 6 | total time: 25.59m | eta: 58.8m
step 00772/02520 (30.63%) | loss: 3.152317 | lrm: 1.00 | dt: 2004.89ms | tok/sec: 261,504 | bf16_mfu: 0.00 | epoch: 1 pq: 9 rg: 7 | total time: 25.63m | eta: 58.8m
step 00773/02520 (30.67%) | loss: 3.160829 | lrm: 1.00 | dt: 2004.09ms | tok/sec: 261,608 | bf16_mfu: 0.00 | epoch: 1 pq: 9 rg: 8 | total time: 25.66m | eta: 58.8m
step 00774/02520 (30.71%) | loss: 3.156841 | lrm: 1.00 | dt: 2003.31ms | tok/sec: 261,710 | bf16_mfu: 0.00 | epoch: 1 pq: 9 rg: 9 | total time: 25.69m | eta: 58.7m
step 00775/02520 (30.75%) | loss: 3.166142 | lrm: 1.00 | dt: 2003.57ms | tok/sec: 261,676 | bf16_mfu: 0.00 | epoch: 1 pq: 9 rg: 10 | total time: 25.73m | eta: 58.7m
step 00776/02520 (30.79%) | loss: 3.173017 | lrm: 1.00 | dt: 2003.31ms | tok/sec: 261,711 | bf16_mfu: 0.00 | epoch: 1 pq: 9 rg: 11 | total time: 25.76m | eta: 58.6m
step 00777/02520 (30.83%) | loss: 3.184937 | lrm: 1.00 | dt: 2003.59ms | tok/sec: 261,674 | bf16_mfu: 0.00 | epoch: 1 pq: 9 rg: 12 | total time: 25.79m | eta: 58.6m
step 00778/02520 (30.87%) | loss: 3.193805 | lrm: 1.00 | dt: 2000.77ms | tok/sec: 262,043 | bf16_mfu: 0.00 | epoch: 1 pq: 9 rg: 13 | total time: 25.83m | eta: 58.6m
step 00779/02520 (30.91%) | loss: 3.195566 | lrm: 1.00 | dt: 2003.32ms | tok/sec: 261,709 | bf16_mfu: 0.00 | epoch: 1 pq: 9 rg: 14 | total time: 25.86m | eta: 58.5m
step 00780/02520 (30.95%) | loss: 3.200478 | lrm: 1.00 | dt: 2005.01ms | tok/sec: 261,488 | bf16_mfu: 0.00 | epoch: 1 pq: 9 rg: 15 | total time: 25.89m | eta: 58.5m
step 00781/02520 (30.99%) | loss: 3.199455 | lrm: 1.00 | dt: 2004.03ms | tok/sec: 261,617 | bf16_mfu: 0.00 | epoch: 1 pq: 9 rg: 16 | total time: 25.93m | eta: 58.5m
step 00782/02520 (31.03%) | loss: 3.187413 | lrm: 1.00 | dt: 2003.76ms | tok/sec: 261,651 | bf16_mfu: 0.00 | epoch: 1 pq: 9 rg: 17 | total time: 25.96m | eta: 58.4m
step 00783/02520 (31.07%) | loss: 3.176806 | lrm: 1.00 | dt: 2003.69ms | tok/sec: 261,661 | bf16_mfu: 0.00 | epoch: 1 pq: 9 rg: 18 | total time: 25.99m | eta: 58.4m
step 00784/02520 (31.11%) | loss: 3.171980 | lrm: 1.00 | dt: 2004.24ms | tok/sec: 261,589 | bf16_mfu: 0.00 | epoch: 1 pq: 9 rg: 19 | total time: 26.03m | eta: 58.4m
step 00785/02520 (31.15%) | loss: 3.172547 | lrm: 1.00 | dt: 2004.67ms | tok/sec: 261,533 | bf16_mfu: 0.00 | epoch: 1 pq: 9 rg: 20 | total time: 26.06m | eta: 58.3m
step 00786/02520 (31.19%) | loss: 3.174853 | lrm: 1.00 | dt: 2004.48ms | tok/sec: 261,558 | bf16_mfu: 0.00 | epoch: 1 pq: 9 rg: 21 | total time: 26.09m | eta: 58.3m
step 00787/02520 (31.23%) | loss: 3.173593 | lrm: 1.00 | dt: 2005.31ms | tok/sec: 261,449 | bf16_mfu: 0.00 | epoch: 1 pq: 9 rg: 22 | total time: 26.13m | eta: 58.3m
step 00788/02520 (31.27%) | loss: 3.178994 | lrm: 1.00 | dt: 2006.13ms | tok/sec: 261,343 | bf16_mfu: 0.00 | epoch: 1 pq: 9 rg: 23 | total time: 26.16m | eta: 58.2m
step 00789/02520 (31.31%) | loss: 3.187438 | lrm: 1.00 | dt: 2006.44ms | tok/sec: 261,302 | bf16_mfu: 0.00 | epoch: 1 pq: 9 rg: 24 | total time: 26.19m | eta: 58.2m
step 00790/02520 (31.35%) | loss: 3.183270 | lrm: 1.00 | dt: 2005.22ms | tok/sec: 261,461 | bf16_mfu: 0.00 | epoch: 1 pq: 9 rg: 25 | total time: 26.23m | eta: 58.2m
step 00791/02520 (31.39%) | loss: 3.196378 | lrm: 1.00 | dt: 2006.27ms | tok/sec: 261,324 | bf16_mfu: 0.00 | epoch: 1 pq: 9 rg: 26 | total time: 26.26m | eta: 58.1m
step 00792/02520 (31.43%) | loss: 3.200485 | lrm: 1.00 | dt: 2005.95ms | tok/sec: 261,366 | bf16_mfu: 0.00 | epoch: 1 pq: 9 rg: 27 | total time: 26.29m | eta: 58.1m
step 00793/02520 (31.47%) | loss: 3.197599 | lrm: 1.00 | dt: 2005.27ms | tok/sec: 261,454 | bf16_mfu: 0.00 | epoch: 1 pq: 9 rg: 28 | total time: 26.33m | eta: 58.1m
step 00794/02520 (31.51%) | loss: 3.184061 | lrm: 1.00 | dt: 2004.77ms | tok/sec: 261,520 | bf16_mfu: 0.00 | epoch: 1 pq: 9 rg: 29 | total time: 26.36m | eta: 58.0m
step 00795/02520 (31.55%) | loss: 3.176420 | lrm: 1.00 | dt: 2007.56ms | tok/sec: 261,157 | bf16_mfu: 0.00 | epoch: 1 pq: 9 rg: 30 | total time: 26.39m | eta: 58.0m
step 00796/02520 (31.59%) | loss: 3.174960 | lrm: 1.00 | dt: 2005.91ms | tok/sec: 261,371 | bf16_mfu: 0.00 | epoch: 1 pq: 9 rg: 31 | total time: 26.43m | eta: 58.0m
step 00797/02520 (31.63%) | loss: 3.186020 | lrm: 1.00 | dt: 2004.63ms | tok/sec: 261,539 | bf16_mfu: 0.00 | epoch: 1 pq: 9 rg: 32 | total time: 26.46m | eta: 57.9m
step 00798/02520 (31.67%) | loss: 3.176191 | lrm: 1.00 | dt: 2003.72ms | tok/sec: 261,657 | bf16_mfu: 0.00 | epoch: 1 pq: 9 rg: 33 | total time: 26.49m | eta: 57.9m
step 00799/02520 (31.71%) | loss: 3.176340 | lrm: 1.00 | dt: 2004.31ms | tok/sec: 261,580 | bf16_mfu: 0.00 | epoch: 1 pq: 9 rg: 33 | total time: 26.53m | eta: 57.9m
step 00800/02520 (31.75%) | loss: 3.179808 | lrm: 1.00 | dt: 2004.99ms | tok/sec: 261,491 | bf16_mfu: 0.00 | epoch: 1 pq: 9 rg: 34 | total time: 26.56m | eta: 57.8m
step 00801/02520 (31.79%) | loss: 3.173805 | lrm: 1.00 | dt: 2003.26ms | tok/sec: 261,717 | bf16_mfu: 0.00 | epoch: 1 pq: 9 rg: 35 | total time: 26.59m | eta: 57.8m
step 00802/02520 (31.83%) | loss: 3.169798 | lrm: 1.00 | dt: 2003.99ms | tok/sec: 261,621 | bf16_mfu: 0.00 | epoch: 1 pq: 9 rg: 36 | total time: 26.63m | eta: 57.8m
step 00803/02520 (31.87%) | loss: 3.168662 | lrm: 1.00 | dt: 2004.02ms | tok/sec: 261,617 | bf16_mfu: 0.00 | epoch: 1 pq: 9 rg: 37 | total time: 26.66m | eta: 57.7m
step 00804/02520 (31.90%) | loss: 3.161372 | lrm: 1.00 | dt: 2003.67ms | tok/sec: 261,664 | bf16_mfu: 0.00 | epoch: 1 pq: 9 rg: 38 | total time: 26.70m | eta: 57.7m
step 00805/02520 (31.94%) | loss: 3.160892 | lrm: 1.00 | dt: 2004.27ms | tok/sec: 261,586 | bf16_mfu: 0.00 | epoch: 1 pq: 9 rg: 39 | total time: 26.73m | eta: 57.7m
step 00806/02520 (31.98%) | loss: 3.161000 | lrm: 1.00 | dt: 2005.82ms | tok/sec: 261,383 | bf16_mfu: 0.00 | epoch: 1 pq: 9 rg: 40 | total time: 26.76m | eta: 57.6m
step 00807/02520 (32.02%) | loss: 3.162754 | lrm: 1.00 | dt: 2006.06ms | tok/sec: 261,351 | bf16_mfu: 0.00 | epoch: 1 pq: 9 rg: 41 | total time: 26.80m | eta: 57.6m
step 00808/02520 (32.06%) | loss: 3.166390 | lrm: 1.00 | dt: 2024.29ms | tok/sec: 258,998 | bf16_mfu: 0.00 | epoch: 1 pq: 9 rg: 42 | total time: 26.83m | eta: 57.6m
step 00809/02520 (32.10%) | loss: 3.157751 | lrm: 1.00 | dt: 2002.88ms | tok/sec: 261,767 | bf16_mfu: 0.00 | epoch: 1 pq: 9 rg: 43 | total time: 26.86m | eta: 57.5m
step 00810/02520 (32.14%) | loss: 3.156398 | lrm: 1.00 | dt: 2009.99ms | tok/sec: 260,840 | bf16_mfu: 0.00 | epoch: 1 pq: 9 rg: 44 | total time: 26.90m | eta: 57.5m
step 00811/02520 (32.18%) | loss: 3.158884 | lrm: 1.00 | dt: 2004.14ms | tok/sec: 261,601 | bf16_mfu: 0.00 | epoch: 1 pq: 9 rg: 45 | total time: 26.93m | eta: 57.5m
step 00812/02520 (32.22%) | loss: 3.163926 | lrm: 1.00 | dt: 2008.17ms | tok/sec: 261,077 | bf16_mfu: 0.00 | epoch: 1 pq: 9 rg: 46 | total time: 26.96m | eta: 57.4m
step 00813/02520 (32.26%) | loss: 3.164676 | lrm: 1.00 | dt: 2005.76ms | tok/sec: 261,391 | bf16_mfu: 0.00 | epoch: 1 pq: 9 rg: 47 | total time: 27.00m | eta: 57.4m
step 00814/02520 (32.30%) | loss: 3.172922 | lrm: 1.00 | dt: 2002.08ms | tok/sec: 261,871 | bf16_mfu: 0.00 | epoch: 1 pq: 9 rg: 48 | total time: 27.03m | eta: 57.4m
step 00815/02520 (32.34%) | loss: 3.175046 | lrm: 1.00 | dt: 2005.91ms | tok/sec: 261,371 | bf16_mfu: 0.00 | epoch: 1 pq: 9 rg: 49 | total time: 27.06m | eta: 57.3m
step 00816/02520 (32.38%) | loss: 3.173507 | lrm: 1.00 | dt: 2002.65ms | tok/sec: 261,797 | bf16_mfu: 0.00 | epoch: 1 pq: 9 rg: 50 | total time: 27.10m | eta: 57.3m
step 00817/02520 (32.42%) | loss: 3.176406 | lrm: 1.00 | dt: 2003.78ms | tok/sec: 261,650 | bf16_mfu: 0.00 | epoch: 1 pq: 9 rg: 51 | total time: 27.13m | eta: 57.3m
step 00818/02520 (32.46%) | loss: 3.177416 | lrm: 1.00 | dt: 2004.02ms | tok/sec: 261,618 | bf16_mfu: 0.00 | epoch: 1 pq: 9 rg: 52 | total time: 27.16m | eta: 57.2m
step 00819/02520 (32.50%) | loss: 3.174949 | lrm: 1.00 | dt: 2004.26ms | tok/sec: 261,586 | bf16_mfu: 0.00 | epoch: 1 pq: 9 rg: 53 | total time: 27.20m | eta: 57.2m
step 00820/02520 (32.54%) | loss: 3.160580 | lrm: 1.00 | dt: 2003.03ms | tok/sec: 261,748 | bf16_mfu: 0.00 | epoch: 1 pq: 9 rg: 54 | total time: 27.23m | eta: 57.1m
step 00821/02520 (32.58%) | loss: 3.155453 | lrm: 1.00 | dt: 2005.27ms | tok/sec: 261,454 | bf16_mfu: 0.00 | epoch: 1 pq: 9 rg: 55 | total time: 27.26m | eta: 57.1m
step 00822/02520 (32.62%) | loss: 3.155906 | lrm: 1.00 | dt: 2003.42ms | tok/sec: 261,696 | bf16_mfu: 0.00 | epoch: 1 pq: 9 rg: 56 | total time: 27.30m | eta: 57.1m
step 00823/02520 (32.66%) | loss: 3.147255 | lrm: 1.00 | dt: 2005.06ms | tok/sec: 261,482 | bf16_mfu: 0.00 | epoch: 1 pq: 9 rg: 57 | total time: 27.33m | eta: 57.0m
step 00824/02520 (32.70%) | loss: 3.146971 | lrm: 1.00 | dt: 2004.71ms | tok/sec: 261,527 | bf16_mfu: 0.00 | epoch: 1 pq: 9 rg: 58 | total time: 27.36m | eta: 57.0m
step 00825/02520 (32.74%) | loss: 3.142175 | lrm: 1.00 | dt: 2006.83ms | tok/sec: 261,252 | bf16_mfu: 0.00 | epoch: 1 pq: 9 rg: 59 | total time: 27.40m | eta: 57.0m
step 00826/02520 (32.78%) | loss: 3.138648 | lrm: 1.00 | dt: 2004.95ms | tok/sec: 261,497 | bf16_mfu: 0.00 | epoch: 1 pq: 9 rg: 60 | total time: 27.43m | eta: 56.9m
step 00827/02520 (32.82%) | loss: 3.150092 | lrm: 1.00 | dt: 2005.97ms | tok/sec: 261,364 | bf16_mfu: 0.00 | epoch: 1 pq: 9 rg: 61 | total time: 27.46m | eta: 56.9m
step 00828/02520 (32.86%) | loss: 3.168355 | lrm: 1.00 | dt: 2005.40ms | tok/sec: 261,437 | bf16_mfu: 0.00 | epoch: 1 pq: 9 rg: 62 | total time: 27.50m | eta: 56.9m
step 00829/02520 (32.90%) | loss: 3.173795 | lrm: 1.00 | dt: 2005.69ms | tok/sec: 261,399 | bf16_mfu: 0.00 | epoch: 1 pq: 9 rg: 63 | total time: 27.53m | eta: 56.8m
step 00830/02520 (32.94%) | loss: 3.166238 | lrm: 1.00 | dt: 2003.99ms | tok/sec: 261,622 | bf16_mfu: 0.00 | epoch: 1 pq: 9 rg: 64 | total time: 27.56m | eta: 56.8m
step 00831/02520 (32.98%) | loss: 3.153825 | lrm: 1.00 | dt: 2004.16ms | tok/sec: 261,599 | bf16_mfu: 0.00 | epoch: 1 pq: 9 rg: 65 | total time: 27.60m | eta: 56.8m
step 00832/02520 (33.02%) | loss: 3.150993 | lrm: 1.00 | dt: 2003.68ms | tok/sec: 261,662 | bf16_mfu: 0.00 | epoch: 1 pq: 9 rg: 66 | total time: 27.63m | eta: 56.7m
step 00833/02520 (33.06%) | loss: 3.157510 | lrm: 1.00 | dt: 2003.60ms | tok/sec: 261,673 | bf16_mfu: 0.00 | epoch: 1 pq: 9 rg: 67 | total time: 27.66m | eta: 56.7m
step 00834/02520 (33.10%) | loss: 3.144580 | lrm: 1.00 | dt: 2001.86ms | tok/sec: 261,900 | bf16_mfu: 0.00 | epoch: 1 pq: 9 rg: 67 | total time: 27.70m | eta: 56.7m
step 00835/02520 (33.13%) | loss: 3.144514 | lrm: 1.00 | dt: 2002.81ms | tok/sec: 261,776 | bf16_mfu: 0.00 | epoch: 1 pq: 9 rg: 68 | total time: 27.73m | eta: 56.6m
step 00836/02520 (33.17%) | loss: 3.150509 | lrm: 1.00 | dt: 2006.12ms | tok/sec: 261,344 | bf16_mfu: 0.00 | epoch: 1 pq: 9 rg: 69 | total time: 27.76m | eta: 56.6m
step 00837/02520 (33.21%) | loss: 3.148399 | lrm: 1.00 | dt: 2005.49ms | tok/sec: 261,427 | bf16_mfu: 0.00 | epoch: 1 pq: 9 rg: 70 | total time: 27.80m | eta: 56.6m
step 00838/02520 (33.25%) | loss: 3.147732 | lrm: 1.00 | dt: 2005.04ms | tok/sec: 261,485 | bf16_mfu: 0.00 | epoch: 1 pq: 9 rg: 71 | total time: 27.83m | eta: 56.5m
step 00839/02520 (33.29%) | loss: 3.150633 | lrm: 1.00 | dt: 2004.14ms | tok/sec: 261,602 | bf16_mfu: 0.00 | epoch: 1 pq: 9 rg: 72 | total time: 27.86m | eta: 56.5m
step 00840/02520 (33.33%) | loss: 3.150489 | lrm: 1.00 | dt: 2006.78ms | tok/sec: 261,258 | bf16_mfu: 0.00 | epoch: 1 pq: 9 rg: 73 | total time: 27.90m | eta: 56.5m
step 00841/02520 (33.37%) | loss: 3.158076 | lrm: 1.00 | dt: 2003.77ms | tok/sec: 261,650 | bf16_mfu: 0.00 | epoch: 1 pq: 9 rg: 74 | total time: 27.93m | eta: 56.4m
step 00842/02520 (33.41%) | loss: 3.159514 | lrm: 1.00 | dt: 2004.32ms | tok/sec: 261,578 | bf16_mfu: 0.00 | epoch: 1 pq: 9 rg: 75 | total time: 27.97m | eta: 56.4m
step 00843/02520 (33.45%) | loss: 3.157618 | lrm: 1.00 | dt: 2003.72ms | tok/sec: 261,657 | bf16_mfu: 0.00 | epoch: 1 pq: 9 rg: 76 | total time: 28.00m | eta: 56.4m
step 00844/02520 (33.49%) | loss: 3.159540 | lrm: 1.00 | dt: 2005.33ms | tok/sec: 261,447 | bf16_mfu: 0.00 | epoch: 1 pq: 9 rg: 77 | total time: 28.03m | eta: 56.3m
step 00845/02520 (33.53%) | loss: 3.163198 | lrm: 1.00 | dt: 2004.35ms | tok/sec: 261,574 | bf16_mfu: 0.00 | epoch: 1 pq: 9 rg: 78 | total time: 28.07m | eta: 56.3m
step 00846/02520 (33.57%) | loss: 3.148969 | lrm: 1.00 | dt: 2003.70ms | tok/sec: 261,659 | bf16_mfu: 0.00 | epoch: 1 pq: 9 rg: 79 | total time: 28.10m | eta: 56.3m
step 00847/02520 (33.61%) | loss: 3.163469 | lrm: 1.00 | dt: 2006.13ms | tok/sec: 261,342 | bf16_mfu: 0.00 | epoch: 1 pq: 9 rg: 80 | total time: 28.13m | eta: 56.2m
step 00848/02520 (33.65%) | loss: 3.175056 | lrm: 1.00 | dt: 2006.38ms | tok/sec: 261,310 | bf16_mfu: 0.00 | epoch: 1 pq: 9 rg: 81 | total time: 28.17m | eta: 56.2m
step 00849/02520 (33.69%) | loss: 3.169786 | lrm: 1.00 | dt: 2004.55ms | tok/sec: 261,548 | bf16_mfu: 0.00 | epoch: 1 pq: 9 rg: 82 | total time: 28.20m | eta: 56.2m
step 00850/02520 (33.73%) | loss: 3.169840 | lrm: 1.00 | dt: 2005.14ms | tok/sec: 261,471 | bf16_mfu: 0.00 | epoch: 1 pq: 10 rg: 0 | total time: 28.23m | eta: 56.1m
step 00851/02520 (33.77%) | loss: 3.175302 | lrm: 1.00 | dt: 2004.38ms | tok/sec: 261,571 | bf16_mfu: 0.00 | epoch: 1 pq: 10 rg: 1 | total time: 28.27m | eta: 56.1m
step 00852/02520 (33.81%) | loss: 3.180687 | lrm: 1.00 | dt: 2006.11ms | tok/sec: 261,345 | bf16_mfu: 0.00 | epoch: 1 pq: 10 rg: 2 | total time: 28.30m | eta: 56.1m
step 00853/02520 (33.85%) | loss: 3.181095 | lrm: 1.00 | dt: 2004.46ms | tok/sec: 261,561 | bf16_mfu: 0.00 | epoch: 1 pq: 10 rg: 3 | total time: 28.33m | eta: 56.0m
step 00854/02520 (33.89%) | loss: 3.178830 | lrm: 1.00 | dt: 2005.08ms | tok/sec: 261,479 | bf16_mfu: 0.00 | epoch: 1 pq: 10 rg: 4 | total time: 28.37m | eta: 56.0m
step 00855/02520 (33.93%) | loss: 3.171759 | lrm: 1.00 | dt: 2007.73ms | tok/sec: 261,135 | bf16_mfu: 0.00 | epoch: 1 pq: 10 rg: 5 | total time: 28.40m | eta: 56.0m
step 00856/02520 (33.97%) | loss: 3.167836 | lrm: 1.00 | dt: 2006.43ms | tok/sec: 261,304 | bf16_mfu: 0.00 | epoch: 1 pq: 10 rg: 6 | total time: 28.43m | eta: 55.9m
step 00857/02520 (34.01%) | loss: 3.167411 | lrm: 1.00 | dt: 2007.49ms | tok/sec: 261,165 | bf16_mfu: 0.00 | epoch: 1 pq: 10 rg: 7 | total time: 28.47m | eta: 55.9m
step 00858/02520 (34.05%) | loss: 3.165476 | lrm: 1.00 | dt: 2005.76ms | tok/sec: 261,390 | bf16_mfu: 0.00 | epoch: 1 pq: 10 rg: 8 | total time: 28.50m | eta: 55.9m
step 00859/02520 (34.09%) | loss: 3.169780 | lrm: 1.00 | dt: 2006.90ms | tok/sec: 261,242 | bf16_mfu: 0.00 | epoch: 1 pq: 10 rg: 9 | total time: 28.53m | eta: 55.8m
step 00860/02520 (34.13%) | loss: 3.172706 | lrm: 1.00 | dt: 2006.47ms | tok/sec: 261,298 | bf16_mfu: 0.00 | epoch: 1 pq: 10 rg: 10 | total time: 28.57m | eta: 55.8m
step 00861/02520 (34.17%) | loss: 3.181034 | lrm: 1.00 | dt: 2005.32ms | tok/sec: 261,448 | bf16_mfu: 0.00 | epoch: 1 pq: 10 rg: 11 | total time: 28.60m | eta: 55.8m
step 00862/02520 (34.21%) | loss: 3.184094 | lrm: 1.00 | dt: 2004.82ms | tok/sec: 261,513 | bf16_mfu: 0.00 | epoch: 1 pq: 10 rg: 12 | total time: 28.63m | eta: 55.7m
step 00863/02520 (34.25%) | loss: 3.179205 | lrm: 1.00 | dt: 2007.91ms | tok/sec: 261,110 | bf16_mfu: 0.00 | epoch: 1 pq: 10 rg: 13 | total time: 28.67m | eta: 55.7m
step 00864/02520 (34.29%) | loss: 3.166749 | lrm: 1.00 | dt: 2005.28ms | tok/sec: 261,454 | bf16_mfu: 0.00 | epoch: 1 pq: 10 rg: 14 | total time: 28.70m | eta: 55.7m
step 00865/02520 (34.33%) | loss: 3.164964 | lrm: 1.00 | dt: 2005.40ms | tok/sec: 261,437 | bf16_mfu: 0.00 | epoch: 1 pq: 10 rg: 15 | total time: 28.73m | eta: 55.6m
step 00866/02520 (34.37%) | loss: 3.151676 | lrm: 1.00 | dt: 2006.03ms | tok/sec: 261,356 | bf16_mfu: 0.00 | epoch: 1 pq: 10 rg: 16 | total time: 28.77m | eta: 55.6m
step 00867/02520 (34.40%) | loss: 3.146612 | lrm: 1.00 | dt: 2005.45ms | tok/sec: 261,431 | bf16_mfu: 0.00 | epoch: 1 pq: 10 rg: 17 | total time: 28.80m | eta: 55.6m
step 00868/02520 (34.44%) | loss: 3.141920 | lrm: 1.00 | dt: 2006.64ms | tok/sec: 261,276 | bf16_mfu: 0.00 | epoch: 1 pq: 10 rg: 18 | total time: 28.83m | eta: 55.5m
step 00869/02520 (34.48%) | loss: 3.138144 | lrm: 1.00 | dt: 2005.02ms | tok/sec: 261,487 | bf16_mfu: 0.00 | epoch: 1 pq: 10 rg: 18 | total time: 28.87m | eta: 55.5m
step 00870/02520 (34.52%) | loss: 3.137529 | lrm: 1.00 | dt: 2006.08ms | tok/sec: 261,349 | bf16_mfu: 0.00 | epoch: 1 pq: 10 rg: 19 | total time: 28.90m | eta: 55.4m
step 00871/02520 (34.56%) | loss: 3.140739 | lrm: 1.00 | dt: 2005.84ms | tok/sec: 261,380 | bf16_mfu: 0.00 | epoch: 1 pq: 10 rg: 20 | total time: 28.93m | eta: 55.4m
step 00872/02520 (34.60%) | loss: 3.140693 | lrm: 1.00 | dt: 2004.95ms | tok/sec: 261,496 | bf16_mfu: 0.00 | epoch: 1 pq: 10 rg: 21 | total time: 28.97m | eta: 55.4m
step 00873/02520 (34.64%) | loss: 3.143693 | lrm: 1.00 | dt: 2004.90ms | tok/sec: 261,503 | bf16_mfu: 0.00 | epoch: 1 pq: 10 rg: 22 | total time: 29.00m | eta: 55.3m
step 00874/02520 (34.68%) | loss: 3.144548 | lrm: 1.00 | dt: 2004.49ms | tok/sec: 261,556 | bf16_mfu: 0.00 | epoch: 1 pq: 10 rg: 23 | total time: 29.03m | eta: 55.3m
step 00875/02520 (34.72%) | loss: 3.142888 | lrm: 1.00 | dt: 2004.26ms | tok/sec: 261,586 | bf16_mfu: 0.00 | epoch: 1 pq: 10 rg: 24 | total time: 29.07m | eta: 55.3m
step 00876/02520 (34.76%) | loss: 3.148873 | lrm: 1.00 | dt: 2004.84ms | tok/sec: 261,510 | bf16_mfu: 0.00 | epoch: 1 pq: 10 rg: 25 | total time: 29.10m | eta: 55.2m
step 00877/02520 (34.80%) | loss: 3.152276 | lrm: 1.00 | dt: 2005.94ms | tok/sec: 261,367 | bf16_mfu: 0.00 | epoch: 1 pq: 10 rg: 26 | total time: 29.14m | eta: 55.2m
step 00878/02520 (34.84%) | loss: 3.172134 | lrm: 1.00 | dt: 2004.00ms | tok/sec: 261,620 | bf16_mfu: 0.00 | epoch: 1 pq: 10 rg: 27 | total time: 29.17m | eta: 55.2m
step 00879/02520 (34.88%) | loss: 3.168195 | lrm: 1.00 | dt: 2008.89ms | tok/sec: 260,983 | bf16_mfu: 0.00 | epoch: 1 pq: 10 rg: 28 | total time: 29.20m | eta: 55.1m
step 00880/02520 (34.92%) | loss: 3.167596 | lrm: 1.00 | dt: 2009.03ms | tok/sec: 260,965 | bf16_mfu: 0.00 | epoch: 1 pq: 10 rg: 29 | total time: 29.24m | eta: 55.1m
step 00881/02520 (34.96%) | loss: 3.177499 | lrm: 1.00 | dt: 2003.35ms | tok/sec: 261,705 | bf16_mfu: 0.00 | epoch: 1 pq: 10 rg: 30 | total time: 29.27m | eta: 55.1m
step 00882/02520 (35.00%) | loss: 3.177155 | lrm: 1.00 | dt: 2002.87ms | tok/sec: 261,768 | bf16_mfu: 0.00 | epoch: 1 pq: 10 rg: 31 | total time: 29.30m | eta: 55.0m
step 00883/02520 (35.04%) | loss: 3.173729 | lrm: 1.00 | dt: 2002.75ms | tok/sec: 261,784 | bf16_mfu: 0.00 | epoch: 1 pq: 10 rg: 32 | total time: 29.34m | eta: 55.0m
step 00884/02520 (35.08%) | loss: 3.160126 | lrm: 1.00 | dt: 2004.67ms | tok/sec: 261,533 | bf16_mfu: 0.00 | epoch: 1 pq: 10 rg: 33 | total time: 29.37m | eta: 55.0m
step 00885/02520 (35.12%) | loss: 3.149504 | lrm: 1.00 | dt: 2006.14ms | tok/sec: 261,341 | bf16_mfu: 0.00 | epoch: 1 pq: 10 rg: 34 | total time: 29.40m | eta: 54.9m
step 00886/02520 (35.16%) | loss: 3.145165 | lrm: 1.00 | dt: 2004.11ms | tok/sec: 261,606 | bf16_mfu: 0.00 | epoch: 1 pq: 10 rg: 35 | total time: 29.44m | eta: 54.9m
step 00887/02520 (35.20%) | loss: 3.151520 | lrm: 1.00 | dt: 2003.81ms | tok/sec: 261,646 | bf16_mfu: 0.00 | epoch: 1 pq: 10 rg: 36 | total time: 29.47m | eta: 54.9m
step 00888/02520 (35.24%) | loss: 3.152770 | lrm: 1.00 | dt: 2004.09ms | tok/sec: 261,609 | bf16_mfu: 0.00 | epoch: 1 pq: 10 rg: 37 | total time: 29.50m | eta: 54.8m
step 00889/02520 (35.28%) | loss: 3.150065 | lrm: 1.00 | dt: 2004.84ms | tok/sec: 261,510 | bf16_mfu: 0.00 | epoch: 1 pq: 10 rg: 38 | total time: 29.54m | eta: 54.8m
step 00890/02520 (35.32%) | loss: 3.157258 | lrm: 1.00 | dt: 2005.38ms | tok/sec: 261,441 | bf16_mfu: 0.00 | epoch: 1 pq: 10 rg: 39 | total time: 29.57m | eta: 54.8m
step 00891/02520 (35.36%) | loss: 3.165698 | lrm: 0.99 | dt: 2004.07ms | tok/sec: 261,612 | bf16_mfu: 0.00 | epoch: 1 pq: 10 rg: 40 | total time: 29.60m | eta: 54.7m
step 00892/02520 (35.40%) | loss: 3.162692 | lrm: 0.99 | dt: 2004.59ms | tok/sec: 261,544 | bf16_mfu: 0.00 | epoch: 1 pq: 10 rg: 41 | total time: 29.64m | eta: 54.7m
step 00893/02520 (35.44%) | loss: 3.158337 | lrm: 0.99 | dt: 2004.64ms | tok/sec: 261,537 | bf16_mfu: 0.00 | epoch: 1 pq: 10 rg: 42 | total time: 29.67m | eta: 54.7m
step 00894/02520 (35.48%) | loss: 3.160623 | lrm: 0.99 | dt: 2003.41ms | tok/sec: 261,697 | bf16_mfu: 0.00 | epoch: 1 pq: 10 rg: 43 | total time: 29.70m | eta: 54.6m
step 00895/02520 (35.52%) | loss: 3.159532 | lrm: 0.99 | dt: 2003.07ms | tok/sec: 261,741 | bf16_mfu: 0.00 | epoch: 1 pq: 10 rg: 44 | total time: 29.74m | eta: 54.6m
step 00896/02520 (35.56%) | loss: 3.163907 | lrm: 0.99 | dt: 2003.44ms | tok/sec: 261,693 | bf16_mfu: 0.00 | epoch: 1 pq: 10 rg: 45 | total time: 29.77m | eta: 54.6m
step 00897/02520 (35.60%) | loss: 3.165284 | lrm: 0.99 | dt: 2005.91ms | tok/sec: 261,372 | bf16_mfu: 0.00 | epoch: 1 pq: 10 rg: 46 | total time: 29.80m | eta: 54.5m
step 00898/02520 (35.63%) | loss: 3.151515 | lrm: 0.99 | dt: 2003.59ms | tok/sec: 261,673 | bf16_mfu: 0.00 | epoch: 1 pq: 10 rg: 47 | total time: 29.84m | eta: 54.5m
step 00899/02520 (35.67%) | loss: 3.159890 | lrm: 0.99 | dt: 2002.92ms | tok/sec: 261,761 | bf16_mfu: 0.00 | epoch: 1 pq: 10 rg: 47 | total time: 29.87m | eta: 54.5m
step 00900/02520 (35.71%) | loss: 3.163085 | lrm: 0.99 | dt: 2004.75ms | tok/sec: 261,523 | bf16_mfu: 0.00 | epoch: 1 pq: 10 rg: 48 | total time: 29.90m | eta: 54.4m
step 00901/02520 (35.75%) | loss: 3.165597 | lrm: 0.99 | dt: 2004.76ms | tok/sec: 261,522 | bf16_mfu: 0.00 | epoch: 1 pq: 10 rg: 49 | total time: 29.94m | eta: 54.4m
step 00902/02520 (35.79%) | loss: 3.169568 | lrm: 0.99 | dt: 2003.95ms | tok/sec: 261,627 | bf16_mfu: 0.00 | epoch: 1 pq: 10 rg: 50 | total time: 29.97m | eta: 54.4m
step 00903/02520 (35.83%) | loss: 3.172968 | lrm: 0.99 | dt: 2006.30ms | tok/sec: 261,320 | bf16_mfu: 0.00 | epoch: 1 pq: 10 rg: 51 | total time: 30.00m | eta: 54.3m
step 00904/02520 (35.87%) | loss: 3.169852 | lrm: 0.99 | dt: 2005.61ms | tok/sec: 261,410 | bf16_mfu: 0.00 | epoch: 1 pq: 10 rg: 52 | total time: 30.04m | eta: 54.3m
step 00905/02520 (35.91%) | loss: 3.170870 | lrm: 0.99 | dt: 2005.40ms | tok/sec: 261,437 | bf16_mfu: 0.00 | epoch: 1 pq: 10 rg: 53 | total time: 30.07m | eta: 54.3m
step 00906/02520 (35.95%) | loss: 3.162416 | lrm: 0.99 | dt: 2003.89ms | tok/sec: 261,635 | bf16_mfu: 0.00 | epoch: 1 pq: 10 rg: 54 | total time: 30.10m | eta: 54.2m
step 00907/02520 (35.99%) | loss: 3.168298 | lrm: 0.99 | dt: 2005.52ms | tok/sec: 261,422 | bf16_mfu: 0.00 | epoch: 1 pq: 10 rg: 55 | total time: 30.14m | eta: 54.2m
step 00908/02520 (36.03%) | loss: 3.169059 | lrm: 0.98 | dt: 2005.51ms | tok/sec: 261,423 | bf16_mfu: 0.00 | epoch: 1 pq: 10 rg: 56 | total time: 30.17m | eta: 54.2m
step 00909/02520 (36.07%) | loss: 3.172113 | lrm: 0.98 | dt: 2005.08ms | tok/sec: 261,480 | bf16_mfu: 0.00 | epoch: 1 pq: 10 rg: 57 | total time: 30.20m | eta: 54.1m
step 00910/02520 (36.11%) | loss: 3.177718 | lrm: 0.98 | dt: 2003.99ms | tok/sec: 261,622 | bf16_mfu: 0.00 | epoch: 1 pq: 10 rg: 58 | total time: 30.24m | eta: 54.1m
step 00911/02520 (36.15%) | loss: 3.171678 | lrm: 0.98 | dt: 2004.07ms | tok/sec: 261,611 | bf16_mfu: 0.00 | epoch: 1 pq: 10 rg: 59 | total time: 30.27m | eta: 54.1m
step 00912/02520 (36.19%) | loss: 3.174958 | lrm: 0.98 | dt: 2004.22ms | tok/sec: 261,592 | bf16_mfu: 0.00 | epoch: 1 pq: 10 rg: 60 | total time: 30.30m | eta: 54.0m
step 00913/02520 (36.23%) | loss: 3.179891 | lrm: 0.98 | dt: 2004.57ms | tok/sec: 261,546 | bf16_mfu: 0.00 | epoch: 1 pq: 10 rg: 61 | total time: 30.34m | eta: 54.0m
step 00914/02520 (36.27%) | loss: 3.165419 | lrm: 0.98 | dt: 2004.85ms | tok/sec: 261,509 | bf16_mfu: 0.00 | epoch: 1 pq: 10 rg: 62 | total time: 30.37m | eta: 54.0m
step 00915/02520 (36.31%) | loss: 3.155873 | lrm: 0.98 | dt: 2004.83ms | tok/sec: 261,512 | bf16_mfu: 0.00 | epoch: 1 pq: 10 rg: 63 | total time: 30.40m | eta: 53.9m
step 00916/02520 (36.35%) | loss: 3.154012 | lrm: 0.98 | dt: 2005.37ms | tok/sec: 261,442 | bf16_mfu: 0.00 | epoch: 1 pq: 10 rg: 64 | total time: 30.44m | eta: 53.9m
step 00917/02520 (36.39%) | loss: 3.151364 | lrm: 0.98 | dt: 2006.22ms | tok/sec: 261,330 | bf16_mfu: 0.00 | epoch: 1 pq: 10 rg: 65 | total time: 30.47m | eta: 53.9m
step 00918/02520 (36.43%) | loss: 3.157871 | lrm: 0.98 | dt: 2005.94ms | tok/sec: 261,367 | bf16_mfu: 0.00 | epoch: 1 pq: 10 rg: 66 | total time: 30.50m | eta: 53.8m
step 00919/02520 (36.47%) | loss: 3.153932 | lrm: 0.98 | dt: 2004.40ms | tok/sec: 261,567 | bf16_mfu: 0.00 | epoch: 1 pq: 10 rg: 67 | total time: 30.54m | eta: 53.8m
step 00920/02520 (36.51%) | loss: 3.161250 | lrm: 0.98 | dt: 2006.98ms | tok/sec: 261,232 | bf16_mfu: 0.00 | epoch: 1 pq: 10 rg: 68 | total time: 30.57m | eta: 53.8m
step 00921/02520 (36.55%) | loss: 3.170314 | lrm: 0.98 | dt: 2006.01ms | tok/sec: 261,358 | bf16_mfu: 0.00 | epoch: 1 pq: 10 rg: 69 | total time: 30.61m | eta: 53.7m
step 00922/02520 (36.59%) | loss: 3.161382 | lrm: 0.98 | dt: 2006.33ms | tok/sec: 261,317 | bf16_mfu: 0.00 | epoch: 1 pq: 10 rg: 70 | total time: 30.64m | eta: 53.7m
step 00923/02520 (36.63%) | loss: 3.165744 | lrm: 0.98 | dt: 2003.96ms | tok/sec: 261,625 | bf16_mfu: 0.00 | epoch: 1 pq: 10 rg: 71 | total time: 30.67m | eta: 53.7m
step 00924/02520 (36.67%) | loss: 3.160668 | lrm: 0.98 | dt: 2006.28ms | tok/sec: 261,322 | bf16_mfu: 0.00 | epoch: 1 pq: 10 rg: 72 | total time: 30.71m | eta: 53.6m
step 00925/02520 (36.71%) | loss: 3.158435 | lrm: 0.98 | dt: 2003.94ms | tok/sec: 261,628 | bf16_mfu: 0.00 | epoch: 1 pq: 10 rg: 73 | total time: 30.74m | eta: 53.6m
step 00926/02520 (36.75%) | loss: 3.150361 | lrm: 0.97 | dt: 2004.22ms | tok/sec: 261,591 | bf16_mfu: 0.00 | epoch: 1 pq: 10 rg: 74 | total time: 30.77m | eta: 53.5m
step 00927/02520 (36.79%) | loss: 3.149527 | lrm: 0.97 | dt: 2004.68ms | tok/sec: 261,532 | bf16_mfu: 0.00 | epoch: 1 pq: 10 rg: 75 | total time: 30.81m | eta: 53.5m
step 00928/02520 (36.83%) | loss: 3.146965 | lrm: 0.97 | dt: 2004.95ms | tok/sec: 261,497 | bf16_mfu: 0.00 | epoch: 1 pq: 10 rg: 76 | total time: 30.84m | eta: 53.5m
step 00929/02520 (36.87%) | loss: 3.153266 | lrm: 0.97 | dt: 2004.68ms | tok/sec: 261,531 | bf16_mfu: 0.00 | epoch: 1 pq: 10 rg: 76 | total time: 30.87m | eta: 53.4m
step 00930/02520 (36.90%) | loss: 3.155940 | lrm: 0.97 | dt: 2005.05ms | tok/sec: 261,483 | bf16_mfu: 0.00 | epoch: 1 pq: 10 rg: 77 | total time: 30.91m | eta: 53.4m
step 00931/02520 (36.94%) | loss: 3.151823 | lrm: 0.97 | dt: 2005.43ms | tok/sec: 261,434 | bf16_mfu: 0.00 | epoch: 1 pq: 10 rg: 78 | total time: 30.94m | eta: 53.4m
step 00932/02520 (36.98%) | loss: 3.167364 | lrm: 0.97 | dt: 2003.73ms | tok/sec: 261,655 | bf16_mfu: 0.00 | epoch: 1 pq: 10 rg: 79 | total time: 30.97m | eta: 53.3m
step 00933/02520 (37.02%) | loss: 3.158806 | lrm: 0.97 | dt: 2005.69ms | tok/sec: 261,400 | bf16_mfu: 0.00 | epoch: 1 pq: 10 rg: 80 | total time: 31.01m | eta: 53.3m
step 00934/02520 (37.06%) | loss: 3.160954 | lrm: 0.97 | dt: 2004.37ms | tok/sec: 261,572 | bf16_mfu: 0.00 | epoch: 1 pq: 10 rg: 81 | total time: 31.04m | eta: 53.3m
step 00935/02520 (37.10%) | loss: 3.161726 | lrm: 0.97 | dt: 2004.79ms | tok/sec: 261,518 | bf16_mfu: 0.00 | epoch: 1 pq: 10 rg: 82 | total time: 31.07m | eta: 53.2m
step 00936/02520 (37.14%) | loss: 3.166500 | lrm: 0.97 | dt: 2004.43ms | tok/sec: 261,564 | bf16_mfu: 0.00 | epoch: 1 pq: 11 rg: 0 | total time: 31.11m | eta: 53.2m
step 00937/02520 (37.18%) | loss: 3.164633 | lrm: 0.97 | dt: 2003.94ms | tok/sec: 261,628 | bf16_mfu: 0.00 | epoch: 1 pq: 11 rg: 1 | total time: 31.14m | eta: 53.2m
step 00938/02520 (37.22%) | loss: 3.161927 | lrm: 0.97 | dt: 2004.72ms | tok/sec: 261,526 | bf16_mfu: 0.00 | epoch: 1 pq: 11 rg: 2 | total time: 31.17m | eta: 53.1m
step 00939/02520 (37.26%) | loss: 3.160714 | lrm: 0.97 | dt: 2005.09ms | tok/sec: 261,478 | bf16_mfu: 0.00 | epoch: 1 pq: 11 rg: 3 | total time: 31.21m | eta: 53.1m
step 00940/02520 (37.30%) | loss: 3.161319 | lrm: 0.97 | dt: 2003.89ms | tok/sec: 261,634 | bf16_mfu: 0.00 | epoch: 1 pq: 11 rg: 4 | total time: 31.24m | eta: 53.1m
step 00941/02520 (37.34%) | loss: 3.160273 | lrm: 0.97 | dt: 2005.37ms | tok/sec: 261,442 | bf16_mfu: 0.00 | epoch: 1 pq: 11 rg: 5 | total time: 31.27m | eta: 53.0m
step 00942/02520 (37.38%) | loss: 3.157048 | lrm: 0.97 | dt: 2005.24ms | tok/sec: 261,458 | bf16_mfu: 0.00 | epoch: 1 pq: 11 rg: 6 | total time: 31.31m | eta: 53.0m
step 00943/02520 (37.42%) | loss: 3.162018 | lrm: 0.96 | dt: 2003.81ms | tok/sec: 261,645 | bf16_mfu: 0.00 | epoch: 1 pq: 11 rg: 7 | total time: 31.34m | eta: 53.0m
step 00944/02520 (37.46%) | loss: 3.153819 | lrm: 0.96 | dt: 2003.22ms | tok/sec: 261,722 | bf16_mfu: 0.00 | epoch: 1 pq: 11 rg: 8 | total time: 31.37m | eta: 52.9m
step 00945/02520 (37.50%) | loss: 3.153232 | lrm: 0.96 | dt: 2002.36ms | tok/sec: 261,834 | bf16_mfu: 0.00 | epoch: 1 pq: 11 rg: 9 | total time: 31.41m | eta: 52.9m
step 00946/02520 (37.54%) | loss: 3.150530 | lrm: 0.96 | dt: 2003.47ms | tok/sec: 261,689 | bf16_mfu: 0.00 | epoch: 1 pq: 11 rg: 10 | total time: 31.44m | eta: 52.9m
step 00947/02520 (37.58%) | loss: 3.159719 | lrm: 0.96 | dt: 2004.83ms | tok/sec: 261,512 | bf16_mfu: 0.00 | epoch: 1 pq: 11 rg: 11 | total time: 31.47m | eta: 52.8m
step 00948/02520 (37.62%) | loss: 3.156209 | lrm: 0.96 | dt: 2003.58ms | tok/sec: 261,675 | bf16_mfu: 0.00 | epoch: 1 pq: 11 rg: 12 | total time: 31.51m | eta: 52.8m
step 00949/02520 (37.66%) | loss: 3.157512 | lrm: 0.96 | dt: 2004.95ms | tok/sec: 261,496 | bf16_mfu: 0.00 | epoch: 1 pq: 11 rg: 13 | total time: 31.54m | eta: 52.8m
step 00950/02520 (37.70%) | loss: 3.151394 | lrm: 0.96 | dt: 2005.44ms | tok/sec: 261,433 | bf16_mfu: 0.00 | epoch: 1 pq: 11 rg: 14 | total time: 31.57m | eta: 52.7m
step 00951/02520 (37.74%) | loss: 3.141651 | lrm: 0.96 | dt: 2004.00ms | tok/sec: 261,620 | bf16_mfu: 0.00 | epoch: 1 pq: 11 rg: 15 | total time: 31.61m | eta: 52.7m
step 00952/02520 (37.78%) | loss: 3.125834 | lrm: 0.96 | dt: 2002.95ms | tok/sec: 261,757 | bf16_mfu: 0.00 | epoch: 1 pq: 11 rg: 16 | total time: 31.64m | eta: 52.7m
step 00953/02520 (37.82%) | loss: 3.121338 | lrm: 0.96 | dt: 2004.56ms | tok/sec: 261,548 | bf16_mfu: 0.00 | epoch: 1 pq: 11 rg: 17 | total time: 31.67m | eta: 52.6m
step 00954/02520 (37.86%) | loss: 3.127664 | lrm: 0.96 | dt: 2005.19ms | tok/sec: 261,465 | bf16_mfu: 0.00 | epoch: 1 pq: 11 rg: 18 | total time: 31.71m | eta: 52.6m
step 00955/02520 (37.90%) | loss: 3.136981 | lrm: 0.96 | dt: 2005.36ms | tok/sec: 261,443 | bf16_mfu: 0.00 | epoch: 1 pq: 11 rg: 19 | total time: 31.74m | eta: 52.6m
step 00956/02520 (37.94%) | loss: 3.149020 | lrm: 0.96 | dt: 2004.25ms | tok/sec: 261,587 | bf16_mfu: 0.00 | epoch: 1 pq: 11 rg: 19 | total time: 31.77m | eta: 52.5m
step 00957/02520 (37.98%) | loss: 3.154283 | lrm: 0.96 | dt: 2004.31ms | tok/sec: 261,580 | bf16_mfu: 0.00 | epoch: 1 pq: 11 rg: 20 | total time: 31.81m | eta: 52.5m
step 00958/02520 (38.02%) | loss: 3.144054 | lrm: 0.96 | dt: 2006.52ms | tok/sec: 261,291 | bf16_mfu: 0.00 | epoch: 1 pq: 11 rg: 21 | total time: 31.84m | eta: 52.5m
step 00959/02520 (38.06%) | loss: 3.149331 | lrm: 0.96 | dt: 2006.42ms | tok/sec: 261,305 | bf16_mfu: 0.00 | epoch: 1 pq: 11 rg: 22 | total time: 31.87m | eta: 52.4m
step 00960/02520 (38.10%) | loss: 3.139749 | lrm: 0.95 | dt: 2006.98ms | tok/sec: 261,232 | bf16_mfu: 0.00 | epoch: 1 pq: 11 rg: 23 | total time: 31.91m | eta: 52.4m
step 00961/02520 (38.13%) | loss: 3.143848 | lrm: 0.95 | dt: 2006.47ms | tok/sec: 261,298 | bf16_mfu: 0.00 | epoch: 1 pq: 11 rg: 24 | total time: 31.94m | eta: 52.4m
step 00962/02520 (38.17%) | loss: 3.139530 | lrm: 0.95 | dt: 2007.03ms | tok/sec: 261,226 | bf16_mfu: 0.00 | epoch: 1 pq: 11 rg: 25 | total time: 31.98m | eta: 52.3m
step 00963/02520 (38.21%) | loss: 3.125885 | lrm: 0.95 | dt: 2007.15ms | tok/sec: 261,210 | bf16_mfu: 0.00 | epoch: 1 pq: 11 rg: 26 | total time: 32.01m | eta: 52.3m
step 00964/02520 (38.25%) | loss: 3.136215 | lrm: 0.95 | dt: 2007.55ms | tok/sec: 261,157 | bf16_mfu: 0.00 | epoch: 1 pq: 11 rg: 27 | total time: 32.04m | eta: 52.3m
step 00965/02520 (38.29%) | loss: 3.130877 | lrm: 0.95 | dt: 2009.65ms | tok/sec: 260,884 | bf16_mfu: 0.00 | epoch: 1 pq: 11 rg: 28 | total time: 32.08m | eta: 52.2m
step 00966/02520 (38.33%) | loss: 3.131871 | lrm: 0.95 | dt: 2007.74ms | tok/sec: 261,134 | bf16_mfu: 0.00 | epoch: 1 pq: 11 rg: 29 | total time: 32.11m | eta: 52.2m
step 00967/02520 (38.37%) | loss: 3.132554 | lrm: 0.95 | dt: 2008.33ms | tok/sec: 261,056 | bf16_mfu: 0.00 | epoch: 1 pq: 11 rg: 30 | total time: 32.14m | eta: 52.2m
step 00968/02520 (38.41%) | loss: 3.117189 | lrm: 0.95 | dt: 2009.05ms | tok/sec: 260,963 | bf16_mfu: 0.00 | epoch: 1 pq: 11 rg: 31 | total time: 32.18m | eta: 52.1m
step 00969/02520 (38.45%) | loss: 3.118172 | lrm: 0.95 | dt: 2011.18ms | tok/sec: 260,686 | bf16_mfu: 0.00 | epoch: 1 pq: 11 rg: 32 | total time: 32.21m | eta: 52.1m
step 00970/02520 (38.49%) | loss: 3.108237 | lrm: 0.95 | dt: 2010.14ms | tok/sec: 260,821 | bf16_mfu: 0.00 | epoch: 1 pq: 11 rg: 33 | total time: 32.24m | eta: 52.1m
step 00971/02520 (38.53%) | loss: 3.120687 | lrm: 0.95 | dt: 2008.29ms | tok/sec: 261,062 | bf16_mfu: 0.00 | epoch: 1 pq: 11 rg: 34 | total time: 32.28m | eta: 52.0m
step 00972/02520 (38.57%) | loss: 3.124776 | lrm: 0.95 | dt: 2010.28ms | tok/sec: 260,803 | bf16_mfu: 0.00 | epoch: 1 pq: 11 rg: 35 | total time: 32.31m | eta: 52.0m
step 00973/02520 (38.61%) | loss: 3.121730 | lrm: 0.95 | dt: 2009.48ms | tok/sec: 260,906 | bf16_mfu: 0.00 | epoch: 1 pq: 11 rg: 36 | total time: 32.34m | eta: 52.0m
step 00974/02520 (38.65%) | loss: 3.121277 | lrm: 0.95 | dt: 2009.62ms | tok/sec: 260,889 | bf16_mfu: 0.00 | epoch: 1 pq: 11 rg: 37 | total time: 32.38m | eta: 51.9m
step 00975/02520 (38.69%) | loss: 3.129157 | lrm: 0.95 | dt: 2009.52ms | tok/sec: 260,902 | bf16_mfu: 0.00 | epoch: 1 pq: 11 rg: 38 | total time: 32.41m | eta: 51.9m
step 00976/02520 (38.73%) | loss: 3.132393 | lrm: 0.95 | dt: 2009.83ms | tok/sec: 260,861 | bf16_mfu: 0.00 | epoch: 1 pq: 11 rg: 39 | total time: 32.44m | eta: 51.9m
step 00977/02520 (38.77%) | loss: 3.121937 | lrm: 0.94 | dt: 2008.64ms | tok/sec: 261,016 | bf16_mfu: 0.00 | epoch: 1 pq: 11 rg: 40 | total time: 32.48m | eta: 51.8m
step 00978/02520 (38.81%) | loss: 3.131578 | lrm: 0.94 | dt: 2009.91ms | tok/sec: 260,851 | bf16_mfu: 0.00 | epoch: 1 pq: 11 rg: 41 | total time: 32.51m | eta: 51.8m
step 00979/02520 (38.85%) | loss: 3.123290 | lrm: 0.94 | dt: 2011.36ms | tok/sec: 260,663 | bf16_mfu: 0.00 | epoch: 1 pq: 11 rg: 42 | total time: 32.54m | eta: 51.8m
step 00980/02520 (38.89%) | loss: 3.125983 | lrm: 0.94 | dt: 2010.09ms | tok/sec: 260,828 | bf16_mfu: 0.00 | epoch: 1 pq: 11 rg: 43 | total time: 32.58m | eta: 51.7m
step 00981/02520 (38.93%) | loss: 3.121769 | lrm: 0.94 | dt: 2009.97ms | tok/sec: 260,843 | bf16_mfu: 0.00 | epoch: 1 pq: 11 rg: 44 | total time: 32.61m | eta: 51.7m
step 00982/02520 (38.97%) | loss: 3.126217 | lrm: 0.94 | dt: 2011.84ms | tok/sec: 260,601 | bf16_mfu: 0.00 | epoch: 1 pq: 11 rg: 45 | total time: 32.65m | eta: 51.7m
step 00983/02520 (39.01%) | loss: 3.123800 | lrm: 0.94 | dt: 2011.55ms | tok/sec: 260,638 | bf16_mfu: 0.00 | epoch: 1 pq: 11 rg: 46 | total time: 32.68m | eta: 51.6m
step 00984/02520 (39.05%) | loss: 3.115175 | lrm: 0.94 | dt: 2011.55ms | tok/sec: 260,638 | bf16_mfu: 0.00 | epoch: 1 pq: 11 rg: 47 | total time: 32.71m | eta: 51.6m
step 00985/02520 (39.09%) | loss: 3.107443 | lrm: 0.94 | dt: 2012.44ms | tok/sec: 260,523 | bf16_mfu: 0.00 | epoch: 1 pq: 11 rg: 48 | total time: 32.75m | eta: 51.6m
step 00986/02520 (39.13%) | loss: 3.103498 | lrm: 0.94 | dt: 2012.05ms | tok/sec: 260,574 | bf16_mfu: 0.00 | epoch: 1 pq: 11 rg: 49 | total time: 32.78m | eta: 51.5m
step 00987/02520 (39.17%) | loss: 3.085774 | lrm: 0.94 | dt: 2011.86ms | tok/sec: 260,598 | bf16_mfu: 0.00 | epoch: 1 pq: 11 rg: 50 | total time: 32.81m | eta: 51.5m
step 00988/02520 (39.21%) | loss: 3.095613 | lrm: 0.94 | dt: 2012.09ms | tok/sec: 260,568 | bf16_mfu: 0.00 | epoch: 1 pq: 11 rg: 51 | total time: 32.85m | eta: 51.5m
step 00989/02520 (39.25%) | loss: 3.083514 | lrm: 0.94 | dt: 2013.45ms | tok/sec: 260,392 | bf16_mfu: 0.00 | epoch: 1 pq: 11 rg: 52 | total time: 32.88m | eta: 51.4m
step 00990/02520 (39.29%) | loss: 3.097516 | lrm: 0.94 | dt: 2013.49ms | tok/sec: 260,387 | bf16_mfu: 0.00 | epoch: 1 pq: 11 rg: 53 | total time: 32.91m | eta: 51.4m
step 00991/02520 (39.33%) | loss: 3.106797 | lrm: 0.94 | dt: 2011.80ms | tok/sec: 260,606 | bf16_mfu: 0.00 | epoch: 1 pq: 11 rg: 54 | total time: 32.95m | eta: 51.4m
step 00992/02520 (39.37%) | loss: 3.102124 | lrm: 0.94 | dt: 2013.35ms | tok/sec: 260,406 | bf16_mfu: 0.00 | epoch: 1 pq: 11 rg: 55 | total time: 32.98m | eta: 51.3m
step 00993/02520 (39.40%) | loss: 3.109473 | lrm: 0.94 | dt: 2013.83ms | tok/sec: 260,343 | bf16_mfu: 0.00 | epoch: 1 pq: 11 rg: 55 | total time: 33.01m | eta: 51.3m
step 00994/02520 (39.44%) | loss: 3.130044 | lrm: 0.94 | dt: 2017.37ms | tok/sec: 259,886 | bf16_mfu: 0.00 | epoch: 1 pq: 11 rg: 56 | total time: 33.05m | eta: 51.3m
step 00995/02520 (39.48%) | loss: 3.126787 | lrm: 0.93 | dt: 2016.00ms | tok/sec: 260,064 | bf16_mfu: 0.00 | epoch: 1 pq: 11 rg: 57 | total time: 33.08m | eta: 51.2m
step 00996/02520 (39.52%) | loss: 3.117788 | lrm: 0.93 | dt: 2015.17ms | tok/sec: 260,170 | bf16_mfu: 0.00 | epoch: 1 pq: 11 rg: 58 | total time: 33.11m | eta: 51.2m
step 00997/02520 (39.56%) | loss: 3.111821 | lrm: 0.93 | dt: 2014.38ms | tok/sec: 260,272 | bf16_mfu: 0.00 | epoch: 1 pq: 11 rg: 59 | total time: 33.15m | eta: 51.1m
step 00998/02520 (39.60%) | loss: 3.100313 | lrm: 0.93 | dt: 2016.87ms | tok/sec: 259,950 | bf16_mfu: 0.00 | epoch: 1 pq: 11 rg: 60 | total time: 33.18m | eta: 51.1m
step 00999/02520 (39.64%) | loss: 3.093373 | lrm: 0.93 | dt: 2015.49ms | tok/sec: 260,129 | bf16_mfu: 0.00 | epoch: 1 pq: 11 rg: 61 | total time: 33.22m | eta: 51.1m
Step 01000 | Validation bpb: 0.948314
step 01000/02520 (39.68%) | loss: 3.090324 | lrm: 0.93 | dt: 2003.44ms | tok/sec: 261,693 | bf16_mfu: 0.00 | epoch: 1 pq: 11 rg: 62 | total time: 33.25m | eta: 51.0m
step 01001/02520 (39.72%) | loss: 3.085843 | lrm: 0.93 | dt: 2008.34ms | tok/sec: 261,054 | bf16_mfu: 0.00 | epoch: 1 pq: 11 rg: 63 | total time: 33.28m | eta: 51.0m
step 01002/02520 (39.76%) | loss: 3.086895 | lrm: 0.93 | dt: 2008.56ms | tok/sec: 261,027 | bf16_mfu: 0.00 | epoch: 1 pq: 11 rg: 64 | total time: 33.32m | eta: 51.0m
step 01003/02520 (39.80%) | loss: 3.094055 | lrm: 0.93 | dt: 2009.99ms | tok/sec: 260,841 | bf16_mfu: 0.00 | epoch: 1 pq: 11 rg: 65 | total time: 33.35m | eta: 50.9m
step 01004/02520 (39.84%) | loss: 3.086601 | lrm: 0.93 | dt: 2009.74ms | tok/sec: 260,873 | bf16_mfu: 0.00 | epoch: 1 pq: 11 rg: 66 | total time: 33.38m | eta: 50.9m
step 01005/02520 (39.88%) | loss: 3.083953 | lrm: 0.93 | dt: 2010.64ms | tok/sec: 260,757 | bf16_mfu: 0.00 | epoch: 1 pq: 11 rg: 67 | total time: 33.42m | eta: 50.9m
step 01006/02520 (39.92%) | loss: 3.081423 | lrm: 0.93 | dt: 2009.95ms | tok/sec: 260,846 | bf16_mfu: 0.00 | epoch: 1 pq: 11 rg: 68 | total time: 33.45m | eta: 50.8m
step 01007/02520 (39.96%) | loss: 3.072308 | lrm: 0.93 | dt: 2011.31ms | tok/sec: 260,669 | bf16_mfu: 0.00 | epoch: 1 pq: 11 rg: 69 | total time: 33.48m | eta: 50.8m
step 01008/02520 (40.00%) | loss: 3.079629 | lrm: 0.93 | dt: 2009.74ms | tok/sec: 260,873 | bf16_mfu: 0.00 | epoch: 1 pq: 11 rg: 70 | total time: 33.52m | eta: 50.8m
step 01009/02520 (40.04%) | loss: 3.088231 | lrm: 0.93 | dt: 2013.42ms | tok/sec: 260,397 | bf16_mfu: 0.00 | epoch: 1 pq: 11 rg: 71 | total time: 33.55m | eta: 50.7m
step 01010/02520 (40.08%) | loss: 3.086623 | lrm: 0.93 | dt: 2013.96ms | tok/sec: 260,326 | bf16_mfu: 0.00 | epoch: 1 pq: 11 rg: 72 | total time: 33.58m | eta: 50.7m
step 01011/02520 (40.12%) | loss: 3.084306 | lrm: 0.93 | dt: 2014.15ms | tok/sec: 260,301 | bf16_mfu: 0.00 | epoch: 1 pq: 11 rg: 73 | total time: 33.62m | eta: 50.7m
step 01012/02520 (40.16%) | loss: 3.092542 | lrm: 0.92 | dt: 2013.93ms | tok/sec: 260,331 | bf16_mfu: 0.00 | epoch: 1 pq: 11 rg: 74 | total time: 33.65m | eta: 50.6m
step 01013/02520 (40.20%) | loss: 3.087801 | lrm: 0.92 | dt: 2014.02ms | tok/sec: 260,318 | bf16_mfu: 0.00 | epoch: 1 pq: 11 rg: 75 | total time: 33.68m | eta: 50.6m
step 01014/02520 (40.24%) | loss: 3.082494 | lrm: 0.92 | dt: 2013.75ms | tok/sec: 260,353 | bf16_mfu: 0.00 | epoch: 1 pq: 11 rg: 76 | total time: 33.72m | eta: 50.6m
step 01015/02520 (40.28%) | loss: 3.080344 | lrm: 0.92 | dt: 2015.09ms | tok/sec: 260,180 | bf16_mfu: 0.00 | epoch: 1 pq: 11 rg: 77 | total time: 33.75m | eta: 50.5m
step 01016/02520 (40.32%) | loss: 3.089048 | lrm: 0.92 | dt: 2013.88ms | tok/sec: 260,337 | bf16_mfu: 0.00 | epoch: 1 pq: 11 rg: 78 | total time: 33.79m | eta: 50.5m
step 01017/02520 (40.36%) | loss: 3.087575 | lrm: 0.92 | dt: 2015.25ms | tok/sec: 260,159 | bf16_mfu: 0.00 | epoch: 1 pq: 11 rg: 79 | total time: 33.82m | eta: 50.5m
step 01018/02520 (40.40%) | loss: 3.071132 | lrm: 0.92 | dt: 2014.97ms | tok/sec: 260,196 | bf16_mfu: 0.00 | epoch: 1 pq: 11 rg: 80 | total time: 33.85m | eta: 50.4m
step 01019/02520 (40.44%) | loss: 3.073081 | lrm: 0.92 | dt: 2014.25ms | tok/sec: 260,289 | bf16_mfu: 0.00 | epoch: 1 pq: 11 rg: 81 | total time: 33.89m | eta: 50.4m
step 01020/02520 (40.48%) | loss: 3.085204 | lrm: 0.92 | dt: 2014.04ms | tok/sec: 260,317 | bf16_mfu: 0.00 | epoch: 1 pq: 12 rg: 0 | total time: 33.92m | eta: 50.4m
step 01021/02520 (40.52%) | loss: 3.083928 | lrm: 0.92 | dt: 2014.23ms | tok/sec: 260,291 | bf16_mfu: 0.00 | epoch: 1 pq: 12 rg: 1 | total time: 33.95m | eta: 50.3m
step 01022/02520 (40.56%) | loss: 3.085659 | lrm: 0.92 | dt: 2014.44ms | tok/sec: 260,264 | bf16_mfu: 0.00 | epoch: 1 pq: 12 rg: 2 | total time: 33.99m | eta: 50.3m
step 01023/02520 (40.60%) | loss: 3.082322 | lrm: 0.92 | dt: 2016.88ms | tok/sec: 259,949 | bf16_mfu: 0.00 | epoch: 1 pq: 12 rg: 3 | total time: 34.02m | eta: 50.3m
step 01024/02520 (40.63%) | loss: 3.085590 | lrm: 0.92 | dt: 2016.19ms | tok/sec: 260,039 | bf16_mfu: 0.00 | epoch: 1 pq: 12 rg: 4 | total time: 34.05m | eta: 50.2m
step 01025/02520 (40.67%) | loss: 3.093105 | lrm: 0.92 | dt: 2017.07ms | tok/sec: 259,925 | bf16_mfu: 0.00 | epoch: 1 pq: 12 rg: 5 | total time: 34.09m | eta: 50.2m
step 01026/02520 (40.71%) | loss: 3.089445 | lrm: 0.92 | dt: 2015.22ms | tok/sec: 260,163 | bf16_mfu: 0.00 | epoch: 1 pq: 12 rg: 6 | total time: 34.12m | eta: 50.2m
step 01027/02520 (40.75%) | loss: 3.080613 | lrm: 0.92 | dt: 2016.66ms | tok/sec: 259,978 | bf16_mfu: 0.00 | epoch: 1 pq: 12 rg: 7 | total time: 34.15m | eta: 50.1m
step 01028/02520 (40.79%) | loss: 3.081262 | lrm: 0.92 | dt: 2015.71ms | tok/sec: 260,101 | bf16_mfu: 0.00 | epoch: 1 pq: 12 rg: 7 | total time: 34.19m | eta: 50.1m
step 01029/02520 (40.83%) | loss: 3.078557 | lrm: 0.91 | dt: 2015.77ms | tok/sec: 260,093 | bf16_mfu: 0.00 | epoch: 1 pq: 12 rg: 8 | total time: 34.22m | eta: 50.1m
step 01030/02520 (40.87%) | loss: 3.067841 | lrm: 0.91 | dt: 2017.59ms | tok/sec: 259,858 | bf16_mfu: 0.00 | epoch: 1 pq: 12 rg: 9 | total time: 34.26m | eta: 50.0m
step 01031/02520 (40.91%) | loss: 3.075673 | lrm: 0.91 | dt: 2016.92ms | tok/sec: 259,945 | bf16_mfu: 0.00 | epoch: 1 pq: 12 rg: 10 | total time: 34.29m | eta: 50.0m
step 01032/02520 (40.95%) | loss: 3.085276 | lrm: 0.91 | dt: 2017.89ms | tok/sec: 259,819 | bf16_mfu: 0.00 | epoch: 1 pq: 12 rg: 11 | total time: 34.32m | eta: 50.0m
step 01033/02520 (40.99%) | loss: 3.081137 | lrm: 0.91 | dt: 2016.54ms | tok/sec: 259,993 | bf16_mfu: 0.00 | epoch: 1 pq: 12 rg: 12 | total time: 34.36m | eta: 49.9m
step 01034/02520 (41.03%) | loss: 3.082524 | lrm: 0.91 | dt: 2018.60ms | tok/sec: 259,728 | bf16_mfu: 0.00 | epoch: 1 pq: 12 rg: 13 | total time: 34.39m | eta: 49.9m
step 01035/02520 (41.07%) | loss: 3.077306 | lrm: 0.91 | dt: 2016.00ms | tok/sec: 260,063 | bf16_mfu: 0.00 | epoch: 1 pq: 12 rg: 14 | total time: 34.42m | eta: 49.9m
step 01036/02520 (41.11%) | loss: 3.082593 | lrm: 0.91 | dt: 2016.25ms | tok/sec: 260,030 | bf16_mfu: 0.00 | epoch: 1 pq: 12 rg: 15 | total time: 34.46m | eta: 49.8m
step 01037/02520 (41.15%) | loss: 3.087467 | lrm: 0.91 | dt: 2018.11ms | tok/sec: 259,791 | bf16_mfu: 0.00 | epoch: 1 pq: 12 rg: 16 | total time: 34.49m | eta: 49.8m
step 01038/02520 (41.19%) | loss: 3.083060 | lrm: 0.91 | dt: 2017.65ms | tok/sec: 259,850 | bf16_mfu: 0.00 | epoch: 1 pq: 12 rg: 17 | total time: 34.52m | eta: 49.8m
step 01039/02520 (41.23%) | loss: 3.080634 | lrm: 0.91 | dt: 2018.09ms | tok/sec: 259,794 | bf16_mfu: 0.00 | epoch: 1 pq: 12 rg: 18 | total time: 34.56m | eta: 49.7m
step 01040/02520 (41.27%) | loss: 3.072551 | lrm: 0.91 | dt: 2018.51ms | tok/sec: 259,740 | bf16_mfu: 0.00 | epoch: 1 pq: 12 rg: 19 | total time: 34.59m | eta: 49.7m
step 01041/02520 (41.31%) | loss: 3.076929 | lrm: 0.91 | dt: 2017.15ms | tok/sec: 259,915 | bf16_mfu: 0.00 | epoch: 1 pq: 12 rg: 20 | total time: 34.63m | eta: 49.7m
step 01042/02520 (41.35%) | loss: 3.076660 | lrm: 0.91 | dt: 2016.85ms | tok/sec: 259,953 | bf16_mfu: 0.00 | epoch: 1 pq: 12 rg: 21 | total time: 34.66m | eta: 49.6m
step 01043/02520 (41.39%) | loss: 3.071054 | lrm: 0.91 | dt: 2017.21ms | tok/sec: 259,906 | bf16_mfu: 0.00 | epoch: 1 pq: 12 rg: 22 | total time: 34.69m | eta: 49.6m
step 01044/02520 (41.43%) | loss: 3.085874 | lrm: 0.91 | dt: 2019.88ms | tok/sec: 259,563 | bf16_mfu: 0.00 | epoch: 1 pq: 12 rg: 23 | total time: 34.73m | eta: 49.6m
step 01045/02520 (41.47%) | loss: 3.085478 | lrm: 0.91 | dt: 2019.87ms | tok/sec: 259,565 | bf16_mfu: 0.00 | epoch: 1 pq: 12 rg: 24 | total time: 34.76m | eta: 49.5m
step 01046/02520 (41.51%) | loss: 3.091559 | lrm: 0.90 | dt: 2018.47ms | tok/sec: 259,744 | bf16_mfu: 0.00 | epoch: 1 pq: 12 rg: 25 | total time: 34.79m | eta: 49.5m
step 01047/02520 (41.55%) | loss: 3.086668 | lrm: 0.90 | dt: 2018.65ms | tok/sec: 259,722 | bf16_mfu: 0.00 | epoch: 1 pq: 12 rg: 26 | total time: 34.83m | eta: 49.5m
step 01048/02520 (41.59%) | loss: 3.093767 | lrm: 0.90 | dt: 2017.10ms | tok/sec: 259,921 | bf16_mfu: 0.00 | epoch: 1 pq: 12 rg: 27 | total time: 34.86m | eta: 49.4m
step 01049/02520 (41.63%) | loss: 3.093954 | lrm: 0.90 | dt: 2018.77ms | tok/sec: 259,706 | bf16_mfu: 0.00 | epoch: 1 pq: 12 rg: 28 | total time: 34.89m | eta: 49.4m
step 01050/02520 (41.67%) | loss: 3.098771 | lrm: 0.90 | dt: 2020.91ms | tok/sec: 259,431 | bf16_mfu: 0.00 | epoch: 1 pq: 12 rg: 29 | total time: 34.93m | eta: 49.4m
step 01051/02520 (41.71%) | loss: 3.086772 | lrm: 0.90 | dt: 2019.63ms | tok/sec: 259,595 | bf16_mfu: 0.00 | epoch: 1 pq: 12 rg: 30 | total time: 34.96m | eta: 49.3m
step 01052/02520 (41.75%) | loss: 3.087934 | lrm: 0.90 | dt: 2019.80ms | tok/sec: 259,574 | bf16_mfu: 0.00 | epoch: 1 pq: 12 rg: 31 | total time: 35.00m | eta: 49.3m
step 01053/02520 (41.79%) | loss: 3.083339 | lrm: 0.90 | dt: 2021.79ms | tok/sec: 259,318 | bf16_mfu: 0.00 | epoch: 1 pq: 12 rg: 32 | total time: 35.03m | eta: 49.3m
step 01054/02520 (41.83%) | loss: 3.088732 | lrm: 0.90 | dt: 2017.56ms | tok/sec: 259,862 | bf16_mfu: 0.00 | epoch: 1 pq: 12 rg: 33 | total time: 35.06m | eta: 49.2m
step 01055/02520 (41.87%) | loss: 3.099725 | lrm: 0.90 | dt: 2018.26ms | tok/sec: 259,772 | bf16_mfu: 0.00 | epoch: 1 pq: 12 rg: 34 | total time: 35.10m | eta: 49.2m
step 01056/02520 (41.90%) | loss: 3.097129 | lrm: 0.90 | dt: 2020.11ms | tok/sec: 259,534 | bf16_mfu: 0.00 | epoch: 1 pq: 12 rg: 35 | total time: 35.13m | eta: 49.2m
step 01057/02520 (41.94%) | loss: 3.096473 | lrm: 0.90 | dt: 2016.25ms | tok/sec: 260,031 | bf16_mfu: 0.00 | epoch: 1 pq: 12 rg: 35 | total time: 35.16m | eta: 49.1m
step 01058/02520 (41.98%) | loss: 3.101741 | lrm: 0.90 | dt: 2017.52ms | tok/sec: 259,867 | bf16_mfu: 0.00 | epoch: 1 pq: 12 rg: 36 | total time: 35.20m | eta: 49.1m
step 01059/02520 (42.02%) | loss: 3.096077 | lrm: 0.90 | dt: 2019.08ms | tok/sec: 259,666 | bf16_mfu: 0.00 | epoch: 1 pq: 12 rg: 37 | total time: 35.23m | eta: 49.1m
step 01060/02520 (42.06%) | loss: 3.092197 | lrm: 0.90 | dt: 2017.49ms | tok/sec: 259,871 | bf16_mfu: 0.00 | epoch: 1 pq: 12 rg: 38 | total time: 35.26m | eta: 49.0m
step 01061/02520 (42.10%) | loss: 3.078039 | lrm: 0.90 | dt: 2018.65ms | tok/sec: 259,722 | bf16_mfu: 0.00 | epoch: 1 pq: 12 rg: 39 | total time: 35.30m | eta: 49.0m
step 01062/02520 (42.14%) | loss: 3.085617 | lrm: 0.90 | dt: 2020.06ms | tok/sec: 259,540 | bf16_mfu: 0.00 | epoch: 1 pq: 12 rg: 40 | total time: 35.33m | eta: 49.0m
step 01063/02520 (42.18%) | loss: 3.091504 | lrm: 0.90 | dt: 2018.73ms | tok/sec: 259,712 | bf16_mfu: 0.00 | epoch: 1 pq: 12 rg: 41 | total time: 35.37m | eta: 48.9m
step 01064/02520 (42.22%) | loss: 3.087213 | lrm: 0.89 | dt: 2020.58ms | tok/sec: 259,473 | bf16_mfu: 0.00 | epoch: 1 pq: 12 rg: 42 | total time: 35.40m | eta: 48.9m
step 01065/02520 (42.26%) | loss: 3.092437 | lrm: 0.89 | dt: 2018.93ms | tok/sec: 259,685 | bf16_mfu: 0.00 | epoch: 1 pq: 12 rg: 43 | total time: 35.43m | eta: 48.9m
step 01066/02520 (42.30%) | loss: 3.081730 | lrm: 0.89 | dt: 2017.94ms | tok/sec: 259,813 | bf16_mfu: 0.00 | epoch: 1 pq: 12 rg: 44 | total time: 35.47m | eta: 48.8m
step 01067/02520 (42.34%) | loss: 3.074662 | lrm: 0.89 | dt: 2017.37ms | tok/sec: 259,887 | bf16_mfu: 0.00 | epoch: 1 pq: 12 rg: 45 | total time: 35.50m | eta: 48.8m
step 01068/02520 (42.38%) | loss: 3.073691 | lrm: 0.89 | dt: 2016.55ms | tok/sec: 259,992 | bf16_mfu: 0.00 | epoch: 1 pq: 12 rg: 46 | total time: 35.53m | eta: 48.8m
step 01069/02520 (42.42%) | loss: 3.079934 | lrm: 0.89 | dt: 2017.50ms | tok/sec: 259,870 | bf16_mfu: 0.00 | epoch: 1 pq: 12 rg: 47 | total time: 35.57m | eta: 48.7m
step 01070/02520 (42.46%) | loss: 3.081968 | lrm: 0.89 | dt: 2020.80ms | tok/sec: 259,445 | bf16_mfu: 0.00 | epoch: 1 pq: 12 rg: 48 | total time: 35.60m | eta: 48.7m
step 01071/02520 (42.50%) | loss: 3.083643 | lrm: 0.89 | dt: 2018.00ms | tok/sec: 259,805 | bf16_mfu: 0.00 | epoch: 1 pq: 12 rg: 49 | total time: 35.64m | eta: 48.7m
step 01072/02520 (42.54%) | loss: 3.079745 | lrm: 0.89 | dt: 2016.94ms | tok/sec: 259,941 | bf16_mfu: 0.00 | epoch: 1 pq: 12 rg: 50 | total time: 35.67m | eta: 48.6m
step 01073/02520 (42.58%) | loss: 3.070527 | lrm: 0.89 | dt: 2018.11ms | tok/sec: 259,791 | bf16_mfu: 0.00 | epoch: 1 pq: 12 rg: 51 | total time: 35.70m | eta: 48.6m
step 01074/02520 (42.62%) | loss: 3.072840 | lrm: 0.89 | dt: 2016.47ms | tok/sec: 260,002 | bf16_mfu: 0.00 | epoch: 1 pq: 12 rg: 52 | total time: 35.74m | eta: 48.6m
step 01075/02520 (42.66%) | loss: 3.083359 | lrm: 0.89 | dt: 2017.29ms | tok/sec: 259,896 | bf16_mfu: 0.00 | epoch: 1 pq: 12 rg: 53 | total time: 35.77m | eta: 48.5m
step 01076/02520 (42.70%) | loss: 3.080738 | lrm: 0.89 | dt: 2015.99ms | tok/sec: 260,064 | bf16_mfu: 0.00 | epoch: 1 pq: 12 rg: 54 | total time: 35.80m | eta: 48.5m
step 01077/02520 (42.74%) | loss: 3.090228 | lrm: 0.89 | dt: 2017.29ms | tok/sec: 259,897 | bf16_mfu: 0.00 | epoch: 1 pq: 12 rg: 55 | total time: 35.84m | eta: 48.5m
step 01078/02520 (42.78%) | loss: 3.094185 | lrm: 0.89 | dt: 2018.74ms | tok/sec: 259,710 | bf16_mfu: 0.00 | epoch: 1 pq: 12 rg: 56 | total time: 35.87m | eta: 48.4m
step 01079/02520 (42.82%) | loss: 3.087011 | lrm: 0.89 | dt: 2018.61ms | tok/sec: 259,727 | bf16_mfu: 0.00 | epoch: 1 pq: 12 rg: 57 | total time: 35.90m | eta: 48.4m
step 01080/02520 (42.86%) | loss: 3.093250 | lrm: 0.89 | dt: 2017.71ms | tok/sec: 259,843 | bf16_mfu: 0.00 | epoch: 1 pq: 12 rg: 58 | total time: 35.94m | eta: 48.4m
step 01081/02520 (42.90%) | loss: 3.086308 | lrm: 0.88 | dt: 2018.59ms | tok/sec: 259,730 | bf16_mfu: 0.00 | epoch: 1 pq: 12 rg: 59 | total time: 35.97m | eta: 48.3m
step 01082/02520 (42.94%) | loss: 3.087980 | lrm: 0.88 | dt: 2018.10ms | tok/sec: 259,792 | bf16_mfu: 0.00 | epoch: 1 pq: 12 rg: 60 | total time: 36.00m | eta: 48.3m
step 01083/02520 (42.98%) | loss: 3.089630 | lrm: 0.88 | dt: 2018.40ms | tok/sec: 259,754 | bf16_mfu: 0.00 | epoch: 1 pq: 12 rg: 61 | total time: 36.04m | eta: 48.3m
step 01084/02520 (43.02%) | loss: 3.085405 | lrm: 0.88 | dt: 2019.45ms | tok/sec: 259,618 | bf16_mfu: 0.00 | epoch: 1 pq: 12 rg: 62 | total time: 36.07m | eta: 48.2m
step 01085/02520 (43.06%) | loss: 3.086320 | lrm: 0.88 | dt: 2017.02ms | tok/sec: 259,932 | bf16_mfu: 0.00 | epoch: 1 pq: 12 rg: 63 | total time: 36.11m | eta: 48.2m
step 01086/02520 (43.10%) | loss: 3.079550 | lrm: 0.88 | dt: 2017.58ms | tok/sec: 259,860 | bf16_mfu: 0.00 | epoch: 1 pq: 12 rg: 64 | total time: 36.14m | eta: 48.2m
step 01087/02520 (43.13%) | loss: 3.088634 | lrm: 0.88 | dt: 2016.74ms | tok/sec: 259,968 | bf16_mfu: 0.00 | epoch: 1 pq: 12 rg: 65 | total time: 36.17m | eta: 48.1m
step 01088/02520 (43.17%) | loss: 3.086700 | lrm: 0.88 | dt: 2015.49ms | tok/sec: 260,129 | bf16_mfu: 0.00 | epoch: 1 pq: 12 rg: 66 | total time: 36.21m | eta: 48.1m
step 01089/02520 (43.21%) | loss: 3.093428 | lrm: 0.88 | dt: 2017.99ms | tok/sec: 259,806 | bf16_mfu: 0.00 | epoch: 1 pq: 12 rg: 67 | total time: 36.24m | eta: 48.1m
step 01090/02520 (43.25%) | loss: 3.093200 | lrm: 0.88 | dt: 2018.90ms | tok/sec: 259,690 | bf16_mfu: 0.00 | epoch: 1 pq: 12 rg: 68 | total time: 36.27m | eta: 48.0m
step 01091/02520 (43.29%) | loss: 3.102493 | lrm: 0.88 | dt: 2016.79ms | tok/sec: 259,961 | bf16_mfu: 0.00 | epoch: 1 pq: 12 rg: 68 | total time: 36.31m | eta: 48.0m
step 01092/02520 (43.33%) | loss: 3.104719 | lrm: 0.88 | dt: 2017.28ms | tok/sec: 259,899 | bf16_mfu: 0.00 | epoch: 1 pq: 12 rg: 70 | total time: 36.34m | eta: 48.0m
step 01093/02520 (43.37%) | loss: 3.107073 | lrm: 0.88 | dt: 2018.09ms | tok/sec: 259,794 | bf16_mfu: 0.00 | epoch: 1 pq: 12 rg: 70 | total time: 36.37m | eta: 47.9m
step 01094/02520 (43.41%) | loss: 3.120069 | lrm: 0.88 | dt: 2016.57ms | tok/sec: 259,989 | bf16_mfu: 0.00 | epoch: 1 pq: 12 rg: 72 | total time: 36.41m | eta: 47.9m
step 01095/02520 (43.45%) | loss: 3.121461 | lrm: 0.88 | dt: 2016.58ms | tok/sec: 259,988 | bf16_mfu: 0.00 | epoch: 1 pq: 12 rg: 72 | total time: 36.44m | eta: 47.9m
step 01096/02520 (43.49%) | loss: 3.117820 | lrm: 0.88 | dt: 2016.63ms | tok/sec: 259,982 | bf16_mfu: 0.00 | epoch: 1 pq: 12 rg: 74 | total time: 36.48m | eta: 47.8m
step 01097/02520 (43.53%) | loss: 3.114429 | lrm: 0.88 | dt: 2015.76ms | tok/sec: 260,094 | bf16_mfu: 0.00 | epoch: 1 pq: 12 rg: 74 | total time: 36.51m | eta: 47.8m
step 01098/02520 (43.57%) | loss: 3.125263 | lrm: 0.87 | dt: 2016.64ms | tok/sec: 259,980 | bf16_mfu: 0.00 | epoch: 1 pq: 12 rg: 75 | total time: 36.54m | eta: 47.8m
step 01099/02520 (43.61%) | loss: 3.128175 | lrm: 0.87 | dt: 2019.06ms | tok/sec: 259,669 | bf16_mfu: 0.00 | epoch: 1 pq: 12 rg: 76 | total time: 36.58m | eta: 47.7m
step 01100/02520 (43.65%) | loss: 3.113725 | lrm: 0.87 | dt: 2017.64ms | tok/sec: 259,852 | bf16_mfu: 0.00 | epoch: 1 pq: 12 rg: 77 | total time: 36.61m | eta: 47.7m
step 01101/02520 (43.69%) | loss: 3.109460 | lrm: 0.87 | dt: 2017.98ms | tok/sec: 259,808 | bf16_mfu: 0.00 | epoch: 1 pq: 12 rg: 78 | total time: 36.64m | eta: 47.7m
step 01102/02520 (43.73%) | loss: 3.109761 | lrm: 0.87 | dt: 2018.73ms | tok/sec: 259,711 | bf16_mfu: 0.00 | epoch: 1 pq: 12 rg: 79 | total time: 36.68m | eta: 47.6m
step 01103/02520 (43.77%) | loss: 3.100312 | lrm: 0.87 | dt: 2018.24ms | tok/sec: 259,774 | bf16_mfu: 0.00 | epoch: 1 pq: 12 rg: 80 | total time: 36.71m | eta: 47.6m
step 01104/02520 (43.81%) | loss: 3.097201 | lrm: 0.87 | dt: 2019.11ms | tok/sec: 259,662 | bf16_mfu: 0.00 | epoch: 1 pq: 12 rg: 81 | total time: 36.74m | eta: 47.6m
step 01105/02520 (43.85%) | loss: 3.099074 | lrm: 0.87 | dt: 2018.63ms | tok/sec: 259,724 | bf16_mfu: 0.00 | epoch: 1 pq: 13 rg: 0 | total time: 36.78m | eta: 47.5m
step 01106/02520 (43.89%) | loss: 3.094256 | lrm: 0.87 | dt: 2017.82ms | tok/sec: 259,828 | bf16_mfu: 0.00 | epoch: 1 pq: 13 rg: 1 | total time: 36.81m | eta: 47.5m
step 01107/02520 (43.93%) | loss: 3.092172 | lrm: 0.87 | dt: 2018.06ms | tok/sec: 259,798 | bf16_mfu: 0.00 | epoch: 1 pq: 13 rg: 2 | total time: 36.85m | eta: 47.5m
step 01108/02520 (43.97%) | loss: 3.089976 | lrm: 0.87 | dt: 2018.69ms | tok/sec: 259,717 | bf16_mfu: 0.00 | epoch: 1 pq: 13 rg: 3 | total time: 36.88m | eta: 47.4m
step 01109/02520 (44.01%) | loss: 3.106878 | lrm: 0.87 | dt: 2017.75ms | tok/sec: 259,838 | bf16_mfu: 0.00 | epoch: 1 pq: 13 rg: 4 | total time: 36.91m | eta: 47.4m
step 01110/02520 (44.05%) | loss: 3.104320 | lrm: 0.87 | dt: 2018.90ms | tok/sec: 259,690 | bf16_mfu: 0.00 | epoch: 1 pq: 13 rg: 5 | total time: 36.95m | eta: 47.4m
step 01111/02520 (44.09%) | loss: 3.098286 | lrm: 0.87 | dt: 2018.33ms | tok/sec: 259,762 | bf16_mfu: 0.00 | epoch: 1 pq: 13 rg: 6 | total time: 36.98m | eta: 47.3m
step 01112/02520 (44.13%) | loss: 3.097934 | lrm: 0.87 | dt: 2017.44ms | tok/sec: 259,877 | bf16_mfu: 0.00 | epoch: 1 pq: 13 rg: 7 | total time: 37.01m | eta: 47.3m
step 01113/02520 (44.17%) | loss: 3.099928 | lrm: 0.87 | dt: 2017.02ms | tok/sec: 259,931 | bf16_mfu: 0.00 | epoch: 1 pq: 13 rg: 8 | total time: 37.05m | eta: 47.3m
step 01114/02520 (44.21%) | loss: 3.093240 | lrm: 0.87 | dt: 2018.74ms | tok/sec: 259,710 | bf16_mfu: 0.00 | epoch: 1 pq: 13 rg: 9 | total time: 37.08m | eta: 47.2m
step 01115/02520 (44.25%) | loss: 3.088590 | lrm: 0.86 | dt: 2016.89ms | tok/sec: 259,948 | bf16_mfu: 0.00 | epoch: 1 pq: 13 rg: 10 | total time: 37.11m | eta: 47.2m
step 01116/02520 (44.29%) | loss: 3.088845 | lrm: 0.86 | dt: 2016.98ms | tok/sec: 259,937 | bf16_mfu: 0.00 | epoch: 1 pq: 13 rg: 11 | total time: 37.15m | eta: 47.2m
step 01117/02520 (44.33%) | loss: 3.091432 | lrm: 0.86 | dt: 2015.36ms | tok/sec: 260,145 | bf16_mfu: 0.00 | epoch: 1 pq: 13 rg: 12 | total time: 37.18m | eta: 47.1m
step 01118/02520 (44.37%) | loss: 3.086983 | lrm: 0.86 | dt: 2015.69ms | tok/sec: 260,104 | bf16_mfu: 0.00 | epoch: 1 pq: 13 rg: 13 | total time: 37.22m | eta: 47.1m
step 01119/02520 (44.40%) | loss: 3.086371 | lrm: 0.86 | dt: 2015.85ms | tok/sec: 260,082 | bf16_mfu: 0.00 | epoch: 1 pq: 13 rg: 14 | total time: 37.25m | eta: 47.1m
step 01120/02520 (44.44%) | loss: 3.075975 | lrm: 0.86 | dt: 2016.35ms | tok/sec: 260,018 | bf16_mfu: 0.00 | epoch: 1 pq: 13 rg: 15 | total time: 37.28m | eta: 47.0m
step 01121/02520 (44.48%) | loss: 3.075489 | lrm: 0.86 | dt: 2016.45ms | tok/sec: 260,004 | bf16_mfu: 0.00 | epoch: 1 pq: 13 rg: 16 | total time: 37.32m | eta: 47.0m
step 01122/02520 (44.52%) | loss: 3.076305 | lrm: 0.86 | dt: 2016.83ms | tok/sec: 259,955 | bf16_mfu: 0.00 | epoch: 1 pq: 13 rg: 17 | total time: 37.35m | eta: 47.0m
step 01123/02520 (44.56%) | loss: 3.081949 | lrm: 0.86 | dt: 2015.75ms | tok/sec: 260,096 | bf16_mfu: 0.00 | epoch: 1 pq: 13 rg: 18 | total time: 37.38m | eta: 46.9m
step 01124/02520 (44.60%) | loss: 3.083620 | lrm: 0.86 | dt: 2017.17ms | tok/sec: 259,913 | bf16_mfu: 0.00 | epoch: 1 pq: 13 rg: 19 | total time: 37.42m | eta: 46.9m
step 01125/02520 (44.64%) | loss: 3.090982 | lrm: 0.86 | dt: 2017.59ms | tok/sec: 259,858 | bf16_mfu: 0.00 | epoch: 1 pq: 13 rg: 19 | total time: 37.45m | eta: 46.9m
step 01126/02520 (44.68%) | loss: 3.087004 | lrm: 0.86 | dt: 2015.53ms | tok/sec: 260,124 | bf16_mfu: 0.00 | epoch: 1 pq: 13 rg: 20 | total time: 37.48m | eta: 46.8m
step 01127/02520 (44.72%) | loss: 3.085315 | lrm: 0.86 | dt: 2016.51ms | tok/sec: 259,997 | bf16_mfu: 0.00 | epoch: 1 pq: 13 rg: 21 | total time: 37.52m | eta: 46.8m
step 01128/02520 (44.76%) | loss: 3.071321 | lrm: 0.86 | dt: 2017.42ms | tok/sec: 259,880 | bf16_mfu: 0.00 | epoch: 1 pq: 13 rg: 22 | total time: 37.55m | eta: 46.8m
step 01129/02520 (44.80%) | loss: 3.075110 | lrm: 0.86 | dt: 2016.79ms | tok/sec: 259,961 | bf16_mfu: 0.00 | epoch: 1 pq: 13 rg: 23 | total time: 37.59m | eta: 46.7m
step 01130/02520 (44.84%) | loss: 3.076366 | lrm: 0.86 | dt: 2015.60ms | tok/sec: 260,114 | bf16_mfu: 0.00 | epoch: 1 pq: 13 rg: 24 | total time: 37.62m | eta: 46.7m
step 01131/02520 (44.88%) | loss: 3.078132 | lrm: 0.86 | dt: 2016.37ms | tok/sec: 260,015 | bf16_mfu: 0.00 | epoch: 1 pq: 13 rg: 25 | total time: 37.65m | eta: 46.7m
step 01132/02520 (44.92%) | loss: 3.080913 | lrm: 0.86 | dt: 2016.00ms | tok/sec: 260,063 | bf16_mfu: 0.00 | epoch: 1 pq: 13 rg: 26 | total time: 37.69m | eta: 46.6m
step 01133/02520 (44.96%) | loss: 3.075173 | lrm: 0.85 | dt: 2016.21ms | tok/sec: 260,036 | bf16_mfu: 0.00 | epoch: 1 pq: 13 rg: 27 | total time: 37.72m | eta: 46.6m
step 01134/02520 (45.00%) | loss: 3.078028 | lrm: 0.85 | dt: 2016.52ms | tok/sec: 259,996 | bf16_mfu: 0.00 | epoch: 1 pq: 13 rg: 28 | total time: 37.75m | eta: 46.6m
step 01135/02520 (45.04%) | loss: 3.083037 | lrm: 0.85 | dt: 2016.63ms | tok/sec: 259,981 | bf16_mfu: 0.00 | epoch: 1 pq: 13 rg: 29 | total time: 37.79m | eta: 46.5m
step 01136/02520 (45.08%) | loss: 3.083814 | lrm: 0.85 | dt: 2016.19ms | tok/sec: 260,039 | bf16_mfu: 0.00 | epoch: 1 pq: 13 rg: 30 | total time: 37.82m | eta: 46.5m
step 01137/02520 (45.12%) | loss: 3.084250 | lrm: 0.85 | dt: 2017.04ms | tok/sec: 259,929 | bf16_mfu: 0.00 | epoch: 1 pq: 13 rg: 31 | total time: 37.85m | eta: 46.5m
step 01138/02520 (45.16%) | loss: 3.084644 | lrm: 0.85 | dt: 2017.06ms | tok/sec: 259,926 | bf16_mfu: 0.00 | epoch: 1 pq: 13 rg: 32 | total time: 37.89m | eta: 46.4m
step 01139/02520 (45.20%) | loss: 3.075622 | lrm: 0.85 | dt: 2017.78ms | tok/sec: 259,834 | bf16_mfu: 0.00 | epoch: 1 pq: 13 rg: 33 | total time: 37.92m | eta: 46.4m
step 01140/02520 (45.24%) | loss: 3.077465 | lrm: 0.85 | dt: 2015.94ms | tok/sec: 260,070 | bf16_mfu: 0.00 | epoch: 1 pq: 13 rg: 34 | total time: 37.95m | eta: 46.4m
step 01141/02520 (45.28%) | loss: 3.075410 | lrm: 0.85 | dt: 2016.38ms | tok/sec: 260,014 | bf16_mfu: 0.00 | epoch: 1 pq: 13 rg: 35 | total time: 37.99m | eta: 46.3m
step 01142/02520 (45.32%) | loss: 3.077891 | lrm: 0.85 | dt: 2016.22ms | tok/sec: 260,035 | bf16_mfu: 0.00 | epoch: 1 pq: 13 rg: 36 | total time: 38.02m | eta: 46.3m
step 01143/02520 (45.36%) | loss: 3.073555 | lrm: 0.85 | dt: 2015.28ms | tok/sec: 260,156 | bf16_mfu: 0.00 | epoch: 1 pq: 13 rg: 37 | total time: 38.06m | eta: 46.3m
step 01144/02520 (45.40%) | loss: 3.071773 | lrm: 0.85 | dt: 2016.96ms | tok/sec: 259,939 | bf16_mfu: 0.00 | epoch: 1 pq: 13 rg: 38 | total time: 38.09m | eta: 46.2m
step 01145/02520 (45.44%) | loss: 3.066468 | lrm: 0.85 | dt: 2017.59ms | tok/sec: 259,859 | bf16_mfu: 0.00 | epoch: 1 pq: 13 rg: 39 | total time: 38.12m | eta: 46.2m
step 01146/02520 (45.48%) | loss: 3.062003 | lrm: 0.85 | dt: 2016.47ms | tok/sec: 260,002 | bf16_mfu: 0.00 | epoch: 1 pq: 13 rg: 40 | total time: 38.16m | eta: 46.2m
step 01147/02520 (45.52%) | loss: 3.063118 | lrm: 0.85 | dt: 2015.73ms | tok/sec: 260,098 | bf16_mfu: 0.00 | epoch: 1 pq: 13 rg: 41 | total time: 38.19m | eta: 46.1m
step 01148/02520 (45.56%) | loss: 3.063362 | lrm: 0.85 | dt: 2017.20ms | tok/sec: 259,908 | bf16_mfu: 0.00 | epoch: 1 pq: 13 rg: 42 | total time: 38.22m | eta: 46.1m
step 01149/02520 (45.60%) | loss: 3.067928 | lrm: 0.85 | dt: 2016.82ms | tok/sec: 259,958 | bf16_mfu: 0.00 | epoch: 1 pq: 13 rg: 43 | total time: 38.26m | eta: 46.0m
step 01150/02520 (45.63%) | loss: 3.065838 | lrm: 0.84 | dt: 2016.13ms | tok/sec: 260,047 | bf16_mfu: 0.00 | epoch: 1 pq: 13 rg: 44 | total time: 38.29m | eta: 46.0m
step 01151/02520 (45.67%) | loss: 3.068028 | lrm: 0.84 | dt: 2017.59ms | tok/sec: 259,858 | bf16_mfu: 0.00 | epoch: 1 pq: 13 rg: 45 | total time: 38.32m | eta: 46.0m
step 01152/02520 (45.71%) | loss: 3.062071 | lrm: 0.84 | dt: 2015.43ms | tok/sec: 260,137 | bf16_mfu: 0.00 | epoch: 1 pq: 13 rg: 46 | total time: 38.36m | eta: 45.9m
step 01153/02520 (45.75%) | loss: 3.056255 | lrm: 0.84 | dt: 2017.00ms | tok/sec: 259,935 | bf16_mfu: 0.00 | epoch: 1 pq: 13 rg: 47 | total time: 38.39m | eta: 45.9m
step 01154/02520 (45.79%) | loss: 3.047370 | lrm: 0.84 | dt: 2017.97ms | tok/sec: 259,809 | bf16_mfu: 0.00 | epoch: 1 pq: 13 rg: 48 | total time: 38.43m | eta: 45.9m
step 01155/02520 (45.83%) | loss: 3.039650 | lrm: 0.84 | dt: 2015.64ms | tok/sec: 260,109 | bf16_mfu: 0.00 | epoch: 1 pq: 13 rg: 49 | total time: 38.46m | eta: 45.8m
step 01156/02520 (45.87%) | loss: 3.042228 | lrm: 0.84 | dt: 2016.05ms | tok/sec: 260,057 | bf16_mfu: 0.00 | epoch: 1 pq: 13 rg: 50 | total time: 38.49m | eta: 45.8m
step 01157/02520 (45.91%) | loss: 3.047480 | lrm: 0.84 | dt: 2017.79ms | tok/sec: 259,832 | bf16_mfu: 0.00 | epoch: 1 pq: 13 rg: 51 | total time: 38.53m | eta: 45.8m
step 01158/02520 (45.95%) | loss: 3.041215 | lrm: 0.84 | dt: 2016.21ms | tok/sec: 260,036 | bf16_mfu: 0.00 | epoch: 1 pq: 13 rg: 52 | total time: 38.56m | eta: 45.7m
step 01159/02520 (45.99%) | loss: 3.033659 | lrm: 0.84 | dt: 2017.04ms | tok/sec: 259,929 | bf16_mfu: 0.00 | epoch: 1 pq: 13 rg: 53 | total time: 38.59m | eta: 45.7m
step 01160/02520 (46.03%) | loss: 3.045040 | lrm: 0.84 | dt: 2016.37ms | tok/sec: 260,015 | bf16_mfu: 0.00 | epoch: 1 pq: 13 rg: 54 | total time: 38.63m | eta: 45.7m
step 01161/02520 (46.07%) | loss: 3.038082 | lrm: 0.84 | dt: 2014.07ms | tok/sec: 260,312 | bf16_mfu: 0.00 | epoch: 1 pq: 13 rg: 55 | total time: 38.66m | eta: 45.6m
step 01162/02520 (46.11%) | loss: 3.034622 | lrm: 0.84 | dt: 2016.17ms | tok/sec: 260,041 | bf16_mfu: 0.00 | epoch: 1 pq: 13 rg: 55 | total time: 38.69m | eta: 45.6m
step 01163/02520 (46.15%) | loss: 3.034724 | lrm: 0.84 | dt: 2017.08ms | tok/sec: 259,923 | bf16_mfu: 0.00 | epoch: 1 pq: 13 rg: 56 | total time: 38.73m | eta: 45.6m
step 01164/02520 (46.19%) | loss: 3.022945 | lrm: 0.84 | dt: 2016.30ms | tok/sec: 260,024 | bf16_mfu: 0.00 | epoch: 1 pq: 13 rg: 57 | total time: 38.76m | eta: 45.5m
step 01165/02520 (46.23%) | loss: 3.029850 | lrm: 0.84 | dt: 2017.09ms | tok/sec: 259,923 | bf16_mfu: 0.00 | epoch: 1 pq: 13 rg: 58 | total time: 38.80m | eta: 45.5m
step 01166/02520 (46.27%) | loss: 3.023581 | lrm: 0.84 | dt: 2017.94ms | tok/sec: 259,813 | bf16_mfu: 0.00 | epoch: 1 pq: 13 rg: 59 | total time: 38.83m | eta: 45.5m
step 01167/02520 (46.31%) | loss: 3.027455 | lrm: 0.83 | dt: 2015.51ms | tok/sec: 260,126 | bf16_mfu: 0.00 | epoch: 1 pq: 13 rg: 60 | total time: 38.86m | eta: 45.4m
step 01168/02520 (46.35%) | loss: 3.022190 | lrm: 0.83 | dt: 2015.64ms | tok/sec: 260,109 | bf16_mfu: 0.00 | epoch: 1 pq: 13 rg: 61 | total time: 38.90m | eta: 45.4m
step 01169/02520 (46.39%) | loss: 3.026999 | lrm: 0.83 | dt: 2016.63ms | tok/sec: 259,981 | bf16_mfu: 0.00 | epoch: 1 pq: 13 rg: 62 | total time: 38.93m | eta: 45.4m
step 01170/02520 (46.43%) | loss: 3.036302 | lrm: 0.83 | dt: 2015.47ms | tok/sec: 260,132 | bf16_mfu: 0.00 | epoch: 1 pq: 13 rg: 63 | total time: 38.96m | eta: 45.3m
step 01171/02520 (46.47%) | loss: 3.039456 | lrm: 0.83 | dt: 2016.59ms | tok/sec: 259,987 | bf16_mfu: 0.00 | epoch: 1 pq: 13 rg: 64 | total time: 39.00m | eta: 45.3m
step 01172/02520 (46.51%) | loss: 3.040467 | lrm: 0.83 | dt: 2017.11ms | tok/sec: 259,920 | bf16_mfu: 0.00 | epoch: 1 pq: 13 rg: 65 | total time: 39.03m | eta: 45.3m
step 01173/02520 (46.55%) | loss: 3.036569 | lrm: 0.83 | dt: 2016.28ms | tok/sec: 260,028 | bf16_mfu: 0.00 | epoch: 1 pq: 13 rg: 66 | total time: 39.06m | eta: 45.2m
step 01174/02520 (46.59%) | loss: 3.040768 | lrm: 0.83 | dt: 2017.48ms | tok/sec: 259,872 | bf16_mfu: 0.00 | epoch: 1 pq: 13 rg: 67 | total time: 39.10m | eta: 45.2m
step 01175/02520 (46.63%) | loss: 3.045753 | lrm: 0.83 | dt: 2018.47ms | tok/sec: 259,745 | bf16_mfu: 0.00 | epoch: 1 pq: 13 rg: 68 | total time: 39.13m | eta: 45.2m
step 01176/02520 (46.67%) | loss: 3.056797 | lrm: 0.83 | dt: 2016.40ms | tok/sec: 260,012 | bf16_mfu: 0.00 | epoch: 1 pq: 13 rg: 69 | total time: 39.16m | eta: 45.1m
step 01177/02520 (46.71%) | loss: 3.053098 | lrm: 0.83 | dt: 2017.21ms | tok/sec: 259,906 | bf16_mfu: 0.00 | epoch: 1 pq: 13 rg: 70 | total time: 39.20m | eta: 45.1m
step 01178/02520 (46.75%) | loss: 3.057850 | lrm: 0.83 | dt: 2017.15ms | tok/sec: 259,914 | bf16_mfu: 0.00 | epoch: 1 pq: 13 rg: 71 | total time: 39.23m | eta: 45.1m
step 01179/02520 (46.79%) | loss: 3.063719 | lrm: 0.83 | dt: 2015.78ms | tok/sec: 260,091 | bf16_mfu: 0.00 | epoch: 1 pq: 13 rg: 72 | total time: 39.27m | eta: 45.0m
step 01180/02520 (46.83%) | loss: 3.058055 | lrm: 0.83 | dt: 2014.55ms | tok/sec: 260,250 | bf16_mfu: 0.00 | epoch: 1 pq: 13 rg: 73 | total time: 39.30m | eta: 45.0m
step 01181/02520 (46.87%) | loss: 3.064303 | lrm: 0.83 | dt: 2017.89ms | tok/sec: 259,819 | bf16_mfu: 0.00 | epoch: 1 pq: 13 rg: 74 | total time: 39.33m | eta: 45.0m
step 01182/02520 (46.90%) | loss: 3.059122 | lrm: 0.83 | dt: 2015.21ms | tok/sec: 260,165 | bf16_mfu: 0.00 | epoch: 1 pq: 13 rg: 75 | total time: 39.37m | eta: 44.9m
step 01183/02520 (46.94%) | loss: 3.064790 | lrm: 0.83 | dt: 2016.52ms | tok/sec: 259,996 | bf16_mfu: 0.00 | epoch: 1 pq: 13 rg: 76 | total time: 39.40m | eta: 44.9m
step 01184/02520 (46.98%) | loss: 3.054761 | lrm: 0.82 | dt: 2018.74ms | tok/sec: 259,710 | bf16_mfu: 0.00 | epoch: 1 pq: 13 rg: 77 | total time: 39.43m | eta: 44.9m
step 01185/02520 (47.02%) | loss: 3.041605 | lrm: 0.82 | dt: 2016.80ms | tok/sec: 259,959 | bf16_mfu: 0.00 | epoch: 1 pq: 13 rg: 78 | total time: 39.47m | eta: 44.8m
step 01186/02520 (47.06%) | loss: 3.029428 | lrm: 0.82 | dt: 2017.24ms | tok/sec: 259,903 | bf16_mfu: 0.00 | epoch: 1 pq: 13 rg: 79 | total time: 39.50m | eta: 44.8m
step 01187/02520 (47.10%) | loss: 3.033191 | lrm: 0.82 | dt: 2016.91ms | tok/sec: 259,945 | bf16_mfu: 0.00 | epoch: 1 pq: 13 rg: 80 | total time: 39.53m | eta: 44.8m
step 01188/02520 (47.14%) | loss: 3.039336 | lrm: 0.82 | dt: 2015.02ms | tok/sec: 260,190 | bf16_mfu: 0.00 | epoch: 1 pq: 13 rg: 81 | total time: 39.57m | eta: 44.7m
step 01189/02520 (47.18%) | loss: 3.041936 | lrm: 0.82 | dt: 2015.99ms | tok/sec: 260,064 | bf16_mfu: 0.00 | epoch: 1 pq: 13 rg: 82 | total time: 39.60m | eta: 44.7m
step 01190/02520 (47.22%) | loss: 3.047846 | lrm: 0.82 | dt: 2015.71ms | tok/sec: 260,100 | bf16_mfu: 0.00 | epoch: 1 pq: 14 rg: 0 | total time: 39.64m | eta: 44.7m
step 01191/02520 (47.26%) | loss: 3.045167 | lrm: 0.82 | dt: 2014.95ms | tok/sec: 260,199 | bf16_mfu: 0.00 | epoch: 1 pq: 14 rg: 1 | total time: 39.67m | eta: 44.6m
step 01192/02520 (47.30%) | loss: 3.046596 | lrm: 0.82 | dt: 2016.73ms | tok/sec: 259,969 | bf16_mfu: 0.00 | epoch: 1 pq: 14 rg: 2 | total time: 39.70m | eta: 44.6m
step 01193/02520 (47.34%) | loss: 3.052505 | lrm: 0.82 | dt: 2017.28ms | tok/sec: 259,898 | bf16_mfu: 0.00 | epoch: 1 pq: 14 rg: 3 | total time: 39.74m | eta: 44.6m
step 01194/02520 (47.38%) | loss: 3.040976 | lrm: 0.82 | dt: 2017.07ms | tok/sec: 259,924 | bf16_mfu: 0.00 | epoch: 1 pq: 14 rg: 4 | total time: 39.77m | eta: 44.5m
step 01195/02520 (47.42%) | loss: 3.042503 | lrm: 0.82 | dt: 2018.59ms | tok/sec: 259,729 | bf16_mfu: 0.00 | epoch: 1 pq: 14 rg: 5 | total time: 39.80m | eta: 44.5m
step 01196/02520 (47.46%) | loss: 3.033731 | lrm: 0.82 | dt: 2017.23ms | tok/sec: 259,905 | bf16_mfu: 0.00 | epoch: 1 pq: 14 rg: 6 | total time: 39.84m | eta: 44.5m
step 01197/02520 (47.50%) | loss: 3.029242 | lrm: 0.82 | dt: 2015.74ms | tok/sec: 260,097 | bf16_mfu: 0.00 | epoch: 1 pq: 14 rg: 7 | total time: 39.87m | eta: 44.4m
step 01198/02520 (47.54%) | loss: 3.026865 | lrm: 0.82 | dt: 2015.28ms | tok/sec: 260,156 | bf16_mfu: 0.00 | epoch: 1 pq: 14 rg: 8 | total time: 39.90m | eta: 44.4m
step 01199/02520 (47.58%) | loss: 3.032157 | lrm: 0.82 | dt: 2015.86ms | tok/sec: 260,081 | bf16_mfu: 0.00 | epoch: 1 pq: 14 rg: 9 | total time: 39.94m | eta: 44.4m
step 01200/02520 (47.62%) | loss: 3.038611 | lrm: 0.82 | dt: 2015.34ms | tok/sec: 260,148 | bf16_mfu: 0.00 | epoch: 1 pq: 14 rg: 10 | total time: 39.97m | eta: 44.3m
step 01201/02520 (47.66%) | loss: 3.042330 | lrm: 0.81 | dt: 2013.97ms | tok/sec: 260,325 | bf16_mfu: 0.00 | epoch: 1 pq: 14 rg: 11 | total time: 40.00m | eta: 44.3m
step 01202/02520 (47.70%) | loss: 3.040957 | lrm: 0.81 | dt: 2014.31ms | tok/sec: 260,281 | bf16_mfu: 0.00 | epoch: 1 pq: 14 rg: 12 | total time: 40.04m | eta: 44.3m
step 01203/02520 (47.74%) | loss: 3.038813 | lrm: 0.81 | dt: 2017.92ms | tok/sec: 259,816 | bf16_mfu: 0.00 | epoch: 1 pq: 14 rg: 13 | total time: 40.07m | eta: 44.2m
step 01204/02520 (47.78%) | loss: 3.046420 | lrm: 0.81 | dt: 2016.37ms | tok/sec: 260,015 | bf16_mfu: 0.00 | epoch: 1 pq: 14 rg: 13 | total time: 40.11m | eta: 44.2m
step 01205/02520 (47.82%) | loss: 3.056741 | lrm: 0.81 | dt: 2015.66ms | tok/sec: 260,107 | bf16_mfu: 0.00 | epoch: 1 pq: 14 rg: 15 | total time: 40.14m | eta: 44.2m
step 01206/02520 (47.86%) | loss: 3.047678 | lrm: 0.81 | dt: 2015.00ms | tok/sec: 260,192 | bf16_mfu: 0.00 | epoch: 1 pq: 14 rg: 16 | total time: 40.17m | eta: 44.1m
step 01207/02520 (47.90%) | loss: 3.051475 | lrm: 0.81 | dt: 2014.77ms | tok/sec: 260,221 | bf16_mfu: 0.00 | epoch: 1 pq: 14 rg: 16 | total time: 40.21m | eta: 44.1m
step 01208/02520 (47.94%) | loss: 3.053877 | lrm: 0.81 | dt: 2015.39ms | tok/sec: 260,142 | bf16_mfu: 0.00 | epoch: 1 pq: 14 rg: 17 | total time: 40.24m | eta: 44.1m
step 01209/02520 (47.98%) | loss: 3.060751 | lrm: 0.81 | dt: 2014.28ms | tok/sec: 260,285 | bf16_mfu: 0.00 | epoch: 1 pq: 14 rg: 18 | total time: 40.27m | eta: 44.0m
step 01210/02520 (48.02%) | loss: 3.070983 | lrm: 0.81 | dt: 2017.18ms | tok/sec: 259,911 | bf16_mfu: 0.00 | epoch: 1 pq: 14 rg: 19 | total time: 40.31m | eta: 44.0m
step 01211/02520 (48.06%) | loss: 3.074527 | lrm: 0.81 | dt: 2017.75ms | tok/sec: 259,838 | bf16_mfu: 0.00 | epoch: 1 pq: 14 rg: 20 | total time: 40.34m | eta: 44.0m
step 01212/02520 (48.10%) | loss: 3.055834 | lrm: 0.81 | dt: 2015.31ms | tok/sec: 260,152 | bf16_mfu: 0.00 | epoch: 1 pq: 14 rg: 21 | total time: 40.37m | eta: 43.9m
step 01213/02520 (48.13%) | loss: 3.060644 | lrm: 0.81 | dt: 2017.81ms | tok/sec: 259,830 | bf16_mfu: 0.00 | epoch: 1 pq: 14 rg: 22 | total time: 40.41m | eta: 43.9m
step 01214/02520 (48.17%) | loss: 3.061714 | lrm: 0.81 | dt: 2013.70ms | tok/sec: 260,360 | bf16_mfu: 0.00 | epoch: 1 pq: 14 rg: 23 | total time: 40.44m | eta: 43.9m
step 01215/02520 (48.21%) | loss: 3.063940 | lrm: 0.81 | dt: 2015.04ms | tok/sec: 260,187 | bf16_mfu: 0.00 | epoch: 1 pq: 14 rg: 24 | total time: 40.48m | eta: 43.8m
step 01216/02520 (48.25%) | loss: 3.070964 | lrm: 0.81 | dt: 2015.13ms | tok/sec: 260,175 | bf16_mfu: 0.00 | epoch: 1 pq: 14 rg: 25 | total time: 40.51m | eta: 43.8m
step 01217/02520 (48.29%) | loss: 3.069194 | lrm: 0.81 | dt: 2016.35ms | tok/sec: 260,017 | bf16_mfu: 0.00 | epoch: 1 pq: 14 rg: 26 | total time: 40.54m | eta: 43.8m
step 01218/02520 (48.33%) | loss: 3.061043 | lrm: 0.81 | dt: 2015.23ms | tok/sec: 260,162 | bf16_mfu: 0.00 | epoch: 1 pq: 14 rg: 27 | total time: 40.58m | eta: 43.7m
step 01219/02520 (48.37%) | loss: 3.060697 | lrm: 0.80 | dt: 2015.46ms | tok/sec: 260,132 | bf16_mfu: 0.00 | epoch: 1 pq: 14 rg: 28 | total time: 40.61m | eta: 43.7m
step 01220/02520 (48.41%) | loss: 3.065020 | lrm: 0.80 | dt: 2016.05ms | tok/sec: 260,056 | bf16_mfu: 0.00 | epoch: 1 pq: 14 rg: 29 | total time: 40.64m | eta: 43.7m
step 01221/02520 (48.45%) | loss: 3.057702 | lrm: 0.80 | dt: 2015.37ms | tok/sec: 260,145 | bf16_mfu: 0.00 | epoch: 1 pq: 14 rg: 30 | total time: 40.68m | eta: 43.6m
step 01222/02520 (48.49%) | loss: 3.048691 | lrm: 0.80 | dt: 2017.52ms | tok/sec: 259,867 | bf16_mfu: 0.00 | epoch: 1 pq: 14 rg: 31 | total time: 40.71m | eta: 43.6m
step 01223/02520 (48.53%) | loss: 3.041574 | lrm: 0.80 | dt: 2015.14ms | tok/sec: 260,174 | bf16_mfu: 0.00 | epoch: 1 pq: 14 rg: 32 | total time: 40.74m | eta: 43.6m
step 01224/02520 (48.57%) | loss: 3.039611 | lrm: 0.80 | dt: 2016.63ms | tok/sec: 259,982 | bf16_mfu: 0.00 | epoch: 1 pq: 14 rg: 33 | total time: 40.78m | eta: 43.5m
step 01225/02520 (48.61%) | loss: 3.036777 | lrm: 0.80 | dt: 2018.96ms | tok/sec: 259,681 | bf16_mfu: 0.00 | epoch: 1 pq: 14 rg: 34 | total time: 40.81m | eta: 43.5m
step 01226/02520 (48.65%) | loss: 3.031247 | lrm: 0.80 | dt: 2017.17ms | tok/sec: 259,912 | bf16_mfu: 0.00 | epoch: 1 pq: 14 rg: 35 | total time: 40.84m | eta: 43.5m
step 01227/02520 (48.69%) | loss: 3.023481 | lrm: 0.80 | dt: 2015.51ms | tok/sec: 260,127 | bf16_mfu: 0.00 | epoch: 1 pq: 14 rg: 36 | total time: 40.88m | eta: 43.4m
step 01228/02520 (48.73%) | loss: 3.033256 | lrm: 0.80 | dt: 2016.88ms | tok/sec: 259,950 | bf16_mfu: 0.00 | epoch: 1 pq: 14 rg: 37 | total time: 40.91m | eta: 43.4m
step 01229/02520 (48.77%) | loss: 3.025326 | lrm: 0.80 | dt: 2016.78ms | tok/sec: 259,963 | bf16_mfu: 0.00 | epoch: 1 pq: 14 rg: 38 | total time: 40.95m | eta: 43.4m
step 01230/02520 (48.81%) | loss: 3.028208 | lrm: 0.80 | dt: 2014.95ms | tok/sec: 260,198 | bf16_mfu: 0.00 | epoch: 1 pq: 14 rg: 39 | total time: 40.98m | eta: 43.3m
step 01231/02520 (48.85%) | loss: 3.027380 | lrm: 0.80 | dt: 2017.04ms | tok/sec: 259,929 | bf16_mfu: 0.00 | epoch: 1 pq: 14 rg: 40 | total time: 41.01m | eta: 43.3m
step 01232/02520 (48.89%) | loss: 3.030174 | lrm: 0.80 | dt: 2016.24ms | tok/sec: 260,032 | bf16_mfu: 0.00 | epoch: 1 pq: 14 rg: 41 | total time: 41.05m | eta: 43.3m
step 01233/02520 (48.93%) | loss: 3.032954 | lrm: 0.80 | dt: 2015.44ms | tok/sec: 260,135 | bf16_mfu: 0.00 | epoch: 1 pq: 14 rg: 42 | total time: 41.08m | eta: 43.2m
step 01234/02520 (48.97%) | loss: 3.030912 | lrm: 0.80 | dt: 2015.96ms | tok/sec: 260,068 | bf16_mfu: 0.00 | epoch: 1 pq: 14 rg: 43 | total time: 41.11m | eta: 43.2m
step 01235/02520 (49.01%) | loss: 3.014991 | lrm: 0.80 | dt: 2015.74ms | tok/sec: 260,096 | bf16_mfu: 0.00 | epoch: 1 pq: 14 rg: 44 | total time: 41.15m | eta: 43.2m
step 01236/02520 (49.05%) | loss: 3.017328 | lrm: 0.79 | dt: 2014.47ms | tok/sec: 260,260 | bf16_mfu: 0.00 | epoch: 1 pq: 14 rg: 45 | total time: 41.18m | eta: 43.1m
step 01237/02520 (49.09%) | loss: 3.024325 | lrm: 0.79 | dt: 2014.57ms | tok/sec: 260,248 | bf16_mfu: 0.00 | epoch: 1 pq: 14 rg: 46 | total time: 41.21m | eta: 43.1m
step 01238/02520 (49.13%) | loss: 3.025287 | lrm: 0.79 | dt: 2014.73ms | tok/sec: 260,226 | bf16_mfu: 0.00 | epoch: 1 pq: 14 rg: 47 | total time: 41.25m | eta: 43.1m
step 01239/02520 (49.17%) | loss: 3.017356 | lrm: 0.79 | dt: 2014.24ms | tok/sec: 260,290 | bf16_mfu: 0.00 | epoch: 1 pq: 14 rg: 48 | total time: 41.28m | eta: 43.0m
step 01240/02520 (49.21%) | loss: 3.019791 | lrm: 0.79 | dt: 2014.42ms | tok/sec: 260,266 | bf16_mfu: 0.00 | epoch: 1 pq: 14 rg: 49 | total time: 41.32m | eta: 43.0m
step 01241/02520 (49.25%) | loss: 3.019001 | lrm: 0.79 | dt: 2012.48ms | tok/sec: 260,517 | bf16_mfu: 0.00 | epoch: 1 pq: 14 rg: 50 | total time: 41.35m | eta: 43.0m
step 01242/02520 (49.29%) | loss: 3.012484 | lrm: 0.79 | dt: 2012.47ms | tok/sec: 260,519 | bf16_mfu: 0.00 | epoch: 1 pq: 14 rg: 51 | total time: 41.38m | eta: 42.9m
step 01243/02520 (49.33%) | loss: 2.999457 | lrm: 0.79 | dt: 2013.26ms | tok/sec: 260,417 | bf16_mfu: 0.00 | epoch: 1 pq: 14 rg: 51 | total time: 41.42m | eta: 42.9m
step 01244/02520 (49.37%) | loss: 3.000549 | lrm: 0.79 | dt: 2014.10ms | tok/sec: 260,308 | bf16_mfu: 0.00 | epoch: 1 pq: 14 rg: 52 | total time: 41.45m | eta: 42.9m
step 01245/02520 (49.40%) | loss: 2.998961 | lrm: 0.79 | dt: 2013.14ms | tok/sec: 260,432 | bf16_mfu: 0.00 | epoch: 1 pq: 14 rg: 53 | total time: 41.48m | eta: 42.8m
step 01246/02520 (49.44%) | loss: 3.003884 | lrm: 0.79 | dt: 2014.10ms | tok/sec: 260,309 | bf16_mfu: 0.00 | epoch: 1 pq: 14 rg: 54 | total time: 41.52m | eta: 42.8m
step 01247/02520 (49.48%) | loss: 3.016573 | lrm: 0.79 | dt: 2014.14ms | tok/sec: 260,303 | bf16_mfu: 0.00 | epoch: 1 pq: 14 rg: 55 | total time: 41.55m | eta: 42.8m
step 01248/02520 (49.52%) | loss: 3.030171 | lrm: 0.79 | dt: 2011.57ms | tok/sec: 260,635 | bf16_mfu: 0.00 | epoch: 1 pq: 14 rg: 56 | total time: 41.58m | eta: 42.7m
step 01249/02520 (49.56%) | loss: 3.028140 | lrm: 0.79 | dt: 2013.05ms | tok/sec: 260,445 | bf16_mfu: 0.00 | epoch: 1 pq: 14 rg: 57 | total time: 41.62m | eta: 42.7m
Step 01250 | Validation bpb: 0.924803
step 01250/02520 (49.60%) | loss: 3.033399 | lrm: 0.79 | dt: 1998.93ms | tok/sec: 262,283 | bf16_mfu: 0.00 | epoch: 1 pq: 14 rg: 58 | total time: 41.65m | eta: 42.7m
step 01251/02520 (49.64%) | loss: 3.036757 | lrm: 0.79 | dt: 2004.45ms | tok/sec: 261,562 | bf16_mfu: 0.00 | epoch: 1 pq: 14 rg: 59 | total time: 41.68m | eta: 42.6m
step 01252/02520 (49.68%) | loss: 3.028912 | lrm: 0.79 | dt: 2005.34ms | tok/sec: 261,446 | bf16_mfu: 0.00 | epoch: 1 pq: 14 rg: 60 | total time: 41.72m | eta: 42.6m
step 01253/02520 (49.72%) | loss: 3.028590 | lrm: 0.78 | dt: 2006.14ms | tok/sec: 261,341 | bf16_mfu: 0.00 | epoch: 1 pq: 14 rg: 61 | total time: 41.75m | eta: 42.6m
step 01254/02520 (49.76%) | loss: 3.029585 | lrm: 0.78 | dt: 2005.42ms | tok/sec: 261,435 | bf16_mfu: 0.00 | epoch: 1 pq: 14 rg: 62 | total time: 41.78m | eta: 42.5m
step 01255/02520 (49.80%) | loss: 3.029908 | lrm: 0.78 | dt: 2005.93ms | tok/sec: 261,369 | bf16_mfu: 0.00 | epoch: 1 pq: 14 rg: 63 | total time: 41.82m | eta: 42.5m
step 01256/02520 (49.84%) | loss: 3.021475 | lrm: 0.78 | dt: 2005.67ms | tok/sec: 261,402 | bf16_mfu: 0.00 | epoch: 1 pq: 14 rg: 64 | total time: 41.85m | eta: 42.5m
step 01257/02520 (49.88%) | loss: 3.027282 | lrm: 0.78 | dt: 2008.52ms | tok/sec: 261,031 | bf16_mfu: 0.00 | epoch: 1 pq: 14 rg: 65 | total time: 41.88m | eta: 42.4m
step 01258/02520 (49.92%) | loss: 3.030269 | lrm: 0.78 | dt: 2007.38ms | tok/sec: 261,180 | bf16_mfu: 0.00 | epoch: 1 pq: 14 rg: 66 | total time: 41.92m | eta: 42.4m
step 01259/02520 (49.96%) | loss: 3.038134 | lrm: 0.78 | dt: 2008.00ms | tok/sec: 261,099 | bf16_mfu: 0.00 | epoch: 1 pq: 14 rg: 67 | total time: 41.95m | eta: 42.4m
step 01260/02520 (50.00%) | loss: 3.029227 | lrm: 0.78 | dt: 2006.42ms | tok/sec: 261,305 | bf16_mfu: 0.00 | epoch: 1 pq: 14 rg: 68 | total time: 41.98m | eta: 42.3m
step 01261/02520 (50.04%) | loss: 3.037299 | lrm: 0.78 | dt: 2006.96ms | tok/sec: 261,235 | bf16_mfu: 0.00 | epoch: 1 pq: 14 rg: 69 | total time: 42.02m | eta: 42.3m
step 01262/02520 (50.08%) | loss: 3.037749 | lrm: 0.78 | dt: 2008.40ms | tok/sec: 261,047 | bf16_mfu: 0.00 | epoch: 1 pq: 14 rg: 70 | total time: 42.05m | eta: 42.3m
step 01263/02520 (50.12%) | loss: 3.025696 | lrm: 0.78 | dt: 2008.22ms | tok/sec: 261,071 | bf16_mfu: 0.00 | epoch: 1 pq: 14 rg: 71 | total time: 42.09m | eta: 42.2m
step 01264/02520 (50.16%) | loss: 3.015205 | lrm: 0.78 | dt: 2009.80ms | tok/sec: 260,866 | bf16_mfu: 0.00 | epoch: 1 pq: 14 rg: 72 | total time: 42.12m | eta: 42.2m
step 01265/02520 (50.20%) | loss: 3.016005 | lrm: 0.78 | dt: 2008.07ms | tok/sec: 261,090 | bf16_mfu: 0.00 | epoch: 1 pq: 14 rg: 73 | total time: 42.15m | eta: 42.2m
step 01266/02520 (50.24%) | loss: 3.011775 | lrm: 0.78 | dt: 2010.90ms | tok/sec: 260,723 | bf16_mfu: 0.00 | epoch: 1 pq: 14 rg: 74 | total time: 42.19m | eta: 42.1m
step 01267/02520 (50.28%) | loss: 3.010542 | lrm: 0.78 | dt: 2010.27ms | tok/sec: 260,805 | bf16_mfu: 0.00 | epoch: 1 pq: 14 rg: 75 | total time: 42.22m | eta: 42.1m
step 01268/02520 (50.32%) | loss: 3.012865 | lrm: 0.78 | dt: 2008.20ms | tok/sec: 261,073 | bf16_mfu: 0.00 | epoch: 1 pq: 14 rg: 76 | total time: 42.25m | eta: 42.1m
step 01269/02520 (50.36%) | loss: 3.012948 | lrm: 0.78 | dt: 2011.04ms | tok/sec: 260,705 | bf16_mfu: 0.00 | epoch: 1 pq: 14 rg: 77 | total time: 42.29m | eta: 42.0m
step 01270/02520 (50.40%) | loss: 3.013020 | lrm: 0.77 | dt: 2010.58ms | tok/sec: 260,764 | bf16_mfu: 0.00 | epoch: 1 pq: 14 rg: 78 | total time: 42.32m | eta: 42.0m
step 01271/02520 (50.44%) | loss: 3.008027 | lrm: 0.77 | dt: 2009.18ms | tok/sec: 260,946 | bf16_mfu: 0.00 | epoch: 1 pq: 14 rg: 79 | total time: 42.35m | eta: 42.0m
step 01272/02520 (50.48%) | loss: 3.007171 | lrm: 0.77 | dt: 2008.91ms | tok/sec: 260,981 | bf16_mfu: 0.00 | epoch: 1 pq: 14 rg: 80 | total time: 42.39m | eta: 41.9m
step 01273/02520 (50.52%) | loss: 3.018899 | lrm: 0.77 | dt: 2012.36ms | tok/sec: 260,534 | bf16_mfu: 0.00 | epoch: 1 pq: 14 rg: 81 | total time: 42.42m | eta: 41.9m
step 01274/02520 (50.56%) | loss: 3.023461 | lrm: 0.77 | dt: 2012.50ms | tok/sec: 260,515 | bf16_mfu: 0.00 | epoch: 1 pq: 14 rg: 82 | total time: 42.45m | eta: 41.8m
step 01275/02520 (50.60%) | loss: 3.029902 | lrm: 0.77 | dt: 2013.77ms | tok/sec: 260,351 | bf16_mfu: 0.00 | epoch: 1 pq: 15 rg: 0 | total time: 42.49m | eta: 41.8m
step 01276/02520 (50.63%) | loss: 3.034877 | lrm: 0.77 | dt: 2011.44ms | tok/sec: 260,652 | bf16_mfu: 0.00 | epoch: 1 pq: 15 rg: 1 | total time: 42.52m | eta: 41.8m
step 01277/02520 (50.67%) | loss: 3.023180 | lrm: 0.77 | dt: 2011.91ms | tok/sec: 260,592 | bf16_mfu: 0.00 | epoch: 1 pq: 15 rg: 2 | total time: 42.55m | eta: 41.7m
step 01278/02520 (50.71%) | loss: 3.011696 | lrm: 0.77 | dt: 2010.27ms | tok/sec: 260,805 | bf16_mfu: 0.00 | epoch: 1 pq: 15 rg: 3 | total time: 42.59m | eta: 41.7m
step 01279/02520 (50.75%) | loss: 3.002731 | lrm: 0.77 | dt: 2012.14ms | tok/sec: 260,562 | bf16_mfu: 0.00 | epoch: 1 pq: 15 rg: 4 | total time: 42.62m | eta: 41.7m
step 01280/02520 (50.79%) | loss: 2.996837 | lrm: 0.77 | dt: 2010.63ms | tok/sec: 260,757 | bf16_mfu: 0.00 | epoch: 1 pq: 15 rg: 5 | total time: 42.65m | eta: 41.6m
step 01281/02520 (50.83%) | loss: 2.995241 | lrm: 0.77 | dt: 2012.51ms | tok/sec: 260,514 | bf16_mfu: 0.00 | epoch: 1 pq: 15 rg: 5 | total time: 42.69m | eta: 41.6m
step 01282/02520 (50.87%) | loss: 2.998889 | lrm: 0.77 | dt: 2012.04ms | tok/sec: 260,575 | bf16_mfu: 0.00 | epoch: 1 pq: 15 rg: 6 | total time: 42.72m | eta: 41.6m
step 01283/02520 (50.91%) | loss: 2.989888 | lrm: 0.77 | dt: 2012.56ms | tok/sec: 260,507 | bf16_mfu: 0.00 | epoch: 1 pq: 15 rg: 7 | total time: 42.76m | eta: 41.5m
step 01284/02520 (50.95%) | loss: 2.992793 | lrm: 0.77 | dt: 2011.31ms | tok/sec: 260,669 | bf16_mfu: 0.00 | epoch: 1 pq: 15 rg: 8 | total time: 42.79m | eta: 41.5m
step 01285/02520 (50.99%) | loss: 3.004481 | lrm: 0.77 | dt: 2011.94ms | tok/sec: 260,588 | bf16_mfu: 0.00 | epoch: 1 pq: 15 rg: 9 | total time: 42.82m | eta: 41.5m
step 01286/02520 (51.03%) | loss: 3.011289 | lrm: 0.77 | dt: 2013.16ms | tok/sec: 260,430 | bf16_mfu: 0.00 | epoch: 1 pq: 15 rg: 10 | total time: 42.86m | eta: 41.4m
step 01287/02520 (51.07%) | loss: 2.998239 | lrm: 0.77 | dt: 2011.95ms | tok/sec: 260,586 | bf16_mfu: 0.00 | epoch: 1 pq: 15 rg: 11 | total time: 42.89m | eta: 41.4m
step 01288/02520 (51.11%) | loss: 2.991748 | lrm: 0.76 | dt: 2014.03ms | tok/sec: 260,317 | bf16_mfu: 0.00 | epoch: 1 pq: 15 rg: 12 | total time: 42.92m | eta: 41.4m
step 01289/02520 (51.15%) | loss: 2.999752 | lrm: 0.76 | dt: 2012.92ms | tok/sec: 260,461 | bf16_mfu: 0.00 | epoch: 1 pq: 15 rg: 13 | total time: 42.96m | eta: 41.3m
step 01290/02520 (51.19%) | loss: 3.001491 | lrm: 0.76 | dt: 2012.27ms | tok/sec: 260,545 | bf16_mfu: 0.00 | epoch: 1 pq: 15 rg: 14 | total time: 42.99m | eta: 41.3m
step 01291/02520 (51.23%) | loss: 3.008171 | lrm: 0.76 | dt: 2010.87ms | tok/sec: 260,727 | bf16_mfu: 0.00 | epoch: 1 pq: 15 rg: 15 | total time: 43.02m | eta: 41.3m
step 01292/02520 (51.27%) | loss: 3.008009 | lrm: 0.76 | dt: 2013.47ms | tok/sec: 260,390 | bf16_mfu: 0.00 | epoch: 1 pq: 15 rg: 16 | total time: 43.06m | eta: 41.2m
step 01293/02520 (51.31%) | loss: 3.009362 | lrm: 0.76 | dt: 2011.24ms | tok/sec: 260,678 | bf16_mfu: 0.00 | epoch: 1 pq: 15 rg: 17 | total time: 43.09m | eta: 41.2m
step 01294/02520 (51.35%) | loss: 3.005635 | lrm: 0.76 | dt: 2012.49ms | tok/sec: 260,517 | bf16_mfu: 0.00 | epoch: 1 pq: 15 rg: 18 | total time: 43.12m | eta: 41.2m
step 01295/02520 (51.39%) | loss: 2.999506 | lrm: 0.76 | dt: 2013.63ms | tok/sec: 260,368 | bf16_mfu: 0.00 | epoch: 1 pq: 15 rg: 19 | total time: 43.16m | eta: 41.1m
step 01296/02520 (51.43%) | loss: 3.008582 | lrm: 0.76 | dt: 2012.85ms | tok/sec: 260,470 | bf16_mfu: 0.00 | epoch: 1 pq: 15 rg: 20 | total time: 43.19m | eta: 41.1m
step 01297/02520 (51.47%) | loss: 3.011069 | lrm: 0.76 | dt: 2012.88ms | tok/sec: 260,467 | bf16_mfu: 0.00 | epoch: 1 pq: 15 rg: 21 | total time: 43.23m | eta: 41.1m
step 01298/02520 (51.51%) | loss: 3.010634 | lrm: 0.76 | dt: 2013.45ms | tok/sec: 260,393 | bf16_mfu: 0.00 | epoch: 1 pq: 15 rg: 22 | total time: 43.26m | eta: 41.0m
step 01299/02520 (51.55%) | loss: 3.015679 | lrm: 0.76 | dt: 2011.15ms | tok/sec: 260,691 | bf16_mfu: 0.00 | epoch: 1 pq: 15 rg: 23 | total time: 43.29m | eta: 41.0m
step 01300/02520 (51.59%) | loss: 3.015728 | lrm: 0.76 | dt: 2011.20ms | tok/sec: 260,683 | bf16_mfu: 0.00 | epoch: 1 pq: 15 rg: 24 | total time: 43.33m | eta: 41.0m
step 01301/02520 (51.63%) | loss: 3.011032 | lrm: 0.76 | dt: 2011.10ms | tok/sec: 260,697 | bf16_mfu: 0.00 | epoch: 1 pq: 15 rg: 25 | total time: 43.36m | eta: 40.9m
step 01302/02520 (51.67%) | loss: 3.011872 | lrm: 0.76 | dt: 2012.55ms | tok/sec: 260,509 | bf16_mfu: 0.00 | epoch: 1 pq: 15 rg: 26 | total time: 43.39m | eta: 40.9m
step 01303/02520 (51.71%) | loss: 3.008842 | lrm: 0.76 | dt: 2013.00ms | tok/sec: 260,450 | bf16_mfu: 0.00 | epoch: 1 pq: 15 rg: 27 | total time: 43.43m | eta: 40.9m
step 01304/02520 (51.75%) | loss: 2.999521 | lrm: 0.76 | dt: 2013.90ms | tok/sec: 260,335 | bf16_mfu: 0.00 | epoch: 1 pq: 15 rg: 28 | total time: 43.46m | eta: 40.8m
step 01305/02520 (51.79%) | loss: 3.005825 | lrm: 0.75 | dt: 2013.27ms | tok/sec: 260,416 | bf16_mfu: 0.00 | epoch: 1 pq: 15 rg: 29 | total time: 43.49m | eta: 40.8m
step 01306/02520 (51.83%) | loss: 3.014715 | lrm: 0.75 | dt: 2014.35ms | tok/sec: 260,275 | bf16_mfu: 0.00 | epoch: 1 pq: 15 rg: 30 | total time: 43.53m | eta: 40.8m
step 01307/02520 (51.87%) | loss: 3.013615 | lrm: 0.75 | dt: 2014.21ms | tok/sec: 260,294 | bf16_mfu: 0.00 | epoch: 1 pq: 15 rg: 31 | total time: 43.56m | eta: 40.7m
step 01308/02520 (51.90%) | loss: 3.010060 | lrm: 0.75 | dt: 2013.59ms | tok/sec: 260,374 | bf16_mfu: 0.00 | epoch: 1 pq: 15 rg: 32 | total time: 43.59m | eta: 40.7m
step 01309/02520 (51.94%) | loss: 3.010739 | lrm: 0.75 | dt: 2013.00ms | tok/sec: 260,451 | bf16_mfu: 0.00 | epoch: 1 pq: 15 rg: 33 | total time: 43.63m | eta: 40.7m
step 01310/02520 (51.98%) | loss: 3.013546 | lrm: 0.75 | dt: 2011.86ms | tok/sec: 260,598 | bf16_mfu: 0.00 | epoch: 1 pq: 15 rg: 34 | total time: 43.66m | eta: 40.6m
step 01311/02520 (52.02%) | loss: 3.010602 | lrm: 0.75 | dt: 2013.42ms | tok/sec: 260,396 | bf16_mfu: 0.00 | epoch: 1 pq: 15 rg: 35 | total time: 43.69m | eta: 40.6m
step 01312/02520 (52.06%) | loss: 2.998411 | lrm: 0.75 | dt: 2012.45ms | tok/sec: 260,522 | bf16_mfu: 0.00 | epoch: 1 pq: 15 rg: 36 | total time: 43.73m | eta: 40.6m
step 01313/02520 (52.10%) | loss: 3.010828 | lrm: 0.75 | dt: 2014.93ms | tok/sec: 260,201 | bf16_mfu: 0.00 | epoch: 1 pq: 15 rg: 37 | total time: 43.76m | eta: 40.5m
step 01314/02520 (52.14%) | loss: 3.016498 | lrm: 0.75 | dt: 2015.77ms | tok/sec: 260,092 | bf16_mfu: 0.00 | epoch: 1 pq: 15 rg: 38 | total time: 43.80m | eta: 40.5m
step 01315/02520 (52.18%) | loss: 3.022400 | lrm: 0.75 | dt: 2013.41ms | tok/sec: 260,398 | bf16_mfu: 0.00 | epoch: 1 pq: 15 rg: 38 | total time: 43.83m | eta: 40.5m
step 01316/02520 (52.22%) | loss: 3.017765 | lrm: 0.75 | dt: 2012.94ms | tok/sec: 260,459 | bf16_mfu: 0.00 | epoch: 1 pq: 15 rg: 39 | total time: 43.86m | eta: 40.4m
step 01317/02520 (52.26%) | loss: 3.018696 | lrm: 0.75 | dt: 2016.19ms | tok/sec: 260,039 | bf16_mfu: 0.00 | epoch: 1 pq: 15 rg: 40 | total time: 43.90m | eta: 40.4m
step 01318/02520 (52.30%) | loss: 3.021826 | lrm: 0.75 | dt: 2014.47ms | tok/sec: 260,261 | bf16_mfu: 0.00 | epoch: 1 pq: 15 rg: 41 | total time: 43.93m | eta: 40.4m
step 01319/02520 (52.34%) | loss: 3.028266 | lrm: 0.75 | dt: 2014.91ms | tok/sec: 260,204 | bf16_mfu: 0.00 | epoch: 1 pq: 15 rg: 42 | total time: 43.96m | eta: 40.3m
step 01320/02520 (52.38%) | loss: 3.028099 | lrm: 0.75 | dt: 2014.50ms | tok/sec: 260,256 | bf16_mfu: 0.00 | epoch: 1 pq: 15 rg: 43 | total time: 44.00m | eta: 40.3m
step 01321/02520 (52.42%) | loss: 3.022314 | lrm: 0.75 | dt: 2012.88ms | tok/sec: 260,466 | bf16_mfu: 0.00 | epoch: 1 pq: 15 rg: 44 | total time: 44.03m | eta: 40.3m
step 01322/02520 (52.46%) | loss: 3.023752 | lrm: 0.74 | dt: 2014.50ms | tok/sec: 260,256 | bf16_mfu: 0.00 | epoch: 1 pq: 15 rg: 45 | total time: 44.06m | eta: 40.2m
step 01323/02520 (52.50%) | loss: 3.017010 | lrm: 0.74 | dt: 2014.63ms | tok/sec: 260,240 | bf16_mfu: 0.00 | epoch: 1 pq: 15 rg: 46 | total time: 44.10m | eta: 40.2m
step 01324/02520 (52.54%) | loss: 3.014531 | lrm: 0.74 | dt: 2014.14ms | tok/sec: 260,303 | bf16_mfu: 0.00 | epoch: 1 pq: 15 rg: 47 | total time: 44.13m | eta: 40.2m
step 01325/02520 (52.58%) | loss: 3.015560 | lrm: 0.74 | dt: 2013.38ms | tok/sec: 260,402 | bf16_mfu: 0.00 | epoch: 1 pq: 15 rg: 48 | total time: 44.16m | eta: 40.1m
step 01326/02520 (52.62%) | loss: 3.014360 | lrm: 0.74 | dt: 2015.37ms | tok/sec: 260,145 | bf16_mfu: 0.00 | epoch: 1 pq: 15 rg: 49 | total time: 44.20m | eta: 40.1m
step 01327/02520 (52.66%) | loss: 3.001603 | lrm: 0.74 | dt: 2014.58ms | tok/sec: 260,246 | bf16_mfu: 0.00 | epoch: 1 pq: 15 rg: 50 | total time: 44.23m | eta: 40.1m
step 01328/02520 (52.70%) | loss: 3.013884 | lrm: 0.74 | dt: 2012.58ms | tok/sec: 260,504 | bf16_mfu: 0.00 | epoch: 1 pq: 15 rg: 51 | total time: 44.27m | eta: 40.0m
step 01329/02520 (52.74%) | loss: 3.015553 | lrm: 0.74 | dt: 2013.74ms | tok/sec: 260,354 | bf16_mfu: 0.00 | epoch: 1 pq: 15 rg: 52 | total time: 44.30m | eta: 40.0m
step 01330/02520 (52.78%) | loss: 3.015221 | lrm: 0.74 | dt: 2013.45ms | tok/sec: 260,392 | bf16_mfu: 0.00 | epoch: 1 pq: 15 rg: 53 | total time: 44.33m | eta: 40.0m
step 01331/02520 (52.82%) | loss: 3.023041 | lrm: 0.74 | dt: 2013.19ms | tok/sec: 260,426 | bf16_mfu: 0.00 | epoch: 1 pq: 15 rg: 54 | total time: 44.37m | eta: 39.9m
step 01332/02520 (52.86%) | loss: 3.020368 | lrm: 0.74 | dt: 2014.30ms | tok/sec: 260,283 | bf16_mfu: 0.00 | epoch: 1 pq: 15 rg: 55 | total time: 44.40m | eta: 39.9m
step 01333/02520 (52.90%) | loss: 3.021050 | lrm: 0.74 | dt: 2013.88ms | tok/sec: 260,337 | bf16_mfu: 0.00 | epoch: 1 pq: 15 rg: 56 | total time: 44.43m | eta: 39.9m
step 01334/02520 (52.94%) | loss: 3.018288 | lrm: 0.74 | dt: 2015.17ms | tok/sec: 260,170 | bf16_mfu: 0.00 | epoch: 1 pq: 15 rg: 57 | total time: 44.47m | eta: 39.8m
step 01335/02520 (52.98%) | loss: 3.018148 | lrm: 0.74 | dt: 2014.56ms | tok/sec: 260,249 | bf16_mfu: 0.00 | epoch: 1 pq: 15 rg: 58 | total time: 44.50m | eta: 39.8m
step 01336/02520 (53.02%) | loss: 3.023129 | lrm: 0.74 | dt: 2014.39ms | tok/sec: 260,271 | bf16_mfu: 0.00 | epoch: 1 pq: 15 rg: 59 | total time: 44.53m | eta: 39.8m
step 01337/02520 (53.06%) | loss: 3.024868 | lrm: 0.74 | dt: 2014.33ms | tok/sec: 260,279 | bf16_mfu: 0.00 | epoch: 1 pq: 15 rg: 60 | total time: 44.57m | eta: 39.7m
step 01338/02520 (53.10%) | loss: 3.023607 | lrm: 0.74 | dt: 2015.03ms | tok/sec: 260,188 | bf16_mfu: 0.00 | epoch: 1 pq: 15 rg: 61 | total time: 44.60m | eta: 39.7m
step 01339/02520 (53.13%) | loss: 3.017237 | lrm: 0.73 | dt: 2015.90ms | tok/sec: 260,076 | bf16_mfu: 0.00 | epoch: 1 pq: 15 rg: 62 | total time: 44.63m | eta: 39.7m
step 01340/02520 (53.17%) | loss: 3.005003 | lrm: 0.73 | dt: 2013.82ms | tok/sec: 260,344 | bf16_mfu: 0.00 | epoch: 1 pq: 15 rg: 63 | total time: 44.67m | eta: 39.6m
step 01341/02520 (53.21%) | loss: 2.999226 | lrm: 0.73 | dt: 2012.97ms | tok/sec: 260,454 | bf16_mfu: 0.00 | epoch: 1 pq: 15 rg: 64 | total time: 44.70m | eta: 39.6m
step 01342/02520 (53.25%) | loss: 3.007241 | lrm: 0.73 | dt: 2014.48ms | tok/sec: 260,259 | bf16_mfu: 0.00 | epoch: 1 pq: 15 rg: 65 | total time: 44.74m | eta: 39.6m
step 01343/02520 (53.29%) | loss: 3.010059 | lrm: 0.73 | dt: 2012.74ms | tok/sec: 260,484 | bf16_mfu: 0.00 | epoch: 1 pq: 15 rg: 66 | total time: 44.77m | eta: 39.5m
step 01344/02520 (53.33%) | loss: 3.007484 | lrm: 0.73 | dt: 2012.59ms | tok/sec: 260,503 | bf16_mfu: 0.00 | epoch: 1 pq: 15 rg: 67 | total time: 44.80m | eta: 39.5m
step 01345/02520 (53.37%) | loss: 3.016148 | lrm: 0.73 | dt: 2014.66ms | tok/sec: 260,236 | bf16_mfu: 0.00 | epoch: 1 pq: 15 rg: 68 | total time: 44.84m | eta: 39.5m
step 01346/02520 (53.41%) | loss: 3.008083 | lrm: 0.73 | dt: 2015.06ms | tok/sec: 260,184 | bf16_mfu: 0.00 | epoch: 1 pq: 15 rg: 69 | total time: 44.87m | eta: 39.4m
step 01347/02520 (53.45%) | loss: 3.008802 | lrm: 0.73 | dt: 2015.35ms | tok/sec: 260,147 | bf16_mfu: 0.00 | epoch: 1 pq: 15 rg: 70 | total time: 44.90m | eta: 39.4m
step 01348/02520 (53.49%) | loss: 3.005747 | lrm: 0.73 | dt: 2015.84ms | tok/sec: 260,083 | bf16_mfu: 0.00 | epoch: 1 pq: 15 rg: 71 | total time: 44.94m | eta: 39.4m
step 01349/02520 (53.53%) | loss: 3.002918 | lrm: 0.73 | dt: 2014.16ms | tok/sec: 260,300 | bf16_mfu: 0.00 | epoch: 1 pq: 15 rg: 72 | total time: 44.97m | eta: 39.3m
step 01350/02520 (53.57%) | loss: 3.001857 | lrm: 0.73 | dt: 2011.56ms | tok/sec: 260,637 | bf16_mfu: 0.00 | epoch: 1 pq: 15 rg: 73 | total time: 45.00m | eta: 39.3m
step 01351/02520 (53.61%) | loss: 2.997929 | lrm: 0.73 | dt: 2014.21ms | tok/sec: 260,294 | bf16_mfu: 0.00 | epoch: 1 pq: 15 rg: 74 | total time: 45.04m | eta: 39.3m
step 01352/02520 (53.65%) | loss: 2.999302 | lrm: 0.73 | dt: 2012.34ms | tok/sec: 260,536 | bf16_mfu: 0.00 | epoch: 1 pq: 15 rg: 74 | total time: 45.07m | eta: 39.2m
step 01353/02520 (53.69%) | loss: 2.988854 | lrm: 0.73 | dt: 2013.12ms | tok/sec: 260,434 | bf16_mfu: 0.00 | epoch: 1 pq: 15 rg: 75 | total time: 45.10m | eta: 39.2m
step 01354/02520 (53.73%) | loss: 2.997703 | lrm: 0.73 | dt: 2016.55ms | tok/sec: 259,992 | bf16_mfu: 0.00 | epoch: 1 pq: 15 rg: 76 | total time: 45.14m | eta: 39.2m
step 01355/02520 (53.77%) | loss: 3.003514 | lrm: 0.73 | dt: 2013.79ms | tok/sec: 260,348 | bf16_mfu: 0.00 | epoch: 1 pq: 15 rg: 77 | total time: 45.17m | eta: 39.1m
step 01356/02520 (53.81%) | loss: 3.004862 | lrm: 0.73 | dt: 2013.80ms | tok/sec: 260,347 | bf16_mfu: 0.00 | epoch: 1 pq: 15 rg: 78 | total time: 45.21m | eta: 39.1m
step 01357/02520 (53.85%) | loss: 3.000765 | lrm: 0.72 | dt: 2012.99ms | tok/sec: 260,452 | bf16_mfu: 0.00 | epoch: 1 pq: 15 rg: 79 | total time: 45.24m | eta: 39.1m
step 01358/02520 (53.89%) | loss: 3.014003 | lrm: 0.72 | dt: 2014.41ms | tok/sec: 260,269 | bf16_mfu: 0.00 | epoch: 1 pq: 15 rg: 80 | total time: 45.27m | eta: 39.0m
step 01359/02520 (53.93%) | loss: 3.023786 | lrm: 0.72 | dt: 2011.81ms | tok/sec: 260,605 | bf16_mfu: 0.00 | epoch: 1 pq: 15 rg: 81 | total time: 45.31m | eta: 39.0m
step 01360/02520 (53.97%) | loss: 3.014938 | lrm: 0.72 | dt: 2012.62ms | tok/sec: 260,500 | bf16_mfu: 0.00 | epoch: 1 pq: 15 rg: 82 | total time: 45.34m | eta: 39.0m
step 01361/02520 (54.01%) | loss: 3.004547 | lrm: 0.72 | dt: 2013.11ms | tok/sec: 260,437 | bf16_mfu: 0.00 | epoch: 1 pq: 16 rg: 0 | total time: 45.37m | eta: 38.9m
step 01362/02520 (54.05%) | loss: 2.999327 | lrm: 0.72 | dt: 2012.68ms | tok/sec: 260,492 | bf16_mfu: 0.00 | epoch: 1 pq: 16 rg: 1 | total time: 45.41m | eta: 38.9m
step 01363/02520 (54.09%) | loss: 2.993937 | lrm: 0.72 | dt: 2013.34ms | tok/sec: 260,407 | bf16_mfu: 0.00 | epoch: 1 pq: 16 rg: 2 | total time: 45.44m | eta: 38.9m
step 01364/02520 (54.13%) | loss: 2.994090 | lrm: 0.72 | dt: 2014.79ms | tok/sec: 260,220 | bf16_mfu: 0.00 | epoch: 1 pq: 16 rg: 3 | total time: 45.47m | eta: 38.8m
step 01365/02520 (54.17%) | loss: 2.992600 | lrm: 0.72 | dt: 2012.24ms | tok/sec: 260,549 | bf16_mfu: 0.00 | epoch: 1 pq: 16 rg: 4 | total time: 45.51m | eta: 38.8m
step 01366/02520 (54.21%) | loss: 2.992809 | lrm: 0.72 | dt: 2012.85ms | tok/sec: 260,470 | bf16_mfu: 0.00 | epoch: 1 pq: 16 rg: 5 | total time: 45.54m | eta: 38.8m
step 01367/02520 (54.25%) | loss: 3.005257 | lrm: 0.72 | dt: 2014.79ms | tok/sec: 260,219 | bf16_mfu: 0.00 | epoch: 1 pq: 16 rg: 6 | total time: 45.57m | eta: 38.7m
step 01368/02520 (54.29%) | loss: 3.007366 | lrm: 0.72 | dt: 2013.78ms | tok/sec: 260,350 | bf16_mfu: 0.00 | epoch: 1 pq: 16 rg: 7 | total time: 45.61m | eta: 38.7m
step 01369/02520 (54.33%) | loss: 3.012411 | lrm: 0.72 | dt: 2014.15ms | tok/sec: 260,301 | bf16_mfu: 0.00 | epoch: 1 pq: 16 rg: 8 | total time: 45.64m | eta: 38.7m
step 01370/02520 (54.37%) | loss: 3.011784 | lrm: 0.72 | dt: 2013.64ms | tok/sec: 260,367 | bf16_mfu: 0.00 | epoch: 1 pq: 16 rg: 9 | total time: 45.68m | eta: 38.6m
step 01371/02520 (54.40%) | loss: 3.010908 | lrm: 0.72 | dt: 2011.49ms | tok/sec: 260,646 | bf16_mfu: 0.00 | epoch: 1 pq: 16 rg: 10 | total time: 45.71m | eta: 38.6m
step 01372/02520 (54.44%) | loss: 3.000628 | lrm: 0.72 | dt: 2012.03ms | tok/sec: 260,576 | bf16_mfu: 0.00 | epoch: 1 pq: 16 rg: 11 | total time: 45.74m | eta: 38.6m
step 01373/02520 (54.48%) | loss: 2.994408 | lrm: 0.72 | dt: 2013.74ms | tok/sec: 260,355 | bf16_mfu: 0.00 | epoch: 1 pq: 16 rg: 12 | total time: 45.78m | eta: 38.5m
step 01374/02520 (54.52%) | loss: 2.990643 | lrm: 0.71 | dt: 2013.37ms | tok/sec: 260,403 | bf16_mfu: 0.00 | epoch: 1 pq: 16 rg: 13 | total time: 45.81m | eta: 38.5m
step 01375/02520 (54.56%) | loss: 2.999307 | lrm: 0.71 | dt: 2013.23ms | tok/sec: 260,420 | bf16_mfu: 0.00 | epoch: 1 pq: 16 rg: 14 | total time: 45.84m | eta: 38.5m
step 01376/02520 (54.60%) | loss: 3.001673 | lrm: 0.71 | dt: 2013.24ms | tok/sec: 260,419 | bf16_mfu: 0.00 | epoch: 1 pq: 16 rg: 15 | total time: 45.88m | eta: 38.4m
step 01377/02520 (54.64%) | loss: 3.004944 | lrm: 0.71 | dt: 2011.51ms | tok/sec: 260,643 | bf16_mfu: 0.00 | epoch: 1 pq: 16 rg: 16 | total time: 45.91m | eta: 38.4m
step 01378/02520 (54.68%) | loss: 2.999989 | lrm: 0.71 | dt: 2013.25ms | tok/sec: 260,418 | bf16_mfu: 0.00 | epoch: 1 pq: 16 rg: 17 | total time: 45.94m | eta: 38.4m
step 01379/02520 (54.72%) | loss: 3.001382 | lrm: 0.71 | dt: 2014.38ms | tok/sec: 260,272 | bf16_mfu: 0.00 | epoch: 1 pq: 16 rg: 18 | total time: 45.98m | eta: 38.3m
step 01380/02520 (54.76%) | loss: 3.009505 | lrm: 0.71 | dt: 2012.29ms | tok/sec: 260,543 | bf16_mfu: 0.00 | epoch: 1 pq: 16 rg: 19 | total time: 46.01m | eta: 38.3m
step 01381/02520 (54.80%) | loss: 3.007328 | lrm: 0.71 | dt: 2014.14ms | tok/sec: 260,303 | bf16_mfu: 0.00 | epoch: 1 pq: 16 rg: 20 | total time: 46.04m | eta: 38.3m
step 01382/02520 (54.84%) | loss: 2.994342 | lrm: 0.71 | dt: 2016.14ms | tok/sec: 260,045 | bf16_mfu: 0.00 | epoch: 1 pq: 16 rg: 21 | total time: 46.08m | eta: 38.2m
step 01383/02520 (54.88%) | loss: 3.000685 | lrm: 0.71 | dt: 2015.96ms | tok/sec: 260,068 | bf16_mfu: 0.00 | epoch: 1 pq: 16 rg: 22 | total time: 46.11m | eta: 38.2m
step 01384/02520 (54.92%) | loss: 2.996122 | lrm: 0.71 | dt: 2013.90ms | tok/sec: 260,334 | bf16_mfu: 0.00 | epoch: 1 pq: 16 rg: 23 | total time: 46.15m | eta: 38.2m
step 01385/02520 (54.96%) | loss: 2.996108 | lrm: 0.71 | dt: 2014.24ms | tok/sec: 260,290 | bf16_mfu: 0.00 | epoch: 1 pq: 16 rg: 24 | total time: 46.18m | eta: 38.1m
step 01386/02520 (55.00%) | loss: 2.998029 | lrm: 0.71 | dt: 2015.36ms | tok/sec: 260,145 | bf16_mfu: 0.00 | epoch: 1 pq: 16 rg: 25 | total time: 46.21m | eta: 38.1m
step 01387/02520 (55.04%) | loss: 3.016159 | lrm: 0.71 | dt: 2015.80ms | tok/sec: 260,088 | bf16_mfu: 0.00 | epoch: 1 pq: 16 rg: 26 | total time: 46.25m | eta: 38.1m
step 01388/02520 (55.08%) | loss: 3.017956 | lrm: 0.71 | dt: 2014.85ms | tok/sec: 260,212 | bf16_mfu: 0.00 | epoch: 1 pq: 16 rg: 27 | total time: 46.28m | eta: 38.0m
step 01389/02520 (55.12%) | loss: 3.019565 | lrm: 0.71 | dt: 2016.05ms | tok/sec: 260,056 | bf16_mfu: 0.00 | epoch: 1 pq: 16 rg: 28 | total time: 46.31m | eta: 38.0m
step 01390/02520 (55.16%) | loss: 3.014780 | lrm: 0.71 | dt: 2014.25ms | tok/sec: 260,289 | bf16_mfu: 0.00 | epoch: 1 pq: 16 rg: 29 | total time: 46.35m | eta: 38.0m
step 01391/02520 (55.20%) | loss: 3.019019 | lrm: 0.70 | dt: 2015.47ms | tok/sec: 260,131 | bf16_mfu: 0.00 | epoch: 1 pq: 16 rg: 30 | total time: 46.38m | eta: 37.9m
step 01392/02520 (55.24%) | loss: 3.017387 | lrm: 0.70 | dt: 2015.34ms | tok/sec: 260,148 | bf16_mfu: 0.00 | epoch: 1 pq: 16 rg: 30 | total time: 46.41m | eta: 37.9m
step 01393/02520 (55.28%) | loss: 3.017593 | lrm: 0.70 | dt: 2014.91ms | tok/sec: 260,204 | bf16_mfu: 0.00 | epoch: 1 pq: 16 rg: 31 | total time: 46.45m | eta: 37.8m
step 01394/02520 (55.32%) | loss: 3.016915 | lrm: 0.70 | dt: 2013.05ms | tok/sec: 260,444 | bf16_mfu: 0.00 | epoch: 1 pq: 16 rg: 32 | total time: 46.48m | eta: 37.8m
step 01395/02520 (55.36%) | loss: 3.002377 | lrm: 0.70 | dt: 2014.40ms | tok/sec: 260,270 | bf16_mfu: 0.00 | epoch: 1 pq: 16 rg: 33 | total time: 46.51m | eta: 37.8m
step 01396/02520 (55.40%) | loss: 2.994656 | lrm: 0.70 | dt: 2013.90ms | tok/sec: 260,334 | bf16_mfu: 0.00 | epoch: 1 pq: 16 rg: 34 | total time: 46.55m | eta: 37.7m
step 01397/02520 (55.44%) | loss: 2.986897 | lrm: 0.70 | dt: 2013.12ms | tok/sec: 260,435 | bf16_mfu: 0.00 | epoch: 1 pq: 16 rg: 35 | total time: 46.58m | eta: 37.7m
step 01398/02520 (55.48%) | loss: 2.987425 | lrm: 0.70 | dt: 2015.96ms | tok/sec: 260,068 | bf16_mfu: 0.00 | epoch: 1 pq: 16 rg: 36 | total time: 46.62m | eta: 37.7m
step 01399/02520 (55.52%) | loss: 2.982214 | lrm: 0.70 | dt: 2012.34ms | tok/sec: 260,536 | bf16_mfu: 0.00 | epoch: 1 pq: 16 rg: 37 | total time: 46.65m | eta: 37.6m
step 01400/02520 (55.56%) | loss: 2.974895 | lrm: 0.70 | dt: 2012.59ms | tok/sec: 260,504 | bf16_mfu: 0.00 | epoch: 1 pq: 16 rg: 38 | total time: 46.68m | eta: 37.6m
step 01401/02520 (55.60%) | loss: 2.977911 | lrm: 0.70 | dt: 2013.11ms | tok/sec: 260,437 | bf16_mfu: 0.00 | epoch: 1 pq: 16 rg: 39 | total time: 46.72m | eta: 37.6m
step 01402/02520 (55.63%) | loss: 2.981322 | lrm: 0.70 | dt: 2013.08ms | tok/sec: 260,441 | bf16_mfu: 0.00 | epoch: 1 pq: 16 rg: 40 | total time: 46.75m | eta: 37.5m
step 01403/02520 (55.67%) | loss: 2.979544 | lrm: 0.70 | dt: 2012.60ms | tok/sec: 260,502 | bf16_mfu: 0.00 | epoch: 1 pq: 16 rg: 41 | total time: 46.78m | eta: 37.5m
step 01404/02520 (55.71%) | loss: 2.969202 | lrm: 0.70 | dt: 2014.42ms | tok/sec: 260,267 | bf16_mfu: 0.00 | epoch: 1 pq: 16 rg: 42 | total time: 46.82m | eta: 37.5m
step 01405/02520 (55.75%) | loss: 2.970144 | lrm: 0.70 | dt: 2011.40ms | tok/sec: 260,657 | bf16_mfu: 0.00 | epoch: 1 pq: 16 rg: 43 | total time: 46.85m | eta: 37.4m
step 01406/02520 (55.79%) | loss: 2.986590 | lrm: 0.70 | dt: 2014.35ms | tok/sec: 260,275 | bf16_mfu: 0.00 | epoch: 1 pq: 16 rg: 44 | total time: 46.88m | eta: 37.4m
step 01407/02520 (55.83%) | loss: 2.982284 | lrm: 0.70 | dt: 2014.77ms | tok/sec: 260,221 | bf16_mfu: 0.00 | epoch: 1 pq: 16 rg: 45 | total time: 46.92m | eta: 37.4m
step 01408/02520 (55.87%) | loss: 2.995975 | lrm: 0.69 | dt: 2012.96ms | tok/sec: 260,456 | bf16_mfu: 0.00 | epoch: 1 pq: 16 rg: 46 | total time: 46.95m | eta: 37.3m
step 01409/02520 (55.91%) | loss: 3.003203 | lrm: 0.69 | dt: 2014.93ms | tok/sec: 260,201 | bf16_mfu: 0.00 | epoch: 1 pq: 16 rg: 47 | total time: 46.98m | eta: 37.3m
step 01410/02520 (55.95%) | loss: 2.999007 | lrm: 0.69 | dt: 2014.89ms | tok/sec: 260,206 | bf16_mfu: 0.00 | epoch: 1 pq: 16 rg: 48 | total time: 47.02m | eta: 37.3m
step 01411/02520 (55.99%) | loss: 2.997267 | lrm: 0.69 | dt: 2014.84ms | tok/sec: 260,213 | bf16_mfu: 0.00 | epoch: 1 pq: 16 rg: 49 | total time: 47.05m | eta: 37.2m
step 01412/02520 (56.03%) | loss: 3.007511 | lrm: 0.69 | dt: 2014.69ms | tok/sec: 260,232 | bf16_mfu: 0.00 | epoch: 1 pq: 16 rg: 50 | total time: 47.09m | eta: 37.2m
step 01413/02520 (56.07%) | loss: 2.999392 | lrm: 0.69 | dt: 2014.64ms | tok/sec: 260,238 | bf16_mfu: 0.00 | epoch: 1 pq: 16 rg: 51 | total time: 47.12m | eta: 37.2m
step 01414/02520 (56.11%) | loss: 2.985503 | lrm: 0.69 | dt: 2013.38ms | tok/sec: 260,402 | bf16_mfu: 0.00 | epoch: 1 pq: 16 rg: 52 | total time: 47.15m | eta: 37.1m
step 01415/02520 (56.15%) | loss: 2.986249 | lrm: 0.69 | dt: 2013.58ms | tok/sec: 260,376 | bf16_mfu: 0.00 | epoch: 1 pq: 16 rg: 53 | total time: 47.19m | eta: 37.1m
step 01416/02520 (56.19%) | loss: 2.975097 | lrm: 0.69 | dt: 2014.54ms | tok/sec: 260,252 | bf16_mfu: 0.00 | epoch: 1 pq: 16 rg: 54 | total time: 47.22m | eta: 37.1m
step 01417/02520 (56.23%) | loss: 2.989716 | lrm: 0.69 | dt: 2013.27ms | tok/sec: 260,416 | bf16_mfu: 0.00 | epoch: 1 pq: 16 rg: 55 | total time: 47.25m | eta: 37.0m
step 01418/02520 (56.27%) | loss: 3.001376 | lrm: 0.69 | dt: 2014.16ms | tok/sec: 260,301 | bf16_mfu: 0.00 | epoch: 1 pq: 16 rg: 56 | total time: 47.29m | eta: 37.0m
step 01419/02520 (56.31%) | loss: 2.999925 | lrm: 0.69 | dt: 2013.74ms | tok/sec: 260,355 | bf16_mfu: 0.00 | epoch: 1 pq: 16 rg: 56 | total time: 47.32m | eta: 37.0m
step 01420/02520 (56.35%) | loss: 2.995422 | lrm: 0.69 | dt: 2013.69ms | tok/sec: 260,361 | bf16_mfu: 0.00 | epoch: 1 pq: 16 rg: 57 | total time: 47.35m | eta: 36.9m
step 01421/02520 (56.39%) | loss: 3.002396 | lrm: 0.69 | dt: 2013.33ms | tok/sec: 260,408 | bf16_mfu: 0.00 | epoch: 1 pq: 16 rg: 58 | total time: 47.39m | eta: 36.9m
step 01422/02520 (56.43%) | loss: 3.004269 | lrm: 0.69 | dt: 2013.43ms | tok/sec: 260,394 | bf16_mfu: 0.00 | epoch: 1 pq: 16 rg: 59 | total time: 47.42m | eta: 36.9m
step 01423/02520 (56.47%) | loss: 3.004803 | lrm: 0.69 | dt: 2013.29ms | tok/sec: 260,413 | bf16_mfu: 0.00 | epoch: 1 pq: 16 rg: 60 | total time: 47.45m | eta: 36.8m
step 01424/02520 (56.51%) | loss: 3.010798 | lrm: 0.69 | dt: 2013.76ms | tok/sec: 260,353 | bf16_mfu: 0.00 | epoch: 1 pq: 16 rg: 61 | total time: 47.49m | eta: 36.8m
step 01425/02520 (56.55%) | loss: 2.995095 | lrm: 0.69 | dt: 2013.04ms | tok/sec: 260,445 | bf16_mfu: 0.00 | epoch: 1 pq: 16 rg: 62 | total time: 47.52m | eta: 36.8m
step 01426/02520 (56.59%) | loss: 2.985698 | lrm: 0.68 | dt: 2014.90ms | tok/sec: 260,205 | bf16_mfu: 0.00 | epoch: 1 pq: 16 rg: 63 | total time: 47.55m | eta: 36.7m
step 01427/02520 (56.63%) | loss: 2.986788 | lrm: 0.68 | dt: 2014.37ms | tok/sec: 260,274 | bf16_mfu: 0.00 | epoch: 1 pq: 16 rg: 64 | total time: 47.59m | eta: 36.7m
step 01428/02520 (56.67%) | loss: 2.984230 | lrm: 0.68 | dt: 2014.33ms | tok/sec: 260,278 | bf16_mfu: 0.00 | epoch: 1 pq: 16 rg: 65 | total time: 47.62m | eta: 36.7m
step 01429/02520 (56.71%) | loss: 2.982930 | lrm: 0.68 | dt: 2012.51ms | tok/sec: 260,514 | bf16_mfu: 0.00 | epoch: 1 pq: 16 rg: 66 | total time: 47.66m | eta: 36.6m
step 01430/02520 (56.75%) | loss: 2.984486 | lrm: 0.68 | dt: 2011.75ms | tok/sec: 260,612 | bf16_mfu: 0.00 | epoch: 1 pq: 16 rg: 67 | total time: 47.69m | eta: 36.6m
step 01431/02520 (56.79%) | loss: 2.980248 | lrm: 0.68 | dt: 2011.52ms | tok/sec: 260,642 | bf16_mfu: 0.00 | epoch: 1 pq: 16 rg: 68 | total time: 47.72m | eta: 36.6m
step 01432/02520 (56.83%) | loss: 2.980686 | lrm: 0.68 | dt: 2012.50ms | tok/sec: 260,515 | bf16_mfu: 0.00 | epoch: 1 pq: 16 rg: 69 | total time: 47.76m | eta: 36.5m
step 01433/02520 (56.87%) | loss: 2.988944 | lrm: 0.68 | dt: 2013.36ms | tok/sec: 260,403 | bf16_mfu: 0.00 | epoch: 1 pq: 16 rg: 70 | total time: 47.79m | eta: 36.5m
step 01434/02520 (56.90%) | loss: 2.996009 | lrm: 0.68 | dt: 2013.00ms | tok/sec: 260,451 | bf16_mfu: 0.00 | epoch: 1 pq: 16 rg: 71 | total time: 47.82m | eta: 36.5m
step 01435/02520 (56.94%) | loss: 2.991259 | lrm: 0.68 | dt: 2014.67ms | tok/sec: 260,234 | bf16_mfu: 0.00 | epoch: 1 pq: 16 rg: 72 | total time: 47.86m | eta: 36.4m
step 01436/02520 (56.98%) | loss: 2.992138 | lrm: 0.68 | dt: 2014.51ms | tok/sec: 260,255 | bf16_mfu: 0.00 | epoch: 1 pq: 16 rg: 73 | total time: 47.89m | eta: 36.4m
step 01437/02520 (57.02%) | loss: 2.989517 | lrm: 0.68 | dt: 2011.90ms | tok/sec: 260,593 | bf16_mfu: 0.00 | epoch: 1 pq: 16 rg: 74 | total time: 47.92m | eta: 36.4m
step 01438/02520 (57.06%) | loss: 2.969262 | lrm: 0.68 | dt: 2013.80ms | tok/sec: 260,347 | bf16_mfu: 0.00 | epoch: 1 pq: 16 rg: 75 | total time: 47.96m | eta: 36.3m
step 01439/02520 (57.10%) | loss: 2.968614 | lrm: 0.68 | dt: 2013.99ms | tok/sec: 260,322 | bf16_mfu: 0.00 | epoch: 1 pq: 16 rg: 76 | total time: 47.99m | eta: 36.3m
step 01440/02520 (57.14%) | loss: 2.973246 | lrm: 0.68 | dt: 2013.38ms | tok/sec: 260,401 | bf16_mfu: 0.00 | epoch: 1 pq: 16 rg: 77 | total time: 48.02m | eta: 36.3m
step 01441/02520 (57.18%) | loss: 2.967148 | lrm: 0.68 | dt: 2014.10ms | tok/sec: 260,309 | bf16_mfu: 0.00 | epoch: 1 pq: 16 rg: 78 | total time: 48.06m | eta: 36.2m
step 01442/02520 (57.22%) | loss: 2.967193 | lrm: 0.68 | dt: 2012.97ms | tok/sec: 260,454 | bf16_mfu: 0.00 | epoch: 1 pq: 16 rg: 79 | total time: 48.09m | eta: 36.2m
step 01443/02520 (57.26%) | loss: 2.972943 | lrm: 0.67 | dt: 2016.31ms | tok/sec: 260,023 | bf16_mfu: 0.00 | epoch: 1 pq: 16 rg: 80 | total time: 48.13m | eta: 36.2m
step 01444/02520 (57.30%) | loss: 2.965017 | lrm: 0.67 | dt: 2014.12ms | tok/sec: 260,306 | bf16_mfu: 0.00 | epoch: 1 pq: 16 rg: 81 | total time: 48.16m | eta: 36.1m
step 01445/02520 (57.34%) | loss: 2.944805 | lrm: 0.67 | dt: 2012.30ms | tok/sec: 260,541 | bf16_mfu: 0.00 | epoch: 1 pq: 16 rg: 82 | total time: 48.19m | eta: 36.1m
step 01446/02520 (57.38%) | loss: 2.944901 | lrm: 0.67 | dt: 2012.85ms | tok/sec: 260,470 | bf16_mfu: 0.00 | epoch: 1 pq: 16 rg: 82 | total time: 48.23m | eta: 36.1m
step 01447/02520 (57.42%) | loss: 2.956066 | lrm: 0.67 | dt: 2013.99ms | tok/sec: 260,323 | bf16_mfu: 0.00 | epoch: 1 pq: 17 rg: 0 | total time: 48.26m | eta: 36.0m
step 01448/02520 (57.46%) | loss: 2.969623 | lrm: 0.67 | dt: 2016.27ms | tok/sec: 260,028 | bf16_mfu: 0.00 | epoch: 1 pq: 17 rg: 1 | total time: 48.29m | eta: 36.0m
step 01449/02520 (57.50%) | loss: 2.968014 | lrm: 0.67 | dt: 2013.75ms | tok/sec: 260,353 | bf16_mfu: 0.00 | epoch: 1 pq: 17 rg: 2 | total time: 48.33m | eta: 36.0m
step 01450/02520 (57.54%) | loss: 2.966918 | lrm: 0.67 | dt: 2012.69ms | tok/sec: 260,491 | bf16_mfu: 0.00 | epoch: 1 pq: 17 rg: 3 | total time: 48.36m | eta: 35.9m
step 01451/02520 (57.58%) | loss: 2.966860 | lrm: 0.67 | dt: 2012.19ms | tok/sec: 260,555 | bf16_mfu: 0.00 | epoch: 1 pq: 17 rg: 4 | total time: 48.39m | eta: 35.9m
step 01452/02520 (57.62%) | loss: 2.969133 | lrm: 0.67 | dt: 2011.96ms | tok/sec: 260,585 | bf16_mfu: 0.00 | epoch: 1 pq: 17 rg: 5 | total time: 48.43m | eta: 35.9m
step 01453/02520 (57.66%) | loss: 2.967388 | lrm: 0.67 | dt: 2012.64ms | tok/sec: 260,497 | bf16_mfu: 0.00 | epoch: 1 pq: 17 rg: 6 | total time: 48.46m | eta: 35.8m
step 01454/02520 (57.70%) | loss: 2.972658 | lrm: 0.67 | dt: 2011.82ms | tok/sec: 260,603 | bf16_mfu: 0.00 | epoch: 1 pq: 17 rg: 7 | total time: 48.49m | eta: 35.8m
step 01455/02520 (57.74%) | loss: 2.978659 | lrm: 0.67 | dt: 2010.80ms | tok/sec: 260,736 | bf16_mfu: 0.00 | epoch: 1 pq: 17 rg: 8 | total time: 48.53m | eta: 35.8m
step 01456/02520 (57.78%) | loss: 2.983462 | lrm: 0.67 | dt: 2009.35ms | tok/sec: 260,924 | bf16_mfu: 0.00 | epoch: 1 pq: 17 rg: 9 | total time: 48.56m | eta: 35.7m
step 01457/02520 (57.82%) | loss: 2.979096 | lrm: 0.67 | dt: 2013.07ms | tok/sec: 260,441 | bf16_mfu: 0.00 | epoch: 1 pq: 17 rg: 10 | total time: 48.59m | eta: 35.7m
step 01458/02520 (57.86%) | loss: 2.977015 | lrm: 0.67 | dt: 2012.63ms | tok/sec: 260,498 | bf16_mfu: 0.00 | epoch: 1 pq: 17 rg: 11 | total time: 48.63m | eta: 35.7m
step 01459/02520 (57.90%) | loss: 2.969258 | lrm: 0.67 | dt: 2012.29ms | tok/sec: 260,543 | bf16_mfu: 0.00 | epoch: 1 pq: 17 rg: 12 | total time: 48.66m | eta: 35.6m
step 01460/02520 (57.94%) | loss: 2.969040 | lrm: 0.66 | dt: 2012.75ms | tok/sec: 260,482 | bf16_mfu: 0.00 | epoch: 1 pq: 17 rg: 13 | total time: 48.70m | eta: 35.6m
step 01461/02520 (57.98%) | loss: 2.969777 | lrm: 0.66 | dt: 2011.77ms | tok/sec: 260,610 | bf16_mfu: 0.00 | epoch: 1 pq: 17 rg: 14 | total time: 48.73m | eta: 35.6m
step 01462/02520 (58.02%) | loss: 2.969663 | lrm: 0.66 | dt: 2013.00ms | tok/sec: 260,450 | bf16_mfu: 0.00 | epoch: 1 pq: 17 rg: 15 | total time: 48.76m | eta: 35.5m
step 01463/02520 (58.06%) | loss: 2.974265 | lrm: 0.66 | dt: 2011.83ms | tok/sec: 260,602 | bf16_mfu: 0.00 | epoch: 1 pq: 17 rg: 16 | total time: 48.80m | eta: 35.5m
step 01464/02520 (58.10%) | loss: 2.993962 | lrm: 0.66 | dt: 2012.77ms | tok/sec: 260,480 | bf16_mfu: 0.00 | epoch: 1 pq: 17 rg: 17 | total time: 48.83m | eta: 35.5m
step 01465/02520 (58.13%) | loss: 2.984006 | lrm: 0.66 | dt: 2013.62ms | tok/sec: 260,370 | bf16_mfu: 0.00 | epoch: 1 pq: 17 rg: 18 | total time: 48.86m | eta: 35.4m
step 01466/02520 (58.17%) | loss: 2.982565 | lrm: 0.66 | dt: 2011.27ms | tok/sec: 260,675 | bf16_mfu: 0.00 | epoch: 1 pq: 17 rg: 19 | total time: 48.90m | eta: 35.4m
step 01467/02520 (58.21%) | loss: 2.990953 | lrm: 0.66 | dt: 2014.04ms | tok/sec: 260,316 | bf16_mfu: 0.00 | epoch: 1 pq: 17 rg: 20 | total time: 48.93m | eta: 35.4m
step 01468/02520 (58.25%) | loss: 3.002831 | lrm: 0.66 | dt: 2013.75ms | tok/sec: 260,354 | bf16_mfu: 0.00 | epoch: 1 pq: 17 rg: 21 | total time: 48.96m | eta: 35.3m
step 01469/02520 (58.29%) | loss: 2.998465 | lrm: 0.66 | dt: 2013.98ms | tok/sec: 260,323 | bf16_mfu: 0.00 | epoch: 1 pq: 17 rg: 22 | total time: 49.00m | eta: 35.3m
step 01470/02520 (58.33%) | loss: 2.999829 | lrm: 0.66 | dt: 2013.65ms | tok/sec: 260,366 | bf16_mfu: 0.00 | epoch: 1 pq: 17 rg: 23 | total time: 49.03m | eta: 35.3m
step 01471/02520 (58.37%) | loss: 3.000331 | lrm: 0.66 | dt: 2013.40ms | tok/sec: 260,398 | bf16_mfu: 0.00 | epoch: 1 pq: 17 rg: 24 | total time: 49.06m | eta: 35.2m
step 01472/02520 (58.41%) | loss: 3.001745 | lrm: 0.66 | dt: 2014.02ms | tok/sec: 260,319 | bf16_mfu: 0.00 | epoch: 1 pq: 17 rg: 25 | total time: 49.10m | eta: 35.2m
step 01473/02520 (58.45%) | loss: 3.001827 | lrm: 0.66 | dt: 2014.61ms | tok/sec: 260,243 | bf16_mfu: 0.00 | epoch: 1 pq: 17 rg: 26 | total time: 49.13m | eta: 35.2m
step 01474/02520 (58.49%) | loss: 2.995351 | lrm: 0.66 | dt: 2013.77ms | tok/sec: 260,351 | bf16_mfu: 0.00 | epoch: 1 pq: 17 rg: 27 | total time: 49.17m | eta: 35.1m
step 01475/02520 (58.53%) | loss: 3.001821 | lrm: 0.66 | dt: 2014.05ms | tok/sec: 260,315 | bf16_mfu: 0.00 | epoch: 1 pq: 17 rg: 28 | total time: 49.20m | eta: 35.1m
step 01476/02520 (58.57%) | loss: 3.011407 | lrm: 0.66 | dt: 2016.14ms | tok/sec: 260,045 | bf16_mfu: 0.00 | epoch: 1 pq: 17 rg: 29 | total time: 49.23m | eta: 35.1m
step 01477/02520 (58.61%) | loss: 3.011403 | lrm: 0.65 | dt: 2014.05ms | tok/sec: 260,314 | bf16_mfu: 0.00 | epoch: 1 pq: 17 rg: 30 | total time: 49.27m | eta: 35.0m
step 01478/02520 (58.65%) | loss: 3.003785 | lrm: 0.65 | dt: 2012.13ms | tok/sec: 260,564 | bf16_mfu: 0.00 | epoch: 1 pq: 17 rg: 30 | total time: 49.30m | eta: 35.0m
step 01479/02520 (58.69%) | loss: 3.006200 | lrm: 0.65 | dt: 2013.54ms | tok/sec: 260,380 | bf16_mfu: 0.00 | epoch: 1 pq: 17 rg: 31 | total time: 49.33m | eta: 35.0m
step 01480/02520 (58.73%) | loss: 3.010043 | lrm: 0.65 | dt: 2013.32ms | tok/sec: 260,410 | bf16_mfu: 0.00 | epoch: 1 pq: 17 rg: 32 | total time: 49.37m | eta: 34.9m
step 01481/02520 (58.77%) | loss: 3.005661 | lrm: 0.65 | dt: 2012.78ms | tok/sec: 260,480 | bf16_mfu: 0.00 | epoch: 1 pq: 17 rg: 33 | total time: 49.40m | eta: 34.9m
step 01482/02520 (58.81%) | loss: 3.002277 | lrm: 0.65 | dt: 2014.68ms | tok/sec: 260,234 | bf16_mfu: 0.00 | epoch: 1 pq: 17 rg: 34 | total time: 49.43m | eta: 34.9m
step 01483/02520 (58.85%) | loss: 3.001582 | lrm: 0.65 | dt: 2013.55ms | tok/sec: 260,379 | bf16_mfu: 0.00 | epoch: 1 pq: 17 rg: 35 | total time: 49.47m | eta: 34.8m
step 01484/02520 (58.89%) | loss: 2.998721 | lrm: 0.65 | dt: 2012.98ms | tok/sec: 260,453 | bf16_mfu: 0.00 | epoch: 1 pq: 17 rg: 36 | total time: 49.50m | eta: 34.8m
step 01485/02520 (58.93%) | loss: 3.001657 | lrm: 0.65 | dt: 2013.38ms | tok/sec: 260,401 | bf16_mfu: 0.00 | epoch: 1 pq: 17 rg: 37 | total time: 49.53m | eta: 34.8m
step 01486/02520 (58.97%) | loss: 2.999398 | lrm: 0.65 | dt: 2012.84ms | tok/sec: 260,471 | bf16_mfu: 0.00 | epoch: 1 pq: 17 rg: 38 | total time: 49.57m | eta: 34.7m
step 01487/02520 (59.01%) | loss: 2.990310 | lrm: 0.65 | dt: 2013.90ms | tok/sec: 260,335 | bf16_mfu: 0.00 | epoch: 1 pq: 17 rg: 39 | total time: 49.60m | eta: 34.7m
step 01488/02520 (59.05%) | loss: 2.969143 | lrm: 0.65 | dt: 2014.39ms | tok/sec: 260,271 | bf16_mfu: 0.00 | epoch: 1 pq: 17 rg: 40 | total time: 49.64m | eta: 34.7m
step 01489/02520 (59.09%) | loss: 2.984741 | lrm: 0.65 | dt: 2013.85ms | tok/sec: 260,340 | bf16_mfu: 0.00 | epoch: 1 pq: 17 rg: 41 | total time: 49.67m | eta: 34.6m
step 01490/02520 (59.13%) | loss: 2.980416 | lrm: 0.65 | dt: 2013.42ms | tok/sec: 260,396 | bf16_mfu: 0.00 | epoch: 1 pq: 17 rg: 42 | total time: 49.70m | eta: 34.6m
step 01491/02520 (59.17%) | loss: 2.976228 | lrm: 0.65 | dt: 2015.61ms | tok/sec: 260,114 | bf16_mfu: 0.00 | epoch: 1 pq: 17 rg: 43 | total time: 49.74m | eta: 34.6m
step 01492/02520 (59.21%) | loss: 2.969049 | lrm: 0.65 | dt: 2012.57ms | tok/sec: 260,507 | bf16_mfu: 0.00 | epoch: 1 pq: 17 rg: 44 | total time: 49.77m | eta: 34.5m
step 01493/02520 (59.25%) | loss: 2.967108 | lrm: 0.65 | dt: 2012.74ms | tok/sec: 260,484 | bf16_mfu: 0.00 | epoch: 1 pq: 17 rg: 45 | total time: 49.80m | eta: 34.5m
step 01494/02520 (59.29%) | loss: 2.967535 | lrm: 0.65 | dt: 2014.79ms | tok/sec: 260,219 | bf16_mfu: 0.00 | epoch: 1 pq: 17 rg: 46 | total time: 49.84m | eta: 34.5m
step 01495/02520 (59.33%) | loss: 2.964929 | lrm: 0.64 | dt: 2013.52ms | tok/sec: 260,383 | bf16_mfu: 0.00 | epoch: 1 pq: 17 rg: 47 | total time: 49.87m | eta: 34.4m
step 01496/02520 (59.37%) | loss: 2.961473 | lrm: 0.64 | dt: 2014.01ms | tok/sec: 260,320 | bf16_mfu: 0.00 | epoch: 1 pq: 17 rg: 48 | total time: 49.90m | eta: 34.4m
step 01497/02520 (59.40%) | loss: 2.955956 | lrm: 0.64 | dt: 2012.69ms | tok/sec: 260,491 | bf16_mfu: 0.00 | epoch: 1 pq: 17 rg: 49 | total time: 49.94m | eta: 34.4m
step 01498/02520 (59.44%) | loss: 2.955209 | lrm: 0.64 | dt: 2013.35ms | tok/sec: 260,406 | bf16_mfu: 0.00 | epoch: 1 pq: 17 rg: 50 | total time: 49.97m | eta: 34.3m
step 01499/02520 (59.48%) | loss: 2.945283 | lrm: 0.64 | dt: 2012.67ms | tok/sec: 260,494 | bf16_mfu: 0.00 | epoch: 1 pq: 17 rg: 51 | total time: 50.00m | eta: 34.3m
Step 01500 | Validation bpb: 0.904611
step 01500/02520 (59.52%) | loss: 2.958001 | lrm: 0.64 | dt: 1997.34ms | tok/sec: 262,493 | bf16_mfu: 0.00 | epoch: 1 pq: 17 rg: 52 | total time: 50.04m | eta: 34.3m
step 01501/02520 (59.56%) | loss: 2.965194 | lrm: 0.64 | dt: 1999.50ms | tok/sec: 262,209 | bf16_mfu: 0.00 | epoch: 1 pq: 17 rg: 53 | total time: 50.07m | eta: 34.2m
step 01502/02520 (59.60%) | loss: 2.972716 | lrm: 0.64 | dt: 1998.78ms | tok/sec: 262,304 | bf16_mfu: 0.00 | epoch: 1 pq: 17 rg: 54 | total time: 50.10m | eta: 34.2m
step 01503/02520 (59.64%) | loss: 2.962983 | lrm: 0.64 | dt: 2001.04ms | tok/sec: 262,007 | bf16_mfu: 0.00 | epoch: 1 pq: 17 rg: 55 | total time: 50.14m | eta: 34.2m
step 01504/02520 (59.68%) | loss: 2.966066 | lrm: 0.64 | dt: 2002.11ms | tok/sec: 261,868 | bf16_mfu: 0.00 | epoch: 1 pq: 17 rg: 56 | total time: 50.17m | eta: 34.1m
step 01505/02520 (59.72%) | loss: 2.970257 | lrm: 0.64 | dt: 1999.46ms | tok/sec: 262,215 | bf16_mfu: 0.00 | epoch: 1 pq: 17 rg: 57 | total time: 50.20m | eta: 34.1m
step 01506/02520 (59.76%) | loss: 2.976412 | lrm: 0.64 | dt: 2000.23ms | tok/sec: 262,114 | bf16_mfu: 0.00 | epoch: 1 pq: 17 rg: 58 | total time: 50.24m | eta: 34.1m
step 01507/02520 (59.80%) | loss: 2.978706 | lrm: 0.64 | dt: 1999.75ms | tok/sec: 262,176 | bf16_mfu: 0.00 | epoch: 1 pq: 17 rg: 59 | total time: 50.27m | eta: 34.0m
step 01508/02520 (59.84%) | loss: 2.969682 | lrm: 0.64 | dt: 1999.86ms | tok/sec: 262,161 | bf16_mfu: 0.00 | epoch: 1 pq: 17 rg: 60 | total time: 50.30m | eta: 34.0m
step 01509/02520 (59.88%) | loss: 2.979303 | lrm: 0.64 | dt: 2000.23ms | tok/sec: 262,113 | bf16_mfu: 0.00 | epoch: 1 pq: 17 rg: 60 | total time: 50.34m | eta: 34.0m
step 01510/02520 (59.92%) | loss: 2.989181 | lrm: 0.64 | dt: 2000.42ms | tok/sec: 262,089 | bf16_mfu: 0.00 | epoch: 1 pq: 17 rg: 61 | total time: 50.37m | eta: 33.9m
step 01511/02520 (59.96%) | loss: 2.988447 | lrm: 0.64 | dt: 2001.81ms | tok/sec: 261,907 | bf16_mfu: 0.00 | epoch: 1 pq: 17 rg: 62 | total time: 50.40m | eta: 33.9m
step 01512/02520 (60.00%) | loss: 2.981896 | lrm: 0.63 | dt: 2006.48ms | tok/sec: 261,296 | bf16_mfu: 0.00 | epoch: 1 pq: 17 rg: 63 | total time: 50.44m | eta: 33.8m
step 01513/02520 (60.04%) | loss: 2.979316 | lrm: 0.63 | dt: 2005.72ms | tok/sec: 261,396 | bf16_mfu: 0.00 | epoch: 1 pq: 17 rg: 64 | total time: 50.47m | eta: 33.8m
step 01514/02520 (60.08%) | loss: 2.973541 | lrm: 0.63 | dt: 2005.60ms | tok/sec: 261,412 | bf16_mfu: 0.00 | epoch: 1 pq: 17 rg: 65 | total time: 50.50m | eta: 33.8m
step 01515/02520 (60.12%) | loss: 2.971858 | lrm: 0.63 | dt: 2005.25ms | tok/sec: 261,458 | bf16_mfu: 0.00 | epoch: 1 pq: 17 rg: 66 | total time: 50.54m | eta: 33.7m
step 01516/02520 (60.16%) | loss: 2.963137 | lrm: 0.63 | dt: 2006.08ms | tok/sec: 261,349 | bf16_mfu: 0.00 | epoch: 1 pq: 17 rg: 67 | total time: 50.57m | eta: 33.7m
step 01517/02520 (60.20%) | loss: 2.955598 | lrm: 0.63 | dt: 2002.88ms | tok/sec: 261,767 | bf16_mfu: 0.00 | epoch: 1 pq: 17 rg: 68 | total time: 50.60m | eta: 33.7m
step 01518/02520 (60.24%) | loss: 2.954601 | lrm: 0.63 | dt: 2004.09ms | tok/sec: 261,608 | bf16_mfu: 0.00 | epoch: 1 pq: 17 rg: 69 | total time: 50.64m | eta: 33.6m
step 01519/02520 (60.28%) | loss: 2.962947 | lrm: 0.63 | dt: 2004.50ms | tok/sec: 261,555 | bf16_mfu: 0.00 | epoch: 1 pq: 17 rg: 70 | total time: 50.67m | eta: 33.6m
step 01520/02520 (60.32%) | loss: 2.959854 | lrm: 0.63 | dt: 2006.81ms | tok/sec: 261,253 | bf16_mfu: 0.00 | epoch: 1 pq: 17 rg: 71 | total time: 50.71m | eta: 33.6m
step 01521/02520 (60.36%) | loss: 2.965390 | lrm: 0.63 | dt: 2003.72ms | tok/sec: 261,657 | bf16_mfu: 0.00 | epoch: 1 pq: 17 rg: 72 | total time: 50.74m | eta: 33.5m
step 01522/02520 (60.40%) | loss: 2.961165 | lrm: 0.63 | dt: 2005.31ms | tok/sec: 261,450 | bf16_mfu: 0.00 | epoch: 1 pq: 17 rg: 73 | total time: 50.77m | eta: 33.5m
step 01523/02520 (60.44%) | loss: 2.960946 | lrm: 0.63 | dt: 2006.94ms | tok/sec: 261,237 | bf16_mfu: 0.00 | epoch: 1 pq: 17 rg: 74 | total time: 50.81m | eta: 33.5m
step 01524/02520 (60.48%) | loss: 2.966669 | lrm: 0.63 | dt: 2007.76ms | tok/sec: 261,130 | bf16_mfu: 0.00 | epoch: 1 pq: 17 rg: 75 | total time: 50.84m | eta: 33.4m
step 01525/02520 (60.52%) | loss: 2.955743 | lrm: 0.63 | dt: 2005.00ms | tok/sec: 261,490 | bf16_mfu: 0.00 | epoch: 1 pq: 17 rg: 76 | total time: 50.87m | eta: 33.4m
step 01526/02520 (60.56%) | loss: 2.954202 | lrm: 0.63 | dt: 2004.94ms | tok/sec: 261,498 | bf16_mfu: 0.00 | epoch: 1 pq: 17 rg: 77 | total time: 50.91m | eta: 33.4m
step 01527/02520 (60.60%) | loss: 2.965038 | lrm: 0.63 | dt: 2006.21ms | tok/sec: 261,332 | bf16_mfu: 0.00 | epoch: 1 pq: 17 rg: 78 | total time: 50.94m | eta: 33.3m
step 01528/02520 (60.63%) | loss: 2.970292 | lrm: 0.63 | dt: 2005.82ms | tok/sec: 261,383 | bf16_mfu: 0.00 | epoch: 1 pq: 17 rg: 79 | total time: 50.97m | eta: 33.3m
step 01529/02520 (60.67%) | loss: 2.973673 | lrm: 0.62 | dt: 2005.65ms | tok/sec: 261,405 | bf16_mfu: 0.00 | epoch: 1 pq: 17 rg: 80 | total time: 51.01m | eta: 33.3m
step 01530/02520 (60.71%) | loss: 2.974748 | lrm: 0.62 | dt: 2005.57ms | tok/sec: 261,415 | bf16_mfu: 0.00 | epoch: 1 pq: 17 rg: 81 | total time: 51.04m | eta: 33.2m
step 01531/02520 (60.75%) | loss: 2.984941 | lrm: 0.62 | dt: 2007.69ms | tok/sec: 261,139 | bf16_mfu: 0.00 | epoch: 1 pq: 17 rg: 82 | total time: 51.07m | eta: 33.2m
step 01532/02520 (60.79%) | loss: 2.988200 | lrm: 0.62 | dt: 2004.32ms | tok/sec: 261,579 | bf16_mfu: 0.00 | epoch: 1 pq: 18 rg: 0 | total time: 51.11m | eta: 33.2m
step 01533/02520 (60.83%) | loss: 2.984451 | lrm: 0.62 | dt: 2007.07ms | tok/sec: 261,219 | bf16_mfu: 0.00 | epoch: 1 pq: 18 rg: 1 | total time: 51.14m | eta: 33.1m
step 01534/02520 (60.87%) | loss: 2.987487 | lrm: 0.62 | dt: 2005.82ms | tok/sec: 261,383 | bf16_mfu: 0.00 | epoch: 1 pq: 18 rg: 2 | total time: 51.17m | eta: 33.1m
step 01535/02520 (60.91%) | loss: 2.992389 | lrm: 0.62 | dt: 2007.58ms | tok/sec: 261,154 | bf16_mfu: 0.00 | epoch: 1 pq: 18 rg: 2 | total time: 51.21m | eta: 33.1m
step 01536/02520 (60.95%) | loss: 2.984651 | lrm: 0.62 | dt: 2007.14ms | tok/sec: 261,211 | bf16_mfu: 0.00 | epoch: 1 pq: 18 rg: 3 | total time: 51.24m | eta: 33.0m
step 01537/02520 (60.99%) | loss: 2.973299 | lrm: 0.62 | dt: 2007.77ms | tok/sec: 261,129 | bf16_mfu: 0.00 | epoch: 1 pq: 18 rg: 4 | total time: 51.27m | eta: 33.0m
step 01538/02520 (61.03%) | loss: 2.974031 | lrm: 0.62 | dt: 2010.16ms | tok/sec: 260,819 | bf16_mfu: 0.00 | epoch: 1 pq: 18 rg: 5 | total time: 51.31m | eta: 33.0m
step 01539/02520 (61.07%) | loss: 2.976628 | lrm: 0.62 | dt: 2006.57ms | tok/sec: 261,285 | bf16_mfu: 0.00 | epoch: 1 pq: 18 rg: 6 | total time: 51.34m | eta: 32.9m
step 01540/02520 (61.11%) | loss: 2.979855 | lrm: 0.62 | dt: 2007.10ms | tok/sec: 261,217 | bf16_mfu: 0.00 | epoch: 1 pq: 18 rg: 7 | total time: 51.37m | eta: 32.9m
step 01541/02520 (61.15%) | loss: 2.966068 | lrm: 0.62 | dt: 2008.27ms | tok/sec: 261,064 | bf16_mfu: 0.00 | epoch: 1 pq: 18 rg: 8 | total time: 51.41m | eta: 32.9m
step 01542/02520 (61.19%) | loss: 2.959959 | lrm: 0.62 | dt: 2009.82ms | tok/sec: 260,863 | bf16_mfu: 0.00 | epoch: 1 pq: 18 rg: 9 | total time: 51.44m | eta: 32.8m
step 01543/02520 (61.23%) | loss: 2.956062 | lrm: 0.62 | dt: 2009.88ms | tok/sec: 260,854 | bf16_mfu: 0.00 | epoch: 1 pq: 18 rg: 10 | total time: 51.47m | eta: 32.8m
step 01544/02520 (61.27%) | loss: 2.943897 | lrm: 0.62 | dt: 2010.66ms | tok/sec: 260,753 | bf16_mfu: 0.00 | epoch: 1 pq: 18 rg: 11 | total time: 51.51m | eta: 32.8m
step 01545/02520 (61.31%) | loss: 2.953622 | lrm: 0.62 | dt: 2011.39ms | tok/sec: 260,659 | bf16_mfu: 0.00 | epoch: 1 pq: 18 rg: 12 | total time: 51.54m | eta: 32.7m
step 01546/02520 (61.35%) | loss: 2.955344 | lrm: 0.61 | dt: 2008.76ms | tok/sec: 261,000 | bf16_mfu: 0.00 | epoch: 1 pq: 18 rg: 13 | total time: 51.57m | eta: 32.7m
step 01547/02520 (61.39%) | loss: 2.958269 | lrm: 0.61 | dt: 2010.80ms | tok/sec: 260,736 | bf16_mfu: 0.00 | epoch: 1 pq: 18 rg: 14 | total time: 51.61m | eta: 32.7m
step 01548/02520 (61.43%) | loss: 2.962940 | lrm: 0.61 | dt: 2009.86ms | tok/sec: 260,858 | bf16_mfu: 0.00 | epoch: 1 pq: 18 rg: 15 | total time: 51.64m | eta: 32.6m
step 01549/02520 (61.47%) | loss: 2.966103 | lrm: 0.61 | dt: 2010.74ms | tok/sec: 260,743 | bf16_mfu: 0.00 | epoch: 1 pq: 18 rg: 16 | total time: 51.68m | eta: 32.6m
step 01550/02520 (61.51%) | loss: 2.979340 | lrm: 0.61 | dt: 2009.17ms | tok/sec: 260,947 | bf16_mfu: 0.00 | epoch: 1 pq: 18 rg: 17 | total time: 51.71m | eta: 32.6m
step 01551/02520 (61.55%) | loss: 2.984450 | lrm: 0.61 | dt: 2010.11ms | tok/sec: 260,825 | bf16_mfu: 0.00 | epoch: 1 pq: 18 rg: 18 | total time: 51.74m | eta: 32.5m
step 01552/02520 (61.59%) | loss: 2.975364 | lrm: 0.61 | dt: 2011.53ms | tok/sec: 260,641 | bf16_mfu: 0.00 | epoch: 1 pq: 18 rg: 19 | total time: 51.78m | eta: 32.5m
step 01553/02520 (61.63%) | loss: 2.981737 | lrm: 0.61 | dt: 2009.78ms | tok/sec: 260,867 | bf16_mfu: 0.00 | epoch: 1 pq: 18 rg: 20 | total time: 51.81m | eta: 32.5m
step 01554/02520 (61.67%) | loss: 2.974281 | lrm: 0.61 | dt: 2010.21ms | tok/sec: 260,812 | bf16_mfu: 0.00 | epoch: 1 pq: 18 rg: 21 | total time: 51.84m | eta: 32.4m
step 01555/02520 (61.71%) | loss: 2.970197 | lrm: 0.61 | dt: 2011.02ms | tok/sec: 260,707 | bf16_mfu: 0.00 | epoch: 1 pq: 18 rg: 22 | total time: 51.88m | eta: 32.4m
step 01556/02520 (61.75%) | loss: 2.979691 | lrm: 0.61 | dt: 2008.26ms | tok/sec: 261,066 | bf16_mfu: 0.00 | epoch: 1 pq: 18 rg: 23 | total time: 51.91m | eta: 32.4m
step 01557/02520 (61.79%) | loss: 2.975511 | lrm: 0.61 | dt: 2010.24ms | tok/sec: 260,808 | bf16_mfu: 0.00 | epoch: 1 pq: 18 rg: 24 | total time: 51.94m | eta: 32.3m
step 01558/02520 (61.83%) | loss: 2.965948 | lrm: 0.61 | dt: 2010.09ms | tok/sec: 260,827 | bf16_mfu: 0.00 | epoch: 1 pq: 18 rg: 25 | total time: 51.98m | eta: 32.3m
step 01559/02520 (61.87%) | loss: 2.971484 | lrm: 0.61 | dt: 2010.54ms | tok/sec: 260,769 | bf16_mfu: 0.00 | epoch: 1 pq: 18 rg: 26 | total time: 52.01m | eta: 32.3m
step 01560/02520 (61.90%) | loss: 2.967240 | lrm: 0.61 | dt: 2010.82ms | tok/sec: 260,733 | bf16_mfu: 0.00 | epoch: 1 pq: 18 rg: 27 | total time: 52.04m | eta: 32.2m
step 01561/02520 (61.94%) | loss: 2.965513 | lrm: 0.61 | dt: 2010.56ms | tok/sec: 260,767 | bf16_mfu: 0.00 | epoch: 1 pq: 18 rg: 28 | total time: 52.08m | eta: 32.2m
step 01562/02520 (61.98%) | loss: 2.959174 | lrm: 0.61 | dt: 2013.81ms | tok/sec: 260,346 | bf16_mfu: 0.00 | epoch: 1 pq: 18 rg: 29 | total time: 52.11m | eta: 32.2m
step 01563/02520 (62.02%) | loss: 2.966219 | lrm: 0.61 | dt: 2011.93ms | tok/sec: 260,590 | bf16_mfu: 0.00 | epoch: 1 pq: 18 rg: 30 | total time: 52.14m | eta: 32.1m
step 01564/02520 (62.06%) | loss: 2.965933 | lrm: 0.60 | dt: 2013.38ms | tok/sec: 260,401 | bf16_mfu: 0.00 | epoch: 1 pq: 18 rg: 31 | total time: 52.18m | eta: 32.1m
step 01565/02520 (62.10%) | loss: 2.963224 | lrm: 0.60 | dt: 2012.68ms | tok/sec: 260,492 | bf16_mfu: 0.00 | epoch: 1 pq: 18 rg: 32 | total time: 52.21m | eta: 32.1m
step 01566/02520 (62.14%) | loss: 2.975881 | lrm: 0.60 | dt: 2011.44ms | tok/sec: 260,652 | bf16_mfu: 0.00 | epoch: 1 pq: 18 rg: 32 | total time: 52.25m | eta: 32.0m
step 01567/02520 (62.18%) | loss: 2.979260 | lrm: 0.60 | dt: 2011.68ms | tok/sec: 260,622 | bf16_mfu: 0.00 | epoch: 1 pq: 18 rg: 33 | total time: 52.28m | eta: 32.0m
step 01568/02520 (62.22%) | loss: 2.974412 | lrm: 0.60 | dt: 2010.56ms | tok/sec: 260,767 | bf16_mfu: 0.00 | epoch: 1 pq: 18 rg: 34 | total time: 52.31m | eta: 32.0m
step 01569/02520 (62.26%) | loss: 2.969779 | lrm: 0.60 | dt: 2010.51ms | tok/sec: 260,773 | bf16_mfu: 0.00 | epoch: 1 pq: 18 rg: 35 | total time: 52.35m | eta: 31.9m
step 01570/02520 (62.30%) | loss: 2.973006 | lrm: 0.60 | dt: 2010.94ms | tok/sec: 260,717 | bf16_mfu: 0.00 | epoch: 1 pq: 18 rg: 36 | total time: 52.38m | eta: 31.9m
step 01571/02520 (62.34%) | loss: 2.978011 | lrm: 0.60 | dt: 2011.10ms | tok/sec: 260,697 | bf16_mfu: 0.00 | epoch: 1 pq: 18 rg: 37 | total time: 52.41m | eta: 31.9m
step 01572/02520 (62.38%) | loss: 2.967156 | lrm: 0.60 | dt: 2011.13ms | tok/sec: 260,693 | bf16_mfu: 0.00 | epoch: 1 pq: 18 rg: 38 | total time: 52.45m | eta: 31.8m
step 01573/02520 (62.42%) | loss: 2.971626 | lrm: 0.60 | dt: 2012.53ms | tok/sec: 260,511 | bf16_mfu: 0.00 | epoch: 1 pq: 18 rg: 39 | total time: 52.48m | eta: 31.8m
step 01574/02520 (62.46%) | loss: 2.973852 | lrm: 0.60 | dt: 2011.70ms | tok/sec: 260,619 | bf16_mfu: 0.00 | epoch: 1 pq: 18 rg: 40 | total time: 52.51m | eta: 31.8m
step 01575/02520 (62.50%) | loss: 2.967292 | lrm: 0.60 | dt: 2013.14ms | tok/sec: 260,433 | bf16_mfu: 0.00 | epoch: 1 pq: 18 rg: 41 | total time: 52.55m | eta: 31.7m
step 01576/02520 (62.54%) | loss: 2.962714 | lrm: 0.60 | dt: 2010.20ms | tok/sec: 260,814 | bf16_mfu: 0.00 | epoch: 1 pq: 18 rg: 42 | total time: 52.58m | eta: 31.7m
step 01577/02520 (62.58%) | loss: 2.950713 | lrm: 0.60 | dt: 2012.39ms | tok/sec: 260,530 | bf16_mfu: 0.00 | epoch: 1 pq: 18 rg: 43 | total time: 52.61m | eta: 31.7m
step 01578/02520 (62.62%) | loss: 2.949010 | lrm: 0.60 | dt: 2011.79ms | tok/sec: 260,607 | bf16_mfu: 0.00 | epoch: 1 pq: 18 rg: 44 | total time: 52.65m | eta: 31.6m
step 01579/02520 (62.66%) | loss: 2.962702 | lrm: 0.60 | dt: 2010.77ms | tok/sec: 260,739 | bf16_mfu: 0.00 | epoch: 1 pq: 18 rg: 45 | total time: 52.68m | eta: 31.6m
step 01580/02520 (62.70%) | loss: 2.973407 | lrm: 0.60 | dt: 2011.66ms | tok/sec: 260,625 | bf16_mfu: 0.00 | epoch: 1 pq: 18 rg: 46 | total time: 52.71m | eta: 31.6m
step 01581/02520 (62.74%) | loss: 2.950171 | lrm: 0.59 | dt: 2011.41ms | tok/sec: 260,657 | bf16_mfu: 0.00 | epoch: 1 pq: 18 rg: 47 | total time: 52.75m | eta: 31.5m
step 01582/02520 (62.78%) | loss: 2.938340 | lrm: 0.59 | dt: 2010.78ms | tok/sec: 260,738 | bf16_mfu: 0.00 | epoch: 1 pq: 18 rg: 48 | total time: 52.78m | eta: 31.5m
step 01583/02520 (62.82%) | loss: 2.948576 | lrm: 0.59 | dt: 2010.53ms | tok/sec: 260,770 | bf16_mfu: 0.00 | epoch: 1 pq: 18 rg: 49 | total time: 52.82m | eta: 31.5m
step 01584/02520 (62.86%) | loss: 2.949402 | lrm: 0.59 | dt: 2012.25ms | tok/sec: 260,547 | bf16_mfu: 0.00 | epoch: 1 pq: 18 rg: 50 | total time: 52.85m | eta: 31.4m
step 01585/02520 (62.90%) | loss: 2.953712 | lrm: 0.59 | dt: 2012.80ms | tok/sec: 260,477 | bf16_mfu: 0.00 | epoch: 1 pq: 18 rg: 51 | total time: 52.88m | eta: 31.4m
step 01586/02520 (62.94%) | loss: 2.961018 | lrm: 0.59 | dt: 2012.36ms | tok/sec: 260,533 | bf16_mfu: 0.00 | epoch: 1 pq: 18 rg: 52 | total time: 52.92m | eta: 31.4m
step 01587/02520 (62.98%) | loss: 2.972279 | lrm: 0.59 | dt: 2011.63ms | tok/sec: 260,628 | bf16_mfu: 0.00 | epoch: 1 pq: 18 rg: 53 | total time: 52.95m | eta: 31.3m
step 01588/02520 (63.02%) | loss: 2.962202 | lrm: 0.59 | dt: 2011.37ms | tok/sec: 260,662 | bf16_mfu: 0.00 | epoch: 1 pq: 18 rg: 54 | total time: 52.98m | eta: 31.3m
step 01589/02520 (63.06%) | loss: 2.957609 | lrm: 0.59 | dt: 2011.70ms | tok/sec: 260,619 | bf16_mfu: 0.00 | epoch: 1 pq: 18 rg: 55 | total time: 53.02m | eta: 31.3m
step 01590/02520 (63.10%) | loss: 2.957567 | lrm: 0.59 | dt: 2012.53ms | tok/sec: 260,512 | bf16_mfu: 0.00 | epoch: 1 pq: 18 rg: 56 | total time: 53.05m | eta: 31.2m
step 01591/02520 (63.13%) | loss: 2.945783 | lrm: 0.59 | dt: 2011.63ms | tok/sec: 260,628 | bf16_mfu: 0.00 | epoch: 1 pq: 18 rg: 57 | total time: 53.08m | eta: 31.2m
step 01592/02520 (63.17%) | loss: 2.928712 | lrm: 0.59 | dt: 2012.29ms | tok/sec: 260,542 | bf16_mfu: 0.00 | epoch: 1 pq: 18 rg: 58 | total time: 53.12m | eta: 31.2m
step 01593/02520 (63.21%) | loss: 2.949047 | lrm: 0.59 | dt: 2013.61ms | tok/sec: 260,371 | bf16_mfu: 0.00 | epoch: 1 pq: 18 rg: 59 | total time: 53.15m | eta: 31.1m
step 01594/02520 (63.25%) | loss: 2.950324 | lrm: 0.59 | dt: 2013.64ms | tok/sec: 260,368 | bf16_mfu: 0.00 | epoch: 1 pq: 18 rg: 60 | total time: 53.18m | eta: 31.1m
step 01595/02520 (63.29%) | loss: 2.941360 | lrm: 0.59 | dt: 2013.19ms | tok/sec: 260,426 | bf16_mfu: 0.00 | epoch: 1 pq: 18 rg: 61 | total time: 53.22m | eta: 31.1m
step 01596/02520 (63.33%) | loss: 2.954957 | lrm: 0.59 | dt: 2012.92ms | tok/sec: 260,460 | bf16_mfu: 0.00 | epoch: 1 pq: 18 rg: 62 | total time: 53.25m | eta: 31.0m
step 01597/02520 (63.37%) | loss: 2.956104 | lrm: 0.59 | dt: 2013.85ms | tok/sec: 260,340 | bf16_mfu: 0.00 | epoch: 1 pq: 18 rg: 63 | total time: 53.28m | eta: 31.0m
step 01598/02520 (63.41%) | loss: 2.957753 | lrm: 0.58 | dt: 2012.26ms | tok/sec: 260,546 | bf16_mfu: 0.00 | epoch: 1 pq: 18 rg: 64 | total time: 53.32m | eta: 31.0m
step 01599/02520 (63.45%) | loss: 2.947537 | lrm: 0.58 | dt: 2011.62ms | tok/sec: 260,629 | bf16_mfu: 0.00 | epoch: 1 pq: 18 rg: 65 | total time: 53.35m | eta: 30.9m
step 01600/02520 (63.49%) | loss: 2.950231 | lrm: 0.58 | dt: 2010.51ms | tok/sec: 260,773 | bf16_mfu: 0.00 | epoch: 1 pq: 18 rg: 66 | total time: 53.39m | eta: 30.9m
step 01601/02520 (63.53%) | loss: 2.940653 | lrm: 0.58 | dt: 2013.85ms | tok/sec: 260,340 | bf16_mfu: 0.00 | epoch: 1 pq: 18 rg: 66 | total time: 53.42m | eta: 30.9m
step 01602/02520 (63.57%) | loss: 2.925990 | lrm: 0.58 | dt: 2013.28ms | tok/sec: 260,414 | bf16_mfu: 0.00 | epoch: 1 pq: 18 rg: 67 | total time: 53.45m | eta: 30.8m
step 01603/02520 (63.61%) | loss: 2.936997 | lrm: 0.58 | dt: 2011.78ms | tok/sec: 260,609 | bf16_mfu: 0.00 | epoch: 1 pq: 18 rg: 68 | total time: 53.49m | eta: 30.8m
step 01604/02520 (63.65%) | loss: 2.944667 | lrm: 0.58 | dt: 2012.85ms | tok/sec: 260,470 | bf16_mfu: 0.00 | epoch: 1 pq: 18 rg: 69 | total time: 53.52m | eta: 30.8m
step 01605/02520 (63.69%) | loss: 2.945189 | lrm: 0.58 | dt: 2012.37ms | tok/sec: 260,532 | bf16_mfu: 0.00 | epoch: 1 pq: 18 rg: 70 | total time: 53.55m | eta: 30.7m
step 01606/02520 (63.73%) | loss: 2.958087 | lrm: 0.58 | dt: 2011.18ms | tok/sec: 260,686 | bf16_mfu: 0.00 | epoch: 1 pq: 18 rg: 71 | total time: 53.59m | eta: 30.7m
step 01607/02520 (63.77%) | loss: 2.970256 | lrm: 0.58 | dt: 2011.99ms | tok/sec: 260,581 | bf16_mfu: 0.00 | epoch: 1 pq: 18 rg: 72 | total time: 53.62m | eta: 30.7m
step 01608/02520 (63.81%) | loss: 2.962369 | lrm: 0.58 | dt: 2013.32ms | tok/sec: 260,409 | bf16_mfu: 0.00 | epoch: 1 pq: 18 rg: 73 | total time: 53.65m | eta: 30.6m
step 01609/02520 (63.85%) | loss: 2.970366 | lrm: 0.58 | dt: 2012.79ms | tok/sec: 260,477 | bf16_mfu: 0.00 | epoch: 1 pq: 18 rg: 74 | total time: 53.69m | eta: 30.6m
step 01610/02520 (63.89%) | loss: 2.962974 | lrm: 0.58 | dt: 2013.43ms | tok/sec: 260,394 | bf16_mfu: 0.00 | epoch: 1 pq: 18 rg: 75 | total time: 53.72m | eta: 30.6m
step 01611/02520 (63.93%) | loss: 2.968146 | lrm: 0.58 | dt: 2012.97ms | tok/sec: 260,454 | bf16_mfu: 0.00 | epoch: 1 pq: 18 rg: 76 | total time: 53.75m | eta: 30.5m
step 01612/02520 (63.97%) | loss: 2.953206 | lrm: 0.58 | dt: 2013.63ms | tok/sec: 260,369 | bf16_mfu: 0.00 | epoch: 1 pq: 18 rg: 77 | total time: 53.79m | eta: 30.5m
step 01613/02520 (64.01%) | loss: 2.950185 | lrm: 0.58 | dt: 2013.44ms | tok/sec: 260,394 | bf16_mfu: 0.00 | epoch: 1 pq: 18 rg: 78 | total time: 53.82m | eta: 30.5m
step 01614/02520 (64.05%) | loss: 2.949829 | lrm: 0.58 | dt: 2014.58ms | tok/sec: 260,246 | bf16_mfu: 0.00 | epoch: 1 pq: 18 rg: 79 | total time: 53.86m | eta: 30.4m
step 01615/02520 (64.09%) | loss: 2.940910 | lrm: 0.57 | dt: 2013.27ms | tok/sec: 260,416 | bf16_mfu: 0.00 | epoch: 1 pq: 18 rg: 80 | total time: 53.89m | eta: 30.4m
step 01616/02520 (64.13%) | loss: 2.946160 | lrm: 0.57 | dt: 2013.56ms | tok/sec: 260,378 | bf16_mfu: 0.00 | epoch: 1 pq: 18 rg: 81 | total time: 53.92m | eta: 30.4m
step 01617/02520 (64.17%) | loss: 2.949640 | lrm: 0.57 | dt: 2015.43ms | tok/sec: 260,136 | bf16_mfu: 0.00 | epoch: 1 pq: 18 rg: 82 | total time: 53.96m | eta: 30.3m
step 01618/02520 (64.21%) | loss: 2.948717 | lrm: 0.57 | dt: 2014.33ms | tok/sec: 260,279 | bf16_mfu: 0.00 | epoch: 1 pq: 19 rg: 0 | total time: 53.99m | eta: 30.3m
step 01619/02520 (64.25%) | loss: 2.940083 | lrm: 0.57 | dt: 2013.39ms | tok/sec: 260,401 | bf16_mfu: 0.00 | epoch: 1 pq: 19 rg: 1 | total time: 54.02m | eta: 30.3m
step 01620/02520 (64.29%) | loss: 2.922669 | lrm: 0.57 | dt: 2014.54ms | tok/sec: 260,251 | bf16_mfu: 0.00 | epoch: 1 pq: 19 rg: 2 | total time: 54.06m | eta: 30.2m
step 01621/02520 (64.33%) | loss: 2.911393 | lrm: 0.57 | dt: 2013.68ms | tok/sec: 260,362 | bf16_mfu: 0.00 | epoch: 1 pq: 19 rg: 3 | total time: 54.09m | eta: 30.2m
step 01622/02520 (64.37%) | loss: 2.917657 | lrm: 0.57 | dt: 2014.12ms | tok/sec: 260,305 | bf16_mfu: 0.00 | epoch: 1 pq: 19 rg: 4 | total time: 54.12m | eta: 30.2m
step 01623/02520 (64.40%) | loss: 2.923700 | lrm: 0.57 | dt: 2016.02ms | tok/sec: 260,061 | bf16_mfu: 0.00 | epoch: 1 pq: 19 rg: 5 | total time: 54.16m | eta: 30.1m
step 01624/02520 (64.44%) | loss: 2.928336 | lrm: 0.57 | dt: 2015.03ms | tok/sec: 260,188 | bf16_mfu: 0.00 | epoch: 1 pq: 19 rg: 6 | total time: 54.19m | eta: 30.1m
step 01625/02520 (64.48%) | loss: 2.925630 | lrm: 0.57 | dt: 2015.43ms | tok/sec: 260,136 | bf16_mfu: 0.00 | epoch: 1 pq: 19 rg: 7 | total time: 54.22m | eta: 30.1m
step 01626/02520 (64.52%) | loss: 2.916497 | lrm: 0.57 | dt: 2017.15ms | tok/sec: 259,914 | bf16_mfu: 0.00 | epoch: 1 pq: 19 rg: 8 | total time: 54.26m | eta: 30.0m
step 01627/02520 (64.56%) | loss: 2.915852 | lrm: 0.57 | dt: 2015.77ms | tok/sec: 260,093 | bf16_mfu: 0.00 | epoch: 1 pq: 19 rg: 9 | total time: 54.29m | eta: 30.0m
step 01628/02520 (64.60%) | loss: 2.915062 | lrm: 0.57 | dt: 2015.57ms | tok/sec: 260,119 | bf16_mfu: 0.00 | epoch: 1 pq: 19 rg: 10 | total time: 54.33m | eta: 29.9m
step 01629/02520 (64.64%) | loss: 2.911116 | lrm: 0.57 | dt: 2017.06ms | tok/sec: 259,927 | bf16_mfu: 0.00 | epoch: 1 pq: 19 rg: 11 | total time: 54.36m | eta: 29.9m
step 01630/02520 (64.68%) | loss: 2.915730 | lrm: 0.57 | dt: 2015.44ms | tok/sec: 260,136 | bf16_mfu: 0.00 | epoch: 1 pq: 19 rg: 12 | total time: 54.39m | eta: 29.9m
step 01631/02520 (64.72%) | loss: 2.913689 | lrm: 0.57 | dt: 2015.12ms | tok/sec: 260,177 | bf16_mfu: 0.00 | epoch: 1 pq: 19 rg: 13 | total time: 54.43m | eta: 29.8m
step 01632/02520 (64.76%) | loss: 2.907195 | lrm: 0.57 | dt: 2018.62ms | tok/sec: 259,725 | bf16_mfu: 0.00 | epoch: 1 pq: 19 rg: 14 | total time: 54.46m | eta: 29.8m
step 01633/02520 (64.80%) | loss: 2.910894 | lrm: 0.56 | dt: 2018.24ms | tok/sec: 259,774 | bf16_mfu: 0.00 | epoch: 1 pq: 19 rg: 15 | total time: 54.49m | eta: 29.8m
step 01634/02520 (64.84%) | loss: 2.916749 | lrm: 0.56 | dt: 2016.67ms | tok/sec: 259,977 | bf16_mfu: 0.00 | epoch: 1 pq: 19 rg: 16 | total time: 54.53m | eta: 29.7m
step 01635/02520 (64.88%) | loss: 2.916191 | lrm: 0.56 | dt: 2017.56ms | tok/sec: 259,862 | bf16_mfu: 0.00 | epoch: 1 pq: 19 rg: 17 | total time: 54.56m | eta: 29.7m
step 01636/02520 (64.92%) | loss: 2.927444 | lrm: 0.56 | dt: 2017.95ms | tok/sec: 259,812 | bf16_mfu: 0.00 | epoch: 1 pq: 19 rg: 18 | total time: 54.59m | eta: 29.7m
step 01637/02520 (64.96%) | loss: 2.922012 | lrm: 0.56 | dt: 2017.58ms | tok/sec: 259,860 | bf16_mfu: 0.00 | epoch: 1 pq: 19 rg: 19 | total time: 54.63m | eta: 29.6m
step 01638/02520 (65.00%) | loss: 2.931523 | lrm: 0.56 | dt: 2018.06ms | tok/sec: 259,798 | bf16_mfu: 0.00 | epoch: 1 pq: 19 rg: 20 | total time: 54.66m | eta: 29.6m
step 01639/02520 (65.04%) | loss: 2.942806 | lrm: 0.56 | dt: 2017.30ms | tok/sec: 259,895 | bf16_mfu: 0.00 | epoch: 1 pq: 19 rg: 21 | total time: 54.69m | eta: 29.6m
step 01640/02520 (65.08%) | loss: 2.936014 | lrm: 0.56 | dt: 2016.31ms | tok/sec: 260,023 | bf16_mfu: 0.00 | epoch: 1 pq: 19 rg: 22 | total time: 54.73m | eta: 29.5m
step 01641/02520 (65.12%) | loss: 2.936706 | lrm: 0.56 | dt: 2017.97ms | tok/sec: 259,809 | bf16_mfu: 0.00 | epoch: 1 pq: 19 rg: 23 | total time: 54.76m | eta: 29.5m
step 01642/02520 (65.16%) | loss: 2.942280 | lrm: 0.56 | dt: 2016.92ms | tok/sec: 259,945 | bf16_mfu: 0.00 | epoch: 1 pq: 19 rg: 23 | total time: 54.80m | eta: 29.5m
step 01643/02520 (65.20%) | loss: 2.939520 | lrm: 0.56 | dt: 2019.25ms | tok/sec: 259,645 | bf16_mfu: 0.00 | epoch: 1 pq: 19 rg: 24 | total time: 54.83m | eta: 29.4m
step 01644/02520 (65.24%) | loss: 2.933498 | lrm: 0.56 | dt: 2019.74ms | tok/sec: 259,581 | bf16_mfu: 0.00 | epoch: 1 pq: 19 rg: 25 | total time: 54.86m | eta: 29.4m
step 01645/02520 (65.28%) | loss: 2.926259 | lrm: 0.56 | dt: 2019.46ms | tok/sec: 259,617 | bf16_mfu: 0.00 | epoch: 1 pq: 19 rg: 26 | total time: 54.90m | eta: 29.4m
step 01646/02520 (65.32%) | loss: 2.920636 | lrm: 0.56 | dt: 2019.76ms | tok/sec: 259,579 | bf16_mfu: 0.00 | epoch: 1 pq: 19 rg: 27 | total time: 54.93m | eta: 29.3m
step 01647/02520 (65.36%) | loss: 2.930851 | lrm: 0.56 | dt: 2018.46ms | tok/sec: 259,746 | bf16_mfu: 0.00 | epoch: 1 pq: 19 rg: 28 | total time: 54.96m | eta: 29.3m
step 01648/02520 (65.40%) | loss: 2.932695 | lrm: 0.56 | dt: 2018.07ms | tok/sec: 259,796 | bf16_mfu: 0.00 | epoch: 1 pq: 19 rg: 29 | total time: 55.00m | eta: 29.3m
step 01649/02520 (65.44%) | loss: 2.939501 | lrm: 0.56 | dt: 2017.97ms | tok/sec: 259,809 | bf16_mfu: 0.00 | epoch: 1 pq: 19 rg: 30 | total time: 55.03m | eta: 29.2m
step 01650/02520 (65.48%) | loss: 2.949332 | lrm: 0.55 | dt: 2016.05ms | tok/sec: 260,056 | bf16_mfu: 0.00 | epoch: 1 pq: 19 rg: 31 | total time: 55.06m | eta: 29.2m
step 01651/02520 (65.52%) | loss: 2.949370 | lrm: 0.55 | dt: 2016.95ms | tok/sec: 259,940 | bf16_mfu: 0.00 | epoch: 1 pq: 19 rg: 32 | total time: 55.10m | eta: 29.2m
step 01652/02520 (65.56%) | loss: 2.954663 | lrm: 0.55 | dt: 2016.67ms | tok/sec: 259,977 | bf16_mfu: 0.00 | epoch: 1 pq: 19 rg: 33 | total time: 55.13m | eta: 29.1m
step 01653/02520 (65.60%) | loss: 2.962838 | lrm: 0.55 | dt: 2019.78ms | tok/sec: 259,577 | bf16_mfu: 0.00 | epoch: 1 pq: 19 rg: 34 | total time: 55.17m | eta: 29.1m
step 01654/02520 (65.63%) | loss: 2.959955 | lrm: 0.55 | dt: 2017.27ms | tok/sec: 259,899 | bf16_mfu: 0.00 | epoch: 1 pq: 19 rg: 35 | total time: 55.20m | eta: 29.1m
step 01655/02520 (65.67%) | loss: 2.958758 | lrm: 0.55 | dt: 2018.33ms | tok/sec: 259,763 | bf16_mfu: 0.00 | epoch: 1 pq: 19 rg: 36 | total time: 55.23m | eta: 29.0m
step 01656/02520 (65.71%) | loss: 2.955811 | lrm: 0.55 | dt: 2017.40ms | tok/sec: 259,883 | bf16_mfu: 0.00 | epoch: 1 pq: 19 rg: 37 | total time: 55.27m | eta: 29.0m
step 01657/02520 (65.75%) | loss: 2.951946 | lrm: 0.55 | dt: 2017.69ms | tok/sec: 259,845 | bf16_mfu: 0.00 | epoch: 1 pq: 19 rg: 38 | total time: 55.30m | eta: 29.0m
step 01658/02520 (65.79%) | loss: 2.938030 | lrm: 0.55 | dt: 2017.79ms | tok/sec: 259,832 | bf16_mfu: 0.00 | epoch: 1 pq: 19 rg: 39 | total time: 55.33m | eta: 28.9m
step 01659/02520 (65.83%) | loss: 2.923064 | lrm: 0.55 | dt: 2016.74ms | tok/sec: 259,968 | bf16_mfu: 0.00 | epoch: 1 pq: 19 rg: 40 | total time: 55.37m | eta: 28.9m
step 01660/02520 (65.87%) | loss: 2.924406 | lrm: 0.55 | dt: 2016.40ms | tok/sec: 260,012 | bf16_mfu: 0.00 | epoch: 1 pq: 19 rg: 41 | total time: 55.40m | eta: 28.9m
step 01661/02520 (65.91%) | loss: 2.912889 | lrm: 0.55 | dt: 2015.98ms | tok/sec: 260,066 | bf16_mfu: 0.00 | epoch: 1 pq: 19 rg: 42 | total time: 55.43m | eta: 28.8m
step 01662/02520 (65.95%) | loss: 2.917592 | lrm: 0.55 | dt: 2015.01ms | tok/sec: 260,191 | bf16_mfu: 0.00 | epoch: 1 pq: 19 rg: 43 | total time: 55.47m | eta: 28.8m
step 01663/02520 (65.99%) | loss: 2.915564 | lrm: 0.55 | dt: 2017.65ms | tok/sec: 259,850 | bf16_mfu: 0.00 | epoch: 1 pq: 19 rg: 44 | total time: 55.50m | eta: 28.8m
step 01664/02520 (66.03%) | loss: 2.935752 | lrm: 0.55 | dt: 2016.25ms | tok/sec: 260,031 | bf16_mfu: 0.00 | epoch: 1 pq: 19 rg: 45 | total time: 55.54m | eta: 28.7m
step 01665/02520 (66.07%) | loss: 2.929326 | lrm: 0.55 | dt: 2015.59ms | tok/sec: 260,116 | bf16_mfu: 0.00 | epoch: 1 pq: 19 rg: 46 | total time: 55.57m | eta: 28.7m
step 01666/02520 (66.11%) | loss: 2.928369 | lrm: 0.55 | dt: 2016.30ms | tok/sec: 260,024 | bf16_mfu: 0.00 | epoch: 1 pq: 19 rg: 47 | total time: 55.60m | eta: 28.7m
step 01667/02520 (66.15%) | loss: 2.936132 | lrm: 0.54 | dt: 2014.36ms | tok/sec: 260,275 | bf16_mfu: 0.00 | epoch: 1 pq: 19 rg: 48 | total time: 55.64m | eta: 28.6m
step 01668/02520 (66.19%) | loss: 2.934177 | lrm: 0.54 | dt: 2015.23ms | tok/sec: 260,162 | bf16_mfu: 0.00 | epoch: 1 pq: 19 rg: 49 | total time: 55.67m | eta: 28.6m
step 01669/02520 (66.23%) | loss: 2.937694 | lrm: 0.54 | dt: 2014.42ms | tok/sec: 260,267 | bf16_mfu: 0.00 | epoch: 1 pq: 19 rg: 50 | total time: 55.70m | eta: 28.6m
step 01670/02520 (66.27%) | loss: 2.931310 | lrm: 0.54 | dt: 2015.89ms | tok/sec: 260,078 | bf16_mfu: 0.00 | epoch: 1 pq: 19 rg: 50 | total time: 55.74m | eta: 28.5m
step 01671/02520 (66.31%) | loss: 2.931877 | lrm: 0.54 | dt: 2014.38ms | tok/sec: 260,272 | bf16_mfu: 0.00 | epoch: 1 pq: 19 rg: 51 | total time: 55.77m | eta: 28.5m
step 01672/02520 (66.35%) | loss: 2.928571 | lrm: 0.54 | dt: 2015.42ms | tok/sec: 260,137 | bf16_mfu: 0.00 | epoch: 1 pq: 19 rg: 52 | total time: 55.80m | eta: 28.5m
step 01673/02520 (66.39%) | loss: 2.930494 | lrm: 0.54 | dt: 2013.44ms | tok/sec: 260,394 | bf16_mfu: 0.00 | epoch: 1 pq: 19 rg: 53 | total time: 55.84m | eta: 28.4m
step 01674/02520 (66.43%) | loss: 2.931454 | lrm: 0.54 | dt: 2014.12ms | tok/sec: 260,306 | bf16_mfu: 0.00 | epoch: 1 pq: 19 rg: 54 | total time: 55.87m | eta: 28.4m
step 01675/02520 (66.47%) | loss: 2.933923 | lrm: 0.54 | dt: 2015.31ms | tok/sec: 260,151 | bf16_mfu: 0.00 | epoch: 1 pq: 19 rg: 55 | total time: 55.91m | eta: 28.4m
step 01676/02520 (66.51%) | loss: 2.934908 | lrm: 0.54 | dt: 2015.61ms | tok/sec: 260,113 | bf16_mfu: 0.00 | epoch: 1 pq: 19 rg: 56 | total time: 55.94m | eta: 28.3m
step 01677/02520 (66.55%) | loss: 2.935848 | lrm: 0.54 | dt: 2014.79ms | tok/sec: 260,219 | bf16_mfu: 0.00 | epoch: 1 pq: 19 rg: 57 | total time: 55.97m | eta: 28.3m
step 01678/02520 (66.59%) | loss: 2.934013 | lrm: 0.54 | dt: 2015.36ms | tok/sec: 260,146 | bf16_mfu: 0.00 | epoch: 1 pq: 19 rg: 58 | total time: 56.01m | eta: 28.3m
step 01679/02520 (66.63%) | loss: 2.932681 | lrm: 0.54 | dt: 2015.00ms | tok/sec: 260,192 | bf16_mfu: 0.00 | epoch: 1 pq: 19 rg: 59 | total time: 56.04m | eta: 28.2m
step 01680/02520 (66.67%) | loss: 2.936402 | lrm: 0.54 | dt: 2016.41ms | tok/sec: 260,010 | bf16_mfu: 0.00 | epoch: 1 pq: 19 rg: 60 | total time: 56.07m | eta: 28.2m
step 01681/02520 (66.71%) | loss: 2.923036 | lrm: 0.54 | dt: 2016.50ms | tok/sec: 259,998 | bf16_mfu: 0.00 | epoch: 1 pq: 19 rg: 61 | total time: 56.11m | eta: 28.2m
step 01682/02520 (66.75%) | loss: 2.907807 | lrm: 0.54 | dt: 2016.25ms | tok/sec: 260,030 | bf16_mfu: 0.00 | epoch: 1 pq: 19 rg: 62 | total time: 56.14m | eta: 28.1m
step 01683/02520 (66.79%) | loss: 2.904888 | lrm: 0.54 | dt: 2017.03ms | tok/sec: 259,930 | bf16_mfu: 0.00 | epoch: 1 pq: 19 rg: 63 | total time: 56.17m | eta: 28.1m
step 01684/02520 (66.83%) | loss: 2.893974 | lrm: 0.53 | dt: 2018.35ms | tok/sec: 259,760 | bf16_mfu: 0.00 | epoch: 1 pq: 19 rg: 64 | total time: 56.21m | eta: 28.1m
step 01685/02520 (66.87%) | loss: 2.895888 | lrm: 0.53 | dt: 2019.54ms | tok/sec: 259,607 | bf16_mfu: 0.00 | epoch: 1 pq: 19 rg: 65 | total time: 56.24m | eta: 28.0m
step 01686/02520 (66.90%) | loss: 2.895573 | lrm: 0.53 | dt: 2017.50ms | tok/sec: 259,869 | bf16_mfu: 0.00 | epoch: 1 pq: 19 rg: 66 | total time: 56.27m | eta: 28.0m
step 01687/02520 (66.94%) | loss: 2.907251 | lrm: 0.53 | dt: 2017.56ms | tok/sec: 259,861 | bf16_mfu: 0.00 | epoch: 1 pq: 19 rg: 67 | total time: 56.31m | eta: 28.0m
step 01688/02520 (66.98%) | loss: 2.912147 | lrm: 0.53 | dt: 2017.60ms | tok/sec: 259,857 | bf16_mfu: 0.00 | epoch: 1 pq: 19 rg: 68 | total time: 56.34m | eta: 27.9m
step 01689/02520 (67.02%) | loss: 2.914260 | lrm: 0.53 | dt: 2019.47ms | tok/sec: 259,616 | bf16_mfu: 0.00 | epoch: 1 pq: 19 rg: 69 | total time: 56.38m | eta: 27.9m
step 01690/02520 (67.06%) | loss: 2.916292 | lrm: 0.53 | dt: 2019.50ms | tok/sec: 259,613 | bf16_mfu: 0.00 | epoch: 1 pq: 19 rg: 70 | total time: 56.41m | eta: 27.9m
step 01691/02520 (67.10%) | loss: 2.911105 | lrm: 0.53 | dt: 2017.38ms | tok/sec: 259,885 | bf16_mfu: 0.00 | epoch: 1 pq: 19 rg: 71 | total time: 56.44m | eta: 27.8m
step 01692/02520 (67.14%) | loss: 2.910072 | lrm: 0.53 | dt: 2017.92ms | tok/sec: 259,815 | bf16_mfu: 0.00 | epoch: 1 pq: 19 rg: 72 | total time: 56.48m | eta: 27.8m
step 01693/02520 (67.18%) | loss: 2.892080 | lrm: 0.53 | dt: 2020.45ms | tok/sec: 259,490 | bf16_mfu: 0.00 | epoch: 1 pq: 19 rg: 73 | total time: 56.51m | eta: 27.8m
step 01694/02520 (67.22%) | loss: 2.894945 | lrm: 0.53 | dt: 2019.76ms | tok/sec: 259,579 | bf16_mfu: 0.00 | epoch: 1 pq: 19 rg: 74 | total time: 56.54m | eta: 27.7m
step 01695/02520 (67.26%) | loss: 2.877471 | lrm: 0.53 | dt: 2019.11ms | tok/sec: 259,662 | bf16_mfu: 0.00 | epoch: 1 pq: 19 rg: 75 | total time: 56.58m | eta: 27.7m
step 01696/02520 (67.30%) | loss: 2.877055 | lrm: 0.53 | dt: 2015.77ms | tok/sec: 260,092 | bf16_mfu: 0.00 | epoch: 1 pq: 19 rg: 76 | total time: 56.61m | eta: 27.7m
step 01697/02520 (67.34%) | loss: 2.878570 | lrm: 0.53 | dt: 2016.61ms | tok/sec: 259,984 | bf16_mfu: 0.00 | epoch: 1 pq: 19 rg: 77 | total time: 56.64m | eta: 27.6m
step 01698/02520 (67.38%) | loss: 2.883283 | lrm: 0.53 | dt: 2017.48ms | tok/sec: 259,873 | bf16_mfu: 0.00 | epoch: 1 pq: 19 rg: 78 | total time: 56.68m | eta: 27.6m
step 01699/02520 (67.42%) | loss: 2.887977 | lrm: 0.53 | dt: 2014.63ms | tok/sec: 260,240 | bf16_mfu: 0.00 | epoch: 1 pq: 19 rg: 79 | total time: 56.71m | eta: 27.6m
step 01700/02520 (67.46%) | loss: 2.901399 | lrm: 0.53 | dt: 2015.95ms | tok/sec: 260,070 | bf16_mfu: 0.00 | epoch: 1 pq: 19 rg: 80 | total time: 56.75m | eta: 27.5m
step 01701/02520 (67.50%) | loss: 2.907611 | lrm: 0.53 | dt: 2014.35ms | tok/sec: 260,276 | bf16_mfu: 0.00 | epoch: 1 pq: 19 rg: 80 | total time: 56.78m | eta: 27.5m
step 01702/02520 (67.54%) | loss: 2.906212 | lrm: 0.52 | dt: 2013.98ms | tok/sec: 260,324 | bf16_mfu: 0.00 | epoch: 1 pq: 19 rg: 81 | total time: 56.81m | eta: 27.5m
step 01703/02520 (67.58%) | loss: 2.902435 | lrm: 0.52 | dt: 2015.53ms | tok/sec: 260,124 | bf16_mfu: 0.00 | epoch: 1 pq: 20 rg: 0 | total time: 56.85m | eta: 27.4m
step 01704/02520 (67.62%) | loss: 2.916620 | lrm: 0.52 | dt: 2016.54ms | tok/sec: 259,994 | bf16_mfu: 0.00 | epoch: 1 pq: 20 rg: 1 | total time: 56.88m | eta: 27.4m
step 01705/02520 (67.66%) | loss: 2.932979 | lrm: 0.52 | dt: 2017.50ms | tok/sec: 259,870 | bf16_mfu: 0.00 | epoch: 1 pq: 20 rg: 2 | total time: 56.91m | eta: 27.4m
step 01706/02520 (67.70%) | loss: 2.923623 | lrm: 0.52 | dt: 2015.37ms | tok/sec: 260,145 | bf16_mfu: 0.00 | epoch: 1 pq: 20 rg: 3 | total time: 56.95m | eta: 27.3m
step 01707/02520 (67.74%) | loss: 2.917105 | lrm: 0.52 | dt: 2015.88ms | tok/sec: 260,079 | bf16_mfu: 0.00 | epoch: 1 pq: 20 rg: 4 | total time: 56.98m | eta: 27.3m
step 01708/02520 (67.78%) | loss: 2.915824 | lrm: 0.52 | dt: 2015.81ms | tok/sec: 260,087 | bf16_mfu: 0.00 | epoch: 1 pq: 20 rg: 5 | total time: 57.01m | eta: 27.3m
step 01709/02520 (67.82%) | loss: 2.920780 | lrm: 0.52 | dt: 2016.22ms | tok/sec: 260,035 | bf16_mfu: 0.00 | epoch: 1 pq: 20 rg: 6 | total time: 57.05m | eta: 27.2m
step 01710/02520 (67.86%) | loss: 2.908203 | lrm: 0.52 | dt: 2015.44ms | tok/sec: 260,135 | bf16_mfu: 0.00 | epoch: 1 pq: 20 rg: 7 | total time: 57.08m | eta: 27.2m
step 01711/02520 (67.90%) | loss: 2.915237 | lrm: 0.52 | dt: 2016.18ms | tok/sec: 260,040 | bf16_mfu: 0.00 | epoch: 1 pq: 20 rg: 8 | total time: 57.12m | eta: 27.2m
step 01712/02520 (67.94%) | loss: 2.906356 | lrm: 0.52 | dt: 2017.00ms | tok/sec: 259,934 | bf16_mfu: 0.00 | epoch: 1 pq: 20 rg: 9 | total time: 57.15m | eta: 27.1m
step 01713/02520 (67.98%) | loss: 2.911244 | lrm: 0.52 | dt: 2016.35ms | tok/sec: 260,018 | bf16_mfu: 0.00 | epoch: 1 pq: 20 rg: 10 | total time: 57.18m | eta: 27.1m
step 01714/02520 (68.02%) | loss: 2.913964 | lrm: 0.52 | dt: 2016.79ms | tok/sec: 259,961 | bf16_mfu: 0.00 | epoch: 1 pq: 20 rg: 11 | total time: 57.22m | eta: 27.1m
step 01715/02520 (68.06%) | loss: 2.924433 | lrm: 0.52 | dt: 2017.03ms | tok/sec: 259,931 | bf16_mfu: 0.00 | epoch: 1 pq: 20 rg: 12 | total time: 57.25m | eta: 27.0m
step 01716/02520 (68.10%) | loss: 2.919120 | lrm: 0.52 | dt: 2016.39ms | tok/sec: 260,012 | bf16_mfu: 0.00 | epoch: 1 pq: 20 rg: 13 | total time: 57.28m | eta: 27.0m
step 01717/02520 (68.13%) | loss: 2.912070 | lrm: 0.52 | dt: 2016.15ms | tok/sec: 260,044 | bf16_mfu: 0.00 | epoch: 1 pq: 20 rg: 14 | total time: 57.32m | eta: 27.0m
step 01718/02520 (68.17%) | loss: 2.906864 | lrm: 0.52 | dt: 2016.02ms | tok/sec: 260,061 | bf16_mfu: 0.00 | epoch: 1 pq: 20 rg: 15 | total time: 57.35m | eta: 26.9m
step 01719/02520 (68.21%) | loss: 2.906163 | lrm: 0.51 | dt: 2016.57ms | tok/sec: 259,989 | bf16_mfu: 0.00 | epoch: 1 pq: 20 rg: 16 | total time: 57.38m | eta: 26.9m
step 01720/02520 (68.25%) | loss: 2.910025 | lrm: 0.51 | dt: 2016.35ms | tok/sec: 260,017 | bf16_mfu: 0.00 | epoch: 1 pq: 20 rg: 17 | total time: 57.42m | eta: 26.9m
step 01721/02520 (68.29%) | loss: 2.908297 | lrm: 0.51 | dt: 2015.98ms | tok/sec: 260,065 | bf16_mfu: 0.00 | epoch: 1 pq: 20 rg: 18 | total time: 57.45m | eta: 26.8m
step 01722/02520 (68.33%) | loss: 2.913155 | lrm: 0.51 | dt: 2017.14ms | tok/sec: 259,916 | bf16_mfu: 0.00 | epoch: 1 pq: 20 rg: 19 | total time: 57.48m | eta: 26.8m
step 01723/02520 (68.37%) | loss: 2.917221 | lrm: 0.51 | dt: 2016.46ms | tok/sec: 260,004 | bf16_mfu: 0.00 | epoch: 1 pq: 20 rg: 20 | total time: 57.52m | eta: 26.8m
step 01724/02520 (68.41%) | loss: 2.909347 | lrm: 0.51 | dt: 2017.89ms | tok/sec: 259,819 | bf16_mfu: 0.00 | epoch: 1 pq: 20 rg: 21 | total time: 57.55m | eta: 26.7m
step 01725/02520 (68.45%) | loss: 2.904718 | lrm: 0.51 | dt: 2017.65ms | tok/sec: 259,850 | bf16_mfu: 0.00 | epoch: 1 pq: 20 rg: 22 | total time: 57.59m | eta: 26.7m
step 01726/02520 (68.49%) | loss: 2.910117 | lrm: 0.51 | dt: 2015.20ms | tok/sec: 260,166 | bf16_mfu: 0.00 | epoch: 1 pq: 20 rg: 23 | total time: 57.62m | eta: 26.7m
step 01727/02520 (68.53%) | loss: 2.899703 | lrm: 0.51 | dt: 2015.55ms | tok/sec: 260,122 | bf16_mfu: 0.00 | epoch: 1 pq: 20 rg: 24 | total time: 57.65m | eta: 26.6m
step 01728/02520 (68.57%) | loss: 2.908878 | lrm: 0.51 | dt: 2015.84ms | tok/sec: 260,084 | bf16_mfu: 0.00 | epoch: 1 pq: 20 rg: 25 | total time: 57.69m | eta: 26.6m
step 01729/02520 (68.61%) | loss: 2.920124 | lrm: 0.51 | dt: 2014.36ms | tok/sec: 260,275 | bf16_mfu: 0.00 | epoch: 1 pq: 20 rg: 26 | total time: 57.72m | eta: 26.6m
step 01730/02520 (68.65%) | loss: 2.919414 | lrm: 0.51 | dt: 2014.60ms | tok/sec: 260,244 | bf16_mfu: 0.00 | epoch: 1 pq: 20 rg: 27 | total time: 57.75m | eta: 26.5m
step 01731/02520 (68.69%) | loss: 2.918954 | lrm: 0.51 | dt: 2015.52ms | tok/sec: 260,125 | bf16_mfu: 0.00 | epoch: 1 pq: 20 rg: 28 | total time: 57.79m | eta: 26.5m
step 01732/02520 (68.73%) | loss: 2.909899 | lrm: 0.51 | dt: 2014.43ms | tok/sec: 260,266 | bf16_mfu: 0.00 | epoch: 1 pq: 20 rg: 29 | total time: 57.82m | eta: 26.5m
step 01733/02520 (68.77%) | loss: 2.905082 | lrm: 0.51 | dt: 2015.51ms | tok/sec: 260,126 | bf16_mfu: 0.00 | epoch: 1 pq: 20 rg: 30 | total time: 57.85m | eta: 26.4m
step 01734/02520 (68.81%) | loss: 2.914217 | lrm: 0.51 | dt: 2016.89ms | tok/sec: 259,948 | bf16_mfu: 0.00 | epoch: 1 pq: 20 rg: 30 | total time: 57.89m | eta: 26.4m
step 01735/02520 (68.85%) | loss: 2.915174 | lrm: 0.51 | dt: 2016.31ms | tok/sec: 260,023 | bf16_mfu: 0.00 | epoch: 1 pq: 20 rg: 31 | total time: 57.92m | eta: 26.4m
step 01736/02520 (68.89%) | loss: 2.903664 | lrm: 0.50 | dt: 2015.68ms | tok/sec: 260,104 | bf16_mfu: 0.00 | epoch: 1 pq: 20 rg: 32 | total time: 57.96m | eta: 26.3m
step 01737/02520 (68.93%) | loss: 2.895125 | lrm: 0.50 | dt: 2015.94ms | tok/sec: 260,070 | bf16_mfu: 0.00 | epoch: 1 pq: 20 rg: 33 | total time: 57.99m | eta: 26.3m
step 01738/02520 (68.97%) | loss: 2.891943 | lrm: 0.50 | dt: 2014.40ms | tok/sec: 260,270 | bf16_mfu: 0.00 | epoch: 1 pq: 20 rg: 34 | total time: 58.02m | eta: 26.3m
step 01739/02520 (69.01%) | loss: 2.901805 | lrm: 0.50 | dt: 2012.93ms | tok/sec: 260,459 | bf16_mfu: 0.00 | epoch: 1 pq: 20 rg: 35 | total time: 58.06m | eta: 26.2m
step 01740/02520 (69.05%) | loss: 2.892539 | lrm: 0.50 | dt: 2014.54ms | tok/sec: 260,251 | bf16_mfu: 0.00 | epoch: 1 pq: 20 rg: 36 | total time: 58.09m | eta: 26.2m
step 01741/02520 (69.09%) | loss: 2.893753 | lrm: 0.50 | dt: 2013.98ms | tok/sec: 260,323 | bf16_mfu: 0.00 | epoch: 1 pq: 20 rg: 37 | total time: 58.12m | eta: 26.2m
step 01742/02520 (69.13%) | loss: 2.896520 | lrm: 0.50 | dt: 2013.83ms | tok/sec: 260,343 | bf16_mfu: 0.00 | epoch: 1 pq: 20 rg: 38 | total time: 58.16m | eta: 26.1m
step 01743/02520 (69.17%) | loss: 2.884821 | lrm: 0.50 | dt: 2013.12ms | tok/sec: 260,435 | bf16_mfu: 0.00 | epoch: 1 pq: 20 rg: 39 | total time: 58.19m | eta: 26.1m
step 01744/02520 (69.21%) | loss: 2.881639 | lrm: 0.50 | dt: 2015.78ms | tok/sec: 260,091 | bf16_mfu: 0.00 | epoch: 1 pq: 20 rg: 40 | total time: 58.22m | eta: 26.1m
step 01745/02520 (69.25%) | loss: 2.896621 | lrm: 0.50 | dt: 2013.59ms | tok/sec: 260,374 | bf16_mfu: 0.00 | epoch: 1 pq: 20 rg: 41 | total time: 58.26m | eta: 26.0m
step 01746/02520 (69.29%) | loss: 2.889118 | lrm: 0.50 | dt: 2014.76ms | tok/sec: 260,224 | bf16_mfu: 0.00 | epoch: 1 pq: 20 rg: 42 | total time: 58.29m | eta: 26.0m
step 01747/02520 (69.33%) | loss: 2.892211 | lrm: 0.50 | dt: 2014.66ms | tok/sec: 260,237 | bf16_mfu: 0.00 | epoch: 1 pq: 20 rg: 43 | total time: 58.32m | eta: 26.0m
step 01748/02520 (69.37%) | loss: 2.895628 | lrm: 0.50 | dt: 2014.03ms | tok/sec: 260,318 | bf16_mfu: 0.00 | epoch: 1 pq: 20 rg: 44 | total time: 58.36m | eta: 25.9m
step 01749/02520 (69.40%) | loss: 2.907802 | lrm: 0.50 | dt: 2014.31ms | tok/sec: 260,281 | bf16_mfu: 0.00 | epoch: 1 pq: 20 rg: 45 | total time: 58.39m | eta: 25.9m
Step 01750 | Validation bpb: 0.887188
step 01750/02520 (69.44%) | loss: 2.905182 | lrm: 0.50 | dt: 2000.18ms | tok/sec: 262,120 | bf16_mfu: 0.00 | epoch: 1 pq: 20 rg: 46 | total time: 58.42m | eta: 25.9m
step 01751/02520 (69.48%) | loss: 2.902385 | lrm: 0.50 | dt: 2002.76ms | tok/sec: 261,782 | bf16_mfu: 0.00 | epoch: 1 pq: 20 rg: 47 | total time: 58.46m | eta: 25.8m
step 01752/02520 (69.52%) | loss: 2.904062 | lrm: 0.50 | dt: 2004.47ms | tok/sec: 261,559 | bf16_mfu: 0.00 | epoch: 1 pq: 20 rg: 48 | total time: 58.49m | eta: 25.8m
step 01753/02520 (69.56%) | loss: 2.918516 | lrm: 0.49 | dt: 2004.56ms | tok/sec: 261,547 | bf16_mfu: 0.00 | epoch: 1 pq: 20 rg: 49 | total time: 58.53m | eta: 25.8m
step 01754/02520 (69.60%) | loss: 2.901754 | lrm: 0.49 | dt: 2005.07ms | tok/sec: 261,481 | bf16_mfu: 0.00 | epoch: 1 pq: 20 rg: 50 | total time: 58.56m | eta: 25.7m
step 01755/02520 (69.64%) | loss: 2.905142 | lrm: 0.49 | dt: 2005.10ms | tok/sec: 261,476 | bf16_mfu: 0.00 | epoch: 1 pq: 20 rg: 51 | total time: 58.59m | eta: 25.7m
step 01756/02520 (69.68%) | loss: 2.895127 | lrm: 0.49 | dt: 2005.01ms | tok/sec: 261,489 | bf16_mfu: 0.00 | epoch: 1 pq: 20 rg: 52 | total time: 58.63m | eta: 25.7m
step 01757/02520 (69.72%) | loss: 2.893116 | lrm: 0.49 | dt: 2006.40ms | tok/sec: 261,307 | bf16_mfu: 0.00 | epoch: 1 pq: 20 rg: 53 | total time: 58.66m | eta: 25.6m
step 01758/02520 (69.76%) | loss: 2.887690 | lrm: 0.49 | dt: 2005.02ms | tok/sec: 261,487 | bf16_mfu: 0.00 | epoch: 1 pq: 20 rg: 54 | total time: 58.69m | eta: 25.6m
step 01759/02520 (69.80%) | loss: 2.891939 | lrm: 0.49 | dt: 2007.33ms | tok/sec: 261,186 | bf16_mfu: 0.00 | epoch: 1 pq: 20 rg: 55 | total time: 58.73m | eta: 25.6m
step 01760/02520 (69.84%) | loss: 2.904948 | lrm: 0.49 | dt: 2007.71ms | tok/sec: 261,137 | bf16_mfu: 0.00 | epoch: 1 pq: 20 rg: 56 | total time: 58.76m | eta: 25.5m
step 01761/02520 (69.88%) | loss: 2.899935 | lrm: 0.49 | dt: 2007.45ms | tok/sec: 261,171 | bf16_mfu: 0.00 | epoch: 1 pq: 20 rg: 57 | total time: 58.79m | eta: 25.5m
step 01762/02520 (69.92%) | loss: 2.907312 | lrm: 0.49 | dt: 2007.69ms | tok/sec: 261,139 | bf16_mfu: 0.00 | epoch: 1 pq: 20 rg: 58 | total time: 58.83m | eta: 25.5m
step 01763/02520 (69.96%) | loss: 2.909969 | lrm: 0.49 | dt: 2006.59ms | tok/sec: 261,283 | bf16_mfu: 0.00 | epoch: 1 pq: 20 rg: 59 | total time: 58.86m | eta: 25.4m
step 01764/02520 (70.00%) | loss: 2.913867 | lrm: 0.49 | dt: 2007.52ms | tok/sec: 261,161 | bf16_mfu: 0.00 | epoch: 1 pq: 20 rg: 60 | total time: 58.89m | eta: 25.4m
step 01765/02520 (70.04%) | loss: 2.906713 | lrm: 0.49 | dt: 2009.11ms | tok/sec: 260,955 | bf16_mfu: 0.00 | epoch: 1 pq: 20 rg: 61 | total time: 58.93m | eta: 25.4m
step 01766/02520 (70.08%) | loss: 2.914393 | lrm: 0.49 | dt: 2009.04ms | tok/sec: 260,964 | bf16_mfu: 0.00 | epoch: 1 pq: 20 rg: 62 | total time: 58.96m | eta: 25.3m
step 01767/02520 (70.12%) | loss: 2.920262 | lrm: 0.49 | dt: 2010.96ms | tok/sec: 260,715 | bf16_mfu: 0.00 | epoch: 1 pq: 20 rg: 63 | total time: 58.99m | eta: 25.3m
step 01768/02520 (70.16%) | loss: 2.917917 | lrm: 0.49 | dt: 2011.55ms | tok/sec: 260,638 | bf16_mfu: 0.00 | epoch: 1 pq: 20 rg: 64 | total time: 59.03m | eta: 25.2m
step 01769/02520 (70.20%) | loss: 2.915777 | lrm: 0.49 | dt: 2011.12ms | tok/sec: 260,694 | bf16_mfu: 0.00 | epoch: 1 pq: 20 rg: 65 | total time: 59.06m | eta: 25.2m
step 01770/02520 (70.24%) | loss: 2.910780 | lrm: 0.48 | dt: 2009.07ms | tok/sec: 260,960 | bf16_mfu: 0.00 | epoch: 1 pq: 20 rg: 66 | total time: 59.09m | eta: 25.2m
step 01771/02520 (70.28%) | loss: 2.911971 | lrm: 0.48 | dt: 2010.70ms | tok/sec: 260,749 | bf16_mfu: 0.00 | epoch: 1 pq: 20 rg: 67 | total time: 59.13m | eta: 25.1m
step 01772/02520 (70.32%) | loss: 2.908316 | lrm: 0.48 | dt: 2009.99ms | tok/sec: 260,841 | bf16_mfu: 0.00 | epoch: 1 pq: 20 rg: 68 | total time: 59.16m | eta: 25.1m
step 01773/02520 (70.36%) | loss: 2.910267 | lrm: 0.48 | dt: 2011.90ms | tok/sec: 260,593 | bf16_mfu: 0.00 | epoch: 1 pq: 20 rg: 68 | total time: 59.19m | eta: 25.1m
step 01774/02520 (70.40%) | loss: 2.924460 | lrm: 0.48 | dt: 2009.34ms | tok/sec: 260,925 | bf16_mfu: 0.00 | epoch: 1 pq: 20 rg: 69 | total time: 59.23m | eta: 25.0m
step 01775/02520 (70.44%) | loss: 2.917299 | lrm: 0.48 | dt: 2010.17ms | tok/sec: 260,817 | bf16_mfu: 0.00 | epoch: 1 pq: 20 rg: 70 | total time: 59.26m | eta: 25.0m
step 01776/02520 (70.48%) | loss: 2.906816 | lrm: 0.48 | dt: 2011.57ms | tok/sec: 260,636 | bf16_mfu: 0.00 | epoch: 1 pq: 20 rg: 71 | total time: 59.30m | eta: 25.0m
step 01777/02520 (70.52%) | loss: 2.907793 | lrm: 0.48 | dt: 2010.56ms | tok/sec: 260,767 | bf16_mfu: 0.00 | epoch: 1 pq: 20 rg: 72 | total time: 59.33m | eta: 24.9m
step 01778/02520 (70.56%) | loss: 2.895171 | lrm: 0.48 | dt: 2011.91ms | tok/sec: 260,591 | bf16_mfu: 0.00 | epoch: 1 pq: 20 rg: 73 | total time: 59.36m | eta: 24.9m
step 01779/02520 (70.60%) | loss: 2.891500 | lrm: 0.48 | dt: 2009.63ms | tok/sec: 260,887 | bf16_mfu: 0.00 | epoch: 1 pq: 20 rg: 74 | total time: 59.40m | eta: 24.9m
step 01780/02520 (70.63%) | loss: 2.890085 | lrm: 0.48 | dt: 2011.78ms | tok/sec: 260,609 | bf16_mfu: 0.00 | epoch: 1 pq: 20 rg: 75 | total time: 59.43m | eta: 24.8m
step 01781/02520 (70.67%) | loss: 2.899929 | lrm: 0.48 | dt: 2011.21ms | tok/sec: 260,682 | bf16_mfu: 0.00 | epoch: 1 pq: 20 rg: 76 | total time: 59.46m | eta: 24.8m
step 01782/02520 (70.71%) | loss: 2.902216 | lrm: 0.48 | dt: 2008.81ms | tok/sec: 260,993 | bf16_mfu: 0.00 | epoch: 1 pq: 20 rg: 77 | total time: 59.50m | eta: 24.8m
step 01783/02520 (70.75%) | loss: 2.911816 | lrm: 0.48 | dt: 2009.05ms | tok/sec: 260,963 | bf16_mfu: 0.00 | epoch: 1 pq: 20 rg: 78 | total time: 59.53m | eta: 24.7m
step 01784/02520 (70.79%) | loss: 2.918817 | lrm: 0.48 | dt: 2009.97ms | tok/sec: 260,843 | bf16_mfu: 0.00 | epoch: 1 pq: 20 rg: 79 | total time: 59.56m | eta: 24.7m
step 01785/02520 (70.83%) | loss: 2.922416 | lrm: 0.48 | dt: 2009.01ms | tok/sec: 260,968 | bf16_mfu: 0.00 | epoch: 1 pq: 20 rg: 80 | total time: 59.60m | eta: 24.7m
step 01786/02520 (70.87%) | loss: 2.916644 | lrm: 0.48 | dt: 2010.50ms | tok/sec: 260,774 | bf16_mfu: 0.00 | epoch: 1 pq: 20 rg: 81 | total time: 59.63m | eta: 24.6m
step 01787/02520 (70.91%) | loss: 2.904280 | lrm: 0.48 | dt: 2010.62ms | tok/sec: 260,759 | bf16_mfu: 0.00 | epoch: 1 pq: 20 rg: 82 | total time: 59.66m | eta: 24.6m
step 01788/02520 (70.95%) | loss: 2.913545 | lrm: 0.47 | dt: 2012.64ms | tok/sec: 260,497 | bf16_mfu: 0.00 | epoch: 1 pq: 20 rg: 83 | total time: 59.70m | eta: 24.6m
step 01789/02520 (70.99%) | loss: 2.913616 | lrm: 0.47 | dt: 2010.52ms | tok/sec: 260,772 | bf16_mfu: 0.00 | epoch: 1 pq: 21 rg: 0 | total time: 59.73m | eta: 24.5m
step 01790/02520 (71.03%) | loss: 2.914644 | lrm: 0.47 | dt: 2011.45ms | tok/sec: 260,651 | bf16_mfu: 0.00 | epoch: 1 pq: 21 rg: 1 | total time: 59.76m | eta: 24.5m
step 01791/02520 (71.07%) | loss: 2.918095 | lrm: 0.47 | dt: 2012.23ms | tok/sec: 260,550 | bf16_mfu: 0.00 | epoch: 1 pq: 21 rg: 2 | total time: 59.80m | eta: 24.5m
step 01792/02520 (71.11%) | loss: 2.904991 | lrm: 0.47 | dt: 2010.54ms | tok/sec: 260,769 | bf16_mfu: 0.00 | epoch: 1 pq: 21 rg: 3 | total time: 59.83m | eta: 24.4m
step 01793/02520 (71.15%) | loss: 2.907355 | lrm: 0.47 | dt: 2009.66ms | tok/sec: 260,883 | bf16_mfu: 0.00 | epoch: 1 pq: 21 rg: 4 | total time: 59.86m | eta: 24.4m
step 01794/02520 (71.19%) | loss: 2.905137 | lrm: 0.47 | dt: 2010.59ms | tok/sec: 260,763 | bf16_mfu: 0.00 | epoch: 1 pq: 21 rg: 5 | total time: 59.90m | eta: 24.4m
step 01795/02520 (71.23%) | loss: 2.900324 | lrm: 0.47 | dt: 2010.89ms | tok/sec: 260,724 | bf16_mfu: 0.00 | epoch: 1 pq: 21 rg: 6 | total time: 59.93m | eta: 24.3m
step 01796/02520 (71.27%) | loss: 2.904340 | lrm: 0.47 | dt: 2011.90ms | tok/sec: 260,593 | bf16_mfu: 0.00 | epoch: 1 pq: 21 rg: 7 | total time: 59.97m | eta: 24.3m
step 01797/02520 (71.31%) | loss: 2.905109 | lrm: 0.47 | dt: 2012.69ms | tok/sec: 260,490 | bf16_mfu: 0.00 | epoch: 1 pq: 21 rg: 8 | total time: 60.00m | eta: 24.3m
step 01798/02520 (71.35%) | loss: 2.908498 | lrm: 0.47 | dt: 2012.51ms | tok/sec: 260,514 | bf16_mfu: 0.00 | epoch: 1 pq: 21 rg: 9 | total time: 60.03m | eta: 24.2m
step 01799/02520 (71.39%) | loss: 2.909101 | lrm: 0.47 | dt: 2011.17ms | tok/sec: 260,687 | bf16_mfu: 0.00 | epoch: 1 pq: 21 rg: 10 | total time: 60.07m | eta: 24.2m
step 01800/02520 (71.43%) | loss: 2.896921 | lrm: 0.47 | dt: 2014.12ms | tok/sec: 260,306 | bf16_mfu: 0.00 | epoch: 1 pq: 21 rg: 11 | total time: 60.10m | eta: 24.2m
step 01801/02520 (71.47%) | loss: 2.905800 | lrm: 0.47 | dt: 2012.50ms | tok/sec: 260,515 | bf16_mfu: 0.00 | epoch: 1 pq: 21 rg: 12 | total time: 60.13m | eta: 24.1m
step 01802/02520 (71.51%) | loss: 2.912725 | lrm: 0.47 | dt: 2011.35ms | tok/sec: 260,664 | bf16_mfu: 0.00 | epoch: 1 pq: 21 rg: 13 | total time: 60.17m | eta: 24.1m
step 01803/02520 (71.55%) | loss: 2.908935 | lrm: 0.47 | dt: 2014.00ms | tok/sec: 260,322 | bf16_mfu: 0.00 | epoch: 1 pq: 21 rg: 14 | total time: 60.20m | eta: 24.1m
step 01804/02520 (71.59%) | loss: 2.914987 | lrm: 0.47 | dt: 2012.91ms | tok/sec: 260,463 | bf16_mfu: 0.00 | epoch: 1 pq: 21 rg: 15 | total time: 60.23m | eta: 24.0m
step 01805/02520 (71.63%) | loss: 2.918323 | lrm: 0.46 | dt: 2011.99ms | tok/sec: 260,582 | bf16_mfu: 0.00 | epoch: 1 pq: 21 rg: 16 | total time: 60.27m | eta: 24.0m
step 01806/02520 (71.67%) | loss: 2.914263 | lrm: 0.46 | dt: 2012.26ms | tok/sec: 260,547 | bf16_mfu: 0.00 | epoch: 1 pq: 21 rg: 17 | total time: 60.30m | eta: 24.0m
step 01807/02520 (71.71%) | loss: 2.914628 | lrm: 0.46 | dt: 2013.21ms | tok/sec: 260,423 | bf16_mfu: 0.00 | epoch: 1 pq: 21 rg: 18 | total time: 60.33m | eta: 23.9m
step 01808/02520 (71.75%) | loss: 2.918511 | lrm: 0.46 | dt: 2012.43ms | tok/sec: 260,525 | bf16_mfu: 0.00 | epoch: 1 pq: 21 rg: 19 | total time: 60.37m | eta: 23.9m
step 01809/02520 (71.79%) | loss: 2.917979 | lrm: 0.46 | dt: 2011.54ms | tok/sec: 260,640 | bf16_mfu: 0.00 | epoch: 1 pq: 21 rg: 20 | total time: 60.40m | eta: 23.9m
step 01810/02520 (71.83%) | loss: 2.911532 | lrm: 0.46 | dt: 2012.71ms | tok/sec: 260,488 | bf16_mfu: 0.00 | epoch: 1 pq: 21 rg: 20 | total time: 60.43m | eta: 23.8m
step 01811/02520 (71.87%) | loss: 2.902998 | lrm: 0.46 | dt: 2011.74ms | tok/sec: 260,614 | bf16_mfu: 0.00 | epoch: 1 pq: 21 rg: 21 | total time: 60.47m | eta: 23.8m
step 01812/02520 (71.90%) | loss: 2.912908 | lrm: 0.46 | dt: 2013.11ms | tok/sec: 260,436 | bf16_mfu: 0.00 | epoch: 1 pq: 21 rg: 22 | total time: 60.50m | eta: 23.8m
step 01813/02520 (71.94%) | loss: 2.912915 | lrm: 0.46 | dt: 2011.03ms | tok/sec: 260,706 | bf16_mfu: 0.00 | epoch: 1 pq: 21 rg: 23 | total time: 60.54m | eta: 23.7m
step 01814/02520 (71.98%) | loss: 2.912286 | lrm: 0.46 | dt: 2010.31ms | tok/sec: 260,799 | bf16_mfu: 0.00 | epoch: 1 pq: 21 rg: 24 | total time: 60.57m | eta: 23.7m
step 01815/02520 (72.02%) | loss: 2.906863 | lrm: 0.46 | dt: 2009.38ms | tok/sec: 260,919 | bf16_mfu: 0.00 | epoch: 1 pq: 21 rg: 25 | total time: 60.60m | eta: 23.7m
step 01816/02520 (72.06%) | loss: 2.916246 | lrm: 0.46 | dt: 2010.35ms | tok/sec: 260,794 | bf16_mfu: 0.00 | epoch: 1 pq: 21 rg: 26 | total time: 60.64m | eta: 23.6m
step 01817/02520 (72.10%) | loss: 2.918161 | lrm: 0.46 | dt: 2012.92ms | tok/sec: 260,461 | bf16_mfu: 0.00 | epoch: 1 pq: 21 rg: 27 | total time: 60.67m | eta: 23.6m
step 01818/02520 (72.14%) | loss: 2.914906 | lrm: 0.46 | dt: 2010.65ms | tok/sec: 260,755 | bf16_mfu: 0.00 | epoch: 1 pq: 21 rg: 28 | total time: 60.70m | eta: 23.6m
step 01819/02520 (72.18%) | loss: 2.908262 | lrm: 0.46 | dt: 2012.42ms | tok/sec: 260,526 | bf16_mfu: 0.00 | epoch: 1 pq: 21 rg: 29 | total time: 60.74m | eta: 23.5m
step 01820/02520 (72.22%) | loss: 2.906999 | lrm: 0.46 | dt: 2012.54ms | tok/sec: 260,510 | bf16_mfu: 0.00 | epoch: 1 pq: 21 rg: 30 | total time: 60.77m | eta: 23.5m
step 01821/02520 (72.26%) | loss: 2.887686 | lrm: 0.46 | dt: 2009.38ms | tok/sec: 260,919 | bf16_mfu: 0.00 | epoch: 1 pq: 21 rg: 31 | total time: 60.80m | eta: 23.5m
step 01822/02520 (72.30%) | loss: 2.890593 | lrm: 0.45 | dt: 2011.47ms | tok/sec: 260,648 | bf16_mfu: 0.00 | epoch: 1 pq: 21 rg: 32 | total time: 60.84m | eta: 23.4m
step 01823/02520 (72.34%) | loss: 2.887683 | lrm: 0.45 | dt: 2010.05ms | tok/sec: 260,833 | bf16_mfu: 0.00 | epoch: 1 pq: 21 rg: 33 | total time: 60.87m | eta: 23.4m
step 01824/02520 (72.38%) | loss: 2.891434 | lrm: 0.45 | dt: 2013.45ms | tok/sec: 260,392 | bf16_mfu: 0.00 | epoch: 1 pq: 21 rg: 34 | total time: 60.90m | eta: 23.4m
step 01825/02520 (72.42%) | loss: 2.885938 | lrm: 0.45 | dt: 2012.85ms | tok/sec: 260,470 | bf16_mfu: 0.00 | epoch: 1 pq: 21 rg: 35 | total time: 60.94m | eta: 23.3m
step 01826/02520 (72.46%) | loss: 2.886919 | lrm: 0.45 | dt: 2011.78ms | tok/sec: 260,609 | bf16_mfu: 0.00 | epoch: 1 pq: 21 rg: 36 | total time: 60.97m | eta: 23.3m
step 01827/02520 (72.50%) | loss: 2.891521 | lrm: 0.45 | dt: 2012.85ms | tok/sec: 260,470 | bf16_mfu: 0.00 | epoch: 1 pq: 21 rg: 37 | total time: 61.00m | eta: 23.3m
step 01828/02520 (72.54%) | loss: 2.886817 | lrm: 0.45 | dt: 2011.47ms | tok/sec: 260,649 | bf16_mfu: 0.00 | epoch: 1 pq: 21 rg: 38 | total time: 61.04m | eta: 23.2m
step 01829/02520 (72.58%) | loss: 2.890388 | lrm: 0.45 | dt: 2011.36ms | tok/sec: 260,663 | bf16_mfu: 0.00 | epoch: 1 pq: 21 rg: 39 | total time: 61.07m | eta: 23.2m
step 01830/02520 (72.62%) | loss: 2.889497 | lrm: 0.45 | dt: 2013.90ms | tok/sec: 260,335 | bf16_mfu: 0.00 | epoch: 1 pq: 21 rg: 40 | total time: 61.11m | eta: 23.2m
step 01831/02520 (72.66%) | loss: 2.894649 | lrm: 0.45 | dt: 2012.02ms | tok/sec: 260,578 | bf16_mfu: 0.00 | epoch: 1 pq: 21 rg: 41 | total time: 61.14m | eta: 23.1m
step 01832/02520 (72.70%) | loss: 2.899996 | lrm: 0.45 | dt: 2011.43ms | tok/sec: 260,654 | bf16_mfu: 0.00 | epoch: 1 pq: 21 rg: 42 | total time: 61.17m | eta: 23.1m
step 01833/02520 (72.74%) | loss: 2.905103 | lrm: 0.45 | dt: 2014.19ms | tok/sec: 260,297 | bf16_mfu: 0.00 | epoch: 1 pq: 21 rg: 43 | total time: 61.21m | eta: 23.1m
step 01834/02520 (72.78%) | loss: 2.899856 | lrm: 0.45 | dt: 2011.61ms | tok/sec: 260,631 | bf16_mfu: 0.00 | epoch: 1 pq: 21 rg: 44 | total time: 61.24m | eta: 23.0m
step 01835/02520 (72.82%) | loss: 2.895784 | lrm: 0.45 | dt: 2011.48ms | tok/sec: 260,648 | bf16_mfu: 0.00 | epoch: 1 pq: 21 rg: 45 | total time: 61.27m | eta: 23.0m
step 01836/02520 (72.86%) | loss: 2.890814 | lrm: 0.45 | dt: 2011.79ms | tok/sec: 260,607 | bf16_mfu: 0.00 | epoch: 1 pq: 21 rg: 46 | total time: 61.31m | eta: 23.0m
step 01837/02520 (72.90%) | loss: 2.881485 | lrm: 0.45 | dt: 2012.72ms | tok/sec: 260,486 | bf16_mfu: 0.00 | epoch: 1 pq: 21 rg: 47 | total time: 61.34m | eta: 22.9m
step 01838/02520 (72.94%) | loss: 2.882175 | lrm: 0.45 | dt: 2014.48ms | tok/sec: 260,259 | bf16_mfu: 0.00 | epoch: 1 pq: 21 rg: 48 | total time: 61.37m | eta: 22.9m
step 01839/02520 (72.98%) | loss: 2.885624 | lrm: 0.44 | dt: 2011.82ms | tok/sec: 260,603 | bf16_mfu: 0.00 | epoch: 1 pq: 21 rg: 49 | total time: 61.41m | eta: 22.9m
step 01840/02520 (73.02%) | loss: 2.884972 | lrm: 0.44 | dt: 2012.54ms | tok/sec: 260,510 | bf16_mfu: 0.00 | epoch: 1 pq: 21 rg: 50 | total time: 61.44m | eta: 22.8m
step 01841/02520 (73.06%) | loss: 2.887518 | lrm: 0.44 | dt: 2012.67ms | tok/sec: 260,493 | bf16_mfu: 0.00 | epoch: 1 pq: 21 rg: 51 | total time: 61.47m | eta: 22.8m
step 01842/02520 (73.10%) | loss: 2.886812 | lrm: 0.44 | dt: 2012.95ms | tok/sec: 260,457 | bf16_mfu: 0.00 | epoch: 1 pq: 21 rg: 52 | total time: 61.51m | eta: 22.8m
step 01843/02520 (73.13%) | loss: 2.891006 | lrm: 0.44 | dt: 2012.68ms | tok/sec: 260,493 | bf16_mfu: 0.00 | epoch: 1 pq: 21 rg: 52 | total time: 61.54m | eta: 22.7m
step 01844/02520 (73.17%) | loss: 2.896499 | lrm: 0.44 | dt: 2011.31ms | tok/sec: 260,669 | bf16_mfu: 0.00 | epoch: 1 pq: 21 rg: 53 | total time: 61.57m | eta: 22.7m
step 01845/02520 (73.21%) | loss: 2.885652 | lrm: 0.44 | dt: 2012.55ms | tok/sec: 260,509 | bf16_mfu: 0.00 | epoch: 1 pq: 21 rg: 54 | total time: 61.61m | eta: 22.7m
step 01846/02520 (73.25%) | loss: 2.889559 | lrm: 0.44 | dt: 2012.88ms | tok/sec: 260,466 | bf16_mfu: 0.00 | epoch: 1 pq: 21 rg: 55 | total time: 61.64m | eta: 22.6m
step 01847/02520 (73.29%) | loss: 2.882750 | lrm: 0.44 | dt: 2012.84ms | tok/sec: 260,472 | bf16_mfu: 0.00 | epoch: 1 pq: 21 rg: 56 | total time: 61.68m | eta: 22.6m
step 01848/02520 (73.33%) | loss: 2.887609 | lrm: 0.44 | dt: 2012.50ms | tok/sec: 260,515 | bf16_mfu: 0.00 | epoch: 1 pq: 21 rg: 57 | total time: 61.71m | eta: 22.6m
step 01849/02520 (73.37%) | loss: 2.878639 | lrm: 0.44 | dt: 2013.69ms | tok/sec: 260,362 | bf16_mfu: 0.00 | epoch: 1 pq: 21 rg: 58 | total time: 61.74m | eta: 22.5m
step 01850/02520 (73.41%) | loss: 2.878422 | lrm: 0.44 | dt: 2012.48ms | tok/sec: 260,518 | bf16_mfu: 0.00 | epoch: 1 pq: 21 rg: 59 | total time: 61.78m | eta: 22.5m
step 01851/02520 (73.45%) | loss: 2.887905 | lrm: 0.44 | dt: 2012.68ms | tok/sec: 260,492 | bf16_mfu: 0.00 | epoch: 1 pq: 21 rg: 60 | total time: 61.81m | eta: 22.5m
step 01852/02520 (73.49%) | loss: 2.888159 | lrm: 0.44 | dt: 2012.51ms | tok/sec: 260,513 | bf16_mfu: 0.00 | epoch: 1 pq: 21 rg: 61 | total time: 61.84m | eta: 22.4m
step 01853/02520 (73.53%) | loss: 2.886145 | lrm: 0.44 | dt: 2010.75ms | tok/sec: 260,742 | bf16_mfu: 0.00 | epoch: 1 pq: 21 rg: 62 | total time: 61.88m | eta: 22.4m
step 01854/02520 (73.57%) | loss: 2.882163 | lrm: 0.44 | dt: 2010.79ms | tok/sec: 260,737 | bf16_mfu: 0.00 | epoch: 1 pq: 21 rg: 63 | total time: 61.91m | eta: 22.4m
step 01855/02520 (73.61%) | loss: 2.891213 | lrm: 0.44 | dt: 2011.12ms | tok/sec: 260,694 | bf16_mfu: 0.00 | epoch: 1 pq: 21 rg: 64 | total time: 61.94m | eta: 22.3m
step 01856/02520 (73.65%) | loss: 2.887175 | lrm: 0.44 | dt: 2012.05ms | tok/sec: 260,574 | bf16_mfu: 0.00 | epoch: 1 pq: 21 rg: 65 | total time: 61.98m | eta: 22.3m
step 01857/02520 (73.69%) | loss: 2.873553 | lrm: 0.43 | dt: 2010.41ms | tok/sec: 260,786 | bf16_mfu: 0.00 | epoch: 1 pq: 21 rg: 66 | total time: 62.01m | eta: 22.3m
step 01858/02520 (73.73%) | loss: 2.878703 | lrm: 0.43 | dt: 2012.21ms | tok/sec: 260,553 | bf16_mfu: 0.00 | epoch: 1 pq: 21 rg: 67 | total time: 62.04m | eta: 22.2m
step 01859/02520 (73.77%) | loss: 2.875382 | lrm: 0.43 | dt: 2013.82ms | tok/sec: 260,344 | bf16_mfu: 0.00 | epoch: 1 pq: 21 rg: 68 | total time: 62.08m | eta: 22.2m
step 01860/02520 (73.81%) | loss: 2.866139 | lrm: 0.43 | dt: 2011.06ms | tok/sec: 260,702 | bf16_mfu: 0.00 | epoch: 1 pq: 21 rg: 69 | total time: 62.11m | eta: 22.2m
step 01861/02520 (73.85%) | loss: 2.863604 | lrm: 0.43 | dt: 2011.19ms | tok/sec: 260,685 | bf16_mfu: 0.00 | epoch: 1 pq: 21 rg: 70 | total time: 62.15m | eta: 22.1m
step 01862/02520 (73.89%) | loss: 2.871630 | lrm: 0.43 | dt: 2012.04ms | tok/sec: 260,575 | bf16_mfu: 0.00 | epoch: 1 pq: 21 rg: 71 | total time: 62.18m | eta: 22.1m
step 01863/02520 (73.93%) | loss: 2.872022 | lrm: 0.43 | dt: 2009.54ms | tok/sec: 260,899 | bf16_mfu: 0.00 | epoch: 1 pq: 21 rg: 72 | total time: 62.21m | eta: 22.1m
step 01864/02520 (73.97%) | loss: 2.870059 | lrm: 0.43 | dt: 2010.26ms | tok/sec: 260,806 | bf16_mfu: 0.00 | epoch: 1 pq: 21 rg: 73 | total time: 62.25m | eta: 22.0m
step 01865/02520 (74.01%) | loss: 2.878585 | lrm: 0.43 | dt: 2010.65ms | tok/sec: 260,755 | bf16_mfu: 0.00 | epoch: 1 pq: 21 rg: 74 | total time: 62.28m | eta: 22.0m
step 01866/02520 (74.05%) | loss: 2.876940 | lrm: 0.43 | dt: 2009.93ms | tok/sec: 260,849 | bf16_mfu: 0.00 | epoch: 1 pq: 21 rg: 75 | total time: 62.31m | eta: 22.0m
step 01867/02520 (74.09%) | loss: 2.869555 | lrm: 0.43 | dt: 2012.65ms | tok/sec: 260,496 | bf16_mfu: 0.00 | epoch: 1 pq: 21 rg: 76 | total time: 62.35m | eta: 21.9m
step 01868/02520 (74.13%) | loss: 2.871654 | lrm: 0.43 | dt: 2012.96ms | tok/sec: 260,456 | bf16_mfu: 0.00 | epoch: 1 pq: 21 rg: 77 | total time: 62.38m | eta: 21.9m
step 01869/02520 (74.17%) | loss: 2.866531 | lrm: 0.43 | dt: 2011.09ms | tok/sec: 260,698 | bf16_mfu: 0.00 | epoch: 1 pq: 21 rg: 78 | total time: 62.41m | eta: 21.9m
step 01870/02520 (74.21%) | loss: 2.872549 | lrm: 0.43 | dt: 2012.32ms | tok/sec: 260,538 | bf16_mfu: 0.00 | epoch: 1 pq: 21 rg: 79 | total time: 62.45m | eta: 21.8m
step 01871/02520 (74.25%) | loss: 2.869898 | lrm: 0.43 | dt: 2012.35ms | tok/sec: 260,535 | bf16_mfu: 0.00 | epoch: 1 pq: 21 rg: 80 | total time: 62.48m | eta: 21.8m
step 01872/02520 (74.29%) | loss: 2.852765 | lrm: 0.43 | dt: 2014.10ms | tok/sec: 260,308 | bf16_mfu: 0.00 | epoch: 1 pq: 21 rg: 81 | total time: 62.51m | eta: 21.8m
step 01873/02520 (74.33%) | loss: 2.858914 | lrm: 0.43 | dt: 2011.98ms | tok/sec: 260,582 | bf16_mfu: 0.00 | epoch: 1 pq: 21 rg: 81 | total time: 62.55m | eta: 21.7m
step 01874/02520 (74.37%) | loss: 2.859121 | lrm: 0.42 | dt: 2013.57ms | tok/sec: 260,377 | bf16_mfu: 0.00 | epoch: 1 pq: 21 rg: 82 | total time: 62.58m | eta: 21.7m
step 01875/02520 (74.40%) | loss: 2.856640 | lrm: 0.42 | dt: 2014.75ms | tok/sec: 260,224 | bf16_mfu: 0.00 | epoch: 1 pq: 22 rg: 0 | total time: 62.61m | eta: 21.7m
step 01876/02520 (74.44%) | loss: 2.868222 | lrm: 0.42 | dt: 2012.33ms | tok/sec: 260,538 | bf16_mfu: 0.00 | epoch: 1 pq: 22 rg: 1 | total time: 62.65m | eta: 21.6m
step 01877/02520 (74.48%) | loss: 2.875516 | lrm: 0.42 | dt: 2013.56ms | tok/sec: 260,378 | bf16_mfu: 0.00 | epoch: 1 pq: 22 rg: 2 | total time: 62.68m | eta: 21.6m
step 01878/02520 (74.52%) | loss: 2.863236 | lrm: 0.42 | dt: 2013.89ms | tok/sec: 260,336 | bf16_mfu: 0.00 | epoch: 1 pq: 22 rg: 3 | total time: 62.72m | eta: 21.6m
step 01879/02520 (74.56%) | loss: 2.865223 | lrm: 0.42 | dt: 2011.36ms | tok/sec: 260,663 | bf16_mfu: 0.00 | epoch: 1 pq: 22 rg: 4 | total time: 62.75m | eta: 21.5m
step 01880/02520 (74.60%) | loss: 2.864965 | lrm: 0.42 | dt: 2014.16ms | tok/sec: 260,301 | bf16_mfu: 0.00 | epoch: 1 pq: 22 rg: 5 | total time: 62.78m | eta: 21.5m
step 01881/02520 (74.64%) | loss: 2.862794 | lrm: 0.42 | dt: 2013.43ms | tok/sec: 260,395 | bf16_mfu: 0.00 | epoch: 1 pq: 22 rg: 6 | total time: 62.82m | eta: 21.5m
step 01882/02520 (74.68%) | loss: 2.854258 | lrm: 0.42 | dt: 2011.34ms | tok/sec: 260,666 | bf16_mfu: 0.00 | epoch: 1 pq: 22 rg: 7 | total time: 62.85m | eta: 21.4m
step 01883/02520 (74.72%) | loss: 2.853062 | lrm: 0.42 | dt: 2011.45ms | tok/sec: 260,651 | bf16_mfu: 0.00 | epoch: 1 pq: 22 rg: 8 | total time: 62.88m | eta: 21.4m
step 01884/02520 (74.76%) | loss: 2.843532 | lrm: 0.42 | dt: 2010.78ms | tok/sec: 260,738 | bf16_mfu: 0.00 | epoch: 1 pq: 22 rg: 9 | total time: 62.92m | eta: 21.4m
step 01885/02520 (74.80%) | loss: 2.837419 | lrm: 0.42 | dt: 2011.75ms | tok/sec: 260,612 | bf16_mfu: 0.00 | epoch: 1 pq: 22 rg: 10 | total time: 62.95m | eta: 21.3m
step 01886/02520 (74.84%) | loss: 2.846233 | lrm: 0.42 | dt: 2012.35ms | tok/sec: 260,534 | bf16_mfu: 0.00 | epoch: 1 pq: 22 rg: 11 | total time: 62.98m | eta: 21.3m
step 01887/02520 (74.88%) | loss: 2.841208 | lrm: 0.42 | dt: 2012.33ms | tok/sec: 260,538 | bf16_mfu: 0.00 | epoch: 1 pq: 22 rg: 12 | total time: 63.02m | eta: 21.3m
step 01888/02520 (74.92%) | loss: 2.847523 | lrm: 0.42 | dt: 2012.38ms | tok/sec: 260,530 | bf16_mfu: 0.00 | epoch: 1 pq: 22 rg: 13 | total time: 63.05m | eta: 21.2m
step 01889/02520 (74.96%) | loss: 2.852131 | lrm: 0.42 | dt: 2013.20ms | tok/sec: 260,425 | bf16_mfu: 0.00 | epoch: 1 pq: 22 rg: 14 | total time: 63.08m | eta: 21.2m
step 01890/02520 (75.00%) | loss: 2.854021 | lrm: 0.42 | dt: 2011.81ms | tok/sec: 260,604 | bf16_mfu: 0.00 | epoch: 1 pq: 22 rg: 15 | total time: 63.12m | eta: 21.2m
step 01891/02520 (75.04%) | loss: 2.866189 | lrm: 0.41 | dt: 2013.68ms | tok/sec: 260,362 | bf16_mfu: 0.00 | epoch: 1 pq: 22 rg: 16 | total time: 63.15m | eta: 21.1m
step 01892/02520 (75.08%) | loss: 2.870748 | lrm: 0.41 | dt: 2015.77ms | tok/sec: 260,093 | bf16_mfu: 0.00 | epoch: 1 pq: 22 rg: 17 | total time: 63.18m | eta: 21.1m
step 01893/02520 (75.12%) | loss: 2.876919 | lrm: 0.41 | dt: 2011.24ms | tok/sec: 260,679 | bf16_mfu: 0.00 | epoch: 1 pq: 22 rg: 18 | total time: 63.22m | eta: 21.1m
step 01894/02520 (75.16%) | loss: 2.872156 | lrm: 0.41 | dt: 2012.50ms | tok/sec: 260,516 | bf16_mfu: 0.00 | epoch: 1 pq: 22 rg: 19 | total time: 63.25m | eta: 21.0m
step 01895/02520 (75.20%) | loss: 2.877872 | lrm: 0.41 | dt: 2010.08ms | tok/sec: 260,829 | bf16_mfu: 0.00 | epoch: 1 pq: 22 rg: 20 | total time: 63.29m | eta: 21.0m
step 01896/02520 (75.24%) | loss: 2.871395 | lrm: 0.41 | dt: 2010.32ms | tok/sec: 260,798 | bf16_mfu: 0.00 | epoch: 1 pq: 22 rg: 21 | total time: 63.32m | eta: 20.9m
step 01897/02520 (75.28%) | loss: 2.863596 | lrm: 0.41 | dt: 2011.44ms | tok/sec: 260,653 | bf16_mfu: 0.00 | epoch: 1 pq: 22 rg: 22 | total time: 63.35m | eta: 20.9m
step 01898/02520 (75.32%) | loss: 2.868756 | lrm: 0.41 | dt: 2010.98ms | tok/sec: 260,712 | bf16_mfu: 0.00 | epoch: 1 pq: 22 rg: 23 | total time: 63.39m | eta: 20.9m
step 01899/02520 (75.36%) | loss: 2.865349 | lrm: 0.41 | dt: 2011.06ms | tok/sec: 260,701 | bf16_mfu: 0.00 | epoch: 1 pq: 22 rg: 24 | total time: 63.42m | eta: 20.8m
step 01900/02520 (75.40%) | loss: 2.858682 | lrm: 0.41 | dt: 2012.26ms | tok/sec: 260,547 | bf16_mfu: 0.00 | epoch: 1 pq: 22 rg: 25 | total time: 63.45m | eta: 20.8m
step 01901/02520 (75.44%) | loss: 2.870203 | lrm: 0.41 | dt: 2009.99ms | tok/sec: 260,841 | bf16_mfu: 0.00 | epoch: 1 pq: 22 rg: 26 | total time: 63.49m | eta: 20.8m
step 01902/02520 (75.48%) | loss: 2.872815 | lrm: 0.41 | dt: 2010.15ms | tok/sec: 260,819 | bf16_mfu: 0.00 | epoch: 1 pq: 22 rg: 27 | total time: 63.52m | eta: 20.7m
step 01903/02520 (75.52%) | loss: 2.878979 | lrm: 0.41 | dt: 2010.72ms | tok/sec: 260,746 | bf16_mfu: 0.00 | epoch: 1 pq: 22 rg: 28 | total time: 63.55m | eta: 20.7m
step 01904/02520 (75.56%) | loss: 2.875309 | lrm: 0.41 | dt: 2012.22ms | tok/sec: 260,552 | bf16_mfu: 0.00 | epoch: 1 pq: 22 rg: 29 | total time: 63.59m | eta: 20.7m
step 01905/02520 (75.60%) | loss: 2.882727 | lrm: 0.41 | dt: 2008.57ms | tok/sec: 261,024 | bf16_mfu: 0.00 | epoch: 1 pq: 22 rg: 30 | total time: 63.62m | eta: 20.6m
step 01906/02520 (75.63%) | loss: 2.886074 | lrm: 0.41 | dt: 2010.81ms | tok/sec: 260,734 | bf16_mfu: 0.00 | epoch: 1 pq: 22 rg: 31 | total time: 63.65m | eta: 20.6m
step 01907/02520 (75.67%) | loss: 2.883045 | lrm: 0.41 | dt: 2010.80ms | tok/sec: 260,735 | bf16_mfu: 0.00 | epoch: 1 pq: 22 rg: 32 | total time: 63.69m | eta: 20.6m
step 01908/02520 (75.71%) | loss: 2.884667 | lrm: 0.40 | dt: 2012.42ms | tok/sec: 260,526 | bf16_mfu: 0.00 | epoch: 1 pq: 22 rg: 33 | total time: 63.72m | eta: 20.5m
step 01909/02520 (75.75%) | loss: 2.881663 | lrm: 0.40 | dt: 2012.51ms | tok/sec: 260,514 | bf16_mfu: 0.00 | epoch: 1 pq: 22 rg: 34 | total time: 63.75m | eta: 20.5m
step 01910/02520 (75.79%) | loss: 2.874217 | lrm: 0.40 | dt: 2011.66ms | tok/sec: 260,624 | bf16_mfu: 0.00 | epoch: 1 pq: 22 rg: 35 | total time: 63.79m | eta: 20.5m
step 01911/02520 (75.83%) | loss: 2.870677 | lrm: 0.40 | dt: 2010.78ms | tok/sec: 260,738 | bf16_mfu: 0.00 | epoch: 1 pq: 22 rg: 36 | total time: 63.82m | eta: 20.4m
step 01912/02520 (75.87%) | loss: 2.876283 | lrm: 0.40 | dt: 2010.07ms | tok/sec: 260,830 | bf16_mfu: 0.00 | epoch: 1 pq: 22 rg: 37 | total time: 63.86m | eta: 20.4m
step 01913/02520 (75.91%) | loss: 2.866635 | lrm: 0.40 | dt: 2009.98ms | tok/sec: 260,841 | bf16_mfu: 0.00 | epoch: 1 pq: 22 rg: 38 | total time: 63.89m | eta: 20.4m
step 01914/02520 (75.95%) | loss: 2.875963 | lrm: 0.40 | dt: 2010.42ms | tok/sec: 260,784 | bf16_mfu: 0.00 | epoch: 1 pq: 22 rg: 39 | total time: 63.92m | eta: 20.3m
step 01915/02520 (75.99%) | loss: 2.876929 | lrm: 0.40 | dt: 2010.51ms | tok/sec: 260,774 | bf16_mfu: 0.00 | epoch: 1 pq: 22 rg: 40 | total time: 63.96m | eta: 20.3m
step 01916/02520 (76.03%) | loss: 2.874666 | lrm: 0.40 | dt: 2010.29ms | tok/sec: 260,802 | bf16_mfu: 0.00 | epoch: 1 pq: 22 rg: 41 | total time: 63.99m | eta: 20.3m
step 01917/02520 (76.07%) | loss: 2.876852 | lrm: 0.40 | dt: 2011.68ms | tok/sec: 260,622 | bf16_mfu: 0.00 | epoch: 1 pq: 22 rg: 42 | total time: 64.02m | eta: 20.2m
step 01918/02520 (76.11%) | loss: 2.868650 | lrm: 0.40 | dt: 2011.83ms | tok/sec: 260,602 | bf16_mfu: 0.00 | epoch: 1 pq: 22 rg: 42 | total time: 64.06m | eta: 20.2m
step 01919/02520 (76.15%) | loss: 2.862687 | lrm: 0.40 | dt: 2012.71ms | tok/sec: 260,488 | bf16_mfu: 0.00 | epoch: 1 pq: 22 rg: 43 | total time: 64.09m | eta: 20.2m
step 01920/02520 (76.19%) | loss: 2.865591 | lrm: 0.40 | dt: 2011.84ms | tok/sec: 260,601 | bf16_mfu: 0.00 | epoch: 1 pq: 22 rg: 44 | total time: 64.12m | eta: 20.1m
step 01921/02520 (76.23%) | loss: 2.873868 | lrm: 0.40 | dt: 2010.12ms | tok/sec: 260,823 | bf16_mfu: 0.00 | epoch: 1 pq: 22 rg: 45 | total time: 64.16m | eta: 20.1m
step 01922/02520 (76.27%) | loss: 2.868657 | lrm: 0.40 | dt: 2010.95ms | tok/sec: 260,717 | bf16_mfu: 0.00 | epoch: 1 pq: 22 rg: 46 | total time: 64.19m | eta: 20.1m
step 01923/02520 (76.31%) | loss: 2.866706 | lrm: 0.40 | dt: 2011.86ms | tok/sec: 260,598 | bf16_mfu: 0.00 | epoch: 1 pq: 22 rg: 47 | total time: 64.22m | eta: 20.0m
step 01924/02520 (76.35%) | loss: 2.863793 | lrm: 0.40 | dt: 2012.93ms | tok/sec: 260,460 | bf16_mfu: 0.00 | epoch: 1 pq: 22 rg: 48 | total time: 64.26m | eta: 20.0m
step 01925/02520 (76.39%) | loss: 2.851414 | lrm: 0.40 | dt: 2012.21ms | tok/sec: 260,553 | bf16_mfu: 0.00 | epoch: 1 pq: 22 rg: 49 | total time: 64.29m | eta: 20.0m
step 01926/02520 (76.43%) | loss: 2.843518 | lrm: 0.39 | dt: 2012.00ms | tok/sec: 260,580 | bf16_mfu: 0.00 | epoch: 1 pq: 22 rg: 50 | total time: 64.32m | eta: 19.9m
step 01927/02520 (76.47%) | loss: 2.831647 | lrm: 0.39 | dt: 2014.00ms | tok/sec: 260,322 | bf16_mfu: 0.00 | epoch: 1 pq: 22 rg: 51 | total time: 64.36m | eta: 19.9m
step 01928/02520 (76.51%) | loss: 2.840147 | lrm: 0.39 | dt: 2012.34ms | tok/sec: 260,537 | bf16_mfu: 0.00 | epoch: 1 pq: 22 rg: 52 | total time: 64.39m | eta: 19.9m
step 01929/02520 (76.55%) | loss: 2.843177 | lrm: 0.39 | dt: 2011.55ms | tok/sec: 260,638 | bf16_mfu: 0.00 | epoch: 1 pq: 22 rg: 53 | total time: 64.43m | eta: 19.8m
step 01930/02520 (76.59%) | loss: 2.855741 | lrm: 0.39 | dt: 2012.35ms | tok/sec: 260,534 | bf16_mfu: 0.00 | epoch: 1 pq: 22 rg: 54 | total time: 64.46m | eta: 19.8m
step 01931/02520 (76.63%) | loss: 2.852496 | lrm: 0.39 | dt: 2012.30ms | tok/sec: 260,541 | bf16_mfu: 0.00 | epoch: 1 pq: 22 rg: 55 | total time: 64.49m | eta: 19.8m
step 01932/02520 (76.67%) | loss: 2.858298 | lrm: 0.39 | dt: 2009.89ms | tok/sec: 260,853 | bf16_mfu: 0.00 | epoch: 1 pq: 22 rg: 56 | total time: 64.53m | eta: 19.7m
step 01933/02520 (76.71%) | loss: 2.853740 | lrm: 0.39 | dt: 2010.86ms | tok/sec: 260,728 | bf16_mfu: 0.00 | epoch: 1 pq: 22 rg: 57 | total time: 64.56m | eta: 19.7m
step 01934/02520 (76.75%) | loss: 2.867492 | lrm: 0.39 | dt: 2010.12ms | tok/sec: 260,823 | bf16_mfu: 0.00 | epoch: 1 pq: 22 rg: 58 | total time: 64.59m | eta: 19.7m
step 01935/02520 (76.79%) | loss: 2.857798 | lrm: 0.39 | dt: 2010.63ms | tok/sec: 260,758 | bf16_mfu: 0.00 | epoch: 1 pq: 22 rg: 59 | total time: 64.63m | eta: 19.6m
step 01936/02520 (76.83%) | loss: 2.870540 | lrm: 0.39 | dt: 2011.39ms | tok/sec: 260,659 | bf16_mfu: 0.00 | epoch: 1 pq: 22 rg: 60 | total time: 64.66m | eta: 19.6m
step 01937/02520 (76.87%) | loss: 2.871459 | lrm: 0.39 | dt: 2011.44ms | tok/sec: 260,652 | bf16_mfu: 0.00 | epoch: 1 pq: 22 rg: 61 | total time: 64.69m | eta: 19.6m
step 01938/02520 (76.90%) | loss: 2.881772 | lrm: 0.39 | dt: 2011.73ms | tok/sec: 260,614 | bf16_mfu: 0.00 | epoch: 1 pq: 22 rg: 62 | total time: 64.73m | eta: 19.5m
step 01939/02520 (76.94%) | loss: 2.888526 | lrm: 0.39 | dt: 2010.22ms | tok/sec: 260,811 | bf16_mfu: 0.00 | epoch: 1 pq: 22 rg: 63 | total time: 64.76m | eta: 19.5m
step 01940/02520 (76.98%) | loss: 2.882316 | lrm: 0.39 | dt: 2013.44ms | tok/sec: 260,393 | bf16_mfu: 0.00 | epoch: 1 pq: 22 rg: 64 | total time: 64.79m | eta: 19.5m
step 01941/02520 (77.02%) | loss: 2.886085 | lrm: 0.39 | dt: 2011.59ms | tok/sec: 260,633 | bf16_mfu: 0.00 | epoch: 1 pq: 22 rg: 65 | total time: 64.83m | eta: 19.4m
step 01942/02520 (77.06%) | loss: 2.888162 | lrm: 0.39 | dt: 2011.54ms | tok/sec: 260,640 | bf16_mfu: 0.00 | epoch: 1 pq: 22 rg: 66 | total time: 64.86m | eta: 19.4m
step 01943/02520 (77.10%) | loss: 2.887996 | lrm: 0.38 | dt: 2012.65ms | tok/sec: 260,496 | bf16_mfu: 0.00 | epoch: 1 pq: 22 rg: 67 | total time: 64.89m | eta: 19.4m
step 01944/02520 (77.14%) | loss: 2.880195 | lrm: 0.38 | dt: 2011.40ms | tok/sec: 260,657 | bf16_mfu: 0.00 | epoch: 1 pq: 22 rg: 68 | total time: 64.93m | eta: 19.3m
step 01945/02520 (77.18%) | loss: 2.877916 | lrm: 0.38 | dt: 2011.34ms | tok/sec: 260,666 | bf16_mfu: 0.00 | epoch: 1 pq: 22 rg: 69 | total time: 64.96m | eta: 19.3m
step 01946/02520 (77.22%) | loss: 2.879611 | lrm: 0.38 | dt: 2011.89ms | tok/sec: 260,594 | bf16_mfu: 0.00 | epoch: 1 pq: 22 rg: 70 | total time: 64.99m | eta: 19.3m
step 01947/02520 (77.26%) | loss: 2.875469 | lrm: 0.38 | dt: 2012.48ms | tok/sec: 260,518 | bf16_mfu: 0.00 | epoch: 1 pq: 22 rg: 71 | total time: 65.03m | eta: 19.2m
step 01948/02520 (77.30%) | loss: 2.872829 | lrm: 0.38 | dt: 2012.06ms | tok/sec: 260,573 | bf16_mfu: 0.00 | epoch: 1 pq: 22 rg: 72 | total time: 65.06m | eta: 19.2m
step 01949/02520 (77.34%) | loss: 2.882093 | lrm: 0.38 | dt: 2011.93ms | tok/sec: 260,589 | bf16_mfu: 0.00 | epoch: 1 pq: 22 rg: 73 | total time: 65.10m | eta: 19.2m
step 01950/02520 (77.38%) | loss: 2.879426 | lrm: 0.38 | dt: 2013.54ms | tok/sec: 260,380 | bf16_mfu: 0.00 | epoch: 1 pq: 22 rg: 74 | total time: 65.13m | eta: 19.1m
step 01951/02520 (77.42%) | loss: 2.886908 | lrm: 0.38 | dt: 2013.40ms | tok/sec: 260,399 | bf16_mfu: 0.00 | epoch: 1 pq: 22 rg: 75 | total time: 65.16m | eta: 19.1m
step 01952/02520 (77.46%) | loss: 2.893145 | lrm: 0.38 | dt: 2012.11ms | tok/sec: 260,566 | bf16_mfu: 0.00 | epoch: 1 pq: 22 rg: 76 | total time: 65.20m | eta: 19.1m
step 01953/02520 (77.50%) | loss: 2.882628 | lrm: 0.38 | dt: 2012.17ms | tok/sec: 260,559 | bf16_mfu: 0.00 | epoch: 1 pq: 22 rg: 77 | total time: 65.23m | eta: 19.0m
step 01954/02520 (77.54%) | loss: 2.887207 | lrm: 0.38 | dt: 2011.77ms | tok/sec: 260,610 | bf16_mfu: 0.00 | epoch: 1 pq: 22 rg: 78 | total time: 65.26m | eta: 19.0m
step 01955/02520 (77.58%) | loss: 2.875376 | lrm: 0.38 | dt: 2011.96ms | tok/sec: 260,585 | bf16_mfu: 0.00 | epoch: 1 pq: 22 rg: 79 | total time: 65.30m | eta: 19.0m
step 01956/02520 (77.62%) | loss: 2.879858 | lrm: 0.38 | dt: 2010.13ms | tok/sec: 260,823 | bf16_mfu: 0.00 | epoch: 1 pq: 22 rg: 79 | total time: 65.33m | eta: 18.9m
step 01957/02520 (77.66%) | loss: 2.874460 | lrm: 0.38 | dt: 2011.02ms | tok/sec: 260,706 | bf16_mfu: 0.00 | epoch: 1 pq: 22 rg: 80 | total time: 65.36m | eta: 18.9m
step 01958/02520 (77.70%) | loss: 2.872493 | lrm: 0.38 | dt: 2010.76ms | tok/sec: 260,741 | bf16_mfu: 0.00 | epoch: 1 pq: 22 rg: 81 | total time: 65.40m | eta: 18.9m
step 01959/02520 (77.74%) | loss: 2.869349 | lrm: 0.38 | dt: 2012.28ms | tok/sec: 260,544 | bf16_mfu: 0.00 | epoch: 1 pq: 22 rg: 82 | total time: 65.43m | eta: 18.8m
step 01960/02520 (77.78%) | loss: 2.862773 | lrm: 0.37 | dt: 2011.20ms | tok/sec: 260,684 | bf16_mfu: 0.00 | epoch: 1 pq: 22 rg: 83 | total time: 65.46m | eta: 18.8m
step 01961/02520 (77.82%) | loss: 2.859115 | lrm: 0.37 | dt: 2012.04ms | tok/sec: 260,575 | bf16_mfu: 0.00 | epoch: 1 pq: 23 rg: 0 | total time: 65.50m | eta: 18.8m
step 01962/02520 (77.86%) | loss: 2.855724 | lrm: 0.37 | dt: 2010.86ms | tok/sec: 260,727 | bf16_mfu: 0.00 | epoch: 1 pq: 23 rg: 1 | total time: 65.53m | eta: 18.7m
step 01963/02520 (77.90%) | loss: 2.852198 | lrm: 0.37 | dt: 2010.93ms | tok/sec: 260,719 | bf16_mfu: 0.00 | epoch: 1 pq: 23 rg: 2 | total time: 65.57m | eta: 18.7m
step 01964/02520 (77.94%) | loss: 2.845112 | lrm: 0.37 | dt: 2010.07ms | tok/sec: 260,830 | bf16_mfu: 0.00 | epoch: 1 pq: 23 rg: 3 | total time: 65.60m | eta: 18.7m
step 01965/02520 (77.98%) | loss: 2.837383 | lrm: 0.37 | dt: 2009.85ms | tok/sec: 260,859 | bf16_mfu: 0.00 | epoch: 1 pq: 23 rg: 4 | total time: 65.63m | eta: 18.6m
step 01966/02520 (78.02%) | loss: 2.837962 | lrm: 0.37 | dt: 2011.16ms | tok/sec: 260,689 | bf16_mfu: 0.00 | epoch: 1 pq: 23 rg: 5 | total time: 65.67m | eta: 18.6m
step 01967/02520 (78.06%) | loss: 2.839997 | lrm: 0.37 | dt: 2009.82ms | tok/sec: 260,863 | bf16_mfu: 0.00 | epoch: 1 pq: 23 rg: 6 | total time: 65.70m | eta: 18.6m
step 01968/02520 (78.10%) | loss: 2.839087 | lrm: 0.37 | dt: 2011.25ms | tok/sec: 260,677 | bf16_mfu: 0.00 | epoch: 1 pq: 23 rg: 7 | total time: 65.73m | eta: 18.5m
step 01969/02520 (78.13%) | loss: 2.842345 | lrm: 0.37 | dt: 2011.58ms | tok/sec: 260,635 | bf16_mfu: 0.00 | epoch: 1 pq: 23 rg: 8 | total time: 65.77m | eta: 18.5m
step 01970/02520 (78.17%) | loss: 2.845357 | lrm: 0.37 | dt: 2011.52ms | tok/sec: 260,642 | bf16_mfu: 0.00 | epoch: 1 pq: 23 rg: 9 | total time: 65.80m | eta: 18.5m
step 01971/02520 (78.21%) | loss: 2.855088 | lrm: 0.37 | dt: 2011.04ms | tok/sec: 260,705 | bf16_mfu: 0.00 | epoch: 1 pq: 23 rg: 10 | total time: 65.83m | eta: 18.4m
step 01972/02520 (78.25%) | loss: 2.848629 | lrm: 0.37 | dt: 2010.81ms | tok/sec: 260,735 | bf16_mfu: 0.00 | epoch: 1 pq: 23 rg: 11 | total time: 65.87m | eta: 18.4m
step 01973/02520 (78.29%) | loss: 2.841255 | lrm: 0.37 | dt: 2012.03ms | tok/sec: 260,576 | bf16_mfu: 0.00 | epoch: 1 pq: 23 rg: 12 | total time: 65.90m | eta: 18.4m
step 01974/02520 (78.33%) | loss: 2.851810 | lrm: 0.37 | dt: 2009.02ms | tok/sec: 260,966 | bf16_mfu: 0.00 | epoch: 1 pq: 23 rg: 13 | total time: 65.93m | eta: 18.3m
step 01975/02520 (78.37%) | loss: 2.857295 | lrm: 0.37 | dt: 2010.22ms | tok/sec: 260,811 | bf16_mfu: 0.00 | epoch: 1 pq: 23 rg: 14 | total time: 65.97m | eta: 18.3m
step 01976/02520 (78.41%) | loss: 2.866174 | lrm: 0.37 | dt: 2010.41ms | tok/sec: 260,786 | bf16_mfu: 0.00 | epoch: 1 pq: 23 rg: 15 | total time: 66.00m | eta: 18.3m
step 01977/02520 (78.45%) | loss: 2.867118 | lrm: 0.36 | dt: 2009.67ms | tok/sec: 260,882 | bf16_mfu: 0.00 | epoch: 1 pq: 23 rg: 16 | total time: 66.03m | eta: 18.2m
step 01978/02520 (78.49%) | loss: 2.862489 | lrm: 0.36 | dt: 2008.67ms | tok/sec: 261,012 | bf16_mfu: 0.00 | epoch: 1 pq: 23 rg: 17 | total time: 66.07m | eta: 18.2m
step 01979/02520 (78.53%) | loss: 2.860322 | lrm: 0.36 | dt: 2011.25ms | tok/sec: 260,677 | bf16_mfu: 0.00 | epoch: 1 pq: 23 rg: 18 | total time: 66.10m | eta: 18.2m
step 01980/02520 (78.57%) | loss: 2.850868 | lrm: 0.36 | dt: 2008.61ms | tok/sec: 261,019 | bf16_mfu: 0.00 | epoch: 1 pq: 23 rg: 19 | total time: 66.13m | eta: 18.1m
step 01981/02520 (78.61%) | loss: 2.852736 | lrm: 0.36 | dt: 2012.50ms | tok/sec: 260,516 | bf16_mfu: 0.00 | epoch: 1 pq: 23 rg: 20 | total time: 66.17m | eta: 18.1m
step 01982/02520 (78.65%) | loss: 2.848575 | lrm: 0.36 | dt: 2008.90ms | tok/sec: 260,983 | bf16_mfu: 0.00 | epoch: 1 pq: 23 rg: 21 | total time: 66.20m | eta: 18.1m
step 01983/02520 (78.69%) | loss: 2.848330 | lrm: 0.36 | dt: 2010.50ms | tok/sec: 260,774 | bf16_mfu: 0.00 | epoch: 1 pq: 23 rg: 22 | total time: 66.24m | eta: 18.0m
step 01984/02520 (78.73%) | loss: 2.857058 | lrm: 0.36 | dt: 2009.20ms | tok/sec: 260,943 | bf16_mfu: 0.00 | epoch: 1 pq: 23 rg: 23 | total time: 66.27m | eta: 18.0m
step 01985/02520 (78.77%) | loss: 2.855465 | lrm: 0.36 | dt: 2008.87ms | tok/sec: 260,986 | bf16_mfu: 0.00 | epoch: 1 pq: 23 rg: 24 | total time: 66.30m | eta: 18.0m
step 01986/02520 (78.81%) | loss: 2.853812 | lrm: 0.36 | dt: 2009.09ms | tok/sec: 260,957 | bf16_mfu: 0.00 | epoch: 1 pq: 23 rg: 25 | total time: 66.34m | eta: 17.9m
step 01987/02520 (78.85%) | loss: 2.860709 | lrm: 0.36 | dt: 2009.31ms | tok/sec: 260,929 | bf16_mfu: 0.00 | epoch: 1 pq: 23 rg: 26 | total time: 66.37m | eta: 17.9m
step 01988/02520 (78.89%) | loss: 2.873955 | lrm: 0.36 | dt: 2010.25ms | tok/sec: 260,807 | bf16_mfu: 0.00 | epoch: 1 pq: 23 rg: 26 | total time: 66.40m | eta: 17.9m
step 01989/02520 (78.93%) | loss: 2.867485 | lrm: 0.36 | dt: 2012.28ms | tok/sec: 260,544 | bf16_mfu: 0.00 | epoch: 1 pq: 23 rg: 27 | total time: 66.44m | eta: 17.8m
step 01990/02520 (78.97%) | loss: 2.860774 | lrm: 0.36 | dt: 2010.49ms | tok/sec: 260,776 | bf16_mfu: 0.00 | epoch: 1 pq: 23 rg: 28 | total time: 66.47m | eta: 17.8m
step 01991/02520 (79.01%) | loss: 2.860271 | lrm: 0.36 | dt: 2013.10ms | tok/sec: 260,438 | bf16_mfu: 0.00 | epoch: 1 pq: 23 rg: 29 | total time: 66.50m | eta: 17.8m
step 01992/02520 (79.05%) | loss: 2.871907 | lrm: 0.36 | dt: 2012.20ms | tok/sec: 260,554 | bf16_mfu: 0.00 | epoch: 1 pq: 23 rg: 30 | total time: 66.54m | eta: 17.7m
step 01993/02520 (79.09%) | loss: 2.874205 | lrm: 0.36 | dt: 2011.10ms | tok/sec: 260,696 | bf16_mfu: 0.00 | epoch: 1 pq: 23 rg: 31 | total time: 66.57m | eta: 17.7m
step 01994/02520 (79.13%) | loss: 2.865061 | lrm: 0.36 | dt: 2010.28ms | tok/sec: 260,803 | bf16_mfu: 0.00 | epoch: 1 pq: 23 rg: 32 | total time: 66.60m | eta: 17.7m
step 01995/02520 (79.17%) | loss: 2.876071 | lrm: 0.35 | dt: 2008.66ms | tok/sec: 261,013 | bf16_mfu: 0.00 | epoch: 1 pq: 23 rg: 33 | total time: 66.64m | eta: 17.6m
step 01996/02520 (79.21%) | loss: 2.880346 | lrm: 0.35 | dt: 2011.99ms | tok/sec: 260,581 | bf16_mfu: 0.00 | epoch: 1 pq: 23 rg: 34 | total time: 66.67m | eta: 17.6m
step 01997/02520 (79.25%) | loss: 2.874820 | lrm: 0.35 | dt: 2009.26ms | tok/sec: 260,935 | bf16_mfu: 0.00 | epoch: 1 pq: 23 rg: 35 | total time: 66.70m | eta: 17.6m
step 01998/02520 (79.29%) | loss: 2.852043 | lrm: 0.35 | dt: 2011.04ms | tok/sec: 260,705 | bf16_mfu: 0.00 | epoch: 1 pq: 23 rg: 36 | total time: 66.74m | eta: 17.5m
step 01999/02520 (79.33%) | loss: 2.854198 | lrm: 0.35 | dt: 2011.28ms | tok/sec: 260,673 | bf16_mfu: 0.00 | epoch: 1 pq: 23 rg: 37 | total time: 66.77m | eta: 17.5m
Step 02000 | Validation bpb: 0.871019
step 02000/02520 (79.37%) | loss: 2.848925 | lrm: 0.35 | dt: 1995.83ms | tok/sec: 262,691 | bf16_mfu: 0.00 | epoch: 1 pq: 23 rg: 38 | total time: 66.80m | eta: 17.5m
step 02001/02520 (79.40%) | loss: 2.846872 | lrm: 0.35 | dt: 2001.22ms | tok/sec: 261,983 | bf16_mfu: 0.00 | epoch: 1 pq: 23 rg: 39 | total time: 66.84m | eta: 17.4m
step 02002/02520 (79.44%) | loss: 2.853600 | lrm: 0.35 | dt: 2003.14ms | tok/sec: 261,732 | bf16_mfu: 0.00 | epoch: 1 pq: 23 rg: 40 | total time: 66.87m | eta: 17.4m
step 02003/02520 (79.48%) | loss: 2.867013 | lrm: 0.35 | dt: 2003.39ms | tok/sec: 261,700 | bf16_mfu: 0.00 | epoch: 1 pq: 23 rg: 41 | total time: 66.90m | eta: 17.4m
step 02004/02520 (79.52%) | loss: 2.872303 | lrm: 0.35 | dt: 2003.22ms | tok/sec: 261,722 | bf16_mfu: 0.00 | epoch: 1 pq: 23 rg: 42 | total time: 66.94m | eta: 17.3m
step 02005/02520 (79.56%) | loss: 2.871713 | lrm: 0.35 | dt: 2003.39ms | tok/sec: 261,700 | bf16_mfu: 0.00 | epoch: 1 pq: 23 rg: 43 | total time: 66.97m | eta: 17.3m
step 02006/02520 (79.60%) | loss: 2.865130 | lrm: 0.35 | dt: 2001.43ms | tok/sec: 261,957 | bf16_mfu: 0.00 | epoch: 1 pq: 23 rg: 44 | total time: 67.00m | eta: 17.3m
step 02007/02520 (79.64%) | loss: 2.859983 | lrm: 0.35 | dt: 2002.03ms | tok/sec: 261,878 | bf16_mfu: 0.00 | epoch: 1 pq: 23 rg: 45 | total time: 67.04m | eta: 17.2m
step 02008/02520 (79.68%) | loss: 2.863955 | lrm: 0.35 | dt: 2003.03ms | tok/sec: 261,747 | bf16_mfu: 0.00 | epoch: 1 pq: 23 rg: 46 | total time: 67.07m | eta: 17.2m
step 02009/02520 (79.72%) | loss: 2.855242 | lrm: 0.35 | dt: 2003.78ms | tok/sec: 261,649 | bf16_mfu: 0.00 | epoch: 1 pq: 23 rg: 47 | total time: 67.10m | eta: 17.2m
step 02010/02520 (79.76%) | loss: 2.858292 | lrm: 0.35 | dt: 2002.72ms | tok/sec: 261,787 | bf16_mfu: 0.00 | epoch: 1 pq: 23 rg: 48 | total time: 67.14m | eta: 17.1m
step 02011/02520 (79.80%) | loss: 2.865833 | lrm: 0.35 | dt: 2002.71ms | tok/sec: 261,789 | bf16_mfu: 0.00 | epoch: 1 pq: 23 rg: 49 | total time: 67.17m | eta: 17.1m
step 02012/02520 (79.84%) | loss: 2.864697 | lrm: 0.34 | dt: 2004.73ms | tok/sec: 261,525 | bf16_mfu: 0.00 | epoch: 1 pq: 23 rg: 50 | total time: 67.21m | eta: 17.1m
step 02013/02520 (79.88%) | loss: 2.859064 | lrm: 0.34 | dt: 2006.86ms | tok/sec: 261,248 | bf16_mfu: 0.00 | epoch: 1 pq: 23 rg: 51 | total time: 67.24m | eta: 17.0m
step 02014/02520 (79.92%) | loss: 2.864743 | lrm: 0.34 | dt: 2005.33ms | tok/sec: 261,447 | bf16_mfu: 0.00 | epoch: 1 pq: 23 rg: 52 | total time: 67.27m | eta: 17.0m
step 02015/02520 (79.96%) | loss: 2.864869 | lrm: 0.34 | dt: 2004.43ms | tok/sec: 261,564 | bf16_mfu: 0.00 | epoch: 1 pq: 23 rg: 53 | total time: 67.31m | eta: 17.0m
step 02016/02520 (80.00%) | loss: 2.864141 | lrm: 0.34 | dt: 2004.65ms | tok/sec: 261,535 | bf16_mfu: 0.00 | epoch: 1 pq: 23 rg: 54 | total time: 67.34m | eta: 16.9m
step 02017/02520 (80.04%) | loss: 2.853263 | lrm: 0.34 | dt: 2004.47ms | tok/sec: 261,559 | bf16_mfu: 0.00 | epoch: 1 pq: 23 rg: 55 | total time: 67.37m | eta: 16.9m
step 02018/02520 (80.08%) | loss: 2.850314 | lrm: 0.34 | dt: 2003.41ms | tok/sec: 261,698 | bf16_mfu: 0.00 | epoch: 1 pq: 23 rg: 56 | total time: 67.41m | eta: 16.9m
step 02019/02520 (80.12%) | loss: 2.856116 | lrm: 0.34 | dt: 2004.79ms | tok/sec: 261,518 | bf16_mfu: 0.00 | epoch: 1 pq: 23 rg: 57 | total time: 67.44m | eta: 16.8m
step 02020/02520 (80.16%) | loss: 2.857213 | lrm: 0.34 | dt: 2005.78ms | tok/sec: 261,389 | bf16_mfu: 0.00 | epoch: 1 pq: 23 rg: 58 | total time: 67.47m | eta: 16.8m
step 02021/02520 (80.20%) | loss: 2.844859 | lrm: 0.34 | dt: 2004.85ms | tok/sec: 261,510 | bf16_mfu: 0.00 | epoch: 1 pq: 23 rg: 58 | total time: 67.51m | eta: 16.8m
step 02022/02520 (80.24%) | loss: 2.854111 | lrm: 0.34 | dt: 2005.93ms | tok/sec: 261,368 | bf16_mfu: 0.00 | epoch: 1 pq: 23 rg: 59 | total time: 67.54m | eta: 16.7m
step 02023/02520 (80.28%) | loss: 2.849652 | lrm: 0.34 | dt: 2007.38ms | tok/sec: 261,180 | bf16_mfu: 0.00 | epoch: 1 pq: 23 rg: 60 | total time: 67.57m | eta: 16.7m
step 02024/02520 (80.32%) | loss: 2.854806 | lrm: 0.34 | dt: 2007.03ms | tok/sec: 261,226 | bf16_mfu: 0.00 | epoch: 1 pq: 23 rg: 61 | total time: 67.61m | eta: 16.6m
step 02025/02520 (80.36%) | loss: 2.846803 | lrm: 0.34 | dt: 2005.64ms | tok/sec: 261,406 | bf16_mfu: 0.00 | epoch: 1 pq: 23 rg: 62 | total time: 67.64m | eta: 16.6m
step 02026/02520 (80.40%) | loss: 2.839033 | lrm: 0.34 | dt: 2006.60ms | tok/sec: 261,282 | bf16_mfu: 0.00 | epoch: 1 pq: 23 rg: 63 | total time: 67.67m | eta: 16.6m
step 02027/02520 (80.44%) | loss: 2.839425 | lrm: 0.34 | dt: 2006.83ms | tok/sec: 261,251 | bf16_mfu: 0.00 | epoch: 1 pq: 23 rg: 64 | total time: 67.71m | eta: 16.5m
step 02028/02520 (80.48%) | loss: 2.845563 | lrm: 0.34 | dt: 2007.04ms | tok/sec: 261,224 | bf16_mfu: 0.00 | epoch: 1 pq: 23 rg: 65 | total time: 67.74m | eta: 16.5m
step 02029/02520 (80.52%) | loss: 2.842432 | lrm: 0.33 | dt: 2006.30ms | tok/sec: 261,321 | bf16_mfu: 0.00 | epoch: 1 pq: 23 rg: 66 | total time: 67.77m | eta: 16.5m
step 02030/02520 (80.56%) | loss: 2.835902 | lrm: 0.33 | dt: 2006.75ms | tok/sec: 261,261 | bf16_mfu: 0.00 | epoch: 1 pq: 23 rg: 67 | total time: 67.81m | eta: 16.4m
step 02031/02520 (80.60%) | loss: 2.839007 | lrm: 0.33 | dt: 2008.05ms | tok/sec: 261,092 | bf16_mfu: 0.00 | epoch: 1 pq: 23 rg: 68 | total time: 67.84m | eta: 16.4m
step 02032/02520 (80.63%) | loss: 2.837550 | lrm: 0.33 | dt: 2007.02ms | tok/sec: 261,227 | bf16_mfu: 0.00 | epoch: 1 pq: 23 rg: 69 | total time: 67.87m | eta: 16.4m
step 02033/02520 (80.67%) | loss: 2.837118 | lrm: 0.33 | dt: 2008.22ms | tok/sec: 261,070 | bf16_mfu: 0.00 | epoch: 1 pq: 23 rg: 70 | total time: 67.91m | eta: 16.3m
step 02034/02520 (80.71%) | loss: 2.842893 | lrm: 0.33 | dt: 2007.37ms | tok/sec: 261,181 | bf16_mfu: 0.00 | epoch: 1 pq: 23 rg: 71 | total time: 67.94m | eta: 16.3m
step 02035/02520 (80.75%) | loss: 2.849691 | lrm: 0.33 | dt: 2008.85ms | tok/sec: 260,989 | bf16_mfu: 0.00 | epoch: 1 pq: 23 rg: 72 | total time: 67.97m | eta: 16.3m
step 02036/02520 (80.79%) | loss: 2.855531 | lrm: 0.33 | dt: 2006.00ms | tok/sec: 261,359 | bf16_mfu: 0.00 | epoch: 1 pq: 23 rg: 73 | total time: 68.01m | eta: 16.2m
step 02037/02520 (80.83%) | loss: 2.859127 | lrm: 0.33 | dt: 2005.20ms | tok/sec: 261,463 | bf16_mfu: 0.00 | epoch: 1 pq: 23 rg: 74 | total time: 68.04m | eta: 16.2m
step 02038/02520 (80.87%) | loss: 2.849898 | lrm: 0.33 | dt: 2006.21ms | tok/sec: 261,332 | bf16_mfu: 0.00 | epoch: 1 pq: 23 rg: 75 | total time: 68.07m | eta: 16.2m
step 02039/02520 (80.91%) | loss: 2.858071 | lrm: 0.33 | dt: 2009.11ms | tok/sec: 260,955 | bf16_mfu: 0.00 | epoch: 1 pq: 23 rg: 76 | total time: 68.11m | eta: 16.1m
step 02040/02520 (80.95%) | loss: 2.867777 | lrm: 0.33 | dt: 2006.36ms | tok/sec: 261,313 | bf16_mfu: 0.00 | epoch: 1 pq: 23 rg: 77 | total time: 68.14m | eta: 16.1m
step 02041/02520 (80.99%) | loss: 2.860515 | lrm: 0.33 | dt: 2006.36ms | tok/sec: 261,312 | bf16_mfu: 0.00 | epoch: 1 pq: 23 rg: 78 | total time: 68.17m | eta: 16.1m
step 02042/02520 (81.03%) | loss: 2.859296 | lrm: 0.33 | dt: 2009.33ms | tok/sec: 260,926 | bf16_mfu: 0.00 | epoch: 1 pq: 23 rg: 79 | total time: 68.21m | eta: 16.0m
step 02043/02520 (81.07%) | loss: 2.844829 | lrm: 0.33 | dt: 2009.94ms | tok/sec: 260,847 | bf16_mfu: 0.00 | epoch: 1 pq: 23 rg: 80 | total time: 68.24m | eta: 16.0m
step 02044/02520 (81.11%) | loss: 2.852970 | lrm: 0.33 | dt: 2009.02ms | tok/sec: 260,967 | bf16_mfu: 0.00 | epoch: 1 pq: 23 rg: 81 | total time: 68.28m | eta: 16.0m
step 02045/02520 (81.15%) | loss: 2.858599 | lrm: 0.33 | dt: 2008.36ms | tok/sec: 261,053 | bf16_mfu: 0.00 | epoch: 1 pq: 23 rg: 82 | total time: 68.31m | eta: 15.9m
step 02046/02520 (81.19%) | loss: 2.864345 | lrm: 0.32 | dt: 2008.80ms | tok/sec: 260,996 | bf16_mfu: 0.00 | epoch: 1 pq: 24 rg: 0 | total time: 68.34m | eta: 15.9m
step 02047/02520 (81.23%) | loss: 2.865212 | lrm: 0.32 | dt: 2007.57ms | tok/sec: 261,155 | bf16_mfu: 0.00 | epoch: 1 pq: 24 rg: 1 | total time: 68.38m | eta: 15.9m
step 02048/02520 (81.27%) | loss: 2.865798 | lrm: 0.32 | dt: 2006.63ms | tok/sec: 261,277 | bf16_mfu: 0.00 | epoch: 1 pq: 24 rg: 2 | total time: 68.41m | eta: 15.8m
step 02049/02520 (81.31%) | loss: 2.862025 | lrm: 0.32 | dt: 2010.69ms | tok/sec: 260,750 | bf16_mfu: 0.00 | epoch: 1 pq: 24 rg: 3 | total time: 68.44m | eta: 15.8m
step 02050/02520 (81.35%) | loss: 2.862886 | lrm: 0.32 | dt: 2008.23ms | tok/sec: 261,069 | bf16_mfu: 0.00 | epoch: 1 pq: 24 rg: 4 | total time: 68.48m | eta: 15.8m
step 02051/02520 (81.39%) | loss: 2.862367 | lrm: 0.32 | dt: 2009.05ms | tok/sec: 260,963 | bf16_mfu: 0.00 | epoch: 1 pq: 24 rg: 5 | total time: 68.51m | eta: 15.7m
step 02052/02520 (81.43%) | loss: 2.860507 | lrm: 0.32 | dt: 2007.68ms | tok/sec: 261,141 | bf16_mfu: 0.00 | epoch: 1 pq: 24 rg: 5 | total time: 68.54m | eta: 15.7m
step 02053/02520 (81.47%) | loss: 2.860304 | lrm: 0.32 | dt: 2008.82ms | tok/sec: 260,992 | bf16_mfu: 0.00 | epoch: 1 pq: 24 rg: 6 | total time: 68.58m | eta: 15.7m
step 02054/02520 (81.51%) | loss: 2.858033 | lrm: 0.32 | dt: 2008.58ms | tok/sec: 261,024 | bf16_mfu: 0.00 | epoch: 1 pq: 24 rg: 7 | total time: 68.61m | eta: 15.6m
step 02055/02520 (81.55%) | loss: 2.854578 | lrm: 0.32 | dt: 2007.32ms | tok/sec: 261,188 | bf16_mfu: 0.00 | epoch: 1 pq: 24 rg: 8 | total time: 68.64m | eta: 15.6m
step 02056/02520 (81.59%) | loss: 2.855502 | lrm: 0.32 | dt: 2009.49ms | tok/sec: 260,906 | bf16_mfu: 0.00 | epoch: 1 pq: 24 rg: 9 | total time: 68.68m | eta: 15.6m
step 02057/02520 (81.63%) | loss: 2.865987 | lrm: 0.32 | dt: 2005.91ms | tok/sec: 261,371 | bf16_mfu: 0.00 | epoch: 1 pq: 24 rg: 10 | total time: 68.71m | eta: 15.5m
step 02058/02520 (81.67%) | loss: 2.864141 | lrm: 0.32 | dt: 2007.69ms | tok/sec: 261,140 | bf16_mfu: 0.00 | epoch: 1 pq: 24 rg: 11 | total time: 68.74m | eta: 15.5m
step 02059/02520 (81.71%) | loss: 2.855290 | lrm: 0.32 | dt: 2008.57ms | tok/sec: 261,025 | bf16_mfu: 0.00 | epoch: 1 pq: 24 rg: 12 | total time: 68.78m | eta: 15.5m
step 02060/02520 (81.75%) | loss: 2.850645 | lrm: 0.32 | dt: 2006.57ms | tok/sec: 261,286 | bf16_mfu: 0.00 | epoch: 1 pq: 24 rg: 13 | total time: 68.81m | eta: 15.4m
step 02061/02520 (81.79%) | loss: 2.858751 | lrm: 0.32 | dt: 2009.36ms | tok/sec: 260,922 | bf16_mfu: 0.00 | epoch: 1 pq: 24 rg: 14 | total time: 68.84m | eta: 15.4m
step 02062/02520 (81.83%) | loss: 2.858389 | lrm: 0.32 | dt: 2009.79ms | tok/sec: 260,866 | bf16_mfu: 0.00 | epoch: 1 pq: 24 rg: 15 | total time: 68.88m | eta: 15.4m
step 02063/02520 (81.87%) | loss: 2.856969 | lrm: 0.32 | dt: 2008.97ms | tok/sec: 260,973 | bf16_mfu: 0.00 | epoch: 1 pq: 24 rg: 16 | total time: 68.91m | eta: 15.3m
step 02064/02520 (81.90%) | loss: 2.857896 | lrm: 0.31 | dt: 2009.04ms | tok/sec: 260,964 | bf16_mfu: 0.00 | epoch: 1 pq: 24 rg: 17 | total time: 68.94m | eta: 15.3m
step 02065/02520 (81.94%) | loss: 2.849795 | lrm: 0.31 | dt: 2008.86ms | tok/sec: 260,987 | bf16_mfu: 0.00 | epoch: 1 pq: 24 rg: 18 | total time: 68.98m | eta: 15.3m
step 02066/02520 (81.98%) | loss: 2.847446 | lrm: 0.31 | dt: 2008.59ms | tok/sec: 261,023 | bf16_mfu: 0.00 | epoch: 1 pq: 24 rg: 19 | total time: 69.01m | eta: 15.2m
step 02067/02520 (82.02%) | loss: 2.840938 | lrm: 0.31 | dt: 2008.53ms | tok/sec: 261,030 | bf16_mfu: 0.00 | epoch: 1 pq: 24 rg: 20 | total time: 69.05m | eta: 15.2m
step 02068/02520 (82.06%) | loss: 2.856348 | lrm: 0.31 | dt: 2008.36ms | tok/sec: 261,052 | bf16_mfu: 0.00 | epoch: 1 pq: 24 rg: 21 | total time: 69.08m | eta: 15.2m
step 02069/02520 (82.10%) | loss: 2.842983 | lrm: 0.31 | dt: 2009.25ms | tok/sec: 260,937 | bf16_mfu: 0.00 | epoch: 1 pq: 24 rg: 22 | total time: 69.11m | eta: 15.1m
step 02070/02520 (82.14%) | loss: 2.848460 | lrm: 0.31 | dt: 2008.93ms | tok/sec: 260,979 | bf16_mfu: 0.00 | epoch: 1 pq: 24 rg: 23 | total time: 69.15m | eta: 15.1m
step 02071/02520 (82.18%) | loss: 2.863332 | lrm: 0.31 | dt: 2008.74ms | tok/sec: 261,003 | bf16_mfu: 0.00 | epoch: 1 pq: 24 rg: 24 | total time: 69.18m | eta: 15.1m
step 02072/02520 (82.22%) | loss: 2.859698 | lrm: 0.31 | dt: 2008.78ms | tok/sec: 260,998 | bf16_mfu: 0.00 | epoch: 1 pq: 24 rg: 25 | total time: 69.21m | eta: 15.0m
step 02073/02520 (82.26%) | loss: 2.854578 | lrm: 0.31 | dt: 2009.98ms | tok/sec: 260,842 | bf16_mfu: 0.00 | epoch: 1 pq: 24 rg: 26 | total time: 69.25m | eta: 15.0m
step 02074/02520 (82.30%) | loss: 2.848999 | lrm: 0.31 | dt: 2008.46ms | tok/sec: 261,039 | bf16_mfu: 0.00 | epoch: 1 pq: 24 rg: 27 | total time: 69.28m | eta: 15.0m
step 02075/02520 (82.34%) | loss: 2.848212 | lrm: 0.31 | dt: 2011.44ms | tok/sec: 260,652 | bf16_mfu: 0.00 | epoch: 1 pq: 24 rg: 28 | total time: 69.31m | eta: 14.9m
step 02076/02520 (82.38%) | loss: 2.854086 | lrm: 0.31 | dt: 2008.51ms | tok/sec: 261,033 | bf16_mfu: 0.00 | epoch: 1 pq: 24 rg: 29 | total time: 69.35m | eta: 14.9m
step 02077/02520 (82.42%) | loss: 2.856684 | lrm: 0.31 | dt: 2010.56ms | tok/sec: 260,767 | bf16_mfu: 0.00 | epoch: 1 pq: 24 rg: 30 | total time: 69.38m | eta: 14.9m
step 02078/02520 (82.46%) | loss: 2.859582 | lrm: 0.31 | dt: 2008.16ms | tok/sec: 261,078 | bf16_mfu: 0.00 | epoch: 1 pq: 24 rg: 31 | total time: 69.41m | eta: 14.8m
step 02079/02520 (82.50%) | loss: 2.864306 | lrm: 0.31 | dt: 2009.70ms | tok/sec: 260,879 | bf16_mfu: 0.00 | epoch: 1 pq: 24 rg: 32 | total time: 69.45m | eta: 14.8m
step 02080/02520 (82.54%) | loss: 2.865484 | lrm: 0.31 | dt: 2009.03ms | tok/sec: 260,965 | bf16_mfu: 0.00 | epoch: 1 pq: 24 rg: 32 | total time: 69.48m | eta: 14.8m
step 02081/02520 (82.58%) | loss: 2.859851 | lrm: 0.30 | dt: 2009.04ms | tok/sec: 260,964 | bf16_mfu: 0.00 | epoch: 1 pq: 24 rg: 33 | total time: 69.51m | eta: 14.7m
step 02082/02520 (82.62%) | loss: 2.862837 | lrm: 0.30 | dt: 2008.20ms | tok/sec: 261,073 | bf16_mfu: 0.00 | epoch: 1 pq: 24 rg: 34 | total time: 69.55m | eta: 14.7m
step 02083/02520 (82.66%) | loss: 2.850664 | lrm: 0.30 | dt: 2008.95ms | tok/sec: 260,975 | bf16_mfu: 0.00 | epoch: 1 pq: 24 rg: 35 | total time: 69.58m | eta: 14.7m
step 02084/02520 (82.70%) | loss: 2.841379 | lrm: 0.30 | dt: 2009.70ms | tok/sec: 260,879 | bf16_mfu: 0.00 | epoch: 1 pq: 24 rg: 36 | total time: 69.61m | eta: 14.6m
step 02085/02520 (82.74%) | loss: 2.848542 | lrm: 0.30 | dt: 2007.46ms | tok/sec: 261,170 | bf16_mfu: 0.00 | epoch: 1 pq: 24 rg: 37 | total time: 69.65m | eta: 14.6m
step 02086/02520 (82.78%) | loss: 2.862152 | lrm: 0.30 | dt: 2007.20ms | tok/sec: 261,204 | bf16_mfu: 0.00 | epoch: 1 pq: 24 rg: 38 | total time: 69.68m | eta: 14.6m
step 02087/02520 (82.82%) | loss: 2.849399 | lrm: 0.30 | dt: 2007.82ms | tok/sec: 261,123 | bf16_mfu: 0.00 | epoch: 1 pq: 24 rg: 39 | total time: 69.71m | eta: 14.5m
step 02088/02520 (82.86%) | loss: 2.866292 | lrm: 0.30 | dt: 2007.50ms | tok/sec: 261,164 | bf16_mfu: 0.00 | epoch: 1 pq: 24 rg: 40 | total time: 69.75m | eta: 14.5m
step 02089/02520 (82.90%) | loss: 2.858341 | lrm: 0.30 | dt: 2008.67ms | tok/sec: 261,011 | bf16_mfu: 0.00 | epoch: 1 pq: 24 rg: 41 | total time: 69.78m | eta: 14.5m
step 02090/02520 (82.94%) | loss: 2.846696 | lrm: 0.30 | dt: 2008.12ms | tok/sec: 261,084 | bf16_mfu: 0.00 | epoch: 1 pq: 24 rg: 42 | total time: 69.82m | eta: 14.4m
step 02091/02520 (82.98%) | loss: 2.850584 | lrm: 0.30 | dt: 2009.49ms | tok/sec: 260,905 | bf16_mfu: 0.00 | epoch: 1 pq: 24 rg: 43 | total time: 69.85m | eta: 14.4m
step 02092/02520 (83.02%) | loss: 2.851360 | lrm: 0.30 | dt: 2010.01ms | tok/sec: 260,839 | bf16_mfu: 0.00 | epoch: 1 pq: 24 rg: 44 | total time: 69.88m | eta: 14.4m
step 02093/02520 (83.06%) | loss: 2.842709 | lrm: 0.30 | dt: 2009.51ms | tok/sec: 260,902 | bf16_mfu: 0.00 | epoch: 1 pq: 24 rg: 45 | total time: 69.92m | eta: 14.3m
step 02094/02520 (83.10%) | loss: 2.849447 | lrm: 0.30 | dt: 2008.97ms | tok/sec: 260,973 | bf16_mfu: 0.00 | epoch: 1 pq: 24 rg: 46 | total time: 69.95m | eta: 14.3m
step 02095/02520 (83.13%) | loss: 2.849084 | lrm: 0.30 | dt: 2008.70ms | tok/sec: 261,008 | bf16_mfu: 0.00 | epoch: 1 pq: 24 rg: 47 | total time: 69.98m | eta: 14.3m
step 02096/02520 (83.17%) | loss: 2.852128 | lrm: 0.30 | dt: 2007.57ms | tok/sec: 261,155 | bf16_mfu: 0.00 | epoch: 1 pq: 24 rg: 48 | total time: 70.02m | eta: 14.2m
step 02097/02520 (83.21%) | loss: 2.857781 | lrm: 0.30 | dt: 2007.63ms | tok/sec: 261,147 | bf16_mfu: 0.00 | epoch: 1 pq: 24 rg: 49 | total time: 70.05m | eta: 14.2m
step 02098/02520 (83.25%) | loss: 2.851487 | lrm: 0.29 | dt: 2010.10ms | tok/sec: 260,827 | bf16_mfu: 0.00 | epoch: 1 pq: 24 rg: 50 | total time: 70.08m | eta: 14.2m
step 02099/02520 (83.29%) | loss: 2.841556 | lrm: 0.29 | dt: 2008.63ms | tok/sec: 261,018 | bf16_mfu: 0.00 | epoch: 1 pq: 24 rg: 51 | total time: 70.12m | eta: 14.1m
step 02100/02520 (83.33%) | loss: 2.844074 | lrm: 0.29 | dt: 2010.42ms | tok/sec: 260,784 | bf16_mfu: 0.00 | epoch: 1 pq: 24 rg: 52 | total time: 70.15m | eta: 14.1m
step 02101/02520 (83.37%) | loss: 2.844126 | lrm: 0.29 | dt: 2008.94ms | tok/sec: 260,977 | bf16_mfu: 0.00 | epoch: 1 pq: 24 rg: 53 | total time: 70.18m | eta: 14.1m
step 02102/02520 (83.41%) | loss: 2.850069 | lrm: 0.29 | dt: 2008.94ms | tok/sec: 260,976 | bf16_mfu: 0.00 | epoch: 1 pq: 24 rg: 54 | total time: 70.22m | eta: 14.0m
step 02103/02520 (83.45%) | loss: 2.851496 | lrm: 0.29 | dt: 2011.88ms | tok/sec: 260,595 | bf16_mfu: 0.00 | epoch: 1 pq: 24 rg: 55 | total time: 70.25m | eta: 14.0m
step 02104/02520 (83.49%) | loss: 2.846675 | lrm: 0.29 | dt: 2008.43ms | tok/sec: 261,043 | bf16_mfu: 0.00 | epoch: 1 pq: 24 rg: 56 | total time: 70.28m | eta: 14.0m
step 02105/02520 (83.53%) | loss: 2.841197 | lrm: 0.29 | dt: 2009.84ms | tok/sec: 260,861 | bf16_mfu: 0.00 | epoch: 1 pq: 24 rg: 57 | total time: 70.32m | eta: 13.9m
step 02106/02520 (83.57%) | loss: 2.833763 | lrm: 0.29 | dt: 2009.11ms | tok/sec: 260,955 | bf16_mfu: 0.00 | epoch: 1 pq: 24 rg: 58 | total time: 70.35m | eta: 13.9m
step 02107/02520 (83.61%) | loss: 2.836755 | lrm: 0.29 | dt: 2009.48ms | tok/sec: 260,907 | bf16_mfu: 0.00 | epoch: 1 pq: 24 rg: 59 | total time: 70.38m | eta: 13.9m
step 02108/02520 (83.65%) | loss: 2.828491 | lrm: 0.29 | dt: 2010.38ms | tok/sec: 260,790 | bf16_mfu: 0.00 | epoch: 1 pq: 24 rg: 60 | total time: 70.42m | eta: 13.8m
step 02109/02520 (83.69%) | loss: 2.842187 | lrm: 0.29 | dt: 2009.12ms | tok/sec: 260,953 | bf16_mfu: 0.00 | epoch: 1 pq: 24 rg: 61 | total time: 70.45m | eta: 13.8m
step 02110/02520 (83.73%) | loss: 2.843731 | lrm: 0.29 | dt: 2007.53ms | tok/sec: 261,161 | bf16_mfu: 0.00 | epoch: 1 pq: 24 rg: 62 | total time: 70.48m | eta: 13.8m
step 02111/02520 (83.77%) | loss: 2.836767 | lrm: 0.29 | dt: 2009.29ms | tok/sec: 260,931 | bf16_mfu: 0.00 | epoch: 1 pq: 24 rg: 63 | total time: 70.52m | eta: 13.7m
step 02112/02520 (83.81%) | loss: 2.847929 | lrm: 0.29 | dt: 2008.08ms | tok/sec: 261,089 | bf16_mfu: 0.00 | epoch: 1 pq: 24 rg: 64 | total time: 70.55m | eta: 13.7m
step 02113/02520 (83.85%) | loss: 2.842833 | lrm: 0.29 | dt: 2009.78ms | tok/sec: 260,868 | bf16_mfu: 0.00 | epoch: 1 pq: 24 rg: 65 | total time: 70.59m | eta: 13.7m
step 02114/02520 (83.89%) | loss: 2.833744 | lrm: 0.29 | dt: 2009.80ms | tok/sec: 260,866 | bf16_mfu: 0.00 | epoch: 1 pq: 24 rg: 66 | total time: 70.62m | eta: 13.6m
step 02115/02520 (83.93%) | loss: 2.834488 | lrm: 0.28 | dt: 2011.53ms | tok/sec: 260,640 | bf16_mfu: 0.00 | epoch: 1 pq: 24 rg: 67 | total time: 70.65m | eta: 13.6m
step 02116/02520 (83.97%) | loss: 2.834182 | lrm: 0.28 | dt: 2008.77ms | tok/sec: 260,999 | bf16_mfu: 0.00 | epoch: 1 pq: 24 rg: 67 | total time: 70.69m | eta: 13.6m
step 02117/02520 (84.01%) | loss: 2.831701 | lrm: 0.28 | dt: 2008.33ms | tok/sec: 261,056 | bf16_mfu: 0.00 | epoch: 1 pq: 24 rg: 68 | total time: 70.72m | eta: 13.5m
step 02118/02520 (84.05%) | loss: 2.829329 | lrm: 0.28 | dt: 2009.65ms | tok/sec: 260,884 | bf16_mfu: 0.00 | epoch: 1 pq: 24 rg: 69 | total time: 70.75m | eta: 13.5m
step 02119/02520 (84.09%) | loss: 2.840397 | lrm: 0.28 | dt: 2008.99ms | tok/sec: 260,971 | bf16_mfu: 0.00 | epoch: 1 pq: 24 rg: 70 | total time: 70.79m | eta: 13.5m
step 02120/02520 (84.13%) | loss: 2.835544 | lrm: 0.28 | dt: 2010.21ms | tok/sec: 260,813 | bf16_mfu: 0.00 | epoch: 1 pq: 24 rg: 71 | total time: 70.82m | eta: 13.4m
step 02121/02520 (84.17%) | loss: 2.839318 | lrm: 0.28 | dt: 2010.45ms | tok/sec: 260,781 | bf16_mfu: 0.00 | epoch: 1 pq: 24 rg: 72 | total time: 70.85m | eta: 13.4m
step 02122/02520 (84.21%) | loss: 2.829747 | lrm: 0.28 | dt: 2009.63ms | tok/sec: 260,888 | bf16_mfu: 0.00 | epoch: 1 pq: 24 rg: 73 | total time: 70.89m | eta: 13.4m
step 02123/02520 (84.25%) | loss: 2.831156 | lrm: 0.28 | dt: 2010.37ms | tok/sec: 260,792 | bf16_mfu: 0.00 | epoch: 1 pq: 24 rg: 74 | total time: 70.92m | eta: 13.3m
step 02124/02520 (84.29%) | loss: 2.825435 | lrm: 0.28 | dt: 2010.03ms | tok/sec: 260,835 | bf16_mfu: 0.00 | epoch: 1 pq: 24 rg: 75 | total time: 70.95m | eta: 13.3m
step 02125/02520 (84.33%) | loss: 2.823418 | lrm: 0.28 | dt: 2010.31ms | tok/sec: 260,799 | bf16_mfu: 0.00 | epoch: 1 pq: 24 rg: 76 | total time: 70.99m | eta: 13.3m
step 02126/02520 (84.37%) | loss: 2.825719 | lrm: 0.28 | dt: 2007.47ms | tok/sec: 261,168 | bf16_mfu: 0.00 | epoch: 1 pq: 24 rg: 77 | total time: 71.02m | eta: 13.2m
step 02127/02520 (84.40%) | loss: 2.826265 | lrm: 0.28 | dt: 2008.43ms | tok/sec: 261,044 | bf16_mfu: 0.00 | epoch: 1 pq: 24 rg: 78 | total time: 71.05m | eta: 13.2m
step 02128/02520 (84.44%) | loss: 2.834296 | lrm: 0.28 | dt: 2008.68ms | tok/sec: 261,010 | bf16_mfu: 0.00 | epoch: 1 pq: 24 rg: 79 | total time: 71.09m | eta: 13.2m
step 02129/02520 (84.48%) | loss: 2.824676 | lrm: 0.28 | dt: 2009.15ms | tok/sec: 260,950 | bf16_mfu: 0.00 | epoch: 1 pq: 24 rg: 80 | total time: 71.12m | eta: 13.1m
step 02130/02520 (84.52%) | loss: 2.820728 | lrm: 0.28 | dt: 2008.78ms | tok/sec: 260,998 | bf16_mfu: 0.00 | epoch: 1 pq: 24 rg: 81 | total time: 71.15m | eta: 13.1m
step 02131/02520 (84.56%) | loss: 2.823243 | lrm: 0.28 | dt: 2008.07ms | tok/sec: 261,090 | bf16_mfu: 0.00 | epoch: 1 pq: 24 rg: 82 | total time: 71.19m | eta: 13.1m
step 02132/02520 (84.60%) | loss: 2.816810 | lrm: 0.28 | dt: 2009.92ms | tok/sec: 260,849 | bf16_mfu: 0.00 | epoch: 1 pq: 25 rg: 0 | total time: 71.22m | eta: 13.0m
step 02133/02520 (84.64%) | loss: 2.818133 | lrm: 0.27 | dt: 2008.79ms | tok/sec: 260,996 | bf16_mfu: 0.00 | epoch: 1 pq: 25 rg: 1 | total time: 71.26m | eta: 13.0m
step 02134/02520 (84.68%) | loss: 2.814041 | lrm: 0.27 | dt: 2009.34ms | tok/sec: 260,925 | bf16_mfu: 0.00 | epoch: 1 pq: 25 rg: 2 | total time: 71.29m | eta: 13.0m
step 02135/02520 (84.72%) | loss: 2.812975 | lrm: 0.27 | dt: 2009.59ms | tok/sec: 260,892 | bf16_mfu: 0.00 | epoch: 1 pq: 25 rg: 3 | total time: 71.32m | eta: 12.9m
step 02136/02520 (84.76%) | loss: 2.817722 | lrm: 0.27 | dt: 2008.29ms | tok/sec: 261,062 | bf16_mfu: 0.00 | epoch: 1 pq: 25 rg: 4 | total time: 71.36m | eta: 12.9m
step 02137/02520 (84.80%) | loss: 2.824411 | lrm: 0.27 | dt: 2008.63ms | tok/sec: 261,017 | bf16_mfu: 0.00 | epoch: 1 pq: 25 rg: 5 | total time: 71.39m | eta: 12.9m
step 02138/02520 (84.84%) | loss: 2.826650 | lrm: 0.27 | dt: 2007.07ms | tok/sec: 261,220 | bf16_mfu: 0.00 | epoch: 1 pq: 25 rg: 6 | total time: 71.42m | eta: 12.8m
step 02139/02520 (84.88%) | loss: 2.822299 | lrm: 0.27 | dt: 2009.61ms | tok/sec: 260,890 | bf16_mfu: 0.00 | epoch: 1 pq: 25 rg: 7 | total time: 71.46m | eta: 12.8m
step 02140/02520 (84.92%) | loss: 2.809385 | lrm: 0.27 | dt: 2008.17ms | tok/sec: 261,077 | bf16_mfu: 0.00 | epoch: 1 pq: 25 rg: 8 | total time: 71.49m | eta: 12.8m
step 02141/02520 (84.96%) | loss: 2.825937 | lrm: 0.27 | dt: 2008.76ms | tok/sec: 261,001 | bf16_mfu: 0.00 | epoch: 1 pq: 25 rg: 9 | total time: 71.52m | eta: 12.7m
step 02142/02520 (85.00%) | loss: 2.820421 | lrm: 0.27 | dt: 2009.67ms | tok/sec: 260,882 | bf16_mfu: 0.00 | epoch: 1 pq: 25 rg: 10 | total time: 71.56m | eta: 12.7m
step 02143/02520 (85.04%) | loss: 2.818347 | lrm: 0.27 | dt: 2011.14ms | tok/sec: 260,692 | bf16_mfu: 0.00 | epoch: 1 pq: 25 rg: 10 | total time: 71.59m | eta: 12.7m
step 02144/02520 (85.08%) | loss: 2.810171 | lrm: 0.27 | dt: 2008.64ms | tok/sec: 261,016 | bf16_mfu: 0.00 | epoch: 1 pq: 25 rg: 11 | total time: 71.62m | eta: 12.6m
step 02145/02520 (85.12%) | loss: 2.796043 | lrm: 0.27 | dt: 2008.16ms | tok/sec: 261,078 | bf16_mfu: 0.00 | epoch: 1 pq: 25 rg: 12 | total time: 71.66m | eta: 12.6m
step 02146/02520 (85.16%) | loss: 2.803145 | lrm: 0.27 | dt: 2011.25ms | tok/sec: 260,677 | bf16_mfu: 0.00 | epoch: 1 pq: 25 rg: 13 | total time: 71.69m | eta: 12.6m
step 02147/02520 (85.20%) | loss: 2.806278 | lrm: 0.27 | dt: 2009.33ms | tok/sec: 260,926 | bf16_mfu: 0.00 | epoch: 1 pq: 25 rg: 14 | total time: 71.72m | eta: 12.5m
step 02148/02520 (85.24%) | loss: 2.816898 | lrm: 0.27 | dt: 2009.73ms | tok/sec: 260,874 | bf16_mfu: 0.00 | epoch: 1 pq: 25 rg: 15 | total time: 71.76m | eta: 12.5m
step 02149/02520 (85.28%) | loss: 2.823420 | lrm: 0.27 | dt: 2010.55ms | tok/sec: 260,768 | bf16_mfu: 0.00 | epoch: 1 pq: 25 rg: 16 | total time: 71.79m | eta: 12.5m
step 02150/02520 (85.32%) | loss: 2.827743 | lrm: 0.26 | dt: 2011.30ms | tok/sec: 260,671 | bf16_mfu: 0.00 | epoch: 1 pq: 25 rg: 17 | total time: 71.82m | eta: 12.4m
step 02151/02520 (85.36%) | loss: 2.815339 | lrm: 0.26 | dt: 2009.70ms | tok/sec: 260,879 | bf16_mfu: 0.00 | epoch: 1 pq: 25 rg: 18 | total time: 71.86m | eta: 12.4m
step 02152/02520 (85.40%) | loss: 2.817292 | lrm: 0.26 | dt: 2008.83ms | tok/sec: 260,991 | bf16_mfu: 0.00 | epoch: 1 pq: 25 rg: 19 | total time: 71.89m | eta: 12.4m
step 02153/02520 (85.44%) | loss: 2.810849 | lrm: 0.26 | dt: 2011.32ms | tok/sec: 260,668 | bf16_mfu: 0.00 | epoch: 1 pq: 25 rg: 20 | total time: 71.93m | eta: 12.3m
step 02154/02520 (85.48%) | loss: 2.805240 | lrm: 0.26 | dt: 2009.23ms | tok/sec: 260,940 | bf16_mfu: 0.00 | epoch: 1 pq: 25 rg: 21 | total time: 71.96m | eta: 12.3m
step 02155/02520 (85.52%) | loss: 2.802127 | lrm: 0.26 | dt: 2010.92ms | tok/sec: 260,720 | bf16_mfu: 0.00 | epoch: 1 pq: 25 rg: 22 | total time: 71.99m | eta: 12.3m
step 02156/02520 (85.56%) | loss: 2.801306 | lrm: 0.26 | dt: 2011.71ms | tok/sec: 260,617 | bf16_mfu: 0.00 | epoch: 1 pq: 25 rg: 23 | total time: 72.03m | eta: 12.2m
step 02157/02520 (85.60%) | loss: 2.804593 | lrm: 0.26 | dt: 2011.59ms | tok/sec: 260,633 | bf16_mfu: 0.00 | epoch: 1 pq: 25 rg: 24 | total time: 72.06m | eta: 12.2m
step 02158/02520 (85.63%) | loss: 2.809671 | lrm: 0.26 | dt: 2009.03ms | tok/sec: 260,965 | bf16_mfu: 0.00 | epoch: 1 pq: 25 rg: 25 | total time: 72.09m | eta: 12.1m
step 02159/02520 (85.67%) | loss: 2.811185 | lrm: 0.26 | dt: 2010.23ms | tok/sec: 260,809 | bf16_mfu: 0.00 | epoch: 1 pq: 25 rg: 26 | total time: 72.13m | eta: 12.1m
step 02160/02520 (85.71%) | loss: 2.812169 | lrm: 0.26 | dt: 2007.82ms | tok/sec: 261,123 | bf16_mfu: 0.00 | epoch: 1 pq: 25 rg: 27 | total time: 72.16m | eta: 12.1m
step 02161/02520 (85.75%) | loss: 2.792599 | lrm: 0.26 | dt: 2009.22ms | tok/sec: 260,941 | bf16_mfu: 0.00 | epoch: 1 pq: 25 rg: 28 | total time: 72.19m | eta: 12.0m
step 02162/02520 (85.79%) | loss: 2.795688 | lrm: 0.26 | dt: 2009.98ms | tok/sec: 260,841 | bf16_mfu: 0.00 | epoch: 1 pq: 25 rg: 29 | total time: 72.23m | eta: 12.0m
step 02163/02520 (85.83%) | loss: 2.808062 | lrm: 0.26 | dt: 2009.66ms | tok/sec: 260,884 | bf16_mfu: 0.00 | epoch: 1 pq: 25 rg: 30 | total time: 72.26m | eta: 12.0m
step 02164/02520 (85.87%) | loss: 2.814491 | lrm: 0.26 | dt: 2009.61ms | tok/sec: 260,890 | bf16_mfu: 0.00 | epoch: 1 pq: 25 rg: 31 | total time: 72.29m | eta: 11.9m
step 02165/02520 (85.91%) | loss: 2.818003 | lrm: 0.26 | dt: 2009.94ms | tok/sec: 260,847 | bf16_mfu: 0.00 | epoch: 1 pq: 25 rg: 32 | total time: 72.33m | eta: 11.9m
step 02166/02520 (85.95%) | loss: 2.826415 | lrm: 0.26 | dt: 2010.63ms | tok/sec: 260,758 | bf16_mfu: 0.00 | epoch: 1 pq: 25 rg: 33 | total time: 72.36m | eta: 11.9m
step 02167/02520 (85.99%) | loss: 2.821826 | lrm: 0.25 | dt: 2009.73ms | tok/sec: 260,874 | bf16_mfu: 0.00 | epoch: 1 pq: 25 rg: 33 | total time: 72.39m | eta: 11.8m
step 02168/02520 (86.03%) | loss: 2.824733 | lrm: 0.25 | dt: 2011.08ms | tok/sec: 260,699 | bf16_mfu: 0.00 | epoch: 1 pq: 25 rg: 34 | total time: 72.43m | eta: 11.8m
step 02169/02520 (86.07%) | loss: 2.824192 | lrm: 0.25 | dt: 2009.59ms | tok/sec: 260,893 | bf16_mfu: 0.00 | epoch: 1 pq: 25 rg: 35 | total time: 72.46m | eta: 11.8m
step 02170/02520 (86.11%) | loss: 2.825415 | lrm: 0.25 | dt: 2010.14ms | tok/sec: 260,821 | bf16_mfu: 0.00 | epoch: 1 pq: 25 rg: 36 | total time: 72.49m | eta: 11.7m
step 02171/02520 (86.15%) | loss: 2.830158 | lrm: 0.25 | dt: 2009.29ms | tok/sec: 260,932 | bf16_mfu: 0.00 | epoch: 1 pq: 25 rg: 37 | total time: 72.53m | eta: 11.7m
step 02172/02520 (86.19%) | loss: 2.834148 | lrm: 0.25 | dt: 2010.40ms | tok/sec: 260,787 | bf16_mfu: 0.00 | epoch: 1 pq: 25 rg: 38 | total time: 72.56m | eta: 11.7m
step 02173/02520 (86.23%) | loss: 2.842950 | lrm: 0.25 | dt: 2009.98ms | tok/sec: 260,841 | bf16_mfu: 0.00 | epoch: 1 pq: 25 rg: 39 | total time: 72.60m | eta: 11.6m
step 02174/02520 (86.27%) | loss: 2.845700 | lrm: 0.25 | dt: 2008.18ms | tok/sec: 261,076 | bf16_mfu: 0.00 | epoch: 1 pq: 25 rg: 40 | total time: 72.63m | eta: 11.6m
step 02175/02520 (86.31%) | loss: 2.848735 | lrm: 0.25 | dt: 2008.51ms | tok/sec: 261,033 | bf16_mfu: 0.00 | epoch: 1 pq: 25 rg: 41 | total time: 72.66m | eta: 11.6m
step 02176/02520 (86.35%) | loss: 2.838669 | lrm: 0.25 | dt: 2009.47ms | tok/sec: 260,908 | bf16_mfu: 0.00 | epoch: 1 pq: 25 rg: 42 | total time: 72.70m | eta: 11.5m
step 02177/02520 (86.39%) | loss: 2.824505 | lrm: 0.25 | dt: 2007.63ms | tok/sec: 261,147 | bf16_mfu: 0.00 | epoch: 1 pq: 25 rg: 43 | total time: 72.73m | eta: 11.5m
step 02178/02520 (86.43%) | loss: 2.827273 | lrm: 0.25 | dt: 2009.17ms | tok/sec: 260,947 | bf16_mfu: 0.00 | epoch: 1 pq: 25 rg: 44 | total time: 72.76m | eta: 11.5m
step 02179/02520 (86.47%) | loss: 2.829939 | lrm: 0.25 | dt: 2008.42ms | tok/sec: 261,045 | bf16_mfu: 0.00 | epoch: 1 pq: 25 rg: 45 | total time: 72.80m | eta: 11.4m
step 02180/02520 (86.51%) | loss: 2.833364 | lrm: 0.25 | dt: 2011.00ms | tok/sec: 260,709 | bf16_mfu: 0.00 | epoch: 1 pq: 25 rg: 46 | total time: 72.83m | eta: 11.4m
step 02181/02520 (86.55%) | loss: 2.835574 | lrm: 0.25 | dt: 2008.28ms | tok/sec: 261,063 | bf16_mfu: 0.00 | epoch: 1 pq: 25 rg: 47 | total time: 72.86m | eta: 11.4m
step 02182/02520 (86.59%) | loss: 2.831472 | lrm: 0.25 | dt: 2008.99ms | tok/sec: 260,970 | bf16_mfu: 0.00 | epoch: 1 pq: 25 rg: 48 | total time: 72.90m | eta: 11.3m
step 02183/02520 (86.63%) | loss: 2.838268 | lrm: 0.25 | dt: 2008.99ms | tok/sec: 260,970 | bf16_mfu: 0.00 | epoch: 1 pq: 25 rg: 49 | total time: 72.93m | eta: 11.3m
step 02184/02520 (86.67%) | loss: 2.835260 | lrm: 0.24 | dt: 2008.22ms | tok/sec: 261,071 | bf16_mfu: 0.00 | epoch: 1 pq: 25 rg: 50 | total time: 72.96m | eta: 11.3m
step 02185/02520 (86.71%) | loss: 2.837925 | lrm: 0.24 | dt: 2008.35ms | tok/sec: 261,054 | bf16_mfu: 0.00 | epoch: 1 pq: 25 rg: 51 | total time: 73.00m | eta: 11.2m
step 02186/02520 (86.75%) | loss: 2.826200 | lrm: 0.24 | dt: 2008.39ms | tok/sec: 261,049 | bf16_mfu: 0.00 | epoch: 1 pq: 25 rg: 52 | total time: 73.03m | eta: 11.2m
step 02187/02520 (86.79%) | loss: 2.816972 | lrm: 0.24 | dt: 2011.33ms | tok/sec: 260,666 | bf16_mfu: 0.00 | epoch: 1 pq: 25 rg: 53 | total time: 73.06m | eta: 11.2m
step 02188/02520 (86.83%) | loss: 2.810936 | lrm: 0.24 | dt: 2009.27ms | tok/sec: 260,934 | bf16_mfu: 0.00 | epoch: 1 pq: 25 rg: 54 | total time: 73.10m | eta: 11.1m
step 02189/02520 (86.87%) | loss: 2.807758 | lrm: 0.24 | dt: 2009.69ms | tok/sec: 260,879 | bf16_mfu: 0.00 | epoch: 1 pq: 25 rg: 55 | total time: 73.13m | eta: 11.1m
step 02190/02520 (86.90%) | loss: 2.818331 | lrm: 0.24 | dt: 2009.62ms | tok/sec: 260,888 | bf16_mfu: 0.00 | epoch: 1 pq: 25 rg: 56 | total time: 73.16m | eta: 11.1m
step 02191/02520 (86.94%) | loss: 2.822978 | lrm: 0.24 | dt: 2010.60ms | tok/sec: 260,762 | bf16_mfu: 0.00 | epoch: 1 pq: 25 rg: 57 | total time: 73.20m | eta: 11.0m
step 02192/02520 (86.98%) | loss: 2.825830 | lrm: 0.24 | dt: 2012.45ms | tok/sec: 260,522 | bf16_mfu: 0.00 | epoch: 1 pq: 25 rg: 58 | total time: 73.23m | eta: 11.0m
step 02193/02520 (87.02%) | loss: 2.832076 | lrm: 0.24 | dt: 2012.32ms | tok/sec: 260,539 | bf16_mfu: 0.00 | epoch: 1 pq: 25 rg: 59 | total time: 73.26m | eta: 11.0m
step 02194/02520 (87.06%) | loss: 2.833422 | lrm: 0.24 | dt: 2010.01ms | tok/sec: 260,838 | bf16_mfu: 0.00 | epoch: 1 pq: 25 rg: 60 | total time: 73.30m | eta: 10.9m
step 02195/02520 (87.10%) | loss: 2.837154 | lrm: 0.24 | dt: 2009.59ms | tok/sec: 260,892 | bf16_mfu: 0.00 | epoch: 1 pq: 25 rg: 61 | total time: 73.33m | eta: 10.9m
step 02196/02520 (87.14%) | loss: 2.831633 | lrm: 0.24 | dt: 2011.13ms | tok/sec: 260,693 | bf16_mfu: 0.00 | epoch: 1 pq: 25 rg: 62 | total time: 73.37m | eta: 10.9m
step 02197/02520 (87.18%) | loss: 2.830265 | lrm: 0.24 | dt: 2009.59ms | tok/sec: 260,892 | bf16_mfu: 0.00 | epoch: 1 pq: 25 rg: 63 | total time: 73.40m | eta: 10.8m
step 02198/02520 (87.22%) | loss: 2.835856 | lrm: 0.24 | dt: 2009.33ms | tok/sec: 260,926 | bf16_mfu: 0.00 | epoch: 1 pq: 25 rg: 64 | total time: 73.43m | eta: 10.8m
step 02199/02520 (87.26%) | loss: 2.837537 | lrm: 0.24 | dt: 2008.58ms | tok/sec: 261,024 | bf16_mfu: 0.00 | epoch: 1 pq: 25 rg: 65 | total time: 73.47m | eta: 10.8m
step 02200/02520 (87.30%) | loss: 2.847471 | lrm: 0.24 | dt: 2013.54ms | tok/sec: 260,380 | bf16_mfu: 0.00 | epoch: 1 pq: 25 rg: 66 | total time: 73.50m | eta: 10.7m
step 02201/02520 (87.34%) | loss: 2.851505 | lrm: 0.24 | dt: 2009.44ms | tok/sec: 260,912 | bf16_mfu: 0.00 | epoch: 1 pq: 25 rg: 66 | total time: 73.53m | eta: 10.7m
step 02202/02520 (87.38%) | loss: 2.854872 | lrm: 0.23 | dt: 2010.53ms | tok/sec: 260,770 | bf16_mfu: 0.00 | epoch: 1 pq: 25 rg: 67 | total time: 73.57m | eta: 10.7m
step 02203/02520 (87.42%) | loss: 2.858406 | lrm: 0.23 | dt: 2010.77ms | tok/sec: 260,739 | bf16_mfu: 0.00 | epoch: 1 pq: 25 rg: 68 | total time: 73.60m | eta: 10.6m
step 02204/02520 (87.46%) | loss: 2.857729 | lrm: 0.23 | dt: 2010.82ms | tok/sec: 260,733 | bf16_mfu: 0.00 | epoch: 1 pq: 25 rg: 69 | total time: 73.63m | eta: 10.6m
step 02205/02520 (87.50%) | loss: 2.864049 | lrm: 0.23 | dt: 2009.60ms | tok/sec: 260,891 | bf16_mfu: 0.00 | epoch: 1 pq: 25 rg: 70 | total time: 73.67m | eta: 10.6m
step 02206/02520 (87.54%) | loss: 2.855437 | lrm: 0.23 | dt: 2010.14ms | tok/sec: 260,821 | bf16_mfu: 0.00 | epoch: 1 pq: 25 rg: 71 | total time: 73.70m | eta: 10.5m
step 02207/02520 (87.58%) | loss: 2.852971 | lrm: 0.23 | dt: 2011.35ms | tok/sec: 260,665 | bf16_mfu: 0.00 | epoch: 1 pq: 25 rg: 72 | total time: 73.73m | eta: 10.5m
step 02208/02520 (87.62%) | loss: 2.851085 | lrm: 0.23 | dt: 2010.34ms | tok/sec: 260,795 | bf16_mfu: 0.00 | epoch: 1 pq: 25 rg: 73 | total time: 73.77m | eta: 10.5m
step 02209/02520 (87.66%) | loss: 2.856609 | lrm: 0.23 | dt: 2010.22ms | tok/sec: 260,811 | bf16_mfu: 0.00 | epoch: 1 pq: 25 rg: 74 | total time: 73.80m | eta: 10.4m
step 02210/02520 (87.70%) | loss: 2.857819 | lrm: 0.23 | dt: 2011.63ms | tok/sec: 260,628 | bf16_mfu: 0.00 | epoch: 1 pq: 25 rg: 75 | total time: 73.83m | eta: 10.4m
step 02211/02520 (87.74%) | loss: 2.858042 | lrm: 0.23 | dt: 2011.68ms | tok/sec: 260,622 | bf16_mfu: 0.00 | epoch: 1 pq: 25 rg: 76 | total time: 73.87m | eta: 10.4m
step 02212/02520 (87.78%) | loss: 2.862778 | lrm: 0.23 | dt: 2010.63ms | tok/sec: 260,757 | bf16_mfu: 0.00 | epoch: 1 pq: 25 rg: 77 | total time: 73.90m | eta: 10.3m
step 02213/02520 (87.82%) | loss: 2.859383 | lrm: 0.23 | dt: 2013.70ms | tok/sec: 260,360 | bf16_mfu: 0.00 | epoch: 1 pq: 25 rg: 78 | total time: 73.94m | eta: 10.3m
step 02214/02520 (87.86%) | loss: 2.854894 | lrm: 0.23 | dt: 2010.98ms | tok/sec: 260,713 | bf16_mfu: 0.00 | epoch: 1 pq: 25 rg: 79 | total time: 73.97m | eta: 10.3m
step 02215/02520 (87.90%) | loss: 2.855835 | lrm: 0.23 | dt: 2010.90ms | tok/sec: 260,722 | bf16_mfu: 0.00 | epoch: 1 pq: 25 rg: 80 | total time: 74.00m | eta: 10.2m
step 02216/02520 (87.94%) | loss: 2.849122 | lrm: 0.23 | dt: 2012.21ms | tok/sec: 260,553 | bf16_mfu: 0.00 | epoch: 1 pq: 25 rg: 81 | total time: 74.04m | eta: 10.2m
step 02217/02520 (87.98%) | loss: 2.851557 | lrm: 0.23 | dt: 2010.78ms | tok/sec: 260,738 | bf16_mfu: 0.00 | epoch: 1 pq: 25 rg: 82 | total time: 74.07m | eta: 10.2m
step 02218/02520 (88.02%) | loss: 2.841371 | lrm: 0.23 | dt: 2013.33ms | tok/sec: 260,408 | bf16_mfu: 0.00 | epoch: 1 pq: 26 rg: 0 | total time: 74.10m | eta: 10.1m
step 02219/02520 (88.06%) | loss: 2.829440 | lrm: 0.22 | dt: 2013.49ms | tok/sec: 260,388 | bf16_mfu: 0.00 | epoch: 1 pq: 26 rg: 1 | total time: 74.14m | eta: 10.1m
step 02220/02520 (88.10%) | loss: 2.831020 | lrm: 0.22 | dt: 2013.02ms | tok/sec: 260,448 | bf16_mfu: 0.00 | epoch: 1 pq: 26 rg: 2 | total time: 74.17m | eta: 10.1m
step 02221/02520 (88.13%) | loss: 2.832570 | lrm: 0.22 | dt: 2014.16ms | tok/sec: 260,301 | bf16_mfu: 0.00 | epoch: 1 pq: 26 rg: 3 | total time: 74.20m | eta: 10.0m
step 02222/02520 (88.17%) | loss: 2.829317 | lrm: 0.22 | dt: 2011.51ms | tok/sec: 260,644 | bf16_mfu: 0.00 | epoch: 1 pq: 26 rg: 4 | total time: 74.24m | eta: 10.0m
step 02223/02520 (88.21%) | loss: 2.821282 | lrm: 0.22 | dt: 2013.10ms | tok/sec: 260,437 | bf16_mfu: 0.00 | epoch: 1 pq: 26 rg: 5 | total time: 74.27m | eta: 10.0m
step 02224/02520 (88.25%) | loss: 2.818559 | lrm: 0.22 | dt: 2012.37ms | tok/sec: 260,532 | bf16_mfu: 0.00 | epoch: 1 pq: 26 rg: 6 | total time: 74.30m | eta: 9.9m
step 02225/02520 (88.29%) | loss: 2.825472 | lrm: 0.22 | dt: 2011.63ms | tok/sec: 260,627 | bf16_mfu: 0.00 | epoch: 1 pq: 26 rg: 7 | total time: 74.34m | eta: 9.9m
step 02226/02520 (88.33%) | loss: 2.815759 | lrm: 0.22 | dt: 2012.66ms | tok/sec: 260,495 | bf16_mfu: 0.00 | epoch: 1 pq: 26 rg: 8 | total time: 74.37m | eta: 9.9m
step 02227/02520 (88.37%) | loss: 2.803746 | lrm: 0.22 | dt: 2011.47ms | tok/sec: 260,648 | bf16_mfu: 0.00 | epoch: 1 pq: 26 rg: 9 | total time: 74.40m | eta: 9.8m
step 02228/02520 (88.41%) | loss: 2.805488 | lrm: 0.22 | dt: 2012.94ms | tok/sec: 260,459 | bf16_mfu: 0.00 | epoch: 1 pq: 26 rg: 10 | total time: 74.44m | eta: 9.8m
step 02229/02520 (88.45%) | loss: 2.815714 | lrm: 0.22 | dt: 2013.00ms | tok/sec: 260,451 | bf16_mfu: 0.00 | epoch: 1 pq: 26 rg: 11 | total time: 74.47m | eta: 9.8m
step 02230/02520 (88.49%) | loss: 2.808933 | lrm: 0.22 | dt: 2012.91ms | tok/sec: 260,463 | bf16_mfu: 0.00 | epoch: 1 pq: 26 rg: 12 | total time: 74.51m | eta: 9.7m
step 02231/02520 (88.53%) | loss: 2.808197 | lrm: 0.22 | dt: 2012.63ms | tok/sec: 260,498 | bf16_mfu: 0.00 | epoch: 1 pq: 26 rg: 13 | total time: 74.54m | eta: 9.7m
step 02232/02520 (88.57%) | loss: 2.800601 | lrm: 0.22 | dt: 2014.55ms | tok/sec: 260,250 | bf16_mfu: 0.00 | epoch: 1 pq: 26 rg: 14 | total time: 74.57m | eta: 9.7m
step 02233/02520 (88.61%) | loss: 2.791020 | lrm: 0.22 | dt: 2012.83ms | tok/sec: 260,473 | bf16_mfu: 0.00 | epoch: 1 pq: 26 rg: 14 | total time: 74.61m | eta: 9.6m
step 02234/02520 (88.65%) | loss: 2.793474 | lrm: 0.22 | dt: 2013.36ms | tok/sec: 260,404 | bf16_mfu: 0.00 | epoch: 1 pq: 26 rg: 15 | total time: 74.64m | eta: 9.6m
step 02235/02520 (88.69%) | loss: 2.791947 | lrm: 0.22 | dt: 2014.58ms | tok/sec: 260,246 | bf16_mfu: 0.00 | epoch: 1 pq: 26 rg: 16 | total time: 74.67m | eta: 9.6m
step 02236/02520 (88.73%) | loss: 2.788436 | lrm: 0.21 | dt: 2014.94ms | tok/sec: 260,200 | bf16_mfu: 0.00 | epoch: 1 pq: 26 rg: 17 | total time: 74.71m | eta: 9.5m
step 02237/02520 (88.77%) | loss: 2.785093 | lrm: 0.21 | dt: 2014.56ms | tok/sec: 260,249 | bf16_mfu: 0.00 | epoch: 1 pq: 26 rg: 18 | total time: 74.74m | eta: 9.5m
step 02238/02520 (88.81%) | loss: 2.794652 | lrm: 0.21 | dt: 2012.47ms | tok/sec: 260,519 | bf16_mfu: 0.00 | epoch: 1 pq: 26 rg: 19 | total time: 74.77m | eta: 9.5m
step 02239/02520 (88.85%) | loss: 2.796932 | lrm: 0.21 | dt: 2013.92ms | tok/sec: 260,331 | bf16_mfu: 0.00 | epoch: 1 pq: 26 rg: 20 | total time: 74.81m | eta: 9.4m
step 02240/02520 (88.89%) | loss: 2.801583 | lrm: 0.21 | dt: 2013.98ms | tok/sec: 260,324 | bf16_mfu: 0.00 | epoch: 1 pq: 26 rg: 21 | total time: 74.84m | eta: 9.4m
step 02241/02520 (88.93%) | loss: 2.803585 | lrm: 0.21 | dt: 2015.06ms | tok/sec: 260,185 | bf16_mfu: 0.00 | epoch: 1 pq: 26 rg: 22 | total time: 74.87m | eta: 9.4m
step 02242/02520 (88.97%) | loss: 2.803500 | lrm: 0.21 | dt: 2016.48ms | tok/sec: 260,001 | bf16_mfu: 0.00 | epoch: 1 pq: 26 rg: 23 | total time: 74.91m | eta: 9.3m
step 02243/02520 (89.01%) | loss: 2.794460 | lrm: 0.21 | dt: 2015.82ms | tok/sec: 260,086 | bf16_mfu: 0.00 | epoch: 1 pq: 26 rg: 24 | total time: 74.94m | eta: 9.3m
step 02244/02520 (89.05%) | loss: 2.794876 | lrm: 0.21 | dt: 2014.57ms | tok/sec: 260,248 | bf16_mfu: 0.00 | epoch: 1 pq: 26 rg: 25 | total time: 74.98m | eta: 9.3m
step 02245/02520 (89.09%) | loss: 2.788080 | lrm: 0.21 | dt: 2016.81ms | tok/sec: 259,958 | bf16_mfu: 0.00 | epoch: 1 pq: 26 rg: 26 | total time: 75.01m | eta: 9.2m
step 02246/02520 (89.13%) | loss: 2.793698 | lrm: 0.21 | dt: 2016.56ms | tok/sec: 259,991 | bf16_mfu: 0.00 | epoch: 1 pq: 26 rg: 27 | total time: 75.04m | eta: 9.2m
step 02247/02520 (89.17%) | loss: 2.804682 | lrm: 0.21 | dt: 2015.31ms | tok/sec: 260,151 | bf16_mfu: 0.00 | epoch: 1 pq: 26 rg: 28 | total time: 75.08m | eta: 9.2m
step 02248/02520 (89.21%) | loss: 2.814580 | lrm: 0.21 | dt: 2016.45ms | tok/sec: 260,006 | bf16_mfu: 0.00 | epoch: 1 pq: 26 rg: 29 | total time: 75.11m | eta: 9.1m
step 02249/02520 (89.25%) | loss: 2.829020 | lrm: 0.21 | dt: 2016.12ms | tok/sec: 260,048 | bf16_mfu: 0.00 | epoch: 1 pq: 26 rg: 30 | total time: 75.14m | eta: 9.1m
Step 02250 | Validation bpb: 0.857718
step 02250/02520 (89.29%) | loss: 2.819375 | lrm: 0.21 | dt: 2000.24ms | tok/sec: 262,113 | bf16_mfu: 0.00 | epoch: 1 pq: 26 rg: 31 | total time: 75.18m | eta: 9.1m
step 02251/02520 (89.33%) | loss: 2.814320 | lrm: 0.21 | dt: 2005.98ms | tok/sec: 261,361 | bf16_mfu: 0.00 | epoch: 1 pq: 26 rg: 32 | total time: 75.21m | eta: 9.0m
step 02252/02520 (89.37%) | loss: 2.805677 | lrm: 0.21 | dt: 2006.19ms | tok/sec: 261,335 | bf16_mfu: 0.00 | epoch: 1 pq: 26 rg: 33 | total time: 75.24m | eta: 9.0m
step 02253/02520 (89.40%) | loss: 2.801414 | lrm: 0.20 | dt: 2010.07ms | tok/sec: 260,830 | bf16_mfu: 0.00 | epoch: 1 pq: 26 rg: 34 | total time: 75.28m | eta: 9.0m
step 02254/02520 (89.44%) | loss: 2.795418 | lrm: 0.20 | dt: 2007.26ms | tok/sec: 261,196 | bf16_mfu: 0.00 | epoch: 1 pq: 26 rg: 35 | total time: 75.31m | eta: 8.9m
step 02255/02520 (89.48%) | loss: 2.794563 | lrm: 0.20 | dt: 2008.42ms | tok/sec: 261,045 | bf16_mfu: 0.00 | epoch: 1 pq: 26 rg: 36 | total time: 75.34m | eta: 8.9m
step 02256/02520 (89.52%) | loss: 2.792584 | lrm: 0.20 | dt: 2007.28ms | tok/sec: 261,193 | bf16_mfu: 0.00 | epoch: 1 pq: 26 rg: 37 | total time: 75.38m | eta: 8.9m
step 02257/02520 (89.56%) | loss: 2.796906 | lrm: 0.20 | dt: 2008.13ms | tok/sec: 261,082 | bf16_mfu: 0.00 | epoch: 1 pq: 26 rg: 38 | total time: 75.41m | eta: 8.8m
step 02258/02520 (89.60%) | loss: 2.804480 | lrm: 0.20 | dt: 2009.71ms | tok/sec: 260,877 | bf16_mfu: 0.00 | epoch: 1 pq: 26 rg: 39 | total time: 75.44m | eta: 8.8m
step 02259/02520 (89.64%) | loss: 2.796259 | lrm: 0.20 | dt: 2008.82ms | tok/sec: 260,993 | bf16_mfu: 0.00 | epoch: 1 pq: 26 rg: 40 | total time: 75.48m | eta: 8.8m
step 02260/02520 (89.68%) | loss: 2.796487 | lrm: 0.20 | dt: 2009.04ms | tok/sec: 260,964 | bf16_mfu: 0.00 | epoch: 1 pq: 26 rg: 41 | total time: 75.51m | eta: 8.7m
step 02261/02520 (89.72%) | loss: 2.792978 | lrm: 0.20 | dt: 2008.97ms | tok/sec: 260,973 | bf16_mfu: 0.00 | epoch: 1 pq: 26 rg: 42 | total time: 75.54m | eta: 8.7m
step 02262/02520 (89.76%) | loss: 2.797089 | lrm: 0.20 | dt: 2011.23ms | tok/sec: 260,680 | bf16_mfu: 0.00 | epoch: 1 pq: 26 rg: 43 | total time: 75.58m | eta: 8.7m
step 02263/02520 (89.80%) | loss: 2.799846 | lrm: 0.20 | dt: 2009.98ms | tok/sec: 260,842 | bf16_mfu: 0.00 | epoch: 1 pq: 26 rg: 44 | total time: 75.61m | eta: 8.6m
step 02264/02520 (89.84%) | loss: 2.807114 | lrm: 0.20 | dt: 2008.93ms | tok/sec: 260,978 | bf16_mfu: 0.00 | epoch: 1 pq: 26 rg: 45 | total time: 75.65m | eta: 8.6m
step 02265/02520 (89.88%) | loss: 2.816753 | lrm: 0.20 | dt: 2011.23ms | tok/sec: 260,680 | bf16_mfu: 0.00 | epoch: 1 pq: 26 rg: 46 | total time: 75.68m | eta: 8.6m
step 02266/02520 (89.92%) | loss: 2.828366 | lrm: 0.20 | dt: 2010.64ms | tok/sec: 260,756 | bf16_mfu: 0.00 | epoch: 1 pq: 26 rg: 47 | total time: 75.71m | eta: 8.5m
step 02267/02520 (89.96%) | loss: 2.815535 | lrm: 0.20 | dt: 2010.20ms | tok/sec: 260,813 | bf16_mfu: 0.00 | epoch: 1 pq: 26 rg: 48 | total time: 75.75m | eta: 8.5m
step 02268/02520 (90.00%) | loss: 2.819201 | lrm: 0.20 | dt: 2010.90ms | tok/sec: 260,723 | bf16_mfu: 0.00 | epoch: 1 pq: 26 rg: 49 | total time: 75.78m | eta: 8.5m
step 02269/02520 (90.04%) | loss: 2.820103 | lrm: 0.20 | dt: 2012.53ms | tok/sec: 260,512 | bf16_mfu: 0.00 | epoch: 1 pq: 26 rg: 49 | total time: 75.81m | eta: 8.4m
step 02270/02520 (90.08%) | loss: 2.820760 | lrm: 0.19 | dt: 2011.28ms | tok/sec: 260,673 | bf16_mfu: 0.00 | epoch: 1 pq: 26 rg: 50 | total time: 75.85m | eta: 8.4m
step 02271/02520 (90.12%) | loss: 2.825821 | lrm: 0.19 | dt: 2013.39ms | tok/sec: 260,400 | bf16_mfu: 0.00 | epoch: 1 pq: 26 rg: 51 | total time: 75.88m | eta: 8.4m
step 02272/02520 (90.16%) | loss: 2.831457 | lrm: 0.19 | dt: 2011.31ms | tok/sec: 260,669 | bf16_mfu: 0.00 | epoch: 1 pq: 26 rg: 52 | total time: 75.91m | eta: 8.3m
step 02273/02520 (90.20%) | loss: 2.833649 | lrm: 0.19 | dt: 2011.46ms | tok/sec: 260,650 | bf16_mfu: 0.00 | epoch: 1 pq: 26 rg: 53 | total time: 75.95m | eta: 8.3m
step 02274/02520 (90.24%) | loss: 2.830106 | lrm: 0.19 | dt: 2011.78ms | tok/sec: 260,608 | bf16_mfu: 0.00 | epoch: 1 pq: 26 rg: 54 | total time: 75.98m | eta: 8.3m
step 02275/02520 (90.28%) | loss: 2.836241 | lrm: 0.19 | dt: 2011.89ms | tok/sec: 260,594 | bf16_mfu: 0.00 | epoch: 1 pq: 26 rg: 55 | total time: 76.01m | eta: 8.2m
step 02276/02520 (90.32%) | loss: 2.827018 | lrm: 0.19 | dt: 2012.65ms | tok/sec: 260,496 | bf16_mfu: 0.00 | epoch: 1 pq: 26 rg: 56 | total time: 76.05m | eta: 8.2m
step 02277/02520 (90.36%) | loss: 2.832303 | lrm: 0.19 | dt: 2012.73ms | tok/sec: 260,485 | bf16_mfu: 0.00 | epoch: 1 pq: 26 rg: 57 | total time: 76.08m | eta: 8.2m
step 02278/02520 (90.40%) | loss: 2.832408 | lrm: 0.19 | dt: 2013.33ms | tok/sec: 260,408 | bf16_mfu: 0.00 | epoch: 1 pq: 26 rg: 58 | total time: 76.11m | eta: 8.1m
step 02279/02520 (90.44%) | loss: 2.806763 | lrm: 0.19 | dt: 2011.99ms | tok/sec: 260,582 | bf16_mfu: 0.00 | epoch: 1 pq: 26 rg: 59 | total time: 76.15m | eta: 8.1m
step 02280/02520 (90.48%) | loss: 2.796832 | lrm: 0.19 | dt: 2013.37ms | tok/sec: 260,403 | bf16_mfu: 0.00 | epoch: 1 pq: 26 rg: 60 | total time: 76.18m | eta: 8.1m
step 02281/02520 (90.52%) | loss: 2.799108 | lrm: 0.19 | dt: 2015.37ms | tok/sec: 260,144 | bf16_mfu: 0.00 | epoch: 1 pq: 26 rg: 61 | total time: 76.22m | eta: 8.0m
step 02282/02520 (90.56%) | loss: 2.804107 | lrm: 0.19 | dt: 2014.33ms | tok/sec: 260,279 | bf16_mfu: 0.00 | epoch: 1 pq: 26 rg: 62 | total time: 76.25m | eta: 8.0m
step 02283/02520 (90.60%) | loss: 2.800602 | lrm: 0.19 | dt: 2012.49ms | tok/sec: 260,516 | bf16_mfu: 0.00 | epoch: 1 pq: 26 rg: 63 | total time: 76.28m | eta: 8.0m
step 02284/02520 (90.63%) | loss: 2.790935 | lrm: 0.19 | dt: 2013.94ms | tok/sec: 260,329 | bf16_mfu: 0.00 | epoch: 1 pq: 26 rg: 64 | total time: 76.32m | eta: 7.9m
step 02285/02520 (90.67%) | loss: 2.787851 | lrm: 0.19 | dt: 2013.37ms | tok/sec: 260,403 | bf16_mfu: 0.00 | epoch: 1 pq: 26 rg: 65 | total time: 76.35m | eta: 7.9m
step 02286/02520 (90.71%) | loss: 2.805200 | lrm: 0.19 | dt: 2011.13ms | tok/sec: 260,693 | bf16_mfu: 0.00 | epoch: 1 pq: 26 rg: 66 | total time: 76.38m | eta: 7.9m
step 02287/02520 (90.75%) | loss: 2.814753 | lrm: 0.19 | dt: 2012.33ms | tok/sec: 260,538 | bf16_mfu: 0.00 | epoch: 1 pq: 26 rg: 67 | total time: 76.42m | eta: 7.8m
step 02288/02520 (90.79%) | loss: 2.813758 | lrm: 0.18 | dt: 2012.77ms | tok/sec: 260,480 | bf16_mfu: 0.00 | epoch: 1 pq: 26 rg: 68 | total time: 76.45m | eta: 7.8m
step 02289/02520 (90.83%) | loss: 2.820574 | lrm: 0.18 | dt: 2014.71ms | tok/sec: 260,229 | bf16_mfu: 0.00 | epoch: 1 pq: 26 rg: 69 | total time: 76.48m | eta: 7.8m
step 02290/02520 (90.87%) | loss: 2.817639 | lrm: 0.18 | dt: 2013.94ms | tok/sec: 260,329 | bf16_mfu: 0.00 | epoch: 1 pq: 26 rg: 70 | total time: 76.52m | eta: 7.7m
step 02291/02520 (90.91%) | loss: 2.823296 | lrm: 0.18 | dt: 2012.66ms | tok/sec: 260,494 | bf16_mfu: 0.00 | epoch: 1 pq: 26 rg: 71 | total time: 76.55m | eta: 7.7m
step 02292/02520 (90.95%) | loss: 2.826135 | lrm: 0.18 | dt: 2014.15ms | tok/sec: 260,302 | bf16_mfu: 0.00 | epoch: 1 pq: 26 rg: 72 | total time: 76.58m | eta: 7.7m
step 02293/02520 (90.99%) | loss: 2.836861 | lrm: 0.18 | dt: 2014.96ms | tok/sec: 260,198 | bf16_mfu: 0.00 | epoch: 1 pq: 26 rg: 73 | total time: 76.62m | eta: 7.6m
step 02294/02520 (91.03%) | loss: 2.828671 | lrm: 0.18 | dt: 2013.78ms | tok/sec: 260,349 | bf16_mfu: 0.00 | epoch: 1 pq: 26 rg: 74 | total time: 76.65m | eta: 7.6m
step 02295/02520 (91.07%) | loss: 2.821173 | lrm: 0.18 | dt: 2013.25ms | tok/sec: 260,418 | bf16_mfu: 0.00 | epoch: 1 pq: 26 rg: 75 | total time: 76.69m | eta: 7.6m
step 02296/02520 (91.11%) | loss: 2.828055 | lrm: 0.18 | dt: 2013.17ms | tok/sec: 260,428 | bf16_mfu: 0.00 | epoch: 1 pq: 26 rg: 76 | total time: 76.72m | eta: 7.5m
step 02297/02520 (91.15%) | loss: 2.842883 | lrm: 0.18 | dt: 2013.70ms | tok/sec: 260,360 | bf16_mfu: 0.00 | epoch: 1 pq: 26 rg: 77 | total time: 76.75m | eta: 7.5m
step 02298/02520 (91.19%) | loss: 2.836505 | lrm: 0.18 | dt: 2011.72ms | tok/sec: 260,616 | bf16_mfu: 0.00 | epoch: 1 pq: 26 rg: 78 | total time: 76.79m | eta: 7.5m
step 02299/02520 (91.23%) | loss: 2.825254 | lrm: 0.18 | dt: 2010.92ms | tok/sec: 260,720 | bf16_mfu: 0.00 | epoch: 1 pq: 26 rg: 79 | total time: 76.82m | eta: 7.4m
step 02300/02520 (91.27%) | loss: 2.827627 | lrm: 0.18 | dt: 2014.54ms | tok/sec: 260,251 | bf16_mfu: 0.00 | epoch: 1 pq: 26 rg: 80 | total time: 76.85m | eta: 7.4m
step 02301/02520 (91.31%) | loss: 2.830009 | lrm: 0.18 | dt: 2012.39ms | tok/sec: 260,529 | bf16_mfu: 0.00 | epoch: 1 pq: 26 rg: 80 | total time: 76.89m | eta: 7.3m
step 02302/02520 (91.35%) | loss: 2.823746 | lrm: 0.18 | dt: 2010.94ms | tok/sec: 260,718 | bf16_mfu: 0.00 | epoch: 1 pq: 26 rg: 81 | total time: 76.92m | eta: 7.3m
step 02303/02520 (91.39%) | loss: 2.819728 | lrm: 0.18 | dt: 2013.27ms | tok/sec: 260,416 | bf16_mfu: 0.00 | epoch: 1 pq: 26 rg: 82 | total time: 76.95m | eta: 7.3m
step 02304/02520 (91.43%) | loss: 2.821318 | lrm: 0.18 | dt: 2012.35ms | tok/sec: 260,535 | bf16_mfu: 0.00 | epoch: 1 pq: 27 rg: 0 | total time: 76.99m | eta: 7.2m
step 02305/02520 (91.47%) | loss: 2.814374 | lrm: 0.17 | dt: 2012.65ms | tok/sec: 260,496 | bf16_mfu: 0.00 | epoch: 1 pq: 27 rg: 1 | total time: 77.02m | eta: 7.2m
step 02306/02520 (91.51%) | loss: 2.815804 | lrm: 0.17 | dt: 2014.75ms | tok/sec: 260,225 | bf16_mfu: 0.00 | epoch: 1 pq: 27 rg: 2 | total time: 77.05m | eta: 7.2m
step 02307/02520 (91.55%) | loss: 2.819378 | lrm: 0.17 | dt: 2012.71ms | tok/sec: 260,488 | bf16_mfu: 0.00 | epoch: 1 pq: 27 rg: 3 | total time: 77.09m | eta: 7.1m
step 02308/02520 (91.59%) | loss: 2.816482 | lrm: 0.17 | dt: 2013.12ms | tok/sec: 260,434 | bf16_mfu: 0.00 | epoch: 1 pq: 27 rg: 4 | total time: 77.12m | eta: 7.1m
step 02309/02520 (91.63%) | loss: 2.819737 | lrm: 0.17 | dt: 2017.11ms | tok/sec: 259,920 | bf16_mfu: 0.00 | epoch: 1 pq: 27 rg: 5 | total time: 77.15m | eta: 7.1m
step 02310/02520 (91.67%) | loss: 2.826729 | lrm: 0.17 | dt: 2013.41ms | tok/sec: 260,397 | bf16_mfu: 0.00 | epoch: 1 pq: 27 rg: 6 | total time: 77.19m | eta: 7.0m
step 02311/02520 (91.71%) | loss: 2.828304 | lrm: 0.17 | dt: 2011.31ms | tok/sec: 260,669 | bf16_mfu: 0.00 | epoch: 1 pq: 27 rg: 7 | total time: 77.22m | eta: 7.0m
step 02312/02520 (91.75%) | loss: 2.811625 | lrm: 0.17 | dt: 2014.66ms | tok/sec: 260,235 | bf16_mfu: 0.00 | epoch: 1 pq: 27 rg: 8 | total time: 77.26m | eta: 7.0m
step 02313/02520 (91.79%) | loss: 2.808014 | lrm: 0.17 | dt: 2013.62ms | tok/sec: 260,370 | bf16_mfu: 0.00 | epoch: 1 pq: 27 rg: 9 | total time: 77.29m | eta: 6.9m
step 02314/02520 (91.83%) | loss: 2.816191 | lrm: 0.17 | dt: 2012.62ms | tok/sec: 260,500 | bf16_mfu: 0.00 | epoch: 1 pq: 27 rg: 10 | total time: 77.32m | eta: 6.9m
step 02315/02520 (91.87%) | loss: 2.810822 | lrm: 0.17 | dt: 2013.80ms | tok/sec: 260,348 | bf16_mfu: 0.00 | epoch: 1 pq: 27 rg: 11 | total time: 77.36m | eta: 6.9m
step 02316/02520 (91.90%) | loss: 2.815434 | lrm: 0.17 | dt: 2013.19ms | tok/sec: 260,426 | bf16_mfu: 0.00 | epoch: 1 pq: 27 rg: 12 | total time: 77.39m | eta: 6.8m
step 02317/02520 (91.94%) | loss: 2.801255 | lrm: 0.17 | dt: 2014.84ms | tok/sec: 260,213 | bf16_mfu: 0.00 | epoch: 1 pq: 27 rg: 13 | total time: 77.42m | eta: 6.8m
step 02318/02520 (91.98%) | loss: 2.796347 | lrm: 0.17 | dt: 2014.09ms | tok/sec: 260,310 | bf16_mfu: 0.00 | epoch: 1 pq: 27 rg: 14 | total time: 77.46m | eta: 6.8m
step 02319/02520 (92.02%) | loss: 2.795130 | lrm: 0.17 | dt: 2013.92ms | tok/sec: 260,332 | bf16_mfu: 0.00 | epoch: 1 pq: 27 rg: 15 | total time: 77.49m | eta: 6.7m
step 02320/02520 (92.06%) | loss: 2.797593 | lrm: 0.17 | dt: 2013.84ms | tok/sec: 260,342 | bf16_mfu: 0.00 | epoch: 1 pq: 27 rg: 16 | total time: 77.52m | eta: 6.7m
step 02321/02520 (92.10%) | loss: 2.796111 | lrm: 0.17 | dt: 2014.40ms | tok/sec: 260,270 | bf16_mfu: 0.00 | epoch: 1 pq: 27 rg: 17 | total time: 77.56m | eta: 6.7m
step 02322/02520 (92.14%) | loss: 2.802259 | lrm: 0.16 | dt: 2015.69ms | tok/sec: 260,103 | bf16_mfu: 0.00 | epoch: 1 pq: 27 rg: 18 | total time: 77.59m | eta: 6.6m
step 02323/02520 (92.18%) | loss: 2.803138 | lrm: 0.16 | dt: 2014.43ms | tok/sec: 260,265 | bf16_mfu: 0.00 | epoch: 1 pq: 27 rg: 19 | total time: 77.62m | eta: 6.6m
step 02324/02520 (92.22%) | loss: 2.807516 | lrm: 0.16 | dt: 2014.54ms | tok/sec: 260,251 | bf16_mfu: 0.00 | epoch: 1 pq: 27 rg: 20 | total time: 77.66m | eta: 6.6m
step 02325/02520 (92.26%) | loss: 2.806449 | lrm: 0.16 | dt: 2015.11ms | tok/sec: 260,178 | bf16_mfu: 0.00 | epoch: 1 pq: 27 rg: 21 | total time: 77.69m | eta: 6.5m
step 02326/02520 (92.30%) | loss: 2.797110 | lrm: 0.16 | dt: 2014.66ms | tok/sec: 260,235 | bf16_mfu: 0.00 | epoch: 1 pq: 27 rg: 22 | total time: 77.73m | eta: 6.5m
step 02327/02520 (92.34%) | loss: 2.804783 | lrm: 0.16 | dt: 2014.32ms | tok/sec: 260,280 | bf16_mfu: 0.00 | epoch: 1 pq: 27 rg: 23 | total time: 77.76m | eta: 6.5m
step 02328/02520 (92.38%) | loss: 2.813946 | lrm: 0.16 | dt: 2015.78ms | tok/sec: 260,091 | bf16_mfu: 0.00 | epoch: 1 pq: 27 rg: 24 | total time: 77.79m | eta: 6.4m
step 02329/02520 (92.42%) | loss: 2.810629 | lrm: 0.16 | dt: 2013.78ms | tok/sec: 260,350 | bf16_mfu: 0.00 | epoch: 1 pq: 27 rg: 25 | total time: 77.83m | eta: 6.4m
step 02330/02520 (92.46%) | loss: 2.805052 | lrm: 0.16 | dt: 2013.10ms | tok/sec: 260,437 | bf16_mfu: 0.00 | epoch: 1 pq: 27 rg: 26 | total time: 77.86m | eta: 6.4m
step 02331/02520 (92.50%) | loss: 2.807842 | lrm: 0.16 | dt: 2015.25ms | tok/sec: 260,160 | bf16_mfu: 0.00 | epoch: 1 pq: 27 rg: 26 | total time: 77.89m | eta: 6.3m
step 02332/02520 (92.54%) | loss: 2.805811 | lrm: 0.16 | dt: 2013.45ms | tok/sec: 260,393 | bf16_mfu: 0.00 | epoch: 1 pq: 27 rg: 27 | total time: 77.93m | eta: 6.3m
step 02333/02520 (92.58%) | loss: 2.794840 | lrm: 0.16 | dt: 2014.26ms | tok/sec: 260,288 | bf16_mfu: 0.00 | epoch: 1 pq: 27 rg: 28 | total time: 77.96m | eta: 6.3m
step 02334/02520 (92.62%) | loss: 2.784538 | lrm: 0.16 | dt: 2015.08ms | tok/sec: 260,182 | bf16_mfu: 0.00 | epoch: 1 pq: 27 rg: 29 | total time: 77.99m | eta: 6.2m
step 02335/02520 (92.66%) | loss: 2.792187 | lrm: 0.16 | dt: 2012.48ms | tok/sec: 260,518 | bf16_mfu: 0.00 | epoch: 1 pq: 27 rg: 30 | total time: 78.03m | eta: 6.2m
step 02336/02520 (92.70%) | loss: 2.792796 | lrm: 0.16 | dt: 2013.13ms | tok/sec: 260,434 | bf16_mfu: 0.00 | epoch: 1 pq: 27 rg: 31 | total time: 78.06m | eta: 6.2m
step 02337/02520 (92.74%) | loss: 2.791397 | lrm: 0.16 | dt: 2015.56ms | tok/sec: 260,119 | bf16_mfu: 0.00 | epoch: 1 pq: 27 rg: 32 | total time: 78.09m | eta: 6.1m
step 02338/02520 (92.78%) | loss: 2.796498 | lrm: 0.16 | dt: 2016.18ms | tok/sec: 260,040 | bf16_mfu: 0.00 | epoch: 1 pq: 27 rg: 33 | total time: 78.13m | eta: 6.1m
step 02339/02520 (92.82%) | loss: 2.791730 | lrm: 0.15 | dt: 2016.58ms | tok/sec: 259,989 | bf16_mfu: 0.00 | epoch: 1 pq: 27 rg: 34 | total time: 78.16m | eta: 6.1m
step 02340/02520 (92.86%) | loss: 2.795442 | lrm: 0.15 | dt: 2016.85ms | tok/sec: 259,954 | bf16_mfu: 0.00 | epoch: 1 pq: 27 rg: 35 | total time: 78.20m | eta: 6.0m
step 02341/02520 (92.90%) | loss: 2.796780 | lrm: 0.15 | dt: 2015.01ms | tok/sec: 260,190 | bf16_mfu: 0.00 | epoch: 1 pq: 27 rg: 36 | total time: 78.23m | eta: 6.0m
step 02342/02520 (92.94%) | loss: 2.806349 | lrm: 0.15 | dt: 2016.24ms | tok/sec: 260,032 | bf16_mfu: 0.00 | epoch: 1 pq: 27 rg: 37 | total time: 78.26m | eta: 6.0m
step 02343/02520 (92.98%) | loss: 2.806752 | lrm: 0.15 | dt: 2015.36ms | tok/sec: 260,146 | bf16_mfu: 0.00 | epoch: 1 pq: 27 rg: 38 | total time: 78.30m | eta: 5.9m
step 02344/02520 (93.02%) | loss: 2.799038 | lrm: 0.15 | dt: 2015.02ms | tok/sec: 260,190 | bf16_mfu: 0.00 | epoch: 1 pq: 27 rg: 39 | total time: 78.33m | eta: 5.9m
step 02345/02520 (93.06%) | loss: 2.803967 | lrm: 0.15 | dt: 2015.17ms | tok/sec: 260,170 | bf16_mfu: 0.00 | epoch: 1 pq: 27 rg: 40 | total time: 78.36m | eta: 5.9m
step 02346/02520 (93.10%) | loss: 2.810543 | lrm: 0.15 | dt: 2014.63ms | tok/sec: 260,240 | bf16_mfu: 0.00 | epoch: 1 pq: 27 rg: 41 | total time: 78.40m | eta: 5.8m
step 02347/02520 (93.13%) | loss: 2.824047 | lrm: 0.15 | dt: 2013.50ms | tok/sec: 260,386 | bf16_mfu: 0.00 | epoch: 1 pq: 27 rg: 42 | total time: 78.43m | eta: 5.8m
step 02348/02520 (93.17%) | loss: 2.810800 | lrm: 0.15 | dt: 2014.44ms | tok/sec: 260,264 | bf16_mfu: 0.00 | epoch: 1 pq: 27 rg: 43 | total time: 78.46m | eta: 5.8m
step 02349/02520 (93.21%) | loss: 2.811369 | lrm: 0.15 | dt: 2016.50ms | tok/sec: 259,999 | bf16_mfu: 0.00 | epoch: 1 pq: 27 rg: 44 | total time: 78.50m | eta: 5.7m
step 02350/02520 (93.25%) | loss: 2.807288 | lrm: 0.15 | dt: 2013.82ms | tok/sec: 260,345 | bf16_mfu: 0.00 | epoch: 1 pq: 27 rg: 45 | total time: 78.53m | eta: 5.7m
step 02351/02520 (93.29%) | loss: 2.808780 | lrm: 0.15 | dt: 2015.43ms | tok/sec: 260,137 | bf16_mfu: 0.00 | epoch: 1 pq: 27 rg: 46 | total time: 78.57m | eta: 5.7m
step 02352/02520 (93.33%) | loss: 2.807262 | lrm: 0.15 | dt: 2016.10ms | tok/sec: 260,050 | bf16_mfu: 0.00 | epoch: 1 pq: 27 rg: 47 | total time: 78.60m | eta: 5.6m
step 02353/02520 (93.37%) | loss: 2.804676 | lrm: 0.15 | dt: 2014.71ms | tok/sec: 260,229 | bf16_mfu: 0.00 | epoch: 1 pq: 27 rg: 48 | total time: 78.63m | eta: 5.6m
step 02354/02520 (93.41%) | loss: 2.804054 | lrm: 0.15 | dt: 2015.57ms | tok/sec: 260,119 | bf16_mfu: 0.00 | epoch: 1 pq: 27 rg: 49 | total time: 78.67m | eta: 5.6m
step 02355/02520 (93.45%) | loss: 2.799857 | lrm: 0.15 | dt: 2015.81ms | tok/sec: 260,087 | bf16_mfu: 0.00 | epoch: 1 pq: 27 rg: 50 | total time: 78.70m | eta: 5.5m
step 02356/02520 (93.49%) | loss: 2.798887 | lrm: 0.15 | dt: 2015.23ms | tok/sec: 260,163 | bf16_mfu: 0.00 | epoch: 1 pq: 27 rg: 51 | total time: 78.73m | eta: 5.5m
step 02357/02520 (93.53%) | loss: 2.811888 | lrm: 0.14 | dt: 2012.94ms | tok/sec: 260,458 | bf16_mfu: 0.00 | epoch: 1 pq: 27 rg: 52 | total time: 78.77m | eta: 5.5m
step 02358/02520 (93.57%) | loss: 2.803834 | lrm: 0.14 | dt: 2014.48ms | tok/sec: 260,259 | bf16_mfu: 0.00 | epoch: 1 pq: 27 rg: 53 | total time: 78.80m | eta: 5.4m
step 02359/02520 (93.61%) | loss: 2.799476 | lrm: 0.14 | dt: 2014.09ms | tok/sec: 260,309 | bf16_mfu: 0.00 | epoch: 1 pq: 27 rg: 54 | total time: 78.83m | eta: 5.4m
step 02360/02520 (93.65%) | loss: 2.799948 | lrm: 0.14 | dt: 2011.46ms | tok/sec: 260,649 | bf16_mfu: 0.00 | epoch: 1 pq: 27 rg: 54 | total time: 78.87m | eta: 5.4m
step 02361/02520 (93.69%) | loss: 2.805737 | lrm: 0.14 | dt: 2015.21ms | tok/sec: 260,166 | bf16_mfu: 0.00 | epoch: 1 pq: 27 rg: 55 | total time: 78.90m | eta: 5.3m
step 02362/02520 (93.73%) | loss: 2.807229 | lrm: 0.14 | dt: 2014.28ms | tok/sec: 260,285 | bf16_mfu: 0.00 | epoch: 1 pq: 27 rg: 56 | total time: 78.93m | eta: 5.3m
step 02363/02520 (93.77%) | loss: 2.809495 | lrm: 0.14 | dt: 2013.59ms | tok/sec: 260,375 | bf16_mfu: 0.00 | epoch: 1 pq: 27 rg: 57 | total time: 78.97m | eta: 5.3m
step 02364/02520 (93.81%) | loss: 2.801991 | lrm: 0.14 | dt: 2014.61ms | tok/sec: 260,242 | bf16_mfu: 0.00 | epoch: 1 pq: 27 rg: 58 | total time: 79.00m | eta: 5.2m
step 02365/02520 (93.85%) | loss: 2.784656 | lrm: 0.14 | dt: 2011.84ms | tok/sec: 260,601 | bf16_mfu: 0.00 | epoch: 1 pq: 27 rg: 59 | total time: 79.04m | eta: 5.2m
step 02366/02520 (93.89%) | loss: 2.794167 | lrm: 0.14 | dt: 2012.03ms | tok/sec: 260,577 | bf16_mfu: 0.00 | epoch: 1 pq: 27 rg: 60 | total time: 79.07m | eta: 5.2m
step 02367/02520 (93.93%) | loss: 2.798198 | lrm: 0.14 | dt: 2013.71ms | tok/sec: 260,359 | bf16_mfu: 0.00 | epoch: 1 pq: 27 rg: 61 | total time: 79.10m | eta: 5.1m
step 02368/02520 (93.97%) | loss: 2.787853 | lrm: 0.14 | dt: 2012.86ms | tok/sec: 260,468 | bf16_mfu: 0.00 | epoch: 1 pq: 27 rg: 62 | total time: 79.14m | eta: 5.1m
step 02369/02520 (94.01%) | loss: 2.797204 | lrm: 0.14 | dt: 2012.97ms | tok/sec: 260,454 | bf16_mfu: 0.00 | epoch: 1 pq: 27 rg: 63 | total time: 79.17m | eta: 5.1m
step 02370/02520 (94.05%) | loss: 2.788145 | lrm: 0.14 | dt: 2013.32ms | tok/sec: 260,409 | bf16_mfu: 0.00 | epoch: 1 pq: 27 rg: 64 | total time: 79.20m | eta: 5.0m
step 02371/02520 (94.09%) | loss: 2.775375 | lrm: 0.14 | dt: 2013.61ms | tok/sec: 260,371 | bf16_mfu: 0.00 | epoch: 1 pq: 27 rg: 65 | total time: 79.24m | eta: 5.0m
step 02372/02520 (94.13%) | loss: 2.760184 | lrm: 0.14 | dt: 2013.44ms | tok/sec: 260,394 | bf16_mfu: 0.00 | epoch: 1 pq: 27 rg: 66 | total time: 79.27m | eta: 5.0m
step 02373/02520 (94.17%) | loss: 2.762000 | lrm: 0.14 | dt: 2011.62ms | tok/sec: 260,629 | bf16_mfu: 0.00 | epoch: 1 pq: 27 rg: 67 | total time: 79.30m | eta: 4.9m
step 02374/02520 (94.21%) | loss: 2.764642 | lrm: 0.13 | dt: 2013.44ms | tok/sec: 260,394 | bf16_mfu: 0.00 | epoch: 1 pq: 27 rg: 68 | total time: 79.34m | eta: 4.9m
step 02375/02520 (94.25%) | loss: 2.775655 | lrm: 0.13 | dt: 2011.03ms | tok/sec: 260,706 | bf16_mfu: 0.00 | epoch: 1 pq: 27 rg: 69 | total time: 79.37m | eta: 4.9m
step 02376/02520 (94.29%) | loss: 2.776255 | lrm: 0.13 | dt: 2012.96ms | tok/sec: 260,456 | bf16_mfu: 0.00 | epoch: 1 pq: 27 rg: 70 | total time: 79.40m | eta: 4.8m
step 02377/02520 (94.33%) | loss: 2.764966 | lrm: 0.13 | dt: 2013.45ms | tok/sec: 260,393 | bf16_mfu: 0.00 | epoch: 1 pq: 27 rg: 71 | total time: 79.44m | eta: 4.8m
step 02378/02520 (94.37%) | loss: 2.771306 | lrm: 0.13 | dt: 2013.09ms | tok/sec: 260,438 | bf16_mfu: 0.00 | epoch: 1 pq: 27 rg: 72 | total time: 79.47m | eta: 4.8m
step 02379/02520 (94.40%) | loss: 2.780591 | lrm: 0.13 | dt: 2011.25ms | tok/sec: 260,678 | bf16_mfu: 0.00 | epoch: 1 pq: 27 rg: 73 | total time: 79.50m | eta: 4.7m
step 02380/02520 (94.44%) | loss: 2.763110 | lrm: 0.13 | dt: 2011.85ms | tok/sec: 260,599 | bf16_mfu: 0.00 | epoch: 1 pq: 27 rg: 74 | total time: 79.54m | eta: 4.7m
step 02381/02520 (94.48%) | loss: 2.750708 | lrm: 0.13 | dt: 2012.05ms | tok/sec: 260,573 | bf16_mfu: 0.00 | epoch: 1 pq: 27 rg: 75 | total time: 79.57m | eta: 4.7m
step 02382/02520 (94.52%) | loss: 2.753170 | lrm: 0.13 | dt: 2013.75ms | tok/sec: 260,353 | bf16_mfu: 0.00 | epoch: 1 pq: 27 rg: 76 | total time: 79.61m | eta: 4.6m
step 02383/02520 (94.56%) | loss: 2.744427 | lrm: 0.13 | dt: 2011.24ms | tok/sec: 260,678 | bf16_mfu: 0.00 | epoch: 1 pq: 27 rg: 77 | total time: 79.64m | eta: 4.6m
step 02384/02520 (94.60%) | loss: 2.747266 | lrm: 0.13 | dt: 2011.97ms | tok/sec: 260,584 | bf16_mfu: 0.00 | epoch: 1 pq: 27 rg: 78 | total time: 79.67m | eta: 4.6m
step 02385/02520 (94.64%) | loss: 2.740225 | lrm: 0.13 | dt: 2010.85ms | tok/sec: 260,729 | bf16_mfu: 0.00 | epoch: 1 pq: 27 rg: 79 | total time: 79.71m | eta: 4.5m
step 02386/02520 (94.68%) | loss: 2.737676 | lrm: 0.13 | dt: 2009.88ms | tok/sec: 260,855 | bf16_mfu: 0.00 | epoch: 1 pq: 27 rg: 80 | total time: 79.74m | eta: 4.5m
step 02387/02520 (94.72%) | loss: 2.747680 | lrm: 0.13 | dt: 2012.67ms | tok/sec: 260,494 | bf16_mfu: 0.00 | epoch: 1 pq: 27 rg: 81 | total time: 79.77m | eta: 4.5m
step 02388/02520 (94.76%) | loss: 2.755892 | lrm: 0.13 | dt: 2011.29ms | tok/sec: 260,672 | bf16_mfu: 0.00 | epoch: 1 pq: 28 rg: 0 | total time: 79.81m | eta: 4.4m
step 02389/02520 (94.80%) | loss: 2.754630 | lrm: 0.13 | dt: 2011.55ms | tok/sec: 260,639 | bf16_mfu: 0.00 | epoch: 1 pq: 28 rg: 1 | total time: 79.84m | eta: 4.4m
step 02390/02520 (94.84%) | loss: 2.766550 | lrm: 0.13 | dt: 2010.76ms | tok/sec: 260,740 | bf16_mfu: 0.00 | epoch: 1 pq: 28 rg: 2 | total time: 79.87m | eta: 4.4m
step 02391/02520 (94.88%) | loss: 2.756141 | lrm: 0.12 | dt: 2011.73ms | tok/sec: 260,615 | bf16_mfu: 0.00 | epoch: 1 pq: 28 rg: 3 | total time: 79.91m | eta: 4.3m
step 02392/02520 (94.92%) | loss: 2.748458 | lrm: 0.12 | dt: 2012.08ms | tok/sec: 260,569 | bf16_mfu: 0.00 | epoch: 1 pq: 28 rg: 4 | total time: 79.94m | eta: 4.3m
step 02393/02520 (94.96%) | loss: 2.756215 | lrm: 0.12 | dt: 2011.66ms | tok/sec: 260,624 | bf16_mfu: 0.00 | epoch: 1 pq: 28 rg: 5 | total time: 79.97m | eta: 4.3m
step 02394/02520 (95.00%) | loss: 2.764193 | lrm: 0.12 | dt: 2013.37ms | tok/sec: 260,403 | bf16_mfu: 0.00 | epoch: 1 pq: 28 rg: 6 | total time: 80.01m | eta: 4.2m
step 02395/02520 (95.04%) | loss: 2.760485 | lrm: 0.12 | dt: 2012.13ms | tok/sec: 260,563 | bf16_mfu: 0.00 | epoch: 1 pq: 28 rg: 7 | total time: 80.04m | eta: 4.2m
step 02396/02520 (95.08%) | loss: 2.749298 | lrm: 0.12 | dt: 2011.55ms | tok/sec: 260,638 | bf16_mfu: 0.00 | epoch: 1 pq: 28 rg: 8 | total time: 80.07m | eta: 4.2m
step 02397/02520 (95.12%) | loss: 2.755411 | lrm: 0.12 | dt: 2014.13ms | tok/sec: 260,305 | bf16_mfu: 0.00 | epoch: 1 pq: 28 rg: 8 | total time: 80.11m | eta: 4.1m
step 02398/02520 (95.16%) | loss: 2.756383 | lrm: 0.12 | dt: 2013.27ms | tok/sec: 260,415 | bf16_mfu: 0.00 | epoch: 1 pq: 28 rg: 9 | total time: 80.14m | eta: 4.1m
step 02399/02520 (95.20%) | loss: 2.749403 | lrm: 0.12 | dt: 2010.29ms | tok/sec: 260,801 | bf16_mfu: 0.00 | epoch: 1 pq: 28 rg: 10 | total time: 80.18m | eta: 4.1m
step 02400/02520 (95.24%) | loss: 2.747522 | lrm: 0.12 | dt: 2013.98ms | tok/sec: 260,324 | bf16_mfu: 0.00 | epoch: 1 pq: 28 rg: 11 | total time: 80.21m | eta: 4.0m
step 02401/02520 (95.28%) | loss: 2.746346 | lrm: 0.12 | dt: 2010.27ms | tok/sec: 260,804 | bf16_mfu: 0.00 | epoch: 1 pq: 28 rg: 12 | total time: 80.24m | eta: 4.0m
step 02402/02520 (95.32%) | loss: 2.741242 | lrm: 0.12 | dt: 2012.00ms | tok/sec: 260,581 | bf16_mfu: 0.00 | epoch: 1 pq: 28 rg: 13 | total time: 80.28m | eta: 4.0m
step 02403/02520 (95.36%) | loss: 2.741044 | lrm: 0.12 | dt: 2011.82ms | tok/sec: 260,604 | bf16_mfu: 0.00 | epoch: 1 pq: 28 rg: 14 | total time: 80.31m | eta: 3.9m
step 02404/02520 (95.40%) | loss: 2.744578 | lrm: 0.12 | dt: 2011.14ms | tok/sec: 260,691 | bf16_mfu: 0.00 | epoch: 1 pq: 28 rg: 15 | total time: 80.34m | eta: 3.9m
step 02405/02520 (95.44%) | loss: 2.742320 | lrm: 0.12 | dt: 2013.24ms | tok/sec: 260,419 | bf16_mfu: 0.00 | epoch: 1 pq: 28 rg: 16 | total time: 80.38m | eta: 3.9m
step 02406/02520 (95.48%) | loss: 2.733979 | lrm: 0.12 | dt: 2012.55ms | tok/sec: 260,508 | bf16_mfu: 0.00 | epoch: 1 pq: 28 rg: 17 | total time: 80.41m | eta: 3.8m
step 02407/02520 (95.52%) | loss: 2.746045 | lrm: 0.12 | dt: 2011.85ms | tok/sec: 260,599 | bf16_mfu: 0.00 | epoch: 1 pq: 28 rg: 18 | total time: 80.44m | eta: 3.8m
step 02408/02520 (95.56%) | loss: 2.736652 | lrm: 0.11 | dt: 2009.60ms | tok/sec: 260,891 | bf16_mfu: 0.00 | epoch: 1 pq: 28 rg: 19 | total time: 80.48m | eta: 3.8m
step 02409/02520 (95.60%) | loss: 2.743369 | lrm: 0.11 | dt: 2011.24ms | tok/sec: 260,678 | bf16_mfu: 0.00 | epoch: 1 pq: 28 rg: 20 | total time: 80.51m | eta: 3.7m
step 02410/02520 (95.63%) | loss: 2.726450 | lrm: 0.11 | dt: 2011.59ms | tok/sec: 260,633 | bf16_mfu: 0.00 | epoch: 1 pq: 28 rg: 21 | total time: 80.54m | eta: 3.7m
step 02411/02520 (95.67%) | loss: 2.734127 | lrm: 0.11 | dt: 2010.56ms | tok/sec: 260,767 | bf16_mfu: 0.00 | epoch: 1 pq: 28 rg: 22 | total time: 80.58m | eta: 3.7m
step 02412/02520 (95.71%) | loss: 2.749620 | lrm: 0.11 | dt: 2011.51ms | tok/sec: 260,643 | bf16_mfu: 0.00 | epoch: 1 pq: 28 rg: 23 | total time: 80.61m | eta: 3.6m
step 02413/02520 (95.75%) | loss: 2.753592 | lrm: 0.11 | dt: 2011.41ms | tok/sec: 260,657 | bf16_mfu: 0.00 | epoch: 1 pq: 28 rg: 24 | total time: 80.64m | eta: 3.6m
step 02414/02520 (95.79%) | loss: 2.763056 | lrm: 0.11 | dt: 2010.33ms | tok/sec: 260,796 | bf16_mfu: 0.00 | epoch: 1 pq: 28 rg: 25 | total time: 80.68m | eta: 3.6m
step 02415/02520 (95.83%) | loss: 2.769181 | lrm: 0.11 | dt: 2010.92ms | tok/sec: 260,720 | bf16_mfu: 0.00 | epoch: 1 pq: 28 rg: 26 | total time: 80.71m | eta: 3.5m
step 02416/02520 (95.87%) | loss: 2.777027 | lrm: 0.11 | dt: 2012.30ms | tok/sec: 260,542 | bf16_mfu: 0.00 | epoch: 1 pq: 28 rg: 27 | total time: 80.75m | eta: 3.5m
step 02417/02520 (95.91%) | loss: 2.778192 | lrm: 0.11 | dt: 2010.79ms | tok/sec: 260,736 | bf16_mfu: 0.00 | epoch: 1 pq: 28 rg: 28 | total time: 80.78m | eta: 3.5m
step 02418/02520 (95.95%) | loss: 2.789156 | lrm: 0.11 | dt: 2011.50ms | tok/sec: 260,645 | bf16_mfu: 0.00 | epoch: 1 pq: 28 rg: 29 | total time: 80.81m | eta: 3.4m
step 02419/02520 (95.99%) | loss: 2.789624 | lrm: 0.11 | dt: 2013.80ms | tok/sec: 260,348 | bf16_mfu: 0.00 | epoch: 1 pq: 28 rg: 30 | total time: 80.85m | eta: 3.4m
step 02420/02520 (96.03%) | loss: 2.782540 | lrm: 0.11 | dt: 2011.50ms | tok/sec: 260,645 | bf16_mfu: 0.00 | epoch: 1 pq: 28 rg: 31 | total time: 80.88m | eta: 3.4m
step 02421/02520 (96.07%) | loss: 2.780405 | lrm: 0.11 | dt: 2011.92ms | tok/sec: 260,591 | bf16_mfu: 0.00 | epoch: 1 pq: 28 rg: 32 | total time: 80.91m | eta: 3.3m
step 02422/02520 (96.11%) | loss: 2.783564 | lrm: 0.11 | dt: 2011.55ms | tok/sec: 260,639 | bf16_mfu: 0.00 | epoch: 1 pq: 28 rg: 33 | total time: 80.95m | eta: 3.3m
step 02423/02520 (96.15%) | loss: 2.782286 | lrm: 0.11 | dt: 2013.25ms | tok/sec: 260,418 | bf16_mfu: 0.00 | epoch: 1 pq: 28 rg: 34 | total time: 80.98m | eta: 3.3m
step 02424/02520 (96.19%) | loss: 2.787026 | lrm: 0.11 | dt: 2011.84ms | tok/sec: 260,601 | bf16_mfu: 0.00 | epoch: 1 pq: 28 rg: 35 | total time: 81.01m | eta: 3.2m
step 02425/02520 (96.23%) | loss: 2.774391 | lrm: 0.11 | dt: 2011.97ms | tok/sec: 260,584 | bf16_mfu: 0.00 | epoch: 1 pq: 28 rg: 35 | total time: 81.05m | eta: 3.2m
step 02426/02520 (96.27%) | loss: 2.781915 | lrm: 0.10 | dt: 2013.02ms | tok/sec: 260,448 | bf16_mfu: 0.00 | epoch: 1 pq: 28 rg: 36 | total time: 81.08m | eta: 3.2m
step 02427/02520 (96.31%) | loss: 2.780220 | lrm: 0.10 | dt: 2011.68ms | tok/sec: 260,622 | bf16_mfu: 0.00 | epoch: 1 pq: 28 rg: 37 | total time: 81.11m | eta: 3.1m
step 02428/02520 (96.35%) | loss: 2.774039 | lrm: 0.10 | dt: 2011.88ms | tok/sec: 260,595 | bf16_mfu: 0.00 | epoch: 1 pq: 28 rg: 38 | total time: 81.15m | eta: 3.1m
step 02429/02520 (96.39%) | loss: 2.776090 | lrm: 0.10 | dt: 2013.13ms | tok/sec: 260,434 | bf16_mfu: 0.00 | epoch: 1 pq: 28 rg: 39 | total time: 81.18m | eta: 3.1m
step 02430/02520 (96.43%) | loss: 2.768855 | lrm: 0.10 | dt: 2010.69ms | tok/sec: 260,750 | bf16_mfu: 0.00 | epoch: 1 pq: 28 rg: 40 | total time: 81.21m | eta: 3.0m
step 02431/02520 (96.47%) | loss: 2.766938 | lrm: 0.10 | dt: 2011.59ms | tok/sec: 260,633 | bf16_mfu: 0.00 | epoch: 1 pq: 28 rg: 41 | total time: 81.25m | eta: 3.0m
step 02432/02520 (96.51%) | loss: 2.774937 | lrm: 0.10 | dt: 2013.06ms | tok/sec: 260,443 | bf16_mfu: 0.00 | epoch: 1 pq: 28 rg: 42 | total time: 81.28m | eta: 3.0m
step 02433/02520 (96.55%) | loss: 2.769924 | lrm: 0.10 | dt: 2012.06ms | tok/sec: 260,572 | bf16_mfu: 0.00 | epoch: 1 pq: 28 rg: 43 | total time: 81.32m | eta: 2.9m
step 02434/02520 (96.59%) | loss: 2.771484 | lrm: 0.10 | dt: 2012.29ms | tok/sec: 260,543 | bf16_mfu: 0.00 | epoch: 1 pq: 28 rg: 44 | total time: 81.35m | eta: 2.9m
step 02435/02520 (96.63%) | loss: 2.783849 | lrm: 0.10 | dt: 2012.95ms | tok/sec: 260,458 | bf16_mfu: 0.00 | epoch: 1 pq: 28 rg: 45 | total time: 81.38m | eta: 2.9m
step 02436/02520 (96.67%) | loss: 2.793713 | lrm: 0.10 | dt: 2010.84ms | tok/sec: 260,730 | bf16_mfu: 0.00 | epoch: 1 pq: 28 rg: 46 | total time: 81.42m | eta: 2.8m
step 02437/02520 (96.71%) | loss: 2.793110 | lrm: 0.10 | dt: 2012.27ms | tok/sec: 260,544 | bf16_mfu: 0.00 | epoch: 1 pq: 28 rg: 47 | total time: 81.45m | eta: 2.8m
step 02438/02520 (96.75%) | loss: 2.773164 | lrm: 0.10 | dt: 2011.16ms | tok/sec: 260,689 | bf16_mfu: 0.00 | epoch: 1 pq: 28 rg: 48 | total time: 81.48m | eta: 2.8m
step 02439/02520 (96.79%) | loss: 2.764196 | lrm: 0.10 | dt: 2012.21ms | tok/sec: 260,553 | bf16_mfu: 0.00 | epoch: 1 pq: 28 rg: 49 | total time: 81.52m | eta: 2.7m
step 02440/02520 (96.83%) | loss: 2.768374 | lrm: 0.10 | dt: 2010.80ms | tok/sec: 260,735 | bf16_mfu: 0.00 | epoch: 1 pq: 28 rg: 50 | total time: 81.55m | eta: 2.7m
step 02441/02520 (96.87%) | loss: 2.767168 | lrm: 0.10 | dt: 2011.14ms | tok/sec: 260,691 | bf16_mfu: 0.00 | epoch: 1 pq: 28 rg: 51 | total time: 81.58m | eta: 2.7m
step 02442/02520 (96.90%) | loss: 2.762009 | lrm: 0.10 | dt: 2013.90ms | tok/sec: 260,334 | bf16_mfu: 0.00 | epoch: 1 pq: 28 rg: 52 | total time: 81.62m | eta: 2.6m
step 02443/02520 (96.94%) | loss: 2.766342 | lrm: 0.09 | dt: 2011.30ms | tok/sec: 260,671 | bf16_mfu: 0.00 | epoch: 1 pq: 28 rg: 53 | total time: 81.65m | eta: 2.6m
step 02444/02520 (96.98%) | loss: 2.758427 | lrm: 0.09 | dt: 2011.29ms | tok/sec: 260,672 | bf16_mfu: 0.00 | epoch: 1 pq: 28 rg: 54 | total time: 81.68m | eta: 2.6m
step 02445/02520 (97.02%) | loss: 2.759211 | lrm: 0.09 | dt: 2010.62ms | tok/sec: 260,759 | bf16_mfu: 0.00 | epoch: 1 pq: 28 rg: 55 | total time: 81.72m | eta: 2.5m
step 02446/02520 (97.06%) | loss: 2.752051 | lrm: 0.09 | dt: 2009.54ms | tok/sec: 260,900 | bf16_mfu: 0.00 | epoch: 1 pq: 28 rg: 56 | total time: 81.75m | eta: 2.5m
step 02447/02520 (97.10%) | loss: 2.765541 | lrm: 0.09 | dt: 2010.83ms | tok/sec: 260,732 | bf16_mfu: 0.00 | epoch: 1 pq: 28 rg: 57 | total time: 81.78m | eta: 2.4m
step 02448/02520 (97.14%) | loss: 2.766265 | lrm: 0.09 | dt: 2011.09ms | tok/sec: 260,699 | bf16_mfu: 0.00 | epoch: 1 pq: 28 rg: 58 | total time: 81.82m | eta: 2.4m
step 02449/02520 (97.18%) | loss: 2.768699 | lrm: 0.09 | dt: 2012.53ms | tok/sec: 260,511 | bf16_mfu: 0.00 | epoch: 1 pq: 28 rg: 59 | total time: 81.85m | eta: 2.4m
step 02450/02520 (97.22%) | loss: 2.770731 | lrm: 0.09 | dt: 2011.95ms | tok/sec: 260,587 | bf16_mfu: 0.00 | epoch: 1 pq: 28 rg: 60 | total time: 81.89m | eta: 2.3m
step 02451/02520 (97.26%) | loss: 2.771783 | lrm: 0.09 | dt: 2012.37ms | tok/sec: 260,533 | bf16_mfu: 0.00 | epoch: 1 pq: 28 rg: 61 | total time: 81.92m | eta: 2.3m
step 02452/02520 (97.30%) | loss: 2.767027 | lrm: 0.09 | dt: 2015.02ms | tok/sec: 260,190 | bf16_mfu: 0.00 | epoch: 1 pq: 28 rg: 62 | total time: 81.95m | eta: 2.3m
step 02453/02520 (97.34%) | loss: 2.771025 | lrm: 0.09 | dt: 2012.48ms | tok/sec: 260,518 | bf16_mfu: 0.00 | epoch: 1 pq: 28 rg: 63 | total time: 81.99m | eta: 2.2m
step 02454/02520 (97.38%) | loss: 2.783064 | lrm: 0.09 | dt: 2013.52ms | tok/sec: 260,383 | bf16_mfu: 0.00 | epoch: 1 pq: 28 rg: 64 | total time: 82.02m | eta: 2.2m
step 02455/02520 (97.42%) | loss: 2.783543 | lrm: 0.09 | dt: 2012.25ms | tok/sec: 260,547 | bf16_mfu: 0.00 | epoch: 1 pq: 28 rg: 65 | total time: 82.05m | eta: 2.2m
step 02456/02520 (97.46%) | loss: 2.786029 | lrm: 0.09 | dt: 2010.46ms | tok/sec: 260,780 | bf16_mfu: 0.00 | epoch: 1 pq: 28 rg: 66 | total time: 82.09m | eta: 2.1m
step 02457/02520 (97.50%) | loss: 2.784214 | lrm: 0.09 | dt: 2009.79ms | tok/sec: 260,867 | bf16_mfu: 0.00 | epoch: 1 pq: 28 rg: 66 | total time: 82.12m | eta: 2.1m
step 02458/02520 (97.54%) | loss: 2.784976 | lrm: 0.09 | dt: 2010.66ms | tok/sec: 260,754 | bf16_mfu: 0.00 | epoch: 1 pq: 28 rg: 67 | total time: 82.15m | eta: 2.1m
step 02459/02520 (97.58%) | loss: 2.789956 | lrm: 0.09 | dt: 2010.94ms | tok/sec: 260,718 | bf16_mfu: 0.00 | epoch: 1 pq: 28 rg: 68 | total time: 82.19m | eta: 2.0m
step 02460/02520 (97.62%) | loss: 2.784629 | lrm: 0.08 | dt: 2011.25ms | tok/sec: 260,677 | bf16_mfu: 0.00 | epoch: 1 pq: 28 rg: 69 | total time: 82.22m | eta: 2.0m
step 02461/02520 (97.66%) | loss: 2.779242 | lrm: 0.08 | dt: 2013.76ms | tok/sec: 260,352 | bf16_mfu: 0.00 | epoch: 1 pq: 28 rg: 70 | total time: 82.25m | eta: 2.0m
step 02462/02520 (97.70%) | loss: 2.773985 | lrm: 0.08 | dt: 2011.64ms | tok/sec: 260,627 | bf16_mfu: 0.00 | epoch: 1 pq: 28 rg: 71 | total time: 82.29m | eta: 1.9m
step 02463/02520 (97.74%) | loss: 2.768068 | lrm: 0.08 | dt: 2010.04ms | tok/sec: 260,834 | bf16_mfu: 0.00 | epoch: 1 pq: 28 rg: 72 | total time: 82.32m | eta: 1.9m
step 02464/02520 (97.78%) | loss: 2.782089 | lrm: 0.08 | dt: 2011.35ms | tok/sec: 260,664 | bf16_mfu: 0.00 | epoch: 1 pq: 28 rg: 73 | total time: 82.35m | eta: 1.9m
step 02465/02520 (97.82%) | loss: 2.786751 | lrm: 0.08 | dt: 2010.79ms | tok/sec: 260,737 | bf16_mfu: 0.00 | epoch: 1 pq: 28 rg: 74 | total time: 82.39m | eta: 1.8m
step 02466/02520 (97.86%) | loss: 2.791665 | lrm: 0.08 | dt: 2007.73ms | tok/sec: 261,134 | bf16_mfu: 0.00 | epoch: 1 pq: 28 rg: 75 | total time: 82.42m | eta: 1.8m
step 02467/02520 (97.90%) | loss: 2.792305 | lrm: 0.08 | dt: 2011.67ms | tok/sec: 260,622 | bf16_mfu: 0.00 | epoch: 1 pq: 28 rg: 76 | total time: 82.46m | eta: 1.8m
step 02468/02520 (97.94%) | loss: 2.796392 | lrm: 0.08 | dt: 2009.27ms | tok/sec: 260,934 | bf16_mfu: 0.00 | epoch: 1 pq: 28 rg: 77 | total time: 82.49m | eta: 1.7m
step 02469/02520 (97.98%) | loss: 2.796714 | lrm: 0.08 | dt: 2010.56ms | tok/sec: 260,766 | bf16_mfu: 0.00 | epoch: 1 pq: 28 rg: 78 | total time: 82.52m | eta: 1.7m
step 02470/02520 (98.02%) | loss: 2.801910 | lrm: 0.08 | dt: 2009.20ms | tok/sec: 260,943 | bf16_mfu: 0.00 | epoch: 1 pq: 28 rg: 79 | total time: 82.56m | eta: 1.7m
step 02471/02520 (98.06%) | loss: 2.797653 | lrm: 0.08 | dt: 2010.35ms | tok/sec: 260,794 | bf16_mfu: 0.00 | epoch: 1 pq: 28 rg: 80 | total time: 82.59m | eta: 1.6m
step 02472/02520 (98.10%) | loss: 2.798630 | lrm: 0.08 | dt: 2012.46ms | tok/sec: 260,521 | bf16_mfu: 0.00 | epoch: 1 pq: 28 rg: 81 | total time: 82.62m | eta: 1.6m
step 02473/02520 (98.13%) | loss: 2.799383 | lrm: 0.08 | dt: 2011.77ms | tok/sec: 260,610 | bf16_mfu: 0.00 | epoch: 1 pq: 28 rg: 82 | total time: 82.66m | eta: 1.6m
step 02474/02520 (98.17%) | loss: 2.798427 | lrm: 0.08 | dt: 2010.17ms | tok/sec: 260,818 | bf16_mfu: 0.00 | epoch: 1 pq: 29 rg: 0 | total time: 82.69m | eta: 1.5m
step 02475/02520 (98.21%) | loss: 2.801789 | lrm: 0.08 | dt: 2011.98ms | tok/sec: 260,582 | bf16_mfu: 0.00 | epoch: 1 pq: 29 rg: 1 | total time: 82.72m | eta: 1.5m
step 02476/02520 (98.25%) | loss: 2.799460 | lrm: 0.08 | dt: 2009.99ms | tok/sec: 260,840 | bf16_mfu: 0.00 | epoch: 1 pq: 29 rg: 2 | total time: 82.76m | eta: 1.5m
step 02477/02520 (98.29%) | loss: 2.803272 | lrm: 0.07 | dt: 2011.37ms | tok/sec: 260,662 | bf16_mfu: 0.00 | epoch: 1 pq: 29 rg: 3 | total time: 82.79m | eta: 1.4m
step 02478/02520 (98.33%) | loss: 2.785652 | lrm: 0.07 | dt: 2012.23ms | tok/sec: 260,550 | bf16_mfu: 0.00 | epoch: 1 pq: 29 rg: 4 | total time: 82.82m | eta: 1.4m
step 02479/02520 (98.37%) | loss: 2.778386 | lrm: 0.07 | dt: 2008.69ms | tok/sec: 261,010 | bf16_mfu: 0.00 | epoch: 1 pq: 29 rg: 5 | total time: 82.86m | eta: 1.4m
step 02480/02520 (98.41%) | loss: 2.781205 | lrm: 0.07 | dt: 2009.30ms | tok/sec: 260,930 | bf16_mfu: 0.00 | epoch: 1 pq: 29 rg: 6 | total time: 82.89m | eta: 1.3m
step 02481/02520 (98.45%) | loss: 2.782666 | lrm: 0.07 | dt: 2009.33ms | tok/sec: 260,926 | bf16_mfu: 0.00 | epoch: 1 pq: 29 rg: 7 | total time: 82.92m | eta: 1.3m
step 02482/02520 (98.49%) | loss: 2.789610 | lrm: 0.07 | dt: 2011.78ms | tok/sec: 260,609 | bf16_mfu: 0.00 | epoch: 1 pq: 29 rg: 8 | total time: 82.96m | eta: 1.3m
step 02483/02520 (98.53%) | loss: 2.789033 | lrm: 0.07 | dt: 2007.71ms | tok/sec: 261,137 | bf16_mfu: 0.00 | epoch: 1 pq: 29 rg: 9 | total time: 82.99m | eta: 1.2m
step 02484/02520 (98.57%) | loss: 2.788769 | lrm: 0.07 | dt: 2009.26ms | tok/sec: 260,936 | bf16_mfu: 0.00 | epoch: 1 pq: 29 rg: 10 | total time: 83.02m | eta: 1.2m
step 02485/02520 (98.61%) | loss: 2.786979 | lrm: 0.07 | dt: 2010.31ms | tok/sec: 260,800 | bf16_mfu: 0.00 | epoch: 1 pq: 29 rg: 11 | total time: 83.06m | eta: 1.2m
step 02486/02520 (98.65%) | loss: 2.788136 | lrm: 0.07 | dt: 2009.71ms | tok/sec: 260,876 | bf16_mfu: 0.00 | epoch: 1 pq: 29 rg: 12 | total time: 83.09m | eta: 1.1m
step 02487/02520 (98.69%) | loss: 2.790255 | lrm: 0.07 | dt: 2010.82ms | tok/sec: 260,732 | bf16_mfu: 0.00 | epoch: 1 pq: 29 rg: 13 | total time: 83.13m | eta: 1.1m
step 02488/02520 (98.73%) | loss: 2.795810 | lrm: 0.07 | dt: 2010.73ms | tok/sec: 260,744 | bf16_mfu: 0.00 | epoch: 1 pq: 29 rg: 14 | total time: 83.16m | eta: 1.1m
step 02489/02520 (98.77%) | loss: 2.799465 | lrm: 0.07 | dt: 2009.03ms | tok/sec: 260,966 | bf16_mfu: 0.00 | epoch: 1 pq: 29 rg: 15 | total time: 83.19m | eta: 1.0m
step 02490/02520 (98.81%) | loss: 2.799585 | lrm: 0.07 | dt: 2010.56ms | tok/sec: 260,767 | bf16_mfu: 0.00 | epoch: 1 pq: 29 rg: 16 | total time: 83.23m | eta: 1.0m
step 02491/02520 (98.85%) | loss: 2.795629 | lrm: 0.07 | dt: 2012.53ms | tok/sec: 260,512 | bf16_mfu: 0.00 | epoch: 1 pq: 29 rg: 16 | total time: 83.26m | eta: 1.0m
step 02492/02520 (98.89%) | loss: 2.783297 | lrm: 0.07 | dt: 2012.73ms | tok/sec: 260,485 | bf16_mfu: 0.00 | epoch: 1 pq: 29 rg: 17 | total time: 83.29m | eta: 0.9m
step 02493/02520 (98.93%) | loss: 2.771861 | lrm: 0.07 | dt: 2012.39ms | tok/sec: 260,529 | bf16_mfu: 0.00 | epoch: 1 pq: 29 rg: 18 | total time: 83.33m | eta: 0.9m
step 02494/02520 (98.97%) | loss: 2.768999 | lrm: 0.07 | dt: 2009.95ms | tok/sec: 260,846 | bf16_mfu: 0.00 | epoch: 1 pq: 29 rg: 19 | total time: 83.36m | eta: 0.9m
step 02495/02520 (99.01%) | loss: 2.778992 | lrm: 0.06 | dt: 2011.54ms | tok/sec: 260,640 | bf16_mfu: 0.00 | epoch: 1 pq: 29 rg: 20 | total time: 83.39m | eta: 0.8m
step 02496/02520 (99.05%) | loss: 2.785134 | lrm: 0.06 | dt: 2009.86ms | tok/sec: 260,858 | bf16_mfu: 0.00 | epoch: 1 pq: 29 rg: 21 | total time: 83.43m | eta: 0.8m
step 02497/02520 (99.09%) | loss: 2.781023 | lrm: 0.06 | dt: 2010.92ms | tok/sec: 260,719 | bf16_mfu: 0.00 | epoch: 1 pq: 29 rg: 22 | total time: 83.46m | eta: 0.8m
step 02498/02520 (99.13%) | loss: 2.776187 | lrm: 0.06 | dt: 2011.01ms | tok/sec: 260,708 | bf16_mfu: 0.00 | epoch: 1 pq: 29 rg: 23 | total time: 83.49m | eta: 0.7m
step 02499/02520 (99.17%) | loss: 2.785188 | lrm: 0.06 | dt: 2010.78ms | tok/sec: 260,738 | bf16_mfu: 0.00 | epoch: 1 pq: 29 rg: 24 | total time: 83.53m | eta: 0.7m
Step 02500 | Validation bpb: 0.848161
step 02500/02520 (99.21%) | loss: 2.771709 | lrm: 0.06 | dt: 1995.00ms | tok/sec: 262,801 | bf16_mfu: 0.00 | epoch: 1 pq: 29 rg: 25 | total time: 83.56m | eta: 0.7m
step 02501/02520 (99.25%) | loss: 2.787728 | lrm: 0.06 | dt: 2000.97ms | tok/sec: 262,017 | bf16_mfu: 0.00 | epoch: 1 pq: 29 rg: 26 | total time: 83.59m | eta: 0.6m
step 02502/02520 (99.29%) | loss: 2.795420 | lrm: 0.06 | dt: 2001.33ms | tok/sec: 261,969 | bf16_mfu: 0.00 | epoch: 1 pq: 29 rg: 27 | total time: 83.63m | eta: 0.6m
step 02503/02520 (99.33%) | loss: 2.782205 | lrm: 0.06 | dt: 2001.07ms | tok/sec: 262,003 | bf16_mfu: 0.00 | epoch: 1 pq: 29 rg: 28 | total time: 83.66m | eta: 0.6m
step 02504/02520 (99.37%) | loss: 2.788507 | lrm: 0.06 | dt: 2001.18ms | tok/sec: 261,988 | bf16_mfu: 0.00 | epoch: 1 pq: 29 rg: 29 | total time: 83.69m | eta: 0.5m
step 02505/02520 (99.40%) | loss: 2.781733 | lrm: 0.06 | dt: 2002.27ms | tok/sec: 261,846 | bf16_mfu: 0.00 | epoch: 1 pq: 29 rg: 30 | total time: 83.73m | eta: 0.5m
step 02506/02520 (99.44%) | loss: 2.782649 | lrm: 0.06 | dt: 2000.80ms | tok/sec: 262,039 | bf16_mfu: 0.00 | epoch: 1 pq: 29 rg: 31 | total time: 83.76m | eta: 0.5m
step 02507/02520 (99.48%) | loss: 2.783769 | lrm: 0.06 | dt: 2001.31ms | tok/sec: 261,973 | bf16_mfu: 0.00 | epoch: 1 pq: 29 rg: 32 | total time: 83.79m | eta: 0.4m
step 02508/02520 (99.52%) | loss: 2.769084 | lrm: 0.06 | dt: 2000.96ms | tok/sec: 262,018 | bf16_mfu: 0.00 | epoch: 1 pq: 29 rg: 33 | total time: 83.83m | eta: 0.4m
step 02509/02520 (99.56%) | loss: 2.767741 | lrm: 0.06 | dt: 2002.86ms | tok/sec: 261,770 | bf16_mfu: 0.00 | epoch: 1 pq: 29 rg: 34 | total time: 83.86m | eta: 0.4m
step 02510/02520 (99.60%) | loss: 2.762236 | lrm: 0.06 | dt: 2004.80ms | tok/sec: 261,516 | bf16_mfu: 0.00 | epoch: 1 pq: 29 rg: 35 | total time: 83.89m | eta: 0.3m
step 02511/02520 (99.64%) | loss: 2.766456 | lrm: 0.06 | dt: 2003.80ms | tok/sec: 261,646 | bf16_mfu: 0.00 | epoch: 1 pq: 29 rg: 36 | total time: 83.93m | eta: 0.3m
step 02512/02520 (99.68%) | loss: 2.775355 | lrm: 0.05 | dt: 2004.21ms | tok/sec: 261,592 | bf16_mfu: 0.00 | epoch: 1 pq: 29 rg: 37 | total time: 83.96m | eta: 0.3m
step 02513/02520 (99.72%) | loss: 2.774006 | lrm: 0.05 | dt: 2004.97ms | tok/sec: 261,494 | bf16_mfu: 0.00 | epoch: 1 pq: 29 rg: 38 | total time: 83.99m | eta: 0.2m
step 02514/02520 (99.76%) | loss: 2.775325 | lrm: 0.05 | dt: 2002.55ms | tok/sec: 261,809 | bf16_mfu: 0.00 | epoch: 1 pq: 29 rg: 39 | total time: 84.03m | eta: 0.2m
step 02515/02520 (99.80%) | loss: 2.778612 | lrm: 0.05 | dt: 2004.04ms | tok/sec: 261,615 | bf16_mfu: 0.00 | epoch: 1 pq: 29 rg: 40 | total time: 84.06m | eta: 0.2m
step 02516/02520 (99.84%) | loss: 2.774374 | lrm: 0.05 | dt: 2003.32ms | tok/sec: 261,709 | bf16_mfu: 0.00 | epoch: 1 pq: 29 rg: 41 | total time: 84.09m | eta: 0.1m
step 02517/02520 (99.88%) | loss: 2.764474 | lrm: 0.05 | dt: 2006.66ms | tok/sec: 261,273 | bf16_mfu: 0.00 | epoch: 1 pq: 29 rg: 42 | total time: 84.13m | eta: 0.1m
step 02518/02520 (99.92%) | loss: 2.777318 | lrm: 0.05 | dt: 2005.89ms | tok/sec: 261,373 | bf16_mfu: 0.00 | epoch: 1 pq: 29 rg: 43 | total time: 84.16m | eta: 0.1m
step 02519/02520 (99.96%) | loss: 2.777848 | lrm: 0.05 | dt: 2006.05ms | tok/sec: 261,353 | bf16_mfu: 0.00 | epoch: 1 pq: 29 rg: 43 | total time: 84.20m | eta: 0.0m
Step 02520 | Validation bpb: 0.847663
Evaluating: hellaswag_zeroshot (0-shot, type: multiple_choice)... accuracy: 0.3760 | centered: 0.1680 | time: 2.08s
Evaluating: jeopardy (10-shot, type: language_modeling)... accuracy: 0.0140 | centered: 0.0140 | time: 2.15s
Evaluating: bigbench_qa_wikidata (10-shot, type: language_modeling)... accuracy: 0.2660 | centered: 0.2660 | time: 1.97s
Evaluating: arc_easy (10-shot, type: multiple_choice)... accuracy: 0.6060 | centered: 0.4747 | time: 3.12s
Evaluating: arc_challenge (10-shot, type: multiple_choice)... accuracy: 0.2980 | centered: 0.0640 | time: 3.38s
Evaluating: copa (0-shot, type: multiple_choice)... accuracy: 0.5600 | centered: 0.1200 | time: 0.36s
Evaluating: commonsense_qa (10-shot, type: multiple_choice)... accuracy: 0.2460 | centered: 0.0575 | time: 3.80s
Evaluating: piqa (10-shot, type: multiple_choice)... accuracy: 0.7020 | centered: 0.4040 | time: 2.35s
Evaluating: openbook_qa (0-shot, type: multiple_choice)... accuracy: 0.3300 | centered: 0.1067 | time: 1.91s
Evaluating: lambada_openai (0-shot, type: language_modeling)... accuracy: 0.3000 | centered: 0.3000 | time: 1.90s
Evaluating: hellaswag (10-shot, type: multiple_choice)... accuracy: 0.3600 | centered: 0.1467 | time: 5.90s
Evaluating: winograd (0-shot, type: schema)... accuracy: 0.5788 | centered: 0.1575 | time: 1.00s
Evaluating: winogrande (0-shot, type: schema)... accuracy: 0.5520 | centered: 0.1040 | time: 1.83s
Evaluating: bigbench_dyck_languages (10-shot, type: language_modeling)... accuracy: 0.1160 | centered: 0.1160 | time: 2.23s
Evaluating: agi_eval_lsat_ar (3-shot, type: multiple_choice)... accuracy: 0.2304 | centered: 0.0380 | time: 2.60s
Evaluating: bigbench_cs_algorithms (10-shot, type: language_modeling)... accuracy: 0.4500 | centered: 0.4500 | time: 2.16s
Evaluating: bigbench_operators (10-shot, type: language_modeling)... accuracy: 0.0952 | centered: 0.0952 | time: 0.88s
Evaluating: bigbench_repeat_copy_logic (10-shot, type: language_modeling)... accuracy: 0.0000 | centered: 0.0000 | time: 0.14s
Evaluating: squad (10-shot, type: language_modeling)... accuracy: 0.2040 | centered: 0.2040 | time: 5.66s
Evaluating: coqa (0-shot, type: language_modeling)... accuracy: 0.2180 | centered: 0.2180 | time: 2.19s
Evaluating: boolq (10-shot, type: multiple_choice)... accuracy: 0.5020 | centered: -0.3105 | time: 5.84s
Evaluating: bigbench_language_identification (10-shot, type: multiple_choice)... accuracy: 0.2740 | centered: 0.2013 | time: 10.49s
Step 02520 | CORE metric: 0.1543
2026-09-19 23:15:35,928 - nanochat.checkpoint_manager - [32m[1mINFO[0m - Saved model parameters to: /home/neo/.cache/nanochat/base_checkpoints/looped_phase0_stock12/model_002520.pt
2026-09-19 23:15:35,928 - nanochat.checkpoint_manager - [32m[1mINFO[0m - Saved metadata to: /home/neo/.cache/nanochat/base_checkpoints/looped_phase0_stock12/meta_002520.json
Peak memory usage: 28771.39MiB
Total training time: 84.20m
Minimum validation bpb: 0.847663
Appended results row to results/looped_results.csv (diverged=0), log: results/logs/looped_phase0_stock12_20260919_213821.jsonl
