
                                                       █████                █████
                                                      ░░███                ░░███
     ████████    ██████   ████████    ██████   ██████  ░███████    ██████  ███████
    ░░███░░███  ░░░░░███ ░░███░░███  ███░░███ ███░░███ ░███░░███  ░░░░░███░░░███░
     ░███ ░███   ███████  ░███ ░███ ░███ ░███░███ ░░░  ░███ ░███   ███████  ░███
     ░███ ░███  ███░░███  ░███ ░███ ░███ ░███░███  ███ ░███ ░███  ███░░███  ░███ ███
     ████ █████░░████████ ████ █████░░██████ ░░██████  ████ █████░░███████  ░░█████
    ░░░░ ░░░░░  ░░░░░░░░ ░░░░ ░░░░░  ░░░░░░   ░░░░░░  ░░░░ ░░░░░  ░░░░░░░░   ░░░░░
    
Autodetected device type: cuda
2026-09-20 03:05:58,420 - nanochat.common - [32m[1mINFO[0m - Distributed world size: 1
2026-09-20 03:05:58,420 - nanochat.common - [33m[1mWARNING[0m - Peak flops undefined for: NVIDIA RTX PRO 6000 Blackwell Workstation Edition, MFU will show as 0%
GPU: NVIDIA RTX PRO 6000 Blackwell Workstation Edition | Peak FLOPS (BF16): inf
COMPUTE_DTYPE: torch.bfloat16 (auto-detected: CUDA SM 120 (bf16 supported))
!!!!!!!!!!!!!!!!!!!!!!!!!!!!!!!!!!!!!!!!!!!!!!!!!!!!!!!!!!!!!!!!!!!!!!!!!!!!!!!!
WARNING: Flash Attention 3 not available, using PyTorch SDPA fallback
WARNING: Training will be less efficient without FA3
!!!!!!!!!!!!!!!!!!!!!!!!!!!!!!!!!!!!!!!!!!!!!!!!!!!!!!!!!!!!!!!!!!!!!!!!!!!!!!!!
Vocab size: 32,768
Model config:
{
  "sequence_len": 2048,
  "vocab_size": 32768,
  "n_layer": 8,
  "n_head": 6,
  "n_kv_head": 6,
  "n_embd": 768,
  "window_pattern": "L",
  "n_prelude": 8,
  "n_core": 0,
  "n_coda": 0,
  "n_loop": 1
}
Parameter counts:
wte                     : 25,165,824
value_embeds            : 100,663,296
lm_head                 : 25,165,824
transformer_matrices    : 56,623,392
scalars                 : 42
total                   : 207,618,378
unique_layers           : 8
effective_layers        : 8
Estimated FLOPs per token: 6.417304e+08
Horizon and derived hyperparameters use reference layout 12: 110,100,912 scaling params (this model: 81,789,216)
Auto-computed optimal batch size: 524,288 tokens
Scaling the LR for the AdamW parameters ∝1/√(768/768) = 1.000000
Calculated number of iterations from target data:param ratio: 2,520
Horizon fraction 0.4: training for 1,008 iterations
Total number of training tokens: 528,482,304
Tokens : Scaling params ratio: 6.46
Total training FLOPs estimate: 3.391432e+17
Parameter table:
  unique block params                     : 56,623,392
  lm_head                                 : 25,165,824
  wte                                     : 25,165,824
  value embed params (lookups, no FLOPs)  : 100,663,296
  scalars                                 : 42
  unique layers U                         : 8
  effective layers E                      : 8
  FLOPs per token                         : 641,730,384
Tokens / micro-batch / rank: 32 x 2048 = 65,536
Tokens / micro-batch: 65,536
Total batch size 524,288 => gradient accumulation steps: 8
Step 00000 | Validation bpb: 3.171081
step 00000/01008 (0.00%) | loss: 10.397022 | lrm: 0.03 | dt: 2577.68ms | tok/sec: 203,395 | bf16_mfu: 0.00 | epoch: 1 pq: 0 rg: 1 | total time: 0.00m
step 00001/01008 (0.10%) | loss: 10.384686 | lrm: 0.05 | dt: 1403.83ms | tok/sec: 373,468 | bf16_mfu: 0.00 | epoch: 1 pq: 0 rg: 2 | total time: 0.00m
step 00002/01008 (0.20%) | loss: 10.362595 | lrm: 0.07 | dt: 1415.08ms | tok/sec: 370,501 | bf16_mfu: 0.00 | epoch: 1 pq: 0 rg: 3 | total time: 0.00m
step 00003/01008 (0.30%) | loss: 10.328792 | lrm: 0.10 | dt: 1416.42ms | tok/sec: 370,151 | bf16_mfu: 0.00 | epoch: 1 pq: 0 rg: 4 | total time: 0.00m
step 00004/01008 (0.40%) | loss: 10.280227 | lrm: 0.12 | dt: 1417.49ms | tok/sec: 369,871 | bf16_mfu: 0.00 | epoch: 1 pq: 0 rg: 5 | total time: 0.00m
step 00005/01008 (0.50%) | loss: 10.206473 | lrm: 0.15 | dt: 1416.47ms | tok/sec: 370,136 | bf16_mfu: 0.00 | epoch: 1 pq: 0 rg: 6 | total time: 0.00m
step 00006/01008 (0.60%) | loss: 10.100707 | lrm: 0.17 | dt: 1414.72ms | tok/sec: 370,595 | bf16_mfu: 0.00 | epoch: 1 pq: 0 rg: 7 | total time: 0.00m
step 00007/01008 (0.69%) | loss: 9.937626 | lrm: 0.20 | dt: 1415.47ms | tok/sec: 370,397 | bf16_mfu: 0.00 | epoch: 1 pq: 0 rg: 8 | total time: 0.00m
step 00008/01008 (0.79%) | loss: 9.675761 | lrm: 0.23 | dt: 1416.98ms | tok/sec: 370,004 | bf16_mfu: 0.00 | epoch: 1 pq: 0 rg: 10 | total time: 0.00m
step 00009/01008 (0.89%) | loss: 9.406104 | lrm: 0.25 | dt: 1419.57ms | tok/sec: 369,329 | bf16_mfu: 0.00 | epoch: 1 pq: 0 rg: 11 | total time: 0.00m
step 00010/01008 (0.99%) | loss: 9.100838 | lrm: 0.28 | dt: 1420.60ms | tok/sec: 369,060 | bf16_mfu: 0.00 | epoch: 1 pq: 0 rg: 12 | total time: 0.00m
step 00011/01008 (1.09%) | loss: 8.814867 | lrm: 0.30 | dt: 1422.19ms | tok/sec: 368,648 | bf16_mfu: 0.00 | epoch: 1 pq: 0 rg: 13 | total time: 0.02m | eta: 23.6m
step 00012/01008 (1.19%) | loss: 8.569837 | lrm: 0.33 | dt: 1424.43ms | tok/sec: 368,069 | bf16_mfu: 0.00 | epoch: 1 pq: 0 rg: 14 | total time: 0.05m | eta: 23.6m
step 00013/01008 (1.29%) | loss: 8.342122 | lrm: 0.35 | dt: 1424.97ms | tok/sec: 367,929 | bf16_mfu: 0.00 | epoch: 1 pq: 0 rg: 15 | total time: 0.07m | eta: 23.6m
step 00014/01008 (1.39%) | loss: 8.139730 | lrm: 0.38 | dt: 1426.25ms | tok/sec: 367,598 | bf16_mfu: 0.00 | epoch: 1 pq: 0 rg: 16 | total time: 0.09m | eta: 23.6m
step 00015/01008 (1.49%) | loss: 7.943109 | lrm: 0.40 | dt: 1427.27ms | tok/sec: 367,335 | bf16_mfu: 0.00 | epoch: 1 pq: 0 rg: 17 | total time: 0.12m | eta: 23.6m
step 00016/01008 (1.59%) | loss: 7.756951 | lrm: 0.42 | dt: 1429.25ms | tok/sec: 366,827 | bf16_mfu: 0.00 | epoch: 1 pq: 0 rg: 18 | total time: 0.14m | eta: 23.6m
step 00017/01008 (1.69%) | loss: 7.595198 | lrm: 0.45 | dt: 1428.11ms | tok/sec: 367,121 | bf16_mfu: 0.00 | epoch: 1 pq: 0 rg: 19 | total time: 0.17m | eta: 23.6m
step 00018/01008 (1.79%) | loss: 7.446244 | lrm: 0.47 | dt: 1429.75ms | tok/sec: 366,700 | bf16_mfu: 0.00 | epoch: 1 pq: 0 rg: 20 | total time: 0.19m | eta: 23.5m
step 00019/01008 (1.88%) | loss: 7.313238 | lrm: 0.50 | dt: 1430.82ms | tok/sec: 366,423 | bf16_mfu: 0.00 | epoch: 1 pq: 0 rg: 21 | total time: 0.21m | eta: 23.5m
step 00020/01008 (1.98%) | loss: 7.189553 | lrm: 0.53 | dt: 1431.39ms | tok/sec: 366,280 | bf16_mfu: 0.00 | epoch: 1 pq: 0 rg: 22 | total time: 0.24m | eta: 23.5m
step 00021/01008 (2.08%) | loss: 7.067167 | lrm: 0.55 | dt: 1432.45ms | tok/sec: 366,008 | bf16_mfu: 0.00 | epoch: 1 pq: 0 rg: 23 | total time: 0.26m | eta: 23.5m
step 00022/01008 (2.18%) | loss: 6.965245 | lrm: 0.57 | dt: 1432.26ms | tok/sec: 366,057 | bf16_mfu: 0.00 | epoch: 1 pq: 0 rg: 24 | total time: 0.29m | eta: 23.5m
step 00023/01008 (2.28%) | loss: 6.862201 | lrm: 0.60 | dt: 1433.52ms | tok/sec: 365,735 | bf16_mfu: 0.00 | epoch: 1 pq: 0 rg: 26 | total time: 0.31m | eta: 23.5m
step 00024/01008 (2.38%) | loss: 6.767950 | lrm: 0.62 | dt: 1432.79ms | tok/sec: 365,921 | bf16_mfu: 0.00 | epoch: 1 pq: 0 rg: 27 | total time: 0.33m | eta: 23.4m
step 00025/01008 (2.48%) | loss: 6.681791 | lrm: 0.65 | dt: 1433.20ms | tok/sec: 365,817 | bf16_mfu: 0.00 | epoch: 1 pq: 0 rg: 28 | total time: 0.36m | eta: 23.4m
step 00026/01008 (2.58%) | loss: 6.604225 | lrm: 0.68 | dt: 1433.21ms | tok/sec: 365,814 | bf16_mfu: 0.00 | epoch: 1 pq: 0 rg: 29 | total time: 0.38m | eta: 23.4m
step 00027/01008 (2.68%) | loss: 6.526755 | lrm: 0.70 | dt: 1432.93ms | tok/sec: 365,885 | bf16_mfu: 0.00 | epoch: 1 pq: 0 rg: 30 | total time: 0.41m | eta: 23.4m
step 00028/01008 (2.78%) | loss: 6.462467 | lrm: 0.72 | dt: 1435.69ms | tok/sec: 365,180 | bf16_mfu: 0.00 | epoch: 1 pq: 0 rg: 31 | total time: 0.43m | eta: 23.4m
step 00029/01008 (2.88%) | loss: 6.412795 | lrm: 0.75 | dt: 1434.05ms | tok/sec: 365,600 | bf16_mfu: 0.00 | epoch: 1 pq: 0 rg: 32 | total time: 0.45m | eta: 23.3m
step 00030/01008 (2.98%) | loss: 6.358845 | lrm: 0.78 | dt: 1435.13ms | tok/sec: 365,325 | bf16_mfu: 0.00 | epoch: 1 pq: 0 rg: 33 | total time: 0.48m | eta: 23.3m
step 00031/01008 (3.08%) | loss: 6.313007 | lrm: 0.80 | dt: 1435.34ms | tok/sec: 365,270 | bf16_mfu: 0.00 | epoch: 1 pq: 0 rg: 34 | total time: 0.50m | eta: 23.3m
step 00032/01008 (3.17%) | loss: 6.263933 | lrm: 0.82 | dt: 1436.15ms | tok/sec: 365,065 | bf16_mfu: 0.00 | epoch: 1 pq: 0 rg: 35 | total time: 0.52m | eta: 23.3m
step 00033/01008 (3.27%) | loss: 6.221806 | lrm: 0.85 | dt: 1437.72ms | tok/sec: 364,667 | bf16_mfu: 0.00 | epoch: 1 pq: 0 rg: 36 | total time: 0.55m | eta: 23.3m
step 00034/01008 (3.37%) | loss: 6.179325 | lrm: 0.88 | dt: 1436.09ms | tok/sec: 365,079 | bf16_mfu: 0.00 | epoch: 1 pq: 0 rg: 37 | total time: 0.57m | eta: 23.2m
step 00035/01008 (3.47%) | loss: 6.143810 | lrm: 0.90 | dt: 1436.24ms | tok/sec: 365,042 | bf16_mfu: 0.00 | epoch: 1 pq: 0 rg: 38 | total time: 0.60m | eta: 23.2m
step 00036/01008 (3.57%) | loss: 6.115008 | lrm: 0.93 | dt: 1435.89ms | tok/sec: 365,130 | bf16_mfu: 0.00 | epoch: 1 pq: 0 rg: 39 | total time: 0.62m | eta: 23.2m
step 00037/01008 (3.67%) | loss: 6.085098 | lrm: 0.95 | dt: 1437.60ms | tok/sec: 364,696 | bf16_mfu: 0.00 | epoch: 1 pq: 0 rg: 40 | total time: 0.64m | eta: 23.2m
step 00038/01008 (3.77%) | loss: 6.056837 | lrm: 0.97 | dt: 1438.57ms | tok/sec: 364,450 | bf16_mfu: 0.00 | epoch: 1 pq: 0 rg: 41 | total time: 0.67m | eta: 23.2m
step 00039/01008 (3.87%) | loss: 6.024242 | lrm: 1.00 | dt: 1440.14ms | tok/sec: 364,053 | bf16_mfu: 0.00 | epoch: 1 pq: 0 rg: 42 | total time: 0.69m | eta: 23.1m
step 00040/01008 (3.97%) | loss: 5.997265 | lrm: 1.00 | dt: 1438.62ms | tok/sec: 364,438 | bf16_mfu: 0.00 | epoch: 1 pq: 0 rg: 43 | total time: 0.72m | eta: 23.1m
step 00041/01008 (4.07%) | loss: 5.975430 | lrm: 1.00 | dt: 1439.76ms | tok/sec: 364,148 | bf16_mfu: 0.00 | epoch: 1 pq: 0 rg: 44 | total time: 0.74m | eta: 23.1m
step 00042/01008 (4.17%) | loss: 5.965007 | lrm: 1.00 | dt: 1440.37ms | tok/sec: 363,994 | bf16_mfu: 0.00 | epoch: 1 pq: 0 rg: 44 | total time: 0.76m | eta: 23.1m
step 00043/01008 (4.27%) | loss: 5.952192 | lrm: 1.00 | dt: 1440.10ms | tok/sec: 364,062 | bf16_mfu: 0.00 | epoch: 1 pq: 0 rg: 45 | total time: 0.79m | eta: 23.1m
step 00044/01008 (4.37%) | loss: 5.926187 | lrm: 1.00 | dt: 1441.53ms | tok/sec: 363,701 | bf16_mfu: 0.00 | epoch: 1 pq: 0 rg: 46 | total time: 0.81m | eta: 23.0m
step 00045/01008 (4.46%) | loss: 5.903653 | lrm: 1.00 | dt: 1442.48ms | tok/sec: 363,462 | bf16_mfu: 0.00 | epoch: 1 pq: 0 rg: 47 | total time: 0.84m | eta: 23.0m
step 00046/01008 (4.56%) | loss: 5.886552 | lrm: 1.00 | dt: 1442.77ms | tok/sec: 363,390 | bf16_mfu: 0.00 | epoch: 1 pq: 0 rg: 48 | total time: 0.86m | eta: 23.0m
step 00047/01008 (4.66%) | loss: 5.867842 | lrm: 1.00 | dt: 1441.51ms | tok/sec: 363,706 | bf16_mfu: 0.00 | epoch: 1 pq: 0 rg: 49 | total time: 0.88m | eta: 23.0m
step 00048/01008 (4.76%) | loss: 5.847703 | lrm: 1.00 | dt: 1443.27ms | tok/sec: 363,263 | bf16_mfu: 0.00 | epoch: 1 pq: 0 rg: 50 | total time: 0.91m | eta: 23.0m
step 00049/01008 (4.86%) | loss: 5.831160 | lrm: 1.00 | dt: 1442.07ms | tok/sec: 363,565 | bf16_mfu: 0.00 | epoch: 1 pq: 0 rg: 51 | total time: 0.93m | eta: 22.9m
step 00050/01008 (4.96%) | loss: 5.814214 | lrm: 1.00 | dt: 1443.01ms | tok/sec: 363,328 | bf16_mfu: 0.00 | epoch: 1 pq: 0 rg: 52 | total time: 0.96m | eta: 22.9m
step 00051/01008 (5.06%) | loss: 5.793283 | lrm: 1.00 | dt: 1444.55ms | tok/sec: 362,941 | bf16_mfu: 0.00 | epoch: 1 pq: 0 rg: 53 | total time: 0.98m | eta: 22.9m
step 00052/01008 (5.16%) | loss: 5.781240 | lrm: 1.00 | dt: 1444.54ms | tok/sec: 362,943 | bf16_mfu: 0.00 | epoch: 1 pq: 0 rg: 54 | total time: 1.00m | eta: 22.9m
step 00053/01008 (5.26%) | loss: 5.761575 | lrm: 1.00 | dt: 1443.81ms | tok/sec: 363,128 | bf16_mfu: 0.00 | epoch: 1 pq: 0 rg: 55 | total time: 1.03m | eta: 22.9m
step 00054/01008 (5.36%) | loss: 5.738936 | lrm: 1.00 | dt: 1444.55ms | tok/sec: 362,941 | bf16_mfu: 0.00 | epoch: 1 pq: 0 rg: 56 | total time: 1.05m | eta: 22.8m
step 00055/01008 (5.46%) | loss: 5.729481 | lrm: 1.00 | dt: 1446.45ms | tok/sec: 362,464 | bf16_mfu: 0.00 | epoch: 1 pq: 0 rg: 57 | total time: 1.08m | eta: 22.8m
step 00056/01008 (5.56%) | loss: 5.716675 | lrm: 1.00 | dt: 1445.71ms | tok/sec: 362,650 | bf16_mfu: 0.00 | epoch: 1 pq: 0 rg: 58 | total time: 1.10m | eta: 22.8m
step 00057/01008 (5.65%) | loss: 5.698800 | lrm: 1.00 | dt: 1445.38ms | tok/sec: 362,732 | bf16_mfu: 0.00 | epoch: 1 pq: 0 rg: 59 | total time: 1.13m | eta: 22.8m
step 00058/01008 (5.75%) | loss: 5.682364 | lrm: 1.00 | dt: 1445.50ms | tok/sec: 362,704 | bf16_mfu: 0.00 | epoch: 1 pq: 0 rg: 60 | total time: 1.15m | eta: 22.7m
step 00059/01008 (5.85%) | loss: 5.671269 | lrm: 1.00 | dt: 1446.88ms | tok/sec: 362,357 | bf16_mfu: 0.00 | epoch: 1 pq: 0 rg: 61 | total time: 1.17m | eta: 22.7m
step 00060/01008 (5.95%) | loss: 5.643508 | lrm: 1.00 | dt: 1446.20ms | tok/sec: 362,528 | bf16_mfu: 0.00 | epoch: 1 pq: 0 rg: 62 | total time: 1.20m | eta: 22.7m
step 00061/01008 (6.05%) | loss: 5.619710 | lrm: 1.00 | dt: 1447.03ms | tok/sec: 362,321 | bf16_mfu: 0.00 | epoch: 1 pq: 0 rg: 63 | total time: 1.22m | eta: 22.7m
step 00062/01008 (6.15%) | loss: 5.604716 | lrm: 1.00 | dt: 1448.25ms | tok/sec: 362,014 | bf16_mfu: 0.00 | epoch: 1 pq: 0 rg: 64 | total time: 1.25m | eta: 22.7m
step 00063/01008 (6.25%) | loss: 5.583188 | lrm: 1.00 | dt: 1445.92ms | tok/sec: 362,597 | bf16_mfu: 0.00 | epoch: 1 pq: 0 rg: 65 | total time: 1.27m | eta: 22.6m
step 00064/01008 (6.35%) | loss: 5.573355 | lrm: 1.00 | dt: 1448.67ms | tok/sec: 361,909 | bf16_mfu: 0.00 | epoch: 1 pq: 0 rg: 66 | total time: 1.29m | eta: 22.6m
step 00065/01008 (6.45%) | loss: 5.553310 | lrm: 1.00 | dt: 1446.96ms | tok/sec: 362,338 | bf16_mfu: 0.00 | epoch: 1 pq: 0 rg: 67 | total time: 1.32m | eta: 22.6m
step 00066/01008 (6.55%) | loss: 5.537117 | lrm: 1.00 | dt: 1449.11ms | tok/sec: 361,800 | bf16_mfu: 0.00 | epoch: 1 pq: 0 rg: 68 | total time: 1.34m | eta: 22.6m
step 00067/01008 (6.65%) | loss: 5.519025 | lrm: 1.00 | dt: 1449.22ms | tok/sec: 361,772 | bf16_mfu: 0.00 | epoch: 1 pq: 0 rg: 69 | total time: 1.37m | eta: 22.6m
step 00068/01008 (6.75%) | loss: 5.502232 | lrm: 1.00 | dt: 1446.59ms | tok/sec: 362,430 | bf16_mfu: 0.00 | epoch: 1 pq: 0 rg: 70 | total time: 1.39m | eta: 22.5m
step 00069/01008 (6.85%) | loss: 5.486269 | lrm: 1.00 | dt: 1450.28ms | tok/sec: 361,508 | bf16_mfu: 0.00 | epoch: 1 pq: 0 rg: 71 | total time: 1.41m | eta: 22.5m
step 00070/01008 (6.94%) | loss: 5.470128 | lrm: 1.00 | dt: 1448.38ms | tok/sec: 361,983 | bf16_mfu: 0.00 | epoch: 1 pq: 0 rg: 72 | total time: 1.44m | eta: 22.5m
step 00071/01008 (7.04%) | loss: 5.454809 | lrm: 1.00 | dt: 1451.97ms | tok/sec: 361,087 | bf16_mfu: 0.00 | epoch: 1 pq: 0 rg: 73 | total time: 1.46m | eta: 22.5m
step 00072/01008 (7.14%) | loss: 5.451498 | lrm: 1.00 | dt: 1448.67ms | tok/sec: 361,910 | bf16_mfu: 0.00 | epoch: 1 pq: 0 rg: 74 | total time: 1.49m | eta: 22.5m
step 00073/01008 (7.24%) | loss: 5.431289 | lrm: 1.00 | dt: 1452.05ms | tok/sec: 361,066 | bf16_mfu: 0.00 | epoch: 1 pq: 0 rg: 74 | total time: 1.51m | eta: 22.4m
step 00074/01008 (7.34%) | loss: 5.410464 | lrm: 1.00 | dt: 1449.04ms | tok/sec: 361,818 | bf16_mfu: 0.00 | epoch: 1 pq: 0 rg: 75 | total time: 1.54m | eta: 22.4m
step 00075/01008 (7.44%) | loss: 5.388573 | lrm: 1.00 | dt: 1452.09ms | tok/sec: 361,056 | bf16_mfu: 0.00 | epoch: 1 pq: 0 rg: 76 | total time: 1.56m | eta: 22.4m
step 00076/01008 (7.54%) | loss: 5.368942 | lrm: 1.00 | dt: 1447.04ms | tok/sec: 362,317 | bf16_mfu: 0.00 | epoch: 1 pq: 0 rg: 77 | total time: 1.58m | eta: 22.4m
step 00077/01008 (7.64%) | loss: 5.364982 | lrm: 1.00 | dt: 1450.16ms | tok/sec: 361,537 | bf16_mfu: 0.00 | epoch: 1 pq: 0 rg: 78 | total time: 1.61m | eta: 22.3m
step 00078/01008 (7.74%) | loss: 5.347610 | lrm: 1.00 | dt: 1448.16ms | tok/sec: 362,037 | bf16_mfu: 0.00 | epoch: 1 pq: 0 rg: 79 | total time: 1.63m | eta: 22.3m
step 00079/01008 (7.84%) | loss: 5.335612 | lrm: 1.00 | dt: 1450.88ms | tok/sec: 361,357 | bf16_mfu: 0.00 | epoch: 1 pq: 0 rg: 80 | total time: 1.66m | eta: 22.3m
step 00080/01008 (7.94%) | loss: 5.315564 | lrm: 1.00 | dt: 1448.11ms | tok/sec: 362,048 | bf16_mfu: 0.00 | epoch: 1 pq: 0 rg: 81 | total time: 1.68m | eta: 22.3m
step 00081/01008 (8.04%) | loss: 5.307672 | lrm: 1.00 | dt: 1449.90ms | tok/sec: 361,601 | bf16_mfu: 0.00 | epoch: 1 pq: 0 rg: 82 | total time: 1.70m | eta: 22.3m
step 00082/01008 (8.13%) | loss: 5.296735 | lrm: 1.00 | dt: 1449.66ms | tok/sec: 361,663 | bf16_mfu: 0.00 | epoch: 1 pq: 0 rg: 83 | total time: 1.73m | eta: 22.2m
step 00083/01008 (8.23%) | loss: 5.281521 | lrm: 1.00 | dt: 1451.51ms | tok/sec: 361,201 | bf16_mfu: 0.00 | epoch: 1 pq: 1 rg: 0 | total time: 1.75m | eta: 22.2m
step 00084/01008 (8.33%) | loss: 5.267973 | lrm: 1.00 | dt: 1450.45ms | tok/sec: 361,466 | bf16_mfu: 0.00 | epoch: 1 pq: 1 rg: 1 | total time: 1.78m | eta: 22.2m
step 00085/01008 (8.43%) | loss: 5.250031 | lrm: 1.00 | dt: 1451.53ms | tok/sec: 361,197 | bf16_mfu: 0.00 | epoch: 1 pq: 1 rg: 2 | total time: 1.80m | eta: 22.2m
step 00086/01008 (8.53%) | loss: 5.235979 | lrm: 1.00 | dt: 1451.26ms | tok/sec: 361,263 | bf16_mfu: 0.00 | epoch: 1 pq: 1 rg: 3 | total time: 1.83m | eta: 22.1m
step 00087/01008 (8.63%) | loss: 5.222195 | lrm: 1.00 | dt: 1451.29ms | tok/sec: 361,255 | bf16_mfu: 0.00 | epoch: 1 pq: 1 rg: 4 | total time: 1.85m | eta: 22.1m
step 00088/01008 (8.73%) | loss: 5.213779 | lrm: 1.00 | dt: 1451.06ms | tok/sec: 361,312 | bf16_mfu: 0.00 | epoch: 1 pq: 1 rg: 5 | total time: 1.87m | eta: 22.1m
step 00089/01008 (8.83%) | loss: 5.204744 | lrm: 1.00 | dt: 1451.79ms | tok/sec: 361,131 | bf16_mfu: 0.00 | epoch: 1 pq: 1 rg: 6 | total time: 1.90m | eta: 22.1m
step 00090/01008 (8.93%) | loss: 5.189074 | lrm: 1.00 | dt: 1452.08ms | tok/sec: 361,058 | bf16_mfu: 0.00 | epoch: 1 pq: 1 rg: 7 | total time: 1.92m | eta: 22.1m
step 00091/01008 (9.03%) | loss: 5.171014 | lrm: 1.00 | dt: 1451.10ms | tok/sec: 361,304 | bf16_mfu: 0.00 | epoch: 1 pq: 1 rg: 8 | total time: 1.95m | eta: 22.0m
step 00092/01008 (9.13%) | loss: 5.163305 | lrm: 1.00 | dt: 1451.23ms | tok/sec: 361,271 | bf16_mfu: 0.00 | epoch: 1 pq: 1 rg: 9 | total time: 1.97m | eta: 22.0m
step 00093/01008 (9.23%) | loss: 5.154774 | lrm: 1.00 | dt: 1451.32ms | tok/sec: 361,249 | bf16_mfu: 0.00 | epoch: 1 pq: 1 rg: 10 | total time: 1.99m | eta: 22.0m
step 00094/01008 (9.33%) | loss: 5.142296 | lrm: 1.00 | dt: 1452.00ms | tok/sec: 361,080 | bf16_mfu: 0.00 | epoch: 1 pq: 1 rg: 11 | total time: 2.02m | eta: 22.0m
step 00095/01008 (9.42%) | loss: 5.121898 | lrm: 1.00 | dt: 1454.59ms | tok/sec: 360,436 | bf16_mfu: 0.00 | epoch: 1 pq: 1 rg: 12 | total time: 2.04m | eta: 21.9m
step 00096/01008 (9.52%) | loss: 5.112164 | lrm: 1.00 | dt: 1451.04ms | tok/sec: 361,319 | bf16_mfu: 0.00 | epoch: 1 pq: 1 rg: 13 | total time: 2.07m | eta: 21.9m
step 00097/01008 (9.62%) | loss: 5.092199 | lrm: 1.00 | dt: 1454.91ms | tok/sec: 360,358 | bf16_mfu: 0.00 | epoch: 1 pq: 1 rg: 14 | total time: 2.09m | eta: 21.9m
step 00098/01008 (9.72%) | loss: 5.084504 | lrm: 1.00 | dt: 1453.19ms | tok/sec: 360,783 | bf16_mfu: 0.00 | epoch: 1 pq: 1 rg: 15 | total time: 2.12m | eta: 21.9m
step 00099/01008 (9.82%) | loss: 5.076696 | lrm: 1.00 | dt: 1453.10ms | tok/sec: 360,806 | bf16_mfu: 0.00 | epoch: 1 pq: 1 rg: 16 | total time: 2.14m | eta: 21.9m
step 00100/01008 (9.92%) | loss: 5.053320 | lrm: 1.00 | dt: 1454.89ms | tok/sec: 360,363 | bf16_mfu: 0.00 | epoch: 1 pq: 1 rg: 17 | total time: 2.16m | eta: 21.8m
step 00101/01008 (10.02%) | loss: 5.048379 | lrm: 1.00 | dt: 1454.55ms | tok/sec: 360,445 | bf16_mfu: 0.00 | epoch: 1 pq: 1 rg: 18 | total time: 2.19m | eta: 21.8m
step 00102/01008 (10.12%) | loss: 5.038148 | lrm: 1.00 | dt: 1453.73ms | tok/sec: 360,650 | bf16_mfu: 0.00 | epoch: 1 pq: 1 rg: 19 | total time: 2.21m | eta: 21.8m
step 00103/01008 (10.22%) | loss: 5.031214 | lrm: 1.00 | dt: 1452.86ms | tok/sec: 360,866 | bf16_mfu: 0.00 | epoch: 1 pq: 1 rg: 20 | total time: 2.24m | eta: 21.8m
step 00104/01008 (10.32%) | loss: 5.019621 | lrm: 1.00 | dt: 1454.94ms | tok/sec: 360,350 | bf16_mfu: 0.00 | epoch: 1 pq: 1 rg: 21 | total time: 2.26m | eta: 21.7m
step 00105/01008 (10.42%) | loss: 5.008685 | lrm: 1.00 | dt: 1453.80ms | tok/sec: 360,633 | bf16_mfu: 0.00 | epoch: 1 pq: 1 rg: 22 | total time: 2.29m | eta: 21.7m
step 00106/01008 (10.52%) | loss: 4.994652 | lrm: 1.00 | dt: 1454.55ms | tok/sec: 360,446 | bf16_mfu: 0.00 | epoch: 1 pq: 1 rg: 23 | total time: 2.31m | eta: 21.7m
step 00107/01008 (10.62%) | loss: 4.985768 | lrm: 1.00 | dt: 1455.10ms | tok/sec: 360,310 | bf16_mfu: 0.00 | epoch: 1 pq: 1 rg: 24 | total time: 2.33m | eta: 21.7m
step 00108/01008 (10.71%) | loss: 4.976744 | lrm: 1.00 | dt: 1456.11ms | tok/sec: 360,060 | bf16_mfu: 0.00 | epoch: 1 pq: 1 rg: 25 | total time: 2.36m | eta: 21.7m
step 00109/01008 (10.81%) | loss: 4.961270 | lrm: 1.00 | dt: 1454.64ms | tok/sec: 360,424 | bf16_mfu: 0.00 | epoch: 1 pq: 1 rg: 26 | total time: 2.38m | eta: 21.6m
step 00110/01008 (10.91%) | loss: 4.941991 | lrm: 1.00 | dt: 1453.28ms | tok/sec: 360,762 | bf16_mfu: 0.00 | epoch: 1 pq: 1 rg: 26 | total time: 2.41m | eta: 21.6m
step 00111/01008 (11.01%) | loss: 4.921289 | lrm: 1.00 | dt: 1456.07ms | tok/sec: 360,071 | bf16_mfu: 0.00 | epoch: 1 pq: 1 rg: 27 | total time: 2.43m | eta: 21.6m
step 00112/01008 (11.11%) | loss: 4.913362 | lrm: 1.00 | dt: 1456.08ms | tok/sec: 360,068 | bf16_mfu: 0.00 | epoch: 1 pq: 1 rg: 28 | total time: 2.46m | eta: 21.6m
step 00113/01008 (11.21%) | loss: 4.900328 | lrm: 1.00 | dt: 1455.93ms | tok/sec: 360,106 | bf16_mfu: 0.00 | epoch: 1 pq: 1 rg: 29 | total time: 2.48m | eta: 21.5m
step 00114/01008 (11.31%) | loss: 4.894446 | lrm: 1.00 | dt: 1452.80ms | tok/sec: 360,881 | bf16_mfu: 0.00 | epoch: 1 pq: 1 rg: 30 | total time: 2.50m | eta: 21.5m
step 00115/01008 (11.41%) | loss: 4.880548 | lrm: 1.00 | dt: 1454.74ms | tok/sec: 360,400 | bf16_mfu: 0.00 | epoch: 1 pq: 1 rg: 31 | total time: 2.53m | eta: 21.5m
step 00116/01008 (11.51%) | loss: 4.868307 | lrm: 1.00 | dt: 1455.00ms | tok/sec: 360,334 | bf16_mfu: 0.00 | epoch: 1 pq: 1 rg: 32 | total time: 2.55m | eta: 21.5m
step 00117/01008 (11.61%) | loss: 4.856225 | lrm: 1.00 | dt: 1456.06ms | tok/sec: 360,073 | bf16_mfu: 0.00 | epoch: 1 pq: 1 rg: 33 | total time: 2.58m | eta: 21.5m
step 00118/01008 (11.71%) | loss: 4.851121 | lrm: 1.00 | dt: 1453.00ms | tok/sec: 360,831 | bf16_mfu: 0.00 | epoch: 1 pq: 1 rg: 34 | total time: 2.60m | eta: 21.4m
step 00119/01008 (11.81%) | loss: 4.837018 | lrm: 1.00 | dt: 1455.48ms | tok/sec: 360,217 | bf16_mfu: 0.00 | epoch: 1 pq: 1 rg: 35 | total time: 2.63m | eta: 21.4m
step 00120/01008 (11.90%) | loss: 4.815640 | lrm: 1.00 | dt: 1455.88ms | tok/sec: 360,118 | bf16_mfu: 0.00 | epoch: 1 pq: 1 rg: 36 | total time: 2.65m | eta: 21.4m
step 00121/01008 (12.00%) | loss: 4.790409 | lrm: 1.00 | dt: 1458.78ms | tok/sec: 359,402 | bf16_mfu: 0.00 | epoch: 1 pq: 1 rg: 37 | total time: 2.67m | eta: 21.4m
step 00122/01008 (12.10%) | loss: 4.789528 | lrm: 1.00 | dt: 1456.77ms | tok/sec: 359,898 | bf16_mfu: 0.00 | epoch: 1 pq: 1 rg: 38 | total time: 2.70m | eta: 21.3m
step 00123/01008 (12.20%) | loss: 4.773688 | lrm: 1.00 | dt: 1455.36ms | tok/sec: 360,245 | bf16_mfu: 0.00 | epoch: 1 pq: 1 rg: 39 | total time: 2.72m | eta: 21.3m
step 00124/01008 (12.30%) | loss: 4.764975 | lrm: 1.00 | dt: 1456.37ms | tok/sec: 359,996 | bf16_mfu: 0.00 | epoch: 1 pq: 1 rg: 40 | total time: 2.75m | eta: 21.3m
step 00125/01008 (12.40%) | loss: 4.753806 | lrm: 1.00 | dt: 1456.20ms | tok/sec: 360,039 | bf16_mfu: 0.00 | epoch: 1 pq: 1 rg: 41 | total time: 2.77m | eta: 21.3m
step 00126/01008 (12.50%) | loss: 4.728075 | lrm: 1.00 | dt: 1457.76ms | tok/sec: 359,652 | bf16_mfu: 0.00 | epoch: 1 pq: 1 rg: 42 | total time: 2.80m | eta: 21.3m
step 00127/01008 (12.60%) | loss: 4.712277 | lrm: 1.00 | dt: 1457.34ms | tok/sec: 359,756 | bf16_mfu: 0.00 | epoch: 1 pq: 1 rg: 43 | total time: 2.82m | eta: 21.2m
step 00128/01008 (12.70%) | loss: 4.706672 | lrm: 1.00 | dt: 1456.11ms | tok/sec: 360,060 | bf16_mfu: 0.00 | epoch: 1 pq: 1 rg: 44 | total time: 2.84m | eta: 21.2m
step 00129/01008 (12.80%) | loss: 4.703899 | lrm: 1.00 | dt: 1453.87ms | tok/sec: 360,614 | bf16_mfu: 0.00 | epoch: 1 pq: 1 rg: 45 | total time: 2.87m | eta: 21.2m
step 00130/01008 (12.90%) | loss: 4.694797 | lrm: 1.00 | dt: 1455.93ms | tok/sec: 360,104 | bf16_mfu: 0.00 | epoch: 1 pq: 1 rg: 46 | total time: 2.89m | eta: 21.2m
step 00131/01008 (13.00%) | loss: 4.682587 | lrm: 1.00 | dt: 1456.46ms | tok/sec: 359,973 | bf16_mfu: 0.00 | epoch: 1 pq: 1 rg: 47 | total time: 2.92m | eta: 21.1m
step 00132/01008 (13.10%) | loss: 4.669434 | lrm: 1.00 | dt: 1457.57ms | tok/sec: 359,700 | bf16_mfu: 0.00 | epoch: 1 pq: 1 rg: 48 | total time: 2.94m | eta: 21.1m
step 00133/01008 (13.19%) | loss: 4.659402 | lrm: 1.00 | dt: 1457.24ms | tok/sec: 359,780 | bf16_mfu: 0.00 | epoch: 1 pq: 1 rg: 49 | total time: 2.96m | eta: 21.1m
step 00134/01008 (13.29%) | loss: 4.649091 | lrm: 1.00 | dt: 1453.64ms | tok/sec: 360,672 | bf16_mfu: 0.00 | epoch: 1 pq: 1 rg: 50 | total time: 2.99m | eta: 21.1m
step 00135/01008 (13.39%) | loss: 4.638126 | lrm: 1.00 | dt: 1456.52ms | tok/sec: 359,959 | bf16_mfu: 0.00 | epoch: 1 pq: 1 rg: 51 | total time: 3.01m | eta: 21.0m
step 00136/01008 (13.49%) | loss: 4.620809 | lrm: 1.00 | dt: 1456.15ms | tok/sec: 360,049 | bf16_mfu: 0.00 | epoch: 1 pq: 1 rg: 52 | total time: 3.04m | eta: 21.0m
step 00137/01008 (13.59%) | loss: 4.608106 | lrm: 1.00 | dt: 1457.08ms | tok/sec: 359,820 | bf16_mfu: 0.00 | epoch: 1 pq: 1 rg: 53 | total time: 3.06m | eta: 21.0m
step 00138/01008 (13.69%) | loss: 4.599065 | lrm: 1.00 | dt: 1456.62ms | tok/sec: 359,933 | bf16_mfu: 0.00 | epoch: 1 pq: 1 rg: 54 | total time: 3.09m | eta: 21.0m
step 00139/01008 (13.79%) | loss: 4.585611 | lrm: 1.00 | dt: 1456.41ms | tok/sec: 359,986 | bf16_mfu: 0.00 | epoch: 1 pq: 1 rg: 55 | total time: 3.11m | eta: 21.0m
step 00140/01008 (13.89%) | loss: 4.568641 | lrm: 1.00 | dt: 1455.27ms | tok/sec: 360,267 | bf16_mfu: 0.00 | epoch: 1 pq: 1 rg: 56 | total time: 3.13m | eta: 20.9m
step 00141/01008 (13.99%) | loss: 4.561657 | lrm: 1.00 | dt: 1457.44ms | tok/sec: 359,731 | bf16_mfu: 0.00 | epoch: 1 pq: 1 rg: 57 | total time: 3.16m | eta: 20.9m
step 00142/01008 (14.09%) | loss: 4.551073 | lrm: 1.00 | dt: 1457.04ms | tok/sec: 359,830 | bf16_mfu: 0.00 | epoch: 1 pq: 1 rg: 57 | total time: 3.18m | eta: 20.9m
step 00143/01008 (14.19%) | loss: 4.538336 | lrm: 1.00 | dt: 1457.66ms | tok/sec: 359,677 | bf16_mfu: 0.00 | epoch: 1 pq: 1 rg: 58 | total time: 3.21m | eta: 20.9m
step 00144/01008 (14.29%) | loss: 4.535373 | lrm: 1.00 | dt: 1459.42ms | tok/sec: 359,243 | bf16_mfu: 0.00 | epoch: 1 pq: 1 rg: 59 | total time: 3.23m | eta: 20.8m
step 00145/01008 (14.38%) | loss: 4.518536 | lrm: 1.00 | dt: 1458.18ms | tok/sec: 359,549 | bf16_mfu: 0.00 | epoch: 1 pq: 1 rg: 60 | total time: 3.26m | eta: 20.8m
step 00146/01008 (14.48%) | loss: 4.514678 | lrm: 1.00 | dt: 1458.51ms | tok/sec: 359,467 | bf16_mfu: 0.00 | epoch: 1 pq: 1 rg: 61 | total time: 3.28m | eta: 20.8m
step 00147/01008 (14.58%) | loss: 4.519547 | lrm: 1.00 | dt: 1456.88ms | tok/sec: 359,871 | bf16_mfu: 0.00 | epoch: 1 pq: 1 rg: 62 | total time: 3.30m | eta: 20.8m
step 00148/01008 (14.68%) | loss: 4.502559 | lrm: 1.00 | dt: 1456.22ms | tok/sec: 360,034 | bf16_mfu: 0.00 | epoch: 1 pq: 1 rg: 63 | total time: 3.33m | eta: 20.7m
step 00149/01008 (14.78%) | loss: 4.487018 | lrm: 1.00 | dt: 1456.04ms | tok/sec: 360,078 | bf16_mfu: 0.00 | epoch: 1 pq: 1 rg: 64 | total time: 3.35m | eta: 20.7m
step 00150/01008 (14.88%) | loss: 4.481691 | lrm: 1.00 | dt: 1458.01ms | tok/sec: 359,591 | bf16_mfu: 0.00 | epoch: 1 pq: 1 rg: 65 | total time: 3.38m | eta: 20.7m
step 00151/01008 (14.98%) | loss: 4.468993 | lrm: 1.00 | dt: 1456.59ms | tok/sec: 359,942 | bf16_mfu: 0.00 | epoch: 1 pq: 1 rg: 66 | total time: 3.40m | eta: 20.7m
step 00152/01008 (15.08%) | loss: 4.455353 | lrm: 1.00 | dt: 1458.36ms | tok/sec: 359,504 | bf16_mfu: 0.00 | epoch: 1 pq: 1 rg: 67 | total time: 3.43m | eta: 20.7m
step 00153/01008 (15.18%) | loss: 4.442857 | lrm: 1.00 | dt: 1455.91ms | tok/sec: 360,109 | bf16_mfu: 0.00 | epoch: 1 pq: 1 rg: 68 | total time: 3.45m | eta: 20.6m
step 00154/01008 (15.28%) | loss: 4.437670 | lrm: 1.00 | dt: 1455.50ms | tok/sec: 360,211 | bf16_mfu: 0.00 | epoch: 1 pq: 1 rg: 69 | total time: 3.47m | eta: 20.6m
step 00155/01008 (15.38%) | loss: 4.418980 | lrm: 1.00 | dt: 1455.03ms | tok/sec: 360,327 | bf16_mfu: 0.00 | epoch: 1 pq: 1 rg: 70 | total time: 3.50m | eta: 20.6m
step 00156/01008 (15.48%) | loss: 4.402988 | lrm: 1.00 | dt: 1456.83ms | tok/sec: 359,882 | bf16_mfu: 0.00 | epoch: 1 pq: 1 rg: 71 | total time: 3.52m | eta: 20.6m
step 00157/01008 (15.58%) | loss: 4.384543 | lrm: 1.00 | dt: 1458.18ms | tok/sec: 359,550 | bf16_mfu: 0.00 | epoch: 1 pq: 1 rg: 72 | total time: 3.55m | eta: 20.5m
step 00158/01008 (15.67%) | loss: 4.359843 | lrm: 1.00 | dt: 1457.85ms | tok/sec: 359,630 | bf16_mfu: 0.00 | epoch: 1 pq: 1 rg: 73 | total time: 3.57m | eta: 20.5m
step 00159/01008 (15.77%) | loss: 4.356411 | lrm: 1.00 | dt: 1457.40ms | tok/sec: 359,742 | bf16_mfu: 0.00 | epoch: 1 pq: 1 rg: 74 | total time: 3.60m | eta: 20.5m
step 00160/01008 (15.87%) | loss: 4.344636 | lrm: 1.00 | dt: 1456.07ms | tok/sec: 360,071 | bf16_mfu: 0.00 | epoch: 1 pq: 1 rg: 75 | total time: 3.62m | eta: 20.5m
step 00161/01008 (15.97%) | loss: 4.333734 | lrm: 1.00 | dt: 1456.14ms | tok/sec: 360,052 | bf16_mfu: 0.00 | epoch: 1 pq: 1 rg: 76 | total time: 3.64m | eta: 20.4m
step 00162/01008 (16.07%) | loss: 4.316165 | lrm: 1.00 | dt: 1456.74ms | tok/sec: 359,906 | bf16_mfu: 0.00 | epoch: 1 pq: 1 rg: 77 | total time: 3.67m | eta: 20.4m
step 00163/01008 (16.17%) | loss: 4.299950 | lrm: 1.00 | dt: 1458.00ms | tok/sec: 359,595 | bf16_mfu: 0.00 | epoch: 1 pq: 1 rg: 78 | total time: 3.69m | eta: 20.4m
step 00164/01008 (16.27%) | loss: 4.277995 | lrm: 1.00 | dt: 1457.06ms | tok/sec: 359,825 | bf16_mfu: 0.00 | epoch: 1 pq: 1 rg: 79 | total time: 3.72m | eta: 20.4m
step 00165/01008 (16.37%) | loss: 4.272281 | lrm: 1.00 | dt: 1457.90ms | tok/sec: 359,618 | bf16_mfu: 0.00 | epoch: 1 pq: 1 rg: 80 | total time: 3.74m | eta: 20.4m
step 00166/01008 (16.47%) | loss: 4.261248 | lrm: 1.00 | dt: 1456.78ms | tok/sec: 359,894 | bf16_mfu: 0.00 | epoch: 1 pq: 1 rg: 81 | total time: 3.77m | eta: 20.3m
step 00167/01008 (16.57%) | loss: 4.249277 | lrm: 1.00 | dt: 1455.57ms | tok/sec: 360,193 | bf16_mfu: 0.00 | epoch: 1 pq: 1 rg: 82 | total time: 3.79m | eta: 20.3m
step 00168/01008 (16.67%) | loss: 4.239928 | lrm: 1.00 | dt: 1456.60ms | tok/sec: 359,940 | bf16_mfu: 0.00 | epoch: 1 pq: 1 rg: 83 | total time: 3.81m | eta: 20.3m
step 00169/01008 (16.77%) | loss: 4.219189 | lrm: 1.00 | dt: 1457.71ms | tok/sec: 359,664 | bf16_mfu: 0.00 | epoch: 1 pq: 2 rg: 0 | total time: 3.84m | eta: 20.3m
step 00170/01008 (16.87%) | loss: 4.201229 | lrm: 1.00 | dt: 1458.18ms | tok/sec: 359,548 | bf16_mfu: 0.00 | epoch: 1 pq: 2 rg: 1 | total time: 3.86m | eta: 20.2m
step 00171/01008 (16.96%) | loss: 4.185854 | lrm: 1.00 | dt: 1458.32ms | tok/sec: 359,515 | bf16_mfu: 0.00 | epoch: 1 pq: 2 rg: 2 | total time: 3.89m | eta: 20.2m
step 00172/01008 (17.06%) | loss: 4.181855 | lrm: 1.00 | dt: 1459.38ms | tok/sec: 359,253 | bf16_mfu: 0.00 | epoch: 1 pq: 2 rg: 3 | total time: 3.91m | eta: 20.2m
step 00173/01008 (17.16%) | loss: 4.191074 | lrm: 1.00 | dt: 1458.92ms | tok/sec: 359,366 | bf16_mfu: 0.00 | epoch: 1 pq: 2 rg: 4 | total time: 3.94m | eta: 20.2m
step 00174/01008 (17.26%) | loss: 4.167369 | lrm: 1.00 | dt: 1461.06ms | tok/sec: 358,839 | bf16_mfu: 0.00 | epoch: 1 pq: 2 rg: 5 | total time: 3.96m | eta: 20.1m
step 00175/01008 (17.36%) | loss: 4.153830 | lrm: 1.00 | dt: 1458.80ms | tok/sec: 359,396 | bf16_mfu: 0.00 | epoch: 1 pq: 2 rg: 6 | total time: 3.99m | eta: 20.1m
step 00176/01008 (17.46%) | loss: 4.145061 | lrm: 1.00 | dt: 1460.45ms | tok/sec: 358,990 | bf16_mfu: 0.00 | epoch: 1 pq: 2 rg: 7 | total time: 4.01m | eta: 20.1m
step 00177/01008 (17.56%) | loss: 4.142755 | lrm: 1.00 | dt: 1458.74ms | tok/sec: 359,411 | bf16_mfu: 0.00 | epoch: 1 pq: 2 rg: 8 | total time: 4.03m | eta: 20.1m
step 00178/01008 (17.66%) | loss: 4.127578 | lrm: 1.00 | dt: 1459.85ms | tok/sec: 359,138 | bf16_mfu: 0.00 | epoch: 1 pq: 2 rg: 9 | total time: 4.06m | eta: 20.0m
step 00179/01008 (17.76%) | loss: 4.121260 | lrm: 1.00 | dt: 1459.37ms | tok/sec: 359,255 | bf16_mfu: 0.00 | epoch: 1 pq: 2 rg: 10 | total time: 4.08m | eta: 20.0m
step 00180/01008 (17.86%) | loss: 4.102176 | lrm: 1.00 | dt: 1458.90ms | tok/sec: 359,371 | bf16_mfu: 0.00 | epoch: 1 pq: 2 rg: 10 | total time: 4.11m | eta: 20.0m
step 00181/01008 (17.96%) | loss: 4.109698 | lrm: 1.00 | dt: 1458.61ms | tok/sec: 359,442 | bf16_mfu: 0.00 | epoch: 1 pq: 2 rg: 11 | total time: 4.13m | eta: 20.0m
step 00182/01008 (18.06%) | loss: 4.080441 | lrm: 1.00 | dt: 1457.10ms | tok/sec: 359,816 | bf16_mfu: 0.00 | epoch: 1 pq: 2 rg: 12 | total time: 4.16m | eta: 20.0m
step 00183/01008 (18.15%) | loss: 4.073241 | lrm: 1.00 | dt: 1456.50ms | tok/sec: 359,965 | bf16_mfu: 0.00 | epoch: 1 pq: 2 rg: 13 | total time: 4.18m | eta: 19.9m
step 00184/01008 (18.25%) | loss: 4.071024 | lrm: 1.00 | dt: 1455.83ms | tok/sec: 360,130 | bf16_mfu: 0.00 | epoch: 1 pq: 2 rg: 14 | total time: 4.20m | eta: 19.9m
step 00185/01008 (18.35%) | loss: 4.067303 | lrm: 1.00 | dt: 1457.04ms | tok/sec: 359,831 | bf16_mfu: 0.00 | epoch: 1 pq: 2 rg: 15 | total time: 4.23m | eta: 19.9m
step 00186/01008 (18.45%) | loss: 4.063624 | lrm: 1.00 | dt: 1458.24ms | tok/sec: 359,535 | bf16_mfu: 0.00 | epoch: 1 pq: 2 rg: 16 | total time: 4.25m | eta: 19.9m
step 00187/01008 (18.55%) | loss: 4.055416 | lrm: 1.00 | dt: 1458.66ms | tok/sec: 359,430 | bf16_mfu: 0.00 | epoch: 1 pq: 2 rg: 17 | total time: 4.28m | eta: 19.8m
step 00188/01008 (18.65%) | loss: 4.051984 | lrm: 1.00 | dt: 1457.95ms | tok/sec: 359,606 | bf16_mfu: 0.00 | epoch: 1 pq: 2 rg: 18 | total time: 4.30m | eta: 19.8m
step 00189/01008 (18.75%) | loss: 4.046020 | lrm: 1.00 | dt: 1458.39ms | tok/sec: 359,498 | bf16_mfu: 0.00 | epoch: 1 pq: 2 rg: 19 | total time: 4.33m | eta: 19.8m
step 00190/01008 (18.85%) | loss: 4.053838 | lrm: 1.00 | dt: 1456.71ms | tok/sec: 359,913 | bf16_mfu: 0.00 | epoch: 1 pq: 2 rg: 20 | total time: 4.35m | eta: 19.8m
step 00191/01008 (18.95%) | loss: 4.047609 | lrm: 1.00 | dt: 1457.00ms | tok/sec: 359,842 | bf16_mfu: 0.00 | epoch: 1 pq: 2 rg: 21 | total time: 4.37m | eta: 19.7m
step 00192/01008 (19.05%) | loss: 4.043895 | lrm: 1.00 | dt: 1456.20ms | tok/sec: 360,039 | bf16_mfu: 0.00 | epoch: 1 pq: 2 rg: 22 | total time: 4.40m | eta: 19.7m
step 00193/01008 (19.15%) | loss: 4.034208 | lrm: 1.00 | dt: 1456.26ms | tok/sec: 360,023 | bf16_mfu: 0.00 | epoch: 1 pq: 2 rg: 23 | total time: 4.42m | eta: 19.7m
step 00194/01008 (19.25%) | loss: 4.028235 | lrm: 1.00 | dt: 1457.33ms | tok/sec: 359,758 | bf16_mfu: 0.00 | epoch: 1 pq: 2 rg: 24 | total time: 4.45m | eta: 19.7m
step 00195/01008 (19.35%) | loss: 4.014252 | lrm: 1.00 | dt: 1457.37ms | tok/sec: 359,749 | bf16_mfu: 0.00 | epoch: 1 pq: 2 rg: 25 | total time: 4.47m | eta: 19.6m
step 00196/01008 (19.44%) | loss: 4.007148 | lrm: 1.00 | dt: 1458.44ms | tok/sec: 359,485 | bf16_mfu: 0.00 | epoch: 1 pq: 2 rg: 26 | total time: 4.50m | eta: 19.6m
step 00197/01008 (19.54%) | loss: 3.995219 | lrm: 1.00 | dt: 1457.05ms | tok/sec: 359,828 | bf16_mfu: 0.00 | epoch: 1 pq: 2 rg: 27 | total time: 4.52m | eta: 19.6m
step 00198/01008 (19.64%) | loss: 3.990172 | lrm: 1.00 | dt: 1456.70ms | tok/sec: 359,915 | bf16_mfu: 0.00 | epoch: 1 pq: 2 rg: 28 | total time: 4.54m | eta: 19.6m
step 00199/01008 (19.74%) | loss: 3.982954 | lrm: 1.00 | dt: 1455.30ms | tok/sec: 360,260 | bf16_mfu: 0.00 | epoch: 1 pq: 2 rg: 29 | total time: 4.57m | eta: 19.6m
step 00200/01008 (19.84%) | loss: 3.982042 | lrm: 1.00 | dt: 1458.69ms | tok/sec: 359,424 | bf16_mfu: 0.00 | epoch: 1 pq: 2 rg: 30 | total time: 4.59m | eta: 19.5m
step 00201/01008 (19.94%) | loss: 3.973956 | lrm: 1.00 | dt: 1457.30ms | tok/sec: 359,767 | bf16_mfu: 0.00 | epoch: 1 pq: 2 rg: 31 | total time: 4.62m | eta: 19.5m
step 00202/01008 (20.04%) | loss: 3.971499 | lrm: 1.00 | dt: 1457.63ms | tok/sec: 359,684 | bf16_mfu: 0.00 | epoch: 1 pq: 2 rg: 32 | total time: 4.64m | eta: 19.5m
step 00203/01008 (20.14%) | loss: 3.969362 | lrm: 1.00 | dt: 1458.80ms | tok/sec: 359,396 | bf16_mfu: 0.00 | epoch: 1 pq: 2 rg: 33 | total time: 4.67m | eta: 19.5m
step 00204/01008 (20.24%) | loss: 3.965765 | lrm: 1.00 | dt: 1458.89ms | tok/sec: 359,375 | bf16_mfu: 0.00 | epoch: 1 pq: 2 rg: 34 | total time: 4.69m | eta: 19.4m
step 00205/01008 (20.34%) | loss: 3.967522 | lrm: 1.00 | dt: 1456.73ms | tok/sec: 359,906 | bf16_mfu: 0.00 | epoch: 1 pq: 2 rg: 35 | total time: 4.71m | eta: 19.4m
step 00206/01008 (20.44%) | loss: 3.951449 | lrm: 1.00 | dt: 1456.08ms | tok/sec: 360,068 | bf16_mfu: 0.00 | epoch: 1 pq: 2 rg: 36 | total time: 4.74m | eta: 19.4m
step 00207/01008 (20.54%) | loss: 3.949618 | lrm: 1.00 | dt: 1455.72ms | tok/sec: 360,158 | bf16_mfu: 0.00 | epoch: 1 pq: 2 rg: 37 | total time: 4.76m | eta: 19.4m
step 00208/01008 (20.63%) | loss: 3.950130 | lrm: 1.00 | dt: 1455.51ms | tok/sec: 360,208 | bf16_mfu: 0.00 | epoch: 1 pq: 2 rg: 38 | total time: 4.79m | eta: 19.3m
step 00209/01008 (20.73%) | loss: 3.936149 | lrm: 1.00 | dt: 1456.89ms | tok/sec: 359,868 | bf16_mfu: 0.00 | epoch: 1 pq: 2 rg: 38 | total time: 4.81m | eta: 19.3m
step 00210/01008 (20.83%) | loss: 3.925264 | lrm: 1.00 | dt: 1456.25ms | tok/sec: 360,025 | bf16_mfu: 0.00 | epoch: 1 pq: 2 rg: 39 | total time: 4.84m | eta: 19.3m
step 00211/01008 (20.93%) | loss: 3.926284 | lrm: 1.00 | dt: 1456.38ms | tok/sec: 359,995 | bf16_mfu: 0.00 | epoch: 1 pq: 2 rg: 40 | total time: 4.86m | eta: 19.3m
step 00212/01008 (21.03%) | loss: 3.915636 | lrm: 1.00 | dt: 1456.19ms | tok/sec: 360,039 | bf16_mfu: 0.00 | epoch: 1 pq: 2 rg: 41 | total time: 4.88m | eta: 19.2m
step 00213/01008 (21.13%) | loss: 3.911585 | lrm: 1.00 | dt: 1456.65ms | tok/sec: 359,928 | bf16_mfu: 0.00 | epoch: 1 pq: 2 rg: 42 | total time: 4.91m | eta: 19.2m
step 00214/01008 (21.23%) | loss: 3.903795 | lrm: 1.00 | dt: 1456.92ms | tok/sec: 359,860 | bf16_mfu: 0.00 | epoch: 1 pq: 2 rg: 43 | total time: 4.93m | eta: 19.2m
step 00215/01008 (21.33%) | loss: 3.895792 | lrm: 1.00 | dt: 1457.25ms | tok/sec: 359,778 | bf16_mfu: 0.00 | epoch: 1 pq: 2 rg: 44 | total time: 4.96m | eta: 19.2m
step 00216/01008 (21.43%) | loss: 3.885811 | lrm: 1.00 | dt: 1457.98ms | tok/sec: 359,599 | bf16_mfu: 0.00 | epoch: 1 pq: 2 rg: 45 | total time: 4.98m | eta: 19.1m
step 00217/01008 (21.53%) | loss: 3.878479 | lrm: 1.00 | dt: 1457.68ms | tok/sec: 359,673 | bf16_mfu: 0.00 | epoch: 1 pq: 2 rg: 46 | total time: 5.01m | eta: 19.1m
step 00218/01008 (21.63%) | loss: 3.869741 | lrm: 1.00 | dt: 1457.24ms | tok/sec: 359,780 | bf16_mfu: 0.00 | epoch: 1 pq: 2 rg: 47 | total time: 5.03m | eta: 19.1m
step 00219/01008 (21.73%) | loss: 3.868965 | lrm: 1.00 | dt: 1454.74ms | tok/sec: 360,399 | bf16_mfu: 0.00 | epoch: 1 pq: 2 rg: 48 | total time: 5.05m | eta: 19.1m
step 00220/01008 (21.83%) | loss: 3.861603 | lrm: 1.00 | dt: 1456.86ms | tok/sec: 359,876 | bf16_mfu: 0.00 | epoch: 1 pq: 2 rg: 49 | total time: 5.08m | eta: 19.1m
step 00221/01008 (21.92%) | loss: 3.850833 | lrm: 1.00 | dt: 1456.25ms | tok/sec: 360,027 | bf16_mfu: 0.00 | epoch: 1 pq: 2 rg: 50 | total time: 5.10m | eta: 19.0m
step 00222/01008 (22.02%) | loss: 3.855155 | lrm: 1.00 | dt: 1457.48ms | tok/sec: 359,721 | bf16_mfu: 0.00 | epoch: 1 pq: 2 rg: 51 | total time: 5.13m | eta: 19.0m
step 00223/01008 (22.12%) | loss: 3.844954 | lrm: 1.00 | dt: 1456.86ms | tok/sec: 359,876 | bf16_mfu: 0.00 | epoch: 1 pq: 2 rg: 52 | total time: 5.15m | eta: 19.0m
step 00224/01008 (22.22%) | loss: 3.844741 | lrm: 1.00 | dt: 1457.34ms | tok/sec: 359,756 | bf16_mfu: 0.00 | epoch: 1 pq: 2 rg: 53 | total time: 5.18m | eta: 19.0m
step 00225/01008 (22.32%) | loss: 3.842553 | lrm: 1.00 | dt: 1454.48ms | tok/sec: 360,464 | bf16_mfu: 0.00 | epoch: 1 pq: 2 rg: 54 | total time: 5.20m | eta: 18.9m
step 00226/01008 (22.42%) | loss: 3.835951 | lrm: 1.00 | dt: 1455.84ms | tok/sec: 360,128 | bf16_mfu: 0.00 | epoch: 1 pq: 2 rg: 55 | total time: 5.22m | eta: 18.9m
step 00227/01008 (22.52%) | loss: 3.817889 | lrm: 1.00 | dt: 1456.22ms | tok/sec: 360,032 | bf16_mfu: 0.00 | epoch: 1 pq: 2 rg: 56 | total time: 5.25m | eta: 18.9m
step 00228/01008 (22.62%) | loss: 3.814682 | lrm: 1.00 | dt: 1456.25ms | tok/sec: 360,026 | bf16_mfu: 0.00 | epoch: 1 pq: 2 rg: 57 | total time: 5.27m | eta: 18.9m
step 00229/01008 (22.72%) | loss: 3.809837 | lrm: 1.00 | dt: 1456.68ms | tok/sec: 359,920 | bf16_mfu: 0.00 | epoch: 1 pq: 2 rg: 58 | total time: 5.30m | eta: 18.8m
step 00230/01008 (22.82%) | loss: 3.810768 | lrm: 1.00 | dt: 1453.92ms | tok/sec: 360,602 | bf16_mfu: 0.00 | epoch: 1 pq: 2 rg: 59 | total time: 5.32m | eta: 18.8m
step 00231/01008 (22.92%) | loss: 3.806463 | lrm: 1.00 | dt: 1455.97ms | tok/sec: 360,095 | bf16_mfu: 0.00 | epoch: 1 pq: 2 rg: 60 | total time: 5.34m | eta: 18.8m
step 00232/01008 (23.02%) | loss: 3.801341 | lrm: 1.00 | dt: 1455.12ms | tok/sec: 360,306 | bf16_mfu: 0.00 | epoch: 1 pq: 2 rg: 61 | total time: 5.37m | eta: 18.8m
step 00233/01008 (23.12%) | loss: 3.813507 | lrm: 1.00 | dt: 1457.78ms | tok/sec: 359,648 | bf16_mfu: 0.00 | epoch: 1 pq: 2 rg: 62 | total time: 5.39m | eta: 18.7m
step 00234/01008 (23.21%) | loss: 3.800862 | lrm: 1.00 | dt: 1455.82ms | tok/sec: 360,131 | bf16_mfu: 0.00 | epoch: 1 pq: 2 rg: 63 | total time: 5.42m | eta: 18.7m
step 00235/01008 (23.31%) | loss: 3.789890 | lrm: 1.00 | dt: 1455.03ms | tok/sec: 360,327 | bf16_mfu: 0.00 | epoch: 1 pq: 2 rg: 64 | total time: 5.44m | eta: 18.7m
step 00236/01008 (23.41%) | loss: 3.799189 | lrm: 1.00 | dt: 1454.33ms | tok/sec: 360,501 | bf16_mfu: 0.00 | epoch: 1 pq: 2 rg: 65 | total time: 5.47m | eta: 18.7m
step 00237/01008 (23.51%) | loss: 3.794397 | lrm: 1.00 | dt: 1455.72ms | tok/sec: 360,157 | bf16_mfu: 0.00 | epoch: 1 pq: 2 rg: 66 | total time: 5.49m | eta: 18.6m
step 00238/01008 (23.61%) | loss: 3.787700 | lrm: 1.00 | dt: 1456.86ms | tok/sec: 359,874 | bf16_mfu: 0.00 | epoch: 1 pq: 2 rg: 67 | total time: 5.51m | eta: 18.6m
step 00239/01008 (23.71%) | loss: 3.788713 | lrm: 1.00 | dt: 1452.49ms | tok/sec: 360,957 | bf16_mfu: 0.00 | epoch: 1 pq: 2 rg: 68 | total time: 5.54m | eta: 18.6m
step 00240/01008 (23.81%) | loss: 3.776179 | lrm: 1.00 | dt: 1455.06ms | tok/sec: 360,320 | bf16_mfu: 0.00 | epoch: 1 pq: 2 rg: 69 | total time: 5.56m | eta: 18.6m
step 00241/01008 (23.91%) | loss: 3.770786 | lrm: 1.00 | dt: 1455.09ms | tok/sec: 360,313 | bf16_mfu: 0.00 | epoch: 1 pq: 2 rg: 70 | total time: 5.59m | eta: 18.6m
step 00242/01008 (24.01%) | loss: 3.758398 | lrm: 1.00 | dt: 1455.69ms | tok/sec: 360,165 | bf16_mfu: 0.00 | epoch: 1 pq: 2 rg: 71 | total time: 5.61m | eta: 18.5m
step 00243/01008 (24.11%) | loss: 3.767780 | lrm: 1.00 | dt: 1452.54ms | tok/sec: 360,945 | bf16_mfu: 0.00 | epoch: 1 pq: 2 rg: 72 | total time: 5.64m | eta: 18.5m
step 00244/01008 (24.21%) | loss: 3.763019 | lrm: 1.00 | dt: 1458.27ms | tok/sec: 359,526 | bf16_mfu: 0.00 | epoch: 1 pq: 2 rg: 72 | total time: 5.66m | eta: 18.5m
step 00245/01008 (24.31%) | loss: 3.763742 | lrm: 1.00 | dt: 1455.24ms | tok/sec: 360,275 | bf16_mfu: 0.00 | epoch: 1 pq: 2 rg: 73 | total time: 5.68m | eta: 18.5m
step 00246/01008 (24.40%) | loss: 3.753476 | lrm: 1.00 | dt: 1456.16ms | tok/sec: 360,048 | bf16_mfu: 0.00 | epoch: 1 pq: 2 rg: 74 | total time: 5.71m | eta: 18.4m
step 00247/01008 (24.50%) | loss: 3.751698 | lrm: 1.00 | dt: 1453.66ms | tok/sec: 360,667 | bf16_mfu: 0.00 | epoch: 1 pq: 2 rg: 75 | total time: 5.73m | eta: 18.4m
step 00248/01008 (24.60%) | loss: 3.741453 | lrm: 1.00 | dt: 1452.93ms | tok/sec: 360,847 | bf16_mfu: 0.00 | epoch: 1 pq: 2 rg: 76 | total time: 5.76m | eta: 18.4m
step 00249/01008 (24.70%) | loss: 3.730225 | lrm: 1.00 | dt: 1454.76ms | tok/sec: 360,393 | bf16_mfu: 0.00 | epoch: 1 pq: 2 rg: 77 | total time: 5.78m | eta: 18.4m
Step 00250 | Validation bpb: 1.129537
step 00250/01008 (24.80%) | loss: 3.730789 | lrm: 1.00 | dt: 1439.13ms | tok/sec: 364,309 | bf16_mfu: 0.00 | epoch: 1 pq: 2 rg: 78 | total time: 5.81m | eta: 18.3m
step 00251/01008 (24.90%) | loss: 3.724404 | lrm: 1.00 | dt: 1443.91ms | tok/sec: 363,103 | bf16_mfu: 0.00 | epoch: 1 pq: 2 rg: 79 | total time: 5.83m | eta: 18.3m
step 00252/01008 (25.00%) | loss: 3.710117 | lrm: 1.00 | dt: 1443.74ms | tok/sec: 363,146 | bf16_mfu: 0.00 | epoch: 1 pq: 2 rg: 80 | total time: 5.85m | eta: 18.3m
step 00253/01008 (25.10%) | loss: 3.710684 | lrm: 1.00 | dt: 1445.65ms | tok/sec: 362,665 | bf16_mfu: 0.00 | epoch: 1 pq: 2 rg: 81 | total time: 5.88m | eta: 18.3m
step 00254/01008 (25.20%) | loss: 3.710755 | lrm: 1.00 | dt: 1446.43ms | tok/sec: 362,470 | bf16_mfu: 0.00 | epoch: 1 pq: 2 rg: 82 | total time: 5.90m | eta: 18.2m
step 00255/01008 (25.30%) | loss: 3.710778 | lrm: 1.00 | dt: 1445.64ms | tok/sec: 362,668 | bf16_mfu: 0.00 | epoch: 1 pq: 3 rg: 0 | total time: 5.93m | eta: 18.2m
step 00256/01008 (25.40%) | loss: 3.710876 | lrm: 1.00 | dt: 1444.65ms | tok/sec: 362,916 | bf16_mfu: 0.00 | epoch: 1 pq: 3 rg: 1 | total time: 5.95m | eta: 18.2m
step 00257/01008 (25.50%) | loss: 3.706878 | lrm: 1.00 | dt: 1446.65ms | tok/sec: 362,416 | bf16_mfu: 0.00 | epoch: 1 pq: 3 rg: 2 | total time: 5.97m | eta: 18.2m
step 00258/01008 (25.60%) | loss: 3.703977 | lrm: 1.00 | dt: 1446.70ms | tok/sec: 362,401 | bf16_mfu: 0.00 | epoch: 1 pq: 3 rg: 3 | total time: 6.00m | eta: 18.1m
step 00259/01008 (25.69%) | loss: 3.706274 | lrm: 1.00 | dt: 1445.14ms | tok/sec: 362,794 | bf16_mfu: 0.00 | epoch: 1 pq: 3 rg: 4 | total time: 6.02m | eta: 18.1m
step 00260/01008 (25.79%) | loss: 3.706157 | lrm: 1.00 | dt: 1446.39ms | tok/sec: 362,480 | bf16_mfu: 0.00 | epoch: 1 pq: 3 rg: 5 | total time: 6.05m | eta: 18.1m
step 00261/01008 (25.89%) | loss: 3.700109 | lrm: 1.00 | dt: 1446.36ms | tok/sec: 362,486 | bf16_mfu: 0.00 | epoch: 1 pq: 3 rg: 6 | total time: 6.07m | eta: 18.1m
step 00262/01008 (25.99%) | loss: 3.688848 | lrm: 1.00 | dt: 1445.83ms | tok/sec: 362,621 | bf16_mfu: 0.00 | epoch: 1 pq: 3 rg: 7 | total time: 6.09m | eta: 18.0m
step 00263/01008 (26.09%) | loss: 3.686746 | lrm: 1.00 | dt: 1447.16ms | tok/sec: 362,287 | bf16_mfu: 0.00 | epoch: 1 pq: 3 rg: 8 | total time: 6.12m | eta: 18.0m
step 00264/01008 (26.19%) | loss: 3.681853 | lrm: 1.00 | dt: 1448.17ms | tok/sec: 362,033 | bf16_mfu: 0.00 | epoch: 1 pq: 3 rg: 9 | total time: 6.14m | eta: 18.0m
step 00265/01008 (26.29%) | loss: 3.680815 | lrm: 1.00 | dt: 1446.52ms | tok/sec: 362,448 | bf16_mfu: 0.00 | epoch: 1 pq: 3 rg: 10 | total time: 6.17m | eta: 18.0m
step 00266/01008 (26.39%) | loss: 3.676416 | lrm: 1.00 | dt: 1449.24ms | tok/sec: 361,766 | bf16_mfu: 0.00 | epoch: 1 pq: 3 rg: 11 | total time: 6.19m | eta: 17.9m
step 00267/01008 (26.49%) | loss: 3.672305 | lrm: 1.00 | dt: 1447.41ms | tok/sec: 362,225 | bf16_mfu: 0.00 | epoch: 1 pq: 3 rg: 12 | total time: 6.22m | eta: 17.9m
step 00268/01008 (26.59%) | loss: 3.670912 | lrm: 1.00 | dt: 1448.72ms | tok/sec: 361,896 | bf16_mfu: 0.00 | epoch: 1 pq: 3 rg: 13 | total time: 6.24m | eta: 17.9m
step 00269/01008 (26.69%) | loss: 3.665192 | lrm: 1.00 | dt: 1448.61ms | tok/sec: 361,924 | bf16_mfu: 0.00 | epoch: 1 pq: 3 rg: 14 | total time: 6.26m | eta: 17.9m
step 00270/01008 (26.79%) | loss: 3.653495 | lrm: 1.00 | dt: 1446.06ms | tok/sec: 362,561 | bf16_mfu: 0.00 | epoch: 1 pq: 3 rg: 15 | total time: 6.29m | eta: 17.8m
step 00271/01008 (26.88%) | loss: 3.653919 | lrm: 1.00 | dt: 1448.67ms | tok/sec: 361,908 | bf16_mfu: 0.00 | epoch: 1 pq: 3 rg: 15 | total time: 6.31m | eta: 17.8m
step 00272/01008 (26.98%) | loss: 3.657889 | lrm: 1.00 | dt: 1448.24ms | tok/sec: 362,018 | bf16_mfu: 0.00 | epoch: 1 pq: 3 rg: 16 | total time: 6.34m | eta: 17.8m
step 00273/01008 (27.08%) | loss: 3.661213 | lrm: 1.00 | dt: 1448.96ms | tok/sec: 361,838 | bf16_mfu: 0.00 | epoch: 1 pq: 3 rg: 17 | total time: 6.36m | eta: 17.8m
step 00274/01008 (27.18%) | loss: 3.655941 | lrm: 1.00 | dt: 1448.69ms | tok/sec: 361,905 | bf16_mfu: 0.00 | epoch: 1 pq: 3 rg: 18 | total time: 6.38m | eta: 17.8m
step 00275/01008 (27.28%) | loss: 3.661430 | lrm: 1.00 | dt: 1446.32ms | tok/sec: 362,498 | bf16_mfu: 0.00 | epoch: 1 pq: 3 rg: 19 | total time: 6.41m | eta: 17.7m
step 00276/01008 (27.38%) | loss: 3.657280 | lrm: 1.00 | dt: 1449.10ms | tok/sec: 361,801 | bf16_mfu: 0.00 | epoch: 1 pq: 3 rg: 20 | total time: 6.43m | eta: 17.7m
step 00277/01008 (27.48%) | loss: 3.646920 | lrm: 1.00 | dt: 1447.90ms | tok/sec: 362,102 | bf16_mfu: 0.00 | epoch: 1 pq: 3 rg: 21 | total time: 6.46m | eta: 17.7m
step 00278/01008 (27.58%) | loss: 3.643459 | lrm: 1.00 | dt: 1450.17ms | tok/sec: 361,536 | bf16_mfu: 0.00 | epoch: 1 pq: 3 rg: 22 | total time: 6.48m | eta: 17.7m
step 00279/01008 (27.68%) | loss: 3.642668 | lrm: 1.00 | dt: 1448.89ms | tok/sec: 361,854 | bf16_mfu: 0.00 | epoch: 1 pq: 3 rg: 23 | total time: 6.50m | eta: 17.6m
step 00280/01008 (27.78%) | loss: 3.642892 | lrm: 1.00 | dt: 1452.35ms | tok/sec: 360,992 | bf16_mfu: 0.00 | epoch: 1 pq: 3 rg: 24 | total time: 6.53m | eta: 17.6m
step 00281/01008 (27.88%) | loss: 3.630354 | lrm: 1.00 | dt: 1447.62ms | tok/sec: 362,172 | bf16_mfu: 0.00 | epoch: 1 pq: 3 rg: 25 | total time: 6.55m | eta: 17.6m
step 00282/01008 (27.98%) | loss: 3.629844 | lrm: 1.00 | dt: 1450.76ms | tok/sec: 361,387 | bf16_mfu: 0.00 | epoch: 1 pq: 3 rg: 26 | total time: 6.58m | eta: 17.6m
step 00283/01008 (28.08%) | loss: 3.631992 | lrm: 1.00 | dt: 1447.60ms | tok/sec: 362,177 | bf16_mfu: 0.00 | epoch: 1 pq: 3 rg: 27 | total time: 6.60m | eta: 17.5m
step 00284/01008 (28.17%) | loss: 3.638848 | lrm: 1.00 | dt: 1449.72ms | tok/sec: 361,646 | bf16_mfu: 0.00 | epoch: 1 pq: 3 rg: 28 | total time: 6.63m | eta: 17.5m
step 00285/01008 (28.27%) | loss: 3.631877 | lrm: 1.00 | dt: 1448.44ms | tok/sec: 361,967 | bf16_mfu: 0.00 | epoch: 1 pq: 3 rg: 29 | total time: 6.65m | eta: 17.5m
step 00286/01008 (28.37%) | loss: 3.634736 | lrm: 1.00 | dt: 1447.49ms | tok/sec: 362,205 | bf16_mfu: 0.00 | epoch: 1 pq: 3 rg: 30 | total time: 6.67m | eta: 17.5m
step 00287/01008 (28.47%) | loss: 3.644260 | lrm: 1.00 | dt: 1449.65ms | tok/sec: 361,664 | bf16_mfu: 0.00 | epoch: 1 pq: 3 rg: 31 | total time: 6.70m | eta: 17.4m
step 00288/01008 (28.57%) | loss: 3.631565 | lrm: 1.00 | dt: 1448.30ms | tok/sec: 362,001 | bf16_mfu: 0.00 | epoch: 1 pq: 3 rg: 32 | total time: 6.72m | eta: 17.4m
step 00289/01008 (28.67%) | loss: 3.637251 | lrm: 1.00 | dt: 1448.04ms | tok/sec: 362,067 | bf16_mfu: 0.00 | epoch: 1 pq: 3 rg: 33 | total time: 6.75m | eta: 17.4m
step 00290/01008 (28.77%) | loss: 3.634744 | lrm: 1.00 | dt: 1448.58ms | tok/sec: 361,931 | bf16_mfu: 0.00 | epoch: 1 pq: 3 rg: 34 | total time: 6.77m | eta: 17.4m
step 00291/01008 (28.87%) | loss: 3.634732 | lrm: 1.00 | dt: 1449.49ms | tok/sec: 361,705 | bf16_mfu: 0.00 | epoch: 1 pq: 3 rg: 35 | total time: 6.79m | eta: 17.3m
step 00292/01008 (28.97%) | loss: 3.634504 | lrm: 1.00 | dt: 1449.16ms | tok/sec: 361,788 | bf16_mfu: 0.00 | epoch: 1 pq: 3 rg: 36 | total time: 6.82m | eta: 17.3m
step 00293/01008 (29.07%) | loss: 3.633985 | lrm: 1.00 | dt: 1451.14ms | tok/sec: 361,293 | bf16_mfu: 0.00 | epoch: 1 pq: 3 rg: 37 | total time: 6.84m | eta: 17.3m
step 00294/01008 (29.17%) | loss: 3.629062 | lrm: 1.00 | dt: 1449.57ms | tok/sec: 361,684 | bf16_mfu: 0.00 | epoch: 1 pq: 3 rg: 38 | total time: 6.87m | eta: 17.3m
step 00295/01008 (29.27%) | loss: 3.624411 | lrm: 1.00 | dt: 1452.39ms | tok/sec: 360,982 | bf16_mfu: 0.00 | epoch: 1 pq: 3 rg: 39 | total time: 6.89m | eta: 17.2m
step 00296/01008 (29.37%) | loss: 3.620996 | lrm: 1.00 | dt: 1448.81ms | tok/sec: 361,875 | bf16_mfu: 0.00 | epoch: 1 pq: 3 rg: 40 | total time: 6.92m | eta: 17.2m
step 00297/01008 (29.46%) | loss: 3.610378 | lrm: 1.00 | dt: 1451.04ms | tok/sec: 361,319 | bf16_mfu: 0.00 | epoch: 1 pq: 3 rg: 41 | total time: 6.94m | eta: 17.2m
step 00298/01008 (29.56%) | loss: 3.610738 | lrm: 1.00 | dt: 1448.44ms | tok/sec: 361,968 | bf16_mfu: 0.00 | epoch: 1 pq: 3 rg: 42 | total time: 6.96m | eta: 17.2m
step 00299/01008 (29.66%) | loss: 3.595166 | lrm: 1.00 | dt: 1449.98ms | tok/sec: 361,583 | bf16_mfu: 0.00 | epoch: 1 pq: 3 rg: 43 | total time: 6.99m | eta: 17.1m
step 00300/01008 (29.76%) | loss: 3.597266 | lrm: 1.00 | dt: 1450.12ms | tok/sec: 361,548 | bf16_mfu: 0.00 | epoch: 1 pq: 3 rg: 44 | total time: 7.01m | eta: 17.1m
step 00301/01008 (29.86%) | loss: 3.598741 | lrm: 1.00 | dt: 1449.41ms | tok/sec: 361,725 | bf16_mfu: 0.00 | epoch: 1 pq: 3 rg: 45 | total time: 7.04m | eta: 17.1m
step 00302/01008 (29.96%) | loss: 3.590789 | lrm: 1.00 | dt: 1450.18ms | tok/sec: 361,531 | bf16_mfu: 0.00 | epoch: 1 pq: 3 rg: 46 | total time: 7.06m | eta: 17.1m
step 00303/01008 (30.06%) | loss: 3.598968 | lrm: 1.00 | dt: 1449.76ms | tok/sec: 361,636 | bf16_mfu: 0.00 | epoch: 1 pq: 3 rg: 47 | total time: 7.08m | eta: 17.0m
step 00304/01008 (30.16%) | loss: 3.589496 | lrm: 1.00 | dt: 1449.71ms | tok/sec: 361,650 | bf16_mfu: 0.00 | epoch: 1 pq: 3 rg: 48 | total time: 7.11m | eta: 17.0m
step 00305/01008 (30.26%) | loss: 3.582989 | lrm: 1.00 | dt: 1449.40ms | tok/sec: 361,727 | bf16_mfu: 0.00 | epoch: 1 pq: 3 rg: 49 | total time: 7.13m | eta: 17.0m
step 00306/01008 (30.36%) | loss: 3.581515 | lrm: 1.00 | dt: 1450.42ms | tok/sec: 361,473 | bf16_mfu: 0.00 | epoch: 1 pq: 3 rg: 49 | total time: 7.16m | eta: 17.0m
step 00307/01008 (30.46%) | loss: 3.585597 | lrm: 1.00 | dt: 1449.97ms | tok/sec: 361,586 | bf16_mfu: 0.00 | epoch: 1 pq: 3 rg: 50 | total time: 7.18m | eta: 17.0m
step 00308/01008 (30.56%) | loss: 3.577355 | lrm: 1.00 | dt: 1450.83ms | tok/sec: 361,370 | bf16_mfu: 0.00 | epoch: 1 pq: 3 rg: 51 | total time: 7.21m | eta: 16.9m
step 00309/01008 (30.65%) | loss: 3.574058 | lrm: 1.00 | dt: 1449.56ms | tok/sec: 361,687 | bf16_mfu: 0.00 | epoch: 1 pq: 3 rg: 52 | total time: 7.23m | eta: 16.9m
step 00310/01008 (30.75%) | loss: 3.585568 | lrm: 1.00 | dt: 1448.52ms | tok/sec: 361,948 | bf16_mfu: 0.00 | epoch: 1 pq: 3 rg: 53 | total time: 7.25m | eta: 16.9m
step 00311/01008 (30.85%) | loss: 3.581093 | lrm: 1.00 | dt: 1450.33ms | tok/sec: 361,496 | bf16_mfu: 0.00 | epoch: 1 pq: 3 rg: 54 | total time: 7.28m | eta: 16.9m
step 00312/01008 (30.95%) | loss: 3.580513 | lrm: 1.00 | dt: 1449.92ms | tok/sec: 361,597 | bf16_mfu: 0.00 | epoch: 1 pq: 3 rg: 55 | total time: 7.30m | eta: 16.8m
step 00313/01008 (31.05%) | loss: 3.574193 | lrm: 1.00 | dt: 1451.49ms | tok/sec: 361,206 | bf16_mfu: 0.00 | epoch: 1 pq: 3 rg: 56 | total time: 7.33m | eta: 16.8m
step 00314/01008 (31.15%) | loss: 3.568782 | lrm: 1.00 | dt: 1449.44ms | tok/sec: 361,718 | bf16_mfu: 0.00 | epoch: 1 pq: 3 rg: 57 | total time: 7.35m | eta: 16.8m
step 00315/01008 (31.25%) | loss: 3.566545 | lrm: 1.00 | dt: 1451.59ms | tok/sec: 361,181 | bf16_mfu: 0.00 | epoch: 1 pq: 3 rg: 58 | total time: 7.37m | eta: 16.8m
step 00316/01008 (31.35%) | loss: 3.570748 | lrm: 1.00 | dt: 1447.92ms | tok/sec: 362,097 | bf16_mfu: 0.00 | epoch: 1 pq: 3 rg: 59 | total time: 7.40m | eta: 16.7m
step 00317/01008 (31.45%) | loss: 3.568116 | lrm: 1.00 | dt: 1451.41ms | tok/sec: 361,226 | bf16_mfu: 0.00 | epoch: 1 pq: 3 rg: 60 | total time: 7.42m | eta: 16.7m
step 00318/01008 (31.55%) | loss: 3.564143 | lrm: 1.00 | dt: 1448.62ms | tok/sec: 361,921 | bf16_mfu: 0.00 | epoch: 1 pq: 3 rg: 61 | total time: 7.45m | eta: 16.7m
step 00319/01008 (31.65%) | loss: 3.573285 | lrm: 1.00 | dt: 1451.34ms | tok/sec: 361,244 | bf16_mfu: 0.00 | epoch: 1 pq: 3 rg: 62 | total time: 7.47m | eta: 16.7m
step 00320/01008 (31.75%) | loss: 3.574046 | lrm: 1.00 | dt: 1448.70ms | tok/sec: 361,903 | bf16_mfu: 0.00 | epoch: 1 pq: 3 rg: 63 | total time: 7.50m | eta: 16.6m
step 00321/01008 (31.85%) | loss: 3.575676 | lrm: 1.00 | dt: 1450.74ms | tok/sec: 361,393 | bf16_mfu: 0.00 | epoch: 1 pq: 3 rg: 64 | total time: 7.52m | eta: 16.6m
step 00322/01008 (31.94%) | loss: 3.574866 | lrm: 1.00 | dt: 1449.00ms | tok/sec: 361,827 | bf16_mfu: 0.00 | epoch: 1 pq: 3 rg: 65 | total time: 7.54m | eta: 16.6m
step 00323/01008 (32.04%) | loss: 3.573487 | lrm: 1.00 | dt: 1450.09ms | tok/sec: 361,554 | bf16_mfu: 0.00 | epoch: 1 pq: 3 rg: 66 | total time: 7.57m | eta: 16.6m
step 00324/01008 (32.14%) | loss: 3.572650 | lrm: 1.00 | dt: 1448.60ms | tok/sec: 361,928 | bf16_mfu: 0.00 | epoch: 1 pq: 3 rg: 67 | total time: 7.59m | eta: 16.5m
step 00325/01008 (32.24%) | loss: 3.565355 | lrm: 1.00 | dt: 1449.90ms | tok/sec: 361,602 | bf16_mfu: 0.00 | epoch: 1 pq: 3 rg: 68 | total time: 7.62m | eta: 16.5m
step 00326/01008 (32.34%) | loss: 3.567611 | lrm: 1.00 | dt: 1448.92ms | tok/sec: 361,847 | bf16_mfu: 0.00 | epoch: 1 pq: 3 rg: 69 | total time: 7.64m | eta: 16.5m
step 00327/01008 (32.44%) | loss: 3.558494 | lrm: 1.00 | dt: 1448.86ms | tok/sec: 361,863 | bf16_mfu: 0.00 | epoch: 1 pq: 3 rg: 70 | total time: 7.66m | eta: 16.5m
step 00328/01008 (32.54%) | loss: 3.549722 | lrm: 1.00 | dt: 1449.59ms | tok/sec: 361,679 | bf16_mfu: 0.00 | epoch: 1 pq: 3 rg: 71 | total time: 7.69m | eta: 16.4m
step 00329/01008 (32.64%) | loss: 3.542181 | lrm: 1.00 | dt: 1448.25ms | tok/sec: 362,015 | bf16_mfu: 0.00 | epoch: 1 pq: 3 rg: 72 | total time: 7.71m | eta: 16.4m
step 00330/01008 (32.74%) | loss: 3.543888 | lrm: 1.00 | dt: 1449.35ms | tok/sec: 361,740 | bf16_mfu: 0.00 | epoch: 1 pq: 3 rg: 73 | total time: 7.74m | eta: 16.4m
step 00331/01008 (32.84%) | loss: 3.551113 | lrm: 1.00 | dt: 1448.49ms | tok/sec: 361,954 | bf16_mfu: 0.00 | epoch: 1 pq: 3 rg: 73 | total time: 7.76m | eta: 16.4m
step 00332/01008 (32.94%) | loss: 3.553050 | lrm: 1.00 | dt: 1449.30ms | tok/sec: 361,753 | bf16_mfu: 0.00 | epoch: 1 pq: 3 rg: 74 | total time: 7.79m | eta: 16.3m
step 00333/01008 (33.04%) | loss: 3.551005 | lrm: 1.00 | dt: 1448.38ms | tok/sec: 361,981 | bf16_mfu: 0.00 | epoch: 1 pq: 3 rg: 75 | total time: 7.81m | eta: 16.3m
step 00334/01008 (33.13%) | loss: 3.548881 | lrm: 1.00 | dt: 1447.99ms | tok/sec: 362,079 | bf16_mfu: 0.00 | epoch: 1 pq: 3 rg: 76 | total time: 7.83m | eta: 16.3m
step 00335/01008 (33.23%) | loss: 3.540562 | lrm: 1.00 | dt: 1449.67ms | tok/sec: 361,661 | bf16_mfu: 0.00 | epoch: 1 pq: 3 rg: 77 | total time: 7.86m | eta: 16.3m
step 00336/01008 (33.33%) | loss: 3.537647 | lrm: 1.00 | dt: 1449.42ms | tok/sec: 361,721 | bf16_mfu: 0.00 | epoch: 1 pq: 3 rg: 78 | total time: 7.88m | eta: 16.2m
step 00337/01008 (33.43%) | loss: 3.539268 | lrm: 1.00 | dt: 1449.80ms | tok/sec: 361,627 | bf16_mfu: 0.00 | epoch: 1 pq: 3 rg: 79 | total time: 7.91m | eta: 16.2m
step 00338/01008 (33.53%) | loss: 3.538220 | lrm: 1.00 | dt: 1452.18ms | tok/sec: 361,034 | bf16_mfu: 0.00 | epoch: 1 pq: 3 rg: 80 | total time: 7.93m | eta: 16.2m
step 00339/01008 (33.63%) | loss: 3.535778 | lrm: 1.00 | dt: 1448.76ms | tok/sec: 361,887 | bf16_mfu: 0.00 | epoch: 1 pq: 3 rg: 81 | total time: 7.95m | eta: 16.2m
step 00340/01008 (33.73%) | loss: 3.544820 | lrm: 1.00 | dt: 1449.59ms | tok/sec: 361,680 | bf16_mfu: 0.00 | epoch: 1 pq: 4 rg: 0 | total time: 7.98m | eta: 16.2m
step 00341/01008 (33.83%) | loss: 3.552485 | lrm: 1.00 | dt: 1448.87ms | tok/sec: 361,860 | bf16_mfu: 0.00 | epoch: 1 pq: 4 rg: 1 | total time: 8.00m | eta: 16.1m
step 00342/01008 (33.93%) | loss: 3.544062 | lrm: 1.00 | dt: 1449.72ms | tok/sec: 361,647 | bf16_mfu: 0.00 | epoch: 1 pq: 4 rg: 2 | total time: 8.03m | eta: 16.1m
step 00343/01008 (34.03%) | loss: 3.535791 | lrm: 1.00 | dt: 1448.72ms | tok/sec: 361,896 | bf16_mfu: 0.00 | epoch: 1 pq: 4 rg: 3 | total time: 8.05m | eta: 16.1m
step 00344/01008 (34.13%) | loss: 3.536334 | lrm: 1.00 | dt: 1448.64ms | tok/sec: 361,918 | bf16_mfu: 0.00 | epoch: 1 pq: 4 rg: 4 | total time: 8.08m | eta: 16.1m
step 00345/01008 (34.23%) | loss: 3.528409 | lrm: 1.00 | dt: 1449.21ms | tok/sec: 361,776 | bf16_mfu: 0.00 | epoch: 1 pq: 4 rg: 5 | total time: 8.10m | eta: 16.0m
step 00346/01008 (34.33%) | loss: 3.536351 | lrm: 1.00 | dt: 1448.10ms | tok/sec: 362,052 | bf16_mfu: 0.00 | epoch: 1 pq: 4 rg: 6 | total time: 8.12m | eta: 16.0m
step 00347/01008 (34.42%) | loss: 3.529010 | lrm: 1.00 | dt: 1448.84ms | tok/sec: 361,867 | bf16_mfu: 0.00 | epoch: 1 pq: 4 rg: 7 | total time: 8.15m | eta: 16.0m
step 00348/01008 (34.52%) | loss: 3.517067 | lrm: 1.00 | dt: 1447.86ms | tok/sec: 362,113 | bf16_mfu: 0.00 | epoch: 1 pq: 4 rg: 8 | total time: 8.17m | eta: 16.0m
step 00349/01008 (34.62%) | loss: 3.514560 | lrm: 1.00 | dt: 1451.37ms | tok/sec: 361,235 | bf16_mfu: 0.00 | epoch: 1 pq: 4 rg: 9 | total time: 8.20m | eta: 15.9m
step 00350/01008 (34.72%) | loss: 3.512899 | lrm: 1.00 | dt: 1448.69ms | tok/sec: 361,905 | bf16_mfu: 0.00 | epoch: 1 pq: 4 rg: 10 | total time: 8.22m | eta: 15.9m
step 00351/01008 (34.82%) | loss: 3.509362 | lrm: 1.00 | dt: 1451.67ms | tok/sec: 361,160 | bf16_mfu: 0.00 | epoch: 1 pq: 4 rg: 11 | total time: 8.24m | eta: 15.9m
step 00352/01008 (34.92%) | loss: 3.513987 | lrm: 1.00 | dt: 1448.87ms | tok/sec: 361,860 | bf16_mfu: 0.00 | epoch: 1 pq: 4 rg: 12 | total time: 8.27m | eta: 15.9m
step 00353/01008 (35.02%) | loss: 3.513022 | lrm: 1.00 | dt: 1450.89ms | tok/sec: 361,354 | bf16_mfu: 0.00 | epoch: 1 pq: 4 rg: 13 | total time: 8.29m | eta: 15.8m
step 00354/01008 (35.12%) | loss: 3.515059 | lrm: 1.00 | dt: 1447.41ms | tok/sec: 362,226 | bf16_mfu: 0.00 | epoch: 1 pq: 4 rg: 14 | total time: 8.32m | eta: 15.8m
step 00355/01008 (35.22%) | loss: 3.507340 | lrm: 1.00 | dt: 1449.99ms | tok/sec: 361,580 | bf16_mfu: 0.00 | epoch: 1 pq: 4 rg: 15 | total time: 8.34m | eta: 15.8m
step 00356/01008 (35.32%) | loss: 3.504973 | lrm: 1.00 | dt: 1448.18ms | tok/sec: 362,032 | bf16_mfu: 0.00 | epoch: 1 pq: 4 rg: 16 | total time: 8.37m | eta: 15.8m
step 00357/01008 (35.42%) | loss: 3.478848 | lrm: 0.99 | dt: 1448.93ms | tok/sec: 361,844 | bf16_mfu: 0.00 | epoch: 1 pq: 4 rg: 17 | total time: 8.39m | eta: 15.7m
step 00358/01008 (35.52%) | loss: 3.486947 | lrm: 0.99 | dt: 1447.47ms | tok/sec: 362,210 | bf16_mfu: 0.00 | epoch: 1 pq: 4 rg: 18 | total time: 8.41m | eta: 15.7m
step 00359/01008 (35.62%) | loss: 3.491166 | lrm: 0.99 | dt: 1446.29ms | tok/sec: 362,506 | bf16_mfu: 0.00 | epoch: 1 pq: 4 rg: 18 | total time: 8.44m | eta: 15.7m
step 00360/01008 (35.71%) | loss: 3.488026 | lrm: 0.99 | dt: 1448.90ms | tok/sec: 361,852 | bf16_mfu: 0.00 | epoch: 1 pq: 4 rg: 19 | total time: 8.46m | eta: 15.7m
step 00361/01008 (35.81%) | loss: 3.501117 | lrm: 0.99 | dt: 1448.26ms | tok/sec: 362,012 | bf16_mfu: 0.00 | epoch: 1 pq: 4 rg: 20 | total time: 8.49m | eta: 15.6m
step 00362/01008 (35.91%) | loss: 3.503827 | lrm: 0.99 | dt: 1449.41ms | tok/sec: 361,725 | bf16_mfu: 0.00 | epoch: 1 pq: 4 rg: 21 | total time: 8.51m | eta: 15.6m
step 00363/01008 (36.01%) | loss: 3.500525 | lrm: 0.99 | dt: 1449.65ms | tok/sec: 361,664 | bf16_mfu: 0.00 | epoch: 1 pq: 4 rg: 22 | total time: 8.53m | eta: 15.6m
step 00364/01008 (36.11%) | loss: 3.497831 | lrm: 0.98 | dt: 1449.22ms | tok/sec: 361,772 | bf16_mfu: 0.00 | epoch: 1 pq: 4 rg: 23 | total time: 8.56m | eta: 15.6m
step 00365/01008 (36.21%) | loss: 3.486564 | lrm: 0.98 | dt: 1449.13ms | tok/sec: 361,795 | bf16_mfu: 0.00 | epoch: 1 pq: 4 rg: 24 | total time: 8.58m | eta: 15.5m
step 00366/01008 (36.31%) | loss: 3.491414 | lrm: 0.98 | dt: 1447.86ms | tok/sec: 362,112 | bf16_mfu: 0.00 | epoch: 1 pq: 4 rg: 25 | total time: 8.61m | eta: 15.5m
step 00367/01008 (36.41%) | loss: 3.477748 | lrm: 0.98 | dt: 1448.12ms | tok/sec: 362,048 | bf16_mfu: 0.00 | epoch: 1 pq: 4 rg: 26 | total time: 8.63m | eta: 15.5m
step 00368/01008 (36.51%) | loss: 3.480231 | lrm: 0.98 | dt: 1446.39ms | tok/sec: 362,480 | bf16_mfu: 0.00 | epoch: 1 pq: 4 rg: 27 | total time: 8.65m | eta: 15.5m
step 00369/01008 (36.61%) | loss: 3.468507 | lrm: 0.98 | dt: 1448.61ms | tok/sec: 361,926 | bf16_mfu: 0.00 | epoch: 1 pq: 4 rg: 28 | total time: 8.68m | eta: 15.4m
step 00370/01008 (36.71%) | loss: 3.468462 | lrm: 0.98 | dt: 1448.98ms | tok/sec: 361,833 | bf16_mfu: 0.00 | epoch: 1 pq: 4 rg: 29 | total time: 8.70m | eta: 15.4m
step 00371/01008 (36.81%) | loss: 3.465011 | lrm: 0.97 | dt: 1447.08ms | tok/sec: 362,307 | bf16_mfu: 0.00 | epoch: 1 pq: 4 rg: 30 | total time: 8.73m | eta: 15.4m
step 00372/01008 (36.90%) | loss: 3.449966 | lrm: 0.97 | dt: 1448.91ms | tok/sec: 361,850 | bf16_mfu: 0.00 | epoch: 1 pq: 4 rg: 31 | total time: 8.75m | eta: 15.4m
step 00373/01008 (37.00%) | loss: 3.451024 | lrm: 0.97 | dt: 1447.87ms | tok/sec: 362,109 | bf16_mfu: 0.00 | epoch: 1 pq: 4 rg: 32 | total time: 8.78m | eta: 15.4m
step 00374/01008 (37.10%) | loss: 3.454580 | lrm: 0.97 | dt: 1447.93ms | tok/sec: 362,094 | bf16_mfu: 0.00 | epoch: 1 pq: 4 rg: 33 | total time: 8.80m | eta: 15.3m
step 00375/01008 (37.20%) | loss: 3.448371 | lrm: 0.97 | dt: 1448.20ms | tok/sec: 362,027 | bf16_mfu: 0.00 | epoch: 1 pq: 4 rg: 34 | total time: 8.82m | eta: 15.3m
step 00376/01008 (37.30%) | loss: 3.448721 | lrm: 0.97 | dt: 1445.58ms | tok/sec: 362,682 | bf16_mfu: 0.00 | epoch: 1 pq: 4 rg: 35 | total time: 8.85m | eta: 15.3m
step 00377/01008 (37.40%) | loss: 3.446360 | lrm: 0.97 | dt: 1449.10ms | tok/sec: 361,803 | bf16_mfu: 0.00 | epoch: 1 pq: 4 rg: 36 | total time: 8.87m | eta: 15.3m
step 00378/01008 (37.50%) | loss: 3.444043 | lrm: 0.96 | dt: 1446.41ms | tok/sec: 362,475 | bf16_mfu: 0.00 | epoch: 1 pq: 4 rg: 37 | total time: 8.90m | eta: 15.2m
step 00379/01008 (37.60%) | loss: 3.451053 | lrm: 0.96 | dt: 1446.82ms | tok/sec: 362,371 | bf16_mfu: 0.00 | epoch: 1 pq: 4 rg: 38 | total time: 8.92m | eta: 15.2m
step 00380/01008 (37.70%) | loss: 3.462878 | lrm: 0.96 | dt: 1448.74ms | tok/sec: 361,891 | bf16_mfu: 0.00 | epoch: 1 pq: 4 rg: 39 | total time: 8.94m | eta: 15.2m
step 00381/01008 (37.80%) | loss: 3.467669 | lrm: 0.96 | dt: 1446.54ms | tok/sec: 362,443 | bf16_mfu: 0.00 | epoch: 1 pq: 4 rg: 40 | total time: 8.97m | eta: 15.2m
step 00382/01008 (37.90%) | loss: 3.460762 | lrm: 0.96 | dt: 1448.18ms | tok/sec: 362,032 | bf16_mfu: 0.00 | epoch: 1 pq: 4 rg: 41 | total time: 8.99m | eta: 15.1m
step 00383/01008 (38.00%) | loss: 3.457790 | lrm: 0.96 | dt: 1447.46ms | tok/sec: 362,212 | bf16_mfu: 0.00 | epoch: 1 pq: 4 rg: 42 | total time: 9.02m | eta: 15.1m
step 00384/01008 (38.10%) | loss: 3.466024 | lrm: 0.96 | dt: 1445.19ms | tok/sec: 362,781 | bf16_mfu: 0.00 | epoch: 1 pq: 4 rg: 43 | total time: 9.04m | eta: 15.1m
step 00385/01008 (38.19%) | loss: 3.474752 | lrm: 0.95 | dt: 1447.45ms | tok/sec: 362,214 | bf16_mfu: 0.00 | epoch: 1 pq: 4 rg: 44 | total time: 9.06m | eta: 15.1m
step 00386/01008 (38.29%) | loss: 3.482566 | lrm: 0.95 | dt: 1447.83ms | tok/sec: 362,121 | bf16_mfu: 0.00 | epoch: 1 pq: 4 rg: 45 | total time: 9.09m | eta: 15.0m
step 00387/01008 (38.39%) | loss: 3.473971 | lrm: 0.95 | dt: 1445.44ms | tok/sec: 362,719 | bf16_mfu: 0.00 | epoch: 1 pq: 4 rg: 46 | total time: 9.11m | eta: 15.0m
step 00388/01008 (38.49%) | loss: 3.471500 | lrm: 0.95 | dt: 1446.69ms | tok/sec: 362,404 | bf16_mfu: 0.00 | epoch: 1 pq: 4 rg: 47 | total time: 9.14m | eta: 15.0m
step 00389/01008 (38.59%) | loss: 3.463869 | lrm: 0.95 | dt: 1447.91ms | tok/sec: 362,100 | bf16_mfu: 0.00 | epoch: 1 pq: 4 rg: 48 | total time: 9.16m | eta: 15.0m
step 00390/01008 (38.69%) | loss: 3.463428 | lrm: 0.95 | dt: 1446.63ms | tok/sec: 362,421 | bf16_mfu: 0.00 | epoch: 1 pq: 4 rg: 49 | total time: 9.19m | eta: 14.9m
step 00391/01008 (38.79%) | loss: 3.467221 | lrm: 0.94 | dt: 1448.59ms | tok/sec: 361,929 | bf16_mfu: 0.00 | epoch: 1 pq: 4 rg: 50 | total time: 9.21m | eta: 14.9m
step 00392/01008 (38.89%) | loss: 3.472469 | lrm: 0.94 | dt: 1445.73ms | tok/sec: 362,646 | bf16_mfu: 0.00 | epoch: 1 pq: 4 rg: 51 | total time: 9.23m | eta: 14.9m
step 00393/01008 (38.99%) | loss: 3.468212 | lrm: 0.94 | dt: 1446.00ms | tok/sec: 362,578 | bf16_mfu: 0.00 | epoch: 1 pq: 4 rg: 52 | total time: 9.26m | eta: 14.9m
step 00394/01008 (39.09%) | loss: 3.470097 | lrm: 0.94 | dt: 1447.30ms | tok/sec: 362,252 | bf16_mfu: 0.00 | epoch: 1 pq: 4 rg: 53 | total time: 9.28m | eta: 14.8m
step 00395/01008 (39.19%) | loss: 3.455741 | lrm: 0.94 | dt: 1446.51ms | tok/sec: 362,451 | bf16_mfu: 0.00 | epoch: 1 pq: 4 rg: 54 | total time: 9.31m | eta: 14.8m
step 00396/01008 (39.29%) | loss: 3.461576 | lrm: 0.94 | dt: 1444.85ms | tok/sec: 362,866 | bf16_mfu: 0.00 | epoch: 1 pq: 4 rg: 55 | total time: 9.33m | eta: 14.8m
step 00397/01008 (39.38%) | loss: 3.456863 | lrm: 0.94 | dt: 1447.36ms | tok/sec: 362,238 | bf16_mfu: 0.00 | epoch: 1 pq: 4 rg: 55 | total time: 9.35m | eta: 14.8m
step 00398/01008 (39.48%) | loss: 3.448501 | lrm: 0.93 | dt: 1447.14ms | tok/sec: 362,292 | bf16_mfu: 0.00 | epoch: 1 pq: 4 rg: 56 | total time: 9.38m | eta: 14.7m
step 00399/01008 (39.58%) | loss: 3.454896 | lrm: 0.93 | dt: 1445.97ms | tok/sec: 362,585 | bf16_mfu: 0.00 | epoch: 1 pq: 4 rg: 57 | total time: 9.40m | eta: 14.7m
step 00400/01008 (39.68%) | loss: 3.452092 | lrm: 0.93 | dt: 1448.17ms | tok/sec: 362,034 | bf16_mfu: 0.00 | epoch: 1 pq: 4 rg: 58 | total time: 9.43m | eta: 14.7m
step 00401/01008 (39.78%) | loss: 3.454523 | lrm: 0.93 | dt: 1445.84ms | tok/sec: 362,619 | bf16_mfu: 0.00 | epoch: 1 pq: 4 rg: 59 | total time: 9.45m | eta: 14.7m
step 00402/01008 (39.88%) | loss: 3.458102 | lrm: 0.93 | dt: 1447.33ms | tok/sec: 362,244 | bf16_mfu: 0.00 | epoch: 1 pq: 4 rg: 60 | total time: 9.47m | eta: 14.6m
step 00403/01008 (39.98%) | loss: 3.447099 | lrm: 0.93 | dt: 1447.48ms | tok/sec: 362,207 | bf16_mfu: 0.00 | epoch: 1 pq: 4 rg: 61 | total time: 9.50m | eta: 14.6m
step 00404/01008 (40.08%) | loss: 3.450579 | lrm: 0.93 | dt: 1446.73ms | tok/sec: 362,394 | bf16_mfu: 0.00 | epoch: 1 pq: 4 rg: 62 | total time: 9.52m | eta: 14.6m
step 00405/01008 (40.18%) | loss: 3.445357 | lrm: 0.92 | dt: 1448.04ms | tok/sec: 362,068 | bf16_mfu: 0.00 | epoch: 1 pq: 4 rg: 63 | total time: 9.55m | eta: 14.6m
step 00406/01008 (40.28%) | loss: 3.438849 | lrm: 0.92 | dt: 1447.42ms | tok/sec: 362,223 | bf16_mfu: 0.00 | epoch: 1 pq: 4 rg: 64 | total time: 9.57m | eta: 14.6m
step 00407/01008 (40.38%) | loss: 3.448757 | lrm: 0.92 | dt: 1445.29ms | tok/sec: 362,755 | bf16_mfu: 0.00 | epoch: 1 pq: 4 rg: 65 | total time: 9.60m | eta: 14.5m
step 00408/01008 (40.48%) | loss: 3.458453 | lrm: 0.92 | dt: 1447.00ms | tok/sec: 362,327 | bf16_mfu: 0.00 | epoch: 1 pq: 4 rg: 66 | total time: 9.62m | eta: 14.5m
step 00409/01008 (40.58%) | loss: 3.454280 | lrm: 0.92 | dt: 1447.51ms | tok/sec: 362,200 | bf16_mfu: 0.00 | epoch: 1 pq: 4 rg: 67 | total time: 9.64m | eta: 14.5m
step 00410/01008 (40.67%) | loss: 3.452455 | lrm: 0.92 | dt: 1444.62ms | tok/sec: 362,924 | bf16_mfu: 0.00 | epoch: 1 pq: 4 rg: 68 | total time: 9.67m | eta: 14.5m
step 00411/01008 (40.77%) | loss: 3.456992 | lrm: 0.92 | dt: 1449.36ms | tok/sec: 361,738 | bf16_mfu: 0.00 | epoch: 1 pq: 4 rg: 69 | total time: 9.69m | eta: 14.4m
step 00412/01008 (40.87%) | loss: 3.450306 | lrm: 0.91 | dt: 1446.27ms | tok/sec: 362,510 | bf16_mfu: 0.00 | epoch: 1 pq: 4 rg: 70 | total time: 9.72m | eta: 14.4m
step 00413/01008 (40.97%) | loss: 3.441114 | lrm: 0.91 | dt: 1446.19ms | tok/sec: 362,530 | bf16_mfu: 0.00 | epoch: 1 pq: 4 rg: 71 | total time: 9.74m | eta: 14.4m
step 00414/01008 (41.07%) | loss: 3.432150 | lrm: 0.91 | dt: 1446.98ms | tok/sec: 362,332 | bf16_mfu: 0.00 | epoch: 1 pq: 4 rg: 72 | total time: 9.76m | eta: 14.4m
step 00415/01008 (41.17%) | loss: 3.426690 | lrm: 0.91 | dt: 1446.79ms | tok/sec: 362,379 | bf16_mfu: 0.00 | epoch: 1 pq: 4 rg: 73 | total time: 9.79m | eta: 14.3m
step 00416/01008 (41.27%) | loss: 3.409560 | lrm: 0.91 | dt: 1445.89ms | tok/sec: 362,606 | bf16_mfu: 0.00 | epoch: 1 pq: 4 rg: 74 | total time: 9.81m | eta: 14.3m
step 00417/01008 (41.37%) | loss: 3.406183 | lrm: 0.91 | dt: 1447.14ms | tok/sec: 362,291 | bf16_mfu: 0.00 | epoch: 1 pq: 4 rg: 75 | total time: 9.84m | eta: 14.3m
step 00418/01008 (41.47%) | loss: 3.413631 | lrm: 0.91 | dt: 1446.90ms | tok/sec: 362,352 | bf16_mfu: 0.00 | epoch: 1 pq: 4 rg: 76 | total time: 9.86m | eta: 14.3m
step 00419/01008 (41.57%) | loss: 3.420886 | lrm: 0.90 | dt: 1443.90ms | tok/sec: 363,104 | bf16_mfu: 0.00 | epoch: 1 pq: 4 rg: 77 | total time: 9.88m | eta: 14.2m
step 00420/01008 (41.67%) | loss: 3.416246 | lrm: 0.90 | dt: 1448.30ms | tok/sec: 362,001 | bf16_mfu: 0.00 | epoch: 1 pq: 4 rg: 78 | total time: 9.91m | eta: 14.2m
step 00421/01008 (41.77%) | loss: 3.422020 | lrm: 0.90 | dt: 1446.71ms | tok/sec: 362,399 | bf16_mfu: 0.00 | epoch: 1 pq: 4 rg: 79 | total time: 9.93m | eta: 14.2m
step 00422/01008 (41.87%) | loss: 3.413037 | lrm: 0.90 | dt: 1445.39ms | tok/sec: 362,730 | bf16_mfu: 0.00 | epoch: 1 pq: 4 rg: 80 | total time: 9.96m | eta: 14.2m
step 00423/01008 (41.96%) | loss: 3.414890 | lrm: 0.90 | dt: 1446.67ms | tok/sec: 362,410 | bf16_mfu: 0.00 | epoch: 1 pq: 4 rg: 81 | total time: 9.98m | eta: 14.1m
step 00424/01008 (42.06%) | loss: 3.423265 | lrm: 0.90 | dt: 1447.21ms | tok/sec: 362,273 | bf16_mfu: 0.00 | epoch: 1 pq: 5 rg: 0 | total time: 10.01m | eta: 14.1m
step 00425/01008 (42.16%) | loss: 3.425567 | lrm: 0.90 | dt: 1443.76ms | tok/sec: 363,139 | bf16_mfu: 0.00 | epoch: 1 pq: 5 rg: 1 | total time: 10.03m | eta: 14.1m
step 00426/01008 (42.26%) | loss: 3.425821 | lrm: 0.89 | dt: 1445.04ms | tok/sec: 362,819 | bf16_mfu: 0.00 | epoch: 1 pq: 5 rg: 2 | total time: 10.05m | eta: 14.1m
step 00427/01008 (42.36%) | loss: 3.423078 | lrm: 0.89 | dt: 1446.49ms | tok/sec: 362,454 | bf16_mfu: 0.00 | epoch: 1 pq: 5 rg: 3 | total time: 10.08m | eta: 14.0m
step 00428/01008 (42.46%) | loss: 3.423440 | lrm: 0.89 | dt: 1445.73ms | tok/sec: 362,645 | bf16_mfu: 0.00 | epoch: 1 pq: 5 rg: 4 | total time: 10.10m | eta: 14.0m
step 00429/01008 (42.56%) | loss: 3.418110 | lrm: 0.89 | dt: 1444.55ms | tok/sec: 362,941 | bf16_mfu: 0.00 | epoch: 1 pq: 5 rg: 4 | total time: 10.13m | eta: 14.0m
step 00430/01008 (42.66%) | loss: 3.422395 | lrm: 0.89 | dt: 1447.12ms | tok/sec: 362,297 | bf16_mfu: 0.00 | epoch: 1 pq: 5 rg: 5 | total time: 10.15m | eta: 14.0m
step 00431/01008 (42.76%) | loss: 3.416044 | lrm: 0.89 | dt: 1446.47ms | tok/sec: 362,459 | bf16_mfu: 0.00 | epoch: 1 pq: 5 rg: 6 | total time: 10.17m | eta: 13.9m
step 00432/01008 (42.86%) | loss: 3.414195 | lrm: 0.89 | dt: 1443.77ms | tok/sec: 363,138 | bf16_mfu: 0.00 | epoch: 1 pq: 5 rg: 7 | total time: 10.20m | eta: 13.9m
step 00433/01008 (42.96%) | loss: 3.405227 | lrm: 0.88 | dt: 1446.43ms | tok/sec: 362,470 | bf16_mfu: 0.00 | epoch: 1 pq: 5 rg: 8 | total time: 10.22m | eta: 13.9m
step 00434/01008 (43.06%) | loss: 3.403496 | lrm: 0.88 | dt: 1446.49ms | tok/sec: 362,455 | bf16_mfu: 0.00 | epoch: 1 pq: 5 rg: 9 | total time: 10.25m | eta: 13.9m
step 00435/01008 (43.15%) | loss: 3.403187 | lrm: 0.88 | dt: 1445.04ms | tok/sec: 362,818 | bf16_mfu: 0.00 | epoch: 1 pq: 5 rg: 10 | total time: 10.27m | eta: 13.8m
step 00436/01008 (43.25%) | loss: 3.408712 | lrm: 0.88 | dt: 1443.84ms | tok/sec: 363,121 | bf16_mfu: 0.00 | epoch: 1 pq: 5 rg: 11 | total time: 10.29m | eta: 13.8m
step 00437/01008 (43.35%) | loss: 3.405934 | lrm: 0.88 | dt: 1446.77ms | tok/sec: 362,384 | bf16_mfu: 0.00 | epoch: 1 pq: 5 rg: 12 | total time: 10.32m | eta: 13.8m
step 00438/01008 (43.45%) | loss: 3.389551 | lrm: 0.88 | dt: 1446.86ms | tok/sec: 362,363 | bf16_mfu: 0.00 | epoch: 1 pq: 5 rg: 13 | total time: 10.34m | eta: 13.8m
step 00439/01008 (43.55%) | loss: 3.393558 | lrm: 0.88 | dt: 1444.48ms | tok/sec: 362,960 | bf16_mfu: 0.00 | epoch: 1 pq: 5 rg: 14 | total time: 10.37m | eta: 13.7m
step 00440/01008 (43.65%) | loss: 3.387747 | lrm: 0.87 | dt: 1448.14ms | tok/sec: 362,042 | bf16_mfu: 0.00 | epoch: 1 pq: 5 rg: 15 | total time: 10.39m | eta: 13.7m
step 00441/01008 (43.75%) | loss: 3.389654 | lrm: 0.87 | dt: 1446.87ms | tok/sec: 362,360 | bf16_mfu: 0.00 | epoch: 1 pq: 5 rg: 16 | total time: 10.41m | eta: 13.7m
step 00442/01008 (43.85%) | loss: 3.390373 | lrm: 0.87 | dt: 1445.17ms | tok/sec: 362,786 | bf16_mfu: 0.00 | epoch: 1 pq: 5 rg: 17 | total time: 10.44m | eta: 13.7m
step 00443/01008 (43.95%) | loss: 3.393694 | lrm: 0.87 | dt: 1446.66ms | tok/sec: 362,412 | bf16_mfu: 0.00 | epoch: 1 pq: 5 rg: 18 | total time: 10.46m | eta: 13.7m
step 00444/01008 (44.05%) | loss: 3.380247 | lrm: 0.87 | dt: 1446.90ms | tok/sec: 362,352 | bf16_mfu: 0.00 | epoch: 1 pq: 5 rg: 19 | total time: 10.49m | eta: 13.6m
step 00445/01008 (44.15%) | loss: 3.365695 | lrm: 0.87 | dt: 1445.23ms | tok/sec: 362,770 | bf16_mfu: 0.00 | epoch: 1 pq: 5 rg: 20 | total time: 10.51m | eta: 13.6m
step 00446/01008 (44.25%) | loss: 3.365999 | lrm: 0.87 | dt: 1447.41ms | tok/sec: 362,225 | bf16_mfu: 0.00 | epoch: 1 pq: 5 rg: 21 | total time: 10.54m | eta: 13.6m
step 00447/01008 (44.35%) | loss: 3.362713 | lrm: 0.86 | dt: 1447.70ms | tok/sec: 362,152 | bf16_mfu: 0.00 | epoch: 1 pq: 5 rg: 22 | total time: 10.56m | eta: 13.6m
step 00448/01008 (44.44%) | loss: 3.354976 | lrm: 0.86 | dt: 1445.39ms | tok/sec: 362,732 | bf16_mfu: 0.00 | epoch: 1 pq: 5 rg: 23 | total time: 10.58m | eta: 13.5m
step 00449/01008 (44.54%) | loss: 3.358950 | lrm: 0.86 | dt: 1446.94ms | tok/sec: 362,342 | bf16_mfu: 0.00 | epoch: 1 pq: 5 rg: 24 | total time: 10.61m | eta: 13.5m
step 00450/01008 (44.64%) | loss: 3.365199 | lrm: 0.86 | dt: 1446.65ms | tok/sec: 362,415 | bf16_mfu: 0.00 | epoch: 1 pq: 5 rg: 25 | total time: 10.63m | eta: 13.5m
step 00451/01008 (44.74%) | loss: 3.373508 | lrm: 0.86 | dt: 1444.71ms | tok/sec: 362,902 | bf16_mfu: 0.00 | epoch: 1 pq: 5 rg: 26 | total time: 10.66m | eta: 13.5m
step 00452/01008 (44.84%) | loss: 3.378473 | lrm: 0.86 | dt: 1444.51ms | tok/sec: 362,951 | bf16_mfu: 0.00 | epoch: 1 pq: 5 rg: 27 | total time: 10.68m | eta: 13.4m
step 00453/01008 (44.94%) | loss: 3.389704 | lrm: 0.85 | dt: 1445.86ms | tok/sec: 362,612 | bf16_mfu: 0.00 | epoch: 1 pq: 5 rg: 28 | total time: 10.70m | eta: 13.4m
step 00454/01008 (45.04%) | loss: 3.394523 | lrm: 0.85 | dt: 1446.23ms | tok/sec: 362,521 | bf16_mfu: 0.00 | epoch: 1 pq: 5 rg: 29 | total time: 10.73m | eta: 13.4m
step 00455/01008 (45.14%) | loss: 3.381551 | lrm: 0.85 | dt: 1443.86ms | tok/sec: 363,115 | bf16_mfu: 0.00 | epoch: 1 pq: 5 rg: 29 | total time: 10.75m | eta: 13.4m
step 00456/01008 (45.24%) | loss: 3.380268 | lrm: 0.85 | dt: 1445.89ms | tok/sec: 362,605 | bf16_mfu: 0.00 | epoch: 1 pq: 5 rg: 30 | total time: 10.78m | eta: 13.3m
step 00457/01008 (45.34%) | loss: 3.378614 | lrm: 0.85 | dt: 1445.04ms | tok/sec: 362,819 | bf16_mfu: 0.00 | epoch: 1 pq: 5 rg: 31 | total time: 10.80m | eta: 13.3m
step 00458/01008 (45.44%) | loss: 3.385379 | lrm: 0.85 | dt: 1444.78ms | tok/sec: 362,885 | bf16_mfu: 0.00 | epoch: 1 pq: 5 rg: 32 | total time: 10.82m | eta: 13.3m
step 00459/01008 (45.54%) | loss: 3.381220 | lrm: 0.85 | dt: 1442.35ms | tok/sec: 363,495 | bf16_mfu: 0.00 | epoch: 1 pq: 5 rg: 33 | total time: 10.85m | eta: 13.3m
step 00460/01008 (45.63%) | loss: 3.371045 | lrm: 0.84 | dt: 1444.47ms | tok/sec: 362,961 | bf16_mfu: 0.00 | epoch: 1 pq: 5 rg: 34 | total time: 10.87m | eta: 13.2m
step 00461/01008 (45.73%) | loss: 3.370172 | lrm: 0.84 | dt: 1444.16ms | tok/sec: 363,041 | bf16_mfu: 0.00 | epoch: 1 pq: 5 rg: 35 | total time: 10.90m | eta: 13.2m
step 00462/01008 (45.83%) | loss: 3.361994 | lrm: 0.84 | dt: 1447.77ms | tok/sec: 362,134 | bf16_mfu: 0.00 | epoch: 1 pq: 5 rg: 36 | total time: 10.92m | eta: 13.2m
step 00463/01008 (45.93%) | loss: 3.366922 | lrm: 0.84 | dt: 1443.71ms | tok/sec: 363,152 | bf16_mfu: 0.00 | epoch: 1 pq: 5 rg: 37 | total time: 10.94m | eta: 13.2m
step 00464/01008 (46.03%) | loss: 3.364155 | lrm: 0.84 | dt: 1444.04ms | tok/sec: 363,071 | bf16_mfu: 0.00 | epoch: 1 pq: 5 rg: 38 | total time: 10.97m | eta: 13.1m
step 00465/01008 (46.13%) | loss: 3.368218 | lrm: 0.84 | dt: 1446.67ms | tok/sec: 362,410 | bf16_mfu: 0.00 | epoch: 1 pq: 5 rg: 39 | total time: 10.99m | eta: 13.1m
step 00466/01008 (46.23%) | loss: 3.371294 | lrm: 0.84 | dt: 1445.15ms | tok/sec: 362,791 | bf16_mfu: 0.00 | epoch: 1 pq: 5 rg: 40 | total time: 11.02m | eta: 13.1m
step 00467/01008 (46.33%) | loss: 3.369295 | lrm: 0.83 | dt: 1444.30ms | tok/sec: 363,004 | bf16_mfu: 0.00 | epoch: 1 pq: 5 rg: 41 | total time: 11.04m | eta: 13.1m
step 00468/01008 (46.43%) | loss: 3.367357 | lrm: 0.83 | dt: 1442.46ms | tok/sec: 363,469 | bf16_mfu: 0.00 | epoch: 1 pq: 5 rg: 42 | total time: 11.07m | eta: 13.0m
step 00469/01008 (46.53%) | loss: 3.376286 | lrm: 0.83 | dt: 1446.51ms | tok/sec: 362,450 | bf16_mfu: 0.00 | epoch: 1 pq: 5 rg: 43 | total time: 11.09m | eta: 13.0m
step 00470/01008 (46.63%) | loss: 3.368290 | lrm: 0.83 | dt: 1445.37ms | tok/sec: 362,737 | bf16_mfu: 0.00 | epoch: 1 pq: 5 rg: 44 | total time: 11.11m | eta: 13.0m
step 00471/01008 (46.73%) | loss: 3.360967 | lrm: 0.83 | dt: 1442.86ms | tok/sec: 363,368 | bf16_mfu: 0.00 | epoch: 1 pq: 5 rg: 45 | total time: 11.14m | eta: 13.0m
step 00472/01008 (46.83%) | loss: 3.351886 | lrm: 0.83 | dt: 1443.81ms | tok/sec: 363,128 | bf16_mfu: 0.00 | epoch: 1 pq: 5 rg: 46 | total time: 11.16m | eta: 12.9m
step 00473/01008 (46.92%) | loss: 3.351072 | lrm: 0.83 | dt: 1443.46ms | tok/sec: 363,214 | bf16_mfu: 0.00 | epoch: 1 pq: 5 rg: 47 | total time: 11.19m | eta: 12.9m
step 00474/01008 (47.02%) | loss: 3.364472 | lrm: 0.82 | dt: 1445.18ms | tok/sec: 362,785 | bf16_mfu: 0.00 | epoch: 1 pq: 5 rg: 48 | total time: 11.21m | eta: 12.9m
step 00475/01008 (47.12%) | loss: 3.364470 | lrm: 0.82 | dt: 1443.88ms | tok/sec: 363,109 | bf16_mfu: 0.00 | epoch: 1 pq: 5 rg: 49 | total time: 11.23m | eta: 12.9m
step 00476/01008 (47.22%) | loss: 3.361371 | lrm: 0.82 | dt: 1443.92ms | tok/sec: 363,099 | bf16_mfu: 0.00 | epoch: 1 pq: 5 rg: 50 | total time: 11.26m | eta: 12.9m
step 00477/01008 (47.32%) | loss: 3.363224 | lrm: 0.82 | dt: 1442.48ms | tok/sec: 363,463 | bf16_mfu: 0.00 | epoch: 1 pq: 5 rg: 51 | total time: 11.28m | eta: 12.8m
step 00478/01008 (47.42%) | loss: 3.359589 | lrm: 0.82 | dt: 1443.87ms | tok/sec: 363,113 | bf16_mfu: 0.00 | epoch: 1 pq: 5 rg: 52 | total time: 11.31m | eta: 12.8m
step 00479/01008 (47.52%) | loss: 3.355321 | lrm: 0.82 | dt: 1442.77ms | tok/sec: 363,389 | bf16_mfu: 0.00 | epoch: 1 pq: 5 rg: 53 | total time: 11.33m | eta: 12.8m
step 00480/01008 (47.62%) | loss: 3.337734 | lrm: 0.82 | dt: 1445.10ms | tok/sec: 362,804 | bf16_mfu: 0.00 | epoch: 1 pq: 5 rg: 54 | total time: 11.35m | eta: 12.8m
step 00481/01008 (47.72%) | loss: 3.341835 | lrm: 0.81 | dt: 1442.75ms | tok/sec: 363,393 | bf16_mfu: 0.00 | epoch: 1 pq: 5 rg: 55 | total time: 11.38m | eta: 12.7m
step 00482/01008 (47.82%) | loss: 3.340428 | lrm: 0.81 | dt: 1442.19ms | tok/sec: 363,534 | bf16_mfu: 0.00 | epoch: 1 pq: 5 rg: 56 | total time: 11.40m | eta: 12.7m
step 00483/01008 (47.92%) | loss: 3.340048 | lrm: 0.81 | dt: 1442.42ms | tok/sec: 363,478 | bf16_mfu: 0.00 | epoch: 1 pq: 5 rg: 57 | total time: 11.43m | eta: 12.7m
step 00484/01008 (48.02%) | loss: 3.326428 | lrm: 0.81 | dt: 1442.81ms | tok/sec: 363,380 | bf16_mfu: 0.00 | epoch: 1 pq: 5 rg: 58 | total time: 11.45m | eta: 12.7m
step 00485/01008 (48.12%) | loss: 3.316978 | lrm: 0.81 | dt: 1444.33ms | tok/sec: 362,996 | bf16_mfu: 0.00 | epoch: 1 pq: 5 rg: 59 | total time: 11.47m | eta: 12.6m
step 00486/01008 (48.21%) | loss: 3.318248 | lrm: 0.81 | dt: 1444.24ms | tok/sec: 363,019 | bf16_mfu: 0.00 | epoch: 1 pq: 5 rg: 60 | total time: 11.50m | eta: 12.6m
step 00487/01008 (48.31%) | loss: 3.303007 | lrm: 0.81 | dt: 1444.24ms | tok/sec: 363,019 | bf16_mfu: 0.00 | epoch: 1 pq: 5 rg: 61 | total time: 11.52m | eta: 12.6m
step 00488/01008 (48.41%) | loss: 3.320721 | lrm: 0.80 | dt: 1442.53ms | tok/sec: 363,450 | bf16_mfu: 0.00 | epoch: 1 pq: 5 rg: 61 | total time: 11.55m | eta: 12.6m
step 00489/01008 (48.51%) | loss: 3.318723 | lrm: 0.80 | dt: 1442.52ms | tok/sec: 363,453 | bf16_mfu: 0.00 | epoch: 1 pq: 5 rg: 62 | total time: 11.57m | eta: 12.5m
step 00490/01008 (48.61%) | loss: 3.318914 | lrm: 0.80 | dt: 1444.78ms | tok/sec: 362,884 | bf16_mfu: 0.00 | epoch: 1 pq: 5 rg: 63 | total time: 11.59m | eta: 12.5m
step 00491/01008 (48.71%) | loss: 3.320386 | lrm: 0.80 | dt: 1444.24ms | tok/sec: 363,018 | bf16_mfu: 0.00 | epoch: 1 pq: 5 rg: 64 | total time: 11.62m | eta: 12.5m
step 00492/01008 (48.81%) | loss: 3.317313 | lrm: 0.80 | dt: 1444.18ms | tok/sec: 363,034 | bf16_mfu: 0.00 | epoch: 1 pq: 5 rg: 65 | total time: 11.64m | eta: 12.5m
step 00493/01008 (48.91%) | loss: 3.320680 | lrm: 0.80 | dt: 1442.90ms | tok/sec: 363,356 | bf16_mfu: 0.00 | epoch: 1 pq: 5 rg: 66 | total time: 11.67m | eta: 12.4m
step 00494/01008 (49.01%) | loss: 3.319450 | lrm: 0.80 | dt: 1442.38ms | tok/sec: 363,488 | bf16_mfu: 0.00 | epoch: 1 pq: 5 rg: 67 | total time: 11.69m | eta: 12.4m
step 00495/01008 (49.11%) | loss: 3.311593 | lrm: 0.79 | dt: 1442.43ms | tok/sec: 363,476 | bf16_mfu: 0.00 | epoch: 1 pq: 5 rg: 68 | total time: 11.71m | eta: 12.4m
step 00496/01008 (49.21%) | loss: 3.314676 | lrm: 0.79 | dt: 1444.63ms | tok/sec: 362,920 | bf16_mfu: 0.00 | epoch: 1 pq: 5 rg: 69 | total time: 11.74m | eta: 12.4m
step 00497/01008 (49.31%) | loss: 3.325228 | lrm: 0.79 | dt: 1444.03ms | tok/sec: 363,073 | bf16_mfu: 0.00 | epoch: 1 pq: 5 rg: 70 | total time: 11.76m | eta: 12.3m
step 00498/01008 (49.40%) | loss: 3.322688 | lrm: 0.79 | dt: 1443.96ms | tok/sec: 363,090 | bf16_mfu: 0.00 | epoch: 1 pq: 5 rg: 71 | total time: 11.79m | eta: 12.3m
step 00499/01008 (49.50%) | loss: 3.328034 | lrm: 0.79 | dt: 1443.17ms | tok/sec: 363,289 | bf16_mfu: 0.00 | epoch: 1 pq: 5 rg: 72 | total time: 11.81m | eta: 12.3m
Step 00500 | Validation bpb: 1.009995
step 00500/01008 (49.60%) | loss: 3.337502 | lrm: 0.79 | dt: 1426.21ms | tok/sec: 367,608 | bf16_mfu: 0.00 | epoch: 1 pq: 5 rg: 73 | total time: 11.84m | eta: 12.3m
step 00501/01008 (49.70%) | loss: 3.330395 | lrm: 0.79 | dt: 1433.54ms | tok/sec: 365,730 | bf16_mfu: 0.00 | epoch: 1 pq: 5 rg: 74 | total time: 11.86m | eta: 12.2m
step 00502/01008 (49.80%) | loss: 3.326689 | lrm: 0.78 | dt: 1432.65ms | tok/sec: 365,956 | bf16_mfu: 0.00 | epoch: 1 pq: 5 rg: 75 | total time: 11.88m | eta: 12.2m
step 00503/01008 (49.90%) | loss: 3.317445 | lrm: 0.78 | dt: 1434.46ms | tok/sec: 365,494 | bf16_mfu: 0.00 | epoch: 1 pq: 5 rg: 76 | total time: 11.91m | eta: 12.2m
step 00504/01008 (50.00%) | loss: 3.313362 | lrm: 0.78 | dt: 1433.92ms | tok/sec: 365,631 | bf16_mfu: 0.00 | epoch: 1 pq: 5 rg: 77 | total time: 11.93m | eta: 12.2m
step 00505/01008 (50.10%) | loss: 3.319450 | lrm: 0.78 | dt: 1434.57ms | tok/sec: 365,468 | bf16_mfu: 0.00 | epoch: 1 pq: 5 rg: 78 | total time: 11.95m | eta: 12.1m
step 00506/01008 (50.20%) | loss: 3.309377 | lrm: 0.78 | dt: 1432.30ms | tok/sec: 366,045 | bf16_mfu: 0.00 | epoch: 1 pq: 5 rg: 79 | total time: 11.98m | eta: 12.1m
step 00507/01008 (50.30%) | loss: 3.309862 | lrm: 0.78 | dt: 1434.51ms | tok/sec: 365,483 | bf16_mfu: 0.00 | epoch: 1 pq: 5 rg: 80 | total time: 12.00m | eta: 12.1m
step 00508/01008 (50.40%) | loss: 3.310088 | lrm: 0.78 | dt: 1436.08ms | tok/sec: 365,082 | bf16_mfu: 0.00 | epoch: 1 pq: 5 rg: 81 | total time: 12.03m | eta: 12.1m
step 00509/01008 (50.50%) | loss: 3.316610 | lrm: 0.77 | dt: 1434.52ms | tok/sec: 365,480 | bf16_mfu: 0.00 | epoch: 1 pq: 5 rg: 82 | total time: 12.05m | eta: 12.1m
step 00510/01008 (50.60%) | loss: 3.302017 | lrm: 0.77 | dt: 1436.06ms | tok/sec: 365,088 | bf16_mfu: 0.00 | epoch: 1 pq: 6 rg: 0 | total time: 12.07m | eta: 12.0m
step 00511/01008 (50.69%) | loss: 3.298937 | lrm: 0.77 | dt: 1436.16ms | tok/sec: 365,062 | bf16_mfu: 0.00 | epoch: 1 pq: 6 rg: 1 | total time: 12.10m | eta: 12.0m
step 00512/01008 (50.79%) | loss: 3.302118 | lrm: 0.77 | dt: 1437.68ms | tok/sec: 364,677 | bf16_mfu: 0.00 | epoch: 1 pq: 6 rg: 2 | total time: 12.12m | eta: 12.0m
step 00513/01008 (50.89%) | loss: 3.292425 | lrm: 0.77 | dt: 1435.42ms | tok/sec: 365,249 | bf16_mfu: 0.00 | epoch: 1 pq: 6 rg: 3 | total time: 12.15m | eta: 12.0m
step 00514/01008 (50.99%) | loss: 3.294495 | lrm: 0.77 | dt: 1435.98ms | tok/sec: 365,109 | bf16_mfu: 0.00 | epoch: 1 pq: 6 rg: 4 | total time: 12.17m | eta: 11.9m
step 00515/01008 (51.09%) | loss: 3.297375 | lrm: 0.77 | dt: 1435.53ms | tok/sec: 365,222 | bf16_mfu: 0.00 | epoch: 1 pq: 6 rg: 5 | total time: 12.19m | eta: 11.9m
step 00516/01008 (51.19%) | loss: 3.299448 | lrm: 0.76 | dt: 1436.22ms | tok/sec: 365,047 | bf16_mfu: 0.00 | epoch: 1 pq: 6 rg: 6 | total time: 12.22m | eta: 11.9m
step 00517/01008 (51.29%) | loss: 3.289888 | lrm: 0.76 | dt: 1437.63ms | tok/sec: 364,689 | bf16_mfu: 0.00 | epoch: 1 pq: 6 rg: 7 | total time: 12.24m | eta: 11.9m
step 00518/01008 (51.39%) | loss: 3.284389 | lrm: 0.76 | dt: 1437.91ms | tok/sec: 364,618 | bf16_mfu: 0.00 | epoch: 1 pq: 6 rg: 8 | total time: 12.27m | eta: 11.8m
step 00519/01008 (51.49%) | loss: 3.288692 | lrm: 0.76 | dt: 1437.82ms | tok/sec: 364,640 | bf16_mfu: 0.00 | epoch: 1 pq: 6 rg: 9 | total time: 12.29m | eta: 11.8m
step 00520/01008 (51.59%) | loss: 3.281202 | lrm: 0.76 | dt: 1437.00ms | tok/sec: 364,849 | bf16_mfu: 0.00 | epoch: 1 pq: 6 rg: 9 | total time: 12.31m | eta: 11.8m
step 00521/01008 (51.69%) | loss: 3.285408 | lrm: 0.76 | dt: 1436.65ms | tok/sec: 364,939 | bf16_mfu: 0.00 | epoch: 1 pq: 6 rg: 10 | total time: 12.34m | eta: 11.8m
step 00522/01008 (51.79%) | loss: 3.279372 | lrm: 0.75 | dt: 1436.61ms | tok/sec: 364,947 | bf16_mfu: 0.00 | epoch: 1 pq: 6 rg: 11 | total time: 12.36m | eta: 11.7m
step 00523/01008 (51.88%) | loss: 3.285495 | lrm: 0.75 | dt: 1436.43ms | tok/sec: 364,993 | bf16_mfu: 0.00 | epoch: 1 pq: 6 rg: 12 | total time: 12.39m | eta: 11.7m
step 00524/01008 (51.98%) | loss: 3.288697 | lrm: 0.75 | dt: 1437.58ms | tok/sec: 364,700 | bf16_mfu: 0.00 | epoch: 1 pq: 6 rg: 13 | total time: 12.41m | eta: 11.7m
step 00525/01008 (52.08%) | loss: 3.294866 | lrm: 0.75 | dt: 1437.17ms | tok/sec: 364,805 | bf16_mfu: 0.00 | epoch: 1 pq: 6 rg: 14 | total time: 12.43m | eta: 11.7m
step 00526/01008 (52.18%) | loss: 3.278833 | lrm: 0.75 | dt: 1437.28ms | tok/sec: 364,777 | bf16_mfu: 0.00 | epoch: 1 pq: 6 rg: 15 | total time: 12.46m | eta: 11.6m
step 00527/01008 (52.28%) | loss: 3.267102 | lrm: 0.75 | dt: 1437.55ms | tok/sec: 364,709 | bf16_mfu: 0.00 | epoch: 1 pq: 6 rg: 16 | total time: 12.48m | eta: 11.6m
step 00528/01008 (52.38%) | loss: 3.270564 | lrm: 0.75 | dt: 1436.91ms | tok/sec: 364,871 | bf16_mfu: 0.00 | epoch: 1 pq: 6 rg: 17 | total time: 12.51m | eta: 11.6m
step 00529/01008 (52.48%) | loss: 3.276614 | lrm: 0.74 | dt: 1437.05ms | tok/sec: 364,836 | bf16_mfu: 0.00 | epoch: 1 pq: 6 rg: 18 | total time: 12.53m | eta: 11.6m
step 00530/01008 (52.58%) | loss: 3.282393 | lrm: 0.74 | dt: 1436.88ms | tok/sec: 364,879 | bf16_mfu: 0.00 | epoch: 1 pq: 6 rg: 19 | total time: 12.55m | eta: 11.5m
step 00531/01008 (52.68%) | loss: 3.277812 | lrm: 0.74 | dt: 1438.82ms | tok/sec: 364,386 | bf16_mfu: 0.00 | epoch: 1 pq: 6 rg: 20 | total time: 12.58m | eta: 11.5m
step 00532/01008 (52.78%) | loss: 3.287596 | lrm: 0.74 | dt: 1438.19ms | tok/sec: 364,546 | bf16_mfu: 0.00 | epoch: 1 pq: 6 rg: 21 | total time: 12.60m | eta: 11.5m
step 00533/01008 (52.88%) | loss: 3.275211 | lrm: 0.74 | dt: 1439.27ms | tok/sec: 364,272 | bf16_mfu: 0.00 | epoch: 1 pq: 6 rg: 22 | total time: 12.62m | eta: 11.5m
step 00534/01008 (52.98%) | loss: 3.284235 | lrm: 0.74 | dt: 1438.35ms | tok/sec: 364,507 | bf16_mfu: 0.00 | epoch: 1 pq: 6 rg: 23 | total time: 12.65m | eta: 11.4m
step 00535/01008 (53.08%) | loss: 3.282589 | lrm: 0.74 | dt: 1440.47ms | tok/sec: 363,970 | bf16_mfu: 0.00 | epoch: 1 pq: 6 rg: 24 | total time: 12.67m | eta: 11.4m
step 00536/01008 (53.17%) | loss: 3.285017 | lrm: 0.73 | dt: 1439.54ms | tok/sec: 364,204 | bf16_mfu: 0.00 | epoch: 1 pq: 6 rg: 25 | total time: 12.70m | eta: 11.4m
step 00537/01008 (53.27%) | loss: 3.288816 | lrm: 0.73 | dt: 1438.72ms | tok/sec: 364,413 | bf16_mfu: 0.00 | epoch: 1 pq: 6 rg: 26 | total time: 12.72m | eta: 11.4m
step 00538/01008 (53.37%) | loss: 3.280848 | lrm: 0.73 | dt: 1439.73ms | tok/sec: 364,156 | bf16_mfu: 0.00 | epoch: 1 pq: 6 rg: 27 | total time: 12.74m | eta: 11.3m
step 00539/01008 (53.47%) | loss: 3.279780 | lrm: 0.73 | dt: 1438.84ms | tok/sec: 364,382 | bf16_mfu: 0.00 | epoch: 1 pq: 6 rg: 28 | total time: 12.77m | eta: 11.3m
step 00540/01008 (53.57%) | loss: 3.269194 | lrm: 0.73 | dt: 1440.39ms | tok/sec: 363,989 | bf16_mfu: 0.00 | epoch: 1 pq: 6 rg: 29 | total time: 12.79m | eta: 11.3m
step 00541/01008 (53.67%) | loss: 3.254993 | lrm: 0.73 | dt: 1438.06ms | tok/sec: 364,579 | bf16_mfu: 0.00 | epoch: 1 pq: 6 rg: 30 | total time: 12.82m | eta: 11.3m
step 00542/01008 (53.77%) | loss: 3.258473 | lrm: 0.73 | dt: 1439.17ms | tok/sec: 364,298 | bf16_mfu: 0.00 | epoch: 1 pq: 6 rg: 31 | total time: 12.84m | eta: 11.2m
step 00543/01008 (53.87%) | loss: 3.260472 | lrm: 0.72 | dt: 1437.44ms | tok/sec: 364,737 | bf16_mfu: 0.00 | epoch: 1 pq: 6 rg: 32 | total time: 12.86m | eta: 11.2m
step 00544/01008 (53.97%) | loss: 3.261290 | lrm: 0.72 | dt: 1438.60ms | tok/sec: 364,442 | bf16_mfu: 0.00 | epoch: 1 pq: 6 rg: 33 | total time: 12.89m | eta: 11.2m
step 00545/01008 (54.07%) | loss: 3.265465 | lrm: 0.72 | dt: 1436.67ms | tok/sec: 364,933 | bf16_mfu: 0.00 | epoch: 1 pq: 6 rg: 34 | total time: 12.91m | eta: 11.2m
step 00546/01008 (54.17%) | loss: 3.277868 | lrm: 0.72 | dt: 1437.15ms | tok/sec: 364,810 | bf16_mfu: 0.00 | epoch: 1 pq: 6 rg: 34 | total time: 12.94m | eta: 11.2m
step 00547/01008 (54.27%) | loss: 3.276922 | lrm: 0.72 | dt: 1438.49ms | tok/sec: 364,470 | bf16_mfu: 0.00 | epoch: 1 pq: 6 rg: 35 | total time: 12.96m | eta: 11.1m
step 00548/01008 (54.37%) | loss: 3.274445 | lrm: 0.72 | dt: 1438.82ms | tok/sec: 364,387 | bf16_mfu: 0.00 | epoch: 1 pq: 6 rg: 36 | total time: 12.98m | eta: 11.1m
step 00549/01008 (54.46%) | loss: 3.266150 | lrm: 0.72 | dt: 1439.67ms | tok/sec: 364,172 | bf16_mfu: 0.00 | epoch: 1 pq: 6 rg: 37 | total time: 13.01m | eta: 11.1m
step 00550/01008 (54.56%) | loss: 3.259281 | lrm: 0.71 | dt: 1439.00ms | tok/sec: 364,342 | bf16_mfu: 0.00 | epoch: 1 pq: 6 rg: 38 | total time: 13.03m | eta: 11.1m
step 00551/01008 (54.66%) | loss: 3.257457 | lrm: 0.71 | dt: 1440.42ms | tok/sec: 363,983 | bf16_mfu: 0.00 | epoch: 1 pq: 6 rg: 39 | total time: 13.06m | eta: 11.0m
step 00552/01008 (54.76%) | loss: 3.261265 | lrm: 0.71 | dt: 1440.00ms | tok/sec: 364,090 | bf16_mfu: 0.00 | epoch: 1 pq: 6 rg: 40 | total time: 13.08m | eta: 11.0m
step 00553/01008 (54.86%) | loss: 3.257135 | lrm: 0.71 | dt: 1440.63ms | tok/sec: 363,929 | bf16_mfu: 0.00 | epoch: 1 pq: 6 rg: 41 | total time: 13.10m | eta: 11.0m
step 00554/01008 (54.96%) | loss: 3.252090 | lrm: 0.71 | dt: 1440.20ms | tok/sec: 364,038 | bf16_mfu: 0.00 | epoch: 1 pq: 6 rg: 42 | total time: 13.13m | eta: 11.0m
step 00555/01008 (55.06%) | loss: 3.260148 | lrm: 0.71 | dt: 1440.59ms | tok/sec: 363,940 | bf16_mfu: 0.00 | epoch: 1 pq: 6 rg: 43 | total time: 13.15m | eta: 10.9m
step 00556/01008 (55.16%) | loss: 3.252930 | lrm: 0.71 | dt: 1440.28ms | tok/sec: 364,016 | bf16_mfu: 0.00 | epoch: 1 pq: 6 rg: 44 | total time: 13.18m | eta: 10.9m
step 00557/01008 (55.26%) | loss: 3.255578 | lrm: 0.70 | dt: 1442.45ms | tok/sec: 363,471 | bf16_mfu: 0.00 | epoch: 1 pq: 6 rg: 45 | total time: 13.20m | eta: 10.9m
step 00558/01008 (55.36%) | loss: 3.244722 | lrm: 0.70 | dt: 1440.25ms | tok/sec: 364,025 | bf16_mfu: 0.00 | epoch: 1 pq: 6 rg: 46 | total time: 13.22m | eta: 10.9m
step 00559/01008 (55.46%) | loss: 3.249833 | lrm: 0.70 | dt: 1439.20ms | tok/sec: 364,291 | bf16_mfu: 0.00 | epoch: 1 pq: 6 rg: 47 | total time: 13.25m | eta: 10.8m
step 00560/01008 (55.56%) | loss: 3.261510 | lrm: 0.70 | dt: 1440.39ms | tok/sec: 363,991 | bf16_mfu: 0.00 | epoch: 1 pq: 6 rg: 48 | total time: 13.27m | eta: 10.8m
step 00561/01008 (55.65%) | loss: 3.260428 | lrm: 0.70 | dt: 1439.82ms | tok/sec: 364,135 | bf16_mfu: 0.00 | epoch: 1 pq: 6 rg: 49 | total time: 13.30m | eta: 10.8m
step 00562/01008 (55.75%) | loss: 3.248429 | lrm: 0.70 | dt: 1439.62ms | tok/sec: 364,184 | bf16_mfu: 0.00 | epoch: 1 pq: 6 rg: 50 | total time: 13.32m | eta: 10.8m
step 00563/01008 (55.85%) | loss: 3.245965 | lrm: 0.70 | dt: 1440.02ms | tok/sec: 364,084 | bf16_mfu: 0.00 | epoch: 1 pq: 6 rg: 51 | total time: 13.34m | eta: 10.7m
step 00564/01008 (55.95%) | loss: 3.249390 | lrm: 0.69 | dt: 1440.09ms | tok/sec: 364,065 | bf16_mfu: 0.00 | epoch: 1 pq: 6 rg: 52 | total time: 13.37m | eta: 10.7m
step 00565/01008 (56.05%) | loss: 3.254811 | lrm: 0.69 | dt: 1439.89ms | tok/sec: 364,115 | bf16_mfu: 0.00 | epoch: 1 pq: 6 rg: 53 | total time: 13.39m | eta: 10.7m
step 00566/01008 (56.15%) | loss: 3.264105 | lrm: 0.69 | dt: 1439.72ms | tok/sec: 364,160 | bf16_mfu: 0.00 | epoch: 1 pq: 6 rg: 54 | total time: 13.42m | eta: 10.7m
step 00567/01008 (56.25%) | loss: 3.257796 | lrm: 0.69 | dt: 1440.86ms | tok/sec: 363,871 | bf16_mfu: 0.00 | epoch: 1 pq: 6 rg: 55 | total time: 13.44m | eta: 10.6m
step 00568/01008 (56.35%) | loss: 3.261560 | lrm: 0.69 | dt: 1439.10ms | tok/sec: 364,317 | bf16_mfu: 0.00 | epoch: 1 pq: 6 rg: 56 | total time: 13.46m | eta: 10.6m
step 00569/01008 (56.45%) | loss: 3.253732 | lrm: 0.69 | dt: 1440.57ms | tok/sec: 363,944 | bf16_mfu: 0.00 | epoch: 1 pq: 6 rg: 57 | total time: 13.49m | eta: 10.6m
step 00570/01008 (56.55%) | loss: 3.256731 | lrm: 0.69 | dt: 1440.46ms | tok/sec: 363,971 | bf16_mfu: 0.00 | epoch: 1 pq: 6 rg: 58 | total time: 13.51m | eta: 10.6m
step 00571/01008 (56.65%) | loss: 3.262620 | lrm: 0.68 | dt: 1440.31ms | tok/sec: 364,009 | bf16_mfu: 0.00 | epoch: 1 pq: 6 rg: 59 | total time: 13.54m | eta: 10.5m
step 00572/01008 (56.75%) | loss: 3.263605 | lrm: 0.68 | dt: 1440.36ms | tok/sec: 363,996 | bf16_mfu: 0.00 | epoch: 1 pq: 6 rg: 60 | total time: 13.56m | eta: 10.5m
step 00573/01008 (56.85%) | loss: 3.266617 | lrm: 0.68 | dt: 1439.98ms | tok/sec: 364,092 | bf16_mfu: 0.00 | epoch: 1 pq: 6 rg: 61 | total time: 13.58m | eta: 10.5m
step 00574/01008 (56.94%) | loss: 3.256315 | lrm: 0.68 | dt: 1441.04ms | tok/sec: 363,825 | bf16_mfu: 0.00 | epoch: 1 pq: 6 rg: 62 | total time: 13.61m | eta: 10.5m
step 00575/01008 (57.04%) | loss: 3.249479 | lrm: 0.68 | dt: 1439.36ms | tok/sec: 364,250 | bf16_mfu: 0.00 | epoch: 1 pq: 6 rg: 63 | total time: 13.63m | eta: 10.4m
step 00576/01008 (57.14%) | loss: 3.249369 | lrm: 0.68 | dt: 1439.86ms | tok/sec: 364,123 | bf16_mfu: 0.00 | epoch: 1 pq: 6 rg: 64 | total time: 13.66m | eta: 10.4m
step 00577/01008 (57.24%) | loss: 3.245129 | lrm: 0.68 | dt: 1439.61ms | tok/sec: 364,186 | bf16_mfu: 0.00 | epoch: 1 pq: 6 rg: 65 | total time: 13.68m | eta: 10.4m
step 00578/01008 (57.34%) | loss: 3.240636 | lrm: 0.67 | dt: 1440.41ms | tok/sec: 363,985 | bf16_mfu: 0.00 | epoch: 1 pq: 6 rg: 66 | total time: 13.70m | eta: 10.4m
step 00579/01008 (57.44%) | loss: 3.246589 | lrm: 0.67 | dt: 1440.25ms | tok/sec: 364,025 | bf16_mfu: 0.00 | epoch: 1 pq: 6 rg: 67 | total time: 13.73m | eta: 10.4m
step 00580/01008 (57.54%) | loss: 3.242195 | lrm: 0.67 | dt: 1440.65ms | tok/sec: 363,925 | bf16_mfu: 0.00 | epoch: 1 pq: 6 rg: 68 | total time: 13.75m | eta: 10.3m
step 00581/01008 (57.64%) | loss: 3.238465 | lrm: 0.67 | dt: 1442.60ms | tok/sec: 363,433 | bf16_mfu: 0.00 | epoch: 1 pq: 6 rg: 68 | total time: 13.78m | eta: 10.3m
step 00582/01008 (57.74%) | loss: 3.227896 | lrm: 0.67 | dt: 1442.60ms | tok/sec: 363,432 | bf16_mfu: 0.00 | epoch: 1 pq: 6 rg: 69 | total time: 13.80m | eta: 10.3m
step 00583/01008 (57.84%) | loss: 3.233369 | lrm: 0.67 | dt: 1443.58ms | tok/sec: 363,187 | bf16_mfu: 0.00 | epoch: 1 pq: 6 rg: 70 | total time: 13.82m | eta: 10.3m
step 00584/01008 (57.94%) | loss: 3.230667 | lrm: 0.66 | dt: 1442.57ms | tok/sec: 363,440 | bf16_mfu: 0.00 | epoch: 1 pq: 6 rg: 71 | total time: 13.85m | eta: 10.2m
step 00585/01008 (58.04%) | loss: 3.237052 | lrm: 0.66 | dt: 1442.42ms | tok/sec: 363,478 | bf16_mfu: 0.00 | epoch: 1 pq: 6 rg: 72 | total time: 13.87m | eta: 10.2m
step 00586/01008 (58.13%) | loss: 3.250310 | lrm: 0.66 | dt: 1440.50ms | tok/sec: 363,963 | bf16_mfu: 0.00 | epoch: 1 pq: 6 rg: 73 | total time: 13.90m | eta: 10.2m
step 00587/01008 (58.23%) | loss: 3.244400 | lrm: 0.66 | dt: 1440.94ms | tok/sec: 363,851 | bf16_mfu: 0.00 | epoch: 1 pq: 6 rg: 74 | total time: 13.92m | eta: 10.2m
step 00588/01008 (58.33%) | loss: 3.244065 | lrm: 0.66 | dt: 1440.46ms | tok/sec: 363,971 | bf16_mfu: 0.00 | epoch: 1 pq: 6 rg: 75 | total time: 13.94m | eta: 10.1m
step 00589/01008 (58.43%) | loss: 3.243326 | lrm: 0.66 | dt: 1440.49ms | tok/sec: 363,963 | bf16_mfu: 0.00 | epoch: 1 pq: 6 rg: 76 | total time: 13.97m | eta: 10.1m
step 00590/01008 (58.53%) | loss: 3.243652 | lrm: 0.66 | dt: 1440.02ms | tok/sec: 364,084 | bf16_mfu: 0.00 | epoch: 1 pq: 6 rg: 77 | total time: 13.99m | eta: 10.1m
step 00591/01008 (58.63%) | loss: 3.251360 | lrm: 0.65 | dt: 1439.01ms | tok/sec: 364,338 | bf16_mfu: 0.00 | epoch: 1 pq: 6 rg: 78 | total time: 14.02m | eta: 10.1m
step 00592/01008 (58.73%) | loss: 3.236286 | lrm: 0.65 | dt: 1439.93ms | tok/sec: 364,106 | bf16_mfu: 0.00 | epoch: 1 pq: 6 rg: 79 | total time: 14.04m | eta: 10.0m
step 00593/01008 (58.83%) | loss: 3.234214 | lrm: 0.65 | dt: 1440.07ms | tok/sec: 364,070 | bf16_mfu: 0.00 | epoch: 1 pq: 6 rg: 80 | total time: 14.06m | eta: 10.0m
step 00594/01008 (58.93%) | loss: 3.235327 | lrm: 0.65 | dt: 1440.89ms | tok/sec: 363,865 | bf16_mfu: 0.00 | epoch: 1 pq: 6 rg: 81 | total time: 14.09m | eta: 10.0m
step 00595/01008 (59.03%) | loss: 3.240459 | lrm: 0.65 | dt: 1439.84ms | tok/sec: 364,130 | bf16_mfu: 0.00 | epoch: 1 pq: 7 rg: 0 | total time: 14.11m | eta: 10.0m
step 00596/01008 (59.13%) | loss: 3.235615 | lrm: 0.65 | dt: 1440.41ms | tok/sec: 363,986 | bf16_mfu: 0.00 | epoch: 1 pq: 7 rg: 1 | total time: 14.14m | eta: 9.9m
step 00597/01008 (59.23%) | loss: 3.242555 | lrm: 0.65 | dt: 1441.00ms | tok/sec: 363,837 | bf16_mfu: 0.00 | epoch: 1 pq: 7 rg: 2 | total time: 14.16m | eta: 9.9m
step 00598/01008 (59.33%) | loss: 3.237322 | lrm: 0.64 | dt: 1439.78ms | tok/sec: 364,143 | bf16_mfu: 0.00 | epoch: 1 pq: 7 rg: 3 | total time: 14.19m | eta: 9.9m
step 00599/01008 (59.42%) | loss: 3.227629 | lrm: 0.64 | dt: 1440.80ms | tok/sec: 363,886 | bf16_mfu: 0.00 | epoch: 1 pq: 7 rg: 4 | total time: 14.21m | eta: 9.9m
step 00600/01008 (59.52%) | loss: 3.219983 | lrm: 0.64 | dt: 1440.20ms | tok/sec: 364,039 | bf16_mfu: 0.00 | epoch: 1 pq: 7 rg: 5 | total time: 14.23m | eta: 9.8m
step 00601/01008 (59.62%) | loss: 3.229491 | lrm: 0.64 | dt: 1439.93ms | tok/sec: 364,105 | bf16_mfu: 0.00 | epoch: 1 pq: 7 rg: 6 | total time: 14.26m | eta: 9.8m
step 00602/01008 (59.72%) | loss: 3.241915 | lrm: 0.64 | dt: 1440.04ms | tok/sec: 364,078 | bf16_mfu: 0.00 | epoch: 1 pq: 7 rg: 7 | total time: 14.28m | eta: 9.8m
step 00603/01008 (59.82%) | loss: 3.237481 | lrm: 0.64 | dt: 1441.95ms | tok/sec: 363,596 | bf16_mfu: 0.00 | epoch: 1 pq: 7 rg: 8 | total time: 14.31m | eta: 9.8m
step 00604/01008 (59.92%) | loss: 3.225207 | lrm: 0.64 | dt: 1440.84ms | tok/sec: 363,876 | bf16_mfu: 0.00 | epoch: 1 pq: 7 rg: 9 | total time: 14.33m | eta: 9.7m
step 00605/01008 (60.02%) | loss: 3.223007 | lrm: 0.63 | dt: 1440.03ms | tok/sec: 364,080 | bf16_mfu: 0.00 | epoch: 1 pq: 7 rg: 10 | total time: 14.35m | eta: 9.7m
step 00606/01008 (60.12%) | loss: 3.233286 | lrm: 0.63 | dt: 1440.65ms | tok/sec: 363,923 | bf16_mfu: 0.00 | epoch: 1 pq: 7 rg: 11 | total time: 14.38m | eta: 9.7m
step 00607/01008 (60.22%) | loss: 3.240130 | lrm: 0.63 | dt: 1441.41ms | tok/sec: 363,732 | bf16_mfu: 0.00 | epoch: 1 pq: 7 rg: 12 | total time: 14.40m | eta: 9.7m
step 00608/01008 (60.32%) | loss: 3.224189 | lrm: 0.63 | dt: 1442.58ms | tok/sec: 363,437 | bf16_mfu: 0.00 | epoch: 1 pq: 7 rg: 13 | total time: 14.43m | eta: 9.6m
step 00609/01008 (60.42%) | loss: 3.237612 | lrm: 0.63 | dt: 1443.46ms | tok/sec: 363,216 | bf16_mfu: 0.00 | epoch: 1 pq: 7 rg: 14 | total time: 14.45m | eta: 9.6m
step 00610/01008 (60.52%) | loss: 3.245184 | lrm: 0.63 | dt: 1442.96ms | tok/sec: 363,340 | bf16_mfu: 0.00 | epoch: 1 pq: 7 rg: 15 | total time: 14.47m | eta: 9.6m
step 00611/01008 (60.62%) | loss: 3.247099 | lrm: 0.63 | dt: 1441.33ms | tok/sec: 363,752 | bf16_mfu: 0.00 | epoch: 1 pq: 7 rg: 16 | total time: 14.50m | eta: 9.6m
step 00612/01008 (60.71%) | loss: 3.234310 | lrm: 0.62 | dt: 1441.35ms | tok/sec: 363,748 | bf16_mfu: 0.00 | epoch: 1 pq: 7 rg: 16 | total time: 14.52m | eta: 9.6m
step 00613/01008 (60.81%) | loss: 3.234727 | lrm: 0.62 | dt: 1441.21ms | tok/sec: 363,782 | bf16_mfu: 0.00 | epoch: 1 pq: 7 rg: 17 | total time: 14.55m | eta: 9.5m
step 00614/01008 (60.91%) | loss: 3.240084 | lrm: 0.62 | dt: 1440.85ms | tok/sec: 363,872 | bf16_mfu: 0.00 | epoch: 1 pq: 7 rg: 18 | total time: 14.57m | eta: 9.5m
step 00615/01008 (61.01%) | loss: 3.245243 | lrm: 0.62 | dt: 1441.06ms | tok/sec: 363,820 | bf16_mfu: 0.00 | epoch: 1 pq: 7 rg: 19 | total time: 14.59m | eta: 9.5m
step 00616/01008 (61.11%) | loss: 3.246926 | lrm: 0.62 | dt: 1440.15ms | tok/sec: 364,051 | bf16_mfu: 0.00 | epoch: 1 pq: 7 rg: 20 | total time: 14.62m | eta: 9.5m
step 00617/01008 (61.21%) | loss: 3.245097 | lrm: 0.62 | dt: 1442.00ms | tok/sec: 363,584 | bf16_mfu: 0.00 | epoch: 1 pq: 7 rg: 21 | total time: 14.64m | eta: 9.4m
step 00618/01008 (61.31%) | loss: 3.230998 | lrm: 0.62 | dt: 1442.35ms | tok/sec: 363,495 | bf16_mfu: 0.00 | epoch: 1 pq: 7 rg: 22 | total time: 14.67m | eta: 9.4m
step 00619/01008 (61.41%) | loss: 3.230363 | lrm: 0.61 | dt: 1443.98ms | tok/sec: 363,084 | bf16_mfu: 0.00 | epoch: 1 pq: 7 rg: 23 | total time: 14.69m | eta: 9.4m
step 00620/01008 (61.51%) | loss: 3.230841 | lrm: 0.61 | dt: 1443.14ms | tok/sec: 363,296 | bf16_mfu: 0.00 | epoch: 1 pq: 7 rg: 24 | total time: 14.71m | eta: 9.4m
step 00621/01008 (61.61%) | loss: 3.226081 | lrm: 0.61 | dt: 1442.61ms | tok/sec: 363,429 | bf16_mfu: 0.00 | epoch: 1 pq: 7 rg: 25 | total time: 14.74m | eta: 9.3m
step 00622/01008 (61.71%) | loss: 3.239370 | lrm: 0.61 | dt: 1440.69ms | tok/sec: 363,914 | bf16_mfu: 0.00 | epoch: 1 pq: 7 rg: 26 | total time: 14.76m | eta: 9.3m
step 00623/01008 (61.81%) | loss: 3.237413 | lrm: 0.61 | dt: 1440.34ms | tok/sec: 364,002 | bf16_mfu: 0.00 | epoch: 1 pq: 7 rg: 27 | total time: 14.79m | eta: 9.3m
step 00624/01008 (61.90%) | loss: 3.241519 | lrm: 0.61 | dt: 1441.56ms | tok/sec: 363,696 | bf16_mfu: 0.00 | epoch: 1 pq: 7 rg: 28 | total time: 14.81m | eta: 9.3m
step 00625/01008 (62.00%) | loss: 3.237770 | lrm: 0.61 | dt: 1440.09ms | tok/sec: 364,066 | bf16_mfu: 0.00 | epoch: 1 pq: 7 rg: 29 | total time: 14.83m | eta: 9.2m
step 00626/01008 (62.10%) | loss: 3.237647 | lrm: 0.60 | dt: 1441.42ms | tok/sec: 363,730 | bf16_mfu: 0.00 | epoch: 1 pq: 7 rg: 30 | total time: 14.86m | eta: 9.2m
step 00627/01008 (62.20%) | loss: 3.235271 | lrm: 0.60 | dt: 1440.49ms | tok/sec: 363,966 | bf16_mfu: 0.00 | epoch: 1 pq: 7 rg: 31 | total time: 14.88m | eta: 9.2m
step 00628/01008 (62.30%) | loss: 3.226284 | lrm: 0.60 | dt: 1442.61ms | tok/sec: 363,431 | bf16_mfu: 0.00 | epoch: 1 pq: 7 rg: 32 | total time: 14.91m | eta: 9.2m
step 00629/01008 (62.40%) | loss: 3.223642 | lrm: 0.60 | dt: 1441.35ms | tok/sec: 363,748 | bf16_mfu: 0.00 | epoch: 1 pq: 7 rg: 33 | total time: 14.93m | eta: 9.1m
step 00630/01008 (62.50%) | loss: 3.213232 | lrm: 0.60 | dt: 1441.88ms | tok/sec: 363,614 | bf16_mfu: 0.00 | epoch: 1 pq: 7 rg: 34 | total time: 14.95m | eta: 9.1m
step 00631/01008 (62.60%) | loss: 3.207262 | lrm: 0.60 | dt: 1443.19ms | tok/sec: 363,283 | bf16_mfu: 0.00 | epoch: 1 pq: 7 rg: 35 | total time: 14.98m | eta: 9.1m
step 00632/01008 (62.70%) | loss: 3.213281 | lrm: 0.60 | dt: 1442.43ms | tok/sec: 363,475 | bf16_mfu: 0.00 | epoch: 1 pq: 7 rg: 36 | total time: 15.00m | eta: 9.1m
step 00633/01008 (62.80%) | loss: 3.207900 | lrm: 0.59 | dt: 1442.23ms | tok/sec: 363,525 | bf16_mfu: 0.00 | epoch: 1 pq: 7 rg: 37 | total time: 15.03m | eta: 9.0m
step 00634/01008 (62.90%) | loss: 3.211648 | lrm: 0.59 | dt: 1440.33ms | tok/sec: 364,006 | bf16_mfu: 0.00 | epoch: 1 pq: 7 rg: 38 | total time: 15.05m | eta: 9.0m
step 00635/01008 (63.00%) | loss: 3.217634 | lrm: 0.59 | dt: 1441.38ms | tok/sec: 363,740 | bf16_mfu: 0.00 | epoch: 1 pq: 7 rg: 39 | total time: 15.07m | eta: 9.0m
step 00636/01008 (63.10%) | loss: 3.220888 | lrm: 0.59 | dt: 1440.16ms | tok/sec: 364,048 | bf16_mfu: 0.00 | epoch: 1 pq: 7 rg: 40 | total time: 15.10m | eta: 9.0m
step 00637/01008 (63.19%) | loss: 3.215978 | lrm: 0.59 | dt: 1441.59ms | tok/sec: 363,687 | bf16_mfu: 0.00 | epoch: 1 pq: 7 rg: 41 | total time: 15.12m | eta: 8.9m
step 00638/01008 (63.29%) | loss: 3.201968 | lrm: 0.59 | dt: 1440.00ms | tok/sec: 364,089 | bf16_mfu: 0.00 | epoch: 1 pq: 7 rg: 42 | total time: 15.15m | eta: 8.9m
step 00639/01008 (63.39%) | loss: 3.208200 | lrm: 0.59 | dt: 1440.18ms | tok/sec: 364,043 | bf16_mfu: 0.00 | epoch: 1 pq: 7 rg: 43 | total time: 15.17m | eta: 8.9m
step 00640/01008 (63.49%) | loss: 3.205670 | lrm: 0.58 | dt: 1440.69ms | tok/sec: 363,914 | bf16_mfu: 0.00 | epoch: 1 pq: 7 rg: 44 | total time: 15.19m | eta: 8.9m
step 00641/01008 (63.59%) | loss: 3.209375 | lrm: 0.58 | dt: 1440.41ms | tok/sec: 363,985 | bf16_mfu: 0.00 | epoch: 1 pq: 7 rg: 45 | total time: 15.22m | eta: 8.9m
step 00642/01008 (63.69%) | loss: 3.212976 | lrm: 0.58 | dt: 1441.46ms | tok/sec: 363,719 | bf16_mfu: 0.00 | epoch: 1 pq: 7 rg: 46 | total time: 15.24m | eta: 8.8m
step 00643/01008 (63.79%) | loss: 3.212048 | lrm: 0.58 | dt: 1440.32ms | tok/sec: 364,009 | bf16_mfu: 0.00 | epoch: 1 pq: 7 rg: 47 | total time: 15.27m | eta: 8.8m
step 00644/01008 (63.89%) | loss: 3.205465 | lrm: 0.58 | dt: 1442.07ms | tok/sec: 363,567 | bf16_mfu: 0.00 | epoch: 1 pq: 7 rg: 48 | total time: 15.29m | eta: 8.8m
step 00645/01008 (63.99%) | loss: 3.205419 | lrm: 0.58 | dt: 1441.86ms | tok/sec: 363,617 | bf16_mfu: 0.00 | epoch: 1 pq: 7 rg: 49 | total time: 15.31m | eta: 8.8m
step 00646/01008 (64.09%) | loss: 3.200247 | lrm: 0.58 | dt: 1443.42ms | tok/sec: 363,225 | bf16_mfu: 0.00 | epoch: 1 pq: 7 rg: 49 | total time: 15.34m | eta: 8.7m
step 00647/01008 (64.19%) | loss: 3.192395 | lrm: 0.57 | dt: 1441.63ms | tok/sec: 363,678 | bf16_mfu: 0.00 | epoch: 1 pq: 7 rg: 50 | total time: 15.36m | eta: 8.7m
step 00648/01008 (64.29%) | loss: 3.207063 | lrm: 0.57 | dt: 1442.09ms | tok/sec: 363,561 | bf16_mfu: 0.00 | epoch: 1 pq: 7 rg: 51 | total time: 15.39m | eta: 8.7m
step 00649/01008 (64.38%) | loss: 3.223797 | lrm: 0.57 | dt: 1441.63ms | tok/sec: 363,677 | bf16_mfu: 0.00 | epoch: 1 pq: 7 rg: 52 | total time: 15.41m | eta: 8.7m
step 00650/01008 (64.48%) | loss: 3.223687 | lrm: 0.57 | dt: 1440.84ms | tok/sec: 363,875 | bf16_mfu: 0.00 | epoch: 1 pq: 7 rg: 53 | total time: 15.43m | eta: 8.6m
step 00651/01008 (64.58%) | loss: 3.226506 | lrm: 0.57 | dt: 1441.06ms | tok/sec: 363,820 | bf16_mfu: 0.00 | epoch: 1 pq: 7 rg: 54 | total time: 15.46m | eta: 8.6m
step 00652/01008 (64.68%) | loss: 3.213498 | lrm: 0.57 | dt: 1440.86ms | tok/sec: 363,870 | bf16_mfu: 0.00 | epoch: 1 pq: 7 rg: 55 | total time: 15.48m | eta: 8.6m
step 00653/01008 (64.78%) | loss: 3.210570 | lrm: 0.56 | dt: 1440.62ms | tok/sec: 363,931 | bf16_mfu: 0.00 | epoch: 1 pq: 7 rg: 56 | total time: 15.51m | eta: 8.6m
step 00654/01008 (64.88%) | loss: 3.204556 | lrm: 0.56 | dt: 1440.48ms | tok/sec: 363,967 | bf16_mfu: 0.00 | epoch: 1 pq: 7 rg: 57 | total time: 15.53m | eta: 8.5m
step 00655/01008 (64.98%) | loss: 3.207314 | lrm: 0.56 | dt: 1441.35ms | tok/sec: 363,747 | bf16_mfu: 0.00 | epoch: 1 pq: 7 rg: 58 | total time: 15.55m | eta: 8.5m
step 00656/01008 (65.08%) | loss: 3.212737 | lrm: 0.56 | dt: 1440.96ms | tok/sec: 363,845 | bf16_mfu: 0.00 | epoch: 1 pq: 7 rg: 59 | total time: 15.58m | eta: 8.5m
step 00657/01008 (65.18%) | loss: 3.218317 | lrm: 0.56 | dt: 1440.95ms | tok/sec: 363,847 | bf16_mfu: 0.00 | epoch: 1 pq: 7 rg: 60 | total time: 15.60m | eta: 8.5m
step 00658/01008 (65.28%) | loss: 3.229105 | lrm: 0.56 | dt: 1442.44ms | tok/sec: 363,474 | bf16_mfu: 0.00 | epoch: 1 pq: 7 rg: 61 | total time: 15.63m | eta: 8.4m
step 00659/01008 (65.38%) | loss: 3.232578 | lrm: 0.56 | dt: 1441.16ms | tok/sec: 363,796 | bf16_mfu: 0.00 | epoch: 1 pq: 7 rg: 62 | total time: 15.65m | eta: 8.4m
step 00660/01008 (65.48%) | loss: 3.230310 | lrm: 0.55 | dt: 1442.42ms | tok/sec: 363,478 | bf16_mfu: 0.00 | epoch: 1 pq: 7 rg: 63 | total time: 15.67m | eta: 8.4m
step 00661/01008 (65.58%) | loss: 3.224288 | lrm: 0.55 | dt: 1441.45ms | tok/sec: 363,722 | bf16_mfu: 0.00 | epoch: 1 pq: 7 rg: 64 | total time: 15.70m | eta: 8.4m
step 00662/01008 (65.67%) | loss: 3.223118 | lrm: 0.55 | dt: 1441.47ms | tok/sec: 363,716 | bf16_mfu: 0.00 | epoch: 1 pq: 7 rg: 65 | total time: 15.72m | eta: 8.3m
step 00663/01008 (65.77%) | loss: 3.216266 | lrm: 0.55 | dt: 1441.09ms | tok/sec: 363,813 | bf16_mfu: 0.00 | epoch: 1 pq: 7 rg: 66 | total time: 15.75m | eta: 8.3m
step 00664/01008 (65.87%) | loss: 3.213421 | lrm: 0.55 | dt: 1439.60ms | tok/sec: 364,188 | bf16_mfu: 0.00 | epoch: 1 pq: 7 rg: 67 | total time: 15.77m | eta: 8.3m
step 00665/01008 (65.97%) | loss: 3.202288 | lrm: 0.55 | dt: 1441.74ms | tok/sec: 363,648 | bf16_mfu: 0.00 | epoch: 1 pq: 7 rg: 68 | total time: 15.79m | eta: 8.3m
step 00666/01008 (66.07%) | loss: 3.207735 | lrm: 0.55 | dt: 1440.11ms | tok/sec: 364,060 | bf16_mfu: 0.00 | epoch: 1 pq: 7 rg: 69 | total time: 15.82m | eta: 8.2m
step 00667/01008 (66.17%) | loss: 3.200689 | lrm: 0.54 | dt: 1441.29ms | tok/sec: 363,763 | bf16_mfu: 0.00 | epoch: 1 pq: 7 rg: 70 | total time: 15.84m | eta: 8.2m
step 00668/01008 (66.27%) | loss: 3.197852 | lrm: 0.54 | dt: 1440.41ms | tok/sec: 363,986 | bf16_mfu: 0.00 | epoch: 1 pq: 7 rg: 71 | total time: 15.87m | eta: 8.2m
step 00669/01008 (66.37%) | loss: 3.190903 | lrm: 0.54 | dt: 1441.65ms | tok/sec: 363,671 | bf16_mfu: 0.00 | epoch: 1 pq: 7 rg: 72 | total time: 15.89m | eta: 8.2m
step 00670/01008 (66.47%) | loss: 3.185735 | lrm: 0.54 | dt: 1439.87ms | tok/sec: 364,120 | bf16_mfu: 0.00 | epoch: 1 pq: 7 rg: 73 | total time: 15.91m | eta: 8.2m
step 00671/01008 (66.57%) | loss: 3.184761 | lrm: 0.54 | dt: 1442.07ms | tok/sec: 363,565 | bf16_mfu: 0.00 | epoch: 1 pq: 7 rg: 74 | total time: 15.94m | eta: 8.1m
step 00672/01008 (66.67%) | loss: 3.200846 | lrm: 0.54 | dt: 1439.80ms | tok/sec: 364,140 | bf16_mfu: 0.00 | epoch: 1 pq: 7 rg: 75 | total time: 15.96m | eta: 8.1m
step 00673/01008 (66.77%) | loss: 3.197112 | lrm: 0.54 | dt: 1440.88ms | tok/sec: 363,866 | bf16_mfu: 0.00 | epoch: 1 pq: 7 rg: 76 | total time: 15.99m | eta: 8.1m
step 00674/01008 (66.87%) | loss: 3.198231 | lrm: 0.53 | dt: 1442.85ms | tok/sec: 363,368 | bf16_mfu: 0.00 | epoch: 1 pq: 7 rg: 77 | total time: 16.01m | eta: 8.1m
step 00675/01008 (66.96%) | loss: 3.202250 | lrm: 0.53 | dt: 1441.92ms | tok/sec: 363,603 | bf16_mfu: 0.00 | epoch: 1 pq: 7 rg: 78 | total time: 16.03m | eta: 8.0m
step 00676/01008 (67.06%) | loss: 3.208948 | lrm: 0.53 | dt: 1443.20ms | tok/sec: 363,280 | bf16_mfu: 0.00 | epoch: 1 pq: 7 rg: 79 | total time: 16.06m | eta: 8.0m
step 00677/01008 (67.16%) | loss: 3.209160 | lrm: 0.53 | dt: 1442.45ms | tok/sec: 363,469 | bf16_mfu: 0.00 | epoch: 1 pq: 7 rg: 80 | total time: 16.08m | eta: 8.0m
step 00678/01008 (67.26%) | loss: 3.200555 | lrm: 0.53 | dt: 1442.38ms | tok/sec: 363,488 | bf16_mfu: 0.00 | epoch: 1 pq: 7 rg: 81 | total time: 16.11m | eta: 8.0m
step 00679/01008 (67.36%) | loss: 3.201858 | lrm: 0.53 | dt: 1441.18ms | tok/sec: 363,791 | bf16_mfu: 0.00 | epoch: 1 pq: 7 rg: 81 | total time: 16.13m | eta: 7.9m
step 00680/01008 (67.46%) | loss: 3.205889 | lrm: 0.53 | dt: 1442.36ms | tok/sec: 363,494 | bf16_mfu: 0.00 | epoch: 1 pq: 8 rg: 1 | total time: 16.15m | eta: 7.9m
step 00681/01008 (67.56%) | loss: 3.193547 | lrm: 0.52 | dt: 1439.99ms | tok/sec: 364,091 | bf16_mfu: 0.00 | epoch: 1 pq: 8 rg: 1 | total time: 16.18m | eta: 7.9m
step 00682/01008 (67.66%) | loss: 3.191359 | lrm: 0.52 | dt: 1441.26ms | tok/sec: 363,770 | bf16_mfu: 0.00 | epoch: 1 pq: 8 rg: 2 | total time: 16.20m | eta: 7.9m
step 00683/01008 (67.76%) | loss: 3.200395 | lrm: 0.52 | dt: 1442.43ms | tok/sec: 363,475 | bf16_mfu: 0.00 | epoch: 1 pq: 8 rg: 3 | total time: 16.23m | eta: 7.8m
step 00684/01008 (67.86%) | loss: 3.198280 | lrm: 0.52 | dt: 1442.51ms | tok/sec: 363,455 | bf16_mfu: 0.00 | epoch: 1 pq: 8 rg: 4 | total time: 16.25m | eta: 7.8m
step 00685/01008 (67.96%) | loss: 3.195580 | lrm: 0.52 | dt: 1443.95ms | tok/sec: 363,092 | bf16_mfu: 0.00 | epoch: 1 pq: 8 rg: 5 | total time: 16.28m | eta: 7.8m
step 00686/01008 (68.06%) | loss: 3.182327 | lrm: 0.52 | dt: 1442.92ms | tok/sec: 363,352 | bf16_mfu: 0.00 | epoch: 1 pq: 8 rg: 6 | total time: 16.30m | eta: 7.8m
step 00687/01008 (68.15%) | loss: 3.183141 | lrm: 0.52 | dt: 1443.11ms | tok/sec: 363,303 | bf16_mfu: 0.00 | epoch: 1 pq: 8 rg: 7 | total time: 16.32m | eta: 7.7m
step 00688/01008 (68.25%) | loss: 3.190614 | lrm: 0.51 | dt: 1441.65ms | tok/sec: 363,672 | bf16_mfu: 0.00 | epoch: 1 pq: 8 rg: 8 | total time: 16.35m | eta: 7.7m
step 00689/01008 (68.35%) | loss: 3.170483 | lrm: 0.51 | dt: 1442.33ms | tok/sec: 363,500 | bf16_mfu: 0.00 | epoch: 1 pq: 8 rg: 9 | total time: 16.37m | eta: 7.7m
step 00690/01008 (68.45%) | loss: 3.169361 | lrm: 0.51 | dt: 1440.87ms | tok/sec: 363,869 | bf16_mfu: 0.00 | epoch: 1 pq: 8 rg: 10 | total time: 16.40m | eta: 7.7m
step 00691/01008 (68.55%) | loss: 3.178442 | lrm: 0.51 | dt: 1442.50ms | tok/sec: 363,459 | bf16_mfu: 0.00 | epoch: 1 pq: 8 rg: 11 | total time: 16.42m | eta: 7.6m
step 00692/01008 (68.65%) | loss: 3.181255 | lrm: 0.51 | dt: 1444.50ms | tok/sec: 362,954 | bf16_mfu: 0.00 | epoch: 1 pq: 8 rg: 12 | total time: 16.44m | eta: 7.6m
step 00693/01008 (68.75%) | loss: 3.174417 | lrm: 0.51 | dt: 1444.27ms | tok/sec: 363,011 | bf16_mfu: 0.00 | epoch: 1 pq: 8 rg: 13 | total time: 16.47m | eta: 7.6m
step 00694/01008 (68.85%) | loss: 3.170830 | lrm: 0.51 | dt: 1443.29ms | tok/sec: 363,257 | bf16_mfu: 0.00 | epoch: 1 pq: 8 rg: 14 | total time: 16.49m | eta: 7.6m
step 00695/01008 (68.95%) | loss: 3.177715 | lrm: 0.50 | dt: 1441.16ms | tok/sec: 363,795 | bf16_mfu: 0.00 | epoch: 1 pq: 8 rg: 15 | total time: 16.52m | eta: 7.5m
step 00696/01008 (69.05%) | loss: 3.181599 | lrm: 0.50 | dt: 1442.26ms | tok/sec: 363,517 | bf16_mfu: 0.00 | epoch: 1 pq: 8 rg: 16 | total time: 16.54m | eta: 7.5m
step 00697/01008 (69.15%) | loss: 3.173997 | lrm: 0.50 | dt: 1442.19ms | tok/sec: 363,535 | bf16_mfu: 0.00 | epoch: 1 pq: 8 rg: 17 | total time: 16.56m | eta: 7.5m
step 00698/01008 (69.25%) | loss: 3.165533 | lrm: 0.50 | dt: 1444.40ms | tok/sec: 362,978 | bf16_mfu: 0.00 | epoch: 1 pq: 8 rg: 18 | total time: 16.59m | eta: 7.5m
step 00699/01008 (69.35%) | loss: 3.183073 | lrm: 0.50 | dt: 1443.48ms | tok/sec: 363,210 | bf16_mfu: 0.00 | epoch: 1 pq: 8 rg: 19 | total time: 16.61m | eta: 7.4m
step 00700/01008 (69.44%) | loss: 3.182322 | lrm: 0.50 | dt: 1443.90ms | tok/sec: 363,105 | bf16_mfu: 0.00 | epoch: 1 pq: 8 rg: 20 | total time: 16.64m | eta: 7.4m
step 00701/01008 (69.54%) | loss: 3.183922 | lrm: 0.50 | dt: 1441.73ms | tok/sec: 363,650 | bf16_mfu: 0.00 | epoch: 1 pq: 8 rg: 21 | total time: 16.66m | eta: 7.4m
step 00702/01008 (69.64%) | loss: 3.177651 | lrm: 0.49 | dt: 1441.66ms | tok/sec: 363,669 | bf16_mfu: 0.00 | epoch: 1 pq: 8 rg: 22 | total time: 16.68m | eta: 7.4m
step 00703/01008 (69.74%) | loss: 3.180805 | lrm: 0.49 | dt: 1442.67ms | tok/sec: 363,415 | bf16_mfu: 0.00 | epoch: 1 pq: 8 rg: 23 | total time: 16.71m | eta: 7.4m
step 00704/01008 (69.84%) | loss: 3.181396 | lrm: 0.49 | dt: 1442.37ms | tok/sec: 363,491 | bf16_mfu: 0.00 | epoch: 1 pq: 8 rg: 24 | total time: 16.73m | eta: 7.3m
step 00705/01008 (69.94%) | loss: 3.180701 | lrm: 0.49 | dt: 1443.34ms | tok/sec: 363,247 | bf16_mfu: 0.00 | epoch: 1 pq: 8 rg: 25 | total time: 16.76m | eta: 7.3m
step 00706/01008 (70.04%) | loss: 3.173887 | lrm: 0.49 | dt: 1443.90ms | tok/sec: 363,104 | bf16_mfu: 0.00 | epoch: 1 pq: 8 rg: 25 | total time: 16.78m | eta: 7.3m
step 00707/01008 (70.14%) | loss: 3.168141 | lrm: 0.49 | dt: 1443.90ms | tok/sec: 363,105 | bf16_mfu: 0.00 | epoch: 1 pq: 8 rg: 26 | total time: 16.80m | eta: 7.3m
step 00708/01008 (70.24%) | loss: 3.178085 | lrm: 0.49 | dt: 1442.72ms | tok/sec: 363,401 | bf16_mfu: 0.00 | epoch: 1 pq: 8 rg: 27 | total time: 16.83m | eta: 7.2m
step 00709/01008 (70.34%) | loss: 3.176145 | lrm: 0.48 | dt: 1440.80ms | tok/sec: 363,887 | bf16_mfu: 0.00 | epoch: 1 pq: 8 rg: 28 | total time: 16.85m | eta: 7.2m
step 00710/01008 (70.44%) | loss: 3.182301 | lrm: 0.48 | dt: 1441.87ms | tok/sec: 363,616 | bf16_mfu: 0.00 | epoch: 1 pq: 8 rg: 29 | total time: 16.88m | eta: 7.2m
step 00711/01008 (70.54%) | loss: 3.182125 | lrm: 0.48 | dt: 1441.75ms | tok/sec: 363,647 | bf16_mfu: 0.00 | epoch: 1 pq: 8 rg: 30 | total time: 16.90m | eta: 7.2m
step 00712/01008 (70.63%) | loss: 3.175159 | lrm: 0.48 | dt: 1443.90ms | tok/sec: 363,106 | bf16_mfu: 0.00 | epoch: 1 pq: 8 rg: 31 | total time: 16.92m | eta: 7.1m
step 00713/01008 (70.73%) | loss: 3.170581 | lrm: 0.48 | dt: 1443.22ms | tok/sec: 363,275 | bf16_mfu: 0.00 | epoch: 1 pq: 8 rg: 32 | total time: 16.95m | eta: 7.1m
step 00714/01008 (70.83%) | loss: 3.175425 | lrm: 0.48 | dt: 1445.07ms | tok/sec: 362,812 | bf16_mfu: 0.00 | epoch: 1 pq: 8 rg: 33 | total time: 16.97m | eta: 7.1m
step 00715/01008 (70.93%) | loss: 3.170736 | lrm: 0.47 | dt: 1441.76ms | tok/sec: 363,644 | bf16_mfu: 0.00 | epoch: 1 pq: 8 rg: 34 | total time: 17.00m | eta: 7.1m
step 00716/01008 (71.03%) | loss: 3.169923 | lrm: 0.47 | dt: 1441.65ms | tok/sec: 363,672 | bf16_mfu: 0.00 | epoch: 1 pq: 8 rg: 35 | total time: 17.02m | eta: 7.0m
step 00717/01008 (71.13%) | loss: 3.177575 | lrm: 0.47 | dt: 1443.09ms | tok/sec: 363,310 | bf16_mfu: 0.00 | epoch: 1 pq: 8 rg: 36 | total time: 17.04m | eta: 7.0m
step 00718/01008 (71.23%) | loss: 3.182834 | lrm: 0.47 | dt: 1442.35ms | tok/sec: 363,494 | bf16_mfu: 0.00 | epoch: 1 pq: 8 rg: 37 | total time: 17.07m | eta: 7.0m
step 00719/01008 (71.33%) | loss: 3.184859 | lrm: 0.47 | dt: 1444.04ms | tok/sec: 363,069 | bf16_mfu: 0.00 | epoch: 1 pq: 8 rg: 38 | total time: 17.09m | eta: 7.0m
step 00720/01008 (71.43%) | loss: 3.178142 | lrm: 0.47 | dt: 1443.55ms | tok/sec: 363,193 | bf16_mfu: 0.00 | epoch: 1 pq: 8 rg: 39 | total time: 17.12m | eta: 6.9m
step 00721/01008 (71.53%) | loss: 3.168183 | lrm: 0.47 | dt: 1444.08ms | tok/sec: 363,060 | bf16_mfu: 0.00 | epoch: 1 pq: 8 rg: 40 | total time: 17.14m | eta: 6.9m
step 00722/01008 (71.63%) | loss: 3.161628 | lrm: 0.46 | dt: 1441.77ms | tok/sec: 363,641 | bf16_mfu: 0.00 | epoch: 1 pq: 8 rg: 41 | total time: 17.16m | eta: 6.9m
step 00723/01008 (71.73%) | loss: 3.149260 | lrm: 0.46 | dt: 1442.58ms | tok/sec: 363,437 | bf16_mfu: 0.00 | epoch: 1 pq: 8 rg: 42 | total time: 17.19m | eta: 6.9m
step 00724/01008 (71.83%) | loss: 3.141895 | lrm: 0.46 | dt: 1441.03ms | tok/sec: 363,829 | bf16_mfu: 0.00 | epoch: 1 pq: 8 rg: 43 | total time: 17.21m | eta: 6.8m
step 00725/01008 (71.92%) | loss: 3.142739 | lrm: 0.46 | dt: 1442.60ms | tok/sec: 363,432 | bf16_mfu: 0.00 | epoch: 1 pq: 8 rg: 44 | total time: 17.24m | eta: 6.8m
step 00726/01008 (72.02%) | loss: 3.146113 | lrm: 0.46 | dt: 1443.66ms | tok/sec: 363,165 | bf16_mfu: 0.00 | epoch: 1 pq: 8 rg: 45 | total time: 17.26m | eta: 6.8m
step 00727/01008 (72.12%) | loss: 3.142580 | lrm: 0.46 | dt: 1443.62ms | tok/sec: 363,175 | bf16_mfu: 0.00 | epoch: 1 pq: 8 rg: 46 | total time: 17.29m | eta: 6.8m
step 00728/01008 (72.22%) | loss: 3.154213 | lrm: 0.46 | dt: 1443.50ms | tok/sec: 363,204 | bf16_mfu: 0.00 | epoch: 1 pq: 8 rg: 47 | total time: 17.31m | eta: 6.8m
step 00729/01008 (72.32%) | loss: 3.153967 | lrm: 0.45 | dt: 1441.23ms | tok/sec: 363,777 | bf16_mfu: 0.00 | epoch: 1 pq: 8 rg: 48 | total time: 17.33m | eta: 6.7m
step 00730/01008 (72.42%) | loss: 3.164982 | lrm: 0.45 | dt: 1441.83ms | tok/sec: 363,627 | bf16_mfu: 0.00 | epoch: 1 pq: 8 rg: 49 | total time: 17.36m | eta: 6.7m
step 00731/01008 (72.52%) | loss: 3.176462 | lrm: 0.45 | dt: 1441.32ms | tok/sec: 363,755 | bf16_mfu: 0.00 | epoch: 1 pq: 8 rg: 50 | total time: 17.38m | eta: 6.7m
step 00732/01008 (72.62%) | loss: 3.169735 | lrm: 0.45 | dt: 1441.74ms | tok/sec: 363,650 | bf16_mfu: 0.00 | epoch: 1 pq: 8 rg: 51 | total time: 17.41m | eta: 6.7m
step 00733/01008 (72.72%) | loss: 3.169035 | lrm: 0.45 | dt: 1440.68ms | tok/sec: 363,917 | bf16_mfu: 0.00 | epoch: 1 pq: 8 rg: 52 | total time: 17.43m | eta: 6.6m
step 00734/01008 (72.82%) | loss: 3.165394 | lrm: 0.45 | dt: 1442.95ms | tok/sec: 363,345 | bf16_mfu: 0.00 | epoch: 1 pq: 8 rg: 53 | total time: 17.45m | eta: 6.6m
step 00735/01008 (72.92%) | loss: 3.161203 | lrm: 0.45 | dt: 1443.23ms | tok/sec: 363,274 | bf16_mfu: 0.00 | epoch: 1 pq: 8 rg: 54 | total time: 17.48m | eta: 6.6m
step 00736/01008 (73.02%) | loss: 3.144766 | lrm: 0.44 | dt: 1443.39ms | tok/sec: 363,234 | bf16_mfu: 0.00 | epoch: 1 pq: 8 rg: 55 | total time: 17.50m | eta: 6.6m
step 00737/01008 (73.12%) | loss: 3.155094 | lrm: 0.44 | dt: 1442.62ms | tok/sec: 363,427 | bf16_mfu: 0.00 | epoch: 1 pq: 8 rg: 56 | total time: 17.53m | eta: 6.5m
step 00738/01008 (73.21%) | loss: 3.141360 | lrm: 0.44 | dt: 1441.55ms | tok/sec: 363,696 | bf16_mfu: 0.00 | epoch: 1 pq: 8 rg: 57 | total time: 17.55m | eta: 6.5m
step 00739/01008 (73.31%) | loss: 3.148308 | lrm: 0.44 | dt: 1441.82ms | tok/sec: 363,630 | bf16_mfu: 0.00 | epoch: 1 pq: 8 rg: 57 | total time: 17.57m | eta: 6.5m
step 00740/01008 (73.41%) | loss: 3.148170 | lrm: 0.44 | dt: 1439.74ms | tok/sec: 364,155 | bf16_mfu: 0.00 | epoch: 1 pq: 8 rg: 58 | total time: 17.60m | eta: 6.5m
step 00741/01008 (73.51%) | loss: 3.151716 | lrm: 0.44 | dt: 1441.48ms | tok/sec: 363,715 | bf16_mfu: 0.00 | epoch: 1 pq: 8 rg: 59 | total time: 17.62m | eta: 6.4m
step 00742/01008 (73.61%) | loss: 3.160179 | lrm: 0.44 | dt: 1440.96ms | tok/sec: 363,847 | bf16_mfu: 0.00 | epoch: 1 pq: 8 rg: 60 | total time: 17.65m | eta: 6.4m
step 00743/01008 (73.71%) | loss: 3.154738 | lrm: 0.43 | dt: 1441.44ms | tok/sec: 363,726 | bf16_mfu: 0.00 | epoch: 1 pq: 8 rg: 61 | total time: 17.67m | eta: 6.4m
step 00744/01008 (73.81%) | loss: 3.148821 | lrm: 0.43 | dt: 1443.22ms | tok/sec: 363,277 | bf16_mfu: 0.00 | epoch: 1 pq: 8 rg: 62 | total time: 17.69m | eta: 6.4m
step 00745/01008 (73.91%) | loss: 3.163313 | lrm: 0.43 | dt: 1443.55ms | tok/sec: 363,193 | bf16_mfu: 0.00 | epoch: 1 pq: 8 rg: 63 | total time: 17.72m | eta: 6.3m
step 00746/01008 (74.01%) | loss: 3.162224 | lrm: 0.43 | dt: 1443.49ms | tok/sec: 363,207 | bf16_mfu: 0.00 | epoch: 1 pq: 8 rg: 64 | total time: 17.74m | eta: 6.3m
step 00747/01008 (74.11%) | loss: 3.155568 | lrm: 0.43 | dt: 1442.26ms | tok/sec: 363,517 | bf16_mfu: 0.00 | epoch: 1 pq: 8 rg: 65 | total time: 17.77m | eta: 6.3m
step 00748/01008 (74.21%) | loss: 3.151739 | lrm: 0.43 | dt: 1442.46ms | tok/sec: 363,468 | bf16_mfu: 0.00 | epoch: 1 pq: 8 rg: 66 | total time: 17.79m | eta: 6.3m
step 00749/01008 (74.31%) | loss: 3.137505 | lrm: 0.43 | dt: 1439.93ms | tok/sec: 364,105 | bf16_mfu: 0.00 | epoch: 1 pq: 8 rg: 67 | total time: 17.81m | eta: 6.2m
Step 00750 | Validation bpb: 0.956614
step 00750/01008 (74.40%) | loss: 3.131626 | lrm: 0.42 | dt: 1425.82ms | tok/sec: 367,708 | bf16_mfu: 0.00 | epoch: 1 pq: 8 rg: 68 | total time: 17.84m | eta: 6.2m
step 00751/01008 (74.50%) | loss: 3.129453 | lrm: 0.42 | dt: 1431.74ms | tok/sec: 366,189 | bf16_mfu: 0.00 | epoch: 1 pq: 8 rg: 69 | total time: 17.86m | eta: 6.2m
step 00752/01008 (74.60%) | loss: 3.136678 | lrm: 0.42 | dt: 1431.88ms | tok/sec: 366,152 | bf16_mfu: 0.00 | epoch: 1 pq: 8 rg: 70 | total time: 17.89m | eta: 6.2m
step 00753/01008 (74.70%) | loss: 3.133643 | lrm: 0.42 | dt: 1431.35ms | tok/sec: 366,288 | bf16_mfu: 0.00 | epoch: 1 pq: 8 rg: 71 | total time: 17.91m | eta: 6.1m
step 00754/01008 (74.80%) | loss: 3.116916 | lrm: 0.42 | dt: 1431.86ms | tok/sec: 366,159 | bf16_mfu: 0.00 | epoch: 1 pq: 8 rg: 72 | total time: 17.93m | eta: 6.1m
step 00755/01008 (74.90%) | loss: 3.114847 | lrm: 0.42 | dt: 1432.43ms | tok/sec: 366,012 | bf16_mfu: 0.00 | epoch: 1 pq: 8 rg: 73 | total time: 17.96m | eta: 6.1m
step 00756/01008 (75.00%) | loss: 3.125300 | lrm: 0.42 | dt: 1432.24ms | tok/sec: 366,061 | bf16_mfu: 0.00 | epoch: 1 pq: 8 rg: 74 | total time: 17.98m | eta: 6.1m
step 00757/01008 (75.10%) | loss: 3.134499 | lrm: 0.41 | dt: 1434.83ms | tok/sec: 365,401 | bf16_mfu: 0.00 | epoch: 1 pq: 8 rg: 75 | total time: 18.00m | eta: 6.0m
step 00758/01008 (75.20%) | loss: 3.133709 | lrm: 0.41 | dt: 1431.87ms | tok/sec: 366,157 | bf16_mfu: 0.00 | epoch: 1 pq: 8 rg: 76 | total time: 18.03m | eta: 6.0m
step 00759/01008 (75.30%) | loss: 3.136390 | lrm: 0.41 | dt: 1432.31ms | tok/sec: 366,043 | bf16_mfu: 0.00 | epoch: 1 pq: 8 rg: 77 | total time: 18.05m | eta: 6.0m
step 00760/01008 (75.40%) | loss: 3.135311 | lrm: 0.41 | dt: 1434.35ms | tok/sec: 365,522 | bf16_mfu: 0.00 | epoch: 1 pq: 8 rg: 78 | total time: 18.08m | eta: 6.0m
step 00761/01008 (75.50%) | loss: 3.128841 | lrm: 0.41 | dt: 1432.96ms | tok/sec: 365,876 | bf16_mfu: 0.00 | epoch: 1 pq: 8 rg: 79 | total time: 18.10m | eta: 6.0m
step 00762/01008 (75.60%) | loss: 3.131248 | lrm: 0.41 | dt: 1434.26ms | tok/sec: 365,545 | bf16_mfu: 0.00 | epoch: 1 pq: 8 rg: 80 | total time: 18.12m | eta: 5.9m
step 00763/01008 (75.69%) | loss: 3.120984 | lrm: 0.41 | dt: 1434.99ms | tok/sec: 365,360 | bf16_mfu: 0.00 | epoch: 1 pq: 8 rg: 81 | total time: 18.15m | eta: 5.9m
step 00764/01008 (75.79%) | loss: 3.121858 | lrm: 0.40 | dt: 1434.56ms | tok/sec: 365,469 | bf16_mfu: 0.00 | epoch: 1 pq: 9 rg: 0 | total time: 18.17m | eta: 5.9m
step 00765/01008 (75.89%) | loss: 3.117609 | lrm: 0.40 | dt: 1433.57ms | tok/sec: 365,721 | bf16_mfu: 0.00 | epoch: 1 pq: 9 rg: 1 | total time: 18.20m | eta: 5.9m
step 00766/01008 (75.99%) | loss: 3.120884 | lrm: 0.40 | dt: 1435.66ms | tok/sec: 365,190 | bf16_mfu: 0.00 | epoch: 1 pq: 9 rg: 2 | total time: 18.22m | eta: 5.8m
step 00767/01008 (76.09%) | loss: 3.109707 | lrm: 0.40 | dt: 1436.33ms | tok/sec: 365,020 | bf16_mfu: 0.00 | epoch: 1 pq: 9 rg: 3 | total time: 18.24m | eta: 5.8m
step 00768/01008 (76.19%) | loss: 3.098976 | lrm: 0.40 | dt: 1435.11ms | tok/sec: 365,330 | bf16_mfu: 0.00 | epoch: 1 pq: 9 rg: 4 | total time: 18.27m | eta: 5.8m
step 00769/01008 (76.29%) | loss: 3.086749 | lrm: 0.40 | dt: 1434.70ms | tok/sec: 365,432 | bf16_mfu: 0.00 | epoch: 1 pq: 9 rg: 5 | total time: 18.29m | eta: 5.8m
step 00770/01008 (76.39%) | loss: 3.094432 | lrm: 0.40 | dt: 1434.57ms | tok/sec: 365,466 | bf16_mfu: 0.00 | epoch: 1 pq: 9 rg: 6 | total time: 18.32m | eta: 5.7m
step 00771/01008 (76.49%) | loss: 3.099431 | lrm: 0.39 | dt: 1436.58ms | tok/sec: 364,954 | bf16_mfu: 0.00 | epoch: 1 pq: 9 rg: 6 | total time: 18.34m | eta: 5.7m
step 00772/01008 (76.59%) | loss: 3.099717 | lrm: 0.39 | dt: 1437.19ms | tok/sec: 364,800 | bf16_mfu: 0.00 | epoch: 1 pq: 9 rg: 7 | total time: 18.36m | eta: 5.7m
step 00773/01008 (76.69%) | loss: 3.108122 | lrm: 0.39 | dt: 1435.84ms | tok/sec: 365,142 | bf16_mfu: 0.00 | epoch: 1 pq: 9 rg: 8 | total time: 18.39m | eta: 5.7m
step 00774/01008 (76.79%) | loss: 3.103951 | lrm: 0.39 | dt: 1435.73ms | tok/sec: 365,172 | bf16_mfu: 0.00 | epoch: 1 pq: 9 rg: 9 | total time: 18.41m | eta: 5.6m
step 00775/01008 (76.88%) | loss: 3.112191 | lrm: 0.39 | dt: 1435.26ms | tok/sec: 365,290 | bf16_mfu: 0.00 | epoch: 1 pq: 9 rg: 10 | total time: 18.44m | eta: 5.6m
step 00776/01008 (76.98%) | loss: 3.118043 | lrm: 0.39 | dt: 1436.63ms | tok/sec: 364,943 | bf16_mfu: 0.00 | epoch: 1 pq: 9 rg: 11 | total time: 18.46m | eta: 5.6m
step 00777/01008 (77.08%) | loss: 3.130306 | lrm: 0.39 | dt: 1436.30ms | tok/sec: 365,026 | bf16_mfu: 0.00 | epoch: 1 pq: 9 rg: 12 | total time: 18.48m | eta: 5.6m
step 00778/01008 (77.18%) | loss: 3.138773 | lrm: 0.38 | dt: 1435.94ms | tok/sec: 365,117 | bf16_mfu: 0.00 | epoch: 1 pq: 9 rg: 13 | total time: 18.51m | eta: 5.5m
step 00779/01008 (77.28%) | loss: 3.140228 | lrm: 0.38 | dt: 1434.29ms | tok/sec: 365,539 | bf16_mfu: 0.00 | epoch: 1 pq: 9 rg: 14 | total time: 18.53m | eta: 5.5m
step 00780/01008 (77.38%) | loss: 3.143765 | lrm: 0.38 | dt: 1436.35ms | tok/sec: 365,014 | bf16_mfu: 0.00 | epoch: 1 pq: 9 rg: 15 | total time: 18.55m | eta: 5.5m
step 00781/01008 (77.48%) | loss: 3.142483 | lrm: 0.38 | dt: 1436.44ms | tok/sec: 364,990 | bf16_mfu: 0.00 | epoch: 1 pq: 9 rg: 16 | total time: 18.58m | eta: 5.5m
step 00782/01008 (77.58%) | loss: 3.130199 | lrm: 0.38 | dt: 1437.31ms | tok/sec: 364,769 | bf16_mfu: 0.00 | epoch: 1 pq: 9 rg: 17 | total time: 18.60m | eta: 5.4m
step 00783/01008 (77.68%) | loss: 3.119002 | lrm: 0.38 | dt: 1438.38ms | tok/sec: 364,498 | bf16_mfu: 0.00 | epoch: 1 pq: 9 rg: 18 | total time: 18.63m | eta: 5.4m
step 00784/01008 (77.78%) | loss: 3.113643 | lrm: 0.37 | dt: 1436.38ms | tok/sec: 365,006 | bf16_mfu: 0.00 | epoch: 1 pq: 9 rg: 19 | total time: 18.65m | eta: 5.4m
step 00785/01008 (77.88%) | loss: 3.114453 | lrm: 0.37 | dt: 1437.17ms | tok/sec: 364,806 | bf16_mfu: 0.00 | epoch: 1 pq: 9 rg: 20 | total time: 18.67m | eta: 5.4m
step 00786/01008 (77.98%) | loss: 3.116321 | lrm: 0.37 | dt: 1436.24ms | tok/sec: 365,041 | bf16_mfu: 0.00 | epoch: 1 pq: 9 rg: 21 | total time: 18.70m | eta: 5.3m
step 00787/01008 (78.08%) | loss: 3.115145 | lrm: 0.37 | dt: 1438.03ms | tok/sec: 364,588 | bf16_mfu: 0.00 | epoch: 1 pq: 9 rg: 22 | total time: 18.72m | eta: 5.3m
step 00788/01008 (78.17%) | loss: 3.121050 | lrm: 0.37 | dt: 1436.86ms | tok/sec: 364,884 | bf16_mfu: 0.00 | epoch: 1 pq: 9 rg: 23 | total time: 18.75m | eta: 5.3m
step 00789/01008 (78.27%) | loss: 3.129153 | lrm: 0.37 | dt: 1438.57ms | tok/sec: 364,450 | bf16_mfu: 0.00 | epoch: 1 pq: 9 rg: 24 | total time: 18.77m | eta: 5.3m
step 00790/01008 (78.37%) | loss: 3.124491 | lrm: 0.37 | dt: 1439.91ms | tok/sec: 364,110 | bf16_mfu: 0.00 | epoch: 1 pq: 9 rg: 25 | total time: 18.79m | eta: 5.3m
step 00791/01008 (78.47%) | loss: 3.136840 | lrm: 0.36 | dt: 1439.11ms | tok/sec: 364,313 | bf16_mfu: 0.00 | epoch: 1 pq: 9 rg: 26 | total time: 18.82m | eta: 5.2m
step 00792/01008 (78.57%) | loss: 3.141100 | lrm: 0.36 | dt: 1440.03ms | tok/sec: 364,080 | bf16_mfu: 0.00 | epoch: 1 pq: 9 rg: 27 | total time: 18.84m | eta: 5.2m
step 00793/01008 (78.67%) | loss: 3.138382 | lrm: 0.36 | dt: 1439.47ms | tok/sec: 364,222 | bf16_mfu: 0.00 | epoch: 1 pq: 9 rg: 28 | total time: 18.87m | eta: 5.2m
step 00794/01008 (78.77%) | loss: 3.125107 | lrm: 0.36 | dt: 1440.42ms | tok/sec: 363,983 | bf16_mfu: 0.00 | epoch: 1 pq: 9 rg: 29 | total time: 18.89m | eta: 5.2m
step 00795/01008 (78.87%) | loss: 3.117461 | lrm: 0.36 | dt: 1439.29ms | tok/sec: 364,267 | bf16_mfu: 0.00 | epoch: 1 pq: 9 rg: 30 | total time: 18.91m | eta: 5.1m
step 00796/01008 (78.97%) | loss: 3.115699 | lrm: 0.36 | dt: 1441.20ms | tok/sec: 363,785 | bf16_mfu: 0.00 | epoch: 1 pq: 9 rg: 31 | total time: 18.94m | eta: 5.1m
step 00797/01008 (79.07%) | loss: 3.126523 | lrm: 0.36 | dt: 1439.27ms | tok/sec: 364,273 | bf16_mfu: 0.00 | epoch: 1 pq: 9 rg: 32 | total time: 18.96m | eta: 5.1m
step 00798/01008 (79.17%) | loss: 3.117184 | lrm: 0.35 | dt: 1439.05ms | tok/sec: 364,329 | bf16_mfu: 0.00 | epoch: 1 pq: 9 rg: 33 | total time: 18.99m | eta: 5.1m
step 00799/01008 (79.27%) | loss: 3.116583 | lrm: 0.35 | dt: 1439.70ms | tok/sec: 364,164 | bf16_mfu: 0.00 | epoch: 1 pq: 9 rg: 33 | total time: 19.01m | eta: 5.0m
step 00800/01008 (79.37%) | loss: 3.119809 | lrm: 0.35 | dt: 1439.61ms | tok/sec: 364,188 | bf16_mfu: 0.00 | epoch: 1 pq: 9 rg: 34 | total time: 19.03m | eta: 5.0m
step 00801/01008 (79.46%) | loss: 3.113449 | lrm: 0.35 | dt: 1440.01ms | tok/sec: 364,085 | bf16_mfu: 0.00 | epoch: 1 pq: 9 rg: 35 | total time: 19.06m | eta: 5.0m
step 00802/01008 (79.56%) | loss: 3.109082 | lrm: 0.35 | dt: 1439.04ms | tok/sec: 364,331 | bf16_mfu: 0.00 | epoch: 1 pq: 9 rg: 36 | total time: 19.08m | eta: 5.0m
step 00803/01008 (79.66%) | loss: 3.108007 | lrm: 0.35 | dt: 1440.50ms | tok/sec: 363,961 | bf16_mfu: 0.00 | epoch: 1 pq: 9 rg: 37 | total time: 19.11m | eta: 4.9m
step 00804/01008 (79.76%) | loss: 3.100763 | lrm: 0.35 | dt: 1438.84ms | tok/sec: 364,382 | bf16_mfu: 0.00 | epoch: 1 pq: 9 rg: 38 | total time: 19.13m | eta: 4.9m
step 00805/01008 (79.86%) | loss: 3.099582 | lrm: 0.34 | dt: 1440.44ms | tok/sec: 363,976 | bf16_mfu: 0.00 | epoch: 1 pq: 9 rg: 39 | total time: 19.15m | eta: 4.9m
step 00806/01008 (79.96%) | loss: 3.099884 | lrm: 0.34 | dt: 1439.81ms | tok/sec: 364,136 | bf16_mfu: 0.00 | epoch: 1 pq: 9 rg: 40 | total time: 19.18m | eta: 4.9m
step 00807/01008 (80.06%) | loss: 3.101693 | lrm: 0.34 | dt: 1441.49ms | tok/sec: 363,712 | bf16_mfu: 0.00 | epoch: 1 pq: 9 rg: 41 | total time: 19.20m | eta: 4.8m
step 00808/01008 (80.16%) | loss: 3.104963 | lrm: 0.34 | dt: 1441.66ms | tok/sec: 363,669 | bf16_mfu: 0.00 | epoch: 1 pq: 9 rg: 42 | total time: 19.23m | eta: 4.8m
step 00809/01008 (80.26%) | loss: 3.096503 | lrm: 0.34 | dt: 1441.05ms | tok/sec: 363,823 | bf16_mfu: 0.00 | epoch: 1 pq: 9 rg: 43 | total time: 19.25m | eta: 4.8m
step 00810/01008 (80.36%) | loss: 3.095538 | lrm: 0.34 | dt: 1441.12ms | tok/sec: 363,805 | bf16_mfu: 0.00 | epoch: 1 pq: 9 rg: 44 | total time: 19.27m | eta: 4.8m
step 00811/01008 (80.46%) | loss: 3.098079 | lrm: 0.34 | dt: 1440.40ms | tok/sec: 363,987 | bf16_mfu: 0.00 | epoch: 1 pq: 9 rg: 45 | total time: 19.30m | eta: 4.7m
step 00812/01008 (80.56%) | loss: 3.102500 | lrm: 0.33 | dt: 1441.56ms | tok/sec: 363,695 | bf16_mfu: 0.00 | epoch: 1 pq: 9 rg: 46 | total time: 19.32m | eta: 4.7m
step 00813/01008 (80.65%) | loss: 3.102606 | lrm: 0.33 | dt: 1439.91ms | tok/sec: 364,112 | bf16_mfu: 0.00 | epoch: 1 pq: 9 rg: 47 | total time: 19.35m | eta: 4.7m
step 00814/01008 (80.75%) | loss: 3.110801 | lrm: 0.33 | dt: 1439.67ms | tok/sec: 364,172 | bf16_mfu: 0.00 | epoch: 1 pq: 9 rg: 48 | total time: 19.37m | eta: 4.7m
step 00815/01008 (80.85%) | loss: 3.112791 | lrm: 0.33 | dt: 1439.90ms | tok/sec: 364,114 | bf16_mfu: 0.00 | epoch: 1 pq: 9 rg: 49 | total time: 19.39m | eta: 4.6m
step 00816/01008 (80.95%) | loss: 3.110655 | lrm: 0.33 | dt: 1439.61ms | tok/sec: 364,186 | bf16_mfu: 0.00 | epoch: 1 pq: 9 rg: 50 | total time: 19.42m | eta: 4.6m
step 00817/01008 (81.05%) | loss: 3.112978 | lrm: 0.33 | dt: 1440.36ms | tok/sec: 363,997 | bf16_mfu: 0.00 | epoch: 1 pq: 9 rg: 51 | total time: 19.44m | eta: 4.6m
step 00818/01008 (81.15%) | loss: 3.113435 | lrm: 0.33 | dt: 1440.75ms | tok/sec: 363,898 | bf16_mfu: 0.00 | epoch: 1 pq: 9 rg: 52 | total time: 19.47m | eta: 4.6m
step 00819/01008 (81.25%) | loss: 3.110549 | lrm: 0.32 | dt: 1440.43ms | tok/sec: 363,980 | bf16_mfu: 0.00 | epoch: 1 pq: 9 rg: 53 | total time: 19.49m | eta: 4.6m
step 00820/01008 (81.35%) | loss: 3.095575 | lrm: 0.32 | dt: 1439.79ms | tok/sec: 364,142 | bf16_mfu: 0.00 | epoch: 1 pq: 9 rg: 54 | total time: 19.51m | eta: 4.5m
step 00821/01008 (81.45%) | loss: 3.091057 | lrm: 0.32 | dt: 1440.66ms | tok/sec: 363,922 | bf16_mfu: 0.00 | epoch: 1 pq: 9 rg: 55 | total time: 19.54m | eta: 4.5m
step 00822/01008 (81.55%) | loss: 3.091678 | lrm: 0.32 | dt: 1439.62ms | tok/sec: 364,183 | bf16_mfu: 0.00 | epoch: 1 pq: 9 rg: 56 | total time: 19.56m | eta: 4.5m
step 00823/01008 (81.65%) | loss: 3.083335 | lrm: 0.32 | dt: 1439.56ms | tok/sec: 364,200 | bf16_mfu: 0.00 | epoch: 1 pq: 9 rg: 57 | total time: 19.59m | eta: 4.5m
step 00824/01008 (81.75%) | loss: 3.083066 | lrm: 0.32 | dt: 1441.11ms | tok/sec: 363,809 | bf16_mfu: 0.00 | epoch: 1 pq: 9 rg: 58 | total time: 19.61m | eta: 4.4m
step 00825/01008 (81.85%) | loss: 3.077738 | lrm: 0.32 | dt: 1440.01ms | tok/sec: 364,085 | bf16_mfu: 0.00 | epoch: 1 pq: 9 rg: 59 | total time: 19.63m | eta: 4.4m
step 00826/01008 (81.94%) | loss: 3.074747 | lrm: 0.31 | dt: 1440.25ms | tok/sec: 364,026 | bf16_mfu: 0.00 | epoch: 1 pq: 9 rg: 60 | total time: 19.66m | eta: 4.4m
step 00827/01008 (82.04%) | loss: 3.085260 | lrm: 0.31 | dt: 1440.14ms | tok/sec: 364,053 | bf16_mfu: 0.00 | epoch: 1 pq: 9 rg: 61 | total time: 19.68m | eta: 4.4m
step 00828/01008 (82.14%) | loss: 3.102959 | lrm: 0.31 | dt: 1441.11ms | tok/sec: 363,807 | bf16_mfu: 0.00 | epoch: 1 pq: 9 rg: 62 | total time: 19.71m | eta: 4.3m
step 00829/01008 (82.24%) | loss: 3.108589 | lrm: 0.31 | dt: 1439.74ms | tok/sec: 364,155 | bf16_mfu: 0.00 | epoch: 1 pq: 9 rg: 63 | total time: 19.73m | eta: 4.3m
step 00830/01008 (82.34%) | loss: 3.101263 | lrm: 0.31 | dt: 1440.53ms | tok/sec: 363,955 | bf16_mfu: 0.00 | epoch: 1 pq: 9 rg: 64 | total time: 19.75m | eta: 4.3m
step 00831/01008 (82.44%) | loss: 3.089271 | lrm: 0.31 | dt: 1439.70ms | tok/sec: 364,163 | bf16_mfu: 0.00 | epoch: 1 pq: 9 rg: 65 | total time: 19.78m | eta: 4.3m
step 00832/01008 (82.54%) | loss: 3.085974 | lrm: 0.31 | dt: 1439.61ms | tok/sec: 364,187 | bf16_mfu: 0.00 | epoch: 1 pq: 9 rg: 66 | total time: 19.80m | eta: 4.2m
step 00833/01008 (82.64%) | loss: 3.092457 | lrm: 0.30 | dt: 1440.65ms | tok/sec: 363,923 | bf16_mfu: 0.00 | epoch: 1 pq: 9 rg: 67 | total time: 19.83m | eta: 4.2m
step 00834/01008 (82.74%) | loss: 3.078904 | lrm: 0.30 | dt: 1439.11ms | tok/sec: 364,314 | bf16_mfu: 0.00 | epoch: 1 pq: 9 rg: 67 | total time: 19.85m | eta: 4.2m
step 00835/01008 (82.84%) | loss: 3.077937 | lrm: 0.30 | dt: 1441.32ms | tok/sec: 363,755 | bf16_mfu: 0.00 | epoch: 1 pq: 9 rg: 68 | total time: 19.87m | eta: 4.2m
step 00836/01008 (82.94%) | loss: 3.084981 | lrm: 0.30 | dt: 1439.87ms | tok/sec: 364,121 | bf16_mfu: 0.00 | epoch: 1 pq: 9 rg: 69 | total time: 19.90m | eta: 4.1m
step 00837/01008 (83.04%) | loss: 3.082711 | lrm: 0.30 | dt: 1440.99ms | tok/sec: 363,837 | bf16_mfu: 0.00 | epoch: 1 pq: 9 rg: 70 | total time: 19.92m | eta: 4.1m
step 00838/01008 (83.13%) | loss: 3.081491 | lrm: 0.30 | dt: 1440.49ms | tok/sec: 363,965 | bf16_mfu: 0.00 | epoch: 1 pq: 9 rg: 71 | total time: 19.95m | eta: 4.1m
step 00839/01008 (83.23%) | loss: 3.084551 | lrm: 0.30 | dt: 1439.44ms | tok/sec: 364,231 | bf16_mfu: 0.00 | epoch: 1 pq: 9 rg: 72 | total time: 19.97m | eta: 4.1m
step 00840/01008 (83.33%) | loss: 3.085200 | lrm: 0.29 | dt: 1441.16ms | tok/sec: 363,794 | bf16_mfu: 0.00 | epoch: 1 pq: 9 rg: 73 | total time: 19.99m | eta: 4.0m
step 00841/01008 (83.43%) | loss: 3.092789 | lrm: 0.29 | dt: 1440.63ms | tok/sec: 363,929 | bf16_mfu: 0.00 | epoch: 1 pq: 9 rg: 74 | total time: 20.02m | eta: 4.0m
step 00842/01008 (83.53%) | loss: 3.093987 | lrm: 0.29 | dt: 1442.80ms | tok/sec: 363,381 | bf16_mfu: 0.00 | epoch: 1 pq: 9 rg: 75 | total time: 20.04m | eta: 4.0m
step 00843/01008 (83.63%) | loss: 3.091977 | lrm: 0.29 | dt: 1442.01ms | tok/sec: 363,580 | bf16_mfu: 0.00 | epoch: 1 pq: 9 rg: 76 | total time: 20.07m | eta: 4.0m
step 00844/01008 (83.73%) | loss: 3.093623 | lrm: 0.29 | dt: 1442.61ms | tok/sec: 363,430 | bf16_mfu: 0.00 | epoch: 1 pq: 9 rg: 77 | total time: 20.09m | eta: 4.0m
step 00845/01008 (83.83%) | loss: 3.095685 | lrm: 0.29 | dt: 1442.00ms | tok/sec: 363,582 | bf16_mfu: 0.00 | epoch: 1 pq: 9 rg: 78 | total time: 20.11m | eta: 3.9m
step 00846/01008 (83.93%) | loss: 3.080342 | lrm: 0.28 | dt: 1442.51ms | tok/sec: 363,455 | bf16_mfu: 0.00 | epoch: 1 pq: 9 rg: 79 | total time: 20.14m | eta: 3.9m
step 00847/01008 (84.03%) | loss: 3.094806 | lrm: 0.28 | dt: 1440.33ms | tok/sec: 364,006 | bf16_mfu: 0.00 | epoch: 1 pq: 9 rg: 80 | total time: 20.16m | eta: 3.9m
step 00848/01008 (84.13%) | loss: 3.106254 | lrm: 0.28 | dt: 1440.13ms | tok/sec: 364,056 | bf16_mfu: 0.00 | epoch: 1 pq: 9 rg: 81 | total time: 20.19m | eta: 3.9m
step 00849/01008 (84.23%) | loss: 3.100991 | lrm: 0.28 | dt: 1441.35ms | tok/sec: 363,747 | bf16_mfu: 0.00 | epoch: 1 pq: 9 rg: 82 | total time: 20.21m | eta: 3.8m
step 00850/01008 (84.33%) | loss: 3.101188 | lrm: 0.28 | dt: 1441.06ms | tok/sec: 363,821 | bf16_mfu: 0.00 | epoch: 1 pq: 10 rg: 0 | total time: 20.23m | eta: 3.8m
step 00851/01008 (84.42%) | loss: 3.106748 | lrm: 0.28 | dt: 1441.07ms | tok/sec: 363,819 | bf16_mfu: 0.00 | epoch: 1 pq: 10 rg: 1 | total time: 20.26m | eta: 3.8m
step 00852/01008 (84.52%) | loss: 3.112474 | lrm: 0.28 | dt: 1440.49ms | tok/sec: 363,964 | bf16_mfu: 0.00 | epoch: 1 pq: 10 rg: 2 | total time: 20.28m | eta: 3.8m
step 00853/01008 (84.62%) | loss: 3.113006 | lrm: 0.27 | dt: 1442.25ms | tok/sec: 363,521 | bf16_mfu: 0.00 | epoch: 1 pq: 10 rg: 3 | total time: 20.31m | eta: 3.7m
step 00854/01008 (84.72%) | loss: 3.110580 | lrm: 0.27 | dt: 1441.42ms | tok/sec: 363,729 | bf16_mfu: 0.00 | epoch: 1 pq: 10 rg: 4 | total time: 20.33m | eta: 3.7m
step 00855/01008 (84.82%) | loss: 3.102891 | lrm: 0.27 | dt: 1442.82ms | tok/sec: 363,376 | bf16_mfu: 0.00 | epoch: 1 pq: 10 rg: 5 | total time: 20.35m | eta: 3.7m
step 00856/01008 (84.92%) | loss: 3.099275 | lrm: 0.27 | dt: 1442.46ms | tok/sec: 363,467 | bf16_mfu: 0.00 | epoch: 1 pq: 10 rg: 6 | total time: 20.38m | eta: 3.7m
step 00857/01008 (85.02%) | loss: 3.098668 | lrm: 0.27 | dt: 1443.28ms | tok/sec: 363,261 | bf16_mfu: 0.00 | epoch: 1 pq: 10 rg: 7 | total time: 20.40m | eta: 3.6m
step 00858/01008 (85.12%) | loss: 3.096470 | lrm: 0.27 | dt: 1442.54ms | tok/sec: 363,448 | bf16_mfu: 0.00 | epoch: 1 pq: 10 rg: 8 | total time: 20.43m | eta: 3.6m
step 00859/01008 (85.22%) | loss: 3.100710 | lrm: 0.27 | dt: 1443.46ms | tok/sec: 363,215 | bf16_mfu: 0.00 | epoch: 1 pq: 10 rg: 9 | total time: 20.45m | eta: 3.6m
step 00860/01008 (85.32%) | loss: 3.103567 | lrm: 0.26 | dt: 1441.45ms | tok/sec: 363,723 | bf16_mfu: 0.00 | epoch: 1 pq: 10 rg: 10 | total time: 20.48m | eta: 3.6m
step 00861/01008 (85.42%) | loss: 3.111616 | lrm: 0.26 | dt: 1441.68ms | tok/sec: 363,665 | bf16_mfu: 0.00 | epoch: 1 pq: 10 rg: 11 | total time: 20.50m | eta: 3.5m
step 00862/01008 (85.52%) | loss: 3.114602 | lrm: 0.26 | dt: 1441.60ms | tok/sec: 363,684 | bf16_mfu: 0.00 | epoch: 1 pq: 10 rg: 12 | total time: 20.52m | eta: 3.5m
step 00863/01008 (85.62%) | loss: 3.110163 | lrm: 0.26 | dt: 1440.30ms | tok/sec: 364,012 | bf16_mfu: 0.00 | epoch: 1 pq: 10 rg: 13 | total time: 20.55m | eta: 3.5m
step 00864/01008 (85.71%) | loss: 3.097668 | lrm: 0.26 | dt: 1442.33ms | tok/sec: 363,501 | bf16_mfu: 0.00 | epoch: 1 pq: 10 rg: 14 | total time: 20.57m | eta: 3.5m
step 00865/01008 (85.81%) | loss: 3.096899 | lrm: 0.26 | dt: 1441.39ms | tok/sec: 363,738 | bf16_mfu: 0.00 | epoch: 1 pq: 10 rg: 15 | total time: 20.60m | eta: 3.4m
step 00866/01008 (85.91%) | loss: 3.083807 | lrm: 0.26 | dt: 1442.28ms | tok/sec: 363,512 | bf16_mfu: 0.00 | epoch: 1 pq: 10 rg: 16 | total time: 20.62m | eta: 3.4m
step 00867/01008 (86.01%) | loss: 3.078842 | lrm: 0.25 | dt: 1442.34ms | tok/sec: 363,498 | bf16_mfu: 0.00 | epoch: 1 pq: 10 rg: 17 | total time: 20.64m | eta: 3.4m
step 00868/01008 (86.11%) | loss: 3.074739 | lrm: 0.25 | dt: 1441.61ms | tok/sec: 363,682 | bf16_mfu: 0.00 | epoch: 1 pq: 10 rg: 18 | total time: 20.67m | eta: 3.4m
step 00869/01008 (86.21%) | loss: 3.071450 | lrm: 0.25 | dt: 1442.34ms | tok/sec: 363,499 | bf16_mfu: 0.00 | epoch: 1 pq: 10 rg: 18 | total time: 20.69m | eta: 3.3m
step 00870/01008 (86.31%) | loss: 3.070296 | lrm: 0.25 | dt: 1440.85ms | tok/sec: 363,874 | bf16_mfu: 0.00 | epoch: 1 pq: 10 rg: 19 | total time: 20.72m | eta: 3.3m
step 00871/01008 (86.41%) | loss: 3.072490 | lrm: 0.25 | dt: 1441.15ms | tok/sec: 363,799 | bf16_mfu: 0.00 | epoch: 1 pq: 10 rg: 20 | total time: 20.74m | eta: 3.3m
step 00872/01008 (86.51%) | loss: 3.071844 | lrm: 0.25 | dt: 1440.48ms | tok/sec: 363,968 | bf16_mfu: 0.00 | epoch: 1 pq: 10 rg: 21 | total time: 20.76m | eta: 3.3m
step 00873/01008 (86.61%) | loss: 3.074466 | lrm: 0.25 | dt: 1440.26ms | tok/sec: 364,023 | bf16_mfu: 0.00 | epoch: 1 pq: 10 rg: 22 | total time: 20.79m | eta: 3.3m
step 00874/01008 (86.71%) | loss: 3.075142 | lrm: 0.24 | dt: 1439.96ms | tok/sec: 364,099 | bf16_mfu: 0.00 | epoch: 1 pq: 10 rg: 23 | total time: 20.81m | eta: 3.2m
step 00875/01008 (86.81%) | loss: 3.072810 | lrm: 0.24 | dt: 1439.45ms | tok/sec: 364,227 | bf16_mfu: 0.00 | epoch: 1 pq: 10 rg: 24 | total time: 20.84m | eta: 3.2m
step 00876/01008 (86.90%) | loss: 3.079423 | lrm: 0.24 | dt: 1441.22ms | tok/sec: 363,781 | bf16_mfu: 0.00 | epoch: 1 pq: 10 rg: 25 | total time: 20.86m | eta: 3.2m
step 00877/01008 (87.00%) | loss: 3.082191 | lrm: 0.24 | dt: 1441.24ms | tok/sec: 363,775 | bf16_mfu: 0.00 | epoch: 1 pq: 10 rg: 26 | total time: 20.88m | eta: 3.2m
step 00878/01008 (87.10%) | loss: 3.102316 | lrm: 0.24 | dt: 1442.52ms | tok/sec: 363,452 | bf16_mfu: 0.00 | epoch: 1 pq: 10 rg: 27 | total time: 20.91m | eta: 3.1m
step 00879/01008 (87.20%) | loss: 3.097770 | lrm: 0.24 | dt: 1442.21ms | tok/sec: 363,530 | bf16_mfu: 0.00 | epoch: 1 pq: 10 rg: 28 | total time: 20.93m | eta: 3.1m
step 00880/01008 (87.30%) | loss: 3.096854 | lrm: 0.24 | dt: 1442.99ms | tok/sec: 363,334 | bf16_mfu: 0.00 | epoch: 1 pq: 10 rg: 29 | total time: 20.96m | eta: 3.1m
step 00881/01008 (87.40%) | loss: 3.106101 | lrm: 0.23 | dt: 1441.02ms | tok/sec: 363,831 | bf16_mfu: 0.00 | epoch: 1 pq: 10 rg: 30 | total time: 20.98m | eta: 3.1m
step 00882/01008 (87.50%) | loss: 3.106049 | lrm: 0.23 | dt: 1442.10ms | tok/sec: 363,557 | bf16_mfu: 0.00 | epoch: 1 pq: 10 rg: 31 | total time: 21.00m | eta: 3.0m
step 00883/01008 (87.60%) | loss: 3.101916 | lrm: 0.23 | dt: 1442.38ms | tok/sec: 363,487 | bf16_mfu: 0.00 | epoch: 1 pq: 10 rg: 32 | total time: 21.03m | eta: 3.0m
step 00884/01008 (87.70%) | loss: 3.087658 | lrm: 0.23 | dt: 1440.29ms | tok/sec: 364,014 | bf16_mfu: 0.00 | epoch: 1 pq: 10 rg: 33 | total time: 21.05m | eta: 3.0m
step 00885/01008 (87.80%) | loss: 3.077405 | lrm: 0.23 | dt: 1440.79ms | tok/sec: 363,890 | bf16_mfu: 0.00 | epoch: 1 pq: 10 rg: 34 | total time: 21.08m | eta: 3.0m
step 00886/01008 (87.90%) | loss: 3.073455 | lrm: 0.23 | dt: 1440.10ms | tok/sec: 364,062 | bf16_mfu: 0.00 | epoch: 1 pq: 10 rg: 35 | total time: 21.10m | eta: 2.9m
step 00887/01008 (88.00%) | loss: 3.079759 | lrm: 0.23 | dt: 1440.24ms | tok/sec: 364,028 | bf16_mfu: 0.00 | epoch: 1 pq: 10 rg: 36 | total time: 21.12m | eta: 2.9m
step 00888/01008 (88.10%) | loss: 3.081072 | lrm: 0.22 | dt: 1439.46ms | tok/sec: 364,226 | bf16_mfu: 0.00 | epoch: 1 pq: 10 rg: 37 | total time: 21.15m | eta: 2.9m
step 00889/01008 (88.19%) | loss: 3.078327 | lrm: 0.22 | dt: 1440.01ms | tok/sec: 364,085 | bf16_mfu: 0.00 | epoch: 1 pq: 10 rg: 38 | total time: 21.17m | eta: 2.9m
step 00890/01008 (88.29%) | loss: 3.085180 | lrm: 0.22 | dt: 1438.26ms | tok/sec: 364,528 | bf16_mfu: 0.00 | epoch: 1 pq: 10 rg: 39 | total time: 21.20m | eta: 2.8m
step 00891/01008 (88.39%) | loss: 3.093634 | lrm: 0.22 | dt: 1439.03ms | tok/sec: 364,333 | bf16_mfu: 0.00 | epoch: 1 pq: 10 rg: 40 | total time: 21.22m | eta: 2.8m
step 00892/01008 (88.49%) | loss: 3.091093 | lrm: 0.22 | dt: 1440.87ms | tok/sec: 363,868 | bf16_mfu: 0.00 | epoch: 1 pq: 10 rg: 41 | total time: 21.24m | eta: 2.8m
step 00893/01008 (88.59%) | loss: 3.086962 | lrm: 0.22 | dt: 1439.62ms | tok/sec: 364,184 | bf16_mfu: 0.00 | epoch: 1 pq: 10 rg: 42 | total time: 21.27m | eta: 2.8m
step 00894/01008 (88.69%) | loss: 3.089589 | lrm: 0.22 | dt: 1440.65ms | tok/sec: 363,924 | bf16_mfu: 0.00 | epoch: 1 pq: 10 rg: 43 | total time: 21.29m | eta: 2.7m
step 00895/01008 (88.79%) | loss: 3.088819 | lrm: 0.21 | dt: 1439.30ms | tok/sec: 364,266 | bf16_mfu: 0.00 | epoch: 1 pq: 10 rg: 44 | total time: 21.32m | eta: 2.7m
step 00896/01008 (88.89%) | loss: 3.092985 | lrm: 0.21 | dt: 1441.03ms | tok/sec: 363,828 | bf16_mfu: 0.00 | epoch: 1 pq: 10 rg: 45 | total time: 21.34m | eta: 2.7m
step 00897/01008 (88.99%) | loss: 3.094233 | lrm: 0.21 | dt: 1439.37ms | tok/sec: 364,249 | bf16_mfu: 0.00 | epoch: 1 pq: 10 rg: 46 | total time: 21.36m | eta: 2.7m
step 00898/01008 (89.09%) | loss: 3.079846 | lrm: 0.21 | dt: 1440.07ms | tok/sec: 364,070 | bf16_mfu: 0.00 | epoch: 1 pq: 10 rg: 47 | total time: 21.39m | eta: 2.6m
step 00899/01008 (89.19%) | loss: 3.087692 | lrm: 0.21 | dt: 1439.89ms | tok/sec: 364,115 | bf16_mfu: 0.00 | epoch: 1 pq: 10 rg: 47 | total time: 21.41m | eta: 2.6m
step 00900/01008 (89.29%) | loss: 3.090806 | lrm: 0.21 | dt: 1440.06ms | tok/sec: 364,073 | bf16_mfu: 0.00 | epoch: 1 pq: 10 rg: 48 | total time: 21.44m | eta: 2.6m
step 00901/01008 (89.38%) | loss: 3.093912 | lrm: 0.21 | dt: 1439.93ms | tok/sec: 364,107 | bf16_mfu: 0.00 | epoch: 1 pq: 10 rg: 49 | total time: 21.46m | eta: 2.6m
step 00902/01008 (89.48%) | loss: 3.098210 | lrm: 0.20 | dt: 1440.37ms | tok/sec: 363,996 | bf16_mfu: 0.00 | epoch: 1 pq: 10 rg: 50 | total time: 21.48m | eta: 2.6m
step 00903/01008 (89.58%) | loss: 3.100673 | lrm: 0.20 | dt: 1439.61ms | tok/sec: 364,188 | bf16_mfu: 0.00 | epoch: 1 pq: 10 rg: 51 | total time: 21.51m | eta: 2.5m
step 00904/01008 (89.68%) | loss: 3.097247 | lrm: 0.20 | dt: 1440.12ms | tok/sec: 364,058 | bf16_mfu: 0.00 | epoch: 1 pq: 10 rg: 52 | total time: 21.53m | eta: 2.5m
step 00905/01008 (89.78%) | loss: 3.098511 | lrm: 0.20 | dt: 1441.72ms | tok/sec: 363,653 | bf16_mfu: 0.00 | epoch: 1 pq: 10 rg: 53 | total time: 21.56m | eta: 2.5m
step 00906/01008 (89.88%) | loss: 3.089767 | lrm: 0.20 | dt: 1439.99ms | tok/sec: 364,092 | bf16_mfu: 0.00 | epoch: 1 pq: 10 rg: 54 | total time: 21.58m | eta: 2.5m
step 00907/01008 (89.98%) | loss: 3.095421 | lrm: 0.20 | dt: 1440.53ms | tok/sec: 363,955 | bf16_mfu: 0.00 | epoch: 1 pq: 10 rg: 55 | total time: 21.60m | eta: 2.4m
step 00908/01008 (90.08%) | loss: 3.096198 | lrm: 0.20 | dt: 1439.99ms | tok/sec: 364,090 | bf16_mfu: 0.00 | epoch: 1 pq: 10 rg: 56 | total time: 21.63m | eta: 2.4m
step 00909/01008 (90.18%) | loss: 3.098879 | lrm: 0.19 | dt: 1439.58ms | tok/sec: 364,195 | bf16_mfu: 0.00 | epoch: 1 pq: 10 rg: 57 | total time: 21.65m | eta: 2.4m
step 00910/01008 (90.28%) | loss: 3.103795 | lrm: 0.19 | dt: 1441.17ms | tok/sec: 363,794 | bf16_mfu: 0.00 | epoch: 1 pq: 10 rg: 58 | total time: 21.68m | eta: 2.4m
step 00911/01008 (90.38%) | loss: 3.097379 | lrm: 0.19 | dt: 1440.52ms | tok/sec: 363,957 | bf16_mfu: 0.00 | epoch: 1 pq: 10 rg: 59 | total time: 21.70m | eta: 2.3m
step 00912/01008 (90.48%) | loss: 3.100200 | lrm: 0.19 | dt: 1441.65ms | tok/sec: 363,671 | bf16_mfu: 0.00 | epoch: 1 pq: 10 rg: 60 | total time: 21.72m | eta: 2.3m
step 00913/01008 (90.58%) | loss: 3.105157 | lrm: 0.19 | dt: 1442.05ms | tok/sec: 363,570 | bf16_mfu: 0.00 | epoch: 1 pq: 10 rg: 61 | total time: 21.75m | eta: 2.3m
step 00914/01008 (90.67%) | loss: 3.090687 | lrm: 0.19 | dt: 1442.78ms | tok/sec: 363,386 | bf16_mfu: 0.00 | epoch: 1 pq: 10 rg: 62 | total time: 21.77m | eta: 2.3m
step 00915/01008 (90.77%) | loss: 3.081731 | lrm: 0.18 | dt: 1442.43ms | tok/sec: 363,475 | bf16_mfu: 0.00 | epoch: 1 pq: 10 rg: 63 | total time: 21.80m | eta: 2.2m
step 00916/01008 (90.87%) | loss: 3.080285 | lrm: 0.18 | dt: 1442.29ms | tok/sec: 363,510 | bf16_mfu: 0.00 | epoch: 1 pq: 10 rg: 64 | total time: 21.82m | eta: 2.2m
step 00917/01008 (90.97%) | loss: 3.077120 | lrm: 0.18 | dt: 1442.62ms | tok/sec: 363,426 | bf16_mfu: 0.00 | epoch: 1 pq: 10 rg: 65 | total time: 21.84m | eta: 2.2m
step 00918/01008 (91.07%) | loss: 3.083625 | lrm: 0.18 | dt: 1442.04ms | tok/sec: 363,572 | bf16_mfu: 0.00 | epoch: 1 pq: 10 rg: 66 | total time: 21.87m | eta: 2.2m
step 00919/01008 (91.17%) | loss: 3.079703 | lrm: 0.18 | dt: 1442.06ms | tok/sec: 363,568 | bf16_mfu: 0.00 | epoch: 1 pq: 10 rg: 67 | total time: 21.89m | eta: 2.1m
step 00920/01008 (91.27%) | loss: 3.086290 | lrm: 0.18 | dt: 1441.60ms | tok/sec: 363,685 | bf16_mfu: 0.00 | epoch: 1 pq: 10 rg: 68 | total time: 21.92m | eta: 2.1m
step 00921/01008 (91.37%) | loss: 3.095167 | lrm: 0.18 | dt: 1444.82ms | tok/sec: 362,873 | bf16_mfu: 0.00 | epoch: 1 pq: 10 rg: 69 | total time: 21.94m | eta: 2.1m
step 00922/01008 (91.47%) | loss: 3.085389 | lrm: 0.17 | dt: 1443.23ms | tok/sec: 363,274 | bf16_mfu: 0.00 | epoch: 1 pq: 10 rg: 70 | total time: 21.96m | eta: 2.1m
step 00923/01008 (91.57%) | loss: 3.089977 | lrm: 0.17 | dt: 1444.16ms | tok/sec: 363,039 | bf16_mfu: 0.00 | epoch: 1 pq: 10 rg: 71 | total time: 21.99m | eta: 2.0m
step 00924/01008 (91.67%) | loss: 3.084958 | lrm: 0.17 | dt: 1441.66ms | tok/sec: 363,669 | bf16_mfu: 0.00 | epoch: 1 pq: 10 rg: 72 | total time: 22.01m | eta: 2.0m
step 00925/01008 (91.77%) | loss: 3.083267 | lrm: 0.17 | dt: 1440.63ms | tok/sec: 363,930 | bf16_mfu: 0.00 | epoch: 1 pq: 10 rg: 73 | total time: 22.04m | eta: 2.0m
step 00926/01008 (91.87%) | loss: 3.075263 | lrm: 0.17 | dt: 1442.12ms | tok/sec: 363,554 | bf16_mfu: 0.00 | epoch: 1 pq: 10 rg: 74 | total time: 22.06m | eta: 2.0m
step 00927/01008 (91.96%) | loss: 3.075040 | lrm: 0.17 | dt: 1440.95ms | tok/sec: 363,847 | bf16_mfu: 0.00 | epoch: 1 pq: 10 rg: 75 | total time: 22.08m | eta: 2.0m
step 00928/01008 (92.06%) | loss: 3.073044 | lrm: 0.17 | dt: 1442.41ms | tok/sec: 363,479 | bf16_mfu: 0.00 | epoch: 1 pq: 10 rg: 76 | total time: 22.11m | eta: 1.9m
step 00929/01008 (92.16%) | loss: 3.079839 | lrm: 0.16 | dt: 1441.65ms | tok/sec: 363,671 | bf16_mfu: 0.00 | epoch: 1 pq: 10 rg: 76 | total time: 22.13m | eta: 1.9m
step 00930/01008 (92.26%) | loss: 3.082682 | lrm: 0.16 | dt: 1444.72ms | tok/sec: 362,898 | bf16_mfu: 0.00 | epoch: 1 pq: 10 rg: 77 | total time: 22.16m | eta: 1.9m
step 00931/01008 (92.36%) | loss: 3.078568 | lrm: 0.16 | dt: 1442.66ms | tok/sec: 363,418 | bf16_mfu: 0.00 | epoch: 1 pq: 10 rg: 78 | total time: 22.18m | eta: 1.9m
step 00932/01008 (92.46%) | loss: 3.094139 | lrm: 0.16 | dt: 1444.01ms | tok/sec: 363,076 | bf16_mfu: 0.00 | epoch: 1 pq: 10 rg: 79 | total time: 22.20m | eta: 1.8m
step 00933/01008 (92.56%) | loss: 3.085210 | lrm: 0.16 | dt: 1441.94ms | tok/sec: 363,597 | bf16_mfu: 0.00 | epoch: 1 pq: 10 rg: 80 | total time: 22.23m | eta: 1.8m
step 00934/01008 (92.66%) | loss: 3.086712 | lrm: 0.16 | dt: 1441.10ms | tok/sec: 363,809 | bf16_mfu: 0.00 | epoch: 1 pq: 10 rg: 81 | total time: 22.25m | eta: 1.8m
step 00935/01008 (92.76%) | loss: 3.087767 | lrm: 0.16 | dt: 1443.36ms | tok/sec: 363,241 | bf16_mfu: 0.00 | epoch: 1 pq: 10 rg: 82 | total time: 22.28m | eta: 1.8m
step 00936/01008 (92.86%) | loss: 3.092958 | lrm: 0.15 | dt: 1442.96ms | tok/sec: 363,342 | bf16_mfu: 0.00 | epoch: 1 pq: 11 rg: 0 | total time: 22.30m | eta: 1.7m
step 00937/01008 (92.96%) | loss: 3.090920 | lrm: 0.15 | dt: 1444.52ms | tok/sec: 362,948 | bf16_mfu: 0.00 | epoch: 1 pq: 11 rg: 1 | total time: 22.32m | eta: 1.7m
step 00938/01008 (93.06%) | loss: 3.088923 | lrm: 0.15 | dt: 1442.82ms | tok/sec: 363,376 | bf16_mfu: 0.00 | epoch: 1 pq: 11 rg: 2 | total time: 22.35m | eta: 1.7m
step 00939/01008 (93.15%) | loss: 3.088066 | lrm: 0.15 | dt: 1443.37ms | tok/sec: 363,238 | bf16_mfu: 0.00 | epoch: 1 pq: 11 rg: 3 | total time: 22.37m | eta: 1.7m
step 00940/01008 (93.25%) | loss: 3.089246 | lrm: 0.15 | dt: 1441.96ms | tok/sec: 363,593 | bf16_mfu: 0.00 | epoch: 1 pq: 11 rg: 4 | total time: 22.40m | eta: 1.6m
step 00941/01008 (93.35%) | loss: 3.088415 | lrm: 0.15 | dt: 1442.82ms | tok/sec: 363,377 | bf16_mfu: 0.00 | epoch: 1 pq: 11 rg: 5 | total time: 22.42m | eta: 1.6m
step 00942/01008 (93.45%) | loss: 3.085705 | lrm: 0.15 | dt: 1442.50ms | tok/sec: 363,458 | bf16_mfu: 0.00 | epoch: 1 pq: 11 rg: 6 | total time: 22.44m | eta: 1.6m
step 00943/01008 (93.55%) | loss: 3.090901 | lrm: 0.14 | dt: 1443.35ms | tok/sec: 363,243 | bf16_mfu: 0.00 | epoch: 1 pq: 11 rg: 7 | total time: 22.47m | eta: 1.6m
step 00944/01008 (93.65%) | loss: 3.082934 | lrm: 0.14 | dt: 1445.62ms | tok/sec: 362,672 | bf16_mfu: 0.00 | epoch: 1 pq: 11 rg: 8 | total time: 22.49m | eta: 1.5m
step 00945/01008 (93.75%) | loss: 3.081979 | lrm: 0.14 | dt: 1443.44ms | tok/sec: 363,222 | bf16_mfu: 0.00 | epoch: 1 pq: 11 rg: 9 | total time: 22.52m | eta: 1.5m
step 00946/01008 (93.85%) | loss: 3.079081 | lrm: 0.14 | dt: 1443.29ms | tok/sec: 363,259 | bf16_mfu: 0.00 | epoch: 1 pq: 11 rg: 10 | total time: 22.54m | eta: 1.5m
step 00947/01008 (93.95%) | loss: 3.087818 | lrm: 0.14 | dt: 1444.09ms | tok/sec: 363,058 | bf16_mfu: 0.00 | epoch: 1 pq: 11 rg: 11 | total time: 22.57m | eta: 1.5m
step 00948/01008 (94.05%) | loss: 3.084393 | lrm: 0.14 | dt: 1445.04ms | tok/sec: 362,820 | bf16_mfu: 0.00 | epoch: 1 pq: 11 rg: 12 | total time: 22.59m | eta: 1.4m
step 00949/01008 (94.15%) | loss: 3.085797 | lrm: 0.14 | dt: 1444.58ms | tok/sec: 362,933 | bf16_mfu: 0.00 | epoch: 1 pq: 11 rg: 13 | total time: 22.61m | eta: 1.4m
step 00950/01008 (94.25%) | loss: 3.079455 | lrm: 0.13 | dt: 1444.78ms | tok/sec: 362,883 | bf16_mfu: 0.00 | epoch: 1 pq: 11 rg: 14 | total time: 22.64m | eta: 1.4m
step 00951/01008 (94.35%) | loss: 3.069412 | lrm: 0.13 | dt: 1442.56ms | tok/sec: 363,442 | bf16_mfu: 0.00 | epoch: 1 pq: 11 rg: 15 | total time: 22.66m | eta: 1.4m
step 00952/01008 (94.44%) | loss: 3.053839 | lrm: 0.13 | dt: 1444.36ms | tok/sec: 362,990 | bf16_mfu: 0.00 | epoch: 1 pq: 11 rg: 16 | total time: 22.69m | eta: 1.3m
step 00953/01008 (94.54%) | loss: 3.049155 | lrm: 0.13 | dt: 1445.16ms | tok/sec: 362,788 | bf16_mfu: 0.00 | epoch: 1 pq: 11 rg: 17 | total time: 22.71m | eta: 1.3m
step 00954/01008 (94.64%) | loss: 3.056204 | lrm: 0.13 | dt: 1443.71ms | tok/sec: 363,153 | bf16_mfu: 0.00 | epoch: 1 pq: 11 rg: 18 | total time: 22.73m | eta: 1.3m
step 00955/01008 (94.74%) | loss: 3.065382 | lrm: 0.13 | dt: 1443.34ms | tok/sec: 363,245 | bf16_mfu: 0.00 | epoch: 1 pq: 11 rg: 19 | total time: 22.76m | eta: 1.3m
step 00956/01008 (94.84%) | loss: 3.076980 | lrm: 0.13 | dt: 1443.03ms | tok/sec: 363,324 | bf16_mfu: 0.00 | epoch: 1 pq: 11 rg: 19 | total time: 22.78m | eta: 1.3m
step 00957/01008 (94.94%) | loss: 3.081999 | lrm: 0.12 | dt: 1444.87ms | tok/sec: 362,862 | bf16_mfu: 0.00 | epoch: 1 pq: 11 rg: 20 | total time: 22.81m | eta: 1.2m
step 00958/01008 (95.04%) | loss: 3.072411 | lrm: 0.12 | dt: 1444.00ms | tok/sec: 363,079 | bf16_mfu: 0.00 | epoch: 1 pq: 11 rg: 21 | total time: 22.83m | eta: 1.2m
step 00959/01008 (95.14%) | loss: 3.078251 | lrm: 0.12 | dt: 1444.33ms | tok/sec: 362,997 | bf16_mfu: 0.00 | epoch: 1 pq: 11 rg: 22 | total time: 22.85m | eta: 1.2m
step 00960/01008 (95.24%) | loss: 3.069064 | lrm: 0.12 | dt: 1442.83ms | tok/sec: 363,374 | bf16_mfu: 0.00 | epoch: 1 pq: 11 rg: 23 | total time: 22.88m | eta: 1.2m
step 00961/01008 (95.34%) | loss: 3.072627 | lrm: 0.12 | dt: 1442.32ms | tok/sec: 363,503 | bf16_mfu: 0.00 | epoch: 1 pq: 11 rg: 24 | total time: 22.90m | eta: 1.1m
step 00962/01008 (95.44%) | loss: 3.068499 | lrm: 0.12 | dt: 1444.95ms | tok/sec: 362,841 | bf16_mfu: 0.00 | epoch: 1 pq: 11 rg: 25 | total time: 22.93m | eta: 1.1m
step 00963/01008 (95.54%) | loss: 3.054697 | lrm: 0.12 | dt: 1444.45ms | tok/sec: 362,967 | bf16_mfu: 0.00 | epoch: 1 pq: 11 rg: 26 | total time: 22.95m | eta: 1.1m
step 00964/01008 (95.63%) | loss: 3.065642 | lrm: 0.11 | dt: 1445.43ms | tok/sec: 362,721 | bf16_mfu: 0.00 | epoch: 1 pq: 11 rg: 27 | total time: 22.97m | eta: 1.1m
step 00965/01008 (95.73%) | loss: 3.060769 | lrm: 0.11 | dt: 1443.04ms | tok/sec: 363,322 | bf16_mfu: 0.00 | epoch: 1 pq: 11 rg: 28 | total time: 23.00m | eta: 1.0m
step 00966/01008 (95.83%) | loss: 3.062267 | lrm: 0.11 | dt: 1443.90ms | tok/sec: 363,105 | bf16_mfu: 0.00 | epoch: 1 pq: 11 rg: 29 | total time: 23.02m | eta: 1.0m
step 00967/01008 (95.93%) | loss: 3.062725 | lrm: 0.11 | dt: 1445.01ms | tok/sec: 362,826 | bf16_mfu: 0.00 | epoch: 1 pq: 11 rg: 30 | total time: 23.05m | eta: 1.0m
step 00968/01008 (96.03%) | loss: 3.047304 | lrm: 0.11 | dt: 1446.16ms | tok/sec: 362,537 | bf16_mfu: 0.00 | epoch: 1 pq: 11 rg: 31 | total time: 23.07m | eta: 1.0m
step 00969/01008 (96.13%) | loss: 3.048456 | lrm: 0.11 | dt: 1443.17ms | tok/sec: 363,288 | bf16_mfu: 0.00 | epoch: 1 pq: 11 rg: 32 | total time: 23.09m | eta: 0.9m
step 00970/01008 (96.23%) | loss: 3.038646 | lrm: 0.11 | dt: 1442.91ms | tok/sec: 363,354 | bf16_mfu: 0.00 | epoch: 1 pq: 11 rg: 33 | total time: 23.12m | eta: 0.9m
step 00971/01008 (96.33%) | loss: 3.050544 | lrm: 0.10 | dt: 1445.55ms | tok/sec: 362,690 | bf16_mfu: 0.00 | epoch: 1 pq: 11 rg: 34 | total time: 23.14m | eta: 0.9m
step 00972/01008 (96.43%) | loss: 3.054916 | lrm: 0.10 | dt: 1444.64ms | tok/sec: 362,919 | bf16_mfu: 0.00 | epoch: 1 pq: 11 rg: 35 | total time: 23.17m | eta: 0.9m
step 00973/01008 (96.53%) | loss: 3.052531 | lrm: 0.10 | dt: 1445.60ms | tok/sec: 362,677 | bf16_mfu: 0.00 | epoch: 1 pq: 11 rg: 36 | total time: 23.19m | eta: 0.8m
step 00974/01008 (96.63%) | loss: 3.051590 | lrm: 0.10 | dt: 1443.85ms | tok/sec: 363,118 | bf16_mfu: 0.00 | epoch: 1 pq: 11 rg: 37 | total time: 23.22m | eta: 0.8m
step 00975/01008 (96.73%) | loss: 3.060058 | lrm: 0.10 | dt: 1445.46ms | tok/sec: 362,714 | bf16_mfu: 0.00 | epoch: 1 pq: 11 rg: 38 | total time: 23.24m | eta: 0.8m
step 00976/01008 (96.83%) | loss: 3.063795 | lrm: 0.10 | dt: 1444.88ms | tok/sec: 362,859 | bf16_mfu: 0.00 | epoch: 1 pq: 11 rg: 39 | total time: 23.26m | eta: 0.8m
step 00977/01008 (96.92%) | loss: 3.053119 | lrm: 0.09 | dt: 1446.26ms | tok/sec: 362,512 | bf16_mfu: 0.00 | epoch: 1 pq: 11 rg: 40 | total time: 23.29m | eta: 0.7m
step 00978/01008 (97.02%) | loss: 3.062733 | lrm: 0.09 | dt: 1442.80ms | tok/sec: 363,382 | bf16_mfu: 0.00 | epoch: 1 pq: 11 rg: 41 | total time: 23.31m | eta: 0.7m
step 00979/01008 (97.12%) | loss: 3.054768 | lrm: 0.09 | dt: 1444.71ms | tok/sec: 362,900 | bf16_mfu: 0.00 | epoch: 1 pq: 11 rg: 42 | total time: 23.34m | eta: 0.7m
step 00980/01008 (97.22%) | loss: 3.057858 | lrm: 0.09 | dt: 1447.47ms | tok/sec: 362,209 | bf16_mfu: 0.00 | epoch: 1 pq: 11 rg: 43 | total time: 23.36m | eta: 0.7m
step 00981/01008 (97.32%) | loss: 3.053623 | lrm: 0.09 | dt: 1444.03ms | tok/sec: 363,073 | bf16_mfu: 0.00 | epoch: 1 pq: 11 rg: 44 | total time: 23.38m | eta: 0.7m
step 00982/01008 (97.42%) | loss: 3.058007 | lrm: 0.09 | dt: 1443.59ms | tok/sec: 363,182 | bf16_mfu: 0.00 | epoch: 1 pq: 11 rg: 45 | total time: 23.41m | eta: 0.6m
step 00983/01008 (97.52%) | loss: 3.055653 | lrm: 0.09 | dt: 1442.97ms | tok/sec: 363,340 | bf16_mfu: 0.00 | epoch: 1 pq: 11 rg: 46 | total time: 23.43m | eta: 0.6m
step 00984/01008 (97.62%) | loss: 3.047603 | lrm: 0.08 | dt: 1447.91ms | tok/sec: 362,098 | bf16_mfu: 0.00 | epoch: 1 pq: 11 rg: 47 | total time: 23.46m | eta: 0.6m
step 00985/01008 (97.72%) | loss: 3.040270 | lrm: 0.08 | dt: 1444.21ms | tok/sec: 363,028 | bf16_mfu: 0.00 | epoch: 1 pq: 11 rg: 48 | total time: 23.48m | eta: 0.6m
step 00986/01008 (97.82%) | loss: 3.037439 | lrm: 0.08 | dt: 1444.98ms | tok/sec: 362,834 | bf16_mfu: 0.00 | epoch: 1 pq: 11 rg: 49 | total time: 23.50m | eta: 0.5m
step 00987/01008 (97.92%) | loss: 3.019868 | lrm: 0.08 | dt: 1444.58ms | tok/sec: 362,934 | bf16_mfu: 0.00 | epoch: 1 pq: 11 rg: 50 | total time: 23.53m | eta: 0.5m
step 00988/01008 (98.02%) | loss: 3.029638 | lrm: 0.08 | dt: 1444.74ms | tok/sec: 362,894 | bf16_mfu: 0.00 | epoch: 1 pq: 11 rg: 51 | total time: 23.55m | eta: 0.5m
step 00989/01008 (98.12%) | loss: 3.017839 | lrm: 0.08 | dt: 1445.24ms | tok/sec: 362,767 | bf16_mfu: 0.00 | epoch: 1 pq: 11 rg: 52 | total time: 23.58m | eta: 0.5m
step 00990/01008 (98.21%) | loss: 3.031884 | lrm: 0.08 | dt: 1443.01ms | tok/sec: 363,329 | bf16_mfu: 0.00 | epoch: 1 pq: 11 rg: 53 | total time: 23.60m | eta: 0.4m
step 00991/01008 (98.31%) | loss: 3.040329 | lrm: 0.07 | dt: 1444.64ms | tok/sec: 362,919 | bf16_mfu: 0.00 | epoch: 1 pq: 11 rg: 54 | total time: 23.62m | eta: 0.4m
step 00992/01008 (98.41%) | loss: 3.035816 | lrm: 0.07 | dt: 1445.66ms | tok/sec: 362,663 | bf16_mfu: 0.00 | epoch: 1 pq: 11 rg: 55 | total time: 23.65m | eta: 0.4m
step 00993/01008 (98.51%) | loss: 3.043690 | lrm: 0.07 | dt: 1446.61ms | tok/sec: 362,424 | bf16_mfu: 0.00 | epoch: 1 pq: 11 rg: 55 | total time: 23.67m | eta: 0.4m
step 00994/01008 (98.61%) | loss: 3.063989 | lrm: 0.07 | dt: 1444.21ms | tok/sec: 363,028 | bf16_mfu: 0.00 | epoch: 1 pq: 11 rg: 56 | total time: 23.70m | eta: 0.3m
step 00995/01008 (98.71%) | loss: 3.060946 | lrm: 0.07 | dt: 1448.05ms | tok/sec: 362,065 | bf16_mfu: 0.00 | epoch: 1 pq: 11 rg: 57 | total time: 23.72m | eta: 0.3m
step 00996/01008 (98.81%) | loss: 3.051918 | lrm: 0.07 | dt: 1445.64ms | tok/sec: 362,669 | bf16_mfu: 0.00 | epoch: 1 pq: 11 rg: 58 | total time: 23.75m | eta: 0.3m
step 00997/01008 (98.91%) | loss: 3.046697 | lrm: 0.07 | dt: 1446.01ms | tok/sec: 362,575 | bf16_mfu: 0.00 | epoch: 1 pq: 11 rg: 59 | total time: 23.77m | eta: 0.3m
step 00998/01008 (99.01%) | loss: 3.036157 | lrm: 0.06 | dt: 1447.47ms | tok/sec: 362,209 | bf16_mfu: 0.00 | epoch: 1 pq: 11 rg: 60 | total time: 23.79m | eta: 0.2m
step 00999/01008 (99.11%) | loss: 3.028894 | lrm: 0.06 | dt: 1447.13ms | tok/sec: 362,294 | bf16_mfu: 0.00 | epoch: 1 pq: 11 rg: 61 | total time: 23.82m | eta: 0.2m
Step 01000 | Validation bpb: 0.929077
step 01000/01008 (99.21%) | loss: 3.025759 | lrm: 0.06 | dt: 1429.62ms | tok/sec: 366,731 | bf16_mfu: 0.00 | epoch: 1 pq: 11 rg: 62 | total time: 23.84m | eta: 0.2m
step 01001/01008 (99.31%) | loss: 3.021091 | lrm: 0.06 | dt: 1435.32ms | tok/sec: 365,276 | bf16_mfu: 0.00 | epoch: 1 pq: 11 rg: 63 | total time: 23.87m | eta: 0.2m
step 01002/01008 (99.40%) | loss: 3.021258 | lrm: 0.06 | dt: 1438.12ms | tok/sec: 364,563 | bf16_mfu: 0.00 | epoch: 1 pq: 11 rg: 64 | total time: 23.89m | eta: 0.1m
step 01003/01008 (99.50%) | loss: 3.028485 | lrm: 0.06 | dt: 1438.73ms | tok/sec: 364,411 | bf16_mfu: 0.00 | epoch: 1 pq: 11 rg: 65 | total time: 23.91m | eta: 0.1m
step 01004/01008 (99.60%) | loss: 3.021606 | lrm: 0.06 | dt: 1438.67ms | tok/sec: 364,424 | bf16_mfu: 0.00 | epoch: 1 pq: 11 rg: 66 | total time: 23.94m | eta: 0.1m
step 01005/01008 (99.70%) | loss: 3.019193 | lrm: 0.05 | dt: 1438.47ms | tok/sec: 364,476 | bf16_mfu: 0.00 | epoch: 1 pq: 11 rg: 67 | total time: 23.96m | eta: 0.1m
step 01006/01008 (99.80%) | loss: 3.016767 | lrm: 0.05 | dt: 1437.80ms | tok/sec: 364,644 | bf16_mfu: 0.00 | epoch: 1 pq: 11 rg: 68 | total time: 23.99m | eta: 0.0m
step 01007/01008 (99.90%) | loss: 3.008129 | lrm: 0.05 | dt: 1438.55ms | tok/sec: 364,454 | bf16_mfu: 0.00 | epoch: 1 pq: 11 rg: 69 | total time: 24.01m | eta: 0.0m
Step 01008 | Validation bpb: 0.928691
2026-09-20 03:34:41,528 - nanochat.checkpoint_manager - [32m[1mINFO[0m - Saved model parameters to: /home/neo/.cache/nanochat/base_checkpoints/looped_B8_lr0.5_h0.4_s0/model_001008.pt
2026-09-20 03:34:41,528 - nanochat.checkpoint_manager - [32m[1mINFO[0m - Saved metadata to: /home/neo/.cache/nanochat/base_checkpoints/looped_B8_lr0.5_h0.4_s0/meta_001008.json
Peak memory usage: 20875.25MiB
Total training time: 24.01m
Minimum validation bpb: 0.928691
Appended results row to results/looped_results.csv (diverged=0), log: results/logs/looped_B8_lr0.5_h0.4_s0_20260920_030559.jsonl
