
                                                       █████                █████
                                                      ░░███                ░░███
     ████████    ██████   ████████    ██████   ██████  ░███████    ██████  ███████
    ░░███░░███  ░░░░░███ ░░███░░███  ███░░███ ███░░███ ░███░░███  ░░░░░███░░░███░
     ░███ ░███   ███████  ░███ ░███ ░███ ░███░███ ░░░  ░███ ░███   ███████  ░███
     ░███ ░███  ███░░███  ░███ ░███ ░███ ░███░███  ███ ░███ ░███  ███░░███  ░███ ███
     ████ █████░░████████ ████ █████░░██████ ░░██████  ████ █████░░███████  ░░█████
    ░░░░ ░░░░░  ░░░░░░░░ ░░░░ ░░░░░  ░░░░░░   ░░░░░░  ░░░░ ░░░░░  ░░░░░░░░   ░░░░░
    
Autodetected device type: cuda
2026-09-20 14:49:41,701 - nanochat.common - [32m[1mINFO[0m - Distributed world size: 1
2026-09-20 14:49:41,701 - nanochat.common - [33m[1mWARNING[0m - Peak flops undefined for: NVIDIA RTX PRO 6000 Blackwell Workstation Edition, MFU will show as 0%
GPU: NVIDIA RTX PRO 6000 Blackwell Workstation Edition | Peak FLOPS (BF16): inf
COMPUTE_DTYPE: torch.bfloat16 (auto-detected: CUDA SM 120 (bf16 supported))
!!!!!!!!!!!!!!!!!!!!!!!!!!!!!!!!!!!!!!!!!!!!!!!!!!!!!!!!!!!!!!!!!!!!!!!!!!!!!!!!
WARNING: Flash Attention 3 not available, using PyTorch SDPA fallback
WARNING: Training will be less efficient without FA3
!!!!!!!!!!!!!!!!!!!!!!!!!!!!!!!!!!!!!!!!!!!!!!!!!!!!!!!!!!!!!!!!!!!!!!!!!!!!!!!!
Vocab size: 32,768
Model config:
{
  "sequence_len": 2048,
  "vocab_size": 32768,
  "n_layer": 6,
  "n_head": 6,
  "n_kv_head": 6,
  "n_embd": 768,
  "window_pattern": "L",
  "n_prelude": 6,
  "n_core": 0,
  "n_coda": 0,
  "n_loop": 1
}
Parameter counts:
wte                     : 25,165,824
value_embeds            : 75,497,472
lm_head                 : 25,165,824
transformer_matrices    : 42,467,544
scalars                 : 38
total                   : 168,296,702
unique_layers           : 6
effective_layers        : 6
Estimated FLOPs per token: 5.190466e+08
Horizon and derived hyperparameters use reference layout 12: 110,100,912 scaling params (this model: 67,633,368)
Auto-computed optimal batch size: 524,288 tokens
Scaling the LR for the AdamW parameters ∝1/√(768/768) = 1.000000
Calculated number of iterations from target data:param ratio: 2,520
Horizon fraction 0.4: training for 1,008 iterations
Total number of training tokens: 528,482,304
Tokens : Scaling params ratio: 7.81
Total training FLOPs estimate: 2.743069e+17
Parameter table:
  unique block params                     : 42,467,544
  lm_head                                 : 25,165,824
  wte                                     : 25,165,824
  value embed params (lookups, no FLOPs)  : 75,497,472
  scalars                                 : 38
  unique layers U                         : 6
  effective layers E                      : 6
  FLOPs per token                         : 519,046,560
Tokens / micro-batch / rank: 32 x 2048 = 65,536
Tokens / micro-batch: 65,536
Total batch size 524,288 => gradient accumulation steps: 8
Step 00000 | Validation bpb: 3.171081
step 00000/01008 (0.00%) | loss: 10.397025 | lrm: 0.03 | dt: 2251.42ms | tok/sec: 232,870 | bf16_mfu: 0.00 | epoch: 1 pq: 0 rg: 1 | total time: 0.00m
step 00001/01008 (0.10%) | loss: 10.384645 | lrm: 0.05 | dt: 1150.42ms | tok/sec: 455,737 | bf16_mfu: 0.00 | epoch: 1 pq: 0 rg: 2 | total time: 0.00m
step 00002/01008 (0.20%) | loss: 10.362227 | lrm: 0.07 | dt: 1157.88ms | tok/sec: 452,798 | bf16_mfu: 0.00 | epoch: 1 pq: 0 rg: 3 | total time: 0.00m
step 00003/01008 (0.30%) | loss: 10.326536 | lrm: 0.10 | dt: 1157.60ms | tok/sec: 452,909 | bf16_mfu: 0.00 | epoch: 1 pq: 0 rg: 4 | total time: 0.00m
step 00004/01008 (0.40%) | loss: 10.269866 | lrm: 0.12 | dt: 1159.84ms | tok/sec: 452,034 | bf16_mfu: 0.00 | epoch: 1 pq: 0 rg: 5 | total time: 0.00m
step 00005/01008 (0.50%) | loss: 10.166932 | lrm: 0.15 | dt: 1155.37ms | tok/sec: 453,782 | bf16_mfu: 0.00 | epoch: 1 pq: 0 rg: 6 | total time: 0.00m
step 00006/01008 (0.60%) | loss: 9.981117 | lrm: 0.17 | dt: 1159.10ms | tok/sec: 452,324 | bf16_mfu: 0.00 | epoch: 1 pq: 0 rg: 7 | total time: 0.00m
step 00007/01008 (0.69%) | loss: 9.699108 | lrm: 0.20 | dt: 1161.99ms | tok/sec: 451,199 | bf16_mfu: 0.00 | epoch: 1 pq: 0 rg: 8 | total time: 0.00m
step 00008/01008 (0.79%) | loss: 9.406538 | lrm: 0.23 | dt: 1156.24ms | tok/sec: 453,440 | bf16_mfu: 0.00 | epoch: 1 pq: 0 rg: 10 | total time: 0.00m
step 00009/01008 (0.89%) | loss: 9.150130 | lrm: 0.25 | dt: 1157.94ms | tok/sec: 452,777 | bf16_mfu: 0.00 | epoch: 1 pq: 0 rg: 11 | total time: 0.00m
step 00010/01008 (0.99%) | loss: 8.926533 | lrm: 0.28 | dt: 1160.02ms | tok/sec: 451,963 | bf16_mfu: 0.00 | epoch: 1 pq: 0 rg: 12 | total time: 0.00m
step 00011/01008 (1.09%) | loss: 8.716619 | lrm: 0.30 | dt: 1160.75ms | tok/sec: 451,681 | bf16_mfu: 0.00 | epoch: 1 pq: 0 rg: 13 | total time: 0.02m | eta: 19.3m
step 00012/01008 (1.19%) | loss: 8.526734 | lrm: 0.33 | dt: 1163.25ms | tok/sec: 450,708 | bf16_mfu: 0.00 | epoch: 1 pq: 0 rg: 14 | total time: 0.04m | eta: 19.3m
step 00013/01008 (1.29%) | loss: 8.340253 | lrm: 0.35 | dt: 1165.73ms | tok/sec: 449,750 | bf16_mfu: 0.00 | epoch: 1 pq: 0 rg: 15 | total time: 0.06m | eta: 19.3m
step 00014/01008 (1.39%) | loss: 8.151998 | lrm: 0.38 | dt: 1165.03ms | tok/sec: 450,019 | bf16_mfu: 0.00 | epoch: 1 pq: 0 rg: 16 | total time: 0.08m | eta: 19.3m
step 00015/01008 (1.49%) | loss: 7.965233 | lrm: 0.40 | dt: 1166.01ms | tok/sec: 449,643 | bf16_mfu: 0.00 | epoch: 1 pq: 0 rg: 17 | total time: 0.10m | eta: 19.3m
step 00016/01008 (1.59%) | loss: 7.785071 | lrm: 0.42 | dt: 1168.95ms | tok/sec: 448,511 | bf16_mfu: 0.00 | epoch: 1 pq: 0 rg: 18 | total time: 0.12m | eta: 19.3m
step 00017/01008 (1.69%) | loss: 7.627570 | lrm: 0.45 | dt: 1172.15ms | tok/sec: 447,288 | bf16_mfu: 0.00 | epoch: 1 pq: 0 rg: 19 | total time: 0.14m | eta: 19.3m
step 00018/01008 (1.79%) | loss: 7.481905 | lrm: 0.47 | dt: 1167.68ms | tok/sec: 449,000 | bf16_mfu: 0.00 | epoch: 1 pq: 0 rg: 20 | total time: 0.16m | eta: 19.2m
step 00019/01008 (1.88%) | loss: 7.350655 | lrm: 0.50 | dt: 1169.65ms | tok/sec: 448,243 | bf16_mfu: 0.00 | epoch: 1 pq: 0 rg: 21 | total time: 0.17m | eta: 19.2m
step 00020/01008 (1.98%) | loss: 7.228710 | lrm: 0.53 | dt: 1173.69ms | tok/sec: 446,699 | bf16_mfu: 0.00 | epoch: 1 pq: 0 rg: 22 | total time: 0.19m | eta: 19.2m
step 00021/01008 (2.08%) | loss: 7.108056 | lrm: 0.55 | dt: 1173.94ms | tok/sec: 446,606 | bf16_mfu: 0.00 | epoch: 1 pq: 0 rg: 23 | total time: 0.21m | eta: 19.2m
step 00022/01008 (2.18%) | loss: 7.007103 | lrm: 0.57 | dt: 1171.38ms | tok/sec: 447,581 | bf16_mfu: 0.00 | epoch: 1 pq: 0 rg: 24 | total time: 0.23m | eta: 19.2m
step 00023/01008 (2.28%) | loss: 6.902665 | lrm: 0.60 | dt: 1175.08ms | tok/sec: 446,172 | bf16_mfu: 0.00 | epoch: 1 pq: 0 rg: 26 | total time: 0.25m | eta: 19.2m
step 00024/01008 (2.38%) | loss: 6.806507 | lrm: 0.62 | dt: 1176.37ms | tok/sec: 445,681 | bf16_mfu: 0.00 | epoch: 1 pq: 0 rg: 27 | total time: 0.27m | eta: 19.2m
step 00025/01008 (2.48%) | loss: 6.717238 | lrm: 0.65 | dt: 1175.46ms | tok/sec: 446,029 | bf16_mfu: 0.00 | epoch: 1 pq: 0 rg: 28 | total time: 0.29m | eta: 19.2m
step 00026/01008 (2.58%) | loss: 6.636333 | lrm: 0.68 | dt: 1173.27ms | tok/sec: 446,859 | bf16_mfu: 0.00 | epoch: 1 pq: 0 rg: 29 | total time: 0.31m | eta: 19.1m
step 00027/01008 (2.68%) | loss: 6.553825 | lrm: 0.70 | dt: 1173.87ms | tok/sec: 446,631 | bf16_mfu: 0.00 | epoch: 1 pq: 0 rg: 30 | total time: 0.33m | eta: 19.1m
step 00028/01008 (2.78%) | loss: 6.485029 | lrm: 0.72 | dt: 1174.44ms | tok/sec: 446,413 | bf16_mfu: 0.00 | epoch: 1 pq: 0 rg: 31 | total time: 0.35m | eta: 19.1m
step 00029/01008 (2.88%) | loss: 6.427559 | lrm: 0.75 | dt: 1176.02ms | tok/sec: 445,816 | bf16_mfu: 0.00 | epoch: 1 pq: 0 rg: 32 | total time: 0.37m | eta: 19.1m
step 00030/01008 (2.98%) | loss: 6.365556 | lrm: 0.78 | dt: 1173.65ms | tok/sec: 446,716 | bf16_mfu: 0.00 | epoch: 1 pq: 0 rg: 33 | total time: 0.39m | eta: 19.1m
step 00031/01008 (3.08%) | loss: 6.313686 | lrm: 0.80 | dt: 1173.84ms | tok/sec: 446,641 | bf16_mfu: 0.00 | epoch: 1 pq: 0 rg: 34 | total time: 0.41m | eta: 19.1m
step 00032/01008 (3.17%) | loss: 6.255626 | lrm: 0.82 | dt: 1176.03ms | tok/sec: 445,810 | bf16_mfu: 0.00 | epoch: 1 pq: 0 rg: 35 | total time: 0.43m | eta: 19.1m
step 00033/01008 (3.27%) | loss: 6.202042 | lrm: 0.85 | dt: 1176.70ms | tok/sec: 445,559 | bf16_mfu: 0.00 | epoch: 1 pq: 0 rg: 36 | total time: 0.45m | eta: 19.0m
step 00034/01008 (3.37%) | loss: 6.149680 | lrm: 0.88 | dt: 1177.40ms | tok/sec: 445,293 | bf16_mfu: 0.00 | epoch: 1 pq: 0 rg: 37 | total time: 0.47m | eta: 19.0m
step 00035/01008 (3.47%) | loss: 6.102472 | lrm: 0.90 | dt: 1175.02ms | tok/sec: 446,196 | bf16_mfu: 0.00 | epoch: 1 pq: 0 rg: 38 | total time: 0.49m | eta: 19.0m
step 00036/01008 (3.57%) | loss: 6.059777 | lrm: 0.93 | dt: 1177.75ms | tok/sec: 445,161 | bf16_mfu: 0.00 | epoch: 1 pq: 0 rg: 39 | total time: 0.51m | eta: 19.0m
step 00037/01008 (3.67%) | loss: 6.017995 | lrm: 0.95 | dt: 1177.65ms | tok/sec: 445,198 | bf16_mfu: 0.00 | epoch: 1 pq: 0 rg: 40 | total time: 0.53m | eta: 19.0m
step 00038/01008 (3.77%) | loss: 5.978414 | lrm: 0.97 | dt: 1180.53ms | tok/sec: 444,110 | bf16_mfu: 0.00 | epoch: 1 pq: 0 rg: 41 | total time: 0.55m | eta: 19.0m
step 00039/01008 (3.87%) | loss: 5.932538 | lrm: 1.00 | dt: 1179.98ms | tok/sec: 444,319 | bf16_mfu: 0.00 | epoch: 1 pq: 0 rg: 42 | total time: 0.57m | eta: 18.9m
step 00040/01008 (3.97%) | loss: 5.890930 | lrm: 1.00 | dt: 1179.22ms | tok/sec: 444,607 | bf16_mfu: 0.00 | epoch: 1 pq: 0 rg: 43 | total time: 0.59m | eta: 18.9m
step 00041/01008 (4.07%) | loss: 5.850169 | lrm: 1.00 | dt: 1180.52ms | tok/sec: 444,116 | bf16_mfu: 0.00 | epoch: 1 pq: 0 rg: 44 | total time: 0.61m | eta: 18.9m
step 00042/01008 (4.17%) | loss: 5.824003 | lrm: 1.00 | dt: 1181.56ms | tok/sec: 443,726 | bf16_mfu: 0.00 | epoch: 1 pq: 0 rg: 44 | total time: 0.63m | eta: 18.9m
step 00043/01008 (4.27%) | loss: 5.791977 | lrm: 1.00 | dt: 1180.36ms | tok/sec: 444,175 | bf16_mfu: 0.00 | epoch: 1 pq: 0 rg: 45 | total time: 0.65m | eta: 18.9m
step 00044/01008 (4.37%) | loss: 5.745616 | lrm: 1.00 | dt: 1177.29ms | tok/sec: 445,335 | bf16_mfu: 0.00 | epoch: 1 pq: 0 rg: 46 | total time: 0.67m | eta: 18.9m
step 00045/01008 (4.46%) | loss: 5.704445 | lrm: 1.00 | dt: 1176.37ms | tok/sec: 445,683 | bf16_mfu: 0.00 | epoch: 1 pq: 0 rg: 47 | total time: 0.68m | eta: 18.8m
step 00046/01008 (4.56%) | loss: 5.669274 | lrm: 1.00 | dt: 1176.80ms | tok/sec: 445,518 | bf16_mfu: 0.00 | epoch: 1 pq: 0 rg: 48 | total time: 0.70m | eta: 18.8m
step 00047/01008 (4.66%) | loss: 5.633058 | lrm: 1.00 | dt: 1178.08ms | tok/sec: 445,034 | bf16_mfu: 0.00 | epoch: 1 pq: 0 rg: 49 | total time: 0.72m | eta: 18.8m
step 00048/01008 (4.76%) | loss: 5.594148 | lrm: 1.00 | dt: 1179.94ms | tok/sec: 444,333 | bf16_mfu: 0.00 | epoch: 1 pq: 0 rg: 50 | total time: 0.74m | eta: 18.8m
step 00049/01008 (4.86%) | loss: 5.559729 | lrm: 1.00 | dt: 1179.24ms | tok/sec: 444,599 | bf16_mfu: 0.00 | epoch: 1 pq: 0 rg: 51 | total time: 0.76m | eta: 18.8m
step 00050/01008 (4.96%) | loss: 5.525660 | lrm: 1.00 | dt: 1179.20ms | tok/sec: 444,614 | bf16_mfu: 0.00 | epoch: 1 pq: 0 rg: 52 | total time: 0.78m | eta: 18.8m
step 00051/01008 (5.06%) | loss: 5.488514 | lrm: 1.00 | dt: 1179.97ms | tok/sec: 444,322 | bf16_mfu: 0.00 | epoch: 1 pq: 0 rg: 53 | total time: 0.80m | eta: 18.7m
step 00052/01008 (5.16%) | loss: 5.460979 | lrm: 1.00 | dt: 1180.48ms | tok/sec: 444,130 | bf16_mfu: 0.00 | epoch: 1 pq: 0 rg: 54 | total time: 0.82m | eta: 18.7m
step 00053/01008 (5.26%) | loss: 5.422316 | lrm: 1.00 | dt: 1181.00ms | tok/sec: 443,934 | bf16_mfu: 0.00 | epoch: 1 pq: 0 rg: 55 | total time: 0.84m | eta: 18.7m
step 00054/01008 (5.36%) | loss: 5.386011 | lrm: 1.00 | dt: 1181.45ms | tok/sec: 443,765 | bf16_mfu: 0.00 | epoch: 1 pq: 0 rg: 56 | total time: 0.86m | eta: 18.7m
step 00055/01008 (5.46%) | loss: 5.363746 | lrm: 1.00 | dt: 1180.13ms | tok/sec: 444,261 | bf16_mfu: 0.00 | epoch: 1 pq: 0 rg: 57 | total time: 0.88m | eta: 18.7m
step 00056/01008 (5.56%) | loss: 5.333776 | lrm: 1.00 | dt: 1180.46ms | tok/sec: 444,137 | bf16_mfu: 0.00 | epoch: 1 pq: 0 rg: 58 | total time: 0.90m | eta: 18.6m
step 00057/01008 (5.65%) | loss: 5.302293 | lrm: 1.00 | dt: 1182.26ms | tok/sec: 443,462 | bf16_mfu: 0.00 | epoch: 1 pq: 0 rg: 59 | total time: 0.92m | eta: 18.6m
step 00058/01008 (5.75%) | loss: 5.271694 | lrm: 1.00 | dt: 1182.51ms | tok/sec: 443,368 | bf16_mfu: 0.00 | epoch: 1 pq: 0 rg: 60 | total time: 0.94m | eta: 18.6m
step 00059/01008 (5.85%) | loss: 5.250146 | lrm: 1.00 | dt: 1181.79ms | tok/sec: 443,638 | bf16_mfu: 0.00 | epoch: 1 pq: 0 rg: 61 | total time: 0.96m | eta: 18.6m
step 00060/01008 (5.95%) | loss: 5.211965 | lrm: 1.00 | dt: 1178.58ms | tok/sec: 444,846 | bf16_mfu: 0.00 | epoch: 1 pq: 0 rg: 62 | total time: 0.98m | eta: 18.6m
step 00061/01008 (6.05%) | loss: 5.179482 | lrm: 1.00 | dt: 1176.73ms | tok/sec: 445,546 | bf16_mfu: 0.00 | epoch: 1 pq: 0 rg: 63 | total time: 1.00m | eta: 18.6m
step 00062/01008 (6.15%) | loss: 5.154343 | lrm: 1.00 | dt: 1179.60ms | tok/sec: 444,462 | bf16_mfu: 0.00 | epoch: 1 pq: 0 rg: 64 | total time: 1.02m | eta: 18.5m
step 00063/01008 (6.25%) | loss: 5.124831 | lrm: 1.00 | dt: 1179.94ms | tok/sec: 444,334 | bf16_mfu: 0.00 | epoch: 1 pq: 0 rg: 65 | total time: 1.04m | eta: 18.5m
step 00064/01008 (6.35%) | loss: 5.106331 | lrm: 1.00 | dt: 1181.30ms | tok/sec: 443,823 | bf16_mfu: 0.00 | epoch: 1 pq: 0 rg: 66 | total time: 1.06m | eta: 18.5m
step 00065/01008 (6.45%) | loss: 5.078893 | lrm: 1.00 | dt: 1178.61ms | tok/sec: 444,835 | bf16_mfu: 0.00 | epoch: 1 pq: 0 rg: 67 | total time: 1.08m | eta: 18.5m
step 00066/01008 (6.55%) | loss: 5.052473 | lrm: 1.00 | dt: 1179.53ms | tok/sec: 444,489 | bf16_mfu: 0.00 | epoch: 1 pq: 0 rg: 68 | total time: 1.10m | eta: 18.5m
step 00067/01008 (6.65%) | loss: 5.027255 | lrm: 1.00 | dt: 1180.79ms | tok/sec: 444,015 | bf16_mfu: 0.00 | epoch: 1 pq: 0 rg: 69 | total time: 1.12m | eta: 18.4m
step 00068/01008 (6.75%) | loss: 5.001661 | lrm: 1.00 | dt: 1181.37ms | tok/sec: 443,795 | bf16_mfu: 0.00 | epoch: 1 pq: 0 rg: 70 | total time: 1.14m | eta: 18.4m
step 00069/01008 (6.85%) | loss: 4.976239 | lrm: 1.00 | dt: 1181.07ms | tok/sec: 443,909 | bf16_mfu: 0.00 | epoch: 1 pq: 0 rg: 71 | total time: 1.16m | eta: 18.4m
step 00070/01008 (6.94%) | loss: 4.951952 | lrm: 1.00 | dt: 1181.19ms | tok/sec: 443,863 | bf16_mfu: 0.00 | epoch: 1 pq: 0 rg: 72 | total time: 1.18m | eta: 18.4m
step 00071/01008 (7.04%) | loss: 4.932981 | lrm: 1.00 | dt: 1178.27ms | tok/sec: 444,962 | bf16_mfu: 0.00 | epoch: 1 pq: 0 rg: 73 | total time: 1.20m | eta: 18.4m
step 00072/01008 (7.14%) | loss: 4.926197 | lrm: 1.00 | dt: 1181.47ms | tok/sec: 443,760 | bf16_mfu: 0.00 | epoch: 1 pq: 0 rg: 74 | total time: 1.22m | eta: 18.4m
step 00073/01008 (7.24%) | loss: 4.899390 | lrm: 1.00 | dt: 1181.34ms | tok/sec: 443,806 | bf16_mfu: 0.00 | epoch: 1 pq: 0 rg: 74 | total time: 1.24m | eta: 18.3m
step 00074/01008 (7.34%) | loss: 4.871983 | lrm: 1.00 | dt: 1182.96ms | tok/sec: 443,200 | bf16_mfu: 0.00 | epoch: 1 pq: 0 rg: 75 | total time: 1.26m | eta: 18.3m
step 00075/01008 (7.44%) | loss: 4.842714 | lrm: 1.00 | dt: 1182.06ms | tok/sec: 443,535 | bf16_mfu: 0.00 | epoch: 1 pq: 0 rg: 76 | total time: 1.27m | eta: 18.3m
step 00076/01008 (7.54%) | loss: 4.818791 | lrm: 1.00 | dt: 1182.40ms | tok/sec: 443,408 | bf16_mfu: 0.00 | epoch: 1 pq: 0 rg: 77 | total time: 1.29m | eta: 18.3m
step 00077/01008 (7.64%) | loss: 4.811475 | lrm: 1.00 | dt: 1182.22ms | tok/sec: 443,476 | bf16_mfu: 0.00 | epoch: 1 pq: 0 rg: 78 | total time: 1.31m | eta: 18.3m
step 00078/01008 (7.74%) | loss: 4.789080 | lrm: 1.00 | dt: 1180.19ms | tok/sec: 444,239 | bf16_mfu: 0.00 | epoch: 1 pq: 0 rg: 79 | total time: 1.33m | eta: 18.2m
step 00079/01008 (7.84%) | loss: 4.770750 | lrm: 1.00 | dt: 1180.78ms | tok/sec: 444,019 | bf16_mfu: 0.00 | epoch: 1 pq: 0 rg: 80 | total time: 1.35m | eta: 18.2m
step 00080/01008 (7.94%) | loss: 4.746220 | lrm: 1.00 | dt: 1181.42ms | tok/sec: 443,776 | bf16_mfu: 0.00 | epoch: 1 pq: 0 rg: 81 | total time: 1.37m | eta: 18.2m
step 00081/01008 (8.04%) | loss: 4.733453 | lrm: 1.00 | dt: 1180.81ms | tok/sec: 444,008 | bf16_mfu: 0.00 | epoch: 1 pq: 0 rg: 82 | total time: 1.39m | eta: 18.2m
step 00082/01008 (8.13%) | loss: 4.718221 | lrm: 1.00 | dt: 1181.72ms | tok/sec: 443,665 | bf16_mfu: 0.00 | epoch: 1 pq: 0 rg: 83 | total time: 1.41m | eta: 18.2m
step 00083/01008 (8.23%) | loss: 4.700897 | lrm: 1.00 | dt: 1183.14ms | tok/sec: 443,132 | bf16_mfu: 0.00 | epoch: 1 pq: 1 rg: 0 | total time: 1.43m | eta: 18.2m
step 00084/01008 (8.33%) | loss: 4.683292 | lrm: 1.00 | dt: 1182.92ms | tok/sec: 443,214 | bf16_mfu: 0.00 | epoch: 1 pq: 1 rg: 1 | total time: 1.45m | eta: 18.1m
step 00085/01008 (8.43%) | loss: 4.665819 | lrm: 1.00 | dt: 1184.12ms | tok/sec: 442,766 | bf16_mfu: 0.00 | epoch: 1 pq: 1 rg: 2 | total time: 1.47m | eta: 18.1m
step 00086/01008 (8.53%) | loss: 4.650026 | lrm: 1.00 | dt: 1183.76ms | tok/sec: 442,901 | bf16_mfu: 0.00 | epoch: 1 pq: 1 rg: 3 | total time: 1.49m | eta: 18.1m
step 00087/01008 (8.63%) | loss: 4.635394 | lrm: 1.00 | dt: 1181.68ms | tok/sec: 443,681 | bf16_mfu: 0.00 | epoch: 1 pq: 1 rg: 4 | total time: 1.51m | eta: 18.1m
step 00088/01008 (8.73%) | loss: 4.622883 | lrm: 1.00 | dt: 1182.87ms | tok/sec: 443,232 | bf16_mfu: 0.00 | epoch: 1 pq: 1 rg: 5 | total time: 1.53m | eta: 18.1m
step 00089/01008 (8.83%) | loss: 4.610000 | lrm: 1.00 | dt: 1184.15ms | tok/sec: 442,755 | bf16_mfu: 0.00 | epoch: 1 pq: 1 rg: 6 | total time: 1.55m | eta: 18.0m
step 00090/01008 (8.93%) | loss: 4.591908 | lrm: 1.00 | dt: 1185.79ms | tok/sec: 442,143 | bf16_mfu: 0.00 | epoch: 1 pq: 1 rg: 7 | total time: 1.57m | eta: 18.0m
step 00091/01008 (9.03%) | loss: 4.568987 | lrm: 1.00 | dt: 1185.38ms | tok/sec: 442,294 | bf16_mfu: 0.00 | epoch: 1 pq: 1 rg: 8 | total time: 1.59m | eta: 18.0m
step 00092/01008 (9.13%) | loss: 4.558414 | lrm: 1.00 | dt: 1185.31ms | tok/sec: 442,320 | bf16_mfu: 0.00 | epoch: 1 pq: 1 rg: 9 | total time: 1.61m | eta: 18.0m
step 00093/01008 (9.23%) | loss: 4.547788 | lrm: 1.00 | dt: 1184.69ms | tok/sec: 442,553 | bf16_mfu: 0.00 | epoch: 1 pq: 1 rg: 10 | total time: 1.63m | eta: 18.0m
step 00094/01008 (9.33%) | loss: 4.533489 | lrm: 1.00 | dt: 1182.42ms | tok/sec: 443,403 | bf16_mfu: 0.00 | epoch: 1 pq: 1 rg: 11 | total time: 1.65m | eta: 17.9m
step 00095/01008 (9.42%) | loss: 4.513533 | lrm: 1.00 | dt: 1183.70ms | tok/sec: 442,924 | bf16_mfu: 0.00 | epoch: 1 pq: 1 rg: 12 | total time: 1.67m | eta: 17.9m
step 00096/01008 (9.52%) | loss: 4.505133 | lrm: 1.00 | dt: 1183.43ms | tok/sec: 443,024 | bf16_mfu: 0.00 | epoch: 1 pq: 1 rg: 13 | total time: 1.69m | eta: 17.9m
step 00097/01008 (9.62%) | loss: 4.483415 | lrm: 1.00 | dt: 1182.64ms | tok/sec: 443,318 | bf16_mfu: 0.00 | epoch: 1 pq: 1 rg: 14 | total time: 1.71m | eta: 17.9m
step 00098/01008 (9.72%) | loss: 4.474549 | lrm: 1.00 | dt: 1183.07ms | tok/sec: 443,157 | bf16_mfu: 0.00 | epoch: 1 pq: 1 rg: 15 | total time: 1.73m | eta: 17.9m
step 00099/01008 (9.82%) | loss: 4.464359 | lrm: 1.00 | dt: 1180.30ms | tok/sec: 444,197 | bf16_mfu: 0.00 | epoch: 1 pq: 1 rg: 16 | total time: 1.75m | eta: 17.9m
step 00100/01008 (9.92%) | loss: 4.439863 | lrm: 1.00 | dt: 1184.30ms | tok/sec: 442,698 | bf16_mfu: 0.00 | epoch: 1 pq: 1 rg: 17 | total time: 1.77m | eta: 17.8m
step 00101/01008 (10.02%) | loss: 4.435068 | lrm: 1.00 | dt: 1184.28ms | tok/sec: 442,705 | bf16_mfu: 0.00 | epoch: 1 pq: 1 rg: 18 | total time: 1.79m | eta: 17.8m
step 00102/01008 (10.12%) | loss: 4.421116 | lrm: 1.00 | dt: 1184.87ms | tok/sec: 442,484 | bf16_mfu: 0.00 | epoch: 1 pq: 1 rg: 19 | total time: 1.81m | eta: 17.8m
step 00103/01008 (10.22%) | loss: 4.413542 | lrm: 1.00 | dt: 1183.73ms | tok/sec: 442,911 | bf16_mfu: 0.00 | epoch: 1 pq: 1 rg: 20 | total time: 1.83m | eta: 17.8m
step 00104/01008 (10.32%) | loss: 4.402643 | lrm: 1.00 | dt: 1184.03ms | tok/sec: 442,798 | bf16_mfu: 0.00 | epoch: 1 pq: 1 rg: 21 | total time: 1.85m | eta: 17.8m
step 00105/01008 (10.42%) | loss: 4.390469 | lrm: 1.00 | dt: 1183.01ms | tok/sec: 443,180 | bf16_mfu: 0.00 | epoch: 1 pq: 1 rg: 22 | total time: 1.87m | eta: 17.7m
step 00106/01008 (10.52%) | loss: 4.371118 | lrm: 1.00 | dt: 1184.16ms | tok/sec: 442,749 | bf16_mfu: 0.00 | epoch: 1 pq: 1 rg: 23 | total time: 1.89m | eta: 17.7m
step 00107/01008 (10.62%) | loss: 4.354693 | lrm: 1.00 | dt: 1185.56ms | tok/sec: 442,227 | bf16_mfu: 0.00 | epoch: 1 pq: 1 rg: 24 | total time: 1.91m | eta: 17.7m
step 00108/01008 (10.71%) | loss: 4.343471 | lrm: 1.00 | dt: 1186.38ms | tok/sec: 441,923 | bf16_mfu: 0.00 | epoch: 1 pq: 1 rg: 25 | total time: 1.93m | eta: 17.7m
step 00109/01008 (10.81%) | loss: 4.329182 | lrm: 1.00 | dt: 1185.79ms | tok/sec: 442,141 | bf16_mfu: 0.00 | epoch: 1 pq: 1 rg: 26 | total time: 1.95m | eta: 17.7m
step 00110/01008 (10.91%) | loss: 4.302085 | lrm: 1.00 | dt: 1183.90ms | tok/sec: 442,848 | bf16_mfu: 0.00 | epoch: 1 pq: 1 rg: 26 | total time: 1.97m | eta: 17.6m
step 00111/01008 (11.01%) | loss: 4.282234 | lrm: 1.00 | dt: 1182.12ms | tok/sec: 443,513 | bf16_mfu: 0.00 | epoch: 1 pq: 1 rg: 27 | total time: 1.98m | eta: 17.6m
step 00112/01008 (11.11%) | loss: 4.271881 | lrm: 1.00 | dt: 1182.22ms | tok/sec: 443,477 | bf16_mfu: 0.00 | epoch: 1 pq: 1 rg: 28 | total time: 2.00m | eta: 17.6m
step 00113/01008 (11.21%) | loss: 4.257252 | lrm: 1.00 | dt: 1182.69ms | tok/sec: 443,301 | bf16_mfu: 0.00 | epoch: 1 pq: 1 rg: 29 | total time: 2.02m | eta: 17.6m
step 00114/01008 (11.31%) | loss: 4.255805 | lrm: 1.00 | dt: 1183.19ms | tok/sec: 443,113 | bf16_mfu: 0.00 | epoch: 1 pq: 1 rg: 30 | total time: 2.04m | eta: 17.6m
step 00115/01008 (11.41%) | loss: 4.244211 | lrm: 1.00 | dt: 1182.35ms | tok/sec: 443,429 | bf16_mfu: 0.00 | epoch: 1 pq: 1 rg: 31 | total time: 2.06m | eta: 17.6m
step 00116/01008 (11.51%) | loss: 4.233661 | lrm: 1.00 | dt: 1185.40ms | tok/sec: 442,288 | bf16_mfu: 0.00 | epoch: 1 pq: 1 rg: 32 | total time: 2.08m | eta: 17.5m
step 00117/01008 (11.61%) | loss: 4.227375 | lrm: 1.00 | dt: 1181.98ms | tok/sec: 443,566 | bf16_mfu: 0.00 | epoch: 1 pq: 1 rg: 33 | total time: 2.10m | eta: 17.5m
step 00118/01008 (11.71%) | loss: 4.216424 | lrm: 1.00 | dt: 1183.56ms | tok/sec: 442,977 | bf16_mfu: 0.00 | epoch: 1 pq: 1 rg: 34 | total time: 2.12m | eta: 17.5m
step 00119/01008 (11.81%) | loss: 4.207659 | lrm: 1.00 | dt: 1183.51ms | tok/sec: 442,992 | bf16_mfu: 0.00 | epoch: 1 pq: 1 rg: 35 | total time: 2.14m | eta: 17.5m
step 00120/01008 (11.90%) | loss: 4.187926 | lrm: 1.00 | dt: 1185.30ms | tok/sec: 442,324 | bf16_mfu: 0.00 | epoch: 1 pq: 1 rg: 36 | total time: 2.16m | eta: 17.5m
step 00121/01008 (12.00%) | loss: 4.163578 | lrm: 1.00 | dt: 1184.66ms | tok/sec: 442,562 | bf16_mfu: 0.00 | epoch: 1 pq: 1 rg: 37 | total time: 2.18m | eta: 17.4m
step 00122/01008 (12.10%) | loss: 4.163722 | lrm: 1.00 | dt: 1185.30ms | tok/sec: 442,324 | bf16_mfu: 0.00 | epoch: 1 pq: 1 rg: 38 | total time: 2.20m | eta: 17.4m
step 00123/01008 (12.20%) | loss: 4.152647 | lrm: 1.00 | dt: 1183.06ms | tok/sec: 443,162 | bf16_mfu: 0.00 | epoch: 1 pq: 1 rg: 39 | total time: 2.22m | eta: 17.4m
step 00124/01008 (12.30%) | loss: 4.144119 | lrm: 1.00 | dt: 1185.58ms | tok/sec: 442,220 | bf16_mfu: 0.00 | epoch: 1 pq: 1 rg: 40 | total time: 2.24m | eta: 17.4m
step 00125/01008 (12.40%) | loss: 4.135403 | lrm: 1.00 | dt: 1186.66ms | tok/sec: 441,819 | bf16_mfu: 0.00 | epoch: 1 pq: 1 rg: 41 | total time: 2.26m | eta: 17.4m
step 00126/01008 (12.50%) | loss: 4.112452 | lrm: 1.00 | dt: 1185.28ms | tok/sec: 442,331 | bf16_mfu: 0.00 | epoch: 1 pq: 1 rg: 42 | total time: 2.28m | eta: 17.3m
step 00127/01008 (12.60%) | loss: 4.099447 | lrm: 1.00 | dt: 1183.81ms | tok/sec: 442,880 | bf16_mfu: 0.00 | epoch: 1 pq: 1 rg: 43 | total time: 2.30m | eta: 17.3m
step 00128/01008 (12.70%) | loss: 4.100047 | lrm: 1.00 | dt: 1184.47ms | tok/sec: 442,636 | bf16_mfu: 0.00 | epoch: 1 pq: 1 rg: 44 | total time: 2.32m | eta: 17.3m
step 00129/01008 (12.80%) | loss: 4.103021 | lrm: 1.00 | dt: 1181.43ms | tok/sec: 443,772 | bf16_mfu: 0.00 | epoch: 1 pq: 1 rg: 45 | total time: 2.34m | eta: 17.3m
step 00130/01008 (12.90%) | loss: 4.101422 | lrm: 1.00 | dt: 1184.11ms | tok/sec: 442,770 | bf16_mfu: 0.00 | epoch: 1 pq: 1 rg: 46 | total time: 2.36m | eta: 17.3m
step 00131/01008 (13.00%) | loss: 4.088654 | lrm: 1.00 | dt: 1183.80ms | tok/sec: 442,885 | bf16_mfu: 0.00 | epoch: 1 pq: 1 rg: 47 | total time: 2.38m | eta: 17.2m
step 00132/01008 (13.10%) | loss: 4.084673 | lrm: 1.00 | dt: 1185.01ms | tok/sec: 442,434 | bf16_mfu: 0.00 | epoch: 1 pq: 1 rg: 48 | total time: 2.40m | eta: 17.2m
step 00133/01008 (13.19%) | loss: 4.080574 | lrm: 1.00 | dt: 1183.68ms | tok/sec: 442,931 | bf16_mfu: 0.00 | epoch: 1 pq: 1 rg: 49 | total time: 2.42m | eta: 17.2m
step 00134/01008 (13.29%) | loss: 4.069427 | lrm: 1.00 | dt: 1181.87ms | tok/sec: 443,607 | bf16_mfu: 0.00 | epoch: 1 pq: 1 rg: 50 | total time: 2.44m | eta: 17.2m
step 00135/01008 (13.39%) | loss: 4.063734 | lrm: 1.00 | dt: 1181.36ms | tok/sec: 443,799 | bf16_mfu: 0.00 | epoch: 1 pq: 1 rg: 51 | total time: 2.46m | eta: 17.2m
step 00136/01008 (13.49%) | loss: 4.051001 | lrm: 1.00 | dt: 1183.79ms | tok/sec: 442,890 | bf16_mfu: 0.00 | epoch: 1 pq: 1 rg: 52 | total time: 2.48m | eta: 17.2m
step 00137/01008 (13.59%) | loss: 4.044949 | lrm: 1.00 | dt: 1183.69ms | tok/sec: 442,927 | bf16_mfu: 0.00 | epoch: 1 pq: 1 rg: 53 | total time: 2.50m | eta: 17.1m
step 00138/01008 (13.69%) | loss: 4.036286 | lrm: 1.00 | dt: 1183.78ms | tok/sec: 442,892 | bf16_mfu: 0.00 | epoch: 1 pq: 1 rg: 54 | total time: 2.52m | eta: 17.1m
step 00139/01008 (13.79%) | loss: 4.030863 | lrm: 1.00 | dt: 1182.41ms | tok/sec: 443,405 | bf16_mfu: 0.00 | epoch: 1 pq: 1 rg: 55 | total time: 2.54m | eta: 17.1m
step 00140/01008 (13.89%) | loss: 4.020702 | lrm: 1.00 | dt: 1181.54ms | tok/sec: 443,733 | bf16_mfu: 0.00 | epoch: 1 pq: 1 rg: 56 | total time: 2.56m | eta: 17.1m
step 00141/01008 (13.99%) | loss: 4.020010 | lrm: 1.00 | dt: 1182.15ms | tok/sec: 443,503 | bf16_mfu: 0.00 | epoch: 1 pq: 1 rg: 57 | total time: 2.58m | eta: 17.1m
step 00142/01008 (14.09%) | loss: 4.013032 | lrm: 1.00 | dt: 1184.67ms | tok/sec: 442,560 | bf16_mfu: 0.00 | epoch: 1 pq: 1 rg: 57 | total time: 2.60m | eta: 17.0m
step 00143/01008 (14.19%) | loss: 4.006791 | lrm: 1.00 | dt: 1185.28ms | tok/sec: 442,332 | bf16_mfu: 0.00 | epoch: 1 pq: 1 rg: 58 | total time: 2.62m | eta: 17.0m
step 00144/01008 (14.29%) | loss: 4.009410 | lrm: 1.00 | dt: 1183.94ms | tok/sec: 442,833 | bf16_mfu: 0.00 | epoch: 1 pq: 1 rg: 59 | total time: 2.64m | eta: 17.0m
step 00145/01008 (14.38%) | loss: 3.996020 | lrm: 1.00 | dt: 1182.04ms | tok/sec: 443,545 | bf16_mfu: 0.00 | epoch: 1 pq: 1 rg: 60 | total time: 2.66m | eta: 17.0m
step 00146/01008 (14.48%) | loss: 3.998102 | lrm: 1.00 | dt: 1181.04ms | tok/sec: 443,920 | bf16_mfu: 0.00 | epoch: 1 pq: 1 rg: 61 | total time: 2.68m | eta: 17.0m
step 00147/01008 (14.58%) | loss: 4.006572 | lrm: 1.00 | dt: 1180.42ms | tok/sec: 444,153 | bf16_mfu: 0.00 | epoch: 1 pq: 1 rg: 62 | total time: 2.70m | eta: 16.9m
step 00148/01008 (14.68%) | loss: 4.001255 | lrm: 1.00 | dt: 1182.70ms | tok/sec: 443,296 | bf16_mfu: 0.00 | epoch: 1 pq: 1 rg: 63 | total time: 2.71m | eta: 16.9m
step 00149/01008 (14.78%) | loss: 3.988087 | lrm: 1.00 | dt: 1182.48ms | tok/sec: 443,378 | bf16_mfu: 0.00 | epoch: 1 pq: 1 rg: 64 | total time: 2.73m | eta: 16.9m
step 00150/01008 (14.88%) | loss: 3.990635 | lrm: 1.00 | dt: 1182.49ms | tok/sec: 443,377 | bf16_mfu: 0.00 | epoch: 1 pq: 1 rg: 65 | total time: 2.75m | eta: 16.9m
step 00151/01008 (14.98%) | loss: 3.985508 | lrm: 1.00 | dt: 1181.19ms | tok/sec: 443,865 | bf16_mfu: 0.00 | epoch: 1 pq: 1 rg: 66 | total time: 2.77m | eta: 16.9m
step 00152/01008 (15.08%) | loss: 3.979231 | lrm: 1.00 | dt: 1182.71ms | tok/sec: 443,292 | bf16_mfu: 0.00 | epoch: 1 pq: 1 rg: 67 | total time: 2.79m | eta: 16.8m
step 00153/01008 (15.18%) | loss: 3.974991 | lrm: 1.00 | dt: 1182.39ms | tok/sec: 443,412 | bf16_mfu: 0.00 | epoch: 1 pq: 1 rg: 68 | total time: 2.81m | eta: 16.8m
step 00154/01008 (15.28%) | loss: 3.974134 | lrm: 1.00 | dt: 1182.35ms | tok/sec: 443,429 | bf16_mfu: 0.00 | epoch: 1 pq: 1 rg: 69 | total time: 2.83m | eta: 16.8m
step 00155/01008 (15.38%) | loss: 3.964548 | lrm: 1.00 | dt: 1181.13ms | tok/sec: 443,886 | bf16_mfu: 0.00 | epoch: 1 pq: 1 rg: 70 | total time: 2.85m | eta: 16.8m
step 00156/01008 (15.48%) | loss: 3.950534 | lrm: 1.00 | dt: 1181.42ms | tok/sec: 443,779 | bf16_mfu: 0.00 | epoch: 1 pq: 1 rg: 71 | total time: 2.87m | eta: 16.8m
step 00157/01008 (15.58%) | loss: 3.937726 | lrm: 1.00 | dt: 1179.52ms | tok/sec: 444,492 | bf16_mfu: 0.00 | epoch: 1 pq: 1 rg: 72 | total time: 2.89m | eta: 16.7m
step 00158/01008 (15.67%) | loss: 3.922196 | lrm: 1.00 | dt: 1183.68ms | tok/sec: 442,930 | bf16_mfu: 0.00 | epoch: 1 pq: 1 rg: 73 | total time: 2.91m | eta: 16.7m
step 00159/01008 (15.77%) | loss: 3.929622 | lrm: 1.00 | dt: 1184.43ms | tok/sec: 442,649 | bf16_mfu: 0.00 | epoch: 1 pq: 1 rg: 74 | total time: 2.93m | eta: 16.7m
step 00160/01008 (15.87%) | loss: 3.930136 | lrm: 1.00 | dt: 1183.48ms | tok/sec: 443,006 | bf16_mfu: 0.00 | epoch: 1 pq: 1 rg: 75 | total time: 2.95m | eta: 16.7m
step 00161/01008 (15.97%) | loss: 3.929557 | lrm: 1.00 | dt: 1183.28ms | tok/sec: 443,081 | bf16_mfu: 0.00 | epoch: 1 pq: 1 rg: 76 | total time: 2.97m | eta: 16.7m
step 00162/01008 (16.07%) | loss: 3.922474 | lrm: 1.00 | dt: 1179.64ms | tok/sec: 444,449 | bf16_mfu: 0.00 | epoch: 1 pq: 1 rg: 77 | total time: 2.99m | eta: 16.6m
step 00163/01008 (16.17%) | loss: 3.913702 | lrm: 1.00 | dt: 1181.66ms | tok/sec: 443,687 | bf16_mfu: 0.00 | epoch: 1 pq: 1 rg: 78 | total time: 3.01m | eta: 16.6m
step 00164/01008 (16.27%) | loss: 3.898460 | lrm: 1.00 | dt: 1182.18ms | tok/sec: 443,493 | bf16_mfu: 0.00 | epoch: 1 pq: 1 rg: 79 | total time: 3.03m | eta: 16.6m
step 00165/01008 (16.37%) | loss: 3.899186 | lrm: 1.00 | dt: 1183.69ms | tok/sec: 442,926 | bf16_mfu: 0.00 | epoch: 1 pq: 1 rg: 80 | total time: 3.05m | eta: 16.6m
step 00166/01008 (16.47%) | loss: 3.895960 | lrm: 1.00 | dt: 1184.04ms | tok/sec: 442,797 | bf16_mfu: 0.00 | epoch: 1 pq: 1 rg: 81 | total time: 3.07m | eta: 16.6m
step 00167/01008 (16.57%) | loss: 3.890668 | lrm: 1.00 | dt: 1182.41ms | tok/sec: 443,407 | bf16_mfu: 0.00 | epoch: 1 pq: 1 rg: 82 | total time: 3.09m | eta: 16.5m
step 00168/01008 (16.67%) | loss: 3.888646 | lrm: 1.00 | dt: 1181.28ms | tok/sec: 443,829 | bf16_mfu: 0.00 | epoch: 1 pq: 1 rg: 83 | total time: 3.11m | eta: 16.5m
step 00169/01008 (16.77%) | loss: 3.871784 | lrm: 1.00 | dt: 1181.55ms | tok/sec: 443,730 | bf16_mfu: 0.00 | epoch: 1 pq: 2 rg: 0 | total time: 3.13m | eta: 16.5m
step 00170/01008 (16.87%) | loss: 3.862092 | lrm: 1.00 | dt: 1182.58ms | tok/sec: 443,343 | bf16_mfu: 0.00 | epoch: 1 pq: 2 rg: 1 | total time: 3.15m | eta: 16.5m
step 00171/01008 (16.96%) | loss: 3.851660 | lrm: 1.00 | dt: 1182.00ms | tok/sec: 443,559 | bf16_mfu: 0.00 | epoch: 1 pq: 2 rg: 2 | total time: 3.17m | eta: 16.5m
step 00172/01008 (17.06%) | loss: 3.854442 | lrm: 1.00 | dt: 1182.45ms | tok/sec: 443,389 | bf16_mfu: 0.00 | epoch: 1 pq: 2 rg: 3 | total time: 3.19m | eta: 16.4m
step 00173/01008 (17.16%) | loss: 3.874263 | lrm: 1.00 | dt: 1180.42ms | tok/sec: 444,155 | bf16_mfu: 0.00 | epoch: 1 pq: 2 rg: 4 | total time: 3.21m | eta: 16.4m
step 00174/01008 (17.26%) | loss: 3.856964 | lrm: 1.00 | dt: 1180.43ms | tok/sec: 444,149 | bf16_mfu: 0.00 | epoch: 1 pq: 2 rg: 5 | total time: 3.23m | eta: 16.4m
step 00175/01008 (17.36%) | loss: 3.850240 | lrm: 1.00 | dt: 1183.32ms | tok/sec: 443,063 | bf16_mfu: 0.00 | epoch: 1 pq: 2 rg: 6 | total time: 3.25m | eta: 16.4m
step 00176/01008 (17.46%) | loss: 3.847917 | lrm: 1.00 | dt: 1184.85ms | tok/sec: 442,492 | bf16_mfu: 0.00 | epoch: 1 pq: 2 rg: 7 | total time: 3.27m | eta: 16.4m
step 00177/01008 (17.56%) | loss: 3.852827 | lrm: 1.00 | dt: 1186.37ms | tok/sec: 441,926 | bf16_mfu: 0.00 | epoch: 1 pq: 2 rg: 8 | total time: 3.29m | eta: 16.4m
step 00178/01008 (17.66%) | loss: 3.842650 | lrm: 1.00 | dt: 1183.46ms | tok/sec: 443,011 | bf16_mfu: 0.00 | epoch: 1 pq: 2 rg: 9 | total time: 3.31m | eta: 16.3m
step 00179/01008 (17.76%) | loss: 3.841022 | lrm: 1.00 | dt: 1181.76ms | tok/sec: 443,649 | bf16_mfu: 0.00 | epoch: 1 pq: 2 rg: 10 | total time: 3.33m | eta: 16.3m
step 00180/01008 (17.86%) | loss: 3.827650 | lrm: 1.00 | dt: 1178.98ms | tok/sec: 444,694 | bf16_mfu: 0.00 | epoch: 1 pq: 2 rg: 10 | total time: 3.35m | eta: 16.3m
step 00181/01008 (17.96%) | loss: 3.843495 | lrm: 1.00 | dt: 1180.70ms | tok/sec: 444,050 | bf16_mfu: 0.00 | epoch: 1 pq: 2 rg: 11 | total time: 3.36m | eta: 16.3m
step 00182/01008 (18.06%) | loss: 3.820696 | lrm: 1.00 | dt: 1182.38ms | tok/sec: 443,417 | bf16_mfu: 0.00 | epoch: 1 pq: 2 rg: 12 | total time: 3.38m | eta: 16.3m
step 00183/01008 (18.15%) | loss: 3.820002 | lrm: 1.00 | dt: 1181.85ms | tok/sec: 443,615 | bf16_mfu: 0.00 | epoch: 1 pq: 2 rg: 13 | total time: 3.40m | eta: 16.2m
step 00184/01008 (18.25%) | loss: 3.824098 | lrm: 1.00 | dt: 1180.09ms | tok/sec: 444,277 | bf16_mfu: 0.00 | epoch: 1 pq: 2 rg: 14 | total time: 3.42m | eta: 16.2m
step 00185/01008 (18.35%) | loss: 3.827109 | lrm: 1.00 | dt: 1180.31ms | tok/sec: 444,194 | bf16_mfu: 0.00 | epoch: 1 pq: 2 rg: 15 | total time: 3.44m | eta: 16.2m
step 00186/01008 (18.45%) | loss: 3.829882 | lrm: 1.00 | dt: 1181.64ms | tok/sec: 443,695 | bf16_mfu: 0.00 | epoch: 1 pq: 2 rg: 16 | total time: 3.46m | eta: 16.2m
step 00187/01008 (18.55%) | loss: 3.828836 | lrm: 1.00 | dt: 1182.01ms | tok/sec: 443,555 | bf16_mfu: 0.00 | epoch: 1 pq: 2 rg: 17 | total time: 3.48m | eta: 16.2m
step 00188/01008 (18.65%) | loss: 3.832881 | lrm: 1.00 | dt: 1182.28ms | tok/sec: 443,454 | bf16_mfu: 0.00 | epoch: 1 pq: 2 rg: 18 | total time: 3.50m | eta: 16.1m
step 00189/01008 (18.75%) | loss: 3.832879 | lrm: 1.00 | dt: 1180.81ms | tok/sec: 444,005 | bf16_mfu: 0.00 | epoch: 1 pq: 2 rg: 19 | total time: 3.52m | eta: 16.1m
step 00190/01008 (18.85%) | loss: 3.846275 | lrm: 1.00 | dt: 1178.71ms | tok/sec: 444,799 | bf16_mfu: 0.00 | epoch: 1 pq: 2 rg: 20 | total time: 3.54m | eta: 16.1m
step 00191/01008 (18.95%) | loss: 3.847116 | lrm: 1.00 | dt: 1180.55ms | tok/sec: 444,103 | bf16_mfu: 0.00 | epoch: 1 pq: 2 rg: 21 | total time: 3.56m | eta: 16.1m
step 00192/01008 (19.05%) | loss: 3.852366 | lrm: 1.00 | dt: 1182.51ms | tok/sec: 443,368 | bf16_mfu: 0.00 | epoch: 1 pq: 2 rg: 22 | total time: 3.58m | eta: 16.1m
step 00193/01008 (19.15%) | loss: 3.850321 | lrm: 1.00 | dt: 1181.91ms | tok/sec: 443,594 | bf16_mfu: 0.00 | epoch: 1 pq: 2 rg: 23 | total time: 3.60m | eta: 16.0m
step 00194/01008 (19.25%) | loss: 3.850303 | lrm: 1.00 | dt: 1182.71ms | tok/sec: 443,293 | bf16_mfu: 0.00 | epoch: 1 pq: 2 rg: 24 | total time: 3.62m | eta: 16.0m
step 00195/01008 (19.35%) | loss: 3.841651 | lrm: 1.00 | dt: 1181.44ms | tok/sec: 443,771 | bf16_mfu: 0.00 | epoch: 1 pq: 2 rg: 25 | total time: 3.64m | eta: 16.0m
step 00196/01008 (19.44%) | loss: 3.837108 | lrm: 1.00 | dt: 1180.01ms | tok/sec: 444,308 | bf16_mfu: 0.00 | epoch: 1 pq: 2 rg: 26 | total time: 3.66m | eta: 16.0m
step 00197/01008 (19.54%) | loss: 3.828888 | lrm: 1.00 | dt: 1182.90ms | tok/sec: 443,224 | bf16_mfu: 0.00 | epoch: 1 pq: 2 rg: 27 | total time: 3.68m | eta: 16.0m
step 00198/01008 (19.64%) | loss: 3.827498 | lrm: 1.00 | dt: 1181.06ms | tok/sec: 443,914 | bf16_mfu: 0.00 | epoch: 1 pq: 2 rg: 28 | total time: 3.70m | eta: 15.9m
step 00199/01008 (19.74%) | loss: 3.824787 | lrm: 1.00 | dt: 1181.84ms | tok/sec: 443,621 | bf16_mfu: 0.00 | epoch: 1 pq: 2 rg: 29 | total time: 3.72m | eta: 15.9m
step 00200/01008 (19.84%) | loss: 3.829797 | lrm: 1.00 | dt: 1180.87ms | tok/sec: 443,982 | bf16_mfu: 0.00 | epoch: 1 pq: 2 rg: 30 | total time: 3.74m | eta: 15.9m
step 00201/01008 (19.94%) | loss: 3.826524 | lrm: 1.00 | dt: 1179.68ms | tok/sec: 444,433 | bf16_mfu: 0.00 | epoch: 1 pq: 2 rg: 31 | total time: 3.76m | eta: 15.9m
step 00202/01008 (20.04%) | loss: 3.828906 | lrm: 1.00 | dt: 1180.13ms | tok/sec: 444,263 | bf16_mfu: 0.00 | epoch: 1 pq: 2 rg: 32 | total time: 3.78m | eta: 15.9m
step 00203/01008 (20.14%) | loss: 3.830907 | lrm: 1.00 | dt: 1180.94ms | tok/sec: 443,957 | bf16_mfu: 0.00 | epoch: 1 pq: 2 rg: 33 | total time: 3.80m | eta: 15.8m
step 00204/01008 (20.24%) | loss: 3.831054 | lrm: 1.00 | dt: 1180.84ms | tok/sec: 443,994 | bf16_mfu: 0.00 | epoch: 1 pq: 2 rg: 34 | total time: 3.82m | eta: 15.8m
step 00205/01008 (20.34%) | loss: 3.836260 | lrm: 1.00 | dt: 1180.55ms | tok/sec: 444,105 | bf16_mfu: 0.00 | epoch: 1 pq: 2 rg: 35 | total time: 3.84m | eta: 15.8m
step 00206/01008 (20.44%) | loss: 3.823572 | lrm: 1.00 | dt: 1179.00ms | tok/sec: 444,689 | bf16_mfu: 0.00 | epoch: 1 pq: 2 rg: 36 | total time: 3.86m | eta: 15.8m
step 00207/01008 (20.54%) | loss: 3.827943 | lrm: 1.00 | dt: 1179.66ms | tok/sec: 444,441 | bf16_mfu: 0.00 | epoch: 1 pq: 2 rg: 37 | total time: 3.88m | eta: 15.8m
step 00208/01008 (20.63%) | loss: 3.832307 | lrm: 1.00 | dt: 1181.56ms | tok/sec: 443,725 | bf16_mfu: 0.00 | epoch: 1 pq: 2 rg: 38 | total time: 3.90m | eta: 15.7m
step 00209/01008 (20.73%) | loss: 3.820519 | lrm: 1.00 | dt: 1182.07ms | tok/sec: 443,534 | bf16_mfu: 0.00 | epoch: 1 pq: 2 rg: 38 | total time: 3.92m | eta: 15.7m
step 00210/01008 (20.83%) | loss: 3.810538 | lrm: 1.00 | dt: 1181.09ms | tok/sec: 443,903 | bf16_mfu: 0.00 | epoch: 1 pq: 2 rg: 39 | total time: 3.94m | eta: 15.7m
step 00211/01008 (20.93%) | loss: 3.814694 | lrm: 1.00 | dt: 1181.93ms | tok/sec: 443,587 | bf16_mfu: 0.00 | epoch: 1 pq: 2 rg: 40 | total time: 3.96m | eta: 15.7m
step 00212/01008 (21.03%) | loss: 3.807946 | lrm: 1.00 | dt: 1178.71ms | tok/sec: 444,796 | bf16_mfu: 0.00 | epoch: 1 pq: 2 rg: 41 | total time: 3.98m | eta: 15.7m
step 00213/01008 (21.13%) | loss: 3.807235 | lrm: 1.00 | dt: 1181.10ms | tok/sec: 443,898 | bf16_mfu: 0.00 | epoch: 1 pq: 2 rg: 42 | total time: 3.99m | eta: 15.6m
step 00214/01008 (21.23%) | loss: 3.803010 | lrm: 1.00 | dt: 1181.00ms | tok/sec: 443,934 | bf16_mfu: 0.00 | epoch: 1 pq: 2 rg: 43 | total time: 4.01m | eta: 15.6m
step 00215/01008 (21.33%) | loss: 3.798810 | lrm: 1.00 | dt: 1180.50ms | tok/sec: 444,122 | bf16_mfu: 0.00 | epoch: 1 pq: 2 rg: 44 | total time: 4.03m | eta: 15.6m
step 00216/01008 (21.43%) | loss: 3.794636 | lrm: 1.00 | dt: 1179.87ms | tok/sec: 444,359 | bf16_mfu: 0.00 | epoch: 1 pq: 2 rg: 45 | total time: 4.05m | eta: 15.6m
step 00217/01008 (21.53%) | loss: 3.792123 | lrm: 1.00 | dt: 1178.35ms | tok/sec: 444,933 | bf16_mfu: 0.00 | epoch: 1 pq: 2 rg: 46 | total time: 4.07m | eta: 15.6m
step 00218/01008 (21.63%) | loss: 3.787399 | lrm: 1.00 | dt: 1178.25ms | tok/sec: 444,971 | bf16_mfu: 0.00 | epoch: 1 pq: 2 rg: 47 | total time: 4.09m | eta: 15.5m
step 00219/01008 (21.73%) | loss: 3.789804 | lrm: 1.00 | dt: 1180.12ms | tok/sec: 444,266 | bf16_mfu: 0.00 | epoch: 1 pq: 2 rg: 48 | total time: 4.11m | eta: 15.5m
step 00220/01008 (21.83%) | loss: 3.784196 | lrm: 1.00 | dt: 1179.73ms | tok/sec: 444,411 | bf16_mfu: 0.00 | epoch: 1 pq: 2 rg: 49 | total time: 4.13m | eta: 15.5m
step 00221/01008 (21.92%) | loss: 3.775264 | lrm: 1.00 | dt: 1179.64ms | tok/sec: 444,445 | bf16_mfu: 0.00 | epoch: 1 pq: 2 rg: 50 | total time: 4.15m | eta: 15.5m
step 00222/01008 (22.02%) | loss: 3.782827 | lrm: 1.00 | dt: 1176.69ms | tok/sec: 445,560 | bf16_mfu: 0.00 | epoch: 1 pq: 2 rg: 51 | total time: 4.17m | eta: 15.5m
step 00223/01008 (22.12%) | loss: 3.772962 | lrm: 1.00 | dt: 1178.26ms | tok/sec: 444,967 | bf16_mfu: 0.00 | epoch: 1 pq: 2 rg: 52 | total time: 4.19m | eta: 15.4m
step 00224/01008 (22.22%) | loss: 3.773813 | lrm: 1.00 | dt: 1179.76ms | tok/sec: 444,403 | bf16_mfu: 0.00 | epoch: 1 pq: 2 rg: 53 | total time: 4.21m | eta: 15.4m
step 00225/01008 (22.32%) | loss: 3.773846 | lrm: 1.00 | dt: 1180.80ms | tok/sec: 444,009 | bf16_mfu: 0.00 | epoch: 1 pq: 2 rg: 54 | total time: 4.23m | eta: 15.4m
step 00226/01008 (22.42%) | loss: 3.769588 | lrm: 1.00 | dt: 1180.95ms | tok/sec: 443,952 | bf16_mfu: 0.00 | epoch: 1 pq: 2 rg: 55 | total time: 4.25m | eta: 15.4m
step 00227/01008 (22.52%) | loss: 3.753416 | lrm: 1.00 | dt: 1179.98ms | tok/sec: 444,317 | bf16_mfu: 0.00 | epoch: 1 pq: 2 rg: 56 | total time: 4.27m | eta: 15.4m
step 00228/01008 (22.62%) | loss: 3.752434 | lrm: 1.00 | dt: 1181.45ms | tok/sec: 443,765 | bf16_mfu: 0.00 | epoch: 1 pq: 2 rg: 57 | total time: 4.29m | eta: 15.3m
step 00229/01008 (22.72%) | loss: 3.749084 | lrm: 1.00 | dt: 1183.87ms | tok/sec: 442,859 | bf16_mfu: 0.00 | epoch: 1 pq: 2 rg: 58 | total time: 4.31m | eta: 15.3m
step 00230/01008 (22.82%) | loss: 3.751548 | lrm: 1.00 | dt: 1183.20ms | tok/sec: 443,109 | bf16_mfu: 0.00 | epoch: 1 pq: 2 rg: 59 | total time: 4.33m | eta: 15.3m
step 00231/01008 (22.92%) | loss: 3.748728 | lrm: 1.00 | dt: 1181.49ms | tok/sec: 443,751 | bf16_mfu: 0.00 | epoch: 1 pq: 2 rg: 60 | total time: 4.35m | eta: 15.3m
step 00232/01008 (23.02%) | loss: 3.746029 | lrm: 1.00 | dt: 1180.20ms | tok/sec: 444,235 | bf16_mfu: 0.00 | epoch: 1 pq: 2 rg: 61 | total time: 4.37m | eta: 15.3m
step 00233/01008 (23.12%) | loss: 3.761120 | lrm: 1.00 | dt: 1179.00ms | tok/sec: 444,689 | bf16_mfu: 0.00 | epoch: 1 pq: 2 rg: 62 | total time: 4.39m | eta: 15.3m
step 00234/01008 (23.21%) | loss: 3.750099 | lrm: 1.00 | dt: 1180.72ms | tok/sec: 444,041 | bf16_mfu: 0.00 | epoch: 1 pq: 2 rg: 63 | total time: 4.41m | eta: 15.2m
step 00235/01008 (23.31%) | loss: 3.742160 | lrm: 1.00 | dt: 1180.09ms | tok/sec: 444,278 | bf16_mfu: 0.00 | epoch: 1 pq: 2 rg: 64 | total time: 4.43m | eta: 15.2m
step 00236/01008 (23.41%) | loss: 3.754457 | lrm: 1.00 | dt: 1179.38ms | tok/sec: 444,544 | bf16_mfu: 0.00 | epoch: 1 pq: 2 rg: 65 | total time: 4.45m | eta: 15.2m
step 00237/01008 (23.51%) | loss: 3.753005 | lrm: 1.00 | dt: 1178.59ms | tok/sec: 444,844 | bf16_mfu: 0.00 | epoch: 1 pq: 2 rg: 66 | total time: 4.47m | eta: 15.2m
step 00238/01008 (23.61%) | loss: 3.750011 | lrm: 1.00 | dt: 1178.74ms | tok/sec: 444,786 | bf16_mfu: 0.00 | epoch: 1 pq: 2 rg: 67 | total time: 4.49m | eta: 15.2m
step 00239/01008 (23.71%) | loss: 3.752588 | lrm: 1.00 | dt: 1180.66ms | tok/sec: 444,062 | bf16_mfu: 0.00 | epoch: 1 pq: 2 rg: 68 | total time: 4.51m | eta: 15.1m
step 00240/01008 (23.81%) | loss: 3.744489 | lrm: 1.00 | dt: 1179.29ms | tok/sec: 444,581 | bf16_mfu: 0.00 | epoch: 1 pq: 2 rg: 69 | total time: 4.53m | eta: 15.1m
step 00241/01008 (23.91%) | loss: 3.741530 | lrm: 1.00 | dt: 1179.12ms | tok/sec: 444,643 | bf16_mfu: 0.00 | epoch: 1 pq: 2 rg: 70 | total time: 4.55m | eta: 15.1m
step 00242/01008 (24.01%) | loss: 3.729971 | lrm: 1.00 | dt: 1178.45ms | tok/sec: 444,895 | bf16_mfu: 0.00 | epoch: 1 pq: 2 rg: 71 | total time: 4.57m | eta: 15.1m
step 00243/01008 (24.11%) | loss: 3.740500 | lrm: 1.00 | dt: 1179.20ms | tok/sec: 444,613 | bf16_mfu: 0.00 | epoch: 1 pq: 2 rg: 72 | total time: 4.58m | eta: 15.1m
step 00244/01008 (24.21%) | loss: 3.737044 | lrm: 1.00 | dt: 1182.83ms | tok/sec: 443,248 | bf16_mfu: 0.00 | epoch: 1 pq: 2 rg: 72 | total time: 4.60m | eta: 15.0m
step 00245/01008 (24.31%) | loss: 3.738738 | lrm: 1.00 | dt: 1183.65ms | tok/sec: 442,940 | bf16_mfu: 0.00 | epoch: 1 pq: 2 rg: 73 | total time: 4.62m | eta: 15.0m
step 00246/01008 (24.40%) | loss: 3.729858 | lrm: 1.00 | dt: 1183.15ms | tok/sec: 443,128 | bf16_mfu: 0.00 | epoch: 1 pq: 2 rg: 74 | total time: 4.64m | eta: 15.0m
step 00247/01008 (24.50%) | loss: 3.728808 | lrm: 1.00 | dt: 1181.90ms | tok/sec: 443,595 | bf16_mfu: 0.00 | epoch: 1 pq: 2 rg: 75 | total time: 4.66m | eta: 15.0m
step 00248/01008 (24.60%) | loss: 3.721045 | lrm: 1.00 | dt: 1178.65ms | tok/sec: 444,819 | bf16_mfu: 0.00 | epoch: 1 pq: 2 rg: 76 | total time: 4.68m | eta: 15.0m
step 00249/01008 (24.70%) | loss: 3.713652 | lrm: 1.00 | dt: 1179.90ms | tok/sec: 444,350 | bf16_mfu: 0.00 | epoch: 1 pq: 2 rg: 77 | total time: 4.70m | eta: 14.9m
Step 00250 | Validation bpb: 1.131681
step 00250/01008 (24.80%) | loss: 3.717697 | lrm: 1.00 | dt: 1161.10ms | tok/sec: 451,542 | bf16_mfu: 0.00 | epoch: 1 pq: 2 rg: 78 | total time: 4.72m | eta: 14.9m
step 00251/01008 (24.90%) | loss: 3.715005 | lrm: 1.00 | dt: 1166.55ms | tok/sec: 449,435 | bf16_mfu: 0.00 | epoch: 1 pq: 2 rg: 79 | total time: 4.74m | eta: 14.9m
step 00252/01008 (25.00%) | loss: 3.701927 | lrm: 1.00 | dt: 1167.71ms | tok/sec: 448,989 | bf16_mfu: 0.00 | epoch: 1 pq: 2 rg: 80 | total time: 4.76m | eta: 14.9m
step 00253/01008 (25.10%) | loss: 3.703532 | lrm: 1.00 | dt: 1169.97ms | tok/sec: 448,122 | bf16_mfu: 0.00 | epoch: 1 pq: 2 rg: 81 | total time: 4.78m | eta: 14.9m
step 00254/01008 (25.20%) | loss: 3.704704 | lrm: 1.00 | dt: 1167.08ms | tok/sec: 449,230 | bf16_mfu: 0.00 | epoch: 1 pq: 2 rg: 82 | total time: 4.80m | eta: 14.8m
step 00255/01008 (25.30%) | loss: 3.706390 | lrm: 1.00 | dt: 1165.10ms | tok/sec: 449,993 | bf16_mfu: 0.00 | epoch: 1 pq: 3 rg: 0 | total time: 4.82m | eta: 14.8m
step 00256/01008 (25.40%) | loss: 3.707403 | lrm: 1.00 | dt: 1168.18ms | tok/sec: 448,809 | bf16_mfu: 0.00 | epoch: 1 pq: 3 rg: 1 | total time: 4.84m | eta: 14.8m
step 00257/01008 (25.50%) | loss: 3.705439 | lrm: 1.00 | dt: 1170.95ms | tok/sec: 447,744 | bf16_mfu: 0.00 | epoch: 1 pq: 3 rg: 2 | total time: 4.86m | eta: 14.8m
step 00258/01008 (25.60%) | loss: 3.704236 | lrm: 1.00 | dt: 1168.17ms | tok/sec: 448,811 | bf16_mfu: 0.00 | epoch: 1 pq: 3 rg: 3 | total time: 4.88m | eta: 14.8m
step 00259/01008 (25.69%) | loss: 3.709229 | lrm: 1.00 | dt: 1170.18ms | tok/sec: 448,041 | bf16_mfu: 0.00 | epoch: 1 pq: 3 rg: 4 | total time: 4.90m | eta: 14.7m
step 00260/01008 (25.79%) | loss: 3.709515 | lrm: 1.00 | dt: 1170.27ms | tok/sec: 448,005 | bf16_mfu: 0.00 | epoch: 1 pq: 3 rg: 5 | total time: 4.92m | eta: 14.7m
step 00261/01008 (25.89%) | loss: 3.705103 | lrm: 1.00 | dt: 1172.85ms | tok/sec: 447,018 | bf16_mfu: 0.00 | epoch: 1 pq: 3 rg: 6 | total time: 4.94m | eta: 14.7m
step 00262/01008 (25.99%) | loss: 3.694597 | lrm: 1.00 | dt: 1170.63ms | tok/sec: 447,869 | bf16_mfu: 0.00 | epoch: 1 pq: 3 rg: 7 | total time: 4.96m | eta: 14.7m
step 00263/01008 (26.09%) | loss: 3.691945 | lrm: 1.00 | dt: 1174.58ms | tok/sec: 446,362 | bf16_mfu: 0.00 | epoch: 1 pq: 3 rg: 8 | total time: 4.98m | eta: 14.7m
step 00264/01008 (26.19%) | loss: 3.690105 | lrm: 1.00 | dt: 1172.64ms | tok/sec: 447,100 | bf16_mfu: 0.00 | epoch: 1 pq: 3 rg: 9 | total time: 5.00m | eta: 14.6m
step 00265/01008 (26.29%) | loss: 3.693432 | lrm: 1.00 | dt: 1173.04ms | tok/sec: 446,948 | bf16_mfu: 0.00 | epoch: 1 pq: 3 rg: 10 | total time: 5.01m | eta: 14.6m
step 00266/01008 (26.39%) | loss: 3.691188 | lrm: 1.00 | dt: 1171.98ms | tok/sec: 447,352 | bf16_mfu: 0.00 | epoch: 1 pq: 3 rg: 11 | total time: 5.03m | eta: 14.6m
step 00267/01008 (26.49%) | loss: 3.687786 | lrm: 1.00 | dt: 1171.72ms | tok/sec: 447,449 | bf16_mfu: 0.00 | epoch: 1 pq: 3 rg: 12 | total time: 5.05m | eta: 14.6m
step 00268/01008 (26.59%) | loss: 3.686352 | lrm: 1.00 | dt: 1173.22ms | tok/sec: 446,880 | bf16_mfu: 0.00 | epoch: 1 pq: 3 rg: 13 | total time: 5.07m | eta: 14.6m
step 00269/01008 (26.69%) | loss: 3.681261 | lrm: 1.00 | dt: 1172.55ms | tok/sec: 447,134 | bf16_mfu: 0.00 | epoch: 1 pq: 3 rg: 14 | total time: 5.09m | eta: 14.5m
step 00270/01008 (26.79%) | loss: 3.670329 | lrm: 1.00 | dt: 1170.93ms | tok/sec: 447,752 | bf16_mfu: 0.00 | epoch: 1 pq: 3 rg: 15 | total time: 5.11m | eta: 14.5m
step 00271/01008 (26.88%) | loss: 3.671099 | lrm: 1.00 | dt: 1170.92ms | tok/sec: 447,755 | bf16_mfu: 0.00 | epoch: 1 pq: 3 rg: 15 | total time: 5.13m | eta: 14.5m
step 00272/01008 (26.98%) | loss: 3.673931 | lrm: 1.00 | dt: 1172.15ms | tok/sec: 447,288 | bf16_mfu: 0.00 | epoch: 1 pq: 3 rg: 16 | total time: 5.15m | eta: 14.5m
step 00273/01008 (27.08%) | loss: 3.677551 | lrm: 1.00 | dt: 1172.78ms | tok/sec: 447,047 | bf16_mfu: 0.00 | epoch: 1 pq: 3 rg: 17 | total time: 5.17m | eta: 14.5m
step 00274/01008 (27.18%) | loss: 3.673789 | lrm: 1.00 | dt: 1172.52ms | tok/sec: 447,147 | bf16_mfu: 0.00 | epoch: 1 pq: 3 rg: 18 | total time: 5.19m | eta: 14.4m
step 00275/01008 (27.28%) | loss: 3.679534 | lrm: 1.00 | dt: 1171.31ms | tok/sec: 447,606 | bf16_mfu: 0.00 | epoch: 1 pq: 3 rg: 19 | total time: 5.21m | eta: 14.4m
step 00276/01008 (27.38%) | loss: 3.676410 | lrm: 1.00 | dt: 1174.04ms | tok/sec: 446,568 | bf16_mfu: 0.00 | epoch: 1 pq: 3 rg: 20 | total time: 5.23m | eta: 14.4m
step 00277/01008 (27.48%) | loss: 3.667053 | lrm: 1.00 | dt: 1173.78ms | tok/sec: 446,666 | bf16_mfu: 0.00 | epoch: 1 pq: 3 rg: 21 | total time: 5.25m | eta: 14.4m
step 00278/01008 (27.58%) | loss: 3.664665 | lrm: 1.00 | dt: 1173.90ms | tok/sec: 446,620 | bf16_mfu: 0.00 | epoch: 1 pq: 3 rg: 22 | total time: 5.27m | eta: 14.4m
step 00279/01008 (27.68%) | loss: 3.665564 | lrm: 1.00 | dt: 1172.37ms | tok/sec: 447,204 | bf16_mfu: 0.00 | epoch: 1 pq: 3 rg: 23 | total time: 5.29m | eta: 14.3m
step 00280/01008 (27.78%) | loss: 3.667263 | lrm: 1.00 | dt: 1176.09ms | tok/sec: 445,790 | bf16_mfu: 0.00 | epoch: 1 pq: 3 rg: 24 | total time: 5.31m | eta: 14.3m
step 00281/01008 (27.88%) | loss: 3.655920 | lrm: 1.00 | dt: 1176.04ms | tok/sec: 445,806 | bf16_mfu: 0.00 | epoch: 1 pq: 3 rg: 25 | total time: 5.33m | eta: 14.3m
step 00282/01008 (27.98%) | loss: 3.655749 | lrm: 1.00 | dt: 1175.59ms | tok/sec: 445,980 | bf16_mfu: 0.00 | epoch: 1 pq: 3 rg: 26 | total time: 5.35m | eta: 14.3m
step 00283/01008 (28.08%) | loss: 3.661949 | lrm: 1.00 | dt: 1174.12ms | tok/sec: 446,538 | bf16_mfu: 0.00 | epoch: 1 pq: 3 rg: 27 | total time: 5.37m | eta: 14.3m
step 00284/01008 (28.17%) | loss: 3.673443 | lrm: 1.00 | dt: 1172.08ms | tok/sec: 447,315 | bf16_mfu: 0.00 | epoch: 1 pq: 3 rg: 28 | total time: 5.39m | eta: 14.2m
step 00285/01008 (28.27%) | loss: 3.670591 | lrm: 1.00 | dt: 1174.20ms | tok/sec: 446,504 | bf16_mfu: 0.00 | epoch: 1 pq: 3 rg: 29 | total time: 5.41m | eta: 14.2m
step 00286/01008 (28.37%) | loss: 3.674266 | lrm: 1.00 | dt: 1173.16ms | tok/sec: 446,903 | bf16_mfu: 0.00 | epoch: 1 pq: 3 rg: 30 | total time: 5.43m | eta: 14.2m
step 00287/01008 (28.47%) | loss: 3.684348 | lrm: 1.00 | dt: 1172.12ms | tok/sec: 447,299 | bf16_mfu: 0.00 | epoch: 1 pq: 3 rg: 31 | total time: 5.44m | eta: 14.2m
step 00288/01008 (28.57%) | loss: 3.673251 | lrm: 1.00 | dt: 1171.48ms | tok/sec: 447,542 | bf16_mfu: 0.00 | epoch: 1 pq: 3 rg: 32 | total time: 5.46m | eta: 14.2m
step 00289/01008 (28.67%) | loss: 3.679684 | lrm: 1.00 | dt: 1172.52ms | tok/sec: 447,146 | bf16_mfu: 0.00 | epoch: 1 pq: 3 rg: 33 | total time: 5.48m | eta: 14.1m
step 00290/01008 (28.77%) | loss: 3.678086 | lrm: 1.00 | dt: 1175.57ms | tok/sec: 445,986 | bf16_mfu: 0.00 | epoch: 1 pq: 3 rg: 34 | total time: 5.50m | eta: 14.1m
step 00291/01008 (28.87%) | loss: 3.678514 | lrm: 1.00 | dt: 1173.12ms | tok/sec: 446,915 | bf16_mfu: 0.00 | epoch: 1 pq: 3 rg: 35 | total time: 5.52m | eta: 14.1m
step 00292/01008 (28.97%) | loss: 3.678592 | lrm: 1.00 | dt: 1174.59ms | tok/sec: 446,357 | bf16_mfu: 0.00 | epoch: 1 pq: 3 rg: 36 | total time: 5.54m | eta: 14.1m
step 00293/01008 (29.07%) | loss: 3.678269 | lrm: 1.00 | dt: 1174.78ms | tok/sec: 446,287 | bf16_mfu: 0.00 | epoch: 1 pq: 3 rg: 37 | total time: 5.56m | eta: 14.1m
step 00294/01008 (29.17%) | loss: 3.673729 | lrm: 1.00 | dt: 1175.07ms | tok/sec: 446,177 | bf16_mfu: 0.00 | epoch: 1 pq: 3 rg: 38 | total time: 5.58m | eta: 14.0m
step 00295/01008 (29.27%) | loss: 3.669031 | lrm: 1.00 | dt: 1174.22ms | tok/sec: 446,498 | bf16_mfu: 0.00 | epoch: 1 pq: 3 rg: 39 | total time: 5.60m | eta: 14.0m
step 00296/01008 (29.37%) | loss: 3.666076 | lrm: 1.00 | dt: 1174.12ms | tok/sec: 446,535 | bf16_mfu: 0.00 | epoch: 1 pq: 3 rg: 40 | total time: 5.62m | eta: 14.0m
step 00297/01008 (29.46%) | loss: 3.655773 | lrm: 1.00 | dt: 1176.53ms | tok/sec: 445,621 | bf16_mfu: 0.00 | epoch: 1 pq: 3 rg: 41 | total time: 5.64m | eta: 14.0m
step 00298/01008 (29.56%) | loss: 3.656028 | lrm: 1.00 | dt: 1177.44ms | tok/sec: 445,278 | bf16_mfu: 0.00 | epoch: 1 pq: 3 rg: 42 | total time: 5.66m | eta: 14.0m
step 00299/01008 (29.66%) | loss: 3.641569 | lrm: 1.00 | dt: 1178.26ms | tok/sec: 444,966 | bf16_mfu: 0.00 | epoch: 1 pq: 3 rg: 43 | total time: 5.68m | eta: 13.9m
step 00300/01008 (29.76%) | loss: 3.644749 | lrm: 1.00 | dt: 1175.65ms | tok/sec: 445,955 | bf16_mfu: 0.00 | epoch: 1 pq: 3 rg: 44 | total time: 5.70m | eta: 13.9m
step 00301/01008 (29.86%) | loss: 3.646936 | lrm: 1.00 | dt: 1175.80ms | tok/sec: 445,900 | bf16_mfu: 0.00 | epoch: 1 pq: 3 rg: 45 | total time: 5.72m | eta: 13.9m
step 00302/01008 (29.96%) | loss: 3.640636 | lrm: 1.00 | dt: 1175.52ms | tok/sec: 446,004 | bf16_mfu: 0.00 | epoch: 1 pq: 3 rg: 46 | total time: 5.74m | eta: 13.9m
step 00303/01008 (30.06%) | loss: 3.650282 | lrm: 1.00 | dt: 1174.71ms | tok/sec: 446,313 | bf16_mfu: 0.00 | epoch: 1 pq: 3 rg: 47 | total time: 5.76m | eta: 13.9m
step 00304/01008 (30.16%) | loss: 3.642591 | lrm: 1.00 | dt: 1173.69ms | tok/sec: 446,698 | bf16_mfu: 0.00 | epoch: 1 pq: 3 rg: 48 | total time: 5.78m | eta: 13.8m
step 00305/01008 (30.26%) | loss: 3.637178 | lrm: 1.00 | dt: 1172.08ms | tok/sec: 447,314 | bf16_mfu: 0.00 | epoch: 1 pq: 3 rg: 49 | total time: 5.80m | eta: 13.8m
step 00306/01008 (30.36%) | loss: 3.636739 | lrm: 1.00 | dt: 1175.37ms | tok/sec: 446,062 | bf16_mfu: 0.00 | epoch: 1 pq: 3 rg: 49 | total time: 5.82m | eta: 13.8m
step 00307/01008 (30.46%) | loss: 3.641207 | lrm: 1.00 | dt: 1176.10ms | tok/sec: 445,783 | bf16_mfu: 0.00 | epoch: 1 pq: 3 rg: 50 | total time: 5.84m | eta: 13.8m
step 00308/01008 (30.56%) | loss: 3.634172 | lrm: 1.00 | dt: 1177.01ms | tok/sec: 445,440 | bf16_mfu: 0.00 | epoch: 1 pq: 3 rg: 51 | total time: 5.86m | eta: 13.8m
step 00309/01008 (30.65%) | loss: 3.631868 | lrm: 1.00 | dt: 1173.16ms | tok/sec: 446,904 | bf16_mfu: 0.00 | epoch: 1 pq: 3 rg: 52 | total time: 5.88m | eta: 13.7m
step 00310/01008 (30.75%) | loss: 3.645013 | lrm: 1.00 | dt: 1174.29ms | tok/sec: 446,473 | bf16_mfu: 0.00 | epoch: 1 pq: 3 rg: 53 | total time: 5.90m | eta: 13.7m
step 00311/01008 (30.85%) | loss: 3.641059 | lrm: 1.00 | dt: 1175.35ms | tok/sec: 446,067 | bf16_mfu: 0.00 | epoch: 1 pq: 3 rg: 54 | total time: 5.91m | eta: 13.7m
step 00312/01008 (30.95%) | loss: 3.641876 | lrm: 1.00 | dt: 1176.69ms | tok/sec: 445,560 | bf16_mfu: 0.00 | epoch: 1 pq: 3 rg: 55 | total time: 5.93m | eta: 13.7m
step 00313/01008 (31.05%) | loss: 3.635235 | lrm: 1.00 | dt: 1177.95ms | tok/sec: 445,085 | bf16_mfu: 0.00 | epoch: 1 pq: 3 rg: 56 | total time: 5.95m | eta: 13.7m
step 00314/01008 (31.15%) | loss: 3.629694 | lrm: 1.00 | dt: 1171.55ms | tok/sec: 447,518 | bf16_mfu: 0.00 | epoch: 1 pq: 3 rg: 57 | total time: 5.97m | eta: 13.6m
step 00315/01008 (31.25%) | loss: 3.629038 | lrm: 1.00 | dt: 1176.60ms | tok/sec: 445,595 | bf16_mfu: 0.00 | epoch: 1 pq: 3 rg: 58 | total time: 5.99m | eta: 13.6m
step 00316/01008 (31.35%) | loss: 3.636117 | lrm: 1.00 | dt: 1175.05ms | tok/sec: 446,182 | bf16_mfu: 0.00 | epoch: 1 pq: 3 rg: 59 | total time: 6.01m | eta: 13.6m
step 00317/01008 (31.45%) | loss: 3.635935 | lrm: 1.00 | dt: 1176.77ms | tok/sec: 445,529 | bf16_mfu: 0.00 | epoch: 1 pq: 3 rg: 60 | total time: 6.03m | eta: 13.6m
step 00318/01008 (31.55%) | loss: 3.632530 | lrm: 1.00 | dt: 1175.09ms | tok/sec: 446,170 | bf16_mfu: 0.00 | epoch: 1 pq: 3 rg: 61 | total time: 6.05m | eta: 13.6m
step 00319/01008 (31.65%) | loss: 3.642586 | lrm: 1.00 | dt: 1175.23ms | tok/sec: 446,114 | bf16_mfu: 0.00 | epoch: 1 pq: 3 rg: 62 | total time: 6.07m | eta: 13.5m
step 00320/01008 (31.75%) | loss: 3.645271 | lrm: 1.00 | dt: 1174.84ms | tok/sec: 446,262 | bf16_mfu: 0.00 | epoch: 1 pq: 3 rg: 63 | total time: 6.09m | eta: 13.5m
step 00321/01008 (31.85%) | loss: 3.649835 | lrm: 1.00 | dt: 1174.17ms | tok/sec: 446,516 | bf16_mfu: 0.00 | epoch: 1 pq: 3 rg: 64 | total time: 6.11m | eta: 13.5m
step 00322/01008 (31.94%) | loss: 3.648587 | lrm: 1.00 | dt: 1172.53ms | tok/sec: 447,140 | bf16_mfu: 0.00 | epoch: 1 pq: 3 rg: 65 | total time: 6.13m | eta: 13.5m
step 00323/01008 (32.04%) | loss: 3.647895 | lrm: 1.00 | dt: 1173.87ms | tok/sec: 446,633 | bf16_mfu: 0.00 | epoch: 1 pq: 3 rg: 66 | total time: 6.15m | eta: 13.5m
step 00324/01008 (32.14%) | loss: 3.647394 | lrm: 1.00 | dt: 1175.76ms | tok/sec: 445,912 | bf16_mfu: 0.00 | epoch: 1 pq: 3 rg: 67 | total time: 6.17m | eta: 13.4m
step 00325/01008 (32.24%) | loss: 3.639476 | lrm: 1.00 | dt: 1175.08ms | tok/sec: 446,170 | bf16_mfu: 0.00 | epoch: 1 pq: 3 rg: 68 | total time: 6.19m | eta: 13.4m
step 00326/01008 (32.34%) | loss: 3.641193 | lrm: 1.00 | dt: 1174.70ms | tok/sec: 446,317 | bf16_mfu: 0.00 | epoch: 1 pq: 3 rg: 69 | total time: 6.21m | eta: 13.4m
step 00327/01008 (32.44%) | loss: 3.632545 | lrm: 1.00 | dt: 1172.49ms | tok/sec: 447,156 | bf16_mfu: 0.00 | epoch: 1 pq: 3 rg: 70 | total time: 6.23m | eta: 13.4m
step 00328/01008 (32.54%) | loss: 3.624590 | lrm: 1.00 | dt: 1175.84ms | tok/sec: 445,884 | bf16_mfu: 0.00 | epoch: 1 pq: 3 rg: 71 | total time: 6.25m | eta: 13.4m
step 00329/01008 (32.64%) | loss: 3.616718 | lrm: 1.00 | dt: 1175.31ms | tok/sec: 446,086 | bf16_mfu: 0.00 | epoch: 1 pq: 3 rg: 72 | total time: 6.27m | eta: 13.3m
step 00330/01008 (32.74%) | loss: 3.617621 | lrm: 1.00 | dt: 1176.41ms | tok/sec: 445,667 | bf16_mfu: 0.00 | epoch: 1 pq: 3 rg: 73 | total time: 6.29m | eta: 13.3m
step 00331/01008 (32.84%) | loss: 3.625833 | lrm: 1.00 | dt: 1174.84ms | tok/sec: 446,261 | bf16_mfu: 0.00 | epoch: 1 pq: 3 rg: 73 | total time: 6.31m | eta: 13.3m
step 00332/01008 (32.94%) | loss: 3.628123 | lrm: 1.00 | dt: 1177.45ms | tok/sec: 445,274 | bf16_mfu: 0.00 | epoch: 1 pq: 3 rg: 74 | total time: 6.33m | eta: 13.3m
step 00333/01008 (33.04%) | loss: 3.626138 | lrm: 1.00 | dt: 1177.66ms | tok/sec: 445,193 | bf16_mfu: 0.00 | epoch: 1 pq: 3 rg: 75 | total time: 6.35m | eta: 13.3m
step 00334/01008 (33.13%) | loss: 3.624487 | lrm: 1.00 | dt: 1177.04ms | tok/sec: 445,430 | bf16_mfu: 0.00 | epoch: 1 pq: 3 rg: 76 | total time: 6.37m | eta: 13.2m
step 00335/01008 (33.23%) | loss: 3.615821 | lrm: 1.00 | dt: 1174.20ms | tok/sec: 446,506 | bf16_mfu: 0.00 | epoch: 1 pq: 3 rg: 77 | total time: 6.38m | eta: 13.2m
step 00336/01008 (33.33%) | loss: 3.613297 | lrm: 1.00 | dt: 1172.03ms | tok/sec: 447,333 | bf16_mfu: 0.00 | epoch: 1 pq: 3 rg: 78 | total time: 6.40m | eta: 13.2m
step 00337/01008 (33.43%) | loss: 3.617035 | lrm: 1.00 | dt: 1173.94ms | tok/sec: 446,605 | bf16_mfu: 0.00 | epoch: 1 pq: 3 rg: 79 | total time: 6.42m | eta: 13.2m
step 00338/01008 (33.53%) | loss: 3.617899 | lrm: 1.00 | dt: 1174.95ms | tok/sec: 446,220 | bf16_mfu: 0.00 | epoch: 1 pq: 3 rg: 80 | total time: 6.44m | eta: 13.2m
step 00339/01008 (33.63%) | loss: 3.616394 | lrm: 1.00 | dt: 1173.81ms | tok/sec: 446,653 | bf16_mfu: 0.00 | epoch: 1 pq: 3 rg: 81 | total time: 6.46m | eta: 13.1m
step 00340/01008 (33.73%) | loss: 3.625739 | lrm: 1.00 | dt: 1173.28ms | tok/sec: 446,857 | bf16_mfu: 0.00 | epoch: 1 pq: 4 rg: 0 | total time: 6.48m | eta: 13.1m
step 00341/01008 (33.83%) | loss: 3.633475 | lrm: 1.00 | dt: 1174.16ms | tok/sec: 446,522 | bf16_mfu: 0.00 | epoch: 1 pq: 4 rg: 1 | total time: 6.50m | eta: 13.1m
step 00342/01008 (33.93%) | loss: 3.625975 | lrm: 1.00 | dt: 1176.49ms | tok/sec: 445,635 | bf16_mfu: 0.00 | epoch: 1 pq: 4 rg: 2 | total time: 6.52m | eta: 13.1m
step 00343/01008 (34.03%) | loss: 3.617656 | lrm: 1.00 | dt: 1176.15ms | tok/sec: 445,767 | bf16_mfu: 0.00 | epoch: 1 pq: 4 rg: 3 | total time: 6.54m | eta: 13.1m
step 00344/01008 (34.13%) | loss: 3.618823 | lrm: 1.00 | dt: 1173.95ms | tok/sec: 446,599 | bf16_mfu: 0.00 | epoch: 1 pq: 4 rg: 4 | total time: 6.56m | eta: 13.0m
step 00345/01008 (34.23%) | loss: 3.611818 | lrm: 1.00 | dt: 1174.22ms | tok/sec: 446,498 | bf16_mfu: 0.00 | epoch: 1 pq: 4 rg: 5 | total time: 6.58m | eta: 13.0m
step 00346/01008 (34.33%) | loss: 3.618435 | lrm: 1.00 | dt: 1175.47ms | tok/sec: 446,024 | bf16_mfu: 0.00 | epoch: 1 pq: 4 rg: 6 | total time: 6.60m | eta: 13.0m
step 00347/01008 (34.42%) | loss: 3.611333 | lrm: 1.00 | dt: 1177.47ms | tok/sec: 445,266 | bf16_mfu: 0.00 | epoch: 1 pq: 4 rg: 7 | total time: 6.62m | eta: 13.0m
step 00348/01008 (34.52%) | loss: 3.600491 | lrm: 1.00 | dt: 1177.21ms | tok/sec: 445,366 | bf16_mfu: 0.00 | epoch: 1 pq: 4 rg: 8 | total time: 6.64m | eta: 13.0m
step 00349/01008 (34.62%) | loss: 3.598412 | lrm: 1.00 | dt: 1176.73ms | tok/sec: 445,545 | bf16_mfu: 0.00 | epoch: 1 pq: 4 rg: 9 | total time: 6.66m | eta: 12.9m
step 00350/01008 (34.72%) | loss: 3.597515 | lrm: 1.00 | dt: 1177.77ms | tok/sec: 445,153 | bf16_mfu: 0.00 | epoch: 1 pq: 4 rg: 10 | total time: 6.68m | eta: 12.9m
step 00351/01008 (34.82%) | loss: 3.594276 | lrm: 1.00 | dt: 1179.09ms | tok/sec: 444,653 | bf16_mfu: 0.00 | epoch: 1 pq: 4 rg: 11 | total time: 6.70m | eta: 12.9m
step 00352/01008 (34.92%) | loss: 3.598795 | lrm: 1.00 | dt: 1177.08ms | tok/sec: 445,415 | bf16_mfu: 0.00 | epoch: 1 pq: 4 rg: 12 | total time: 6.72m | eta: 12.9m
step 00353/01008 (35.02%) | loss: 3.597991 | lrm: 1.00 | dt: 1174.95ms | tok/sec: 446,220 | bf16_mfu: 0.00 | epoch: 1 pq: 4 rg: 13 | total time: 6.74m | eta: 12.9m
step 00354/01008 (35.12%) | loss: 3.599288 | lrm: 1.00 | dt: 1173.05ms | tok/sec: 446,943 | bf16_mfu: 0.00 | epoch: 1 pq: 4 rg: 14 | total time: 6.76m | eta: 12.8m
step 00355/01008 (35.22%) | loss: 3.591856 | lrm: 1.00 | dt: 1175.77ms | tok/sec: 445,910 | bf16_mfu: 0.00 | epoch: 1 pq: 4 rg: 15 | total time: 6.78m | eta: 12.8m
step 00356/01008 (35.32%) | loss: 3.589435 | lrm: 1.00 | dt: 1175.61ms | tok/sec: 445,970 | bf16_mfu: 0.00 | epoch: 1 pq: 4 rg: 16 | total time: 6.80m | eta: 12.8m
step 00357/01008 (35.42%) | loss: 3.564667 | lrm: 0.99 | dt: 1174.12ms | tok/sec: 446,535 | bf16_mfu: 0.00 | epoch: 1 pq: 4 rg: 17 | total time: 6.82m | eta: 12.8m
step 00358/01008 (35.52%) | loss: 3.574668 | lrm: 0.99 | dt: 1173.31ms | tok/sec: 446,846 | bf16_mfu: 0.00 | epoch: 1 pq: 4 rg: 18 | total time: 6.84m | eta: 12.8m
step 00359/01008 (35.62%) | loss: 3.579904 | lrm: 0.99 | dt: 1171.88ms | tok/sec: 447,390 | bf16_mfu: 0.00 | epoch: 1 pq: 4 rg: 18 | total time: 6.86m | eta: 12.7m
step 00360/01008 (35.71%) | loss: 3.578789 | lrm: 0.99 | dt: 1176.29ms | tok/sec: 445,711 | bf16_mfu: 0.00 | epoch: 1 pq: 4 rg: 19 | total time: 6.87m | eta: 12.7m
step 00361/01008 (35.81%) | loss: 3.591232 | lrm: 0.99 | dt: 1175.45ms | tok/sec: 446,030 | bf16_mfu: 0.00 | epoch: 1 pq: 4 rg: 20 | total time: 6.89m | eta: 12.7m
step 00362/01008 (35.91%) | loss: 3.594571 | lrm: 0.99 | dt: 1173.20ms | tok/sec: 446,888 | bf16_mfu: 0.00 | epoch: 1 pq: 4 rg: 21 | total time: 6.91m | eta: 12.7m
step 00363/01008 (36.01%) | loss: 3.591124 | lrm: 0.99 | dt: 1173.36ms | tok/sec: 446,825 | bf16_mfu: 0.00 | epoch: 1 pq: 4 rg: 22 | total time: 6.93m | eta: 12.7m
step 00364/01008 (36.11%) | loss: 3.589253 | lrm: 0.98 | dt: 1175.62ms | tok/sec: 445,965 | bf16_mfu: 0.00 | epoch: 1 pq: 4 rg: 23 | total time: 6.95m | eta: 12.6m
step 00365/01008 (36.21%) | loss: 3.578130 | lrm: 0.98 | dt: 1176.41ms | tok/sec: 445,665 | bf16_mfu: 0.00 | epoch: 1 pq: 4 rg: 24 | total time: 6.97m | eta: 12.6m
step 00366/01008 (36.31%) | loss: 3.583575 | lrm: 0.98 | dt: 1176.76ms | tok/sec: 445,533 | bf16_mfu: 0.00 | epoch: 1 pq: 4 rg: 25 | total time: 6.99m | eta: 12.6m
step 00367/01008 (36.41%) | loss: 3.571387 | lrm: 0.98 | dt: 1175.66ms | tok/sec: 445,953 | bf16_mfu: 0.00 | epoch: 1 pq: 4 rg: 26 | total time: 7.01m | eta: 12.6m
step 00368/01008 (36.51%) | loss: 3.573598 | lrm: 0.98 | dt: 1177.64ms | tok/sec: 445,201 | bf16_mfu: 0.00 | epoch: 1 pq: 4 rg: 27 | total time: 7.03m | eta: 12.6m
step 00369/01008 (36.61%) | loss: 3.562339 | lrm: 0.98 | dt: 1176.29ms | tok/sec: 445,713 | bf16_mfu: 0.00 | epoch: 1 pq: 4 rg: 28 | total time: 7.05m | eta: 12.6m
step 00370/01008 (36.71%) | loss: 3.562924 | lrm: 0.98 | dt: 1175.49ms | tok/sec: 446,016 | bf16_mfu: 0.00 | epoch: 1 pq: 4 rg: 29 | total time: 7.07m | eta: 12.5m
step 00371/01008 (36.81%) | loss: 3.560657 | lrm: 0.97 | dt: 1171.73ms | tok/sec: 447,446 | bf16_mfu: 0.00 | epoch: 1 pq: 4 rg: 30 | total time: 7.09m | eta: 12.5m
step 00372/01008 (36.90%) | loss: 3.545651 | lrm: 0.97 | dt: 1173.20ms | tok/sec: 446,887 | bf16_mfu: 0.00 | epoch: 1 pq: 4 rg: 31 | total time: 7.11m | eta: 12.5m
step 00373/01008 (37.00%) | loss: 3.545776 | lrm: 0.97 | dt: 1174.81ms | tok/sec: 446,274 | bf16_mfu: 0.00 | epoch: 1 pq: 4 rg: 32 | total time: 7.13m | eta: 12.5m
step 00374/01008 (37.10%) | loss: 3.548981 | lrm: 0.97 | dt: 1174.36ms | tok/sec: 446,444 | bf16_mfu: 0.00 | epoch: 1 pq: 4 rg: 33 | total time: 7.15m | eta: 12.5m
step 00375/01008 (37.20%) | loss: 3.542990 | lrm: 0.97 | dt: 1173.47ms | tok/sec: 446,783 | bf16_mfu: 0.00 | epoch: 1 pq: 4 rg: 34 | total time: 7.17m | eta: 12.4m
step 00376/01008 (37.30%) | loss: 3.544690 | lrm: 0.97 | dt: 1172.40ms | tok/sec: 447,192 | bf16_mfu: 0.00 | epoch: 1 pq: 4 rg: 35 | total time: 7.19m | eta: 12.4m
step 00377/01008 (37.40%) | loss: 3.542081 | lrm: 0.97 | dt: 1174.40ms | tok/sec: 446,429 | bf16_mfu: 0.00 | epoch: 1 pq: 4 rg: 36 | total time: 7.21m | eta: 12.4m
step 00378/01008 (37.50%) | loss: 3.539628 | lrm: 0.96 | dt: 1175.19ms | tok/sec: 446,130 | bf16_mfu: 0.00 | epoch: 1 pq: 4 rg: 37 | total time: 7.23m | eta: 12.4m
step 00379/01008 (37.60%) | loss: 3.546820 | lrm: 0.96 | dt: 1172.83ms | tok/sec: 447,028 | bf16_mfu: 0.00 | epoch: 1 pq: 4 rg: 38 | total time: 7.25m | eta: 12.4m
step 00380/01008 (37.70%) | loss: 3.558574 | lrm: 0.96 | dt: 1172.92ms | tok/sec: 446,993 | bf16_mfu: 0.00 | epoch: 1 pq: 4 rg: 39 | total time: 7.27m | eta: 12.3m
step 00381/01008 (37.80%) | loss: 3.563042 | lrm: 0.96 | dt: 1174.88ms | tok/sec: 446,249 | bf16_mfu: 0.00 | epoch: 1 pq: 4 rg: 40 | total time: 7.29m | eta: 12.3m
step 00382/01008 (37.90%) | loss: 3.555987 | lrm: 0.96 | dt: 1176.96ms | tok/sec: 445,460 | bf16_mfu: 0.00 | epoch: 1 pq: 4 rg: 41 | total time: 7.31m | eta: 12.3m
step 00383/01008 (38.00%) | loss: 3.552738 | lrm: 0.96 | dt: 1175.10ms | tok/sec: 446,162 | bf16_mfu: 0.00 | epoch: 1 pq: 4 rg: 42 | total time: 7.32m | eta: 12.3m
step 00384/01008 (38.10%) | loss: 3.560564 | lrm: 0.96 | dt: 1175.89ms | tok/sec: 445,863 | bf16_mfu: 0.00 | epoch: 1 pq: 4 rg: 43 | total time: 7.34m | eta: 12.3m
step 00385/01008 (38.19%) | loss: 3.568462 | lrm: 0.95 | dt: 1177.61ms | tok/sec: 445,214 | bf16_mfu: 0.00 | epoch: 1 pq: 4 rg: 44 | total time: 7.36m | eta: 12.2m
step 00386/01008 (38.29%) | loss: 3.576567 | lrm: 0.95 | dt: 1176.56ms | tok/sec: 445,612 | bf16_mfu: 0.00 | epoch: 1 pq: 4 rg: 45 | total time: 7.38m | eta: 12.2m
step 00387/01008 (38.39%) | loss: 3.567552 | lrm: 0.95 | dt: 1175.83ms | tok/sec: 445,887 | bf16_mfu: 0.00 | epoch: 1 pq: 4 rg: 46 | total time: 7.40m | eta: 12.2m
step 00388/01008 (38.49%) | loss: 3.564943 | lrm: 0.95 | dt: 1172.04ms | tok/sec: 447,329 | bf16_mfu: 0.00 | epoch: 1 pq: 4 rg: 47 | total time: 7.42m | eta: 12.2m
step 00389/01008 (38.59%) | loss: 3.558711 | lrm: 0.95 | dt: 1174.80ms | tok/sec: 446,278 | bf16_mfu: 0.00 | epoch: 1 pq: 4 rg: 48 | total time: 7.44m | eta: 12.2m
step 00390/01008 (38.69%) | loss: 3.562078 | lrm: 0.95 | dt: 1175.87ms | tok/sec: 445,870 | bf16_mfu: 0.00 | epoch: 1 pq: 4 rg: 49 | total time: 7.46m | eta: 12.1m
step 00391/01008 (38.79%) | loss: 3.566302 | lrm: 0.94 | dt: 1175.26ms | tok/sec: 446,104 | bf16_mfu: 0.00 | epoch: 1 pq: 4 rg: 50 | total time: 7.48m | eta: 12.1m
step 00392/01008 (38.89%) | loss: 3.571636 | lrm: 0.94 | dt: 1174.13ms | tok/sec: 446,532 | bf16_mfu: 0.00 | epoch: 1 pq: 4 rg: 51 | total time: 7.50m | eta: 12.1m
step 00393/01008 (38.99%) | loss: 3.568537 | lrm: 0.94 | dt: 1173.20ms | tok/sec: 446,887 | bf16_mfu: 0.00 | epoch: 1 pq: 4 rg: 52 | total time: 7.52m | eta: 12.1m
step 00394/01008 (39.09%) | loss: 3.570651 | lrm: 0.94 | dt: 1175.83ms | tok/sec: 445,888 | bf16_mfu: 0.00 | epoch: 1 pq: 4 rg: 53 | total time: 7.54m | eta: 12.1m
step 00395/01008 (39.19%) | loss: 3.556610 | lrm: 0.94 | dt: 1175.87ms | tok/sec: 445,872 | bf16_mfu: 0.00 | epoch: 1 pq: 4 rg: 54 | total time: 7.56m | eta: 12.0m
step 00396/01008 (39.29%) | loss: 3.562291 | lrm: 0.94 | dt: 1174.44ms | tok/sec: 446,414 | bf16_mfu: 0.00 | epoch: 1 pq: 4 rg: 55 | total time: 7.58m | eta: 12.0m
step 00397/01008 (39.38%) | loss: 3.557228 | lrm: 0.94 | dt: 1172.78ms | tok/sec: 447,046 | bf16_mfu: 0.00 | epoch: 1 pq: 4 rg: 55 | total time: 7.60m | eta: 12.0m
step 00398/01008 (39.48%) | loss: 3.548746 | lrm: 0.93 | dt: 1175.04ms | tok/sec: 446,187 | bf16_mfu: 0.00 | epoch: 1 pq: 4 rg: 56 | total time: 7.62m | eta: 12.0m
step 00399/01008 (39.58%) | loss: 3.555173 | lrm: 0.93 | dt: 1175.97ms | tok/sec: 445,834 | bf16_mfu: 0.00 | epoch: 1 pq: 4 rg: 57 | total time: 7.64m | eta: 12.0m
step 00400/01008 (39.68%) | loss: 3.552171 | lrm: 0.93 | dt: 1177.64ms | tok/sec: 445,201 | bf16_mfu: 0.00 | epoch: 1 pq: 4 rg: 58 | total time: 7.66m | eta: 11.9m
step 00401/01008 (39.78%) | loss: 3.554924 | lrm: 0.93 | dt: 1173.77ms | tok/sec: 446,670 | bf16_mfu: 0.00 | epoch: 1 pq: 4 rg: 59 | total time: 7.68m | eta: 11.9m
step 00402/01008 (39.88%) | loss: 3.558387 | lrm: 0.93 | dt: 1173.51ms | tok/sec: 446,767 | bf16_mfu: 0.00 | epoch: 1 pq: 4 rg: 60 | total time: 7.70m | eta: 11.9m
step 00403/01008 (39.98%) | loss: 3.546477 | lrm: 0.93 | dt: 1175.05ms | tok/sec: 446,182 | bf16_mfu: 0.00 | epoch: 1 pq: 4 rg: 61 | total time: 7.72m | eta: 11.9m
step 00404/01008 (40.08%) | loss: 3.549884 | lrm: 0.93 | dt: 1177.17ms | tok/sec: 445,379 | bf16_mfu: 0.00 | epoch: 1 pq: 4 rg: 62 | total time: 7.74m | eta: 11.9m
step 00405/01008 (40.18%) | loss: 3.544603 | lrm: 0.92 | dt: 1174.20ms | tok/sec: 446,507 | bf16_mfu: 0.00 | epoch: 1 pq: 4 rg: 63 | total time: 7.76m | eta: 11.8m
step 00406/01008 (40.28%) | loss: 3.538992 | lrm: 0.92 | dt: 1172.68ms | tok/sec: 447,083 | bf16_mfu: 0.00 | epoch: 1 pq: 4 rg: 64 | total time: 7.78m | eta: 11.8m
step 00407/01008 (40.38%) | loss: 3.549132 | lrm: 0.92 | dt: 1173.37ms | tok/sec: 446,822 | bf16_mfu: 0.00 | epoch: 1 pq: 4 rg: 65 | total time: 7.79m | eta: 11.8m
step 00408/01008 (40.48%) | loss: 3.558167 | lrm: 0.92 | dt: 1174.42ms | tok/sec: 446,422 | bf16_mfu: 0.00 | epoch: 1 pq: 4 rg: 66 | total time: 7.81m | eta: 11.8m
step 00409/01008 (40.58%) | loss: 3.553404 | lrm: 0.92 | dt: 1174.20ms | tok/sec: 446,505 | bf16_mfu: 0.00 | epoch: 1 pq: 4 rg: 67 | total time: 7.83m | eta: 11.8m
step 00410/01008 (40.67%) | loss: 3.552625 | lrm: 0.92 | dt: 1172.84ms | tok/sec: 447,022 | bf16_mfu: 0.00 | epoch: 1 pq: 4 rg: 68 | total time: 7.85m | eta: 11.7m
step 00411/01008 (40.77%) | loss: 3.557186 | lrm: 0.92 | dt: 1172.46ms | tok/sec: 447,168 | bf16_mfu: 0.00 | epoch: 1 pq: 4 rg: 69 | total time: 7.87m | eta: 11.7m
step 00412/01008 (40.87%) | loss: 3.550741 | lrm: 0.91 | dt: 1175.26ms | tok/sec: 446,105 | bf16_mfu: 0.00 | epoch: 1 pq: 4 rg: 70 | total time: 7.89m | eta: 11.7m
step 00413/01008 (40.97%) | loss: 3.542748 | lrm: 0.91 | dt: 1174.10ms | tok/sec: 446,543 | bf16_mfu: 0.00 | epoch: 1 pq: 4 rg: 71 | total time: 7.91m | eta: 11.7m
step 00414/01008 (41.07%) | loss: 3.533543 | lrm: 0.91 | dt: 1173.46ms | tok/sec: 446,786 | bf16_mfu: 0.00 | epoch: 1 pq: 4 rg: 72 | total time: 7.93m | eta: 11.7m
step 00415/01008 (41.17%) | loss: 3.528035 | lrm: 0.91 | dt: 1174.92ms | tok/sec: 446,233 | bf16_mfu: 0.00 | epoch: 1 pq: 4 rg: 73 | total time: 7.95m | eta: 11.6m
step 00416/01008 (41.27%) | loss: 3.510274 | lrm: 0.91 | dt: 1176.51ms | tok/sec: 445,630 | bf16_mfu: 0.00 | epoch: 1 pq: 4 rg: 74 | total time: 7.97m | eta: 11.6m
step 00417/01008 (41.37%) | loss: 3.506459 | lrm: 0.91 | dt: 1178.03ms | tok/sec: 445,055 | bf16_mfu: 0.00 | epoch: 1 pq: 4 rg: 75 | total time: 7.99m | eta: 11.6m
step 00418/01008 (41.47%) | loss: 3.514044 | lrm: 0.91 | dt: 1176.11ms | tok/sec: 445,780 | bf16_mfu: 0.00 | epoch: 1 pq: 4 rg: 76 | total time: 8.01m | eta: 11.6m
step 00419/01008 (41.57%) | loss: 3.521472 | lrm: 0.90 | dt: 1172.86ms | tok/sec: 447,017 | bf16_mfu: 0.00 | epoch: 1 pq: 4 rg: 77 | total time: 8.03m | eta: 11.6m
step 00420/01008 (41.67%) | loss: 3.517113 | lrm: 0.90 | dt: 1177.80ms | tok/sec: 445,143 | bf16_mfu: 0.00 | epoch: 1 pq: 4 rg: 78 | total time: 8.05m | eta: 11.5m
step 00421/01008 (41.77%) | loss: 3.523631 | lrm: 0.90 | dt: 1176.82ms | tok/sec: 445,511 | bf16_mfu: 0.00 | epoch: 1 pq: 4 rg: 79 | total time: 8.07m | eta: 11.5m
step 00422/01008 (41.87%) | loss: 3.515292 | lrm: 0.90 | dt: 1177.33ms | tok/sec: 445,320 | bf16_mfu: 0.00 | epoch: 1 pq: 4 rg: 80 | total time: 8.09m | eta: 11.5m
step 00423/01008 (41.96%) | loss: 3.516255 | lrm: 0.90 | dt: 1173.49ms | tok/sec: 446,777 | bf16_mfu: 0.00 | epoch: 1 pq: 4 rg: 81 | total time: 8.11m | eta: 11.5m
step 00424/01008 (42.06%) | loss: 3.524943 | lrm: 0.90 | dt: 1175.12ms | tok/sec: 446,156 | bf16_mfu: 0.00 | epoch: 1 pq: 5 rg: 0 | total time: 8.13m | eta: 11.5m
step 00425/01008 (42.16%) | loss: 3.526845 | lrm: 0.90 | dt: 1176.36ms | tok/sec: 445,686 | bf16_mfu: 0.00 | epoch: 1 pq: 5 rg: 1 | total time: 8.15m | eta: 11.4m
step 00426/01008 (42.26%) | loss: 3.526650 | lrm: 0.89 | dt: 1177.19ms | tok/sec: 445,372 | bf16_mfu: 0.00 | epoch: 1 pq: 5 rg: 2 | total time: 8.17m | eta: 11.4m
step 00427/01008 (42.36%) | loss: 3.522496 | lrm: 0.89 | dt: 1175.57ms | tok/sec: 445,987 | bf16_mfu: 0.00 | epoch: 1 pq: 5 rg: 3 | total time: 8.19m | eta: 11.4m
step 00428/01008 (42.46%) | loss: 3.522728 | lrm: 0.89 | dt: 1174.62ms | tok/sec: 446,345 | bf16_mfu: 0.00 | epoch: 1 pq: 5 rg: 4 | total time: 8.21m | eta: 11.4m
step 00429/01008 (42.56%) | loss: 3.517051 | lrm: 0.89 | dt: 1176.04ms | tok/sec: 445,808 | bf16_mfu: 0.00 | epoch: 1 pq: 5 rg: 4 | total time: 8.23m | eta: 11.4m
step 00430/01008 (42.66%) | loss: 3.521213 | lrm: 0.89 | dt: 1176.17ms | tok/sec: 445,760 | bf16_mfu: 0.00 | epoch: 1 pq: 5 rg: 5 | total time: 8.25m | eta: 11.3m
step 00431/01008 (42.76%) | loss: 3.515419 | lrm: 0.89 | dt: 1173.94ms | tok/sec: 446,603 | bf16_mfu: 0.00 | epoch: 1 pq: 5 rg: 6 | total time: 8.26m | eta: 11.3m
step 00432/01008 (42.86%) | loss: 3.514394 | lrm: 0.89 | dt: 1172.12ms | tok/sec: 447,298 | bf16_mfu: 0.00 | epoch: 1 pq: 5 rg: 7 | total time: 8.28m | eta: 11.3m
step 00433/01008 (42.96%) | loss: 3.505965 | lrm: 0.88 | dt: 1174.06ms | tok/sec: 446,559 | bf16_mfu: 0.00 | epoch: 1 pq: 5 rg: 8 | total time: 8.30m | eta: 11.3m
step 00434/01008 (43.06%) | loss: 3.505207 | lrm: 0.88 | dt: 1176.18ms | tok/sec: 445,754 | bf16_mfu: 0.00 | epoch: 1 pq: 5 rg: 9 | total time: 8.32m | eta: 11.3m
step 00435/01008 (43.15%) | loss: 3.506138 | lrm: 0.88 | dt: 1176.41ms | tok/sec: 445,665 | bf16_mfu: 0.00 | epoch: 1 pq: 5 rg: 10 | total time: 8.34m | eta: 11.2m
step 00436/01008 (43.25%) | loss: 3.512194 | lrm: 0.88 | dt: 1173.83ms | tok/sec: 446,645 | bf16_mfu: 0.00 | epoch: 1 pq: 5 rg: 11 | total time: 8.36m | eta: 11.2m
step 00437/01008 (43.35%) | loss: 3.508909 | lrm: 0.88 | dt: 1175.43ms | tok/sec: 446,040 | bf16_mfu: 0.00 | epoch: 1 pq: 5 rg: 12 | total time: 8.38m | eta: 11.2m
step 00438/01008 (43.45%) | loss: 3.492414 | lrm: 0.88 | dt: 1177.31ms | tok/sec: 445,327 | bf16_mfu: 0.00 | epoch: 1 pq: 5 rg: 13 | total time: 8.40m | eta: 11.2m
step 00439/01008 (43.55%) | loss: 3.496553 | lrm: 0.88 | dt: 1177.37ms | tok/sec: 445,303 | bf16_mfu: 0.00 | epoch: 1 pq: 5 rg: 14 | total time: 8.42m | eta: 11.2m
step 00440/01008 (43.65%) | loss: 3.489741 | lrm: 0.87 | dt: 1174.97ms | tok/sec: 446,215 | bf16_mfu: 0.00 | epoch: 1 pq: 5 rg: 15 | total time: 8.44m | eta: 11.2m
step 00441/01008 (43.75%) | loss: 3.491891 | lrm: 0.87 | dt: 1172.39ms | tok/sec: 447,195 | bf16_mfu: 0.00 | epoch: 1 pq: 5 rg: 16 | total time: 8.46m | eta: 11.1m
step 00442/01008 (43.85%) | loss: 3.492669 | lrm: 0.87 | dt: 1174.67ms | tok/sec: 446,327 | bf16_mfu: 0.00 | epoch: 1 pq: 5 rg: 17 | total time: 8.48m | eta: 11.1m
step 00443/01008 (43.95%) | loss: 3.496410 | lrm: 0.87 | dt: 1174.49ms | tok/sec: 446,395 | bf16_mfu: 0.00 | epoch: 1 pq: 5 rg: 18 | total time: 8.50m | eta: 11.1m
step 00444/01008 (44.05%) | loss: 3.482927 | lrm: 0.87 | dt: 1175.36ms | tok/sec: 446,064 | bf16_mfu: 0.00 | epoch: 1 pq: 5 rg: 19 | total time: 8.52m | eta: 11.1m
step 00445/01008 (44.15%) | loss: 3.469223 | lrm: 0.87 | dt: 1173.80ms | tok/sec: 446,659 | bf16_mfu: 0.00 | epoch: 1 pq: 5 rg: 20 | total time: 8.54m | eta: 11.1m
step 00446/01008 (44.25%) | loss: 3.469908 | lrm: 0.87 | dt: 1173.67ms | tok/sec: 446,708 | bf16_mfu: 0.00 | epoch: 1 pq: 5 rg: 21 | total time: 8.56m | eta: 11.0m
step 00447/01008 (44.35%) | loss: 3.466587 | lrm: 0.86 | dt: 1174.78ms | tok/sec: 446,284 | bf16_mfu: 0.00 | epoch: 1 pq: 5 rg: 22 | total time: 8.58m | eta: 11.0m
step 00448/01008 (44.44%) | loss: 3.458576 | lrm: 0.86 | dt: 1175.02ms | tok/sec: 446,196 | bf16_mfu: 0.00 | epoch: 1 pq: 5 rg: 23 | total time: 8.60m | eta: 11.0m
step 00449/01008 (44.54%) | loss: 3.462472 | lrm: 0.86 | dt: 1174.28ms | tok/sec: 446,476 | bf16_mfu: 0.00 | epoch: 1 pq: 5 rg: 24 | total time: 8.62m | eta: 11.0m
step 00450/01008 (44.64%) | loss: 3.469105 | lrm: 0.86 | dt: 1171.22ms | tok/sec: 447,643 | bf16_mfu: 0.00 | epoch: 1 pq: 5 rg: 25 | total time: 8.64m | eta: 11.0m
step 00451/01008 (44.74%) | loss: 3.478617 | lrm: 0.86 | dt: 1176.81ms | tok/sec: 445,516 | bf16_mfu: 0.00 | epoch: 1 pq: 5 rg: 26 | total time: 8.66m | eta: 10.9m
step 00452/01008 (44.84%) | loss: 3.483686 | lrm: 0.86 | dt: 1176.76ms | tok/sec: 445,535 | bf16_mfu: 0.00 | epoch: 1 pq: 5 rg: 27 | total time: 8.68m | eta: 10.9m
step 00453/01008 (44.94%) | loss: 3.495246 | lrm: 0.85 | dt: 1178.61ms | tok/sec: 444,834 | bf16_mfu: 0.00 | epoch: 1 pq: 5 rg: 28 | total time: 8.70m | eta: 10.9m
step 00454/01008 (45.04%) | loss: 3.499904 | lrm: 0.85 | dt: 1173.56ms | tok/sec: 446,748 | bf16_mfu: 0.00 | epoch: 1 pq: 5 rg: 29 | total time: 8.72m | eta: 10.9m
step 00455/01008 (45.14%) | loss: 3.486198 | lrm: 0.85 | dt: 1173.71ms | tok/sec: 446,693 | bf16_mfu: 0.00 | epoch: 1 pq: 5 rg: 29 | total time: 8.73m | eta: 10.9m
step 00456/01008 (45.24%) | loss: 3.485119 | lrm: 0.85 | dt: 1176.77ms | tok/sec: 445,530 | bf16_mfu: 0.00 | epoch: 1 pq: 5 rg: 30 | total time: 8.75m | eta: 10.8m
step 00457/01008 (45.34%) | loss: 3.482757 | lrm: 0.85 | dt: 1177.44ms | tok/sec: 445,279 | bf16_mfu: 0.00 | epoch: 1 pq: 5 rg: 31 | total time: 8.77m | eta: 10.8m
step 00458/01008 (45.44%) | loss: 3.488264 | lrm: 0.85 | dt: 1174.94ms | tok/sec: 446,226 | bf16_mfu: 0.00 | epoch: 1 pq: 5 rg: 32 | total time: 8.79m | eta: 10.8m
step 00459/01008 (45.54%) | loss: 3.483864 | lrm: 0.85 | dt: 1172.44ms | tok/sec: 447,177 | bf16_mfu: 0.00 | epoch: 1 pq: 5 rg: 33 | total time: 8.81m | eta: 10.8m
step 00460/01008 (45.63%) | loss: 3.473087 | lrm: 0.84 | dt: 1175.57ms | tok/sec: 445,986 | bf16_mfu: 0.00 | epoch: 1 pq: 5 rg: 34 | total time: 8.83m | eta: 10.8m
step 00461/01008 (45.73%) | loss: 3.471954 | lrm: 0.84 | dt: 1174.63ms | tok/sec: 446,344 | bf16_mfu: 0.00 | epoch: 1 pq: 5 rg: 35 | total time: 8.85m | eta: 10.7m
step 00462/01008 (45.83%) | loss: 3.463367 | lrm: 0.84 | dt: 1174.36ms | tok/sec: 446,444 | bf16_mfu: 0.00 | epoch: 1 pq: 5 rg: 36 | total time: 8.87m | eta: 10.7m
step 00463/01008 (45.93%) | loss: 3.468089 | lrm: 0.84 | dt: 1171.96ms | tok/sec: 447,360 | bf16_mfu: 0.00 | epoch: 1 pq: 5 rg: 37 | total time: 8.89m | eta: 10.7m
step 00464/01008 (46.03%) | loss: 3.464947 | lrm: 0.84 | dt: 1173.65ms | tok/sec: 446,715 | bf16_mfu: 0.00 | epoch: 1 pq: 5 rg: 38 | total time: 8.91m | eta: 10.7m
step 00465/01008 (46.13%) | loss: 3.469655 | lrm: 0.84 | dt: 1174.33ms | tok/sec: 446,456 | bf16_mfu: 0.00 | epoch: 1 pq: 5 rg: 39 | total time: 8.93m | eta: 10.7m
step 00466/01008 (46.23%) | loss: 3.472535 | lrm: 0.84 | dt: 1174.11ms | tok/sec: 446,541 | bf16_mfu: 0.00 | epoch: 1 pq: 5 rg: 40 | total time: 8.95m | eta: 10.6m
step 00467/01008 (46.33%) | loss: 3.470423 | lrm: 0.83 | dt: 1170.98ms | tok/sec: 447,732 | bf16_mfu: 0.00 | epoch: 1 pq: 5 rg: 41 | total time: 8.97m | eta: 10.6m
step 00468/01008 (46.43%) | loss: 3.468155 | lrm: 0.83 | dt: 1171.43ms | tok/sec: 447,561 | bf16_mfu: 0.00 | epoch: 1 pq: 5 rg: 42 | total time: 8.99m | eta: 10.6m
step 00469/01008 (46.53%) | loss: 3.477764 | lrm: 0.83 | dt: 1175.82ms | tok/sec: 445,893 | bf16_mfu: 0.00 | epoch: 1 pq: 5 rg: 43 | total time: 9.01m | eta: 10.6m
step 00470/01008 (46.63%) | loss: 3.469950 | lrm: 0.83 | dt: 1176.90ms | tok/sec: 445,482 | bf16_mfu: 0.00 | epoch: 1 pq: 5 rg: 44 | total time: 9.03m | eta: 10.6m
step 00471/01008 (46.73%) | loss: 3.462952 | lrm: 0.83 | dt: 1174.71ms | tok/sec: 446,311 | bf16_mfu: 0.00 | epoch: 1 pq: 5 rg: 45 | total time: 9.05m | eta: 10.5m
step 00472/01008 (46.83%) | loss: 3.454329 | lrm: 0.83 | dt: 1176.23ms | tok/sec: 445,734 | bf16_mfu: 0.00 | epoch: 1 pq: 5 rg: 46 | total time: 9.07m | eta: 10.5m
step 00473/01008 (46.92%) | loss: 3.452903 | lrm: 0.83 | dt: 1176.86ms | tok/sec: 445,496 | bf16_mfu: 0.00 | epoch: 1 pq: 5 rg: 47 | total time: 9.09m | eta: 10.5m
step 00474/01008 (47.02%) | loss: 3.466302 | lrm: 0.82 | dt: 1175.82ms | tok/sec: 445,892 | bf16_mfu: 0.00 | epoch: 1 pq: 5 rg: 48 | total time: 9.11m | eta: 10.5m
step 00475/01008 (47.12%) | loss: 3.465642 | lrm: 0.82 | dt: 1175.97ms | tok/sec: 445,833 | bf16_mfu: 0.00 | epoch: 1 pq: 5 rg: 49 | total time: 9.13m | eta: 10.5m
step 00476/01008 (47.22%) | loss: 3.462395 | lrm: 0.82 | dt: 1172.70ms | tok/sec: 447,079 | bf16_mfu: 0.00 | epoch: 1 pq: 5 rg: 50 | total time: 9.15m | eta: 10.4m
step 00477/01008 (47.32%) | loss: 3.464681 | lrm: 0.82 | dt: 1174.38ms | tok/sec: 446,438 | bf16_mfu: 0.00 | epoch: 1 pq: 5 rg: 51 | total time: 9.17m | eta: 10.4m
step 00478/01008 (47.42%) | loss: 3.460999 | lrm: 0.82 | dt: 1174.35ms | tok/sec: 446,449 | bf16_mfu: 0.00 | epoch: 1 pq: 5 rg: 52 | total time: 9.19m | eta: 10.4m
step 00479/01008 (47.52%) | loss: 3.456764 | lrm: 0.82 | dt: 1175.45ms | tok/sec: 446,031 | bf16_mfu: 0.00 | epoch: 1 pq: 5 rg: 53 | total time: 9.20m | eta: 10.4m
step 00480/01008 (47.62%) | loss: 3.438994 | lrm: 0.82 | dt: 1173.24ms | tok/sec: 446,872 | bf16_mfu: 0.00 | epoch: 1 pq: 5 rg: 54 | total time: 9.22m | eta: 10.4m
step 00481/01008 (47.72%) | loss: 3.443342 | lrm: 0.81 | dt: 1173.57ms | tok/sec: 446,746 | bf16_mfu: 0.00 | epoch: 1 pq: 5 rg: 55 | total time: 9.24m | eta: 10.3m
step 00482/01008 (47.82%) | loss: 3.443121 | lrm: 0.81 | dt: 1174.85ms | tok/sec: 446,261 | bf16_mfu: 0.00 | epoch: 1 pq: 5 rg: 56 | total time: 9.26m | eta: 10.3m
step 00483/01008 (47.92%) | loss: 3.443305 | lrm: 0.81 | dt: 1172.88ms | tok/sec: 447,009 | bf16_mfu: 0.00 | epoch: 1 pq: 5 rg: 57 | total time: 9.28m | eta: 10.3m
step 00484/01008 (48.02%) | loss: 3.429305 | lrm: 0.81 | dt: 1171.51ms | tok/sec: 447,533 | bf16_mfu: 0.00 | epoch: 1 pq: 5 rg: 58 | total time: 9.30m | eta: 10.3m
step 00485/01008 (48.12%) | loss: 3.420311 | lrm: 0.81 | dt: 1172.43ms | tok/sec: 447,179 | bf16_mfu: 0.00 | epoch: 1 pq: 5 rg: 59 | total time: 9.32m | eta: 10.3m
step 00486/01008 (48.21%) | loss: 3.421558 | lrm: 0.81 | dt: 1176.48ms | tok/sec: 445,640 | bf16_mfu: 0.00 | epoch: 1 pq: 5 rg: 60 | total time: 9.34m | eta: 10.2m
step 00487/01008 (48.31%) | loss: 3.406130 | lrm: 0.81 | dt: 1177.32ms | tok/sec: 445,322 | bf16_mfu: 0.00 | epoch: 1 pq: 5 rg: 61 | total time: 9.36m | eta: 10.2m
step 00488/01008 (48.41%) | loss: 3.422908 | lrm: 0.80 | dt: 1177.02ms | tok/sec: 445,436 | bf16_mfu: 0.00 | epoch: 1 pq: 5 rg: 61 | total time: 9.38m | eta: 10.2m
step 00489/01008 (48.51%) | loss: 3.420302 | lrm: 0.80 | dt: 1174.46ms | tok/sec: 446,405 | bf16_mfu: 0.00 | epoch: 1 pq: 5 rg: 62 | total time: 9.40m | eta: 10.2m
step 00490/01008 (48.61%) | loss: 3.419621 | lrm: 0.80 | dt: 1177.54ms | tok/sec: 445,241 | bf16_mfu: 0.00 | epoch: 1 pq: 5 rg: 63 | total time: 9.42m | eta: 10.2m
step 00491/01008 (48.71%) | loss: 3.420182 | lrm: 0.80 | dt: 1177.31ms | tok/sec: 445,328 | bf16_mfu: 0.00 | epoch: 1 pq: 5 rg: 64 | total time: 9.44m | eta: 10.1m
step 00492/01008 (48.81%) | loss: 3.417332 | lrm: 0.80 | dt: 1176.84ms | tok/sec: 445,503 | bf16_mfu: 0.00 | epoch: 1 pq: 5 rg: 65 | total time: 9.46m | eta: 10.1m
step 00493/01008 (48.91%) | loss: 3.420939 | lrm: 0.80 | dt: 1174.88ms | tok/sec: 446,248 | bf16_mfu: 0.00 | epoch: 1 pq: 5 rg: 66 | total time: 9.48m | eta: 10.1m
step 00494/01008 (49.01%) | loss: 3.419963 | lrm: 0.80 | dt: 1173.96ms | tok/sec: 446,598 | bf16_mfu: 0.00 | epoch: 1 pq: 5 rg: 67 | total time: 9.50m | eta: 10.1m
step 00495/01008 (49.11%) | loss: 3.411899 | lrm: 0.79 | dt: 1176.13ms | tok/sec: 445,773 | bf16_mfu: 0.00 | epoch: 1 pq: 5 rg: 68 | total time: 9.52m | eta: 10.1m
step 00496/01008 (49.21%) | loss: 3.415045 | lrm: 0.79 | dt: 1175.62ms | tok/sec: 445,966 | bf16_mfu: 0.00 | epoch: 1 pq: 5 rg: 69 | total time: 9.54m | eta: 10.0m
step 00497/01008 (49.31%) | loss: 3.426321 | lrm: 0.79 | dt: 1176.09ms | tok/sec: 445,789 | bf16_mfu: 0.00 | epoch: 1 pq: 5 rg: 70 | total time: 9.56m | eta: 10.0m
step 00498/01008 (49.40%) | loss: 3.423491 | lrm: 0.79 | dt: 1172.10ms | tok/sec: 447,308 | bf16_mfu: 0.00 | epoch: 1 pq: 5 rg: 71 | total time: 9.58m | eta: 10.0m
step 00499/01008 (49.50%) | loss: 3.429533 | lrm: 0.79 | dt: 1173.45ms | tok/sec: 446,792 | bf16_mfu: 0.00 | epoch: 1 pq: 5 rg: 72 | total time: 9.60m | eta: 10.0m
Step 00500 | Validation bpb: 1.041374
step 00500/01008 (49.60%) | loss: 3.438365 | lrm: 0.79 | dt: 1157.46ms | tok/sec: 452,964 | bf16_mfu: 0.00 | epoch: 1 pq: 5 rg: 73 | total time: 9.62m | eta: 10.0m
step 00501/01008 (49.70%) | loss: 3.431030 | lrm: 0.79 | dt: 1165.03ms | tok/sec: 450,020 | bf16_mfu: 0.00 | epoch: 1 pq: 5 rg: 74 | total time: 9.64m | eta: 9.9m
step 00502/01008 (49.80%) | loss: 3.427446 | lrm: 0.78 | dt: 1161.39ms | tok/sec: 451,430 | bf16_mfu: 0.00 | epoch: 1 pq: 5 rg: 75 | total time: 9.65m | eta: 9.9m
step 00503/01008 (49.90%) | loss: 3.417684 | lrm: 0.78 | dt: 1164.57ms | tok/sec: 450,198 | bf16_mfu: 0.00 | epoch: 1 pq: 5 rg: 76 | total time: 9.67m | eta: 9.9m
step 00504/01008 (50.00%) | loss: 3.413567 | lrm: 0.78 | dt: 1170.39ms | tok/sec: 447,961 | bf16_mfu: 0.00 | epoch: 1 pq: 5 rg: 77 | total time: 9.69m | eta: 9.9m
step 00505/01008 (50.10%) | loss: 3.418975 | lrm: 0.78 | dt: 1168.79ms | tok/sec: 448,572 | bf16_mfu: 0.00 | epoch: 1 pq: 5 rg: 78 | total time: 9.71m | eta: 9.9m
step 00506/01008 (50.20%) | loss: 3.409252 | lrm: 0.78 | dt: 1165.74ms | tok/sec: 449,746 | bf16_mfu: 0.00 | epoch: 1 pq: 5 rg: 79 | total time: 9.73m | eta: 9.9m
step 00507/01008 (50.30%) | loss: 3.410368 | lrm: 0.78 | dt: 1167.97ms | tok/sec: 448,887 | bf16_mfu: 0.00 | epoch: 1 pq: 5 rg: 80 | total time: 9.75m | eta: 9.8m
step 00508/01008 (50.40%) | loss: 3.410924 | lrm: 0.78 | dt: 1169.92ms | tok/sec: 448,139 | bf16_mfu: 0.00 | epoch: 1 pq: 5 rg: 81 | total time: 9.77m | eta: 9.8m
step 00509/01008 (50.50%) | loss: 3.417135 | lrm: 0.77 | dt: 1166.67ms | tok/sec: 449,389 | bf16_mfu: 0.00 | epoch: 1 pq: 5 rg: 82 | total time: 9.79m | eta: 9.8m
step 00510/01008 (50.60%) | loss: 3.402056 | lrm: 0.77 | dt: 1165.78ms | tok/sec: 449,729 | bf16_mfu: 0.00 | epoch: 1 pq: 6 rg: 0 | total time: 9.81m | eta: 9.8m
step 00511/01008 (50.69%) | loss: 3.399216 | lrm: 0.77 | dt: 1167.75ms | tok/sec: 448,971 | bf16_mfu: 0.00 | epoch: 1 pq: 6 rg: 1 | total time: 9.83m | eta: 9.8m
step 00512/01008 (50.79%) | loss: 3.402627 | lrm: 0.77 | dt: 1167.98ms | tok/sec: 448,885 | bf16_mfu: 0.00 | epoch: 1 pq: 6 rg: 2 | total time: 9.85m | eta: 9.7m
step 00513/01008 (50.89%) | loss: 3.392532 | lrm: 0.77 | dt: 1164.49ms | tok/sec: 450,230 | bf16_mfu: 0.00 | epoch: 1 pq: 6 rg: 3 | total time: 9.87m | eta: 9.7m
step 00514/01008 (50.99%) | loss: 3.393474 | lrm: 0.77 | dt: 1167.48ms | tok/sec: 449,076 | bf16_mfu: 0.00 | epoch: 1 pq: 6 rg: 4 | total time: 9.89m | eta: 9.7m
step 00515/01008 (51.09%) | loss: 3.395341 | lrm: 0.77 | dt: 1167.42ms | tok/sec: 449,098 | bf16_mfu: 0.00 | epoch: 1 pq: 6 rg: 5 | total time: 9.91m | eta: 9.7m
step 00516/01008 (51.19%) | loss: 3.397680 | lrm: 0.76 | dt: 1167.09ms | tok/sec: 449,224 | bf16_mfu: 0.00 | epoch: 1 pq: 6 rg: 6 | total time: 9.93m | eta: 9.7m
step 00517/01008 (51.29%) | loss: 3.388690 | lrm: 0.76 | dt: 1166.27ms | tok/sec: 449,541 | bf16_mfu: 0.00 | epoch: 1 pq: 6 rg: 7 | total time: 9.95m | eta: 9.6m
step 00518/01008 (51.39%) | loss: 3.383227 | lrm: 0.76 | dt: 1169.76ms | tok/sec: 448,200 | bf16_mfu: 0.00 | epoch: 1 pq: 6 rg: 8 | total time: 9.97m | eta: 9.6m
step 00519/01008 (51.49%) | loss: 3.387081 | lrm: 0.76 | dt: 1169.91ms | tok/sec: 448,143 | bf16_mfu: 0.00 | epoch: 1 pq: 6 rg: 9 | total time: 9.99m | eta: 9.6m
step 00520/01008 (51.59%) | loss: 3.380419 | lrm: 0.76 | dt: 1167.13ms | tok/sec: 449,211 | bf16_mfu: 0.00 | epoch: 1 pq: 6 rg: 9 | total time: 10.00m | eta: 9.6m
step 00521/01008 (51.69%) | loss: 3.385163 | lrm: 0.76 | dt: 1167.01ms | tok/sec: 449,258 | bf16_mfu: 0.00 | epoch: 1 pq: 6 rg: 10 | total time: 10.02m | eta: 9.6m
step 00522/01008 (51.79%) | loss: 3.379322 | lrm: 0.75 | dt: 1171.60ms | tok/sec: 447,498 | bf16_mfu: 0.00 | epoch: 1 pq: 6 rg: 11 | total time: 10.04m | eta: 9.5m
step 00523/01008 (51.88%) | loss: 3.385286 | lrm: 0.75 | dt: 1171.85ms | tok/sec: 447,402 | bf16_mfu: 0.00 | epoch: 1 pq: 6 rg: 12 | total time: 10.06m | eta: 9.5m
step 00524/01008 (51.98%) | loss: 3.388530 | lrm: 0.75 | dt: 1169.25ms | tok/sec: 448,398 | bf16_mfu: 0.00 | epoch: 1 pq: 6 rg: 13 | total time: 10.08m | eta: 9.5m
step 00525/01008 (52.08%) | loss: 3.394154 | lrm: 0.75 | dt: 1171.70ms | tok/sec: 447,459 | bf16_mfu: 0.00 | epoch: 1 pq: 6 rg: 14 | total time: 10.10m | eta: 9.5m
step 00526/01008 (52.18%) | loss: 3.377792 | lrm: 0.75 | dt: 1171.95ms | tok/sec: 447,362 | bf16_mfu: 0.00 | epoch: 1 pq: 6 rg: 15 | total time: 10.12m | eta: 9.5m
step 00527/01008 (52.28%) | loss: 3.365409 | lrm: 0.75 | dt: 1169.64ms | tok/sec: 448,248 | bf16_mfu: 0.00 | epoch: 1 pq: 6 rg: 16 | total time: 10.14m | eta: 9.4m
step 00528/01008 (52.38%) | loss: 3.368528 | lrm: 0.75 | dt: 1167.89ms | tok/sec: 448,920 | bf16_mfu: 0.00 | epoch: 1 pq: 6 rg: 17 | total time: 10.16m | eta: 9.4m
step 00529/01008 (52.48%) | loss: 3.374936 | lrm: 0.74 | dt: 1170.00ms | tok/sec: 448,110 | bf16_mfu: 0.00 | epoch: 1 pq: 6 rg: 18 | total time: 10.18m | eta: 9.4m
step 00530/01008 (52.58%) | loss: 3.381636 | lrm: 0.74 | dt: 1170.80ms | tok/sec: 447,803 | bf16_mfu: 0.00 | epoch: 1 pq: 6 rg: 19 | total time: 10.20m | eta: 9.4m
step 00531/01008 (52.68%) | loss: 3.377595 | lrm: 0.74 | dt: 1168.29ms | tok/sec: 448,764 | bf16_mfu: 0.00 | epoch: 1 pq: 6 rg: 20 | total time: 10.22m | eta: 9.4m
step 00532/01008 (52.78%) | loss: 3.388514 | lrm: 0.74 | dt: 1167.76ms | tok/sec: 448,970 | bf16_mfu: 0.00 | epoch: 1 pq: 6 rg: 21 | total time: 10.24m | eta: 9.3m
step 00533/01008 (52.88%) | loss: 3.376209 | lrm: 0.74 | dt: 1169.60ms | tok/sec: 448,261 | bf16_mfu: 0.00 | epoch: 1 pq: 6 rg: 22 | total time: 10.26m | eta: 9.3m
step 00534/01008 (52.98%) | loss: 3.384330 | lrm: 0.74 | dt: 1170.97ms | tok/sec: 447,739 | bf16_mfu: 0.00 | epoch: 1 pq: 6 rg: 23 | total time: 10.28m | eta: 9.3m
step 00535/01008 (53.08%) | loss: 3.382097 | lrm: 0.74 | dt: 1168.10ms | tok/sec: 448,839 | bf16_mfu: 0.00 | epoch: 1 pq: 6 rg: 24 | total time: 10.30m | eta: 9.3m
step 00536/01008 (53.17%) | loss: 3.384533 | lrm: 0.73 | dt: 1171.36ms | tok/sec: 447,589 | bf16_mfu: 0.00 | epoch: 1 pq: 6 rg: 25 | total time: 10.32m | eta: 9.3m
step 00537/01008 (53.27%) | loss: 3.388223 | lrm: 0.73 | dt: 1170.77ms | tok/sec: 447,813 | bf16_mfu: 0.00 | epoch: 1 pq: 6 rg: 26 | total time: 10.34m | eta: 9.2m
step 00538/01008 (53.37%) | loss: 3.380009 | lrm: 0.73 | dt: 1172.27ms | tok/sec: 447,243 | bf16_mfu: 0.00 | epoch: 1 pq: 6 rg: 27 | total time: 10.36m | eta: 9.2m
step 00539/01008 (53.47%) | loss: 3.379332 | lrm: 0.73 | dt: 1170.58ms | tok/sec: 447,885 | bf16_mfu: 0.00 | epoch: 1 pq: 6 rg: 28 | total time: 10.38m | eta: 9.2m
step 00540/01008 (53.57%) | loss: 3.369204 | lrm: 0.73 | dt: 1172.28ms | tok/sec: 447,237 | bf16_mfu: 0.00 | epoch: 1 pq: 6 rg: 29 | total time: 10.39m | eta: 9.2m
step 00541/01008 (53.67%) | loss: 3.354224 | lrm: 0.73 | dt: 1173.39ms | tok/sec: 446,815 | bf16_mfu: 0.00 | epoch: 1 pq: 6 rg: 30 | total time: 10.41m | eta: 9.2m
step 00542/01008 (53.77%) | loss: 3.357515 | lrm: 0.73 | dt: 1172.69ms | tok/sec: 447,081 | bf16_mfu: 0.00 | epoch: 1 pq: 6 rg: 31 | total time: 10.43m | eta: 9.1m
step 00543/01008 (53.87%) | loss: 3.359200 | lrm: 0.72 | dt: 1171.69ms | tok/sec: 447,464 | bf16_mfu: 0.00 | epoch: 1 pq: 6 rg: 32 | total time: 10.45m | eta: 9.1m
step 00544/01008 (53.97%) | loss: 3.360054 | lrm: 0.72 | dt: 1170.12ms | tok/sec: 448,061 | bf16_mfu: 0.00 | epoch: 1 pq: 6 rg: 33 | total time: 10.47m | eta: 9.1m
step 00545/01008 (54.07%) | loss: 3.363646 | lrm: 0.72 | dt: 1171.78ms | tok/sec: 447,430 | bf16_mfu: 0.00 | epoch: 1 pq: 6 rg: 34 | total time: 10.49m | eta: 9.1m
step 00546/01008 (54.17%) | loss: 3.376241 | lrm: 0.72 | dt: 1171.41ms | tok/sec: 447,568 | bf16_mfu: 0.00 | epoch: 1 pq: 6 rg: 34 | total time: 10.51m | eta: 9.1m
step 00547/01008 (54.27%) | loss: 3.375246 | lrm: 0.72 | dt: 1169.51ms | tok/sec: 448,296 | bf16_mfu: 0.00 | epoch: 1 pq: 6 rg: 35 | total time: 10.53m | eta: 9.0m
step 00548/01008 (54.37%) | loss: 3.372072 | lrm: 0.72 | dt: 1168.81ms | tok/sec: 448,566 | bf16_mfu: 0.00 | epoch: 1 pq: 6 rg: 36 | total time: 10.55m | eta: 9.0m
step 00549/01008 (54.46%) | loss: 3.364121 | lrm: 0.72 | dt: 1171.77ms | tok/sec: 447,434 | bf16_mfu: 0.00 | epoch: 1 pq: 6 rg: 37 | total time: 10.57m | eta: 9.0m
step 00550/01008 (54.56%) | loss: 3.356340 | lrm: 0.71 | dt: 1171.29ms | tok/sec: 447,614 | bf16_mfu: 0.00 | epoch: 1 pq: 6 rg: 38 | total time: 10.59m | eta: 9.0m
step 00551/01008 (54.66%) | loss: 3.354689 | lrm: 0.71 | dt: 1169.31ms | tok/sec: 448,373 | bf16_mfu: 0.00 | epoch: 1 pq: 6 rg: 39 | total time: 10.61m | eta: 9.0m
step 00552/01008 (54.76%) | loss: 3.359255 | lrm: 0.71 | dt: 1171.08ms | tok/sec: 447,695 | bf16_mfu: 0.00 | epoch: 1 pq: 6 rg: 40 | total time: 10.63m | eta: 8.9m
step 00553/01008 (54.86%) | loss: 3.354815 | lrm: 0.71 | dt: 1172.08ms | tok/sec: 447,313 | bf16_mfu: 0.00 | epoch: 1 pq: 6 rg: 41 | total time: 10.65m | eta: 8.9m
step 00554/01008 (54.96%) | loss: 3.349432 | lrm: 0.71 | dt: 1172.02ms | tok/sec: 447,336 | bf16_mfu: 0.00 | epoch: 1 pq: 6 rg: 42 | total time: 10.67m | eta: 8.9m
step 00555/01008 (55.06%) | loss: 3.358186 | lrm: 0.71 | dt: 1170.18ms | tok/sec: 448,039 | bf16_mfu: 0.00 | epoch: 1 pq: 6 rg: 43 | total time: 10.69m | eta: 8.9m
step 00556/01008 (55.16%) | loss: 3.351023 | lrm: 0.71 | dt: 1172.45ms | tok/sec: 447,174 | bf16_mfu: 0.00 | epoch: 1 pq: 6 rg: 44 | total time: 10.71m | eta: 8.9m
step 00557/01008 (55.26%) | loss: 3.353787 | lrm: 0.70 | dt: 1174.94ms | tok/sec: 446,224 | bf16_mfu: 0.00 | epoch: 1 pq: 6 rg: 45 | total time: 10.73m | eta: 8.8m
step 00558/01008 (55.36%) | loss: 3.342734 | lrm: 0.70 | dt: 1175.97ms | tok/sec: 445,836 | bf16_mfu: 0.00 | epoch: 1 pq: 6 rg: 46 | total time: 10.75m | eta: 8.8m
step 00559/01008 (55.46%) | loss: 3.346873 | lrm: 0.70 | dt: 1172.66ms | tok/sec: 447,094 | bf16_mfu: 0.00 | epoch: 1 pq: 6 rg: 47 | total time: 10.77m | eta: 8.8m
step 00560/01008 (55.56%) | loss: 3.359162 | lrm: 0.70 | dt: 1173.13ms | tok/sec: 446,914 | bf16_mfu: 0.00 | epoch: 1 pq: 6 rg: 48 | total time: 10.79m | eta: 8.8m
step 00561/01008 (55.65%) | loss: 3.357830 | lrm: 0.70 | dt: 1173.38ms | tok/sec: 446,818 | bf16_mfu: 0.00 | epoch: 1 pq: 6 rg: 49 | total time: 10.80m | eta: 8.8m
step 00562/01008 (55.75%) | loss: 3.345902 | lrm: 0.70 | dt: 1172.61ms | tok/sec: 447,110 | bf16_mfu: 0.00 | epoch: 1 pq: 6 rg: 50 | total time: 10.82m | eta: 8.7m
step 00563/01008 (55.85%) | loss: 3.343523 | lrm: 0.70 | dt: 1170.31ms | tok/sec: 447,990 | bf16_mfu: 0.00 | epoch: 1 pq: 6 rg: 51 | total time: 10.84m | eta: 8.7m
step 00564/01008 (55.95%) | loss: 3.346982 | lrm: 0.69 | dt: 1170.96ms | tok/sec: 447,740 | bf16_mfu: 0.00 | epoch: 1 pq: 6 rg: 52 | total time: 10.86m | eta: 8.7m
step 00565/01008 (56.05%) | loss: 3.352414 | lrm: 0.69 | dt: 1171.83ms | tok/sec: 447,408 | bf16_mfu: 0.00 | epoch: 1 pq: 6 rg: 53 | total time: 10.88m | eta: 8.7m
step 00566/01008 (56.15%) | loss: 3.360958 | lrm: 0.69 | dt: 1172.98ms | tok/sec: 446,972 | bf16_mfu: 0.00 | epoch: 1 pq: 6 rg: 54 | total time: 10.90m | eta: 8.7m
step 00567/01008 (56.25%) | loss: 3.354556 | lrm: 0.69 | dt: 1170.20ms | tok/sec: 448,031 | bf16_mfu: 0.00 | epoch: 1 pq: 6 rg: 55 | total time: 10.92m | eta: 8.6m
step 00568/01008 (56.35%) | loss: 3.358508 | lrm: 0.69 | dt: 1172.87ms | tok/sec: 447,014 | bf16_mfu: 0.00 | epoch: 1 pq: 6 rg: 56 | total time: 10.94m | eta: 8.6m
step 00569/01008 (56.45%) | loss: 3.350443 | lrm: 0.69 | dt: 1172.86ms | tok/sec: 447,016 | bf16_mfu: 0.00 | epoch: 1 pq: 6 rg: 57 | total time: 10.96m | eta: 8.6m
step 00570/01008 (56.55%) | loss: 3.353647 | lrm: 0.69 | dt: 1172.79ms | tok/sec: 447,044 | bf16_mfu: 0.00 | epoch: 1 pq: 6 rg: 58 | total time: 10.98m | eta: 8.6m
step 00571/01008 (56.65%) | loss: 3.359175 | lrm: 0.68 | dt: 1171.88ms | tok/sec: 447,390 | bf16_mfu: 0.00 | epoch: 1 pq: 6 rg: 59 | total time: 11.00m | eta: 8.6m
step 00572/01008 (56.75%) | loss: 3.359768 | lrm: 0.68 | dt: 1172.82ms | tok/sec: 447,033 | bf16_mfu: 0.00 | epoch: 1 pq: 6 rg: 60 | total time: 11.02m | eta: 8.5m
step 00573/01008 (56.85%) | loss: 3.362630 | lrm: 0.68 | dt: 1174.96ms | tok/sec: 446,218 | bf16_mfu: 0.00 | epoch: 1 pq: 6 rg: 61 | total time: 11.04m | eta: 8.5m
step 00574/01008 (56.94%) | loss: 3.352532 | lrm: 0.68 | dt: 1177.24ms | tok/sec: 445,353 | bf16_mfu: 0.00 | epoch: 1 pq: 6 rg: 62 | total time: 11.06m | eta: 8.5m
step 00575/01008 (57.04%) | loss: 3.345158 | lrm: 0.68 | dt: 1174.92ms | tok/sec: 446,232 | bf16_mfu: 0.00 | epoch: 1 pq: 6 rg: 63 | total time: 11.08m | eta: 8.5m
step 00576/01008 (57.14%) | loss: 3.344740 | lrm: 0.68 | dt: 1173.72ms | tok/sec: 446,687 | bf16_mfu: 0.00 | epoch: 1 pq: 6 rg: 64 | total time: 11.10m | eta: 8.5m
step 00577/01008 (57.24%) | loss: 3.340535 | lrm: 0.68 | dt: 1177.23ms | tok/sec: 445,357 | bf16_mfu: 0.00 | epoch: 1 pq: 6 rg: 65 | total time: 11.12m | eta: 8.5m
step 00578/01008 (57.34%) | loss: 3.335834 | lrm: 0.67 | dt: 1176.42ms | tok/sec: 445,663 | bf16_mfu: 0.00 | epoch: 1 pq: 6 rg: 66 | total time: 11.14m | eta: 8.4m
step 00579/01008 (57.44%) | loss: 3.341401 | lrm: 0.67 | dt: 1172.85ms | tok/sec: 447,020 | bf16_mfu: 0.00 | epoch: 1 pq: 6 rg: 67 | total time: 11.16m | eta: 8.4m
step 00580/01008 (57.54%) | loss: 3.337138 | lrm: 0.67 | dt: 1169.70ms | tok/sec: 448,224 | bf16_mfu: 0.00 | epoch: 1 pq: 6 rg: 68 | total time: 11.18m | eta: 8.4m
step 00581/01008 (57.64%) | loss: 3.333315 | lrm: 0.67 | dt: 1171.98ms | tok/sec: 447,354 | bf16_mfu: 0.00 | epoch: 1 pq: 6 rg: 68 | total time: 11.20m | eta: 8.4m
step 00582/01008 (57.74%) | loss: 3.322743 | lrm: 0.67 | dt: 1172.74ms | tok/sec: 447,063 | bf16_mfu: 0.00 | epoch: 1 pq: 6 rg: 69 | total time: 11.22m | eta: 8.4m
step 00583/01008 (57.84%) | loss: 3.327937 | lrm: 0.67 | dt: 1173.27ms | tok/sec: 446,861 | bf16_mfu: 0.00 | epoch: 1 pq: 6 rg: 70 | total time: 11.24m | eta: 8.3m
step 00584/01008 (57.94%) | loss: 3.325687 | lrm: 0.66 | dt: 1171.45ms | tok/sec: 447,555 | bf16_mfu: 0.00 | epoch: 1 pq: 6 rg: 71 | total time: 11.25m | eta: 8.3m
step 00585/01008 (58.04%) | loss: 3.331354 | lrm: 0.66 | dt: 1172.19ms | tok/sec: 447,271 | bf16_mfu: 0.00 | epoch: 1 pq: 6 rg: 72 | total time: 11.27m | eta: 8.3m
step 00586/01008 (58.13%) | loss: 3.344288 | lrm: 0.66 | dt: 1173.62ms | tok/sec: 446,726 | bf16_mfu: 0.00 | epoch: 1 pq: 6 rg: 73 | total time: 11.29m | eta: 8.3m
step 00587/01008 (58.23%) | loss: 3.338073 | lrm: 0.66 | dt: 1174.89ms | tok/sec: 446,242 | bf16_mfu: 0.00 | epoch: 1 pq: 6 rg: 74 | total time: 11.31m | eta: 8.3m
step 00588/01008 (58.33%) | loss: 3.337910 | lrm: 0.66 | dt: 1170.53ms | tok/sec: 447,905 | bf16_mfu: 0.00 | epoch: 1 pq: 6 rg: 75 | total time: 11.33m | eta: 8.2m
step 00589/01008 (58.43%) | loss: 3.335858 | lrm: 0.66 | dt: 1173.56ms | tok/sec: 446,748 | bf16_mfu: 0.00 | epoch: 1 pq: 6 rg: 76 | total time: 11.35m | eta: 8.2m
step 00590/01008 (58.53%) | loss: 3.336789 | lrm: 0.66 | dt: 1174.45ms | tok/sec: 446,412 | bf16_mfu: 0.00 | epoch: 1 pq: 6 rg: 77 | total time: 11.37m | eta: 8.2m
step 00591/01008 (58.63%) | loss: 3.343954 | lrm: 0.65 | dt: 1176.94ms | tok/sec: 445,468 | bf16_mfu: 0.00 | epoch: 1 pq: 6 rg: 78 | total time: 11.39m | eta: 8.2m
step 00592/01008 (58.73%) | loss: 3.328743 | lrm: 0.65 | dt: 1173.92ms | tok/sec: 446,613 | bf16_mfu: 0.00 | epoch: 1 pq: 6 rg: 79 | total time: 11.41m | eta: 8.2m
step 00593/01008 (58.83%) | loss: 3.326893 | lrm: 0.65 | dt: 1176.00ms | tok/sec: 445,821 | bf16_mfu: 0.00 | epoch: 1 pq: 6 rg: 80 | total time: 11.43m | eta: 8.1m
step 00594/01008 (58.93%) | loss: 3.327945 | lrm: 0.65 | dt: 1176.73ms | tok/sec: 445,547 | bf16_mfu: 0.00 | epoch: 1 pq: 6 rg: 81 | total time: 11.45m | eta: 8.1m
step 00595/01008 (59.03%) | loss: 3.332425 | lrm: 0.65 | dt: 1176.85ms | tok/sec: 445,501 | bf16_mfu: 0.00 | epoch: 1 pq: 7 rg: 0 | total time: 11.47m | eta: 8.1m
step 00596/01008 (59.13%) | loss: 3.326652 | lrm: 0.65 | dt: 1172.52ms | tok/sec: 447,147 | bf16_mfu: 0.00 | epoch: 1 pq: 7 rg: 1 | total time: 11.49m | eta: 8.1m
step 00597/01008 (59.23%) | loss: 3.333420 | lrm: 0.65 | dt: 1169.95ms | tok/sec: 448,129 | bf16_mfu: 0.00 | epoch: 1 pq: 7 rg: 2 | total time: 11.51m | eta: 8.1m
step 00598/01008 (59.33%) | loss: 3.328691 | lrm: 0.64 | dt: 1173.23ms | tok/sec: 446,876 | bf16_mfu: 0.00 | epoch: 1 pq: 7 rg: 3 | total time: 11.53m | eta: 8.0m
step 00599/01008 (59.42%) | loss: 3.319412 | lrm: 0.64 | dt: 1173.37ms | tok/sec: 446,820 | bf16_mfu: 0.00 | epoch: 1 pq: 7 rg: 4 | total time: 11.55m | eta: 8.0m
step 00600/01008 (59.52%) | loss: 3.312373 | lrm: 0.64 | dt: 1174.46ms | tok/sec: 446,408 | bf16_mfu: 0.00 | epoch: 1 pq: 7 rg: 5 | total time: 11.57m | eta: 8.0m
step 00601/01008 (59.62%) | loss: 3.321270 | lrm: 0.64 | dt: 1169.96ms | tok/sec: 448,126 | bf16_mfu: 0.00 | epoch: 1 pq: 7 rg: 6 | total time: 11.59m | eta: 8.0m
step 00602/01008 (59.72%) | loss: 3.333958 | lrm: 0.64 | dt: 1174.50ms | tok/sec: 446,390 | bf16_mfu: 0.00 | epoch: 1 pq: 7 rg: 7 | total time: 11.61m | eta: 8.0m
step 00603/01008 (59.82%) | loss: 3.328949 | lrm: 0.64 | dt: 1174.97ms | tok/sec: 446,213 | bf16_mfu: 0.00 | epoch: 1 pq: 7 rg: 8 | total time: 11.63m | eta: 7.9m
step 00604/01008 (59.92%) | loss: 3.316750 | lrm: 0.64 | dt: 1175.06ms | tok/sec: 446,178 | bf16_mfu: 0.00 | epoch: 1 pq: 7 rg: 9 | total time: 11.65m | eta: 7.9m
step 00605/01008 (60.02%) | loss: 3.314583 | lrm: 0.63 | dt: 1172.66ms | tok/sec: 447,094 | bf16_mfu: 0.00 | epoch: 1 pq: 7 rg: 10 | total time: 11.67m | eta: 7.9m
step 00606/01008 (60.12%) | loss: 3.325076 | lrm: 0.63 | dt: 1175.30ms | tok/sec: 446,090 | bf16_mfu: 0.00 | epoch: 1 pq: 7 rg: 11 | total time: 11.69m | eta: 7.9m
step 00607/01008 (60.22%) | loss: 3.331465 | lrm: 0.63 | dt: 1175.74ms | tok/sec: 445,922 | bf16_mfu: 0.00 | epoch: 1 pq: 7 rg: 12 | total time: 11.70m | eta: 7.9m
step 00608/01008 (60.32%) | loss: 3.316388 | lrm: 0.63 | dt: 1175.98ms | tok/sec: 445,830 | bf16_mfu: 0.00 | epoch: 1 pq: 7 rg: 13 | total time: 11.72m | eta: 7.8m
step 00609/01008 (60.42%) | loss: 3.329410 | lrm: 0.63 | dt: 1174.72ms | tok/sec: 446,307 | bf16_mfu: 0.00 | epoch: 1 pq: 7 rg: 14 | total time: 11.74m | eta: 7.8m
step 00610/01008 (60.52%) | loss: 3.336902 | lrm: 0.63 | dt: 1176.55ms | tok/sec: 445,613 | bf16_mfu: 0.00 | epoch: 1 pq: 7 rg: 15 | total time: 11.76m | eta: 7.8m
step 00611/01008 (60.62%) | loss: 3.338994 | lrm: 0.63 | dt: 1176.24ms | tok/sec: 445,732 | bf16_mfu: 0.00 | epoch: 1 pq: 7 rg: 16 | total time: 11.78m | eta: 7.8m
step 00612/01008 (60.71%) | loss: 3.325755 | lrm: 0.62 | dt: 1178.48ms | tok/sec: 444,886 | bf16_mfu: 0.00 | epoch: 1 pq: 7 rg: 16 | total time: 11.80m | eta: 7.8m
step 00613/01008 (60.81%) | loss: 3.325683 | lrm: 0.62 | dt: 1172.40ms | tok/sec: 447,192 | bf16_mfu: 0.00 | epoch: 1 pq: 7 rg: 17 | total time: 11.82m | eta: 7.7m
step 00614/01008 (60.91%) | loss: 3.331194 | lrm: 0.62 | dt: 1170.27ms | tok/sec: 448,004 | bf16_mfu: 0.00 | epoch: 1 pq: 7 rg: 18 | total time: 11.84m | eta: 7.7m
step 00615/01008 (61.01%) | loss: 3.336562 | lrm: 0.62 | dt: 1171.96ms | tok/sec: 447,358 | bf16_mfu: 0.00 | epoch: 1 pq: 7 rg: 19 | total time: 11.86m | eta: 7.7m
step 00616/01008 (61.11%) | loss: 3.338165 | lrm: 0.62 | dt: 1175.04ms | tok/sec: 446,187 | bf16_mfu: 0.00 | epoch: 1 pq: 7 rg: 20 | total time: 11.88m | eta: 7.7m
step 00617/01008 (61.21%) | loss: 3.335934 | lrm: 0.62 | dt: 1173.74ms | tok/sec: 446,683 | bf16_mfu: 0.00 | epoch: 1 pq: 7 rg: 21 | total time: 11.90m | eta: 7.7m
step 00618/01008 (61.31%) | loss: 3.320616 | lrm: 0.62 | dt: 1173.24ms | tok/sec: 446,872 | bf16_mfu: 0.00 | epoch: 1 pq: 7 rg: 22 | total time: 11.92m | eta: 7.6m
step 00619/01008 (61.41%) | loss: 3.319830 | lrm: 0.61 | dt: 1174.17ms | tok/sec: 446,519 | bf16_mfu: 0.00 | epoch: 1 pq: 7 rg: 23 | total time: 11.94m | eta: 7.6m
step 00620/01008 (61.51%) | loss: 3.320031 | lrm: 0.61 | dt: 1174.93ms | tok/sec: 446,227 | bf16_mfu: 0.00 | epoch: 1 pq: 7 rg: 24 | total time: 11.96m | eta: 7.6m
step 00621/01008 (61.61%) | loss: 3.315167 | lrm: 0.61 | dt: 1174.73ms | tok/sec: 446,304 | bf16_mfu: 0.00 | epoch: 1 pq: 7 rg: 25 | total time: 11.98m | eta: 7.6m
step 00622/01008 (61.71%) | loss: 3.328042 | lrm: 0.61 | dt: 1173.55ms | tok/sec: 446,754 | bf16_mfu: 0.00 | epoch: 1 pq: 7 rg: 26 | total time: 12.00m | eta: 7.6m
step 00623/01008 (61.81%) | loss: 3.325100 | lrm: 0.61 | dt: 1173.41ms | tok/sec: 446,805 | bf16_mfu: 0.00 | epoch: 1 pq: 7 rg: 27 | total time: 12.02m | eta: 7.5m
step 00624/01008 (61.90%) | loss: 3.329363 | lrm: 0.61 | dt: 1175.48ms | tok/sec: 446,021 | bf16_mfu: 0.00 | epoch: 1 pq: 7 rg: 28 | total time: 12.04m | eta: 7.5m
step 00625/01008 (62.00%) | loss: 3.325703 | lrm: 0.61 | dt: 1176.92ms | tok/sec: 445,475 | bf16_mfu: 0.00 | epoch: 1 pq: 7 rg: 29 | total time: 12.06m | eta: 7.5m
step 00626/01008 (62.10%) | loss: 3.325930 | lrm: 0.60 | dt: 1177.56ms | tok/sec: 445,231 | bf16_mfu: 0.00 | epoch: 1 pq: 7 rg: 30 | total time: 12.08m | eta: 7.5m
step 00627/01008 (62.20%) | loss: 3.323899 | lrm: 0.60 | dt: 1173.57ms | tok/sec: 446,747 | bf16_mfu: 0.00 | epoch: 1 pq: 7 rg: 31 | total time: 12.10m | eta: 7.5m
step 00628/01008 (62.30%) | loss: 3.314613 | lrm: 0.60 | dt: 1176.20ms | tok/sec: 445,747 | bf16_mfu: 0.00 | epoch: 1 pq: 7 rg: 32 | total time: 12.12m | eta: 7.4m
step 00629/01008 (62.40%) | loss: 3.311503 | lrm: 0.60 | dt: 1176.43ms | tok/sec: 445,660 | bf16_mfu: 0.00 | epoch: 1 pq: 7 rg: 33 | total time: 12.14m | eta: 7.4m
step 00630/01008 (62.50%) | loss: 3.301751 | lrm: 0.60 | dt: 1175.75ms | tok/sec: 445,918 | bf16_mfu: 0.00 | epoch: 1 pq: 7 rg: 34 | total time: 12.15m | eta: 7.4m
step 00631/01008 (62.60%) | loss: 3.295832 | lrm: 0.60 | dt: 1171.96ms | tok/sec: 447,358 | bf16_mfu: 0.00 | epoch: 1 pq: 7 rg: 35 | total time: 12.17m | eta: 7.4m
step 00632/01008 (62.70%) | loss: 3.301840 | lrm: 0.60 | dt: 1171.88ms | tok/sec: 447,389 | bf16_mfu: 0.00 | epoch: 1 pq: 7 rg: 36 | total time: 12.19m | eta: 7.4m
step 00633/01008 (62.80%) | loss: 3.297193 | lrm: 0.59 | dt: 1176.40ms | tok/sec: 445,670 | bf16_mfu: 0.00 | epoch: 1 pq: 7 rg: 37 | total time: 12.21m | eta: 7.4m
step 00634/01008 (62.90%) | loss: 3.300962 | lrm: 0.59 | dt: 1176.21ms | tok/sec: 445,743 | bf16_mfu: 0.00 | epoch: 1 pq: 7 rg: 38 | total time: 12.23m | eta: 7.3m
step 00635/01008 (63.00%) | loss: 3.305774 | lrm: 0.59 | dt: 1173.65ms | tok/sec: 446,713 | bf16_mfu: 0.00 | epoch: 1 pq: 7 rg: 39 | total time: 12.25m | eta: 7.3m
step 00636/01008 (63.10%) | loss: 3.309314 | lrm: 0.59 | dt: 1173.39ms | tok/sec: 446,814 | bf16_mfu: 0.00 | epoch: 1 pq: 7 rg: 40 | total time: 12.27m | eta: 7.3m
step 00637/01008 (63.19%) | loss: 3.303336 | lrm: 0.59 | dt: 1175.03ms | tok/sec: 446,191 | bf16_mfu: 0.00 | epoch: 1 pq: 7 rg: 41 | total time: 12.29m | eta: 7.3m
step 00638/01008 (63.29%) | loss: 3.289088 | lrm: 0.59 | dt: 1175.94ms | tok/sec: 445,845 | bf16_mfu: 0.00 | epoch: 1 pq: 7 rg: 42 | total time: 12.31m | eta: 7.3m
step 00639/01008 (63.39%) | loss: 3.295309 | lrm: 0.59 | dt: 1173.69ms | tok/sec: 446,700 | bf16_mfu: 0.00 | epoch: 1 pq: 7 rg: 43 | total time: 12.33m | eta: 7.2m
step 00640/01008 (63.49%) | loss: 3.292357 | lrm: 0.58 | dt: 1173.23ms | tok/sec: 446,875 | bf16_mfu: 0.00 | epoch: 1 pq: 7 rg: 44 | total time: 12.35m | eta: 7.2m
step 00641/01008 (63.59%) | loss: 3.295880 | lrm: 0.58 | dt: 1175.39ms | tok/sec: 446,053 | bf16_mfu: 0.00 | epoch: 1 pq: 7 rg: 45 | total time: 12.37m | eta: 7.2m
step 00642/01008 (63.69%) | loss: 3.298740 | lrm: 0.58 | dt: 1177.25ms | tok/sec: 445,350 | bf16_mfu: 0.00 | epoch: 1 pq: 7 rg: 46 | total time: 12.39m | eta: 7.2m
step 00643/01008 (63.79%) | loss: 3.297933 | lrm: 0.58 | dt: 1176.80ms | tok/sec: 445,518 | bf16_mfu: 0.00 | epoch: 1 pq: 7 rg: 47 | total time: 12.41m | eta: 7.2m
step 00644/01008 (63.89%) | loss: 3.291496 | lrm: 0.58 | dt: 1176.29ms | tok/sec: 445,712 | bf16_mfu: 0.00 | epoch: 1 pq: 7 rg: 48 | total time: 12.43m | eta: 7.1m
step 00645/01008 (63.99%) | loss: 3.291544 | lrm: 0.58 | dt: 1176.49ms | tok/sec: 445,637 | bf16_mfu: 0.00 | epoch: 1 pq: 7 rg: 49 | total time: 12.45m | eta: 7.1m
step 00646/01008 (64.09%) | loss: 3.286240 | lrm: 0.58 | dt: 1177.47ms | tok/sec: 445,268 | bf16_mfu: 0.00 | epoch: 1 pq: 7 rg: 49 | total time: 12.47m | eta: 7.1m
step 00647/01008 (64.19%) | loss: 3.277823 | lrm: 0.57 | dt: 1177.47ms | tok/sec: 445,268 | bf16_mfu: 0.00 | epoch: 1 pq: 7 rg: 50 | total time: 12.49m | eta: 7.1m
step 00648/01008 (64.29%) | loss: 3.292150 | lrm: 0.57 | dt: 1176.67ms | tok/sec: 445,567 | bf16_mfu: 0.00 | epoch: 1 pq: 7 rg: 51 | total time: 12.51m | eta: 7.1m
step 00649/01008 (64.38%) | loss: 3.309140 | lrm: 0.57 | dt: 1175.21ms | tok/sec: 446,122 | bf16_mfu: 0.00 | epoch: 1 pq: 7 rg: 52 | total time: 12.53m | eta: 7.0m
step 00650/01008 (64.48%) | loss: 3.309437 | lrm: 0.57 | dt: 1178.09ms | tok/sec: 445,031 | bf16_mfu: 0.00 | epoch: 1 pq: 7 rg: 53 | total time: 12.55m | eta: 7.0m
step 00651/01008 (64.58%) | loss: 3.312016 | lrm: 0.57 | dt: 1176.09ms | tok/sec: 445,788 | bf16_mfu: 0.00 | epoch: 1 pq: 7 rg: 54 | total time: 12.57m | eta: 7.0m
step 00652/01008 (64.68%) | loss: 3.299429 | lrm: 0.57 | dt: 1177.22ms | tok/sec: 445,360 | bf16_mfu: 0.00 | epoch: 1 pq: 7 rg: 55 | total time: 12.59m | eta: 7.0m
step 00653/01008 (64.78%) | loss: 3.295804 | lrm: 0.56 | dt: 1175.82ms | tok/sec: 445,893 | bf16_mfu: 0.00 | epoch: 1 pq: 7 rg: 56 | total time: 12.61m | eta: 7.0m
step 00654/01008 (64.88%) | loss: 3.289941 | lrm: 0.56 | dt: 1173.87ms | tok/sec: 446,630 | bf16_mfu: 0.00 | epoch: 1 pq: 7 rg: 57 | total time: 12.63m | eta: 6.9m
step 00655/01008 (64.98%) | loss: 3.292477 | lrm: 0.56 | dt: 1177.42ms | tok/sec: 445,284 | bf16_mfu: 0.00 | epoch: 1 pq: 7 rg: 58 | total time: 12.64m | eta: 6.9m
step 00656/01008 (65.08%) | loss: 3.298090 | lrm: 0.56 | dt: 1176.36ms | tok/sec: 445,687 | bf16_mfu: 0.00 | epoch: 1 pq: 7 rg: 59 | total time: 12.66m | eta: 6.9m
step 00657/01008 (65.18%) | loss: 3.303535 | lrm: 0.56 | dt: 1176.20ms | tok/sec: 445,748 | bf16_mfu: 0.00 | epoch: 1 pq: 7 rg: 60 | total time: 12.68m | eta: 6.9m
step 00658/01008 (65.28%) | loss: 3.313437 | lrm: 0.56 | dt: 1174.43ms | tok/sec: 446,420 | bf16_mfu: 0.00 | epoch: 1 pq: 7 rg: 61 | total time: 12.70m | eta: 6.9m
step 00659/01008 (65.38%) | loss: 3.316343 | lrm: 0.56 | dt: 1177.17ms | tok/sec: 445,379 | bf16_mfu: 0.00 | epoch: 1 pq: 7 rg: 62 | total time: 12.72m | eta: 6.8m
step 00660/01008 (65.48%) | loss: 3.313900 | lrm: 0.55 | dt: 1178.31ms | tok/sec: 444,947 | bf16_mfu: 0.00 | epoch: 1 pq: 7 rg: 63 | total time: 12.74m | eta: 6.8m
step 00661/01008 (65.58%) | loss: 3.307750 | lrm: 0.55 | dt: 1178.65ms | tok/sec: 444,819 | bf16_mfu: 0.00 | epoch: 1 pq: 7 rg: 64 | total time: 12.76m | eta: 6.8m
step 00662/01008 (65.67%) | loss: 3.306129 | lrm: 0.55 | dt: 1178.21ms | tok/sec: 444,986 | bf16_mfu: 0.00 | epoch: 1 pq: 7 rg: 65 | total time: 12.78m | eta: 6.8m
step 00663/01008 (65.77%) | loss: 3.299488 | lrm: 0.55 | dt: 1178.38ms | tok/sec: 444,921 | bf16_mfu: 0.00 | epoch: 1 pq: 7 rg: 66 | total time: 12.80m | eta: 6.8m
step 00664/01008 (65.87%) | loss: 3.296667 | lrm: 0.55 | dt: 1178.98ms | tok/sec: 444,696 | bf16_mfu: 0.00 | epoch: 1 pq: 7 rg: 67 | total time: 12.82m | eta: 6.7m
step 00665/01008 (65.97%) | loss: 3.285890 | lrm: 0.55 | dt: 1178.83ms | tok/sec: 444,753 | bf16_mfu: 0.00 | epoch: 1 pq: 7 rg: 68 | total time: 12.84m | eta: 6.7m
step 00666/01008 (66.07%) | loss: 3.290652 | lrm: 0.55 | dt: 1178.25ms | tok/sec: 444,971 | bf16_mfu: 0.00 | epoch: 1 pq: 7 rg: 69 | total time: 12.86m | eta: 6.7m
step 00667/01008 (66.17%) | loss: 3.283318 | lrm: 0.54 | dt: 1176.77ms | tok/sec: 445,533 | bf16_mfu: 0.00 | epoch: 1 pq: 7 rg: 70 | total time: 12.88m | eta: 6.7m
step 00668/01008 (66.27%) | loss: 3.280105 | lrm: 0.54 | dt: 1175.22ms | tok/sec: 446,118 | bf16_mfu: 0.00 | epoch: 1 pq: 7 rg: 71 | total time: 12.90m | eta: 6.7m
step 00669/01008 (66.37%) | loss: 3.272388 | lrm: 0.54 | dt: 1177.99ms | tok/sec: 445,070 | bf16_mfu: 0.00 | epoch: 1 pq: 7 rg: 72 | total time: 12.92m | eta: 6.6m
step 00670/01008 (66.47%) | loss: 3.266767 | lrm: 0.54 | dt: 1178.32ms | tok/sec: 444,946 | bf16_mfu: 0.00 | epoch: 1 pq: 7 rg: 73 | total time: 12.94m | eta: 6.6m
step 00671/01008 (66.57%) | loss: 3.265959 | lrm: 0.54 | dt: 1178.73ms | tok/sec: 444,790 | bf16_mfu: 0.00 | epoch: 1 pq: 7 rg: 74 | total time: 12.96m | eta: 6.6m
step 00672/01008 (66.67%) | loss: 3.281879 | lrm: 0.54 | dt: 1175.08ms | tok/sec: 446,172 | bf16_mfu: 0.00 | epoch: 1 pq: 7 rg: 75 | total time: 12.98m | eta: 6.6m
step 00673/01008 (66.77%) | loss: 3.278427 | lrm: 0.54 | dt: 1176.11ms | tok/sec: 445,782 | bf16_mfu: 0.00 | epoch: 1 pq: 7 rg: 76 | total time: 13.00m | eta: 6.6m
step 00674/01008 (66.87%) | loss: 3.278524 | lrm: 0.53 | dt: 1178.12ms | tok/sec: 445,022 | bf16_mfu: 0.00 | epoch: 1 pq: 7 rg: 77 | total time: 13.02m | eta: 6.5m
step 00675/01008 (66.96%) | loss: 3.282462 | lrm: 0.53 | dt: 1177.01ms | tok/sec: 445,441 | bf16_mfu: 0.00 | epoch: 1 pq: 7 rg: 78 | total time: 13.04m | eta: 6.5m
step 00676/01008 (67.06%) | loss: 3.288979 | lrm: 0.53 | dt: 1178.04ms | tok/sec: 445,051 | bf16_mfu: 0.00 | epoch: 1 pq: 7 rg: 79 | total time: 13.06m | eta: 6.5m
step 00677/01008 (67.16%) | loss: 3.289611 | lrm: 0.53 | dt: 1175.70ms | tok/sec: 445,936 | bf16_mfu: 0.00 | epoch: 1 pq: 7 rg: 80 | total time: 13.08m | eta: 6.5m
step 00678/01008 (67.26%) | loss: 3.280286 | lrm: 0.53 | dt: 1178.67ms | tok/sec: 444,811 | bf16_mfu: 0.00 | epoch: 1 pq: 7 rg: 81 | total time: 13.10m | eta: 6.5m
step 00679/01008 (67.36%) | loss: 3.282179 | lrm: 0.53 | dt: 1180.82ms | tok/sec: 444,002 | bf16_mfu: 0.00 | epoch: 1 pq: 7 rg: 81 | total time: 13.12m | eta: 6.5m
step 00680/01008 (67.46%) | loss: 3.286755 | lrm: 0.53 | dt: 1182.27ms | tok/sec: 443,460 | bf16_mfu: 0.00 | epoch: 1 pq: 8 rg: 1 | total time: 13.14m | eta: 6.4m
step 00681/01008 (67.56%) | loss: 3.273901 | lrm: 0.52 | dt: 1182.39ms | tok/sec: 443,414 | bf16_mfu: 0.00 | epoch: 1 pq: 8 rg: 1 | total time: 13.16m | eta: 6.4m
step 00682/01008 (67.66%) | loss: 3.270965 | lrm: 0.52 | dt: 1178.62ms | tok/sec: 444,830 | bf16_mfu: 0.00 | epoch: 1 pq: 8 rg: 2 | total time: 13.17m | eta: 6.4m
step 00683/01008 (67.76%) | loss: 3.279971 | lrm: 0.52 | dt: 1176.42ms | tok/sec: 445,664 | bf16_mfu: 0.00 | epoch: 1 pq: 8 rg: 3 | total time: 13.19m | eta: 6.4m
step 00684/01008 (67.86%) | loss: 3.277738 | lrm: 0.52 | dt: 1179.45ms | tok/sec: 444,518 | bf16_mfu: 0.00 | epoch: 1 pq: 8 rg: 4 | total time: 13.21m | eta: 6.4m
step 00685/01008 (67.96%) | loss: 3.275500 | lrm: 0.52 | dt: 1180.66ms | tok/sec: 444,063 | bf16_mfu: 0.00 | epoch: 1 pq: 8 rg: 5 | total time: 13.23m | eta: 6.3m
step 00686/01008 (68.06%) | loss: 3.262586 | lrm: 0.52 | dt: 1180.64ms | tok/sec: 444,069 | bf16_mfu: 0.00 | epoch: 1 pq: 8 rg: 6 | total time: 13.25m | eta: 6.3m
step 00687/01008 (68.15%) | loss: 3.263813 | lrm: 0.52 | dt: 1178.01ms | tok/sec: 445,061 | bf16_mfu: 0.00 | epoch: 1 pq: 8 rg: 7 | total time: 13.27m | eta: 6.3m
step 00688/01008 (68.25%) | loss: 3.270796 | lrm: 0.51 | dt: 1177.81ms | tok/sec: 445,136 | bf16_mfu: 0.00 | epoch: 1 pq: 8 rg: 8 | total time: 13.29m | eta: 6.3m
step 00689/01008 (68.35%) | loss: 3.250008 | lrm: 0.51 | dt: 1180.19ms | tok/sec: 444,239 | bf16_mfu: 0.00 | epoch: 1 pq: 8 rg: 9 | total time: 13.31m | eta: 6.3m
step 00690/01008 (68.45%) | loss: 3.248722 | lrm: 0.51 | dt: 1180.04ms | tok/sec: 444,297 | bf16_mfu: 0.00 | epoch: 1 pq: 8 rg: 10 | total time: 13.33m | eta: 6.2m
step 00691/01008 (68.55%) | loss: 3.257009 | lrm: 0.51 | dt: 1179.87ms | tok/sec: 444,360 | bf16_mfu: 0.00 | epoch: 1 pq: 8 rg: 11 | total time: 13.35m | eta: 6.2m
step 00692/01008 (68.65%) | loss: 3.259615 | lrm: 0.51 | dt: 1178.26ms | tok/sec: 444,968 | bf16_mfu: 0.00 | epoch: 1 pq: 8 rg: 12 | total time: 13.37m | eta: 6.2m
step 00693/01008 (68.75%) | loss: 3.252302 | lrm: 0.51 | dt: 1177.47ms | tok/sec: 445,266 | bf16_mfu: 0.00 | epoch: 1 pq: 8 rg: 13 | total time: 13.39m | eta: 6.2m
step 00694/01008 (68.85%) | loss: 3.248772 | lrm: 0.51 | dt: 1179.97ms | tok/sec: 444,323 | bf16_mfu: 0.00 | epoch: 1 pq: 8 rg: 14 | total time: 13.41m | eta: 6.2m
step 00695/01008 (68.95%) | loss: 3.255829 | lrm: 0.50 | dt: 1181.46ms | tok/sec: 443,763 | bf16_mfu: 0.00 | epoch: 1 pq: 8 rg: 15 | total time: 13.43m | eta: 6.1m
step 00696/01008 (69.05%) | loss: 3.259637 | lrm: 0.50 | dt: 1182.71ms | tok/sec: 443,294 | bf16_mfu: 0.00 | epoch: 1 pq: 8 rg: 16 | total time: 13.45m | eta: 6.1m
step 00697/01008 (69.15%) | loss: 3.251883 | lrm: 0.50 | dt: 1182.52ms | tok/sec: 443,366 | bf16_mfu: 0.00 | epoch: 1 pq: 8 rg: 17 | total time: 13.47m | eta: 6.1m
step 00698/01008 (69.25%) | loss: 3.243108 | lrm: 0.50 | dt: 1179.57ms | tok/sec: 444,475 | bf16_mfu: 0.00 | epoch: 1 pq: 8 rg: 18 | total time: 13.49m | eta: 6.1m
step 00699/01008 (69.35%) | loss: 3.260004 | lrm: 0.50 | dt: 1181.01ms | tok/sec: 443,932 | bf16_mfu: 0.00 | epoch: 1 pq: 8 rg: 19 | total time: 13.51m | eta: 6.1m
step 00700/01008 (69.44%) | loss: 3.258578 | lrm: 0.50 | dt: 1181.02ms | tok/sec: 443,928 | bf16_mfu: 0.00 | epoch: 1 pq: 8 rg: 20 | total time: 13.53m | eta: 6.0m
step 00701/01008 (69.54%) | loss: 3.260039 | lrm: 0.50 | dt: 1179.92ms | tok/sec: 444,343 | bf16_mfu: 0.00 | epoch: 1 pq: 8 rg: 21 | total time: 13.55m | eta: 6.0m
step 00702/01008 (69.64%) | loss: 3.253571 | lrm: 0.49 | dt: 1179.49ms | tok/sec: 444,502 | bf16_mfu: 0.00 | epoch: 1 pq: 8 rg: 22 | total time: 13.57m | eta: 6.0m
step 00703/01008 (69.74%) | loss: 3.256487 | lrm: 0.49 | dt: 1177.39ms | tok/sec: 445,298 | bf16_mfu: 0.00 | epoch: 1 pq: 8 rg: 23 | total time: 13.59m | eta: 6.0m
step 00704/01008 (69.84%) | loss: 3.257195 | lrm: 0.49 | dt: 1181.14ms | tok/sec: 443,882 | bf16_mfu: 0.00 | epoch: 1 pq: 8 rg: 24 | total time: 13.61m | eta: 6.0m
step 00705/01008 (69.94%) | loss: 3.256285 | lrm: 0.49 | dt: 1179.33ms | tok/sec: 444,565 | bf16_mfu: 0.00 | epoch: 1 pq: 8 rg: 25 | total time: 13.63m | eta: 5.9m
step 00706/01008 (70.04%) | loss: 3.249762 | lrm: 0.49 | dt: 1180.36ms | tok/sec: 444,174 | bf16_mfu: 0.00 | epoch: 1 pq: 8 rg: 25 | total time: 13.65m | eta: 5.9m
step 00707/01008 (70.14%) | loss: 3.244065 | lrm: 0.49 | dt: 1179.76ms | tok/sec: 444,401 | bf16_mfu: 0.00 | epoch: 1 pq: 8 rg: 26 | total time: 13.67m | eta: 5.9m
step 00708/01008 (70.24%) | loss: 3.253386 | lrm: 0.49 | dt: 1177.89ms | tok/sec: 445,107 | bf16_mfu: 0.00 | epoch: 1 pq: 8 rg: 27 | total time: 13.69m | eta: 5.9m
step 00709/01008 (70.34%) | loss: 3.250921 | lrm: 0.48 | dt: 1179.67ms | tok/sec: 444,434 | bf16_mfu: 0.00 | epoch: 1 pq: 8 rg: 28 | total time: 13.71m | eta: 5.9m
step 00710/01008 (70.44%) | loss: 3.256308 | lrm: 0.48 | dt: 1180.96ms | tok/sec: 443,949 | bf16_mfu: 0.00 | epoch: 1 pq: 8 rg: 29 | total time: 13.73m | eta: 5.8m
step 00711/01008 (70.54%) | loss: 3.256189 | lrm: 0.48 | dt: 1181.55ms | tok/sec: 443,728 | bf16_mfu: 0.00 | epoch: 1 pq: 8 rg: 30 | total time: 13.75m | eta: 5.8m
step 00712/01008 (70.63%) | loss: 3.249689 | lrm: 0.48 | dt: 1181.34ms | tok/sec: 443,806 | bf16_mfu: 0.00 | epoch: 1 pq: 8 rg: 31 | total time: 13.76m | eta: 5.8m
step 00713/01008 (70.73%) | loss: 3.245573 | lrm: 0.48 | dt: 1179.55ms | tok/sec: 444,480 | bf16_mfu: 0.00 | epoch: 1 pq: 8 rg: 32 | total time: 13.78m | eta: 5.8m
step 00714/01008 (70.83%) | loss: 3.250400 | lrm: 0.48 | dt: 1179.97ms | tok/sec: 444,322 | bf16_mfu: 0.00 | epoch: 1 pq: 8 rg: 33 | total time: 13.80m | eta: 5.8m
step 00715/01008 (70.93%) | loss: 3.246090 | lrm: 0.47 | dt: 1183.59ms | tok/sec: 442,962 | bf16_mfu: 0.00 | epoch: 1 pq: 8 rg: 34 | total time: 13.82m | eta: 5.7m
step 00716/01008 (71.03%) | loss: 3.244472 | lrm: 0.47 | dt: 1181.35ms | tok/sec: 443,803 | bf16_mfu: 0.00 | epoch: 1 pq: 8 rg: 35 | total time: 13.84m | eta: 5.7m
step 00717/01008 (71.13%) | loss: 3.251791 | lrm: 0.47 | dt: 1182.15ms | tok/sec: 443,505 | bf16_mfu: 0.00 | epoch: 1 pq: 8 rg: 36 | total time: 13.86m | eta: 5.7m
step 00718/01008 (71.23%) | loss: 3.256667 | lrm: 0.47 | dt: 1180.60ms | tok/sec: 444,084 | bf16_mfu: 0.00 | epoch: 1 pq: 8 rg: 37 | total time: 13.88m | eta: 5.7m
step 00719/01008 (71.33%) | loss: 3.258880 | lrm: 0.47 | dt: 1180.15ms | tok/sec: 444,255 | bf16_mfu: 0.00 | epoch: 1 pq: 8 rg: 38 | total time: 13.90m | eta: 5.7m
step 00720/01008 (71.43%) | loss: 3.252417 | lrm: 0.47 | dt: 1182.58ms | tok/sec: 443,342 | bf16_mfu: 0.00 | epoch: 1 pq: 8 rg: 39 | total time: 13.92m | eta: 5.6m
step 00721/01008 (71.53%) | loss: 3.242222 | lrm: 0.47 | dt: 1182.33ms | tok/sec: 443,434 | bf16_mfu: 0.00 | epoch: 1 pq: 8 rg: 40 | total time: 13.94m | eta: 5.6m
step 00722/01008 (71.63%) | loss: 3.235421 | lrm: 0.46 | dt: 1181.09ms | tok/sec: 443,903 | bf16_mfu: 0.00 | epoch: 1 pq: 8 rg: 41 | total time: 13.96m | eta: 5.6m
step 00723/01008 (71.73%) | loss: 3.222743 | lrm: 0.46 | dt: 1181.11ms | tok/sec: 443,896 | bf16_mfu: 0.00 | epoch: 1 pq: 8 rg: 42 | total time: 13.98m | eta: 5.6m
step 00724/01008 (71.83%) | loss: 3.215194 | lrm: 0.46 | dt: 1179.40ms | tok/sec: 444,539 | bf16_mfu: 0.00 | epoch: 1 pq: 8 rg: 43 | total time: 14.00m | eta: 5.6m
step 00725/01008 (71.92%) | loss: 3.215734 | lrm: 0.46 | dt: 1181.42ms | tok/sec: 443,778 | bf16_mfu: 0.00 | epoch: 1 pq: 8 rg: 44 | total time: 14.02m | eta: 5.5m
step 00726/01008 (72.02%) | loss: 3.218848 | lrm: 0.46 | dt: 1181.60ms | tok/sec: 443,709 | bf16_mfu: 0.00 | epoch: 1 pq: 8 rg: 45 | total time: 14.04m | eta: 5.5m
step 00727/01008 (72.12%) | loss: 3.214666 | lrm: 0.46 | dt: 1181.30ms | tok/sec: 443,824 | bf16_mfu: 0.00 | epoch: 1 pq: 8 rg: 46 | total time: 14.06m | eta: 5.5m
step 00728/01008 (72.22%) | loss: 3.226181 | lrm: 0.46 | dt: 1181.96ms | tok/sec: 443,576 | bf16_mfu: 0.00 | epoch: 1 pq: 8 rg: 47 | total time: 14.08m | eta: 5.5m
step 00729/01008 (72.32%) | loss: 3.225886 | lrm: 0.45 | dt: 1181.40ms | tok/sec: 443,783 | bf16_mfu: 0.00 | epoch: 1 pq: 8 rg: 48 | total time: 14.10m | eta: 5.5m
step 00730/01008 (72.42%) | loss: 3.236377 | lrm: 0.45 | dt: 1183.23ms | tok/sec: 443,099 | bf16_mfu: 0.00 | epoch: 1 pq: 8 rg: 49 | total time: 14.12m | eta: 5.5m
step 00731/01008 (72.52%) | loss: 3.247345 | lrm: 0.45 | dt: 1184.66ms | tok/sec: 442,564 | bf16_mfu: 0.00 | epoch: 1 pq: 8 rg: 50 | total time: 14.14m | eta: 5.4m
step 00732/01008 (72.62%) | loss: 3.240203 | lrm: 0.45 | dt: 1183.79ms | tok/sec: 442,889 | bf16_mfu: 0.00 | epoch: 1 pq: 8 rg: 51 | total time: 14.16m | eta: 5.4m
step 00733/01008 (72.72%) | loss: 3.239699 | lrm: 0.45 | dt: 1183.02ms | tok/sec: 443,177 | bf16_mfu: 0.00 | epoch: 1 pq: 8 rg: 52 | total time: 14.18m | eta: 5.4m
step 00734/01008 (72.82%) | loss: 3.235678 | lrm: 0.45 | dt: 1182.81ms | tok/sec: 443,254 | bf16_mfu: 0.00 | epoch: 1 pq: 8 rg: 53 | total time: 14.20m | eta: 5.4m
step 00735/01008 (72.92%) | loss: 3.231052 | lrm: 0.45 | dt: 1178.77ms | tok/sec: 444,776 | bf16_mfu: 0.00 | epoch: 1 pq: 8 rg: 54 | total time: 14.22m | eta: 5.4m
step 00736/01008 (73.02%) | loss: 3.214235 | lrm: 0.44 | dt: 1182.22ms | tok/sec: 443,476 | bf16_mfu: 0.00 | epoch: 1 pq: 8 rg: 55 | total time: 14.24m | eta: 5.3m
step 00737/01008 (73.12%) | loss: 3.224859 | lrm: 0.44 | dt: 1182.13ms | tok/sec: 443,511 | bf16_mfu: 0.00 | epoch: 1 pq: 8 rg: 56 | total time: 14.26m | eta: 5.3m
step 00738/01008 (73.21%) | loss: 3.210839 | lrm: 0.44 | dt: 1183.22ms | tok/sec: 443,102 | bf16_mfu: 0.00 | epoch: 1 pq: 8 rg: 57 | total time: 14.28m | eta: 5.3m
step 00739/01008 (73.31%) | loss: 3.217658 | lrm: 0.44 | dt: 1182.32ms | tok/sec: 443,438 | bf16_mfu: 0.00 | epoch: 1 pq: 8 rg: 57 | total time: 14.30m | eta: 5.3m
step 00740/01008 (73.41%) | loss: 3.217396 | lrm: 0.44 | dt: 1180.06ms | tok/sec: 444,288 | bf16_mfu: 0.00 | epoch: 1 pq: 8 rg: 58 | total time: 14.32m | eta: 5.3m
step 00741/01008 (73.51%) | loss: 3.220912 | lrm: 0.44 | dt: 1181.99ms | tok/sec: 443,564 | bf16_mfu: 0.00 | epoch: 1 pq: 8 rg: 59 | total time: 14.34m | eta: 5.2m
step 00742/01008 (73.61%) | loss: 3.228429 | lrm: 0.44 | dt: 1181.90ms | tok/sec: 443,596 | bf16_mfu: 0.00 | epoch: 1 pq: 8 rg: 60 | total time: 14.36m | eta: 5.2m
step 00743/01008 (73.71%) | loss: 3.223683 | lrm: 0.43 | dt: 1183.71ms | tok/sec: 442,918 | bf16_mfu: 0.00 | epoch: 1 pq: 8 rg: 61 | total time: 14.38m | eta: 5.2m
step 00744/01008 (73.81%) | loss: 3.218055 | lrm: 0.43 | dt: 1183.09ms | tok/sec: 443,151 | bf16_mfu: 0.00 | epoch: 1 pq: 8 rg: 62 | total time: 14.40m | eta: 5.2m
step 00745/01008 (73.91%) | loss: 3.232253 | lrm: 0.43 | dt: 1181.64ms | tok/sec: 443,694 | bf16_mfu: 0.00 | epoch: 1 pq: 8 rg: 63 | total time: 14.41m | eta: 5.2m
step 00746/01008 (74.01%) | loss: 3.230977 | lrm: 0.43 | dt: 1183.27ms | tok/sec: 443,083 | bf16_mfu: 0.00 | epoch: 1 pq: 8 rg: 64 | total time: 14.43m | eta: 5.1m
step 00747/01008 (74.11%) | loss: 3.224060 | lrm: 0.43 | dt: 1184.50ms | tok/sec: 442,624 | bf16_mfu: 0.00 | epoch: 1 pq: 8 rg: 65 | total time: 14.45m | eta: 5.1m
step 00748/01008 (74.21%) | loss: 3.220347 | lrm: 0.43 | dt: 1185.76ms | tok/sec: 442,154 | bf16_mfu: 0.00 | epoch: 1 pq: 8 rg: 66 | total time: 14.47m | eta: 5.1m
step 00749/01008 (74.31%) | loss: 3.205742 | lrm: 0.43 | dt: 1186.74ms | tok/sec: 441,786 | bf16_mfu: 0.00 | epoch: 1 pq: 8 rg: 67 | total time: 14.49m | eta: 5.1m
Step 00750 | Validation bpb: 0.977027
step 00750/01008 (74.40%) | loss: 3.199690 | lrm: 0.42 | dt: 1167.41ms | tok/sec: 449,102 | bf16_mfu: 0.00 | epoch: 1 pq: 8 rg: 68 | total time: 14.51m | eta: 5.1m
step 00751/01008 (74.50%) | loss: 3.197575 | lrm: 0.42 | dt: 1174.14ms | tok/sec: 446,529 | bf16_mfu: 0.00 | epoch: 1 pq: 8 rg: 69 | total time: 14.53m | eta: 5.0m
step 00752/01008 (74.60%) | loss: 3.204715 | lrm: 0.42 | dt: 1172.80ms | tok/sec: 447,038 | bf16_mfu: 0.00 | epoch: 1 pq: 8 rg: 70 | total time: 14.55m | eta: 5.0m
step 00753/01008 (74.70%) | loss: 3.201705 | lrm: 0.42 | dt: 1170.25ms | tok/sec: 448,013 | bf16_mfu: 0.00 | epoch: 1 pq: 8 rg: 71 | total time: 14.57m | eta: 5.0m
step 00754/01008 (74.80%) | loss: 3.185233 | lrm: 0.42 | dt: 1173.76ms | tok/sec: 446,673 | bf16_mfu: 0.00 | epoch: 1 pq: 8 rg: 72 | total time: 14.59m | eta: 5.0m
step 00755/01008 (74.90%) | loss: 3.183046 | lrm: 0.42 | dt: 1174.80ms | tok/sec: 446,277 | bf16_mfu: 0.00 | epoch: 1 pq: 8 rg: 73 | total time: 14.61m | eta: 5.0m
step 00756/01008 (75.00%) | loss: 3.193324 | lrm: 0.42 | dt: 1171.36ms | tok/sec: 447,589 | bf16_mfu: 0.00 | epoch: 1 pq: 8 rg: 74 | total time: 14.63m | eta: 4.9m
step 00757/01008 (75.10%) | loss: 3.202229 | lrm: 0.41 | dt: 1170.55ms | tok/sec: 447,898 | bf16_mfu: 0.00 | epoch: 1 pq: 8 rg: 75 | total time: 14.65m | eta: 4.9m
step 00758/01008 (75.20%) | loss: 3.201101 | lrm: 0.41 | dt: 1172.21ms | tok/sec: 447,263 | bf16_mfu: 0.00 | epoch: 1 pq: 8 rg: 76 | total time: 14.67m | eta: 4.9m
step 00759/01008 (75.30%) | loss: 3.203448 | lrm: 0.41 | dt: 1172.71ms | tok/sec: 447,072 | bf16_mfu: 0.00 | epoch: 1 pq: 8 rg: 77 | total time: 14.69m | eta: 4.9m
step 00760/01008 (75.40%) | loss: 3.202306 | lrm: 0.41 | dt: 1173.76ms | tok/sec: 446,672 | bf16_mfu: 0.00 | epoch: 1 pq: 8 rg: 78 | total time: 14.71m | eta: 4.9m
step 00761/01008 (75.50%) | loss: 3.195781 | lrm: 0.41 | dt: 1172.18ms | tok/sec: 447,276 | bf16_mfu: 0.00 | epoch: 1 pq: 8 rg: 79 | total time: 14.73m | eta: 4.8m
step 00762/01008 (75.60%) | loss: 3.198132 | lrm: 0.41 | dt: 1173.12ms | tok/sec: 446,915 | bf16_mfu: 0.00 | epoch: 1 pq: 8 rg: 80 | total time: 14.75m | eta: 4.8m
step 00763/01008 (75.69%) | loss: 3.187489 | lrm: 0.41 | dt: 1175.02ms | tok/sec: 446,193 | bf16_mfu: 0.00 | epoch: 1 pq: 8 rg: 81 | total time: 14.77m | eta: 4.8m
step 00764/01008 (75.79%) | loss: 3.188168 | lrm: 0.40 | dt: 1176.97ms | tok/sec: 445,455 | bf16_mfu: 0.00 | epoch: 1 pq: 9 rg: 0 | total time: 14.79m | eta: 4.8m
step 00765/01008 (75.89%) | loss: 3.183317 | lrm: 0.40 | dt: 1175.03ms | tok/sec: 446,189 | bf16_mfu: 0.00 | epoch: 1 pq: 9 rg: 1 | total time: 14.81m | eta: 4.8m
step 00766/01008 (75.99%) | loss: 3.186360 | lrm: 0.40 | dt: 1174.38ms | tok/sec: 446,437 | bf16_mfu: 0.00 | epoch: 1 pq: 9 rg: 2 | total time: 14.83m | eta: 4.7m
step 00767/01008 (76.09%) | loss: 3.174833 | lrm: 0.40 | dt: 1177.34ms | tok/sec: 445,314 | bf16_mfu: 0.00 | epoch: 1 pq: 9 rg: 3 | total time: 14.85m | eta: 4.7m
step 00768/01008 (76.19%) | loss: 3.163927 | lrm: 0.40 | dt: 1176.71ms | tok/sec: 445,552 | bf16_mfu: 0.00 | epoch: 1 pq: 9 rg: 4 | total time: 14.87m | eta: 4.7m
step 00769/01008 (76.29%) | loss: 3.151674 | lrm: 0.40 | dt: 1175.32ms | tok/sec: 446,080 | bf16_mfu: 0.00 | epoch: 1 pq: 9 rg: 5 | total time: 14.88m | eta: 4.7m
step 00770/01008 (76.39%) | loss: 3.159281 | lrm: 0.40 | dt: 1171.68ms | tok/sec: 447,464 | bf16_mfu: 0.00 | epoch: 1 pq: 9 rg: 6 | total time: 14.90m | eta: 4.7m
step 00771/01008 (76.49%) | loss: 3.164045 | lrm: 0.39 | dt: 1174.67ms | tok/sec: 446,326 | bf16_mfu: 0.00 | epoch: 1 pq: 9 rg: 6 | total time: 14.92m | eta: 4.6m
step 00772/01008 (76.59%) | loss: 3.164099 | lrm: 0.39 | dt: 1174.91ms | tok/sec: 446,237 | bf16_mfu: 0.00 | epoch: 1 pq: 9 rg: 7 | total time: 14.94m | eta: 4.6m
step 00773/01008 (76.69%) | loss: 3.172240 | lrm: 0.39 | dt: 1174.53ms | tok/sec: 446,381 | bf16_mfu: 0.00 | epoch: 1 pq: 9 rg: 8 | total time: 14.96m | eta: 4.6m
step 00774/01008 (76.79%) | loss: 3.168352 | lrm: 0.39 | dt: 1170.25ms | tok/sec: 448,015 | bf16_mfu: 0.00 | epoch: 1 pq: 9 rg: 9 | total time: 14.98m | eta: 4.6m
step 00775/01008 (76.88%) | loss: 3.176197 | lrm: 0.39 | dt: 1173.94ms | tok/sec: 446,604 | bf16_mfu: 0.00 | epoch: 1 pq: 9 rg: 10 | total time: 15.00m | eta: 4.6m
step 00776/01008 (76.98%) | loss: 3.182466 | lrm: 0.39 | dt: 1175.93ms | tok/sec: 445,848 | bf16_mfu: 0.00 | epoch: 1 pq: 9 rg: 11 | total time: 15.02m | eta: 4.5m
step 00777/01008 (77.08%) | loss: 3.194220 | lrm: 0.39 | dt: 1175.68ms | tok/sec: 445,944 | bf16_mfu: 0.00 | epoch: 1 pq: 9 rg: 12 | total time: 15.04m | eta: 4.5m
step 00778/01008 (77.18%) | loss: 3.202642 | lrm: 0.38 | dt: 1173.06ms | tok/sec: 446,940 | bf16_mfu: 0.00 | epoch: 1 pq: 9 rg: 13 | total time: 15.06m | eta: 4.5m
step 00779/01008 (77.28%) | loss: 3.203871 | lrm: 0.38 | dt: 1173.32ms | tok/sec: 446,842 | bf16_mfu: 0.00 | epoch: 1 pq: 9 rg: 14 | total time: 15.08m | eta: 4.5m
step 00780/01008 (77.38%) | loss: 3.207269 | lrm: 0.38 | dt: 1174.76ms | tok/sec: 446,293 | bf16_mfu: 0.00 | epoch: 1 pq: 9 rg: 15 | total time: 15.10m | eta: 4.5m
step 00781/01008 (77.48%) | loss: 3.205154 | lrm: 0.38 | dt: 1177.38ms | tok/sec: 445,301 | bf16_mfu: 0.00 | epoch: 1 pq: 9 rg: 16 | total time: 15.12m | eta: 4.5m
step 00782/01008 (77.58%) | loss: 3.192668 | lrm: 0.38 | dt: 1177.39ms | tok/sec: 445,297 | bf16_mfu: 0.00 | epoch: 1 pq: 9 rg: 17 | total time: 15.14m | eta: 4.4m
step 00783/01008 (77.68%) | loss: 3.181669 | lrm: 0.38 | dt: 1176.54ms | tok/sec: 445,618 | bf16_mfu: 0.00 | epoch: 1 pq: 9 rg: 18 | total time: 15.16m | eta: 4.4m
step 00784/01008 (77.78%) | loss: 3.176823 | lrm: 0.37 | dt: 1177.79ms | tok/sec: 445,146 | bf16_mfu: 0.00 | epoch: 1 pq: 9 rg: 19 | total time: 15.18m | eta: 4.4m
step 00785/01008 (77.88%) | loss: 3.177236 | lrm: 0.37 | dt: 1179.31ms | tok/sec: 444,572 | bf16_mfu: 0.00 | epoch: 1 pq: 9 rg: 20 | total time: 15.20m | eta: 4.4m
step 00786/01008 (77.98%) | loss: 3.178852 | lrm: 0.37 | dt: 1176.39ms | tok/sec: 445,673 | bf16_mfu: 0.00 | epoch: 1 pq: 9 rg: 21 | total time: 15.22m | eta: 4.4m
step 00787/01008 (78.08%) | loss: 3.177731 | lrm: 0.37 | dt: 1174.16ms | tok/sec: 446,522 | bf16_mfu: 0.00 | epoch: 1 pq: 9 rg: 22 | total time: 15.24m | eta: 4.3m
step 00788/01008 (78.17%) | loss: 3.183564 | lrm: 0.37 | dt: 1174.72ms | tok/sec: 446,308 | bf16_mfu: 0.00 | epoch: 1 pq: 9 rg: 23 | total time: 15.26m | eta: 4.3m
step 00789/01008 (78.27%) | loss: 3.191291 | lrm: 0.37 | dt: 1177.07ms | tok/sec: 445,416 | bf16_mfu: 0.00 | epoch: 1 pq: 9 rg: 24 | total time: 15.28m | eta: 4.3m
step 00790/01008 (78.37%) | loss: 3.185988 | lrm: 0.37 | dt: 1175.71ms | tok/sec: 445,932 | bf16_mfu: 0.00 | epoch: 1 pq: 9 rg: 25 | total time: 15.30m | eta: 4.3m
step 00791/01008 (78.47%) | loss: 3.198144 | lrm: 0.36 | dt: 1176.51ms | tok/sec: 445,629 | bf16_mfu: 0.00 | epoch: 1 pq: 9 rg: 26 | total time: 15.32m | eta: 4.3m
step 00792/01008 (78.57%) | loss: 3.202108 | lrm: 0.36 | dt: 1173.96ms | tok/sec: 446,599 | bf16_mfu: 0.00 | epoch: 1 pq: 9 rg: 27 | total time: 15.34m | eta: 4.2m
step 00793/01008 (78.67%) | loss: 3.199261 | lrm: 0.36 | dt: 1177.46ms | tok/sec: 445,268 | bf16_mfu: 0.00 | epoch: 1 pq: 9 rg: 28 | total time: 15.36m | eta: 4.2m
step 00794/01008 (78.77%) | loss: 3.185283 | lrm: 0.36 | dt: 1176.79ms | tok/sec: 445,524 | bf16_mfu: 0.00 | epoch: 1 pq: 9 rg: 29 | total time: 15.37m | eta: 4.2m
step 00795/01008 (78.87%) | loss: 3.177817 | lrm: 0.36 | dt: 1178.04ms | tok/sec: 445,051 | bf16_mfu: 0.00 | epoch: 1 pq: 9 rg: 30 | total time: 15.39m | eta: 4.2m
step 00796/01008 (78.97%) | loss: 3.176157 | lrm: 0.36 | dt: 1175.31ms | tok/sec: 446,083 | bf16_mfu: 0.00 | epoch: 1 pq: 9 rg: 31 | total time: 15.41m | eta: 4.2m
step 00797/01008 (79.07%) | loss: 3.187351 | lrm: 0.36 | dt: 1177.21ms | tok/sec: 445,366 | bf16_mfu: 0.00 | epoch: 1 pq: 9 rg: 32 | total time: 15.43m | eta: 4.1m
step 00798/01008 (79.17%) | loss: 3.177551 | lrm: 0.35 | dt: 1179.05ms | tok/sec: 444,670 | bf16_mfu: 0.00 | epoch: 1 pq: 9 rg: 33 | total time: 15.45m | eta: 4.1m
step 00799/01008 (79.27%) | loss: 3.177235 | lrm: 0.35 | dt: 1179.72ms | tok/sec: 444,417 | bf16_mfu: 0.00 | epoch: 1 pq: 9 rg: 33 | total time: 15.47m | eta: 4.1m
step 00800/01008 (79.37%) | loss: 3.179835 | lrm: 0.35 | dt: 1181.64ms | tok/sec: 443,695 | bf16_mfu: 0.00 | epoch: 1 pq: 9 rg: 34 | total time: 15.49m | eta: 4.1m
step 00801/01008 (79.46%) | loss: 3.173449 | lrm: 0.35 | dt: 1177.58ms | tok/sec: 445,225 | bf16_mfu: 0.00 | epoch: 1 pq: 9 rg: 35 | total time: 15.51m | eta: 4.1m
step 00802/01008 (79.56%) | loss: 3.169291 | lrm: 0.35 | dt: 1179.01ms | tok/sec: 444,686 | bf16_mfu: 0.00 | epoch: 1 pq: 9 rg: 36 | total time: 15.53m | eta: 4.0m
step 00803/01008 (79.66%) | loss: 3.167935 | lrm: 0.35 | dt: 1179.86ms | tok/sec: 444,366 | bf16_mfu: 0.00 | epoch: 1 pq: 9 rg: 37 | total time: 15.55m | eta: 4.0m
step 00804/01008 (79.76%) | loss: 3.159825 | lrm: 0.35 | dt: 1178.53ms | tok/sec: 444,867 | bf16_mfu: 0.00 | epoch: 1 pq: 9 rg: 38 | total time: 15.57m | eta: 4.0m
step 00805/01008 (79.86%) | loss: 3.158234 | lrm: 0.34 | dt: 1177.59ms | tok/sec: 445,219 | bf16_mfu: 0.00 | epoch: 1 pq: 9 rg: 39 | total time: 15.59m | eta: 4.0m
step 00806/01008 (79.96%) | loss: 3.157617 | lrm: 0.34 | dt: 1174.75ms | tok/sec: 446,299 | bf16_mfu: 0.00 | epoch: 1 pq: 9 rg: 40 | total time: 15.61m | eta: 4.0m
step 00807/01008 (80.06%) | loss: 3.159279 | lrm: 0.34 | dt: 1175.88ms | tok/sec: 445,869 | bf16_mfu: 0.00 | epoch: 1 pq: 9 rg: 41 | total time: 15.63m | eta: 3.9m
step 00808/01008 (80.16%) | loss: 3.162242 | lrm: 0.34 | dt: 1177.93ms | tok/sec: 445,092 | bf16_mfu: 0.00 | epoch: 1 pq: 9 rg: 42 | total time: 15.65m | eta: 3.9m
step 00809/01008 (80.26%) | loss: 3.153685 | lrm: 0.34 | dt: 1177.04ms | tok/sec: 445,427 | bf16_mfu: 0.00 | epoch: 1 pq: 9 rg: 43 | total time: 15.67m | eta: 3.9m
step 00810/01008 (80.36%) | loss: 3.153188 | lrm: 0.34 | dt: 1175.44ms | tok/sec: 446,036 | bf16_mfu: 0.00 | epoch: 1 pq: 9 rg: 44 | total time: 15.69m | eta: 3.9m
step 00811/01008 (80.46%) | loss: 3.155184 | lrm: 0.34 | dt: 1176.17ms | tok/sec: 445,760 | bf16_mfu: 0.00 | epoch: 1 pq: 9 rg: 45 | total time: 15.71m | eta: 3.9m
step 00812/01008 (80.56%) | loss: 3.160360 | lrm: 0.33 | dt: 1178.49ms | tok/sec: 444,881 | bf16_mfu: 0.00 | epoch: 1 pq: 9 rg: 46 | total time: 15.73m | eta: 3.8m
step 00813/01008 (80.65%) | loss: 3.160016 | lrm: 0.33 | dt: 1179.50ms | tok/sec: 444,501 | bf16_mfu: 0.00 | epoch: 1 pq: 9 rg: 47 | total time: 15.75m | eta: 3.8m
step 00814/01008 (80.75%) | loss: 3.168206 | lrm: 0.33 | dt: 1178.58ms | tok/sec: 444,846 | bf16_mfu: 0.00 | epoch: 1 pq: 9 rg: 48 | total time: 15.77m | eta: 3.8m
step 00815/01008 (80.85%) | loss: 3.169857 | lrm: 0.33 | dt: 1178.67ms | tok/sec: 444,813 | bf16_mfu: 0.00 | epoch: 1 pq: 9 rg: 49 | total time: 15.79m | eta: 3.8m
step 00816/01008 (80.95%) | loss: 3.167478 | lrm: 0.33 | dt: 1179.45ms | tok/sec: 444,519 | bf16_mfu: 0.00 | epoch: 1 pq: 9 rg: 50 | total time: 15.81m | eta: 3.8m
step 00817/01008 (81.05%) | loss: 3.169928 | lrm: 0.33 | dt: 1182.38ms | tok/sec: 443,417 | bf16_mfu: 0.00 | epoch: 1 pq: 9 rg: 51 | total time: 15.83m | eta: 3.7m
step 00818/01008 (81.15%) | loss: 3.169872 | lrm: 0.33 | dt: 1182.57ms | tok/sec: 443,347 | bf16_mfu: 0.00 | epoch: 1 pq: 9 rg: 52 | total time: 15.85m | eta: 3.7m
step 00819/01008 (81.25%) | loss: 3.167246 | lrm: 0.32 | dt: 1182.97ms | tok/sec: 443,197 | bf16_mfu: 0.00 | epoch: 1 pq: 9 rg: 53 | total time: 15.87m | eta: 3.7m
step 00820/01008 (81.35%) | loss: 3.152168 | lrm: 0.32 | dt: 1182.20ms | tok/sec: 443,483 | bf16_mfu: 0.00 | epoch: 1 pq: 9 rg: 54 | total time: 15.89m | eta: 3.7m
step 00821/01008 (81.45%) | loss: 3.147151 | lrm: 0.32 | dt: 1177.42ms | tok/sec: 445,285 | bf16_mfu: 0.00 | epoch: 1 pq: 9 rg: 55 | total time: 15.91m | eta: 3.7m
step 00822/01008 (81.55%) | loss: 3.147443 | lrm: 0.32 | dt: 1178.31ms | tok/sec: 444,949 | bf16_mfu: 0.00 | epoch: 1 pq: 9 rg: 56 | total time: 15.92m | eta: 3.6m
step 00823/01008 (81.65%) | loss: 3.138617 | lrm: 0.32 | dt: 1179.72ms | tok/sec: 444,417 | bf16_mfu: 0.00 | epoch: 1 pq: 9 rg: 57 | total time: 15.94m | eta: 3.6m
step 00824/01008 (81.75%) | loss: 3.138402 | lrm: 0.32 | dt: 1178.42ms | tok/sec: 444,906 | bf16_mfu: 0.00 | epoch: 1 pq: 9 rg: 58 | total time: 15.96m | eta: 3.6m
step 00825/01008 (81.85%) | loss: 3.132810 | lrm: 0.32 | dt: 1178.49ms | tok/sec: 444,882 | bf16_mfu: 0.00 | epoch: 1 pq: 9 rg: 59 | total time: 15.98m | eta: 3.6m
step 00826/01008 (81.94%) | loss: 3.129412 | lrm: 0.31 | dt: 1177.03ms | tok/sec: 445,431 | bf16_mfu: 0.00 | epoch: 1 pq: 9 rg: 60 | total time: 16.00m | eta: 3.6m
step 00827/01008 (82.04%) | loss: 3.139752 | lrm: 0.31 | dt: 1179.16ms | tok/sec: 444,628 | bf16_mfu: 0.00 | epoch: 1 pq: 9 rg: 61 | total time: 16.02m | eta: 3.5m
step 00828/01008 (82.14%) | loss: 3.157242 | lrm: 0.31 | dt: 1180.58ms | tok/sec: 444,092 | bf16_mfu: 0.00 | epoch: 1 pq: 9 rg: 62 | total time: 16.04m | eta: 3.5m
step 00829/01008 (82.24%) | loss: 3.162371 | lrm: 0.31 | dt: 1179.81ms | tok/sec: 444,383 | bf16_mfu: 0.00 | epoch: 1 pq: 9 rg: 63 | total time: 16.06m | eta: 3.5m
step 00830/01008 (82.34%) | loss: 3.154744 | lrm: 0.31 | dt: 1179.07ms | tok/sec: 444,663 | bf16_mfu: 0.00 | epoch: 1 pq: 9 rg: 64 | total time: 16.08m | eta: 3.5m
step 00831/01008 (82.44%) | loss: 3.142677 | lrm: 0.31 | dt: 1176.62ms | tok/sec: 445,587 | bf16_mfu: 0.00 | epoch: 1 pq: 9 rg: 65 | total time: 16.10m | eta: 3.5m
step 00832/01008 (82.54%) | loss: 3.139845 | lrm: 0.31 | dt: 1179.88ms | tok/sec: 444,358 | bf16_mfu: 0.00 | epoch: 1 pq: 9 rg: 66 | total time: 16.12m | eta: 3.5m
step 00833/01008 (82.64%) | loss: 3.146327 | lrm: 0.30 | dt: 1182.33ms | tok/sec: 443,437 | bf16_mfu: 0.00 | epoch: 1 pq: 9 rg: 67 | total time: 16.14m | eta: 3.4m
step 00834/01008 (82.74%) | loss: 3.133023 | lrm: 0.30 | dt: 1181.56ms | tok/sec: 443,724 | bf16_mfu: 0.00 | epoch: 1 pq: 9 rg: 67 | total time: 16.16m | eta: 3.4m
step 00835/01008 (82.84%) | loss: 3.131638 | lrm: 0.30 | dt: 1181.39ms | tok/sec: 443,789 | bf16_mfu: 0.00 | epoch: 1 pq: 9 rg: 68 | total time: 16.18m | eta: 3.4m
step 00836/01008 (82.94%) | loss: 3.138383 | lrm: 0.30 | dt: 1181.17ms | tok/sec: 443,870 | bf16_mfu: 0.00 | epoch: 1 pq: 9 rg: 69 | total time: 16.20m | eta: 3.4m
step 00837/01008 (83.04%) | loss: 3.135744 | lrm: 0.30 | dt: 1180.76ms | tok/sec: 444,027 | bf16_mfu: 0.00 | epoch: 1 pq: 9 rg: 70 | total time: 16.22m | eta: 3.4m
step 00838/01008 (83.13%) | loss: 3.134349 | lrm: 0.30 | dt: 1180.41ms | tok/sec: 444,158 | bf16_mfu: 0.00 | epoch: 1 pq: 9 rg: 71 | total time: 16.24m | eta: 3.3m
step 00839/01008 (83.23%) | loss: 3.136979 | lrm: 0.30 | dt: 1179.94ms | tok/sec: 444,335 | bf16_mfu: 0.00 | epoch: 1 pq: 9 rg: 72 | total time: 16.26m | eta: 3.3m
step 00840/01008 (83.33%) | loss: 3.137337 | lrm: 0.29 | dt: 1179.82ms | tok/sec: 444,380 | bf16_mfu: 0.00 | epoch: 1 pq: 9 rg: 73 | total time: 16.28m | eta: 3.3m
step 00841/01008 (83.43%) | loss: 3.144675 | lrm: 0.29 | dt: 1177.75ms | tok/sec: 445,159 | bf16_mfu: 0.00 | epoch: 1 pq: 9 rg: 74 | total time: 16.30m | eta: 3.3m
step 00842/01008 (83.53%) | loss: 3.145698 | lrm: 0.29 | dt: 1177.56ms | tok/sec: 445,232 | bf16_mfu: 0.00 | epoch: 1 pq: 9 rg: 75 | total time: 16.32m | eta: 3.3m
step 00843/01008 (83.63%) | loss: 3.143535 | lrm: 0.29 | dt: 1180.65ms | tok/sec: 444,065 | bf16_mfu: 0.00 | epoch: 1 pq: 9 rg: 76 | total time: 16.34m | eta: 3.2m
step 00844/01008 (83.73%) | loss: 3.144273 | lrm: 0.29 | dt: 1180.49ms | tok/sec: 444,129 | bf16_mfu: 0.00 | epoch: 1 pq: 9 rg: 77 | total time: 16.36m | eta: 3.2m
step 00845/01008 (83.83%) | loss: 3.146386 | lrm: 0.29 | dt: 1180.04ms | tok/sec: 444,298 | bf16_mfu: 0.00 | epoch: 1 pq: 9 rg: 78 | total time: 16.38m | eta: 3.2m
step 00846/01008 (83.93%) | loss: 3.131762 | lrm: 0.28 | dt: 1177.97ms | tok/sec: 445,077 | bf16_mfu: 0.00 | epoch: 1 pq: 9 rg: 79 | total time: 16.40m | eta: 3.2m
step 00847/01008 (84.03%) | loss: 3.145856 | lrm: 0.28 | dt: 1178.44ms | tok/sec: 444,898 | bf16_mfu: 0.00 | epoch: 1 pq: 9 rg: 80 | total time: 16.42m | eta: 3.2m
step 00848/01008 (84.13%) | loss: 3.157497 | lrm: 0.28 | dt: 1180.28ms | tok/sec: 444,205 | bf16_mfu: 0.00 | epoch: 1 pq: 9 rg: 81 | total time: 16.44m | eta: 3.1m
step 00849/01008 (84.23%) | loss: 3.152060 | lrm: 0.28 | dt: 1181.45ms | tok/sec: 443,765 | bf16_mfu: 0.00 | epoch: 1 pq: 9 rg: 82 | total time: 16.46m | eta: 3.1m
step 00850/01008 (84.33%) | loss: 3.152040 | lrm: 0.28 | dt: 1183.21ms | tok/sec: 443,105 | bf16_mfu: 0.00 | epoch: 1 pq: 10 rg: 0 | total time: 16.48m | eta: 3.1m
step 00851/01008 (84.42%) | loss: 3.156698 | lrm: 0.28 | dt: 1182.75ms | tok/sec: 443,279 | bf16_mfu: 0.00 | epoch: 1 pq: 10 rg: 1 | total time: 16.50m | eta: 3.1m
step 00852/01008 (84.52%) | loss: 3.162260 | lrm: 0.28 | dt: 1180.68ms | tok/sec: 444,057 | bf16_mfu: 0.00 | epoch: 1 pq: 10 rg: 2 | total time: 16.51m | eta: 3.1m
step 00853/01008 (84.62%) | loss: 3.162296 | lrm: 0.27 | dt: 1183.21ms | tok/sec: 443,104 | bf16_mfu: 0.00 | epoch: 1 pq: 10 rg: 3 | total time: 16.53m | eta: 3.0m
step 00854/01008 (84.72%) | loss: 3.160051 | lrm: 0.27 | dt: 1180.96ms | tok/sec: 443,952 | bf16_mfu: 0.00 | epoch: 1 pq: 10 rg: 4 | total time: 16.55m | eta: 3.0m
step 00855/01008 (84.82%) | loss: 3.153169 | lrm: 0.27 | dt: 1179.69ms | tok/sec: 444,428 | bf16_mfu: 0.00 | epoch: 1 pq: 10 rg: 5 | total time: 16.57m | eta: 3.0m
step 00856/01008 (84.92%) | loss: 3.149246 | lrm: 0.27 | dt: 1178.49ms | tok/sec: 444,881 | bf16_mfu: 0.00 | epoch: 1 pq: 10 rg: 6 | total time: 16.59m | eta: 3.0m
step 00857/01008 (85.02%) | loss: 3.148266 | lrm: 0.27 | dt: 1176.59ms | tok/sec: 445,597 | bf16_mfu: 0.00 | epoch: 1 pq: 10 rg: 7 | total time: 16.61m | eta: 3.0m
step 00858/01008 (85.12%) | loss: 3.146150 | lrm: 0.27 | dt: 1180.45ms | tok/sec: 444,143 | bf16_mfu: 0.00 | epoch: 1 pq: 10 rg: 8 | total time: 16.63m | eta: 2.9m
step 00859/01008 (85.22%) | loss: 3.149957 | lrm: 0.27 | dt: 1181.12ms | tok/sec: 443,890 | bf16_mfu: 0.00 | epoch: 1 pq: 10 rg: 9 | total time: 16.65m | eta: 2.9m
step 00860/01008 (85.32%) | loss: 3.151834 | lrm: 0.26 | dt: 1180.86ms | tok/sec: 443,987 | bf16_mfu: 0.00 | epoch: 1 pq: 10 rg: 10 | total time: 16.67m | eta: 2.9m
step 00861/01008 (85.42%) | loss: 3.159593 | lrm: 0.26 | dt: 1181.13ms | tok/sec: 443,888 | bf16_mfu: 0.00 | epoch: 1 pq: 10 rg: 11 | total time: 16.69m | eta: 2.9m
step 00862/01008 (85.52%) | loss: 3.162427 | lrm: 0.26 | dt: 1178.09ms | tok/sec: 445,033 | bf16_mfu: 0.00 | epoch: 1 pq: 10 rg: 12 | total time: 16.71m | eta: 2.9m
step 00863/01008 (85.62%) | loss: 3.157892 | lrm: 0.26 | dt: 1179.82ms | tok/sec: 444,379 | bf16_mfu: 0.00 | epoch: 1 pq: 10 rg: 13 | total time: 16.73m | eta: 2.8m
step 00864/01008 (85.71%) | loss: 3.145646 | lrm: 0.26 | dt: 1178.58ms | tok/sec: 444,846 | bf16_mfu: 0.00 | epoch: 1 pq: 10 rg: 14 | total time: 16.75m | eta: 2.8m
step 00865/01008 (85.81%) | loss: 3.144189 | lrm: 0.26 | dt: 1179.60ms | tok/sec: 444,461 | bf16_mfu: 0.00 | epoch: 1 pq: 10 rg: 15 | total time: 16.77m | eta: 2.8m
step 00866/01008 (85.91%) | loss: 3.131105 | lrm: 0.26 | dt: 1179.73ms | tok/sec: 444,412 | bf16_mfu: 0.00 | epoch: 1 pq: 10 rg: 16 | total time: 16.79m | eta: 2.8m
step 00867/01008 (86.01%) | loss: 3.125994 | lrm: 0.25 | dt: 1180.88ms | tok/sec: 443,980 | bf16_mfu: 0.00 | epoch: 1 pq: 10 rg: 17 | total time: 16.81m | eta: 2.8m
step 00868/01008 (86.11%) | loss: 3.121787 | lrm: 0.25 | dt: 1182.69ms | tok/sec: 443,302 | bf16_mfu: 0.00 | epoch: 1 pq: 10 rg: 18 | total time: 16.83m | eta: 2.7m
step 00869/01008 (86.21%) | loss: 3.118208 | lrm: 0.25 | dt: 1182.69ms | tok/sec: 443,300 | bf16_mfu: 0.00 | epoch: 1 pq: 10 rg: 18 | total time: 16.85m | eta: 2.7m
step 00870/01008 (86.31%) | loss: 3.116640 | lrm: 0.25 | dt: 1182.23ms | tok/sec: 443,473 | bf16_mfu: 0.00 | epoch: 1 pq: 10 rg: 19 | total time: 16.87m | eta: 2.7m
step 00871/01008 (86.41%) | loss: 3.118960 | lrm: 0.25 | dt: 1180.91ms | tok/sec: 443,971 | bf16_mfu: 0.00 | epoch: 1 pq: 10 rg: 20 | total time: 16.89m | eta: 2.7m
step 00872/01008 (86.51%) | loss: 3.118499 | lrm: 0.25 | dt: 1177.64ms | tok/sec: 445,200 | bf16_mfu: 0.00 | epoch: 1 pq: 10 rg: 21 | total time: 16.91m | eta: 2.7m
step 00873/01008 (86.61%) | loss: 3.120841 | lrm: 0.25 | dt: 1179.52ms | tok/sec: 444,493 | bf16_mfu: 0.00 | epoch: 1 pq: 10 rg: 22 | total time: 16.93m | eta: 2.6m
step 00874/01008 (86.71%) | loss: 3.121556 | lrm: 0.24 | dt: 1182.04ms | tok/sec: 443,544 | bf16_mfu: 0.00 | epoch: 1 pq: 10 rg: 23 | total time: 16.95m | eta: 2.6m
step 00875/01008 (86.81%) | loss: 3.118978 | lrm: 0.24 | dt: 1181.64ms | tok/sec: 443,694 | bf16_mfu: 0.00 | epoch: 1 pq: 10 rg: 24 | total time: 16.97m | eta: 2.6m
step 00876/01008 (86.90%) | loss: 3.124869 | lrm: 0.24 | dt: 1179.83ms | tok/sec: 444,376 | bf16_mfu: 0.00 | epoch: 1 pq: 10 rg: 25 | total time: 16.99m | eta: 2.6m
step 00877/01008 (87.00%) | loss: 3.127987 | lrm: 0.24 | dt: 1179.34ms | tok/sec: 444,560 | bf16_mfu: 0.00 | epoch: 1 pq: 10 rg: 26 | total time: 17.01m | eta: 2.6m
step 00878/01008 (87.10%) | loss: 3.147991 | lrm: 0.24 | dt: 1177.09ms | tok/sec: 445,411 | bf16_mfu: 0.00 | epoch: 1 pq: 10 rg: 27 | total time: 17.03m | eta: 2.5m
step 00879/01008 (87.20%) | loss: 3.143700 | lrm: 0.24 | dt: 1180.24ms | tok/sec: 444,223 | bf16_mfu: 0.00 | epoch: 1 pq: 10 rg: 28 | total time: 17.05m | eta: 2.5m
step 00880/01008 (87.30%) | loss: 3.142485 | lrm: 0.24 | dt: 1179.28ms | tok/sec: 444,583 | bf16_mfu: 0.00 | epoch: 1 pq: 10 rg: 29 | total time: 17.07m | eta: 2.5m
step 00881/01008 (87.40%) | loss: 3.151768 | lrm: 0.23 | dt: 1180.41ms | tok/sec: 444,157 | bf16_mfu: 0.00 | epoch: 1 pq: 10 rg: 30 | total time: 17.09m | eta: 2.5m
step 00882/01008 (87.50%) | loss: 3.151056 | lrm: 0.23 | dt: 1179.40ms | tok/sec: 444,538 | bf16_mfu: 0.00 | epoch: 1 pq: 10 rg: 31 | total time: 17.10m | eta: 2.5m
step 00883/01008 (87.60%) | loss: 3.146671 | lrm: 0.23 | dt: 1179.62ms | tok/sec: 444,454 | bf16_mfu: 0.00 | epoch: 1 pq: 10 rg: 32 | total time: 17.12m | eta: 2.5m
step 00884/01008 (87.70%) | loss: 3.133201 | lrm: 0.23 | dt: 1182.11ms | tok/sec: 443,518 | bf16_mfu: 0.00 | epoch: 1 pq: 10 rg: 33 | total time: 17.14m | eta: 2.4m
step 00885/01008 (87.80%) | loss: 3.122585 | lrm: 0.23 | dt: 1186.27ms | tok/sec: 441,965 | bf16_mfu: 0.00 | epoch: 1 pq: 10 rg: 34 | total time: 17.16m | eta: 2.4m
step 00886/01008 (87.90%) | loss: 3.118510 | lrm: 0.23 | dt: 1183.43ms | tok/sec: 443,024 | bf16_mfu: 0.00 | epoch: 1 pq: 10 rg: 35 | total time: 17.18m | eta: 2.4m
step 00887/01008 (88.00%) | loss: 3.124452 | lrm: 0.23 | dt: 1180.61ms | tok/sec: 444,083 | bf16_mfu: 0.00 | epoch: 1 pq: 10 rg: 36 | total time: 17.20m | eta: 2.4m
step 00888/01008 (88.10%) | loss: 3.125452 | lrm: 0.22 | dt: 1179.56ms | tok/sec: 444,475 | bf16_mfu: 0.00 | epoch: 1 pq: 10 rg: 37 | total time: 17.22m | eta: 2.4m
step 00889/01008 (88.19%) | loss: 3.122364 | lrm: 0.22 | dt: 1181.05ms | tok/sec: 443,917 | bf16_mfu: 0.00 | epoch: 1 pq: 10 rg: 38 | total time: 17.24m | eta: 2.3m
step 00890/01008 (88.29%) | loss: 3.128756 | lrm: 0.22 | dt: 1182.55ms | tok/sec: 443,353 | bf16_mfu: 0.00 | epoch: 1 pq: 10 rg: 39 | total time: 17.26m | eta: 2.3m
step 00891/01008 (88.39%) | loss: 3.137138 | lrm: 0.22 | dt: 1181.55ms | tok/sec: 443,727 | bf16_mfu: 0.00 | epoch: 1 pq: 10 rg: 40 | total time: 17.28m | eta: 2.3m
step 00892/01008 (88.49%) | loss: 3.133943 | lrm: 0.22 | dt: 1180.38ms | tok/sec: 444,169 | bf16_mfu: 0.00 | epoch: 1 pq: 10 rg: 41 | total time: 17.30m | eta: 2.3m
step 00893/01008 (88.59%) | loss: 3.129624 | lrm: 0.22 | dt: 1178.04ms | tok/sec: 445,051 | bf16_mfu: 0.00 | epoch: 1 pq: 10 rg: 42 | total time: 17.32m | eta: 2.3m
step 00894/01008 (88.69%) | loss: 3.132312 | lrm: 0.22 | dt: 1178.08ms | tok/sec: 445,036 | bf16_mfu: 0.00 | epoch: 1 pq: 10 rg: 43 | total time: 17.34m | eta: 2.2m
step 00895/01008 (88.79%) | loss: 3.130948 | lrm: 0.21 | dt: 1178.79ms | tok/sec: 444,769 | bf16_mfu: 0.00 | epoch: 1 pq: 10 rg: 44 | total time: 17.36m | eta: 2.2m
step 00896/01008 (88.89%) | loss: 3.134739 | lrm: 0.21 | dt: 1179.18ms | tok/sec: 444,619 | bf16_mfu: 0.00 | epoch: 1 pq: 10 rg: 45 | total time: 17.38m | eta: 2.2m
step 00897/01008 (88.99%) | loss: 3.135734 | lrm: 0.21 | dt: 1179.22ms | tok/sec: 444,604 | bf16_mfu: 0.00 | epoch: 1 pq: 10 rg: 46 | total time: 17.40m | eta: 2.2m
step 00898/01008 (89.09%) | loss: 3.121782 | lrm: 0.21 | dt: 1176.27ms | tok/sec: 445,719 | bf16_mfu: 0.00 | epoch: 1 pq: 10 rg: 47 | total time: 17.42m | eta: 2.2m
step 00899/01008 (89.19%) | loss: 3.129561 | lrm: 0.21 | dt: 1177.79ms | tok/sec: 445,144 | bf16_mfu: 0.00 | epoch: 1 pq: 10 rg: 47 | total time: 17.44m | eta: 2.1m
step 00900/01008 (89.29%) | loss: 3.132756 | lrm: 0.21 | dt: 1179.58ms | tok/sec: 444,469 | bf16_mfu: 0.00 | epoch: 1 pq: 10 rg: 48 | total time: 17.46m | eta: 2.1m
step 00901/01008 (89.38%) | loss: 3.135449 | lrm: 0.21 | dt: 1181.15ms | tok/sec: 443,880 | bf16_mfu: 0.00 | epoch: 1 pq: 10 rg: 49 | total time: 17.48m | eta: 2.1m
step 00902/01008 (89.48%) | loss: 3.139577 | lrm: 0.20 | dt: 1179.94ms | tok/sec: 444,334 | bf16_mfu: 0.00 | epoch: 1 pq: 10 rg: 50 | total time: 17.50m | eta: 2.1m
step 00903/01008 (89.58%) | loss: 3.142300 | lrm: 0.20 | dt: 1178.79ms | tok/sec: 444,768 | bf16_mfu: 0.00 | epoch: 1 pq: 10 rg: 51 | total time: 17.52m | eta: 2.1m
step 00904/01008 (89.68%) | loss: 3.138626 | lrm: 0.20 | dt: 1180.63ms | tok/sec: 444,074 | bf16_mfu: 0.00 | epoch: 1 pq: 10 rg: 52 | total time: 17.54m | eta: 2.0m
step 00905/01008 (89.78%) | loss: 3.139987 | lrm: 0.20 | dt: 1181.06ms | tok/sec: 443,914 | bf16_mfu: 0.00 | epoch: 1 pq: 10 rg: 53 | total time: 17.56m | eta: 2.0m
step 00906/01008 (89.88%) | loss: 3.131131 | lrm: 0.20 | dt: 1181.19ms | tok/sec: 443,865 | bf16_mfu: 0.00 | epoch: 1 pq: 10 rg: 54 | total time: 17.58m | eta: 2.0m
step 00907/01008 (89.98%) | loss: 3.136714 | lrm: 0.20 | dt: 1181.73ms | tok/sec: 443,660 | bf16_mfu: 0.00 | epoch: 1 pq: 10 rg: 55 | total time: 17.60m | eta: 2.0m
step 00908/01008 (90.08%) | loss: 3.138154 | lrm: 0.20 | dt: 1176.50ms | tok/sec: 445,633 | bf16_mfu: 0.00 | epoch: 1 pq: 10 rg: 56 | total time: 17.62m | eta: 2.0m
step 00909/01008 (90.18%) | loss: 3.140328 | lrm: 0.19 | dt: 1179.46ms | tok/sec: 444,516 | bf16_mfu: 0.00 | epoch: 1 pq: 10 rg: 57 | total time: 17.64m | eta: 1.9m
step 00910/01008 (90.28%) | loss: 3.145364 | lrm: 0.19 | dt: 1179.11ms | tok/sec: 444,645 | bf16_mfu: 0.00 | epoch: 1 pq: 10 rg: 58 | total time: 17.66m | eta: 1.9m
step 00911/01008 (90.38%) | loss: 3.138919 | lrm: 0.19 | dt: 1180.16ms | tok/sec: 444,252 | bf16_mfu: 0.00 | epoch: 1 pq: 10 rg: 59 | total time: 17.68m | eta: 1.9m
step 00912/01008 (90.48%) | loss: 3.141844 | lrm: 0.19 | dt: 1179.36ms | tok/sec: 444,552 | bf16_mfu: 0.00 | epoch: 1 pq: 10 rg: 60 | total time: 17.69m | eta: 1.9m
step 00913/01008 (90.58%) | loss: 3.147004 | lrm: 0.19 | dt: 1177.36ms | tok/sec: 445,308 | bf16_mfu: 0.00 | epoch: 1 pq: 10 rg: 61 | total time: 17.71m | eta: 1.9m
step 00914/01008 (90.67%) | loss: 3.131906 | lrm: 0.19 | dt: 1178.66ms | tok/sec: 444,818 | bf16_mfu: 0.00 | epoch: 1 pq: 10 rg: 62 | total time: 17.73m | eta: 1.8m
step 00915/01008 (90.77%) | loss: 3.122720 | lrm: 0.18 | dt: 1179.77ms | tok/sec: 444,398 | bf16_mfu: 0.00 | epoch: 1 pq: 10 rg: 63 | total time: 17.75m | eta: 1.8m
step 00916/01008 (90.87%) | loss: 3.120811 | lrm: 0.18 | dt: 1179.51ms | tok/sec: 444,495 | bf16_mfu: 0.00 | epoch: 1 pq: 10 rg: 64 | total time: 17.77m | eta: 1.8m
step 00917/01008 (90.97%) | loss: 3.117767 | lrm: 0.18 | dt: 1178.23ms | tok/sec: 444,979 | bf16_mfu: 0.00 | epoch: 1 pq: 10 rg: 65 | total time: 17.79m | eta: 1.8m
step 00918/01008 (91.07%) | loss: 3.124651 | lrm: 0.18 | dt: 1177.61ms | tok/sec: 445,215 | bf16_mfu: 0.00 | epoch: 1 pq: 10 rg: 66 | total time: 17.81m | eta: 1.8m
step 00919/01008 (91.17%) | loss: 3.120589 | lrm: 0.18 | dt: 1179.13ms | tok/sec: 444,641 | bf16_mfu: 0.00 | epoch: 1 pq: 10 rg: 67 | total time: 17.83m | eta: 1.7m
step 00920/01008 (91.27%) | loss: 3.126953 | lrm: 0.18 | dt: 1180.51ms | tok/sec: 444,118 | bf16_mfu: 0.00 | epoch: 1 pq: 10 rg: 68 | total time: 17.85m | eta: 1.7m
step 00921/01008 (91.37%) | loss: 3.135348 | lrm: 0.18 | dt: 1182.81ms | tok/sec: 443,257 | bf16_mfu: 0.00 | epoch: 1 pq: 10 rg: 69 | total time: 17.87m | eta: 1.7m
step 00922/01008 (91.47%) | loss: 3.125525 | lrm: 0.17 | dt: 1182.81ms | tok/sec: 443,257 | bf16_mfu: 0.00 | epoch: 1 pq: 10 rg: 70 | total time: 17.89m | eta: 1.7m
step 00923/01008 (91.57%) | loss: 3.130554 | lrm: 0.17 | dt: 1179.65ms | tok/sec: 444,441 | bf16_mfu: 0.00 | epoch: 1 pq: 10 rg: 71 | total time: 17.91m | eta: 1.7m
step 00924/01008 (91.67%) | loss: 3.125346 | lrm: 0.17 | dt: 1178.64ms | tok/sec: 444,823 | bf16_mfu: 0.00 | epoch: 1 pq: 10 rg: 72 | total time: 17.93m | eta: 1.6m
step 00925/01008 (91.77%) | loss: 3.123108 | lrm: 0.17 | dt: 1178.43ms | tok/sec: 444,903 | bf16_mfu: 0.00 | epoch: 1 pq: 10 rg: 73 | total time: 17.95m | eta: 1.6m
step 00926/01008 (91.87%) | loss: 3.114875 | lrm: 0.17 | dt: 1181.16ms | tok/sec: 443,876 | bf16_mfu: 0.00 | epoch: 1 pq: 10 rg: 74 | total time: 17.97m | eta: 1.6m
step 00927/01008 (91.96%) | loss: 3.114223 | lrm: 0.17 | dt: 1179.85ms | tok/sec: 444,368 | bf16_mfu: 0.00 | epoch: 1 pq: 10 rg: 75 | total time: 17.99m | eta: 1.6m
step 00928/01008 (92.06%) | loss: 3.111732 | lrm: 0.17 | dt: 1178.21ms | tok/sec: 444,988 | bf16_mfu: 0.00 | epoch: 1 pq: 10 rg: 76 | total time: 18.01m | eta: 1.6m
step 00929/01008 (92.16%) | loss: 3.118228 | lrm: 0.16 | dt: 1177.98ms | tok/sec: 445,072 | bf16_mfu: 0.00 | epoch: 1 pq: 10 rg: 76 | total time: 18.03m | eta: 1.5m
step 00930/01008 (92.26%) | loss: 3.121099 | lrm: 0.16 | dt: 1180.13ms | tok/sec: 444,263 | bf16_mfu: 0.00 | epoch: 1 pq: 10 rg: 77 | total time: 18.05m | eta: 1.5m
step 00931/01008 (92.36%) | loss: 3.117305 | lrm: 0.16 | dt: 1180.25ms | tok/sec: 444,218 | bf16_mfu: 0.00 | epoch: 1 pq: 10 rg: 78 | total time: 18.07m | eta: 1.5m
step 00932/01008 (92.46%) | loss: 3.132968 | lrm: 0.16 | dt: 1179.46ms | tok/sec: 444,516 | bf16_mfu: 0.00 | epoch: 1 pq: 10 rg: 79 | total time: 18.09m | eta: 1.5m
step 00933/01008 (92.56%) | loss: 3.124045 | lrm: 0.16 | dt: 1178.71ms | tok/sec: 444,799 | bf16_mfu: 0.00 | epoch: 1 pq: 10 rg: 80 | total time: 18.11m | eta: 1.5m
step 00934/01008 (92.66%) | loss: 3.125367 | lrm: 0.16 | dt: 1176.91ms | tok/sec: 445,476 | bf16_mfu: 0.00 | epoch: 1 pq: 10 rg: 81 | total time: 18.13m | eta: 1.5m
step 00935/01008 (92.76%) | loss: 3.126390 | lrm: 0.16 | dt: 1179.76ms | tok/sec: 444,402 | bf16_mfu: 0.00 | epoch: 1 pq: 10 rg: 82 | total time: 18.15m | eta: 1.4m
step 00936/01008 (92.86%) | loss: 3.131344 | lrm: 0.15 | dt: 1180.66ms | tok/sec: 444,064 | bf16_mfu: 0.00 | epoch: 1 pq: 11 rg: 0 | total time: 18.17m | eta: 1.4m
step 00937/01008 (92.96%) | loss: 3.129369 | lrm: 0.15 | dt: 1181.61ms | tok/sec: 443,707 | bf16_mfu: 0.00 | epoch: 1 pq: 11 rg: 1 | total time: 18.19m | eta: 1.4m
step 00938/01008 (93.06%) | loss: 3.127082 | lrm: 0.15 | dt: 1180.55ms | tok/sec: 444,106 | bf16_mfu: 0.00 | epoch: 1 pq: 11 rg: 2 | total time: 18.21m | eta: 1.4m
step 00939/01008 (93.15%) | loss: 3.125442 | lrm: 0.15 | dt: 1179.88ms | tok/sec: 444,357 | bf16_mfu: 0.00 | epoch: 1 pq: 11 rg: 3 | total time: 18.23m | eta: 1.4m
step 00940/01008 (93.25%) | loss: 3.126672 | lrm: 0.15 | dt: 1180.10ms | tok/sec: 444,273 | bf16_mfu: 0.00 | epoch: 1 pq: 11 rg: 4 | total time: 18.25m | eta: 1.3m
step 00941/01008 (93.35%) | loss: 3.125645 | lrm: 0.15 | dt: 1180.69ms | tok/sec: 444,052 | bf16_mfu: 0.00 | epoch: 1 pq: 11 rg: 5 | total time: 18.26m | eta: 1.3m
step 00942/01008 (93.45%) | loss: 3.123366 | lrm: 0.15 | dt: 1179.82ms | tok/sec: 444,379 | bf16_mfu: 0.00 | epoch: 1 pq: 11 rg: 6 | total time: 18.28m | eta: 1.3m
step 00943/01008 (93.55%) | loss: 3.128378 | lrm: 0.14 | dt: 1178.01ms | tok/sec: 445,063 | bf16_mfu: 0.00 | epoch: 1 pq: 11 rg: 7 | total time: 18.30m | eta: 1.3m
step 00944/01008 (93.65%) | loss: 3.120321 | lrm: 0.14 | dt: 1178.35ms | tok/sec: 444,935 | bf16_mfu: 0.00 | epoch: 1 pq: 11 rg: 8 | total time: 18.32m | eta: 1.3m
step 00945/01008 (93.75%) | loss: 3.119324 | lrm: 0.14 | dt: 1180.24ms | tok/sec: 444,223 | bf16_mfu: 0.00 | epoch: 1 pq: 11 rg: 9 | total time: 18.34m | eta: 1.2m
step 00946/01008 (93.85%) | loss: 3.116212 | lrm: 0.14 | dt: 1180.00ms | tok/sec: 444,311 | bf16_mfu: 0.00 | epoch: 1 pq: 11 rg: 10 | total time: 18.36m | eta: 1.2m
step 00947/01008 (93.95%) | loss: 3.124855 | lrm: 0.14 | dt: 1180.40ms | tok/sec: 444,159 | bf16_mfu: 0.00 | epoch: 1 pq: 11 rg: 11 | total time: 18.38m | eta: 1.2m
step 00948/01008 (94.05%) | loss: 3.121488 | lrm: 0.14 | dt: 1179.12ms | tok/sec: 444,645 | bf16_mfu: 0.00 | epoch: 1 pq: 11 rg: 12 | total time: 18.40m | eta: 1.2m
step 00949/01008 (94.15%) | loss: 3.123354 | lrm: 0.14 | dt: 1177.79ms | tok/sec: 445,145 | bf16_mfu: 0.00 | epoch: 1 pq: 11 rg: 13 | total time: 18.42m | eta: 1.2m
step 00950/01008 (94.25%) | loss: 3.117334 | lrm: 0.13 | dt: 1179.18ms | tok/sec: 444,619 | bf16_mfu: 0.00 | epoch: 1 pq: 11 rg: 14 | total time: 18.44m | eta: 1.1m
step 00951/01008 (94.35%) | loss: 3.107240 | lrm: 0.13 | dt: 1178.22ms | tok/sec: 444,982 | bf16_mfu: 0.00 | epoch: 1 pq: 11 rg: 15 | total time: 18.46m | eta: 1.1m
step 00952/01008 (94.44%) | loss: 3.091426 | lrm: 0.13 | dt: 1180.59ms | tok/sec: 444,088 | bf16_mfu: 0.00 | epoch: 1 pq: 11 rg: 16 | total time: 18.48m | eta: 1.1m
step 00953/01008 (94.54%) | loss: 3.086221 | lrm: 0.13 | dt: 1180.47ms | tok/sec: 444,134 | bf16_mfu: 0.00 | epoch: 1 pq: 11 rg: 17 | total time: 18.50m | eta: 1.1m
step 00954/01008 (94.64%) | loss: 3.092954 | lrm: 0.13 | dt: 1179.90ms | tok/sec: 444,350 | bf16_mfu: 0.00 | epoch: 1 pq: 11 rg: 18 | total time: 18.52m | eta: 1.1m
step 00955/01008 (94.74%) | loss: 3.102104 | lrm: 0.13 | dt: 1181.79ms | tok/sec: 443,638 | bf16_mfu: 0.00 | epoch: 1 pq: 11 rg: 19 | total time: 18.54m | eta: 1.0m
step 00956/01008 (94.84%) | loss: 3.114232 | lrm: 0.13 | dt: 1182.00ms | tok/sec: 443,558 | bf16_mfu: 0.00 | epoch: 1 pq: 11 rg: 19 | total time: 18.56m | eta: 1.0m
step 00957/01008 (94.94%) | loss: 3.119200 | lrm: 0.12 | dt: 1181.51ms | tok/sec: 443,744 | bf16_mfu: 0.00 | epoch: 1 pq: 11 rg: 20 | total time: 18.58m | eta: 1.0m
step 00958/01008 (95.04%) | loss: 3.109399 | lrm: 0.12 | dt: 1179.82ms | tok/sec: 444,380 | bf16_mfu: 0.00 | epoch: 1 pq: 11 rg: 21 | total time: 18.60m | eta: 1.0m
step 00959/01008 (95.14%) | loss: 3.114386 | lrm: 0.12 | dt: 1177.46ms | tok/sec: 445,270 | bf16_mfu: 0.00 | epoch: 1 pq: 11 rg: 22 | total time: 18.62m | eta: 1.0m
step 00960/01008 (95.24%) | loss: 3.104905 | lrm: 0.12 | dt: 1180.56ms | tok/sec: 444,100 | bf16_mfu: 0.00 | epoch: 1 pq: 11 rg: 23 | total time: 18.64m | eta: 0.9m
step 00961/01008 (95.34%) | loss: 3.108974 | lrm: 0.12 | dt: 1180.50ms | tok/sec: 444,123 | bf16_mfu: 0.00 | epoch: 1 pq: 11 rg: 24 | total time: 18.66m | eta: 0.9m
step 00962/01008 (95.44%) | loss: 3.104725 | lrm: 0.12 | dt: 1180.62ms | tok/sec: 444,079 | bf16_mfu: 0.00 | epoch: 1 pq: 11 rg: 25 | total time: 18.68m | eta: 0.9m
step 00963/01008 (95.54%) | loss: 3.090396 | lrm: 0.12 | dt: 1180.05ms | tok/sec: 444,294 | bf16_mfu: 0.00 | epoch: 1 pq: 11 rg: 26 | total time: 18.70m | eta: 0.9m
step 00964/01008 (95.63%) | loss: 3.100915 | lrm: 0.11 | dt: 1177.96ms | tok/sec: 445,080 | bf16_mfu: 0.00 | epoch: 1 pq: 11 rg: 27 | total time: 18.72m | eta: 0.9m
step 00965/01008 (95.73%) | loss: 3.095946 | lrm: 0.11 | dt: 1179.31ms | tok/sec: 444,573 | bf16_mfu: 0.00 | epoch: 1 pq: 11 rg: 28 | total time: 18.74m | eta: 0.8m
step 00966/01008 (95.83%) | loss: 3.096777 | lrm: 0.11 | dt: 1179.41ms | tok/sec: 444,535 | bf16_mfu: 0.00 | epoch: 1 pq: 11 rg: 29 | total time: 18.76m | eta: 0.8m
step 00967/01008 (95.93%) | loss: 3.097033 | lrm: 0.11 | dt: 1178.55ms | tok/sec: 444,860 | bf16_mfu: 0.00 | epoch: 1 pq: 11 rg: 30 | total time: 18.78m | eta: 0.8m
step 00968/01008 (96.03%) | loss: 3.081611 | lrm: 0.11 | dt: 1177.27ms | tok/sec: 445,341 | bf16_mfu: 0.00 | epoch: 1 pq: 11 rg: 31 | total time: 18.80m | eta: 0.8m
step 00969/01008 (96.13%) | loss: 3.082823 | lrm: 0.11 | dt: 1177.10ms | tok/sec: 445,405 | bf16_mfu: 0.00 | epoch: 1 pq: 11 rg: 32 | total time: 18.82m | eta: 0.8m
step 00970/01008 (96.23%) | loss: 3.073236 | lrm: 0.11 | dt: 1180.71ms | tok/sec: 444,042 | bf16_mfu: 0.00 | epoch: 1 pq: 11 rg: 33 | total time: 18.84m | eta: 0.7m
step 00971/01008 (96.33%) | loss: 3.084809 | lrm: 0.10 | dt: 1182.01ms | tok/sec: 443,556 | bf16_mfu: 0.00 | epoch: 1 pq: 11 rg: 34 | total time: 18.85m | eta: 0.7m
step 00972/01008 (96.43%) | loss: 3.088748 | lrm: 0.10 | dt: 1181.79ms | tok/sec: 443,637 | bf16_mfu: 0.00 | epoch: 1 pq: 11 rg: 35 | total time: 18.87m | eta: 0.7m
step 00973/01008 (96.53%) | loss: 3.085880 | lrm: 0.10 | dt: 1179.84ms | tok/sec: 444,373 | bf16_mfu: 0.00 | epoch: 1 pq: 11 rg: 36 | total time: 18.89m | eta: 0.7m
step 00974/01008 (96.63%) | loss: 3.085167 | lrm: 0.10 | dt: 1177.47ms | tok/sec: 445,267 | bf16_mfu: 0.00 | epoch: 1 pq: 11 rg: 37 | total time: 18.91m | eta: 0.7m
step 00975/01008 (96.73%) | loss: 3.093177 | lrm: 0.10 | dt: 1179.05ms | tok/sec: 444,670 | bf16_mfu: 0.00 | epoch: 1 pq: 11 rg: 38 | total time: 18.93m | eta: 0.6m
step 00976/01008 (96.83%) | loss: 3.097313 | lrm: 0.10 | dt: 1180.01ms | tok/sec: 444,309 | bf16_mfu: 0.00 | epoch: 1 pq: 11 rg: 39 | total time: 18.95m | eta: 0.6m
step 00977/01008 (96.92%) | loss: 3.086990 | lrm: 0.09 | dt: 1179.87ms | tok/sec: 444,361 | bf16_mfu: 0.00 | epoch: 1 pq: 11 rg: 40 | total time: 18.97m | eta: 0.6m
step 00978/01008 (97.02%) | loss: 3.096978 | lrm: 0.09 | dt: 1178.39ms | tok/sec: 444,918 | bf16_mfu: 0.00 | epoch: 1 pq: 11 rg: 41 | total time: 18.99m | eta: 0.6m
step 00979/01008 (97.12%) | loss: 3.088663 | lrm: 0.09 | dt: 1178.48ms | tok/sec: 444,886 | bf16_mfu: 0.00 | epoch: 1 pq: 11 rg: 42 | total time: 19.01m | eta: 0.6m
step 00980/01008 (97.22%) | loss: 3.091725 | lrm: 0.09 | dt: 1180.20ms | tok/sec: 444,238 | bf16_mfu: 0.00 | epoch: 1 pq: 11 rg: 43 | total time: 19.03m | eta: 0.5m
step 00981/01008 (97.32%) | loss: 3.087168 | lrm: 0.09 | dt: 1177.92ms | tok/sec: 445,094 | bf16_mfu: 0.00 | epoch: 1 pq: 11 rg: 44 | total time: 19.05m | eta: 0.5m
step 00982/01008 (97.42%) | loss: 3.090732 | lrm: 0.09 | dt: 1179.89ms | tok/sec: 444,352 | bf16_mfu: 0.00 | epoch: 1 pq: 11 rg: 45 | total time: 19.07m | eta: 0.5m
step 00983/01008 (97.52%) | loss: 3.088905 | lrm: 0.09 | dt: 1175.27ms | tok/sec: 446,098 | bf16_mfu: 0.00 | epoch: 1 pq: 11 rg: 46 | total time: 19.09m | eta: 0.5m
step 00984/01008 (97.62%) | loss: 3.080727 | lrm: 0.08 | dt: 1174.14ms | tok/sec: 446,529 | bf16_mfu: 0.00 | epoch: 1 pq: 11 rg: 47 | total time: 19.11m | eta: 0.5m
step 00985/01008 (97.72%) | loss: 3.073685 | lrm: 0.08 | dt: 1179.24ms | tok/sec: 444,596 | bf16_mfu: 0.00 | epoch: 1 pq: 11 rg: 48 | total time: 19.13m | eta: 0.5m
step 00986/01008 (97.82%) | loss: 3.070759 | lrm: 0.08 | dt: 1179.40ms | tok/sec: 444,537 | bf16_mfu: 0.00 | epoch: 1 pq: 11 rg: 49 | total time: 19.15m | eta: 0.4m
step 00987/01008 (97.92%) | loss: 3.052820 | lrm: 0.08 | dt: 1181.34ms | tok/sec: 443,806 | bf16_mfu: 0.00 | epoch: 1 pq: 11 rg: 50 | total time: 19.17m | eta: 0.4m
step 00988/01008 (98.02%) | loss: 3.062181 | lrm: 0.08 | dt: 1179.02ms | tok/sec: 444,682 | bf16_mfu: 0.00 | epoch: 1 pq: 11 rg: 51 | total time: 19.19m | eta: 0.4m
step 00989/01008 (98.12%) | loss: 3.050654 | lrm: 0.08 | dt: 1178.79ms | tok/sec: 444,767 | bf16_mfu: 0.00 | epoch: 1 pq: 11 rg: 52 | total time: 19.21m | eta: 0.4m
step 00990/01008 (98.21%) | loss: 3.063885 | lrm: 0.08 | dt: 1182.01ms | tok/sec: 443,555 | bf16_mfu: 0.00 | epoch: 1 pq: 11 rg: 53 | total time: 19.23m | eta: 0.4m
step 00991/01008 (98.31%) | loss: 3.072235 | lrm: 0.07 | dt: 1181.63ms | tok/sec: 443,698 | bf16_mfu: 0.00 | epoch: 1 pq: 11 rg: 54 | total time: 19.25m | eta: 0.3m
step 00992/01008 (98.41%) | loss: 3.067973 | lrm: 0.07 | dt: 1179.88ms | tok/sec: 444,355 | bf16_mfu: 0.00 | epoch: 1 pq: 11 rg: 55 | total time: 19.27m | eta: 0.3m
step 00993/01008 (98.51%) | loss: 3.074986 | lrm: 0.07 | dt: 1178.37ms | tok/sec: 444,925 | bf16_mfu: 0.00 | epoch: 1 pq: 11 rg: 55 | total time: 19.29m | eta: 0.3m
step 00994/01008 (98.61%) | loss: 3.095166 | lrm: 0.07 | dt: 1178.11ms | tok/sec: 445,024 | bf16_mfu: 0.00 | epoch: 1 pq: 11 rg: 56 | total time: 19.31m | eta: 0.3m
step 00995/01008 (98.71%) | loss: 3.091799 | lrm: 0.07 | dt: 1180.43ms | tok/sec: 444,148 | bf16_mfu: 0.00 | epoch: 1 pq: 11 rg: 57 | total time: 19.33m | eta: 0.3m
step 00996/01008 (98.81%) | loss: 3.082428 | lrm: 0.07 | dt: 1180.00ms | tok/sec: 444,311 | bf16_mfu: 0.00 | epoch: 1 pq: 11 rg: 58 | total time: 19.35m | eta: 0.2m
step 00997/01008 (98.91%) | loss: 3.076994 | lrm: 0.07 | dt: 1180.06ms | tok/sec: 444,290 | bf16_mfu: 0.00 | epoch: 1 pq: 11 rg: 59 | total time: 19.37m | eta: 0.2m
step 00998/01008 (99.01%) | loss: 3.066096 | lrm: 0.06 | dt: 1177.51ms | tok/sec: 445,252 | bf16_mfu: 0.00 | epoch: 1 pq: 11 rg: 60 | total time: 19.39m | eta: 0.2m
step 00999/01008 (99.11%) | loss: 3.058515 | lrm: 0.06 | dt: 1176.38ms | tok/sec: 445,679 | bf16_mfu: 0.00 | epoch: 1 pq: 11 rg: 61 | total time: 19.41m | eta: 0.2m
Step 01000 | Validation bpb: 0.938031
step 01000/01008 (99.21%) | loss: 3.055343 | lrm: 0.06 | dt: 1160.48ms | tok/sec: 451,785 | bf16_mfu: 0.00 | epoch: 1 pq: 11 rg: 62 | total time: 19.42m | eta: 0.2m
step 01001/01008 (99.31%) | loss: 3.051124 | lrm: 0.06 | dt: 1163.75ms | tok/sec: 450,515 | bf16_mfu: 0.00 | epoch: 1 pq: 11 rg: 63 | total time: 19.44m | eta: 0.1m
step 01002/01008 (99.40%) | loss: 3.051893 | lrm: 0.06 | dt: 1165.72ms | tok/sec: 449,752 | bf16_mfu: 0.00 | epoch: 1 pq: 11 rg: 64 | total time: 19.46m | eta: 0.1m
step 01003/01008 (99.50%) | loss: 3.059013 | lrm: 0.06 | dt: 1168.00ms | tok/sec: 448,876 | bf16_mfu: 0.00 | epoch: 1 pq: 11 rg: 65 | total time: 19.48m | eta: 0.1m
step 01004/01008 (99.60%) | loss: 3.052070 | lrm: 0.06 | dt: 1167.19ms | tok/sec: 449,189 | bf16_mfu: 0.00 | epoch: 1 pq: 11 rg: 66 | total time: 19.50m | eta: 0.1m
step 01005/01008 (99.70%) | loss: 3.049328 | lrm: 0.05 | dt: 1170.34ms | tok/sec: 447,980 | bf16_mfu: 0.00 | epoch: 1 pq: 11 rg: 67 | total time: 19.52m | eta: 0.1m
step 01006/01008 (99.80%) | loss: 3.047133 | lrm: 0.05 | dt: 1170.29ms | tok/sec: 447,997 | bf16_mfu: 0.00 | epoch: 1 pq: 11 rg: 68 | total time: 19.54m | eta: 0.0m
step 01007/01008 (99.90%) | loss: 3.038236 | lrm: 0.05 | dt: 1171.59ms | tok/sec: 447,500 | bf16_mfu: 0.00 | epoch: 1 pq: 11 rg: 69 | total time: 19.56m | eta: 0.0m
Step 01008 | Validation bpb: 0.937465
2026-09-20 15:13:21,600 - nanochat.checkpoint_manager - [32m[1mINFO[0m - Saved model parameters to: /home/neo/.cache/nanochat/base_checkpoints/looped_B6_lr4_h0.4_s0/model_001008.pt
2026-09-20 15:13:21,601 - nanochat.checkpoint_manager - [32m[1mINFO[0m - Saved metadata to: /home/neo/.cache/nanochat/base_checkpoints/looped_B6_lr4_h0.4_s0/meta_001008.json
Peak memory usage: 16924.17MiB
Total training time: 19.56m
Minimum validation bpb: 0.937465
Appended results row to results/looped_results.csv (diverged=0), log: results/logs/looped_B6_lr4_h0.4_s0_20260920_144942.jsonl
