
                                                       █████                █████
                                                      ░░███                ░░███
     ████████    ██████   ████████    ██████   ██████  ░███████    ██████  ███████
    ░░███░░███  ░░░░░███ ░░███░░███  ███░░███ ███░░███ ░███░░███  ░░░░░███░░░███░
     ░███ ░███   ███████  ░███ ░███ ░███ ░███░███ ░░░  ░███ ░███   ███████  ░███
     ░███ ░███  ███░░███  ░███ ░███ ░███ ░███░███  ███ ░███ ░███  ███░░███  ░███ ███
     ████ █████░░████████ ████ █████░░██████ ░░██████  ████ █████░░███████  ░░█████
    ░░░░ ░░░░░  ░░░░░░░░ ░░░░ ░░░░░  ░░░░░░   ░░░░░░  ░░░░ ░░░░░  ░░░░░░░░   ░░░░░
    
Autodetected device type: cuda
2026-09-21 15:56:21,661 - nanochat.common - [32m[1mINFO[0m - Distributed world size: 1
2026-09-21 15:56:21,661 - nanochat.common - [33m[1mWARNING[0m - Peak flops undefined for: NVIDIA RTX PRO 6000 Blackwell Workstation Edition, MFU will show as 0%
GPU: NVIDIA RTX PRO 6000 Blackwell Workstation Edition | Peak FLOPS (BF16): inf
COMPUTE_DTYPE: torch.bfloat16 (auto-detected: CUDA SM 120 (bf16 supported))
!!!!!!!!!!!!!!!!!!!!!!!!!!!!!!!!!!!!!!!!!!!!!!!!!!!!!!!!!!!!!!!!!!!!!!!!!!!!!!!!
WARNING: Flash Attention 3 not available, using PyTorch SDPA fallback
WARNING: Training will be less efficient without FA3
!!!!!!!!!!!!!!!!!!!!!!!!!!!!!!!!!!!!!!!!!!!!!!!!!!!!!!!!!!!!!!!!!!!!!!!!!!!!!!!!
Vocab size: 32,768
Model config:
{
  "sequence_len": 2048,
  "vocab_size": 32768,
  "n_layer": 8,
  "n_head": 6,
  "n_kv_head": 6,
  "n_embd": 768,
  "window_pattern": "L",
  "n_prelude": 8,
  "n_core": 0,
  "n_coda": 0,
  "n_loop": 1
}
Parameter counts:
wte                     : 25,165,824
value_embeds            : 100,663,296
lm_head                 : 25,165,824
transformer_matrices    : 56,623,392
scalars                 : 42
total                   : 207,618,378
unique_layers           : 8
effective_layers        : 8
Estimated FLOPs per token: 6.417304e+08
Horizon and derived hyperparameters use reference layout 12: 110,100,912 scaling params (this model: 81,789,216)
Auto-computed optimal batch size: 524,288 tokens
Scaling the LR for the AdamW parameters ∝1/√(768/768) = 1.000000
Calculated number of iterations from target data:param ratio: 2,520
Total number of training tokens: 1,321,205,760
Tokens : Scaling params ratio: 16.15
Total training FLOPs estimate: 8.478579e+17
Parameter table:
  unique block params                     : 56,623,392
  lm_head                                 : 25,165,824
  wte                                     : 25,165,824
  value embed params (lookups, no FLOPs)  : 100,663,296
  scalars                                 : 42
  unique layers U                         : 8
  effective layers E                      : 8
  FLOPs per token                         : 641,730,384
Tokens / micro-batch / rank: 32 x 2048 = 65,536
Tokens / micro-batch: 65,536
Total batch size 524,288 => gradient accumulation steps: 8
Step 00000 | Validation bpb: 3.171329
step 00000/02520 (0.00%) | loss: 10.398010 | lrm: 0.03 | dt: 2571.23ms | tok/sec: 203,905 | bf16_mfu: 0.00 | epoch: 1 pq: 0 rg: 1 | total time: 0.00m
step 00001/02520 (0.04%) | loss: 10.385419 | lrm: 0.05 | dt: 1395.89ms | tok/sec: 375,592 | bf16_mfu: 0.00 | epoch: 1 pq: 0 rg: 2 | total time: 0.00m
step 00002/02520 (0.08%) | loss: 10.363328 | lrm: 0.07 | dt: 1409.09ms | tok/sec: 372,075 | bf16_mfu: 0.00 | epoch: 1 pq: 0 rg: 3 | total time: 0.00m
step 00003/02520 (0.12%) | loss: 10.328767 | lrm: 0.10 | dt: 1410.06ms | tok/sec: 371,819 | bf16_mfu: 0.00 | epoch: 1 pq: 0 rg: 4 | total time: 0.00m
step 00004/02520 (0.16%) | loss: 10.276518 | lrm: 0.12 | dt: 1406.79ms | tok/sec: 372,684 | bf16_mfu: 0.00 | epoch: 1 pq: 0 rg: 5 | total time: 0.00m
step 00005/02520 (0.20%) | loss: 10.188318 | lrm: 0.15 | dt: 1406.85ms | tok/sec: 372,668 | bf16_mfu: 0.00 | epoch: 1 pq: 0 rg: 6 | total time: 0.00m
step 00006/02520 (0.24%) | loss: 10.038641 | lrm: 0.17 | dt: 1405.71ms | tok/sec: 372,971 | bf16_mfu: 0.00 | epoch: 1 pq: 0 rg: 7 | total time: 0.00m
step 00007/02520 (0.28%) | loss: 9.781813 | lrm: 0.20 | dt: 1408.02ms | tok/sec: 372,358 | bf16_mfu: 0.00 | epoch: 1 pq: 0 rg: 8 | total time: 0.00m
step 00008/02520 (0.32%) | loss: 9.491097 | lrm: 0.23 | dt: 1408.65ms | tok/sec: 372,192 | bf16_mfu: 0.00 | epoch: 1 pq: 0 rg: 10 | total time: 0.00m
step 00009/02520 (0.36%) | loss: 9.226783 | lrm: 0.25 | dt: 1409.49ms | tok/sec: 371,969 | bf16_mfu: 0.00 | epoch: 1 pq: 0 rg: 11 | total time: 0.00m
step 00010/02520 (0.40%) | loss: 8.979345 | lrm: 0.28 | dt: 1412.06ms | tok/sec: 371,293 | bf16_mfu: 0.00 | epoch: 1 pq: 0 rg: 12 | total time: 0.00m
step 00011/02520 (0.44%) | loss: 8.740204 | lrm: 0.30 | dt: 1414.41ms | tok/sec: 370,674 | bf16_mfu: 0.00 | epoch: 1 pq: 0 rg: 13 | total time: 0.02m | eta: 59.1m
step 00012/02520 (0.48%) | loss: 8.530053 | lrm: 0.33 | dt: 1416.72ms | tok/sec: 370,070 | bf16_mfu: 0.00 | epoch: 1 pq: 0 rg: 14 | total time: 0.05m | eta: 59.2m
step 00013/02520 (0.52%) | loss: 8.320733 | lrm: 0.35 | dt: 1417.94ms | tok/sec: 369,753 | bf16_mfu: 0.00 | epoch: 1 pq: 0 rg: 15 | total time: 0.07m | eta: 59.2m
step 00014/02520 (0.56%) | loss: 8.127945 | lrm: 0.38 | dt: 1418.74ms | tok/sec: 369,545 | bf16_mfu: 0.00 | epoch: 1 pq: 0 rg: 16 | total time: 0.09m | eta: 59.2m
step 00015/02520 (0.60%) | loss: 7.936414 | lrm: 0.40 | dt: 1420.22ms | tok/sec: 369,158 | bf16_mfu: 0.00 | epoch: 1 pq: 0 rg: 17 | total time: 0.12m | eta: 59.2m
step 00016/02520 (0.63%) | loss: 7.752406 | lrm: 0.42 | dt: 1421.24ms | tok/sec: 368,894 | bf16_mfu: 0.00 | epoch: 1 pq: 0 rg: 18 | total time: 0.14m | eta: 59.2m
step 00017/02520 (0.67%) | loss: 7.592510 | lrm: 0.45 | dt: 1423.11ms | tok/sec: 368,409 | bf16_mfu: 0.00 | epoch: 1 pq: 0 rg: 19 | total time: 0.17m | eta: 59.2m
step 00018/02520 (0.71%) | loss: 7.446568 | lrm: 0.47 | dt: 1422.48ms | tok/sec: 368,574 | bf16_mfu: 0.00 | epoch: 1 pq: 0 rg: 20 | total time: 0.19m | eta: 59.2m
step 00019/02520 (0.75%) | loss: 7.315120 | lrm: 0.50 | dt: 1423.51ms | tok/sec: 368,305 | bf16_mfu: 0.00 | epoch: 1 pq: 0 rg: 21 | total time: 0.21m | eta: 59.2m
step 00020/02520 (0.79%) | loss: 7.192476 | lrm: 0.53 | dt: 1425.04ms | tok/sec: 367,910 | bf16_mfu: 0.00 | epoch: 1 pq: 0 rg: 22 | total time: 0.24m | eta: 59.2m
step 00021/02520 (0.83%) | loss: 7.070249 | lrm: 0.55 | dt: 1425.43ms | tok/sec: 367,810 | bf16_mfu: 0.00 | epoch: 1 pq: 0 rg: 23 | total time: 0.26m | eta: 59.2m
step 00022/02520 (0.87%) | loss: 6.968574 | lrm: 0.57 | dt: 1426.35ms | tok/sec: 367,572 | bf16_mfu: 0.00 | epoch: 1 pq: 0 rg: 24 | total time: 0.28m | eta: 59.2m
step 00023/02520 (0.91%) | loss: 6.866642 | lrm: 0.60 | dt: 1426.10ms | tok/sec: 367,636 | bf16_mfu: 0.00 | epoch: 1 pq: 0 rg: 26 | total time: 0.31m | eta: 59.2m
step 00024/02520 (0.95%) | loss: 6.773080 | lrm: 0.62 | dt: 1426.64ms | tok/sec: 367,497 | bf16_mfu: 0.00 | epoch: 1 pq: 0 rg: 27 | total time: 0.33m | eta: 59.2m
step 00025/02520 (0.99%) | loss: 6.685854 | lrm: 0.65 | dt: 1426.90ms | tok/sec: 367,431 | bf16_mfu: 0.00 | epoch: 1 pq: 0 rg: 28 | total time: 0.36m | eta: 59.1m
step 00026/02520 (1.03%) | loss: 6.605888 | lrm: 0.68 | dt: 1427.88ms | tok/sec: 367,179 | bf16_mfu: 0.00 | epoch: 1 pq: 0 rg: 29 | total time: 0.38m | eta: 59.1m
step 00027/02520 (1.07%) | loss: 6.525664 | lrm: 0.70 | dt: 1429.74ms | tok/sec: 366,702 | bf16_mfu: 0.00 | epoch: 1 pq: 0 rg: 30 | total time: 0.40m | eta: 59.1m
step 00028/02520 (1.11%) | loss: 6.457867 | lrm: 0.72 | dt: 1430.50ms | tok/sec: 366,508 | bf16_mfu: 0.00 | epoch: 1 pq: 0 rg: 31 | total time: 0.43m | eta: 59.1m
step 00029/02520 (1.15%) | loss: 6.404831 | lrm: 0.75 | dt: 1430.74ms | tok/sec: 366,446 | bf16_mfu: 0.00 | epoch: 1 pq: 0 rg: 32 | total time: 0.45m | eta: 59.1m
step 00030/02520 (1.19%) | loss: 6.345899 | lrm: 0.78 | dt: 1431.19ms | tok/sec: 366,329 | bf16_mfu: 0.00 | epoch: 1 pq: 0 rg: 33 | total time: 0.47m | eta: 59.1m
step 00031/02520 (1.23%) | loss: 6.295728 | lrm: 0.80 | dt: 1431.74ms | tok/sec: 366,189 | bf16_mfu: 0.00 | epoch: 1 pq: 0 rg: 34 | total time: 0.50m | eta: 59.1m
step 00032/02520 (1.27%) | loss: 6.241139 | lrm: 0.82 | dt: 1431.26ms | tok/sec: 366,311 | bf16_mfu: 0.00 | epoch: 1 pq: 0 rg: 35 | total time: 0.52m | eta: 59.1m
step 00033/02520 (1.31%) | loss: 6.191852 | lrm: 0.85 | dt: 1432.95ms | tok/sec: 365,880 | bf16_mfu: 0.00 | epoch: 1 pq: 0 rg: 36 | total time: 0.55m | eta: 59.1m
step 00034/02520 (1.35%) | loss: 6.140292 | lrm: 0.88 | dt: 1433.12ms | tok/sec: 365,835 | bf16_mfu: 0.00 | epoch: 1 pq: 0 rg: 37 | total time: 0.57m | eta: 59.1m
step 00035/02520 (1.39%) | loss: 6.095421 | lrm: 0.90 | dt: 1432.95ms | tok/sec: 365,879 | bf16_mfu: 0.00 | epoch: 1 pq: 0 rg: 38 | total time: 0.59m | eta: 59.1m
step 00036/02520 (1.43%) | loss: 6.057659 | lrm: 0.93 | dt: 1434.62ms | tok/sec: 365,453 | bf16_mfu: 0.00 | epoch: 1 pq: 0 rg: 39 | total time: 0.62m | eta: 59.0m
step 00037/02520 (1.47%) | loss: 6.019347 | lrm: 0.95 | dt: 1432.77ms | tok/sec: 365,925 | bf16_mfu: 0.00 | epoch: 1 pq: 0 rg: 40 | total time: 0.64m | eta: 59.0m
step 00038/02520 (1.51%) | loss: 5.980481 | lrm: 0.97 | dt: 1433.94ms | tok/sec: 365,626 | bf16_mfu: 0.00 | epoch: 1 pq: 0 rg: 41 | total time: 0.67m | eta: 59.0m
step 00039/02520 (1.55%) | loss: 5.937769 | lrm: 1.00 | dt: 1433.65ms | tok/sec: 365,700 | bf16_mfu: 0.00 | epoch: 1 pq: 0 rg: 42 | total time: 0.69m | eta: 59.0m
step 00040/02520 (1.59%) | loss: 5.905194 | lrm: 1.00 | dt: 1433.53ms | tok/sec: 365,732 | bf16_mfu: 0.00 | epoch: 1 pq: 0 rg: 43 | total time: 0.71m | eta: 59.0m
step 00041/02520 (1.63%) | loss: 5.875516 | lrm: 1.00 | dt: 1435.37ms | tok/sec: 365,264 | bf16_mfu: 0.00 | epoch: 1 pq: 0 rg: 44 | total time: 0.74m | eta: 59.0m
step 00042/02520 (1.67%) | loss: 5.853420 | lrm: 1.00 | dt: 1435.57ms | tok/sec: 365,212 | bf16_mfu: 0.00 | epoch: 1 pq: 0 rg: 44 | total time: 0.76m | eta: 59.0m
step 00043/02520 (1.71%) | loss: 5.825094 | lrm: 1.00 | dt: 1437.66ms | tok/sec: 364,682 | bf16_mfu: 0.00 | epoch: 1 pq: 0 rg: 45 | total time: 0.79m | eta: 59.0m
step 00044/02520 (1.75%) | loss: 5.782828 | lrm: 1.00 | dt: 1434.87ms | tok/sec: 365,390 | bf16_mfu: 0.00 | epoch: 1 pq: 0 rg: 46 | total time: 0.81m | eta: 58.9m
step 00045/02520 (1.79%) | loss: 5.744639 | lrm: 1.00 | dt: 1435.01ms | tok/sec: 365,355 | bf16_mfu: 0.00 | epoch: 1 pq: 0 rg: 47 | total time: 0.83m | eta: 58.9m
step 00046/02520 (1.83%) | loss: 5.713600 | lrm: 1.00 | dt: 1434.49ms | tok/sec: 365,487 | bf16_mfu: 0.00 | epoch: 1 pq: 0 rg: 48 | total time: 0.86m | eta: 58.9m
step 00047/02520 (1.87%) | loss: 5.681335 | lrm: 1.00 | dt: 1436.35ms | tok/sec: 365,013 | bf16_mfu: 0.00 | epoch: 1 pq: 0 rg: 49 | total time: 0.88m | eta: 58.9m
step 00048/02520 (1.90%) | loss: 5.648148 | lrm: 1.00 | dt: 1434.70ms | tok/sec: 365,433 | bf16_mfu: 0.00 | epoch: 1 pq: 0 rg: 50 | total time: 0.90m | eta: 58.9m
step 00049/02520 (1.94%) | loss: 5.616286 | lrm: 1.00 | dt: 1434.96ms | tok/sec: 365,367 | bf16_mfu: 0.00 | epoch: 1 pq: 0 rg: 51 | total time: 0.93m | eta: 58.9m
step 00050/02520 (1.98%) | loss: 5.584177 | lrm: 1.00 | dt: 1435.31ms | tok/sec: 365,277 | bf16_mfu: 0.00 | epoch: 1 pq: 0 rg: 52 | total time: 0.95m | eta: 58.8m
step 00051/02520 (2.02%) | loss: 5.548427 | lrm: 1.00 | dt: 1436.23ms | tok/sec: 365,044 | bf16_mfu: 0.00 | epoch: 1 pq: 0 rg: 53 | total time: 0.98m | eta: 58.8m
step 00052/02520 (2.06%) | loss: 5.522014 | lrm: 1.00 | dt: 1436.22ms | tok/sec: 365,047 | bf16_mfu: 0.00 | epoch: 1 pq: 0 rg: 54 | total time: 1.00m | eta: 58.8m
step 00053/02520 (2.10%) | loss: 5.487386 | lrm: 1.00 | dt: 1436.63ms | tok/sec: 364,943 | bf16_mfu: 0.00 | epoch: 1 pq: 0 rg: 55 | total time: 1.02m | eta: 58.8m
step 00054/02520 (2.14%) | loss: 5.454714 | lrm: 1.00 | dt: 1436.66ms | tok/sec: 364,934 | bf16_mfu: 0.00 | epoch: 1 pq: 0 rg: 56 | total time: 1.05m | eta: 58.8m
step 00055/02520 (2.18%) | loss: 5.435876 | lrm: 1.00 | dt: 1436.23ms | tok/sec: 365,044 | bf16_mfu: 0.00 | epoch: 1 pq: 0 rg: 57 | total time: 1.07m | eta: 58.8m
step 00056/02520 (2.22%) | loss: 5.409005 | lrm: 1.00 | dt: 1436.84ms | tok/sec: 364,890 | bf16_mfu: 0.00 | epoch: 1 pq: 0 rg: 58 | total time: 1.10m | eta: 58.7m
step 00057/02520 (2.26%) | loss: 5.380134 | lrm: 1.00 | dt: 1438.10ms | tok/sec: 364,571 | bf16_mfu: 0.00 | epoch: 1 pq: 0 rg: 59 | total time: 1.12m | eta: 58.7m
step 00058/02520 (2.30%) | loss: 5.352205 | lrm: 1.00 | dt: 1436.96ms | tok/sec: 364,859 | bf16_mfu: 0.00 | epoch: 1 pq: 0 rg: 60 | total time: 1.14m | eta: 58.7m
step 00059/02520 (2.34%) | loss: 5.330961 | lrm: 1.00 | dt: 1437.77ms | tok/sec: 364,654 | bf16_mfu: 0.00 | epoch: 1 pq: 0 rg: 61 | total time: 1.17m | eta: 58.7m
step 00060/02520 (2.38%) | loss: 5.291193 | lrm: 1.00 | dt: 1438.64ms | tok/sec: 364,433 | bf16_mfu: 0.00 | epoch: 1 pq: 0 rg: 62 | total time: 1.19m | eta: 58.7m
step 00061/02520 (2.42%) | loss: 5.256358 | lrm: 1.00 | dt: 1438.70ms | tok/sec: 364,418 | bf16_mfu: 0.00 | epoch: 1 pq: 0 rg: 63 | total time: 1.22m | eta: 58.6m
step 00062/02520 (2.46%) | loss: 5.230475 | lrm: 1.00 | dt: 1436.65ms | tok/sec: 364,937 | bf16_mfu: 0.00 | epoch: 1 pq: 0 rg: 64 | total time: 1.24m | eta: 58.6m
step 00063/02520 (2.50%) | loss: 5.200365 | lrm: 1.00 | dt: 1439.04ms | tok/sec: 364,332 | bf16_mfu: 0.00 | epoch: 1 pq: 0 rg: 65 | total time: 1.26m | eta: 58.6m
step 00064/02520 (2.54%) | loss: 5.186648 | lrm: 1.00 | dt: 1437.67ms | tok/sec: 364,678 | bf16_mfu: 0.00 | epoch: 1 pq: 0 rg: 66 | total time: 1.29m | eta: 58.6m
step 00065/02520 (2.58%) | loss: 5.161865 | lrm: 1.00 | dt: 1438.02ms | tok/sec: 364,590 | bf16_mfu: 0.00 | epoch: 1 pq: 0 rg: 67 | total time: 1.31m | eta: 58.6m
step 00066/02520 (2.62%) | loss: 5.136389 | lrm: 1.00 | dt: 1439.11ms | tok/sec: 364,313 | bf16_mfu: 0.00 | epoch: 1 pq: 0 rg: 68 | total time: 1.34m | eta: 58.6m
step 00067/02520 (2.66%) | loss: 5.111520 | lrm: 1.00 | dt: 1438.45ms | tok/sec: 364,481 | bf16_mfu: 0.00 | epoch: 1 pq: 0 rg: 69 | total time: 1.36m | eta: 58.5m
step 00068/02520 (2.70%) | loss: 5.087339 | lrm: 1.00 | dt: 1439.96ms | tok/sec: 364,099 | bf16_mfu: 0.00 | epoch: 1 pq: 0 rg: 70 | total time: 1.38m | eta: 58.5m
step 00069/02520 (2.74%) | loss: 5.061786 | lrm: 1.00 | dt: 1439.69ms | tok/sec: 364,166 | bf16_mfu: 0.00 | epoch: 1 pq: 0 rg: 71 | total time: 1.41m | eta: 58.5m
step 00070/02520 (2.78%) | loss: 5.038168 | lrm: 1.00 | dt: 1440.59ms | tok/sec: 363,938 | bf16_mfu: 0.00 | epoch: 1 pq: 0 rg: 72 | total time: 1.43m | eta: 58.5m
step 00071/02520 (2.82%) | loss: 5.018072 | lrm: 1.00 | dt: 1439.67ms | tok/sec: 364,173 | bf16_mfu: 0.00 | epoch: 1 pq: 0 rg: 73 | total time: 1.46m | eta: 58.5m
step 00072/02520 (2.86%) | loss: 5.009556 | lrm: 1.00 | dt: 1438.84ms | tok/sec: 364,381 | bf16_mfu: 0.00 | epoch: 1 pq: 0 rg: 74 | total time: 1.48m | eta: 58.4m
step 00073/02520 (2.90%) | loss: 4.981332 | lrm: 1.00 | dt: 1441.43ms | tok/sec: 363,727 | bf16_mfu: 0.00 | epoch: 1 pq: 0 rg: 74 | total time: 1.50m | eta: 58.4m
step 00074/02520 (2.94%) | loss: 4.952982 | lrm: 1.00 | dt: 1439.78ms | tok/sec: 364,144 | bf16_mfu: 0.00 | epoch: 1 pq: 0 rg: 75 | total time: 1.53m | eta: 58.4m
step 00075/02520 (2.98%) | loss: 4.924118 | lrm: 1.00 | dt: 1440.41ms | tok/sec: 363,984 | bf16_mfu: 0.00 | epoch: 1 pq: 0 rg: 76 | total time: 1.55m | eta: 58.4m
step 00076/02520 (3.02%) | loss: 4.899409 | lrm: 1.00 | dt: 1440.24ms | tok/sec: 364,029 | bf16_mfu: 0.00 | epoch: 1 pq: 0 rg: 77 | total time: 1.58m | eta: 58.4m
step 00077/02520 (3.06%) | loss: 4.889910 | lrm: 1.00 | dt: 1440.50ms | tok/sec: 363,962 | bf16_mfu: 0.00 | epoch: 1 pq: 0 rg: 78 | total time: 1.60m | eta: 58.3m
step 00078/02520 (3.10%) | loss: 4.866960 | lrm: 1.00 | dt: 1439.92ms | tok/sec: 364,109 | bf16_mfu: 0.00 | epoch: 1 pq: 0 rg: 79 | total time: 1.62m | eta: 58.3m
step 00079/02520 (3.13%) | loss: 4.847171 | lrm: 1.00 | dt: 1441.89ms | tok/sec: 363,610 | bf16_mfu: 0.00 | epoch: 1 pq: 0 rg: 80 | total time: 1.65m | eta: 58.3m
step 00080/02520 (3.17%) | loss: 4.823002 | lrm: 1.00 | dt: 1439.73ms | tok/sec: 364,157 | bf16_mfu: 0.00 | epoch: 1 pq: 0 rg: 81 | total time: 1.67m | eta: 58.3m
step 00081/02520 (3.21%) | loss: 4.811513 | lrm: 1.00 | dt: 1441.19ms | tok/sec: 363,788 | bf16_mfu: 0.00 | epoch: 1 pq: 0 rg: 82 | total time: 1.70m | eta: 58.3m
step 00082/02520 (3.25%) | loss: 4.796092 | lrm: 1.00 | dt: 1439.97ms | tok/sec: 364,096 | bf16_mfu: 0.00 | epoch: 1 pq: 0 rg: 83 | total time: 1.72m | eta: 58.2m
step 00083/02520 (3.29%) | loss: 4.776319 | lrm: 1.00 | dt: 1439.43ms | tok/sec: 364,233 | bf16_mfu: 0.00 | epoch: 1 pq: 1 rg: 0 | total time: 1.74m | eta: 58.2m
step 00084/02520 (3.33%) | loss: 4.757251 | lrm: 1.00 | dt: 1440.20ms | tok/sec: 364,037 | bf16_mfu: 0.00 | epoch: 1 pq: 1 rg: 1 | total time: 1.77m | eta: 58.2m
step 00085/02520 (3.37%) | loss: 4.735899 | lrm: 1.00 | dt: 1438.86ms | tok/sec: 364,376 | bf16_mfu: 0.00 | epoch: 1 pq: 1 rg: 2 | total time: 1.79m | eta: 58.2m
step 00086/02520 (3.41%) | loss: 4.717109 | lrm: 1.00 | dt: 1439.88ms | tok/sec: 364,118 | bf16_mfu: 0.00 | epoch: 1 pq: 1 rg: 3 | total time: 1.82m | eta: 58.2m
step 00087/02520 (3.45%) | loss: 4.698614 | lrm: 1.00 | dt: 1439.14ms | tok/sec: 364,305 | bf16_mfu: 0.00 | epoch: 1 pq: 1 rg: 4 | total time: 1.84m | eta: 58.1m
step 00088/02520 (3.49%) | loss: 4.683831 | lrm: 1.00 | dt: 1440.55ms | tok/sec: 363,950 | bf16_mfu: 0.00 | epoch: 1 pq: 1 rg: 5 | total time: 1.86m | eta: 58.1m
step 00089/02520 (3.53%) | loss: 4.668523 | lrm: 1.00 | dt: 1438.82ms | tok/sec: 364,387 | bf16_mfu: 0.00 | epoch: 1 pq: 1 rg: 6 | total time: 1.89m | eta: 58.1m
step 00090/02520 (3.57%) | loss: 4.649450 | lrm: 1.00 | dt: 1440.00ms | tok/sec: 364,089 | bf16_mfu: 0.00 | epoch: 1 pq: 1 rg: 7 | total time: 1.91m | eta: 58.1m
step 00091/02520 (3.61%) | loss: 4.625021 | lrm: 1.00 | dt: 1440.37ms | tok/sec: 363,995 | bf16_mfu: 0.00 | epoch: 1 pq: 1 rg: 8 | total time: 1.94m | eta: 58.1m
step 00092/02520 (3.65%) | loss: 4.614858 | lrm: 1.00 | dt: 1439.33ms | tok/sec: 364,258 | bf16_mfu: 0.00 | epoch: 1 pq: 1 rg: 9 | total time: 1.96m | eta: 58.0m
step 00093/02520 (3.69%) | loss: 4.602904 | lrm: 1.00 | dt: 1440.45ms | tok/sec: 363,975 | bf16_mfu: 0.00 | epoch: 1 pq: 1 rg: 10 | total time: 1.98m | eta: 58.0m
step 00094/02520 (3.73%) | loss: 4.588367 | lrm: 1.00 | dt: 1439.43ms | tok/sec: 364,232 | bf16_mfu: 0.00 | epoch: 1 pq: 1 rg: 11 | total time: 2.01m | eta: 58.0m
step 00095/02520 (3.77%) | loss: 4.564878 | lrm: 1.00 | dt: 1439.97ms | tok/sec: 364,095 | bf16_mfu: 0.00 | epoch: 1 pq: 1 rg: 12 | total time: 2.03m | eta: 58.0m
step 00096/02520 (3.81%) | loss: 4.554838 | lrm: 1.00 | dt: 1440.46ms | tok/sec: 363,972 | bf16_mfu: 0.00 | epoch: 1 pq: 1 rg: 13 | total time: 2.06m | eta: 58.0m
step 00097/02520 (3.85%) | loss: 4.531830 | lrm: 1.00 | dt: 1438.96ms | tok/sec: 364,352 | bf16_mfu: 0.00 | epoch: 1 pq: 1 rg: 14 | total time: 2.08m | eta: 57.9m
step 00098/02520 (3.89%) | loss: 4.520336 | lrm: 1.00 | dt: 1440.88ms | tok/sec: 363,865 | bf16_mfu: 0.00 | epoch: 1 pq: 1 rg: 15 | total time: 2.10m | eta: 57.9m
step 00099/02520 (3.93%) | loss: 4.509658 | lrm: 1.00 | dt: 1438.80ms | tok/sec: 364,391 | bf16_mfu: 0.00 | epoch: 1 pq: 1 rg: 16 | total time: 2.13m | eta: 57.9m
step 00100/02520 (3.97%) | loss: 4.482907 | lrm: 1.00 | dt: 1440.75ms | tok/sec: 363,898 | bf16_mfu: 0.00 | epoch: 1 pq: 1 rg: 17 | total time: 2.15m | eta: 57.9m
step 00101/02520 (4.01%) | loss: 4.474890 | lrm: 1.00 | dt: 1438.83ms | tok/sec: 364,384 | bf16_mfu: 0.00 | epoch: 1 pq: 1 rg: 18 | total time: 2.18m | eta: 57.8m
step 00102/02520 (4.05%) | loss: 4.459561 | lrm: 1.00 | dt: 1439.49ms | tok/sec: 364,217 | bf16_mfu: 0.00 | epoch: 1 pq: 1 rg: 19 | total time: 2.20m | eta: 57.8m
step 00103/02520 (4.09%) | loss: 4.450078 | lrm: 1.00 | dt: 1439.32ms | tok/sec: 364,260 | bf16_mfu: 0.00 | epoch: 1 pq: 1 rg: 20 | total time: 2.22m | eta: 57.8m
step 00104/02520 (4.13%) | loss: 4.437079 | lrm: 1.00 | dt: 1440.15ms | tok/sec: 364,050 | bf16_mfu: 0.00 | epoch: 1 pq: 1 rg: 21 | total time: 2.25m | eta: 57.8m
step 00105/02520 (4.17%) | loss: 4.423084 | lrm: 1.00 | dt: 1439.45ms | tok/sec: 364,228 | bf16_mfu: 0.00 | epoch: 1 pq: 1 rg: 22 | total time: 2.27m | eta: 57.8m
step 00106/02520 (4.21%) | loss: 4.399704 | lrm: 1.00 | dt: 1441.98ms | tok/sec: 363,589 | bf16_mfu: 0.00 | epoch: 1 pq: 1 rg: 23 | total time: 2.30m | eta: 57.7m
step 00107/02520 (4.25%) | loss: 4.380890 | lrm: 1.00 | dt: 1439.57ms | tok/sec: 364,198 | bf16_mfu: 0.00 | epoch: 1 pq: 1 rg: 24 | total time: 2.32m | eta: 57.7m
step 00108/02520 (4.29%) | loss: 4.368243 | lrm: 1.00 | dt: 1439.04ms | tok/sec: 364,332 | bf16_mfu: 0.00 | epoch: 1 pq: 1 rg: 25 | total time: 2.34m | eta: 57.7m
step 00109/02520 (4.33%) | loss: 4.352192 | lrm: 1.00 | dt: 1439.88ms | tok/sec: 364,119 | bf16_mfu: 0.00 | epoch: 1 pq: 1 rg: 26 | total time: 2.37m | eta: 57.7m
step 00110/02520 (4.37%) | loss: 4.321495 | lrm: 1.00 | dt: 1438.95ms | tok/sec: 364,353 | bf16_mfu: 0.00 | epoch: 1 pq: 1 rg: 26 | total time: 2.39m | eta: 57.6m
step 00111/02520 (4.40%) | loss: 4.298520 | lrm: 1.00 | dt: 1439.87ms | tok/sec: 364,121 | bf16_mfu: 0.00 | epoch: 1 pq: 1 rg: 27 | total time: 2.42m | eta: 57.6m
step 00112/02520 (4.44%) | loss: 4.285239 | lrm: 1.00 | dt: 1440.07ms | tok/sec: 364,070 | bf16_mfu: 0.00 | epoch: 1 pq: 1 rg: 28 | total time: 2.44m | eta: 57.6m
step 00113/02520 (4.48%) | loss: 4.265821 | lrm: 1.00 | dt: 1441.15ms | tok/sec: 363,797 | bf16_mfu: 0.00 | epoch: 1 pq: 1 rg: 29 | total time: 2.46m | eta: 57.6m
step 00114/02520 (4.52%) | loss: 4.260362 | lrm: 1.00 | dt: 1439.06ms | tok/sec: 364,327 | bf16_mfu: 0.00 | epoch: 1 pq: 1 rg: 30 | total time: 2.49m | eta: 57.6m
step 00115/02520 (4.56%) | loss: 4.248554 | lrm: 1.00 | dt: 1440.36ms | tok/sec: 363,996 | bf16_mfu: 0.00 | epoch: 1 pq: 1 rg: 31 | total time: 2.51m | eta: 57.5m
step 00116/02520 (4.60%) | loss: 4.236065 | lrm: 1.00 | dt: 1440.72ms | tok/sec: 363,907 | bf16_mfu: 0.00 | epoch: 1 pq: 1 rg: 32 | total time: 2.54m | eta: 57.5m
step 00117/02520 (4.64%) | loss: 4.224885 | lrm: 1.00 | dt: 1440.14ms | tok/sec: 364,053 | bf16_mfu: 0.00 | epoch: 1 pq: 1 rg: 33 | total time: 2.56m | eta: 57.5m
step 00118/02520 (4.68%) | loss: 4.211953 | lrm: 1.00 | dt: 1440.48ms | tok/sec: 363,968 | bf16_mfu: 0.00 | epoch: 1 pq: 1 rg: 34 | total time: 2.58m | eta: 57.5m
step 00119/02520 (4.72%) | loss: 4.201074 | lrm: 1.00 | dt: 1439.90ms | tok/sec: 364,114 | bf16_mfu: 0.00 | epoch: 1 pq: 1 rg: 35 | total time: 2.61m | eta: 57.5m
step 00120/02520 (4.76%) | loss: 4.178993 | lrm: 1.00 | dt: 1440.76ms | tok/sec: 363,896 | bf16_mfu: 0.00 | epoch: 1 pq: 1 rg: 36 | total time: 2.63m | eta: 57.4m
step 00121/02520 (4.80%) | loss: 4.150438 | lrm: 1.00 | dt: 1439.68ms | tok/sec: 364,169 | bf16_mfu: 0.00 | epoch: 1 pq: 1 rg: 37 | total time: 2.66m | eta: 57.4m
step 00122/02520 (4.84%) | loss: 4.148457 | lrm: 1.00 | dt: 1440.43ms | tok/sec: 363,980 | bf16_mfu: 0.00 | epoch: 1 pq: 1 rg: 38 | total time: 2.68m | eta: 57.4m
step 00123/02520 (4.88%) | loss: 4.137298 | lrm: 1.00 | dt: 1439.75ms | tok/sec: 364,151 | bf16_mfu: 0.00 | epoch: 1 pq: 1 rg: 39 | total time: 2.70m | eta: 57.4m
step 00124/02520 (4.92%) | loss: 4.128697 | lrm: 1.00 | dt: 1438.88ms | tok/sec: 364,371 | bf16_mfu: 0.00 | epoch: 1 pq: 1 rg: 40 | total time: 2.73m | eta: 57.3m
step 00125/02520 (4.96%) | loss: 4.117090 | lrm: 1.00 | dt: 1439.94ms | tok/sec: 364,103 | bf16_mfu: 0.00 | epoch: 1 pq: 1 rg: 41 | total time: 2.75m | eta: 57.3m
step 00126/02520 (5.00%) | loss: 4.093275 | lrm: 1.00 | dt: 1438.29ms | tok/sec: 364,522 | bf16_mfu: 0.00 | epoch: 1 pq: 1 rg: 42 | total time: 2.78m | eta: 57.3m
step 00127/02520 (5.04%) | loss: 4.079110 | lrm: 1.00 | dt: 1440.13ms | tok/sec: 364,055 | bf16_mfu: 0.00 | epoch: 1 pq: 1 rg: 43 | total time: 2.80m | eta: 57.3m
step 00128/02520 (5.08%) | loss: 4.079064 | lrm: 1.00 | dt: 1438.44ms | tok/sec: 364,484 | bf16_mfu: 0.00 | epoch: 1 pq: 1 rg: 44 | total time: 2.82m | eta: 57.2m
step 00129/02520 (5.12%) | loss: 4.078141 | lrm: 1.00 | dt: 1440.07ms | tok/sec: 364,070 | bf16_mfu: 0.00 | epoch: 1 pq: 1 rg: 45 | total time: 2.85m | eta: 57.2m
step 00130/02520 (5.16%) | loss: 4.076407 | lrm: 1.00 | dt: 1438.90ms | tok/sec: 364,368 | bf16_mfu: 0.00 | epoch: 1 pq: 1 rg: 46 | total time: 2.87m | eta: 57.2m
step 00131/02520 (5.20%) | loss: 4.062023 | lrm: 1.00 | dt: 1439.02ms | tok/sec: 364,336 | bf16_mfu: 0.00 | epoch: 1 pq: 1 rg: 47 | total time: 2.90m | eta: 57.2m
step 00132/02520 (5.24%) | loss: 4.056595 | lrm: 1.00 | dt: 1439.46ms | tok/sec: 364,224 | bf16_mfu: 0.00 | epoch: 1 pq: 1 rg: 48 | total time: 2.92m | eta: 57.2m
step 00133/02520 (5.28%) | loss: 4.051492 | lrm: 1.00 | dt: 1439.89ms | tok/sec: 364,117 | bf16_mfu: 0.00 | epoch: 1 pq: 1 rg: 49 | total time: 2.94m | eta: 57.1m
step 00134/02520 (5.32%) | loss: 4.040616 | lrm: 1.00 | dt: 1440.21ms | tok/sec: 364,035 | bf16_mfu: 0.00 | epoch: 1 pq: 1 rg: 50 | total time: 2.97m | eta: 57.1m
step 00135/02520 (5.36%) | loss: 4.034864 | lrm: 1.00 | dt: 1440.54ms | tok/sec: 363,951 | bf16_mfu: 0.00 | epoch: 1 pq: 1 rg: 51 | total time: 2.99m | eta: 57.1m
step 00136/02520 (5.40%) | loss: 4.020677 | lrm: 1.00 | dt: 1440.64ms | tok/sec: 363,927 | bf16_mfu: 0.00 | epoch: 1 pq: 1 rg: 52 | total time: 3.02m | eta: 57.1m
step 00137/02520 (5.44%) | loss: 4.013372 | lrm: 1.00 | dt: 1440.54ms | tok/sec: 363,951 | bf16_mfu: 0.00 | epoch: 1 pq: 1 rg: 53 | total time: 3.04m | eta: 57.0m
step 00138/02520 (5.48%) | loss: 4.003060 | lrm: 1.00 | dt: 1440.51ms | tok/sec: 363,960 | bf16_mfu: 0.00 | epoch: 1 pq: 1 rg: 54 | total time: 3.06m | eta: 57.0m
step 00139/02520 (5.52%) | loss: 3.993278 | lrm: 1.00 | dt: 1439.34ms | tok/sec: 364,256 | bf16_mfu: 0.00 | epoch: 1 pq: 1 rg: 55 | total time: 3.09m | eta: 57.0m
step 00140/02520 (5.56%) | loss: 3.978974 | lrm: 1.00 | dt: 1439.27ms | tok/sec: 364,273 | bf16_mfu: 0.00 | epoch: 1 pq: 1 rg: 56 | total time: 3.11m | eta: 57.0m
step 00141/02520 (5.60%) | loss: 3.975612 | lrm: 1.00 | dt: 1440.53ms | tok/sec: 363,955 | bf16_mfu: 0.00 | epoch: 1 pq: 1 rg: 57 | total time: 3.14m | eta: 57.0m
step 00142/02520 (5.63%) | loss: 3.967661 | lrm: 1.00 | dt: 1440.02ms | tok/sec: 364,083 | bf16_mfu: 0.00 | epoch: 1 pq: 1 rg: 57 | total time: 3.16m | eta: 56.9m
step 00143/02520 (5.67%) | loss: 3.961260 | lrm: 1.00 | dt: 1440.89ms | tok/sec: 363,864 | bf16_mfu: 0.00 | epoch: 1 pq: 1 rg: 58 | total time: 3.18m | eta: 56.9m
step 00144/02520 (5.71%) | loss: 3.964941 | lrm: 1.00 | dt: 1439.03ms | tok/sec: 364,334 | bf16_mfu: 0.00 | epoch: 1 pq: 1 rg: 59 | total time: 3.21m | eta: 56.9m
step 00145/02520 (5.75%) | loss: 3.950869 | lrm: 1.00 | dt: 1439.89ms | tok/sec: 364,117 | bf16_mfu: 0.00 | epoch: 1 pq: 1 rg: 60 | total time: 3.23m | eta: 56.9m
step 00146/02520 (5.79%) | loss: 3.953602 | lrm: 1.00 | dt: 1437.11ms | tok/sec: 364,820 | bf16_mfu: 0.00 | epoch: 1 pq: 1 rg: 61 | total time: 3.26m | eta: 56.8m
step 00147/02520 (5.83%) | loss: 3.962366 | lrm: 1.00 | dt: 1438.35ms | tok/sec: 364,506 | bf16_mfu: 0.00 | epoch: 1 pq: 1 rg: 62 | total time: 3.28m | eta: 56.8m
step 00148/02520 (5.87%) | loss: 3.954041 | lrm: 1.00 | dt: 1439.40ms | tok/sec: 364,241 | bf16_mfu: 0.00 | epoch: 1 pq: 1 rg: 63 | total time: 3.30m | eta: 56.8m
step 00149/02520 (5.91%) | loss: 3.938483 | lrm: 1.00 | dt: 1439.07ms | tok/sec: 364,324 | bf16_mfu: 0.00 | epoch: 1 pq: 1 rg: 64 | total time: 3.33m | eta: 56.8m
step 00150/02520 (5.95%) | loss: 3.939301 | lrm: 1.00 | dt: 1439.15ms | tok/sec: 364,303 | bf16_mfu: 0.00 | epoch: 1 pq: 1 rg: 65 | total time: 3.35m | eta: 56.7m
step 00151/02520 (5.99%) | loss: 3.931078 | lrm: 1.00 | dt: 1438.84ms | tok/sec: 364,382 | bf16_mfu: 0.00 | epoch: 1 pq: 1 rg: 66 | total time: 3.38m | eta: 56.7m
step 00152/02520 (6.03%) | loss: 3.924831 | lrm: 1.00 | dt: 1439.79ms | tok/sec: 364,142 | bf16_mfu: 0.00 | epoch: 1 pq: 1 rg: 67 | total time: 3.40m | eta: 56.7m
step 00153/02520 (6.07%) | loss: 3.920404 | lrm: 1.00 | dt: 1438.45ms | tok/sec: 364,482 | bf16_mfu: 0.00 | epoch: 1 pq: 1 rg: 68 | total time: 3.42m | eta: 56.7m
step 00154/02520 (6.11%) | loss: 3.918396 | lrm: 1.00 | dt: 1438.00ms | tok/sec: 364,594 | bf16_mfu: 0.00 | epoch: 1 pq: 1 rg: 69 | total time: 3.45m | eta: 56.6m
step 00155/02520 (6.15%) | loss: 3.906957 | lrm: 1.00 | dt: 1437.06ms | tok/sec: 364,834 | bf16_mfu: 0.00 | epoch: 1 pq: 1 rg: 70 | total time: 3.47m | eta: 56.6m
step 00156/02520 (6.19%) | loss: 3.891184 | lrm: 1.00 | dt: 1436.16ms | tok/sec: 365,061 | bf16_mfu: 0.00 | epoch: 1 pq: 1 rg: 71 | total time: 3.50m | eta: 56.6m
step 00157/02520 (6.23%) | loss: 3.876648 | lrm: 1.00 | dt: 1438.78ms | tok/sec: 364,397 | bf16_mfu: 0.00 | epoch: 1 pq: 1 rg: 72 | total time: 3.52m | eta: 56.6m
step 00158/02520 (6.27%) | loss: 3.859651 | lrm: 1.00 | dt: 1437.56ms | tok/sec: 364,706 | bf16_mfu: 0.00 | epoch: 1 pq: 1 rg: 73 | total time: 3.54m | eta: 56.6m
step 00159/02520 (6.31%) | loss: 3.864812 | lrm: 1.00 | dt: 1438.82ms | tok/sec: 364,387 | bf16_mfu: 0.00 | epoch: 1 pq: 1 rg: 74 | total time: 3.57m | eta: 56.5m
step 00160/02520 (6.35%) | loss: 3.863379 | lrm: 1.00 | dt: 1438.56ms | tok/sec: 364,452 | bf16_mfu: 0.00 | epoch: 1 pq: 1 rg: 75 | total time: 3.59m | eta: 56.5m
step 00161/02520 (6.39%) | loss: 3.860620 | lrm: 1.00 | dt: 1439.64ms | tok/sec: 364,180 | bf16_mfu: 0.00 | epoch: 1 pq: 1 rg: 76 | total time: 3.62m | eta: 56.5m
step 00162/02520 (6.43%) | loss: 3.850930 | lrm: 1.00 | dt: 1437.99ms | tok/sec: 364,598 | bf16_mfu: 0.00 | epoch: 1 pq: 1 rg: 77 | total time: 3.64m | eta: 56.5m
step 00163/02520 (6.47%) | loss: 3.840856 | lrm: 1.00 | dt: 1437.91ms | tok/sec: 364,617 | bf16_mfu: 0.00 | epoch: 1 pq: 1 rg: 78 | total time: 3.66m | eta: 56.4m
step 00164/02520 (6.51%) | loss: 3.825693 | lrm: 1.00 | dt: 1437.35ms | tok/sec: 364,759 | bf16_mfu: 0.00 | epoch: 1 pq: 1 rg: 79 | total time: 3.69m | eta: 56.4m
step 00165/02520 (6.55%) | loss: 3.827641 | lrm: 1.00 | dt: 1435.14ms | tok/sec: 365,320 | bf16_mfu: 0.00 | epoch: 1 pq: 1 rg: 80 | total time: 3.71m | eta: 56.4m
step 00166/02520 (6.59%) | loss: 3.825285 | lrm: 1.00 | dt: 1436.50ms | tok/sec: 364,976 | bf16_mfu: 0.00 | epoch: 1 pq: 1 rg: 81 | total time: 3.74m | eta: 56.4m
step 00167/02520 (6.63%) | loss: 3.819242 | lrm: 1.00 | dt: 1436.13ms | tok/sec: 365,069 | bf16_mfu: 0.00 | epoch: 1 pq: 1 rg: 82 | total time: 3.76m | eta: 56.3m
step 00168/02520 (6.67%) | loss: 3.815836 | lrm: 1.00 | dt: 1436.32ms | tok/sec: 365,022 | bf16_mfu: 0.00 | epoch: 1 pq: 1 rg: 83 | total time: 3.78m | eta: 56.3m
step 00169/02520 (6.71%) | loss: 3.798059 | lrm: 1.00 | dt: 1435.87ms | tok/sec: 365,137 | bf16_mfu: 0.00 | epoch: 1 pq: 2 rg: 0 | total time: 3.81m | eta: 56.3m
step 00170/02520 (6.75%) | loss: 3.789783 | lrm: 1.00 | dt: 1435.01ms | tok/sec: 365,355 | bf16_mfu: 0.00 | epoch: 1 pq: 2 rg: 1 | total time: 3.83m | eta: 56.3m
step 00171/02520 (6.79%) | loss: 3.780126 | lrm: 1.00 | dt: 1435.68ms | tok/sec: 365,185 | bf16_mfu: 0.00 | epoch: 1 pq: 2 rg: 2 | total time: 3.85m | eta: 56.2m
step 00172/02520 (6.83%) | loss: 3.780678 | lrm: 1.00 | dt: 1435.71ms | tok/sec: 365,176 | bf16_mfu: 0.00 | epoch: 1 pq: 2 rg: 3 | total time: 3.88m | eta: 56.2m
step 00173/02520 (6.87%) | loss: 3.798772 | lrm: 1.00 | dt: 1436.50ms | tok/sec: 364,975 | bf16_mfu: 0.00 | epoch: 1 pq: 2 rg: 4 | total time: 3.90m | eta: 56.2m
step 00174/02520 (6.90%) | loss: 3.781776 | lrm: 1.00 | dt: 1434.78ms | tok/sec: 365,414 | bf16_mfu: 0.00 | epoch: 1 pq: 2 rg: 5 | total time: 3.93m | eta: 56.2m
step 00175/02520 (6.94%) | loss: 3.775519 | lrm: 1.00 | dt: 1435.43ms | tok/sec: 365,247 | bf16_mfu: 0.00 | epoch: 1 pq: 2 rg: 6 | total time: 3.95m | eta: 56.1m
step 00176/02520 (6.98%) | loss: 3.774600 | lrm: 1.00 | dt: 1435.09ms | tok/sec: 365,334 | bf16_mfu: 0.00 | epoch: 1 pq: 2 rg: 7 | total time: 3.97m | eta: 56.1m
step 00177/02520 (7.02%) | loss: 3.779904 | lrm: 1.00 | dt: 1437.27ms | tok/sec: 364,781 | bf16_mfu: 0.00 | epoch: 1 pq: 2 rg: 8 | total time: 4.00m | eta: 56.1m
step 00178/02520 (7.06%) | loss: 3.771479 | lrm: 1.00 | dt: 1436.13ms | tok/sec: 365,069 | bf16_mfu: 0.00 | epoch: 1 pq: 2 rg: 9 | total time: 4.02m | eta: 56.1m
step 00179/02520 (7.10%) | loss: 3.769434 | lrm: 1.00 | dt: 1434.63ms | tok/sec: 365,451 | bf16_mfu: 0.00 | epoch: 1 pq: 2 rg: 10 | total time: 4.05m | eta: 56.1m
step 00180/02520 (7.14%) | loss: 3.756287 | lrm: 1.00 | dt: 1435.37ms | tok/sec: 365,264 | bf16_mfu: 0.00 | epoch: 1 pq: 2 rg: 10 | total time: 4.07m | eta: 56.0m
step 00181/02520 (7.18%) | loss: 3.770086 | lrm: 1.00 | dt: 1435.71ms | tok/sec: 365,176 | bf16_mfu: 0.00 | epoch: 1 pq: 2 rg: 11 | total time: 4.09m | eta: 56.0m
step 00182/02520 (7.22%) | loss: 3.746363 | lrm: 1.00 | dt: 1437.10ms | tok/sec: 364,822 | bf16_mfu: 0.00 | epoch: 1 pq: 2 rg: 12 | total time: 4.12m | eta: 56.0m
step 00183/02520 (7.26%) | loss: 3.743452 | lrm: 1.00 | dt: 1435.83ms | tok/sec: 365,145 | bf16_mfu: 0.00 | epoch: 1 pq: 2 rg: 13 | total time: 4.14m | eta: 56.0m
step 00184/02520 (7.30%) | loss: 3.747003 | lrm: 1.00 | dt: 1435.64ms | tok/sec: 365,195 | bf16_mfu: 0.00 | epoch: 1 pq: 2 rg: 14 | total time: 4.17m | eta: 55.9m
step 00185/02520 (7.34%) | loss: 3.750367 | lrm: 1.00 | dt: 1435.96ms | tok/sec: 365,113 | bf16_mfu: 0.00 | epoch: 1 pq: 2 rg: 15 | total time: 4.19m | eta: 55.9m
step 00186/02520 (7.38%) | loss: 3.752068 | lrm: 1.00 | dt: 1436.79ms | tok/sec: 364,902 | bf16_mfu: 0.00 | epoch: 1 pq: 2 rg: 16 | total time: 4.21m | eta: 55.9m
step 00187/02520 (7.42%) | loss: 3.749950 | lrm: 1.00 | dt: 1435.36ms | tok/sec: 365,265 | bf16_mfu: 0.00 | epoch: 1 pq: 2 rg: 17 | total time: 4.24m | eta: 55.9m
step 00188/02520 (7.46%) | loss: 3.753649 | lrm: 1.00 | dt: 1435.74ms | tok/sec: 365,168 | bf16_mfu: 0.00 | epoch: 1 pq: 2 rg: 18 | total time: 4.26m | eta: 55.8m
step 00189/02520 (7.50%) | loss: 3.753527 | lrm: 1.00 | dt: 1435.32ms | tok/sec: 365,276 | bf16_mfu: 0.00 | epoch: 1 pq: 2 rg: 19 | total time: 4.29m | eta: 55.8m
step 00190/02520 (7.54%) | loss: 3.766906 | lrm: 1.00 | dt: 1434.83ms | tok/sec: 365,401 | bf16_mfu: 0.00 | epoch: 1 pq: 2 rg: 20 | total time: 4.31m | eta: 55.8m
step 00191/02520 (7.58%) | loss: 3.765317 | lrm: 1.00 | dt: 1435.70ms | tok/sec: 365,178 | bf16_mfu: 0.00 | epoch: 1 pq: 2 rg: 21 | total time: 4.33m | eta: 55.8m
step 00192/02520 (7.62%) | loss: 3.768203 | lrm: 1.00 | dt: 1435.20ms | tok/sec: 365,306 | bf16_mfu: 0.00 | epoch: 1 pq: 2 rg: 22 | total time: 4.36m | eta: 55.7m
step 00193/02520 (7.66%) | loss: 3.764249 | lrm: 1.00 | dt: 1433.74ms | tok/sec: 365,677 | bf16_mfu: 0.00 | epoch: 1 pq: 2 rg: 23 | total time: 4.38m | eta: 55.7m
step 00194/02520 (7.70%) | loss: 3.762570 | lrm: 1.00 | dt: 1433.79ms | tok/sec: 365,666 | bf16_mfu: 0.00 | epoch: 1 pq: 2 rg: 24 | total time: 4.41m | eta: 55.7m
step 00195/02520 (7.74%) | loss: 3.753967 | lrm: 1.00 | dt: 1435.00ms | tok/sec: 365,356 | bf16_mfu: 0.00 | epoch: 1 pq: 2 rg: 25 | total time: 4.43m | eta: 55.7m
step 00196/02520 (7.78%) | loss: 3.751046 | lrm: 1.00 | dt: 1436.38ms | tok/sec: 365,007 | bf16_mfu: 0.00 | epoch: 1 pq: 2 rg: 26 | total time: 4.45m | eta: 55.6m
step 00197/02520 (7.82%) | loss: 3.744590 | lrm: 1.00 | dt: 1433.86ms | tok/sec: 365,648 | bf16_mfu: 0.00 | epoch: 1 pq: 2 rg: 27 | total time: 4.48m | eta: 55.6m
step 00198/02520 (7.86%) | loss: 3.744736 | lrm: 1.00 | dt: 1435.08ms | tok/sec: 365,336 | bf16_mfu: 0.00 | epoch: 1 pq: 2 rg: 28 | total time: 4.50m | eta: 55.6m
step 00199/02520 (7.90%) | loss: 3.742539 | lrm: 1.00 | dt: 1435.39ms | tok/sec: 365,258 | bf16_mfu: 0.00 | epoch: 1 pq: 2 rg: 29 | total time: 4.52m | eta: 55.6m
step 00200/02520 (7.94%) | loss: 3.746891 | lrm: 1.00 | dt: 1436.15ms | tok/sec: 365,066 | bf16_mfu: 0.00 | epoch: 1 pq: 2 rg: 30 | total time: 4.55m | eta: 55.5m
step 00201/02520 (7.98%) | loss: 3.742486 | lrm: 1.00 | dt: 1433.21ms | tok/sec: 365,814 | bf16_mfu: 0.00 | epoch: 1 pq: 2 rg: 31 | total time: 4.57m | eta: 55.5m
step 00202/02520 (8.02%) | loss: 3.744790 | lrm: 1.00 | dt: 1433.29ms | tok/sec: 365,793 | bf16_mfu: 0.00 | epoch: 1 pq: 2 rg: 32 | total time: 4.60m | eta: 55.5m
step 00203/02520 (8.06%) | loss: 3.747176 | lrm: 1.00 | dt: 1435.22ms | tok/sec: 365,301 | bf16_mfu: 0.00 | epoch: 1 pq: 2 rg: 33 | total time: 4.62m | eta: 55.5m
step 00204/02520 (8.10%) | loss: 3.745252 | lrm: 1.00 | dt: 1434.54ms | tok/sec: 365,474 | bf16_mfu: 0.00 | epoch: 1 pq: 2 rg: 34 | total time: 4.64m | eta: 55.4m
step 00205/02520 (8.13%) | loss: 3.750343 | lrm: 1.00 | dt: 1434.45ms | tok/sec: 365,497 | bf16_mfu: 0.00 | epoch: 1 pq: 2 rg: 35 | total time: 4.67m | eta: 55.4m
step 00206/02520 (8.17%) | loss: 3.737004 | lrm: 1.00 | dt: 1433.79ms | tok/sec: 365,665 | bf16_mfu: 0.00 | epoch: 1 pq: 2 rg: 36 | total time: 4.69m | eta: 55.4m
step 00207/02520 (8.21%) | loss: 3.739867 | lrm: 1.00 | dt: 1434.72ms | tok/sec: 365,428 | bf16_mfu: 0.00 | epoch: 1 pq: 2 rg: 37 | total time: 4.72m | eta: 55.4m
step 00208/02520 (8.25%) | loss: 3.743426 | lrm: 1.00 | dt: 1432.35ms | tok/sec: 366,033 | bf16_mfu: 0.00 | epoch: 1 pq: 2 rg: 38 | total time: 4.74m | eta: 55.3m
step 00209/02520 (8.29%) | loss: 3.732331 | lrm: 1.00 | dt: 1433.75ms | tok/sec: 365,675 | bf16_mfu: 0.00 | epoch: 1 pq: 2 rg: 38 | total time: 4.76m | eta: 55.3m
step 00210/02520 (8.33%) | loss: 3.724342 | lrm: 1.00 | dt: 1432.11ms | tok/sec: 366,095 | bf16_mfu: 0.00 | epoch: 1 pq: 2 rg: 39 | total time: 4.79m | eta: 55.3m
step 00211/02520 (8.37%) | loss: 3.729220 | lrm: 1.00 | dt: 1432.95ms | tok/sec: 365,880 | bf16_mfu: 0.00 | epoch: 1 pq: 2 rg: 40 | total time: 4.81m | eta: 55.3m
step 00212/02520 (8.41%) | loss: 3.722428 | lrm: 1.00 | dt: 1432.88ms | tok/sec: 365,898 | bf16_mfu: 0.00 | epoch: 1 pq: 2 rg: 41 | total time: 4.84m | eta: 55.2m
step 00213/02520 (8.45%) | loss: 3.721804 | lrm: 1.00 | dt: 1433.92ms | tok/sec: 365,631 | bf16_mfu: 0.00 | epoch: 1 pq: 2 rg: 42 | total time: 4.86m | eta: 55.2m
step 00214/02520 (8.49%) | loss: 3.716940 | lrm: 1.00 | dt: 1432.28ms | tok/sec: 366,052 | bf16_mfu: 0.00 | epoch: 1 pq: 2 rg: 43 | total time: 4.88m | eta: 55.2m
step 00215/02520 (8.53%) | loss: 3.710739 | lrm: 1.00 | dt: 1433.29ms | tok/sec: 365,792 | bf16_mfu: 0.00 | epoch: 1 pq: 2 rg: 44 | total time: 4.91m | eta: 55.2m
step 00216/02520 (8.57%) | loss: 3.703932 | lrm: 1.00 | dt: 1432.97ms | tok/sec: 365,874 | bf16_mfu: 0.00 | epoch: 1 pq: 2 rg: 45 | total time: 4.93m | eta: 55.2m
step 00217/02520 (8.61%) | loss: 3.700384 | lrm: 1.00 | dt: 1431.37ms | tok/sec: 366,284 | bf16_mfu: 0.00 | epoch: 1 pq: 2 rg: 46 | total time: 4.95m | eta: 55.1m
step 00218/02520 (8.65%) | loss: 3.693006 | lrm: 1.00 | dt: 1431.28ms | tok/sec: 366,307 | bf16_mfu: 0.00 | epoch: 1 pq: 2 rg: 47 | total time: 4.98m | eta: 55.1m
step 00219/02520 (8.69%) | loss: 3.693822 | lrm: 1.00 | dt: 1432.06ms | tok/sec: 366,107 | bf16_mfu: 0.00 | epoch: 1 pq: 2 rg: 48 | total time: 5.00m | eta: 55.1m
step 00220/02520 (8.73%) | loss: 3.688829 | lrm: 1.00 | dt: 1431.88ms | tok/sec: 366,154 | bf16_mfu: 0.00 | epoch: 1 pq: 2 rg: 49 | total time: 5.03m | eta: 55.1m
step 00221/02520 (8.77%) | loss: 3.679671 | lrm: 1.00 | dt: 1432.86ms | tok/sec: 365,904 | bf16_mfu: 0.00 | epoch: 1 pq: 2 rg: 50 | total time: 5.05m | eta: 55.0m
step 00222/02520 (8.81%) | loss: 3.686423 | lrm: 1.00 | dt: 1433.00ms | tok/sec: 365,868 | bf16_mfu: 0.00 | epoch: 1 pq: 2 rg: 51 | total time: 5.07m | eta: 55.0m
step 00223/02520 (8.85%) | loss: 3.679331 | lrm: 1.00 | dt: 1432.74ms | tok/sec: 365,933 | bf16_mfu: 0.00 | epoch: 1 pq: 2 rg: 52 | total time: 5.10m | eta: 55.0m
step 00224/02520 (8.89%) | loss: 3.682312 | lrm: 1.00 | dt: 1432.45ms | tok/sec: 366,007 | bf16_mfu: 0.00 | epoch: 1 pq: 2 rg: 53 | total time: 5.12m | eta: 55.0m
step 00225/02520 (8.93%) | loss: 3.682514 | lrm: 1.00 | dt: 1430.38ms | tok/sec: 366,536 | bf16_mfu: 0.00 | epoch: 1 pq: 2 rg: 54 | total time: 5.15m | eta: 54.9m
step 00226/02520 (8.97%) | loss: 3.678619 | lrm: 1.00 | dt: 1432.87ms | tok/sec: 365,899 | bf16_mfu: 0.00 | epoch: 1 pq: 2 rg: 55 | total time: 5.17m | eta: 54.9m
step 00227/02520 (9.01%) | loss: 3.664581 | lrm: 1.00 | dt: 1430.71ms | tok/sec: 366,452 | bf16_mfu: 0.00 | epoch: 1 pq: 2 rg: 56 | total time: 5.19m | eta: 54.9m
step 00228/02520 (9.05%) | loss: 3.665177 | lrm: 1.00 | dt: 1432.40ms | tok/sec: 366,021 | bf16_mfu: 0.00 | epoch: 1 pq: 2 rg: 57 | total time: 5.22m | eta: 54.9m
step 00229/02520 (9.09%) | loss: 3.661918 | lrm: 1.00 | dt: 1431.26ms | tok/sec: 366,311 | bf16_mfu: 0.00 | epoch: 1 pq: 2 rg: 58 | total time: 5.24m | eta: 54.8m
step 00230/02520 (9.13%) | loss: 3.664097 | lrm: 1.00 | dt: 1432.57ms | tok/sec: 365,976 | bf16_mfu: 0.00 | epoch: 1 pq: 2 rg: 59 | total time: 5.27m | eta: 54.8m
step 00231/02520 (9.17%) | loss: 3.660937 | lrm: 1.00 | dt: 1434.88ms | tok/sec: 365,389 | bf16_mfu: 0.00 | epoch: 1 pq: 2 rg: 60 | total time: 5.29m | eta: 54.8m
step 00232/02520 (9.21%) | loss: 3.655579 | lrm: 1.00 | dt: 1431.75ms | tok/sec: 366,186 | bf16_mfu: 0.00 | epoch: 1 pq: 2 rg: 61 | total time: 5.31m | eta: 54.8m
step 00233/02520 (9.25%) | loss: 3.669266 | lrm: 1.00 | dt: 1432.43ms | tok/sec: 366,013 | bf16_mfu: 0.00 | epoch: 1 pq: 2 rg: 62 | total time: 5.34m | eta: 54.7m
step 00234/02520 (9.29%) | loss: 3.658865 | lrm: 1.00 | dt: 1432.33ms | tok/sec: 366,039 | bf16_mfu: 0.00 | epoch: 1 pq: 2 rg: 63 | total time: 5.36m | eta: 54.7m
step 00235/02520 (9.33%) | loss: 3.650736 | lrm: 1.00 | dt: 1431.75ms | tok/sec: 366,187 | bf16_mfu: 0.00 | epoch: 1 pq: 2 rg: 64 | total time: 5.38m | eta: 54.7m
step 00236/02520 (9.37%) | loss: 3.662697 | lrm: 1.00 | dt: 1432.07ms | tok/sec: 366,105 | bf16_mfu: 0.00 | epoch: 1 pq: 2 rg: 65 | total time: 5.41m | eta: 54.7m
step 00237/02520 (9.40%) | loss: 3.660684 | lrm: 1.00 | dt: 1432.30ms | tok/sec: 366,047 | bf16_mfu: 0.00 | epoch: 1 pq: 2 rg: 66 | total time: 5.43m | eta: 54.6m
step 00238/02520 (9.44%) | loss: 3.656248 | lrm: 1.00 | dt: 1431.76ms | tok/sec: 366,185 | bf16_mfu: 0.00 | epoch: 1 pq: 2 rg: 67 | total time: 5.46m | eta: 54.6m
step 00239/02520 (9.48%) | loss: 3.659075 | lrm: 1.00 | dt: 1432.27ms | tok/sec: 366,055 | bf16_mfu: 0.00 | epoch: 1 pq: 2 rg: 68 | total time: 5.48m | eta: 54.6m
step 00240/02520 (9.52%) | loss: 3.647751 | lrm: 1.00 | dt: 1431.47ms | tok/sec: 366,257 | bf16_mfu: 0.00 | epoch: 1 pq: 2 rg: 69 | total time: 5.50m | eta: 54.6m
step 00241/02520 (9.56%) | loss: 3.645945 | lrm: 1.00 | dt: 1432.68ms | tok/sec: 365,950 | bf16_mfu: 0.00 | epoch: 1 pq: 2 rg: 70 | total time: 5.53m | eta: 54.5m
step 00242/02520 (9.60%) | loss: 3.638240 | lrm: 1.00 | dt: 1432.20ms | tok/sec: 366,073 | bf16_mfu: 0.00 | epoch: 1 pq: 2 rg: 71 | total time: 5.55m | eta: 54.5m
step 00243/02520 (9.64%) | loss: 3.650167 | lrm: 1.00 | dt: 1432.43ms | tok/sec: 366,013 | bf16_mfu: 0.00 | epoch: 1 pq: 2 rg: 72 | total time: 5.58m | eta: 54.5m
step 00244/02520 (9.68%) | loss: 3.646621 | lrm: 1.00 | dt: 1433.58ms | tok/sec: 365,718 | bf16_mfu: 0.00 | epoch: 1 pq: 2 rg: 72 | total time: 5.60m | eta: 54.5m
step 00245/02520 (9.72%) | loss: 3.647349 | lrm: 1.00 | dt: 1433.25ms | tok/sec: 365,804 | bf16_mfu: 0.00 | epoch: 1 pq: 2 rg: 73 | total time: 5.62m | eta: 54.4m
step 00246/02520 (9.76%) | loss: 3.638805 | lrm: 1.00 | dt: 1432.56ms | tok/sec: 365,978 | bf16_mfu: 0.00 | epoch: 1 pq: 2 rg: 74 | total time: 5.65m | eta: 54.4m
step 00247/02520 (9.80%) | loss: 3.638171 | lrm: 1.00 | dt: 1432.34ms | tok/sec: 366,035 | bf16_mfu: 0.00 | epoch: 1 pq: 2 rg: 75 | total time: 5.67m | eta: 54.4m
step 00248/02520 (9.84%) | loss: 3.629678 | lrm: 1.00 | dt: 1431.73ms | tok/sec: 366,192 | bf16_mfu: 0.00 | epoch: 1 pq: 2 rg: 76 | total time: 5.69m | eta: 54.4m
step 00249/02520 (9.88%) | loss: 3.619467 | lrm: 1.00 | dt: 1432.52ms | tok/sec: 365,990 | bf16_mfu: 0.00 | epoch: 1 pq: 2 rg: 77 | total time: 5.72m | eta: 54.3m
Step 00250 | Validation bpb: 1.102957
step 00250/02520 (9.92%) | loss: 3.623378 | lrm: 1.00 | dt: 1414.89ms | tok/sec: 370,550 | bf16_mfu: 0.00 | epoch: 1 pq: 2 rg: 78 | total time: 5.74m | eta: 54.3m
step 00251/02520 (9.96%) | loss: 3.620802 | lrm: 1.00 | dt: 1422.87ms | tok/sec: 368,471 | bf16_mfu: 0.00 | epoch: 1 pq: 2 rg: 79 | total time: 5.77m | eta: 54.3m
step 00252/02520 (10.00%) | loss: 3.609041 | lrm: 1.00 | dt: 1422.04ms | tok/sec: 368,686 | bf16_mfu: 0.00 | epoch: 1 pq: 2 rg: 80 | total time: 5.79m | eta: 54.3m
step 00253/02520 (10.04%) | loss: 3.609330 | lrm: 1.00 | dt: 1423.34ms | tok/sec: 368,349 | bf16_mfu: 0.00 | epoch: 1 pq: 2 rg: 81 | total time: 5.81m | eta: 54.2m
step 00254/02520 (10.08%) | loss: 3.609917 | lrm: 1.00 | dt: 1423.07ms | tok/sec: 368,420 | bf16_mfu: 0.00 | epoch: 1 pq: 2 rg: 82 | total time: 5.84m | eta: 54.2m
step 00255/02520 (10.12%) | loss: 3.611457 | lrm: 1.00 | dt: 1421.98ms | tok/sec: 368,702 | bf16_mfu: 0.00 | epoch: 1 pq: 3 rg: 0 | total time: 5.86m | eta: 54.2m
step 00256/02520 (10.16%) | loss: 3.612235 | lrm: 1.00 | dt: 1423.22ms | tok/sec: 368,381 | bf16_mfu: 0.00 | epoch: 1 pq: 3 rg: 1 | total time: 5.88m | eta: 54.2m
step 00257/02520 (10.20%) | loss: 3.610735 | lrm: 1.00 | dt: 1422.16ms | tok/sec: 368,654 | bf16_mfu: 0.00 | epoch: 1 pq: 3 rg: 2 | total time: 5.91m | eta: 54.1m
step 00258/02520 (10.24%) | loss: 3.608123 | lrm: 1.00 | dt: 1425.15ms | tok/sec: 367,883 | bf16_mfu: 0.00 | epoch: 1 pq: 3 rg: 3 | total time: 5.93m | eta: 54.1m
step 00259/02520 (10.28%) | loss: 3.611078 | lrm: 1.00 | dt: 1423.26ms | tok/sec: 368,371 | bf16_mfu: 0.00 | epoch: 1 pq: 3 rg: 4 | total time: 5.96m | eta: 54.1m
step 00260/02520 (10.32%) | loss: 3.610536 | lrm: 1.00 | dt: 1423.49ms | tok/sec: 368,310 | bf16_mfu: 0.00 | epoch: 1 pq: 3 rg: 5 | total time: 5.98m | eta: 54.1m
step 00261/02520 (10.36%) | loss: 3.605828 | lrm: 1.00 | dt: 1424.32ms | tok/sec: 368,095 | bf16_mfu: 0.00 | epoch: 1 pq: 3 rg: 6 | total time: 6.00m | eta: 54.0m
step 00262/02520 (10.40%) | loss: 3.595778 | lrm: 1.00 | dt: 1422.84ms | tok/sec: 368,480 | bf16_mfu: 0.00 | epoch: 1 pq: 3 rg: 7 | total time: 6.03m | eta: 54.0m
step 00263/02520 (10.44%) | loss: 3.594296 | lrm: 1.00 | dt: 1424.76ms | tok/sec: 367,983 | bf16_mfu: 0.00 | epoch: 1 pq: 3 rg: 8 | total time: 6.05m | eta: 54.0m
step 00264/02520 (10.48%) | loss: 3.591065 | lrm: 1.00 | dt: 1423.80ms | tok/sec: 368,232 | bf16_mfu: 0.00 | epoch: 1 pq: 3 rg: 9 | total time: 6.07m | eta: 54.0m
step 00265/02520 (10.52%) | loss: 3.591944 | lrm: 1.00 | dt: 1424.37ms | tok/sec: 368,084 | bf16_mfu: 0.00 | epoch: 1 pq: 3 rg: 10 | total time: 6.10m | eta: 53.9m
step 00266/02520 (10.56%) | loss: 3.587618 | lrm: 1.00 | dt: 1424.90ms | tok/sec: 367,946 | bf16_mfu: 0.00 | epoch: 1 pq: 3 rg: 11 | total time: 6.12m | eta: 53.9m
step 00267/02520 (10.60%) | loss: 3.584657 | lrm: 1.00 | dt: 1425.21ms | tok/sec: 367,866 | bf16_mfu: 0.00 | epoch: 1 pq: 3 rg: 12 | total time: 6.15m | eta: 53.9m
step 00268/02520 (10.63%) | loss: 3.584395 | lrm: 1.00 | dt: 1425.62ms | tok/sec: 367,760 | bf16_mfu: 0.00 | epoch: 1 pq: 3 rg: 13 | total time: 6.17m | eta: 53.9m
step 00269/02520 (10.67%) | loss: 3.581133 | lrm: 1.00 | dt: 1425.23ms | tok/sec: 367,862 | bf16_mfu: 0.00 | epoch: 1 pq: 3 rg: 14 | total time: 6.19m | eta: 53.8m
step 00270/02520 (10.71%) | loss: 3.570761 | lrm: 1.00 | dt: 1424.48ms | tok/sec: 368,054 | bf16_mfu: 0.00 | epoch: 1 pq: 3 rg: 15 | total time: 6.22m | eta: 53.8m
step 00271/02520 (10.75%) | loss: 3.572700 | lrm: 1.00 | dt: 1424.82ms | tok/sec: 367,968 | bf16_mfu: 0.00 | epoch: 1 pq: 3 rg: 15 | total time: 6.24m | eta: 53.8m
step 00272/02520 (10.79%) | loss: 3.577989 | lrm: 1.00 | dt: 1424.36ms | tok/sec: 368,086 | bf16_mfu: 0.00 | epoch: 1 pq: 3 rg: 16 | total time: 6.26m | eta: 53.8m
step 00273/02520 (10.83%) | loss: 3.582290 | lrm: 1.00 | dt: 1426.63ms | tok/sec: 367,500 | bf16_mfu: 0.00 | epoch: 1 pq: 3 rg: 17 | total time: 6.29m | eta: 53.7m
step 00274/02520 (10.87%) | loss: 3.577647 | lrm: 1.00 | dt: 1425.45ms | tok/sec: 367,806 | bf16_mfu: 0.00 | epoch: 1 pq: 3 rg: 18 | total time: 6.31m | eta: 53.7m
step 00275/02520 (10.91%) | loss: 3.583306 | lrm: 1.00 | dt: 1426.77ms | tok/sec: 367,463 | bf16_mfu: 0.00 | epoch: 1 pq: 3 rg: 19 | total time: 6.34m | eta: 53.7m
step 00276/02520 (10.95%) | loss: 3.580240 | lrm: 1.00 | dt: 1425.71ms | tok/sec: 367,738 | bf16_mfu: 0.00 | epoch: 1 pq: 3 rg: 20 | total time: 6.36m | eta: 53.6m
step 00277/02520 (10.99%) | loss: 3.570590 | lrm: 1.00 | dt: 1426.89ms | tok/sec: 367,434 | bf16_mfu: 0.00 | epoch: 1 pq: 3 rg: 21 | total time: 6.38m | eta: 53.6m
step 00278/02520 (11.03%) | loss: 3.568229 | lrm: 1.00 | dt: 1424.90ms | tok/sec: 367,947 | bf16_mfu: 0.00 | epoch: 1 pq: 3 rg: 22 | total time: 6.41m | eta: 53.6m
step 00279/02520 (11.07%) | loss: 3.569057 | lrm: 1.00 | dt: 1426.64ms | tok/sec: 367,497 | bf16_mfu: 0.00 | epoch: 1 pq: 3 rg: 23 | total time: 6.43m | eta: 53.6m
step 00280/02520 (11.11%) | loss: 3.570283 | lrm: 1.00 | dt: 1426.30ms | tok/sec: 367,586 | bf16_mfu: 0.00 | epoch: 1 pq: 3 rg: 24 | total time: 6.45m | eta: 53.5m
step 00281/02520 (11.15%) | loss: 3.560215 | lrm: 1.00 | dt: 1426.20ms | tok/sec: 367,612 | bf16_mfu: 0.00 | epoch: 1 pq: 3 rg: 25 | total time: 6.48m | eta: 53.5m
step 00282/02520 (11.19%) | loss: 3.562145 | lrm: 1.00 | dt: 1427.30ms | tok/sec: 367,328 | bf16_mfu: 0.00 | epoch: 1 pq: 3 rg: 26 | total time: 6.50m | eta: 53.5m
step 00283/02520 (11.23%) | loss: 3.566412 | lrm: 1.00 | dt: 1426.79ms | tok/sec: 367,459 | bf16_mfu: 0.00 | epoch: 1 pq: 3 rg: 27 | total time: 6.53m | eta: 53.5m
step 00284/02520 (11.27%) | loss: 3.573737 | lrm: 1.00 | dt: 1427.35ms | tok/sec: 367,316 | bf16_mfu: 0.00 | epoch: 1 pq: 3 rg: 28 | total time: 6.55m | eta: 53.4m
step 00285/02520 (11.31%) | loss: 3.567725 | lrm: 1.00 | dt: 1425.94ms | tok/sec: 367,677 | bf16_mfu: 0.00 | epoch: 1 pq: 3 rg: 29 | total time: 6.57m | eta: 53.4m
step 00286/02520 (11.35%) | loss: 3.571829 | lrm: 1.00 | dt: 1426.38ms | tok/sec: 367,564 | bf16_mfu: 0.00 | epoch: 1 pq: 3 rg: 30 | total time: 6.60m | eta: 53.4m
step 00287/02520 (11.39%) | loss: 3.583001 | lrm: 1.00 | dt: 1427.28ms | tok/sec: 367,333 | bf16_mfu: 0.00 | epoch: 1 pq: 3 rg: 31 | total time: 6.62m | eta: 53.4m
step 00288/02520 (11.43%) | loss: 3.570923 | lrm: 1.00 | dt: 1425.91ms | tok/sec: 367,686 | bf16_mfu: 0.00 | epoch: 1 pq: 3 rg: 32 | total time: 6.64m | eta: 53.4m
step 00289/02520 (11.47%) | loss: 3.577088 | lrm: 1.00 | dt: 1427.10ms | tok/sec: 367,379 | bf16_mfu: 0.00 | epoch: 1 pq: 3 rg: 33 | total time: 6.67m | eta: 53.3m
step 00290/02520 (11.51%) | loss: 3.574174 | lrm: 1.00 | dt: 1425.52ms | tok/sec: 367,788 | bf16_mfu: 0.00 | epoch: 1 pq: 3 rg: 34 | total time: 6.69m | eta: 53.3m
step 00291/02520 (11.55%) | loss: 3.574428 | lrm: 1.00 | dt: 1427.95ms | tok/sec: 367,162 | bf16_mfu: 0.00 | epoch: 1 pq: 3 rg: 35 | total time: 6.72m | eta: 53.3m
step 00292/02520 (11.59%) | loss: 3.574714 | lrm: 1.00 | dt: 1425.63ms | tok/sec: 367,759 | bf16_mfu: 0.00 | epoch: 1 pq: 3 rg: 36 | total time: 6.74m | eta: 53.3m
step 00293/02520 (11.63%) | loss: 3.576817 | lrm: 1.00 | dt: 1425.48ms | tok/sec: 367,796 | bf16_mfu: 0.00 | epoch: 1 pq: 3 rg: 37 | total time: 6.76m | eta: 53.2m
step 00294/02520 (11.67%) | loss: 3.573155 | lrm: 1.00 | dt: 1427.33ms | tok/sec: 367,320 | bf16_mfu: 0.00 | epoch: 1 pq: 3 rg: 38 | total time: 6.79m | eta: 53.2m
step 00295/02520 (11.71%) | loss: 3.568068 | lrm: 1.00 | dt: 1426.93ms | tok/sec: 367,422 | bf16_mfu: 0.00 | epoch: 1 pq: 3 rg: 39 | total time: 6.81m | eta: 53.2m
step 00296/02520 (11.75%) | loss: 3.565043 | lrm: 1.00 | dt: 1426.56ms | tok/sec: 367,520 | bf16_mfu: 0.00 | epoch: 1 pq: 3 rg: 40 | total time: 6.84m | eta: 53.2m
step 00297/02520 (11.79%) | loss: 3.555892 | lrm: 1.00 | dt: 1426.73ms | tok/sec: 367,476 | bf16_mfu: 0.00 | epoch: 1 pq: 3 rg: 41 | total time: 6.86m | eta: 53.1m
step 00298/02520 (11.83%) | loss: 3.557047 | lrm: 1.00 | dt: 1427.60ms | tok/sec: 367,252 | bf16_mfu: 0.00 | epoch: 1 pq: 3 rg: 42 | total time: 6.88m | eta: 53.1m
step 00299/02520 (11.87%) | loss: 3.542410 | lrm: 1.00 | dt: 1425.44ms | tok/sec: 367,808 | bf16_mfu: 0.00 | epoch: 1 pq: 3 rg: 43 | total time: 6.91m | eta: 53.1m
step 00300/02520 (11.90%) | loss: 3.545401 | lrm: 1.00 | dt: 1426.61ms | tok/sec: 367,505 | bf16_mfu: 0.00 | epoch: 1 pq: 3 rg: 44 | total time: 6.93m | eta: 53.1m
step 00301/02520 (11.94%) | loss: 3.547711 | lrm: 1.00 | dt: 1425.57ms | tok/sec: 367,773 | bf16_mfu: 0.00 | epoch: 1 pq: 3 rg: 45 | total time: 6.95m | eta: 53.0m
step 00302/02520 (11.98%) | loss: 3.541060 | lrm: 1.00 | dt: 1426.01ms | tok/sec: 367,661 | bf16_mfu: 0.00 | epoch: 1 pq: 3 rg: 46 | total time: 6.98m | eta: 53.0m
step 00303/02520 (12.02%) | loss: 3.551774 | lrm: 1.00 | dt: 1425.32ms | tok/sec: 367,838 | bf16_mfu: 0.00 | epoch: 1 pq: 3 rg: 47 | total time: 7.00m | eta: 53.0m
step 00304/02520 (12.06%) | loss: 3.543606 | lrm: 1.00 | dt: 1424.44ms | tok/sec: 368,066 | bf16_mfu: 0.00 | epoch: 1 pq: 3 rg: 48 | total time: 7.03m | eta: 53.0m
step 00305/02520 (12.10%) | loss: 3.537292 | lrm: 1.00 | dt: 1426.94ms | tok/sec: 367,420 | bf16_mfu: 0.00 | epoch: 1 pq: 3 rg: 49 | total time: 7.05m | eta: 52.9m
step 00306/02520 (12.14%) | loss: 3.536148 | lrm: 1.00 | dt: 1424.26ms | tok/sec: 368,111 | bf16_mfu: 0.00 | epoch: 1 pq: 3 rg: 49 | total time: 7.07m | eta: 52.9m
step 00307/02520 (12.18%) | loss: 3.540493 | lrm: 1.00 | dt: 1425.73ms | tok/sec: 367,734 | bf16_mfu: 0.00 | epoch: 1 pq: 3 rg: 50 | total time: 7.10m | eta: 52.9m
step 00308/02520 (12.22%) | loss: 3.533584 | lrm: 1.00 | dt: 1426.11ms | tok/sec: 367,634 | bf16_mfu: 0.00 | epoch: 1 pq: 3 rg: 51 | total time: 7.12m | eta: 52.9m
step 00309/02520 (12.26%) | loss: 3.531195 | lrm: 1.00 | dt: 1425.84ms | tok/sec: 367,704 | bf16_mfu: 0.00 | epoch: 1 pq: 3 rg: 52 | total time: 7.14m | eta: 52.8m
step 00310/02520 (12.30%) | loss: 3.544650 | lrm: 1.00 | dt: 1426.09ms | tok/sec: 367,639 | bf16_mfu: 0.00 | epoch: 1 pq: 3 rg: 53 | total time: 7.17m | eta: 52.8m
step 00311/02520 (12.34%) | loss: 3.540931 | lrm: 1.00 | dt: 1425.87ms | tok/sec: 367,696 | bf16_mfu: 0.00 | epoch: 1 pq: 3 rg: 54 | total time: 7.19m | eta: 52.8m
step 00312/02520 (12.38%) | loss: 3.541102 | lrm: 1.00 | dt: 1426.32ms | tok/sec: 367,581 | bf16_mfu: 0.00 | epoch: 1 pq: 3 rg: 55 | total time: 7.22m | eta: 52.8m
step 00313/02520 (12.42%) | loss: 3.534769 | lrm: 1.00 | dt: 1425.62ms | tok/sec: 367,760 | bf16_mfu: 0.00 | epoch: 1 pq: 3 rg: 56 | total time: 7.24m | eta: 52.7m
step 00314/02520 (12.46%) | loss: 3.530545 | lrm: 1.00 | dt: 1425.36ms | tok/sec: 367,827 | bf16_mfu: 0.00 | epoch: 1 pq: 3 rg: 57 | total time: 7.26m | eta: 52.7m
step 00315/02520 (12.50%) | loss: 3.528570 | lrm: 1.00 | dt: 1426.30ms | tok/sec: 367,587 | bf16_mfu: 0.00 | epoch: 1 pq: 3 rg: 58 | total time: 7.29m | eta: 52.7m
step 00316/02520 (12.54%) | loss: 3.533527 | lrm: 1.00 | dt: 1425.42ms | tok/sec: 367,814 | bf16_mfu: 0.00 | epoch: 1 pq: 3 rg: 59 | total time: 7.31m | eta: 52.7m
step 00317/02520 (12.58%) | loss: 3.532837 | lrm: 1.00 | dt: 1427.94ms | tok/sec: 367,164 | bf16_mfu: 0.00 | epoch: 1 pq: 3 rg: 60 | total time: 7.33m | eta: 52.6m
step 00318/02520 (12.62%) | loss: 3.531109 | lrm: 1.00 | dt: 1426.43ms | tok/sec: 367,553 | bf16_mfu: 0.00 | epoch: 1 pq: 3 rg: 61 | total time: 7.36m | eta: 52.6m
step 00319/02520 (12.66%) | loss: 3.540560 | lrm: 1.00 | dt: 1425.76ms | tok/sec: 367,725 | bf16_mfu: 0.00 | epoch: 1 pq: 3 rg: 62 | total time: 7.38m | eta: 52.6m
step 00320/02520 (12.70%) | loss: 3.543348 | lrm: 1.00 | dt: 1428.04ms | tok/sec: 367,139 | bf16_mfu: 0.00 | epoch: 1 pq: 3 rg: 63 | total time: 7.41m | eta: 52.6m
step 00321/02520 (12.74%) | loss: 3.546190 | lrm: 1.00 | dt: 1425.98ms | tok/sec: 367,668 | bf16_mfu: 0.00 | epoch: 1 pq: 3 rg: 64 | total time: 7.43m | eta: 52.5m
step 00322/02520 (12.78%) | loss: 3.546006 | lrm: 1.00 | dt: 1427.22ms | tok/sec: 367,350 | bf16_mfu: 0.00 | epoch: 1 pq: 3 rg: 65 | total time: 7.45m | eta: 52.5m
step 00323/02520 (12.82%) | loss: 3.544730 | lrm: 1.00 | dt: 1426.71ms | tok/sec: 367,481 | bf16_mfu: 0.00 | epoch: 1 pq: 3 rg: 66 | total time: 7.48m | eta: 52.5m
step 00324/02520 (12.86%) | loss: 3.544449 | lrm: 1.00 | dt: 1427.01ms | tok/sec: 367,404 | bf16_mfu: 0.00 | epoch: 1 pq: 3 rg: 67 | total time: 7.50m | eta: 52.5m
step 00325/02520 (12.90%) | loss: 3.538126 | lrm: 1.00 | dt: 1425.29ms | tok/sec: 367,847 | bf16_mfu: 0.00 | epoch: 1 pq: 3 rg: 68 | total time: 7.52m | eta: 52.4m
step 00326/02520 (12.94%) | loss: 3.541123 | lrm: 1.00 | dt: 1429.59ms | tok/sec: 366,741 | bf16_mfu: 0.00 | epoch: 1 pq: 3 rg: 69 | total time: 7.55m | eta: 52.4m
step 00327/02520 (12.98%) | loss: 3.531999 | lrm: 1.00 | dt: 1426.91ms | tok/sec: 367,428 | bf16_mfu: 0.00 | epoch: 1 pq: 3 rg: 70 | total time: 7.57m | eta: 52.4m
step 00328/02520 (13.02%) | loss: 3.522728 | lrm: 1.00 | dt: 1427.43ms | tok/sec: 367,294 | bf16_mfu: 0.00 | epoch: 1 pq: 3 rg: 71 | total time: 7.60m | eta: 52.4m
step 00329/02520 (13.06%) | loss: 3.515464 | lrm: 1.00 | dt: 1427.51ms | tok/sec: 367,273 | bf16_mfu: 0.00 | epoch: 1 pq: 3 rg: 72 | total time: 7.62m | eta: 52.3m
step 00330/02520 (13.10%) | loss: 3.517416 | lrm: 1.00 | dt: 1427.66ms | tok/sec: 367,236 | bf16_mfu: 0.00 | epoch: 1 pq: 3 rg: 73 | total time: 7.64m | eta: 52.3m
step 00331/02520 (13.13%) | loss: 3.524761 | lrm: 1.00 | dt: 1428.14ms | tok/sec: 367,112 | bf16_mfu: 0.00 | epoch: 1 pq: 3 rg: 73 | total time: 7.67m | eta: 52.3m
step 00332/02520 (13.17%) | loss: 3.526733 | lrm: 1.00 | dt: 1427.91ms | tok/sec: 367,170 | bf16_mfu: 0.00 | epoch: 1 pq: 3 rg: 74 | total time: 7.69m | eta: 52.3m
step 00333/02520 (13.21%) | loss: 3.526402 | lrm: 1.00 | dt: 1426.59ms | tok/sec: 367,510 | bf16_mfu: 0.00 | epoch: 1 pq: 3 rg: 75 | total time: 7.71m | eta: 52.2m
step 00334/02520 (13.25%) | loss: 3.525762 | lrm: 1.00 | dt: 1428.29ms | tok/sec: 367,074 | bf16_mfu: 0.00 | epoch: 1 pq: 3 rg: 76 | total time: 7.74m | eta: 52.2m
step 00335/02520 (13.29%) | loss: 3.518314 | lrm: 1.00 | dt: 1427.15ms | tok/sec: 367,366 | bf16_mfu: 0.00 | epoch: 1 pq: 3 rg: 77 | total time: 7.76m | eta: 52.2m
step 00336/02520 (13.33%) | loss: 3.516881 | lrm: 1.00 | dt: 1428.08ms | tok/sec: 367,128 | bf16_mfu: 0.00 | epoch: 1 pq: 3 rg: 78 | total time: 7.79m | eta: 52.2m
step 00337/02520 (13.37%) | loss: 3.519337 | lrm: 1.00 | dt: 1427.17ms | tok/sec: 367,362 | bf16_mfu: 0.00 | epoch: 1 pq: 3 rg: 79 | total time: 7.81m | eta: 52.1m
step 00338/02520 (13.41%) | loss: 3.518382 | lrm: 1.00 | dt: 1427.91ms | tok/sec: 367,171 | bf16_mfu: 0.00 | epoch: 1 pq: 3 rg: 80 | total time: 7.83m | eta: 52.1m
step 00339/02520 (13.45%) | loss: 3.516189 | lrm: 1.00 | dt: 1426.67ms | tok/sec: 367,490 | bf16_mfu: 0.00 | epoch: 1 pq: 3 rg: 81 | total time: 7.86m | eta: 52.1m
step 00340/02520 (13.49%) | loss: 3.525974 | lrm: 1.00 | dt: 1427.16ms | tok/sec: 367,363 | bf16_mfu: 0.00 | epoch: 1 pq: 4 rg: 0 | total time: 7.88m | eta: 52.1m
step 00341/02520 (13.53%) | loss: 3.534366 | lrm: 1.00 | dt: 1427.06ms | tok/sec: 367,389 | bf16_mfu: 0.00 | epoch: 1 pq: 4 rg: 1 | total time: 7.91m | eta: 52.0m
step 00342/02520 (13.57%) | loss: 3.526025 | lrm: 1.00 | dt: 1427.10ms | tok/sec: 367,380 | bf16_mfu: 0.00 | epoch: 1 pq: 4 rg: 2 | total time: 7.93m | eta: 52.0m
step 00343/02520 (13.61%) | loss: 3.517757 | lrm: 1.00 | dt: 1427.17ms | tok/sec: 367,363 | bf16_mfu: 0.00 | epoch: 1 pq: 4 rg: 3 | total time: 7.95m | eta: 52.0m
step 00344/02520 (13.65%) | loss: 3.518997 | lrm: 1.00 | dt: 1426.46ms | tok/sec: 367,544 | bf16_mfu: 0.00 | epoch: 1 pq: 4 rg: 4 | total time: 7.98m | eta: 52.0m
step 00345/02520 (13.69%) | loss: 3.511898 | lrm: 1.00 | dt: 1427.70ms | tok/sec: 367,225 | bf16_mfu: 0.00 | epoch: 1 pq: 4 rg: 5 | total time: 8.00m | eta: 51.9m
step 00346/02520 (13.73%) | loss: 3.520461 | lrm: 1.00 | dt: 1427.00ms | tok/sec: 367,405 | bf16_mfu: 0.00 | epoch: 1 pq: 4 rg: 6 | total time: 8.02m | eta: 51.9m
step 00347/02520 (13.77%) | loss: 3.513082 | lrm: 1.00 | dt: 1427.87ms | tok/sec: 367,181 | bf16_mfu: 0.00 | epoch: 1 pq: 4 rg: 7 | total time: 8.05m | eta: 51.9m
step 00348/02520 (13.81%) | loss: 3.501065 | lrm: 1.00 | dt: 1427.55ms | tok/sec: 367,263 | bf16_mfu: 0.00 | epoch: 1 pq: 4 rg: 8 | total time: 8.07m | eta: 51.9m
step 00349/02520 (13.85%) | loss: 3.498609 | lrm: 1.00 | dt: 1427.09ms | tok/sec: 367,382 | bf16_mfu: 0.00 | epoch: 1 pq: 4 rg: 9 | total time: 8.10m | eta: 51.8m
step 00350/02520 (13.89%) | loss: 3.497181 | lrm: 1.00 | dt: 1427.23ms | tok/sec: 367,346 | bf16_mfu: 0.00 | epoch: 1 pq: 4 rg: 10 | total time: 8.12m | eta: 51.8m
step 00351/02520 (13.93%) | loss: 3.494044 | lrm: 1.00 | dt: 1426.39ms | tok/sec: 367,563 | bf16_mfu: 0.00 | epoch: 1 pq: 4 rg: 11 | total time: 8.14m | eta: 51.8m
step 00352/02520 (13.97%) | loss: 3.497922 | lrm: 1.00 | dt: 1426.66ms | tok/sec: 367,493 | bf16_mfu: 0.00 | epoch: 1 pq: 4 rg: 12 | total time: 8.17m | eta: 51.8m
step 00353/02520 (14.01%) | loss: 3.498644 | lrm: 1.00 | dt: 1426.82ms | tok/sec: 367,453 | bf16_mfu: 0.00 | epoch: 1 pq: 4 rg: 13 | total time: 8.19m | eta: 51.7m
step 00354/02520 (14.05%) | loss: 3.503671 | lrm: 1.00 | dt: 1426.97ms | tok/sec: 367,413 | bf16_mfu: 0.00 | epoch: 1 pq: 4 rg: 14 | total time: 8.21m | eta: 51.7m
step 00355/02520 (14.09%) | loss: 3.498391 | lrm: 1.00 | dt: 1427.29ms | tok/sec: 367,331 | bf16_mfu: 0.00 | epoch: 1 pq: 4 rg: 15 | total time: 8.24m | eta: 51.7m
step 00356/02520 (14.13%) | loss: 3.497464 | lrm: 1.00 | dt: 1426.83ms | tok/sec: 367,449 | bf16_mfu: 0.00 | epoch: 1 pq: 4 rg: 16 | total time: 8.26m | eta: 51.7m
step 00357/02520 (14.17%) | loss: 3.472888 | lrm: 1.00 | dt: 1427.59ms | tok/sec: 367,254 | bf16_mfu: 0.00 | epoch: 1 pq: 4 rg: 17 | total time: 8.29m | eta: 51.6m
step 00358/02520 (14.21%) | loss: 3.481743 | lrm: 1.00 | dt: 1426.91ms | tok/sec: 367,429 | bf16_mfu: 0.00 | epoch: 1 pq: 4 rg: 18 | total time: 8.31m | eta: 51.6m
step 00359/02520 (14.25%) | loss: 3.487111 | lrm: 1.00 | dt: 1427.88ms | tok/sec: 367,178 | bf16_mfu: 0.00 | epoch: 1 pq: 4 rg: 18 | total time: 8.33m | eta: 51.6m
step 00360/02520 (14.29%) | loss: 3.485246 | lrm: 1.00 | dt: 1427.30ms | tok/sec: 367,327 | bf16_mfu: 0.00 | epoch: 1 pq: 4 rg: 19 | total time: 8.36m | eta: 51.6m
step 00361/02520 (14.33%) | loss: 3.497935 | lrm: 1.00 | dt: 1427.20ms | tok/sec: 367,355 | bf16_mfu: 0.00 | epoch: 1 pq: 4 rg: 20 | total time: 8.38m | eta: 51.6m
step 00362/02520 (14.37%) | loss: 3.501327 | lrm: 1.00 | dt: 1427.46ms | tok/sec: 367,286 | bf16_mfu: 0.00 | epoch: 1 pq: 4 rg: 21 | total time: 8.40m | eta: 51.5m
step 00363/02520 (14.40%) | loss: 3.498627 | lrm: 1.00 | dt: 1426.01ms | tok/sec: 367,661 | bf16_mfu: 0.00 | epoch: 1 pq: 4 rg: 22 | total time: 8.43m | eta: 51.5m
step 00364/02520 (14.44%) | loss: 3.496821 | lrm: 1.00 | dt: 1428.33ms | tok/sec: 367,064 | bf16_mfu: 0.00 | epoch: 1 pq: 4 rg: 23 | total time: 8.45m | eta: 51.5m
step 00365/02520 (14.48%) | loss: 3.486399 | lrm: 1.00 | dt: 1426.75ms | tok/sec: 367,470 | bf16_mfu: 0.00 | epoch: 1 pq: 4 rg: 24 | total time: 8.48m | eta: 51.5m
step 00366/02520 (14.52%) | loss: 3.491957 | lrm: 1.00 | dt: 1427.16ms | tok/sec: 367,363 | bf16_mfu: 0.00 | epoch: 1 pq: 4 rg: 25 | total time: 8.50m | eta: 51.4m
step 00367/02520 (14.56%) | loss: 3.478559 | lrm: 1.00 | dt: 1427.03ms | tok/sec: 367,397 | bf16_mfu: 0.00 | epoch: 1 pq: 4 rg: 26 | total time: 8.52m | eta: 51.4m
step 00368/02520 (14.60%) | loss: 3.480896 | lrm: 1.00 | dt: 1426.74ms | tok/sec: 367,472 | bf16_mfu: 0.00 | epoch: 1 pq: 4 rg: 27 | total time: 8.55m | eta: 51.4m
step 00369/02520 (14.64%) | loss: 3.469462 | lrm: 1.00 | dt: 1427.27ms | tok/sec: 367,336 | bf16_mfu: 0.00 | epoch: 1 pq: 4 rg: 28 | total time: 8.57m | eta: 51.4m
step 00370/02520 (14.68%) | loss: 3.470129 | lrm: 1.00 | dt: 1427.56ms | tok/sec: 367,262 | bf16_mfu: 0.00 | epoch: 1 pq: 4 rg: 29 | total time: 8.59m | eta: 51.3m
step 00371/02520 (14.72%) | loss: 3.467540 | lrm: 1.00 | dt: 1427.42ms | tok/sec: 367,296 | bf16_mfu: 0.00 | epoch: 1 pq: 4 rg: 30 | total time: 8.62m | eta: 51.3m
step 00372/02520 (14.76%) | loss: 3.453296 | lrm: 1.00 | dt: 1427.21ms | tok/sec: 367,350 | bf16_mfu: 0.00 | epoch: 1 pq: 4 rg: 31 | total time: 8.64m | eta: 51.3m
step 00373/02520 (14.80%) | loss: 3.454272 | lrm: 1.00 | dt: 1427.72ms | tok/sec: 367,221 | bf16_mfu: 0.00 | epoch: 1 pq: 4 rg: 32 | total time: 8.67m | eta: 51.3m
step 00374/02520 (14.84%) | loss: 3.458068 | lrm: 1.00 | dt: 1426.11ms | tok/sec: 367,635 | bf16_mfu: 0.00 | epoch: 1 pq: 4 rg: 33 | total time: 8.69m | eta: 51.2m
step 00375/02520 (14.88%) | loss: 3.452985 | lrm: 1.00 | dt: 1426.27ms | tok/sec: 367,593 | bf16_mfu: 0.00 | epoch: 1 pq: 4 rg: 34 | total time: 8.71m | eta: 51.2m
step 00376/02520 (14.92%) | loss: 3.453739 | lrm: 1.00 | dt: 1426.90ms | tok/sec: 367,431 | bf16_mfu: 0.00 | epoch: 1 pq: 4 rg: 35 | total time: 8.74m | eta: 51.2m
step 00377/02520 (14.96%) | loss: 3.452561 | lrm: 1.00 | dt: 1426.11ms | tok/sec: 367,635 | bf16_mfu: 0.00 | epoch: 1 pq: 4 rg: 36 | total time: 8.76m | eta: 51.2m
step 00378/02520 (15.00%) | loss: 3.451078 | lrm: 1.00 | dt: 1427.07ms | tok/sec: 367,386 | bf16_mfu: 0.00 | epoch: 1 pq: 4 rg: 37 | total time: 8.79m | eta: 51.1m
step 00379/02520 (15.04%) | loss: 3.459266 | lrm: 1.00 | dt: 1425.82ms | tok/sec: 367,709 | bf16_mfu: 0.00 | epoch: 1 pq: 4 rg: 38 | total time: 8.81m | eta: 51.1m
step 00380/02520 (15.08%) | loss: 3.470881 | lrm: 1.00 | dt: 1427.38ms | tok/sec: 367,308 | bf16_mfu: 0.00 | epoch: 1 pq: 4 rg: 39 | total time: 8.83m | eta: 51.1m
step 00381/02520 (15.12%) | loss: 3.475677 | lrm: 1.00 | dt: 1425.78ms | tok/sec: 367,721 | bf16_mfu: 0.00 | epoch: 1 pq: 4 rg: 40 | total time: 8.86m | eta: 51.1m
step 00382/02520 (15.16%) | loss: 3.468470 | lrm: 1.00 | dt: 1425.15ms | tok/sec: 367,882 | bf16_mfu: 0.00 | epoch: 1 pq: 4 rg: 41 | total time: 8.88m | eta: 51.0m
step 00383/02520 (15.20%) | loss: 3.465186 | lrm: 1.00 | dt: 1427.03ms | tok/sec: 367,397 | bf16_mfu: 0.00 | epoch: 1 pq: 4 rg: 42 | total time: 8.90m | eta: 51.0m
step 00384/02520 (15.24%) | loss: 3.473559 | lrm: 1.00 | dt: 1426.87ms | tok/sec: 367,439 | bf16_mfu: 0.00 | epoch: 1 pq: 4 rg: 43 | total time: 8.93m | eta: 51.0m
step 00385/02520 (15.28%) | loss: 3.482322 | lrm: 1.00 | dt: 1426.19ms | tok/sec: 367,613 | bf16_mfu: 0.00 | epoch: 1 pq: 4 rg: 44 | total time: 8.95m | eta: 51.0m
step 00386/02520 (15.32%) | loss: 3.491047 | lrm: 1.00 | dt: 1424.44ms | tok/sec: 368,065 | bf16_mfu: 0.00 | epoch: 1 pq: 4 rg: 45 | total time: 8.98m | eta: 50.9m
step 00387/02520 (15.36%) | loss: 3.483426 | lrm: 1.00 | dt: 1427.43ms | tok/sec: 367,295 | bf16_mfu: 0.00 | epoch: 1 pq: 4 rg: 46 | total time: 9.00m | eta: 50.9m
step 00388/02520 (15.40%) | loss: 3.481464 | lrm: 1.00 | dt: 1426.22ms | tok/sec: 367,606 | bf16_mfu: 0.00 | epoch: 1 pq: 4 rg: 47 | total time: 9.02m | eta: 50.9m
step 00389/02520 (15.44%) | loss: 3.474045 | lrm: 1.00 | dt: 1425.79ms | tok/sec: 367,716 | bf16_mfu: 0.00 | epoch: 1 pq: 4 rg: 48 | total time: 9.05m | eta: 50.9m
step 00390/02520 (15.48%) | loss: 3.474615 | lrm: 1.00 | dt: 1426.56ms | tok/sec: 367,517 | bf16_mfu: 0.00 | epoch: 1 pq: 4 rg: 49 | total time: 9.07m | eta: 50.8m
step 00391/02520 (15.52%) | loss: 3.478607 | lrm: 1.00 | dt: 1427.70ms | tok/sec: 367,226 | bf16_mfu: 0.00 | epoch: 1 pq: 4 rg: 50 | total time: 9.09m | eta: 50.8m
step 00392/02520 (15.56%) | loss: 3.484272 | lrm: 1.00 | dt: 1426.50ms | tok/sec: 367,535 | bf16_mfu: 0.00 | epoch: 1 pq: 4 rg: 51 | total time: 9.12m | eta: 50.8m
step 00393/02520 (15.60%) | loss: 3.481241 | lrm: 1.00 | dt: 1426.16ms | tok/sec: 367,623 | bf16_mfu: 0.00 | epoch: 1 pq: 4 rg: 52 | total time: 9.14m | eta: 50.8m
step 00394/02520 (15.63%) | loss: 3.483508 | lrm: 1.00 | dt: 1426.45ms | tok/sec: 367,546 | bf16_mfu: 0.00 | epoch: 1 pq: 4 rg: 53 | total time: 9.17m | eta: 50.7m
step 00395/02520 (15.67%) | loss: 3.469842 | lrm: 1.00 | dt: 1426.30ms | tok/sec: 367,585 | bf16_mfu: 0.00 | epoch: 1 pq: 4 rg: 54 | total time: 9.19m | eta: 50.7m
step 00396/02520 (15.71%) | loss: 3.475576 | lrm: 1.00 | dt: 1425.36ms | tok/sec: 367,828 | bf16_mfu: 0.00 | epoch: 1 pq: 4 rg: 55 | total time: 9.21m | eta: 50.7m
step 00397/02520 (15.75%) | loss: 3.471613 | lrm: 1.00 | dt: 1426.45ms | tok/sec: 367,547 | bf16_mfu: 0.00 | epoch: 1 pq: 4 rg: 55 | total time: 9.24m | eta: 50.7m
step 00398/02520 (15.79%) | loss: 3.464202 | lrm: 1.00 | dt: 1426.02ms | tok/sec: 367,657 | bf16_mfu: 0.00 | epoch: 1 pq: 4 rg: 56 | total time: 9.26m | eta: 50.6m
step 00399/02520 (15.83%) | loss: 3.471348 | lrm: 1.00 | dt: 1425.52ms | tok/sec: 367,786 | bf16_mfu: 0.00 | epoch: 1 pq: 4 rg: 57 | total time: 9.28m | eta: 50.6m
step 00400/02520 (15.87%) | loss: 3.469326 | lrm: 1.00 | dt: 1426.02ms | tok/sec: 367,658 | bf16_mfu: 0.00 | epoch: 1 pq: 4 rg: 58 | total time: 9.31m | eta: 50.6m
step 00401/02520 (15.91%) | loss: 3.472638 | lrm: 1.00 | dt: 1425.35ms | tok/sec: 367,831 | bf16_mfu: 0.00 | epoch: 1 pq: 4 rg: 59 | total time: 9.33m | eta: 50.6m
step 00402/02520 (15.95%) | loss: 3.476249 | lrm: 1.00 | dt: 1426.00ms | tok/sec: 367,664 | bf16_mfu: 0.00 | epoch: 1 pq: 4 rg: 60 | total time: 9.36m | eta: 50.5m
step 00403/02520 (15.99%) | loss: 3.465429 | lrm: 1.00 | dt: 1424.86ms | tok/sec: 367,957 | bf16_mfu: 0.00 | epoch: 1 pq: 4 rg: 61 | total time: 9.38m | eta: 50.5m
step 00404/02520 (16.03%) | loss: 3.469704 | lrm: 1.00 | dt: 1425.55ms | tok/sec: 367,779 | bf16_mfu: 0.00 | epoch: 1 pq: 4 rg: 62 | total time: 9.40m | eta: 50.5m
step 00405/02520 (16.07%) | loss: 3.464679 | lrm: 1.00 | dt: 1424.64ms | tok/sec: 368,014 | bf16_mfu: 0.00 | epoch: 1 pq: 4 rg: 63 | total time: 9.43m | eta: 50.5m
step 00406/02520 (16.11%) | loss: 3.459044 | lrm: 1.00 | dt: 1424.40ms | tok/sec: 368,075 | bf16_mfu: 0.00 | epoch: 1 pq: 4 rg: 64 | total time: 9.45m | eta: 50.5m
step 00407/02520 (16.15%) | loss: 3.469800 | lrm: 1.00 | dt: 1424.66ms | tok/sec: 368,008 | bf16_mfu: 0.00 | epoch: 1 pq: 4 rg: 65 | total time: 9.47m | eta: 50.4m
step 00408/02520 (16.19%) | loss: 3.480321 | lrm: 1.00 | dt: 1422.60ms | tok/sec: 368,541 | bf16_mfu: 0.00 | epoch: 1 pq: 4 rg: 66 | total time: 9.50m | eta: 50.4m
step 00409/02520 (16.23%) | loss: 3.476430 | lrm: 1.00 | dt: 1424.90ms | tok/sec: 367,948 | bf16_mfu: 0.00 | epoch: 1 pq: 4 rg: 67 | total time: 9.52m | eta: 50.4m
step 00410/02520 (16.27%) | loss: 3.475631 | lrm: 1.00 | dt: 1424.16ms | tok/sec: 368,138 | bf16_mfu: 0.00 | epoch: 1 pq: 4 rg: 68 | total time: 9.55m | eta: 50.4m
step 00411/02520 (16.31%) | loss: 3.481124 | lrm: 1.00 | dt: 1426.08ms | tok/sec: 367,642 | bf16_mfu: 0.00 | epoch: 1 pq: 4 rg: 69 | total time: 9.57m | eta: 50.3m
step 00412/02520 (16.35%) | loss: 3.474062 | lrm: 1.00 | dt: 1423.87ms | tok/sec: 368,212 | bf16_mfu: 0.00 | epoch: 1 pq: 4 rg: 70 | total time: 9.59m | eta: 50.3m
step 00413/02520 (16.39%) | loss: 3.465154 | lrm: 1.00 | dt: 1424.46ms | tok/sec: 368,060 | bf16_mfu: 0.00 | epoch: 1 pq: 4 rg: 71 | total time: 9.62m | eta: 50.3m
step 00414/02520 (16.43%) | loss: 3.457356 | lrm: 1.00 | dt: 1422.79ms | tok/sec: 368,493 | bf16_mfu: 0.00 | epoch: 1 pq: 4 rg: 72 | total time: 9.64m | eta: 50.3m
step 00415/02520 (16.47%) | loss: 3.452700 | lrm: 1.00 | dt: 1424.36ms | tok/sec: 368,087 | bf16_mfu: 0.00 | epoch: 1 pq: 4 rg: 73 | total time: 9.66m | eta: 50.2m
step 00416/02520 (16.51%) | loss: 3.435635 | lrm: 1.00 | dt: 1425.16ms | tok/sec: 367,878 | bf16_mfu: 0.00 | epoch: 1 pq: 4 rg: 74 | total time: 9.69m | eta: 50.2m
step 00417/02520 (16.55%) | loss: 3.433087 | lrm: 1.00 | dt: 1424.29ms | tok/sec: 368,103 | bf16_mfu: 0.00 | epoch: 1 pq: 4 rg: 75 | total time: 9.71m | eta: 50.2m
step 00418/02520 (16.59%) | loss: 3.440427 | lrm: 1.00 | dt: 1424.98ms | tok/sec: 367,926 | bf16_mfu: 0.00 | epoch: 1 pq: 4 rg: 76 | total time: 9.74m | eta: 50.2m
step 00419/02520 (16.63%) | loss: 3.447868 | lrm: 1.00 | dt: 1424.75ms | tok/sec: 367,986 | bf16_mfu: 0.00 | epoch: 1 pq: 4 rg: 77 | total time: 9.76m | eta: 50.1m
step 00420/02520 (16.67%) | loss: 3.444168 | lrm: 1.00 | dt: 1426.29ms | tok/sec: 367,588 | bf16_mfu: 0.00 | epoch: 1 pq: 4 rg: 78 | total time: 9.78m | eta: 50.1m
step 00421/02520 (16.71%) | loss: 3.451412 | lrm: 1.00 | dt: 1424.18ms | tok/sec: 368,133 | bf16_mfu: 0.00 | epoch: 1 pq: 4 rg: 79 | total time: 9.81m | eta: 50.1m
step 00422/02520 (16.75%) | loss: 3.443606 | lrm: 1.00 | dt: 1424.80ms | tok/sec: 367,973 | bf16_mfu: 0.00 | epoch: 1 pq: 4 rg: 80 | total time: 9.83m | eta: 50.1m
step 00423/02520 (16.79%) | loss: 3.444888 | lrm: 1.00 | dt: 1425.25ms | tok/sec: 367,858 | bf16_mfu: 0.00 | epoch: 1 pq: 4 rg: 81 | total time: 9.85m | eta: 50.0m
step 00424/02520 (16.83%) | loss: 3.454008 | lrm: 1.00 | dt: 1425.66ms | tok/sec: 367,750 | bf16_mfu: 0.00 | epoch: 1 pq: 5 rg: 0 | total time: 9.88m | eta: 50.0m
step 00425/02520 (16.87%) | loss: 3.455943 | lrm: 1.00 | dt: 1426.77ms | tok/sec: 367,464 | bf16_mfu: 0.00 | epoch: 1 pq: 5 rg: 1 | total time: 9.90m | eta: 50.0m
step 00426/02520 (16.90%) | loss: 3.456357 | lrm: 1.00 | dt: 1425.59ms | tok/sec: 367,768 | bf16_mfu: 0.00 | epoch: 1 pq: 5 rg: 2 | total time: 9.93m | eta: 50.0m
step 00427/02520 (16.94%) | loss: 3.453966 | lrm: 1.00 | dt: 1424.14ms | tok/sec: 368,143 | bf16_mfu: 0.00 | epoch: 1 pq: 5 rg: 3 | total time: 9.95m | eta: 49.9m
step 00428/02520 (16.98%) | loss: 3.455093 | lrm: 1.00 | dt: 1423.58ms | tok/sec: 368,287 | bf16_mfu: 0.00 | epoch: 1 pq: 5 rg: 4 | total time: 9.97m | eta: 49.9m
step 00429/02520 (17.02%) | loss: 3.449582 | lrm: 1.00 | dt: 1423.16ms | tok/sec: 368,395 | bf16_mfu: 0.00 | epoch: 1 pq: 5 rg: 4 | total time: 10.00m | eta: 49.9m
step 00430/02520 (17.06%) | loss: 3.454185 | lrm: 1.00 | dt: 1423.80ms | tok/sec: 368,232 | bf16_mfu: 0.00 | epoch: 1 pq: 5 rg: 5 | total time: 10.02m | eta: 49.9m
step 00431/02520 (17.10%) | loss: 3.448263 | lrm: 1.00 | dt: 1424.33ms | tok/sec: 368,094 | bf16_mfu: 0.00 | epoch: 1 pq: 5 rg: 6 | total time: 10.04m | eta: 49.8m
step 00432/02520 (17.14%) | loss: 3.447160 | lrm: 1.00 | dt: 1424.49ms | tok/sec: 368,051 | bf16_mfu: 0.00 | epoch: 1 pq: 5 rg: 7 | total time: 10.07m | eta: 49.8m
step 00433/02520 (17.18%) | loss: 3.438423 | lrm: 1.00 | dt: 1424.46ms | tok/sec: 368,061 | bf16_mfu: 0.00 | epoch: 1 pq: 5 rg: 8 | total time: 10.09m | eta: 49.8m
step 00434/02520 (17.22%) | loss: 3.437623 | lrm: 1.00 | dt: 1424.62ms | tok/sec: 368,020 | bf16_mfu: 0.00 | epoch: 1 pq: 5 rg: 9 | total time: 10.12m | eta: 49.8m
step 00435/02520 (17.26%) | loss: 3.437351 | lrm: 1.00 | dt: 1423.37ms | tok/sec: 368,342 | bf16_mfu: 0.00 | epoch: 1 pq: 5 rg: 10 | total time: 10.14m | eta: 49.7m
step 00436/02520 (17.30%) | loss: 3.442955 | lrm: 1.00 | dt: 1423.82ms | tok/sec: 368,227 | bf16_mfu: 0.00 | epoch: 1 pq: 5 rg: 11 | total time: 10.16m | eta: 49.7m
step 00437/02520 (17.34%) | loss: 3.439947 | lrm: 1.00 | dt: 1424.57ms | tok/sec: 368,032 | bf16_mfu: 0.00 | epoch: 1 pq: 5 rg: 12 | total time: 10.19m | eta: 49.7m
step 00438/02520 (17.38%) | loss: 3.424855 | lrm: 1.00 | dt: 1424.13ms | tok/sec: 368,146 | bf16_mfu: 0.00 | epoch: 1 pq: 5 rg: 13 | total time: 10.21m | eta: 49.7m
step 00439/02520 (17.42%) | loss: 3.430847 | lrm: 1.00 | dt: 1424.51ms | tok/sec: 368,046 | bf16_mfu: 0.00 | epoch: 1 pq: 5 rg: 14 | total time: 10.23m | eta: 49.6m
step 00440/02520 (17.46%) | loss: 3.425153 | lrm: 1.00 | dt: 1422.73ms | tok/sec: 368,508 | bf16_mfu: 0.00 | epoch: 1 pq: 5 rg: 15 | total time: 10.26m | eta: 49.6m
step 00441/02520 (17.50%) | loss: 3.428106 | lrm: 1.00 | dt: 1423.69ms | tok/sec: 368,259 | bf16_mfu: 0.00 | epoch: 1 pq: 5 rg: 16 | total time: 10.28m | eta: 49.6m
step 00442/02520 (17.54%) | loss: 3.430275 | lrm: 1.00 | dt: 1423.83ms | tok/sec: 368,224 | bf16_mfu: 0.00 | epoch: 1 pq: 5 rg: 17 | total time: 10.31m | eta: 49.6m
step 00443/02520 (17.58%) | loss: 3.436188 | lrm: 1.00 | dt: 1424.42ms | tok/sec: 368,072 | bf16_mfu: 0.00 | epoch: 1 pq: 5 rg: 18 | total time: 10.33m | eta: 49.5m
step 00444/02520 (17.62%) | loss: 3.423617 | lrm: 1.00 | dt: 1425.25ms | tok/sec: 367,858 | bf16_mfu: 0.00 | epoch: 1 pq: 5 rg: 19 | total time: 10.35m | eta: 49.5m
step 00445/02520 (17.66%) | loss: 3.410646 | lrm: 1.00 | dt: 1425.07ms | tok/sec: 367,903 | bf16_mfu: 0.00 | epoch: 1 pq: 5 rg: 20 | total time: 10.38m | eta: 49.5m
step 00446/02520 (17.70%) | loss: 3.411390 | lrm: 1.00 | dt: 1424.59ms | tok/sec: 368,028 | bf16_mfu: 0.00 | epoch: 1 pq: 5 rg: 21 | total time: 10.40m | eta: 49.5m
step 00447/02520 (17.74%) | loss: 3.407956 | lrm: 1.00 | dt: 1425.37ms | tok/sec: 367,827 | bf16_mfu: 0.00 | epoch: 1 pq: 5 rg: 22 | total time: 10.42m | eta: 49.4m
step 00448/02520 (17.78%) | loss: 3.399953 | lrm: 1.00 | dt: 1424.65ms | tok/sec: 368,010 | bf16_mfu: 0.00 | epoch: 1 pq: 5 rg: 23 | total time: 10.45m | eta: 49.4m
step 00449/02520 (17.82%) | loss: 3.404414 | lrm: 1.00 | dt: 1425.15ms | tok/sec: 367,882 | bf16_mfu: 0.00 | epoch: 1 pq: 5 rg: 24 | total time: 10.47m | eta: 49.4m
step 00450/02520 (17.86%) | loss: 3.410724 | lrm: 1.00 | dt: 1424.10ms | tok/sec: 368,154 | bf16_mfu: 0.00 | epoch: 1 pq: 5 rg: 25 | total time: 10.50m | eta: 49.4m
step 00451/02520 (17.90%) | loss: 3.420276 | lrm: 1.00 | dt: 1425.60ms | tok/sec: 367,766 | bf16_mfu: 0.00 | epoch: 1 pq: 5 rg: 26 | total time: 10.52m | eta: 49.4m
step 00452/02520 (17.94%) | loss: 3.424860 | lrm: 1.00 | dt: 1423.46ms | tok/sec: 368,319 | bf16_mfu: 0.00 | epoch: 1 pq: 5 rg: 27 | total time: 10.54m | eta: 49.3m
step 00453/02520 (17.98%) | loss: 3.435794 | lrm: 1.00 | dt: 1427.18ms | tok/sec: 367,359 | bf16_mfu: 0.00 | epoch: 1 pq: 5 rg: 28 | total time: 10.57m | eta: 49.3m
step 00454/02520 (18.02%) | loss: 3.440127 | lrm: 1.00 | dt: 1423.33ms | tok/sec: 368,354 | bf16_mfu: 0.00 | epoch: 1 pq: 5 rg: 29 | total time: 10.59m | eta: 49.3m
step 00455/02520 (18.06%) | loss: 3.427174 | lrm: 1.00 | dt: 1424.16ms | tok/sec: 368,138 | bf16_mfu: 0.00 | epoch: 1 pq: 5 rg: 29 | total time: 10.61m | eta: 49.3m
step 00456/02520 (18.10%) | loss: 3.426184 | lrm: 1.00 | dt: 1424.96ms | tok/sec: 367,932 | bf16_mfu: 0.00 | epoch: 1 pq: 5 rg: 30 | total time: 10.64m | eta: 49.2m
step 00457/02520 (18.13%) | loss: 3.424576 | lrm: 1.00 | dt: 1424.89ms | tok/sec: 367,950 | bf16_mfu: 0.00 | epoch: 1 pq: 5 rg: 31 | total time: 10.66m | eta: 49.2m
step 00458/02520 (18.17%) | loss: 3.431003 | lrm: 1.00 | dt: 1425.15ms | tok/sec: 367,881 | bf16_mfu: 0.00 | epoch: 1 pq: 5 rg: 32 | total time: 10.69m | eta: 49.2m
step 00459/02520 (18.21%) | loss: 3.426670 | lrm: 1.00 | dt: 1424.87ms | tok/sec: 367,955 | bf16_mfu: 0.00 | epoch: 1 pq: 5 rg: 33 | total time: 10.71m | eta: 49.2m
step 00460/02520 (18.25%) | loss: 3.417359 | lrm: 1.00 | dt: 1424.83ms | tok/sec: 367,964 | bf16_mfu: 0.00 | epoch: 1 pq: 5 rg: 34 | total time: 10.73m | eta: 49.1m
step 00461/02520 (18.29%) | loss: 3.416869 | lrm: 1.00 | dt: 1424.19ms | tok/sec: 368,129 | bf16_mfu: 0.00 | epoch: 1 pq: 5 rg: 35 | total time: 10.76m | eta: 49.1m
step 00462/02520 (18.33%) | loss: 3.408975 | lrm: 1.00 | dt: 1424.16ms | tok/sec: 368,138 | bf16_mfu: 0.00 | epoch: 1 pq: 5 rg: 36 | total time: 10.78m | eta: 49.1m
step 00463/02520 (18.37%) | loss: 3.414102 | lrm: 1.00 | dt: 1426.31ms | tok/sec: 367,582 | bf16_mfu: 0.00 | epoch: 1 pq: 5 rg: 37 | total time: 10.80m | eta: 49.1m
step 00464/02520 (18.41%) | loss: 3.411934 | lrm: 1.00 | dt: 1425.74ms | tok/sec: 367,729 | bf16_mfu: 0.00 | epoch: 1 pq: 5 rg: 38 | total time: 10.83m | eta: 49.0m
step 00465/02520 (18.45%) | loss: 3.417423 | lrm: 1.00 | dt: 1427.10ms | tok/sec: 367,380 | bf16_mfu: 0.00 | epoch: 1 pq: 5 rg: 39 | total time: 10.85m | eta: 49.0m
step 00466/02520 (18.49%) | loss: 3.421159 | lrm: 1.00 | dt: 1425.44ms | tok/sec: 367,807 | bf16_mfu: 0.00 | epoch: 1 pq: 5 rg: 40 | total time: 10.88m | eta: 49.0m
step 00467/02520 (18.53%) | loss: 3.419944 | lrm: 1.00 | dt: 1427.81ms | tok/sec: 367,197 | bf16_mfu: 0.00 | epoch: 1 pq: 5 rg: 41 | total time: 10.90m | eta: 49.0m
step 00468/02520 (18.57%) | loss: 3.418877 | lrm: 1.00 | dt: 1424.20ms | tok/sec: 368,128 | bf16_mfu: 0.00 | epoch: 1 pq: 5 rg: 42 | total time: 10.92m | eta: 48.9m
step 00469/02520 (18.61%) | loss: 3.429447 | lrm: 1.00 | dt: 1424.29ms | tok/sec: 368,105 | bf16_mfu: 0.00 | epoch: 1 pq: 5 rg: 43 | total time: 10.95m | eta: 48.9m
step 00470/02520 (18.65%) | loss: 3.421858 | lrm: 1.00 | dt: 1425.10ms | tok/sec: 367,895 | bf16_mfu: 0.00 | epoch: 1 pq: 5 rg: 44 | total time: 10.97m | eta: 48.9m
step 00471/02520 (18.69%) | loss: 3.415058 | lrm: 1.00 | dt: 1425.21ms | tok/sec: 367,866 | bf16_mfu: 0.00 | epoch: 1 pq: 5 rg: 45 | total time: 10.99m | eta: 48.9m
step 00472/02520 (18.73%) | loss: 3.405953 | lrm: 1.00 | dt: 1424.86ms | tok/sec: 367,958 | bf16_mfu: 0.00 | epoch: 1 pq: 5 rg: 46 | total time: 11.02m | eta: 48.8m
step 00473/02520 (18.77%) | loss: 3.405151 | lrm: 1.00 | dt: 1423.70ms | tok/sec: 368,257 | bf16_mfu: 0.00 | epoch: 1 pq: 5 rg: 47 | total time: 11.04m | eta: 48.8m
step 00474/02520 (18.81%) | loss: 3.419106 | lrm: 1.00 | dt: 1424.88ms | tok/sec: 367,951 | bf16_mfu: 0.00 | epoch: 1 pq: 5 rg: 48 | total time: 11.07m | eta: 48.8m
step 00475/02520 (18.85%) | loss: 3.419319 | lrm: 1.00 | dt: 1423.13ms | tok/sec: 368,404 | bf16_mfu: 0.00 | epoch: 1 pq: 5 rg: 49 | total time: 11.09m | eta: 48.8m
step 00476/02520 (18.89%) | loss: 3.416474 | lrm: 1.00 | dt: 1423.54ms | tok/sec: 368,299 | bf16_mfu: 0.00 | epoch: 1 pq: 5 rg: 50 | total time: 11.11m | eta: 48.7m
step 00477/02520 (18.93%) | loss: 3.418330 | lrm: 1.00 | dt: 1423.70ms | tok/sec: 368,258 | bf16_mfu: 0.00 | epoch: 1 pq: 5 rg: 51 | total time: 11.14m | eta: 48.7m
step 00478/02520 (18.97%) | loss: 3.414440 | lrm: 1.00 | dt: 1423.14ms | tok/sec: 368,402 | bf16_mfu: 0.00 | epoch: 1 pq: 5 rg: 52 | total time: 11.16m | eta: 48.7m
step 00479/02520 (19.01%) | loss: 3.410283 | lrm: 1.00 | dt: 1425.51ms | tok/sec: 367,788 | bf16_mfu: 0.00 | epoch: 1 pq: 5 rg: 53 | total time: 11.18m | eta: 48.7m
step 00480/02520 (19.05%) | loss: 3.392753 | lrm: 1.00 | dt: 1424.39ms | tok/sec: 368,079 | bf16_mfu: 0.00 | epoch: 1 pq: 5 rg: 54 | total time: 11.21m | eta: 48.6m
step 00481/02520 (19.09%) | loss: 3.397404 | lrm: 1.00 | dt: 1424.85ms | tok/sec: 367,961 | bf16_mfu: 0.00 | epoch: 1 pq: 5 rg: 55 | total time: 11.23m | eta: 48.6m
step 00482/02520 (19.13%) | loss: 3.396846 | lrm: 1.00 | dt: 1424.65ms | tok/sec: 368,011 | bf16_mfu: 0.00 | epoch: 1 pq: 5 rg: 56 | total time: 11.26m | eta: 48.6m
step 00483/02520 (19.17%) | loss: 3.398278 | lrm: 1.00 | dt: 1425.20ms | tok/sec: 367,870 | bf16_mfu: 0.00 | epoch: 1 pq: 5 rg: 57 | total time: 11.28m | eta: 48.6m
step 00484/02520 (19.21%) | loss: 3.385140 | lrm: 1.00 | dt: 1425.23ms | tok/sec: 367,861 | bf16_mfu: 0.00 | epoch: 1 pq: 5 rg: 58 | total time: 11.30m | eta: 48.5m
step 00485/02520 (19.25%) | loss: 3.375946 | lrm: 1.00 | dt: 1424.59ms | tok/sec: 368,028 | bf16_mfu: 0.00 | epoch: 1 pq: 5 rg: 59 | total time: 11.33m | eta: 48.5m
step 00486/02520 (19.29%) | loss: 3.377589 | lrm: 1.00 | dt: 1424.37ms | tok/sec: 368,085 | bf16_mfu: 0.00 | epoch: 1 pq: 5 rg: 60 | total time: 11.35m | eta: 48.5m
step 00487/02520 (19.33%) | loss: 3.362289 | lrm: 1.00 | dt: 1425.16ms | tok/sec: 367,880 | bf16_mfu: 0.00 | epoch: 1 pq: 5 rg: 61 | total time: 11.37m | eta: 48.5m
step 00488/02520 (19.37%) | loss: 3.379893 | lrm: 1.00 | dt: 1424.37ms | tok/sec: 368,084 | bf16_mfu: 0.00 | epoch: 1 pq: 5 rg: 61 | total time: 11.40m | eta: 48.5m
step 00489/02520 (19.40%) | loss: 3.378669 | lrm: 1.00 | dt: 1425.68ms | tok/sec: 367,745 | bf16_mfu: 0.00 | epoch: 1 pq: 5 rg: 62 | total time: 11.42m | eta: 48.4m
step 00490/02520 (19.44%) | loss: 3.378850 | lrm: 1.00 | dt: 1424.91ms | tok/sec: 367,944 | bf16_mfu: 0.00 | epoch: 1 pq: 5 rg: 63 | total time: 11.45m | eta: 48.4m
step 00491/02520 (19.48%) | loss: 3.380615 | lrm: 1.00 | dt: 1425.58ms | tok/sec: 367,772 | bf16_mfu: 0.00 | epoch: 1 pq: 5 rg: 64 | total time: 11.47m | eta: 48.4m
step 00492/02520 (19.52%) | loss: 3.377388 | lrm: 1.00 | dt: 1425.01ms | tok/sec: 367,918 | bf16_mfu: 0.00 | epoch: 1 pq: 5 rg: 65 | total time: 11.49m | eta: 48.4m
step 00493/02520 (19.56%) | loss: 3.381234 | lrm: 1.00 | dt: 1426.33ms | tok/sec: 367,579 | bf16_mfu: 0.00 | epoch: 1 pq: 5 rg: 66 | total time: 11.52m | eta: 48.3m
step 00494/02520 (19.60%) | loss: 3.380315 | lrm: 1.00 | dt: 1424.13ms | tok/sec: 368,145 | bf16_mfu: 0.00 | epoch: 1 pq: 5 rg: 67 | total time: 11.54m | eta: 48.3m
step 00495/02520 (19.64%) | loss: 3.373258 | lrm: 1.00 | dt: 1426.86ms | tok/sec: 367,441 | bf16_mfu: 0.00 | epoch: 1 pq: 5 rg: 68 | total time: 11.56m | eta: 48.3m
step 00496/02520 (19.68%) | loss: 3.376769 | lrm: 1.00 | dt: 1425.85ms | tok/sec: 367,701 | bf16_mfu: 0.00 | epoch: 1 pq: 5 rg: 69 | total time: 11.59m | eta: 48.3m
step 00497/02520 (19.72%) | loss: 3.388471 | lrm: 1.00 | dt: 1425.61ms | tok/sec: 367,763 | bf16_mfu: 0.00 | epoch: 1 pq: 5 rg: 70 | total time: 11.61m | eta: 48.2m
step 00498/02520 (19.76%) | loss: 3.386710 | lrm: 1.00 | dt: 1425.78ms | tok/sec: 367,719 | bf16_mfu: 0.00 | epoch: 1 pq: 5 rg: 71 | total time: 11.64m | eta: 48.2m
step 00499/02520 (19.80%) | loss: 3.394736 | lrm: 1.00 | dt: 1424.76ms | tok/sec: 367,982 | bf16_mfu: 0.00 | epoch: 1 pq: 5 rg: 72 | total time: 11.66m | eta: 48.2m
Step 00500 | Validation bpb: 1.031957
step 00500/02520 (19.84%) | loss: 3.404386 | lrm: 1.00 | dt: 1407.83ms | tok/sec: 372,407 | bf16_mfu: 0.00 | epoch: 1 pq: 5 rg: 73 | total time: 11.68m | eta: 48.2m
step 00501/02520 (19.88%) | loss: 3.397304 | lrm: 1.00 | dt: 1415.26ms | tok/sec: 370,453 | bf16_mfu: 0.00 | epoch: 1 pq: 5 rg: 74 | total time: 11.71m | eta: 48.1m
step 00502/02520 (19.92%) | loss: 3.394490 | lrm: 1.00 | dt: 1414.02ms | tok/sec: 370,777 | bf16_mfu: 0.00 | epoch: 1 pq: 5 rg: 75 | total time: 11.73m | eta: 48.1m
step 00503/02520 (19.96%) | loss: 3.385339 | lrm: 1.00 | dt: 1415.99ms | tok/sec: 370,262 | bf16_mfu: 0.00 | epoch: 1 pq: 5 rg: 76 | total time: 11.75m | eta: 48.1m
step 00504/02520 (20.00%) | loss: 3.381331 | lrm: 1.00 | dt: 1415.03ms | tok/sec: 370,513 | bf16_mfu: 0.00 | epoch: 1 pq: 5 rg: 77 | total time: 11.78m | eta: 48.1m
step 00505/02520 (20.04%) | loss: 3.387645 | lrm: 1.00 | dt: 1415.14ms | tok/sec: 370,485 | bf16_mfu: 0.00 | epoch: 1 pq: 5 rg: 78 | total time: 11.80m | eta: 48.0m
step 00506/02520 (20.08%) | loss: 3.378071 | lrm: 1.00 | dt: 1416.87ms | tok/sec: 370,033 | bf16_mfu: 0.00 | epoch: 1 pq: 5 rg: 79 | total time: 11.82m | eta: 48.0m
step 00507/02520 (20.12%) | loss: 3.378235 | lrm: 1.00 | dt: 1416.69ms | tok/sec: 370,079 | bf16_mfu: 0.00 | epoch: 1 pq: 5 rg: 80 | total time: 11.85m | eta: 48.0m
step 00508/02520 (20.16%) | loss: 3.378560 | lrm: 1.00 | dt: 1415.85ms | tok/sec: 370,298 | bf16_mfu: 0.00 | epoch: 1 pq: 5 rg: 81 | total time: 11.87m | eta: 48.0m
step 00509/02520 (20.20%) | loss: 3.385136 | lrm: 1.00 | dt: 1415.40ms | tok/sec: 370,415 | bf16_mfu: 0.00 | epoch: 1 pq: 5 rg: 82 | total time: 11.89m | eta: 47.9m
step 00510/02520 (20.24%) | loss: 3.370892 | lrm: 1.00 | dt: 1417.28ms | tok/sec: 369,925 | bf16_mfu: 0.00 | epoch: 1 pq: 6 rg: 0 | total time: 11.92m | eta: 47.9m
step 00511/02520 (20.28%) | loss: 3.367883 | lrm: 1.00 | dt: 1417.96ms | tok/sec: 369,747 | bf16_mfu: 0.00 | epoch: 1 pq: 6 rg: 1 | total time: 11.94m | eta: 47.9m
step 00512/02520 (20.32%) | loss: 3.371481 | lrm: 1.00 | dt: 1416.85ms | tok/sec: 370,038 | bf16_mfu: 0.00 | epoch: 1 pq: 6 rg: 2 | total time: 11.97m | eta: 47.9m
step 00513/02520 (20.36%) | loss: 3.362098 | lrm: 1.00 | dt: 1418.83ms | tok/sec: 369,521 | bf16_mfu: 0.00 | epoch: 1 pq: 6 rg: 3 | total time: 11.99m | eta: 47.8m
step 00514/02520 (20.40%) | loss: 3.364121 | lrm: 1.00 | dt: 1416.53ms | tok/sec: 370,120 | bf16_mfu: 0.00 | epoch: 1 pq: 6 rg: 4 | total time: 12.01m | eta: 47.8m
step 00515/02520 (20.44%) | loss: 3.367382 | lrm: 1.00 | dt: 1418.16ms | tok/sec: 369,694 | bf16_mfu: 0.00 | epoch: 1 pq: 6 rg: 5 | total time: 12.04m | eta: 47.8m
step 00516/02520 (20.48%) | loss: 3.370005 | lrm: 1.00 | dt: 1417.08ms | tok/sec: 369,976 | bf16_mfu: 0.00 | epoch: 1 pq: 6 rg: 6 | total time: 12.06m | eta: 47.8m
step 00517/02520 (20.52%) | loss: 3.361184 | lrm: 1.00 | dt: 1418.14ms | tok/sec: 369,702 | bf16_mfu: 0.00 | epoch: 1 pq: 6 rg: 7 | total time: 12.08m | eta: 47.7m
step 00518/02520 (20.56%) | loss: 3.356501 | lrm: 1.00 | dt: 1417.68ms | tok/sec: 369,821 | bf16_mfu: 0.00 | epoch: 1 pq: 6 rg: 8 | total time: 12.11m | eta: 47.7m
step 00519/02520 (20.60%) | loss: 3.361220 | lrm: 1.00 | dt: 1417.90ms | tok/sec: 369,764 | bf16_mfu: 0.00 | epoch: 1 pq: 6 rg: 9 | total time: 12.13m | eta: 47.7m
step 00520/02520 (20.63%) | loss: 3.355037 | lrm: 1.00 | dt: 1419.74ms | tok/sec: 369,285 | bf16_mfu: 0.00 | epoch: 1 pq: 6 rg: 9 | total time: 12.15m | eta: 47.7m
step 00521/02520 (20.67%) | loss: 3.359551 | lrm: 1.00 | dt: 1418.15ms | tok/sec: 369,697 | bf16_mfu: 0.00 | epoch: 1 pq: 6 rg: 10 | total time: 12.18m | eta: 47.6m
step 00522/02520 (20.71%) | loss: 3.353963 | lrm: 1.00 | dt: 1419.39ms | tok/sec: 369,376 | bf16_mfu: 0.00 | epoch: 1 pq: 6 rg: 11 | total time: 12.20m | eta: 47.6m
step 00523/02520 (20.75%) | loss: 3.360703 | lrm: 1.00 | dt: 1419.49ms | tok/sec: 369,350 | bf16_mfu: 0.00 | epoch: 1 pq: 6 rg: 12 | total time: 12.23m | eta: 47.6m
step 00524/02520 (20.79%) | loss: 3.364285 | lrm: 1.00 | dt: 1418.74ms | tok/sec: 369,543 | bf16_mfu: 0.00 | epoch: 1 pq: 6 rg: 13 | total time: 12.25m | eta: 47.6m
step 00525/02520 (20.83%) | loss: 3.369681 | lrm: 1.00 | dt: 1419.43ms | tok/sec: 369,364 | bf16_mfu: 0.00 | epoch: 1 pq: 6 rg: 14 | total time: 12.27m | eta: 47.5m
step 00526/02520 (20.87%) | loss: 3.354314 | lrm: 1.00 | dt: 1418.55ms | tok/sec: 369,595 | bf16_mfu: 0.00 | epoch: 1 pq: 6 rg: 15 | total time: 12.30m | eta: 47.5m
step 00527/02520 (20.91%) | loss: 3.342189 | lrm: 1.00 | dt: 1420.17ms | tok/sec: 369,172 | bf16_mfu: 0.00 | epoch: 1 pq: 6 rg: 16 | total time: 12.32m | eta: 47.5m
step 00528/02520 (20.95%) | loss: 3.345727 | lrm: 1.00 | dt: 1418.92ms | tok/sec: 369,498 | bf16_mfu: 0.00 | epoch: 1 pq: 6 rg: 17 | total time: 12.34m | eta: 47.5m
step 00529/02520 (20.99%) | loss: 3.352367 | lrm: 1.00 | dt: 1419.76ms | tok/sec: 369,279 | bf16_mfu: 0.00 | epoch: 1 pq: 6 rg: 18 | total time: 12.37m | eta: 47.4m
step 00530/02520 (21.03%) | loss: 3.359239 | lrm: 1.00 | dt: 1419.83ms | tok/sec: 369,260 | bf16_mfu: 0.00 | epoch: 1 pq: 6 rg: 19 | total time: 12.39m | eta: 47.4m
step 00531/02520 (21.07%) | loss: 3.354731 | lrm: 1.00 | dt: 1420.05ms | tok/sec: 369,203 | bf16_mfu: 0.00 | epoch: 1 pq: 6 rg: 20 | total time: 12.41m | eta: 47.4m
step 00532/02520 (21.11%) | loss: 3.365095 | lrm: 1.00 | dt: 1419.89ms | tok/sec: 369,245 | bf16_mfu: 0.00 | epoch: 1 pq: 6 rg: 21 | total time: 12.44m | eta: 47.4m
step 00533/02520 (21.15%) | loss: 3.353447 | lrm: 1.00 | dt: 1421.46ms | tok/sec: 368,838 | bf16_mfu: 0.00 | epoch: 1 pq: 6 rg: 22 | total time: 12.46m | eta: 47.3m
step 00534/02520 (21.19%) | loss: 3.363002 | lrm: 1.00 | dt: 1422.00ms | tok/sec: 368,698 | bf16_mfu: 0.00 | epoch: 1 pq: 6 rg: 23 | total time: 12.49m | eta: 47.3m
step 00535/02520 (21.23%) | loss: 3.361643 | lrm: 1.00 | dt: 1422.22ms | tok/sec: 368,641 | bf16_mfu: 0.00 | epoch: 1 pq: 6 rg: 24 | total time: 12.51m | eta: 47.3m
step 00536/02520 (21.27%) | loss: 3.364652 | lrm: 1.00 | dt: 1421.71ms | tok/sec: 368,772 | bf16_mfu: 0.00 | epoch: 1 pq: 6 rg: 25 | total time: 12.53m | eta: 47.3m
step 00537/02520 (21.31%) | loss: 3.369037 | lrm: 1.00 | dt: 1421.96ms | tok/sec: 368,707 | bf16_mfu: 0.00 | epoch: 1 pq: 6 rg: 26 | total time: 12.56m | eta: 47.2m
step 00538/02520 (21.35%) | loss: 3.361707 | lrm: 1.00 | dt: 1421.06ms | tok/sec: 368,940 | bf16_mfu: 0.00 | epoch: 1 pq: 6 rg: 27 | total time: 12.58m | eta: 47.2m
step 00539/02520 (21.39%) | loss: 3.360421 | lrm: 1.00 | dt: 1421.94ms | tok/sec: 368,712 | bf16_mfu: 0.00 | epoch: 1 pq: 6 rg: 28 | total time: 12.60m | eta: 47.2m
step 00540/02520 (21.43%) | loss: 3.350167 | lrm: 1.00 | dt: 1421.19ms | tok/sec: 368,907 | bf16_mfu: 0.00 | epoch: 1 pq: 6 rg: 29 | total time: 12.63m | eta: 47.2m
step 00541/02520 (21.47%) | loss: 3.336044 | lrm: 1.00 | dt: 1421.89ms | tok/sec: 368,726 | bf16_mfu: 0.00 | epoch: 1 pq: 6 rg: 30 | total time: 12.65m | eta: 47.2m
step 00542/02520 (21.51%) | loss: 3.339153 | lrm: 1.00 | dt: 1420.08ms | tok/sec: 369,196 | bf16_mfu: 0.00 | epoch: 1 pq: 6 rg: 31 | total time: 12.68m | eta: 47.1m
step 00543/02520 (21.55%) | loss: 3.340730 | lrm: 1.00 | dt: 1421.36ms | tok/sec: 368,862 | bf16_mfu: 0.00 | epoch: 1 pq: 6 rg: 32 | total time: 12.70m | eta: 47.1m
step 00544/02520 (21.59%) | loss: 3.342371 | lrm: 1.00 | dt: 1422.13ms | tok/sec: 368,663 | bf16_mfu: 0.00 | epoch: 1 pq: 6 rg: 33 | total time: 12.72m | eta: 47.1m
step 00545/02520 (21.63%) | loss: 3.346912 | lrm: 1.00 | dt: 1420.91ms | tok/sec: 368,980 | bf16_mfu: 0.00 | epoch: 1 pq: 6 rg: 34 | total time: 12.75m | eta: 47.1m
step 00546/02520 (21.67%) | loss: 3.360113 | lrm: 1.00 | dt: 1421.28ms | tok/sec: 368,884 | bf16_mfu: 0.00 | epoch: 1 pq: 6 rg: 34 | total time: 12.77m | eta: 47.0m
step 00547/02520 (21.71%) | loss: 3.359846 | lrm: 1.00 | dt: 1421.44ms | tok/sec: 368,841 | bf16_mfu: 0.00 | epoch: 1 pq: 6 rg: 35 | total time: 12.79m | eta: 47.0m
step 00548/02520 (21.75%) | loss: 3.358036 | lrm: 1.00 | dt: 1425.43ms | tok/sec: 367,811 | bf16_mfu: 0.00 | epoch: 1 pq: 6 rg: 36 | total time: 12.82m | eta: 47.0m
step 00549/02520 (21.79%) | loss: 3.350530 | lrm: 1.00 | dt: 1421.27ms | tok/sec: 368,887 | bf16_mfu: 0.00 | epoch: 1 pq: 6 rg: 37 | total time: 12.84m | eta: 47.0m
step 00550/02520 (21.83%) | loss: 3.343062 | lrm: 1.00 | dt: 1421.39ms | tok/sec: 368,856 | bf16_mfu: 0.00 | epoch: 1 pq: 6 rg: 38 | total time: 12.87m | eta: 46.9m
step 00551/02520 (21.87%) | loss: 3.342226 | lrm: 1.00 | dt: 1422.80ms | tok/sec: 368,489 | bf16_mfu: 0.00 | epoch: 1 pq: 6 rg: 39 | total time: 12.89m | eta: 46.9m
step 00552/02520 (21.90%) | loss: 3.345959 | lrm: 1.00 | dt: 1420.87ms | tok/sec: 368,990 | bf16_mfu: 0.00 | epoch: 1 pq: 6 rg: 40 | total time: 12.91m | eta: 46.9m
step 00553/02520 (21.94%) | loss: 3.341268 | lrm: 1.00 | dt: 1422.84ms | tok/sec: 368,480 | bf16_mfu: 0.00 | epoch: 1 pq: 6 rg: 41 | total time: 12.94m | eta: 46.9m
step 00554/02520 (21.98%) | loss: 3.336217 | lrm: 1.00 | dt: 1421.91ms | tok/sec: 368,720 | bf16_mfu: 0.00 | epoch: 1 pq: 6 rg: 42 | total time: 12.96m | eta: 46.8m
step 00555/02520 (22.02%) | loss: 3.344486 | lrm: 1.00 | dt: 1421.85ms | tok/sec: 368,737 | bf16_mfu: 0.00 | epoch: 1 pq: 6 rg: 43 | total time: 12.98m | eta: 46.8m
step 00556/02520 (22.06%) | loss: 3.337686 | lrm: 1.00 | dt: 1422.50ms | tok/sec: 368,567 | bf16_mfu: 0.00 | epoch: 1 pq: 6 rg: 44 | total time: 13.01m | eta: 46.8m
step 00557/02520 (22.10%) | loss: 3.341109 | lrm: 1.00 | dt: 1423.04ms | tok/sec: 368,429 | bf16_mfu: 0.00 | epoch: 1 pq: 6 rg: 45 | total time: 13.03m | eta: 46.8m
step 00558/02520 (22.14%) | loss: 3.330421 | lrm: 1.00 | dt: 1423.39ms | tok/sec: 368,338 | bf16_mfu: 0.00 | epoch: 1 pq: 6 rg: 46 | total time: 13.05m | eta: 46.7m
step 00559/02520 (22.18%) | loss: 3.336081 | lrm: 1.00 | dt: 1423.72ms | tok/sec: 368,251 | bf16_mfu: 0.00 | epoch: 1 pq: 6 rg: 47 | total time: 13.08m | eta: 46.7m
step 00560/02520 (22.22%) | loss: 3.349714 | lrm: 1.00 | dt: 1423.91ms | tok/sec: 368,203 | bf16_mfu: 0.00 | epoch: 1 pq: 6 rg: 48 | total time: 13.10m | eta: 46.7m
step 00561/02520 (22.26%) | loss: 3.348698 | lrm: 1.00 | dt: 1423.73ms | tok/sec: 368,250 | bf16_mfu: 0.00 | epoch: 1 pq: 6 rg: 49 | total time: 13.13m | eta: 46.7m
step 00562/02520 (22.30%) | loss: 3.337185 | lrm: 1.00 | dt: 1422.68ms | tok/sec: 368,522 | bf16_mfu: 0.00 | epoch: 1 pq: 6 rg: 50 | total time: 13.15m | eta: 46.6m
step 00563/02520 (22.34%) | loss: 3.335720 | lrm: 1.00 | dt: 1423.98ms | tok/sec: 368,185 | bf16_mfu: 0.00 | epoch: 1 pq: 6 rg: 51 | total time: 13.17m | eta: 46.6m
step 00564/02520 (22.38%) | loss: 3.339222 | lrm: 1.00 | dt: 1423.02ms | tok/sec: 368,433 | bf16_mfu: 0.00 | epoch: 1 pq: 6 rg: 52 | total time: 13.20m | eta: 46.6m
step 00565/02520 (22.42%) | loss: 3.344960 | lrm: 1.00 | dt: 1423.32ms | tok/sec: 368,356 | bf16_mfu: 0.00 | epoch: 1 pq: 6 rg: 53 | total time: 13.22m | eta: 46.6m
step 00566/02520 (22.46%) | loss: 3.353932 | lrm: 1.00 | dt: 1423.03ms | tok/sec: 368,430 | bf16_mfu: 0.00 | epoch: 1 pq: 6 rg: 54 | total time: 13.24m | eta: 46.5m
step 00567/02520 (22.50%) | loss: 3.347729 | lrm: 1.00 | dt: 1422.99ms | tok/sec: 368,441 | bf16_mfu: 0.00 | epoch: 1 pq: 6 rg: 55 | total time: 13.27m | eta: 46.5m
step 00568/02520 (22.54%) | loss: 3.351281 | lrm: 1.00 | dt: 1422.71ms | tok/sec: 368,514 | bf16_mfu: 0.00 | epoch: 1 pq: 6 rg: 56 | total time: 13.29m | eta: 46.5m
step 00569/02520 (22.58%) | loss: 3.344227 | lrm: 1.00 | dt: 1423.64ms | tok/sec: 368,272 | bf16_mfu: 0.00 | epoch: 1 pq: 6 rg: 57 | total time: 13.32m | eta: 46.5m
step 00570/02520 (22.62%) | loss: 3.348627 | lrm: 1.00 | dt: 1424.71ms | tok/sec: 367,996 | bf16_mfu: 0.00 | epoch: 1 pq: 6 rg: 58 | total time: 13.34m | eta: 46.4m
step 00571/02520 (22.66%) | loss: 3.354949 | lrm: 1.00 | dt: 1423.12ms | tok/sec: 368,407 | bf16_mfu: 0.00 | epoch: 1 pq: 6 rg: 59 | total time: 13.36m | eta: 46.4m
step 00572/02520 (22.70%) | loss: 3.356175 | lrm: 1.00 | dt: 1425.17ms | tok/sec: 367,878 | bf16_mfu: 0.00 | epoch: 1 pq: 6 rg: 60 | total time: 13.39m | eta: 46.4m
step 00573/02520 (22.74%) | loss: 3.359596 | lrm: 1.00 | dt: 1423.79ms | tok/sec: 368,232 | bf16_mfu: 0.00 | epoch: 1 pq: 6 rg: 61 | total time: 13.41m | eta: 46.4m
step 00574/02520 (22.78%) | loss: 3.350845 | lrm: 1.00 | dt: 1426.60ms | tok/sec: 367,508 | bf16_mfu: 0.00 | epoch: 1 pq: 6 rg: 62 | total time: 13.43m | eta: 46.4m
step 00575/02520 (22.82%) | loss: 3.344239 | lrm: 1.00 | dt: 1423.26ms | tok/sec: 368,372 | bf16_mfu: 0.00 | epoch: 1 pq: 6 rg: 63 | total time: 13.46m | eta: 46.3m
step 00576/02520 (22.86%) | loss: 3.344452 | lrm: 1.00 | dt: 1424.31ms | tok/sec: 368,099 | bf16_mfu: 0.00 | epoch: 1 pq: 6 rg: 64 | total time: 13.48m | eta: 46.3m
step 00577/02520 (22.90%) | loss: 3.341052 | lrm: 1.00 | dt: 1424.57ms | tok/sec: 368,033 | bf16_mfu: 0.00 | epoch: 1 pq: 6 rg: 65 | total time: 13.51m | eta: 46.3m
step 00578/02520 (22.94%) | loss: 3.336263 | lrm: 1.00 | dt: 1424.83ms | tok/sec: 367,965 | bf16_mfu: 0.00 | epoch: 1 pq: 6 rg: 66 | total time: 13.53m | eta: 46.3m
step 00579/02520 (22.98%) | loss: 3.341995 | lrm: 1.00 | dt: 1424.61ms | tok/sec: 368,021 | bf16_mfu: 0.00 | epoch: 1 pq: 6 rg: 67 | total time: 13.55m | eta: 46.2m
step 00580/02520 (23.02%) | loss: 3.338631 | lrm: 1.00 | dt: 1424.88ms | tok/sec: 367,953 | bf16_mfu: 0.00 | epoch: 1 pq: 6 rg: 68 | total time: 13.58m | eta: 46.2m
step 00581/02520 (23.06%) | loss: 3.335333 | lrm: 1.00 | dt: 1425.22ms | tok/sec: 367,863 | bf16_mfu: 0.00 | epoch: 1 pq: 6 rg: 68 | total time: 13.60m | eta: 46.2m
step 00582/02520 (23.10%) | loss: 3.325307 | lrm: 1.00 | dt: 1424.75ms | tok/sec: 367,986 | bf16_mfu: 0.00 | epoch: 1 pq: 6 rg: 69 | total time: 13.62m | eta: 46.2m
step 00583/02520 (23.13%) | loss: 3.330734 | lrm: 1.00 | dt: 1423.29ms | tok/sec: 368,363 | bf16_mfu: 0.00 | epoch: 1 pq: 6 rg: 70 | total time: 13.65m | eta: 46.1m
step 00584/02520 (23.17%) | loss: 3.328007 | lrm: 1.00 | dt: 1424.96ms | tok/sec: 367,932 | bf16_mfu: 0.00 | epoch: 1 pq: 6 rg: 71 | total time: 13.67m | eta: 46.1m
step 00585/02520 (23.21%) | loss: 3.335467 | lrm: 1.00 | dt: 1423.27ms | tok/sec: 368,367 | bf16_mfu: 0.00 | epoch: 1 pq: 6 rg: 72 | total time: 13.70m | eta: 46.1m
step 00586/02520 (23.25%) | loss: 3.349445 | lrm: 1.00 | dt: 1423.67ms | tok/sec: 368,265 | bf16_mfu: 0.00 | epoch: 1 pq: 6 rg: 73 | total time: 13.72m | eta: 46.1m
step 00587/02520 (23.29%) | loss: 3.343494 | lrm: 1.00 | dt: 1423.06ms | tok/sec: 368,422 | bf16_mfu: 0.00 | epoch: 1 pq: 6 rg: 74 | total time: 13.74m | eta: 46.0m
step 00588/02520 (23.33%) | loss: 3.343447 | lrm: 1.00 | dt: 1423.08ms | tok/sec: 368,416 | bf16_mfu: 0.00 | epoch: 1 pq: 6 rg: 75 | total time: 13.77m | eta: 46.0m
step 00589/02520 (23.37%) | loss: 3.342332 | lrm: 1.00 | dt: 1422.91ms | tok/sec: 368,460 | bf16_mfu: 0.00 | epoch: 1 pq: 6 rg: 76 | total time: 13.79m | eta: 46.0m
step 00590/02520 (23.41%) | loss: 3.343542 | lrm: 1.00 | dt: 1422.42ms | tok/sec: 368,587 | bf16_mfu: 0.00 | epoch: 1 pq: 6 rg: 77 | total time: 13.81m | eta: 46.0m
step 00591/02520 (23.45%) | loss: 3.350914 | lrm: 1.00 | dt: 1423.53ms | tok/sec: 368,302 | bf16_mfu: 0.00 | epoch: 1 pq: 6 rg: 78 | total time: 13.84m | eta: 45.9m
step 00592/02520 (23.49%) | loss: 3.335093 | lrm: 1.00 | dt: 1423.29ms | tok/sec: 368,364 | bf16_mfu: 0.00 | epoch: 1 pq: 6 rg: 79 | total time: 13.86m | eta: 45.9m
step 00593/02520 (23.53%) | loss: 3.333805 | lrm: 1.00 | dt: 1424.48ms | tok/sec: 368,054 | bf16_mfu: 0.00 | epoch: 1 pq: 6 rg: 80 | total time: 13.89m | eta: 45.9m
step 00594/02520 (23.57%) | loss: 3.335181 | lrm: 1.00 | dt: 1422.26ms | tok/sec: 368,629 | bf16_mfu: 0.00 | epoch: 1 pq: 6 rg: 81 | total time: 13.91m | eta: 45.9m
step 00595/02520 (23.61%) | loss: 3.340947 | lrm: 1.00 | dt: 1422.57ms | tok/sec: 368,549 | bf16_mfu: 0.00 | epoch: 1 pq: 7 rg: 0 | total time: 13.93m | eta: 45.8m
step 00596/02520 (23.65%) | loss: 3.335839 | lrm: 1.00 | dt: 1422.74ms | tok/sec: 368,506 | bf16_mfu: 0.00 | epoch: 1 pq: 7 rg: 1 | total time: 13.96m | eta: 45.8m
step 00597/02520 (23.69%) | loss: 3.342725 | lrm: 1.00 | dt: 1422.45ms | tok/sec: 368,582 | bf16_mfu: 0.00 | epoch: 1 pq: 7 rg: 2 | total time: 13.98m | eta: 45.8m
step 00598/02520 (23.73%) | loss: 3.337763 | lrm: 1.00 | dt: 1423.21ms | tok/sec: 368,384 | bf16_mfu: 0.00 | epoch: 1 pq: 7 rg: 3 | total time: 14.00m | eta: 45.8m
step 00599/02520 (23.77%) | loss: 3.328159 | lrm: 1.00 | dt: 1423.47ms | tok/sec: 368,317 | bf16_mfu: 0.00 | epoch: 1 pq: 7 rg: 4 | total time: 14.03m | eta: 45.8m
step 00600/02520 (23.81%) | loss: 3.320954 | lrm: 1.00 | dt: 1425.83ms | tok/sec: 367,706 | bf16_mfu: 0.00 | epoch: 1 pq: 7 rg: 5 | total time: 14.05m | eta: 45.7m
step 00601/02520 (23.85%) | loss: 3.330607 | lrm: 1.00 | dt: 1422.78ms | tok/sec: 368,495 | bf16_mfu: 0.00 | epoch: 1 pq: 7 rg: 6 | total time: 14.08m | eta: 45.7m
step 00602/02520 (23.89%) | loss: 3.343183 | lrm: 1.00 | dt: 1422.40ms | tok/sec: 368,594 | bf16_mfu: 0.00 | epoch: 1 pq: 7 rg: 7 | total time: 14.10m | eta: 45.7m
step 00603/02520 (23.93%) | loss: 3.338751 | lrm: 1.00 | dt: 1423.26ms | tok/sec: 368,372 | bf16_mfu: 0.00 | epoch: 1 pq: 7 rg: 8 | total time: 14.12m | eta: 45.7m
step 00604/02520 (23.97%) | loss: 3.326722 | lrm: 1.00 | dt: 1423.03ms | tok/sec: 368,431 | bf16_mfu: 0.00 | epoch: 1 pq: 7 rg: 9 | total time: 14.15m | eta: 45.6m
step 00605/02520 (24.01%) | loss: 3.325483 | lrm: 1.00 | dt: 1424.42ms | tok/sec: 368,071 | bf16_mfu: 0.00 | epoch: 1 pq: 7 rg: 10 | total time: 14.17m | eta: 45.6m
step 00606/02520 (24.05%) | loss: 3.335852 | lrm: 1.00 | dt: 1423.84ms | tok/sec: 368,222 | bf16_mfu: 0.00 | epoch: 1 pq: 7 rg: 11 | total time: 14.19m | eta: 45.6m
step 00607/02520 (24.09%) | loss: 3.343327 | lrm: 1.00 | dt: 1424.44ms | tok/sec: 368,065 | bf16_mfu: 0.00 | epoch: 1 pq: 7 rg: 12 | total time: 14.22m | eta: 45.6m
step 00608/02520 (24.13%) | loss: 3.328410 | lrm: 1.00 | dt: 1423.53ms | tok/sec: 368,300 | bf16_mfu: 0.00 | epoch: 1 pq: 7 rg: 13 | total time: 14.24m | eta: 45.5m
step 00609/02520 (24.17%) | loss: 3.342692 | lrm: 1.00 | dt: 1422.90ms | tok/sec: 368,463 | bf16_mfu: 0.00 | epoch: 1 pq: 7 rg: 14 | total time: 14.26m | eta: 45.5m
step 00610/02520 (24.21%) | loss: 3.350570 | lrm: 1.00 | dt: 1424.60ms | tok/sec: 368,024 | bf16_mfu: 0.00 | epoch: 1 pq: 7 rg: 15 | total time: 14.29m | eta: 45.5m
step 00611/02520 (24.25%) | loss: 3.353441 | lrm: 1.00 | dt: 1424.25ms | tok/sec: 368,114 | bf16_mfu: 0.00 | epoch: 1 pq: 7 rg: 16 | total time: 14.31m | eta: 45.5m
step 00612/02520 (24.29%) | loss: 3.340608 | lrm: 1.00 | dt: 1424.18ms | tok/sec: 368,134 | bf16_mfu: 0.00 | epoch: 1 pq: 7 rg: 16 | total time: 14.34m | eta: 45.4m
step 00613/02520 (24.33%) | loss: 3.340875 | lrm: 1.00 | dt: 1423.25ms | tok/sec: 368,373 | bf16_mfu: 0.00 | epoch: 1 pq: 7 rg: 17 | total time: 14.36m | eta: 45.4m
step 00614/02520 (24.37%) | loss: 3.346273 | lrm: 1.00 | dt: 1422.86ms | tok/sec: 368,474 | bf16_mfu: 0.00 | epoch: 1 pq: 7 rg: 18 | total time: 14.38m | eta: 45.4m
step 00615/02520 (24.40%) | loss: 3.352682 | lrm: 1.00 | dt: 1423.88ms | tok/sec: 368,211 | bf16_mfu: 0.00 | epoch: 1 pq: 7 rg: 19 | total time: 14.41m | eta: 45.4m
step 00616/02520 (24.44%) | loss: 3.354352 | lrm: 1.00 | dt: 1423.29ms | tok/sec: 368,362 | bf16_mfu: 0.00 | epoch: 1 pq: 7 rg: 20 | total time: 14.43m | eta: 45.3m
step 00617/02520 (24.48%) | loss: 3.352379 | lrm: 1.00 | dt: 1423.41ms | tok/sec: 368,332 | bf16_mfu: 0.00 | epoch: 1 pq: 7 rg: 21 | total time: 14.45m | eta: 45.3m
step 00618/02520 (24.52%) | loss: 3.338272 | lrm: 1.00 | dt: 1422.46ms | tok/sec: 368,577 | bf16_mfu: 0.00 | epoch: 1 pq: 7 rg: 22 | total time: 14.48m | eta: 45.3m
step 00619/02520 (24.56%) | loss: 3.338526 | lrm: 1.00 | dt: 1423.00ms | tok/sec: 368,439 | bf16_mfu: 0.00 | epoch: 1 pq: 7 rg: 23 | total time: 14.50m | eta: 45.3m
step 00620/02520 (24.60%) | loss: 3.339884 | lrm: 1.00 | dt: 1422.18ms | tok/sec: 368,649 | bf16_mfu: 0.00 | epoch: 1 pq: 7 rg: 24 | total time: 14.53m | eta: 45.2m
step 00621/02520 (24.64%) | loss: 3.335193 | lrm: 1.00 | dt: 1422.97ms | tok/sec: 368,447 | bf16_mfu: 0.00 | epoch: 1 pq: 7 rg: 25 | total time: 14.55m | eta: 45.2m
step 00622/02520 (24.68%) | loss: 3.348932 | lrm: 1.00 | dt: 1423.54ms | tok/sec: 368,298 | bf16_mfu: 0.00 | epoch: 1 pq: 7 rg: 26 | total time: 14.57m | eta: 45.2m
step 00623/02520 (24.72%) | loss: 3.347294 | lrm: 1.00 | dt: 1424.16ms | tok/sec: 368,139 | bf16_mfu: 0.00 | epoch: 1 pq: 7 rg: 27 | total time: 14.60m | eta: 45.2m
step 00624/02520 (24.76%) | loss: 3.351564 | lrm: 1.00 | dt: 1423.46ms | tok/sec: 368,318 | bf16_mfu: 0.00 | epoch: 1 pq: 7 rg: 28 | total time: 14.62m | eta: 45.1m
step 00625/02520 (24.80%) | loss: 3.347186 | lrm: 1.00 | dt: 1424.01ms | tok/sec: 368,176 | bf16_mfu: 0.00 | epoch: 1 pq: 7 rg: 29 | total time: 14.64m | eta: 45.1m
step 00626/02520 (24.84%) | loss: 3.347129 | lrm: 1.00 | dt: 1424.19ms | tok/sec: 368,130 | bf16_mfu: 0.00 | epoch: 1 pq: 7 rg: 30 | total time: 14.67m | eta: 45.1m
step 00627/02520 (24.88%) | loss: 3.345590 | lrm: 1.00 | dt: 1423.16ms | tok/sec: 368,397 | bf16_mfu: 0.00 | epoch: 1 pq: 7 rg: 31 | total time: 14.69m | eta: 45.1m
step 00628/02520 (24.92%) | loss: 3.338034 | lrm: 1.00 | dt: 1424.12ms | tok/sec: 368,148 | bf16_mfu: 0.00 | epoch: 1 pq: 7 rg: 32 | total time: 14.72m | eta: 45.1m
step 00629/02520 (24.96%) | loss: 3.336326 | lrm: 1.00 | dt: 1424.20ms | tok/sec: 368,129 | bf16_mfu: 0.00 | epoch: 1 pq: 7 rg: 33 | total time: 14.74m | eta: 45.0m
step 00630/02520 (25.00%) | loss: 3.326804 | lrm: 1.00 | dt: 1423.51ms | tok/sec: 368,307 | bf16_mfu: 0.00 | epoch: 1 pq: 7 rg: 34 | total time: 14.76m | eta: 45.0m
step 00631/02520 (25.04%) | loss: 3.320856 | lrm: 1.00 | dt: 1424.48ms | tok/sec: 368,054 | bf16_mfu: 0.00 | epoch: 1 pq: 7 rg: 35 | total time: 14.79m | eta: 45.0m
step 00632/02520 (25.08%) | loss: 3.326822 | lrm: 1.00 | dt: 1423.94ms | tok/sec: 368,194 | bf16_mfu: 0.00 | epoch: 1 pq: 7 rg: 36 | total time: 14.81m | eta: 45.0m
step 00633/02520 (25.12%) | loss: 3.322135 | lrm: 1.00 | dt: 1425.68ms | tok/sec: 367,745 | bf16_mfu: 0.00 | epoch: 1 pq: 7 rg: 37 | total time: 14.83m | eta: 44.9m
step 00634/02520 (25.16%) | loss: 3.326888 | lrm: 1.00 | dt: 1424.66ms | tok/sec: 368,009 | bf16_mfu: 0.00 | epoch: 1 pq: 7 rg: 38 | total time: 14.86m | eta: 44.9m
step 00635/02520 (25.20%) | loss: 3.333843 | lrm: 1.00 | dt: 1423.08ms | tok/sec: 368,418 | bf16_mfu: 0.00 | epoch: 1 pq: 7 rg: 39 | total time: 14.88m | eta: 44.9m
step 00636/02520 (25.24%) | loss: 3.338399 | lrm: 1.00 | dt: 1425.39ms | tok/sec: 367,820 | bf16_mfu: 0.00 | epoch: 1 pq: 7 rg: 40 | total time: 14.91m | eta: 44.9m
step 00637/02520 (25.28%) | loss: 3.332834 | lrm: 1.00 | dt: 1424.28ms | tok/sec: 368,106 | bf16_mfu: 0.00 | epoch: 1 pq: 7 rg: 41 | total time: 14.93m | eta: 44.8m
step 00638/02520 (25.32%) | loss: 3.319100 | lrm: 1.00 | dt: 1425.81ms | tok/sec: 367,712 | bf16_mfu: 0.00 | epoch: 1 pq: 7 rg: 42 | total time: 14.95m | eta: 44.8m
step 00639/02520 (25.36%) | loss: 3.324852 | lrm: 1.00 | dt: 1424.22ms | tok/sec: 368,124 | bf16_mfu: 0.00 | epoch: 1 pq: 7 rg: 43 | total time: 14.98m | eta: 44.8m
step 00640/02520 (25.40%) | loss: 3.322034 | lrm: 1.00 | dt: 1425.59ms | tok/sec: 367,768 | bf16_mfu: 0.00 | epoch: 1 pq: 7 rg: 44 | total time: 15.00m | eta: 44.8m
step 00641/02520 (25.44%) | loss: 3.326631 | lrm: 1.00 | dt: 1425.24ms | tok/sec: 367,860 | bf16_mfu: 0.00 | epoch: 1 pq: 7 rg: 45 | total time: 15.02m | eta: 44.7m
step 00642/02520 (25.48%) | loss: 3.330781 | lrm: 1.00 | dt: 1425.28ms | tok/sec: 367,850 | bf16_mfu: 0.00 | epoch: 1 pq: 7 rg: 46 | total time: 15.05m | eta: 44.7m
step 00643/02520 (25.52%) | loss: 3.330257 | lrm: 1.00 | dt: 1426.25ms | tok/sec: 367,598 | bf16_mfu: 0.00 | epoch: 1 pq: 7 rg: 47 | total time: 15.07m | eta: 44.7m
step 00644/02520 (25.56%) | loss: 3.323756 | lrm: 1.00 | dt: 1424.52ms | tok/sec: 368,046 | bf16_mfu: 0.00 | epoch: 1 pq: 7 rg: 48 | total time: 15.10m | eta: 44.7m
step 00645/02520 (25.60%) | loss: 3.323622 | lrm: 1.00 | dt: 1425.41ms | tok/sec: 367,814 | bf16_mfu: 0.00 | epoch: 1 pq: 7 rg: 49 | total time: 15.12m | eta: 44.6m
step 00646/02520 (25.63%) | loss: 3.319044 | lrm: 1.00 | dt: 1423.87ms | tok/sec: 368,212 | bf16_mfu: 0.00 | epoch: 1 pq: 7 rg: 49 | total time: 15.14m | eta: 44.6m
step 00647/02520 (25.67%) | loss: 3.310477 | lrm: 1.00 | dt: 1425.68ms | tok/sec: 367,745 | bf16_mfu: 0.00 | epoch: 1 pq: 7 rg: 50 | total time: 15.17m | eta: 44.6m
step 00648/02520 (25.71%) | loss: 3.325754 | lrm: 1.00 | dt: 1425.62ms | tok/sec: 367,760 | bf16_mfu: 0.00 | epoch: 1 pq: 7 rg: 51 | total time: 15.19m | eta: 44.6m
step 00649/02520 (25.75%) | loss: 3.343368 | lrm: 1.00 | dt: 1424.54ms | tok/sec: 368,040 | bf16_mfu: 0.00 | epoch: 1 pq: 7 rg: 52 | total time: 15.21m | eta: 44.5m
step 00650/02520 (25.79%) | loss: 3.343590 | lrm: 1.00 | dt: 1425.86ms | tok/sec: 367,699 | bf16_mfu: 0.00 | epoch: 1 pq: 7 rg: 53 | total time: 15.24m | eta: 44.5m
step 00651/02520 (25.83%) | loss: 3.346335 | lrm: 1.00 | dt: 1425.31ms | tok/sec: 367,841 | bf16_mfu: 0.00 | epoch: 1 pq: 7 rg: 54 | total time: 15.26m | eta: 44.5m
step 00652/02520 (25.87%) | loss: 3.333701 | lrm: 1.00 | dt: 1425.59ms | tok/sec: 367,769 | bf16_mfu: 0.00 | epoch: 1 pq: 7 rg: 55 | total time: 15.29m | eta: 44.5m
step 00653/02520 (25.91%) | loss: 3.330966 | lrm: 1.00 | dt: 1424.70ms | tok/sec: 367,998 | bf16_mfu: 0.00 | epoch: 1 pq: 7 rg: 56 | total time: 15.31m | eta: 44.5m
step 00654/02520 (25.95%) | loss: 3.326248 | lrm: 1.00 | dt: 1423.93ms | tok/sec: 368,197 | bf16_mfu: 0.00 | epoch: 1 pq: 7 rg: 57 | total time: 15.33m | eta: 44.4m
step 00655/02520 (25.99%) | loss: 3.329346 | lrm: 1.00 | dt: 1424.94ms | tok/sec: 367,937 | bf16_mfu: 0.00 | epoch: 1 pq: 7 rg: 58 | total time: 15.36m | eta: 44.4m
step 00656/02520 (26.03%) | loss: 3.335109 | lrm: 1.00 | dt: 1424.18ms | tok/sec: 368,133 | bf16_mfu: 0.00 | epoch: 1 pq: 7 rg: 59 | total time: 15.38m | eta: 44.4m
step 00657/02520 (26.07%) | loss: 3.340573 | lrm: 1.00 | dt: 1425.20ms | tok/sec: 367,868 | bf16_mfu: 0.00 | epoch: 1 pq: 7 rg: 60 | total time: 15.40m | eta: 44.4m
step 00658/02520 (26.11%) | loss: 3.350875 | lrm: 1.00 | dt: 1423.95ms | tok/sec: 368,192 | bf16_mfu: 0.00 | epoch: 1 pq: 7 rg: 61 | total time: 15.43m | eta: 44.3m
step 00659/02520 (26.15%) | loss: 3.354608 | lrm: 1.00 | dt: 1425.05ms | tok/sec: 367,908 | bf16_mfu: 0.00 | epoch: 1 pq: 7 rg: 62 | total time: 15.45m | eta: 44.3m
step 00660/02520 (26.19%) | loss: 3.352508 | lrm: 1.00 | dt: 1425.04ms | tok/sec: 367,910 | bf16_mfu: 0.00 | epoch: 1 pq: 7 rg: 63 | total time: 15.48m | eta: 44.3m
step 00661/02520 (26.23%) | loss: 3.347048 | lrm: 1.00 | dt: 1424.10ms | tok/sec: 368,155 | bf16_mfu: 0.00 | epoch: 1 pq: 7 rg: 64 | total time: 15.50m | eta: 44.3m
step 00662/02520 (26.27%) | loss: 3.346163 | lrm: 1.00 | dt: 1425.65ms | tok/sec: 367,754 | bf16_mfu: 0.00 | epoch: 1 pq: 7 rg: 65 | total time: 15.52m | eta: 44.2m
step 00663/02520 (26.31%) | loss: 3.339490 | lrm: 1.00 | dt: 1424.54ms | tok/sec: 368,039 | bf16_mfu: 0.00 | epoch: 1 pq: 7 rg: 66 | total time: 15.55m | eta: 44.2m
step 00664/02520 (26.35%) | loss: 3.337233 | lrm: 1.00 | dt: 1425.39ms | tok/sec: 367,819 | bf16_mfu: 0.00 | epoch: 1 pq: 7 rg: 67 | total time: 15.57m | eta: 44.2m
step 00665/02520 (26.39%) | loss: 3.326914 | lrm: 1.00 | dt: 1423.68ms | tok/sec: 368,262 | bf16_mfu: 0.00 | epoch: 1 pq: 7 rg: 68 | total time: 15.59m | eta: 44.2m
step 00666/02520 (26.43%) | loss: 3.332567 | lrm: 1.00 | dt: 1425.02ms | tok/sec: 367,916 | bf16_mfu: 0.00 | epoch: 1 pq: 7 rg: 69 | total time: 15.62m | eta: 44.1m
step 00667/02520 (26.47%) | loss: 3.326273 | lrm: 1.00 | dt: 1423.94ms | tok/sec: 368,195 | bf16_mfu: 0.00 | epoch: 1 pq: 7 rg: 70 | total time: 15.64m | eta: 44.1m
step 00668/02520 (26.51%) | loss: 3.323601 | lrm: 1.00 | dt: 1424.79ms | tok/sec: 367,975 | bf16_mfu: 0.00 | epoch: 1 pq: 7 rg: 71 | total time: 15.67m | eta: 44.1m
step 00669/02520 (26.55%) | loss: 3.315954 | lrm: 1.00 | dt: 1424.79ms | tok/sec: 367,976 | bf16_mfu: 0.00 | epoch: 1 pq: 7 rg: 72 | total time: 15.69m | eta: 44.1m
step 00670/02520 (26.59%) | loss: 3.311420 | lrm: 1.00 | dt: 1424.33ms | tok/sec: 368,093 | bf16_mfu: 0.00 | epoch: 1 pq: 7 rg: 73 | total time: 15.71m | eta: 44.0m
step 00671/02520 (26.63%) | loss: 3.310924 | lrm: 1.00 | dt: 1425.05ms | tok/sec: 367,909 | bf16_mfu: 0.00 | epoch: 1 pq: 7 rg: 74 | total time: 15.74m | eta: 44.0m
step 00672/02520 (26.67%) | loss: 3.328409 | lrm: 1.00 | dt: 1425.45ms | tok/sec: 367,805 | bf16_mfu: 0.00 | epoch: 1 pq: 7 rg: 75 | total time: 15.76m | eta: 44.0m
step 00673/02520 (26.71%) | loss: 3.325787 | lrm: 1.00 | dt: 1425.87ms | tok/sec: 367,697 | bf16_mfu: 0.00 | epoch: 1 pq: 7 rg: 76 | total time: 15.78m | eta: 44.0m
step 00674/02520 (26.75%) | loss: 3.327093 | lrm: 1.00 | dt: 1423.38ms | tok/sec: 368,341 | bf16_mfu: 0.00 | epoch: 1 pq: 7 rg: 77 | total time: 15.81m | eta: 43.9m
step 00675/02520 (26.79%) | loss: 3.331425 | lrm: 1.00 | dt: 1424.62ms | tok/sec: 368,020 | bf16_mfu: 0.00 | epoch: 1 pq: 7 rg: 78 | total time: 15.83m | eta: 43.9m
step 00676/02520 (26.83%) | loss: 3.338077 | lrm: 1.00 | dt: 1425.30ms | tok/sec: 367,844 | bf16_mfu: 0.00 | epoch: 1 pq: 7 rg: 79 | total time: 15.86m | eta: 43.9m
step 00677/02520 (26.87%) | loss: 3.339407 | lrm: 1.00 | dt: 1424.70ms | tok/sec: 367,998 | bf16_mfu: 0.00 | epoch: 1 pq: 7 rg: 80 | total time: 15.88m | eta: 43.9m
step 00678/02520 (26.90%) | loss: 3.331186 | lrm: 1.00 | dt: 1425.36ms | tok/sec: 367,827 | bf16_mfu: 0.00 | epoch: 1 pq: 7 rg: 81 | total time: 15.90m | eta: 43.9m
step 00679/02520 (26.94%) | loss: 3.332660 | lrm: 1.00 | dt: 1423.69ms | tok/sec: 368,261 | bf16_mfu: 0.00 | epoch: 1 pq: 7 rg: 81 | total time: 15.93m | eta: 43.8m
step 00680/02520 (26.98%) | loss: 3.336985 | lrm: 1.00 | dt: 1424.41ms | tok/sec: 368,073 | bf16_mfu: 0.00 | epoch: 1 pq: 8 rg: 1 | total time: 15.95m | eta: 43.8m
step 00681/02520 (27.02%) | loss: 3.325191 | lrm: 1.00 | dt: 1423.99ms | tok/sec: 368,183 | bf16_mfu: 0.00 | epoch: 1 pq: 8 rg: 1 | total time: 15.97m | eta: 43.8m
step 00682/02520 (27.06%) | loss: 3.323306 | lrm: 1.00 | dt: 1424.53ms | tok/sec: 368,043 | bf16_mfu: 0.00 | epoch: 1 pq: 8 rg: 2 | total time: 16.00m | eta: 43.8m
step 00683/02520 (27.10%) | loss: 3.332960 | lrm: 1.00 | dt: 1424.28ms | tok/sec: 368,107 | bf16_mfu: 0.00 | epoch: 1 pq: 8 rg: 3 | total time: 16.02m | eta: 43.7m
step 00684/02520 (27.14%) | loss: 3.331022 | lrm: 1.00 | dt: 1424.38ms | tok/sec: 368,080 | bf16_mfu: 0.00 | epoch: 1 pq: 8 rg: 4 | total time: 16.05m | eta: 43.7m
step 00685/02520 (27.18%) | loss: 3.329251 | lrm: 1.00 | dt: 1424.99ms | tok/sec: 367,923 | bf16_mfu: 0.00 | epoch: 1 pq: 8 rg: 5 | total time: 16.07m | eta: 43.7m
step 00686/02520 (27.22%) | loss: 3.316751 | lrm: 1.00 | dt: 1423.89ms | tok/sec: 368,209 | bf16_mfu: 0.00 | epoch: 1 pq: 8 rg: 6 | total time: 16.09m | eta: 43.7m
step 00687/02520 (27.26%) | loss: 3.317575 | lrm: 1.00 | dt: 1423.40ms | tok/sec: 368,336 | bf16_mfu: 0.00 | epoch: 1 pq: 8 rg: 7 | total time: 16.12m | eta: 43.6m
step 00688/02520 (27.30%) | loss: 3.324903 | lrm: 1.00 | dt: 1424.45ms | tok/sec: 368,062 | bf16_mfu: 0.00 | epoch: 1 pq: 8 rg: 8 | total time: 16.14m | eta: 43.6m
step 00689/02520 (27.34%) | loss: 3.305548 | lrm: 1.00 | dt: 1424.28ms | tok/sec: 368,106 | bf16_mfu: 0.00 | epoch: 1 pq: 8 rg: 9 | total time: 16.16m | eta: 43.6m
step 00690/02520 (27.38%) | loss: 3.304464 | lrm: 1.00 | dt: 1425.66ms | tok/sec: 367,750 | bf16_mfu: 0.00 | epoch: 1 pq: 8 rg: 10 | total time: 16.19m | eta: 43.6m
step 00691/02520 (27.42%) | loss: 3.313616 | lrm: 1.00 | dt: 1424.25ms | tok/sec: 368,115 | bf16_mfu: 0.00 | epoch: 1 pq: 8 rg: 11 | total time: 16.21m | eta: 43.5m
step 00692/02520 (27.46%) | loss: 3.315967 | lrm: 1.00 | dt: 1425.53ms | tok/sec: 367,785 | bf16_mfu: 0.00 | epoch: 1 pq: 8 rg: 12 | total time: 16.24m | eta: 43.5m
step 00693/02520 (27.50%) | loss: 3.308641 | lrm: 1.00 | dt: 1423.05ms | tok/sec: 368,425 | bf16_mfu: 0.00 | epoch: 1 pq: 8 rg: 13 | total time: 16.26m | eta: 43.5m
step 00694/02520 (27.54%) | loss: 3.306026 | lrm: 1.00 | dt: 1423.46ms | tok/sec: 368,320 | bf16_mfu: 0.00 | epoch: 1 pq: 8 rg: 14 | total time: 16.28m | eta: 43.5m
step 00695/02520 (27.58%) | loss: 3.313081 | lrm: 1.00 | dt: 1425.05ms | tok/sec: 367,908 | bf16_mfu: 0.00 | epoch: 1 pq: 8 rg: 15 | total time: 16.31m | eta: 43.4m
step 00696/02520 (27.62%) | loss: 3.318652 | lrm: 1.00 | dt: 1423.12ms | tok/sec: 368,408 | bf16_mfu: 0.00 | epoch: 1 pq: 8 rg: 16 | total time: 16.33m | eta: 43.4m
step 00697/02520 (27.66%) | loss: 3.312156 | lrm: 1.00 | dt: 1424.19ms | tok/sec: 368,130 | bf16_mfu: 0.00 | epoch: 1 pq: 8 rg: 17 | total time: 16.35m | eta: 43.4m
step 00698/02520 (27.70%) | loss: 3.303939 | lrm: 1.00 | dt: 1421.75ms | tok/sec: 368,761 | bf16_mfu: 0.00 | epoch: 1 pq: 8 rg: 18 | total time: 16.38m | eta: 43.4m
step 00699/02520 (27.74%) | loss: 3.321576 | lrm: 1.00 | dt: 1424.01ms | tok/sec: 368,177 | bf16_mfu: 0.00 | epoch: 1 pq: 8 rg: 19 | total time: 16.40m | eta: 43.3m
step 00700/02520 (27.78%) | loss: 3.320219 | lrm: 1.00 | dt: 1422.45ms | tok/sec: 368,580 | bf16_mfu: 0.00 | epoch: 1 pq: 8 rg: 20 | total time: 16.43m | eta: 43.3m
step 00701/02520 (27.82%) | loss: 3.322080 | lrm: 1.00 | dt: 1423.19ms | tok/sec: 368,390 | bf16_mfu: 0.00 | epoch: 1 pq: 8 rg: 21 | total time: 16.45m | eta: 43.3m
step 00702/02520 (27.86%) | loss: 3.316023 | lrm: 1.00 | dt: 1423.06ms | tok/sec: 368,422 | bf16_mfu: 0.00 | epoch: 1 pq: 8 rg: 22 | total time: 16.47m | eta: 43.3m
step 00703/02520 (27.90%) | loss: 3.319665 | lrm: 1.00 | dt: 1422.44ms | tok/sec: 368,584 | bf16_mfu: 0.00 | epoch: 1 pq: 8 rg: 23 | total time: 16.50m | eta: 43.3m
step 00704/02520 (27.94%) | loss: 3.320675 | lrm: 1.00 | dt: 1423.70ms | tok/sec: 368,257 | bf16_mfu: 0.00 | epoch: 1 pq: 8 rg: 24 | total time: 16.52m | eta: 43.2m
step 00705/02520 (27.98%) | loss: 3.319701 | lrm: 1.00 | dt: 1423.13ms | tok/sec: 368,405 | bf16_mfu: 0.00 | epoch: 1 pq: 8 rg: 25 | total time: 16.54m | eta: 43.2m
step 00706/02520 (28.02%) | loss: 3.313863 | lrm: 1.00 | dt: 1424.48ms | tok/sec: 368,056 | bf16_mfu: 0.00 | epoch: 1 pq: 8 rg: 25 | total time: 16.57m | eta: 43.2m
step 00707/02520 (28.06%) | loss: 3.308057 | lrm: 1.00 | dt: 1422.86ms | tok/sec: 368,474 | bf16_mfu: 0.00 | epoch: 1 pq: 8 rg: 26 | total time: 16.59m | eta: 43.2m
step 00708/02520 (28.10%) | loss: 3.317157 | lrm: 1.00 | dt: 1423.31ms | tok/sec: 368,357 | bf16_mfu: 0.00 | epoch: 1 pq: 8 rg: 27 | total time: 16.61m | eta: 43.1m
step 00709/02520 (28.13%) | loss: 3.315482 | lrm: 1.00 | dt: 1423.90ms | tok/sec: 368,205 | bf16_mfu: 0.00 | epoch: 1 pq: 8 rg: 28 | total time: 16.64m | eta: 43.1m
step 00710/02520 (28.17%) | loss: 3.320971 | lrm: 1.00 | dt: 1424.01ms | tok/sec: 368,176 | bf16_mfu: 0.00 | epoch: 1 pq: 8 rg: 29 | total time: 16.66m | eta: 43.1m
step 00711/02520 (28.21%) | loss: 3.321505 | lrm: 1.00 | dt: 1424.32ms | tok/sec: 368,096 | bf16_mfu: 0.00 | epoch: 1 pq: 8 rg: 30 | total time: 16.69m | eta: 43.1m
step 00712/02520 (28.25%) | loss: 3.315073 | lrm: 1.00 | dt: 1423.61ms | tok/sec: 368,280 | bf16_mfu: 0.00 | epoch: 1 pq: 8 rg: 31 | total time: 16.71m | eta: 43.0m
step 00713/02520 (28.29%) | loss: 3.311245 | lrm: 1.00 | dt: 1423.71ms | tok/sec: 368,253 | bf16_mfu: 0.00 | epoch: 1 pq: 8 rg: 32 | total time: 16.73m | eta: 43.0m
step 00714/02520 (28.33%) | loss: 3.316471 | lrm: 1.00 | dt: 1424.87ms | tok/sec: 367,955 | bf16_mfu: 0.00 | epoch: 1 pq: 8 rg: 33 | total time: 16.76m | eta: 43.0m
step 00715/02520 (28.37%) | loss: 3.312024 | lrm: 1.00 | dt: 1423.64ms | tok/sec: 368,273 | bf16_mfu: 0.00 | epoch: 1 pq: 8 rg: 34 | total time: 16.78m | eta: 43.0m
step 00716/02520 (28.41%) | loss: 3.311343 | lrm: 1.00 | dt: 1424.84ms | tok/sec: 367,962 | bf16_mfu: 0.00 | epoch: 1 pq: 8 rg: 35 | total time: 16.80m | eta: 42.9m
step 00717/02520 (28.45%) | loss: 3.319505 | lrm: 1.00 | dt: 1424.15ms | tok/sec: 368,140 | bf16_mfu: 0.00 | epoch: 1 pq: 8 rg: 36 | total time: 16.83m | eta: 42.9m
step 00718/02520 (28.49%) | loss: 3.324750 | lrm: 1.00 | dt: 1423.79ms | tok/sec: 368,233 | bf16_mfu: 0.00 | epoch: 1 pq: 8 rg: 37 | total time: 16.85m | eta: 42.9m
step 00719/02520 (28.53%) | loss: 3.327693 | lrm: 1.00 | dt: 1423.49ms | tok/sec: 368,311 | bf16_mfu: 0.00 | epoch: 1 pq: 8 rg: 38 | total time: 16.88m | eta: 42.9m
step 00720/02520 (28.57%) | loss: 3.321592 | lrm: 1.00 | dt: 1423.51ms | tok/sec: 368,305 | bf16_mfu: 0.00 | epoch: 1 pq: 8 rg: 39 | total time: 16.90m | eta: 42.8m
step 00721/02520 (28.61%) | loss: 3.311813 | lrm: 1.00 | dt: 1424.23ms | tok/sec: 368,119 | bf16_mfu: 0.00 | epoch: 1 pq: 8 rg: 40 | total time: 16.92m | eta: 42.8m
step 00722/02520 (28.65%) | loss: 3.306040 | lrm: 1.00 | dt: 1424.16ms | tok/sec: 368,138 | bf16_mfu: 0.00 | epoch: 1 pq: 8 rg: 41 | total time: 16.95m | eta: 42.8m
step 00723/02520 (28.69%) | loss: 3.294611 | lrm: 1.00 | dt: 1425.74ms | tok/sec: 367,731 | bf16_mfu: 0.00 | epoch: 1 pq: 8 rg: 42 | total time: 16.97m | eta: 42.8m
step 00724/02520 (28.73%) | loss: 3.288521 | lrm: 1.00 | dt: 1424.11ms | tok/sec: 368,152 | bf16_mfu: 0.00 | epoch: 1 pq: 8 rg: 43 | total time: 16.99m | eta: 42.7m
step 00725/02520 (28.77%) | loss: 3.289517 | lrm: 1.00 | dt: 1425.75ms | tok/sec: 367,727 | bf16_mfu: 0.00 | epoch: 1 pq: 8 rg: 44 | total time: 17.02m | eta: 42.7m
step 00726/02520 (28.81%) | loss: 3.293050 | lrm: 1.00 | dt: 1424.09ms | tok/sec: 368,157 | bf16_mfu: 0.00 | epoch: 1 pq: 8 rg: 45 | total time: 17.04m | eta: 42.7m
step 00727/02520 (28.85%) | loss: 3.289249 | lrm: 1.00 | dt: 1424.54ms | tok/sec: 368,040 | bf16_mfu: 0.00 | epoch: 1 pq: 8 rg: 46 | total time: 17.07m | eta: 42.7m
step 00728/02520 (28.89%) | loss: 3.301690 | lrm: 1.00 | dt: 1424.10ms | tok/sec: 368,155 | bf16_mfu: 0.00 | epoch: 1 pq: 8 rg: 47 | total time: 17.09m | eta: 42.7m
step 00729/02520 (28.93%) | loss: 3.301452 | lrm: 1.00 | dt: 1423.84ms | tok/sec: 368,221 | bf16_mfu: 0.00 | epoch: 1 pq: 8 rg: 48 | total time: 17.11m | eta: 42.6m
step 00730/02520 (28.97%) | loss: 3.311912 | lrm: 1.00 | dt: 1425.50ms | tok/sec: 367,791 | bf16_mfu: 0.00 | epoch: 1 pq: 8 rg: 49 | total time: 17.14m | eta: 42.6m
step 00731/02520 (29.01%) | loss: 3.322684 | lrm: 1.00 | dt: 1424.77ms | tok/sec: 367,979 | bf16_mfu: 0.00 | epoch: 1 pq: 8 rg: 50 | total time: 17.16m | eta: 42.6m
step 00732/02520 (29.05%) | loss: 3.314764 | lrm: 1.00 | dt: 1425.06ms | tok/sec: 367,906 | bf16_mfu: 0.00 | epoch: 1 pq: 8 rg: 51 | total time: 17.18m | eta: 42.6m
step 00733/02520 (29.09%) | loss: 3.314989 | lrm: 1.00 | dt: 1423.54ms | tok/sec: 368,299 | bf16_mfu: 0.00 | epoch: 1 pq: 8 rg: 52 | total time: 17.21m | eta: 42.5m
step 00734/02520 (29.13%) | loss: 3.311339 | lrm: 1.00 | dt: 1423.44ms | tok/sec: 368,324 | bf16_mfu: 0.00 | epoch: 1 pq: 8 rg: 53 | total time: 17.23m | eta: 42.5m
step 00735/02520 (29.17%) | loss: 3.307016 | lrm: 1.00 | dt: 1423.64ms | tok/sec: 368,271 | bf16_mfu: 0.00 | epoch: 1 pq: 8 rg: 54 | total time: 17.26m | eta: 42.5m
step 00736/02520 (29.21%) | loss: 3.291212 | lrm: 1.00 | dt: 1423.54ms | tok/sec: 368,298 | bf16_mfu: 0.00 | epoch: 1 pq: 8 rg: 55 | total time: 17.28m | eta: 42.5m
step 00737/02520 (29.25%) | loss: 3.301971 | lrm: 1.00 | dt: 1424.01ms | tok/sec: 368,177 | bf16_mfu: 0.00 | epoch: 1 pq: 8 rg: 56 | total time: 17.30m | eta: 42.4m
step 00738/02520 (29.29%) | loss: 3.288344 | lrm: 1.00 | dt: 1423.75ms | tok/sec: 368,243 | bf16_mfu: 0.00 | epoch: 1 pq: 8 rg: 57 | total time: 17.33m | eta: 42.4m
step 00739/02520 (29.33%) | loss: 3.295698 | lrm: 1.00 | dt: 1424.81ms | tok/sec: 367,969 | bf16_mfu: 0.00 | epoch: 1 pq: 8 rg: 57 | total time: 17.35m | eta: 42.4m
step 00740/02520 (29.37%) | loss: 3.295789 | lrm: 1.00 | dt: 1423.27ms | tok/sec: 368,368 | bf16_mfu: 0.00 | epoch: 1 pq: 8 rg: 58 | total time: 17.37m | eta: 42.4m
step 00741/02520 (29.40%) | loss: 3.298930 | lrm: 1.00 | dt: 1423.69ms | tok/sec: 368,259 | bf16_mfu: 0.00 | epoch: 1 pq: 8 rg: 59 | total time: 17.40m | eta: 42.3m
step 00742/02520 (29.44%) | loss: 3.307258 | lrm: 1.00 | dt: 1424.68ms | tok/sec: 368,004 | bf16_mfu: 0.00 | epoch: 1 pq: 8 rg: 60 | total time: 17.42m | eta: 42.3m
step 00743/02520 (29.48%) | loss: 3.301977 | lrm: 1.00 | dt: 1423.32ms | tok/sec: 368,355 | bf16_mfu: 0.00 | epoch: 1 pq: 8 rg: 61 | total time: 17.45m | eta: 42.3m
step 00744/02520 (29.52%) | loss: 3.296279 | lrm: 1.00 | dt: 1424.65ms | tok/sec: 368,011 | bf16_mfu: 0.00 | epoch: 1 pq: 8 rg: 62 | total time: 17.47m | eta: 42.3m
step 00745/02520 (29.56%) | loss: 3.311439 | lrm: 1.00 | dt: 1424.21ms | tok/sec: 368,126 | bf16_mfu: 0.00 | epoch: 1 pq: 8 rg: 63 | total time: 17.49m | eta: 42.2m
step 00746/02520 (29.60%) | loss: 3.310893 | lrm: 1.00 | dt: 1423.78ms | tok/sec: 368,236 | bf16_mfu: 0.00 | epoch: 1 pq: 8 rg: 64 | total time: 17.52m | eta: 42.2m
step 00747/02520 (29.64%) | loss: 3.304927 | lrm: 1.00 | dt: 1425.09ms | tok/sec: 367,899 | bf16_mfu: 0.00 | epoch: 1 pq: 8 rg: 65 | total time: 17.54m | eta: 42.2m
step 00748/02520 (29.68%) | loss: 3.300570 | lrm: 1.00 | dt: 1424.44ms | tok/sec: 368,065 | bf16_mfu: 0.00 | epoch: 1 pq: 8 rg: 66 | total time: 17.56m | eta: 42.2m
step 00749/02520 (29.72%) | loss: 3.286192 | lrm: 1.00 | dt: 1426.41ms | tok/sec: 367,556 | bf16_mfu: 0.00 | epoch: 1 pq: 8 rg: 67 | total time: 17.59m | eta: 42.1m
Step 00750 | Validation bpb: 1.004279
step 00750/02520 (29.76%) | loss: 3.281530 | lrm: 1.00 | dt: 1406.02ms | tok/sec: 372,887 | bf16_mfu: 0.00 | epoch: 1 pq: 8 rg: 68 | total time: 17.61m | eta: 42.1m
step 00751/02520 (29.80%) | loss: 3.280267 | lrm: 1.00 | dt: 1413.35ms | tok/sec: 370,953 | bf16_mfu: 0.00 | epoch: 1 pq: 8 rg: 69 | total time: 17.64m | eta: 42.1m
step 00752/02520 (29.84%) | loss: 3.288207 | lrm: 1.00 | dt: 1414.50ms | tok/sec: 370,653 | bf16_mfu: 0.00 | epoch: 1 pq: 8 rg: 70 | total time: 17.66m | eta: 42.1m
step 00753/02520 (29.88%) | loss: 3.285738 | lrm: 1.00 | dt: 1415.26ms | tok/sec: 370,452 | bf16_mfu: 0.00 | epoch: 1 pq: 8 rg: 71 | total time: 17.68m | eta: 42.1m
step 00754/02520 (29.92%) | loss: 3.269783 | lrm: 1.00 | dt: 1415.90ms | tok/sec: 370,285 | bf16_mfu: 0.00 | epoch: 1 pq: 8 rg: 72 | total time: 17.71m | eta: 42.0m
step 00755/02520 (29.96%) | loss: 3.268437 | lrm: 1.00 | dt: 1415.23ms | tok/sec: 370,461 | bf16_mfu: 0.00 | epoch: 1 pq: 8 rg: 73 | total time: 17.73m | eta: 42.0m
step 00756/02520 (30.00%) | loss: 3.279338 | lrm: 1.00 | dt: 1416.28ms | tok/sec: 370,186 | bf16_mfu: 0.00 | epoch: 1 pq: 8 rg: 74 | total time: 17.75m | eta: 42.0m
step 00757/02520 (30.04%) | loss: 3.289330 | lrm: 1.00 | dt: 1414.75ms | tok/sec: 370,587 | bf16_mfu: 0.00 | epoch: 1 pq: 8 rg: 75 | total time: 17.78m | eta: 42.0m
step 00758/02520 (30.08%) | loss: 3.289070 | lrm: 1.00 | dt: 1415.20ms | tok/sec: 370,470 | bf16_mfu: 0.00 | epoch: 1 pq: 8 rg: 76 | total time: 17.80m | eta: 41.9m
step 00759/02520 (30.12%) | loss: 3.291703 | lrm: 1.00 | dt: 1416.70ms | tok/sec: 370,077 | bf16_mfu: 0.00 | epoch: 1 pq: 8 rg: 77 | total time: 17.82m | eta: 41.9m
step 00760/02520 (30.16%) | loss: 3.290616 | lrm: 1.00 | dt: 1416.70ms | tok/sec: 370,076 | bf16_mfu: 0.00 | epoch: 1 pq: 8 rg: 78 | total time: 17.85m | eta: 41.9m
step 00761/02520 (30.20%) | loss: 3.285132 | lrm: 1.00 | dt: 1417.96ms | tok/sec: 369,748 | bf16_mfu: 0.00 | epoch: 1 pq: 8 rg: 79 | total time: 17.87m | eta: 41.9m
step 00762/02520 (30.24%) | loss: 3.288317 | lrm: 1.00 | dt: 1418.11ms | tok/sec: 369,709 | bf16_mfu: 0.00 | epoch: 1 pq: 8 rg: 80 | total time: 17.89m | eta: 41.8m
step 00763/02520 (30.28%) | loss: 3.277649 | lrm: 1.00 | dt: 1418.19ms | tok/sec: 369,687 | bf16_mfu: 0.00 | epoch: 1 pq: 8 rg: 81 | total time: 17.92m | eta: 41.8m
step 00764/02520 (30.32%) | loss: 3.278954 | lrm: 1.00 | dt: 1418.70ms | tok/sec: 369,556 | bf16_mfu: 0.00 | epoch: 1 pq: 9 rg: 0 | total time: 17.94m | eta: 41.8m
step 00765/02520 (30.36%) | loss: 3.274040 | lrm: 1.00 | dt: 1417.46ms | tok/sec: 369,877 | bf16_mfu: 0.00 | epoch: 1 pq: 9 rg: 1 | total time: 17.97m | eta: 41.8m
step 00766/02520 (30.40%) | loss: 3.277251 | lrm: 1.00 | dt: 1418.64ms | tok/sec: 369,570 | bf16_mfu: 0.00 | epoch: 1 pq: 9 rg: 2 | total time: 17.99m | eta: 41.7m
step 00767/02520 (30.44%) | loss: 3.264948 | lrm: 1.00 | dt: 1418.74ms | tok/sec: 369,545 | bf16_mfu: 0.00 | epoch: 1 pq: 9 rg: 3 | total time: 18.01m | eta: 41.7m
step 00768/02520 (30.48%) | loss: 3.254175 | lrm: 1.00 | dt: 1419.81ms | tok/sec: 369,265 | bf16_mfu: 0.00 | epoch: 1 pq: 9 rg: 4 | total time: 18.04m | eta: 41.7m
step 00769/02520 (30.52%) | loss: 3.242382 | lrm: 1.00 | dt: 1417.83ms | tok/sec: 369,782 | bf16_mfu: 0.00 | epoch: 1 pq: 9 rg: 5 | total time: 18.06m | eta: 41.7m
step 00770/02520 (30.56%) | loss: 3.250578 | lrm: 1.00 | dt: 1419.14ms | tok/sec: 369,440 | bf16_mfu: 0.00 | epoch: 1 pq: 9 rg: 6 | total time: 18.08m | eta: 41.6m
step 00771/02520 (30.60%) | loss: 3.255233 | lrm: 1.00 | dt: 1418.35ms | tok/sec: 369,646 | bf16_mfu: 0.00 | epoch: 1 pq: 9 rg: 6 | total time: 18.11m | eta: 41.6m
step 00772/02520 (30.63%) | loss: 3.255913 | lrm: 1.00 | dt: 1418.71ms | tok/sec: 369,552 | bf16_mfu: 0.00 | epoch: 1 pq: 9 rg: 7 | total time: 18.13m | eta: 41.6m
step 00773/02520 (30.67%) | loss: 3.264320 | lrm: 1.00 | dt: 1418.24ms | tok/sec: 369,676 | bf16_mfu: 0.00 | epoch: 1 pq: 9 rg: 8 | total time: 18.15m | eta: 41.6m
step 00774/02520 (30.71%) | loss: 3.260878 | lrm: 1.00 | dt: 1417.87ms | tok/sec: 369,772 | bf16_mfu: 0.00 | epoch: 1 pq: 9 rg: 9 | total time: 18.18m | eta: 41.5m
step 00775/02520 (30.75%) | loss: 3.269582 | lrm: 1.00 | dt: 1418.33ms | tok/sec: 369,652 | bf16_mfu: 0.00 | epoch: 1 pq: 9 rg: 10 | total time: 18.20m | eta: 41.5m
step 00776/02520 (30.79%) | loss: 3.276748 | lrm: 1.00 | dt: 1418.60ms | tok/sec: 369,582 | bf16_mfu: 0.00 | epoch: 1 pq: 9 rg: 11 | total time: 18.23m | eta: 41.5m
step 00777/02520 (30.83%) | loss: 3.289446 | lrm: 1.00 | dt: 1419.05ms | tok/sec: 369,462 | bf16_mfu: 0.00 | epoch: 1 pq: 9 rg: 12 | total time: 18.25m | eta: 41.5m
step 00778/02520 (30.87%) | loss: 3.298040 | lrm: 1.00 | dt: 1419.52ms | tok/sec: 369,340 | bf16_mfu: 0.00 | epoch: 1 pq: 9 rg: 13 | total time: 18.27m | eta: 41.4m
step 00779/02520 (30.91%) | loss: 3.299675 | lrm: 1.00 | dt: 1418.90ms | tok/sec: 369,502 | bf16_mfu: 0.00 | epoch: 1 pq: 9 rg: 14 | total time: 18.30m | eta: 41.4m
step 00780/02520 (30.95%) | loss: 3.303477 | lrm: 1.00 | dt: 1422.29ms | tok/sec: 368,623 | bf16_mfu: 0.00 | epoch: 1 pq: 9 rg: 15 | total time: 18.32m | eta: 41.4m
step 00781/02520 (30.99%) | loss: 3.301562 | lrm: 1.00 | dt: 1418.82ms | tok/sec: 369,523 | bf16_mfu: 0.00 | epoch: 1 pq: 9 rg: 16 | total time: 18.34m | eta: 41.4m
step 00782/02520 (31.03%) | loss: 3.289523 | lrm: 1.00 | dt: 1419.80ms | tok/sec: 369,268 | bf16_mfu: 0.00 | epoch: 1 pq: 9 rg: 17 | total time: 18.37m | eta: 41.4m
step 00783/02520 (31.07%) | loss: 3.278816 | lrm: 1.00 | dt: 1420.66ms | tok/sec: 369,045 | bf16_mfu: 0.00 | epoch: 1 pq: 9 rg: 18 | total time: 18.39m | eta: 41.3m
step 00784/02520 (31.11%) | loss: 3.274427 | lrm: 1.00 | dt: 1420.99ms | tok/sec: 368,958 | bf16_mfu: 0.00 | epoch: 1 pq: 9 rg: 19 | total time: 18.42m | eta: 41.3m
step 00785/02520 (31.15%) | loss: 3.275687 | lrm: 1.00 | dt: 1422.46ms | tok/sec: 368,577 | bf16_mfu: 0.00 | epoch: 1 pq: 9 rg: 20 | total time: 18.44m | eta: 41.3m
step 00786/02520 (31.19%) | loss: 3.277243 | lrm: 1.00 | dt: 1420.14ms | tok/sec: 369,180 | bf16_mfu: 0.00 | epoch: 1 pq: 9 rg: 21 | total time: 18.46m | eta: 41.3m
step 00787/02520 (31.23%) | loss: 3.276646 | lrm: 1.00 | dt: 1420.69ms | tok/sec: 369,038 | bf16_mfu: 0.00 | epoch: 1 pq: 9 rg: 22 | total time: 18.49m | eta: 41.2m
step 00788/02520 (31.27%) | loss: 3.283093 | lrm: 1.00 | dt: 1420.19ms | tok/sec: 369,167 | bf16_mfu: 0.00 | epoch: 1 pq: 9 rg: 23 | total time: 18.51m | eta: 41.2m
step 00789/02520 (31.31%) | loss: 3.291588 | lrm: 1.00 | dt: 1420.38ms | tok/sec: 369,119 | bf16_mfu: 0.00 | epoch: 1 pq: 9 rg: 24 | total time: 18.53m | eta: 41.2m
step 00790/02520 (31.35%) | loss: 3.287096 | lrm: 1.00 | dt: 1422.32ms | tok/sec: 368,614 | bf16_mfu: 0.00 | epoch: 1 pq: 9 rg: 25 | total time: 18.56m | eta: 41.2m
step 00791/02520 (31.39%) | loss: 3.299673 | lrm: 1.00 | dt: 1420.68ms | tok/sec: 369,039 | bf16_mfu: 0.00 | epoch: 1 pq: 9 rg: 26 | total time: 18.58m | eta: 41.1m
step 00792/02520 (31.43%) | loss: 3.303927 | lrm: 1.00 | dt: 1422.87ms | tok/sec: 368,472 | bf16_mfu: 0.00 | epoch: 1 pq: 9 rg: 27 | total time: 18.60m | eta: 41.1m
step 00793/02520 (31.47%) | loss: 3.301183 | lrm: 1.00 | dt: 1421.15ms | tok/sec: 368,918 | bf16_mfu: 0.00 | epoch: 1 pq: 9 rg: 28 | total time: 18.63m | eta: 41.1m
step 00794/02520 (31.51%) | loss: 3.288616 | lrm: 1.00 | dt: 1421.56ms | tok/sec: 368,812 | bf16_mfu: 0.00 | epoch: 1 pq: 9 rg: 29 | total time: 18.65m | eta: 41.1m
step 00795/02520 (31.55%) | loss: 3.281738 | lrm: 1.00 | dt: 1422.20ms | tok/sec: 368,645 | bf16_mfu: 0.00 | epoch: 1 pq: 9 rg: 30 | total time: 18.68m | eta: 41.0m
step 00796/02520 (31.59%) | loss: 3.280045 | lrm: 1.00 | dt: 1422.07ms | tok/sec: 368,678 | bf16_mfu: 0.00 | epoch: 1 pq: 9 rg: 31 | total time: 18.70m | eta: 41.0m
step 00797/02520 (31.63%) | loss: 3.290224 | lrm: 1.00 | dt: 1422.99ms | tok/sec: 368,440 | bf16_mfu: 0.00 | epoch: 1 pq: 9 rg: 32 | total time: 18.72m | eta: 41.0m
step 00798/02520 (31.67%) | loss: 3.281000 | lrm: 1.00 | dt: 1421.90ms | tok/sec: 368,723 | bf16_mfu: 0.00 | epoch: 1 pq: 9 rg: 33 | total time: 18.75m | eta: 41.0m
step 00799/02520 (31.71%) | loss: 3.280808 | lrm: 1.00 | dt: 1422.94ms | tok/sec: 368,454 | bf16_mfu: 0.00 | epoch: 1 pq: 9 rg: 33 | total time: 18.77m | eta: 40.9m
step 00800/02520 (31.75%) | loss: 3.283613 | lrm: 1.00 | dt: 1421.91ms | tok/sec: 368,720 | bf16_mfu: 0.00 | epoch: 1 pq: 9 rg: 34 | total time: 18.79m | eta: 40.9m
step 00801/02520 (31.79%) | loss: 3.277401 | lrm: 1.00 | dt: 1422.20ms | tok/sec: 368,644 | bf16_mfu: 0.00 | epoch: 1 pq: 9 rg: 35 | total time: 18.82m | eta: 40.9m
step 00802/02520 (31.83%) | loss: 3.273467 | lrm: 1.00 | dt: 1423.30ms | tok/sec: 368,359 | bf16_mfu: 0.00 | epoch: 1 pq: 9 rg: 36 | total time: 18.84m | eta: 40.9m
step 00803/02520 (31.87%) | loss: 3.272716 | lrm: 1.00 | dt: 1423.45ms | tok/sec: 368,321 | bf16_mfu: 0.00 | epoch: 1 pq: 9 rg: 37 | total time: 18.87m | eta: 40.8m
step 00804/02520 (31.90%) | loss: 3.266236 | lrm: 1.00 | dt: 1424.50ms | tok/sec: 368,049 | bf16_mfu: 0.00 | epoch: 1 pq: 9 rg: 38 | total time: 18.89m | eta: 40.8m
step 00805/02520 (31.94%) | loss: 3.265821 | lrm: 1.00 | dt: 1423.06ms | tok/sec: 368,422 | bf16_mfu: 0.00 | epoch: 1 pq: 9 rg: 39 | total time: 18.91m | eta: 40.8m
step 00806/02520 (31.98%) | loss: 3.266572 | lrm: 1.00 | dt: 1425.25ms | tok/sec: 367,856 | bf16_mfu: 0.00 | epoch: 1 pq: 9 rg: 40 | total time: 18.94m | eta: 40.8m
step 00807/02520 (32.02%) | loss: 3.268395 | lrm: 1.00 | dt: 1423.25ms | tok/sec: 368,373 | bf16_mfu: 0.00 | epoch: 1 pq: 9 rg: 41 | total time: 18.96m | eta: 40.8m
step 00808/02520 (32.06%) | loss: 3.272359 | lrm: 1.00 | dt: 1424.65ms | tok/sec: 368,012 | bf16_mfu: 0.00 | epoch: 1 pq: 9 rg: 42 | total time: 18.98m | eta: 40.7m
step 00809/02520 (32.10%) | loss: 3.263880 | lrm: 1.00 | dt: 1424.99ms | tok/sec: 367,924 | bf16_mfu: 0.00 | epoch: 1 pq: 9 rg: 43 | total time: 19.01m | eta: 40.7m
step 00810/02520 (32.14%) | loss: 3.263025 | lrm: 1.00 | dt: 1424.64ms | tok/sec: 368,015 | bf16_mfu: 0.00 | epoch: 1 pq: 9 rg: 44 | total time: 19.03m | eta: 40.7m
step 00811/02520 (32.18%) | loss: 3.265071 | lrm: 1.00 | dt: 1425.39ms | tok/sec: 367,821 | bf16_mfu: 0.00 | epoch: 1 pq: 9 rg: 45 | total time: 19.06m | eta: 40.7m
step 00812/02520 (32.22%) | loss: 3.270081 | lrm: 1.00 | dt: 1425.71ms | tok/sec: 367,737 | bf16_mfu: 0.00 | epoch: 1 pq: 9 rg: 46 | total time: 19.08m | eta: 40.6m
step 00813/02520 (32.26%) | loss: 3.270527 | lrm: 1.00 | dt: 1426.50ms | tok/sec: 367,535 | bf16_mfu: 0.00 | epoch: 1 pq: 9 rg: 47 | total time: 19.10m | eta: 40.6m
step 00814/02520 (32.30%) | loss: 3.278930 | lrm: 1.00 | dt: 1424.99ms | tok/sec: 367,922 | bf16_mfu: 0.00 | epoch: 1 pq: 9 rg: 48 | total time: 19.13m | eta: 40.6m
step 00815/02520 (32.34%) | loss: 3.281147 | lrm: 1.00 | dt: 1424.71ms | tok/sec: 367,995 | bf16_mfu: 0.00 | epoch: 1 pq: 9 rg: 49 | total time: 19.15m | eta: 40.6m
step 00816/02520 (32.38%) | loss: 3.279069 | lrm: 1.00 | dt: 1425.56ms | tok/sec: 367,776 | bf16_mfu: 0.00 | epoch: 1 pq: 9 rg: 50 | total time: 19.17m | eta: 40.5m
step 00817/02520 (32.42%) | loss: 3.282563 | lrm: 1.00 | dt: 1424.98ms | tok/sec: 367,926 | bf16_mfu: 0.00 | epoch: 1 pq: 9 rg: 51 | total time: 19.20m | eta: 40.5m
step 00818/02520 (32.46%) | loss: 3.283224 | lrm: 1.00 | dt: 1425.20ms | tok/sec: 367,869 | bf16_mfu: 0.00 | epoch: 1 pq: 9 rg: 52 | total time: 19.22m | eta: 40.5m
step 00819/02520 (32.50%) | loss: 3.281957 | lrm: 1.00 | dt: 1425.26ms | tok/sec: 367,853 | bf16_mfu: 0.00 | epoch: 1 pq: 9 rg: 53 | total time: 19.25m | eta: 40.5m
step 00820/02520 (32.54%) | loss: 3.267278 | lrm: 1.00 | dt: 1425.35ms | tok/sec: 367,831 | bf16_mfu: 0.00 | epoch: 1 pq: 9 rg: 54 | total time: 19.27m | eta: 40.4m
step 00821/02520 (32.58%) | loss: 3.261730 | lrm: 1.00 | dt: 1425.87ms | tok/sec: 367,696 | bf16_mfu: 0.00 | epoch: 1 pq: 9 rg: 55 | total time: 19.29m | eta: 40.4m
step 00822/02520 (32.62%) | loss: 3.262192 | lrm: 1.00 | dt: 1425.86ms | tok/sec: 367,700 | bf16_mfu: 0.00 | epoch: 1 pq: 9 rg: 56 | total time: 19.32m | eta: 40.4m
step 00823/02520 (32.66%) | loss: 3.253318 | lrm: 1.00 | dt: 1426.47ms | tok/sec: 367,541 | bf16_mfu: 0.00 | epoch: 1 pq: 9 rg: 57 | total time: 19.34m | eta: 40.4m
step 00824/02520 (32.70%) | loss: 3.252476 | lrm: 1.00 | dt: 1425.75ms | tok/sec: 367,727 | bf16_mfu: 0.00 | epoch: 1 pq: 9 rg: 58 | total time: 19.36m | eta: 40.3m
step 00825/02520 (32.74%) | loss: 3.247774 | lrm: 1.00 | dt: 1426.75ms | tok/sec: 367,469 | bf16_mfu: 0.00 | epoch: 1 pq: 9 rg: 59 | total time: 19.39m | eta: 40.3m
step 00826/02520 (32.78%) | loss: 3.244088 | lrm: 1.00 | dt: 1425.70ms | tok/sec: 367,739 | bf16_mfu: 0.00 | epoch: 1 pq: 9 rg: 60 | total time: 19.41m | eta: 40.3m
step 00827/02520 (32.82%) | loss: 3.255608 | lrm: 1.00 | dt: 1426.30ms | tok/sec: 367,587 | bf16_mfu: 0.00 | epoch: 1 pq: 9 rg: 61 | total time: 19.44m | eta: 40.3m
step 00828/02520 (32.86%) | loss: 3.273711 | lrm: 1.00 | dt: 1425.62ms | tok/sec: 367,760 | bf16_mfu: 0.00 | epoch: 1 pq: 9 rg: 62 | total time: 19.46m | eta: 40.3m
step 00829/02520 (32.90%) | loss: 3.279346 | lrm: 1.00 | dt: 1425.03ms | tok/sec: 367,912 | bf16_mfu: 0.00 | epoch: 1 pq: 9 rg: 63 | total time: 19.48m | eta: 40.2m
step 00830/02520 (32.94%) | loss: 3.273167 | lrm: 1.00 | dt: 1426.91ms | tok/sec: 367,428 | bf16_mfu: 0.00 | epoch: 1 pq: 9 rg: 64 | total time: 19.51m | eta: 40.2m
step 00831/02520 (32.98%) | loss: 3.260362 | lrm: 1.00 | dt: 1425.08ms | tok/sec: 367,902 | bf16_mfu: 0.00 | epoch: 1 pq: 9 rg: 65 | total time: 19.53m | eta: 40.2m
step 00832/02520 (33.02%) | loss: 3.257337 | lrm: 1.00 | dt: 1426.27ms | tok/sec: 367,593 | bf16_mfu: 0.00 | epoch: 1 pq: 9 rg: 66 | total time: 19.55m | eta: 40.2m
step 00833/02520 (33.06%) | loss: 3.264182 | lrm: 1.00 | dt: 1425.85ms | tok/sec: 367,702 | bf16_mfu: 0.00 | epoch: 1 pq: 9 rg: 67 | total time: 19.58m | eta: 40.1m
step 00834/02520 (33.10%) | loss: 3.251007 | lrm: 1.00 | dt: 1426.97ms | tok/sec: 367,412 | bf16_mfu: 0.00 | epoch: 1 pq: 9 rg: 67 | total time: 19.60m | eta: 40.1m
step 00835/02520 (33.13%) | loss: 3.249823 | lrm: 1.00 | dt: 1426.95ms | tok/sec: 367,419 | bf16_mfu: 0.00 | epoch: 1 pq: 9 rg: 68 | total time: 19.63m | eta: 40.1m
step 00836/02520 (33.17%) | loss: 3.256747 | lrm: 1.00 | dt: 1427.30ms | tok/sec: 367,327 | bf16_mfu: 0.00 | epoch: 1 pq: 9 rg: 69 | total time: 19.65m | eta: 40.1m
step 00837/02520 (33.21%) | loss: 3.253707 | lrm: 1.00 | dt: 1428.23ms | tok/sec: 367,089 | bf16_mfu: 0.00 | epoch: 1 pq: 9 rg: 70 | total time: 19.67m | eta: 40.0m
step 00838/02520 (33.25%) | loss: 3.252023 | lrm: 1.00 | dt: 1426.92ms | tok/sec: 367,425 | bf16_mfu: 0.00 | epoch: 1 pq: 9 rg: 71 | total time: 19.70m | eta: 40.0m
step 00839/02520 (33.29%) | loss: 3.254927 | lrm: 1.00 | dt: 1428.03ms | tok/sec: 367,140 | bf16_mfu: 0.00 | epoch: 1 pq: 9 rg: 72 | total time: 19.72m | eta: 40.0m
step 00840/02520 (33.33%) | loss: 3.255922 | lrm: 1.00 | dt: 1427.29ms | tok/sec: 367,330 | bf16_mfu: 0.00 | epoch: 1 pq: 9 rg: 73 | total time: 19.74m | eta: 40.0m
step 00841/02520 (33.37%) | loss: 3.264012 | lrm: 1.00 | dt: 1427.66ms | tok/sec: 367,236 | bf16_mfu: 0.00 | epoch: 1 pq: 9 rg: 74 | total time: 19.77m | eta: 39.9m
step 00842/02520 (33.41%) | loss: 3.265137 | lrm: 1.00 | dt: 1428.35ms | tok/sec: 367,057 | bf16_mfu: 0.00 | epoch: 1 pq: 9 rg: 75 | total time: 19.79m | eta: 39.9m
step 00843/02520 (33.45%) | loss: 3.262919 | lrm: 1.00 | dt: 1426.58ms | tok/sec: 367,514 | bf16_mfu: 0.00 | epoch: 1 pq: 9 rg: 76 | total time: 19.82m | eta: 39.9m
step 00844/02520 (33.49%) | loss: 3.264379 | lrm: 1.00 | dt: 1428.84ms | tok/sec: 366,931 | bf16_mfu: 0.00 | epoch: 1 pq: 9 rg: 77 | total time: 19.84m | eta: 39.9m
step 00845/02520 (33.53%) | loss: 3.266444 | lrm: 1.00 | dt: 1428.11ms | tok/sec: 367,119 | bf16_mfu: 0.00 | epoch: 1 pq: 9 rg: 78 | total time: 19.86m | eta: 39.8m
step 00846/02520 (33.57%) | loss: 3.252829 | lrm: 1.00 | dt: 1429.37ms | tok/sec: 366,797 | bf16_mfu: 0.00 | epoch: 1 pq: 9 rg: 79 | total time: 19.89m | eta: 39.8m
step 00847/02520 (33.61%) | loss: 3.267471 | lrm: 1.00 | dt: 1428.49ms | tok/sec: 367,021 | bf16_mfu: 0.00 | epoch: 1 pq: 9 rg: 80 | total time: 19.91m | eta: 39.8m
step 00848/02520 (33.65%) | loss: 3.279461 | lrm: 1.00 | dt: 1428.31ms | tok/sec: 367,069 | bf16_mfu: 0.00 | epoch: 1 pq: 9 rg: 81 | total time: 19.93m | eta: 39.8m
step 00849/02520 (33.69%) | loss: 3.274737 | lrm: 1.00 | dt: 1428.74ms | tok/sec: 366,957 | bf16_mfu: 0.00 | epoch: 1 pq: 9 rg: 82 | total time: 19.96m | eta: 39.8m
step 00850/02520 (33.73%) | loss: 3.275182 | lrm: 1.00 | dt: 1428.91ms | tok/sec: 366,915 | bf16_mfu: 0.00 | epoch: 1 pq: 10 rg: 0 | total time: 19.98m | eta: 39.7m
step 00851/02520 (33.77%) | loss: 3.280369 | lrm: 1.00 | dt: 1430.04ms | tok/sec: 366,624 | bf16_mfu: 0.00 | epoch: 1 pq: 10 rg: 1 | total time: 20.01m | eta: 39.7m
step 00852/02520 (33.81%) | loss: 3.286104 | lrm: 1.00 | dt: 1429.17ms | tok/sec: 366,846 | bf16_mfu: 0.00 | epoch: 1 pq: 10 rg: 2 | total time: 20.03m | eta: 39.7m
step 00853/02520 (33.85%) | loss: 3.287264 | lrm: 1.00 | dt: 1430.59ms | tok/sec: 366,483 | bf16_mfu: 0.00 | epoch: 1 pq: 10 rg: 3 | total time: 20.05m | eta: 39.7m
step 00854/02520 (33.89%) | loss: 3.284904 | lrm: 1.00 | dt: 1428.72ms | tok/sec: 366,962 | bf16_mfu: 0.00 | epoch: 1 pq: 10 rg: 4 | total time: 20.08m | eta: 39.6m
step 00855/02520 (33.93%) | loss: 3.277339 | lrm: 1.00 | dt: 1432.29ms | tok/sec: 366,049 | bf16_mfu: 0.00 | epoch: 1 pq: 10 rg: 5 | total time: 20.10m | eta: 39.6m
step 00856/02520 (33.97%) | loss: 3.273442 | lrm: 1.00 | dt: 1430.27ms | tok/sec: 366,566 | bf16_mfu: 0.00 | epoch: 1 pq: 10 rg: 6 | total time: 20.13m | eta: 39.6m
step 00857/02520 (34.01%) | loss: 3.272998 | lrm: 1.00 | dt: 1430.62ms | tok/sec: 366,475 | bf16_mfu: 0.00 | epoch: 1 pq: 10 rg: 7 | total time: 20.15m | eta: 39.6m
step 00858/02520 (34.05%) | loss: 3.270574 | lrm: 1.00 | dt: 1429.49ms | tok/sec: 366,766 | bf16_mfu: 0.00 | epoch: 1 pq: 10 rg: 8 | total time: 20.17m | eta: 39.5m
step 00859/02520 (34.09%) | loss: 3.274856 | lrm: 1.00 | dt: 1429.75ms | tok/sec: 366,699 | bf16_mfu: 0.00 | epoch: 1 pq: 10 rg: 9 | total time: 20.20m | eta: 39.5m
step 00860/02520 (34.13%) | loss: 3.278014 | lrm: 1.00 | dt: 1429.84ms | tok/sec: 366,675 | bf16_mfu: 0.00 | epoch: 1 pq: 10 rg: 10 | total time: 20.22m | eta: 39.5m
step 00861/02520 (34.17%) | loss: 3.286405 | lrm: 1.00 | dt: 1430.32ms | tok/sec: 366,553 | bf16_mfu: 0.00 | epoch: 1 pq: 10 rg: 11 | total time: 20.24m | eta: 39.5m
step 00862/02520 (34.21%) | loss: 3.289352 | lrm: 1.00 | dt: 1430.01ms | tok/sec: 366,632 | bf16_mfu: 0.00 | epoch: 1 pq: 10 rg: 12 | total time: 20.27m | eta: 39.4m
step 00863/02520 (34.25%) | loss: 3.285021 | lrm: 1.00 | dt: 1432.14ms | tok/sec: 366,087 | bf16_mfu: 0.00 | epoch: 1 pq: 10 rg: 13 | total time: 20.29m | eta: 39.4m
step 00864/02520 (34.29%) | loss: 3.273027 | lrm: 1.00 | dt: 1431.31ms | tok/sec: 366,299 | bf16_mfu: 0.00 | epoch: 1 pq: 10 rg: 14 | total time: 20.32m | eta: 39.4m
step 00865/02520 (34.33%) | loss: 3.271501 | lrm: 1.00 | dt: 1431.05ms | tok/sec: 366,365 | bf16_mfu: 0.00 | epoch: 1 pq: 10 rg: 15 | total time: 20.34m | eta: 39.4m
step 00866/02520 (34.37%) | loss: 3.259247 | lrm: 1.00 | dt: 1431.09ms | tok/sec: 366,354 | bf16_mfu: 0.00 | epoch: 1 pq: 10 rg: 16 | total time: 20.36m | eta: 39.3m
step 00867/02520 (34.40%) | loss: 3.254398 | lrm: 1.00 | dt: 1430.90ms | tok/sec: 366,404 | bf16_mfu: 0.00 | epoch: 1 pq: 10 rg: 17 | total time: 20.39m | eta: 39.3m
step 00868/02520 (34.44%) | loss: 3.250213 | lrm: 1.00 | dt: 1430.18ms | tok/sec: 366,587 | bf16_mfu: 0.00 | epoch: 1 pq: 10 rg: 18 | total time: 20.41m | eta: 39.3m
step 00869/02520 (34.48%) | loss: 3.247185 | lrm: 1.00 | dt: 1430.78ms | tok/sec: 366,433 | bf16_mfu: 0.00 | epoch: 1 pq: 10 rg: 18 | total time: 20.44m | eta: 39.3m
step 00870/02520 (34.52%) | loss: 3.246756 | lrm: 1.00 | dt: 1430.77ms | tok/sec: 366,438 | bf16_mfu: 0.00 | epoch: 1 pq: 10 rg: 19 | total time: 20.46m | eta: 39.3m
step 00871/02520 (34.56%) | loss: 3.249935 | lrm: 1.00 | dt: 1429.47ms | tok/sec: 366,770 | bf16_mfu: 0.00 | epoch: 1 pq: 10 rg: 20 | total time: 20.48m | eta: 39.2m
step 00872/02520 (34.60%) | loss: 3.250133 | lrm: 1.00 | dt: 1431.23ms | tok/sec: 366,318 | bf16_mfu: 0.00 | epoch: 1 pq: 10 rg: 21 | total time: 20.51m | eta: 39.2m
step 00873/02520 (34.64%) | loss: 3.253363 | lrm: 1.00 | dt: 1430.93ms | tok/sec: 366,395 | bf16_mfu: 0.00 | epoch: 1 pq: 10 rg: 22 | total time: 20.53m | eta: 39.2m
step 00874/02520 (34.68%) | loss: 3.254232 | lrm: 1.00 | dt: 1431.14ms | tok/sec: 366,343 | bf16_mfu: 0.00 | epoch: 1 pq: 10 rg: 23 | total time: 20.55m | eta: 39.2m
step 00875/02520 (34.72%) | loss: 3.252113 | lrm: 1.00 | dt: 1429.59ms | tok/sec: 366,739 | bf16_mfu: 0.00 | epoch: 1 pq: 10 rg: 24 | total time: 20.58m | eta: 39.1m
step 00876/02520 (34.76%) | loss: 3.257510 | lrm: 1.00 | dt: 1432.36ms | tok/sec: 366,030 | bf16_mfu: 0.00 | epoch: 1 pq: 10 rg: 25 | total time: 20.60m | eta: 39.1m
step 00877/02520 (34.80%) | loss: 3.260612 | lrm: 1.00 | dt: 1432.68ms | tok/sec: 365,948 | bf16_mfu: 0.00 | epoch: 1 pq: 10 rg: 26 | total time: 20.63m | eta: 39.1m
step 00878/02520 (34.84%) | loss: 3.280677 | lrm: 1.00 | dt: 1432.11ms | tok/sec: 366,093 | bf16_mfu: 0.00 | epoch: 1 pq: 10 rg: 27 | total time: 20.65m | eta: 39.1m
step 00879/02520 (34.88%) | loss: 3.276788 | lrm: 1.00 | dt: 1432.75ms | tok/sec: 365,931 | bf16_mfu: 0.00 | epoch: 1 pq: 10 rg: 28 | total time: 20.67m | eta: 39.0m
step 00880/02520 (34.92%) | loss: 3.276105 | lrm: 1.00 | dt: 1432.02ms | tok/sec: 366,117 | bf16_mfu: 0.00 | epoch: 1 pq: 10 rg: 29 | total time: 20.70m | eta: 39.0m
step 00881/02520 (34.96%) | loss: 3.285680 | lrm: 1.00 | dt: 1433.31ms | tok/sec: 365,787 | bf16_mfu: 0.00 | epoch: 1 pq: 10 rg: 30 | total time: 20.72m | eta: 39.0m
step 00882/02520 (35.00%) | loss: 3.283969 | lrm: 1.00 | dt: 1433.32ms | tok/sec: 365,784 | bf16_mfu: 0.00 | epoch: 1 pq: 10 rg: 31 | total time: 20.75m | eta: 39.0m
step 00883/02520 (35.04%) | loss: 3.279964 | lrm: 1.00 | dt: 1433.52ms | tok/sec: 365,735 | bf16_mfu: 0.00 | epoch: 1 pq: 10 rg: 32 | total time: 20.77m | eta: 38.9m
step 00884/02520 (35.08%) | loss: 3.266469 | lrm: 1.00 | dt: 1431.68ms | tok/sec: 366,204 | bf16_mfu: 0.00 | epoch: 1 pq: 10 rg: 33 | total time: 20.79m | eta: 38.9m
step 00885/02520 (35.12%) | loss: 3.256028 | lrm: 1.00 | dt: 1433.21ms | tok/sec: 365,814 | bf16_mfu: 0.00 | epoch: 1 pq: 10 rg: 34 | total time: 20.82m | eta: 38.9m
step 00886/02520 (35.16%) | loss: 3.251761 | lrm: 1.00 | dt: 1433.69ms | tok/sec: 365,690 | bf16_mfu: 0.00 | epoch: 1 pq: 10 rg: 35 | total time: 20.84m | eta: 38.9m
step 00887/02520 (35.20%) | loss: 3.258101 | lrm: 1.00 | dt: 1433.51ms | tok/sec: 365,738 | bf16_mfu: 0.00 | epoch: 1 pq: 10 rg: 36 | total time: 20.87m | eta: 38.9m
step 00888/02520 (35.24%) | loss: 3.259554 | lrm: 1.00 | dt: 1435.20ms | tok/sec: 365,305 | bf16_mfu: 0.00 | epoch: 1 pq: 10 rg: 37 | total time: 20.89m | eta: 38.8m
step 00889/02520 (35.28%) | loss: 3.256450 | lrm: 1.00 | dt: 1434.80ms | tok/sec: 365,408 | bf16_mfu: 0.00 | epoch: 1 pq: 10 rg: 38 | total time: 20.91m | eta: 38.8m
step 00890/02520 (35.32%) | loss: 3.263148 | lrm: 1.00 | dt: 1433.91ms | tok/sec: 365,635 | bf16_mfu: 0.00 | epoch: 1 pq: 10 rg: 39 | total time: 20.94m | eta: 38.8m
step 00891/02520 (35.36%) | loss: 3.272712 | lrm: 0.99 | dt: 1433.82ms | tok/sec: 365,659 | bf16_mfu: 0.00 | epoch: 1 pq: 10 rg: 40 | total time: 20.96m | eta: 38.8m
step 00892/02520 (35.40%) | loss: 3.270524 | lrm: 0.99 | dt: 1433.78ms | tok/sec: 365,668 | bf16_mfu: 0.00 | epoch: 1 pq: 10 rg: 41 | total time: 20.98m | eta: 38.7m
step 00893/02520 (35.44%) | loss: 3.266678 | lrm: 0.99 | dt: 1434.55ms | tok/sec: 365,472 | bf16_mfu: 0.00 | epoch: 1 pq: 10 rg: 42 | total time: 21.01m | eta: 38.7m
step 00894/02520 (35.48%) | loss: 3.269905 | lrm: 0.99 | dt: 1434.26ms | tok/sec: 365,546 | bf16_mfu: 0.00 | epoch: 1 pq: 10 rg: 43 | total time: 21.03m | eta: 38.7m
step 00895/02520 (35.52%) | loss: 3.269265 | lrm: 0.99 | dt: 1434.46ms | tok/sec: 365,494 | bf16_mfu: 0.00 | epoch: 1 pq: 10 rg: 44 | total time: 21.06m | eta: 38.7m
step 00896/02520 (35.56%) | loss: 3.273492 | lrm: 0.99 | dt: 1434.18ms | tok/sec: 365,565 | bf16_mfu: 0.00 | epoch: 1 pq: 10 rg: 45 | total time: 21.08m | eta: 38.6m
step 00897/02520 (35.60%) | loss: 3.274785 | lrm: 0.99 | dt: 1433.33ms | tok/sec: 365,784 | bf16_mfu: 0.00 | epoch: 1 pq: 10 rg: 46 | total time: 21.10m | eta: 38.6m
step 00898/02520 (35.63%) | loss: 3.261358 | lrm: 0.99 | dt: 1434.01ms | tok/sec: 365,610 | bf16_mfu: 0.00 | epoch: 1 pq: 10 rg: 47 | total time: 21.13m | eta: 38.6m
step 00899/02520 (35.67%) | loss: 3.269543 | lrm: 0.99 | dt: 1432.38ms | tok/sec: 366,026 | bf16_mfu: 0.00 | epoch: 1 pq: 10 rg: 47 | total time: 21.15m | eta: 38.6m
step 00900/02520 (35.71%) | loss: 3.273177 | lrm: 0.99 | dt: 1434.61ms | tok/sec: 365,456 | bf16_mfu: 0.00 | epoch: 1 pq: 10 rg: 48 | total time: 21.18m | eta: 38.5m
step 00901/02520 (35.75%) | loss: 3.276053 | lrm: 0.99 | dt: 1433.81ms | tok/sec: 365,661 | bf16_mfu: 0.00 | epoch: 1 pq: 10 rg: 49 | total time: 21.20m | eta: 38.5m
step 00902/02520 (35.79%) | loss: 3.280820 | lrm: 0.99 | dt: 1436.42ms | tok/sec: 364,995 | bf16_mfu: 0.00 | epoch: 1 pq: 10 rg: 50 | total time: 21.22m | eta: 38.5m
step 00903/02520 (35.83%) | loss: 3.284483 | lrm: 0.99 | dt: 1434.37ms | tok/sec: 365,517 | bf16_mfu: 0.00 | epoch: 1 pq: 10 rg: 51 | total time: 21.25m | eta: 38.5m
step 00904/02520 (35.87%) | loss: 3.281466 | lrm: 0.99 | dt: 1433.98ms | tok/sec: 365,618 | bf16_mfu: 0.00 | epoch: 1 pq: 10 rg: 52 | total time: 21.27m | eta: 38.5m
step 00905/02520 (35.91%) | loss: 3.282429 | lrm: 0.99 | dt: 1435.16ms | tok/sec: 365,315 | bf16_mfu: 0.00 | epoch: 1 pq: 10 rg: 53 | total time: 21.30m | eta: 38.4m
step 00906/02520 (35.95%) | loss: 3.272831 | lrm: 0.99 | dt: 1436.99ms | tok/sec: 364,852 | bf16_mfu: 0.00 | epoch: 1 pq: 10 rg: 54 | total time: 21.32m | eta: 38.4m
step 00907/02520 (35.99%) | loss: 3.278678 | lrm: 0.99 | dt: 1434.53ms | tok/sec: 365,476 | bf16_mfu: 0.00 | epoch: 1 pq: 10 rg: 55 | total time: 21.34m | eta: 38.4m
step 00908/02520 (36.03%) | loss: 3.279112 | lrm: 0.98 | dt: 1434.40ms | tok/sec: 365,509 | bf16_mfu: 0.00 | epoch: 1 pq: 10 rg: 56 | total time: 21.37m | eta: 38.4m
step 00909/02520 (36.07%) | loss: 3.281247 | lrm: 0.98 | dt: 1435.97ms | tok/sec: 365,111 | bf16_mfu: 0.00 | epoch: 1 pq: 10 rg: 57 | total time: 21.39m | eta: 38.3m
step 00910/02520 (36.11%) | loss: 3.286675 | lrm: 0.98 | dt: 1434.94ms | tok/sec: 365,372 | bf16_mfu: 0.00 | epoch: 1 pq: 10 rg: 58 | total time: 21.42m | eta: 38.3m
step 00911/02520 (36.15%) | loss: 3.280855 | lrm: 0.98 | dt: 1435.23ms | tok/sec: 365,299 | bf16_mfu: 0.00 | epoch: 1 pq: 10 rg: 59 | total time: 21.44m | eta: 38.3m
step 00912/02520 (36.19%) | loss: 3.284334 | lrm: 0.98 | dt: 1432.97ms | tok/sec: 365,874 | bf16_mfu: 0.00 | epoch: 1 pq: 10 rg: 60 | total time: 21.46m | eta: 38.3m
step 00913/02520 (36.23%) | loss: 3.288584 | lrm: 0.98 | dt: 1434.62ms | tok/sec: 365,454 | bf16_mfu: 0.00 | epoch: 1 pq: 10 rg: 61 | total time: 21.49m | eta: 38.2m
step 00914/02520 (36.27%) | loss: 3.273246 | lrm: 0.98 | dt: 1434.46ms | tok/sec: 365,494 | bf16_mfu: 0.00 | epoch: 1 pq: 10 rg: 62 | total time: 21.51m | eta: 38.2m
step 00915/02520 (36.31%) | loss: 3.264361 | lrm: 0.98 | dt: 1433.13ms | tok/sec: 365,834 | bf16_mfu: 0.00 | epoch: 1 pq: 10 rg: 63 | total time: 21.53m | eta: 38.2m
step 00916/02520 (36.35%) | loss: 3.263325 | lrm: 0.98 | dt: 1432.89ms | tok/sec: 365,896 | bf16_mfu: 0.00 | epoch: 1 pq: 10 rg: 64 | total time: 21.56m | eta: 38.2m
step 00917/02520 (36.39%) | loss: 3.260545 | lrm: 0.98 | dt: 1434.42ms | tok/sec: 365,505 | bf16_mfu: 0.00 | epoch: 1 pq: 10 rg: 65 | total time: 21.58m | eta: 38.1m
step 00918/02520 (36.43%) | loss: 3.267479 | lrm: 0.98 | dt: 1432.15ms | tok/sec: 366,085 | bf16_mfu: 0.00 | epoch: 1 pq: 10 rg: 66 | total time: 21.61m | eta: 38.1m
step 00919/02520 (36.47%) | loss: 3.263117 | lrm: 0.98 | dt: 1432.01ms | tok/sec: 366,120 | bf16_mfu: 0.00 | epoch: 1 pq: 10 rg: 67 | total time: 21.63m | eta: 38.1m
step 00920/02520 (36.51%) | loss: 3.269128 | lrm: 0.98 | dt: 1431.70ms | tok/sec: 366,198 | bf16_mfu: 0.00 | epoch: 1 pq: 10 rg: 68 | total time: 21.65m | eta: 38.1m
step 00921/02520 (36.55%) | loss: 3.278140 | lrm: 0.98 | dt: 1431.14ms | tok/sec: 366,342 | bf16_mfu: 0.00 | epoch: 1 pq: 10 rg: 69 | total time: 21.68m | eta: 38.0m
step 00922/02520 (36.59%) | loss: 3.269236 | lrm: 0.98 | dt: 1432.62ms | tok/sec: 365,965 | bf16_mfu: 0.00 | epoch: 1 pq: 10 rg: 70 | total time: 21.70m | eta: 38.0m
step 00923/02520 (36.63%) | loss: 3.274482 | lrm: 0.98 | dt: 1433.13ms | tok/sec: 365,833 | bf16_mfu: 0.00 | epoch: 1 pq: 10 rg: 71 | total time: 21.73m | eta: 38.0m
step 00924/02520 (36.67%) | loss: 3.268447 | lrm: 0.98 | dt: 1430.69ms | tok/sec: 366,459 | bf16_mfu: 0.00 | epoch: 1 pq: 10 rg: 72 | total time: 21.75m | eta: 38.0m
step 00925/02520 (36.71%) | loss: 3.265539 | lrm: 0.98 | dt: 1432.28ms | tok/sec: 366,050 | bf16_mfu: 0.00 | epoch: 1 pq: 10 rg: 73 | total time: 21.77m | eta: 38.0m
step 00926/02520 (36.75%) | loss: 3.257143 | lrm: 0.97 | dt: 1430.25ms | tok/sec: 366,570 | bf16_mfu: 0.00 | epoch: 1 pq: 10 rg: 74 | total time: 21.80m | eta: 37.9m
step 00927/02520 (36.79%) | loss: 3.256390 | lrm: 0.97 | dt: 1433.55ms | tok/sec: 365,727 | bf16_mfu: 0.00 | epoch: 1 pq: 10 rg: 75 | total time: 21.82m | eta: 37.9m
step 00928/02520 (36.83%) | loss: 3.254127 | lrm: 0.97 | dt: 1431.28ms | tok/sec: 366,306 | bf16_mfu: 0.00 | epoch: 1 pq: 10 rg: 76 | total time: 21.84m | eta: 37.9m
step 00929/02520 (36.87%) | loss: 3.261065 | lrm: 0.97 | dt: 1432.02ms | tok/sec: 366,117 | bf16_mfu: 0.00 | epoch: 1 pq: 10 rg: 76 | total time: 21.87m | eta: 37.9m
step 00930/02520 (36.90%) | loss: 3.263767 | lrm: 0.97 | dt: 1433.07ms | tok/sec: 365,849 | bf16_mfu: 0.00 | epoch: 1 pq: 10 rg: 77 | total time: 21.89m | eta: 37.8m
step 00931/02520 (36.94%) | loss: 3.259538 | lrm: 0.97 | dt: 1431.54ms | tok/sec: 366,240 | bf16_mfu: 0.00 | epoch: 1 pq: 10 rg: 78 | total time: 21.92m | eta: 37.8m
step 00932/02520 (36.98%) | loss: 3.274983 | lrm: 0.97 | dt: 1432.14ms | tok/sec: 366,085 | bf16_mfu: 0.00 | epoch: 1 pq: 10 rg: 79 | total time: 21.94m | eta: 37.8m
step 00933/02520 (37.02%) | loss: 3.265954 | lrm: 0.97 | dt: 1430.75ms | tok/sec: 366,441 | bf16_mfu: 0.00 | epoch: 1 pq: 10 rg: 80 | total time: 21.96m | eta: 37.8m
step 00934/02520 (37.06%) | loss: 3.267543 | lrm: 0.97 | dt: 1432.35ms | tok/sec: 366,034 | bf16_mfu: 0.00 | epoch: 1 pq: 10 rg: 81 | total time: 21.99m | eta: 37.7m
step 00935/02520 (37.10%) | loss: 3.268789 | lrm: 0.97 | dt: 1431.15ms | tok/sec: 366,341 | bf16_mfu: 0.00 | epoch: 1 pq: 10 rg: 82 | total time: 22.01m | eta: 37.7m
step 00936/02520 (37.14%) | loss: 3.273353 | lrm: 0.97 | dt: 1430.78ms | tok/sec: 366,434 | bf16_mfu: 0.00 | epoch: 1 pq: 11 rg: 0 | total time: 22.04m | eta: 37.7m
step 00937/02520 (37.18%) | loss: 3.271573 | lrm: 0.97 | dt: 1430.37ms | tok/sec: 366,539 | bf16_mfu: 0.00 | epoch: 1 pq: 11 rg: 1 | total time: 22.06m | eta: 37.7m
step 00938/02520 (37.22%) | loss: 3.269233 | lrm: 0.97 | dt: 1431.21ms | tok/sec: 366,326 | bf16_mfu: 0.00 | epoch: 1 pq: 11 rg: 2 | total time: 22.08m | eta: 37.6m
step 00939/02520 (37.26%) | loss: 3.268198 | lrm: 0.97 | dt: 1432.62ms | tok/sec: 365,963 | bf16_mfu: 0.00 | epoch: 1 pq: 11 rg: 3 | total time: 22.11m | eta: 37.6m
step 00940/02520 (37.30%) | loss: 3.269522 | lrm: 0.97 | dt: 1431.72ms | tok/sec: 366,195 | bf16_mfu: 0.00 | epoch: 1 pq: 11 rg: 4 | total time: 22.13m | eta: 37.6m
step 00941/02520 (37.34%) | loss: 3.268492 | lrm: 0.97 | dt: 1431.89ms | tok/sec: 366,150 | bf16_mfu: 0.00 | epoch: 1 pq: 11 rg: 5 | total time: 22.16m | eta: 37.6m
step 00942/02520 (37.38%) | loss: 3.266018 | lrm: 0.97 | dt: 1431.52ms | tok/sec: 366,246 | bf16_mfu: 0.00 | epoch: 1 pq: 11 rg: 6 | total time: 22.18m | eta: 37.6m
step 00943/02520 (37.42%) | loss: 3.270850 | lrm: 0.96 | dt: 1431.41ms | tok/sec: 366,273 | bf16_mfu: 0.00 | epoch: 1 pq: 11 rg: 7 | total time: 22.20m | eta: 37.5m
step 00944/02520 (37.46%) | loss: 3.263436 | lrm: 0.96 | dt: 1431.05ms | tok/sec: 366,365 | bf16_mfu: 0.00 | epoch: 1 pq: 11 rg: 8 | total time: 22.23m | eta: 37.5m
step 00945/02520 (37.50%) | loss: 3.263053 | lrm: 0.96 | dt: 1430.16ms | tok/sec: 366,594 | bf16_mfu: 0.00 | epoch: 1 pq: 11 rg: 9 | total time: 22.25m | eta: 37.5m
step 00946/02520 (37.54%) | loss: 3.259332 | lrm: 0.96 | dt: 1431.54ms | tok/sec: 366,241 | bf16_mfu: 0.00 | epoch: 1 pq: 11 rg: 10 | total time: 22.27m | eta: 37.5m
step 00947/02520 (37.58%) | loss: 3.268051 | lrm: 0.96 | dt: 1430.95ms | tok/sec: 366,391 | bf16_mfu: 0.00 | epoch: 1 pq: 11 rg: 11 | total time: 22.30m | eta: 37.4m
step 00948/02520 (37.62%) | loss: 3.264483 | lrm: 0.96 | dt: 1432.07ms | tok/sec: 366,104 | bf16_mfu: 0.00 | epoch: 1 pq: 11 rg: 12 | total time: 22.32m | eta: 37.4m
step 00949/02520 (37.66%) | loss: 3.265939 | lrm: 0.96 | dt: 1431.82ms | tok/sec: 366,168 | bf16_mfu: 0.00 | epoch: 1 pq: 11 rg: 13 | total time: 22.35m | eta: 37.4m
step 00950/02520 (37.70%) | loss: 3.260427 | lrm: 0.96 | dt: 1430.35ms | tok/sec: 366,546 | bf16_mfu: 0.00 | epoch: 1 pq: 11 rg: 14 | total time: 22.37m | eta: 37.4m
step 00951/02520 (37.74%) | loss: 3.250447 | lrm: 0.96 | dt: 1431.14ms | tok/sec: 366,342 | bf16_mfu: 0.00 | epoch: 1 pq: 11 rg: 15 | total time: 22.39m | eta: 37.3m
step 00952/02520 (37.78%) | loss: 3.235301 | lrm: 0.96 | dt: 1429.53ms | tok/sec: 366,755 | bf16_mfu: 0.00 | epoch: 1 pq: 11 rg: 16 | total time: 22.42m | eta: 37.3m
step 00953/02520 (37.82%) | loss: 3.231667 | lrm: 0.96 | dt: 1432.56ms | tok/sec: 365,981 | bf16_mfu: 0.00 | epoch: 1 pq: 11 rg: 17 | total time: 22.44m | eta: 37.3m
step 00954/02520 (37.86%) | loss: 3.238394 | lrm: 0.96 | dt: 1430.05ms | tok/sec: 366,622 | bf16_mfu: 0.00 | epoch: 1 pq: 11 rg: 18 | total time: 22.47m | eta: 37.3m
step 00955/02520 (37.90%) | loss: 3.246765 | lrm: 0.96 | dt: 1432.23ms | tok/sec: 366,063 | bf16_mfu: 0.00 | epoch: 1 pq: 11 rg: 19 | total time: 22.49m | eta: 37.2m
step 00956/02520 (37.94%) | loss: 3.259053 | lrm: 0.96 | dt: 1430.85ms | tok/sec: 366,417 | bf16_mfu: 0.00 | epoch: 1 pq: 11 rg: 19 | total time: 22.51m | eta: 37.2m
step 00957/02520 (37.98%) | loss: 3.263812 | lrm: 0.96 | dt: 1430.78ms | tok/sec: 366,435 | bf16_mfu: 0.00 | epoch: 1 pq: 11 rg: 20 | total time: 22.54m | eta: 37.2m
step 00958/02520 (38.02%) | loss: 3.253608 | lrm: 0.96 | dt: 1431.86ms | tok/sec: 366,157 | bf16_mfu: 0.00 | epoch: 1 pq: 11 rg: 21 | total time: 22.56m | eta: 37.2m
step 00959/02520 (38.06%) | loss: 3.259028 | lrm: 0.96 | dt: 1429.81ms | tok/sec: 366,683 | bf16_mfu: 0.00 | epoch: 1 pq: 11 rg: 22 | total time: 22.58m | eta: 37.1m
step 00960/02520 (38.10%) | loss: 3.248824 | lrm: 0.95 | dt: 1431.85ms | tok/sec: 366,160 | bf16_mfu: 0.00 | epoch: 1 pq: 11 rg: 23 | total time: 22.61m | eta: 37.1m
step 00961/02520 (38.13%) | loss: 3.252789 | lrm: 0.95 | dt: 1429.03ms | tok/sec: 366,883 | bf16_mfu: 0.00 | epoch: 1 pq: 11 rg: 24 | total time: 22.63m | eta: 37.1m
step 00962/02520 (38.17%) | loss: 3.248242 | lrm: 0.95 | dt: 1431.35ms | tok/sec: 366,290 | bf16_mfu: 0.00 | epoch: 1 pq: 11 rg: 25 | total time: 22.66m | eta: 37.1m
step 00963/02520 (38.21%) | loss: 3.234107 | lrm: 0.95 | dt: 1430.28ms | tok/sec: 366,563 | bf16_mfu: 0.00 | epoch: 1 pq: 11 rg: 26 | total time: 22.68m | eta: 37.1m
step 00964/02520 (38.25%) | loss: 3.244541 | lrm: 0.95 | dt: 1432.39ms | tok/sec: 366,022 | bf16_mfu: 0.00 | epoch: 1 pq: 11 rg: 27 | total time: 22.70m | eta: 37.0m
step 00965/02520 (38.29%) | loss: 3.239491 | lrm: 0.95 | dt: 1430.67ms | tok/sec: 366,463 | bf16_mfu: 0.00 | epoch: 1 pq: 11 rg: 28 | total time: 22.73m | eta: 37.0m
step 00966/02520 (38.33%) | loss: 3.240824 | lrm: 0.95 | dt: 1431.53ms | tok/sec: 366,243 | bf16_mfu: 0.00 | epoch: 1 pq: 11 rg: 29 | total time: 22.75m | eta: 37.0m
step 00967/02520 (38.37%) | loss: 3.241394 | lrm: 0.95 | dt: 1431.08ms | tok/sec: 366,358 | bf16_mfu: 0.00 | epoch: 1 pq: 11 rg: 30 | total time: 22.78m | eta: 37.0m
step 00968/02520 (38.41%) | loss: 3.225603 | lrm: 0.95 | dt: 1430.29ms | tok/sec: 366,561 | bf16_mfu: 0.00 | epoch: 1 pq: 11 rg: 31 | total time: 22.80m | eta: 36.9m
step 00969/02520 (38.45%) | loss: 3.226134 | lrm: 0.95 | dt: 1431.28ms | tok/sec: 366,306 | bf16_mfu: 0.00 | epoch: 1 pq: 11 rg: 32 | total time: 22.82m | eta: 36.9m
step 00970/02520 (38.49%) | loss: 3.215939 | lrm: 0.95 | dt: 1429.92ms | tok/sec: 366,655 | bf16_mfu: 0.00 | epoch: 1 pq: 11 rg: 33 | total time: 22.85m | eta: 36.9m
step 00971/02520 (38.53%) | loss: 3.227623 | lrm: 0.95 | dt: 1431.77ms | tok/sec: 366,182 | bf16_mfu: 0.00 | epoch: 1 pq: 11 rg: 34 | total time: 22.87m | eta: 36.9m
step 00972/02520 (38.57%) | loss: 3.231939 | lrm: 0.95 | dt: 1430.33ms | tok/sec: 366,550 | bf16_mfu: 0.00 | epoch: 1 pq: 11 rg: 35 | total time: 22.89m | eta: 36.8m
step 00973/02520 (38.61%) | loss: 3.228571 | lrm: 0.95 | dt: 1431.74ms | tok/sec: 366,189 | bf16_mfu: 0.00 | epoch: 1 pq: 11 rg: 36 | total time: 22.92m | eta: 36.8m
step 00974/02520 (38.65%) | loss: 3.228122 | lrm: 0.95 | dt: 1430.54ms | tok/sec: 366,496 | bf16_mfu: 0.00 | epoch: 1 pq: 11 rg: 37 | total time: 22.94m | eta: 36.8m
step 00975/02520 (38.69%) | loss: 3.236398 | lrm: 0.95 | dt: 1430.69ms | tok/sec: 366,458 | bf16_mfu: 0.00 | epoch: 1 pq: 11 rg: 38 | total time: 22.97m | eta: 36.8m
step 00976/02520 (38.73%) | loss: 3.239761 | lrm: 0.95 | dt: 1431.23ms | tok/sec: 366,318 | bf16_mfu: 0.00 | epoch: 1 pq: 11 rg: 39 | total time: 22.99m | eta: 36.7m
step 00977/02520 (38.77%) | loss: 3.230255 | lrm: 0.94 | dt: 1429.88ms | tok/sec: 366,666 | bf16_mfu: 0.00 | epoch: 1 pq: 11 rg: 40 | total time: 23.01m | eta: 36.7m
step 00978/02520 (38.81%) | loss: 3.240158 | lrm: 0.94 | dt: 1430.76ms | tok/sec: 366,441 | bf16_mfu: 0.00 | epoch: 1 pq: 11 rg: 41 | total time: 23.04m | eta: 36.7m
step 00979/02520 (38.85%) | loss: 3.232105 | lrm: 0.94 | dt: 1430.18ms | tok/sec: 366,588 | bf16_mfu: 0.00 | epoch: 1 pq: 11 rg: 42 | total time: 23.06m | eta: 36.7m
step 00980/02520 (38.89%) | loss: 3.234395 | lrm: 0.94 | dt: 1433.20ms | tok/sec: 365,815 | bf16_mfu: 0.00 | epoch: 1 pq: 11 rg: 43 | total time: 23.09m | eta: 36.7m
step 00981/02520 (38.93%) | loss: 3.230447 | lrm: 0.94 | dt: 1430.28ms | tok/sec: 366,564 | bf16_mfu: 0.00 | epoch: 1 pq: 11 rg: 44 | total time: 23.11m | eta: 36.6m
step 00982/02520 (38.97%) | loss: 3.235137 | lrm: 0.94 | dt: 1430.93ms | tok/sec: 366,396 | bf16_mfu: 0.00 | epoch: 1 pq: 11 rg: 45 | total time: 23.13m | eta: 36.6m
step 00983/02520 (39.01%) | loss: 3.232939 | lrm: 0.94 | dt: 1431.47ms | tok/sec: 366,258 | bf16_mfu: 0.00 | epoch: 1 pq: 11 rg: 46 | total time: 23.16m | eta: 36.6m
step 00984/02520 (39.05%) | loss: 3.225115 | lrm: 0.94 | dt: 1430.06ms | tok/sec: 366,620 | bf16_mfu: 0.00 | epoch: 1 pq: 11 rg: 47 | total time: 23.18m | eta: 36.6m
step 00985/02520 (39.09%) | loss: 3.217972 | lrm: 0.94 | dt: 1431.30ms | tok/sec: 366,302 | bf16_mfu: 0.00 | epoch: 1 pq: 11 rg: 48 | total time: 23.20m | eta: 36.5m
step 00986/02520 (39.13%) | loss: 3.213085 | lrm: 0.94 | dt: 1430.14ms | tok/sec: 366,599 | bf16_mfu: 0.00 | epoch: 1 pq: 11 rg: 49 | total time: 23.23m | eta: 36.5m
step 00987/02520 (39.17%) | loss: 3.195764 | lrm: 0.94 | dt: 1431.25ms | tok/sec: 366,315 | bf16_mfu: 0.00 | epoch: 1 pq: 11 rg: 50 | total time: 23.25m | eta: 36.5m
step 00988/02520 (39.21%) | loss: 3.205977 | lrm: 0.94 | dt: 1431.24ms | tok/sec: 366,317 | bf16_mfu: 0.00 | epoch: 1 pq: 11 rg: 51 | total time: 23.28m | eta: 36.5m
step 00989/02520 (39.25%) | loss: 3.194985 | lrm: 0.94 | dt: 1430.82ms | tok/sec: 366,424 | bf16_mfu: 0.00 | epoch: 1 pq: 11 rg: 52 | total time: 23.30m | eta: 36.4m
step 00990/02520 (39.29%) | loss: 3.209125 | lrm: 0.94 | dt: 1431.72ms | tok/sec: 366,195 | bf16_mfu: 0.00 | epoch: 1 pq: 11 rg: 53 | total time: 23.32m | eta: 36.4m
step 00991/02520 (39.33%) | loss: 3.218640 | lrm: 0.94 | dt: 1430.37ms | tok/sec: 366,540 | bf16_mfu: 0.00 | epoch: 1 pq: 11 rg: 54 | total time: 23.35m | eta: 36.4m
step 00992/02520 (39.37%) | loss: 3.213417 | lrm: 0.94 | dt: 1430.48ms | tok/sec: 366,513 | bf16_mfu: 0.00 | epoch: 1 pq: 11 rg: 55 | total time: 23.37m | eta: 36.4m
step 00993/02520 (39.40%) | loss: 3.220358 | lrm: 0.94 | dt: 1430.26ms | tok/sec: 366,569 | bf16_mfu: 0.00 | epoch: 1 pq: 11 rg: 55 | total time: 23.40m | eta: 36.3m
step 00994/02520 (39.44%) | loss: 3.240389 | lrm: 0.94 | dt: 1430.80ms | tok/sec: 366,429 | bf16_mfu: 0.00 | epoch: 1 pq: 11 rg: 56 | total time: 23.42m | eta: 36.3m
step 00995/02520 (39.48%) | loss: 3.237028 | lrm: 0.93 | dt: 1430.78ms | tok/sec: 366,434 | bf16_mfu: 0.00 | epoch: 1 pq: 11 rg: 57 | total time: 23.44m | eta: 36.3m
step 00996/02520 (39.52%) | loss: 3.228349 | lrm: 0.93 | dt: 1429.73ms | tok/sec: 366,704 | bf16_mfu: 0.00 | epoch: 1 pq: 11 rg: 58 | total time: 23.47m | eta: 36.3m
step 00997/02520 (39.56%) | loss: 3.222935 | lrm: 0.93 | dt: 1430.46ms | tok/sec: 366,517 | bf16_mfu: 0.00 | epoch: 1 pq: 11 rg: 59 | total time: 23.49m | eta: 36.2m
step 00998/02520 (39.60%) | loss: 3.211159 | lrm: 0.93 | dt: 1430.06ms | tok/sec: 366,620 | bf16_mfu: 0.00 | epoch: 1 pq: 11 rg: 60 | total time: 23.51m | eta: 36.2m
step 00999/02520 (39.64%) | loss: 3.203666 | lrm: 0.93 | dt: 1432.01ms | tok/sec: 366,119 | bf16_mfu: 0.00 | epoch: 1 pq: 11 rg: 61 | total time: 23.54m | eta: 36.2m
Step 01000 | Validation bpb: 0.982344
step 01000/02520 (39.68%) | loss: 3.200765 | lrm: 0.93 | dt: 1411.11ms | tok/sec: 371,543 | bf16_mfu: 0.00 | epoch: 1 pq: 11 rg: 62 | total time: 23.56m | eta: 36.2m
step 01001/02520 (39.72%) | loss: 3.195461 | lrm: 0.93 | dt: 1418.19ms | tok/sec: 369,689 | bf16_mfu: 0.00 | epoch: 1 pq: 11 rg: 63 | total time: 23.59m | eta: 36.2m
step 01002/02520 (39.76%) | loss: 3.195908 | lrm: 0.93 | dt: 1417.23ms | tok/sec: 369,937 | bf16_mfu: 0.00 | epoch: 1 pq: 11 rg: 64 | total time: 23.61m | eta: 36.1m
step 01003/02520 (39.80%) | loss: 3.202479 | lrm: 0.93 | dt: 1418.19ms | tok/sec: 369,688 | bf16_mfu: 0.00 | epoch: 1 pq: 11 rg: 65 | total time: 23.63m | eta: 36.1m
step 01004/02520 (39.84%) | loss: 3.195168 | lrm: 0.93 | dt: 1419.16ms | tok/sec: 369,435 | bf16_mfu: 0.00 | epoch: 1 pq: 11 rg: 66 | total time: 23.66m | eta: 36.1m
step 01005/02520 (39.88%) | loss: 3.192405 | lrm: 0.93 | dt: 1417.94ms | tok/sec: 369,752 | bf16_mfu: 0.00 | epoch: 1 pq: 11 rg: 67 | total time: 23.68m | eta: 36.1m
step 01006/02520 (39.92%) | loss: 3.189422 | lrm: 0.93 | dt: 1419.50ms | tok/sec: 369,346 | bf16_mfu: 0.00 | epoch: 1 pq: 11 rg: 68 | total time: 23.70m | eta: 36.0m
step 01007/02520 (39.96%) | loss: 3.180200 | lrm: 0.93 | dt: 1419.18ms | tok/sec: 369,429 | bf16_mfu: 0.00 | epoch: 1 pq: 11 rg: 69 | total time: 23.73m | eta: 36.0m
step 01008/02520 (40.00%) | loss: 3.187524 | lrm: 0.93 | dt: 1419.96ms | tok/sec: 369,226 | bf16_mfu: 0.00 | epoch: 1 pq: 11 rg: 70 | total time: 23.75m | eta: 36.0m
step 01009/02520 (40.04%) | loss: 3.196628 | lrm: 0.93 | dt: 1420.48ms | tok/sec: 369,092 | bf16_mfu: 0.00 | epoch: 1 pq: 11 rg: 71 | total time: 23.77m | eta: 36.0m
step 01010/02520 (40.08%) | loss: 3.195433 | lrm: 0.93 | dt: 1419.45ms | tok/sec: 369,360 | bf16_mfu: 0.00 | epoch: 1 pq: 11 rg: 72 | total time: 23.80m | eta: 35.9m
step 01011/02520 (40.12%) | loss: 3.192866 | lrm: 0.93 | dt: 1420.23ms | tok/sec: 369,157 | bf16_mfu: 0.00 | epoch: 1 pq: 11 rg: 73 | total time: 23.82m | eta: 35.9m
step 01012/02520 (40.16%) | loss: 3.201251 | lrm: 0.92 | dt: 1421.64ms | tok/sec: 368,789 | bf16_mfu: 0.00 | epoch: 1 pq: 11 rg: 74 | total time: 23.85m | eta: 35.9m
step 01013/02520 (40.20%) | loss: 3.196702 | lrm: 0.92 | dt: 1421.56ms | tok/sec: 368,812 | bf16_mfu: 0.00 | epoch: 1 pq: 11 rg: 75 | total time: 23.87m | eta: 35.9m
step 01014/02520 (40.24%) | loss: 3.191011 | lrm: 0.92 | dt: 1420.61ms | tok/sec: 369,057 | bf16_mfu: 0.00 | epoch: 1 pq: 11 rg: 76 | total time: 23.89m | eta: 35.8m
step 01015/02520 (40.28%) | loss: 3.188251 | lrm: 0.92 | dt: 1420.78ms | tok/sec: 369,014 | bf16_mfu: 0.00 | epoch: 1 pq: 11 rg: 77 | total time: 23.92m | eta: 35.8m
step 01016/02520 (40.32%) | loss: 3.197099 | lrm: 0.92 | dt: 1421.92ms | tok/sec: 368,717 | bf16_mfu: 0.00 | epoch: 1 pq: 11 rg: 78 | total time: 23.94m | eta: 35.8m
step 01017/02520 (40.36%) | loss: 3.195796 | lrm: 0.92 | dt: 1422.40ms | tok/sec: 368,593 | bf16_mfu: 0.00 | epoch: 1 pq: 11 rg: 79 | total time: 23.96m | eta: 35.8m
step 01018/02520 (40.40%) | loss: 3.179658 | lrm: 0.92 | dt: 1422.63ms | tok/sec: 368,534 | bf16_mfu: 0.00 | epoch: 1 pq: 11 rg: 80 | total time: 23.99m | eta: 35.7m
step 01019/02520 (40.44%) | loss: 3.181858 | lrm: 0.92 | dt: 1421.65ms | tok/sec: 368,788 | bf16_mfu: 0.00 | epoch: 1 pq: 11 rg: 81 | total time: 24.01m | eta: 35.7m
step 01020/02520 (40.48%) | loss: 3.194618 | lrm: 0.92 | dt: 1423.53ms | tok/sec: 368,302 | bf16_mfu: 0.00 | epoch: 1 pq: 12 rg: 0 | total time: 24.04m | eta: 35.7m
step 01021/02520 (40.52%) | loss: 3.193655 | lrm: 0.92 | dt: 1421.02ms | tok/sec: 368,952 | bf16_mfu: 0.00 | epoch: 1 pq: 12 rg: 1 | total time: 24.06m | eta: 35.7m
step 01022/02520 (40.56%) | loss: 3.194794 | lrm: 0.92 | dt: 1421.63ms | tok/sec: 368,793 | bf16_mfu: 0.00 | epoch: 1 pq: 12 rg: 2 | total time: 24.08m | eta: 35.6m
step 01023/02520 (40.60%) | loss: 3.191089 | lrm: 0.92 | dt: 1422.56ms | tok/sec: 368,551 | bf16_mfu: 0.00 | epoch: 1 pq: 12 rg: 3 | total time: 24.11m | eta: 35.6m
step 01024/02520 (40.63%) | loss: 3.195045 | lrm: 0.92 | dt: 1422.27ms | tok/sec: 368,627 | bf16_mfu: 0.00 | epoch: 1 pq: 12 rg: 4 | total time: 24.13m | eta: 35.6m
step 01025/02520 (40.67%) | loss: 3.201165 | lrm: 0.92 | dt: 1423.19ms | tok/sec: 368,388 | bf16_mfu: 0.00 | epoch: 1 pq: 12 rg: 5 | total time: 24.15m | eta: 35.6m
step 01026/02520 (40.71%) | loss: 3.196980 | lrm: 0.92 | dt: 1422.68ms | tok/sec: 368,520 | bf16_mfu: 0.00 | epoch: 1 pq: 12 rg: 6 | total time: 24.18m | eta: 35.6m
step 01027/02520 (40.75%) | loss: 3.189034 | lrm: 0.92 | dt: 1423.99ms | tok/sec: 368,182 | bf16_mfu: 0.00 | epoch: 1 pq: 12 rg: 7 | total time: 24.20m | eta: 35.5m
step 01028/02520 (40.79%) | loss: 3.189613 | lrm: 0.92 | dt: 1424.02ms | tok/sec: 368,173 | bf16_mfu: 0.00 | epoch: 1 pq: 12 rg: 7 | total time: 24.22m | eta: 35.5m
step 01029/02520 (40.83%) | loss: 3.186187 | lrm: 0.91 | dt: 1424.29ms | tok/sec: 368,105 | bf16_mfu: 0.00 | epoch: 1 pq: 12 rg: 8 | total time: 24.25m | eta: 35.5m
step 01030/02520 (40.87%) | loss: 3.174800 | lrm: 0.91 | dt: 1425.10ms | tok/sec: 367,894 | bf16_mfu: 0.00 | epoch: 1 pq: 12 rg: 9 | total time: 24.27m | eta: 35.5m
step 01031/02520 (40.91%) | loss: 3.183073 | lrm: 0.91 | dt: 1423.93ms | tok/sec: 368,199 | bf16_mfu: 0.00 | epoch: 1 pq: 12 rg: 10 | total time: 24.30m | eta: 35.4m
step 01032/02520 (40.95%) | loss: 3.192596 | lrm: 0.91 | dt: 1425.72ms | tok/sec: 367,734 | bf16_mfu: 0.00 | epoch: 1 pq: 12 rg: 11 | total time: 24.32m | eta: 35.4m
step 01033/02520 (40.99%) | loss: 3.188230 | lrm: 0.91 | dt: 1424.43ms | tok/sec: 368,068 | bf16_mfu: 0.00 | epoch: 1 pq: 12 rg: 12 | total time: 24.34m | eta: 35.4m
step 01034/02520 (41.03%) | loss: 3.189425 | lrm: 0.91 | dt: 1424.44ms | tok/sec: 368,066 | bf16_mfu: 0.00 | epoch: 1 pq: 12 rg: 13 | total time: 24.37m | eta: 35.4m
step 01035/02520 (41.07%) | loss: 3.184062 | lrm: 0.91 | dt: 1424.53ms | tok/sec: 368,044 | bf16_mfu: 0.00 | epoch: 1 pq: 12 rg: 14 | total time: 24.39m | eta: 35.3m
step 01036/02520 (41.11%) | loss: 3.189180 | lrm: 0.91 | dt: 1424.07ms | tok/sec: 368,162 | bf16_mfu: 0.00 | epoch: 1 pq: 12 rg: 15 | total time: 24.41m | eta: 35.3m
step 01037/02520 (41.15%) | loss: 3.194923 | lrm: 0.91 | dt: 1425.00ms | tok/sec: 367,921 | bf16_mfu: 0.00 | epoch: 1 pq: 12 rg: 16 | total time: 24.44m | eta: 35.3m
step 01038/02520 (41.19%) | loss: 3.190584 | lrm: 0.91 | dt: 1424.87ms | tok/sec: 367,953 | bf16_mfu: 0.00 | epoch: 1 pq: 12 rg: 17 | total time: 24.46m | eta: 35.3m
step 01039/02520 (41.23%) | loss: 3.188812 | lrm: 0.91 | dt: 1425.71ms | tok/sec: 367,737 | bf16_mfu: 0.00 | epoch: 1 pq: 12 rg: 18 | total time: 24.49m | eta: 35.2m
step 01040/02520 (41.27%) | loss: 3.181765 | lrm: 0.91 | dt: 1424.54ms | tok/sec: 368,040 | bf16_mfu: 0.00 | epoch: 1 pq: 12 rg: 19 | total time: 24.51m | eta: 35.2m
step 01041/02520 (41.31%) | loss: 3.185726 | lrm: 0.91 | dt: 1424.23ms | tok/sec: 368,121 | bf16_mfu: 0.00 | epoch: 1 pq: 12 rg: 20 | total time: 24.53m | eta: 35.2m
step 01042/02520 (41.35%) | loss: 3.185009 | lrm: 0.91 | dt: 1424.31ms | tok/sec: 368,100 | bf16_mfu: 0.00 | epoch: 1 pq: 12 rg: 21 | total time: 24.56m | eta: 35.2m
step 01043/02520 (41.39%) | loss: 3.179421 | lrm: 0.91 | dt: 1423.76ms | tok/sec: 368,240 | bf16_mfu: 0.00 | epoch: 1 pq: 12 rg: 22 | total time: 24.58m | eta: 35.1m
step 01044/02520 (41.43%) | loss: 3.194101 | lrm: 0.91 | dt: 1424.30ms | tok/sec: 368,103 | bf16_mfu: 0.00 | epoch: 1 pq: 12 rg: 23 | total time: 24.60m | eta: 35.1m
step 01045/02520 (41.47%) | loss: 3.193807 | lrm: 0.91 | dt: 1425.01ms | tok/sec: 367,920 | bf16_mfu: 0.00 | epoch: 1 pq: 12 rg: 24 | total time: 24.63m | eta: 35.1m
step 01046/02520 (41.51%) | loss: 3.199916 | lrm: 0.90 | dt: 1425.95ms | tok/sec: 367,675 | bf16_mfu: 0.00 | epoch: 1 pq: 12 rg: 25 | total time: 24.65m | eta: 35.1m
step 01047/02520 (41.55%) | loss: 3.194892 | lrm: 0.90 | dt: 1425.47ms | tok/sec: 367,801 | bf16_mfu: 0.00 | epoch: 1 pq: 12 rg: 26 | total time: 24.68m | eta: 35.1m
step 01048/02520 (41.59%) | loss: 3.201601 | lrm: 0.90 | dt: 1425.99ms | tok/sec: 367,665 | bf16_mfu: 0.00 | epoch: 1 pq: 12 rg: 27 | total time: 24.70m | eta: 35.0m
step 01049/02520 (41.63%) | loss: 3.201694 | lrm: 0.90 | dt: 1426.04ms | tok/sec: 367,651 | bf16_mfu: 0.00 | epoch: 1 pq: 12 rg: 28 | total time: 24.72m | eta: 35.0m
step 01050/02520 (41.67%) | loss: 3.205839 | lrm: 0.90 | dt: 1424.37ms | tok/sec: 368,083 | bf16_mfu: 0.00 | epoch: 1 pq: 12 rg: 29 | total time: 24.75m | eta: 35.0m
step 01051/02520 (41.71%) | loss: 3.194431 | lrm: 0.90 | dt: 1426.79ms | tok/sec: 367,459 | bf16_mfu: 0.00 | epoch: 1 pq: 12 rg: 30 | total time: 24.77m | eta: 35.0m
step 01052/02520 (41.75%) | loss: 3.196069 | lrm: 0.90 | dt: 1425.16ms | tok/sec: 367,879 | bf16_mfu: 0.00 | epoch: 1 pq: 12 rg: 31 | total time: 24.79m | eta: 34.9m
step 01053/02520 (41.79%) | loss: 3.191462 | lrm: 0.90 | dt: 1426.04ms | tok/sec: 367,654 | bf16_mfu: 0.00 | epoch: 1 pq: 12 rg: 32 | total time: 24.82m | eta: 34.9m
step 01054/02520 (41.83%) | loss: 3.198366 | lrm: 0.90 | dt: 1424.71ms | tok/sec: 367,995 | bf16_mfu: 0.00 | epoch: 1 pq: 12 rg: 33 | total time: 24.84m | eta: 34.9m
step 01055/02520 (41.87%) | loss: 3.209168 | lrm: 0.90 | dt: 1424.48ms | tok/sec: 368,055 | bf16_mfu: 0.00 | epoch: 1 pq: 12 rg: 34 | total time: 24.87m | eta: 34.9m
step 01056/02520 (41.90%) | loss: 3.206263 | lrm: 0.90 | dt: 1426.31ms | tok/sec: 367,583 | bf16_mfu: 0.00 | epoch: 1 pq: 12 rg: 35 | total time: 24.89m | eta: 34.8m
step 01057/02520 (41.94%) | loss: 3.205332 | lrm: 0.90 | dt: 1425.69ms | tok/sec: 367,744 | bf16_mfu: 0.00 | epoch: 1 pq: 12 rg: 35 | total time: 24.91m | eta: 34.8m
step 01058/02520 (41.98%) | loss: 3.211204 | lrm: 0.90 | dt: 1426.79ms | tok/sec: 367,459 | bf16_mfu: 0.00 | epoch: 1 pq: 12 rg: 36 | total time: 24.94m | eta: 34.8m
step 01059/02520 (42.02%) | loss: 3.205923 | lrm: 0.90 | dt: 1426.13ms | tok/sec: 367,630 | bf16_mfu: 0.00 | epoch: 1 pq: 12 rg: 37 | total time: 24.96m | eta: 34.8m
step 01060/02520 (42.06%) | loss: 3.201823 | lrm: 0.90 | dt: 1428.00ms | tok/sec: 367,147 | bf16_mfu: 0.00 | epoch: 1 pq: 12 rg: 38 | total time: 24.99m | eta: 34.7m
step 01061/02520 (42.10%) | loss: 3.187651 | lrm: 0.90 | dt: 1425.67ms | tok/sec: 367,749 | bf16_mfu: 0.00 | epoch: 1 pq: 12 rg: 39 | total time: 25.01m | eta: 34.7m
step 01062/02520 (42.14%) | loss: 3.194823 | lrm: 0.90 | dt: 1426.72ms | tok/sec: 367,478 | bf16_mfu: 0.00 | epoch: 1 pq: 12 rg: 40 | total time: 25.03m | eta: 34.7m
step 01063/02520 (42.18%) | loss: 3.200597 | lrm: 0.90 | dt: 1427.13ms | tok/sec: 367,372 | bf16_mfu: 0.00 | epoch: 1 pq: 12 rg: 41 | total time: 25.06m | eta: 34.7m
step 01064/02520 (42.22%) | loss: 3.195642 | lrm: 0.89 | dt: 1426.10ms | tok/sec: 367,638 | bf16_mfu: 0.00 | epoch: 1 pq: 12 rg: 42 | total time: 25.08m | eta: 34.6m
step 01065/02520 (42.26%) | loss: 3.201035 | lrm: 0.89 | dt: 1427.14ms | tok/sec: 367,369 | bf16_mfu: 0.00 | epoch: 1 pq: 12 rg: 43 | total time: 25.10m | eta: 34.6m
step 01066/02520 (42.30%) | loss: 3.191816 | lrm: 0.89 | dt: 1425.51ms | tok/sec: 367,789 | bf16_mfu: 0.00 | epoch: 1 pq: 12 rg: 44 | total time: 25.13m | eta: 34.6m
step 01067/02520 (42.34%) | loss: 3.184747 | lrm: 0.89 | dt: 1426.60ms | tok/sec: 367,509 | bf16_mfu: 0.00 | epoch: 1 pq: 12 rg: 45 | total time: 25.15m | eta: 34.6m
step 01068/02520 (42.38%) | loss: 3.183691 | lrm: 0.89 | dt: 1424.53ms | tok/sec: 368,042 | bf16_mfu: 0.00 | epoch: 1 pq: 12 rg: 46 | total time: 25.18m | eta: 34.6m
step 01069/02520 (42.42%) | loss: 3.190108 | lrm: 0.89 | dt: 1425.45ms | tok/sec: 367,804 | bf16_mfu: 0.00 | epoch: 1 pq: 12 rg: 47 | total time: 25.20m | eta: 34.5m
step 01070/02520 (42.46%) | loss: 3.192277 | lrm: 0.89 | dt: 1426.26ms | tok/sec: 367,596 | bf16_mfu: 0.00 | epoch: 1 pq: 12 rg: 48 | total time: 25.22m | eta: 34.5m
step 01071/02520 (42.50%) | loss: 3.193548 | lrm: 0.89 | dt: 1425.93ms | tok/sec: 367,681 | bf16_mfu: 0.00 | epoch: 1 pq: 12 rg: 49 | total time: 25.25m | eta: 34.5m
step 01072/02520 (42.54%) | loss: 3.190039 | lrm: 0.89 | dt: 1426.59ms | tok/sec: 367,511 | bf16_mfu: 0.00 | epoch: 1 pq: 12 rg: 50 | total time: 25.27m | eta: 34.5m
step 01073/02520 (42.58%) | loss: 3.181042 | lrm: 0.89 | dt: 1425.19ms | tok/sec: 367,871 | bf16_mfu: 0.00 | epoch: 1 pq: 12 rg: 51 | total time: 25.29m | eta: 34.4m
step 01074/02520 (42.62%) | loss: 3.183864 | lrm: 0.89 | dt: 1425.72ms | tok/sec: 367,734 | bf16_mfu: 0.00 | epoch: 1 pq: 12 rg: 52 | total time: 25.32m | eta: 34.4m
step 01075/02520 (42.66%) | loss: 3.194210 | lrm: 0.89 | dt: 1426.87ms | tok/sec: 367,438 | bf16_mfu: 0.00 | epoch: 1 pq: 12 rg: 53 | total time: 25.34m | eta: 34.4m
step 01076/02520 (42.70%) | loss: 3.190689 | lrm: 0.89 | dt: 1427.96ms | tok/sec: 367,158 | bf16_mfu: 0.00 | epoch: 1 pq: 12 rg: 54 | total time: 25.37m | eta: 34.4m
step 01077/02520 (42.74%) | loss: 3.199330 | lrm: 0.89 | dt: 1426.60ms | tok/sec: 367,508 | bf16_mfu: 0.00 | epoch: 1 pq: 12 rg: 55 | total time: 25.39m | eta: 34.3m
step 01078/02520 (42.78%) | loss: 3.202988 | lrm: 0.89 | dt: 1425.80ms | tok/sec: 367,713 | bf16_mfu: 0.00 | epoch: 1 pq: 12 rg: 56 | total time: 25.41m | eta: 34.3m
step 01079/02520 (42.82%) | loss: 3.195951 | lrm: 0.89 | dt: 1426.42ms | tok/sec: 367,555 | bf16_mfu: 0.00 | epoch: 1 pq: 12 rg: 57 | total time: 25.44m | eta: 34.3m
step 01080/02520 (42.86%) | loss: 3.202209 | lrm: 0.89 | dt: 1426.57ms | tok/sec: 367,517 | bf16_mfu: 0.00 | epoch: 1 pq: 12 rg: 58 | total time: 25.46m | eta: 34.3m
step 01081/02520 (42.90%) | loss: 3.195363 | lrm: 0.88 | dt: 1427.69ms | tok/sec: 367,228 | bf16_mfu: 0.00 | epoch: 1 pq: 12 rg: 59 | total time: 25.48m | eta: 34.2m
step 01082/02520 (42.94%) | loss: 3.197012 | lrm: 0.88 | dt: 1427.47ms | tok/sec: 367,285 | bf16_mfu: 0.00 | epoch: 1 pq: 12 rg: 60 | total time: 25.51m | eta: 34.2m
step 01083/02520 (42.98%) | loss: 3.198203 | lrm: 0.88 | dt: 1425.30ms | tok/sec: 367,844 | bf16_mfu: 0.00 | epoch: 1 pq: 12 rg: 61 | total time: 25.53m | eta: 34.2m
step 01084/02520 (43.02%) | loss: 3.193988 | lrm: 0.88 | dt: 1425.98ms | tok/sec: 367,667 | bf16_mfu: 0.00 | epoch: 1 pq: 12 rg: 62 | total time: 25.56m | eta: 34.2m
step 01085/02520 (43.06%) | loss: 3.194817 | lrm: 0.88 | dt: 1424.23ms | tok/sec: 368,120 | bf16_mfu: 0.00 | epoch: 1 pq: 12 rg: 63 | total time: 25.58m | eta: 34.1m
step 01086/02520 (43.10%) | loss: 3.188292 | lrm: 0.88 | dt: 1425.91ms | tok/sec: 367,685 | bf16_mfu: 0.00 | epoch: 1 pq: 12 rg: 64 | total time: 25.60m | eta: 34.1m
step 01087/02520 (43.13%) | loss: 3.196939 | lrm: 0.88 | dt: 1425.04ms | tok/sec: 367,910 | bf16_mfu: 0.00 | epoch: 1 pq: 12 rg: 65 | total time: 25.63m | eta: 34.1m
step 01088/02520 (43.17%) | loss: 3.195943 | lrm: 0.88 | dt: 1425.13ms | tok/sec: 367,888 | bf16_mfu: 0.00 | epoch: 1 pq: 12 rg: 66 | total time: 25.65m | eta: 34.1m
step 01089/02520 (43.21%) | loss: 3.202224 | lrm: 0.88 | dt: 1424.87ms | tok/sec: 367,954 | bf16_mfu: 0.00 | epoch: 1 pq: 12 rg: 67 | total time: 25.67m | eta: 34.0m
step 01090/02520 (43.25%) | loss: 3.201328 | lrm: 0.88 | dt: 1425.37ms | tok/sec: 367,825 | bf16_mfu: 0.00 | epoch: 1 pq: 12 rg: 68 | total time: 25.70m | eta: 34.0m
step 01091/02520 (43.29%) | loss: 3.210231 | lrm: 0.88 | dt: 1426.61ms | tok/sec: 367,505 | bf16_mfu: 0.00 | epoch: 1 pq: 12 rg: 68 | total time: 25.72m | eta: 34.0m
step 01092/02520 (43.33%) | loss: 3.212746 | lrm: 0.88 | dt: 1425.64ms | tok/sec: 367,755 | bf16_mfu: 0.00 | epoch: 1 pq: 12 rg: 70 | total time: 25.75m | eta: 34.0m
step 01093/02520 (43.37%) | loss: 3.215265 | lrm: 0.88 | dt: 1427.61ms | tok/sec: 367,249 | bf16_mfu: 0.00 | epoch: 1 pq: 12 rg: 70 | total time: 25.77m | eta: 34.0m
step 01094/02520 (43.41%) | loss: 3.228040 | lrm: 0.88 | dt: 1426.21ms | tok/sec: 367,609 | bf16_mfu: 0.00 | epoch: 1 pq: 12 rg: 72 | total time: 25.79m | eta: 33.9m
step 01095/02520 (43.45%) | loss: 3.229311 | lrm: 0.88 | dt: 1425.93ms | tok/sec: 367,682 | bf16_mfu: 0.00 | epoch: 1 pq: 12 rg: 72 | total time: 25.82m | eta: 33.9m
step 01096/02520 (43.49%) | loss: 3.225264 | lrm: 0.88 | dt: 1425.60ms | tok/sec: 367,766 | bf16_mfu: 0.00 | epoch: 1 pq: 12 rg: 74 | total time: 25.84m | eta: 33.9m
step 01097/02520 (43.53%) | loss: 3.222403 | lrm: 0.88 | dt: 1425.58ms | tok/sec: 367,771 | bf16_mfu: 0.00 | epoch: 1 pq: 12 rg: 74 | total time: 25.86m | eta: 33.9m
step 01098/02520 (43.57%) | loss: 3.233732 | lrm: 0.87 | dt: 1426.46ms | tok/sec: 367,544 | bf16_mfu: 0.00 | epoch: 1 pq: 12 rg: 75 | total time: 25.89m | eta: 33.8m
step 01099/02520 (43.61%) | loss: 3.235879 | lrm: 0.87 | dt: 1425.41ms | tok/sec: 367,816 | bf16_mfu: 0.00 | epoch: 1 pq: 12 rg: 76 | total time: 25.91m | eta: 33.8m
step 01100/02520 (43.65%) | loss: 3.221375 | lrm: 0.87 | dt: 1427.59ms | tok/sec: 367,253 | bf16_mfu: 0.00 | epoch: 1 pq: 12 rg: 77 | total time: 25.94m | eta: 33.8m
step 01101/02520 (43.69%) | loss: 3.217361 | lrm: 0.87 | dt: 1424.91ms | tok/sec: 367,943 | bf16_mfu: 0.00 | epoch: 1 pq: 12 rg: 78 | total time: 25.96m | eta: 33.8m
step 01102/02520 (43.73%) | loss: 3.217246 | lrm: 0.87 | dt: 1425.25ms | tok/sec: 367,857 | bf16_mfu: 0.00 | epoch: 1 pq: 12 rg: 79 | total time: 25.98m | eta: 33.7m
step 01103/02520 (43.77%) | loss: 3.208366 | lrm: 0.87 | dt: 1426.09ms | tok/sec: 367,641 | bf16_mfu: 0.00 | epoch: 1 pq: 12 rg: 80 | total time: 26.01m | eta: 33.7m
step 01104/02520 (43.81%) | loss: 3.204816 | lrm: 0.87 | dt: 1425.92ms | tok/sec: 367,685 | bf16_mfu: 0.00 | epoch: 1 pq: 12 rg: 81 | total time: 26.03m | eta: 33.7m
step 01105/02520 (43.85%) | loss: 3.206008 | lrm: 0.87 | dt: 1425.07ms | tok/sec: 367,902 | bf16_mfu: 0.00 | epoch: 1 pq: 13 rg: 0 | total time: 26.05m | eta: 33.7m
step 01106/02520 (43.89%) | loss: 3.201363 | lrm: 0.87 | dt: 1425.18ms | tok/sec: 367,875 | bf16_mfu: 0.00 | epoch: 1 pq: 13 rg: 1 | total time: 26.08m | eta: 33.6m
step 01107/02520 (43.93%) | loss: 3.198838 | lrm: 0.87 | dt: 1426.38ms | tok/sec: 367,565 | bf16_mfu: 0.00 | epoch: 1 pq: 13 rg: 2 | total time: 26.10m | eta: 33.6m
step 01108/02520 (43.97%) | loss: 3.197199 | lrm: 0.87 | dt: 1425.49ms | tok/sec: 367,795 | bf16_mfu: 0.00 | epoch: 1 pq: 13 rg: 3 | total time: 26.13m | eta: 33.6m
step 01109/02520 (44.01%) | loss: 3.214329 | lrm: 0.87 | dt: 1425.00ms | tok/sec: 367,922 | bf16_mfu: 0.00 | epoch: 1 pq: 13 rg: 4 | total time: 26.15m | eta: 33.6m
step 01110/02520 (44.05%) | loss: 3.212634 | lrm: 0.87 | dt: 1426.37ms | tok/sec: 367,567 | bf16_mfu: 0.00 | epoch: 1 pq: 13 rg: 5 | total time: 26.17m | eta: 33.5m
step 01111/02520 (44.09%) | loss: 3.207051 | lrm: 0.87 | dt: 1425.68ms | tok/sec: 367,745 | bf16_mfu: 0.00 | epoch: 1 pq: 13 rg: 6 | total time: 26.20m | eta: 33.5m
step 01112/02520 (44.13%) | loss: 3.206868 | lrm: 0.87 | dt: 1426.37ms | tok/sec: 367,568 | bf16_mfu: 0.00 | epoch: 1 pq: 13 rg: 7 | total time: 26.22m | eta: 33.5m
step 01113/02520 (44.17%) | loss: 3.208932 | lrm: 0.87 | dt: 1425.04ms | tok/sec: 367,910 | bf16_mfu: 0.00 | epoch: 1 pq: 13 rg: 8 | total time: 26.24m | eta: 33.5m
step 01114/02520 (44.21%) | loss: 3.202565 | lrm: 0.87 | dt: 1426.32ms | tok/sec: 367,580 | bf16_mfu: 0.00 | epoch: 1 pq: 13 rg: 9 | total time: 26.27m | eta: 33.5m
step 01115/02520 (44.25%) | loss: 3.197802 | lrm: 0.86 | dt: 1423.84ms | tok/sec: 368,220 | bf16_mfu: 0.00 | epoch: 1 pq: 13 rg: 10 | total time: 26.29m | eta: 33.4m
step 01116/02520 (44.29%) | loss: 3.197727 | lrm: 0.86 | dt: 1424.00ms | tok/sec: 368,179 | bf16_mfu: 0.00 | epoch: 1 pq: 13 rg: 11 | total time: 26.32m | eta: 33.4m
step 01117/02520 (44.33%) | loss: 3.199858 | lrm: 0.86 | dt: 1425.40ms | tok/sec: 367,818 | bf16_mfu: 0.00 | epoch: 1 pq: 13 rg: 12 | total time: 26.34m | eta: 33.4m
step 01118/02520 (44.37%) | loss: 3.194947 | lrm: 0.86 | dt: 1425.49ms | tok/sec: 367,795 | bf16_mfu: 0.00 | epoch: 1 pq: 13 rg: 13 | total time: 26.36m | eta: 33.4m
step 01119/02520 (44.40%) | loss: 3.193815 | lrm: 0.86 | dt: 1425.17ms | tok/sec: 367,878 | bf16_mfu: 0.00 | epoch: 1 pq: 13 rg: 14 | total time: 26.39m | eta: 33.3m
step 01120/02520 (44.44%) | loss: 3.183339 | lrm: 0.86 | dt: 1424.51ms | tok/sec: 368,048 | bf16_mfu: 0.00 | epoch: 1 pq: 13 rg: 15 | total time: 26.41m | eta: 33.3m
step 01121/02520 (44.48%) | loss: 3.183135 | lrm: 0.86 | dt: 1425.42ms | tok/sec: 367,811 | bf16_mfu: 0.00 | epoch: 1 pq: 13 rg: 16 | total time: 26.43m | eta: 33.3m
step 01122/02520 (44.52%) | loss: 3.184131 | lrm: 0.86 | dt: 1425.00ms | tok/sec: 367,922 | bf16_mfu: 0.00 | epoch: 1 pq: 13 rg: 17 | total time: 26.46m | eta: 33.3m
step 01123/02520 (44.56%) | loss: 3.189914 | lrm: 0.86 | dt: 1424.95ms | tok/sec: 367,934 | bf16_mfu: 0.00 | epoch: 1 pq: 13 rg: 18 | total time: 26.48m | eta: 33.2m
step 01124/02520 (44.60%) | loss: 3.191082 | lrm: 0.86 | dt: 1425.72ms | tok/sec: 367,736 | bf16_mfu: 0.00 | epoch: 1 pq: 13 rg: 19 | total time: 26.51m | eta: 33.2m
step 01125/02520 (44.64%) | loss: 3.198760 | lrm: 0.86 | dt: 1425.61ms | tok/sec: 367,765 | bf16_mfu: 0.00 | epoch: 1 pq: 13 rg: 19 | total time: 26.53m | eta: 33.2m
step 01126/02520 (44.68%) | loss: 3.194310 | lrm: 0.86 | dt: 1426.86ms | tok/sec: 367,441 | bf16_mfu: 0.00 | epoch: 1 pq: 13 rg: 20 | total time: 26.55m | eta: 33.2m
step 01127/02520 (44.72%) | loss: 3.192806 | lrm: 0.86 | dt: 1425.56ms | tok/sec: 367,777 | bf16_mfu: 0.00 | epoch: 1 pq: 13 rg: 21 | total time: 26.58m | eta: 33.1m
step 01128/02520 (44.76%) | loss: 3.178525 | lrm: 0.86 | dt: 1425.90ms | tok/sec: 367,688 | bf16_mfu: 0.00 | epoch: 1 pq: 13 rg: 22 | total time: 26.60m | eta: 33.1m
step 01129/02520 (44.80%) | loss: 3.182134 | lrm: 0.86 | dt: 1426.31ms | tok/sec: 367,583 | bf16_mfu: 0.00 | epoch: 1 pq: 13 rg: 23 | total time: 26.62m | eta: 33.1m
step 01130/02520 (44.84%) | loss: 3.183110 | lrm: 0.86 | dt: 1425.94ms | tok/sec: 367,679 | bf16_mfu: 0.00 | epoch: 1 pq: 13 rg: 24 | total time: 26.65m | eta: 33.1m
step 01131/02520 (44.88%) | loss: 3.184950 | lrm: 0.86 | dt: 1426.43ms | tok/sec: 367,551 | bf16_mfu: 0.00 | epoch: 1 pq: 13 rg: 25 | total time: 26.67m | eta: 33.0m
step 01132/02520 (44.92%) | loss: 3.188199 | lrm: 0.86 | dt: 1427.34ms | tok/sec: 367,319 | bf16_mfu: 0.00 | epoch: 1 pq: 13 rg: 26 | total time: 26.70m | eta: 33.0m
step 01133/02520 (44.96%) | loss: 3.182330 | lrm: 0.85 | dt: 1426.68ms | tok/sec: 367,489 | bf16_mfu: 0.00 | epoch: 1 pq: 13 rg: 27 | total time: 26.72m | eta: 33.0m
step 01134/02520 (45.00%) | loss: 3.184966 | lrm: 0.85 | dt: 1426.05ms | tok/sec: 367,649 | bf16_mfu: 0.00 | epoch: 1 pq: 13 rg: 28 | total time: 26.74m | eta: 33.0m
step 01135/02520 (45.04%) | loss: 3.189795 | lrm: 0.85 | dt: 1426.06ms | tok/sec: 367,648 | bf16_mfu: 0.00 | epoch: 1 pq: 13 rg: 29 | total time: 26.77m | eta: 33.0m
step 01136/02520 (45.08%) | loss: 3.190921 | lrm: 0.85 | dt: 1426.50ms | tok/sec: 367,534 | bf16_mfu: 0.00 | epoch: 1 pq: 13 rg: 30 | total time: 26.79m | eta: 32.9m
step 01137/02520 (45.12%) | loss: 3.191267 | lrm: 0.85 | dt: 1426.18ms | tok/sec: 367,615 | bf16_mfu: 0.00 | epoch: 1 pq: 13 rg: 31 | total time: 26.81m | eta: 32.9m
step 01138/02520 (45.16%) | loss: 3.191301 | lrm: 0.85 | dt: 1427.06ms | tok/sec: 367,389 | bf16_mfu: 0.00 | epoch: 1 pq: 13 rg: 32 | total time: 26.84m | eta: 32.9m
step 01139/02520 (45.20%) | loss: 3.182328 | lrm: 0.85 | dt: 1425.71ms | tok/sec: 367,737 | bf16_mfu: 0.00 | epoch: 1 pq: 13 rg: 33 | total time: 26.86m | eta: 32.9m
step 01140/02520 (45.24%) | loss: 3.184051 | lrm: 0.85 | dt: 1426.45ms | tok/sec: 367,546 | bf16_mfu: 0.00 | epoch: 1 pq: 13 rg: 34 | total time: 26.89m | eta: 32.8m
step 01141/02520 (45.28%) | loss: 3.181867 | lrm: 0.85 | dt: 1426.05ms | tok/sec: 367,649 | bf16_mfu: 0.00 | epoch: 1 pq: 13 rg: 35 | total time: 26.91m | eta: 32.8m
step 01142/02520 (45.32%) | loss: 3.184709 | lrm: 0.85 | dt: 1427.31ms | tok/sec: 367,325 | bf16_mfu: 0.00 | epoch: 1 pq: 13 rg: 36 | total time: 26.93m | eta: 32.8m
step 01143/02520 (45.36%) | loss: 3.180560 | lrm: 0.85 | dt: 1428.00ms | tok/sec: 367,148 | bf16_mfu: 0.00 | epoch: 1 pq: 13 rg: 37 | total time: 26.96m | eta: 32.8m
step 01144/02520 (45.40%) | loss: 3.178874 | lrm: 0.85 | dt: 1426.90ms | tok/sec: 367,431 | bf16_mfu: 0.00 | epoch: 1 pq: 13 rg: 38 | total time: 26.98m | eta: 32.7m
step 01145/02520 (45.44%) | loss: 3.173448 | lrm: 0.85 | dt: 1427.97ms | tok/sec: 367,155 | bf16_mfu: 0.00 | epoch: 1 pq: 13 rg: 39 | total time: 27.01m | eta: 32.7m
step 01146/02520 (45.48%) | loss: 3.168945 | lrm: 0.85 | dt: 1426.54ms | tok/sec: 367,524 | bf16_mfu: 0.00 | epoch: 1 pq: 13 rg: 40 | total time: 27.03m | eta: 32.7m
step 01147/02520 (45.52%) | loss: 3.170173 | lrm: 0.85 | dt: 1427.86ms | tok/sec: 367,184 | bf16_mfu: 0.00 | epoch: 1 pq: 13 rg: 41 | total time: 27.05m | eta: 32.7m
step 01148/02520 (45.56%) | loss: 3.171267 | lrm: 0.85 | dt: 1426.20ms | tok/sec: 367,612 | bf16_mfu: 0.00 | epoch: 1 pq: 13 rg: 42 | total time: 27.08m | eta: 32.6m
step 01149/02520 (45.60%) | loss: 3.176214 | lrm: 0.85 | dt: 1425.35ms | tok/sec: 367,831 | bf16_mfu: 0.00 | epoch: 1 pq: 13 rg: 43 | total time: 27.10m | eta: 32.6m
step 01150/02520 (45.63%) | loss: 3.174165 | lrm: 0.84 | dt: 1426.51ms | tok/sec: 367,532 | bf16_mfu: 0.00 | epoch: 1 pq: 13 rg: 44 | total time: 27.12m | eta: 32.6m
step 01151/02520 (45.67%) | loss: 3.175544 | lrm: 0.84 | dt: 1425.62ms | tok/sec: 367,761 | bf16_mfu: 0.00 | epoch: 1 pq: 13 rg: 45 | total time: 27.15m | eta: 32.6m
step 01152/02520 (45.71%) | loss: 3.170390 | lrm: 0.84 | dt: 1426.38ms | tok/sec: 367,565 | bf16_mfu: 0.00 | epoch: 1 pq: 13 rg: 46 | total time: 27.17m | eta: 32.5m
step 01153/02520 (45.75%) | loss: 3.164647 | lrm: 0.84 | dt: 1426.11ms | tok/sec: 367,635 | bf16_mfu: 0.00 | epoch: 1 pq: 13 rg: 47 | total time: 27.20m | eta: 32.5m
step 01154/02520 (45.79%) | loss: 3.156002 | lrm: 0.84 | dt: 1425.62ms | tok/sec: 367,760 | bf16_mfu: 0.00 | epoch: 1 pq: 13 rg: 48 | total time: 27.22m | eta: 32.5m
step 01155/02520 (45.83%) | loss: 3.148361 | lrm: 0.84 | dt: 1424.76ms | tok/sec: 367,984 | bf16_mfu: 0.00 | epoch: 1 pq: 13 rg: 49 | total time: 27.24m | eta: 32.5m
step 01156/02520 (45.87%) | loss: 3.151809 | lrm: 0.84 | dt: 1426.06ms | tok/sec: 367,647 | bf16_mfu: 0.00 | epoch: 1 pq: 13 rg: 50 | total time: 27.27m | eta: 32.5m
step 01157/02520 (45.91%) | loss: 3.157735 | lrm: 0.84 | dt: 1426.61ms | tok/sec: 367,505 | bf16_mfu: 0.00 | epoch: 1 pq: 13 rg: 51 | total time: 27.29m | eta: 32.4m
step 01158/02520 (45.95%) | loss: 3.151823 | lrm: 0.84 | dt: 1425.59ms | tok/sec: 367,769 | bf16_mfu: 0.00 | epoch: 1 pq: 13 rg: 52 | total time: 27.31m | eta: 32.4m
step 01159/02520 (45.99%) | loss: 3.144415 | lrm: 0.84 | dt: 1427.06ms | tok/sec: 367,389 | bf16_mfu: 0.00 | epoch: 1 pq: 13 rg: 53 | total time: 27.34m | eta: 32.4m
step 01160/02520 (46.03%) | loss: 3.155905 | lrm: 0.84 | dt: 1426.13ms | tok/sec: 367,629 | bf16_mfu: 0.00 | epoch: 1 pq: 13 rg: 54 | total time: 27.36m | eta: 32.4m
step 01161/02520 (46.07%) | loss: 3.148883 | lrm: 0.84 | dt: 1426.94ms | tok/sec: 367,420 | bf16_mfu: 0.00 | epoch: 1 pq: 13 rg: 55 | total time: 27.39m | eta: 32.3m
step 01162/02520 (46.11%) | loss: 3.145524 | lrm: 0.84 | dt: 1424.60ms | tok/sec: 368,024 | bf16_mfu: 0.00 | epoch: 1 pq: 13 rg: 55 | total time: 27.41m | eta: 32.3m
step 01163/02520 (46.15%) | loss: 3.145472 | lrm: 0.84 | dt: 1425.86ms | tok/sec: 367,700 | bf16_mfu: 0.00 | epoch: 1 pq: 13 rg: 56 | total time: 27.43m | eta: 32.3m
step 01164/02520 (46.19%) | loss: 3.133605 | lrm: 0.84 | dt: 1425.75ms | tok/sec: 367,727 | bf16_mfu: 0.00 | epoch: 1 pq: 13 rg: 57 | total time: 27.46m | eta: 32.3m
step 01165/02520 (46.23%) | loss: 3.139897 | lrm: 0.84 | dt: 1425.47ms | tok/sec: 367,800 | bf16_mfu: 0.00 | epoch: 1 pq: 13 rg: 58 | total time: 27.48m | eta: 32.2m
step 01166/02520 (46.27%) | loss: 3.133577 | lrm: 0.84 | dt: 1426.83ms | tok/sec: 367,448 | bf16_mfu: 0.00 | epoch: 1 pq: 13 rg: 59 | total time: 27.50m | eta: 32.2m
step 01167/02520 (46.31%) | loss: 3.137448 | lrm: 0.83 | dt: 1425.32ms | tok/sec: 367,837 | bf16_mfu: 0.00 | epoch: 1 pq: 13 rg: 60 | total time: 27.53m | eta: 32.2m
step 01168/02520 (46.35%) | loss: 3.131287 | lrm: 0.83 | dt: 1426.67ms | tok/sec: 367,491 | bf16_mfu: 0.00 | epoch: 1 pq: 13 rg: 61 | total time: 27.55m | eta: 32.2m
step 01169/02520 (46.39%) | loss: 3.135913 | lrm: 0.83 | dt: 1425.39ms | tok/sec: 367,819 | bf16_mfu: 0.00 | epoch: 1 pq: 13 rg: 62 | total time: 27.58m | eta: 32.1m
step 01170/02520 (46.43%) | loss: 3.144927 | lrm: 0.83 | dt: 1425.19ms | tok/sec: 367,873 | bf16_mfu: 0.00 | epoch: 1 pq: 13 rg: 63 | total time: 27.60m | eta: 32.1m
step 01171/02520 (46.47%) | loss: 3.147636 | lrm: 0.83 | dt: 1425.49ms | tok/sec: 367,795 | bf16_mfu: 0.00 | epoch: 1 pq: 13 rg: 64 | total time: 27.62m | eta: 32.1m
step 01172/02520 (46.51%) | loss: 3.148888 | lrm: 0.83 | dt: 1425.07ms | tok/sec: 367,903 | bf16_mfu: 0.00 | epoch: 1 pq: 13 rg: 65 | total time: 27.65m | eta: 32.1m
step 01173/02520 (46.55%) | loss: 3.146089 | lrm: 0.83 | dt: 1427.07ms | tok/sec: 367,388 | bf16_mfu: 0.00 | epoch: 1 pq: 13 rg: 66 | total time: 27.67m | eta: 32.0m
step 01174/02520 (46.59%) | loss: 3.150416 | lrm: 0.83 | dt: 1427.11ms | tok/sec: 367,376 | bf16_mfu: 0.00 | epoch: 1 pq: 13 rg: 67 | total time: 27.69m | eta: 32.0m
step 01175/02520 (46.63%) | loss: 3.155215 | lrm: 0.83 | dt: 1427.51ms | tok/sec: 367,275 | bf16_mfu: 0.00 | epoch: 1 pq: 13 rg: 68 | total time: 27.72m | eta: 32.0m
step 01176/02520 (46.67%) | loss: 3.166956 | lrm: 0.83 | dt: 1425.98ms | tok/sec: 367,668 | bf16_mfu: 0.00 | epoch: 1 pq: 13 rg: 69 | total time: 27.74m | eta: 32.0m
step 01177/02520 (46.71%) | loss: 3.163662 | lrm: 0.83 | dt: 1426.49ms | tok/sec: 367,535 | bf16_mfu: 0.00 | epoch: 1 pq: 13 rg: 70 | total time: 27.77m | eta: 32.0m
step 01178/02520 (46.75%) | loss: 3.168870 | lrm: 0.83 | dt: 1426.46ms | tok/sec: 367,544 | bf16_mfu: 0.00 | epoch: 1 pq: 13 rg: 71 | total time: 27.79m | eta: 31.9m
step 01179/02520 (46.79%) | loss: 3.174847 | lrm: 0.83 | dt: 1425.75ms | tok/sec: 367,729 | bf16_mfu: 0.00 | epoch: 1 pq: 13 rg: 72 | total time: 27.81m | eta: 31.9m
step 01180/02520 (46.83%) | loss: 3.168565 | lrm: 0.83 | dt: 1426.64ms | tok/sec: 367,497 | bf16_mfu: 0.00 | epoch: 1 pq: 13 rg: 73 | total time: 27.84m | eta: 31.9m
step 01181/02520 (46.87%) | loss: 3.174910 | lrm: 0.83 | dt: 1424.67ms | tok/sec: 368,005 | bf16_mfu: 0.00 | epoch: 1 pq: 13 rg: 74 | total time: 27.86m | eta: 31.9m
step 01182/02520 (46.90%) | loss: 3.169867 | lrm: 0.83 | dt: 1426.26ms | tok/sec: 367,597 | bf16_mfu: 0.00 | epoch: 1 pq: 13 rg: 75 | total time: 27.88m | eta: 31.8m
step 01183/02520 (46.94%) | loss: 3.175630 | lrm: 0.83 | dt: 1424.58ms | tok/sec: 368,029 | bf16_mfu: 0.00 | epoch: 1 pq: 13 rg: 76 | total time: 27.91m | eta: 31.8m
step 01184/02520 (46.98%) | loss: 3.165513 | lrm: 0.82 | dt: 1424.67ms | tok/sec: 368,005 | bf16_mfu: 0.00 | epoch: 1 pq: 13 rg: 77 | total time: 27.93m | eta: 31.8m
step 01185/02520 (47.02%) | loss: 3.152301 | lrm: 0.82 | dt: 1425.41ms | tok/sec: 367,816 | bf16_mfu: 0.00 | epoch: 1 pq: 13 rg: 78 | total time: 27.96m | eta: 31.8m
step 01186/02520 (47.06%) | loss: 3.140234 | lrm: 0.82 | dt: 1425.30ms | tok/sec: 367,842 | bf16_mfu: 0.00 | epoch: 1 pq: 13 rg: 79 | total time: 27.98m | eta: 31.7m
step 01187/02520 (47.10%) | loss: 3.143710 | lrm: 0.82 | dt: 1425.46ms | tok/sec: 367,801 | bf16_mfu: 0.00 | epoch: 1 pq: 13 rg: 80 | total time: 28.00m | eta: 31.7m
step 01188/02520 (47.14%) | loss: 3.149394 | lrm: 0.82 | dt: 1425.34ms | tok/sec: 367,832 | bf16_mfu: 0.00 | epoch: 1 pq: 13 rg: 81 | total time: 28.03m | eta: 31.7m
step 01189/02520 (47.18%) | loss: 3.152333 | lrm: 0.82 | dt: 1424.29ms | tok/sec: 368,105 | bf16_mfu: 0.00 | epoch: 1 pq: 13 rg: 82 | total time: 28.05m | eta: 31.7m
step 01190/02520 (47.22%) | loss: 3.157967 | lrm: 0.82 | dt: 1425.56ms | tok/sec: 367,776 | bf16_mfu: 0.00 | epoch: 1 pq: 14 rg: 0 | total time: 28.07m | eta: 31.6m
step 01191/02520 (47.26%) | loss: 3.154977 | lrm: 0.82 | dt: 1425.61ms | tok/sec: 367,764 | bf16_mfu: 0.00 | epoch: 1 pq: 14 rg: 1 | total time: 28.10m | eta: 31.6m
step 01192/02520 (47.30%) | loss: 3.156778 | lrm: 0.82 | dt: 1425.81ms | tok/sec: 367,712 | bf16_mfu: 0.00 | epoch: 1 pq: 14 rg: 2 | total time: 28.12m | eta: 31.6m
step 01193/02520 (47.34%) | loss: 3.162425 | lrm: 0.82 | dt: 1425.06ms | tok/sec: 367,906 | bf16_mfu: 0.00 | epoch: 1 pq: 14 rg: 3 | total time: 28.15m | eta: 31.6m
step 01194/02520 (47.38%) | loss: 3.150852 | lrm: 0.82 | dt: 1425.21ms | tok/sec: 367,867 | bf16_mfu: 0.00 | epoch: 1 pq: 14 rg: 4 | total time: 28.17m | eta: 31.5m
step 01195/02520 (47.42%) | loss: 3.152252 | lrm: 0.82 | dt: 1425.63ms | tok/sec: 367,757 | bf16_mfu: 0.00 | epoch: 1 pq: 14 rg: 5 | total time: 28.19m | eta: 31.5m
step 01196/02520 (47.46%) | loss: 3.143436 | lrm: 0.82 | dt: 1425.33ms | tok/sec: 367,836 | bf16_mfu: 0.00 | epoch: 1 pq: 14 rg: 6 | total time: 28.22m | eta: 31.5m
step 01197/02520 (47.50%) | loss: 3.138703 | lrm: 0.82 | dt: 1427.47ms | tok/sec: 367,283 | bf16_mfu: 0.00 | epoch: 1 pq: 14 rg: 7 | total time: 28.24m | eta: 31.5m
step 01198/02520 (47.54%) | loss: 3.136642 | lrm: 0.82 | dt: 1426.12ms | tok/sec: 367,633 | bf16_mfu: 0.00 | epoch: 1 pq: 14 rg: 8 | total time: 28.26m | eta: 31.5m
step 01199/02520 (47.58%) | loss: 3.142449 | lrm: 0.82 | dt: 1427.57ms | tok/sec: 367,258 | bf16_mfu: 0.00 | epoch: 1 pq: 14 rg: 9 | total time: 28.29m | eta: 31.4m
step 01200/02520 (47.62%) | loss: 3.148795 | lrm: 0.82 | dt: 1427.49ms | tok/sec: 367,279 | bf16_mfu: 0.00 | epoch: 1 pq: 14 rg: 10 | total time: 28.31m | eta: 31.4m
step 01201/02520 (47.66%) | loss: 3.152108 | lrm: 0.81 | dt: 1426.89ms | tok/sec: 367,434 | bf16_mfu: 0.00 | epoch: 1 pq: 14 rg: 11 | total time: 28.34m | eta: 31.4m
step 01202/02520 (47.70%) | loss: 3.150269 | lrm: 0.81 | dt: 1428.13ms | tok/sec: 367,114 | bf16_mfu: 0.00 | epoch: 1 pq: 14 rg: 12 | total time: 28.36m | eta: 31.4m
step 01203/02520 (47.74%) | loss: 3.147750 | lrm: 0.81 | dt: 1426.01ms | tok/sec: 367,659 | bf16_mfu: 0.00 | epoch: 1 pq: 14 rg: 13 | total time: 28.38m | eta: 31.3m
step 01204/02520 (47.78%) | loss: 3.155681 | lrm: 0.81 | dt: 1427.29ms | tok/sec: 367,332 | bf16_mfu: 0.00 | epoch: 1 pq: 14 rg: 13 | total time: 28.41m | eta: 31.3m
step 01205/02520 (47.82%) | loss: 3.165074 | lrm: 0.81 | dt: 1425.63ms | tok/sec: 367,758 | bf16_mfu: 0.00 | epoch: 1 pq: 14 rg: 15 | total time: 28.43m | eta: 31.3m
step 01206/02520 (47.86%) | loss: 3.155234 | lrm: 0.81 | dt: 1427.00ms | tok/sec: 367,405 | bf16_mfu: 0.00 | epoch: 1 pq: 14 rg: 16 | total time: 28.45m | eta: 31.3m
step 01207/02520 (47.90%) | loss: 3.159559 | lrm: 0.81 | dt: 1425.34ms | tok/sec: 367,832 | bf16_mfu: 0.00 | epoch: 1 pq: 14 rg: 16 | total time: 28.48m | eta: 31.2m
step 01208/02520 (47.94%) | loss: 3.162669 | lrm: 0.81 | dt: 1426.26ms | tok/sec: 367,596 | bf16_mfu: 0.00 | epoch: 1 pq: 14 rg: 17 | total time: 28.50m | eta: 31.2m
step 01209/02520 (47.98%) | loss: 3.169603 | lrm: 0.81 | dt: 1425.54ms | tok/sec: 367,782 | bf16_mfu: 0.00 | epoch: 1 pq: 14 rg: 18 | total time: 28.53m | eta: 31.2m
step 01210/02520 (48.02%) | loss: 3.179948 | lrm: 0.81 | dt: 1425.32ms | tok/sec: 367,837 | bf16_mfu: 0.00 | epoch: 1 pq: 14 rg: 19 | total time: 28.55m | eta: 31.2m
step 01211/02520 (48.06%) | loss: 3.183239 | lrm: 0.81 | dt: 1425.86ms | tok/sec: 367,699 | bf16_mfu: 0.00 | epoch: 1 pq: 14 rg: 20 | total time: 28.57m | eta: 31.1m
step 01212/02520 (48.10%) | loss: 3.165033 | lrm: 0.81 | dt: 1426.43ms | tok/sec: 367,552 | bf16_mfu: 0.00 | epoch: 1 pq: 14 rg: 21 | total time: 28.60m | eta: 31.1m
step 01213/02520 (48.13%) | loss: 3.169702 | lrm: 0.81 | dt: 1427.78ms | tok/sec: 367,204 | bf16_mfu: 0.00 | epoch: 1 pq: 14 rg: 22 | total time: 28.62m | eta: 31.1m
step 01214/02520 (48.17%) | loss: 3.171176 | lrm: 0.81 | dt: 1427.20ms | tok/sec: 367,354 | bf16_mfu: 0.00 | epoch: 1 pq: 14 rg: 23 | total time: 28.65m | eta: 31.1m
step 01215/02520 (48.21%) | loss: 3.173421 | lrm: 0.81 | dt: 1427.75ms | tok/sec: 367,214 | bf16_mfu: 0.00 | epoch: 1 pq: 14 rg: 24 | total time: 28.67m | eta: 31.0m
step 01216/02520 (48.25%) | loss: 3.180078 | lrm: 0.81 | dt: 1427.43ms | tok/sec: 367,295 | bf16_mfu: 0.00 | epoch: 1 pq: 14 rg: 25 | total time: 28.69m | eta: 31.0m
step 01217/02520 (48.29%) | loss: 3.178421 | lrm: 0.81 | dt: 1427.29ms | tok/sec: 367,331 | bf16_mfu: 0.00 | epoch: 1 pq: 14 rg: 26 | total time: 28.72m | eta: 31.0m
step 01218/02520 (48.33%) | loss: 3.169624 | lrm: 0.81 | dt: 1428.00ms | tok/sec: 367,147 | bf16_mfu: 0.00 | epoch: 1 pq: 14 rg: 27 | total time: 28.74m | eta: 31.0m
step 01219/02520 (48.37%) | loss: 3.169532 | lrm: 0.80 | dt: 1426.10ms | tok/sec: 367,636 | bf16_mfu: 0.00 | epoch: 1 pq: 14 rg: 28 | total time: 28.76m | eta: 31.0m
step 01220/02520 (48.41%) | loss: 3.173902 | lrm: 0.80 | dt: 1427.92ms | tok/sec: 367,169 | bf16_mfu: 0.00 | epoch: 1 pq: 14 rg: 29 | total time: 28.79m | eta: 30.9m
step 01221/02520 (48.45%) | loss: 3.167133 | lrm: 0.80 | dt: 1426.38ms | tok/sec: 367,564 | bf16_mfu: 0.00 | epoch: 1 pq: 14 rg: 30 | total time: 28.81m | eta: 30.9m
step 01222/02520 (48.49%) | loss: 3.158071 | lrm: 0.80 | dt: 1427.51ms | tok/sec: 367,275 | bf16_mfu: 0.00 | epoch: 1 pq: 14 rg: 31 | total time: 28.84m | eta: 30.9m
step 01223/02520 (48.53%) | loss: 3.151970 | lrm: 0.80 | dt: 1426.07ms | tok/sec: 367,644 | bf16_mfu: 0.00 | epoch: 1 pq: 14 rg: 32 | total time: 28.86m | eta: 30.9m
step 01224/02520 (48.57%) | loss: 3.149839 | lrm: 0.80 | dt: 1426.54ms | tok/sec: 367,524 | bf16_mfu: 0.00 | epoch: 1 pq: 14 rg: 33 | total time: 28.88m | eta: 30.8m
step 01225/02520 (48.61%) | loss: 3.146719 | lrm: 0.80 | dt: 1426.50ms | tok/sec: 367,535 | bf16_mfu: 0.00 | epoch: 1 pq: 14 rg: 34 | total time: 28.91m | eta: 30.8m
step 01226/02520 (48.65%) | loss: 3.141334 | lrm: 0.80 | dt: 1426.15ms | tok/sec: 367,625 | bf16_mfu: 0.00 | epoch: 1 pq: 14 rg: 35 | total time: 28.93m | eta: 30.8m
step 01227/02520 (48.69%) | loss: 3.134470 | lrm: 0.80 | dt: 1425.95ms | tok/sec: 367,676 | bf16_mfu: 0.00 | epoch: 1 pq: 14 rg: 36 | total time: 28.95m | eta: 30.8m
step 01228/02520 (48.73%) | loss: 3.144141 | lrm: 0.80 | dt: 1426.31ms | tok/sec: 367,584 | bf16_mfu: 0.00 | epoch: 1 pq: 14 rg: 37 | total time: 28.98m | eta: 30.7m
step 01229/02520 (48.77%) | loss: 3.136205 | lrm: 0.80 | dt: 1426.54ms | tok/sec: 367,524 | bf16_mfu: 0.00 | epoch: 1 pq: 14 rg: 38 | total time: 29.00m | eta: 30.7m
step 01230/02520 (48.81%) | loss: 3.139670 | lrm: 0.80 | dt: 1426.17ms | tok/sec: 367,618 | bf16_mfu: 0.00 | epoch: 1 pq: 14 rg: 39 | total time: 29.03m | eta: 30.7m
step 01231/02520 (48.85%) | loss: 3.139346 | lrm: 0.80 | dt: 1425.07ms | tok/sec: 367,903 | bf16_mfu: 0.00 | epoch: 1 pq: 14 rg: 40 | total time: 29.05m | eta: 30.7m
step 01232/02520 (48.89%) | loss: 3.141757 | lrm: 0.80 | dt: 1426.86ms | tok/sec: 367,441 | bf16_mfu: 0.00 | epoch: 1 pq: 14 rg: 41 | total time: 29.07m | eta: 30.6m
step 01233/02520 (48.93%) | loss: 3.143753 | lrm: 0.80 | dt: 1425.79ms | tok/sec: 367,717 | bf16_mfu: 0.00 | epoch: 1 pq: 14 rg: 42 | total time: 29.10m | eta: 30.6m
step 01234/02520 (48.97%) | loss: 3.141205 | lrm: 0.80 | dt: 1427.17ms | tok/sec: 367,361 | bf16_mfu: 0.00 | epoch: 1 pq: 14 rg: 43 | total time: 29.12m | eta: 30.6m
step 01235/02520 (49.01%) | loss: 3.125835 | lrm: 0.80 | dt: 1425.95ms | tok/sec: 367,676 | bf16_mfu: 0.00 | epoch: 1 pq: 14 rg: 44 | total time: 29.14m | eta: 30.6m
step 01236/02520 (49.05%) | loss: 3.127803 | lrm: 0.79 | dt: 1427.08ms | tok/sec: 367,384 | bf16_mfu: 0.00 | epoch: 1 pq: 14 rg: 45 | total time: 29.17m | eta: 30.5m
step 01237/02520 (49.09%) | loss: 3.135104 | lrm: 0.79 | dt: 1426.42ms | tok/sec: 367,555 | bf16_mfu: 0.00 | epoch: 1 pq: 14 rg: 46 | total time: 29.19m | eta: 30.5m
step 01238/02520 (49.13%) | loss: 3.134744 | lrm: 0.79 | dt: 1426.22ms | tok/sec: 367,606 | bf16_mfu: 0.00 | epoch: 1 pq: 14 rg: 47 | total time: 29.22m | eta: 30.5m
step 01239/02520 (49.17%) | loss: 3.126598 | lrm: 0.79 | dt: 1428.54ms | tok/sec: 367,010 | bf16_mfu: 0.00 | epoch: 1 pq: 14 rg: 48 | total time: 29.24m | eta: 30.5m
step 01240/02520 (49.21%) | loss: 3.128635 | lrm: 0.79 | dt: 1426.30ms | tok/sec: 367,585 | bf16_mfu: 0.00 | epoch: 1 pq: 14 rg: 49 | total time: 29.26m | eta: 30.5m
step 01241/02520 (49.25%) | loss: 3.127317 | lrm: 0.79 | dt: 1427.69ms | tok/sec: 367,228 | bf16_mfu: 0.00 | epoch: 1 pq: 14 rg: 50 | total time: 29.29m | eta: 30.4m
step 01242/02520 (49.29%) | loss: 3.121183 | lrm: 0.79 | dt: 1429.77ms | tok/sec: 366,692 | bf16_mfu: 0.00 | epoch: 1 pq: 14 rg: 51 | total time: 29.31m | eta: 30.4m
step 01243/02520 (49.33%) | loss: 3.107885 | lrm: 0.79 | dt: 1428.19ms | tok/sec: 367,100 | bf16_mfu: 0.00 | epoch: 1 pq: 14 rg: 51 | total time: 29.33m | eta: 30.4m
step 01244/02520 (49.37%) | loss: 3.109235 | lrm: 0.79 | dt: 1426.39ms | tok/sec: 367,563 | bf16_mfu: 0.00 | epoch: 1 pq: 14 rg: 52 | total time: 29.36m | eta: 30.4m
step 01245/02520 (49.40%) | loss: 3.107104 | lrm: 0.79 | dt: 1427.47ms | tok/sec: 367,285 | bf16_mfu: 0.00 | epoch: 1 pq: 14 rg: 53 | total time: 29.38m | eta: 30.3m
step 01246/02520 (49.44%) | loss: 3.111709 | lrm: 0.79 | dt: 1427.73ms | tok/sec: 367,217 | bf16_mfu: 0.00 | epoch: 1 pq: 14 rg: 54 | total time: 29.41m | eta: 30.3m
step 01247/02520 (49.48%) | loss: 3.124013 | lrm: 0.79 | dt: 1426.33ms | tok/sec: 367,578 | bf16_mfu: 0.00 | epoch: 1 pq: 14 rg: 55 | total time: 29.43m | eta: 30.3m
step 01248/02520 (49.52%) | loss: 3.137646 | lrm: 0.79 | dt: 1427.59ms | tok/sec: 367,252 | bf16_mfu: 0.00 | epoch: 1 pq: 14 rg: 56 | total time: 29.45m | eta: 30.3m
step 01249/02520 (49.56%) | loss: 3.135475 | lrm: 0.79 | dt: 1425.70ms | tok/sec: 367,741 | bf16_mfu: 0.00 | epoch: 1 pq: 14 rg: 57 | total time: 29.48m | eta: 30.2m
Step 01250 | Validation bpb: 0.958355
step 01250/02520 (49.60%) | loss: 3.140682 | lrm: 0.79 | dt: 1407.76ms | tok/sec: 372,425 | bf16_mfu: 0.00 | epoch: 1 pq: 14 rg: 58 | total time: 29.50m | eta: 30.2m
step 01251/02520 (49.64%) | loss: 3.144145 | lrm: 0.79 | dt: 1415.21ms | tok/sec: 370,465 | bf16_mfu: 0.00 | epoch: 1 pq: 14 rg: 59 | total time: 29.52m | eta: 30.2m
step 01252/02520 (49.68%) | loss: 3.137216 | lrm: 0.79 | dt: 1415.03ms | tok/sec: 370,514 | bf16_mfu: 0.00 | epoch: 1 pq: 14 rg: 60 | total time: 29.55m | eta: 30.2m
step 01253/02520 (49.72%) | loss: 3.137475 | lrm: 0.78 | dt: 1416.20ms | tok/sec: 370,207 | bf16_mfu: 0.00 | epoch: 1 pq: 14 rg: 61 | total time: 29.57m | eta: 30.1m
step 01254/02520 (49.76%) | loss: 3.137541 | lrm: 0.78 | dt: 1416.20ms | tok/sec: 370,208 | bf16_mfu: 0.00 | epoch: 1 pq: 14 rg: 62 | total time: 29.60m | eta: 30.1m
step 01255/02520 (49.80%) | loss: 3.137503 | lrm: 0.78 | dt: 1418.65ms | tok/sec: 369,567 | bf16_mfu: 0.00 | epoch: 1 pq: 14 rg: 63 | total time: 29.62m | eta: 30.1m
step 01256/02520 (49.84%) | loss: 3.129692 | lrm: 0.78 | dt: 1417.43ms | tok/sec: 369,885 | bf16_mfu: 0.00 | epoch: 1 pq: 14 rg: 64 | total time: 29.64m | eta: 30.1m
step 01257/02520 (49.88%) | loss: 3.135936 | lrm: 0.78 | dt: 1417.75ms | tok/sec: 369,801 | bf16_mfu: 0.00 | epoch: 1 pq: 14 rg: 65 | total time: 29.67m | eta: 30.0m
step 01258/02520 (49.92%) | loss: 3.138716 | lrm: 0.78 | dt: 1418.85ms | tok/sec: 369,515 | bf16_mfu: 0.00 | epoch: 1 pq: 14 rg: 66 | total time: 29.69m | eta: 30.0m
step 01259/02520 (49.96%) | loss: 3.147408 | lrm: 0.78 | dt: 1417.43ms | tok/sec: 369,887 | bf16_mfu: 0.00 | epoch: 1 pq: 14 rg: 67 | total time: 29.71m | eta: 30.0m
step 01260/02520 (50.00%) | loss: 3.138392 | lrm: 0.78 | dt: 1417.98ms | tok/sec: 369,743 | bf16_mfu: 0.00 | epoch: 1 pq: 14 rg: 68 | total time: 29.74m | eta: 30.0m
step 01261/02520 (50.04%) | loss: 3.146232 | lrm: 0.78 | dt: 1418.15ms | tok/sec: 369,697 | bf16_mfu: 0.00 | epoch: 1 pq: 14 rg: 69 | total time: 29.76m | eta: 30.0m
step 01262/02520 (50.08%) | loss: 3.146873 | lrm: 0.78 | dt: 1417.69ms | tok/sec: 369,817 | bf16_mfu: 0.00 | epoch: 1 pq: 14 rg: 70 | total time: 29.78m | eta: 29.9m
step 01263/02520 (50.12%) | loss: 3.135212 | lrm: 0.78 | dt: 1419.17ms | tok/sec: 369,432 | bf16_mfu: 0.00 | epoch: 1 pq: 14 rg: 71 | total time: 29.81m | eta: 29.9m
step 01264/02520 (50.16%) | loss: 3.124507 | lrm: 0.78 | dt: 1419.00ms | tok/sec: 369,478 | bf16_mfu: 0.00 | epoch: 1 pq: 14 rg: 72 | total time: 29.83m | eta: 29.9m
step 01265/02520 (50.20%) | loss: 3.125215 | lrm: 0.78 | dt: 1420.66ms | tok/sec: 369,045 | bf16_mfu: 0.00 | epoch: 1 pq: 14 rg: 73 | total time: 29.86m | eta: 29.9m
step 01266/02520 (50.24%) | loss: 3.120179 | lrm: 0.78 | dt: 1419.64ms | tok/sec: 369,309 | bf16_mfu: 0.00 | epoch: 1 pq: 14 rg: 74 | total time: 29.88m | eta: 29.8m
step 01267/02520 (50.28%) | loss: 3.118698 | lrm: 0.78 | dt: 1420.55ms | tok/sec: 369,074 | bf16_mfu: 0.00 | epoch: 1 pq: 14 rg: 75 | total time: 29.90m | eta: 29.8m
step 01268/02520 (50.32%) | loss: 3.120957 | lrm: 0.78 | dt: 1420.25ms | tok/sec: 369,152 | bf16_mfu: 0.00 | epoch: 1 pq: 14 rg: 76 | total time: 29.93m | eta: 29.8m
step 01269/02520 (50.36%) | loss: 3.120488 | lrm: 0.78 | dt: 1420.32ms | tok/sec: 369,135 | bf16_mfu: 0.00 | epoch: 1 pq: 14 rg: 77 | total time: 29.95m | eta: 29.8m
step 01270/02520 (50.40%) | loss: 3.120459 | lrm: 0.77 | dt: 1422.15ms | tok/sec: 368,659 | bf16_mfu: 0.00 | epoch: 1 pq: 14 rg: 78 | total time: 29.97m | eta: 29.7m
step 01271/02520 (50.44%) | loss: 3.115410 | lrm: 0.77 | dt: 1420.37ms | tok/sec: 369,119 | bf16_mfu: 0.00 | epoch: 1 pq: 14 rg: 79 | total time: 30.00m | eta: 29.7m
step 01272/02520 (50.48%) | loss: 3.114209 | lrm: 0.77 | dt: 1422.11ms | tok/sec: 368,669 | bf16_mfu: 0.00 | epoch: 1 pq: 14 rg: 80 | total time: 30.02m | eta: 29.7m
step 01273/02520 (50.52%) | loss: 3.125998 | lrm: 0.77 | dt: 1421.18ms | tok/sec: 368,909 | bf16_mfu: 0.00 | epoch: 1 pq: 14 rg: 81 | total time: 30.04m | eta: 29.7m
step 01274/02520 (50.56%) | loss: 3.130735 | lrm: 0.77 | dt: 1421.41ms | tok/sec: 368,851 | bf16_mfu: 0.00 | epoch: 1 pq: 14 rg: 82 | total time: 30.07m | eta: 29.6m
step 01275/02520 (50.60%) | loss: 3.136973 | lrm: 0.77 | dt: 1423.02ms | tok/sec: 368,433 | bf16_mfu: 0.00 | epoch: 1 pq: 15 rg: 0 | total time: 30.09m | eta: 29.6m
step 01276/02520 (50.63%) | loss: 3.142331 | lrm: 0.77 | dt: 1422.83ms | tok/sec: 368,481 | bf16_mfu: 0.00 | epoch: 1 pq: 15 rg: 1 | total time: 30.12m | eta: 29.6m
step 01277/02520 (50.67%) | loss: 3.131382 | lrm: 0.77 | dt: 1422.65ms | tok/sec: 368,528 | bf16_mfu: 0.00 | epoch: 1 pq: 15 rg: 2 | total time: 30.14m | eta: 29.6m
step 01278/02520 (50.71%) | loss: 3.119794 | lrm: 0.77 | dt: 1422.55ms | tok/sec: 368,554 | bf16_mfu: 0.00 | epoch: 1 pq: 15 rg: 3 | total time: 30.16m | eta: 29.5m
step 01279/02520 (50.75%) | loss: 3.110603 | lrm: 0.77 | dt: 1422.62ms | tok/sec: 368,535 | bf16_mfu: 0.00 | epoch: 1 pq: 15 rg: 4 | total time: 30.19m | eta: 29.5m
step 01280/02520 (50.79%) | loss: 3.105547 | lrm: 0.77 | dt: 1421.26ms | tok/sec: 368,890 | bf16_mfu: 0.00 | epoch: 1 pq: 15 rg: 5 | total time: 30.21m | eta: 29.5m
step 01281/02520 (50.83%) | loss: 3.104763 | lrm: 0.77 | dt: 1422.20ms | tok/sec: 368,644 | bf16_mfu: 0.00 | epoch: 1 pq: 15 rg: 5 | total time: 30.23m | eta: 29.5m
step 01282/02520 (50.87%) | loss: 3.107972 | lrm: 0.77 | dt: 1423.64ms | tok/sec: 368,273 | bf16_mfu: 0.00 | epoch: 1 pq: 15 rg: 6 | total time: 30.26m | eta: 29.4m
step 01283/02520 (50.91%) | loss: 3.099056 | lrm: 0.77 | dt: 1421.92ms | tok/sec: 368,718 | bf16_mfu: 0.00 | epoch: 1 pq: 15 rg: 7 | total time: 30.28m | eta: 29.4m
step 01284/02520 (50.95%) | loss: 3.101919 | lrm: 0.77 | dt: 1422.83ms | tok/sec: 368,483 | bf16_mfu: 0.00 | epoch: 1 pq: 15 rg: 8 | total time: 30.31m | eta: 29.4m
step 01285/02520 (50.99%) | loss: 3.113194 | lrm: 0.77 | dt: 1421.34ms | tok/sec: 368,868 | bf16_mfu: 0.00 | epoch: 1 pq: 15 rg: 9 | total time: 30.33m | eta: 29.4m
step 01286/02520 (51.03%) | loss: 3.120383 | lrm: 0.77 | dt: 1422.86ms | tok/sec: 368,474 | bf16_mfu: 0.00 | epoch: 1 pq: 15 rg: 10 | total time: 30.35m | eta: 29.4m
step 01287/02520 (51.07%) | loss: 3.107113 | lrm: 0.77 | dt: 1421.15ms | tok/sec: 368,918 | bf16_mfu: 0.00 | epoch: 1 pq: 15 rg: 11 | total time: 30.38m | eta: 29.3m
step 01288/02520 (51.11%) | loss: 3.100130 | lrm: 0.76 | dt: 1421.38ms | tok/sec: 368,858 | bf16_mfu: 0.00 | epoch: 1 pq: 15 rg: 12 | total time: 30.40m | eta: 29.3m
step 01289/02520 (51.15%) | loss: 3.108168 | lrm: 0.76 | dt: 1422.19ms | tok/sec: 368,649 | bf16_mfu: 0.00 | epoch: 1 pq: 15 rg: 13 | total time: 30.42m | eta: 29.3m
step 01290/02520 (51.19%) | loss: 3.109374 | lrm: 0.76 | dt: 1421.69ms | tok/sec: 368,777 | bf16_mfu: 0.00 | epoch: 1 pq: 15 rg: 14 | total time: 30.45m | eta: 29.3m
step 01291/02520 (51.23%) | loss: 3.116354 | lrm: 0.76 | dt: 1423.06ms | tok/sec: 368,424 | bf16_mfu: 0.00 | epoch: 1 pq: 15 rg: 15 | total time: 30.47m | eta: 29.2m
step 01292/02520 (51.27%) | loss: 3.116223 | lrm: 0.76 | dt: 1422.32ms | tok/sec: 368,613 | bf16_mfu: 0.00 | epoch: 1 pq: 15 rg: 16 | total time: 30.50m | eta: 29.2m
step 01293/02520 (51.31%) | loss: 3.116916 | lrm: 0.76 | dt: 1424.69ms | tok/sec: 368,002 | bf16_mfu: 0.00 | epoch: 1 pq: 15 rg: 17 | total time: 30.52m | eta: 29.2m
step 01294/02520 (51.35%) | loss: 3.113918 | lrm: 0.76 | dt: 1423.41ms | tok/sec: 368,331 | bf16_mfu: 0.00 | epoch: 1 pq: 15 rg: 18 | total time: 30.54m | eta: 29.2m
step 01295/02520 (51.39%) | loss: 3.107853 | lrm: 0.76 | dt: 1424.22ms | tok/sec: 368,122 | bf16_mfu: 0.00 | epoch: 1 pq: 15 rg: 19 | total time: 30.57m | eta: 29.1m
step 01296/02520 (51.43%) | loss: 3.117179 | lrm: 0.76 | dt: 1423.90ms | tok/sec: 368,205 | bf16_mfu: 0.00 | epoch: 1 pq: 15 rg: 20 | total time: 30.59m | eta: 29.1m
step 01297/02520 (51.47%) | loss: 3.118810 | lrm: 0.76 | dt: 1423.27ms | tok/sec: 368,367 | bf16_mfu: 0.00 | epoch: 1 pq: 15 rg: 21 | total time: 30.61m | eta: 29.1m
step 01298/02520 (51.51%) | loss: 3.118421 | lrm: 0.76 | dt: 1425.40ms | tok/sec: 367,819 | bf16_mfu: 0.00 | epoch: 1 pq: 15 rg: 22 | total time: 30.64m | eta: 29.1m
step 01299/02520 (51.55%) | loss: 3.123448 | lrm: 0.76 | dt: 1424.61ms | tok/sec: 368,021 | bf16_mfu: 0.00 | epoch: 1 pq: 15 rg: 23 | total time: 30.66m | eta: 29.0m
step 01300/02520 (51.59%) | loss: 3.123479 | lrm: 0.76 | dt: 1424.75ms | tok/sec: 367,986 | bf16_mfu: 0.00 | epoch: 1 pq: 15 rg: 24 | total time: 30.69m | eta: 29.0m
step 01301/02520 (51.63%) | loss: 3.119123 | lrm: 0.76 | dt: 1424.15ms | tok/sec: 368,140 | bf16_mfu: 0.00 | epoch: 1 pq: 15 rg: 25 | total time: 30.71m | eta: 29.0m
step 01302/02520 (51.67%) | loss: 3.119391 | lrm: 0.76 | dt: 1424.65ms | tok/sec: 368,012 | bf16_mfu: 0.00 | epoch: 1 pq: 15 rg: 26 | total time: 30.73m | eta: 29.0m
step 01303/02520 (51.71%) | loss: 3.116328 | lrm: 0.76 | dt: 1424.93ms | tok/sec: 367,940 | bf16_mfu: 0.00 | epoch: 1 pq: 15 rg: 27 | total time: 30.76m | eta: 28.9m
step 01304/02520 (51.75%) | loss: 3.106996 | lrm: 0.76 | dt: 1423.75ms | tok/sec: 368,245 | bf16_mfu: 0.00 | epoch: 1 pq: 15 rg: 28 | total time: 30.78m | eta: 28.9m
step 01305/02520 (51.79%) | loss: 3.113118 | lrm: 0.75 | dt: 1424.83ms | tok/sec: 367,965 | bf16_mfu: 0.00 | epoch: 1 pq: 15 rg: 29 | total time: 30.80m | eta: 28.9m
step 01306/02520 (51.83%) | loss: 3.122294 | lrm: 0.75 | dt: 1424.27ms | tok/sec: 368,109 | bf16_mfu: 0.00 | epoch: 1 pq: 15 rg: 30 | total time: 30.83m | eta: 28.9m
step 01307/02520 (51.87%) | loss: 3.122100 | lrm: 0.75 | dt: 1424.72ms | tok/sec: 367,993 | bf16_mfu: 0.00 | epoch: 1 pq: 15 rg: 31 | total time: 30.85m | eta: 28.9m
step 01308/02520 (51.90%) | loss: 3.118685 | lrm: 0.75 | dt: 1424.55ms | tok/sec: 368,037 | bf16_mfu: 0.00 | epoch: 1 pq: 15 rg: 32 | total time: 30.88m | eta: 28.8m
step 01309/02520 (51.94%) | loss: 3.118876 | lrm: 0.75 | dt: 1424.87ms | tok/sec: 367,955 | bf16_mfu: 0.00 | epoch: 1 pq: 15 rg: 33 | total time: 30.90m | eta: 28.8m
step 01310/02520 (51.98%) | loss: 3.121885 | lrm: 0.75 | dt: 1424.72ms | tok/sec: 367,993 | bf16_mfu: 0.00 | epoch: 1 pq: 15 rg: 34 | total time: 30.92m | eta: 28.8m
step 01311/02520 (52.02%) | loss: 3.119010 | lrm: 0.75 | dt: 1425.62ms | tok/sec: 367,762 | bf16_mfu: 0.00 | epoch: 1 pq: 15 rg: 35 | total time: 30.95m | eta: 28.8m
step 01312/02520 (52.06%) | loss: 3.106656 | lrm: 0.75 | dt: 1425.80ms | tok/sec: 367,716 | bf16_mfu: 0.00 | epoch: 1 pq: 15 rg: 36 | total time: 30.97m | eta: 28.7m
step 01313/02520 (52.10%) | loss: 3.118790 | lrm: 0.75 | dt: 1425.57ms | tok/sec: 367,773 | bf16_mfu: 0.00 | epoch: 1 pq: 15 rg: 37 | total time: 30.99m | eta: 28.7m
step 01314/02520 (52.14%) | loss: 3.124754 | lrm: 0.75 | dt: 1424.16ms | tok/sec: 368,137 | bf16_mfu: 0.00 | epoch: 1 pq: 15 rg: 38 | total time: 31.02m | eta: 28.7m
step 01315/02520 (52.18%) | loss: 3.130687 | lrm: 0.75 | dt: 1425.05ms | tok/sec: 367,907 | bf16_mfu: 0.00 | epoch: 1 pq: 15 rg: 38 | total time: 31.04m | eta: 28.7m
step 01316/02520 (52.22%) | loss: 3.126186 | lrm: 0.75 | dt: 1424.21ms | tok/sec: 368,126 | bf16_mfu: 0.00 | epoch: 1 pq: 15 rg: 39 | total time: 31.07m | eta: 28.6m
step 01317/02520 (52.26%) | loss: 3.126455 | lrm: 0.75 | dt: 1425.07ms | tok/sec: 367,904 | bf16_mfu: 0.00 | epoch: 1 pq: 15 rg: 40 | total time: 31.09m | eta: 28.6m
step 01318/02520 (52.30%) | loss: 3.129905 | lrm: 0.75 | dt: 1424.26ms | tok/sec: 368,112 | bf16_mfu: 0.00 | epoch: 1 pq: 15 rg: 41 | total time: 31.11m | eta: 28.6m
step 01319/02520 (52.34%) | loss: 3.136804 | lrm: 0.75 | dt: 1425.33ms | tok/sec: 367,836 | bf16_mfu: 0.00 | epoch: 1 pq: 15 rg: 42 | total time: 31.14m | eta: 28.6m
step 01320/02520 (52.38%) | loss: 3.136314 | lrm: 0.75 | dt: 1423.20ms | tok/sec: 368,387 | bf16_mfu: 0.00 | epoch: 1 pq: 15 rg: 43 | total time: 31.16m | eta: 28.5m
step 01321/02520 (52.42%) | loss: 3.130986 | lrm: 0.75 | dt: 1423.69ms | tok/sec: 368,258 | bf16_mfu: 0.00 | epoch: 1 pq: 15 rg: 44 | total time: 31.18m | eta: 28.5m
step 01322/02520 (52.46%) | loss: 3.133181 | lrm: 0.74 | dt: 1424.81ms | tok/sec: 367,970 | bf16_mfu: 0.00 | epoch: 1 pq: 15 rg: 45 | total time: 31.21m | eta: 28.5m
step 01323/02520 (52.50%) | loss: 3.126231 | lrm: 0.74 | dt: 1424.70ms | tok/sec: 367,999 | bf16_mfu: 0.00 | epoch: 1 pq: 15 rg: 46 | total time: 31.23m | eta: 28.5m
step 01324/02520 (52.54%) | loss: 3.123949 | lrm: 0.74 | dt: 1425.76ms | tok/sec: 367,725 | bf16_mfu: 0.00 | epoch: 1 pq: 15 rg: 47 | total time: 31.25m | eta: 28.4m
step 01325/02520 (52.58%) | loss: 3.124413 | lrm: 0.74 | dt: 1424.80ms | tok/sec: 367,973 | bf16_mfu: 0.00 | epoch: 1 pq: 15 rg: 48 | total time: 31.28m | eta: 28.4m
step 01326/02520 (52.62%) | loss: 3.123377 | lrm: 0.74 | dt: 1425.94ms | tok/sec: 367,679 | bf16_mfu: 0.00 | epoch: 1 pq: 15 rg: 49 | total time: 31.30m | eta: 28.4m
step 01327/02520 (52.66%) | loss: 3.110578 | lrm: 0.74 | dt: 1424.93ms | tok/sec: 367,940 | bf16_mfu: 0.00 | epoch: 1 pq: 15 rg: 50 | total time: 31.33m | eta: 28.4m
step 01328/02520 (52.70%) | loss: 3.123303 | lrm: 0.74 | dt: 1425.54ms | tok/sec: 367,782 | bf16_mfu: 0.00 | epoch: 1 pq: 15 rg: 51 | total time: 31.35m | eta: 28.4m
step 01329/02520 (52.74%) | loss: 3.124481 | lrm: 0.74 | dt: 1426.23ms | tok/sec: 367,604 | bf16_mfu: 0.00 | epoch: 1 pq: 15 rg: 52 | total time: 31.37m | eta: 28.3m
step 01330/02520 (52.78%) | loss: 3.123898 | lrm: 0.74 | dt: 1424.98ms | tok/sec: 367,927 | bf16_mfu: 0.00 | epoch: 1 pq: 15 rg: 53 | total time: 31.40m | eta: 28.3m
step 01331/02520 (52.82%) | loss: 3.131856 | lrm: 0.74 | dt: 1426.39ms | tok/sec: 367,561 | bf16_mfu: 0.00 | epoch: 1 pq: 15 rg: 54 | total time: 31.42m | eta: 28.3m
step 01332/02520 (52.86%) | loss: 3.128846 | lrm: 0.74 | dt: 1424.72ms | tok/sec: 367,993 | bf16_mfu: 0.00 | epoch: 1 pq: 15 rg: 55 | total time: 31.45m | eta: 28.3m
step 01333/02520 (52.90%) | loss: 3.128695 | lrm: 0.74 | dt: 1426.00ms | tok/sec: 367,664 | bf16_mfu: 0.00 | epoch: 1 pq: 15 rg: 56 | total time: 31.47m | eta: 28.2m
step 01334/02520 (52.94%) | loss: 3.125435 | lrm: 0.74 | dt: 1425.75ms | tok/sec: 367,728 | bf16_mfu: 0.00 | epoch: 1 pq: 15 rg: 57 | total time: 31.49m | eta: 28.2m
step 01335/02520 (52.98%) | loss: 3.124981 | lrm: 0.74 | dt: 1425.81ms | tok/sec: 367,711 | bf16_mfu: 0.00 | epoch: 1 pq: 15 rg: 58 | total time: 31.52m | eta: 28.2m
step 01336/02520 (53.02%) | loss: 3.130296 | lrm: 0.74 | dt: 1426.52ms | tok/sec: 367,528 | bf16_mfu: 0.00 | epoch: 1 pq: 15 rg: 59 | total time: 31.54m | eta: 28.2m
step 01337/02520 (53.06%) | loss: 3.131464 | lrm: 0.74 | dt: 1425.69ms | tok/sec: 367,742 | bf16_mfu: 0.00 | epoch: 1 pq: 15 rg: 60 | total time: 31.56m | eta: 28.1m
step 01338/02520 (53.10%) | loss: 3.130195 | lrm: 0.74 | dt: 1426.18ms | tok/sec: 367,617 | bf16_mfu: 0.00 | epoch: 1 pq: 15 rg: 61 | total time: 31.59m | eta: 28.1m
step 01339/02520 (53.13%) | loss: 3.123295 | lrm: 0.73 | dt: 1425.88ms | tok/sec: 367,694 | bf16_mfu: 0.00 | epoch: 1 pq: 15 rg: 62 | total time: 31.61m | eta: 28.1m
step 01340/02520 (53.17%) | loss: 3.111755 | lrm: 0.73 | dt: 1425.48ms | tok/sec: 367,798 | bf16_mfu: 0.00 | epoch: 1 pq: 15 rg: 63 | total time: 31.64m | eta: 28.1m
step 01341/02520 (53.21%) | loss: 3.106289 | lrm: 0.73 | dt: 1427.23ms | tok/sec: 367,346 | bf16_mfu: 0.00 | epoch: 1 pq: 15 rg: 64 | total time: 31.66m | eta: 28.0m
step 01342/02520 (53.25%) | loss: 3.114456 | lrm: 0.73 | dt: 1426.02ms | tok/sec: 367,657 | bf16_mfu: 0.00 | epoch: 1 pq: 15 rg: 65 | total time: 31.68m | eta: 28.0m
step 01343/02520 (53.29%) | loss: 3.116617 | lrm: 0.73 | dt: 1426.36ms | tok/sec: 367,570 | bf16_mfu: 0.00 | epoch: 1 pq: 15 rg: 66 | total time: 31.71m | eta: 28.0m
step 01344/02520 (53.33%) | loss: 3.114001 | lrm: 0.73 | dt: 1425.39ms | tok/sec: 367,821 | bf16_mfu: 0.00 | epoch: 1 pq: 15 rg: 67 | total time: 31.73m | eta: 28.0m
step 01345/02520 (53.37%) | loss: 3.122264 | lrm: 0.73 | dt: 1427.01ms | tok/sec: 367,403 | bf16_mfu: 0.00 | epoch: 1 pq: 15 rg: 68 | total time: 31.75m | eta: 27.9m
step 01346/02520 (53.41%) | loss: 3.114227 | lrm: 0.73 | dt: 1425.94ms | tok/sec: 367,678 | bf16_mfu: 0.00 | epoch: 1 pq: 15 rg: 69 | total time: 31.78m | eta: 27.9m
step 01347/02520 (53.45%) | loss: 3.115273 | lrm: 0.73 | dt: 1426.25ms | tok/sec: 367,599 | bf16_mfu: 0.00 | epoch: 1 pq: 15 rg: 70 | total time: 31.80m | eta: 27.9m
step 01348/02520 (53.49%) | loss: 3.111710 | lrm: 0.73 | dt: 1426.37ms | tok/sec: 367,568 | bf16_mfu: 0.00 | epoch: 1 pq: 15 rg: 71 | total time: 31.83m | eta: 27.9m
step 01349/02520 (53.53%) | loss: 3.108046 | lrm: 0.73 | dt: 1425.74ms | tok/sec: 367,729 | bf16_mfu: 0.00 | epoch: 1 pq: 15 rg: 72 | total time: 31.85m | eta: 27.9m
step 01350/02520 (53.57%) | loss: 3.107461 | lrm: 0.73 | dt: 1425.87ms | tok/sec: 367,698 | bf16_mfu: 0.00 | epoch: 1 pq: 15 rg: 73 | total time: 31.87m | eta: 27.8m
step 01351/02520 (53.61%) | loss: 3.103435 | lrm: 0.73 | dt: 1425.28ms | tok/sec: 367,848 | bf16_mfu: 0.00 | epoch: 1 pq: 15 rg: 74 | total time: 31.90m | eta: 27.8m
step 01352/02520 (53.65%) | loss: 3.105364 | lrm: 0.73 | dt: 1425.74ms | tok/sec: 367,731 | bf16_mfu: 0.00 | epoch: 1 pq: 15 rg: 74 | total time: 31.92m | eta: 27.8m
step 01353/02520 (53.69%) | loss: 3.095332 | lrm: 0.73 | dt: 1425.28ms | tok/sec: 367,848 | bf16_mfu: 0.00 | epoch: 1 pq: 15 rg: 75 | total time: 31.94m | eta: 27.8m
step 01354/02520 (53.73%) | loss: 3.104459 | lrm: 0.73 | dt: 1426.91ms | tok/sec: 367,429 | bf16_mfu: 0.00 | epoch: 1 pq: 15 rg: 76 | total time: 31.97m | eta: 27.7m
step 01355/02520 (53.77%) | loss: 3.109854 | lrm: 0.73 | dt: 1425.58ms | tok/sec: 367,772 | bf16_mfu: 0.00 | epoch: 1 pq: 15 rg: 77 | total time: 31.99m | eta: 27.7m
step 01356/02520 (53.81%) | loss: 3.110860 | lrm: 0.73 | dt: 1425.35ms | tok/sec: 367,831 | bf16_mfu: 0.00 | epoch: 1 pq: 15 rg: 78 | total time: 32.02m | eta: 27.7m
step 01357/02520 (53.85%) | loss: 3.107935 | lrm: 0.72 | dt: 1426.09ms | tok/sec: 367,640 | bf16_mfu: 0.00 | epoch: 1 pq: 15 rg: 79 | total time: 32.04m | eta: 27.7m
step 01358/02520 (53.89%) | loss: 3.121030 | lrm: 0.72 | dt: 1426.62ms | tok/sec: 367,504 | bf16_mfu: 0.00 | epoch: 1 pq: 15 rg: 80 | total time: 32.06m | eta: 27.6m
step 01359/02520 (53.93%) | loss: 3.130646 | lrm: 0.72 | dt: 1425.78ms | tok/sec: 367,720 | bf16_mfu: 0.00 | epoch: 1 pq: 15 rg: 81 | total time: 32.09m | eta: 27.6m
step 01360/02520 (53.97%) | loss: 3.122217 | lrm: 0.72 | dt: 1425.76ms | tok/sec: 367,724 | bf16_mfu: 0.00 | epoch: 1 pq: 15 rg: 82 | total time: 32.11m | eta: 27.6m
step 01361/02520 (54.01%) | loss: 3.112197 | lrm: 0.72 | dt: 1425.49ms | tok/sec: 367,794 | bf16_mfu: 0.00 | epoch: 1 pq: 16 rg: 0 | total time: 32.13m | eta: 27.6m
step 01362/02520 (54.05%) | loss: 3.107534 | lrm: 0.72 | dt: 1426.50ms | tok/sec: 367,533 | bf16_mfu: 0.00 | epoch: 1 pq: 16 rg: 1 | total time: 32.16m | eta: 27.5m
step 01363/02520 (54.09%) | loss: 3.102328 | lrm: 0.72 | dt: 1425.21ms | tok/sec: 367,867 | bf16_mfu: 0.00 | epoch: 1 pq: 16 rg: 2 | total time: 32.18m | eta: 27.5m
step 01364/02520 (54.13%) | loss: 3.102458 | lrm: 0.72 | dt: 1425.66ms | tok/sec: 367,750 | bf16_mfu: 0.00 | epoch: 1 pq: 16 rg: 3 | total time: 32.21m | eta: 27.5m
step 01365/02520 (54.17%) | loss: 3.100929 | lrm: 0.72 | dt: 1424.63ms | tok/sec: 368,015 | bf16_mfu: 0.00 | epoch: 1 pq: 16 rg: 4 | total time: 32.23m | eta: 27.5m
step 01366/02520 (54.21%) | loss: 3.100235 | lrm: 0.72 | dt: 1425.77ms | tok/sec: 367,721 | bf16_mfu: 0.00 | epoch: 1 pq: 16 rg: 5 | total time: 32.25m | eta: 27.4m
step 01367/02520 (54.25%) | loss: 3.113101 | lrm: 0.72 | dt: 1425.57ms | tok/sec: 367,773 | bf16_mfu: 0.00 | epoch: 1 pq: 16 rg: 6 | total time: 32.28m | eta: 27.4m
step 01368/02520 (54.29%) | loss: 3.114231 | lrm: 0.72 | dt: 1425.19ms | tok/sec: 367,872 | bf16_mfu: 0.00 | epoch: 1 pq: 16 rg: 7 | total time: 32.30m | eta: 27.4m
step 01369/02520 (54.33%) | loss: 3.120001 | lrm: 0.72 | dt: 1425.92ms | tok/sec: 367,684 | bf16_mfu: 0.00 | epoch: 1 pq: 16 rg: 8 | total time: 32.32m | eta: 27.4m
step 01370/02520 (54.37%) | loss: 3.119466 | lrm: 0.72 | dt: 1425.28ms | tok/sec: 367,848 | bf16_mfu: 0.00 | epoch: 1 pq: 16 rg: 9 | total time: 32.35m | eta: 27.4m
step 01371/02520 (54.40%) | loss: 3.118150 | lrm: 0.72 | dt: 1426.17ms | tok/sec: 367,619 | bf16_mfu: 0.00 | epoch: 1 pq: 16 rg: 10 | total time: 32.37m | eta: 27.3m
step 01372/02520 (54.44%) | loss: 3.107620 | lrm: 0.72 | dt: 1426.07ms | tok/sec: 367,646 | bf16_mfu: 0.00 | epoch: 1 pq: 16 rg: 11 | total time: 32.40m | eta: 27.3m
step 01373/02520 (54.48%) | loss: 3.101703 | lrm: 0.72 | dt: 1426.51ms | tok/sec: 367,531 | bf16_mfu: 0.00 | epoch: 1 pq: 16 rg: 12 | total time: 32.42m | eta: 27.3m
step 01374/02520 (54.52%) | loss: 3.098388 | lrm: 0.71 | dt: 1425.65ms | tok/sec: 367,754 | bf16_mfu: 0.00 | epoch: 1 pq: 16 rg: 13 | total time: 32.44m | eta: 27.3m
step 01375/02520 (54.56%) | loss: 3.107169 | lrm: 0.71 | dt: 1426.45ms | tok/sec: 367,548 | bf16_mfu: 0.00 | epoch: 1 pq: 16 rg: 14 | total time: 32.47m | eta: 27.2m
step 01376/02520 (54.60%) | loss: 3.109567 | lrm: 0.71 | dt: 1425.73ms | tok/sec: 367,732 | bf16_mfu: 0.00 | epoch: 1 pq: 16 rg: 15 | total time: 32.49m | eta: 27.2m
step 01377/02520 (54.64%) | loss: 3.113643 | lrm: 0.71 | dt: 1425.74ms | tok/sec: 367,730 | bf16_mfu: 0.00 | epoch: 1 pq: 16 rg: 16 | total time: 32.51m | eta: 27.2m
step 01378/02520 (54.68%) | loss: 3.109443 | lrm: 0.71 | dt: 1426.43ms | tok/sec: 367,552 | bf16_mfu: 0.00 | epoch: 1 pq: 16 rg: 17 | total time: 32.54m | eta: 27.2m
step 01379/02520 (54.72%) | loss: 3.111054 | lrm: 0.71 | dt: 1425.92ms | tok/sec: 367,685 | bf16_mfu: 0.00 | epoch: 1 pq: 16 rg: 18 | total time: 32.56m | eta: 27.1m
step 01380/02520 (54.76%) | loss: 3.119065 | lrm: 0.71 | dt: 1426.75ms | tok/sec: 367,469 | bf16_mfu: 0.00 | epoch: 1 pq: 16 rg: 19 | total time: 32.59m | eta: 27.1m
step 01381/02520 (54.80%) | loss: 3.116625 | lrm: 0.71 | dt: 1425.23ms | tok/sec: 367,862 | bf16_mfu: 0.00 | epoch: 1 pq: 16 rg: 20 | total time: 32.61m | eta: 27.1m
step 01382/02520 (54.84%) | loss: 3.104037 | lrm: 0.71 | dt: 1427.94ms | tok/sec: 367,163 | bf16_mfu: 0.00 | epoch: 1 pq: 16 rg: 21 | total time: 32.63m | eta: 27.1m
step 01383/02520 (54.88%) | loss: 3.110206 | lrm: 0.71 | dt: 1425.94ms | tok/sec: 367,679 | bf16_mfu: 0.00 | epoch: 1 pq: 16 rg: 22 | total time: 32.66m | eta: 27.0m
step 01384/02520 (54.92%) | loss: 3.105817 | lrm: 0.71 | dt: 1425.29ms | tok/sec: 367,847 | bf16_mfu: 0.00 | epoch: 1 pq: 16 rg: 23 | total time: 32.68m | eta: 27.0m
step 01385/02520 (54.96%) | loss: 3.105721 | lrm: 0.71 | dt: 1426.64ms | tok/sec: 367,498 | bf16_mfu: 0.00 | epoch: 1 pq: 16 rg: 24 | total time: 32.70m | eta: 27.0m
step 01386/02520 (55.00%) | loss: 3.107281 | lrm: 0.71 | dt: 1424.64ms | tok/sec: 368,014 | bf16_mfu: 0.00 | epoch: 1 pq: 16 rg: 25 | total time: 32.73m | eta: 27.0m
step 01387/02520 (55.04%) | loss: 3.125220 | lrm: 0.71 | dt: 1426.30ms | tok/sec: 367,586 | bf16_mfu: 0.00 | epoch: 1 pq: 16 rg: 26 | total time: 32.75m | eta: 26.9m
step 01388/02520 (55.08%) | loss: 3.126547 | lrm: 0.71 | dt: 1425.35ms | tok/sec: 367,830 | bf16_mfu: 0.00 | epoch: 1 pq: 16 rg: 27 | total time: 32.78m | eta: 26.9m
step 01389/02520 (55.12%) | loss: 3.128504 | lrm: 0.71 | dt: 1425.75ms | tok/sec: 367,726 | bf16_mfu: 0.00 | epoch: 1 pq: 16 rg: 28 | total time: 32.80m | eta: 26.9m
step 01390/02520 (55.16%) | loss: 3.123417 | lrm: 0.71 | dt: 1426.07ms | tok/sec: 367,645 | bf16_mfu: 0.00 | epoch: 1 pq: 16 rg: 29 | total time: 32.82m | eta: 26.9m
step 01391/02520 (55.20%) | loss: 3.127451 | lrm: 0.70 | dt: 1426.71ms | tok/sec: 367,481 | bf16_mfu: 0.00 | epoch: 1 pq: 16 rg: 30 | total time: 32.85m | eta: 26.9m
step 01392/02520 (55.24%) | loss: 3.125758 | lrm: 0.70 | dt: 1427.72ms | tok/sec: 367,221 | bf16_mfu: 0.00 | epoch: 1 pq: 16 rg: 30 | total time: 32.87m | eta: 26.8m
step 01393/02520 (55.28%) | loss: 3.125186 | lrm: 0.70 | dt: 1426.03ms | tok/sec: 367,654 | bf16_mfu: 0.00 | epoch: 1 pq: 16 rg: 31 | total time: 32.89m | eta: 26.8m
step 01394/02520 (55.32%) | loss: 3.124555 | lrm: 0.70 | dt: 1426.34ms | tok/sec: 367,576 | bf16_mfu: 0.00 | epoch: 1 pq: 16 rg: 32 | total time: 32.92m | eta: 26.8m
step 01395/02520 (55.36%) | loss: 3.110062 | lrm: 0.70 | dt: 1426.62ms | tok/sec: 367,503 | bf16_mfu: 0.00 | epoch: 1 pq: 16 rg: 33 | total time: 32.94m | eta: 26.8m
step 01396/02520 (55.40%) | loss: 3.101992 | lrm: 0.70 | dt: 1425.71ms | tok/sec: 367,737 | bf16_mfu: 0.00 | epoch: 1 pq: 16 rg: 34 | total time: 32.97m | eta: 26.7m
step 01397/02520 (55.44%) | loss: 3.094197 | lrm: 0.70 | dt: 1426.67ms | tok/sec: 367,491 | bf16_mfu: 0.00 | epoch: 1 pq: 16 rg: 35 | total time: 32.99m | eta: 26.7m
step 01398/02520 (55.48%) | loss: 3.094127 | lrm: 0.70 | dt: 1425.81ms | tok/sec: 367,713 | bf16_mfu: 0.00 | epoch: 1 pq: 16 rg: 36 | total time: 33.01m | eta: 26.7m
step 01399/02520 (55.52%) | loss: 3.088584 | lrm: 0.70 | dt: 1426.84ms | tok/sec: 367,447 | bf16_mfu: 0.00 | epoch: 1 pq: 16 rg: 37 | total time: 33.04m | eta: 26.7m
step 01400/02520 (55.56%) | loss: 3.081786 | lrm: 0.70 | dt: 1427.21ms | tok/sec: 367,351 | bf16_mfu: 0.00 | epoch: 1 pq: 16 rg: 38 | total time: 33.06m | eta: 26.6m
step 01401/02520 (55.60%) | loss: 3.084254 | lrm: 0.70 | dt: 1427.10ms | tok/sec: 367,379 | bf16_mfu: 0.00 | epoch: 1 pq: 16 rg: 39 | total time: 33.08m | eta: 26.6m
step 01402/02520 (55.63%) | loss: 3.088114 | lrm: 0.70 | dt: 1427.90ms | tok/sec: 367,173 | bf16_mfu: 0.00 | epoch: 1 pq: 16 rg: 40 | total time: 33.11m | eta: 26.6m
step 01403/02520 (55.67%) | loss: 3.086102 | lrm: 0.70 | dt: 1426.22ms | tok/sec: 367,607 | bf16_mfu: 0.00 | epoch: 1 pq: 16 rg: 41 | total time: 33.13m | eta: 26.6m
step 01404/02520 (55.71%) | loss: 3.076134 | lrm: 0.70 | dt: 1426.67ms | tok/sec: 367,489 | bf16_mfu: 0.00 | epoch: 1 pq: 16 rg: 42 | total time: 33.16m | eta: 26.5m
step 01405/02520 (55.75%) | loss: 3.077195 | lrm: 0.70 | dt: 1426.28ms | tok/sec: 367,591 | bf16_mfu: 0.00 | epoch: 1 pq: 16 rg: 43 | total time: 33.18m | eta: 26.5m
step 01406/02520 (55.79%) | loss: 3.093281 | lrm: 0.70 | dt: 1426.91ms | tok/sec: 367,428 | bf16_mfu: 0.00 | epoch: 1 pq: 16 rg: 44 | total time: 33.20m | eta: 26.5m
step 01407/02520 (55.83%) | loss: 3.088349 | lrm: 0.70 | dt: 1426.22ms | tok/sec: 367,607 | bf16_mfu: 0.00 | epoch: 1 pq: 16 rg: 45 | total time: 33.23m | eta: 26.5m
step 01408/02520 (55.87%) | loss: 3.102232 | lrm: 0.69 | dt: 1425.66ms | tok/sec: 367,750 | bf16_mfu: 0.00 | epoch: 1 pq: 16 rg: 46 | total time: 33.25m | eta: 26.4m
step 01409/02520 (55.91%) | loss: 3.109444 | lrm: 0.69 | dt: 1427.70ms | tok/sec: 367,225 | bf16_mfu: 0.00 | epoch: 1 pq: 16 rg: 47 | total time: 33.28m | eta: 26.4m
step 01410/02520 (55.95%) | loss: 3.104918 | lrm: 0.69 | dt: 1425.67ms | tok/sec: 367,749 | bf16_mfu: 0.00 | epoch: 1 pq: 16 rg: 48 | total time: 33.30m | eta: 26.4m
step 01411/02520 (55.99%) | loss: 3.103400 | lrm: 0.69 | dt: 1426.45ms | tok/sec: 367,548 | bf16_mfu: 0.00 | epoch: 1 pq: 16 rg: 49 | total time: 33.32m | eta: 26.4m
step 01412/02520 (56.03%) | loss: 3.113098 | lrm: 0.69 | dt: 1425.62ms | tok/sec: 367,760 | bf16_mfu: 0.00 | epoch: 1 pq: 16 rg: 50 | total time: 33.35m | eta: 26.4m
step 01413/02520 (56.07%) | loss: 3.104902 | lrm: 0.69 | dt: 1426.77ms | tok/sec: 367,465 | bf16_mfu: 0.00 | epoch: 1 pq: 16 rg: 51 | total time: 33.37m | eta: 26.3m
step 01414/02520 (56.11%) | loss: 3.091409 | lrm: 0.69 | dt: 1424.88ms | tok/sec: 367,951 | bf16_mfu: 0.00 | epoch: 1 pq: 16 rg: 52 | total time: 33.39m | eta: 26.3m
step 01415/02520 (56.15%) | loss: 3.091746 | lrm: 0.69 | dt: 1426.85ms | tok/sec: 367,445 | bf16_mfu: 0.00 | epoch: 1 pq: 16 rg: 53 | total time: 33.42m | eta: 26.3m
step 01416/02520 (56.19%) | loss: 3.080740 | lrm: 0.69 | dt: 1427.24ms | tok/sec: 367,343 | bf16_mfu: 0.00 | epoch: 1 pq: 16 rg: 54 | total time: 33.44m | eta: 26.3m
step 01417/02520 (56.23%) | loss: 3.096407 | lrm: 0.69 | dt: 1426.67ms | tok/sec: 367,490 | bf16_mfu: 0.00 | epoch: 1 pq: 16 rg: 55 | total time: 33.47m | eta: 26.2m
step 01418/02520 (56.27%) | loss: 3.108098 | lrm: 0.69 | dt: 1427.42ms | tok/sec: 367,296 | bf16_mfu: 0.00 | epoch: 1 pq: 16 rg: 56 | total time: 33.49m | eta: 26.2m
step 01419/02520 (56.31%) | loss: 3.107157 | lrm: 0.69 | dt: 1426.88ms | tok/sec: 367,436 | bf16_mfu: 0.00 | epoch: 1 pq: 16 rg: 56 | total time: 33.51m | eta: 26.2m
step 01420/02520 (56.35%) | loss: 3.102077 | lrm: 0.69 | dt: 1426.42ms | tok/sec: 367,555 | bf16_mfu: 0.00 | epoch: 1 pq: 16 rg: 57 | total time: 33.54m | eta: 26.2m
step 01421/02520 (56.39%) | loss: 3.108923 | lrm: 0.69 | dt: 1425.58ms | tok/sec: 367,771 | bf16_mfu: 0.00 | epoch: 1 pq: 16 rg: 58 | total time: 33.56m | eta: 26.1m
step 01422/02520 (56.43%) | loss: 3.110369 | lrm: 0.69 | dt: 1427.21ms | tok/sec: 367,350 | bf16_mfu: 0.00 | epoch: 1 pq: 16 rg: 59 | total time: 33.58m | eta: 26.1m
step 01423/02520 (56.47%) | loss: 3.110689 | lrm: 0.69 | dt: 1426.67ms | tok/sec: 367,490 | bf16_mfu: 0.00 | epoch: 1 pq: 16 rg: 60 | total time: 33.61m | eta: 26.1m
step 01424/02520 (56.51%) | loss: 3.116820 | lrm: 0.69 | dt: 1427.06ms | tok/sec: 367,389 | bf16_mfu: 0.00 | epoch: 1 pq: 16 rg: 61 | total time: 33.63m | eta: 26.1m
step 01425/02520 (56.55%) | loss: 3.102088 | lrm: 0.69 | dt: 1426.62ms | tok/sec: 367,502 | bf16_mfu: 0.00 | epoch: 1 pq: 16 rg: 62 | total time: 33.66m | eta: 26.0m
step 01426/02520 (56.59%) | loss: 3.092584 | lrm: 0.68 | dt: 1426.38ms | tok/sec: 367,564 | bf16_mfu: 0.00 | epoch: 1 pq: 16 rg: 63 | total time: 33.68m | eta: 26.0m
step 01427/02520 (56.63%) | loss: 3.093088 | lrm: 0.68 | dt: 1427.00ms | tok/sec: 367,407 | bf16_mfu: 0.00 | epoch: 1 pq: 16 rg: 64 | total time: 33.70m | eta: 26.0m
step 01428/02520 (56.67%) | loss: 3.090462 | lrm: 0.68 | dt: 1425.78ms | tok/sec: 367,718 | bf16_mfu: 0.00 | epoch: 1 pq: 16 rg: 65 | total time: 33.73m | eta: 26.0m
step 01429/02520 (56.71%) | loss: 3.089467 | lrm: 0.68 | dt: 1426.51ms | tok/sec: 367,531 | bf16_mfu: 0.00 | epoch: 1 pq: 16 rg: 66 | total time: 33.75m | eta: 25.9m
step 01430/02520 (56.75%) | loss: 3.090981 | lrm: 0.68 | dt: 1426.64ms | tok/sec: 367,498 | bf16_mfu: 0.00 | epoch: 1 pq: 16 rg: 67 | total time: 33.77m | eta: 25.9m
step 01431/02520 (56.79%) | loss: 3.087221 | lrm: 0.68 | dt: 1426.78ms | tok/sec: 367,463 | bf16_mfu: 0.00 | epoch: 1 pq: 16 rg: 68 | total time: 33.80m | eta: 25.9m
step 01432/02520 (56.83%) | loss: 3.087500 | lrm: 0.68 | dt: 1426.21ms | tok/sec: 367,609 | bf16_mfu: 0.00 | epoch: 1 pq: 16 rg: 69 | total time: 33.82m | eta: 25.9m
step 01433/02520 (56.87%) | loss: 3.095471 | lrm: 0.68 | dt: 1425.77ms | tok/sec: 367,723 | bf16_mfu: 0.00 | epoch: 1 pq: 16 rg: 70 | total time: 33.85m | eta: 25.9m
step 01434/02520 (56.90%) | loss: 3.102033 | lrm: 0.68 | dt: 1426.72ms | tok/sec: 367,476 | bf16_mfu: 0.00 | epoch: 1 pq: 16 rg: 71 | total time: 33.87m | eta: 25.8m
step 01435/02520 (56.94%) | loss: 3.097816 | lrm: 0.68 | dt: 1425.96ms | tok/sec: 367,674 | bf16_mfu: 0.00 | epoch: 1 pq: 16 rg: 72 | total time: 33.89m | eta: 25.8m
step 01436/02520 (56.98%) | loss: 3.098177 | lrm: 0.68 | dt: 1427.02ms | tok/sec: 367,399 | bf16_mfu: 0.00 | epoch: 1 pq: 16 rg: 73 | total time: 33.92m | eta: 25.8m
step 01437/02520 (57.02%) | loss: 3.095474 | lrm: 0.68 | dt: 1427.51ms | tok/sec: 367,274 | bf16_mfu: 0.00 | epoch: 1 pq: 16 rg: 74 | total time: 33.94m | eta: 25.8m
step 01438/02520 (57.06%) | loss: 3.074885 | lrm: 0.68 | dt: 1425.86ms | tok/sec: 367,700 | bf16_mfu: 0.00 | epoch: 1 pq: 16 rg: 75 | total time: 33.96m | eta: 25.7m
step 01439/02520 (57.10%) | loss: 3.074254 | lrm: 0.68 | dt: 1426.51ms | tok/sec: 367,532 | bf16_mfu: 0.00 | epoch: 1 pq: 16 rg: 76 | total time: 33.99m | eta: 25.7m
step 01440/02520 (57.14%) | loss: 3.078388 | lrm: 0.68 | dt: 1425.62ms | tok/sec: 367,761 | bf16_mfu: 0.00 | epoch: 1 pq: 16 rg: 77 | total time: 34.01m | eta: 25.7m
step 01441/02520 (57.18%) | loss: 3.072028 | lrm: 0.68 | dt: 1426.21ms | tok/sec: 367,609 | bf16_mfu: 0.00 | epoch: 1 pq: 16 rg: 78 | total time: 34.04m | eta: 25.7m
step 01442/02520 (57.22%) | loss: 3.072619 | lrm: 0.68 | dt: 1424.75ms | tok/sec: 367,985 | bf16_mfu: 0.00 | epoch: 1 pq: 16 rg: 79 | total time: 34.06m | eta: 25.6m
step 01443/02520 (57.26%) | loss: 3.078104 | lrm: 0.67 | dt: 1425.48ms | tok/sec: 367,797 | bf16_mfu: 0.00 | epoch: 1 pq: 16 rg: 80 | total time: 34.08m | eta: 25.6m
step 01444/02520 (57.30%) | loss: 3.070109 | lrm: 0.67 | dt: 1425.96ms | tok/sec: 367,674 | bf16_mfu: 0.00 | epoch: 1 pq: 16 rg: 81 | total time: 34.11m | eta: 25.6m
step 01445/02520 (57.34%) | loss: 3.050445 | lrm: 0.67 | dt: 1424.26ms | tok/sec: 368,112 | bf16_mfu: 0.00 | epoch: 1 pq: 16 rg: 82 | total time: 34.13m | eta: 25.6m
step 01446/02520 (57.38%) | loss: 3.050145 | lrm: 0.67 | dt: 1426.86ms | tok/sec: 367,441 | bf16_mfu: 0.00 | epoch: 1 pq: 16 rg: 82 | total time: 34.15m | eta: 25.5m
step 01447/02520 (57.42%) | loss: 3.060971 | lrm: 0.67 | dt: 1426.17ms | tok/sec: 367,619 | bf16_mfu: 0.00 | epoch: 1 pq: 17 rg: 0 | total time: 34.18m | eta: 25.5m
step 01448/02520 (57.46%) | loss: 3.074704 | lrm: 0.67 | dt: 1426.54ms | tok/sec: 367,523 | bf16_mfu: 0.00 | epoch: 1 pq: 17 rg: 1 | total time: 34.20m | eta: 25.5m
step 01449/02520 (57.50%) | loss: 3.073357 | lrm: 0.67 | dt: 1425.17ms | tok/sec: 367,877 | bf16_mfu: 0.00 | epoch: 1 pq: 17 rg: 2 | total time: 34.23m | eta: 25.5m
step 01450/02520 (57.54%) | loss: 3.072102 | lrm: 0.67 | dt: 1425.39ms | tok/sec: 367,819 | bf16_mfu: 0.00 | epoch: 1 pq: 17 rg: 3 | total time: 34.25m | eta: 25.4m
step 01451/02520 (57.58%) | loss: 3.071729 | lrm: 0.67 | dt: 1426.02ms | tok/sec: 367,658 | bf16_mfu: 0.00 | epoch: 1 pq: 17 rg: 4 | total time: 34.27m | eta: 25.4m
step 01452/02520 (57.62%) | loss: 3.074313 | lrm: 0.67 | dt: 1424.32ms | tok/sec: 368,097 | bf16_mfu: 0.00 | epoch: 1 pq: 17 rg: 5 | total time: 34.30m | eta: 25.4m
step 01453/02520 (57.66%) | loss: 3.073119 | lrm: 0.67 | dt: 1425.44ms | tok/sec: 367,809 | bf16_mfu: 0.00 | epoch: 1 pq: 17 rg: 6 | total time: 34.32m | eta: 25.4m
step 01454/02520 (57.70%) | loss: 3.078208 | lrm: 0.67 | dt: 1425.16ms | tok/sec: 367,879 | bf16_mfu: 0.00 | epoch: 1 pq: 17 rg: 7 | total time: 34.34m | eta: 25.4m
step 01455/02520 (57.74%) | loss: 3.084361 | lrm: 0.67 | dt: 1426.04ms | tok/sec: 367,653 | bf16_mfu: 0.00 | epoch: 1 pq: 17 rg: 8 | total time: 34.37m | eta: 25.3m
step 01456/02520 (57.78%) | loss: 3.089328 | lrm: 0.67 | dt: 1425.14ms | tok/sec: 367,884 | bf16_mfu: 0.00 | epoch: 1 pq: 17 rg: 9 | total time: 34.39m | eta: 25.3m
step 01457/02520 (57.82%) | loss: 3.085182 | lrm: 0.67 | dt: 1425.43ms | tok/sec: 367,810 | bf16_mfu: 0.00 | epoch: 1 pq: 17 rg: 10 | total time: 34.42m | eta: 25.3m
step 01458/02520 (57.86%) | loss: 3.082696 | lrm: 0.67 | dt: 1423.81ms | tok/sec: 368,227 | bf16_mfu: 0.00 | epoch: 1 pq: 17 rg: 11 | total time: 34.44m | eta: 25.3m
step 01459/02520 (57.90%) | loss: 3.074339 | lrm: 0.67 | dt: 1424.25ms | tok/sec: 368,115 | bf16_mfu: 0.00 | epoch: 1 pq: 17 rg: 12 | total time: 34.46m | eta: 25.2m
step 01460/02520 (57.94%) | loss: 3.074258 | lrm: 0.66 | dt: 1424.96ms | tok/sec: 367,930 | bf16_mfu: 0.00 | epoch: 1 pq: 17 rg: 13 | total time: 34.49m | eta: 25.2m
step 01461/02520 (57.98%) | loss: 3.074434 | lrm: 0.66 | dt: 1424.95ms | tok/sec: 367,933 | bf16_mfu: 0.00 | epoch: 1 pq: 17 rg: 14 | total time: 34.51m | eta: 25.2m
step 01462/02520 (58.02%) | loss: 3.073922 | lrm: 0.66 | dt: 1424.30ms | tok/sec: 368,102 | bf16_mfu: 0.00 | epoch: 1 pq: 17 rg: 15 | total time: 34.53m | eta: 25.2m
step 01463/02520 (58.06%) | loss: 3.077962 | lrm: 0.66 | dt: 1424.93ms | tok/sec: 367,939 | bf16_mfu: 0.00 | epoch: 1 pq: 17 rg: 16 | total time: 34.56m | eta: 25.1m
step 01464/02520 (58.10%) | loss: 3.098168 | lrm: 0.66 | dt: 1424.08ms | tok/sec: 368,158 | bf16_mfu: 0.00 | epoch: 1 pq: 17 rg: 17 | total time: 34.58m | eta: 25.1m
step 01465/02520 (58.13%) | loss: 3.089233 | lrm: 0.66 | dt: 1426.02ms | tok/sec: 367,657 | bf16_mfu: 0.00 | epoch: 1 pq: 17 rg: 18 | total time: 34.61m | eta: 25.1m
step 01466/02520 (58.17%) | loss: 3.087869 | lrm: 0.66 | dt: 1424.83ms | tok/sec: 367,965 | bf16_mfu: 0.00 | epoch: 1 pq: 17 rg: 19 | total time: 34.63m | eta: 25.1m
step 01467/02520 (58.21%) | loss: 3.095691 | lrm: 0.66 | dt: 1425.01ms | tok/sec: 367,918 | bf16_mfu: 0.00 | epoch: 1 pq: 17 rg: 20 | total time: 34.65m | eta: 25.0m
step 01468/02520 (58.25%) | loss: 3.107416 | lrm: 0.66 | dt: 1425.06ms | tok/sec: 367,907 | bf16_mfu: 0.00 | epoch: 1 pq: 17 rg: 21 | total time: 34.68m | eta: 25.0m
step 01469/02520 (58.29%) | loss: 3.103200 | lrm: 0.66 | dt: 1424.96ms | tok/sec: 367,931 | bf16_mfu: 0.00 | epoch: 1 pq: 17 rg: 22 | total time: 34.70m | eta: 25.0m
step 01470/02520 (58.33%) | loss: 3.104673 | lrm: 0.66 | dt: 1426.20ms | tok/sec: 367,610 | bf16_mfu: 0.00 | epoch: 1 pq: 17 rg: 23 | total time: 34.72m | eta: 25.0m
step 01471/02520 (58.37%) | loss: 3.104865 | lrm: 0.66 | dt: 1425.43ms | tok/sec: 367,810 | bf16_mfu: 0.00 | epoch: 1 pq: 17 rg: 24 | total time: 34.75m | eta: 24.9m
step 01472/02520 (58.41%) | loss: 3.106269 | lrm: 0.66 | dt: 1425.82ms | tok/sec: 367,711 | bf16_mfu: 0.00 | epoch: 1 pq: 17 rg: 25 | total time: 34.77m | eta: 24.9m
step 01473/02520 (58.45%) | loss: 3.107288 | lrm: 0.66 | dt: 1425.72ms | tok/sec: 367,734 | bf16_mfu: 0.00 | epoch: 1 pq: 17 rg: 26 | total time: 34.80m | eta: 24.9m
step 01474/02520 (58.49%) | loss: 3.100310 | lrm: 0.66 | dt: 1427.41ms | tok/sec: 367,299 | bf16_mfu: 0.00 | epoch: 1 pq: 17 rg: 27 | total time: 34.82m | eta: 24.9m
step 01475/02520 (58.53%) | loss: 3.106395 | lrm: 0.66 | dt: 1425.29ms | tok/sec: 367,846 | bf16_mfu: 0.00 | epoch: 1 pq: 17 rg: 28 | total time: 34.84m | eta: 24.9m
step 01476/02520 (58.57%) | loss: 3.116310 | lrm: 0.66 | dt: 1425.54ms | tok/sec: 367,780 | bf16_mfu: 0.00 | epoch: 1 pq: 17 rg: 29 | total time: 34.87m | eta: 24.8m
step 01477/02520 (58.61%) | loss: 3.115731 | lrm: 0.65 | dt: 1426.13ms | tok/sec: 367,629 | bf16_mfu: 0.00 | epoch: 1 pq: 17 rg: 30 | total time: 34.89m | eta: 24.8m
step 01478/02520 (58.65%) | loss: 3.107747 | lrm: 0.65 | dt: 1424.15ms | tok/sec: 368,139 | bf16_mfu: 0.00 | epoch: 1 pq: 17 rg: 30 | total time: 34.91m | eta: 24.8m
step 01479/02520 (58.69%) | loss: 3.110033 | lrm: 0.65 | dt: 1426.57ms | tok/sec: 367,517 | bf16_mfu: 0.00 | epoch: 1 pq: 17 rg: 31 | total time: 34.94m | eta: 24.8m
step 01480/02520 (58.73%) | loss: 3.113886 | lrm: 0.65 | dt: 1425.07ms | tok/sec: 367,903 | bf16_mfu: 0.00 | epoch: 1 pq: 17 rg: 32 | total time: 34.96m | eta: 24.7m
step 01481/02520 (58.77%) | loss: 3.108838 | lrm: 0.65 | dt: 1426.01ms | tok/sec: 367,659 | bf16_mfu: 0.00 | epoch: 1 pq: 17 rg: 33 | total time: 34.99m | eta: 24.7m
step 01482/02520 (58.81%) | loss: 3.105369 | lrm: 0.65 | dt: 1424.10ms | tok/sec: 368,153 | bf16_mfu: 0.00 | epoch: 1 pq: 17 rg: 34 | total time: 35.01m | eta: 24.7m
step 01483/02520 (58.85%) | loss: 3.105124 | lrm: 0.65 | dt: 1423.99ms | tok/sec: 368,183 | bf16_mfu: 0.00 | epoch: 1 pq: 17 rg: 35 | total time: 35.03m | eta: 24.7m
step 01484/02520 (58.89%) | loss: 3.102148 | lrm: 0.65 | dt: 1424.27ms | tok/sec: 368,110 | bf16_mfu: 0.00 | epoch: 1 pq: 17 rg: 36 | total time: 35.06m | eta: 24.6m
step 01485/02520 (58.93%) | loss: 3.105370 | lrm: 0.65 | dt: 1424.32ms | tok/sec: 368,097 | bf16_mfu: 0.00 | epoch: 1 pq: 17 rg: 37 | total time: 35.08m | eta: 24.6m
step 01486/02520 (58.97%) | loss: 3.103531 | lrm: 0.65 | dt: 1424.13ms | tok/sec: 368,147 | bf16_mfu: 0.00 | epoch: 1 pq: 17 rg: 38 | total time: 35.10m | eta: 24.6m
step 01487/02520 (59.01%) | loss: 3.094712 | lrm: 0.65 | dt: 1424.72ms | tok/sec: 367,994 | bf16_mfu: 0.00 | epoch: 1 pq: 17 rg: 39 | total time: 35.13m | eta: 24.6m
step 01488/02520 (59.05%) | loss: 3.073204 | lrm: 0.65 | dt: 1425.53ms | tok/sec: 367,784 | bf16_mfu: 0.00 | epoch: 1 pq: 17 rg: 40 | total time: 35.15m | eta: 24.5m
step 01489/02520 (59.09%) | loss: 3.088706 | lrm: 0.65 | dt: 1423.50ms | tok/sec: 368,308 | bf16_mfu: 0.00 | epoch: 1 pq: 17 rg: 41 | total time: 35.18m | eta: 24.5m
step 01490/02520 (59.13%) | loss: 3.084057 | lrm: 0.65 | dt: 1423.66ms | tok/sec: 368,268 | bf16_mfu: 0.00 | epoch: 1 pq: 17 rg: 42 | total time: 35.20m | eta: 24.5m
step 01491/02520 (59.17%) | loss: 3.080501 | lrm: 0.65 | dt: 1424.37ms | tok/sec: 368,083 | bf16_mfu: 0.00 | epoch: 1 pq: 17 rg: 43 | total time: 35.22m | eta: 24.5m
step 01492/02520 (59.21%) | loss: 3.073268 | lrm: 0.65 | dt: 1424.64ms | tok/sec: 368,015 | bf16_mfu: 0.00 | epoch: 1 pq: 17 rg: 44 | total time: 35.25m | eta: 24.4m
step 01493/02520 (59.25%) | loss: 3.070910 | lrm: 0.65 | dt: 1424.97ms | tok/sec: 367,930 | bf16_mfu: 0.00 | epoch: 1 pq: 17 rg: 45 | total time: 35.27m | eta: 24.4m
step 01494/02520 (59.29%) | loss: 3.071397 | lrm: 0.65 | dt: 1424.27ms | tok/sec: 368,111 | bf16_mfu: 0.00 | epoch: 1 pq: 17 rg: 46 | total time: 35.29m | eta: 24.4m
step 01495/02520 (59.33%) | loss: 3.069674 | lrm: 0.64 | dt: 1424.22ms | tok/sec: 368,123 | bf16_mfu: 0.00 | epoch: 1 pq: 17 rg: 47 | total time: 35.32m | eta: 24.4m
step 01496/02520 (59.37%) | loss: 3.066642 | lrm: 0.64 | dt: 1424.11ms | tok/sec: 368,150 | bf16_mfu: 0.00 | epoch: 1 pq: 17 rg: 48 | total time: 35.34m | eta: 24.4m
step 01497/02520 (59.40%) | loss: 3.061000 | lrm: 0.64 | dt: 1423.92ms | tok/sec: 368,199 | bf16_mfu: 0.00 | epoch: 1 pq: 17 rg: 49 | total time: 35.37m | eta: 24.3m
step 01498/02520 (59.44%) | loss: 3.060343 | lrm: 0.64 | dt: 1425.32ms | tok/sec: 367,837 | bf16_mfu: 0.00 | epoch: 1 pq: 17 rg: 50 | total time: 35.39m | eta: 24.3m
step 01499/02520 (59.48%) | loss: 3.049971 | lrm: 0.64 | dt: 1423.01ms | tok/sec: 368,436 | bf16_mfu: 0.00 | epoch: 1 pq: 17 rg: 51 | total time: 35.41m | eta: 24.3m
Step 01500 | Validation bpb: 0.937312
step 01500/02520 (59.52%) | loss: 3.063369 | lrm: 0.64 | dt: 1410.58ms | tok/sec: 371,682 | bf16_mfu: 0.00 | epoch: 1 pq: 17 rg: 52 | total time: 35.44m | eta: 24.3m
step 01501/02520 (59.56%) | loss: 3.070290 | lrm: 0.64 | dt: 1413.39ms | tok/sec: 370,943 | bf16_mfu: 0.00 | epoch: 1 pq: 17 rg: 53 | total time: 35.46m | eta: 24.2m
step 01502/02520 (59.60%) | loss: 3.077830 | lrm: 0.64 | dt: 1415.10ms | tok/sec: 370,496 | bf16_mfu: 0.00 | epoch: 1 pq: 17 rg: 54 | total time: 35.48m | eta: 24.2m
step 01503/02520 (59.64%) | loss: 3.067935 | lrm: 0.64 | dt: 1417.07ms | tok/sec: 369,981 | bf16_mfu: 0.00 | epoch: 1 pq: 17 rg: 55 | total time: 35.51m | eta: 24.2m
step 01504/02520 (59.68%) | loss: 3.070643 | lrm: 0.64 | dt: 1415.63ms | tok/sec: 370,355 | bf16_mfu: 0.00 | epoch: 1 pq: 17 rg: 56 | total time: 35.53m | eta: 24.2m
step 01505/02520 (59.72%) | loss: 3.074484 | lrm: 0.64 | dt: 1416.63ms | tok/sec: 370,096 | bf16_mfu: 0.00 | epoch: 1 pq: 17 rg: 57 | total time: 35.55m | eta: 24.1m
step 01506/02520 (59.76%) | loss: 3.080815 | lrm: 0.64 | dt: 1415.90ms | tok/sec: 370,287 | bf16_mfu: 0.00 | epoch: 1 pq: 17 rg: 58 | total time: 35.58m | eta: 24.1m
step 01507/02520 (59.80%) | loss: 3.082761 | lrm: 0.64 | dt: 1417.20ms | tok/sec: 369,945 | bf16_mfu: 0.00 | epoch: 1 pq: 17 rg: 59 | total time: 35.60m | eta: 24.1m
step 01508/02520 (59.84%) | loss: 3.074308 | lrm: 0.64 | dt: 1418.80ms | tok/sec: 369,528 | bf16_mfu: 0.00 | epoch: 1 pq: 17 rg: 60 | total time: 35.63m | eta: 24.1m
step 01509/02520 (59.88%) | loss: 3.083697 | lrm: 0.64 | dt: 1418.41ms | tok/sec: 369,629 | bf16_mfu: 0.00 | epoch: 1 pq: 17 rg: 60 | total time: 35.65m | eta: 24.0m
step 01510/02520 (59.92%) | loss: 3.094269 | lrm: 0.64 | dt: 1419.84ms | tok/sec: 369,257 | bf16_mfu: 0.00 | epoch: 1 pq: 17 rg: 61 | total time: 35.67m | eta: 24.0m
step 01511/02520 (59.96%) | loss: 3.092995 | lrm: 0.64 | dt: 1419.32ms | tok/sec: 369,395 | bf16_mfu: 0.00 | epoch: 1 pq: 17 rg: 62 | total time: 35.70m | eta: 24.0m
step 01512/02520 (60.00%) | loss: 3.085840 | lrm: 0.63 | dt: 1419.34ms | tok/sec: 369,389 | bf16_mfu: 0.00 | epoch: 1 pq: 17 rg: 63 | total time: 35.72m | eta: 24.0m
step 01513/02520 (60.04%) | loss: 3.083819 | lrm: 0.63 | dt: 1418.02ms | tok/sec: 369,733 | bf16_mfu: 0.00 | epoch: 1 pq: 17 rg: 64 | total time: 35.74m | eta: 23.9m
step 01514/02520 (60.08%) | loss: 3.077461 | lrm: 0.63 | dt: 1418.11ms | tok/sec: 369,708 | bf16_mfu: 0.00 | epoch: 1 pq: 17 rg: 65 | total time: 35.77m | eta: 23.9m
step 01515/02520 (60.12%) | loss: 3.075474 | lrm: 0.63 | dt: 1419.68ms | tok/sec: 369,300 | bf16_mfu: 0.00 | epoch: 1 pq: 17 rg: 66 | total time: 35.79m | eta: 23.9m
step 01516/02520 (60.16%) | loss: 3.067141 | lrm: 0.63 | dt: 1418.80ms | tok/sec: 369,530 | bf16_mfu: 0.00 | epoch: 1 pq: 17 rg: 67 | total time: 35.82m | eta: 23.9m
step 01517/02520 (60.20%) | loss: 3.059396 | lrm: 0.63 | dt: 1418.97ms | tok/sec: 369,484 | bf16_mfu: 0.00 | epoch: 1 pq: 17 rg: 68 | total time: 35.84m | eta: 23.9m
step 01518/02520 (60.24%) | loss: 3.058354 | lrm: 0.63 | dt: 1417.83ms | tok/sec: 369,782 | bf16_mfu: 0.00 | epoch: 1 pq: 17 rg: 69 | total time: 35.86m | eta: 23.8m
step 01519/02520 (60.28%) | loss: 3.066589 | lrm: 0.63 | dt: 1418.33ms | tok/sec: 369,651 | bf16_mfu: 0.00 | epoch: 1 pq: 17 rg: 70 | total time: 35.89m | eta: 23.8m
step 01520/02520 (60.32%) | loss: 3.063932 | lrm: 0.63 | dt: 1418.49ms | tok/sec: 369,608 | bf16_mfu: 0.00 | epoch: 1 pq: 17 rg: 71 | total time: 35.91m | eta: 23.8m
step 01521/02520 (60.36%) | loss: 3.069512 | lrm: 0.63 | dt: 1417.90ms | tok/sec: 369,764 | bf16_mfu: 0.00 | epoch: 1 pq: 17 rg: 72 | total time: 35.93m | eta: 23.8m
step 01522/02520 (60.40%) | loss: 3.064734 | lrm: 0.63 | dt: 1419.26ms | tok/sec: 369,408 | bf16_mfu: 0.00 | epoch: 1 pq: 17 rg: 73 | total time: 35.96m | eta: 23.7m
step 01523/02520 (60.44%) | loss: 3.063818 | lrm: 0.63 | dt: 1419.32ms | tok/sec: 369,394 | bf16_mfu: 0.00 | epoch: 1 pq: 17 rg: 74 | total time: 35.98m | eta: 23.7m
step 01524/02520 (60.48%) | loss: 3.069060 | lrm: 0.63 | dt: 1419.57ms | tok/sec: 369,327 | bf16_mfu: 0.00 | epoch: 1 pq: 17 rg: 75 | total time: 36.00m | eta: 23.7m
step 01525/02520 (60.52%) | loss: 3.058096 | lrm: 0.63 | dt: 1419.17ms | tok/sec: 369,433 | bf16_mfu: 0.00 | epoch: 1 pq: 17 rg: 76 | total time: 36.03m | eta: 23.7m
step 01526/02520 (60.56%) | loss: 3.056998 | lrm: 0.63 | dt: 1419.13ms | tok/sec: 369,444 | bf16_mfu: 0.00 | epoch: 1 pq: 17 rg: 77 | total time: 36.05m | eta: 23.6m
step 01527/02520 (60.60%) | loss: 3.067310 | lrm: 0.63 | dt: 1420.02ms | tok/sec: 369,210 | bf16_mfu: 0.00 | epoch: 1 pq: 17 rg: 78 | total time: 36.08m | eta: 23.6m
step 01528/02520 (60.63%) | loss: 3.072772 | lrm: 0.63 | dt: 1419.56ms | tok/sec: 369,332 | bf16_mfu: 0.00 | epoch: 1 pq: 17 rg: 79 | total time: 36.10m | eta: 23.6m
step 01529/02520 (60.67%) | loss: 3.076556 | lrm: 0.62 | dt: 1422.03ms | tok/sec: 368,690 | bf16_mfu: 0.00 | epoch: 1 pq: 17 rg: 80 | total time: 36.12m | eta: 23.6m
step 01530/02520 (60.71%) | loss: 3.077925 | lrm: 0.62 | dt: 1420.10ms | tok/sec: 369,190 | bf16_mfu: 0.00 | epoch: 1 pq: 17 rg: 81 | total time: 36.15m | eta: 23.5m
step 01531/02520 (60.75%) | loss: 3.088667 | lrm: 0.62 | dt: 1421.57ms | tok/sec: 368,810 | bf16_mfu: 0.00 | epoch: 1 pq: 17 rg: 82 | total time: 36.17m | eta: 23.5m
step 01532/02520 (60.79%) | loss: 3.091841 | lrm: 0.62 | dt: 1419.98ms | tok/sec: 369,221 | bf16_mfu: 0.00 | epoch: 1 pq: 18 rg: 0 | total time: 36.19m | eta: 23.5m
step 01533/02520 (60.83%) | loss: 3.088156 | lrm: 0.62 | dt: 1420.61ms | tok/sec: 369,058 | bf16_mfu: 0.00 | epoch: 1 pq: 18 rg: 1 | total time: 36.22m | eta: 23.5m
step 01534/02520 (60.87%) | loss: 3.090951 | lrm: 0.62 | dt: 1423.28ms | tok/sec: 368,367 | bf16_mfu: 0.00 | epoch: 1 pq: 18 rg: 2 | total time: 36.24m | eta: 23.4m
step 01535/02520 (60.91%) | loss: 3.096227 | lrm: 0.62 | dt: 1420.46ms | tok/sec: 369,097 | bf16_mfu: 0.00 | epoch: 1 pq: 18 rg: 2 | total time: 36.26m | eta: 23.4m
step 01536/02520 (60.95%) | loss: 3.088817 | lrm: 0.62 | dt: 1421.47ms | tok/sec: 368,835 | bf16_mfu: 0.00 | epoch: 1 pq: 18 rg: 3 | total time: 36.29m | eta: 23.4m
step 01537/02520 (60.99%) | loss: 3.076722 | lrm: 0.62 | dt: 1420.45ms | tok/sec: 369,100 | bf16_mfu: 0.00 | epoch: 1 pq: 18 rg: 4 | total time: 36.31m | eta: 23.4m
step 01538/02520 (61.03%) | loss: 3.077313 | lrm: 0.62 | dt: 1421.35ms | tok/sec: 368,865 | bf16_mfu: 0.00 | epoch: 1 pq: 18 rg: 5 | total time: 36.34m | eta: 23.4m
step 01539/02520 (61.07%) | loss: 3.079773 | lrm: 0.62 | dt: 1421.71ms | tok/sec: 368,773 | bf16_mfu: 0.00 | epoch: 1 pq: 18 rg: 6 | total time: 36.36m | eta: 23.3m
step 01540/02520 (61.11%) | loss: 3.083054 | lrm: 0.62 | dt: 1421.14ms | tok/sec: 368,921 | bf16_mfu: 0.00 | epoch: 1 pq: 18 rg: 7 | total time: 36.38m | eta: 23.3m
step 01541/02520 (61.15%) | loss: 3.068467 | lrm: 0.62 | dt: 1421.41ms | tok/sec: 368,850 | bf16_mfu: 0.00 | epoch: 1 pq: 18 rg: 8 | total time: 36.41m | eta: 23.3m
step 01542/02520 (61.19%) | loss: 3.062642 | lrm: 0.62 | dt: 1421.10ms | tok/sec: 368,932 | bf16_mfu: 0.00 | epoch: 1 pq: 18 rg: 9 | total time: 36.43m | eta: 23.3m
step 01543/02520 (61.23%) | loss: 3.059303 | lrm: 0.62 | dt: 1421.66ms | tok/sec: 368,786 | bf16_mfu: 0.00 | epoch: 1 pq: 18 rg: 10 | total time: 36.45m | eta: 23.2m
step 01544/02520 (61.27%) | loss: 3.046734 | lrm: 0.62 | dt: 1420.39ms | tok/sec: 369,115 | bf16_mfu: 0.00 | epoch: 1 pq: 18 rg: 11 | total time: 36.48m | eta: 23.2m
step 01545/02520 (61.31%) | loss: 3.056829 | lrm: 0.62 | dt: 1421.23ms | tok/sec: 368,897 | bf16_mfu: 0.00 | epoch: 1 pq: 18 rg: 12 | total time: 36.50m | eta: 23.2m
step 01546/02520 (61.35%) | loss: 3.059271 | lrm: 0.61 | dt: 1422.24ms | tok/sec: 368,634 | bf16_mfu: 0.00 | epoch: 1 pq: 18 rg: 13 | total time: 36.53m | eta: 23.2m
step 01547/02520 (61.39%) | loss: 3.061750 | lrm: 0.61 | dt: 1420.99ms | tok/sec: 368,959 | bf16_mfu: 0.00 | epoch: 1 pq: 18 rg: 14 | total time: 36.55m | eta: 23.1m
step 01548/02520 (61.43%) | loss: 3.066823 | lrm: 0.61 | dt: 1422.64ms | tok/sec: 368,531 | bf16_mfu: 0.00 | epoch: 1 pq: 18 rg: 15 | total time: 36.57m | eta: 23.1m
step 01549/02520 (61.47%) | loss: 3.068860 | lrm: 0.61 | dt: 1422.12ms | tok/sec: 368,666 | bf16_mfu: 0.00 | epoch: 1 pq: 18 rg: 16 | total time: 36.60m | eta: 23.1m
step 01550/02520 (61.51%) | loss: 3.081652 | lrm: 0.61 | dt: 1422.35ms | tok/sec: 368,607 | bf16_mfu: 0.00 | epoch: 1 pq: 18 rg: 17 | total time: 36.62m | eta: 23.1m
step 01551/02520 (61.55%) | loss: 3.086605 | lrm: 0.61 | dt: 1421.19ms | tok/sec: 368,907 | bf16_mfu: 0.00 | epoch: 1 pq: 18 rg: 18 | total time: 36.64m | eta: 23.0m
step 01552/02520 (61.59%) | loss: 3.077076 | lrm: 0.61 | dt: 1422.57ms | tok/sec: 368,550 | bf16_mfu: 0.00 | epoch: 1 pq: 18 rg: 19 | total time: 36.67m | eta: 23.0m
step 01553/02520 (61.63%) | loss: 3.083625 | lrm: 0.61 | dt: 1423.50ms | tok/sec: 368,309 | bf16_mfu: 0.00 | epoch: 1 pq: 18 rg: 20 | total time: 36.69m | eta: 23.0m
step 01554/02520 (61.67%) | loss: 3.076075 | lrm: 0.61 | dt: 1422.56ms | tok/sec: 368,553 | bf16_mfu: 0.00 | epoch: 1 pq: 18 rg: 21 | total time: 36.71m | eta: 23.0m
step 01555/02520 (61.71%) | loss: 3.072281 | lrm: 0.61 | dt: 1423.54ms | tok/sec: 368,299 | bf16_mfu: 0.00 | epoch: 1 pq: 18 rg: 22 | total time: 36.74m | eta: 22.9m
step 01556/02520 (61.75%) | loss: 3.081700 | lrm: 0.61 | dt: 1421.85ms | tok/sec: 368,737 | bf16_mfu: 0.00 | epoch: 1 pq: 18 rg: 23 | total time: 36.76m | eta: 22.9m
step 01557/02520 (61.79%) | loss: 3.077852 | lrm: 0.61 | dt: 1422.26ms | tok/sec: 368,631 | bf16_mfu: 0.00 | epoch: 1 pq: 18 rg: 24 | total time: 36.79m | eta: 22.9m
step 01558/02520 (61.83%) | loss: 3.068939 | lrm: 0.61 | dt: 1423.40ms | tok/sec: 368,335 | bf16_mfu: 0.00 | epoch: 1 pq: 18 rg: 25 | total time: 36.81m | eta: 22.9m
step 01559/02520 (61.87%) | loss: 3.073549 | lrm: 0.61 | dt: 1422.07ms | tok/sec: 368,679 | bf16_mfu: 0.00 | epoch: 1 pq: 18 rg: 26 | total time: 36.83m | eta: 22.9m
step 01560/02520 (61.90%) | loss: 3.070038 | lrm: 0.61 | dt: 1423.75ms | tok/sec: 368,244 | bf16_mfu: 0.00 | epoch: 1 pq: 18 rg: 27 | total time: 36.86m | eta: 22.8m
step 01561/02520 (61.94%) | loss: 3.068854 | lrm: 0.61 | dt: 1422.98ms | tok/sec: 368,443 | bf16_mfu: 0.00 | epoch: 1 pq: 18 rg: 28 | total time: 36.88m | eta: 22.8m
step 01562/02520 (61.98%) | loss: 3.063037 | lrm: 0.61 | dt: 1423.65ms | tok/sec: 368,269 | bf16_mfu: 0.00 | epoch: 1 pq: 18 rg: 29 | total time: 36.90m | eta: 22.8m
step 01563/02520 (62.02%) | loss: 3.069630 | lrm: 0.61 | dt: 1421.97ms | tok/sec: 368,704 | bf16_mfu: 0.00 | epoch: 1 pq: 18 rg: 30 | total time: 36.93m | eta: 22.8m
step 01564/02520 (62.06%) | loss: 3.068602 | lrm: 0.60 | dt: 1422.87ms | tok/sec: 368,473 | bf16_mfu: 0.00 | epoch: 1 pq: 18 rg: 31 | total time: 36.95m | eta: 22.7m
step 01565/02520 (62.10%) | loss: 3.065656 | lrm: 0.60 | dt: 1422.63ms | tok/sec: 368,534 | bf16_mfu: 0.00 | epoch: 1 pq: 18 rg: 32 | total time: 36.98m | eta: 22.7m
step 01566/02520 (62.14%) | loss: 3.077843 | lrm: 0.60 | dt: 1421.95ms | tok/sec: 368,709 | bf16_mfu: 0.00 | epoch: 1 pq: 18 rg: 32 | total time: 37.00m | eta: 22.7m
step 01567/02520 (62.18%) | loss: 3.081323 | lrm: 0.60 | dt: 1423.00ms | tok/sec: 368,438 | bf16_mfu: 0.00 | epoch: 1 pq: 18 rg: 33 | total time: 37.02m | eta: 22.7m
step 01568/02520 (62.22%) | loss: 3.076257 | lrm: 0.60 | dt: 1422.78ms | tok/sec: 368,496 | bf16_mfu: 0.00 | epoch: 1 pq: 18 rg: 34 | total time: 37.05m | eta: 22.6m
step 01569/02520 (62.26%) | loss: 3.072208 | lrm: 0.60 | dt: 1423.14ms | tok/sec: 368,403 | bf16_mfu: 0.00 | epoch: 1 pq: 18 rg: 35 | total time: 37.07m | eta: 22.6m
step 01570/02520 (62.30%) | loss: 3.075947 | lrm: 0.60 | dt: 1422.37ms | tok/sec: 368,601 | bf16_mfu: 0.00 | epoch: 1 pq: 18 rg: 36 | total time: 37.09m | eta: 22.6m
step 01571/02520 (62.34%) | loss: 3.080933 | lrm: 0.60 | dt: 1422.03ms | tok/sec: 368,690 | bf16_mfu: 0.00 | epoch: 1 pq: 18 rg: 37 | total time: 37.12m | eta: 22.6m
step 01572/02520 (62.38%) | loss: 3.071343 | lrm: 0.60 | dt: 1422.64ms | tok/sec: 368,530 | bf16_mfu: 0.00 | epoch: 1 pq: 18 rg: 38 | total time: 37.14m | eta: 22.5m
step 01573/02520 (62.42%) | loss: 3.075286 | lrm: 0.60 | dt: 1422.32ms | tok/sec: 368,615 | bf16_mfu: 0.00 | epoch: 1 pq: 18 rg: 39 | total time: 37.17m | eta: 22.5m
step 01574/02520 (62.46%) | loss: 3.077340 | lrm: 0.60 | dt: 1422.85ms | tok/sec: 368,476 | bf16_mfu: 0.00 | epoch: 1 pq: 18 rg: 40 | total time: 37.19m | eta: 22.5m
step 01575/02520 (62.50%) | loss: 3.070838 | lrm: 0.60 | dt: 1422.49ms | tok/sec: 368,571 | bf16_mfu: 0.00 | epoch: 1 pq: 18 rg: 41 | total time: 37.21m | eta: 22.5m
step 01576/02520 (62.54%) | loss: 3.066266 | lrm: 0.60 | dt: 1423.25ms | tok/sec: 368,372 | bf16_mfu: 0.00 | epoch: 1 pq: 18 rg: 42 | total time: 37.24m | eta: 22.4m
step 01577/02520 (62.58%) | loss: 3.054677 | lrm: 0.60 | dt: 1422.72ms | tok/sec: 368,510 | bf16_mfu: 0.00 | epoch: 1 pq: 18 rg: 43 | total time: 37.26m | eta: 22.4m
step 01578/02520 (62.62%) | loss: 3.053050 | lrm: 0.60 | dt: 1421.33ms | tok/sec: 368,871 | bf16_mfu: 0.00 | epoch: 1 pq: 18 rg: 44 | total time: 37.28m | eta: 22.4m
step 01579/02520 (62.66%) | loss: 3.066389 | lrm: 0.60 | dt: 1423.65ms | tok/sec: 368,270 | bf16_mfu: 0.00 | epoch: 1 pq: 18 rg: 45 | total time: 37.31m | eta: 22.4m
step 01580/02520 (62.70%) | loss: 3.076571 | lrm: 0.60 | dt: 1421.84ms | tok/sec: 368,739 | bf16_mfu: 0.00 | epoch: 1 pq: 18 rg: 46 | total time: 37.33m | eta: 22.4m
step 01581/02520 (62.74%) | loss: 3.052920 | lrm: 0.59 | dt: 1423.65ms | tok/sec: 368,270 | bf16_mfu: 0.00 | epoch: 1 pq: 18 rg: 47 | total time: 37.36m | eta: 22.3m
step 01582/02520 (62.78%) | loss: 3.040611 | lrm: 0.59 | dt: 1423.60ms | tok/sec: 368,282 | bf16_mfu: 0.00 | epoch: 1 pq: 18 rg: 48 | total time: 37.38m | eta: 22.3m
step 01583/02520 (62.82%) | loss: 3.049814 | lrm: 0.59 | dt: 1423.44ms | tok/sec: 368,325 | bf16_mfu: 0.00 | epoch: 1 pq: 18 rg: 49 | total time: 37.40m | eta: 22.3m
step 01584/02520 (62.86%) | loss: 3.050150 | lrm: 0.59 | dt: 1424.00ms | tok/sec: 368,178 | bf16_mfu: 0.00 | epoch: 1 pq: 18 rg: 50 | total time: 37.43m | eta: 22.3m
step 01585/02520 (62.90%) | loss: 3.053900 | lrm: 0.59 | dt: 1422.08ms | tok/sec: 368,676 | bf16_mfu: 0.00 | epoch: 1 pq: 18 rg: 51 | total time: 37.45m | eta: 22.2m
step 01586/02520 (62.94%) | loss: 3.061438 | lrm: 0.59 | dt: 1423.73ms | tok/sec: 368,249 | bf16_mfu: 0.00 | epoch: 1 pq: 18 rg: 52 | total time: 37.47m | eta: 22.2m
step 01587/02520 (62.98%) | loss: 3.072791 | lrm: 0.59 | dt: 1422.78ms | tok/sec: 368,496 | bf16_mfu: 0.00 | epoch: 1 pq: 18 rg: 53 | total time: 37.50m | eta: 22.2m
step 01588/02520 (63.02%) | loss: 3.063334 | lrm: 0.59 | dt: 1423.16ms | tok/sec: 368,396 | bf16_mfu: 0.00 | epoch: 1 pq: 18 rg: 54 | total time: 37.52m | eta: 22.2m
step 01589/02520 (63.06%) | loss: 3.058610 | lrm: 0.59 | dt: 1423.38ms | tok/sec: 368,341 | bf16_mfu: 0.00 | epoch: 1 pq: 18 rg: 55 | total time: 37.54m | eta: 22.1m
step 01590/02520 (63.10%) | loss: 3.058626 | lrm: 0.59 | dt: 1423.15ms | tok/sec: 368,400 | bf16_mfu: 0.00 | epoch: 1 pq: 18 rg: 56 | total time: 37.57m | eta: 22.1m
step 01591/02520 (63.13%) | loss: 3.046920 | lrm: 0.59 | dt: 1423.95ms | tok/sec: 368,192 | bf16_mfu: 0.00 | epoch: 1 pq: 18 rg: 57 | total time: 37.59m | eta: 22.1m
step 01592/02520 (63.17%) | loss: 3.030562 | lrm: 0.59 | dt: 1423.27ms | tok/sec: 368,369 | bf16_mfu: 0.00 | epoch: 1 pq: 18 rg: 58 | total time: 37.62m | eta: 22.1m
step 01593/02520 (63.21%) | loss: 3.050309 | lrm: 0.59 | dt: 1424.15ms | tok/sec: 368,140 | bf16_mfu: 0.00 | epoch: 1 pq: 18 rg: 59 | total time: 37.64m | eta: 22.0m
step 01594/02520 (63.25%) | loss: 3.051911 | lrm: 0.59 | dt: 1424.26ms | tok/sec: 368,113 | bf16_mfu: 0.00 | epoch: 1 pq: 18 rg: 60 | total time: 37.66m | eta: 22.0m
step 01595/02520 (63.29%) | loss: 3.044105 | lrm: 0.59 | dt: 1425.62ms | tok/sec: 367,761 | bf16_mfu: 0.00 | epoch: 1 pq: 18 rg: 61 | total time: 37.69m | eta: 22.0m
step 01596/02520 (63.33%) | loss: 3.057110 | lrm: 0.59 | dt: 1423.24ms | tok/sec: 368,376 | bf16_mfu: 0.00 | epoch: 1 pq: 18 rg: 62 | total time: 37.71m | eta: 22.0m
step 01597/02520 (63.37%) | loss: 3.057836 | lrm: 0.59 | dt: 1424.77ms | tok/sec: 367,980 | bf16_mfu: 0.00 | epoch: 1 pq: 18 rg: 63 | total time: 37.73m | eta: 21.9m
step 01598/02520 (63.41%) | loss: 3.059840 | lrm: 0.58 | dt: 1424.52ms | tok/sec: 368,046 | bf16_mfu: 0.00 | epoch: 1 pq: 18 rg: 64 | total time: 37.76m | eta: 21.9m
step 01599/02520 (63.45%) | loss: 3.049098 | lrm: 0.58 | dt: 1424.34ms | tok/sec: 368,092 | bf16_mfu: 0.00 | epoch: 1 pq: 18 rg: 65 | total time: 37.78m | eta: 21.9m
step 01600/02520 (63.49%) | loss: 3.051604 | lrm: 0.58 | dt: 1425.14ms | tok/sec: 367,885 | bf16_mfu: 0.00 | epoch: 1 pq: 18 rg: 66 | total time: 37.81m | eta: 21.9m
step 01601/02520 (63.53%) | loss: 3.041942 | lrm: 0.58 | dt: 1423.52ms | tok/sec: 368,304 | bf16_mfu: 0.00 | epoch: 1 pq: 18 rg: 66 | total time: 37.83m | eta: 21.9m
step 01602/02520 (63.57%) | loss: 3.027499 | lrm: 0.58 | dt: 1424.01ms | tok/sec: 368,176 | bf16_mfu: 0.00 | epoch: 1 pq: 18 rg: 67 | total time: 37.85m | eta: 21.8m
step 01603/02520 (63.61%) | loss: 3.038683 | lrm: 0.58 | dt: 1423.86ms | tok/sec: 368,215 | bf16_mfu: 0.00 | epoch: 1 pq: 18 rg: 68 | total time: 37.88m | eta: 21.8m
step 01604/02520 (63.65%) | loss: 3.046267 | lrm: 0.58 | dt: 1427.26ms | tok/sec: 367,338 | bf16_mfu: 0.00 | epoch: 1 pq: 18 rg: 69 | total time: 37.90m | eta: 21.8m
step 01605/02520 (63.69%) | loss: 3.046706 | lrm: 0.58 | dt: 1424.29ms | tok/sec: 368,104 | bf16_mfu: 0.00 | epoch: 1 pq: 18 rg: 70 | total time: 37.92m | eta: 21.8m
step 01606/02520 (63.73%) | loss: 3.059635 | lrm: 0.58 | dt: 1423.03ms | tok/sec: 368,431 | bf16_mfu: 0.00 | epoch: 1 pq: 18 rg: 71 | total time: 37.95m | eta: 21.7m
step 01607/02520 (63.77%) | loss: 3.071736 | lrm: 0.58 | dt: 1424.65ms | tok/sec: 368,010 | bf16_mfu: 0.00 | epoch: 1 pq: 18 rg: 72 | total time: 37.97m | eta: 21.7m
step 01608/02520 (63.81%) | loss: 3.063618 | lrm: 0.58 | dt: 1424.81ms | tok/sec: 367,969 | bf16_mfu: 0.00 | epoch: 1 pq: 18 rg: 73 | total time: 38.00m | eta: 21.7m
step 01609/02520 (63.85%) | loss: 3.072069 | lrm: 0.58 | dt: 1425.00ms | tok/sec: 367,920 | bf16_mfu: 0.00 | epoch: 1 pq: 18 rg: 74 | total time: 38.02m | eta: 21.7m
step 01610/02520 (63.89%) | loss: 3.064516 | lrm: 0.58 | dt: 1423.97ms | tok/sec: 368,186 | bf16_mfu: 0.00 | epoch: 1 pq: 18 rg: 75 | total time: 38.04m | eta: 21.6m
step 01611/02520 (63.93%) | loss: 3.069851 | lrm: 0.58 | dt: 1424.12ms | tok/sec: 368,149 | bf16_mfu: 0.00 | epoch: 1 pq: 18 rg: 76 | total time: 38.07m | eta: 21.6m
step 01612/02520 (63.97%) | loss: 3.054500 | lrm: 0.58 | dt: 1424.74ms | tok/sec: 367,989 | bf16_mfu: 0.00 | epoch: 1 pq: 18 rg: 77 | total time: 38.09m | eta: 21.6m
step 01613/02520 (64.01%) | loss: 3.051168 | lrm: 0.58 | dt: 1424.59ms | tok/sec: 368,028 | bf16_mfu: 0.00 | epoch: 1 pq: 18 rg: 78 | total time: 38.11m | eta: 21.6m
step 01614/02520 (64.05%) | loss: 3.050458 | lrm: 0.58 | dt: 1425.37ms | tok/sec: 367,825 | bf16_mfu: 0.00 | epoch: 1 pq: 18 rg: 79 | total time: 38.14m | eta: 21.5m
step 01615/02520 (64.09%) | loss: 3.041048 | lrm: 0.57 | dt: 1423.59ms | tok/sec: 368,286 | bf16_mfu: 0.00 | epoch: 1 pq: 18 rg: 80 | total time: 38.16m | eta: 21.5m
step 01616/02520 (64.13%) | loss: 3.045954 | lrm: 0.57 | dt: 1424.06ms | tok/sec: 368,164 | bf16_mfu: 0.00 | epoch: 1 pq: 18 rg: 81 | total time: 38.19m | eta: 21.5m
step 01617/02520 (64.17%) | loss: 3.049697 | lrm: 0.57 | dt: 1424.50ms | tok/sec: 368,051 | bf16_mfu: 0.00 | epoch: 1 pq: 18 rg: 82 | total time: 38.21m | eta: 21.5m
step 01618/02520 (64.21%) | loss: 3.048853 | lrm: 0.57 | dt: 1422.92ms | tok/sec: 368,459 | bf16_mfu: 0.00 | epoch: 1 pq: 19 rg: 0 | total time: 38.23m | eta: 21.4m
step 01619/02520 (64.25%) | loss: 3.040817 | lrm: 0.57 | dt: 1423.24ms | tok/sec: 368,375 | bf16_mfu: 0.00 | epoch: 1 pq: 19 rg: 1 | total time: 38.26m | eta: 21.4m
step 01620/02520 (64.29%) | loss: 3.024138 | lrm: 0.57 | dt: 1423.04ms | tok/sec: 368,427 | bf16_mfu: 0.00 | epoch: 1 pq: 19 rg: 2 | total time: 38.28m | eta: 21.4m
step 01621/02520 (64.33%) | loss: 3.012483 | lrm: 0.57 | dt: 1424.61ms | tok/sec: 368,022 | bf16_mfu: 0.00 | epoch: 1 pq: 19 rg: 3 | total time: 38.30m | eta: 21.4m
step 01622/02520 (64.37%) | loss: 3.018319 | lrm: 0.57 | dt: 1422.81ms | tok/sec: 368,487 | bf16_mfu: 0.00 | epoch: 1 pq: 19 rg: 4 | total time: 38.33m | eta: 21.4m
step 01623/02520 (64.40%) | loss: 3.024812 | lrm: 0.57 | dt: 1423.80ms | tok/sec: 368,230 | bf16_mfu: 0.00 | epoch: 1 pq: 19 rg: 5 | total time: 38.35m | eta: 21.3m
step 01624/02520 (64.44%) | loss: 3.029049 | lrm: 0.57 | dt: 1424.36ms | tok/sec: 368,085 | bf16_mfu: 0.00 | epoch: 1 pq: 19 rg: 6 | total time: 38.38m | eta: 21.3m
step 01625/02520 (64.48%) | loss: 3.025761 | lrm: 0.57 | dt: 1423.90ms | tok/sec: 368,205 | bf16_mfu: 0.00 | epoch: 1 pq: 19 rg: 7 | total time: 38.40m | eta: 21.3m
step 01626/02520 (64.52%) | loss: 3.016483 | lrm: 0.57 | dt: 1423.98ms | tok/sec: 368,184 | bf16_mfu: 0.00 | epoch: 1 pq: 19 rg: 8 | total time: 38.42m | eta: 21.3m
step 01627/02520 (64.56%) | loss: 3.015785 | lrm: 0.57 | dt: 1424.46ms | tok/sec: 368,061 | bf16_mfu: 0.00 | epoch: 1 pq: 19 rg: 9 | total time: 38.45m | eta: 21.2m
step 01628/02520 (64.60%) | loss: 3.014599 | lrm: 0.57 | dt: 1424.84ms | tok/sec: 367,961 | bf16_mfu: 0.00 | epoch: 1 pq: 19 rg: 10 | total time: 38.47m | eta: 21.2m
step 01629/02520 (64.64%) | loss: 3.011374 | lrm: 0.57 | dt: 1423.71ms | tok/sec: 368,255 | bf16_mfu: 0.00 | epoch: 1 pq: 19 rg: 11 | total time: 38.49m | eta: 21.2m
step 01630/02520 (64.68%) | loss: 3.015696 | lrm: 0.57 | dt: 1423.98ms | tok/sec: 368,185 | bf16_mfu: 0.00 | epoch: 1 pq: 19 rg: 12 | total time: 38.52m | eta: 21.2m
step 01631/02520 (64.72%) | loss: 3.013481 | lrm: 0.57 | dt: 1425.60ms | tok/sec: 367,767 | bf16_mfu: 0.00 | epoch: 1 pq: 19 rg: 13 | total time: 38.54m | eta: 21.1m
step 01632/02520 (64.76%) | loss: 3.007056 | lrm: 0.57 | dt: 1424.05ms | tok/sec: 368,166 | bf16_mfu: 0.00 | epoch: 1 pq: 19 rg: 14 | total time: 38.57m | eta: 21.1m
step 01633/02520 (64.80%) | loss: 3.010864 | lrm: 0.56 | dt: 1424.49ms | tok/sec: 368,052 | bf16_mfu: 0.00 | epoch: 1 pq: 19 rg: 15 | total time: 38.59m | eta: 21.1m
step 01634/02520 (64.84%) | loss: 3.016937 | lrm: 0.56 | dt: 1424.19ms | tok/sec: 368,129 | bf16_mfu: 0.00 | epoch: 1 pq: 19 rg: 16 | total time: 38.61m | eta: 21.1m
step 01635/02520 (64.88%) | loss: 3.016632 | lrm: 0.56 | dt: 1426.28ms | tok/sec: 367,590 | bf16_mfu: 0.00 | epoch: 1 pq: 19 rg: 17 | total time: 38.64m | eta: 21.0m
step 01636/02520 (64.92%) | loss: 3.027150 | lrm: 0.56 | dt: 1424.49ms | tok/sec: 368,054 | bf16_mfu: 0.00 | epoch: 1 pq: 19 rg: 18 | total time: 38.66m | eta: 21.0m
step 01637/02520 (64.96%) | loss: 3.022035 | lrm: 0.56 | dt: 1424.22ms | tok/sec: 368,123 | bf16_mfu: 0.00 | epoch: 1 pq: 19 rg: 19 | total time: 38.68m | eta: 21.0m
step 01638/02520 (65.00%) | loss: 3.031562 | lrm: 0.56 | dt: 1424.65ms | tok/sec: 368,012 | bf16_mfu: 0.00 | epoch: 1 pq: 19 rg: 20 | total time: 38.71m | eta: 21.0m
step 01639/02520 (65.04%) | loss: 3.042548 | lrm: 0.56 | dt: 1424.04ms | tok/sec: 368,170 | bf16_mfu: 0.00 | epoch: 1 pq: 19 rg: 21 | total time: 38.73m | eta: 20.9m
step 01640/02520 (65.08%) | loss: 3.036423 | lrm: 0.56 | dt: 1425.12ms | tok/sec: 367,891 | bf16_mfu: 0.00 | epoch: 1 pq: 19 rg: 22 | total time: 38.76m | eta: 20.9m
step 01641/02520 (65.12%) | loss: 3.037241 | lrm: 0.56 | dt: 1423.22ms | tok/sec: 368,380 | bf16_mfu: 0.00 | epoch: 1 pq: 19 rg: 23 | total time: 38.78m | eta: 20.9m
step 01642/02520 (65.16%) | loss: 3.041967 | lrm: 0.56 | dt: 1425.68ms | tok/sec: 367,745 | bf16_mfu: 0.00 | epoch: 1 pq: 19 rg: 23 | total time: 38.80m | eta: 20.9m
step 01643/02520 (65.20%) | loss: 3.039172 | lrm: 0.56 | dt: 1423.14ms | tok/sec: 368,401 | bf16_mfu: 0.00 | epoch: 1 pq: 19 rg: 24 | total time: 38.83m | eta: 20.9m
step 01644/02520 (65.24%) | loss: 3.033183 | lrm: 0.56 | dt: 1423.36ms | tok/sec: 368,344 | bf16_mfu: 0.00 | epoch: 1 pq: 19 rg: 25 | total time: 38.85m | eta: 20.8m
step 01645/02520 (65.28%) | loss: 3.025878 | lrm: 0.56 | dt: 1424.07ms | tok/sec: 368,161 | bf16_mfu: 0.00 | epoch: 1 pq: 19 rg: 26 | total time: 38.87m | eta: 20.8m
step 01646/02520 (65.32%) | loss: 3.019732 | lrm: 0.56 | dt: 1424.54ms | tok/sec: 368,040 | bf16_mfu: 0.00 | epoch: 1 pq: 19 rg: 27 | total time: 38.90m | eta: 20.8m
step 01647/02520 (65.36%) | loss: 3.029569 | lrm: 0.56 | dt: 1424.35ms | tok/sec: 368,089 | bf16_mfu: 0.00 | epoch: 1 pq: 19 rg: 28 | total time: 38.92m | eta: 20.8m
step 01648/02520 (65.40%) | loss: 3.031525 | lrm: 0.56 | dt: 1423.77ms | tok/sec: 368,239 | bf16_mfu: 0.00 | epoch: 1 pq: 19 rg: 29 | total time: 38.95m | eta: 20.7m
step 01649/02520 (65.44%) | loss: 3.038668 | lrm: 0.56 | dt: 1425.59ms | tok/sec: 367,769 | bf16_mfu: 0.00 | epoch: 1 pq: 19 rg: 30 | total time: 38.97m | eta: 20.7m
step 01650/02520 (65.48%) | loss: 3.048034 | lrm: 0.55 | dt: 1425.02ms | tok/sec: 367,915 | bf16_mfu: 0.00 | epoch: 1 pq: 19 rg: 31 | total time: 38.99m | eta: 20.7m
step 01651/02520 (65.52%) | loss: 3.048337 | lrm: 0.55 | dt: 1425.15ms | tok/sec: 367,881 | bf16_mfu: 0.00 | epoch: 1 pq: 19 rg: 32 | total time: 39.02m | eta: 20.7m
step 01652/02520 (65.56%) | loss: 3.052966 | lrm: 0.55 | dt: 1425.24ms | tok/sec: 367,859 | bf16_mfu: 0.00 | epoch: 1 pq: 19 rg: 33 | total time: 39.04m | eta: 20.6m
step 01653/02520 (65.60%) | loss: 3.061448 | lrm: 0.55 | dt: 1424.50ms | tok/sec: 368,051 | bf16_mfu: 0.00 | epoch: 1 pq: 19 rg: 34 | total time: 39.06m | eta: 20.6m
step 01654/02520 (65.63%) | loss: 3.058136 | lrm: 0.55 | dt: 1424.73ms | tok/sec: 367,990 | bf16_mfu: 0.00 | epoch: 1 pq: 19 rg: 35 | total time: 39.09m | eta: 20.6m
step 01655/02520 (65.67%) | loss: 3.057002 | lrm: 0.55 | dt: 1425.08ms | tok/sec: 367,902 | bf16_mfu: 0.00 | epoch: 1 pq: 19 rg: 36 | total time: 39.11m | eta: 20.6m
step 01656/02520 (65.71%) | loss: 3.054790 | lrm: 0.55 | dt: 1424.48ms | tok/sec: 368,054 | bf16_mfu: 0.00 | epoch: 1 pq: 19 rg: 37 | total time: 39.14m | eta: 20.5m
step 01657/02520 (65.75%) | loss: 3.051423 | lrm: 0.55 | dt: 1424.01ms | tok/sec: 368,176 | bf16_mfu: 0.00 | epoch: 1 pq: 19 rg: 38 | total time: 39.16m | eta: 20.5m
step 01658/02520 (65.79%) | loss: 3.037246 | lrm: 0.55 | dt: 1425.06ms | tok/sec: 367,905 | bf16_mfu: 0.00 | epoch: 1 pq: 19 rg: 39 | total time: 39.18m | eta: 20.5m
step 01659/02520 (65.83%) | loss: 3.021969 | lrm: 0.55 | dt: 1424.90ms | tok/sec: 367,946 | bf16_mfu: 0.00 | epoch: 1 pq: 19 rg: 40 | total time: 39.21m | eta: 20.5m
step 01660/02520 (65.87%) | loss: 3.023241 | lrm: 0.55 | dt: 1424.91ms | tok/sec: 367,944 | bf16_mfu: 0.00 | epoch: 1 pq: 19 rg: 41 | total time: 39.23m | eta: 20.4m
step 01661/02520 (65.91%) | loss: 3.011248 | lrm: 0.55 | dt: 1424.46ms | tok/sec: 368,061 | bf16_mfu: 0.00 | epoch: 1 pq: 19 rg: 42 | total time: 39.25m | eta: 20.4m
step 01662/02520 (65.95%) | loss: 3.015620 | lrm: 0.55 | dt: 1424.13ms | tok/sec: 368,147 | bf16_mfu: 0.00 | epoch: 1 pq: 19 rg: 43 | total time: 39.28m | eta: 20.4m
step 01663/02520 (65.99%) | loss: 3.013953 | lrm: 0.55 | dt: 1424.42ms | tok/sec: 368,072 | bf16_mfu: 0.00 | epoch: 1 pq: 19 rg: 44 | total time: 39.30m | eta: 20.4m
step 01664/02520 (66.03%) | loss: 3.034347 | lrm: 0.55 | dt: 1424.92ms | tok/sec: 367,940 | bf16_mfu: 0.00 | epoch: 1 pq: 19 rg: 45 | total time: 39.33m | eta: 20.4m
step 01665/02520 (66.07%) | loss: 3.028007 | lrm: 0.55 | dt: 1424.17ms | tok/sec: 368,134 | bf16_mfu: 0.00 | epoch: 1 pq: 19 rg: 46 | total time: 39.35m | eta: 20.3m
step 01666/02520 (66.11%) | loss: 3.027116 | lrm: 0.55 | dt: 1425.23ms | tok/sec: 367,863 | bf16_mfu: 0.00 | epoch: 1 pq: 19 rg: 47 | total time: 39.37m | eta: 20.3m
step 01667/02520 (66.15%) | loss: 3.034859 | lrm: 0.54 | dt: 1424.08ms | tok/sec: 368,158 | bf16_mfu: 0.00 | epoch: 1 pq: 19 rg: 48 | total time: 39.40m | eta: 20.3m
step 01668/02520 (66.19%) | loss: 3.032955 | lrm: 0.54 | dt: 1425.28ms | tok/sec: 367,848 | bf16_mfu: 0.00 | epoch: 1 pq: 19 rg: 49 | total time: 39.42m | eta: 20.3m
step 01669/02520 (66.23%) | loss: 3.036975 | lrm: 0.54 | dt: 1423.91ms | tok/sec: 368,202 | bf16_mfu: 0.00 | epoch: 1 pq: 19 rg: 50 | total time: 39.44m | eta: 20.2m
step 01670/02520 (66.27%) | loss: 3.030694 | lrm: 0.54 | dt: 1424.75ms | tok/sec: 367,985 | bf16_mfu: 0.00 | epoch: 1 pq: 19 rg: 50 | total time: 39.47m | eta: 20.2m
step 01671/02520 (66.31%) | loss: 3.030876 | lrm: 0.54 | dt: 1426.23ms | tok/sec: 367,605 | bf16_mfu: 0.00 | epoch: 1 pq: 19 rg: 51 | total time: 39.49m | eta: 20.2m
step 01672/02520 (66.35%) | loss: 3.027809 | lrm: 0.54 | dt: 1426.13ms | tok/sec: 367,629 | bf16_mfu: 0.00 | epoch: 1 pq: 19 rg: 52 | total time: 39.52m | eta: 20.2m
step 01673/02520 (66.39%) | loss: 3.029412 | lrm: 0.54 | dt: 1427.35ms | tok/sec: 367,316 | bf16_mfu: 0.00 | epoch: 1 pq: 19 rg: 53 | total time: 39.54m | eta: 20.1m
step 01674/02520 (66.43%) | loss: 3.030067 | lrm: 0.54 | dt: 1425.30ms | tok/sec: 367,844 | bf16_mfu: 0.00 | epoch: 1 pq: 19 rg: 54 | total time: 39.56m | eta: 20.1m
step 01675/02520 (66.47%) | loss: 3.032933 | lrm: 0.54 | dt: 1426.27ms | tok/sec: 367,592 | bf16_mfu: 0.00 | epoch: 1 pq: 19 rg: 55 | total time: 39.59m | eta: 20.1m
step 01676/02520 (66.51%) | loss: 3.034122 | lrm: 0.54 | dt: 1424.45ms | tok/sec: 368,062 | bf16_mfu: 0.00 | epoch: 1 pq: 19 rg: 56 | total time: 39.61m | eta: 20.1m
step 01677/02520 (66.55%) | loss: 3.034625 | lrm: 0.54 | dt: 1425.25ms | tok/sec: 367,855 | bf16_mfu: 0.00 | epoch: 1 pq: 19 rg: 57 | total time: 39.63m | eta: 20.0m
step 01678/02520 (66.59%) | loss: 3.032730 | lrm: 0.54 | dt: 1426.84ms | tok/sec: 367,447 | bf16_mfu: 0.00 | epoch: 1 pq: 19 rg: 58 | total time: 39.66m | eta: 20.0m
step 01679/02520 (66.63%) | loss: 3.030924 | lrm: 0.54 | dt: 1425.66ms | tok/sec: 367,750 | bf16_mfu: 0.00 | epoch: 1 pq: 19 rg: 59 | total time: 39.68m | eta: 20.0m
step 01680/02520 (66.67%) | loss: 3.034100 | lrm: 0.54 | dt: 1427.79ms | tok/sec: 367,201 | bf16_mfu: 0.00 | epoch: 1 pq: 19 rg: 60 | total time: 39.71m | eta: 20.0m
step 01681/02520 (66.71%) | loss: 3.021457 | lrm: 0.54 | dt: 1427.04ms | tok/sec: 367,394 | bf16_mfu: 0.00 | epoch: 1 pq: 19 rg: 61 | total time: 39.73m | eta: 19.9m
step 01682/02520 (66.75%) | loss: 3.006196 | lrm: 0.54 | dt: 1428.43ms | tok/sec: 367,038 | bf16_mfu: 0.00 | epoch: 1 pq: 19 rg: 62 | total time: 39.75m | eta: 19.9m
step 01683/02520 (66.79%) | loss: 3.003972 | lrm: 0.54 | dt: 1426.52ms | tok/sec: 367,528 | bf16_mfu: 0.00 | epoch: 1 pq: 19 rg: 63 | total time: 39.78m | eta: 19.9m
step 01684/02520 (66.83%) | loss: 2.993031 | lrm: 0.53 | dt: 1426.29ms | tok/sec: 367,589 | bf16_mfu: 0.00 | epoch: 1 pq: 19 rg: 64 | total time: 39.80m | eta: 19.9m
step 01685/02520 (66.87%) | loss: 2.994570 | lrm: 0.53 | dt: 1427.80ms | tok/sec: 367,199 | bf16_mfu: 0.00 | epoch: 1 pq: 19 rg: 65 | total time: 39.82m | eta: 19.9m
step 01686/02520 (66.90%) | loss: 2.994228 | lrm: 0.53 | dt: 1427.63ms | tok/sec: 367,244 | bf16_mfu: 0.00 | epoch: 1 pq: 19 rg: 66 | total time: 39.85m | eta: 19.8m
step 01687/02520 (66.94%) | loss: 3.005665 | lrm: 0.53 | dt: 1426.71ms | tok/sec: 367,480 | bf16_mfu: 0.00 | epoch: 1 pq: 19 rg: 67 | total time: 39.87m | eta: 19.8m
step 01688/02520 (66.98%) | loss: 3.010329 | lrm: 0.53 | dt: 1427.38ms | tok/sec: 367,306 | bf16_mfu: 0.00 | epoch: 1 pq: 19 rg: 68 | total time: 39.90m | eta: 19.8m
step 01689/02520 (67.02%) | loss: 3.012391 | lrm: 0.53 | dt: 1427.41ms | tok/sec: 367,299 | bf16_mfu: 0.00 | epoch: 1 pq: 19 rg: 69 | total time: 39.92m | eta: 19.8m
step 01690/02520 (67.06%) | loss: 3.014844 | lrm: 0.53 | dt: 1426.65ms | tok/sec: 367,495 | bf16_mfu: 0.00 | epoch: 1 pq: 19 rg: 70 | total time: 39.94m | eta: 19.7m
step 01691/02520 (67.10%) | loss: 3.009182 | lrm: 0.53 | dt: 1427.45ms | tok/sec: 367,288 | bf16_mfu: 0.00 | epoch: 1 pq: 19 rg: 71 | total time: 39.97m | eta: 19.7m
step 01692/02520 (67.14%) | loss: 3.008416 | lrm: 0.53 | dt: 1427.62ms | tok/sec: 367,245 | bf16_mfu: 0.00 | epoch: 1 pq: 19 rg: 72 | total time: 39.99m | eta: 19.7m
step 01693/02520 (67.18%) | loss: 2.990211 | lrm: 0.53 | dt: 1427.57ms | tok/sec: 367,259 | bf16_mfu: 0.00 | epoch: 1 pq: 19 rg: 73 | total time: 40.01m | eta: 19.7m
step 01694/02520 (67.22%) | loss: 2.993004 | lrm: 0.53 | dt: 1427.63ms | tok/sec: 367,242 | bf16_mfu: 0.00 | epoch: 1 pq: 19 rg: 74 | total time: 40.04m | eta: 19.6m
step 01695/02520 (67.26%) | loss: 2.975637 | lrm: 0.53 | dt: 1427.33ms | tok/sec: 367,319 | bf16_mfu: 0.00 | epoch: 1 pq: 19 rg: 75 | total time: 40.06m | eta: 19.6m
step 01696/02520 (67.30%) | loss: 2.974930 | lrm: 0.53 | dt: 1428.28ms | tok/sec: 367,077 | bf16_mfu: 0.00 | epoch: 1 pq: 19 rg: 76 | total time: 40.09m | eta: 19.6m
step 01697/02520 (67.34%) | loss: 2.976594 | lrm: 0.53 | dt: 1427.18ms | tok/sec: 367,360 | bf16_mfu: 0.00 | epoch: 1 pq: 19 rg: 77 | total time: 40.11m | eta: 19.6m
step 01698/02520 (67.38%) | loss: 2.980757 | lrm: 0.53 | dt: 1426.33ms | tok/sec: 367,577 | bf16_mfu: 0.00 | epoch: 1 pq: 19 rg: 78 | total time: 40.13m | eta: 19.5m
step 01699/02520 (67.42%) | loss: 2.985388 | lrm: 0.53 | dt: 1428.49ms | tok/sec: 367,022 | bf16_mfu: 0.00 | epoch: 1 pq: 19 rg: 79 | total time: 40.16m | eta: 19.5m
step 01700/02520 (67.46%) | loss: 2.998187 | lrm: 0.53 | dt: 1427.46ms | tok/sec: 367,286 | bf16_mfu: 0.00 | epoch: 1 pq: 19 rg: 80 | total time: 40.18m | eta: 19.5m
step 01701/02520 (67.50%) | loss: 3.003805 | lrm: 0.53 | dt: 1427.95ms | tok/sec: 367,161 | bf16_mfu: 0.00 | epoch: 1 pq: 19 rg: 80 | total time: 40.20m | eta: 19.5m
step 01702/02520 (67.54%) | loss: 3.002848 | lrm: 0.52 | dt: 1428.93ms | tok/sec: 366,910 | bf16_mfu: 0.00 | epoch: 1 pq: 19 rg: 81 | total time: 40.23m | eta: 19.4m
step 01703/02520 (67.58%) | loss: 2.998905 | lrm: 0.52 | dt: 1428.26ms | tok/sec: 367,082 | bf16_mfu: 0.00 | epoch: 1 pq: 20 rg: 0 | total time: 40.25m | eta: 19.4m
step 01704/02520 (67.62%) | loss: 3.012899 | lrm: 0.52 | dt: 1428.57ms | tok/sec: 367,001 | bf16_mfu: 0.00 | epoch: 1 pq: 20 rg: 1 | total time: 40.28m | eta: 19.4m
step 01705/02520 (67.66%) | loss: 3.029059 | lrm: 0.52 | dt: 1427.37ms | tok/sec: 367,309 | bf16_mfu: 0.00 | epoch: 1 pq: 20 rg: 2 | total time: 40.30m | eta: 19.4m
step 01706/02520 (67.70%) | loss: 3.019224 | lrm: 0.52 | dt: 1429.09ms | tok/sec: 366,867 | bf16_mfu: 0.00 | epoch: 1 pq: 20 rg: 3 | total time: 40.32m | eta: 19.4m
step 01707/02520 (67.74%) | loss: 3.013057 | lrm: 0.52 | dt: 1428.31ms | tok/sec: 367,068 | bf16_mfu: 0.00 | epoch: 1 pq: 20 rg: 4 | total time: 40.35m | eta: 19.3m
step 01708/02520 (67.78%) | loss: 3.012001 | lrm: 0.52 | dt: 1428.24ms | tok/sec: 367,087 | bf16_mfu: 0.00 | epoch: 1 pq: 20 rg: 5 | total time: 40.37m | eta: 19.3m
step 01709/02520 (67.82%) | loss: 3.016932 | lrm: 0.52 | dt: 1428.26ms | tok/sec: 367,082 | bf16_mfu: 0.00 | epoch: 1 pq: 20 rg: 6 | total time: 40.40m | eta: 19.3m
step 01710/02520 (67.86%) | loss: 3.004687 | lrm: 0.52 | dt: 1427.77ms | tok/sec: 367,208 | bf16_mfu: 0.00 | epoch: 1 pq: 20 rg: 7 | total time: 40.42m | eta: 19.3m
step 01711/02520 (67.90%) | loss: 3.011897 | lrm: 0.52 | dt: 1428.40ms | tok/sec: 367,044 | bf16_mfu: 0.00 | epoch: 1 pq: 20 rg: 8 | total time: 40.44m | eta: 19.2m
step 01712/02520 (67.94%) | loss: 3.003148 | lrm: 0.52 | dt: 1428.07ms | tok/sec: 367,131 | bf16_mfu: 0.00 | epoch: 1 pq: 20 rg: 9 | total time: 40.47m | eta: 19.2m
step 01713/02520 (67.98%) | loss: 3.008337 | lrm: 0.52 | dt: 1430.43ms | tok/sec: 366,525 | bf16_mfu: 0.00 | epoch: 1 pq: 20 rg: 10 | total time: 40.49m | eta: 19.2m
step 01714/02520 (68.02%) | loss: 3.011277 | lrm: 0.52 | dt: 1427.86ms | tok/sec: 367,184 | bf16_mfu: 0.00 | epoch: 1 pq: 20 rg: 11 | total time: 40.51m | eta: 19.2m
step 01715/02520 (68.06%) | loss: 3.021762 | lrm: 0.52 | dt: 1428.40ms | tok/sec: 367,045 | bf16_mfu: 0.00 | epoch: 1 pq: 20 rg: 12 | total time: 40.54m | eta: 19.1m
step 01716/02520 (68.10%) | loss: 3.016420 | lrm: 0.52 | dt: 1429.91ms | tok/sec: 366,658 | bf16_mfu: 0.00 | epoch: 1 pq: 20 rg: 13 | total time: 40.56m | eta: 19.1m
step 01717/02520 (68.13%) | loss: 3.009406 | lrm: 0.52 | dt: 1429.35ms | tok/sec: 366,800 | bf16_mfu: 0.00 | epoch: 1 pq: 20 rg: 14 | total time: 40.59m | eta: 19.1m
step 01718/02520 (68.17%) | loss: 3.004519 | lrm: 0.52 | dt: 1429.23ms | tok/sec: 366,832 | bf16_mfu: 0.00 | epoch: 1 pq: 20 rg: 15 | total time: 40.61m | eta: 19.1m
step 01719/02520 (68.21%) | loss: 3.003919 | lrm: 0.51 | dt: 1428.69ms | tok/sec: 366,971 | bf16_mfu: 0.00 | epoch: 1 pq: 20 rg: 16 | total time: 40.63m | eta: 19.0m
step 01720/02520 (68.25%) | loss: 3.008859 | lrm: 0.51 | dt: 1429.70ms | tok/sec: 366,711 | bf16_mfu: 0.00 | epoch: 1 pq: 20 rg: 17 | total time: 40.66m | eta: 19.0m
step 01721/02520 (68.29%) | loss: 3.007231 | lrm: 0.51 | dt: 1429.13ms | tok/sec: 366,857 | bf16_mfu: 0.00 | epoch: 1 pq: 20 rg: 18 | total time: 40.68m | eta: 19.0m
step 01722/02520 (68.33%) | loss: 3.012226 | lrm: 0.51 | dt: 1429.52ms | tok/sec: 366,758 | bf16_mfu: 0.00 | epoch: 1 pq: 20 rg: 19 | total time: 40.71m | eta: 19.0m
step 01723/02520 (68.37%) | loss: 3.016030 | lrm: 0.51 | dt: 1429.06ms | tok/sec: 366,875 | bf16_mfu: 0.00 | epoch: 1 pq: 20 rg: 20 | total time: 40.73m | eta: 18.9m
step 01724/02520 (68.41%) | loss: 3.008775 | lrm: 0.51 | dt: 1430.07ms | tok/sec: 366,616 | bf16_mfu: 0.00 | epoch: 1 pq: 20 rg: 21 | total time: 40.75m | eta: 18.9m
step 01725/02520 (68.45%) | loss: 3.004803 | lrm: 0.51 | dt: 1428.43ms | tok/sec: 367,038 | bf16_mfu: 0.00 | epoch: 1 pq: 20 rg: 22 | total time: 40.78m | eta: 18.9m
step 01726/02520 (68.49%) | loss: 3.009934 | lrm: 0.51 | dt: 1429.46ms | tok/sec: 366,773 | bf16_mfu: 0.00 | epoch: 1 pq: 20 rg: 23 | total time: 40.80m | eta: 18.9m
step 01727/02520 (68.53%) | loss: 2.999412 | lrm: 0.51 | dt: 1430.43ms | tok/sec: 366,524 | bf16_mfu: 0.00 | epoch: 1 pq: 20 rg: 24 | total time: 40.82m | eta: 18.9m
step 01728/02520 (68.57%) | loss: 3.009122 | lrm: 0.51 | dt: 1429.88ms | tok/sec: 366,665 | bf16_mfu: 0.00 | epoch: 1 pq: 20 rg: 25 | total time: 40.85m | eta: 18.8m
step 01729/02520 (68.61%) | loss: 3.020369 | lrm: 0.51 | dt: 1430.67ms | tok/sec: 366,462 | bf16_mfu: 0.00 | epoch: 1 pq: 20 rg: 26 | total time: 40.87m | eta: 18.8m
step 01730/02520 (68.65%) | loss: 3.019288 | lrm: 0.51 | dt: 1433.59ms | tok/sec: 365,717 | bf16_mfu: 0.00 | epoch: 1 pq: 20 rg: 27 | total time: 40.90m | eta: 18.8m
step 01731/02520 (68.69%) | loss: 3.018511 | lrm: 0.51 | dt: 1431.27ms | tok/sec: 366,309 | bf16_mfu: 0.00 | epoch: 1 pq: 20 rg: 28 | total time: 40.92m | eta: 18.8m
step 01732/02520 (68.73%) | loss: 3.009273 | lrm: 0.51 | dt: 1429.53ms | tok/sec: 366,754 | bf16_mfu: 0.00 | epoch: 1 pq: 20 rg: 29 | total time: 40.94m | eta: 18.7m
step 01733/02520 (68.77%) | loss: 3.003445 | lrm: 0.51 | dt: 1429.80ms | tok/sec: 366,687 | bf16_mfu: 0.00 | epoch: 1 pq: 20 rg: 30 | total time: 40.97m | eta: 18.7m
step 01734/02520 (68.81%) | loss: 3.011728 | lrm: 0.51 | dt: 1431.96ms | tok/sec: 366,134 | bf16_mfu: 0.00 | epoch: 1 pq: 20 rg: 30 | total time: 40.99m | eta: 18.7m
step 01735/02520 (68.85%) | loss: 3.012825 | lrm: 0.51 | dt: 1431.18ms | tok/sec: 366,331 | bf16_mfu: 0.00 | epoch: 1 pq: 20 rg: 31 | total time: 41.01m | eta: 18.7m
step 01736/02520 (68.89%) | loss: 3.001754 | lrm: 0.50 | dt: 1432.68ms | tok/sec: 365,948 | bf16_mfu: 0.00 | epoch: 1 pq: 20 rg: 32 | total time: 41.04m | eta: 18.6m
step 01737/02520 (68.93%) | loss: 2.993046 | lrm: 0.50 | dt: 1431.71ms | tok/sec: 366,197 | bf16_mfu: 0.00 | epoch: 1 pq: 20 rg: 33 | total time: 41.06m | eta: 18.6m
step 01738/02520 (68.97%) | loss: 2.988897 | lrm: 0.50 | dt: 1431.64ms | tok/sec: 366,214 | bf16_mfu: 0.00 | epoch: 1 pq: 20 rg: 34 | total time: 41.09m | eta: 18.6m
step 01739/02520 (69.01%) | loss: 2.999011 | lrm: 0.50 | dt: 1431.49ms | tok/sec: 366,253 | bf16_mfu: 0.00 | epoch: 1 pq: 20 rg: 35 | total time: 41.11m | eta: 18.6m
step 01740/02520 (69.05%) | loss: 2.989689 | lrm: 0.50 | dt: 1431.42ms | tok/sec: 366,270 | bf16_mfu: 0.00 | epoch: 1 pq: 20 rg: 36 | total time: 41.13m | eta: 18.5m
step 01741/02520 (69.09%) | loss: 2.991027 | lrm: 0.50 | dt: 1432.03ms | tok/sec: 366,115 | bf16_mfu: 0.00 | epoch: 1 pq: 20 rg: 37 | total time: 41.16m | eta: 18.5m
step 01742/02520 (69.13%) | loss: 2.993327 | lrm: 0.50 | dt: 1431.05ms | tok/sec: 366,366 | bf16_mfu: 0.00 | epoch: 1 pq: 20 rg: 38 | total time: 41.18m | eta: 18.5m
step 01743/02520 (69.17%) | loss: 2.981597 | lrm: 0.50 | dt: 1431.81ms | tok/sec: 366,171 | bf16_mfu: 0.00 | epoch: 1 pq: 20 rg: 39 | total time: 41.21m | eta: 18.5m
step 01744/02520 (69.21%) | loss: 2.978027 | lrm: 0.50 | dt: 1431.78ms | tok/sec: 366,180 | bf16_mfu: 0.00 | epoch: 1 pq: 20 rg: 40 | total time: 41.23m | eta: 18.5m
step 01745/02520 (69.25%) | loss: 2.992620 | lrm: 0.50 | dt: 1431.00ms | tok/sec: 366,378 | bf16_mfu: 0.00 | epoch: 1 pq: 20 rg: 41 | total time: 41.25m | eta: 18.4m
step 01746/02520 (69.29%) | loss: 2.985476 | lrm: 0.50 | dt: 1430.01ms | tok/sec: 366,631 | bf16_mfu: 0.00 | epoch: 1 pq: 20 rg: 42 | total time: 41.28m | eta: 18.4m
step 01747/02520 (69.33%) | loss: 2.988363 | lrm: 0.50 | dt: 1429.37ms | tok/sec: 366,797 | bf16_mfu: 0.00 | epoch: 1 pq: 20 rg: 43 | total time: 41.30m | eta: 18.4m
step 01748/02520 (69.37%) | loss: 2.991776 | lrm: 0.50 | dt: 1430.57ms | tok/sec: 366,488 | bf16_mfu: 0.00 | epoch: 1 pq: 20 rg: 44 | total time: 41.33m | eta: 18.4m
step 01749/02520 (69.40%) | loss: 3.003955 | lrm: 0.50 | dt: 1429.90ms | tok/sec: 366,660 | bf16_mfu: 0.00 | epoch: 1 pq: 20 rg: 45 | total time: 41.35m | eta: 18.3m
Step 01750 | Validation bpb: 0.916178
step 01750/02520 (69.44%) | loss: 3.001249 | lrm: 0.50 | dt: 1416.81ms | tok/sec: 370,048 | bf16_mfu: 0.00 | epoch: 1 pq: 20 rg: 46 | total time: 41.37m | eta: 18.3m
step 01751/02520 (69.48%) | loss: 2.998853 | lrm: 0.50 | dt: 1423.85ms | tok/sec: 368,218 | bf16_mfu: 0.00 | epoch: 1 pq: 20 rg: 47 | total time: 41.40m | eta: 18.3m
step 01752/02520 (69.52%) | loss: 3.000105 | lrm: 0.50 | dt: 1423.86ms | tok/sec: 368,216 | bf16_mfu: 0.00 | epoch: 1 pq: 20 rg: 48 | total time: 41.42m | eta: 18.3m
step 01753/02520 (69.56%) | loss: 3.014681 | lrm: 0.49 | dt: 1424.23ms | tok/sec: 368,121 | bf16_mfu: 0.00 | epoch: 1 pq: 20 rg: 49 | total time: 41.44m | eta: 18.2m
step 01754/02520 (69.60%) | loss: 2.998648 | lrm: 0.49 | dt: 1425.86ms | tok/sec: 367,699 | bf16_mfu: 0.00 | epoch: 1 pq: 20 rg: 50 | total time: 41.47m | eta: 18.2m
step 01755/02520 (69.64%) | loss: 3.001621 | lrm: 0.49 | dt: 1425.57ms | tok/sec: 367,775 | bf16_mfu: 0.00 | epoch: 1 pq: 20 rg: 51 | total time: 41.49m | eta: 18.2m
step 01756/02520 (69.68%) | loss: 2.991668 | lrm: 0.49 | dt: 1425.53ms | tok/sec: 367,785 | bf16_mfu: 0.00 | epoch: 1 pq: 20 rg: 52 | total time: 41.52m | eta: 18.2m
step 01757/02520 (69.72%) | loss: 2.989723 | lrm: 0.49 | dt: 1426.11ms | tok/sec: 367,633 | bf16_mfu: 0.00 | epoch: 1 pq: 20 rg: 53 | total time: 41.54m | eta: 18.1m
step 01758/02520 (69.76%) | loss: 2.984343 | lrm: 0.49 | dt: 1426.18ms | tok/sec: 367,616 | bf16_mfu: 0.00 | epoch: 1 pq: 20 rg: 54 | total time: 41.56m | eta: 18.1m
step 01759/02520 (69.80%) | loss: 2.988494 | lrm: 0.49 | dt: 1427.60ms | tok/sec: 367,251 | bf16_mfu: 0.00 | epoch: 1 pq: 20 rg: 55 | total time: 41.59m | eta: 18.1m
step 01760/02520 (69.84%) | loss: 3.002148 | lrm: 0.49 | dt: 1427.06ms | tok/sec: 367,390 | bf16_mfu: 0.00 | epoch: 1 pq: 20 rg: 56 | total time: 41.61m | eta: 18.1m
step 01761/02520 (69.88%) | loss: 2.996583 | lrm: 0.49 | dt: 1427.91ms | tok/sec: 367,170 | bf16_mfu: 0.00 | epoch: 1 pq: 20 rg: 57 | total time: 41.63m | eta: 18.0m
step 01762/02520 (69.92%) | loss: 3.003975 | lrm: 0.49 | dt: 1425.77ms | tok/sec: 367,723 | bf16_mfu: 0.00 | epoch: 1 pq: 20 rg: 58 | total time: 41.66m | eta: 18.0m
step 01763/02520 (69.96%) | loss: 3.006709 | lrm: 0.49 | dt: 1427.27ms | tok/sec: 367,335 | bf16_mfu: 0.00 | epoch: 1 pq: 20 rg: 59 | total time: 41.68m | eta: 18.0m
step 01764/02520 (70.00%) | loss: 3.010824 | lrm: 0.49 | dt: 1427.72ms | tok/sec: 367,219 | bf16_mfu: 0.00 | epoch: 1 pq: 20 rg: 60 | total time: 41.71m | eta: 18.0m
step 01765/02520 (70.04%) | loss: 3.003377 | lrm: 0.49 | dt: 1425.67ms | tok/sec: 367,749 | bf16_mfu: 0.00 | epoch: 1 pq: 20 rg: 61 | total time: 41.73m | eta: 18.0m
step 01766/02520 (70.08%) | loss: 3.011340 | lrm: 0.49 | dt: 1427.41ms | tok/sec: 367,299 | bf16_mfu: 0.00 | epoch: 1 pq: 20 rg: 62 | total time: 41.75m | eta: 17.9m
step 01767/02520 (70.12%) | loss: 3.017687 | lrm: 0.49 | dt: 1426.64ms | tok/sec: 367,498 | bf16_mfu: 0.00 | epoch: 1 pq: 20 rg: 63 | total time: 41.78m | eta: 17.9m
step 01768/02520 (70.16%) | loss: 3.015640 | lrm: 0.49 | dt: 1426.69ms | tok/sec: 367,484 | bf16_mfu: 0.00 | epoch: 1 pq: 20 rg: 64 | total time: 41.80m | eta: 17.9m
step 01769/02520 (70.20%) | loss: 3.013026 | lrm: 0.49 | dt: 1428.51ms | tok/sec: 367,018 | bf16_mfu: 0.00 | epoch: 1 pq: 20 rg: 65 | total time: 41.82m | eta: 17.9m
step 01770/02520 (70.24%) | loss: 3.007692 | lrm: 0.48 | dt: 1427.20ms | tok/sec: 367,353 | bf16_mfu: 0.00 | epoch: 1 pq: 20 rg: 66 | total time: 41.85m | eta: 17.8m
step 01771/02520 (70.28%) | loss: 3.009925 | lrm: 0.48 | dt: 1428.47ms | tok/sec: 367,028 | bf16_mfu: 0.00 | epoch: 1 pq: 20 rg: 67 | total time: 41.87m | eta: 17.8m
step 01772/02520 (70.32%) | loss: 3.006265 | lrm: 0.48 | dt: 1427.98ms | tok/sec: 367,154 | bf16_mfu: 0.00 | epoch: 1 pq: 20 rg: 68 | total time: 41.90m | eta: 17.8m
step 01773/02520 (70.36%) | loss: 3.008376 | lrm: 0.48 | dt: 1428.32ms | tok/sec: 367,065 | bf16_mfu: 0.00 | epoch: 1 pq: 20 rg: 68 | total time: 41.92m | eta: 17.8m
step 01774/02520 (70.40%) | loss: 3.021839 | lrm: 0.48 | dt: 1427.78ms | tok/sec: 367,204 | bf16_mfu: 0.00 | epoch: 1 pq: 20 rg: 69 | total time: 41.94m | eta: 17.7m
step 01775/02520 (70.44%) | loss: 3.014896 | lrm: 0.48 | dt: 1428.50ms | tok/sec: 367,020 | bf16_mfu: 0.00 | epoch: 1 pq: 20 rg: 70 | total time: 41.97m | eta: 17.7m
step 01776/02520 (70.48%) | loss: 3.004231 | lrm: 0.48 | dt: 1428.87ms | tok/sec: 366,924 | bf16_mfu: 0.00 | epoch: 1 pq: 20 rg: 71 | total time: 41.99m | eta: 17.7m
step 01777/02520 (70.52%) | loss: 3.005055 | lrm: 0.48 | dt: 1428.89ms | tok/sec: 366,919 | bf16_mfu: 0.00 | epoch: 1 pq: 20 rg: 72 | total time: 42.01m | eta: 17.7m
step 01778/02520 (70.56%) | loss: 2.992643 | lrm: 0.48 | dt: 1429.25ms | tok/sec: 366,826 | bf16_mfu: 0.00 | epoch: 1 pq: 20 rg: 73 | total time: 42.04m | eta: 17.6m
step 01779/02520 (70.60%) | loss: 2.989579 | lrm: 0.48 | dt: 1429.33ms | tok/sec: 366,806 | bf16_mfu: 0.00 | epoch: 1 pq: 20 rg: 74 | total time: 42.06m | eta: 17.6m
step 01780/02520 (70.63%) | loss: 2.988184 | lrm: 0.48 | dt: 1428.92ms | tok/sec: 366,911 | bf16_mfu: 0.00 | epoch: 1 pq: 20 rg: 75 | total time: 42.09m | eta: 17.6m
step 01781/02520 (70.67%) | loss: 2.997744 | lrm: 0.48 | dt: 1428.46ms | tok/sec: 367,029 | bf16_mfu: 0.00 | epoch: 1 pq: 20 rg: 76 | total time: 42.11m | eta: 17.6m
step 01782/02520 (70.71%) | loss: 2.999595 | lrm: 0.48 | dt: 1428.40ms | tok/sec: 367,046 | bf16_mfu: 0.00 | epoch: 1 pq: 20 rg: 77 | total time: 42.13m | eta: 17.5m
step 01783/02520 (70.75%) | loss: 3.008814 | lrm: 0.48 | dt: 1429.91ms | tok/sec: 366,657 | bf16_mfu: 0.00 | epoch: 1 pq: 20 rg: 78 | total time: 42.16m | eta: 17.5m
step 01784/02520 (70.79%) | loss: 3.015290 | lrm: 0.48 | dt: 1427.51ms | tok/sec: 367,275 | bf16_mfu: 0.00 | epoch: 1 pq: 20 rg: 79 | total time: 42.18m | eta: 17.5m
step 01785/02520 (70.83%) | loss: 3.019160 | lrm: 0.48 | dt: 1429.92ms | tok/sec: 366,655 | bf16_mfu: 0.00 | epoch: 1 pq: 20 rg: 80 | total time: 42.21m | eta: 17.5m
step 01786/02520 (70.87%) | loss: 3.013420 | lrm: 0.48 | dt: 1429.48ms | tok/sec: 366,768 | bf16_mfu: 0.00 | epoch: 1 pq: 20 rg: 81 | total time: 42.23m | eta: 17.5m
step 01787/02520 (70.91%) | loss: 3.001853 | lrm: 0.48 | dt: 1429.04ms | tok/sec: 366,880 | bf16_mfu: 0.00 | epoch: 1 pq: 20 rg: 82 | total time: 42.25m | eta: 17.4m
step 01788/02520 (70.95%) | loss: 3.010979 | lrm: 0.47 | dt: 1429.09ms | tok/sec: 366,869 | bf16_mfu: 0.00 | epoch: 1 pq: 20 rg: 83 | total time: 42.28m | eta: 17.4m
step 01789/02520 (70.99%) | loss: 3.010162 | lrm: 0.47 | dt: 1429.43ms | tok/sec: 366,780 | bf16_mfu: 0.00 | epoch: 1 pq: 21 rg: 0 | total time: 42.30m | eta: 17.4m
step 01790/02520 (71.03%) | loss: 3.011556 | lrm: 0.47 | dt: 1430.19ms | tok/sec: 366,586 | bf16_mfu: 0.00 | epoch: 1 pq: 21 rg: 1 | total time: 42.32m | eta: 17.4m
step 01791/02520 (71.07%) | loss: 3.015098 | lrm: 0.47 | dt: 1428.59ms | tok/sec: 366,995 | bf16_mfu: 0.00 | epoch: 1 pq: 21 rg: 2 | total time: 42.35m | eta: 17.3m
step 01792/02520 (71.11%) | loss: 3.001888 | lrm: 0.47 | dt: 1429.49ms | tok/sec: 366,764 | bf16_mfu: 0.00 | epoch: 1 pq: 21 rg: 3 | total time: 42.37m | eta: 17.3m
step 01793/02520 (71.15%) | loss: 3.002974 | lrm: 0.47 | dt: 1428.87ms | tok/sec: 366,924 | bf16_mfu: 0.00 | epoch: 1 pq: 21 rg: 4 | total time: 42.40m | eta: 17.3m
step 01794/02520 (71.19%) | loss: 3.000410 | lrm: 0.47 | dt: 1430.64ms | tok/sec: 366,471 | bf16_mfu: 0.00 | epoch: 1 pq: 21 rg: 5 | total time: 42.42m | eta: 17.3m
step 01795/02520 (71.23%) | loss: 2.995074 | lrm: 0.47 | dt: 1429.35ms | tok/sec: 366,801 | bf16_mfu: 0.00 | epoch: 1 pq: 21 rg: 6 | total time: 42.44m | eta: 17.2m
step 01796/02520 (71.27%) | loss: 2.999131 | lrm: 0.47 | dt: 1430.55ms | tok/sec: 366,495 | bf16_mfu: 0.00 | epoch: 1 pq: 21 rg: 7 | total time: 42.47m | eta: 17.2m
step 01797/02520 (71.31%) | loss: 2.999880 | lrm: 0.47 | dt: 1429.16ms | tok/sec: 366,851 | bf16_mfu: 0.00 | epoch: 1 pq: 21 rg: 8 | total time: 42.49m | eta: 17.2m
step 01798/02520 (71.35%) | loss: 3.002959 | lrm: 0.47 | dt: 1429.36ms | tok/sec: 366,798 | bf16_mfu: 0.00 | epoch: 1 pq: 21 rg: 9 | total time: 42.51m | eta: 17.2m
step 01799/02520 (71.39%) | loss: 3.003596 | lrm: 0.47 | dt: 1429.84ms | tok/sec: 366,676 | bf16_mfu: 0.00 | epoch: 1 pq: 21 rg: 10 | total time: 42.54m | eta: 17.1m
step 01800/02520 (71.43%) | loss: 2.991745 | lrm: 0.47 | dt: 1430.94ms | tok/sec: 366,394 | bf16_mfu: 0.00 | epoch: 1 pq: 21 rg: 11 | total time: 42.56m | eta: 17.1m
step 01801/02520 (71.47%) | loss: 3.000707 | lrm: 0.47 | dt: 1430.00ms | tok/sec: 366,634 | bf16_mfu: 0.00 | epoch: 1 pq: 21 rg: 12 | total time: 42.59m | eta: 17.1m
step 01802/02520 (71.51%) | loss: 3.008408 | lrm: 0.47 | dt: 1430.79ms | tok/sec: 366,433 | bf16_mfu: 0.00 | epoch: 1 pq: 21 rg: 13 | total time: 42.61m | eta: 17.1m
step 01803/02520 (71.55%) | loss: 3.005035 | lrm: 0.47 | dt: 1430.74ms | tok/sec: 366,444 | bf16_mfu: 0.00 | epoch: 1 pq: 21 rg: 14 | total time: 42.63m | eta: 17.0m
step 01804/02520 (71.59%) | loss: 3.010541 | lrm: 0.47 | dt: 1430.32ms | tok/sec: 366,552 | bf16_mfu: 0.00 | epoch: 1 pq: 21 rg: 15 | total time: 42.66m | eta: 17.0m
step 01805/02520 (71.63%) | loss: 3.013217 | lrm: 0.46 | dt: 1429.83ms | tok/sec: 366,679 | bf16_mfu: 0.00 | epoch: 1 pq: 21 rg: 16 | total time: 42.68m | eta: 17.0m
step 01806/02520 (71.67%) | loss: 3.009232 | lrm: 0.46 | dt: 1432.03ms | tok/sec: 366,115 | bf16_mfu: 0.00 | epoch: 1 pq: 21 rg: 17 | total time: 42.71m | eta: 17.0m
step 01807/02520 (71.71%) | loss: 3.009302 | lrm: 0.46 | dt: 1430.56ms | tok/sec: 366,491 | bf16_mfu: 0.00 | epoch: 1 pq: 21 rg: 18 | total time: 42.73m | eta: 17.0m
step 01808/02520 (71.75%) | loss: 3.012738 | lrm: 0.46 | dt: 1431.95ms | tok/sec: 366,134 | bf16_mfu: 0.00 | epoch: 1 pq: 21 rg: 19 | total time: 42.75m | eta: 16.9m
step 01809/02520 (71.79%) | loss: 3.012665 | lrm: 0.46 | dt: 1431.11ms | tok/sec: 366,350 | bf16_mfu: 0.00 | epoch: 1 pq: 21 rg: 20 | total time: 42.78m | eta: 16.9m
step 01810/02520 (71.83%) | loss: 3.006588 | lrm: 0.46 | dt: 1431.68ms | tok/sec: 366,205 | bf16_mfu: 0.00 | epoch: 1 pq: 21 rg: 20 | total time: 42.80m | eta: 16.9m
step 01811/02520 (71.87%) | loss: 2.997683 | lrm: 0.46 | dt: 1429.78ms | tok/sec: 366,692 | bf16_mfu: 0.00 | epoch: 1 pq: 21 rg: 21 | total time: 42.82m | eta: 16.9m
step 01812/02520 (71.90%) | loss: 3.007391 | lrm: 0.46 | dt: 1429.01ms | tok/sec: 366,889 | bf16_mfu: 0.00 | epoch: 1 pq: 21 rg: 22 | total time: 42.85m | eta: 16.8m
step 01813/02520 (71.94%) | loss: 3.007306 | lrm: 0.46 | dt: 1429.85ms | tok/sec: 366,673 | bf16_mfu: 0.00 | epoch: 1 pq: 21 rg: 23 | total time: 42.87m | eta: 16.8m
step 01814/02520 (71.98%) | loss: 3.006263 | lrm: 0.46 | dt: 1429.29ms | tok/sec: 366,817 | bf16_mfu: 0.00 | epoch: 1 pq: 21 rg: 24 | total time: 42.90m | eta: 16.8m
step 01815/02520 (72.02%) | loss: 3.000416 | lrm: 0.46 | dt: 1429.88ms | tok/sec: 366,666 | bf16_mfu: 0.00 | epoch: 1 pq: 21 rg: 25 | total time: 42.92m | eta: 16.8m
step 01816/02520 (72.06%) | loss: 3.010743 | lrm: 0.46 | dt: 1429.69ms | tok/sec: 366,714 | bf16_mfu: 0.00 | epoch: 1 pq: 21 rg: 26 | total time: 42.94m | eta: 16.7m
step 01817/02520 (72.10%) | loss: 3.012733 | lrm: 0.46 | dt: 1431.85ms | tok/sec: 366,161 | bf16_mfu: 0.00 | epoch: 1 pq: 21 rg: 27 | total time: 42.97m | eta: 16.7m
step 01818/02520 (72.14%) | loss: 3.009252 | lrm: 0.46 | dt: 1430.30ms | tok/sec: 366,558 | bf16_mfu: 0.00 | epoch: 1 pq: 21 rg: 28 | total time: 42.99m | eta: 16.7m
step 01819/02520 (72.18%) | loss: 3.002784 | lrm: 0.46 | dt: 1430.32ms | tok/sec: 366,553 | bf16_mfu: 0.00 | epoch: 1 pq: 21 rg: 29 | total time: 43.02m | eta: 16.7m
step 01820/02520 (72.22%) | loss: 3.001158 | lrm: 0.46 | dt: 1430.72ms | tok/sec: 366,449 | bf16_mfu: 0.00 | epoch: 1 pq: 21 rg: 30 | total time: 43.04m | eta: 16.6m
step 01821/02520 (72.26%) | loss: 2.982583 | lrm: 0.46 | dt: 1431.08ms | tok/sec: 366,357 | bf16_mfu: 0.00 | epoch: 1 pq: 21 rg: 31 | total time: 43.06m | eta: 16.6m
step 01822/02520 (72.30%) | loss: 2.985105 | lrm: 0.45 | dt: 1430.27ms | tok/sec: 366,566 | bf16_mfu: 0.00 | epoch: 1 pq: 21 rg: 32 | total time: 43.09m | eta: 16.6m
step 01823/02520 (72.34%) | loss: 2.982082 | lrm: 0.45 | dt: 1430.18ms | tok/sec: 366,588 | bf16_mfu: 0.00 | epoch: 1 pq: 21 rg: 33 | total time: 43.11m | eta: 16.6m
step 01824/02520 (72.38%) | loss: 2.985975 | lrm: 0.45 | dt: 1431.86ms | tok/sec: 366,159 | bf16_mfu: 0.00 | epoch: 1 pq: 21 rg: 34 | total time: 43.13m | eta: 16.6m
step 01825/02520 (72.42%) | loss: 2.980982 | lrm: 0.45 | dt: 1433.95ms | tok/sec: 365,625 | bf16_mfu: 0.00 | epoch: 1 pq: 21 rg: 35 | total time: 43.16m | eta: 16.5m
step 01826/02520 (72.46%) | loss: 2.981762 | lrm: 0.45 | dt: 1432.04ms | tok/sec: 366,112 | bf16_mfu: 0.00 | epoch: 1 pq: 21 rg: 36 | total time: 43.18m | eta: 16.5m
step 01827/02520 (72.50%) | loss: 2.986404 | lrm: 0.45 | dt: 1431.43ms | tok/sec: 366,268 | bf16_mfu: 0.00 | epoch: 1 pq: 21 rg: 37 | total time: 43.21m | eta: 16.5m
step 01828/02520 (72.54%) | loss: 2.981807 | lrm: 0.45 | dt: 1430.90ms | tok/sec: 366,403 | bf16_mfu: 0.00 | epoch: 1 pq: 21 rg: 38 | total time: 43.23m | eta: 16.5m
step 01829/02520 (72.58%) | loss: 2.985696 | lrm: 0.45 | dt: 1431.22ms | tok/sec: 366,322 | bf16_mfu: 0.00 | epoch: 1 pq: 21 rg: 39 | total time: 43.25m | eta: 16.4m
step 01830/02520 (72.62%) | loss: 2.984299 | lrm: 0.45 | dt: 1431.83ms | tok/sec: 366,166 | bf16_mfu: 0.00 | epoch: 1 pq: 21 rg: 40 | total time: 43.28m | eta: 16.4m
step 01831/02520 (72.66%) | loss: 2.989421 | lrm: 0.45 | dt: 1433.60ms | tok/sec: 365,715 | bf16_mfu: 0.00 | epoch: 1 pq: 21 rg: 41 | total time: 43.30m | eta: 16.4m
step 01832/02520 (72.70%) | loss: 2.993931 | lrm: 0.45 | dt: 1430.78ms | tok/sec: 366,435 | bf16_mfu: 0.00 | epoch: 1 pq: 21 rg: 42 | total time: 43.33m | eta: 16.4m
step 01833/02520 (72.74%) | loss: 2.998717 | lrm: 0.45 | dt: 1432.05ms | tok/sec: 366,110 | bf16_mfu: 0.00 | epoch: 1 pq: 21 rg: 43 | total time: 43.35m | eta: 16.3m
step 01834/02520 (72.78%) | loss: 2.993687 | lrm: 0.45 | dt: 1431.81ms | tok/sec: 366,172 | bf16_mfu: 0.00 | epoch: 1 pq: 21 rg: 44 | total time: 43.37m | eta: 16.3m
step 01835/02520 (72.82%) | loss: 2.989383 | lrm: 0.45 | dt: 1431.66ms | tok/sec: 366,209 | bf16_mfu: 0.00 | epoch: 1 pq: 21 rg: 45 | total time: 43.40m | eta: 16.3m
step 01836/02520 (72.86%) | loss: 2.984415 | lrm: 0.45 | dt: 1431.67ms | tok/sec: 366,208 | bf16_mfu: 0.00 | epoch: 1 pq: 21 rg: 46 | total time: 43.42m | eta: 16.3m
step 01837/02520 (72.90%) | loss: 2.975065 | lrm: 0.45 | dt: 1430.99ms | tok/sec: 366,381 | bf16_mfu: 0.00 | epoch: 1 pq: 21 rg: 47 | total time: 43.45m | eta: 16.2m
step 01838/02520 (72.94%) | loss: 2.976268 | lrm: 0.45 | dt: 1432.44ms | tok/sec: 366,009 | bf16_mfu: 0.00 | epoch: 1 pq: 21 rg: 48 | total time: 43.47m | eta: 16.2m
step 01839/02520 (72.98%) | loss: 2.979749 | lrm: 0.44 | dt: 1431.21ms | tok/sec: 366,325 | bf16_mfu: 0.00 | epoch: 1 pq: 21 rg: 49 | total time: 43.49m | eta: 16.2m
step 01840/02520 (73.02%) | loss: 2.978994 | lrm: 0.44 | dt: 1431.25ms | tok/sec: 366,315 | bf16_mfu: 0.00 | epoch: 1 pq: 21 rg: 50 | total time: 43.52m | eta: 16.2m
step 01841/02520 (73.06%) | loss: 2.982037 | lrm: 0.44 | dt: 1430.91ms | tok/sec: 366,402 | bf16_mfu: 0.00 | epoch: 1 pq: 21 rg: 51 | total time: 43.54m | eta: 16.1m
step 01842/02520 (73.10%) | loss: 2.980750 | lrm: 0.44 | dt: 1431.27ms | tok/sec: 366,309 | bf16_mfu: 0.00 | epoch: 1 pq: 21 rg: 52 | total time: 43.56m | eta: 16.1m
step 01843/02520 (73.13%) | loss: 2.984559 | lrm: 0.44 | dt: 1431.56ms | tok/sec: 366,236 | bf16_mfu: 0.00 | epoch: 1 pq: 21 rg: 52 | total time: 43.59m | eta: 16.1m
step 01844/02520 (73.17%) | loss: 2.989757 | lrm: 0.44 | dt: 1430.62ms | tok/sec: 366,475 | bf16_mfu: 0.00 | epoch: 1 pq: 21 rg: 53 | total time: 43.61m | eta: 16.1m
step 01845/02520 (73.21%) | loss: 2.978370 | lrm: 0.44 | dt: 1431.61ms | tok/sec: 366,223 | bf16_mfu: 0.00 | epoch: 1 pq: 21 rg: 54 | total time: 43.64m | eta: 16.1m
step 01846/02520 (73.25%) | loss: 2.982472 | lrm: 0.44 | dt: 1429.95ms | tok/sec: 366,647 | bf16_mfu: 0.00 | epoch: 1 pq: 21 rg: 55 | total time: 43.66m | eta: 16.0m
step 01847/02520 (73.29%) | loss: 2.975764 | lrm: 0.44 | dt: 1431.60ms | tok/sec: 366,226 | bf16_mfu: 0.00 | epoch: 1 pq: 21 rg: 56 | total time: 43.68m | eta: 16.0m
step 01848/02520 (73.33%) | loss: 2.980273 | lrm: 0.44 | dt: 1430.47ms | tok/sec: 366,514 | bf16_mfu: 0.00 | epoch: 1 pq: 21 rg: 57 | total time: 43.71m | eta: 16.0m
step 01849/02520 (73.37%) | loss: 2.972543 | lrm: 0.44 | dt: 1431.45ms | tok/sec: 366,263 | bf16_mfu: 0.00 | epoch: 1 pq: 21 rg: 58 | total time: 43.73m | eta: 16.0m
step 01850/02520 (73.41%) | loss: 2.972137 | lrm: 0.44 | dt: 1430.55ms | tok/sec: 366,494 | bf16_mfu: 0.00 | epoch: 1 pq: 21 rg: 59 | total time: 43.76m | eta: 15.9m
step 01851/02520 (73.45%) | loss: 2.981721 | lrm: 0.44 | dt: 1429.50ms | tok/sec: 366,763 | bf16_mfu: 0.00 | epoch: 1 pq: 21 rg: 60 | total time: 43.78m | eta: 15.9m
step 01852/02520 (73.49%) | loss: 2.981284 | lrm: 0.44 | dt: 1429.80ms | tok/sec: 366,685 | bf16_mfu: 0.00 | epoch: 1 pq: 21 rg: 61 | total time: 43.80m | eta: 15.9m
step 01853/02520 (73.53%) | loss: 2.979747 | lrm: 0.44 | dt: 1429.13ms | tok/sec: 366,857 | bf16_mfu: 0.00 | epoch: 1 pq: 21 rg: 62 | total time: 43.83m | eta: 15.9m
step 01854/02520 (73.57%) | loss: 2.975373 | lrm: 0.44 | dt: 1428.68ms | tok/sec: 366,974 | bf16_mfu: 0.00 | epoch: 1 pq: 21 rg: 63 | total time: 43.85m | eta: 15.8m
step 01855/02520 (73.61%) | loss: 2.984403 | lrm: 0.44 | dt: 1429.36ms | tok/sec: 366,799 | bf16_mfu: 0.00 | epoch: 1 pq: 21 rg: 64 | total time: 43.87m | eta: 15.8m
step 01856/02520 (73.65%) | loss: 2.980634 | lrm: 0.44 | dt: 1429.25ms | tok/sec: 366,827 | bf16_mfu: 0.00 | epoch: 1 pq: 21 rg: 65 | total time: 43.90m | eta: 15.8m
step 01857/02520 (73.69%) | loss: 2.966310 | lrm: 0.43 | dt: 1429.22ms | tok/sec: 366,836 | bf16_mfu: 0.00 | epoch: 1 pq: 21 rg: 66 | total time: 43.92m | eta: 15.8m
step 01858/02520 (73.73%) | loss: 2.971328 | lrm: 0.43 | dt: 1429.44ms | tok/sec: 366,778 | bf16_mfu: 0.00 | epoch: 1 pq: 21 rg: 67 | total time: 43.95m | eta: 15.7m
step 01859/02520 (73.77%) | loss: 2.968909 | lrm: 0.43 | dt: 1430.31ms | tok/sec: 366,556 | bf16_mfu: 0.00 | epoch: 1 pq: 21 rg: 68 | total time: 43.97m | eta: 15.7m
step 01860/02520 (73.81%) | loss: 2.959351 | lrm: 0.43 | dt: 1429.17ms | tok/sec: 366,847 | bf16_mfu: 0.00 | epoch: 1 pq: 21 rg: 69 | total time: 43.99m | eta: 15.7m
step 01861/02520 (73.85%) | loss: 2.957107 | lrm: 0.43 | dt: 1430.39ms | tok/sec: 366,533 | bf16_mfu: 0.00 | epoch: 1 pq: 21 rg: 70 | total time: 44.02m | eta: 15.7m
step 01862/02520 (73.89%) | loss: 2.965502 | lrm: 0.43 | dt: 1428.24ms | tok/sec: 367,086 | bf16_mfu: 0.00 | epoch: 1 pq: 21 rg: 71 | total time: 44.04m | eta: 15.6m
step 01863/02520 (73.93%) | loss: 2.965533 | lrm: 0.43 | dt: 1429.24ms | tok/sec: 366,828 | bf16_mfu: 0.00 | epoch: 1 pq: 21 rg: 72 | total time: 44.06m | eta: 15.6m
step 01864/02520 (73.97%) | loss: 2.962539 | lrm: 0.43 | dt: 1429.33ms | tok/sec: 366,806 | bf16_mfu: 0.00 | epoch: 1 pq: 21 rg: 73 | total time: 44.09m | eta: 15.6m
step 01865/02520 (74.01%) | loss: 2.970790 | lrm: 0.43 | dt: 1428.80ms | tok/sec: 366,942 | bf16_mfu: 0.00 | epoch: 1 pq: 21 rg: 74 | total time: 44.11m | eta: 15.6m
step 01866/02520 (74.05%) | loss: 2.969072 | lrm: 0.43 | dt: 1429.18ms | tok/sec: 366,845 | bf16_mfu: 0.00 | epoch: 1 pq: 21 rg: 75 | total time: 44.14m | eta: 15.6m
step 01867/02520 (74.09%) | loss: 2.961790 | lrm: 0.43 | dt: 1428.98ms | tok/sec: 366,895 | bf16_mfu: 0.00 | epoch: 1 pq: 21 rg: 76 | total time: 44.16m | eta: 15.5m
step 01868/02520 (74.13%) | loss: 2.964445 | lrm: 0.43 | dt: 1428.41ms | tok/sec: 367,041 | bf16_mfu: 0.00 | epoch: 1 pq: 21 rg: 77 | total time: 44.18m | eta: 15.5m
step 01869/02520 (74.17%) | loss: 2.958970 | lrm: 0.43 | dt: 1427.90ms | tok/sec: 367,173 | bf16_mfu: 0.00 | epoch: 1 pq: 21 rg: 78 | total time: 44.21m | eta: 15.5m
step 01870/02520 (74.21%) | loss: 2.965272 | lrm: 0.43 | dt: 1428.35ms | tok/sec: 367,057 | bf16_mfu: 0.00 | epoch: 1 pq: 21 rg: 79 | total time: 44.23m | eta: 15.5m
step 01871/02520 (74.25%) | loss: 2.963239 | lrm: 0.43 | dt: 1429.25ms | tok/sec: 366,827 | bf16_mfu: 0.00 | epoch: 1 pq: 21 rg: 80 | total time: 44.26m | eta: 15.4m
step 01872/02520 (74.29%) | loss: 2.945877 | lrm: 0.43 | dt: 1429.43ms | tok/sec: 366,779 | bf16_mfu: 0.00 | epoch: 1 pq: 21 rg: 81 | total time: 44.28m | eta: 15.4m
step 01873/02520 (74.33%) | loss: 2.951654 | lrm: 0.43 | dt: 1430.52ms | tok/sec: 366,501 | bf16_mfu: 0.00 | epoch: 1 pq: 21 rg: 81 | total time: 44.30m | eta: 15.4m
step 01874/02520 (74.37%) | loss: 2.951723 | lrm: 0.42 | dt: 1430.71ms | tok/sec: 366,452 | bf16_mfu: 0.00 | epoch: 1 pq: 21 rg: 82 | total time: 44.33m | eta: 15.4m
step 01875/02520 (74.40%) | loss: 2.948876 | lrm: 0.42 | dt: 1431.03ms | tok/sec: 366,372 | bf16_mfu: 0.00 | epoch: 1 pq: 22 rg: 0 | total time: 44.35m | eta: 15.3m
step 01876/02520 (74.44%) | loss: 2.960153 | lrm: 0.42 | dt: 1429.82ms | tok/sec: 366,682 | bf16_mfu: 0.00 | epoch: 1 pq: 22 rg: 1 | total time: 44.37m | eta: 15.3m
step 01877/02520 (74.48%) | loss: 2.967160 | lrm: 0.42 | dt: 1429.71ms | tok/sec: 366,710 | bf16_mfu: 0.00 | epoch: 1 pq: 22 rg: 2 | total time: 44.40m | eta: 15.3m
step 01878/02520 (74.52%) | loss: 2.954516 | lrm: 0.42 | dt: 1430.59ms | tok/sec: 366,484 | bf16_mfu: 0.00 | epoch: 1 pq: 22 rg: 3 | total time: 44.42m | eta: 15.3m
step 01879/02520 (74.56%) | loss: 2.955635 | lrm: 0.42 | dt: 1429.40ms | tok/sec: 366,790 | bf16_mfu: 0.00 | epoch: 1 pq: 22 rg: 4 | total time: 44.45m | eta: 15.2m
step 01880/02520 (74.60%) | loss: 2.955738 | lrm: 0.42 | dt: 1430.91ms | tok/sec: 366,400 | bf16_mfu: 0.00 | epoch: 1 pq: 22 rg: 5 | total time: 44.47m | eta: 15.2m
step 01881/02520 (74.64%) | loss: 2.953432 | lrm: 0.42 | dt: 1429.25ms | tok/sec: 366,827 | bf16_mfu: 0.00 | epoch: 1 pq: 22 rg: 6 | total time: 44.49m | eta: 15.2m
step 01882/02520 (74.68%) | loss: 2.944585 | lrm: 0.42 | dt: 1430.18ms | tok/sec: 366,589 | bf16_mfu: 0.00 | epoch: 1 pq: 22 rg: 7 | total time: 44.52m | eta: 15.2m
step 01883/02520 (74.72%) | loss: 2.943960 | lrm: 0.42 | dt: 1428.69ms | tok/sec: 366,971 | bf16_mfu: 0.00 | epoch: 1 pq: 22 rg: 8 | total time: 44.54m | eta: 15.1m
step 01884/02520 (74.76%) | loss: 2.934054 | lrm: 0.42 | dt: 1429.03ms | tok/sec: 366,882 | bf16_mfu: 0.00 | epoch: 1 pq: 22 rg: 9 | total time: 44.57m | eta: 15.1m
step 01885/02520 (74.80%) | loss: 2.927638 | lrm: 0.42 | dt: 1429.53ms | tok/sec: 366,754 | bf16_mfu: 0.00 | epoch: 1 pq: 22 rg: 10 | total time: 44.59m | eta: 15.1m
step 01886/02520 (74.84%) | loss: 2.936161 | lrm: 0.42 | dt: 1429.79ms | tok/sec: 366,688 | bf16_mfu: 0.00 | epoch: 1 pq: 22 rg: 11 | total time: 44.61m | eta: 15.1m
step 01887/02520 (74.88%) | loss: 2.930976 | lrm: 0.42 | dt: 1430.16ms | tok/sec: 366,593 | bf16_mfu: 0.00 | epoch: 1 pq: 22 rg: 12 | total time: 44.64m | eta: 15.1m
step 01888/02520 (74.92%) | loss: 2.937185 | lrm: 0.42 | dt: 1429.72ms | tok/sec: 366,706 | bf16_mfu: 0.00 | epoch: 1 pq: 22 rg: 13 | total time: 44.66m | eta: 15.0m
step 01889/02520 (74.96%) | loss: 2.941925 | lrm: 0.42 | dt: 1429.88ms | tok/sec: 366,666 | bf16_mfu: 0.00 | epoch: 1 pq: 22 rg: 14 | total time: 44.68m | eta: 15.0m
step 01890/02520 (75.00%) | loss: 2.943887 | lrm: 0.42 | dt: 1428.99ms | tok/sec: 366,894 | bf16_mfu: 0.00 | epoch: 1 pq: 22 rg: 15 | total time: 44.71m | eta: 15.0m
step 01891/02520 (75.04%) | loss: 2.956042 | lrm: 0.41 | dt: 1428.68ms | tok/sec: 366,972 | bf16_mfu: 0.00 | epoch: 1 pq: 22 rg: 16 | total time: 44.73m | eta: 15.0m
step 01892/02520 (75.08%) | loss: 2.960820 | lrm: 0.41 | dt: 1429.39ms | tok/sec: 366,792 | bf16_mfu: 0.00 | epoch: 1 pq: 22 rg: 17 | total time: 44.76m | eta: 14.9m
step 01893/02520 (75.12%) | loss: 2.967008 | lrm: 0.41 | dt: 1428.47ms | tok/sec: 367,028 | bf16_mfu: 0.00 | epoch: 1 pq: 22 rg: 18 | total time: 44.78m | eta: 14.9m
step 01894/02520 (75.16%) | loss: 2.962337 | lrm: 0.41 | dt: 1429.69ms | tok/sec: 366,715 | bf16_mfu: 0.00 | epoch: 1 pq: 22 rg: 19 | total time: 44.80m | eta: 14.9m
step 01895/02520 (75.20%) | loss: 2.967950 | lrm: 0.41 | dt: 1428.45ms | tok/sec: 367,033 | bf16_mfu: 0.00 | epoch: 1 pq: 22 rg: 20 | total time: 44.83m | eta: 14.9m
step 01896/02520 (75.24%) | loss: 2.961231 | lrm: 0.41 | dt: 1429.10ms | tok/sec: 366,866 | bf16_mfu: 0.00 | epoch: 1 pq: 22 rg: 21 | total time: 44.85m | eta: 14.8m
step 01897/02520 (75.28%) | loss: 2.953239 | lrm: 0.41 | dt: 1428.03ms | tok/sec: 367,141 | bf16_mfu: 0.00 | epoch: 1 pq: 22 rg: 22 | total time: 44.87m | eta: 14.8m
step 01898/02520 (75.32%) | loss: 2.958508 | lrm: 0.41 | dt: 1427.80ms | tok/sec: 367,200 | bf16_mfu: 0.00 | epoch: 1 pq: 22 rg: 23 | total time: 44.90m | eta: 14.8m
step 01899/02520 (75.36%) | loss: 2.954829 | lrm: 0.41 | dt: 1429.88ms | tok/sec: 366,666 | bf16_mfu: 0.00 | epoch: 1 pq: 22 rg: 24 | total time: 44.92m | eta: 14.8m
step 01900/02520 (75.40%) | loss: 2.948502 | lrm: 0.41 | dt: 1430.41ms | tok/sec: 366,529 | bf16_mfu: 0.00 | epoch: 1 pq: 22 rg: 25 | total time: 44.95m | eta: 14.7m
step 01901/02520 (75.44%) | loss: 2.960067 | lrm: 0.41 | dt: 1429.66ms | tok/sec: 366,722 | bf16_mfu: 0.00 | epoch: 1 pq: 22 rg: 26 | total time: 44.97m | eta: 14.7m
step 01902/02520 (75.48%) | loss: 2.962560 | lrm: 0.41 | dt: 1429.35ms | tok/sec: 366,800 | bf16_mfu: 0.00 | epoch: 1 pq: 22 rg: 27 | total time: 44.99m | eta: 14.7m
step 01903/02520 (75.52%) | loss: 2.968878 | lrm: 0.41 | dt: 1430.78ms | tok/sec: 366,435 | bf16_mfu: 0.00 | epoch: 1 pq: 22 rg: 28 | total time: 45.02m | eta: 14.7m
step 01904/02520 (75.56%) | loss: 2.965036 | lrm: 0.41 | dt: 1429.07ms | tok/sec: 366,874 | bf16_mfu: 0.00 | epoch: 1 pq: 22 rg: 29 | total time: 45.04m | eta: 14.6m
step 01905/02520 (75.60%) | loss: 2.972590 | lrm: 0.41 | dt: 1430.33ms | tok/sec: 366,549 | bf16_mfu: 0.00 | epoch: 1 pq: 22 rg: 30 | total time: 45.07m | eta: 14.6m
step 01906/02520 (75.63%) | loss: 2.975682 | lrm: 0.41 | dt: 1429.75ms | tok/sec: 366,699 | bf16_mfu: 0.00 | epoch: 1 pq: 22 rg: 31 | total time: 45.09m | eta: 14.6m
step 01907/02520 (75.67%) | loss: 2.973446 | lrm: 0.41 | dt: 1430.22ms | tok/sec: 366,578 | bf16_mfu: 0.00 | epoch: 1 pq: 22 rg: 32 | total time: 45.11m | eta: 14.6m
step 01908/02520 (75.71%) | loss: 2.975047 | lrm: 0.40 | dt: 1429.68ms | tok/sec: 366,718 | bf16_mfu: 0.00 | epoch: 1 pq: 22 rg: 33 | total time: 45.14m | eta: 14.6m
step 01909/02520 (75.75%) | loss: 2.972693 | lrm: 0.40 | dt: 1429.79ms | tok/sec: 366,689 | bf16_mfu: 0.00 | epoch: 1 pq: 22 rg: 34 | total time: 45.16m | eta: 14.5m
step 01910/02520 (75.79%) | loss: 2.965884 | lrm: 0.40 | dt: 1430.45ms | tok/sec: 366,518 | bf16_mfu: 0.00 | epoch: 1 pq: 22 rg: 35 | total time: 45.18m | eta: 14.5m
step 01911/02520 (75.83%) | loss: 2.961965 | lrm: 0.40 | dt: 1429.79ms | tok/sec: 366,688 | bf16_mfu: 0.00 | epoch: 1 pq: 22 rg: 36 | total time: 45.21m | eta: 14.5m
step 01912/02520 (75.87%) | loss: 2.967417 | lrm: 0.40 | dt: 1428.92ms | tok/sec: 366,911 | bf16_mfu: 0.00 | epoch: 1 pq: 22 rg: 37 | total time: 45.23m | eta: 14.5m
step 01913/02520 (75.91%) | loss: 2.957350 | lrm: 0.40 | dt: 1429.32ms | tok/sec: 366,808 | bf16_mfu: 0.00 | epoch: 1 pq: 22 rg: 38 | total time: 45.26m | eta: 14.4m
step 01914/02520 (75.95%) | loss: 2.966239 | lrm: 0.40 | dt: 1429.85ms | tok/sec: 366,673 | bf16_mfu: 0.00 | epoch: 1 pq: 22 rg: 39 | total time: 45.28m | eta: 14.4m
step 01915/02520 (75.99%) | loss: 2.967224 | lrm: 0.40 | dt: 1431.24ms | tok/sec: 366,316 | bf16_mfu: 0.00 | epoch: 1 pq: 22 rg: 40 | total time: 45.30m | eta: 14.4m
step 01916/02520 (76.03%) | loss: 2.964689 | lrm: 0.40 | dt: 1429.05ms | tok/sec: 366,878 | bf16_mfu: 0.00 | epoch: 1 pq: 22 rg: 41 | total time: 45.33m | eta: 14.4m
step 01917/02520 (76.07%) | loss: 2.966863 | lrm: 0.40 | dt: 1430.26ms | tok/sec: 366,568 | bf16_mfu: 0.00 | epoch: 1 pq: 22 rg: 42 | total time: 45.35m | eta: 14.3m
step 01918/02520 (76.11%) | loss: 2.958571 | lrm: 0.40 | dt: 1429.35ms | tok/sec: 366,800 | bf16_mfu: 0.00 | epoch: 1 pq: 22 rg: 42 | total time: 45.38m | eta: 14.3m
step 01919/02520 (76.15%) | loss: 2.952030 | lrm: 0.40 | dt: 1429.96ms | tok/sec: 366,644 | bf16_mfu: 0.00 | epoch: 1 pq: 22 rg: 43 | total time: 45.40m | eta: 14.3m
step 01920/02520 (76.19%) | loss: 2.955412 | lrm: 0.40 | dt: 1430.05ms | tok/sec: 366,621 | bf16_mfu: 0.00 | epoch: 1 pq: 22 rg: 44 | total time: 45.42m | eta: 14.3m
step 01921/02520 (76.23%) | loss: 2.964199 | lrm: 0.40 | dt: 1429.16ms | tok/sec: 366,850 | bf16_mfu: 0.00 | epoch: 1 pq: 22 rg: 45 | total time: 45.45m | eta: 14.2m
step 01922/02520 (76.27%) | loss: 2.959866 | lrm: 0.40 | dt: 1429.58ms | tok/sec: 366,743 | bf16_mfu: 0.00 | epoch: 1 pq: 22 rg: 46 | total time: 45.47m | eta: 14.2m
step 01923/02520 (76.31%) | loss: 2.957692 | lrm: 0.40 | dt: 1430.73ms | tok/sec: 366,446 | bf16_mfu: 0.00 | epoch: 1 pq: 22 rg: 47 | total time: 45.49m | eta: 14.2m
step 01924/02520 (76.35%) | loss: 2.953837 | lrm: 0.40 | dt: 1430.30ms | tok/sec: 366,557 | bf16_mfu: 0.00 | epoch: 1 pq: 22 rg: 48 | total time: 45.52m | eta: 14.2m
step 01925/02520 (76.39%) | loss: 2.941400 | lrm: 0.40 | dt: 1428.96ms | tok/sec: 366,902 | bf16_mfu: 0.00 | epoch: 1 pq: 22 rg: 49 | total time: 45.54m | eta: 14.2m
step 01926/02520 (76.43%) | loss: 2.934046 | lrm: 0.39 | dt: 1428.57ms | tok/sec: 367,001 | bf16_mfu: 0.00 | epoch: 1 pq: 22 rg: 50 | total time: 45.57m | eta: 14.1m
step 01927/02520 (76.47%) | loss: 2.923154 | lrm: 0.39 | dt: 1428.93ms | tok/sec: 366,909 | bf16_mfu: 0.00 | epoch: 1 pq: 22 rg: 51 | total time: 45.59m | eta: 14.1m
step 01928/02520 (76.51%) | loss: 2.931423 | lrm: 0.39 | dt: 1428.90ms | tok/sec: 366,917 | bf16_mfu: 0.00 | epoch: 1 pq: 22 rg: 52 | total time: 45.61m | eta: 14.1m
step 01929/02520 (76.55%) | loss: 2.934216 | lrm: 0.39 | dt: 1429.14ms | tok/sec: 366,855 | bf16_mfu: 0.00 | epoch: 1 pq: 22 rg: 53 | total time: 45.64m | eta: 14.1m
step 01930/02520 (76.59%) | loss: 2.946592 | lrm: 0.39 | dt: 1429.29ms | tok/sec: 366,817 | bf16_mfu: 0.00 | epoch: 1 pq: 22 rg: 54 | total time: 45.66m | eta: 14.0m
step 01931/02520 (76.63%) | loss: 2.943097 | lrm: 0.39 | dt: 1429.70ms | tok/sec: 366,713 | bf16_mfu: 0.00 | epoch: 1 pq: 22 rg: 55 | total time: 45.68m | eta: 14.0m
step 01932/02520 (76.67%) | loss: 2.948705 | lrm: 0.39 | dt: 1428.70ms | tok/sec: 366,969 | bf16_mfu: 0.00 | epoch: 1 pq: 22 rg: 56 | total time: 45.71m | eta: 14.0m
step 01933/02520 (76.71%) | loss: 2.944348 | lrm: 0.39 | dt: 1428.40ms | tok/sec: 367,044 | bf16_mfu: 0.00 | epoch: 1 pq: 22 rg: 57 | total time: 45.73m | eta: 14.0m
step 01934/02520 (76.75%) | loss: 2.957786 | lrm: 0.39 | dt: 1430.84ms | tok/sec: 366,419 | bf16_mfu: 0.00 | epoch: 1 pq: 22 rg: 58 | total time: 45.76m | eta: 13.9m
step 01935/02520 (76.79%) | loss: 2.947747 | lrm: 0.39 | dt: 1429.43ms | tok/sec: 366,781 | bf16_mfu: 0.00 | epoch: 1 pq: 22 rg: 59 | total time: 45.78m | eta: 13.9m
step 01936/02520 (76.83%) | loss: 2.960441 | lrm: 0.39 | dt: 1429.75ms | tok/sec: 366,698 | bf16_mfu: 0.00 | epoch: 1 pq: 22 rg: 60 | total time: 45.80m | eta: 13.9m
step 01937/02520 (76.87%) | loss: 2.961496 | lrm: 0.39 | dt: 1427.51ms | tok/sec: 367,275 | bf16_mfu: 0.00 | epoch: 1 pq: 22 rg: 61 | total time: 45.83m | eta: 13.9m
step 01938/02520 (76.90%) | loss: 2.971828 | lrm: 0.39 | dt: 1429.77ms | tok/sec: 366,694 | bf16_mfu: 0.00 | epoch: 1 pq: 22 rg: 62 | total time: 45.85m | eta: 13.8m
step 01939/02520 (76.94%) | loss: 2.978765 | lrm: 0.39 | dt: 1427.78ms | tok/sec: 367,206 | bf16_mfu: 0.00 | epoch: 1 pq: 22 rg: 63 | total time: 45.88m | eta: 13.8m
step 01940/02520 (76.98%) | loss: 2.971914 | lrm: 0.39 | dt: 1427.80ms | tok/sec: 367,198 | bf16_mfu: 0.00 | epoch: 1 pq: 22 rg: 64 | total time: 45.90m | eta: 13.8m
step 01941/02520 (77.02%) | loss: 2.975892 | lrm: 0.39 | dt: 1428.94ms | tok/sec: 366,907 | bf16_mfu: 0.00 | epoch: 1 pq: 22 rg: 65 | total time: 45.92m | eta: 13.8m
step 01942/02520 (77.06%) | loss: 2.977664 | lrm: 0.39 | dt: 1428.26ms | tok/sec: 367,081 | bf16_mfu: 0.00 | epoch: 1 pq: 22 rg: 66 | total time: 45.95m | eta: 13.7m
step 01943/02520 (77.10%) | loss: 2.977480 | lrm: 0.38 | dt: 1429.17ms | tok/sec: 366,847 | bf16_mfu: 0.00 | epoch: 1 pq: 22 rg: 67 | total time: 45.97m | eta: 13.7m
step 01944/02520 (77.14%) | loss: 2.969386 | lrm: 0.38 | dt: 1429.22ms | tok/sec: 366,834 | bf16_mfu: 0.00 | epoch: 1 pq: 22 rg: 68 | total time: 45.99m | eta: 13.7m
step 01945/02520 (77.18%) | loss: 2.966741 | lrm: 0.38 | dt: 1430.90ms | tok/sec: 366,405 | bf16_mfu: 0.00 | epoch: 1 pq: 22 rg: 69 | total time: 46.02m | eta: 13.7m
step 01946/02520 (77.22%) | loss: 2.968749 | lrm: 0.38 | dt: 1429.39ms | tok/sec: 366,791 | bf16_mfu: 0.00 | epoch: 1 pq: 22 rg: 70 | total time: 46.04m | eta: 13.7m
step 01947/02520 (77.26%) | loss: 2.964614 | lrm: 0.38 | dt: 1429.01ms | tok/sec: 366,888 | bf16_mfu: 0.00 | epoch: 1 pq: 22 rg: 71 | total time: 46.07m | eta: 13.6m
step 01948/02520 (77.30%) | loss: 2.961916 | lrm: 0.38 | dt: 1429.53ms | tok/sec: 366,755 | bf16_mfu: 0.00 | epoch: 1 pq: 22 rg: 72 | total time: 46.09m | eta: 13.6m
step 01949/02520 (77.34%) | loss: 2.971425 | lrm: 0.38 | dt: 1428.05ms | tok/sec: 367,136 | bf16_mfu: 0.00 | epoch: 1 pq: 22 rg: 73 | total time: 46.11m | eta: 13.6m
step 01950/02520 (77.38%) | loss: 2.968066 | lrm: 0.38 | dt: 1428.78ms | tok/sec: 366,946 | bf16_mfu: 0.00 | epoch: 1 pq: 22 rg: 74 | total time: 46.14m | eta: 13.6m
step 01951/02520 (77.42%) | loss: 2.975461 | lrm: 0.38 | dt: 1429.43ms | tok/sec: 366,780 | bf16_mfu: 0.00 | epoch: 1 pq: 22 rg: 75 | total time: 46.16m | eta: 13.5m
step 01952/02520 (77.46%) | loss: 2.981469 | lrm: 0.38 | dt: 1430.16ms | tok/sec: 366,593 | bf16_mfu: 0.00 | epoch: 1 pq: 22 rg: 76 | total time: 46.19m | eta: 13.5m
step 01953/02520 (77.50%) | loss: 2.971129 | lrm: 0.38 | dt: 1428.68ms | tok/sec: 366,972 | bf16_mfu: 0.00 | epoch: 1 pq: 22 rg: 77 | total time: 46.21m | eta: 13.5m
step 01954/02520 (77.54%) | loss: 2.975264 | lrm: 0.38 | dt: 1427.86ms | tok/sec: 367,185 | bf16_mfu: 0.00 | epoch: 1 pq: 22 rg: 78 | total time: 46.23m | eta: 13.5m
step 01955/02520 (77.58%) | loss: 2.964124 | lrm: 0.38 | dt: 1428.53ms | tok/sec: 367,011 | bf16_mfu: 0.00 | epoch: 1 pq: 22 rg: 79 | total time: 46.26m | eta: 13.4m
step 01956/02520 (77.62%) | loss: 2.968424 | lrm: 0.38 | dt: 1428.50ms | tok/sec: 367,018 | bf16_mfu: 0.00 | epoch: 1 pq: 22 rg: 79 | total time: 46.28m | eta: 13.4m
step 01957/02520 (77.66%) | loss: 2.962845 | lrm: 0.38 | dt: 1429.36ms | tok/sec: 366,800 | bf16_mfu: 0.00 | epoch: 1 pq: 22 rg: 80 | total time: 46.30m | eta: 13.4m
step 01958/02520 (77.70%) | loss: 2.961047 | lrm: 0.38 | dt: 1428.50ms | tok/sec: 367,019 | bf16_mfu: 0.00 | epoch: 1 pq: 22 rg: 81 | total time: 46.33m | eta: 13.4m
step 01959/02520 (77.74%) | loss: 2.958186 | lrm: 0.38 | dt: 1428.68ms | tok/sec: 366,973 | bf16_mfu: 0.00 | epoch: 1 pq: 22 rg: 82 | total time: 46.35m | eta: 13.3m
step 01960/02520 (77.78%) | loss: 2.951903 | lrm: 0.37 | dt: 1428.27ms | tok/sec: 367,078 | bf16_mfu: 0.00 | epoch: 1 pq: 22 rg: 83 | total time: 46.38m | eta: 13.3m
step 01961/02520 (77.82%) | loss: 2.948525 | lrm: 0.37 | dt: 1429.40ms | tok/sec: 366,788 | bf16_mfu: 0.00 | epoch: 1 pq: 23 rg: 0 | total time: 46.40m | eta: 13.3m
step 01962/02520 (77.86%) | loss: 2.945131 | lrm: 0.37 | dt: 1428.60ms | tok/sec: 366,994 | bf16_mfu: 0.00 | epoch: 1 pq: 23 rg: 1 | total time: 46.42m | eta: 13.3m
step 01963/02520 (77.90%) | loss: 2.941761 | lrm: 0.37 | dt: 1427.93ms | tok/sec: 367,165 | bf16_mfu: 0.00 | epoch: 1 pq: 23 rg: 2 | total time: 46.45m | eta: 13.2m
step 01964/02520 (77.94%) | loss: 2.935354 | lrm: 0.37 | dt: 1429.06ms | tok/sec: 366,877 | bf16_mfu: 0.00 | epoch: 1 pq: 23 rg: 3 | total time: 46.47m | eta: 13.2m
step 01965/02520 (77.98%) | loss: 2.927183 | lrm: 0.37 | dt: 1429.66ms | tok/sec: 366,723 | bf16_mfu: 0.00 | epoch: 1 pq: 23 rg: 4 | total time: 46.49m | eta: 13.2m
step 01966/02520 (78.02%) | loss: 2.928555 | lrm: 0.37 | dt: 1429.15ms | tok/sec: 366,852 | bf16_mfu: 0.00 | epoch: 1 pq: 23 rg: 5 | total time: 46.52m | eta: 13.2m
step 01967/02520 (78.06%) | loss: 2.930248 | lrm: 0.37 | dt: 1429.21ms | tok/sec: 366,838 | bf16_mfu: 0.00 | epoch: 1 pq: 23 rg: 6 | total time: 46.54m | eta: 13.2m
step 01968/02520 (78.10%) | loss: 2.929327 | lrm: 0.37 | dt: 1428.96ms | tok/sec: 366,902 | bf16_mfu: 0.00 | epoch: 1 pq: 23 rg: 7 | total time: 46.57m | eta: 13.1m
step 01969/02520 (78.13%) | loss: 2.932223 | lrm: 0.37 | dt: 1429.94ms | tok/sec: 366,650 | bf16_mfu: 0.00 | epoch: 1 pq: 23 rg: 8 | total time: 46.59m | eta: 13.1m
step 01970/02520 (78.17%) | loss: 2.934891 | lrm: 0.37 | dt: 1429.15ms | tok/sec: 366,853 | bf16_mfu: 0.00 | epoch: 1 pq: 23 rg: 9 | total time: 46.61m | eta: 13.1m
step 01971/02520 (78.21%) | loss: 2.943756 | lrm: 0.37 | dt: 1430.00ms | tok/sec: 366,633 | bf16_mfu: 0.00 | epoch: 1 pq: 23 rg: 10 | total time: 46.64m | eta: 13.1m
step 01972/02520 (78.25%) | loss: 2.937549 | lrm: 0.37 | dt: 1429.31ms | tok/sec: 366,811 | bf16_mfu: 0.00 | epoch: 1 pq: 23 rg: 11 | total time: 46.66m | eta: 13.0m
step 01973/02520 (78.29%) | loss: 2.930561 | lrm: 0.37 | dt: 1430.27ms | tok/sec: 366,566 | bf16_mfu: 0.00 | epoch: 1 pq: 23 rg: 12 | total time: 46.69m | eta: 13.0m
step 01974/02520 (78.33%) | loss: 2.940781 | lrm: 0.37 | dt: 1429.32ms | tok/sec: 366,808 | bf16_mfu: 0.00 | epoch: 1 pq: 23 rg: 13 | total time: 46.71m | eta: 13.0m
step 01975/02520 (78.37%) | loss: 2.946251 | lrm: 0.37 | dt: 1429.87ms | tok/sec: 366,668 | bf16_mfu: 0.00 | epoch: 1 pq: 23 rg: 14 | total time: 46.73m | eta: 13.0m
step 01976/02520 (78.41%) | loss: 2.955808 | lrm: 0.37 | dt: 1429.55ms | tok/sec: 366,749 | bf16_mfu: 0.00 | epoch: 1 pq: 23 rg: 15 | total time: 46.76m | eta: 12.9m
step 01977/02520 (78.45%) | loss: 2.956813 | lrm: 0.36 | dt: 1428.61ms | tok/sec: 366,992 | bf16_mfu: 0.00 | epoch: 1 pq: 23 rg: 16 | total time: 46.78m | eta: 12.9m
step 01978/02520 (78.49%) | loss: 2.952453 | lrm: 0.36 | dt: 1429.62ms | tok/sec: 366,731 | bf16_mfu: 0.00 | epoch: 1 pq: 23 rg: 17 | total time: 46.80m | eta: 12.9m
step 01979/02520 (78.53%) | loss: 2.950250 | lrm: 0.36 | dt: 1428.48ms | tok/sec: 367,026 | bf16_mfu: 0.00 | epoch: 1 pq: 23 rg: 18 | total time: 46.83m | eta: 12.9m
step 01980/02520 (78.57%) | loss: 2.940309 | lrm: 0.36 | dt: 1429.51ms | tok/sec: 366,760 | bf16_mfu: 0.00 | epoch: 1 pq: 23 rg: 19 | total time: 46.85m | eta: 12.8m
step 01981/02520 (78.61%) | loss: 2.941747 | lrm: 0.36 | dt: 1428.51ms | tok/sec: 367,016 | bf16_mfu: 0.00 | epoch: 1 pq: 23 rg: 20 | total time: 46.88m | eta: 12.8m
step 01982/02520 (78.65%) | loss: 2.936702 | lrm: 0.36 | dt: 1429.52ms | tok/sec: 366,758 | bf16_mfu: 0.00 | epoch: 1 pq: 23 rg: 21 | total time: 46.90m | eta: 12.8m
step 01983/02520 (78.69%) | loss: 2.936588 | lrm: 0.36 | dt: 1429.21ms | tok/sec: 366,838 | bf16_mfu: 0.00 | epoch: 1 pq: 23 rg: 22 | total time: 46.92m | eta: 12.8m
step 01984/02520 (78.73%) | loss: 2.945175 | lrm: 0.36 | dt: 1429.59ms | tok/sec: 366,741 | bf16_mfu: 0.00 | epoch: 1 pq: 23 rg: 23 | total time: 46.95m | eta: 12.7m
step 01985/02520 (78.77%) | loss: 2.943667 | lrm: 0.36 | dt: 1429.38ms | tok/sec: 366,794 | bf16_mfu: 0.00 | epoch: 1 pq: 23 rg: 24 | total time: 46.97m | eta: 12.7m
step 01986/02520 (78.81%) | loss: 2.941542 | lrm: 0.36 | dt: 1430.44ms | tok/sec: 366,521 | bf16_mfu: 0.00 | epoch: 1 pq: 23 rg: 25 | total time: 46.99m | eta: 12.7m
step 01987/02520 (78.85%) | loss: 2.948590 | lrm: 0.36 | dt: 1430.32ms | tok/sec: 366,554 | bf16_mfu: 0.00 | epoch: 1 pq: 23 rg: 26 | total time: 47.02m | eta: 12.7m
step 01988/02520 (78.89%) | loss: 2.961943 | lrm: 0.36 | dt: 1429.27ms | tok/sec: 366,821 | bf16_mfu: 0.00 | epoch: 1 pq: 23 rg: 26 | total time: 47.04m | eta: 12.7m
step 01989/02520 (78.93%) | loss: 2.955232 | lrm: 0.36 | dt: 1429.49ms | tok/sec: 366,765 | bf16_mfu: 0.00 | epoch: 1 pq: 23 rg: 27 | total time: 47.07m | eta: 12.6m
step 01990/02520 (78.97%) | loss: 2.948510 | lrm: 0.36 | dt: 1430.10ms | tok/sec: 366,609 | bf16_mfu: 0.00 | epoch: 1 pq: 23 rg: 28 | total time: 47.09m | eta: 12.6m
step 01991/02520 (79.01%) | loss: 2.947503 | lrm: 0.36 | dt: 1428.01ms | tok/sec: 367,146 | bf16_mfu: 0.00 | epoch: 1 pq: 23 rg: 29 | total time: 47.11m | eta: 12.6m
step 01992/02520 (79.05%) | loss: 2.958668 | lrm: 0.36 | dt: 1429.84ms | tok/sec: 366,677 | bf16_mfu: 0.00 | epoch: 1 pq: 23 rg: 30 | total time: 47.14m | eta: 12.6m
step 01993/02520 (79.09%) | loss: 2.960723 | lrm: 0.36 | dt: 1428.84ms | tok/sec: 366,932 | bf16_mfu: 0.00 | epoch: 1 pq: 23 rg: 31 | total time: 47.16m | eta: 12.5m
step 01994/02520 (79.13%) | loss: 2.952833 | lrm: 0.36 | dt: 1429.05ms | tok/sec: 366,878 | bf16_mfu: 0.00 | epoch: 1 pq: 23 rg: 32 | total time: 47.19m | eta: 12.5m
step 01995/02520 (79.17%) | loss: 2.963351 | lrm: 0.35 | dt: 1427.61ms | tok/sec: 367,249 | bf16_mfu: 0.00 | epoch: 1 pq: 23 rg: 33 | total time: 47.21m | eta: 12.5m
step 01996/02520 (79.21%) | loss: 2.967251 | lrm: 0.35 | dt: 1427.63ms | tok/sec: 367,242 | bf16_mfu: 0.00 | epoch: 1 pq: 23 rg: 34 | total time: 47.23m | eta: 12.5m
step 01997/02520 (79.25%) | loss: 2.961717 | lrm: 0.35 | dt: 1429.65ms | tok/sec: 366,723 | bf16_mfu: 0.00 | epoch: 1 pq: 23 rg: 35 | total time: 47.26m | eta: 12.4m
step 01998/02520 (79.29%) | loss: 2.938755 | lrm: 0.35 | dt: 1428.37ms | tok/sec: 367,053 | bf16_mfu: 0.00 | epoch: 1 pq: 23 rg: 36 | total time: 47.28m | eta: 12.4m
step 01999/02520 (79.33%) | loss: 2.940991 | lrm: 0.35 | dt: 1428.03ms | tok/sec: 367,139 | bf16_mfu: 0.00 | epoch: 1 pq: 23 rg: 37 | total time: 47.30m | eta: 12.4m
Step 02000 | Validation bpb: 0.897532
step 02000/02520 (79.37%) | loss: 2.936397 | lrm: 0.35 | dt: 1410.73ms | tok/sec: 371,642 | bf16_mfu: 0.00 | epoch: 1 pq: 23 rg: 38 | total time: 47.33m | eta: 12.4m
step 02001/02520 (79.40%) | loss: 2.934610 | lrm: 0.35 | dt: 1416.30ms | tok/sec: 370,182 | bf16_mfu: 0.00 | epoch: 1 pq: 23 rg: 39 | total time: 47.35m | eta: 12.3m
step 02002/02520 (79.44%) | loss: 2.941469 | lrm: 0.35 | dt: 1415.86ms | tok/sec: 370,295 | bf16_mfu: 0.00 | epoch: 1 pq: 23 rg: 40 | total time: 47.38m | eta: 12.3m
step 02003/02520 (79.48%) | loss: 2.954559 | lrm: 0.35 | dt: 1417.44ms | tok/sec: 369,884 | bf16_mfu: 0.00 | epoch: 1 pq: 23 rg: 41 | total time: 47.40m | eta: 12.3m
step 02004/02520 (79.52%) | loss: 2.959553 | lrm: 0.35 | dt: 1420.58ms | tok/sec: 369,067 | bf16_mfu: 0.00 | epoch: 1 pq: 23 rg: 42 | total time: 47.42m | eta: 12.3m
step 02005/02520 (79.56%) | loss: 2.959085 | lrm: 0.35 | dt: 1417.80ms | tok/sec: 369,790 | bf16_mfu: 0.00 | epoch: 1 pq: 23 rg: 43 | total time: 47.45m | eta: 12.2m
step 02006/02520 (79.60%) | loss: 2.953012 | lrm: 0.35 | dt: 1418.76ms | tok/sec: 369,540 | bf16_mfu: 0.00 | epoch: 1 pq: 23 rg: 44 | total time: 47.47m | eta: 12.2m
step 02007/02520 (79.64%) | loss: 2.947644 | lrm: 0.35 | dt: 1418.48ms | tok/sec: 369,612 | bf16_mfu: 0.00 | epoch: 1 pq: 23 rg: 45 | total time: 47.49m | eta: 12.2m
step 02008/02520 (79.68%) | loss: 2.951403 | lrm: 0.35 | dt: 1418.81ms | tok/sec: 369,526 | bf16_mfu: 0.00 | epoch: 1 pq: 23 rg: 46 | total time: 47.52m | eta: 12.2m
step 02009/02520 (79.72%) | loss: 2.942343 | lrm: 0.35 | dt: 1419.49ms | tok/sec: 369,350 | bf16_mfu: 0.00 | epoch: 1 pq: 23 rg: 47 | total time: 47.54m | eta: 12.2m
step 02010/02520 (79.76%) | loss: 2.945488 | lrm: 0.35 | dt: 1419.03ms | tok/sec: 369,468 | bf16_mfu: 0.00 | epoch: 1 pq: 23 rg: 48 | total time: 47.56m | eta: 12.1m
step 02011/02520 (79.80%) | loss: 2.952741 | lrm: 0.35 | dt: 1419.79ms | tok/sec: 369,272 | bf16_mfu: 0.00 | epoch: 1 pq: 23 rg: 49 | total time: 47.59m | eta: 12.1m
step 02012/02520 (79.84%) | loss: 2.951558 | lrm: 0.34 | dt: 1418.98ms | tok/sec: 369,482 | bf16_mfu: 0.00 | epoch: 1 pq: 23 rg: 50 | total time: 47.61m | eta: 12.1m
step 02013/02520 (79.88%) | loss: 2.946481 | lrm: 0.34 | dt: 1420.40ms | tok/sec: 369,112 | bf16_mfu: 0.00 | epoch: 1 pq: 23 rg: 51 | total time: 47.64m | eta: 12.1m
step 02014/02520 (79.92%) | loss: 2.951996 | lrm: 0.34 | dt: 1419.15ms | tok/sec: 369,437 | bf16_mfu: 0.00 | epoch: 1 pq: 23 rg: 52 | total time: 47.66m | eta: 12.0m
step 02015/02520 (79.96%) | loss: 2.952123 | lrm: 0.34 | dt: 1419.14ms | tok/sec: 369,441 | bf16_mfu: 0.00 | epoch: 1 pq: 23 rg: 53 | total time: 47.68m | eta: 12.0m
step 02016/02520 (80.00%) | loss: 2.951226 | lrm: 0.34 | dt: 1419.88ms | tok/sec: 369,248 | bf16_mfu: 0.00 | epoch: 1 pq: 23 rg: 54 | total time: 47.71m | eta: 12.0m
step 02017/02520 (80.04%) | loss: 2.940499 | lrm: 0.34 | dt: 1419.45ms | tok/sec: 369,358 | bf16_mfu: 0.00 | epoch: 1 pq: 23 rg: 55 | total time: 47.73m | eta: 12.0m
step 02018/02520 (80.08%) | loss: 2.936860 | lrm: 0.34 | dt: 1420.96ms | tok/sec: 368,966 | bf16_mfu: 0.00 | epoch: 1 pq: 23 rg: 56 | total time: 47.75m | eta: 11.9m
step 02019/02520 (80.12%) | loss: 2.942918 | lrm: 0.34 | dt: 1419.29ms | tok/sec: 369,400 | bf16_mfu: 0.00 | epoch: 1 pq: 23 rg: 57 | total time: 47.78m | eta: 11.9m
step 02020/02520 (80.16%) | loss: 2.944175 | lrm: 0.34 | dt: 1420.18ms | tok/sec: 369,170 | bf16_mfu: 0.00 | epoch: 1 pq: 23 rg: 58 | total time: 47.80m | eta: 11.9m
step 02021/02520 (80.20%) | loss: 2.931684 | lrm: 0.34 | dt: 1419.25ms | tok/sec: 369,412 | bf16_mfu: 0.00 | epoch: 1 pq: 23 rg: 58 | total time: 47.82m | eta: 11.9m
step 02022/02520 (80.24%) | loss: 2.941106 | lrm: 0.34 | dt: 1422.19ms | tok/sec: 368,649 | bf16_mfu: 0.00 | epoch: 1 pq: 23 rg: 59 | total time: 47.85m | eta: 11.8m
step 02023/02520 (80.28%) | loss: 2.937054 | lrm: 0.34 | dt: 1422.33ms | tok/sec: 368,611 | bf16_mfu: 0.00 | epoch: 1 pq: 23 rg: 60 | total time: 47.87m | eta: 11.8m
step 02024/02520 (80.32%) | loss: 2.942159 | lrm: 0.34 | dt: 1422.77ms | tok/sec: 368,497 | bf16_mfu: 0.00 | epoch: 1 pq: 23 rg: 61 | total time: 47.90m | eta: 11.8m
step 02025/02520 (80.36%) | loss: 2.933487 | lrm: 0.34 | dt: 1421.70ms | tok/sec: 368,776 | bf16_mfu: 0.00 | epoch: 1 pq: 23 rg: 62 | total time: 47.92m | eta: 11.8m
step 02026/02520 (80.40%) | loss: 2.926319 | lrm: 0.34 | dt: 1420.97ms | tok/sec: 368,965 | bf16_mfu: 0.00 | epoch: 1 pq: 23 rg: 63 | total time: 47.94m | eta: 11.7m
step 02027/02520 (80.44%) | loss: 2.926472 | lrm: 0.34 | dt: 1422.16ms | tok/sec: 368,655 | bf16_mfu: 0.00 | epoch: 1 pq: 23 rg: 64 | total time: 47.97m | eta: 11.7m
step 02028/02520 (80.48%) | loss: 2.932791 | lrm: 0.34 | dt: 1421.09ms | tok/sec: 368,934 | bf16_mfu: 0.00 | epoch: 1 pq: 23 rg: 65 | total time: 47.99m | eta: 11.7m
step 02029/02520 (80.52%) | loss: 2.929674 | lrm: 0.33 | dt: 1421.48ms | tok/sec: 368,833 | bf16_mfu: 0.00 | epoch: 1 pq: 23 rg: 66 | total time: 48.01m | eta: 11.7m
step 02030/02520 (80.56%) | loss: 2.922876 | lrm: 0.33 | dt: 1422.07ms | tok/sec: 368,680 | bf16_mfu: 0.00 | epoch: 1 pq: 23 rg: 67 | total time: 48.04m | eta: 11.7m
step 02031/02520 (80.60%) | loss: 2.926017 | lrm: 0.33 | dt: 1421.66ms | tok/sec: 368,786 | bf16_mfu: 0.00 | epoch: 1 pq: 23 rg: 68 | total time: 48.06m | eta: 11.6m
step 02032/02520 (80.63%) | loss: 2.923699 | lrm: 0.33 | dt: 1422.17ms | tok/sec: 368,653 | bf16_mfu: 0.00 | epoch: 1 pq: 23 rg: 69 | total time: 48.09m | eta: 11.6m
step 02033/02520 (80.67%) | loss: 2.922769 | lrm: 0.33 | dt: 1421.93ms | tok/sec: 368,714 | bf16_mfu: 0.00 | epoch: 1 pq: 23 rg: 70 | total time: 48.11m | eta: 11.6m
step 02034/02520 (80.71%) | loss: 2.928330 | lrm: 0.33 | dt: 1422.41ms | tok/sec: 368,591 | bf16_mfu: 0.00 | epoch: 1 pq: 23 rg: 71 | total time: 48.13m | eta: 11.6m
step 02035/02520 (80.75%) | loss: 2.935219 | lrm: 0.33 | dt: 1423.12ms | tok/sec: 368,407 | bf16_mfu: 0.00 | epoch: 1 pq: 23 rg: 72 | total time: 48.16m | eta: 11.5m
step 02036/02520 (80.79%) | loss: 2.940669 | lrm: 0.33 | dt: 1422.61ms | tok/sec: 368,538 | bf16_mfu: 0.00 | epoch: 1 pq: 23 rg: 73 | total time: 48.18m | eta: 11.5m
step 02037/02520 (80.83%) | loss: 2.944080 | lrm: 0.33 | dt: 1424.03ms | tok/sec: 368,170 | bf16_mfu: 0.00 | epoch: 1 pq: 23 rg: 74 | total time: 48.20m | eta: 11.5m
step 02038/02520 (80.87%) | loss: 2.934548 | lrm: 0.33 | dt: 1423.29ms | tok/sec: 368,363 | bf16_mfu: 0.00 | epoch: 1 pq: 23 rg: 75 | total time: 48.23m | eta: 11.5m
step 02039/02520 (80.91%) | loss: 2.942520 | lrm: 0.33 | dt: 1423.84ms | tok/sec: 368,220 | bf16_mfu: 0.00 | epoch: 1 pq: 23 rg: 76 | total time: 48.25m | eta: 11.4m
step 02040/02520 (80.95%) | loss: 2.952285 | lrm: 0.33 | dt: 1422.86ms | tok/sec: 368,475 | bf16_mfu: 0.00 | epoch: 1 pq: 23 rg: 77 | total time: 48.28m | eta: 11.4m
step 02041/02520 (80.99%) | loss: 2.944816 | lrm: 0.33 | dt: 1423.37ms | tok/sec: 368,343 | bf16_mfu: 0.00 | epoch: 1 pq: 23 rg: 78 | total time: 48.30m | eta: 11.4m
step 02042/02520 (81.03%) | loss: 2.944020 | lrm: 0.33 | dt: 1423.94ms | tok/sec: 368,195 | bf16_mfu: 0.00 | epoch: 1 pq: 23 rg: 79 | total time: 48.32m | eta: 11.4m
step 02043/02520 (81.07%) | loss: 2.928923 | lrm: 0.33 | dt: 1423.09ms | tok/sec: 368,415 | bf16_mfu: 0.00 | epoch: 1 pq: 23 rg: 80 | total time: 48.35m | eta: 11.3m
step 02044/02520 (81.11%) | loss: 2.937804 | lrm: 0.33 | dt: 1425.49ms | tok/sec: 367,795 | bf16_mfu: 0.00 | epoch: 1 pq: 23 rg: 81 | total time: 48.37m | eta: 11.3m
step 02045/02520 (81.15%) | loss: 2.943438 | lrm: 0.33 | dt: 1424.68ms | tok/sec: 368,004 | bf16_mfu: 0.00 | epoch: 1 pq: 23 rg: 82 | total time: 48.39m | eta: 11.3m
step 02046/02520 (81.19%) | loss: 2.948810 | lrm: 0.32 | dt: 1425.39ms | tok/sec: 367,821 | bf16_mfu: 0.00 | epoch: 1 pq: 24 rg: 0 | total time: 48.42m | eta: 11.3m
step 02047/02520 (81.23%) | loss: 2.949968 | lrm: 0.32 | dt: 1424.84ms | tok/sec: 367,962 | bf16_mfu: 0.00 | epoch: 1 pq: 24 rg: 1 | total time: 48.44m | eta: 11.2m
step 02048/02520 (81.27%) | loss: 2.950062 | lrm: 0.32 | dt: 1424.95ms | tok/sec: 367,934 | bf16_mfu: 0.00 | epoch: 1 pq: 24 rg: 2 | total time: 48.47m | eta: 11.2m
step 02049/02520 (81.31%) | loss: 2.946345 | lrm: 0.32 | dt: 1425.47ms | tok/sec: 367,800 | bf16_mfu: 0.00 | epoch: 1 pq: 24 rg: 3 | total time: 48.49m | eta: 11.2m
step 02050/02520 (81.35%) | loss: 2.947905 | lrm: 0.32 | dt: 1424.96ms | tok/sec: 367,930 | bf16_mfu: 0.00 | epoch: 1 pq: 24 rg: 4 | total time: 48.51m | eta: 11.2m
step 02051/02520 (81.39%) | loss: 2.947797 | lrm: 0.32 | dt: 1425.72ms | tok/sec: 367,735 | bf16_mfu: 0.00 | epoch: 1 pq: 24 rg: 5 | total time: 48.54m | eta: 11.2m
step 02052/02520 (81.43%) | loss: 2.945826 | lrm: 0.32 | dt: 1424.48ms | tok/sec: 368,055 | bf16_mfu: 0.00 | epoch: 1 pq: 24 rg: 5 | total time: 48.56m | eta: 11.1m
step 02053/02520 (81.47%) | loss: 2.945868 | lrm: 0.32 | dt: 1426.43ms | tok/sec: 367,552 | bf16_mfu: 0.00 | epoch: 1 pq: 24 rg: 6 | total time: 48.58m | eta: 11.1m
step 02054/02520 (81.51%) | loss: 2.943389 | lrm: 0.32 | dt: 1424.33ms | tok/sec: 368,095 | bf16_mfu: 0.00 | epoch: 1 pq: 24 rg: 7 | total time: 48.61m | eta: 11.1m
step 02055/02520 (81.55%) | loss: 2.939266 | lrm: 0.32 | dt: 1425.50ms | tok/sec: 367,793 | bf16_mfu: 0.00 | epoch: 1 pq: 24 rg: 8 | total time: 48.63m | eta: 11.1m
step 02056/02520 (81.59%) | loss: 2.941180 | lrm: 0.32 | dt: 1425.74ms | tok/sec: 367,729 | bf16_mfu: 0.00 | epoch: 1 pq: 24 rg: 9 | total time: 48.66m | eta: 11.0m
step 02057/02520 (81.63%) | loss: 2.951383 | lrm: 0.32 | dt: 1425.17ms | tok/sec: 367,877 | bf16_mfu: 0.00 | epoch: 1 pq: 24 rg: 10 | total time: 48.68m | eta: 11.0m
step 02058/02520 (81.67%) | loss: 2.948579 | lrm: 0.32 | dt: 1425.82ms | tok/sec: 367,710 | bf16_mfu: 0.00 | epoch: 1 pq: 24 rg: 11 | total time: 48.70m | eta: 11.0m
step 02059/02520 (81.71%) | loss: 2.939582 | lrm: 0.32 | dt: 1425.73ms | tok/sec: 367,733 | bf16_mfu: 0.00 | epoch: 1 pq: 24 rg: 12 | total time: 48.73m | eta: 11.0m
step 02060/02520 (81.75%) | loss: 2.934101 | lrm: 0.32 | dt: 1426.67ms | tok/sec: 367,491 | bf16_mfu: 0.00 | epoch: 1 pq: 24 rg: 13 | total time: 48.75m | eta: 10.9m
step 02061/02520 (81.79%) | loss: 2.941806 | lrm: 0.32 | dt: 1425.81ms | tok/sec: 367,711 | bf16_mfu: 0.00 | epoch: 1 pq: 24 rg: 14 | total time: 48.77m | eta: 10.9m
step 02062/02520 (81.83%) | loss: 2.941610 | lrm: 0.32 | dt: 1426.26ms | tok/sec: 367,595 | bf16_mfu: 0.00 | epoch: 1 pq: 24 rg: 15 | total time: 48.80m | eta: 10.9m
step 02063/02520 (81.87%) | loss: 2.940079 | lrm: 0.32 | dt: 1426.29ms | tok/sec: 367,588 | bf16_mfu: 0.00 | epoch: 1 pq: 24 rg: 16 | total time: 48.82m | eta: 10.9m
step 02064/02520 (81.90%) | loss: 2.941146 | lrm: 0.31 | dt: 1425.81ms | tok/sec: 367,713 | bf16_mfu: 0.00 | epoch: 1 pq: 24 rg: 17 | total time: 48.85m | eta: 10.8m
step 02065/02520 (81.94%) | loss: 2.933971 | lrm: 0.31 | dt: 1426.13ms | tok/sec: 367,629 | bf16_mfu: 0.00 | epoch: 1 pq: 24 rg: 18 | total time: 48.87m | eta: 10.8m
step 02066/02520 (81.98%) | loss: 2.931628 | lrm: 0.31 | dt: 1425.50ms | tok/sec: 367,792 | bf16_mfu: 0.00 | epoch: 1 pq: 24 rg: 19 | total time: 48.89m | eta: 10.8m
step 02067/02520 (82.02%) | loss: 2.925601 | lrm: 0.31 | dt: 1425.65ms | tok/sec: 367,754 | bf16_mfu: 0.00 | epoch: 1 pq: 24 rg: 20 | total time: 48.92m | eta: 10.8m
step 02068/02520 (82.06%) | loss: 2.940977 | lrm: 0.31 | dt: 1426.24ms | tok/sec: 367,601 | bf16_mfu: 0.00 | epoch: 1 pq: 24 rg: 21 | total time: 48.94m | eta: 10.7m
step 02069/02520 (82.10%) | loss: 2.927055 | lrm: 0.31 | dt: 1426.78ms | tok/sec: 367,461 | bf16_mfu: 0.00 | epoch: 1 pq: 24 rg: 22 | total time: 48.96m | eta: 10.7m
step 02070/02520 (82.14%) | loss: 2.931976 | lrm: 0.31 | dt: 1426.56ms | tok/sec: 367,519 | bf16_mfu: 0.00 | epoch: 1 pq: 24 rg: 23 | total time: 48.99m | eta: 10.7m
step 02071/02520 (82.18%) | loss: 2.947196 | lrm: 0.31 | dt: 1426.40ms | tok/sec: 367,560 | bf16_mfu: 0.00 | epoch: 1 pq: 24 rg: 24 | total time: 49.01m | eta: 10.7m
step 02072/02520 (82.22%) | loss: 2.943440 | lrm: 0.31 | dt: 1427.47ms | tok/sec: 367,285 | bf16_mfu: 0.00 | epoch: 1 pq: 24 rg: 25 | total time: 49.04m | eta: 10.7m
step 02073/02520 (82.26%) | loss: 2.938229 | lrm: 0.31 | dt: 1426.53ms | tok/sec: 367,527 | bf16_mfu: 0.00 | epoch: 1 pq: 24 rg: 26 | total time: 49.06m | eta: 10.6m
step 02074/02520 (82.30%) | loss: 2.932261 | lrm: 0.31 | dt: 1426.39ms | tok/sec: 367,562 | bf16_mfu: 0.00 | epoch: 1 pq: 24 rg: 27 | total time: 49.08m | eta: 10.6m
step 02075/02520 (82.34%) | loss: 2.931462 | lrm: 0.31 | dt: 1428.69ms | tok/sec: 366,972 | bf16_mfu: 0.00 | epoch: 1 pq: 24 rg: 28 | total time: 49.11m | eta: 10.6m
step 02076/02520 (82.38%) | loss: 2.937178 | lrm: 0.31 | dt: 1426.58ms | tok/sec: 367,513 | bf16_mfu: 0.00 | epoch: 1 pq: 24 rg: 29 | total time: 49.13m | eta: 10.6m
step 02077/02520 (82.42%) | loss: 2.939512 | lrm: 0.31 | dt: 1426.93ms | tok/sec: 367,423 | bf16_mfu: 0.00 | epoch: 1 pq: 24 rg: 30 | total time: 49.15m | eta: 10.5m
step 02078/02520 (82.46%) | loss: 2.942242 | lrm: 0.31 | dt: 1426.09ms | tok/sec: 367,640 | bf16_mfu: 0.00 | epoch: 1 pq: 24 rg: 31 | total time: 49.18m | eta: 10.5m
step 02079/02520 (82.50%) | loss: 2.947190 | lrm: 0.31 | dt: 1427.32ms | tok/sec: 367,324 | bf16_mfu: 0.00 | epoch: 1 pq: 24 rg: 32 | total time: 49.20m | eta: 10.5m
step 02080/02520 (82.54%) | loss: 2.947454 | lrm: 0.31 | dt: 1426.53ms | tok/sec: 367,527 | bf16_mfu: 0.00 | epoch: 1 pq: 24 rg: 32 | total time: 49.23m | eta: 10.5m
step 02081/02520 (82.58%) | loss: 2.941298 | lrm: 0.30 | dt: 1426.79ms | tok/sec: 367,459 | bf16_mfu: 0.00 | epoch: 1 pq: 24 rg: 33 | total time: 49.25m | eta: 10.4m
step 02082/02520 (82.62%) | loss: 2.944140 | lrm: 0.30 | dt: 1427.51ms | tok/sec: 367,274 | bf16_mfu: 0.00 | epoch: 1 pq: 24 rg: 34 | total time: 49.27m | eta: 10.4m
step 02083/02520 (82.66%) | loss: 2.932078 | lrm: 0.30 | dt: 1426.90ms | tok/sec: 367,431 | bf16_mfu: 0.00 | epoch: 1 pq: 24 rg: 35 | total time: 49.30m | eta: 10.4m
step 02084/02520 (82.70%) | loss: 2.923173 | lrm: 0.30 | dt: 1427.42ms | tok/sec: 367,296 | bf16_mfu: 0.00 | epoch: 1 pq: 24 rg: 36 | total time: 49.32m | eta: 10.4m
step 02085/02520 (82.74%) | loss: 2.930461 | lrm: 0.30 | dt: 1426.82ms | tok/sec: 367,453 | bf16_mfu: 0.00 | epoch: 1 pq: 24 rg: 37 | total time: 49.34m | eta: 10.3m
step 02086/02520 (82.78%) | loss: 2.944057 | lrm: 0.30 | dt: 1426.93ms | tok/sec: 367,423 | bf16_mfu: 0.00 | epoch: 1 pq: 24 rg: 38 | total time: 49.37m | eta: 10.3m
step 02087/02520 (82.82%) | loss: 2.931700 | lrm: 0.30 | dt: 1426.36ms | tok/sec: 367,569 | bf16_mfu: 0.00 | epoch: 1 pq: 24 rg: 39 | total time: 49.39m | eta: 10.3m
step 02088/02520 (82.86%) | loss: 2.948884 | lrm: 0.30 | dt: 1431.02ms | tok/sec: 366,373 | bf16_mfu: 0.00 | epoch: 1 pq: 24 rg: 40 | total time: 49.42m | eta: 10.3m
step 02089/02520 (82.90%) | loss: 2.941142 | lrm: 0.30 | dt: 1427.77ms | tok/sec: 367,207 | bf16_mfu: 0.00 | epoch: 1 pq: 24 rg: 41 | total time: 49.44m | eta: 10.2m
step 02090/02520 (82.94%) | loss: 2.930165 | lrm: 0.30 | dt: 1427.87ms | tok/sec: 367,181 | bf16_mfu: 0.00 | epoch: 1 pq: 24 rg: 42 | total time: 49.46m | eta: 10.2m
step 02091/02520 (82.98%) | loss: 2.933731 | lrm: 0.30 | dt: 1427.66ms | tok/sec: 367,237 | bf16_mfu: 0.00 | epoch: 1 pq: 24 rg: 43 | total time: 49.49m | eta: 10.2m
step 02092/02520 (83.02%) | loss: 2.934676 | lrm: 0.30 | dt: 1426.33ms | tok/sec: 367,579 | bf16_mfu: 0.00 | epoch: 1 pq: 24 rg: 44 | total time: 49.51m | eta: 10.2m
step 02093/02520 (83.06%) | loss: 2.925874 | lrm: 0.30 | dt: 1428.53ms | tok/sec: 367,011 | bf16_mfu: 0.00 | epoch: 1 pq: 24 rg: 45 | total time: 49.53m | eta: 10.2m
step 02094/02520 (83.10%) | loss: 2.932353 | lrm: 0.30 | dt: 1426.96ms | tok/sec: 367,416 | bf16_mfu: 0.00 | epoch: 1 pq: 24 rg: 46 | total time: 49.56m | eta: 10.1m
step 02095/02520 (83.13%) | loss: 2.932468 | lrm: 0.30 | dt: 1427.39ms | tok/sec: 367,305 | bf16_mfu: 0.00 | epoch: 1 pq: 24 rg: 47 | total time: 49.58m | eta: 10.1m
step 02096/02520 (83.17%) | loss: 2.935903 | lrm: 0.30 | dt: 1427.85ms | tok/sec: 367,186 | bf16_mfu: 0.00 | epoch: 1 pq: 24 rg: 48 | total time: 49.61m | eta: 10.1m
step 02097/02520 (83.21%) | loss: 2.941140 | lrm: 0.30 | dt: 1427.42ms | tok/sec: 367,297 | bf16_mfu: 0.00 | epoch: 1 pq: 24 rg: 49 | total time: 49.63m | eta: 10.1m
step 02098/02520 (83.25%) | loss: 2.935164 | lrm: 0.29 | dt: 1427.50ms | tok/sec: 367,278 | bf16_mfu: 0.00 | epoch: 1 pq: 24 rg: 50 | total time: 49.65m | eta: 10.0m
step 02099/02520 (83.29%) | loss: 2.925143 | lrm: 0.29 | dt: 1426.54ms | tok/sec: 367,525 | bf16_mfu: 0.00 | epoch: 1 pq: 24 rg: 51 | total time: 49.68m | eta: 10.0m
step 02100/02520 (83.33%) | loss: 2.927719 | lrm: 0.29 | dt: 1427.34ms | tok/sec: 367,318 | bf16_mfu: 0.00 | epoch: 1 pq: 24 rg: 52 | total time: 49.70m | eta: 10.0m
step 02101/02520 (83.37%) | loss: 2.927332 | lrm: 0.29 | dt: 1425.18ms | tok/sec: 367,873 | bf16_mfu: 0.00 | epoch: 1 pq: 24 rg: 53 | total time: 49.73m | eta: 10.0m
step 02102/02520 (83.41%) | loss: 2.933206 | lrm: 0.29 | dt: 1426.02ms | tok/sec: 367,658 | bf16_mfu: 0.00 | epoch: 1 pq: 24 rg: 54 | total time: 49.75m | eta: 9.9m
step 02103/02520 (83.45%) | loss: 2.934824 | lrm: 0.29 | dt: 1427.79ms | tok/sec: 367,203 | bf16_mfu: 0.00 | epoch: 1 pq: 24 rg: 55 | total time: 49.77m | eta: 9.9m
step 02104/02520 (83.49%) | loss: 2.929851 | lrm: 0.29 | dt: 1425.35ms | tok/sec: 367,831 | bf16_mfu: 0.00 | epoch: 1 pq: 24 rg: 56 | total time: 49.80m | eta: 9.9m
step 02105/02520 (83.53%) | loss: 2.924238 | lrm: 0.29 | dt: 1426.20ms | tok/sec: 367,612 | bf16_mfu: 0.00 | epoch: 1 pq: 24 rg: 57 | total time: 49.82m | eta: 9.9m
step 02106/02520 (83.57%) | loss: 2.916613 | lrm: 0.29 | dt: 1425.57ms | tok/sec: 367,773 | bf16_mfu: 0.00 | epoch: 1 pq: 24 rg: 58 | total time: 49.84m | eta: 9.8m
step 02107/02520 (83.61%) | loss: 2.920009 | lrm: 0.29 | dt: 1426.68ms | tok/sec: 367,486 | bf16_mfu: 0.00 | epoch: 1 pq: 24 rg: 59 | total time: 49.87m | eta: 9.8m
step 02108/02520 (83.65%) | loss: 2.911331 | lrm: 0.29 | dt: 1425.09ms | tok/sec: 367,898 | bf16_mfu: 0.00 | epoch: 1 pq: 24 rg: 60 | total time: 49.89m | eta: 9.8m
step 02109/02520 (83.69%) | loss: 2.924925 | lrm: 0.29 | dt: 1425.69ms | tok/sec: 367,743 | bf16_mfu: 0.00 | epoch: 1 pq: 24 rg: 61 | total time: 49.92m | eta: 9.8m
step 02110/02520 (83.73%) | loss: 2.926569 | lrm: 0.29 | dt: 1426.96ms | tok/sec: 367,415 | bf16_mfu: 0.00 | epoch: 1 pq: 24 rg: 62 | total time: 49.94m | eta: 9.8m
step 02111/02520 (83.77%) | loss: 2.919521 | lrm: 0.29 | dt: 1425.40ms | tok/sec: 367,819 | bf16_mfu: 0.00 | epoch: 1 pq: 24 rg: 63 | total time: 49.96m | eta: 9.7m
step 02112/02520 (83.81%) | loss: 2.931117 | lrm: 0.29 | dt: 1426.65ms | tok/sec: 367,496 | bf16_mfu: 0.00 | epoch: 1 pq: 24 rg: 64 | total time: 49.99m | eta: 9.7m
step 02113/02520 (83.85%) | loss: 2.925470 | lrm: 0.29 | dt: 1425.09ms | tok/sec: 367,899 | bf16_mfu: 0.00 | epoch: 1 pq: 24 rg: 65 | total time: 50.01m | eta: 9.7m
step 02114/02520 (83.89%) | loss: 2.916597 | lrm: 0.29 | dt: 1426.41ms | tok/sec: 367,556 | bf16_mfu: 0.00 | epoch: 1 pq: 24 rg: 66 | total time: 50.03m | eta: 9.7m
step 02115/02520 (83.93%) | loss: 2.917080 | lrm: 0.28 | dt: 1424.99ms | tok/sec: 367,924 | bf16_mfu: 0.00 | epoch: 1 pq: 24 rg: 67 | total time: 50.06m | eta: 9.6m
step 02116/02520 (83.97%) | loss: 2.916454 | lrm: 0.28 | dt: 1425.21ms | tok/sec: 367,867 | bf16_mfu: 0.00 | epoch: 1 pq: 24 rg: 67 | total time: 50.08m | eta: 9.6m
step 02117/02520 (84.01%) | loss: 2.914904 | lrm: 0.28 | dt: 1424.89ms | tok/sec: 367,950 | bf16_mfu: 0.00 | epoch: 1 pq: 24 rg: 68 | total time: 50.11m | eta: 9.6m
step 02118/02520 (84.05%) | loss: 2.912970 | lrm: 0.28 | dt: 1425.05ms | tok/sec: 367,908 | bf16_mfu: 0.00 | epoch: 1 pq: 24 rg: 69 | total time: 50.13m | eta: 9.6m
step 02119/02520 (84.09%) | loss: 2.923689 | lrm: 0.28 | dt: 1425.92ms | tok/sec: 367,682 | bf16_mfu: 0.00 | epoch: 1 pq: 24 rg: 70 | total time: 50.15m | eta: 9.5m
step 02120/02520 (84.13%) | loss: 2.919999 | lrm: 0.28 | dt: 1426.37ms | tok/sec: 367,569 | bf16_mfu: 0.00 | epoch: 1 pq: 24 rg: 71 | total time: 50.18m | eta: 9.5m
step 02121/02520 (84.17%) | loss: 2.924014 | lrm: 0.28 | dt: 1426.53ms | tok/sec: 367,526 | bf16_mfu: 0.00 | epoch: 1 pq: 24 rg: 72 | total time: 50.20m | eta: 9.5m
step 02122/02520 (84.21%) | loss: 2.914169 | lrm: 0.28 | dt: 1425.28ms | tok/sec: 367,847 | bf16_mfu: 0.00 | epoch: 1 pq: 24 rg: 73 | total time: 50.22m | eta: 9.5m
step 02123/02520 (84.25%) | loss: 2.914971 | lrm: 0.28 | dt: 1426.20ms | tok/sec: 367,611 | bf16_mfu: 0.00 | epoch: 1 pq: 24 rg: 74 | total time: 50.25m | eta: 9.4m
step 02124/02520 (84.29%) | loss: 2.909341 | lrm: 0.28 | dt: 1425.82ms | tok/sec: 367,710 | bf16_mfu: 0.00 | epoch: 1 pq: 24 rg: 75 | total time: 50.27m | eta: 9.4m
step 02125/02520 (84.33%) | loss: 2.907193 | lrm: 0.28 | dt: 1426.76ms | tok/sec: 367,466 | bf16_mfu: 0.00 | epoch: 1 pq: 24 rg: 76 | total time: 50.30m | eta: 9.4m
step 02126/02520 (84.37%) | loss: 2.909650 | lrm: 0.28 | dt: 1426.64ms | tok/sec: 367,498 | bf16_mfu: 0.00 | epoch: 1 pq: 24 rg: 77 | total time: 50.32m | eta: 9.4m
step 02127/02520 (84.40%) | loss: 2.910332 | lrm: 0.28 | dt: 1426.07ms | tok/sec: 367,644 | bf16_mfu: 0.00 | epoch: 1 pq: 24 rg: 78 | total time: 50.34m | eta: 9.3m
step 02128/02520 (84.44%) | loss: 2.918294 | lrm: 0.28 | dt: 1427.74ms | tok/sec: 367,215 | bf16_mfu: 0.00 | epoch: 1 pq: 24 rg: 79 | total time: 50.37m | eta: 9.3m
step 02129/02520 (84.48%) | loss: 2.908545 | lrm: 0.28 | dt: 1426.21ms | tok/sec: 367,609 | bf16_mfu: 0.00 | epoch: 1 pq: 24 rg: 80 | total time: 50.39m | eta: 9.3m
step 02130/02520 (84.52%) | loss: 2.904474 | lrm: 0.28 | dt: 1428.74ms | tok/sec: 366,958 | bf16_mfu: 0.00 | epoch: 1 pq: 24 rg: 81 | total time: 50.41m | eta: 9.3m
step 02131/02520 (84.56%) | loss: 2.906576 | lrm: 0.28 | dt: 1426.57ms | tok/sec: 367,516 | bf16_mfu: 0.00 | epoch: 1 pq: 24 rg: 82 | total time: 50.44m | eta: 9.3m
step 02132/02520 (84.60%) | loss: 2.899981 | lrm: 0.28 | dt: 1425.95ms | tok/sec: 367,677 | bf16_mfu: 0.00 | epoch: 1 pq: 25 rg: 0 | total time: 50.46m | eta: 9.2m
step 02133/02520 (84.64%) | loss: 2.901225 | lrm: 0.27 | dt: 1427.12ms | tok/sec: 367,374 | bf16_mfu: 0.00 | epoch: 1 pq: 25 rg: 1 | total time: 50.49m | eta: 9.2m
step 02134/02520 (84.68%) | loss: 2.896794 | lrm: 0.27 | dt: 1425.50ms | tok/sec: 367,792 | bf16_mfu: 0.00 | epoch: 1 pq: 25 rg: 2 | total time: 50.51m | eta: 9.2m
step 02135/02520 (84.72%) | loss: 2.895553 | lrm: 0.27 | dt: 1426.97ms | tok/sec: 367,414 | bf16_mfu: 0.00 | epoch: 1 pq: 25 rg: 3 | total time: 50.53m | eta: 9.2m
step 02136/02520 (84.76%) | loss: 2.899878 | lrm: 0.27 | dt: 1425.51ms | tok/sec: 367,790 | bf16_mfu: 0.00 | epoch: 1 pq: 25 rg: 4 | total time: 50.56m | eta: 9.1m
step 02137/02520 (84.80%) | loss: 2.906494 | lrm: 0.27 | dt: 1425.24ms | tok/sec: 367,859 | bf16_mfu: 0.00 | epoch: 1 pq: 25 rg: 5 | total time: 50.58m | eta: 9.1m
step 02138/02520 (84.84%) | loss: 2.908834 | lrm: 0.27 | dt: 1425.75ms | tok/sec: 367,728 | bf16_mfu: 0.00 | epoch: 1 pq: 25 rg: 6 | total time: 50.60m | eta: 9.1m
step 02139/02520 (84.88%) | loss: 2.905030 | lrm: 0.27 | dt: 1424.62ms | tok/sec: 368,020 | bf16_mfu: 0.00 | epoch: 1 pq: 25 rg: 7 | total time: 50.63m | eta: 9.1m
step 02140/02520 (84.92%) | loss: 2.891739 | lrm: 0.27 | dt: 1427.19ms | tok/sec: 367,356 | bf16_mfu: 0.00 | epoch: 1 pq: 25 rg: 8 | total time: 50.65m | eta: 9.0m
step 02141/02520 (84.96%) | loss: 2.908116 | lrm: 0.27 | dt: 1425.70ms | tok/sec: 367,741 | bf16_mfu: 0.00 | epoch: 1 pq: 25 rg: 9 | total time: 50.68m | eta: 9.0m
step 02142/02520 (85.00%) | loss: 2.902940 | lrm: 0.27 | dt: 1426.96ms | tok/sec: 367,416 | bf16_mfu: 0.00 | epoch: 1 pq: 25 rg: 10 | total time: 50.70m | eta: 9.0m
step 02143/02520 (85.04%) | loss: 2.900903 | lrm: 0.27 | dt: 1426.83ms | tok/sec: 367,449 | bf16_mfu: 0.00 | epoch: 1 pq: 25 rg: 10 | total time: 50.72m | eta: 9.0m
step 02144/02520 (85.08%) | loss: 2.892928 | lrm: 0.27 | dt: 1426.37ms | tok/sec: 367,568 | bf16_mfu: 0.00 | epoch: 1 pq: 25 rg: 11 | total time: 50.75m | eta: 8.9m
step 02145/02520 (85.12%) | loss: 2.878539 | lrm: 0.27 | dt: 1427.20ms | tok/sec: 367,354 | bf16_mfu: 0.00 | epoch: 1 pq: 25 rg: 12 | total time: 50.77m | eta: 8.9m
step 02146/02520 (85.16%) | loss: 2.885802 | lrm: 0.27 | dt: 1426.00ms | tok/sec: 367,663 | bf16_mfu: 0.00 | epoch: 1 pq: 25 rg: 13 | total time: 50.79m | eta: 8.9m
step 02147/02520 (85.20%) | loss: 2.887983 | lrm: 0.27 | dt: 1427.39ms | tok/sec: 367,305 | bf16_mfu: 0.00 | epoch: 1 pq: 25 rg: 14 | total time: 50.82m | eta: 8.9m
step 02148/02520 (85.24%) | loss: 2.898729 | lrm: 0.27 | dt: 1425.79ms | tok/sec: 367,716 | bf16_mfu: 0.00 | epoch: 1 pq: 25 rg: 15 | total time: 50.84m | eta: 8.8m
step 02149/02520 (85.28%) | loss: 2.905621 | lrm: 0.27 | dt: 1426.63ms | tok/sec: 367,500 | bf16_mfu: 0.00 | epoch: 1 pq: 25 rg: 16 | total time: 50.87m | eta: 8.8m
step 02150/02520 (85.32%) | loss: 2.909185 | lrm: 0.26 | dt: 1426.33ms | tok/sec: 367,578 | bf16_mfu: 0.00 | epoch: 1 pq: 25 rg: 17 | total time: 50.89m | eta: 8.8m
step 02151/02520 (85.36%) | loss: 2.896462 | lrm: 0.26 | dt: 1425.69ms | tok/sec: 367,742 | bf16_mfu: 0.00 | epoch: 1 pq: 25 rg: 18 | total time: 50.91m | eta: 8.8m
step 02152/02520 (85.40%) | loss: 2.898110 | lrm: 0.26 | dt: 1425.76ms | tok/sec: 367,724 | bf16_mfu: 0.00 | epoch: 1 pq: 25 rg: 19 | total time: 50.94m | eta: 8.8m
step 02153/02520 (85.44%) | loss: 2.891599 | lrm: 0.26 | dt: 1425.80ms | tok/sec: 367,714 | bf16_mfu: 0.00 | epoch: 1 pq: 25 rg: 20 | total time: 50.96m | eta: 8.7m
step 02154/02520 (85.48%) | loss: 2.885657 | lrm: 0.26 | dt: 1426.43ms | tok/sec: 367,552 | bf16_mfu: 0.00 | epoch: 1 pq: 25 rg: 21 | total time: 50.98m | eta: 8.7m
step 02155/02520 (85.52%) | loss: 2.882642 | lrm: 0.26 | dt: 1426.66ms | tok/sec: 367,492 | bf16_mfu: 0.00 | epoch: 1 pq: 25 rg: 22 | total time: 51.01m | eta: 8.7m
step 02156/02520 (85.56%) | loss: 2.881527 | lrm: 0.26 | dt: 1425.68ms | tok/sec: 367,746 | bf16_mfu: 0.00 | epoch: 1 pq: 25 rg: 23 | total time: 51.03m | eta: 8.7m
step 02157/02520 (85.60%) | loss: 2.884993 | lrm: 0.26 | dt: 1427.18ms | tok/sec: 367,359 | bf16_mfu: 0.00 | epoch: 1 pq: 25 rg: 24 | total time: 51.06m | eta: 8.6m
step 02158/02520 (85.63%) | loss: 2.890059 | lrm: 0.26 | dt: 1425.53ms | tok/sec: 367,785 | bf16_mfu: 0.00 | epoch: 1 pq: 25 rg: 25 | total time: 51.08m | eta: 8.6m
step 02159/02520 (85.67%) | loss: 2.891694 | lrm: 0.26 | dt: 1426.66ms | tok/sec: 367,494 | bf16_mfu: 0.00 | epoch: 1 pq: 25 rg: 26 | total time: 51.10m | eta: 8.6m
step 02160/02520 (85.71%) | loss: 2.892355 | lrm: 0.26 | dt: 1425.94ms | tok/sec: 367,678 | bf16_mfu: 0.00 | epoch: 1 pq: 25 rg: 27 | total time: 51.13m | eta: 8.6m
step 02161/02520 (85.75%) | loss: 2.872679 | lrm: 0.26 | dt: 1425.65ms | tok/sec: 367,753 | bf16_mfu: 0.00 | epoch: 1 pq: 25 rg: 28 | total time: 51.15m | eta: 8.5m
step 02162/02520 (85.79%) | loss: 2.875933 | lrm: 0.26 | dt: 1426.04ms | tok/sec: 367,653 | bf16_mfu: 0.00 | epoch: 1 pq: 25 rg: 29 | total time: 51.18m | eta: 8.5m
step 02163/02520 (85.83%) | loss: 2.888345 | lrm: 0.26 | dt: 1426.12ms | tok/sec: 367,633 | bf16_mfu: 0.00 | epoch: 1 pq: 25 rg: 30 | total time: 51.20m | eta: 8.5m
step 02164/02520 (85.87%) | loss: 2.894594 | lrm: 0.26 | dt: 1426.46ms | tok/sec: 367,545 | bf16_mfu: 0.00 | epoch: 1 pq: 25 rg: 31 | total time: 51.22m | eta: 8.5m
step 02165/02520 (85.91%) | loss: 2.897865 | lrm: 0.26 | dt: 1427.01ms | tok/sec: 367,402 | bf16_mfu: 0.00 | epoch: 1 pq: 25 rg: 32 | total time: 51.25m | eta: 8.4m
step 02166/02520 (85.95%) | loss: 2.906295 | lrm: 0.26 | dt: 1426.85ms | tok/sec: 367,445 | bf16_mfu: 0.00 | epoch: 1 pq: 25 rg: 33 | total time: 51.27m | eta: 8.4m
step 02167/02520 (85.99%) | loss: 2.901203 | lrm: 0.25 | dt: 1425.71ms | tok/sec: 367,737 | bf16_mfu: 0.00 | epoch: 1 pq: 25 rg: 33 | total time: 51.29m | eta: 8.4m
step 02168/02520 (86.03%) | loss: 2.903938 | lrm: 0.25 | dt: 1427.00ms | tok/sec: 367,404 | bf16_mfu: 0.00 | epoch: 1 pq: 25 rg: 34 | total time: 51.32m | eta: 8.4m
step 02169/02520 (86.07%) | loss: 2.903333 | lrm: 0.25 | dt: 1425.45ms | tok/sec: 367,804 | bf16_mfu: 0.00 | epoch: 1 pq: 25 rg: 35 | total time: 51.34m | eta: 8.3m
step 02170/02520 (86.11%) | loss: 2.904375 | lrm: 0.25 | dt: 1425.58ms | tok/sec: 367,772 | bf16_mfu: 0.00 | epoch: 1 pq: 25 rg: 36 | total time: 51.37m | eta: 8.3m
step 02171/02520 (86.15%) | loss: 2.909387 | lrm: 0.25 | dt: 1426.47ms | tok/sec: 367,543 | bf16_mfu: 0.00 | epoch: 1 pq: 25 rg: 37 | total time: 51.39m | eta: 8.3m
step 02172/02520 (86.19%) | loss: 2.913462 | lrm: 0.25 | dt: 1426.61ms | tok/sec: 367,506 | bf16_mfu: 0.00 | epoch: 1 pq: 25 rg: 38 | total time: 51.41m | eta: 8.3m
step 02173/02520 (86.23%) | loss: 2.922400 | lrm: 0.25 | dt: 1427.69ms | tok/sec: 367,227 | bf16_mfu: 0.00 | epoch: 1 pq: 25 rg: 39 | total time: 51.44m | eta: 8.3m
step 02174/02520 (86.27%) | loss: 2.925196 | lrm: 0.25 | dt: 1426.27ms | tok/sec: 367,594 | bf16_mfu: 0.00 | epoch: 1 pq: 25 rg: 40 | total time: 51.46m | eta: 8.2m
step 02175/02520 (86.31%) | loss: 2.928764 | lrm: 0.25 | dt: 1426.97ms | tok/sec: 367,414 | bf16_mfu: 0.00 | epoch: 1 pq: 25 rg: 41 | total time: 51.48m | eta: 8.2m
step 02176/02520 (86.35%) | loss: 2.918158 | lrm: 0.25 | dt: 1424.81ms | tok/sec: 367,970 | bf16_mfu: 0.00 | epoch: 1 pq: 25 rg: 42 | total time: 51.51m | eta: 8.2m
step 02177/02520 (86.39%) | loss: 2.904311 | lrm: 0.25 | dt: 1425.03ms | tok/sec: 367,914 | bf16_mfu: 0.00 | epoch: 1 pq: 25 rg: 43 | total time: 51.53m | eta: 8.2m
step 02178/02520 (86.43%) | loss: 2.907029 | lrm: 0.25 | dt: 1426.44ms | tok/sec: 367,548 | bf16_mfu: 0.00 | epoch: 1 pq: 25 rg: 44 | total time: 51.56m | eta: 8.1m
step 02179/02520 (86.47%) | loss: 2.909387 | lrm: 0.25 | dt: 1425.66ms | tok/sec: 367,751 | bf16_mfu: 0.00 | epoch: 1 pq: 25 rg: 45 | total time: 51.58m | eta: 8.1m
step 02180/02520 (86.51%) | loss: 2.912871 | lrm: 0.25 | dt: 1426.19ms | tok/sec: 367,614 | bf16_mfu: 0.00 | epoch: 1 pq: 25 rg: 46 | total time: 51.60m | eta: 8.1m
step 02181/02520 (86.55%) | loss: 2.914752 | lrm: 0.25 | dt: 1425.68ms | tok/sec: 367,745 | bf16_mfu: 0.00 | epoch: 1 pq: 25 rg: 47 | total time: 51.63m | eta: 8.1m
step 02182/02520 (86.59%) | loss: 2.910900 | lrm: 0.25 | dt: 1427.41ms | tok/sec: 367,300 | bf16_mfu: 0.00 | epoch: 1 pq: 25 rg: 48 | total time: 51.65m | eta: 8.0m
step 02183/02520 (86.63%) | loss: 2.918270 | lrm: 0.25 | dt: 1425.33ms | tok/sec: 367,836 | bf16_mfu: 0.00 | epoch: 1 pq: 25 rg: 49 | total time: 51.67m | eta: 8.0m
step 02184/02520 (86.67%) | loss: 2.915060 | lrm: 0.24 | dt: 1426.85ms | tok/sec: 367,445 | bf16_mfu: 0.00 | epoch: 1 pq: 25 rg: 50 | total time: 51.70m | eta: 8.0m
step 02185/02520 (86.71%) | loss: 2.918344 | lrm: 0.24 | dt: 1426.81ms | tok/sec: 367,454 | bf16_mfu: 0.00 | epoch: 1 pq: 25 rg: 51 | total time: 51.72m | eta: 8.0m
step 02186/02520 (86.75%) | loss: 2.906574 | lrm: 0.24 | dt: 1426.37ms | tok/sec: 367,567 | bf16_mfu: 0.00 | epoch: 1 pq: 25 rg: 52 | total time: 51.75m | eta: 7.9m
step 02187/02520 (86.79%) | loss: 2.897089 | lrm: 0.24 | dt: 1427.93ms | tok/sec: 367,165 | bf16_mfu: 0.00 | epoch: 1 pq: 25 rg: 53 | total time: 51.77m | eta: 7.9m
step 02188/02520 (86.83%) | loss: 2.891546 | lrm: 0.24 | dt: 1426.42ms | tok/sec: 367,553 | bf16_mfu: 0.00 | epoch: 1 pq: 25 rg: 54 | total time: 51.79m | eta: 7.9m
step 02189/02520 (86.87%) | loss: 2.887955 | lrm: 0.24 | dt: 1426.32ms | tok/sec: 367,581 | bf16_mfu: 0.00 | epoch: 1 pq: 25 rg: 55 | total time: 51.82m | eta: 7.9m
step 02190/02520 (86.90%) | loss: 2.898126 | lrm: 0.24 | dt: 1425.93ms | tok/sec: 367,682 | bf16_mfu: 0.00 | epoch: 1 pq: 25 rg: 56 | total time: 51.84m | eta: 7.8m
step 02191/02520 (86.94%) | loss: 2.902521 | lrm: 0.24 | dt: 1426.34ms | tok/sec: 367,574 | bf16_mfu: 0.00 | epoch: 1 pq: 25 rg: 57 | total time: 51.86m | eta: 7.8m
step 02192/02520 (86.98%) | loss: 2.905349 | lrm: 0.24 | dt: 1426.73ms | tok/sec: 367,475 | bf16_mfu: 0.00 | epoch: 1 pq: 25 rg: 58 | total time: 51.89m | eta: 7.8m
step 02193/02520 (87.02%) | loss: 2.911925 | lrm: 0.24 | dt: 1426.23ms | tok/sec: 367,605 | bf16_mfu: 0.00 | epoch: 1 pq: 25 rg: 59 | total time: 51.91m | eta: 7.8m
step 02194/02520 (87.06%) | loss: 2.913439 | lrm: 0.24 | dt: 1426.47ms | tok/sec: 367,541 | bf16_mfu: 0.00 | epoch: 1 pq: 25 rg: 60 | total time: 51.94m | eta: 7.8m
step 02195/02520 (87.10%) | loss: 2.916878 | lrm: 0.24 | dt: 1425.68ms | tok/sec: 367,745 | bf16_mfu: 0.00 | epoch: 1 pq: 25 rg: 61 | total time: 51.96m | eta: 7.7m
step 02196/02520 (87.14%) | loss: 2.911793 | lrm: 0.24 | dt: 1427.05ms | tok/sec: 367,393 | bf16_mfu: 0.00 | epoch: 1 pq: 25 rg: 62 | total time: 51.98m | eta: 7.7m
step 02197/02520 (87.18%) | loss: 2.910054 | lrm: 0.24 | dt: 1425.41ms | tok/sec: 367,814 | bf16_mfu: 0.00 | epoch: 1 pq: 25 rg: 63 | total time: 52.01m | eta: 7.7m
step 02198/02520 (87.22%) | loss: 2.915471 | lrm: 0.24 | dt: 1425.63ms | tok/sec: 367,759 | bf16_mfu: 0.00 | epoch: 1 pq: 25 rg: 64 | total time: 52.03m | eta: 7.7m
step 02199/02520 (87.26%) | loss: 2.916960 | lrm: 0.24 | dt: 1426.88ms | tok/sec: 367,437 | bf16_mfu: 0.00 | epoch: 1 pq: 25 rg: 65 | total time: 52.05m | eta: 7.6m
step 02200/02520 (87.30%) | loss: 2.926789 | lrm: 0.24 | dt: 1426.88ms | tok/sec: 367,436 | bf16_mfu: 0.00 | epoch: 1 pq: 25 rg: 66 | total time: 52.08m | eta: 7.6m
step 02201/02520 (87.34%) | loss: 2.931053 | lrm: 0.24 | dt: 1426.58ms | tok/sec: 367,514 | bf16_mfu: 0.00 | epoch: 1 pq: 25 rg: 66 | total time: 52.10m | eta: 7.6m
step 02202/02520 (87.38%) | loss: 2.933894 | lrm: 0.23 | dt: 1425.54ms | tok/sec: 367,782 | bf16_mfu: 0.00 | epoch: 1 pq: 25 rg: 67 | total time: 52.13m | eta: 7.6m
step 02203/02520 (87.42%) | loss: 2.937883 | lrm: 0.23 | dt: 1427.01ms | tok/sec: 367,403 | bf16_mfu: 0.00 | epoch: 1 pq: 25 rg: 68 | total time: 52.15m | eta: 7.5m
step 02204/02520 (87.46%) | loss: 2.937247 | lrm: 0.23 | dt: 1424.83ms | tok/sec: 367,965 | bf16_mfu: 0.00 | epoch: 1 pq: 25 rg: 69 | total time: 52.17m | eta: 7.5m
step 02205/02520 (87.50%) | loss: 2.943987 | lrm: 0.23 | dt: 1426.03ms | tok/sec: 367,656 | bf16_mfu: 0.00 | epoch: 1 pq: 25 rg: 70 | total time: 52.20m | eta: 7.5m
step 02206/02520 (87.54%) | loss: 2.934777 | lrm: 0.23 | dt: 1426.91ms | tok/sec: 367,427 | bf16_mfu: 0.00 | epoch: 1 pq: 25 rg: 71 | total time: 52.22m | eta: 7.5m
step 02207/02520 (87.58%) | loss: 2.932144 | lrm: 0.23 | dt: 1425.84ms | tok/sec: 367,703 | bf16_mfu: 0.00 | epoch: 1 pq: 25 rg: 72 | total time: 52.24m | eta: 7.4m
step 02208/02520 (87.62%) | loss: 2.929973 | lrm: 0.23 | dt: 1426.02ms | tok/sec: 367,658 | bf16_mfu: 0.00 | epoch: 1 pq: 25 rg: 73 | total time: 52.27m | eta: 7.4m
step 02209/02520 (87.66%) | loss: 2.934771 | lrm: 0.23 | dt: 1425.23ms | tok/sec: 367,861 | bf16_mfu: 0.00 | epoch: 1 pq: 25 rg: 74 | total time: 52.29m | eta: 7.4m
step 02210/02520 (87.70%) | loss: 2.936463 | lrm: 0.23 | dt: 1425.45ms | tok/sec: 367,804 | bf16_mfu: 0.00 | epoch: 1 pq: 25 rg: 75 | total time: 52.32m | eta: 7.4m
step 02211/02520 (87.74%) | loss: 2.936491 | lrm: 0.23 | dt: 1425.52ms | tok/sec: 367,786 | bf16_mfu: 0.00 | epoch: 1 pq: 25 rg: 76 | total time: 52.34m | eta: 7.3m
step 02212/02520 (87.78%) | loss: 2.941183 | lrm: 0.23 | dt: 1424.87ms | tok/sec: 367,955 | bf16_mfu: 0.00 | epoch: 1 pq: 25 rg: 77 | total time: 52.36m | eta: 7.3m
step 02213/02520 (87.82%) | loss: 2.937761 | lrm: 0.23 | dt: 1425.84ms | tok/sec: 367,704 | bf16_mfu: 0.00 | epoch: 1 pq: 25 rg: 78 | total time: 52.39m | eta: 7.3m
step 02214/02520 (87.86%) | loss: 2.933225 | lrm: 0.23 | dt: 1425.23ms | tok/sec: 367,862 | bf16_mfu: 0.00 | epoch: 1 pq: 25 rg: 79 | total time: 52.41m | eta: 7.3m
step 02215/02520 (87.90%) | loss: 2.934392 | lrm: 0.23 | dt: 1425.06ms | tok/sec: 367,907 | bf16_mfu: 0.00 | epoch: 1 pq: 25 rg: 80 | total time: 52.43m | eta: 7.3m
step 02216/02520 (87.94%) | loss: 2.927344 | lrm: 0.23 | dt: 1424.45ms | tok/sec: 368,063 | bf16_mfu: 0.00 | epoch: 1 pq: 25 rg: 81 | total time: 52.46m | eta: 7.2m
step 02217/02520 (87.98%) | loss: 2.930225 | lrm: 0.23 | dt: 1425.20ms | tok/sec: 367,870 | bf16_mfu: 0.00 | epoch: 1 pq: 25 rg: 82 | total time: 52.48m | eta: 7.2m
step 02218/02520 (88.02%) | loss: 2.920055 | lrm: 0.23 | dt: 1425.87ms | tok/sec: 367,697 | bf16_mfu: 0.00 | epoch: 1 pq: 26 rg: 0 | total time: 52.51m | eta: 7.2m
step 02219/02520 (88.06%) | loss: 2.908216 | lrm: 0.22 | dt: 1424.36ms | tok/sec: 368,087 | bf16_mfu: 0.00 | epoch: 1 pq: 26 rg: 1 | total time: 52.53m | eta: 7.2m
step 02220/02520 (88.10%) | loss: 2.909427 | lrm: 0.22 | dt: 1426.76ms | tok/sec: 367,468 | bf16_mfu: 0.00 | epoch: 1 pq: 26 rg: 2 | total time: 52.55m | eta: 7.1m
step 02221/02520 (88.13%) | loss: 2.911076 | lrm: 0.22 | dt: 1424.37ms | tok/sec: 368,085 | bf16_mfu: 0.00 | epoch: 1 pq: 26 rg: 3 | total time: 52.58m | eta: 7.1m
step 02222/02520 (88.17%) | loss: 2.907931 | lrm: 0.22 | dt: 1425.31ms | tok/sec: 367,840 | bf16_mfu: 0.00 | epoch: 1 pq: 26 rg: 4 | total time: 52.60m | eta: 7.1m
step 02223/02520 (88.21%) | loss: 2.900592 | lrm: 0.22 | dt: 1424.10ms | tok/sec: 368,155 | bf16_mfu: 0.00 | epoch: 1 pq: 26 rg: 5 | total time: 52.62m | eta: 7.1m
step 02224/02520 (88.25%) | loss: 2.898251 | lrm: 0.22 | dt: 1424.88ms | tok/sec: 367,953 | bf16_mfu: 0.00 | epoch: 1 pq: 26 rg: 6 | total time: 52.65m | eta: 7.0m
step 02225/02520 (88.29%) | loss: 2.904914 | lrm: 0.22 | dt: 1426.03ms | tok/sec: 367,655 | bf16_mfu: 0.00 | epoch: 1 pq: 26 rg: 7 | total time: 52.67m | eta: 7.0m
step 02226/02520 (88.33%) | loss: 2.895162 | lrm: 0.22 | dt: 1425.19ms | tok/sec: 367,873 | bf16_mfu: 0.00 | epoch: 1 pq: 26 rg: 8 | total time: 52.70m | eta: 7.0m
step 02227/02520 (88.37%) | loss: 2.883089 | lrm: 0.22 | dt: 1425.95ms | tok/sec: 367,675 | bf16_mfu: 0.00 | epoch: 1 pq: 26 rg: 9 | total time: 52.72m | eta: 7.0m
step 02228/02520 (88.41%) | loss: 2.884821 | lrm: 0.22 | dt: 1425.31ms | tok/sec: 367,840 | bf16_mfu: 0.00 | epoch: 1 pq: 26 rg: 10 | total time: 52.74m | eta: 6.9m
step 02229/02520 (88.45%) | loss: 2.895172 | lrm: 0.22 | dt: 1426.99ms | tok/sec: 367,409 | bf16_mfu: 0.00 | epoch: 1 pq: 26 rg: 11 | total time: 52.77m | eta: 6.9m
step 02230/02520 (88.49%) | loss: 2.888398 | lrm: 0.22 | dt: 1425.15ms | tok/sec: 367,882 | bf16_mfu: 0.00 | epoch: 1 pq: 26 rg: 12 | total time: 52.79m | eta: 6.9m
step 02231/02520 (88.53%) | loss: 2.887451 | lrm: 0.22 | dt: 1426.01ms | tok/sec: 367,661 | bf16_mfu: 0.00 | epoch: 1 pq: 26 rg: 13 | total time: 52.82m | eta: 6.9m
step 02232/02520 (88.57%) | loss: 2.879433 | lrm: 0.22 | dt: 1425.69ms | tok/sec: 367,742 | bf16_mfu: 0.00 | epoch: 1 pq: 26 rg: 14 | total time: 52.84m | eta: 6.8m
step 02233/02520 (88.61%) | loss: 2.870198 | lrm: 0.22 | dt: 1425.34ms | tok/sec: 367,833 | bf16_mfu: 0.00 | epoch: 1 pq: 26 rg: 14 | total time: 52.86m | eta: 6.8m
step 02234/02520 (88.65%) | loss: 2.872152 | lrm: 0.22 | dt: 1425.81ms | tok/sec: 367,712 | bf16_mfu: 0.00 | epoch: 1 pq: 26 rg: 15 | total time: 52.89m | eta: 6.8m
step 02235/02520 (88.69%) | loss: 2.870495 | lrm: 0.22 | dt: 1425.06ms | tok/sec: 367,905 | bf16_mfu: 0.00 | epoch: 1 pq: 26 rg: 16 | total time: 52.91m | eta: 6.8m
step 02236/02520 (88.73%) | loss: 2.866446 | lrm: 0.21 | dt: 1425.66ms | tok/sec: 367,751 | bf16_mfu: 0.00 | epoch: 1 pq: 26 rg: 17 | total time: 52.93m | eta: 6.8m
step 02237/02520 (88.77%) | loss: 2.863399 | lrm: 0.21 | dt: 1424.69ms | tok/sec: 368,002 | bf16_mfu: 0.00 | epoch: 1 pq: 26 rg: 18 | total time: 52.96m | eta: 6.7m
step 02238/02520 (88.81%) | loss: 2.874273 | lrm: 0.21 | dt: 1425.22ms | tok/sec: 367,865 | bf16_mfu: 0.00 | epoch: 1 pq: 26 rg: 19 | total time: 52.98m | eta: 6.7m
step 02239/02520 (88.85%) | loss: 2.876887 | lrm: 0.21 | dt: 1425.79ms | tok/sec: 367,718 | bf16_mfu: 0.00 | epoch: 1 pq: 26 rg: 20 | total time: 53.01m | eta: 6.7m
step 02240/02520 (88.89%) | loss: 2.881153 | lrm: 0.21 | dt: 1425.34ms | tok/sec: 367,834 | bf16_mfu: 0.00 | epoch: 1 pq: 26 rg: 21 | total time: 53.03m | eta: 6.7m
step 02241/02520 (88.93%) | loss: 2.882672 | lrm: 0.21 | dt: 1425.66ms | tok/sec: 367,750 | bf16_mfu: 0.00 | epoch: 1 pq: 26 rg: 22 | total time: 53.05m | eta: 6.6m
step 02242/02520 (88.97%) | loss: 2.882507 | lrm: 0.21 | dt: 1424.96ms | tok/sec: 367,931 | bf16_mfu: 0.00 | epoch: 1 pq: 26 rg: 23 | total time: 53.08m | eta: 6.6m
step 02243/02520 (89.01%) | loss: 2.874397 | lrm: 0.21 | dt: 1425.58ms | tok/sec: 367,772 | bf16_mfu: 0.00 | epoch: 1 pq: 26 rg: 24 | total time: 53.10m | eta: 6.6m
step 02244/02520 (89.05%) | loss: 2.874645 | lrm: 0.21 | dt: 1423.60ms | tok/sec: 368,282 | bf16_mfu: 0.00 | epoch: 1 pq: 26 rg: 25 | total time: 53.12m | eta: 6.6m
step 02245/02520 (89.09%) | loss: 2.868161 | lrm: 0.21 | dt: 1424.24ms | tok/sec: 368,116 | bf16_mfu: 0.00 | epoch: 1 pq: 26 rg: 26 | total time: 53.15m | eta: 6.5m
step 02246/02520 (89.13%) | loss: 2.873296 | lrm: 0.21 | dt: 1426.39ms | tok/sec: 367,563 | bf16_mfu: 0.00 | epoch: 1 pq: 26 rg: 27 | total time: 53.17m | eta: 6.5m
step 02247/02520 (89.17%) | loss: 2.883874 | lrm: 0.21 | dt: 1426.31ms | tok/sec: 367,583 | bf16_mfu: 0.00 | epoch: 1 pq: 26 rg: 28 | total time: 53.20m | eta: 6.5m
step 02248/02520 (89.21%) | loss: 2.892733 | lrm: 0.21 | dt: 1426.65ms | tok/sec: 367,495 | bf16_mfu: 0.00 | epoch: 1 pq: 26 rg: 29 | total time: 53.22m | eta: 6.5m
step 02249/02520 (89.25%) | loss: 2.906852 | lrm: 0.21 | dt: 1426.22ms | tok/sec: 367,605 | bf16_mfu: 0.00 | epoch: 1 pq: 26 rg: 30 | total time: 53.24m | eta: 6.4m
Step 02250 | Validation bpb: 0.881476
step 02250/02520 (89.29%) | loss: 2.897223 | lrm: 0.21 | dt: 1409.43ms | tok/sec: 371,986 | bf16_mfu: 0.00 | epoch: 1 pq: 26 rg: 31 | total time: 53.27m | eta: 6.4m
step 02251/02520 (89.33%) | loss: 2.892024 | lrm: 0.21 | dt: 1413.63ms | tok/sec: 370,880 | bf16_mfu: 0.00 | epoch: 1 pq: 26 rg: 32 | total time: 53.29m | eta: 6.4m
step 02252/02520 (89.37%) | loss: 2.883604 | lrm: 0.21 | dt: 1415.07ms | tok/sec: 370,504 | bf16_mfu: 0.00 | epoch: 1 pq: 26 rg: 33 | total time: 53.31m | eta: 6.4m
step 02253/02520 (89.40%) | loss: 2.879507 | lrm: 0.20 | dt: 1416.77ms | tok/sec: 370,057 | bf16_mfu: 0.00 | epoch: 1 pq: 26 rg: 34 | total time: 53.34m | eta: 6.3m
step 02254/02520 (89.44%) | loss: 2.872874 | lrm: 0.20 | dt: 1416.02ms | tok/sec: 370,255 | bf16_mfu: 0.00 | epoch: 1 pq: 26 rg: 35 | total time: 53.36m | eta: 6.3m
step 02255/02520 (89.48%) | loss: 2.871770 | lrm: 0.20 | dt: 1417.16ms | tok/sec: 369,956 | bf16_mfu: 0.00 | epoch: 1 pq: 26 rg: 36 | total time: 53.38m | eta: 6.3m
step 02256/02520 (89.52%) | loss: 2.869781 | lrm: 0.20 | dt: 1416.70ms | tok/sec: 370,076 | bf16_mfu: 0.00 | epoch: 1 pq: 26 rg: 37 | total time: 53.41m | eta: 6.3m
step 02257/02520 (89.56%) | loss: 2.874190 | lrm: 0.20 | dt: 1417.18ms | tok/sec: 369,950 | bf16_mfu: 0.00 | epoch: 1 pq: 26 rg: 38 | total time: 53.43m | eta: 6.3m
step 02258/02520 (89.60%) | loss: 2.881827 | lrm: 0.20 | dt: 1418.29ms | tok/sec: 369,662 | bf16_mfu: 0.00 | epoch: 1 pq: 26 rg: 39 | total time: 53.45m | eta: 6.2m
step 02259/02520 (89.64%) | loss: 2.872997 | lrm: 0.20 | dt: 1417.92ms | tok/sec: 369,757 | bf16_mfu: 0.00 | epoch: 1 pq: 26 rg: 40 | total time: 53.48m | eta: 6.2m
step 02260/02520 (89.68%) | loss: 2.873128 | lrm: 0.20 | dt: 1419.38ms | tok/sec: 369,378 | bf16_mfu: 0.00 | epoch: 1 pq: 26 rg: 41 | total time: 53.50m | eta: 6.2m
step 02261/02520 (89.72%) | loss: 2.869575 | lrm: 0.20 | dt: 1417.70ms | tok/sec: 369,815 | bf16_mfu: 0.00 | epoch: 1 pq: 26 rg: 42 | total time: 53.53m | eta: 6.2m
step 02262/02520 (89.76%) | loss: 2.873526 | lrm: 0.20 | dt: 1419.25ms | tok/sec: 369,411 | bf16_mfu: 0.00 | epoch: 1 pq: 26 rg: 43 | total time: 53.55m | eta: 6.1m
step 02263/02520 (89.80%) | loss: 2.876203 | lrm: 0.20 | dt: 1417.99ms | tok/sec: 369,741 | bf16_mfu: 0.00 | epoch: 1 pq: 26 rg: 44 | total time: 53.57m | eta: 6.1m
step 02264/02520 (89.84%) | loss: 2.883971 | lrm: 0.20 | dt: 1418.36ms | tok/sec: 369,642 | bf16_mfu: 0.00 | epoch: 1 pq: 26 rg: 45 | total time: 53.60m | eta: 6.1m
step 02265/02520 (89.88%) | loss: 2.893044 | lrm: 0.20 | dt: 1419.38ms | tok/sec: 369,378 | bf16_mfu: 0.00 | epoch: 1 pq: 26 rg: 46 | total time: 53.62m | eta: 6.1m
step 02266/02520 (89.92%) | loss: 2.905058 | lrm: 0.20 | dt: 1418.42ms | tok/sec: 369,628 | bf16_mfu: 0.00 | epoch: 1 pq: 26 rg: 47 | total time: 53.64m | eta: 6.0m
step 02267/02520 (89.96%) | loss: 2.892804 | lrm: 0.20 | dt: 1419.91ms | tok/sec: 369,240 | bf16_mfu: 0.00 | epoch: 1 pq: 26 rg: 48 | total time: 53.67m | eta: 6.0m
step 02268/02520 (90.00%) | loss: 2.896959 | lrm: 0.20 | dt: 1419.86ms | tok/sec: 369,252 | bf16_mfu: 0.00 | epoch: 1 pq: 26 rg: 49 | total time: 53.69m | eta: 6.0m
step 02269/02520 (90.04%) | loss: 2.897945 | lrm: 0.20 | dt: 1419.61ms | tok/sec: 369,317 | bf16_mfu: 0.00 | epoch: 1 pq: 26 rg: 49 | total time: 53.72m | eta: 6.0m
step 02270/02520 (90.08%) | loss: 2.898771 | lrm: 0.19 | dt: 1420.47ms | tok/sec: 369,093 | bf16_mfu: 0.00 | epoch: 1 pq: 26 rg: 50 | total time: 53.74m | eta: 5.9m
step 02271/02520 (90.12%) | loss: 2.903534 | lrm: 0.19 | dt: 1418.73ms | tok/sec: 369,547 | bf16_mfu: 0.00 | epoch: 1 pq: 26 rg: 51 | total time: 53.76m | eta: 5.9m
step 02272/02520 (90.16%) | loss: 2.908828 | lrm: 0.19 | dt: 1420.63ms | tok/sec: 369,052 | bf16_mfu: 0.00 | epoch: 1 pq: 26 rg: 52 | total time: 53.79m | eta: 5.9m
step 02273/02520 (90.20%) | loss: 2.911278 | lrm: 0.19 | dt: 1419.21ms | tok/sec: 369,423 | bf16_mfu: 0.00 | epoch: 1 pq: 26 rg: 53 | total time: 53.81m | eta: 5.9m
step 02274/02520 (90.24%) | loss: 2.907517 | lrm: 0.19 | dt: 1420.89ms | tok/sec: 368,985 | bf16_mfu: 0.00 | epoch: 1 pq: 26 rg: 54 | total time: 53.83m | eta: 5.8m
step 02275/02520 (90.28%) | loss: 2.913674 | lrm: 0.19 | dt: 1420.39ms | tok/sec: 369,116 | bf16_mfu: 0.00 | epoch: 1 pq: 26 rg: 55 | total time: 53.86m | eta: 5.8m
step 02276/02520 (90.32%) | loss: 2.904100 | lrm: 0.19 | dt: 1419.75ms | tok/sec: 369,282 | bf16_mfu: 0.00 | epoch: 1 pq: 26 rg: 56 | total time: 53.88m | eta: 5.8m
step 02277/02520 (90.36%) | loss: 2.909364 | lrm: 0.19 | dt: 1421.46ms | tok/sec: 368,838 | bf16_mfu: 0.00 | epoch: 1 pq: 26 rg: 57 | total time: 53.90m | eta: 5.8m
step 02278/02520 (90.40%) | loss: 2.909630 | lrm: 0.19 | dt: 1420.49ms | tok/sec: 369,090 | bf16_mfu: 0.00 | epoch: 1 pq: 26 rg: 58 | total time: 53.93m | eta: 5.8m
step 02279/02520 (90.44%) | loss: 2.884167 | lrm: 0.19 | dt: 1420.64ms | tok/sec: 369,049 | bf16_mfu: 0.00 | epoch: 1 pq: 26 rg: 59 | total time: 53.95m | eta: 5.7m
step 02280/02520 (90.48%) | loss: 2.874309 | lrm: 0.19 | dt: 1420.09ms | tok/sec: 369,194 | bf16_mfu: 0.00 | epoch: 1 pq: 26 rg: 60 | total time: 53.98m | eta: 5.7m
step 02281/02520 (90.52%) | loss: 2.876338 | lrm: 0.19 | dt: 1420.74ms | tok/sec: 369,024 | bf16_mfu: 0.00 | epoch: 1 pq: 26 rg: 61 | total time: 54.00m | eta: 5.7m
step 02282/02520 (90.56%) | loss: 2.880511 | lrm: 0.19 | dt: 1420.70ms | tok/sec: 369,035 | bf16_mfu: 0.00 | epoch: 1 pq: 26 rg: 62 | total time: 54.02m | eta: 5.7m
step 02283/02520 (90.60%) | loss: 2.876765 | lrm: 0.19 | dt: 1421.00ms | tok/sec: 368,956 | bf16_mfu: 0.00 | epoch: 1 pq: 26 rg: 63 | total time: 54.05m | eta: 5.6m
step 02284/02520 (90.63%) | loss: 2.868610 | lrm: 0.19 | dt: 1421.16ms | tok/sec: 368,916 | bf16_mfu: 0.00 | epoch: 1 pq: 26 rg: 64 | total time: 54.07m | eta: 5.6m
step 02285/02520 (90.67%) | loss: 2.864650 | lrm: 0.19 | dt: 1420.53ms | tok/sec: 369,078 | bf16_mfu: 0.00 | epoch: 1 pq: 26 rg: 65 | total time: 54.09m | eta: 5.6m
step 02286/02520 (90.71%) | loss: 2.882064 | lrm: 0.19 | dt: 1421.23ms | tok/sec: 368,898 | bf16_mfu: 0.00 | epoch: 1 pq: 26 rg: 66 | total time: 54.12m | eta: 5.6m
step 02287/02520 (90.75%) | loss: 2.891613 | lrm: 0.19 | dt: 1420.42ms | tok/sec: 369,108 | bf16_mfu: 0.00 | epoch: 1 pq: 26 rg: 67 | total time: 54.14m | eta: 5.5m
step 02288/02520 (90.79%) | loss: 2.890395 | lrm: 0.18 | dt: 1421.76ms | tok/sec: 368,759 | bf16_mfu: 0.00 | epoch: 1 pq: 26 rg: 68 | total time: 54.16m | eta: 5.5m
step 02289/02520 (90.83%) | loss: 2.896762 | lrm: 0.18 | dt: 1421.59ms | tok/sec: 368,804 | bf16_mfu: 0.00 | epoch: 1 pq: 26 rg: 69 | total time: 54.19m | eta: 5.5m
step 02290/02520 (90.87%) | loss: 2.893393 | lrm: 0.18 | dt: 1421.39ms | tok/sec: 368,854 | bf16_mfu: 0.00 | epoch: 1 pq: 26 rg: 70 | total time: 54.21m | eta: 5.5m
step 02291/02520 (90.91%) | loss: 2.899631 | lrm: 0.18 | dt: 1422.34ms | tok/sec: 368,609 | bf16_mfu: 0.00 | epoch: 1 pq: 26 rg: 71 | total time: 54.24m | eta: 5.4m
step 02292/02520 (90.95%) | loss: 2.902338 | lrm: 0.18 | dt: 1421.19ms | tok/sec: 368,906 | bf16_mfu: 0.00 | epoch: 1 pq: 26 rg: 72 | total time: 54.26m | eta: 5.4m
step 02293/02520 (90.99%) | loss: 2.912708 | lrm: 0.18 | dt: 1421.35ms | tok/sec: 368,866 | bf16_mfu: 0.00 | epoch: 1 pq: 26 rg: 73 | total time: 54.28m | eta: 5.4m
step 02294/02520 (91.03%) | loss: 2.904766 | lrm: 0.18 | dt: 1420.96ms | tok/sec: 368,967 | bf16_mfu: 0.00 | epoch: 1 pq: 26 rg: 74 | total time: 54.31m | eta: 5.4m
step 02295/02520 (91.07%) | loss: 2.896821 | lrm: 0.18 | dt: 1420.75ms | tok/sec: 369,021 | bf16_mfu: 0.00 | epoch: 1 pq: 26 rg: 75 | total time: 54.33m | eta: 5.3m
step 02296/02520 (91.11%) | loss: 2.903958 | lrm: 0.18 | dt: 1421.74ms | tok/sec: 368,764 | bf16_mfu: 0.00 | epoch: 1 pq: 26 rg: 76 | total time: 54.35m | eta: 5.3m
step 02297/02520 (91.15%) | loss: 2.919331 | lrm: 0.18 | dt: 1422.20ms | tok/sec: 368,645 | bf16_mfu: 0.00 | epoch: 1 pq: 26 rg: 77 | total time: 54.38m | eta: 5.3m
step 02298/02520 (91.19%) | loss: 2.912380 | lrm: 0.18 | dt: 1421.97ms | tok/sec: 368,704 | bf16_mfu: 0.00 | epoch: 1 pq: 26 rg: 78 | total time: 54.40m | eta: 5.3m
step 02299/02520 (91.23%) | loss: 2.901180 | lrm: 0.18 | dt: 1421.66ms | tok/sec: 368,785 | bf16_mfu: 0.00 | epoch: 1 pq: 26 rg: 79 | total time: 54.43m | eta: 5.3m
step 02300/02520 (91.27%) | loss: 2.903827 | lrm: 0.18 | dt: 1423.96ms | tok/sec: 368,189 | bf16_mfu: 0.00 | epoch: 1 pq: 26 rg: 80 | total time: 54.45m | eta: 5.2m
step 02301/02520 (91.31%) | loss: 2.906022 | lrm: 0.18 | dt: 1421.91ms | tok/sec: 368,719 | bf16_mfu: 0.00 | epoch: 1 pq: 26 rg: 80 | total time: 54.47m | eta: 5.2m
step 02302/02520 (91.35%) | loss: 2.900080 | lrm: 0.18 | dt: 1422.63ms | tok/sec: 368,533 | bf16_mfu: 0.00 | epoch: 1 pq: 26 rg: 81 | total time: 54.50m | eta: 5.2m
step 02303/02520 (91.39%) | loss: 2.895842 | lrm: 0.18 | dt: 1423.41ms | tok/sec: 368,332 | bf16_mfu: 0.00 | epoch: 1 pq: 26 rg: 82 | total time: 54.52m | eta: 5.2m
step 02304/02520 (91.43%) | loss: 2.897423 | lrm: 0.18 | dt: 1421.53ms | tok/sec: 368,819 | bf16_mfu: 0.00 | epoch: 1 pq: 27 rg: 0 | total time: 54.54m | eta: 5.1m
step 02305/02520 (91.47%) | loss: 2.890683 | lrm: 0.17 | dt: 1422.84ms | tok/sec: 368,478 | bf16_mfu: 0.00 | epoch: 1 pq: 27 rg: 1 | total time: 54.57m | eta: 5.1m
step 02306/02520 (91.51%) | loss: 2.892253 | lrm: 0.17 | dt: 1421.31ms | tok/sec: 368,876 | bf16_mfu: 0.00 | epoch: 1 pq: 27 rg: 2 | total time: 54.59m | eta: 5.1m
step 02307/02520 (91.55%) | loss: 2.895762 | lrm: 0.17 | dt: 1421.47ms | tok/sec: 368,833 | bf16_mfu: 0.00 | epoch: 1 pq: 27 rg: 3 | total time: 54.62m | eta: 5.1m
step 02308/02520 (91.59%) | loss: 2.893175 | lrm: 0.17 | dt: 1422.70ms | tok/sec: 368,516 | bf16_mfu: 0.00 | epoch: 1 pq: 27 rg: 4 | total time: 54.64m | eta: 5.0m
step 02309/02520 (91.63%) | loss: 2.896951 | lrm: 0.17 | dt: 1422.29ms | tok/sec: 368,623 | bf16_mfu: 0.00 | epoch: 1 pq: 27 rg: 5 | total time: 54.66m | eta: 5.0m
step 02310/02520 (91.67%) | loss: 2.903153 | lrm: 0.17 | dt: 1423.00ms | tok/sec: 368,437 | bf16_mfu: 0.00 | epoch: 1 pq: 27 rg: 6 | total time: 54.69m | eta: 5.0m
step 02311/02520 (91.71%) | loss: 2.904787 | lrm: 0.17 | dt: 1422.68ms | tok/sec: 368,521 | bf16_mfu: 0.00 | epoch: 1 pq: 27 rg: 7 | total time: 54.71m | eta: 5.0m
step 02312/02520 (91.75%) | loss: 2.889653 | lrm: 0.17 | dt: 1423.54ms | tok/sec: 368,299 | bf16_mfu: 0.00 | epoch: 1 pq: 27 rg: 8 | total time: 54.73m | eta: 4.9m
step 02313/02520 (91.79%) | loss: 2.885438 | lrm: 0.17 | dt: 1422.25ms | tok/sec: 368,633 | bf16_mfu: 0.00 | epoch: 1 pq: 27 rg: 9 | total time: 54.76m | eta: 4.9m
step 02314/02520 (91.83%) | loss: 2.892959 | lrm: 0.17 | dt: 1423.04ms | tok/sec: 368,428 | bf16_mfu: 0.00 | epoch: 1 pq: 27 rg: 10 | total time: 54.78m | eta: 4.9m
step 02315/02520 (91.87%) | loss: 2.887420 | lrm: 0.17 | dt: 1422.64ms | tok/sec: 368,530 | bf16_mfu: 0.00 | epoch: 1 pq: 27 rg: 11 | total time: 54.80m | eta: 4.9m
step 02316/02520 (91.90%) | loss: 2.891836 | lrm: 0.17 | dt: 1422.84ms | tok/sec: 368,480 | bf16_mfu: 0.00 | epoch: 1 pq: 27 rg: 12 | total time: 54.83m | eta: 4.9m
step 02317/02520 (91.94%) | loss: 2.877137 | lrm: 0.17 | dt: 1423.06ms | tok/sec: 368,424 | bf16_mfu: 0.00 | epoch: 1 pq: 27 rg: 13 | total time: 54.85m | eta: 4.8m
step 02318/02520 (91.98%) | loss: 2.873263 | lrm: 0.17 | dt: 1422.05ms | tok/sec: 368,683 | bf16_mfu: 0.00 | epoch: 1 pq: 27 rg: 14 | total time: 54.88m | eta: 4.8m
step 02319/02520 (92.02%) | loss: 2.871961 | lrm: 0.17 | dt: 1421.88ms | tok/sec: 368,729 | bf16_mfu: 0.00 | epoch: 1 pq: 27 rg: 15 | total time: 54.90m | eta: 4.8m
step 02320/02520 (92.06%) | loss: 2.873970 | lrm: 0.17 | dt: 1421.56ms | tok/sec: 368,810 | bf16_mfu: 0.00 | epoch: 1 pq: 27 rg: 16 | total time: 54.92m | eta: 4.8m
step 02321/02520 (92.10%) | loss: 2.872219 | lrm: 0.17 | dt: 1422.49ms | tok/sec: 368,571 | bf16_mfu: 0.00 | epoch: 1 pq: 27 rg: 17 | total time: 54.95m | eta: 4.7m
step 02322/02520 (92.14%) | loss: 2.878727 | lrm: 0.16 | dt: 1423.37ms | tok/sec: 368,342 | bf16_mfu: 0.00 | epoch: 1 pq: 27 rg: 18 | total time: 54.97m | eta: 4.7m
step 02323/02520 (92.18%) | loss: 2.879603 | lrm: 0.16 | dt: 1423.00ms | tok/sec: 368,437 | bf16_mfu: 0.00 | epoch: 1 pq: 27 rg: 19 | total time: 54.99m | eta: 4.7m
step 02324/02520 (92.22%) | loss: 2.883742 | lrm: 0.16 | dt: 1424.18ms | tok/sec: 368,133 | bf16_mfu: 0.00 | epoch: 1 pq: 27 rg: 20 | total time: 55.02m | eta: 4.7m
step 02325/02520 (92.26%) | loss: 2.882335 | lrm: 0.16 | dt: 1423.50ms | tok/sec: 368,308 | bf16_mfu: 0.00 | epoch: 1 pq: 27 rg: 21 | total time: 55.04m | eta: 4.6m
step 02326/02520 (92.30%) | loss: 2.872674 | lrm: 0.16 | dt: 1424.47ms | tok/sec: 368,057 | bf16_mfu: 0.00 | epoch: 1 pq: 27 rg: 22 | total time: 55.07m | eta: 4.6m
step 02327/02520 (92.34%) | loss: 2.880155 | lrm: 0.16 | dt: 1422.63ms | tok/sec: 368,535 | bf16_mfu: 0.00 | epoch: 1 pq: 27 rg: 23 | total time: 55.09m | eta: 4.6m
step 02328/02520 (92.38%) | loss: 2.889271 | lrm: 0.16 | dt: 1423.57ms | tok/sec: 368,292 | bf16_mfu: 0.00 | epoch: 1 pq: 27 rg: 24 | total time: 55.11m | eta: 4.6m
step 02329/02520 (92.42%) | loss: 2.885924 | lrm: 0.16 | dt: 1424.43ms | tok/sec: 368,069 | bf16_mfu: 0.00 | epoch: 1 pq: 27 rg: 25 | total time: 55.14m | eta: 4.5m
step 02330/02520 (92.46%) | loss: 2.880361 | lrm: 0.16 | dt: 1423.30ms | tok/sec: 368,360 | bf16_mfu: 0.00 | epoch: 1 pq: 27 rg: 26 | total time: 55.16m | eta: 4.5m
step 02331/02520 (92.50%) | loss: 2.883538 | lrm: 0.16 | dt: 1424.56ms | tok/sec: 368,035 | bf16_mfu: 0.00 | epoch: 1 pq: 27 rg: 26 | total time: 55.18m | eta: 4.5m
step 02332/02520 (92.54%) | loss: 2.881535 | lrm: 0.16 | dt: 1423.78ms | tok/sec: 368,235 | bf16_mfu: 0.00 | epoch: 1 pq: 27 rg: 27 | total time: 55.21m | eta: 4.5m
step 02333/02520 (92.58%) | loss: 2.870527 | lrm: 0.16 | dt: 1423.88ms | tok/sec: 368,209 | bf16_mfu: 0.00 | epoch: 1 pq: 27 rg: 28 | total time: 55.23m | eta: 4.4m
step 02334/02520 (92.62%) | loss: 2.860193 | lrm: 0.16 | dt: 1425.12ms | tok/sec: 367,890 | bf16_mfu: 0.00 | epoch: 1 pq: 27 rg: 29 | total time: 55.26m | eta: 4.4m
step 02335/02520 (92.66%) | loss: 2.867804 | lrm: 0.16 | dt: 1423.22ms | tok/sec: 368,380 | bf16_mfu: 0.00 | epoch: 1 pq: 27 rg: 30 | total time: 55.28m | eta: 4.4m
step 02336/02520 (92.70%) | loss: 2.868268 | lrm: 0.16 | dt: 1423.70ms | tok/sec: 368,256 | bf16_mfu: 0.00 | epoch: 1 pq: 27 rg: 31 | total time: 55.30m | eta: 4.4m
step 02337/02520 (92.74%) | loss: 2.867191 | lrm: 0.16 | dt: 1422.61ms | tok/sec: 368,539 | bf16_mfu: 0.00 | epoch: 1 pq: 27 rg: 32 | total time: 55.33m | eta: 4.4m
step 02338/02520 (92.78%) | loss: 2.871671 | lrm: 0.16 | dt: 1424.02ms | tok/sec: 368,174 | bf16_mfu: 0.00 | epoch: 1 pq: 27 rg: 33 | total time: 55.35m | eta: 4.3m
step 02339/02520 (92.82%) | loss: 2.866799 | lrm: 0.15 | dt: 1423.27ms | tok/sec: 368,367 | bf16_mfu: 0.00 | epoch: 1 pq: 27 rg: 34 | total time: 55.37m | eta: 4.3m
step 02340/02520 (92.86%) | loss: 2.870223 | lrm: 0.15 | dt: 1424.26ms | tok/sec: 368,111 | bf16_mfu: 0.00 | epoch: 1 pq: 27 rg: 35 | total time: 55.40m | eta: 4.3m
step 02341/02520 (92.90%) | loss: 2.871713 | lrm: 0.15 | dt: 1423.91ms | tok/sec: 368,201 | bf16_mfu: 0.00 | epoch: 1 pq: 27 rg: 36 | total time: 55.42m | eta: 4.3m
step 02342/02520 (92.94%) | loss: 2.881469 | lrm: 0.15 | dt: 1423.00ms | tok/sec: 368,439 | bf16_mfu: 0.00 | epoch: 1 pq: 27 rg: 37 | total time: 55.45m | eta: 4.2m
step 02343/02520 (92.98%) | loss: 2.881744 | lrm: 0.15 | dt: 1424.03ms | tok/sec: 368,171 | bf16_mfu: 0.00 | epoch: 1 pq: 27 rg: 38 | total time: 55.47m | eta: 4.2m
step 02344/02520 (93.02%) | loss: 2.875071 | lrm: 0.15 | dt: 1423.28ms | tok/sec: 368,365 | bf16_mfu: 0.00 | epoch: 1 pq: 27 rg: 39 | total time: 55.49m | eta: 4.2m
step 02345/02520 (93.06%) | loss: 2.879853 | lrm: 0.15 | dt: 1425.31ms | tok/sec: 367,841 | bf16_mfu: 0.00 | epoch: 1 pq: 27 rg: 40 | total time: 55.52m | eta: 4.2m
step 02346/02520 (93.10%) | loss: 2.886276 | lrm: 0.15 | dt: 1423.13ms | tok/sec: 368,404 | bf16_mfu: 0.00 | epoch: 1 pq: 27 rg: 41 | total time: 55.54m | eta: 4.1m
step 02347/02520 (93.13%) | loss: 2.899655 | lrm: 0.15 | dt: 1424.36ms | tok/sec: 368,087 | bf16_mfu: 0.00 | epoch: 1 pq: 27 rg: 42 | total time: 55.56m | eta: 4.1m
step 02348/02520 (93.17%) | loss: 2.886322 | lrm: 0.15 | dt: 1423.98ms | tok/sec: 368,186 | bf16_mfu: 0.00 | epoch: 1 pq: 27 rg: 43 | total time: 55.59m | eta: 4.1m
step 02349/02520 (93.21%) | loss: 2.887541 | lrm: 0.15 | dt: 1423.93ms | tok/sec: 368,197 | bf16_mfu: 0.00 | epoch: 1 pq: 27 rg: 44 | total time: 55.61m | eta: 4.1m
step 02350/02520 (93.25%) | loss: 2.883411 | lrm: 0.15 | dt: 1424.28ms | tok/sec: 368,107 | bf16_mfu: 0.00 | epoch: 1 pq: 27 rg: 45 | total time: 55.64m | eta: 4.0m
step 02351/02520 (93.29%) | loss: 2.884662 | lrm: 0.15 | dt: 1423.83ms | tok/sec: 368,223 | bf16_mfu: 0.00 | epoch: 1 pq: 27 rg: 46 | total time: 55.66m | eta: 4.0m
step 02352/02520 (93.33%) | loss: 2.883189 | lrm: 0.15 | dt: 1427.30ms | tok/sec: 367,327 | bf16_mfu: 0.00 | epoch: 1 pq: 27 rg: 47 | total time: 55.68m | eta: 4.0m
step 02353/02520 (93.37%) | loss: 2.880553 | lrm: 0.15 | dt: 1423.66ms | tok/sec: 368,268 | bf16_mfu: 0.00 | epoch: 1 pq: 27 rg: 48 | total time: 55.71m | eta: 4.0m
step 02354/02520 (93.41%) | loss: 2.879585 | lrm: 0.15 | dt: 1424.14ms | tok/sec: 368,142 | bf16_mfu: 0.00 | epoch: 1 pq: 27 rg: 49 | total time: 55.73m | eta: 3.9m
step 02355/02520 (93.45%) | loss: 2.875322 | lrm: 0.15 | dt: 1425.33ms | tok/sec: 367,835 | bf16_mfu: 0.00 | epoch: 1 pq: 27 rg: 50 | total time: 55.75m | eta: 3.9m
step 02356/02520 (93.49%) | loss: 2.874260 | lrm: 0.15 | dt: 1425.08ms | tok/sec: 367,899 | bf16_mfu: 0.00 | epoch: 1 pq: 27 rg: 51 | total time: 55.78m | eta: 3.9m
step 02357/02520 (93.53%) | loss: 2.888306 | lrm: 0.14 | dt: 1425.84ms | tok/sec: 367,705 | bf16_mfu: 0.00 | epoch: 1 pq: 27 rg: 52 | total time: 55.80m | eta: 3.9m
step 02358/02520 (93.57%) | loss: 2.879813 | lrm: 0.14 | dt: 1425.03ms | tok/sec: 367,913 | bf16_mfu: 0.00 | epoch: 1 pq: 27 rg: 53 | total time: 55.83m | eta: 3.9m
step 02359/02520 (93.61%) | loss: 2.874433 | lrm: 0.14 | dt: 1426.37ms | tok/sec: 367,568 | bf16_mfu: 0.00 | epoch: 1 pq: 27 rg: 54 | total time: 55.85m | eta: 3.8m
step 02360/02520 (93.65%) | loss: 2.874613 | lrm: 0.14 | dt: 1424.19ms | tok/sec: 368,130 | bf16_mfu: 0.00 | epoch: 1 pq: 27 rg: 54 | total time: 55.87m | eta: 3.8m
step 02361/02520 (93.69%) | loss: 2.879652 | lrm: 0.14 | dt: 1424.80ms | tok/sec: 367,972 | bf16_mfu: 0.00 | epoch: 1 pq: 27 rg: 55 | total time: 55.90m | eta: 3.8m
step 02362/02520 (93.73%) | loss: 2.881288 | lrm: 0.14 | dt: 1425.37ms | tok/sec: 367,824 | bf16_mfu: 0.00 | epoch: 1 pq: 27 rg: 56 | total time: 55.92m | eta: 3.8m
step 02363/02520 (93.77%) | loss: 2.884071 | lrm: 0.14 | dt: 1423.66ms | tok/sec: 368,267 | bf16_mfu: 0.00 | epoch: 1 pq: 27 rg: 57 | total time: 55.94m | eta: 3.7m
step 02364/02520 (93.81%) | loss: 2.876678 | lrm: 0.14 | dt: 1424.78ms | tok/sec: 367,979 | bf16_mfu: 0.00 | epoch: 1 pq: 27 rg: 58 | total time: 55.97m | eta: 3.7m
step 02365/02520 (93.85%) | loss: 2.859071 | lrm: 0.14 | dt: 1423.88ms | tok/sec: 368,211 | bf16_mfu: 0.00 | epoch: 1 pq: 27 rg: 59 | total time: 55.99m | eta: 3.7m
step 02366/02520 (93.89%) | loss: 2.868207 | lrm: 0.14 | dt: 1425.18ms | tok/sec: 367,873 | bf16_mfu: 0.00 | epoch: 1 pq: 27 rg: 60 | total time: 56.02m | eta: 3.7m
step 02367/02520 (93.93%) | loss: 2.872099 | lrm: 0.14 | dt: 1424.89ms | tok/sec: 367,949 | bf16_mfu: 0.00 | epoch: 1 pq: 27 rg: 61 | total time: 56.04m | eta: 3.6m
step 02368/02520 (93.97%) | loss: 2.861605 | lrm: 0.14 | dt: 1423.49ms | tok/sec: 368,312 | bf16_mfu: 0.00 | epoch: 1 pq: 27 rg: 62 | total time: 56.06m | eta: 3.6m
step 02369/02520 (94.01%) | loss: 2.871299 | lrm: 0.14 | dt: 1425.25ms | tok/sec: 367,855 | bf16_mfu: 0.00 | epoch: 1 pq: 27 rg: 63 | total time: 56.09m | eta: 3.6m
step 02370/02520 (94.05%) | loss: 2.861696 | lrm: 0.14 | dt: 1424.35ms | tok/sec: 368,088 | bf16_mfu: 0.00 | epoch: 1 pq: 27 rg: 64 | total time: 56.11m | eta: 3.6m
step 02371/02520 (94.09%) | loss: 2.848987 | lrm: 0.14 | dt: 1425.54ms | tok/sec: 367,781 | bf16_mfu: 0.00 | epoch: 1 pq: 27 rg: 65 | total time: 56.13m | eta: 3.5m
step 02372/02520 (94.13%) | loss: 2.833855 | lrm: 0.14 | dt: 1424.09ms | tok/sec: 368,155 | bf16_mfu: 0.00 | epoch: 1 pq: 27 rg: 66 | total time: 56.16m | eta: 3.5m
step 02373/02520 (94.17%) | loss: 2.835916 | lrm: 0.14 | dt: 1424.38ms | tok/sec: 368,081 | bf16_mfu: 0.00 | epoch: 1 pq: 27 rg: 67 | total time: 56.18m | eta: 3.5m
step 02374/02520 (94.21%) | loss: 2.838207 | lrm: 0.13 | dt: 1425.69ms | tok/sec: 367,744 | bf16_mfu: 0.00 | epoch: 1 pq: 27 rg: 68 | total time: 56.21m | eta: 3.5m
step 02375/02520 (94.25%) | loss: 2.849306 | lrm: 0.13 | dt: 1425.58ms | tok/sec: 367,771 | bf16_mfu: 0.00 | epoch: 1 pq: 27 rg: 69 | total time: 56.23m | eta: 3.4m
step 02376/02520 (94.29%) | loss: 2.850613 | lrm: 0.13 | dt: 1425.32ms | tok/sec: 367,838 | bf16_mfu: 0.00 | epoch: 1 pq: 27 rg: 70 | total time: 56.25m | eta: 3.4m
step 02377/02520 (94.33%) | loss: 2.839431 | lrm: 0.13 | dt: 1425.03ms | tok/sec: 367,912 | bf16_mfu: 0.00 | epoch: 1 pq: 27 rg: 71 | total time: 56.28m | eta: 3.4m
step 02378/02520 (94.37%) | loss: 2.845958 | lrm: 0.13 | dt: 1425.02ms | tok/sec: 367,916 | bf16_mfu: 0.00 | epoch: 1 pq: 27 rg: 72 | total time: 56.30m | eta: 3.4m
step 02379/02520 (94.40%) | loss: 2.855151 | lrm: 0.13 | dt: 1424.17ms | tok/sec: 368,135 | bf16_mfu: 0.00 | epoch: 1 pq: 27 rg: 73 | total time: 56.32m | eta: 3.4m
step 02380/02520 (94.44%) | loss: 2.837554 | lrm: 0.13 | dt: 1424.66ms | tok/sec: 368,009 | bf16_mfu: 0.00 | epoch: 1 pq: 27 rg: 74 | total time: 56.35m | eta: 3.3m
step 02381/02520 (94.48%) | loss: 2.825092 | lrm: 0.13 | dt: 1425.05ms | tok/sec: 367,908 | bf16_mfu: 0.00 | epoch: 1 pq: 27 rg: 75 | total time: 56.37m | eta: 3.3m
step 02382/02520 (94.52%) | loss: 2.827818 | lrm: 0.13 | dt: 1424.86ms | tok/sec: 367,957 | bf16_mfu: 0.00 | epoch: 1 pq: 27 rg: 76 | total time: 56.40m | eta: 3.3m
step 02383/02520 (94.56%) | loss: 2.818746 | lrm: 0.13 | dt: 1425.61ms | tok/sec: 367,765 | bf16_mfu: 0.00 | epoch: 1 pq: 27 rg: 77 | total time: 56.42m | eta: 3.3m
step 02384/02520 (94.60%) | loss: 2.821174 | lrm: 0.13 | dt: 1424.93ms | tok/sec: 367,938 | bf16_mfu: 0.00 | epoch: 1 pq: 27 rg: 78 | total time: 56.44m | eta: 3.2m
step 02385/02520 (94.64%) | loss: 2.814605 | lrm: 0.13 | dt: 1425.69ms | tok/sec: 367,743 | bf16_mfu: 0.00 | epoch: 1 pq: 27 rg: 79 | total time: 56.47m | eta: 3.2m
step 02386/02520 (94.68%) | loss: 2.811856 | lrm: 0.13 | dt: 1424.20ms | tok/sec: 368,129 | bf16_mfu: 0.00 | epoch: 1 pq: 27 rg: 80 | total time: 56.49m | eta: 3.2m
step 02387/02520 (94.72%) | loss: 2.821840 | lrm: 0.13 | dt: 1424.12ms | tok/sec: 368,148 | bf16_mfu: 0.00 | epoch: 1 pq: 27 rg: 81 | total time: 56.51m | eta: 3.2m
step 02388/02520 (94.76%) | loss: 2.829755 | lrm: 0.13 | dt: 1425.24ms | tok/sec: 367,859 | bf16_mfu: 0.00 | epoch: 1 pq: 28 rg: 0 | total time: 56.54m | eta: 3.1m
step 02389/02520 (94.80%) | loss: 2.828717 | lrm: 0.13 | dt: 1424.14ms | tok/sec: 368,142 | bf16_mfu: 0.00 | epoch: 1 pq: 28 rg: 1 | total time: 56.56m | eta: 3.1m
step 02390/02520 (94.84%) | loss: 2.840359 | lrm: 0.13 | dt: 1424.60ms | tok/sec: 368,023 | bf16_mfu: 0.00 | epoch: 1 pq: 28 rg: 2 | total time: 56.59m | eta: 3.1m
step 02391/02520 (94.88%) | loss: 2.829769 | lrm: 0.12 | dt: 1423.41ms | tok/sec: 368,331 | bf16_mfu: 0.00 | epoch: 1 pq: 28 rg: 3 | total time: 56.61m | eta: 3.1m
step 02392/02520 (94.92%) | loss: 2.822404 | lrm: 0.12 | dt: 1424.98ms | tok/sec: 367,926 | bf16_mfu: 0.00 | epoch: 1 pq: 28 rg: 4 | total time: 56.63m | eta: 3.0m
step 02393/02520 (94.96%) | loss: 2.830021 | lrm: 0.12 | dt: 1423.76ms | tok/sec: 368,240 | bf16_mfu: 0.00 | epoch: 1 pq: 28 rg: 5 | total time: 56.66m | eta: 3.0m
step 02394/02520 (95.00%) | loss: 2.838041 | lrm: 0.12 | dt: 1424.51ms | tok/sec: 368,047 | bf16_mfu: 0.00 | epoch: 1 pq: 28 rg: 6 | total time: 56.68m | eta: 3.0m
step 02395/02520 (95.04%) | loss: 2.834506 | lrm: 0.12 | dt: 1425.33ms | tok/sec: 367,836 | bf16_mfu: 0.00 | epoch: 1 pq: 28 rg: 7 | total time: 56.70m | eta: 3.0m
step 02396/02520 (95.08%) | loss: 2.822883 | lrm: 0.12 | dt: 1425.22ms | tok/sec: 367,865 | bf16_mfu: 0.00 | epoch: 1 pq: 28 rg: 8 | total time: 56.73m | eta: 2.9m
step 02397/02520 (95.12%) | loss: 2.829068 | lrm: 0.12 | dt: 1425.75ms | tok/sec: 367,727 | bf16_mfu: 0.00 | epoch: 1 pq: 28 rg: 8 | total time: 56.75m | eta: 2.9m
step 02398/02520 (95.16%) | loss: 2.831441 | lrm: 0.12 | dt: 1424.51ms | tok/sec: 368,048 | bf16_mfu: 0.00 | epoch: 1 pq: 28 rg: 9 | total time: 56.78m | eta: 2.9m
step 02399/02520 (95.20%) | loss: 2.824419 | lrm: 0.12 | dt: 1425.27ms | tok/sec: 367,851 | bf16_mfu: 0.00 | epoch: 1 pq: 28 rg: 10 | total time: 56.80m | eta: 2.9m
step 02400/02520 (95.24%) | loss: 2.823046 | lrm: 0.12 | dt: 1424.87ms | tok/sec: 367,956 | bf16_mfu: 0.00 | epoch: 1 pq: 28 rg: 11 | total time: 56.82m | eta: 2.9m
step 02401/02520 (95.28%) | loss: 2.821325 | lrm: 0.12 | dt: 1423.94ms | tok/sec: 368,195 | bf16_mfu: 0.00 | epoch: 1 pq: 28 rg: 12 | total time: 56.85m | eta: 2.8m
step 02402/02520 (95.32%) | loss: 2.815714 | lrm: 0.12 | dt: 1425.37ms | tok/sec: 367,826 | bf16_mfu: 0.00 | epoch: 1 pq: 28 rg: 13 | total time: 56.87m | eta: 2.8m
step 02403/02520 (95.36%) | loss: 2.815455 | lrm: 0.12 | dt: 1424.98ms | tok/sec: 367,926 | bf16_mfu: 0.00 | epoch: 1 pq: 28 rg: 14 | total time: 56.89m | eta: 2.8m
step 02404/02520 (95.40%) | loss: 2.818663 | lrm: 0.12 | dt: 1425.18ms | tok/sec: 367,875 | bf16_mfu: 0.00 | epoch: 1 pq: 28 rg: 15 | total time: 56.92m | eta: 2.8m
step 02405/02520 (95.44%) | loss: 2.816335 | lrm: 0.12 | dt: 1424.51ms | tok/sec: 368,047 | bf16_mfu: 0.00 | epoch: 1 pq: 28 rg: 16 | total time: 56.94m | eta: 2.7m
step 02406/02520 (95.48%) | loss: 2.808209 | lrm: 0.12 | dt: 1425.12ms | tok/sec: 367,890 | bf16_mfu: 0.00 | epoch: 1 pq: 28 rg: 17 | total time: 56.97m | eta: 2.7m
step 02407/02520 (95.52%) | loss: 2.819330 | lrm: 0.12 | dt: 1425.99ms | tok/sec: 367,664 | bf16_mfu: 0.00 | epoch: 1 pq: 28 rg: 18 | total time: 56.99m | eta: 2.7m
step 02408/02520 (95.56%) | loss: 2.809561 | lrm: 0.11 | dt: 1424.41ms | tok/sec: 368,073 | bf16_mfu: 0.00 | epoch: 1 pq: 28 rg: 19 | total time: 57.01m | eta: 2.7m
step 02409/02520 (95.60%) | loss: 2.815769 | lrm: 0.11 | dt: 1425.42ms | tok/sec: 367,812 | bf16_mfu: 0.00 | epoch: 1 pq: 28 rg: 20 | total time: 57.04m | eta: 2.6m
step 02410/02520 (95.63%) | loss: 2.798505 | lrm: 0.11 | dt: 1425.08ms | tok/sec: 367,901 | bf16_mfu: 0.00 | epoch: 1 pq: 28 rg: 21 | total time: 57.06m | eta: 2.6m
step 02411/02520 (95.67%) | loss: 2.806531 | lrm: 0.11 | dt: 1425.52ms | tok/sec: 367,786 | bf16_mfu: 0.00 | epoch: 1 pq: 28 rg: 22 | total time: 57.08m | eta: 2.6m
step 02412/02520 (95.71%) | loss: 2.822529 | lrm: 0.11 | dt: 1424.96ms | tok/sec: 367,932 | bf16_mfu: 0.00 | epoch: 1 pq: 28 rg: 23 | total time: 57.11m | eta: 2.6m
step 02413/02520 (95.75%) | loss: 2.826609 | lrm: 0.11 | dt: 1424.47ms | tok/sec: 368,057 | bf16_mfu: 0.00 | epoch: 1 pq: 28 rg: 24 | total time: 57.13m | eta: 2.5m
step 02414/02520 (95.79%) | loss: 2.836023 | lrm: 0.11 | dt: 1426.34ms | tok/sec: 367,574 | bf16_mfu: 0.00 | epoch: 1 pq: 28 rg: 25 | total time: 57.16m | eta: 2.5m
step 02415/02520 (95.83%) | loss: 2.842653 | lrm: 0.11 | dt: 1425.44ms | tok/sec: 367,808 | bf16_mfu: 0.00 | epoch: 1 pq: 28 rg: 26 | total time: 57.18m | eta: 2.5m
step 02416/02520 (95.87%) | loss: 2.849988 | lrm: 0.11 | dt: 1425.26ms | tok/sec: 367,853 | bf16_mfu: 0.00 | epoch: 1 pq: 28 rg: 27 | total time: 57.20m | eta: 2.5m
step 02417/02520 (95.91%) | loss: 2.851311 | lrm: 0.11 | dt: 1424.09ms | tok/sec: 368,155 | bf16_mfu: 0.00 | epoch: 1 pq: 28 rg: 28 | total time: 57.23m | eta: 2.4m
step 02418/02520 (95.95%) | loss: 2.861822 | lrm: 0.11 | dt: 1425.81ms | tok/sec: 367,711 | bf16_mfu: 0.00 | epoch: 1 pq: 28 rg: 29 | total time: 57.25m | eta: 2.4m
step 02419/02520 (95.99%) | loss: 2.862330 | lrm: 0.11 | dt: 1424.41ms | tok/sec: 368,072 | bf16_mfu: 0.00 | epoch: 1 pq: 28 rg: 30 | total time: 57.27m | eta: 2.4m
step 02420/02520 (96.03%) | loss: 2.855015 | lrm: 0.11 | dt: 1425.00ms | tok/sec: 367,920 | bf16_mfu: 0.00 | epoch: 1 pq: 28 rg: 31 | total time: 57.30m | eta: 2.4m
step 02421/02520 (96.07%) | loss: 2.852884 | lrm: 0.11 | dt: 1426.15ms | tok/sec: 367,624 | bf16_mfu: 0.00 | epoch: 1 pq: 28 rg: 32 | total time: 57.32m | eta: 2.4m
step 02422/02520 (96.11%) | loss: 2.856398 | lrm: 0.11 | dt: 1425.06ms | tok/sec: 367,905 | bf16_mfu: 0.00 | epoch: 1 pq: 28 rg: 33 | total time: 57.35m | eta: 2.3m
step 02423/02520 (96.15%) | loss: 2.855016 | lrm: 0.11 | dt: 1425.05ms | tok/sec: 367,907 | bf16_mfu: 0.00 | epoch: 1 pq: 28 rg: 34 | total time: 57.37m | eta: 2.3m
step 02424/02520 (96.19%) | loss: 2.859856 | lrm: 0.11 | dt: 1425.20ms | tok/sec: 367,869 | bf16_mfu: 0.00 | epoch: 1 pq: 28 rg: 35 | total time: 57.39m | eta: 2.3m
step 02425/02520 (96.23%) | loss: 2.847216 | lrm: 0.11 | dt: 1426.58ms | tok/sec: 367,513 | bf16_mfu: 0.00 | epoch: 1 pq: 28 rg: 35 | total time: 57.42m | eta: 2.3m
step 02426/02520 (96.27%) | loss: 2.854798 | lrm: 0.10 | dt: 1425.49ms | tok/sec: 367,795 | bf16_mfu: 0.00 | epoch: 1 pq: 28 rg: 36 | total time: 57.44m | eta: 2.2m
step 02427/02520 (96.31%) | loss: 2.852914 | lrm: 0.10 | dt: 1425.72ms | tok/sec: 367,734 | bf16_mfu: 0.00 | epoch: 1 pq: 28 rg: 37 | total time: 57.46m | eta: 2.2m
step 02428/02520 (96.35%) | loss: 2.847666 | lrm: 0.10 | dt: 1426.13ms | tok/sec: 367,631 | bf16_mfu: 0.00 | epoch: 1 pq: 28 rg: 38 | total time: 57.49m | eta: 2.2m
step 02429/02520 (96.39%) | loss: 2.849990 | lrm: 0.10 | dt: 1425.78ms | tok/sec: 367,721 | bf16_mfu: 0.00 | epoch: 1 pq: 28 rg: 39 | total time: 57.51m | eta: 2.2m
step 02430/02520 (96.43%) | loss: 2.843563 | lrm: 0.10 | dt: 1426.53ms | tok/sec: 367,527 | bf16_mfu: 0.00 | epoch: 1 pq: 28 rg: 40 | total time: 57.54m | eta: 2.1m
step 02431/02520 (96.47%) | loss: 2.841688 | lrm: 0.10 | dt: 1424.85ms | tok/sec: 367,960 | bf16_mfu: 0.00 | epoch: 1 pq: 28 rg: 41 | total time: 57.56m | eta: 2.1m
step 02432/02520 (96.51%) | loss: 2.850156 | lrm: 0.10 | dt: 1425.81ms | tok/sec: 367,713 | bf16_mfu: 0.00 | epoch: 1 pq: 28 rg: 42 | total time: 57.58m | eta: 2.1m
step 02433/02520 (96.55%) | loss: 2.844605 | lrm: 0.10 | dt: 1424.91ms | tok/sec: 367,945 | bf16_mfu: 0.00 | epoch: 1 pq: 28 rg: 43 | total time: 57.61m | eta: 2.1m
step 02434/02520 (96.59%) | loss: 2.845738 | lrm: 0.10 | dt: 1425.02ms | tok/sec: 367,916 | bf16_mfu: 0.00 | epoch: 1 pq: 28 rg: 44 | total time: 57.63m | eta: 2.0m
step 02435/02520 (96.63%) | loss: 2.858171 | lrm: 0.10 | dt: 1426.54ms | tok/sec: 367,523 | bf16_mfu: 0.00 | epoch: 1 pq: 28 rg: 45 | total time: 57.65m | eta: 2.0m
step 02436/02520 (96.67%) | loss: 2.867365 | lrm: 0.10 | dt: 1426.75ms | tok/sec: 367,471 | bf16_mfu: 0.00 | epoch: 1 pq: 28 rg: 46 | total time: 57.68m | eta: 2.0m
step 02437/02520 (96.71%) | loss: 2.867137 | lrm: 0.10 | dt: 1426.52ms | tok/sec: 367,529 | bf16_mfu: 0.00 | epoch: 1 pq: 28 rg: 47 | total time: 57.70m | eta: 2.0m
step 02438/02520 (96.75%) | loss: 2.847224 | lrm: 0.10 | dt: 1425.11ms | tok/sec: 367,893 | bf16_mfu: 0.00 | epoch: 1 pq: 28 rg: 48 | total time: 57.73m | eta: 1.9m
step 02439/02520 (96.79%) | loss: 2.838069 | lrm: 0.10 | dt: 1425.86ms | tok/sec: 367,698 | bf16_mfu: 0.00 | epoch: 1 pq: 28 rg: 49 | total time: 57.75m | eta: 1.9m
step 02440/02520 (96.83%) | loss: 2.841931 | lrm: 0.10 | dt: 1425.05ms | tok/sec: 367,909 | bf16_mfu: 0.00 | epoch: 1 pq: 28 rg: 50 | total time: 57.77m | eta: 1.9m
step 02441/02520 (96.87%) | loss: 2.840541 | lrm: 0.10 | dt: 1424.56ms | tok/sec: 368,033 | bf16_mfu: 0.00 | epoch: 1 pq: 28 rg: 51 | total time: 57.80m | eta: 1.9m
step 02442/02520 (96.90%) | loss: 2.835486 | lrm: 0.10 | dt: 1425.88ms | tok/sec: 367,694 | bf16_mfu: 0.00 | epoch: 1 pq: 28 rg: 52 | total time: 57.82m | eta: 1.9m
step 02443/02520 (96.94%) | loss: 2.839308 | lrm: 0.09 | dt: 1425.64ms | tok/sec: 367,755 | bf16_mfu: 0.00 | epoch: 1 pq: 28 rg: 53 | total time: 57.84m | eta: 1.8m
step 02444/02520 (96.98%) | loss: 2.831208 | lrm: 0.09 | dt: 1425.21ms | tok/sec: 367,866 | bf16_mfu: 0.00 | epoch: 1 pq: 28 rg: 54 | total time: 57.87m | eta: 1.8m
step 02445/02520 (97.02%) | loss: 2.833503 | lrm: 0.09 | dt: 1424.27ms | tok/sec: 368,110 | bf16_mfu: 0.00 | epoch: 1 pq: 28 rg: 55 | total time: 57.89m | eta: 1.8m
step 02446/02520 (97.06%) | loss: 2.826094 | lrm: 0.09 | dt: 1426.31ms | tok/sec: 367,584 | bf16_mfu: 0.00 | epoch: 1 pq: 28 rg: 56 | total time: 57.92m | eta: 1.8m
step 02447/02520 (97.10%) | loss: 2.839199 | lrm: 0.09 | dt: 1425.29ms | tok/sec: 367,847 | bf16_mfu: 0.00 | epoch: 1 pq: 28 rg: 57 | total time: 57.94m | eta: 1.7m
step 02448/02520 (97.14%) | loss: 2.840079 | lrm: 0.09 | dt: 1424.75ms | tok/sec: 367,985 | bf16_mfu: 0.00 | epoch: 1 pq: 28 rg: 58 | total time: 57.96m | eta: 1.7m
step 02449/02520 (97.18%) | loss: 2.842162 | lrm: 0.09 | dt: 1426.31ms | tok/sec: 367,584 | bf16_mfu: 0.00 | epoch: 1 pq: 28 rg: 59 | total time: 57.99m | eta: 1.7m
step 02450/02520 (97.22%) | loss: 2.843863 | lrm: 0.09 | dt: 1425.83ms | tok/sec: 367,706 | bf16_mfu: 0.00 | epoch: 1 pq: 28 rg: 60 | total time: 58.01m | eta: 1.7m
step 02451/02520 (97.26%) | loss: 2.845804 | lrm: 0.09 | dt: 1427.77ms | tok/sec: 367,207 | bf16_mfu: 0.00 | epoch: 1 pq: 28 rg: 61 | total time: 58.03m | eta: 1.6m
step 02452/02520 (97.30%) | loss: 2.841357 | lrm: 0.09 | dt: 1425.27ms | tok/sec: 367,851 | bf16_mfu: 0.00 | epoch: 1 pq: 28 rg: 62 | total time: 58.06m | eta: 1.6m
step 02453/02520 (97.34%) | loss: 2.844783 | lrm: 0.09 | dt: 1425.09ms | tok/sec: 367,897 | bf16_mfu: 0.00 | epoch: 1 pq: 28 rg: 63 | total time: 58.08m | eta: 1.6m
step 02454/02520 (97.38%) | loss: 2.856998 | lrm: 0.09 | dt: 1425.13ms | tok/sec: 367,887 | bf16_mfu: 0.00 | epoch: 1 pq: 28 rg: 64 | total time: 58.11m | eta: 1.6m
step 02455/02520 (97.42%) | loss: 2.857318 | lrm: 0.09 | dt: 1424.31ms | tok/sec: 368,099 | bf16_mfu: 0.00 | epoch: 1 pq: 28 rg: 65 | total time: 58.13m | eta: 1.5m
step 02456/02520 (97.46%) | loss: 2.859916 | lrm: 0.09 | dt: 1424.97ms | tok/sec: 367,930 | bf16_mfu: 0.00 | epoch: 1 pq: 28 rg: 66 | total time: 58.15m | eta: 1.5m
step 02457/02520 (97.50%) | loss: 2.858075 | lrm: 0.09 | dt: 1424.59ms | tok/sec: 368,027 | bf16_mfu: 0.00 | epoch: 1 pq: 28 rg: 66 | total time: 58.18m | eta: 1.5m
step 02458/02520 (97.54%) | loss: 2.858284 | lrm: 0.09 | dt: 1425.42ms | tok/sec: 367,813 | bf16_mfu: 0.00 | epoch: 1 pq: 28 rg: 67 | total time: 58.20m | eta: 1.5m
step 02459/02520 (97.58%) | loss: 2.863262 | lrm: 0.09 | dt: 1425.77ms | tok/sec: 367,722 | bf16_mfu: 0.00 | epoch: 1 pq: 28 rg: 68 | total time: 58.22m | eta: 1.5m
step 02460/02520 (97.62%) | loss: 2.857656 | lrm: 0.08 | dt: 1425.30ms | tok/sec: 367,843 | bf16_mfu: 0.00 | epoch: 1 pq: 28 rg: 69 | total time: 58.25m | eta: 1.4m
step 02461/02520 (97.66%) | loss: 2.851926 | lrm: 0.08 | dt: 1425.88ms | tok/sec: 367,695 | bf16_mfu: 0.00 | epoch: 1 pq: 28 rg: 70 | total time: 58.27m | eta: 1.4m
step 02462/02520 (97.70%) | loss: 2.846897 | lrm: 0.08 | dt: 1426.01ms | tok/sec: 367,660 | bf16_mfu: 0.00 | epoch: 1 pq: 28 rg: 71 | total time: 58.30m | eta: 1.4m
step 02463/02520 (97.74%) | loss: 2.840188 | lrm: 0.08 | dt: 1425.80ms | tok/sec: 367,715 | bf16_mfu: 0.00 | epoch: 1 pq: 28 rg: 72 | total time: 58.32m | eta: 1.4m
step 02464/02520 (97.78%) | loss: 2.854107 | lrm: 0.08 | dt: 1425.11ms | tok/sec: 367,893 | bf16_mfu: 0.00 | epoch: 1 pq: 28 rg: 73 | total time: 58.34m | eta: 1.3m
step 02465/02520 (97.82%) | loss: 2.858388 | lrm: 0.08 | dt: 1425.30ms | tok/sec: 367,845 | bf16_mfu: 0.00 | epoch: 1 pq: 28 rg: 74 | total time: 58.37m | eta: 1.3m
step 02466/02520 (97.86%) | loss: 2.863736 | lrm: 0.08 | dt: 1424.69ms | tok/sec: 368,001 | bf16_mfu: 0.00 | epoch: 1 pq: 28 rg: 75 | total time: 58.39m | eta: 1.3m
step 02467/02520 (97.90%) | loss: 2.864986 | lrm: 0.08 | dt: 1424.74ms | tok/sec: 367,989 | bf16_mfu: 0.00 | epoch: 1 pq: 28 rg: 76 | total time: 58.41m | eta: 1.3m
step 02468/02520 (97.94%) | loss: 2.869112 | lrm: 0.08 | dt: 1425.86ms | tok/sec: 367,700 | bf16_mfu: 0.00 | epoch: 1 pq: 28 rg: 77 | total time: 58.44m | eta: 1.2m
step 02469/02520 (97.98%) | loss: 2.869595 | lrm: 0.08 | dt: 1425.13ms | tok/sec: 367,887 | bf16_mfu: 0.00 | epoch: 1 pq: 28 rg: 78 | total time: 58.46m | eta: 1.2m
step 02470/02520 (98.02%) | loss: 2.874732 | lrm: 0.08 | dt: 1426.44ms | tok/sec: 367,549 | bf16_mfu: 0.00 | epoch: 1 pq: 28 rg: 79 | total time: 58.49m | eta: 1.2m
step 02471/02520 (98.06%) | loss: 2.872164 | lrm: 0.08 | dt: 1425.19ms | tok/sec: 367,873 | bf16_mfu: 0.00 | epoch: 1 pq: 28 rg: 80 | total time: 58.51m | eta: 1.2m
step 02472/02520 (98.10%) | loss: 2.872486 | lrm: 0.08 | dt: 1425.90ms | tok/sec: 367,689 | bf16_mfu: 0.00 | epoch: 1 pq: 28 rg: 81 | total time: 58.53m | eta: 1.1m
step 02473/02520 (98.13%) | loss: 2.873127 | lrm: 0.08 | dt: 1424.28ms | tok/sec: 368,107 | bf16_mfu: 0.00 | epoch: 1 pq: 28 rg: 82 | total time: 58.56m | eta: 1.1m
step 02474/02520 (98.17%) | loss: 2.871583 | lrm: 0.08 | dt: 1423.70ms | tok/sec: 368,258 | bf16_mfu: 0.00 | epoch: 1 pq: 29 rg: 0 | total time: 58.58m | eta: 1.1m
step 02475/02520 (98.21%) | loss: 2.874379 | lrm: 0.08 | dt: 1425.55ms | tok/sec: 367,780 | bf16_mfu: 0.00 | epoch: 1 pq: 29 rg: 1 | total time: 58.60m | eta: 1.1m
step 02476/02520 (98.25%) | loss: 2.872386 | lrm: 0.08 | dt: 1424.39ms | tok/sec: 368,079 | bf16_mfu: 0.00 | epoch: 1 pq: 29 rg: 2 | total time: 58.63m | eta: 1.0m
step 02477/02520 (98.29%) | loss: 2.876124 | lrm: 0.07 | dt: 1425.41ms | tok/sec: 367,815 | bf16_mfu: 0.00 | epoch: 1 pq: 29 rg: 3 | total time: 58.65m | eta: 1.0m
step 02478/02520 (98.33%) | loss: 2.858093 | lrm: 0.07 | dt: 1424.55ms | tok/sec: 368,038 | bf16_mfu: 0.00 | epoch: 1 pq: 29 rg: 4 | total time: 58.68m | eta: 1.0m
step 02479/02520 (98.37%) | loss: 2.850579 | lrm: 0.07 | dt: 1430.11ms | tok/sec: 366,607 | bf16_mfu: 0.00 | epoch: 1 pq: 29 rg: 5 | total time: 58.70m | eta: 1.0m
step 02480/02520 (98.41%) | loss: 2.853387 | lrm: 0.07 | dt: 1425.51ms | tok/sec: 367,790 | bf16_mfu: 0.00 | epoch: 1 pq: 29 rg: 6 | total time: 58.72m | eta: 1.0m
step 02481/02520 (98.45%) | loss: 2.854397 | lrm: 0.07 | dt: 1424.25ms | tok/sec: 368,115 | bf16_mfu: 0.00 | epoch: 1 pq: 29 rg: 7 | total time: 58.75m | eta: 0.9m
step 02482/02520 (98.49%) | loss: 2.861229 | lrm: 0.07 | dt: 1426.24ms | tok/sec: 367,600 | bf16_mfu: 0.00 | epoch: 1 pq: 29 rg: 8 | total time: 58.77m | eta: 0.9m
step 02483/02520 (98.53%) | loss: 2.860557 | lrm: 0.07 | dt: 1424.59ms | tok/sec: 368,026 | bf16_mfu: 0.00 | epoch: 1 pq: 29 rg: 9 | total time: 58.79m | eta: 0.9m
step 02484/02520 (98.57%) | loss: 2.860592 | lrm: 0.07 | dt: 1425.77ms | tok/sec: 367,722 | bf16_mfu: 0.00 | epoch: 1 pq: 29 rg: 10 | total time: 58.82m | eta: 0.9m
step 02485/02520 (98.61%) | loss: 2.858976 | lrm: 0.07 | dt: 1424.73ms | tok/sec: 367,992 | bf16_mfu: 0.00 | epoch: 1 pq: 29 rg: 11 | total time: 58.84m | eta: 0.8m
step 02486/02520 (98.65%) | loss: 2.859602 | lrm: 0.07 | dt: 1427.05ms | tok/sec: 367,393 | bf16_mfu: 0.00 | epoch: 1 pq: 29 rg: 12 | total time: 58.87m | eta: 0.8m
step 02487/02520 (98.69%) | loss: 2.861445 | lrm: 0.07 | dt: 1424.18ms | tok/sec: 368,134 | bf16_mfu: 0.00 | epoch: 1 pq: 29 rg: 13 | total time: 58.89m | eta: 0.8m
step 02488/02520 (98.73%) | loss: 2.866443 | lrm: 0.07 | dt: 1424.44ms | tok/sec: 368,066 | bf16_mfu: 0.00 | epoch: 1 pq: 29 rg: 14 | total time: 58.91m | eta: 0.8m
step 02489/02520 (98.77%) | loss: 2.869809 | lrm: 0.07 | dt: 1424.43ms | tok/sec: 368,067 | bf16_mfu: 0.00 | epoch: 1 pq: 29 rg: 15 | total time: 58.94m | eta: 0.7m
step 02490/02520 (98.81%) | loss: 2.869317 | lrm: 0.07 | dt: 1424.57ms | tok/sec: 368,031 | bf16_mfu: 0.00 | epoch: 1 pq: 29 rg: 16 | total time: 58.96m | eta: 0.7m
step 02491/02520 (98.85%) | loss: 2.865372 | lrm: 0.07 | dt: 1425.68ms | tok/sec: 367,746 | bf16_mfu: 0.00 | epoch: 1 pq: 29 rg: 16 | total time: 58.98m | eta: 0.7m
step 02492/02520 (98.89%) | loss: 2.852765 | lrm: 0.07 | dt: 1424.45ms | tok/sec: 368,063 | bf16_mfu: 0.00 | epoch: 1 pq: 29 rg: 17 | total time: 59.01m | eta: 0.7m
step 02493/02520 (98.93%) | loss: 2.842202 | lrm: 0.07 | dt: 1425.77ms | tok/sec: 367,721 | bf16_mfu: 0.00 | epoch: 1 pq: 29 rg: 18 | total time: 59.03m | eta: 0.6m
step 02494/02520 (98.97%) | loss: 2.839069 | lrm: 0.07 | dt: 1424.66ms | tok/sec: 368,009 | bf16_mfu: 0.00 | epoch: 1 pq: 29 rg: 19 | total time: 59.06m | eta: 0.6m
step 02495/02520 (99.01%) | loss: 2.849619 | lrm: 0.06 | dt: 1425.13ms | tok/sec: 367,887 | bf16_mfu: 0.00 | epoch: 1 pq: 29 rg: 20 | total time: 59.08m | eta: 0.6m
step 02496/02520 (99.05%) | loss: 2.855489 | lrm: 0.06 | dt: 1425.35ms | tok/sec: 367,832 | bf16_mfu: 0.00 | epoch: 1 pq: 29 rg: 21 | total time: 59.10m | eta: 0.6m
step 02497/02520 (99.09%) | loss: 2.850832 | lrm: 0.06 | dt: 1424.92ms | tok/sec: 367,942 | bf16_mfu: 0.00 | epoch: 1 pq: 29 rg: 22 | total time: 59.13m | eta: 0.5m
step 02498/02520 (99.13%) | loss: 2.846010 | lrm: 0.06 | dt: 1425.53ms | tok/sec: 367,784 | bf16_mfu: 0.00 | epoch: 1 pq: 29 rg: 23 | total time: 59.15m | eta: 0.5m
step 02499/02520 (99.17%) | loss: 2.855070 | lrm: 0.06 | dt: 1425.05ms | tok/sec: 367,908 | bf16_mfu: 0.00 | epoch: 1 pq: 29 rg: 24 | total time: 59.17m | eta: 0.5m
Step 02500 | Validation bpb: 0.869837
step 02500/02520 (99.21%) | loss: 2.841256 | lrm: 0.06 | dt: 1409.67ms | tok/sec: 371,922 | bf16_mfu: 0.00 | epoch: 1 pq: 29 rg: 25 | total time: 59.20m | eta: 0.5m
step 02501/02520 (99.25%) | loss: 2.857133 | lrm: 0.06 | dt: 1414.90ms | tok/sec: 370,548 | bf16_mfu: 0.00 | epoch: 1 pq: 29 rg: 26 | total time: 59.22m | eta: 0.5m
step 02502/02520 (99.29%) | loss: 2.864489 | lrm: 0.06 | dt: 1416.46ms | tok/sec: 370,139 | bf16_mfu: 0.00 | epoch: 1 pq: 29 rg: 27 | total time: 59.25m | eta: 0.4m
step 02503/02520 (99.33%) | loss: 2.852243 | lrm: 0.06 | dt: 1417.59ms | tok/sec: 369,845 | bf16_mfu: 0.00 | epoch: 1 pq: 29 rg: 28 | total time: 59.27m | eta: 0.4m
step 02504/02520 (99.37%) | loss: 2.858496 | lrm: 0.06 | dt: 1415.75ms | tok/sec: 370,326 | bf16_mfu: 0.00 | epoch: 1 pq: 29 rg: 29 | total time: 59.29m | eta: 0.4m
step 02505/02520 (99.40%) | loss: 2.852035 | lrm: 0.06 | dt: 1416.60ms | tok/sec: 370,102 | bf16_mfu: 0.00 | epoch: 1 pq: 29 rg: 30 | total time: 59.32m | eta: 0.4m
step 02506/02520 (99.44%) | loss: 2.853106 | lrm: 0.06 | dt: 1415.59ms | tok/sec: 370,367 | bf16_mfu: 0.00 | epoch: 1 pq: 29 rg: 31 | total time: 59.34m | eta: 0.3m
step 02507/02520 (99.48%) | loss: 2.853975 | lrm: 0.06 | dt: 1416.99ms | tok/sec: 370,000 | bf16_mfu: 0.00 | epoch: 1 pq: 29 rg: 32 | total time: 59.36m | eta: 0.3m
step 02508/02520 (99.52%) | loss: 2.839939 | lrm: 0.06 | dt: 1418.80ms | tok/sec: 369,528 | bf16_mfu: 0.00 | epoch: 1 pq: 29 rg: 33 | total time: 59.39m | eta: 0.3m
step 02509/02520 (99.56%) | loss: 2.838913 | lrm: 0.06 | dt: 1417.17ms | tok/sec: 369,953 | bf16_mfu: 0.00 | epoch: 1 pq: 29 rg: 34 | total time: 59.41m | eta: 0.3m
step 02510/02520 (99.60%) | loss: 2.833402 | lrm: 0.06 | dt: 1419.95ms | tok/sec: 369,229 | bf16_mfu: 0.00 | epoch: 1 pq: 29 rg: 35 | total time: 59.43m | eta: 0.2m
step 02511/02520 (99.64%) | loss: 2.838405 | lrm: 0.06 | dt: 1419.18ms | tok/sec: 369,429 | bf16_mfu: 0.00 | epoch: 1 pq: 29 rg: 36 | total time: 59.46m | eta: 0.2m
step 02512/02520 (99.68%) | loss: 2.847249 | lrm: 0.05 | dt: 1419.87ms | tok/sec: 369,250 | bf16_mfu: 0.00 | epoch: 1 pq: 29 rg: 37 | total time: 59.48m | eta: 0.2m
step 02513/02520 (99.72%) | loss: 2.846584 | lrm: 0.05 | dt: 1418.26ms | tok/sec: 369,669 | bf16_mfu: 0.00 | epoch: 1 pq: 29 rg: 38 | total time: 59.51m | eta: 0.2m
step 02514/02520 (99.76%) | loss: 2.847461 | lrm: 0.05 | dt: 1419.48ms | tok/sec: 369,351 | bf16_mfu: 0.00 | epoch: 1 pq: 29 rg: 39 | total time: 59.53m | eta: 0.1m
step 02515/02520 (99.80%) | loss: 2.850678 | lrm: 0.05 | dt: 1420.40ms | tok/sec: 369,113 | bf16_mfu: 0.00 | epoch: 1 pq: 29 rg: 40 | total time: 59.55m | eta: 0.1m
step 02516/02520 (99.84%) | loss: 2.846134 | lrm: 0.05 | dt: 1420.40ms | tok/sec: 369,113 | bf16_mfu: 0.00 | epoch: 1 pq: 29 rg: 41 | total time: 59.58m | eta: 0.1m
step 02517/02520 (99.88%) | loss: 2.836834 | lrm: 0.05 | dt: 1421.11ms | tok/sec: 368,929 | bf16_mfu: 0.00 | epoch: 1 pq: 29 rg: 42 | total time: 59.60m | eta: 0.1m
step 02518/02520 (99.92%) | loss: 2.849410 | lrm: 0.05 | dt: 1419.94ms | tok/sec: 369,231 | bf16_mfu: 0.00 | epoch: 1 pq: 29 rg: 43 | total time: 59.62m | eta: 0.0m
step 02519/02520 (99.96%) | loss: 2.849097 | lrm: 0.05 | dt: 1419.94ms | tok/sec: 369,233 | bf16_mfu: 0.00 | epoch: 1 pq: 29 rg: 43 | total time: 59.65m | eta: 0.0m
Step 02520 | Validation bpb: 0.869207
Evaluating: hellaswag_zeroshot (0-shot, type: multiple_choice)... accuracy: 0.3480 | centered: 0.1307 | time: 1.65s
Evaluating: jeopardy (10-shot, type: language_modeling)... accuracy: 0.0040 | centered: 0.0040 | time: 1.68s
Evaluating: bigbench_qa_wikidata (10-shot, type: language_modeling)... accuracy: 0.2560 | centered: 0.2560 | time: 1.53s
Evaluating: arc_easy (10-shot, type: multiple_choice)... accuracy: 0.5320 | centered: 0.3760 | time: 2.58s
Evaluating: arc_challenge (10-shot, type: multiple_choice)... accuracy: 0.2740 | centered: 0.0320 | time: 2.82s
Evaluating: copa (0-shot, type: multiple_choice)... accuracy: 0.5800 | centered: 0.1600 | time: 0.28s
Evaluating: commonsense_qa (10-shot, type: multiple_choice)... accuracy: 0.3160 | centered: 0.1450 | time: 3.13s
Evaluating: piqa (10-shot, type: multiple_choice)... accuracy: 0.6840 | centered: 0.3680 | time: 1.90s
Evaluating: openbook_qa (0-shot, type: multiple_choice)... accuracy: 0.3260 | centered: 0.1013 | time: 1.46s
Evaluating: lambada_openai (0-shot, type: language_modeling)... accuracy: 0.3080 | centered: 0.3080 | time: 1.47s
Evaluating: hellaswag (10-shot, type: multiple_choice)... accuracy: 0.3460 | centered: 0.1280 | time: 4.94s
Evaluating: winograd (0-shot, type: schema)... accuracy: 0.5641 | centered: 0.1282 | time: 0.76s
Evaluating: winogrande (0-shot, type: schema)... accuracy: 0.4680 | centered: -0.0640 | time: 1.39s
Evaluating: bigbench_dyck_languages (10-shot, type: language_modeling)... accuracy: 0.0500 | centered: 0.0500 | time: 1.77s
Evaluating: agi_eval_lsat_ar (3-shot, type: multiple_choice)... accuracy: 0.2391 | centered: 0.0489 | time: 2.18s
Evaluating: bigbench_cs_algorithms (10-shot, type: language_modeling)... accuracy: 0.4500 | centered: 0.4500 | time: 1.74s
Evaluating: bigbench_operators (10-shot, type: language_modeling)... accuracy: 0.1048 | centered: 0.1048 | time: 0.72s
Evaluating: bigbench_repeat_copy_logic (10-shot, type: language_modeling)... accuracy: 0.0000 | centered: 0.0000 | time: 0.11s
Evaluating: squad (10-shot, type: language_modeling)... accuracy: 0.1600 | centered: 0.1600 | time: 4.54s
Evaluating: coqa (0-shot, type: language_modeling)... accuracy: 0.1660 | centered: 0.1660 | time: 1.76s
Evaluating: boolq (10-shot, type: multiple_choice)... accuracy: 0.5620 | centered: -0.1526 | time: 4.92s
Evaluating: bigbench_language_identification (10-shot, type: multiple_choice)... accuracy: 0.2520 | centered: 0.1771 | time: 8.57s
Step 02520 | CORE metric: 0.1399
2026-09-21 17:05:58,134 - nanochat.checkpoint_manager - [32m[1mINFO[0m - Saved model parameters to: /home/neo/.cache/nanochat/base_checkpoints/looped_B8_lr2.0_h1.0_s2/model_002520.pt
2026-09-21 17:05:58,135 - nanochat.checkpoint_manager - [32m[1mINFO[0m - Saved metadata to: /home/neo/.cache/nanochat/base_checkpoints/looped_B8_lr2.0_h1.0_s2/meta_002520.json
Peak memory usage: 20875.25MiB
Total training time: 59.65m
Minimum validation bpb: 0.869207
Appended results row to results/looped_results.csv (diverged=0), log: results/logs/looped_B8_lr2.0_h1.0_s2_20260921_155622.jsonl
