
                                                       █████                █████
                                                      ░░███                ░░███
     ████████    ██████   ████████    ██████   ██████  ░███████    ██████  ███████
    ░░███░░███  ░░░░░███ ░░███░░███  ███░░███ ███░░███ ░███░░███  ░░░░░███░░░███░
     ░███ ░███   ███████  ░███ ░███ ░███ ░███░███ ░░░  ░███ ░███   ███████  ░███
     ░███ ░███  ███░░███  ░███ ░███ ░███ ░███░███  ███ ░███ ░███  ███░░███  ░███ ███
     ████ █████░░████████ ████ █████░░██████ ░░██████  ████ █████░░███████  ░░█████
    ░░░░ ░░░░░  ░░░░░░░░ ░░░░ ░░░░░  ░░░░░░   ░░░░░░  ░░░░ ░░░░░  ░░░░░░░░   ░░░░░
    
Autodetected device type: cuda
2026-09-27 16:30:24,590 - nanochat.common - [32m[1mINFO[0m - Distributed world size: 1
2026-09-27 16:30:24,590 - nanochat.common - [33m[1mWARNING[0m - Peak flops undefined for: NVIDIA RTX PRO 6000 Blackwell Workstation Edition, MFU will show as 0%
GPU: NVIDIA RTX PRO 6000 Blackwell Workstation Edition | Peak FLOPS (BF16): inf
COMPUTE_DTYPE: torch.bfloat16 (auto-detected: CUDA SM 120 (bf16 supported))
!!!!!!!!!!!!!!!!!!!!!!!!!!!!!!!!!!!!!!!!!!!!!!!!!!!!!!!!!!!!!!!!!!!!!!!!!!!!!!!!
WARNING: Flash Attention 3 not available, using PyTorch SDPA fallback
WARNING: Training will be less efficient without FA3
!!!!!!!!!!!!!!!!!!!!!!!!!!!!!!!!!!!!!!!!!!!!!!!!!!!!!!!!!!!!!!!!!!!!!!!!!!!!!!!!
Vocab size: 32,768
Model config:
{
  "sequence_len": 2048,
  "vocab_size": 32768,
  "n_layer": 8,
  "n_head": 6,
  "n_kv_head": 6,
  "n_embd": 768,
  "window_pattern": "L",
  "n_prelude": 2,
  "n_core": 4,
  "n_coda": 2,
  "n_loop": 2
}
Parameter counts:
wte                     : 25,165,824
value_embeds            : 100,663,296
lm_head                 : 25,165,824
transformer_matrices    : 56,623,392
scalars                 : 42
total                   : 207,618,378
unique_layers           : 8
effective_layers        : 12
Estimated FLOPs per token: 8.870980e+08
Horizon and derived hyperparameters use reference layout 12: 110,100,912 scaling params (this model: 81,789,216)
Auto-computed optimal batch size: 524,288 tokens
Scaling the LR for the AdamW parameters ∝1/√(768/768) = 1.000000
Calculated number of iterations from target data:param ratio: 2,520
Total number of training tokens: 1,321,205,760
Tokens : Scaling params ratio: 16.15
Total training FLOPs estimate: 1.172039e+18
Parameter table:
  unique block params                     : 56,623,392
  lm_head                                 : 25,165,824
  wte                                     : 25,165,824
  value embed params (lookups, no FLOPs)  : 100,663,296
  scalars                                 : 42
  unique layers U                         : 8
  effective layers E                      : 12
  FLOPs per token                         : 887,098,032
Tokens / micro-batch / rank: 32 x 2048 = 65,536
Tokens / micro-batch: 65,536
Total batch size 524,288 => gradient accumulation steps: 8
Step 00000 | Validation bpb: 3.171080
step 00000/02520 (0.00%) | loss: 10.397020 | lrm: 0.03 | dt: 15488.54ms | tok/sec: 33,850 | bf16_mfu: 0.00 | epoch: 1 pq: 0 rg: 1 | total time: 0.00m
step 00001/02520 (0.04%) | loss: 10.384675 | lrm: 0.05 | dt: 1924.54ms | tok/sec: 272,421 | bf16_mfu: 0.00 | epoch: 1 pq: 0 rg: 2 | total time: 0.00m
step 00002/02520 (0.08%) | loss: 10.362539 | lrm: 0.07 | dt: 1942.00ms | tok/sec: 269,973 | bf16_mfu: 0.00 | epoch: 1 pq: 0 rg: 3 | total time: 0.00m
step 00003/02520 (0.12%) | loss: 10.328420 | lrm: 0.10 | dt: 1946.43ms | tok/sec: 269,358 | bf16_mfu: 0.00 | epoch: 1 pq: 0 rg: 4 | total time: 0.00m
step 00004/02520 (0.16%) | loss: 10.278457 | lrm: 0.12 | dt: 1935.56ms | tok/sec: 270,871 | bf16_mfu: 0.00 | epoch: 1 pq: 0 rg: 5 | total time: 0.00m
step 00005/02520 (0.20%) | loss: 10.198650 | lrm: 0.15 | dt: 1941.63ms | tok/sec: 270,024 | bf16_mfu: 0.00 | epoch: 1 pq: 0 rg: 6 | total time: 0.00m
step 00006/02520 (0.24%) | loss: 10.070228 | lrm: 0.17 | dt: 1943.16ms | tok/sec: 269,812 | bf16_mfu: 0.00 | epoch: 1 pq: 0 rg: 7 | total time: 0.00m
step 00007/02520 (0.28%) | loss: 9.845637 | lrm: 0.20 | dt: 1948.30ms | tok/sec: 269,100 | bf16_mfu: 0.00 | epoch: 1 pq: 0 rg: 8 | total time: 0.00m
step 00008/02520 (0.32%) | loss: 9.548049 | lrm: 0.23 | dt: 1948.88ms | tok/sec: 269,020 | bf16_mfu: 0.00 | epoch: 1 pq: 0 rg: 10 | total time: 0.00m
step 00009/02520 (0.36%) | loss: 9.269721 | lrm: 0.25 | dt: 1947.60ms | tok/sec: 269,196 | bf16_mfu: 0.00 | epoch: 1 pq: 0 rg: 11 | total time: 0.00m
step 00010/02520 (0.40%) | loss: 8.981000 | lrm: 0.28 | dt: 1954.24ms | tok/sec: 268,282 | bf16_mfu: 0.00 | epoch: 1 pq: 0 rg: 12 | total time: 0.00m
step 00011/02520 (0.44%) | loss: 8.714298 | lrm: 0.30 | dt: 1959.67ms | tok/sec: 267,539 | bf16_mfu: 0.00 | epoch: 1 pq: 0 rg: 13 | total time: 0.03m | eta: 81.9m
step 00012/02520 (0.48%) | loss: 8.487441 | lrm: 0.33 | dt: 1965.54ms | tok/sec: 266,740 | bf16_mfu: 0.00 | epoch: 1 pq: 0 rg: 14 | total time: 0.07m | eta: 82.0m
step 00013/02520 (0.52%) | loss: 8.271207 | lrm: 0.35 | dt: 1954.29ms | tok/sec: 268,275 | bf16_mfu: 0.00 | epoch: 1 pq: 0 rg: 15 | total time: 0.10m | eta: 81.9m
step 00014/02520 (0.56%) | loss: 8.075142 | lrm: 0.38 | dt: 1967.39ms | tok/sec: 266,489 | bf16_mfu: 0.00 | epoch: 1 pq: 0 rg: 16 | total time: 0.13m | eta: 81.9m
step 00015/02520 (0.60%) | loss: 7.884395 | lrm: 0.40 | dt: 1970.84ms | tok/sec: 266,022 | bf16_mfu: 0.00 | epoch: 1 pq: 0 rg: 17 | total time: 0.16m | eta: 82.0m
step 00016/02520 (0.63%) | loss: 7.703461 | lrm: 0.42 | dt: 1971.53ms | tok/sec: 265,928 | bf16_mfu: 0.00 | epoch: 1 pq: 0 rg: 18 | total time: 0.20m | eta: 82.0m
step 00017/02520 (0.67%) | loss: 7.546785 | lrm: 0.45 | dt: 1972.69ms | tok/sec: 265,772 | bf16_mfu: 0.00 | epoch: 1 pq: 0 rg: 19 | total time: 0.23m | eta: 82.0m
step 00018/02520 (0.71%) | loss: 7.403519 | lrm: 0.47 | dt: 1975.19ms | tok/sec: 265,436 | bf16_mfu: 0.00 | epoch: 1 pq: 0 rg: 20 | total time: 0.26m | eta: 82.0m
step 00019/02520 (0.75%) | loss: 7.275137 | lrm: 0.50 | dt: 1976.71ms | tok/sec: 265,232 | bf16_mfu: 0.00 | epoch: 1 pq: 0 rg: 21 | total time: 0.30m | eta: 82.0m
step 00020/02520 (0.79%) | loss: 7.155922 | lrm: 0.53 | dt: 1976.99ms | tok/sec: 265,194 | bf16_mfu: 0.00 | epoch: 1 pq: 0 rg: 22 | total time: 0.33m | eta: 82.0m
step 00021/02520 (0.83%) | loss: 7.037189 | lrm: 0.55 | dt: 1978.35ms | tok/sec: 265,012 | bf16_mfu: 0.00 | epoch: 1 pq: 0 rg: 23 | total time: 0.36m | eta: 82.0m
step 00022/02520 (0.87%) | loss: 6.938220 | lrm: 0.57 | dt: 1977.03ms | tok/sec: 265,189 | bf16_mfu: 0.00 | epoch: 1 pq: 0 rg: 24 | total time: 0.39m | eta: 82.0m
step 00023/02520 (0.91%) | loss: 6.837858 | lrm: 0.60 | dt: 1975.88ms | tok/sec: 265,343 | bf16_mfu: 0.00 | epoch: 1 pq: 0 rg: 26 | total time: 0.43m | eta: 82.0m
step 00024/02520 (0.95%) | loss: 6.745884 | lrm: 0.62 | dt: 1983.25ms | tok/sec: 264,357 | bf16_mfu: 0.00 | epoch: 1 pq: 0 rg: 27 | total time: 0.46m | eta: 82.0m
step 00025/02520 (0.99%) | loss: 6.661357 | lrm: 0.65 | dt: 1983.68ms | tok/sec: 264,301 | bf16_mfu: 0.00 | epoch: 1 pq: 0 rg: 28 | total time: 0.49m | eta: 82.0m
step 00026/02520 (1.03%) | loss: 6.585091 | lrm: 0.68 | dt: 1985.87ms | tok/sec: 264,009 | bf16_mfu: 0.00 | epoch: 1 pq: 0 rg: 29 | total time: 0.53m | eta: 82.0m
step 00027/02520 (1.07%) | loss: 6.508324 | lrm: 0.70 | dt: 1980.51ms | tok/sec: 264,724 | bf16_mfu: 0.00 | epoch: 1 pq: 0 rg: 30 | total time: 0.56m | eta: 82.0m
step 00028/02520 (1.11%) | loss: 6.444704 | lrm: 0.72 | dt: 1984.43ms | tok/sec: 264,200 | bf16_mfu: 0.00 | epoch: 1 pq: 0 rg: 31 | total time: 0.59m | eta: 82.0m
step 00029/02520 (1.15%) | loss: 6.394915 | lrm: 0.75 | dt: 1985.78ms | tok/sec: 264,020 | bf16_mfu: 0.00 | epoch: 1 pq: 0 rg: 32 | total time: 0.63m | eta: 82.0m
step 00030/02520 (1.19%) | loss: 6.340995 | lrm: 0.78 | dt: 1988.33ms | tok/sec: 263,682 | bf16_mfu: 0.00 | epoch: 1 pq: 0 rg: 33 | total time: 0.66m | eta: 82.0m
step 00031/02520 (1.23%) | loss: 6.295300 | lrm: 0.80 | dt: 1989.21ms | tok/sec: 263,566 | bf16_mfu: 0.00 | epoch: 1 pq: 0 rg: 34 | total time: 0.69m | eta: 82.0m
step 00032/02520 (1.27%) | loss: 6.245992 | lrm: 0.82 | dt: 1989.03ms | tok/sec: 263,590 | bf16_mfu: 0.00 | epoch: 1 pq: 0 rg: 35 | total time: 0.72m | eta: 82.0m
step 00033/02520 (1.31%) | loss: 6.201981 | lrm: 0.85 | dt: 1982.95ms | tok/sec: 264,397 | bf16_mfu: 0.00 | epoch: 1 pq: 0 rg: 36 | total time: 0.76m | eta: 82.0m
step 00034/02520 (1.35%) | loss: 6.158146 | lrm: 0.88 | dt: 1992.42ms | tok/sec: 263,141 | bf16_mfu: 0.00 | epoch: 1 pq: 0 rg: 37 | total time: 0.79m | eta: 81.9m
step 00035/02520 (1.39%) | loss: 6.120695 | lrm: 0.90 | dt: 1992.37ms | tok/sec: 263,148 | bf16_mfu: 0.00 | epoch: 1 pq: 0 rg: 38 | total time: 0.82m | eta: 81.9m
step 00036/02520 (1.43%) | loss: 6.090108 | lrm: 0.93 | dt: 1993.84ms | tok/sec: 262,953 | bf16_mfu: 0.00 | epoch: 1 pq: 0 rg: 39 | total time: 0.86m | eta: 81.9m
step 00037/02520 (1.47%) | loss: 6.057700 | lrm: 0.95 | dt: 1994.37ms | tok/sec: 262,884 | bf16_mfu: 0.00 | epoch: 1 pq: 0 rg: 40 | total time: 0.89m | eta: 81.9m
step 00038/02520 (1.51%) | loss: 6.026547 | lrm: 0.97 | dt: 1997.04ms | tok/sec: 262,532 | bf16_mfu: 0.00 | epoch: 1 pq: 0 rg: 41 | total time: 0.92m | eta: 81.9m
step 00039/02520 (1.55%) | loss: 5.990694 | lrm: 1.00 | dt: 1997.12ms | tok/sec: 262,521 | bf16_mfu: 0.00 | epoch: 1 pq: 0 rg: 42 | total time: 0.96m | eta: 81.9m
step 00040/02520 (1.59%) | loss: 5.960234 | lrm: 1.00 | dt: 1997.58ms | tok/sec: 262,460 | bf16_mfu: 0.00 | epoch: 1 pq: 0 rg: 43 | total time: 0.99m | eta: 81.9m
step 00041/02520 (1.63%) | loss: 5.933873 | lrm: 1.00 | dt: 1997.69ms | tok/sec: 262,447 | bf16_mfu: 0.00 | epoch: 1 pq: 0 rg: 44 | total time: 1.02m | eta: 81.9m
step 00042/02520 (1.67%) | loss: 5.918868 | lrm: 1.00 | dt: 2008.05ms | tok/sec: 261,092 | bf16_mfu: 0.00 | epoch: 1 pq: 0 rg: 44 | total time: 1.06m | eta: 81.9m
step 00043/02520 (1.71%) | loss: 5.899775 | lrm: 1.00 | dt: 2010.63ms | tok/sec: 260,757 | bf16_mfu: 0.00 | epoch: 1 pq: 0 rg: 45 | total time: 1.09m | eta: 81.9m
step 00044/02520 (1.75%) | loss: 5.866765 | lrm: 1.00 | dt: 2048.86ms | tok/sec: 255,892 | bf16_mfu: 0.00 | epoch: 1 pq: 0 rg: 46 | total time: 1.13m | eta: 81.9m
step 00045/02520 (1.79%) | loss: 5.836962 | lrm: 1.00 | dt: 2048.88ms | tok/sec: 255,889 | bf16_mfu: 0.00 | epoch: 1 pq: 0 rg: 47 | total time: 1.16m | eta: 82.0m
step 00046/02520 (1.83%) | loss: 5.813163 | lrm: 1.00 | dt: 2058.54ms | tok/sec: 254,689 | bf16_mfu: 0.00 | epoch: 1 pq: 0 rg: 48 | total time: 1.19m | eta: 82.0m
step 00047/02520 (1.87%) | loss: 5.787405 | lrm: 1.00 | dt: 2069.05ms | tok/sec: 253,395 | bf16_mfu: 0.00 | epoch: 1 pq: 0 rg: 49 | total time: 1.23m | eta: 82.1m
step 00048/02520 (1.90%) | loss: 5.759618 | lrm: 1.00 | dt: 2072.52ms | tok/sec: 252,970 | bf16_mfu: 0.00 | epoch: 1 pq: 0 rg: 50 | total time: 1.26m | eta: 82.1m
step 00049/02520 (1.94%) | loss: 5.734889 | lrm: 1.00 | dt: 2087.48ms | tok/sec: 251,158 | bf16_mfu: 0.00 | epoch: 1 pq: 0 rg: 51 | total time: 1.30m | eta: 82.2m
step 00050/02520 (1.98%) | loss: 5.711003 | lrm: 1.00 | dt: 2084.64ms | tok/sec: 251,500 | bf16_mfu: 0.00 | epoch: 1 pq: 0 rg: 52 | total time: 1.33m | eta: 82.3m
step 00051/02520 (2.02%) | loss: 5.681891 | lrm: 1.00 | dt: 2082.28ms | tok/sec: 251,785 | bf16_mfu: 0.00 | epoch: 1 pq: 0 rg: 53 | total time: 1.37m | eta: 82.3m
step 00052/02520 (2.06%) | loss: 5.661942 | lrm: 1.00 | dt: 2075.92ms | tok/sec: 252,557 | bf16_mfu: 0.00 | epoch: 1 pq: 0 rg: 54 | total time: 1.40m | eta: 82.3m
step 00053/02520 (2.10%) | loss: 5.634433 | lrm: 1.00 | dt: 2079.24ms | tok/sec: 252,153 | bf16_mfu: 0.00 | epoch: 1 pq: 0 rg: 55 | total time: 1.44m | eta: 82.4m
step 00054/02520 (2.14%) | loss: 5.606178 | lrm: 1.00 | dt: 2032.52ms | tok/sec: 257,949 | bf16_mfu: 0.00 | epoch: 1 pq: 0 rg: 56 | total time: 1.47m | eta: 82.4m
step 00055/02520 (2.18%) | loss: 5.591148 | lrm: 1.00 | dt: 2004.15ms | tok/sec: 261,601 | bf16_mfu: 0.00 | epoch: 1 pq: 0 rg: 57 | total time: 1.50m | eta: 82.3m
step 00056/02520 (2.22%) | loss: 5.571210 | lrm: 1.00 | dt: 2036.24ms | tok/sec: 257,478 | bf16_mfu: 0.00 | epoch: 1 pq: 0 rg: 58 | total time: 1.54m | eta: 82.3m
step 00057/02520 (2.26%) | loss: 5.547545 | lrm: 1.00 | dt: 2051.28ms | tok/sec: 255,590 | bf16_mfu: 0.00 | epoch: 1 pq: 0 rg: 59 | total time: 1.57m | eta: 82.4m
step 00058/02520 (2.30%) | loss: 5.524491 | lrm: 1.00 | dt: 2047.71ms | tok/sec: 256,035 | bf16_mfu: 0.00 | epoch: 1 pq: 0 rg: 60 | total time: 1.61m | eta: 82.4m
step 00059/02520 (2.34%) | loss: 5.507444 | lrm: 1.00 | dt: 2075.24ms | tok/sec: 252,639 | bf16_mfu: 0.00 | epoch: 1 pq: 0 rg: 61 | total time: 1.64m | eta: 82.4m
step 00060/02520 (2.38%) | loss: 5.473683 | lrm: 1.00 | dt: 2027.43ms | tok/sec: 258,596 | bf16_mfu: 0.00 | epoch: 1 pq: 0 rg: 62 | total time: 1.67m | eta: 82.4m
step 00061/02520 (2.42%) | loss: 5.444461 | lrm: 1.00 | dt: 2069.66ms | tok/sec: 253,320 | bf16_mfu: 0.00 | epoch: 1 pq: 0 rg: 63 | total time: 1.71m | eta: 82.4m
step 00062/02520 (2.46%) | loss: 5.424079 | lrm: 1.00 | dt: 2083.43ms | tok/sec: 251,646 | bf16_mfu: 0.00 | epoch: 1 pq: 0 rg: 64 | total time: 1.74m | eta: 82.4m
step 00063/02520 (2.50%) | loss: 5.396505 | lrm: 1.00 | dt: 2032.77ms | tok/sec: 257,918 | bf16_mfu: 0.00 | epoch: 1 pq: 0 rg: 65 | total time: 1.78m | eta: 82.4m
step 00064/02520 (2.54%) | loss: 5.381025 | lrm: 1.00 | dt: 2032.52ms | tok/sec: 257,950 | bf16_mfu: 0.00 | epoch: 1 pq: 0 rg: 66 | total time: 1.81m | eta: 82.4m
step 00065/02520 (2.58%) | loss: 5.356376 | lrm: 1.00 | dt: 2018.84ms | tok/sec: 259,697 | bf16_mfu: 0.00 | epoch: 1 pq: 0 rg: 67 | total time: 1.84m | eta: 82.3m
step 00066/02520 (2.62%) | loss: 5.335279 | lrm: 1.00 | dt: 2000.69ms | tok/sec: 262,053 | bf16_mfu: 0.00 | epoch: 1 pq: 0 rg: 68 | total time: 1.88m | eta: 82.3m
step 00067/02520 (2.66%) | loss: 5.313084 | lrm: 1.00 | dt: 2033.45ms | tok/sec: 257,831 | bf16_mfu: 0.00 | epoch: 1 pq: 0 rg: 69 | total time: 1.91m | eta: 82.3m
step 00068/02520 (2.70%) | loss: 5.290700 | lrm: 1.00 | dt: 2024.70ms | tok/sec: 258,946 | bf16_mfu: 0.00 | epoch: 1 pq: 0 rg: 70 | total time: 1.95m | eta: 82.3m
step 00069/02520 (2.74%) | loss: 5.268449 | lrm: 1.00 | dt: 2002.65ms | tok/sec: 261,797 | bf16_mfu: 0.00 | epoch: 1 pq: 0 rg: 71 | total time: 1.98m | eta: 82.2m
step 00070/02520 (2.78%) | loss: 5.247407 | lrm: 1.00 | dt: 2073.65ms | tok/sec: 252,833 | bf16_mfu: 0.00 | epoch: 1 pq: 0 rg: 72 | total time: 2.01m | eta: 82.2m
step 00071/02520 (2.82%) | loss: 5.228502 | lrm: 1.00 | dt: 2097.38ms | tok/sec: 249,972 | bf16_mfu: 0.00 | epoch: 1 pq: 0 rg: 73 | total time: 2.05m | eta: 82.2m
step 00072/02520 (2.86%) | loss: 5.220165 | lrm: 1.00 | dt: 2090.40ms | tok/sec: 250,807 | bf16_mfu: 0.00 | epoch: 1 pq: 0 rg: 74 | total time: 2.08m | eta: 82.3m
step 00073/02520 (2.90%) | loss: 5.193685 | lrm: 1.00 | dt: 2083.68ms | tok/sec: 251,616 | bf16_mfu: 0.00 | epoch: 1 pq: 0 rg: 74 | total time: 2.12m | eta: 82.3m
step 00074/02520 (2.94%) | loss: 5.167568 | lrm: 1.00 | dt: 2087.16ms | tok/sec: 251,196 | bf16_mfu: 0.00 | epoch: 1 pq: 0 rg: 75 | total time: 2.15m | eta: 82.3m
step 00075/02520 (2.98%) | loss: 5.140660 | lrm: 1.00 | dt: 2084.89ms | tok/sec: 251,469 | bf16_mfu: 0.00 | epoch: 1 pq: 0 rg: 76 | total time: 2.19m | eta: 82.3m
step 00076/02520 (3.02%) | loss: 5.117118 | lrm: 1.00 | dt: 2085.16ms | tok/sec: 251,437 | bf16_mfu: 0.00 | epoch: 1 pq: 0 rg: 77 | total time: 2.22m | eta: 82.3m
step 00077/02520 (3.06%) | loss: 5.110444 | lrm: 1.00 | dt: 2096.92ms | tok/sec: 250,028 | bf16_mfu: 0.00 | epoch: 1 pq: 0 rg: 78 | total time: 2.26m | eta: 82.3m
step 00078/02520 (3.10%) | loss: 5.089225 | lrm: 1.00 | dt: 2091.52ms | tok/sec: 250,673 | bf16_mfu: 0.00 | epoch: 1 pq: 0 rg: 79 | total time: 2.29m | eta: 82.3m
step 00079/02520 (3.13%) | loss: 5.070689 | lrm: 1.00 | dt: 2098.68ms | tok/sec: 249,818 | bf16_mfu: 0.00 | epoch: 1 pq: 0 rg: 80 | total time: 2.33m | eta: 82.3m
step 00080/02520 (3.17%) | loss: 5.046397 | lrm: 1.00 | dt: 2098.47ms | tok/sec: 249,843 | bf16_mfu: 0.00 | epoch: 1 pq: 0 rg: 81 | total time: 2.36m | eta: 82.3m
step 00081/02520 (3.21%) | loss: 5.034226 | lrm: 1.00 | dt: 2103.47ms | tok/sec: 249,249 | bf16_mfu: 0.00 | epoch: 1 pq: 0 rg: 82 | total time: 2.40m | eta: 82.3m
step 00082/02520 (3.25%) | loss: 5.019663 | lrm: 1.00 | dt: 2104.88ms | tok/sec: 249,082 | bf16_mfu: 0.00 | epoch: 1 pq: 0 rg: 83 | total time: 2.43m | eta: 82.4m
step 00083/02520 (3.29%) | loss: 5.000768 | lrm: 1.00 | dt: 2103.89ms | tok/sec: 249,199 | bf16_mfu: 0.00 | epoch: 1 pq: 1 rg: 0 | total time: 2.47m | eta: 82.4m
step 00084/02520 (3.33%) | loss: 4.983588 | lrm: 1.00 | dt: 2104.69ms | tok/sec: 249,104 | bf16_mfu: 0.00 | epoch: 1 pq: 1 rg: 1 | total time: 2.50m | eta: 82.4m
step 00085/02520 (3.37%) | loss: 4.963345 | lrm: 1.00 | dt: 2115.36ms | tok/sec: 247,848 | bf16_mfu: 0.00 | epoch: 1 pq: 1 rg: 2 | total time: 2.54m | eta: 82.4m
step 00086/02520 (3.41%) | loss: 4.947405 | lrm: 1.00 | dt: 2118.37ms | tok/sec: 247,495 | bf16_mfu: 0.00 | epoch: 1 pq: 1 rg: 3 | total time: 2.57m | eta: 82.4m
step 00087/02520 (3.45%) | loss: 4.931856 | lrm: 1.00 | dt: 2098.78ms | tok/sec: 249,806 | bf16_mfu: 0.00 | epoch: 1 pq: 1 rg: 4 | total time: 2.61m | eta: 82.4m
step 00088/02520 (3.49%) | loss: 4.918956 | lrm: 1.00 | dt: 2091.46ms | tok/sec: 250,680 | bf16_mfu: 0.00 | epoch: 1 pq: 1 rg: 5 | total time: 2.64m | eta: 82.4m
step 00089/02520 (3.53%) | loss: 4.905077 | lrm: 1.00 | dt: 2090.97ms | tok/sec: 250,739 | bf16_mfu: 0.00 | epoch: 1 pq: 1 rg: 6 | total time: 2.68m | eta: 82.4m
step 00090/02520 (3.57%) | loss: 4.886157 | lrm: 1.00 | dt: 2102.37ms | tok/sec: 249,379 | bf16_mfu: 0.00 | epoch: 1 pq: 1 rg: 7 | total time: 2.71m | eta: 82.4m
step 00091/02520 (3.61%) | loss: 4.863942 | lrm: 1.00 | dt: 2104.24ms | tok/sec: 249,157 | bf16_mfu: 0.00 | epoch: 1 pq: 1 rg: 8 | total time: 2.75m | eta: 82.4m
step 00092/02520 (3.65%) | loss: 4.853200 | lrm: 1.00 | dt: 2093.19ms | tok/sec: 250,472 | bf16_mfu: 0.00 | epoch: 1 pq: 1 rg: 9 | total time: 2.78m | eta: 82.4m
step 00093/02520 (3.69%) | loss: 4.841780 | lrm: 1.00 | dt: 2089.59ms | tok/sec: 250,904 | bf16_mfu: 0.00 | epoch: 1 pq: 1 rg: 10 | total time: 2.82m | eta: 82.4m
step 00094/02520 (3.73%) | loss: 4.828006 | lrm: 1.00 | dt: 2098.49ms | tok/sec: 249,840 | bf16_mfu: 0.00 | epoch: 1 pq: 1 rg: 11 | total time: 2.85m | eta: 82.4m
step 00095/02520 (3.77%) | loss: 4.805170 | lrm: 1.00 | dt: 2044.62ms | tok/sec: 256,422 | bf16_mfu: 0.00 | epoch: 1 pq: 1 rg: 12 | total time: 2.89m | eta: 82.3m
step 00096/02520 (3.81%) | loss: 4.794497 | lrm: 1.00 | dt: 2048.00ms | tok/sec: 256,000 | bf16_mfu: 0.00 | epoch: 1 pq: 1 rg: 13 | total time: 2.92m | eta: 82.3m
step 00097/02520 (3.85%) | loss: 4.770959 | lrm: 1.00 | dt: 2058.34ms | tok/sec: 254,714 | bf16_mfu: 0.00 | epoch: 1 pq: 1 rg: 14 | total time: 2.95m | eta: 82.3m
step 00098/02520 (3.89%) | loss: 4.760064 | lrm: 1.00 | dt: 2072.23ms | tok/sec: 253,006 | bf16_mfu: 0.00 | epoch: 1 pq: 1 rg: 15 | total time: 2.99m | eta: 82.3m
step 00099/02520 (3.93%) | loss: 4.749870 | lrm: 1.00 | dt: 2048.56ms | tok/sec: 255,930 | bf16_mfu: 0.00 | epoch: 1 pq: 1 rg: 16 | total time: 3.02m | eta: 82.2m
step 00100/02520 (3.97%) | loss: 4.723858 | lrm: 1.00 | dt: 2068.59ms | tok/sec: 253,451 | bf16_mfu: 0.00 | epoch: 1 pq: 1 rg: 17 | total time: 3.06m | eta: 82.2m
step 00101/02520 (4.01%) | loss: 4.717223 | lrm: 1.00 | dt: 2036.57ms | tok/sec: 257,436 | bf16_mfu: 0.00 | epoch: 1 pq: 1 rg: 18 | total time: 3.09m | eta: 82.2m
step 00102/02520 (4.05%) | loss: 4.704569 | lrm: 1.00 | dt: 2036.54ms | tok/sec: 257,441 | bf16_mfu: 0.00 | epoch: 1 pq: 1 rg: 19 | total time: 3.13m | eta: 82.2m
step 00103/02520 (4.09%) | loss: 4.695797 | lrm: 1.00 | dt: 2058.00ms | tok/sec: 254,755 | bf16_mfu: 0.00 | epoch: 1 pq: 1 rg: 20 | total time: 3.16m | eta: 82.1m
step 00104/02520 (4.13%) | loss: 4.683243 | lrm: 1.00 | dt: 2053.37ms | tok/sec: 255,330 | bf16_mfu: 0.00 | epoch: 1 pq: 1 rg: 21 | total time: 3.19m | eta: 82.1m
step 00105/02520 (4.17%) | loss: 4.670354 | lrm: 1.00 | dt: 2021.20ms | tok/sec: 259,394 | bf16_mfu: 0.00 | epoch: 1 pq: 1 rg: 22 | total time: 3.23m | eta: 82.1m
step 00106/02520 (4.21%) | loss: 4.650746 | lrm: 1.00 | dt: 2020.71ms | tok/sec: 259,456 | bf16_mfu: 0.00 | epoch: 1 pq: 1 rg: 23 | total time: 3.26m | eta: 82.0m
step 00107/02520 (4.25%) | loss: 4.635870 | lrm: 1.00 | dt: 2019.20ms | tok/sec: 259,651 | bf16_mfu: 0.00 | epoch: 1 pq: 1 rg: 24 | total time: 3.30m | eta: 82.0m
step 00108/02520 (4.29%) | loss: 4.624124 | lrm: 1.00 | dt: 2044.39ms | tok/sec: 256,452 | bf16_mfu: 0.00 | epoch: 1 pq: 1 rg: 25 | total time: 3.33m | eta: 81.9m
step 00109/02520 (4.33%) | loss: 4.605911 | lrm: 1.00 | dt: 2025.56ms | tok/sec: 258,836 | bf16_mfu: 0.00 | epoch: 1 pq: 1 rg: 26 | total time: 3.36m | eta: 81.9m
step 00110/02520 (4.37%) | loss: 4.580511 | lrm: 1.00 | dt: 2035.32ms | tok/sec: 257,594 | bf16_mfu: 0.00 | epoch: 1 pq: 1 rg: 26 | total time: 3.40m | eta: 81.9m
step 00111/02520 (4.40%) | loss: 4.558312 | lrm: 1.00 | dt: 2024.28ms | tok/sec: 258,999 | bf16_mfu: 0.00 | epoch: 1 pq: 1 rg: 27 | total time: 3.43m | eta: 81.8m
step 00112/02520 (4.44%) | loss: 4.547006 | lrm: 1.00 | dt: 2067.18ms | tok/sec: 253,624 | bf16_mfu: 0.00 | epoch: 1 pq: 1 rg: 28 | total time: 3.47m | eta: 81.8m
step 00113/02520 (4.48%) | loss: 4.531088 | lrm: 1.00 | dt: 2039.80ms | tok/sec: 257,028 | bf16_mfu: 0.00 | epoch: 1 pq: 1 rg: 29 | total time: 3.50m | eta: 81.8m
step 00114/02520 (4.52%) | loss: 4.524521 | lrm: 1.00 | dt: 2021.85ms | tok/sec: 259,311 | bf16_mfu: 0.00 | epoch: 1 pq: 1 rg: 30 | total time: 3.53m | eta: 81.7m
step 00115/02520 (4.56%) | loss: 4.510944 | lrm: 1.00 | dt: 2010.97ms | tok/sec: 260,714 | bf16_mfu: 0.00 | epoch: 1 pq: 1 rg: 31 | total time: 3.57m | eta: 81.7m
step 00116/02520 (4.60%) | loss: 4.496621 | lrm: 1.00 | dt: 2010.83ms | tok/sec: 260,731 | bf16_mfu: 0.00 | epoch: 1 pq: 1 rg: 32 | total time: 3.60m | eta: 81.6m
step 00117/02520 (4.64%) | loss: 4.481748 | lrm: 1.00 | dt: 2008.09ms | tok/sec: 261,087 | bf16_mfu: 0.00 | epoch: 1 pq: 1 rg: 33 | total time: 3.63m | eta: 81.6m
step 00118/02520 (4.68%) | loss: 4.471286 | lrm: 1.00 | dt: 2008.25ms | tok/sec: 261,067 | bf16_mfu: 0.00 | epoch: 1 pq: 1 rg: 34 | total time: 3.67m | eta: 81.6m
step 00119/02520 (4.72%) | loss: 4.458019 | lrm: 1.00 | dt: 2042.05ms | tok/sec: 256,746 | bf16_mfu: 0.00 | epoch: 1 pq: 1 rg: 35 | total time: 3.70m | eta: 81.5m
step 00120/02520 (4.76%) | loss: 4.434162 | lrm: 1.00 | dt: 2006.61ms | tok/sec: 261,281 | bf16_mfu: 0.00 | epoch: 1 pq: 1 rg: 36 | total time: 3.73m | eta: 81.5m
step 00121/02520 (4.80%) | loss: 4.405632 | lrm: 1.00 | dt: 2024.79ms | tok/sec: 258,933 | bf16_mfu: 0.00 | epoch: 1 pq: 1 rg: 37 | total time: 3.77m | eta: 81.4m
step 00122/02520 (4.84%) | loss: 4.402433 | lrm: 1.00 | dt: 2025.99ms | tok/sec: 258,781 | bf16_mfu: 0.00 | epoch: 1 pq: 1 rg: 38 | total time: 3.80m | eta: 81.4m
step 00123/02520 (4.88%) | loss: 4.387398 | lrm: 1.00 | dt: 2068.68ms | tok/sec: 253,441 | bf16_mfu: 0.00 | epoch: 1 pq: 1 rg: 39 | total time: 3.84m | eta: 81.4m
step 00124/02520 (4.92%) | loss: 4.375456 | lrm: 1.00 | dt: 2006.32ms | tok/sec: 261,318 | bf16_mfu: 0.00 | epoch: 1 pq: 1 rg: 40 | total time: 3.87m | eta: 81.3m
step 00125/02520 (4.96%) | loss: 4.362241 | lrm: 1.00 | dt: 2007.90ms | tok/sec: 261,112 | bf16_mfu: 0.00 | epoch: 1 pq: 1 rg: 41 | total time: 3.90m | eta: 81.3m
2026-09-27 16:35:56,359 - nanochat.checkpoint_manager - [32m[1mINFO[0m - Saved model parameters to: /home/neo/.cache/nanochat/base_checkpoints/looped_L8_lr1_lr1_h1.0_s0/model_000126.pt
2026-09-27 16:35:56,804 - nanochat.checkpoint_manager - [32m[1mINFO[0m - Saved optimizer state to: /home/neo/.cache/nanochat/base_checkpoints/looped_L8_lr1_lr1_h1.0_s0/optim_000126_rank0.pt
2026-09-27 16:35:56,805 - nanochat.checkpoint_manager - [32m[1mINFO[0m - Saved metadata to: /home/neo/.cache/nanochat/base_checkpoints/looped_L8_lr1_lr1_h1.0_s0/meta_000126.json
step 00126/02520 (5.00%) | loss: 4.335062 | lrm: 1.00 | dt: 1988.75ms | tok/sec: 263,626 | bf16_mfu: 0.00 | epoch: 1 pq: 1 rg: 42 | total time: 3.94m | eta: 81.2m
step 00127/02520 (5.04%) | loss: 4.318175 | lrm: 1.00 | dt: 2029.21ms | tok/sec: 258,370 | bf16_mfu: 0.00 | epoch: 1 pq: 1 rg: 43 | total time: 3.97m | eta: 81.2m
step 00128/02520 (5.08%) | loss: 4.314536 | lrm: 1.00 | dt: 2005.24ms | tok/sec: 261,458 | bf16_mfu: 0.00 | epoch: 1 pq: 1 rg: 44 | total time: 4.00m | eta: 81.2m
step 00129/02520 (5.12%) | loss: 4.310417 | lrm: 1.00 | dt: 2005.04ms | tok/sec: 261,485 | bf16_mfu: 0.00 | epoch: 1 pq: 1 rg: 45 | total time: 4.04m | eta: 81.1m
step 00130/02520 (5.16%) | loss: 4.302511 | lrm: 1.00 | dt: 2031.52ms | tok/sec: 258,076 | bf16_mfu: 0.00 | epoch: 1 pq: 1 rg: 46 | total time: 4.07m | eta: 81.1m
step 00131/02520 (5.20%) | loss: 4.285375 | lrm: 1.00 | dt: 2057.59ms | tok/sec: 254,807 | bf16_mfu: 0.00 | epoch: 1 pq: 1 rg: 47 | total time: 4.11m | eta: 81.1m
step 00132/02520 (5.24%) | loss: 4.274458 | lrm: 1.00 | dt: 2034.96ms | tok/sec: 257,640 | bf16_mfu: 0.00 | epoch: 1 pq: 1 rg: 48 | total time: 4.14m | eta: 81.0m
step 00133/02520 (5.28%) | loss: 4.265945 | lrm: 1.00 | dt: 2074.95ms | tok/sec: 252,675 | bf16_mfu: 0.00 | epoch: 1 pq: 1 rg: 49 | total time: 4.17m | eta: 81.0m
step 00134/02520 (5.32%) | loss: 4.254298 | lrm: 1.00 | dt: 2026.86ms | tok/sec: 258,669 | bf16_mfu: 0.00 | epoch: 1 pq: 1 rg: 50 | total time: 4.21m | eta: 81.0m
step 00135/02520 (5.36%) | loss: 4.243647 | lrm: 1.00 | dt: 2045.44ms | tok/sec: 256,319 | bf16_mfu: 0.00 | epoch: 1 pq: 1 rg: 51 | total time: 4.24m | eta: 80.9m
step 00136/02520 (5.40%) | loss: 4.225589 | lrm: 1.00 | dt: 2035.53ms | tok/sec: 257,568 | bf16_mfu: 0.00 | epoch: 1 pq: 1 rg: 52 | total time: 4.28m | eta: 80.9m
step 00137/02520 (5.44%) | loss: 4.215092 | lrm: 1.00 | dt: 2010.13ms | tok/sec: 260,822 | bf16_mfu: 0.00 | epoch: 1 pq: 1 rg: 53 | total time: 4.31m | eta: 80.9m
step 00138/02520 (5.48%) | loss: 4.202021 | lrm: 1.00 | dt: 2015.05ms | tok/sec: 260,186 | bf16_mfu: 0.00 | epoch: 1 pq: 1 rg: 54 | total time: 4.34m | eta: 80.8m
step 00139/02520 (5.52%) | loss: 4.188108 | lrm: 1.00 | dt: 2036.79ms | tok/sec: 257,408 | bf16_mfu: 0.00 | epoch: 1 pq: 1 rg: 55 | total time: 4.38m | eta: 80.8m
step 00140/02520 (5.56%) | loss: 4.170616 | lrm: 1.00 | dt: 2015.60ms | tok/sec: 260,115 | bf16_mfu: 0.00 | epoch: 1 pq: 1 rg: 56 | total time: 4.41m | eta: 80.7m
step 00141/02520 (5.60%) | loss: 4.163884 | lrm: 1.00 | dt: 2005.76ms | tok/sec: 261,391 | bf16_mfu: 0.00 | epoch: 1 pq: 1 rg: 57 | total time: 4.44m | eta: 80.7m
step 00142/02520 (5.63%) | loss: 4.152130 | lrm: 1.00 | dt: 2006.29ms | tok/sec: 261,322 | bf16_mfu: 0.00 | epoch: 1 pq: 1 rg: 57 | total time: 4.48m | eta: 80.7m
step 00143/02520 (5.67%) | loss: 4.141132 | lrm: 1.00 | dt: 2007.30ms | tok/sec: 261,190 | bf16_mfu: 0.00 | epoch: 1 pq: 1 rg: 58 | total time: 4.51m | eta: 80.6m
step 00144/02520 (5.71%) | loss: 4.140556 | lrm: 1.00 | dt: 2003.90ms | tok/sec: 261,634 | bf16_mfu: 0.00 | epoch: 1 pq: 1 rg: 59 | total time: 4.54m | eta: 80.6m
step 00145/02520 (5.75%) | loss: 4.122846 | lrm: 1.00 | dt: 2006.26ms | tok/sec: 261,326 | bf16_mfu: 0.00 | epoch: 1 pq: 1 rg: 60 | total time: 4.58m | eta: 80.5m
step 00146/02520 (5.79%) | loss: 4.119402 | lrm: 1.00 | dt: 2005.51ms | tok/sec: 261,423 | bf16_mfu: 0.00 | epoch: 1 pq: 1 rg: 61 | total time: 4.61m | eta: 80.5m
step 00147/02520 (5.83%) | loss: 4.124152 | lrm: 1.00 | dt: 2007.31ms | tok/sec: 261,189 | bf16_mfu: 0.00 | epoch: 1 pq: 1 rg: 62 | total time: 4.64m | eta: 80.4m
step 00148/02520 (5.87%) | loss: 4.111811 | lrm: 1.00 | dt: 2006.90ms | tok/sec: 261,242 | bf16_mfu: 0.00 | epoch: 1 pq: 1 rg: 63 | total time: 4.68m | eta: 80.4m
step 00149/02520 (5.91%) | loss: 4.092773 | lrm: 1.00 | dt: 2005.63ms | tok/sec: 261,408 | bf16_mfu: 0.00 | epoch: 1 pq: 1 rg: 64 | total time: 4.71m | eta: 80.4m
step 00150/02520 (5.95%) | loss: 4.090633 | lrm: 1.00 | dt: 2014.54ms | tok/sec: 260,251 | bf16_mfu: 0.00 | epoch: 1 pq: 1 rg: 65 | total time: 4.74m | eta: 80.3m
step 00151/02520 (5.99%) | loss: 4.078512 | lrm: 1.00 | dt: 2009.16ms | tok/sec: 260,948 | bf16_mfu: 0.00 | epoch: 1 pq: 1 rg: 66 | total time: 4.78m | eta: 80.3m
step 00152/02520 (6.03%) | loss: 4.066707 | lrm: 1.00 | dt: 2025.00ms | tok/sec: 258,907 | bf16_mfu: 0.00 | epoch: 1 pq: 1 rg: 67 | total time: 4.81m | eta: 80.2m
step 00153/02520 (6.07%) | loss: 4.057665 | lrm: 1.00 | dt: 2017.65ms | tok/sec: 259,850 | bf16_mfu: 0.00 | epoch: 1 pq: 1 rg: 68 | total time: 4.85m | eta: 80.2m
step 00154/02520 (6.11%) | loss: 4.053355 | lrm: 1.00 | dt: 2018.64ms | tok/sec: 259,722 | bf16_mfu: 0.00 | epoch: 1 pq: 1 rg: 69 | total time: 4.88m | eta: 80.2m
step 00155/02520 (6.15%) | loss: 4.038111 | lrm: 1.00 | dt: 2053.60ms | tok/sec: 255,301 | bf16_mfu: 0.00 | epoch: 1 pq: 1 rg: 70 | total time: 4.91m | eta: 80.1m
step 00156/02520 (6.19%) | loss: 4.020478 | lrm: 1.00 | dt: 2009.34ms | tok/sec: 260,925 | bf16_mfu: 0.00 | epoch: 1 pq: 1 rg: 71 | total time: 4.95m | eta: 80.1m
step 00157/02520 (6.23%) | loss: 4.003671 | lrm: 1.00 | dt: 2007.62ms | tok/sec: 261,149 | bf16_mfu: 0.00 | epoch: 1 pq: 1 rg: 72 | total time: 4.98m | eta: 80.1m
step 00158/02520 (6.27%) | loss: 3.983667 | lrm: 1.00 | dt: 2050.93ms | tok/sec: 255,634 | bf16_mfu: 0.00 | epoch: 1 pq: 1 rg: 73 | total time: 5.01m | eta: 80.0m
step 00159/02520 (6.31%) | loss: 3.985522 | lrm: 1.00 | dt: 2050.88ms | tok/sec: 255,640 | bf16_mfu: 0.00 | epoch: 1 pq: 1 rg: 74 | total time: 5.05m | eta: 80.0m
step 00160/02520 (6.35%) | loss: 3.979951 | lrm: 1.00 | dt: 2041.86ms | tok/sec: 256,770 | bf16_mfu: 0.00 | epoch: 1 pq: 1 rg: 75 | total time: 5.08m | eta: 80.0m
step 00161/02520 (6.39%) | loss: 3.972850 | lrm: 1.00 | dt: 2054.16ms | tok/sec: 255,231 | bf16_mfu: 0.00 | epoch: 1 pq: 1 rg: 76 | total time: 5.12m | eta: 79.9m
step 00162/02520 (6.43%) | loss: 3.959465 | lrm: 1.00 | dt: 2027.03ms | tok/sec: 258,648 | bf16_mfu: 0.00 | epoch: 1 pq: 1 rg: 77 | total time: 5.15m | eta: 79.9m
step 00163/02520 (6.47%) | loss: 3.946764 | lrm: 1.00 | dt: 2047.77ms | tok/sec: 256,028 | bf16_mfu: 0.00 | epoch: 1 pq: 1 rg: 78 | total time: 5.19m | eta: 79.9m
step 00164/02520 (6.51%) | loss: 3.929831 | lrm: 1.00 | dt: 2020.64ms | tok/sec: 259,466 | bf16_mfu: 0.00 | epoch: 1 pq: 1 rg: 79 | total time: 5.22m | eta: 79.8m
step 00165/02520 (6.55%) | loss: 3.929846 | lrm: 1.00 | dt: 2034.25ms | tok/sec: 257,730 | bf16_mfu: 0.00 | epoch: 1 pq: 1 rg: 80 | total time: 5.25m | eta: 79.8m
step 00166/02520 (6.59%) | loss: 3.925730 | lrm: 1.00 | dt: 2045.60ms | tok/sec: 256,300 | bf16_mfu: 0.00 | epoch: 1 pq: 1 rg: 81 | total time: 5.29m | eta: 79.8m
step 00167/02520 (6.63%) | loss: 3.918443 | lrm: 1.00 | dt: 2016.01ms | tok/sec: 260,061 | bf16_mfu: 0.00 | epoch: 1 pq: 1 rg: 82 | total time: 5.32m | eta: 79.7m
step 00168/02520 (6.67%) | loss: 3.913739 | lrm: 1.00 | dt: 2019.16ms | tok/sec: 259,656 | bf16_mfu: 0.00 | epoch: 1 pq: 1 rg: 83 | total time: 5.35m | eta: 79.7m
step 00169/02520 (6.71%) | loss: 3.894366 | lrm: 1.00 | dt: 2011.79ms | tok/sec: 260,607 | bf16_mfu: 0.00 | epoch: 1 pq: 2 rg: 0 | total time: 5.39m | eta: 79.7m
step 00170/02520 (6.75%) | loss: 3.880426 | lrm: 1.00 | dt: 2006.71ms | tok/sec: 261,266 | bf16_mfu: 0.00 | epoch: 1 pq: 2 rg: 1 | total time: 5.42m | eta: 79.6m
step 00171/02520 (6.79%) | loss: 3.867075 | lrm: 1.00 | dt: 2006.00ms | tok/sec: 261,359 | bf16_mfu: 0.00 | epoch: 1 pq: 2 rg: 2 | total time: 5.45m | eta: 79.6m
step 00172/02520 (6.83%) | loss: 3.865009 | lrm: 1.00 | dt: 2005.86ms | tok/sec: 261,378 | bf16_mfu: 0.00 | epoch: 1 pq: 2 rg: 3 | total time: 5.49m | eta: 79.5m
step 00173/02520 (6.87%) | loss: 3.879550 | lrm: 1.00 | dt: 2006.92ms | tok/sec: 261,239 | bf16_mfu: 0.00 | epoch: 1 pq: 2 rg: 4 | total time: 5.52m | eta: 79.5m
step 00174/02520 (6.90%) | loss: 3.859192 | lrm: 1.00 | dt: 2004.12ms | tok/sec: 261,605 | bf16_mfu: 0.00 | epoch: 1 pq: 2 rg: 5 | total time: 5.55m | eta: 79.5m
step 00175/02520 (6.94%) | loss: 3.852750 | lrm: 1.00 | dt: 2004.98ms | tok/sec: 261,493 | bf16_mfu: 0.00 | epoch: 1 pq: 2 rg: 6 | total time: 5.59m | eta: 79.4m
step 00176/02520 (6.98%) | loss: 3.849435 | lrm: 1.00 | dt: 2004.55ms | tok/sec: 261,548 | bf16_mfu: 0.00 | epoch: 1 pq: 2 rg: 7 | total time: 5.62m | eta: 79.4m
step 00177/02520 (7.02%) | loss: 3.851796 | lrm: 1.00 | dt: 2005.51ms | tok/sec: 261,423 | bf16_mfu: 0.00 | epoch: 1 pq: 2 rg: 8 | total time: 5.65m | eta: 79.3m
step 00178/02520 (7.06%) | loss: 3.840277 | lrm: 1.00 | dt: 2004.32ms | tok/sec: 261,579 | bf16_mfu: 0.00 | epoch: 1 pq: 2 rg: 9 | total time: 5.69m | eta: 79.3m
step 00179/02520 (7.10%) | loss: 3.836919 | lrm: 1.00 | dt: 2035.67ms | tok/sec: 257,550 | bf16_mfu: 0.00 | epoch: 1 pq: 2 rg: 10 | total time: 5.72m | eta: 79.3m
step 00180/02520 (7.14%) | loss: 3.821789 | lrm: 1.00 | dt: 2078.63ms | tok/sec: 252,227 | bf16_mfu: 0.00 | epoch: 1 pq: 2 rg: 10 | total time: 5.76m | eta: 79.2m
step 00181/02520 (7.18%) | loss: 3.834213 | lrm: 1.00 | dt: 2079.01ms | tok/sec: 252,182 | bf16_mfu: 0.00 | epoch: 1 pq: 2 rg: 11 | total time: 5.79m | eta: 79.2m
step 00182/02520 (7.22%) | loss: 3.809895 | lrm: 1.00 | dt: 2035.96ms | tok/sec: 257,514 | bf16_mfu: 0.00 | epoch: 1 pq: 2 rg: 12 | total time: 5.83m | eta: 79.2m
step 00183/02520 (7.26%) | loss: 3.806793 | lrm: 1.00 | dt: 2061.29ms | tok/sec: 254,349 | bf16_mfu: 0.00 | epoch: 1 pq: 2 rg: 13 | total time: 5.86m | eta: 79.2m
step 00184/02520 (7.30%) | loss: 3.809319 | lrm: 1.00 | dt: 2031.39ms | tok/sec: 258,093 | bf16_mfu: 0.00 | epoch: 1 pq: 2 rg: 14 | total time: 5.89m | eta: 79.1m
step 00185/02520 (7.34%) | loss: 3.810716 | lrm: 1.00 | dt: 2029.69ms | tok/sec: 258,308 | bf16_mfu: 0.00 | epoch: 1 pq: 2 rg: 15 | total time: 5.93m | eta: 79.1m
step 00186/02520 (7.38%) | loss: 3.810338 | lrm: 1.00 | dt: 2029.59ms | tok/sec: 258,322 | bf16_mfu: 0.00 | epoch: 1 pq: 2 rg: 16 | total time: 5.96m | eta: 79.1m
step 00187/02520 (7.42%) | loss: 3.806339 | lrm: 1.00 | dt: 2007.85ms | tok/sec: 261,118 | bf16_mfu: 0.00 | epoch: 1 pq: 2 rg: 17 | total time: 5.99m | eta: 79.0m
step 00188/02520 (7.46%) | loss: 3.807843 | lrm: 1.00 | dt: 2030.67ms | tok/sec: 258,184 | bf16_mfu: 0.00 | epoch: 1 pq: 2 rg: 18 | total time: 6.03m | eta: 79.0m
step 00189/02520 (7.50%) | loss: 3.805959 | lrm: 1.00 | dt: 2022.53ms | tok/sec: 259,223 | bf16_mfu: 0.00 | epoch: 1 pq: 2 rg: 19 | total time: 6.06m | eta: 78.9m
step 00190/02520 (7.54%) | loss: 3.816267 | lrm: 1.00 | dt: 2027.49ms | tok/sec: 258,589 | bf16_mfu: 0.00 | epoch: 1 pq: 2 rg: 20 | total time: 6.10m | eta: 78.9m
step 00191/02520 (7.58%) | loss: 3.812462 | lrm: 1.00 | dt: 2022.67ms | tok/sec: 259,205 | bf16_mfu: 0.00 | epoch: 1 pq: 2 rg: 21 | total time: 6.13m | eta: 78.9m
step 00192/02520 (7.62%) | loss: 3.812425 | lrm: 1.00 | dt: 2020.20ms | tok/sec: 259,522 | bf16_mfu: 0.00 | epoch: 1 pq: 2 rg: 22 | total time: 6.16m | eta: 78.8m
step 00193/02520 (7.66%) | loss: 3.806955 | lrm: 1.00 | dt: 2004.01ms | tok/sec: 261,619 | bf16_mfu: 0.00 | epoch: 1 pq: 2 rg: 23 | total time: 6.20m | eta: 78.8m
step 00194/02520 (7.70%) | loss: 3.804635 | lrm: 1.00 | dt: 2017.80ms | tok/sec: 259,830 | bf16_mfu: 0.00 | epoch: 1 pq: 2 rg: 24 | total time: 6.23m | eta: 78.8m
step 00195/02520 (7.74%) | loss: 3.794712 | lrm: 1.00 | dt: 2032.09ms | tok/sec: 258,004 | bf16_mfu: 0.00 | epoch: 1 pq: 2 rg: 25 | total time: 6.26m | eta: 78.7m
step 00196/02520 (7.78%) | loss: 3.789280 | lrm: 1.00 | dt: 2010.83ms | tok/sec: 260,732 | bf16_mfu: 0.00 | epoch: 1 pq: 2 rg: 26 | total time: 6.30m | eta: 78.7m
step 00197/02520 (7.82%) | loss: 3.780263 | lrm: 1.00 | dt: 2013.96ms | tok/sec: 260,327 | bf16_mfu: 0.00 | epoch: 1 pq: 2 rg: 27 | total time: 6.33m | eta: 78.7m
step 00198/02520 (7.86%) | loss: 3.778782 | lrm: 1.00 | dt: 2048.12ms | tok/sec: 255,985 | bf16_mfu: 0.00 | epoch: 1 pq: 2 rg: 28 | total time: 6.37m | eta: 78.6m
step 00199/02520 (7.90%) | loss: 3.775731 | lrm: 1.00 | dt: 2041.05ms | tok/sec: 256,871 | bf16_mfu: 0.00 | epoch: 1 pq: 2 rg: 29 | total time: 6.40m | eta: 78.6m
step 00200/02520 (7.94%) | loss: 3.778523 | lrm: 1.00 | dt: 2072.06ms | tok/sec: 253,027 | bf16_mfu: 0.00 | epoch: 1 pq: 2 rg: 30 | total time: 6.43m | eta: 78.6m
step 00201/02520 (7.98%) | loss: 3.773482 | lrm: 1.00 | dt: 2028.18ms | tok/sec: 258,501 | bf16_mfu: 0.00 | epoch: 1 pq: 2 rg: 31 | total time: 6.47m | eta: 78.5m
step 00202/02520 (8.02%) | loss: 3.774796 | lrm: 1.00 | dt: 2045.77ms | tok/sec: 256,279 | bf16_mfu: 0.00 | epoch: 1 pq: 2 rg: 32 | total time: 6.50m | eta: 78.5m
step 00203/02520 (8.06%) | loss: 3.776974 | lrm: 1.00 | dt: 2051.49ms | tok/sec: 255,564 | bf16_mfu: 0.00 | epoch: 1 pq: 2 rg: 33 | total time: 6.54m | eta: 78.5m
step 00204/02520 (8.10%) | loss: 3.775500 | lrm: 1.00 | dt: 2076.33ms | tok/sec: 252,507 | bf16_mfu: 0.00 | epoch: 1 pq: 2 rg: 34 | total time: 6.57m | eta: 78.4m
step 00205/02520 (8.13%) | loss: 3.780702 | lrm: 1.00 | dt: 2020.76ms | tok/sec: 259,450 | bf16_mfu: 0.00 | epoch: 1 pq: 2 rg: 35 | total time: 6.60m | eta: 78.4m
step 00206/02520 (8.17%) | loss: 3.765534 | lrm: 1.00 | dt: 2029.17ms | tok/sec: 258,375 | bf16_mfu: 0.00 | epoch: 1 pq: 2 rg: 36 | total time: 6.64m | eta: 78.4m
step 00207/02520 (8.21%) | loss: 3.766374 | lrm: 1.00 | dt: 2034.00ms | tok/sec: 257,762 | bf16_mfu: 0.00 | epoch: 1 pq: 2 rg: 37 | total time: 6.67m | eta: 78.3m
step 00208/02520 (8.25%) | loss: 3.769741 | lrm: 1.00 | dt: 2034.69ms | tok/sec: 257,674 | bf16_mfu: 0.00 | epoch: 1 pq: 2 rg: 38 | total time: 6.71m | eta: 78.3m
step 00209/02520 (8.29%) | loss: 3.757745 | lrm: 1.00 | dt: 2021.44ms | tok/sec: 259,363 | bf16_mfu: 0.00 | epoch: 1 pq: 2 rg: 38 | total time: 6.74m | eta: 78.3m
step 00210/02520 (8.33%) | loss: 3.746825 | lrm: 1.00 | dt: 2041.43ms | tok/sec: 256,823 | bf16_mfu: 0.00 | epoch: 1 pq: 2 rg: 39 | total time: 6.77m | eta: 78.2m
step 00211/02520 (8.37%) | loss: 3.750836 | lrm: 1.00 | dt: 2049.60ms | tok/sec: 255,799 | bf16_mfu: 0.00 | epoch: 1 pq: 2 rg: 40 | total time: 6.81m | eta: 78.2m
step 00212/02520 (8.41%) | loss: 3.743723 | lrm: 1.00 | dt: 2012.58ms | tok/sec: 260,505 | bf16_mfu: 0.00 | epoch: 1 pq: 2 rg: 41 | total time: 6.84m | eta: 78.2m
step 00213/02520 (8.45%) | loss: 3.742939 | lrm: 1.00 | dt: 2011.07ms | tok/sec: 260,700 | bf16_mfu: 0.00 | epoch: 1 pq: 2 rg: 42 | total time: 6.88m | eta: 78.1m
step 00214/02520 (8.49%) | loss: 3.738809 | lrm: 1.00 | dt: 2007.09ms | tok/sec: 261,217 | bf16_mfu: 0.00 | epoch: 1 pq: 2 rg: 43 | total time: 6.91m | eta: 78.1m
step 00215/02520 (8.53%) | loss: 3.734575 | lrm: 1.00 | dt: 2015.67ms | tok/sec: 260,106 | bf16_mfu: 0.00 | epoch: 1 pq: 2 rg: 44 | total time: 6.94m | eta: 78.1m
step 00216/02520 (8.57%) | loss: 3.727220 | lrm: 1.00 | dt: 2019.37ms | tok/sec: 259,630 | bf16_mfu: 0.00 | epoch: 1 pq: 2 rg: 45 | total time: 6.98m | eta: 78.0m
step 00217/02520 (8.61%) | loss: 3.721164 | lrm: 1.00 | dt: 2002.78ms | tok/sec: 261,780 | bf16_mfu: 0.00 | epoch: 1 pq: 2 rg: 46 | total time: 7.01m | eta: 78.0m
step 00218/02520 (8.65%) | loss: 3.713930 | lrm: 1.00 | dt: 2042.09ms | tok/sec: 256,741 | bf16_mfu: 0.00 | epoch: 1 pq: 2 rg: 47 | total time: 7.04m | eta: 78.0m
step 00219/02520 (8.69%) | loss: 3.714427 | lrm: 1.00 | dt: 2044.80ms | tok/sec: 256,401 | bf16_mfu: 0.00 | epoch: 1 pq: 2 rg: 48 | total time: 7.08m | eta: 77.9m
step 00220/02520 (8.73%) | loss: 3.709253 | lrm: 1.00 | dt: 2047.36ms | tok/sec: 256,079 | bf16_mfu: 0.00 | epoch: 1 pq: 2 rg: 49 | total time: 7.11m | eta: 77.9m
step 00221/02520 (8.77%) | loss: 3.699660 | lrm: 1.00 | dt: 2025.38ms | tok/sec: 258,859 | bf16_mfu: 0.00 | epoch: 1 pq: 2 rg: 50 | total time: 7.15m | eta: 77.9m
step 00222/02520 (8.81%) | loss: 3.705751 | lrm: 1.00 | dt: 2027.87ms | tok/sec: 258,541 | bf16_mfu: 0.00 | epoch: 1 pq: 2 rg: 51 | total time: 7.18m | eta: 77.8m
step 00223/02520 (8.85%) | loss: 3.695912 | lrm: 1.00 | dt: 2035.04ms | tok/sec: 257,630 | bf16_mfu: 0.00 | epoch: 1 pq: 2 rg: 52 | total time: 7.21m | eta: 77.8m
step 00224/02520 (8.89%) | loss: 3.697314 | lrm: 1.00 | dt: 2056.16ms | tok/sec: 254,983 | bf16_mfu: 0.00 | epoch: 1 pq: 2 rg: 53 | total time: 7.25m | eta: 77.8m
step 00225/02520 (8.93%) | loss: 3.696615 | lrm: 1.00 | dt: 2056.31ms | tok/sec: 254,965 | bf16_mfu: 0.00 | epoch: 1 pq: 2 rg: 54 | total time: 7.28m | eta: 77.7m
step 00226/02520 (8.97%) | loss: 3.692659 | lrm: 1.00 | dt: 2005.01ms | tok/sec: 261,489 | bf16_mfu: 0.00 | epoch: 1 pq: 2 rg: 55 | total time: 7.31m | eta: 77.7m
step 00227/02520 (9.01%) | loss: 3.675964 | lrm: 1.00 | dt: 2004.48ms | tok/sec: 261,557 | bf16_mfu: 0.00 | epoch: 1 pq: 2 rg: 56 | total time: 7.35m | eta: 77.6m
step 00228/02520 (9.05%) | loss: 3.674185 | lrm: 1.00 | dt: 2055.92ms | tok/sec: 255,013 | bf16_mfu: 0.00 | epoch: 1 pq: 2 rg: 57 | total time: 7.38m | eta: 77.6m
step 00229/02520 (9.09%) | loss: 3.671250 | lrm: 1.00 | dt: 2017.38ms | tok/sec: 259,886 | bf16_mfu: 0.00 | epoch: 1 pq: 2 rg: 58 | total time: 7.42m | eta: 77.6m
step 00230/02520 (9.13%) | loss: 3.673129 | lrm: 1.00 | dt: 2023.53ms | tok/sec: 259,095 | bf16_mfu: 0.00 | epoch: 1 pq: 2 rg: 59 | total time: 7.45m | eta: 77.5m
step 00231/02520 (9.17%) | loss: 3.670489 | lrm: 1.00 | dt: 2038.01ms | tok/sec: 257,255 | bf16_mfu: 0.00 | epoch: 1 pq: 2 rg: 60 | total time: 7.48m | eta: 77.5m
step 00232/02520 (9.21%) | loss: 3.665481 | lrm: 1.00 | dt: 2024.85ms | tok/sec: 258,926 | bf16_mfu: 0.00 | epoch: 1 pq: 2 rg: 61 | total time: 7.52m | eta: 77.5m
step 00233/02520 (9.25%) | loss: 3.678663 | lrm: 1.00 | dt: 2000.86ms | tok/sec: 262,031 | bf16_mfu: 0.00 | epoch: 1 pq: 2 rg: 62 | total time: 7.55m | eta: 77.4m
step 00234/02520 (9.29%) | loss: 3.667620 | lrm: 1.00 | dt: 2009.00ms | tok/sec: 260,970 | bf16_mfu: 0.00 | epoch: 1 pq: 2 rg: 63 | total time: 7.58m | eta: 77.4m
step 00235/02520 (9.33%) | loss: 3.657705 | lrm: 1.00 | dt: 1999.38ms | tok/sec: 262,225 | bf16_mfu: 0.00 | epoch: 1 pq: 2 rg: 64 | total time: 7.62m | eta: 77.4m
step 00236/02520 (9.37%) | loss: 3.668830 | lrm: 1.00 | dt: 2025.95ms | tok/sec: 258,785 | bf16_mfu: 0.00 | epoch: 1 pq: 2 rg: 65 | total time: 7.65m | eta: 77.3m
step 00237/02520 (9.40%) | loss: 3.665627 | lrm: 1.00 | dt: 2080.08ms | tok/sec: 252,051 | bf16_mfu: 0.00 | epoch: 1 pq: 2 rg: 66 | total time: 7.69m | eta: 77.3m
step 00238/02520 (9.44%) | loss: 3.659774 | lrm: 1.00 | dt: 2046.13ms | tok/sec: 256,233 | bf16_mfu: 0.00 | epoch: 1 pq: 2 rg: 67 | total time: 7.72m | eta: 77.3m
step 00239/02520 (9.48%) | loss: 3.662029 | lrm: 1.00 | dt: 2034.24ms | tok/sec: 257,732 | bf16_mfu: 0.00 | epoch: 1 pq: 2 rg: 68 | total time: 7.75m | eta: 77.2m
step 00240/02520 (9.52%) | loss: 3.650648 | lrm: 1.00 | dt: 2022.79ms | tok/sec: 259,190 | bf16_mfu: 0.00 | epoch: 1 pq: 2 rg: 69 | total time: 7.79m | eta: 77.2m
step 00241/02520 (9.56%) | loss: 3.645905 | lrm: 1.00 | dt: 2017.70ms | tok/sec: 259,844 | bf16_mfu: 0.00 | epoch: 1 pq: 2 rg: 70 | total time: 7.82m | eta: 77.2m
step 00242/02520 (9.60%) | loss: 3.634957 | lrm: 1.00 | dt: 2014.74ms | tok/sec: 260,226 | bf16_mfu: 0.00 | epoch: 1 pq: 2 rg: 71 | total time: 7.86m | eta: 77.1m
step 00243/02520 (9.64%) | loss: 3.644977 | lrm: 1.00 | dt: 2020.09ms | tok/sec: 259,536 | bf16_mfu: 0.00 | epoch: 1 pq: 2 rg: 72 | total time: 7.89m | eta: 77.1m
step 00244/02520 (9.68%) | loss: 3.641526 | lrm: 1.00 | dt: 2003.95ms | tok/sec: 261,626 | bf16_mfu: 0.00 | epoch: 1 pq: 2 rg: 72 | total time: 7.92m | eta: 77.1m
step 00245/02520 (9.72%) | loss: 3.643006 | lrm: 1.00 | dt: 2034.68ms | tok/sec: 257,676 | bf16_mfu: 0.00 | epoch: 1 pq: 2 rg: 73 | total time: 7.96m | eta: 77.0m
step 00246/02520 (9.76%) | loss: 3.633342 | lrm: 1.00 | dt: 2026.37ms | tok/sec: 258,731 | bf16_mfu: 0.00 | epoch: 1 pq: 2 rg: 74 | total time: 7.99m | eta: 77.0m
step 00247/02520 (9.80%) | loss: 3.631715 | lrm: 1.00 | dt: 2019.06ms | tok/sec: 259,669 | bf16_mfu: 0.00 | epoch: 1 pq: 2 rg: 75 | total time: 8.02m | eta: 77.0m
step 00248/02520 (9.84%) | loss: 3.622860 | lrm: 1.00 | dt: 2047.20ms | tok/sec: 256,099 | bf16_mfu: 0.00 | epoch: 1 pq: 2 rg: 76 | total time: 8.06m | eta: 76.9m
step 00249/02520 (9.88%) | loss: 3.612430 | lrm: 1.00 | dt: 2022.29ms | tok/sec: 259,255 | bf16_mfu: 0.00 | epoch: 1 pq: 2 rg: 77 | total time: 8.09m | eta: 76.9m
Step 00250 | Validation bpb: 1.098554
step 00250/02520 (9.92%) | loss: 3.615324 | lrm: 1.00 | dt: 2082.01ms | tok/sec: 251,818 | bf16_mfu: 0.00 | epoch: 1 pq: 2 rg: 78 | total time: 8.13m | eta: 76.9m
step 00251/02520 (9.96%) | loss: 3.611953 | lrm: 1.00 | dt: 2080.88ms | tok/sec: 251,954 | bf16_mfu: 0.00 | epoch: 1 pq: 2 rg: 79 | total time: 8.16m | eta: 76.8m
2026-09-27 16:41:11,470 - nanochat.checkpoint_manager - [32m[1mINFO[0m - Saved model parameters to: /home/neo/.cache/nanochat/base_checkpoints/looped_L8_lr1_lr1_h1.0_s0/model_000252.pt
2026-09-27 16:41:11,945 - nanochat.checkpoint_manager - [32m[1mINFO[0m - Saved optimizer state to: /home/neo/.cache/nanochat/base_checkpoints/looped_L8_lr1_lr1_h1.0_s0/optim_000252_rank0.pt
2026-09-27 16:41:11,945 - nanochat.checkpoint_manager - [32m[1mINFO[0m - Saved metadata to: /home/neo/.cache/nanochat/base_checkpoints/looped_L8_lr1_lr1_h1.0_s0/meta_000252.json
step 00252/02520 (10.00%) | loss: 3.599629 | lrm: 1.00 | dt: 2080.61ms | tok/sec: 251,988 | bf16_mfu: 0.00 | epoch: 1 pq: 2 rg: 80 | total time: 8.20m | eta: 76.8m
step 00253/02520 (10.04%) | loss: 3.602475 | lrm: 1.00 | dt: 2084.31ms | tok/sec: 251,540 | bf16_mfu: 0.00 | epoch: 1 pq: 2 rg: 81 | total time: 8.23m | eta: 76.8m
step 00254/02520 (10.08%) | loss: 3.603147 | lrm: 1.00 | dt: 2079.11ms | tok/sec: 252,169 | bf16_mfu: 0.00 | epoch: 1 pq: 2 rg: 82 | total time: 8.26m | eta: 76.8m
step 00255/02520 (10.12%) | loss: 3.603642 | lrm: 1.00 | dt: 2074.28ms | tok/sec: 252,756 | bf16_mfu: 0.00 | epoch: 1 pq: 3 rg: 0 | total time: 8.30m | eta: 76.7m
step 00256/02520 (10.16%) | loss: 3.603500 | lrm: 1.00 | dt: 2079.27ms | tok/sec: 252,150 | bf16_mfu: 0.00 | epoch: 1 pq: 3 rg: 1 | total time: 8.33m | eta: 76.7m
step 00257/02520 (10.20%) | loss: 3.601503 | lrm: 1.00 | dt: 2090.95ms | tok/sec: 250,742 | bf16_mfu: 0.00 | epoch: 1 pq: 3 rg: 2 | total time: 8.37m | eta: 76.7m
step 00258/02520 (10.24%) | loss: 3.599314 | lrm: 1.00 | dt: 2085.16ms | tok/sec: 251,437 | bf16_mfu: 0.00 | epoch: 1 pq: 3 rg: 3 | total time: 8.40m | eta: 76.6m
step 00259/02520 (10.28%) | loss: 3.603007 | lrm: 1.00 | dt: 2082.86ms | tok/sec: 251,714 | bf16_mfu: 0.00 | epoch: 1 pq: 3 rg: 4 | total time: 8.44m | eta: 76.6m
step 00260/02520 (10.32%) | loss: 3.603636 | lrm: 1.00 | dt: 2089.40ms | tok/sec: 250,927 | bf16_mfu: 0.00 | epoch: 1 pq: 3 rg: 5 | total time: 8.47m | eta: 76.6m
step 00261/02520 (10.36%) | loss: 3.597932 | lrm: 1.00 | dt: 2104.27ms | tok/sec: 249,154 | bf16_mfu: 0.00 | epoch: 1 pq: 3 rg: 6 | total time: 8.51m | eta: 76.6m
step 00262/02520 (10.40%) | loss: 3.587491 | lrm: 1.00 | dt: 2103.49ms | tok/sec: 249,246 | bf16_mfu: 0.00 | epoch: 1 pq: 3 rg: 7 | total time: 8.54m | eta: 76.6m
step 00263/02520 (10.44%) | loss: 3.585180 | lrm: 1.00 | dt: 2115.64ms | tok/sec: 247,815 | bf16_mfu: 0.00 | epoch: 1 pq: 3 rg: 8 | total time: 8.58m | eta: 76.5m
step 00264/02520 (10.48%) | loss: 3.581824 | lrm: 1.00 | dt: 2111.30ms | tok/sec: 248,324 | bf16_mfu: 0.00 | epoch: 1 pq: 3 rg: 9 | total time: 8.61m | eta: 76.5m
step 00265/02520 (10.52%) | loss: 3.582270 | lrm: 1.00 | dt: 2102.29ms | tok/sec: 249,388 | bf16_mfu: 0.00 | epoch: 1 pq: 3 rg: 10 | total time: 8.65m | eta: 76.5m
step 00266/02520 (10.56%) | loss: 3.578487 | lrm: 1.00 | dt: 2097.42ms | tok/sec: 249,968 | bf16_mfu: 0.00 | epoch: 1 pq: 3 rg: 11 | total time: 8.68m | eta: 76.5m
step 00267/02520 (10.60%) | loss: 3.575218 | lrm: 1.00 | dt: 2096.01ms | tok/sec: 250,136 | bf16_mfu: 0.00 | epoch: 1 pq: 3 rg: 12 | total time: 8.72m | eta: 76.4m
step 00268/02520 (10.63%) | loss: 3.574335 | lrm: 1.00 | dt: 2086.43ms | tok/sec: 251,284 | bf16_mfu: 0.00 | epoch: 1 pq: 3 rg: 13 | total time: 8.75m | eta: 76.4m
step 00269/02520 (10.67%) | loss: 3.570194 | lrm: 1.00 | dt: 2108.45ms | tok/sec: 248,660 | bf16_mfu: 0.00 | epoch: 1 pq: 3 rg: 14 | total time: 8.79m | eta: 76.4m
step 00270/02520 (10.71%) | loss: 3.557543 | lrm: 1.00 | dt: 2107.06ms | tok/sec: 248,824 | bf16_mfu: 0.00 | epoch: 1 pq: 3 rg: 15 | total time: 8.82m | eta: 76.4m
step 00271/02520 (10.75%) | loss: 3.558771 | lrm: 1.00 | dt: 2119.00ms | tok/sec: 247,422 | bf16_mfu: 0.00 | epoch: 1 pq: 3 rg: 15 | total time: 8.86m | eta: 76.3m
step 00272/02520 (10.79%) | loss: 3.563730 | lrm: 1.00 | dt: 2120.71ms | tok/sec: 247,222 | bf16_mfu: 0.00 | epoch: 1 pq: 3 rg: 16 | total time: 8.89m | eta: 76.3m
step 00273/02520 (10.83%) | loss: 3.568995 | lrm: 1.00 | dt: 2099.91ms | tok/sec: 249,671 | bf16_mfu: 0.00 | epoch: 1 pq: 3 rg: 17 | total time: 8.93m | eta: 76.3m
step 00274/02520 (10.87%) | loss: 3.565658 | lrm: 1.00 | dt: 2089.08ms | tok/sec: 250,965 | bf16_mfu: 0.00 | epoch: 1 pq: 3 rg: 18 | total time: 8.96m | eta: 76.3m
step 00275/02520 (10.91%) | loss: 3.572199 | lrm: 1.00 | dt: 2092.09ms | tok/sec: 250,604 | bf16_mfu: 0.00 | epoch: 1 pq: 3 rg: 19 | total time: 9.00m | eta: 76.2m
step 00276/02520 (10.95%) | loss: 3.567922 | lrm: 1.00 | dt: 2098.62ms | tok/sec: 249,825 | bf16_mfu: 0.00 | epoch: 1 pq: 3 rg: 20 | total time: 9.03m | eta: 76.2m
step 00277/02520 (10.99%) | loss: 3.557833 | lrm: 1.00 | dt: 2098.67ms | tok/sec: 249,819 | bf16_mfu: 0.00 | epoch: 1 pq: 3 rg: 21 | total time: 9.07m | eta: 76.2m
step 00278/02520 (11.03%) | loss: 3.554658 | lrm: 1.00 | dt: 2096.92ms | tok/sec: 250,027 | bf16_mfu: 0.00 | epoch: 1 pq: 3 rg: 22 | total time: 9.10m | eta: 76.2m
step 00279/02520 (11.07%) | loss: 3.553977 | lrm: 1.00 | dt: 2092.25ms | tok/sec: 250,586 | bf16_mfu: 0.00 | epoch: 1 pq: 3 rg: 23 | total time: 9.14m | eta: 76.1m
step 00280/02520 (11.11%) | loss: 3.554766 | lrm: 1.00 | dt: 2085.19ms | tok/sec: 251,434 | bf16_mfu: 0.00 | epoch: 1 pq: 3 rg: 24 | total time: 9.17m | eta: 76.1m
step 00281/02520 (11.15%) | loss: 3.542082 | lrm: 1.00 | dt: 2090.66ms | tok/sec: 250,776 | bf16_mfu: 0.00 | epoch: 1 pq: 3 rg: 25 | total time: 9.21m | eta: 76.1m
step 00282/02520 (11.19%) | loss: 3.541807 | lrm: 1.00 | dt: 2084.26ms | tok/sec: 251,546 | bf16_mfu: 0.00 | epoch: 1 pq: 3 rg: 26 | total time: 9.24m | eta: 76.1m
step 00283/02520 (11.23%) | loss: 3.545918 | lrm: 1.00 | dt: 2074.47ms | tok/sec: 252,733 | bf16_mfu: 0.00 | epoch: 1 pq: 3 rg: 27 | total time: 9.28m | eta: 76.0m
step 00284/02520 (11.27%) | loss: 3.553352 | lrm: 1.00 | dt: 2072.96ms | tok/sec: 252,917 | bf16_mfu: 0.00 | epoch: 1 pq: 3 rg: 28 | total time: 9.31m | eta: 76.0m
step 00285/02520 (11.31%) | loss: 3.546716 | lrm: 1.00 | dt: 2080.93ms | tok/sec: 251,948 | bf16_mfu: 0.00 | epoch: 1 pq: 3 rg: 29 | total time: 9.35m | eta: 76.0m
step 00286/02520 (11.35%) | loss: 3.551308 | lrm: 1.00 | dt: 2113.72ms | tok/sec: 248,040 | bf16_mfu: 0.00 | epoch: 1 pq: 3 rg: 30 | total time: 9.38m | eta: 75.9m
step 00287/02520 (11.39%) | loss: 3.562288 | lrm: 1.00 | dt: 2113.26ms | tok/sec: 248,094 | bf16_mfu: 0.00 | epoch: 1 pq: 3 rg: 31 | total time: 9.42m | eta: 75.9m
step 00288/02520 (11.43%) | loss: 3.550432 | lrm: 1.00 | dt: 2110.01ms | tok/sec: 248,476 | bf16_mfu: 0.00 | epoch: 1 pq: 3 rg: 32 | total time: 9.45m | eta: 75.9m
step 00289/02520 (11.47%) | loss: 3.556341 | lrm: 1.00 | dt: 2107.64ms | tok/sec: 248,755 | bf16_mfu: 0.00 | epoch: 1 pq: 3 rg: 33 | total time: 9.49m | eta: 75.9m
step 00290/02520 (11.51%) | loss: 3.553959 | lrm: 1.00 | dt: 2098.56ms | tok/sec: 249,831 | bf16_mfu: 0.00 | epoch: 1 pq: 3 rg: 34 | total time: 9.52m | eta: 75.8m
step 00291/02520 (11.55%) | loss: 3.553557 | lrm: 1.00 | dt: 2088.13ms | tok/sec: 251,079 | bf16_mfu: 0.00 | epoch: 1 pq: 3 rg: 35 | total time: 9.56m | eta: 75.8m
step 00292/02520 (11.59%) | loss: 3.553625 | lrm: 1.00 | dt: 2023.30ms | tok/sec: 259,125 | bf16_mfu: 0.00 | epoch: 1 pq: 3 rg: 36 | total time: 9.59m | eta: 75.8m
step 00293/02520 (11.63%) | loss: 3.554620 | lrm: 1.00 | dt: 2002.81ms | tok/sec: 261,776 | bf16_mfu: 0.00 | epoch: 1 pq: 3 rg: 37 | total time: 9.62m | eta: 75.7m
step 00294/02520 (11.67%) | loss: 3.550531 | lrm: 1.00 | dt: 1999.97ms | tok/sec: 262,148 | bf16_mfu: 0.00 | epoch: 1 pq: 3 rg: 38 | total time: 9.66m | eta: 75.7m
step 00295/02520 (11.71%) | loss: 3.546040 | lrm: 1.00 | dt: 2013.40ms | tok/sec: 260,399 | bf16_mfu: 0.00 | epoch: 1 pq: 3 rg: 39 | total time: 9.69m | eta: 75.7m
step 00296/02520 (11.75%) | loss: 3.542892 | lrm: 1.00 | dt: 1996.48ms | tok/sec: 262,606 | bf16_mfu: 0.00 | epoch: 1 pq: 3 rg: 40 | total time: 9.72m | eta: 75.6m
step 00297/02520 (11.79%) | loss: 3.532303 | lrm: 1.00 | dt: 1999.95ms | tok/sec: 262,150 | bf16_mfu: 0.00 | epoch: 1 pq: 3 rg: 41 | total time: 9.76m | eta: 75.6m
step 00298/02520 (11.83%) | loss: 3.532933 | lrm: 1.00 | dt: 2002.73ms | tok/sec: 261,786 | bf16_mfu: 0.00 | epoch: 1 pq: 3 rg: 42 | total time: 9.79m | eta: 75.5m
step 00299/02520 (11.87%) | loss: 3.518204 | lrm: 1.00 | dt: 2002.45ms | tok/sec: 261,823 | bf16_mfu: 0.00 | epoch: 1 pq: 3 rg: 43 | total time: 9.82m | eta: 75.5m
step 00300/02520 (11.90%) | loss: 3.521345 | lrm: 1.00 | dt: 2025.90ms | tok/sec: 258,792 | bf16_mfu: 0.00 | epoch: 1 pq: 3 rg: 44 | total time: 9.86m | eta: 75.5m
step 00301/02520 (11.94%) | loss: 3.522649 | lrm: 1.00 | dt: 2068.51ms | tok/sec: 253,461 | bf16_mfu: 0.00 | epoch: 1 pq: 3 rg: 45 | total time: 9.89m | eta: 75.4m
step 00302/02520 (11.98%) | loss: 3.515160 | lrm: 1.00 | dt: 2020.55ms | tok/sec: 259,477 | bf16_mfu: 0.00 | epoch: 1 pq: 3 rg: 46 | total time: 9.93m | eta: 75.4m
step 00303/02520 (12.02%) | loss: 3.524485 | lrm: 1.00 | dt: 2028.39ms | tok/sec: 258,475 | bf16_mfu: 0.00 | epoch: 1 pq: 3 rg: 47 | total time: 9.96m | eta: 75.4m
step 00304/02520 (12.06%) | loss: 3.515161 | lrm: 1.00 | dt: 2075.44ms | tok/sec: 252,614 | bf16_mfu: 0.00 | epoch: 1 pq: 3 rg: 48 | total time: 10.00m | eta: 75.3m
step 00305/02520 (12.10%) | loss: 3.507982 | lrm: 1.00 | dt: 2012.62ms | tok/sec: 260,500 | bf16_mfu: 0.00 | epoch: 1 pq: 3 rg: 49 | total time: 10.03m | eta: 75.3m
step 00306/02520 (12.14%) | loss: 3.506277 | lrm: 1.00 | dt: 1998.77ms | tok/sec: 262,305 | bf16_mfu: 0.00 | epoch: 1 pq: 3 rg: 49 | total time: 10.06m | eta: 75.3m
step 00307/02520 (12.18%) | loss: 3.510835 | lrm: 1.00 | dt: 2023.57ms | tok/sec: 259,090 | bf16_mfu: 0.00 | epoch: 1 pq: 3 rg: 50 | total time: 10.10m | eta: 75.2m
step 00308/02520 (12.22%) | loss: 3.503926 | lrm: 1.00 | dt: 2064.00ms | tok/sec: 254,015 | bf16_mfu: 0.00 | epoch: 1 pq: 3 rg: 51 | total time: 10.13m | eta: 75.2m
step 00309/02520 (12.26%) | loss: 3.501118 | lrm: 1.00 | dt: 2007.22ms | tok/sec: 261,201 | bf16_mfu: 0.00 | epoch: 1 pq: 3 rg: 52 | total time: 10.16m | eta: 75.2m
step 00310/02520 (12.30%) | loss: 3.513574 | lrm: 1.00 | dt: 2009.25ms | tok/sec: 260,937 | bf16_mfu: 0.00 | epoch: 1 pq: 3 rg: 53 | total time: 10.20m | eta: 75.1m
step 00311/02520 (12.34%) | loss: 3.510115 | lrm: 1.00 | dt: 2016.51ms | tok/sec: 259,997 | bf16_mfu: 0.00 | epoch: 1 pq: 3 rg: 54 | total time: 10.23m | eta: 75.1m
step 00312/02520 (12.38%) | loss: 3.510251 | lrm: 1.00 | dt: 2046.29ms | tok/sec: 256,214 | bf16_mfu: 0.00 | epoch: 1 pq: 3 rg: 55 | total time: 10.26m | eta: 75.0m
step 00313/02520 (12.42%) | loss: 3.503761 | lrm: 1.00 | dt: 2039.83ms | tok/sec: 257,024 | bf16_mfu: 0.00 | epoch: 1 pq: 3 rg: 56 | total time: 10.30m | eta: 75.0m
step 00314/02520 (12.46%) | loss: 3.498174 | lrm: 1.00 | dt: 2053.80ms | tok/sec: 255,277 | bf16_mfu: 0.00 | epoch: 1 pq: 3 rg: 57 | total time: 10.33m | eta: 75.0m
step 00315/02520 (12.50%) | loss: 3.496195 | lrm: 1.00 | dt: 2040.43ms | tok/sec: 256,949 | bf16_mfu: 0.00 | epoch: 1 pq: 3 rg: 58 | total time: 10.37m | eta: 74.9m
step 00316/02520 (12.54%) | loss: 3.502004 | lrm: 1.00 | dt: 2026.64ms | tok/sec: 258,698 | bf16_mfu: 0.00 | epoch: 1 pq: 3 rg: 59 | total time: 10.40m | eta: 74.9m
step 00317/02520 (12.58%) | loss: 3.500666 | lrm: 1.00 | dt: 2045.47ms | tok/sec: 256,317 | bf16_mfu: 0.00 | epoch: 1 pq: 3 rg: 60 | total time: 10.43m | eta: 74.9m
step 00318/02520 (12.62%) | loss: 3.497926 | lrm: 1.00 | dt: 2034.68ms | tok/sec: 257,675 | bf16_mfu: 0.00 | epoch: 1 pq: 3 rg: 61 | total time: 10.47m | eta: 74.8m
step 00319/02520 (12.66%) | loss: 3.507762 | lrm: 1.00 | dt: 2026.97ms | tok/sec: 258,655 | bf16_mfu: 0.00 | epoch: 1 pq: 3 rg: 62 | total time: 10.50m | eta: 74.8m
step 00320/02520 (12.70%) | loss: 3.510007 | lrm: 1.00 | dt: 2055.00ms | tok/sec: 255,128 | bf16_mfu: 0.00 | epoch: 1 pq: 3 rg: 63 | total time: 10.54m | eta: 74.8m
step 00321/02520 (12.74%) | loss: 3.513009 | lrm: 1.00 | dt: 2024.26ms | tok/sec: 259,001 | bf16_mfu: 0.00 | epoch: 1 pq: 3 rg: 64 | total time: 10.57m | eta: 74.7m
step 00322/02520 (12.78%) | loss: 3.512753 | lrm: 1.00 | dt: 2006.98ms | tok/sec: 261,232 | bf16_mfu: 0.00 | epoch: 1 pq: 3 rg: 65 | total time: 10.60m | eta: 74.7m
step 00323/02520 (12.82%) | loss: 3.512822 | lrm: 1.00 | dt: 2011.66ms | tok/sec: 260,624 | bf16_mfu: 0.00 | epoch: 1 pq: 3 rg: 66 | total time: 10.64m | eta: 74.7m
step 00324/02520 (12.86%) | loss: 3.513396 | lrm: 1.00 | dt: 2007.15ms | tok/sec: 261,209 | bf16_mfu: 0.00 | epoch: 1 pq: 3 rg: 67 | total time: 10.67m | eta: 74.6m
step 00325/02520 (12.90%) | loss: 3.506374 | lrm: 1.00 | dt: 2025.77ms | tok/sec: 258,809 | bf16_mfu: 0.00 | epoch: 1 pq: 3 rg: 68 | total time: 10.70m | eta: 74.6m
step 00326/02520 (12.94%) | loss: 3.508377 | lrm: 1.00 | dt: 1994.78ms | tok/sec: 262,829 | bf16_mfu: 0.00 | epoch: 1 pq: 3 rg: 69 | total time: 10.74m | eta: 74.6m
step 00327/02520 (12.98%) | loss: 3.499612 | lrm: 1.00 | dt: 2076.21ms | tok/sec: 252,521 | bf16_mfu: 0.00 | epoch: 1 pq: 3 rg: 70 | total time: 10.77m | eta: 74.5m
step 00328/02520 (13.02%) | loss: 3.490318 | lrm: 1.00 | dt: 2002.47ms | tok/sec: 261,820 | bf16_mfu: 0.00 | epoch: 1 pq: 3 rg: 71 | total time: 10.81m | eta: 74.5m
step 00329/02520 (13.06%) | loss: 3.482430 | lrm: 1.00 | dt: 2001.00ms | tok/sec: 262,012 | bf16_mfu: 0.00 | epoch: 1 pq: 3 rg: 72 | total time: 10.84m | eta: 74.4m
step 00330/02520 (13.10%) | loss: 3.483824 | lrm: 1.00 | dt: 1992.54ms | tok/sec: 263,125 | bf16_mfu: 0.00 | epoch: 1 pq: 3 rg: 73 | total time: 10.87m | eta: 74.4m
step 00331/02520 (13.13%) | loss: 3.491331 | lrm: 1.00 | dt: 2008.77ms | tok/sec: 260,999 | bf16_mfu: 0.00 | epoch: 1 pq: 3 rg: 73 | total time: 10.91m | eta: 74.4m
step 00332/02520 (13.17%) | loss: 3.492961 | lrm: 1.00 | dt: 1993.56ms | tok/sec: 262,990 | bf16_mfu: 0.00 | epoch: 1 pq: 3 rg: 74 | total time: 10.94m | eta: 74.3m
step 00333/02520 (13.21%) | loss: 3.490870 | lrm: 1.00 | dt: 2017.88ms | tok/sec: 259,820 | bf16_mfu: 0.00 | epoch: 1 pq: 3 rg: 75 | total time: 10.97m | eta: 74.3m
step 00334/02520 (13.25%) | loss: 3.490748 | lrm: 1.00 | dt: 2027.93ms | tok/sec: 258,534 | bf16_mfu: 0.00 | epoch: 1 pq: 3 rg: 76 | total time: 11.01m | eta: 74.3m
step 00335/02520 (13.29%) | loss: 3.483878 | lrm: 1.00 | dt: 2023.88ms | tok/sec: 259,050 | bf16_mfu: 0.00 | epoch: 1 pq: 3 rg: 77 | total time: 11.04m | eta: 74.2m
step 00336/02520 (13.33%) | loss: 3.481472 | lrm: 1.00 | dt: 1992.78ms | tok/sec: 263,094 | bf16_mfu: 0.00 | epoch: 1 pq: 3 rg: 78 | total time: 11.07m | eta: 74.2m
step 00337/02520 (13.37%) | loss: 3.483771 | lrm: 1.00 | dt: 2001.51ms | tok/sec: 261,946 | bf16_mfu: 0.00 | epoch: 1 pq: 3 rg: 79 | total time: 11.11m | eta: 74.1m
step 00338/02520 (13.41%) | loss: 3.483251 | lrm: 1.00 | dt: 2048.49ms | tok/sec: 255,938 | bf16_mfu: 0.00 | epoch: 1 pq: 3 rg: 80 | total time: 11.14m | eta: 74.1m
step 00339/02520 (13.45%) | loss: 3.481409 | lrm: 1.00 | dt: 2013.89ms | tok/sec: 260,335 | bf16_mfu: 0.00 | epoch: 1 pq: 3 rg: 81 | total time: 11.17m | eta: 74.1m
step 00340/02520 (13.49%) | loss: 3.490394 | lrm: 1.00 | dt: 2006.56ms | tok/sec: 261,287 | bf16_mfu: 0.00 | epoch: 1 pq: 4 rg: 0 | total time: 11.21m | eta: 74.0m
step 00341/02520 (13.53%) | loss: 3.498785 | lrm: 1.00 | dt: 2015.69ms | tok/sec: 260,103 | bf16_mfu: 0.00 | epoch: 1 pq: 4 rg: 1 | total time: 11.24m | eta: 74.0m
step 00342/02520 (13.57%) | loss: 3.490075 | lrm: 1.00 | dt: 2016.22ms | tok/sec: 260,035 | bf16_mfu: 0.00 | epoch: 1 pq: 4 rg: 2 | total time: 11.28m | eta: 74.0m
step 00343/02520 (13.61%) | loss: 3.481473 | lrm: 1.00 | dt: 2037.21ms | tok/sec: 257,355 | bf16_mfu: 0.00 | epoch: 1 pq: 4 rg: 3 | total time: 11.31m | eta: 73.9m
step 00344/02520 (13.65%) | loss: 3.482738 | lrm: 1.00 | dt: 2019.01ms | tok/sec: 259,676 | bf16_mfu: 0.00 | epoch: 1 pq: 4 rg: 4 | total time: 11.34m | eta: 73.9m
step 00345/02520 (13.69%) | loss: 3.475549 | lrm: 1.00 | dt: 2033.63ms | tok/sec: 257,809 | bf16_mfu: 0.00 | epoch: 1 pq: 4 rg: 5 | total time: 11.38m | eta: 73.9m
step 00346/02520 (13.73%) | loss: 3.483773 | lrm: 1.00 | dt: 2010.58ms | tok/sec: 260,764 | bf16_mfu: 0.00 | epoch: 1 pq: 4 rg: 6 | total time: 11.41m | eta: 73.8m
step 00347/02520 (13.77%) | loss: 3.477083 | lrm: 1.00 | dt: 1999.48ms | tok/sec: 262,211 | bf16_mfu: 0.00 | epoch: 1 pq: 4 rg: 7 | total time: 11.44m | eta: 73.8m
step 00348/02520 (13.81%) | loss: 3.465630 | lrm: 1.00 | dt: 1993.63ms | tok/sec: 262,980 | bf16_mfu: 0.00 | epoch: 1 pq: 4 rg: 8 | total time: 11.48m | eta: 73.8m
step 00349/02520 (13.85%) | loss: 3.463600 | lrm: 1.00 | dt: 2035.57ms | tok/sec: 257,563 | bf16_mfu: 0.00 | epoch: 1 pq: 4 rg: 9 | total time: 11.51m | eta: 73.7m
step 00350/02520 (13.89%) | loss: 3.462521 | lrm: 1.00 | dt: 2056.83ms | tok/sec: 254,901 | bf16_mfu: 0.00 | epoch: 1 pq: 4 rg: 10 | total time: 11.55m | eta: 73.7m
step 00351/02520 (13.93%) | loss: 3.460145 | lrm: 1.00 | dt: 2033.35ms | tok/sec: 257,844 | bf16_mfu: 0.00 | epoch: 1 pq: 4 rg: 11 | total time: 11.58m | eta: 73.7m
step 00352/02520 (13.97%) | loss: 3.464825 | lrm: 1.00 | dt: 2011.36ms | tok/sec: 260,663 | bf16_mfu: 0.00 | epoch: 1 pq: 4 rg: 12 | total time: 11.61m | eta: 73.6m
step 00353/02520 (14.01%) | loss: 3.463400 | lrm: 1.00 | dt: 2003.71ms | tok/sec: 261,658 | bf16_mfu: 0.00 | epoch: 1 pq: 4 rg: 13 | total time: 11.65m | eta: 73.6m
step 00354/02520 (14.05%) | loss: 3.465543 | lrm: 1.00 | dt: 2002.93ms | tok/sec: 261,760 | bf16_mfu: 0.00 | epoch: 1 pq: 4 rg: 14 | total time: 11.68m | eta: 73.5m
step 00355/02520 (14.09%) | loss: 3.458503 | lrm: 1.00 | dt: 2002.94ms | tok/sec: 261,759 | bf16_mfu: 0.00 | epoch: 1 pq: 4 rg: 15 | total time: 11.71m | eta: 73.5m
step 00356/02520 (14.13%) | loss: 3.456461 | lrm: 1.00 | dt: 1999.13ms | tok/sec: 262,258 | bf16_mfu: 0.00 | epoch: 1 pq: 4 rg: 16 | total time: 11.75m | eta: 73.5m
step 00357/02520 (14.17%) | loss: 3.429684 | lrm: 1.00 | dt: 1993.87ms | tok/sec: 262,949 | bf16_mfu: 0.00 | epoch: 1 pq: 4 rg: 17 | total time: 11.78m | eta: 73.4m
step 00358/02520 (14.21%) | loss: 3.437434 | lrm: 1.00 | dt: 1995.01ms | tok/sec: 262,800 | bf16_mfu: 0.00 | epoch: 1 pq: 4 rg: 18 | total time: 11.81m | eta: 73.4m
step 00359/02520 (14.25%) | loss: 3.441912 | lrm: 1.00 | dt: 1998.52ms | tok/sec: 262,338 | bf16_mfu: 0.00 | epoch: 1 pq: 4 rg: 18 | total time: 11.85m | eta: 73.3m
step 00360/02520 (14.29%) | loss: 3.439801 | lrm: 1.00 | dt: 2051.87ms | tok/sec: 255,516 | bf16_mfu: 0.00 | epoch: 1 pq: 4 rg: 19 | total time: 11.88m | eta: 73.3m
step 00361/02520 (14.33%) | loss: 3.453778 | lrm: 1.00 | dt: 2039.66ms | tok/sec: 257,046 | bf16_mfu: 0.00 | epoch: 1 pq: 4 rg: 20 | total time: 11.91m | eta: 73.3m
step 00362/02520 (14.37%) | loss: 3.457094 | lrm: 1.00 | dt: 2045.65ms | tok/sec: 256,294 | bf16_mfu: 0.00 | epoch: 1 pq: 4 rg: 21 | total time: 11.95m | eta: 73.3m
step 00363/02520 (14.40%) | loss: 3.455196 | lrm: 1.00 | dt: 2070.45ms | tok/sec: 253,224 | bf16_mfu: 0.00 | epoch: 1 pq: 4 rg: 22 | total time: 11.98m | eta: 73.2m
step 00364/02520 (14.44%) | loss: 3.452255 | lrm: 1.00 | dt: 2001.66ms | tok/sec: 261,926 | bf16_mfu: 0.00 | epoch: 1 pq: 4 rg: 23 | total time: 12.02m | eta: 73.2m
step 00365/02520 (14.48%) | loss: 3.441335 | lrm: 1.00 | dt: 2002.53ms | tok/sec: 261,813 | bf16_mfu: 0.00 | epoch: 1 pq: 4 rg: 24 | total time: 12.05m | eta: 73.1m
step 00366/02520 (14.52%) | loss: 3.446253 | lrm: 1.00 | dt: 2005.38ms | tok/sec: 261,441 | bf16_mfu: 0.00 | epoch: 1 pq: 4 rg: 25 | total time: 12.08m | eta: 73.1m
step 00367/02520 (14.56%) | loss: 3.433457 | lrm: 1.00 | dt: 1994.59ms | tok/sec: 262,854 | bf16_mfu: 0.00 | epoch: 1 pq: 4 rg: 26 | total time: 12.12m | eta: 73.1m
step 00368/02520 (14.60%) | loss: 3.436455 | lrm: 1.00 | dt: 1991.13ms | tok/sec: 263,311 | bf16_mfu: 0.00 | epoch: 1 pq: 4 rg: 27 | total time: 12.15m | eta: 73.0m
step 00369/02520 (14.64%) | loss: 3.425779 | lrm: 1.00 | dt: 1992.48ms | tok/sec: 263,133 | bf16_mfu: 0.00 | epoch: 1 pq: 4 rg: 28 | total time: 12.18m | eta: 73.0m
step 00370/02520 (14.68%) | loss: 3.426295 | lrm: 1.00 | dt: 1991.56ms | tok/sec: 263,255 | bf16_mfu: 0.00 | epoch: 1 pq: 4 rg: 29 | total time: 12.22m | eta: 73.0m
step 00371/02520 (14.72%) | loss: 3.423402 | lrm: 1.00 | dt: 1990.47ms | tok/sec: 263,398 | bf16_mfu: 0.00 | epoch: 1 pq: 4 rg: 30 | total time: 12.25m | eta: 72.9m
step 00372/02520 (14.76%) | loss: 3.408332 | lrm: 1.00 | dt: 1994.19ms | tok/sec: 262,908 | bf16_mfu: 0.00 | epoch: 1 pq: 4 rg: 31 | total time: 12.28m | eta: 72.9m
step 00373/02520 (14.80%) | loss: 3.408894 | lrm: 1.00 | dt: 2034.75ms | tok/sec: 257,667 | bf16_mfu: 0.00 | epoch: 1 pq: 4 rg: 32 | total time: 12.32m | eta: 72.8m
step 00374/02520 (14.84%) | loss: 3.412368 | lrm: 1.00 | dt: 2008.37ms | tok/sec: 261,051 | bf16_mfu: 0.00 | epoch: 1 pq: 4 rg: 33 | total time: 12.35m | eta: 72.8m
step 00375/02520 (14.88%) | loss: 3.407011 | lrm: 1.00 | dt: 1995.52ms | tok/sec: 262,732 | bf16_mfu: 0.00 | epoch: 1 pq: 4 rg: 34 | total time: 12.38m | eta: 72.8m
step 00376/02520 (14.92%) | loss: 3.407880 | lrm: 1.00 | dt: 2009.03ms | tok/sec: 260,965 | bf16_mfu: 0.00 | epoch: 1 pq: 4 rg: 35 | total time: 12.42m | eta: 72.7m
step 00377/02520 (14.96%) | loss: 3.406325 | lrm: 1.00 | dt: 2018.42ms | tok/sec: 259,751 | bf16_mfu: 0.00 | epoch: 1 pq: 4 rg: 36 | total time: 12.45m | eta: 72.7m
2026-09-27 16:45:29,572 - nanochat.checkpoint_manager - [32m[1mINFO[0m - Saved model parameters to: /home/neo/.cache/nanochat/base_checkpoints/looped_L8_lr1_lr1_h1.0_s0/model_000378.pt
2026-09-27 16:45:30,038 - nanochat.checkpoint_manager - [32m[1mINFO[0m - Saved optimizer state to: /home/neo/.cache/nanochat/base_checkpoints/looped_L8_lr1_lr1_h1.0_s0/optim_000378_rank0.pt
2026-09-27 16:45:30,038 - nanochat.checkpoint_manager - [32m[1mINFO[0m - Saved metadata to: /home/neo/.cache/nanochat/base_checkpoints/looped_L8_lr1_lr1_h1.0_s0/meta_000378.json
step 00378/02520 (15.00%) | loss: 3.404154 | lrm: 1.00 | dt: 1977.80ms | tok/sec: 265,086 | bf16_mfu: 0.00 | epoch: 1 pq: 4 rg: 37 | total time: 12.48m | eta: 72.7m
step 00379/02520 (15.04%) | loss: 3.411344 | lrm: 1.00 | dt: 1999.31ms | tok/sec: 262,234 | bf16_mfu: 0.00 | epoch: 1 pq: 4 rg: 38 | total time: 12.52m | eta: 72.6m
step 00380/02520 (15.08%) | loss: 3.422866 | lrm: 1.00 | dt: 1997.59ms | tok/sec: 262,459 | bf16_mfu: 0.00 | epoch: 1 pq: 4 rg: 39 | total time: 12.55m | eta: 72.6m
step 00381/02520 (15.12%) | loss: 3.427600 | lrm: 1.00 | dt: 1996.39ms | tok/sec: 262,618 | bf16_mfu: 0.00 | epoch: 1 pq: 4 rg: 40 | total time: 12.58m | eta: 72.5m
step 00382/02520 (15.16%) | loss: 3.420757 | lrm: 1.00 | dt: 2007.01ms | tok/sec: 261,228 | bf16_mfu: 0.00 | epoch: 1 pq: 4 rg: 41 | total time: 12.62m | eta: 72.5m
step 00383/02520 (15.20%) | loss: 3.418463 | lrm: 1.00 | dt: 2001.99ms | tok/sec: 261,883 | bf16_mfu: 0.00 | epoch: 1 pq: 4 rg: 42 | total time: 12.65m | eta: 72.5m
step 00384/02520 (15.24%) | loss: 3.426599 | lrm: 1.00 | dt: 2018.34ms | tok/sec: 259,761 | bf16_mfu: 0.00 | epoch: 1 pq: 4 rg: 43 | total time: 12.68m | eta: 72.4m
step 00385/02520 (15.28%) | loss: 3.435038 | lrm: 1.00 | dt: 2059.50ms | tok/sec: 254,570 | bf16_mfu: 0.00 | epoch: 1 pq: 4 rg: 44 | total time: 12.72m | eta: 72.4m
step 00386/02520 (15.32%) | loss: 3.443530 | lrm: 1.00 | dt: 2052.37ms | tok/sec: 255,455 | bf16_mfu: 0.00 | epoch: 1 pq: 4 rg: 45 | total time: 12.75m | eta: 72.4m
step 00387/02520 (15.36%) | loss: 3.435271 | lrm: 1.00 | dt: 2055.88ms | tok/sec: 255,019 | bf16_mfu: 0.00 | epoch: 1 pq: 4 rg: 46 | total time: 12.79m | eta: 72.3m
step 00388/02520 (15.40%) | loss: 3.432718 | lrm: 1.00 | dt: 2078.45ms | tok/sec: 252,250 | bf16_mfu: 0.00 | epoch: 1 pq: 4 rg: 47 | total time: 12.82m | eta: 72.3m
step 00389/02520 (15.44%) | loss: 3.426338 | lrm: 1.00 | dt: 2061.10ms | tok/sec: 254,373 | bf16_mfu: 0.00 | epoch: 1 pq: 4 rg: 48 | total time: 12.85m | eta: 72.3m
step 00390/02520 (15.48%) | loss: 3.425892 | lrm: 1.00 | dt: 2062.82ms | tok/sec: 254,160 | bf16_mfu: 0.00 | epoch: 1 pq: 4 rg: 49 | total time: 12.89m | eta: 72.2m
step 00391/02520 (15.52%) | loss: 3.430075 | lrm: 1.00 | dt: 2076.97ms | tok/sec: 252,429 | bf16_mfu: 0.00 | epoch: 1 pq: 4 rg: 50 | total time: 12.92m | eta: 72.2m
step 00392/02520 (15.56%) | loss: 3.435754 | lrm: 1.00 | dt: 2075.93ms | tok/sec: 252,555 | bf16_mfu: 0.00 | epoch: 1 pq: 4 rg: 51 | total time: 12.96m | eta: 72.2m
step 00393/02520 (15.60%) | loss: 3.432061 | lrm: 1.00 | dt: 2097.25ms | tok/sec: 249,987 | bf16_mfu: 0.00 | epoch: 1 pq: 4 rg: 52 | total time: 12.99m | eta: 72.2m
step 00394/02520 (15.63%) | loss: 3.434827 | lrm: 1.00 | dt: 2059.76ms | tok/sec: 254,538 | bf16_mfu: 0.00 | epoch: 1 pq: 4 rg: 53 | total time: 13.03m | eta: 72.1m
step 00395/02520 (15.67%) | loss: 3.421331 | lrm: 1.00 | dt: 2055.89ms | tok/sec: 255,018 | bf16_mfu: 0.00 | epoch: 1 pq: 4 rg: 54 | total time: 13.06m | eta: 72.1m
step 00396/02520 (15.71%) | loss: 3.426480 | lrm: 1.00 | dt: 2055.61ms | tok/sec: 255,052 | bf16_mfu: 0.00 | epoch: 1 pq: 4 rg: 55 | total time: 13.10m | eta: 72.1m
step 00397/02520 (15.75%) | loss: 3.421839 | lrm: 1.00 | dt: 2061.81ms | tok/sec: 254,285 | bf16_mfu: 0.00 | epoch: 1 pq: 4 rg: 55 | total time: 13.13m | eta: 72.0m
step 00398/02520 (15.79%) | loss: 3.414614 | lrm: 1.00 | dt: 2065.98ms | tok/sec: 253,772 | bf16_mfu: 0.00 | epoch: 1 pq: 4 rg: 56 | total time: 13.17m | eta: 72.0m
step 00399/02520 (15.83%) | loss: 3.421853 | lrm: 1.00 | dt: 2070.73ms | tok/sec: 253,189 | bf16_mfu: 0.00 | epoch: 1 pq: 4 rg: 57 | total time: 13.20m | eta: 72.0m
step 00400/02520 (15.87%) | loss: 3.419524 | lrm: 1.00 | dt: 2068.26ms | tok/sec: 253,492 | bf16_mfu: 0.00 | epoch: 1 pq: 4 rg: 58 | total time: 13.23m | eta: 71.9m
step 00401/02520 (15.91%) | loss: 3.422738 | lrm: 1.00 | dt: 2068.09ms | tok/sec: 253,513 | bf16_mfu: 0.00 | epoch: 1 pq: 4 rg: 59 | total time: 13.27m | eta: 71.9m
step 00402/02520 (15.95%) | loss: 3.427108 | lrm: 1.00 | dt: 2060.37ms | tok/sec: 254,463 | bf16_mfu: 0.00 | epoch: 1 pq: 4 rg: 60 | total time: 13.30m | eta: 71.9m
step 00403/02520 (15.99%) | loss: 3.416631 | lrm: 1.00 | dt: 2084.31ms | tok/sec: 251,539 | bf16_mfu: 0.00 | epoch: 1 pq: 4 rg: 61 | total time: 13.34m | eta: 71.8m
step 00404/02520 (16.03%) | loss: 3.421045 | lrm: 1.00 | dt: 2054.92ms | tok/sec: 255,138 | bf16_mfu: 0.00 | epoch: 1 pq: 4 rg: 62 | total time: 13.37m | eta: 71.8m
step 00405/02520 (16.07%) | loss: 3.416469 | lrm: 1.00 | dt: 2060.24ms | tok/sec: 254,479 | bf16_mfu: 0.00 | epoch: 1 pq: 4 rg: 63 | total time: 13.41m | eta: 71.8m
step 00406/02520 (16.11%) | loss: 3.410514 | lrm: 1.00 | dt: 2052.13ms | tok/sec: 255,484 | bf16_mfu: 0.00 | epoch: 1 pq: 4 rg: 64 | total time: 13.44m | eta: 71.8m
step 00407/02520 (16.15%) | loss: 3.420675 | lrm: 1.00 | dt: 2075.64ms | tok/sec: 252,590 | bf16_mfu: 0.00 | epoch: 1 pq: 4 rg: 65 | total time: 13.48m | eta: 71.7m
step 00408/02520 (16.19%) | loss: 3.430610 | lrm: 1.00 | dt: 2076.84ms | tok/sec: 252,445 | bf16_mfu: 0.00 | epoch: 1 pq: 4 rg: 66 | total time: 13.51m | eta: 71.7m
step 00409/02520 (16.23%) | loss: 3.427355 | lrm: 1.00 | dt: 2064.92ms | tok/sec: 253,901 | bf16_mfu: 0.00 | epoch: 1 pq: 4 rg: 67 | total time: 13.54m | eta: 71.7m
step 00410/02520 (16.27%) | loss: 3.425879 | lrm: 1.00 | dt: 2057.68ms | tok/sec: 254,796 | bf16_mfu: 0.00 | epoch: 1 pq: 4 rg: 68 | total time: 13.58m | eta: 71.6m
step 00411/02520 (16.31%) | loss: 3.430219 | lrm: 1.00 | dt: 2051.73ms | tok/sec: 255,534 | bf16_mfu: 0.00 | epoch: 1 pq: 4 rg: 69 | total time: 13.61m | eta: 71.6m
step 00412/02520 (16.35%) | loss: 3.424019 | lrm: 1.00 | dt: 2050.62ms | tok/sec: 255,672 | bf16_mfu: 0.00 | epoch: 1 pq: 4 rg: 70 | total time: 13.65m | eta: 71.6m
step 00413/02520 (16.39%) | loss: 3.415600 | lrm: 1.00 | dt: 2052.61ms | tok/sec: 255,425 | bf16_mfu: 0.00 | epoch: 1 pq: 4 rg: 71 | total time: 13.68m | eta: 71.5m
step 00414/02520 (16.43%) | loss: 3.407124 | lrm: 1.00 | dt: 2055.17ms | tok/sec: 255,107 | bf16_mfu: 0.00 | epoch: 1 pq: 4 rg: 72 | total time: 13.72m | eta: 71.5m
step 00415/02520 (16.47%) | loss: 3.402152 | lrm: 1.00 | dt: 2051.09ms | tok/sec: 255,614 | bf16_mfu: 0.00 | epoch: 1 pq: 4 rg: 73 | total time: 13.75m | eta: 71.5m
step 00416/02520 (16.51%) | loss: 3.384544 | lrm: 1.00 | dt: 2055.73ms | tok/sec: 255,037 | bf16_mfu: 0.00 | epoch: 1 pq: 4 rg: 74 | total time: 13.78m | eta: 71.4m
step 00417/02520 (16.55%) | loss: 3.381556 | lrm: 1.00 | dt: 2052.66ms | tok/sec: 255,418 | bf16_mfu: 0.00 | epoch: 1 pq: 4 rg: 75 | total time: 13.82m | eta: 71.4m
step 00418/02520 (16.59%) | loss: 3.390146 | lrm: 1.00 | dt: 2051.26ms | tok/sec: 255,593 | bf16_mfu: 0.00 | epoch: 1 pq: 4 rg: 76 | total time: 13.85m | eta: 71.4m
step 00419/02520 (16.63%) | loss: 3.398687 | lrm: 1.00 | dt: 2069.26ms | tok/sec: 253,369 | bf16_mfu: 0.00 | epoch: 1 pq: 4 rg: 77 | total time: 13.89m | eta: 71.3m
step 00420/02520 (16.67%) | loss: 3.394558 | lrm: 1.00 | dt: 2060.91ms | tok/sec: 254,396 | bf16_mfu: 0.00 | epoch: 1 pq: 4 rg: 78 | total time: 13.92m | eta: 71.3m
step 00421/02520 (16.71%) | loss: 3.401606 | lrm: 1.00 | dt: 2050.34ms | tok/sec: 255,707 | bf16_mfu: 0.00 | epoch: 1 pq: 4 rg: 79 | total time: 13.96m | eta: 71.3m
step 00422/02520 (16.75%) | loss: 3.393370 | lrm: 1.00 | dt: 2055.83ms | tok/sec: 255,024 | bf16_mfu: 0.00 | epoch: 1 pq: 4 rg: 80 | total time: 13.99m | eta: 71.2m
step 00423/02520 (16.79%) | loss: 3.395566 | lrm: 1.00 | dt: 2054.08ms | tok/sec: 255,241 | bf16_mfu: 0.00 | epoch: 1 pq: 4 rg: 81 | total time: 14.02m | eta: 71.2m
step 00424/02520 (16.83%) | loss: 3.404154 | lrm: 1.00 | dt: 2041.85ms | tok/sec: 256,770 | bf16_mfu: 0.00 | epoch: 1 pq: 5 rg: 0 | total time: 14.06m | eta: 71.2m
step 00425/02520 (16.87%) | loss: 3.406377 | lrm: 1.00 | dt: 2046.17ms | tok/sec: 256,229 | bf16_mfu: 0.00 | epoch: 1 pq: 5 rg: 1 | total time: 14.09m | eta: 71.1m
step 00426/02520 (16.90%) | loss: 3.407567 | lrm: 1.00 | dt: 2053.06ms | tok/sec: 255,369 | bf16_mfu: 0.00 | epoch: 1 pq: 5 rg: 2 | total time: 14.13m | eta: 71.1m
step 00427/02520 (16.94%) | loss: 3.404910 | lrm: 1.00 | dt: 2066.39ms | tok/sec: 253,721 | bf16_mfu: 0.00 | epoch: 1 pq: 5 rg: 3 | total time: 14.16m | eta: 71.1m
step 00428/02520 (16.98%) | loss: 3.406071 | lrm: 1.00 | dt: 2064.41ms | tok/sec: 253,965 | bf16_mfu: 0.00 | epoch: 1 pq: 5 rg: 4 | total time: 14.19m | eta: 71.0m
step 00429/02520 (17.02%) | loss: 3.400934 | lrm: 1.00 | dt: 2054.41ms | tok/sec: 255,201 | bf16_mfu: 0.00 | epoch: 1 pq: 5 rg: 4 | total time: 14.23m | eta: 71.0m
step 00430/02520 (17.06%) | loss: 3.405091 | lrm: 1.00 | dt: 2056.52ms | tok/sec: 254,938 | bf16_mfu: 0.00 | epoch: 1 pq: 5 rg: 5 | total time: 14.26m | eta: 71.0m
step 00431/02520 (17.10%) | loss: 3.398783 | lrm: 1.00 | dt: 2061.10ms | tok/sec: 254,372 | bf16_mfu: 0.00 | epoch: 1 pq: 5 rg: 6 | total time: 14.30m | eta: 70.9m
step 00432/02520 (17.14%) | loss: 3.397515 | lrm: 1.00 | dt: 2051.23ms | tok/sec: 255,597 | bf16_mfu: 0.00 | epoch: 1 pq: 5 rg: 7 | total time: 14.33m | eta: 70.9m
step 00433/02520 (17.18%) | loss: 3.389149 | lrm: 1.00 | dt: 2053.20ms | tok/sec: 255,351 | bf16_mfu: 0.00 | epoch: 1 pq: 5 rg: 8 | total time: 14.37m | eta: 70.9m
step 00434/02520 (17.22%) | loss: 3.388097 | lrm: 1.00 | dt: 2047.27ms | tok/sec: 256,091 | bf16_mfu: 0.00 | epoch: 1 pq: 5 rg: 9 | total time: 14.40m | eta: 70.8m
step 00435/02520 (17.26%) | loss: 3.388379 | lrm: 1.00 | dt: 2044.10ms | tok/sec: 256,488 | bf16_mfu: 0.00 | epoch: 1 pq: 5 rg: 10 | total time: 14.43m | eta: 70.8m
step 00436/02520 (17.30%) | loss: 3.393911 | lrm: 1.00 | dt: 2043.39ms | tok/sec: 256,577 | bf16_mfu: 0.00 | epoch: 1 pq: 5 rg: 11 | total time: 14.47m | eta: 70.8m
step 00437/02520 (17.34%) | loss: 3.391586 | lrm: 1.00 | dt: 2015.63ms | tok/sec: 260,110 | bf16_mfu: 0.00 | epoch: 1 pq: 5 rg: 12 | total time: 14.50m | eta: 70.7m
step 00438/02520 (17.38%) | loss: 3.375703 | lrm: 1.00 | dt: 2060.06ms | tok/sec: 254,501 | bf16_mfu: 0.00 | epoch: 1 pq: 5 rg: 13 | total time: 14.54m | eta: 70.7m
step 00439/02520 (17.42%) | loss: 3.380026 | lrm: 1.00 | dt: 2049.78ms | tok/sec: 255,777 | bf16_mfu: 0.00 | epoch: 1 pq: 5 rg: 14 | total time: 14.57m | eta: 70.7m
step 00440/02520 (17.46%) | loss: 3.374399 | lrm: 1.00 | dt: 2052.15ms | tok/sec: 255,482 | bf16_mfu: 0.00 | epoch: 1 pq: 5 rg: 15 | total time: 14.60m | eta: 70.6m
step 00441/02520 (17.50%) | loss: 3.377145 | lrm: 1.00 | dt: 2046.90ms | tok/sec: 256,137 | bf16_mfu: 0.00 | epoch: 1 pq: 5 rg: 16 | total time: 14.64m | eta: 70.6m
step 00442/02520 (17.54%) | loss: 3.378252 | lrm: 1.00 | dt: 2030.31ms | tok/sec: 258,230 | bf16_mfu: 0.00 | epoch: 1 pq: 5 rg: 17 | total time: 14.67m | eta: 70.6m
step 00443/02520 (17.58%) | loss: 3.382214 | lrm: 1.00 | dt: 2053.27ms | tok/sec: 255,342 | bf16_mfu: 0.00 | epoch: 1 pq: 5 rg: 18 | total time: 14.71m | eta: 70.5m
step 00444/02520 (17.62%) | loss: 3.369414 | lrm: 1.00 | dt: 2052.59ms | tok/sec: 255,426 | bf16_mfu: 0.00 | epoch: 1 pq: 5 rg: 19 | total time: 14.74m | eta: 70.5m
step 00445/02520 (17.66%) | loss: 3.355587 | lrm: 1.00 | dt: 2050.06ms | tok/sec: 255,742 | bf16_mfu: 0.00 | epoch: 1 pq: 5 rg: 20 | total time: 14.78m | eta: 70.5m
step 00446/02520 (17.70%) | loss: 3.355558 | lrm: 1.00 | dt: 2034.89ms | tok/sec: 257,649 | bf16_mfu: 0.00 | epoch: 1 pq: 5 rg: 21 | total time: 14.81m | eta: 70.4m
step 00447/02520 (17.74%) | loss: 3.352656 | lrm: 1.00 | dt: 2045.81ms | tok/sec: 256,274 | bf16_mfu: 0.00 | epoch: 1 pq: 5 rg: 22 | total time: 14.84m | eta: 70.4m
step 00448/02520 (17.78%) | loss: 3.345955 | lrm: 1.00 | dt: 2042.03ms | tok/sec: 256,747 | bf16_mfu: 0.00 | epoch: 1 pq: 5 rg: 23 | total time: 14.88m | eta: 70.4m
step 00449/02520 (17.82%) | loss: 3.350653 | lrm: 1.00 | dt: 2069.79ms | tok/sec: 253,305 | bf16_mfu: 0.00 | epoch: 1 pq: 5 rg: 24 | total time: 14.91m | eta: 70.3m
step 00450/02520 (17.86%) | loss: 3.357529 | lrm: 1.00 | dt: 2033.15ms | tok/sec: 257,869 | bf16_mfu: 0.00 | epoch: 1 pq: 5 rg: 25 | total time: 14.95m | eta: 70.3m
step 00451/02520 (17.90%) | loss: 3.365989 | lrm: 1.00 | dt: 2059.66ms | tok/sec: 254,550 | bf16_mfu: 0.00 | epoch: 1 pq: 5 rg: 26 | total time: 14.98m | eta: 70.3m
step 00452/02520 (17.94%) | loss: 3.370865 | lrm: 1.00 | dt: 2039.02ms | tok/sec: 257,127 | bf16_mfu: 0.00 | epoch: 1 pq: 5 rg: 27 | total time: 15.01m | eta: 70.2m
step 00453/02520 (17.98%) | loss: 3.382508 | lrm: 1.00 | dt: 2051.15ms | tok/sec: 255,606 | bf16_mfu: 0.00 | epoch: 1 pq: 5 rg: 28 | total time: 15.05m | eta: 70.2m
step 00454/02520 (18.02%) | loss: 3.387143 | lrm: 1.00 | dt: 2052.61ms | tok/sec: 255,424 | bf16_mfu: 0.00 | epoch: 1 pq: 5 rg: 29 | total time: 15.08m | eta: 70.2m
step 00455/02520 (18.06%) | loss: 3.373653 | lrm: 1.00 | dt: 2052.73ms | tok/sec: 255,410 | bf16_mfu: 0.00 | epoch: 1 pq: 5 rg: 29 | total time: 15.12m | eta: 70.1m
step 00456/02520 (18.10%) | loss: 3.372639 | lrm: 1.00 | dt: 2036.23ms | tok/sec: 257,479 | bf16_mfu: 0.00 | epoch: 1 pq: 5 rg: 30 | total time: 15.15m | eta: 70.1m
step 00457/02520 (18.13%) | loss: 3.370938 | lrm: 1.00 | dt: 2035.54ms | tok/sec: 257,566 | bf16_mfu: 0.00 | epoch: 1 pq: 5 rg: 31 | total time: 15.18m | eta: 70.1m
step 00458/02520 (18.17%) | loss: 3.377258 | lrm: 1.00 | dt: 2039.75ms | tok/sec: 257,035 | bf16_mfu: 0.00 | epoch: 1 pq: 5 rg: 32 | total time: 15.22m | eta: 70.0m
step 00459/02520 (18.21%) | loss: 3.373622 | lrm: 1.00 | dt: 1986.96ms | tok/sec: 263,864 | bf16_mfu: 0.00 | epoch: 1 pq: 5 rg: 33 | total time: 15.25m | eta: 70.0m
step 00460/02520 (18.25%) | loss: 3.363987 | lrm: 1.00 | dt: 1986.03ms | tok/sec: 263,987 | bf16_mfu: 0.00 | epoch: 1 pq: 5 rg: 34 | total time: 15.28m | eta: 70.0m
step 00461/02520 (18.29%) | loss: 3.363615 | lrm: 1.00 | dt: 1987.82ms | tok/sec: 263,750 | bf16_mfu: 0.00 | epoch: 1 pq: 5 rg: 35 | total time: 15.32m | eta: 69.9m
step 00462/02520 (18.33%) | loss: 3.356005 | lrm: 1.00 | dt: 1988.61ms | tok/sec: 263,645 | bf16_mfu: 0.00 | epoch: 1 pq: 5 rg: 36 | total time: 15.35m | eta: 69.9m
step 00463/02520 (18.37%) | loss: 3.361661 | lrm: 1.00 | dt: 1988.95ms | tok/sec: 263,599 | bf16_mfu: 0.00 | epoch: 1 pq: 5 rg: 37 | total time: 15.38m | eta: 69.9m
step 00464/02520 (18.41%) | loss: 3.359050 | lrm: 1.00 | dt: 1986.96ms | tok/sec: 263,864 | bf16_mfu: 0.00 | epoch: 1 pq: 5 rg: 38 | total time: 15.42m | eta: 69.8m
step 00465/02520 (18.45%) | loss: 3.364789 | lrm: 1.00 | dt: 1988.68ms | tok/sec: 263,636 | bf16_mfu: 0.00 | epoch: 1 pq: 5 rg: 39 | total time: 15.45m | eta: 69.8m
step 00466/02520 (18.49%) | loss: 3.368798 | lrm: 1.00 | dt: 1988.00ms | tok/sec: 263,726 | bf16_mfu: 0.00 | epoch: 1 pq: 5 rg: 40 | total time: 15.48m | eta: 69.7m
step 00467/02520 (18.53%) | loss: 3.368039 | lrm: 1.00 | dt: 1987.91ms | tok/sec: 263,738 | bf16_mfu: 0.00 | epoch: 1 pq: 5 rg: 41 | total time: 15.52m | eta: 69.7m
step 00468/02520 (18.57%) | loss: 3.366287 | lrm: 1.00 | dt: 1985.72ms | tok/sec: 264,028 | bf16_mfu: 0.00 | epoch: 1 pq: 5 rg: 42 | total time: 15.55m | eta: 69.7m
step 00469/02520 (18.61%) | loss: 3.375867 | lrm: 1.00 | dt: 1986.93ms | tok/sec: 263,868 | bf16_mfu: 0.00 | epoch: 1 pq: 5 rg: 43 | total time: 15.58m | eta: 69.6m
step 00470/02520 (18.65%) | loss: 3.367873 | lrm: 1.00 | dt: 1988.11ms | tok/sec: 263,712 | bf16_mfu: 0.00 | epoch: 1 pq: 5 rg: 44 | total time: 15.62m | eta: 69.6m
step 00471/02520 (18.69%) | loss: 3.361793 | lrm: 1.00 | dt: 1988.38ms | tok/sec: 263,676 | bf16_mfu: 0.00 | epoch: 1 pq: 5 rg: 45 | total time: 15.65m | eta: 69.6m
step 00472/02520 (18.73%) | loss: 3.352993 | lrm: 1.00 | dt: 1985.92ms | tok/sec: 264,002 | bf16_mfu: 0.00 | epoch: 1 pq: 5 rg: 46 | total time: 15.68m | eta: 69.5m
step 00473/02520 (18.77%) | loss: 3.352848 | lrm: 1.00 | dt: 1987.11ms | tok/sec: 263,844 | bf16_mfu: 0.00 | epoch: 1 pq: 5 rg: 47 | total time: 15.72m | eta: 69.5m
step 00474/02520 (18.81%) | loss: 3.367067 | lrm: 1.00 | dt: 1986.43ms | tok/sec: 263,934 | bf16_mfu: 0.00 | epoch: 1 pq: 5 rg: 48 | total time: 15.75m | eta: 69.4m
step 00475/02520 (18.85%) | loss: 3.366880 | lrm: 1.00 | dt: 1986.08ms | tok/sec: 263,981 | bf16_mfu: 0.00 | epoch: 1 pq: 5 rg: 49 | total time: 15.78m | eta: 69.4m
step 00476/02520 (18.89%) | loss: 3.363940 | lrm: 1.00 | dt: 1987.31ms | tok/sec: 263,817 | bf16_mfu: 0.00 | epoch: 1 pq: 5 rg: 50 | total time: 15.81m | eta: 69.4m
step 00477/02520 (18.93%) | loss: 3.365515 | lrm: 1.00 | dt: 1986.03ms | tok/sec: 263,987 | bf16_mfu: 0.00 | epoch: 1 pq: 5 rg: 51 | total time: 15.85m | eta: 69.3m
step 00478/02520 (18.97%) | loss: 3.361331 | lrm: 1.00 | dt: 1987.10ms | tok/sec: 263,845 | bf16_mfu: 0.00 | epoch: 1 pq: 5 rg: 52 | total time: 15.88m | eta: 69.3m
step 00479/02520 (19.01%) | loss: 3.356978 | lrm: 1.00 | dt: 1988.35ms | tok/sec: 263,679 | bf16_mfu: 0.00 | epoch: 1 pq: 5 rg: 53 | total time: 15.91m | eta: 69.3m
step 00480/02520 (19.05%) | loss: 3.338832 | lrm: 1.00 | dt: 1987.84ms | tok/sec: 263,747 | bf16_mfu: 0.00 | epoch: 1 pq: 5 rg: 54 | total time: 15.95m | eta: 69.2m
step 00481/02520 (19.09%) | loss: 3.343200 | lrm: 1.00 | dt: 1988.59ms | tok/sec: 263,648 | bf16_mfu: 0.00 | epoch: 1 pq: 5 rg: 55 | total time: 15.98m | eta: 69.2m
step 00482/02520 (19.13%) | loss: 3.341697 | lrm: 1.00 | dt: 1987.47ms | tok/sec: 263,796 | bf16_mfu: 0.00 | epoch: 1 pq: 5 rg: 56 | total time: 16.01m | eta: 69.1m
step 00483/02520 (19.17%) | loss: 3.342180 | lrm: 1.00 | dt: 1987.35ms | tok/sec: 263,812 | bf16_mfu: 0.00 | epoch: 1 pq: 5 rg: 57 | total time: 16.05m | eta: 69.1m
step 00484/02520 (19.21%) | loss: 3.328782 | lrm: 1.00 | dt: 1989.05ms | tok/sec: 263,587 | bf16_mfu: 0.00 | epoch: 1 pq: 5 rg: 58 | total time: 16.08m | eta: 69.1m
step 00485/02520 (19.25%) | loss: 3.319796 | lrm: 1.00 | dt: 1986.67ms | tok/sec: 263,902 | bf16_mfu: 0.00 | epoch: 1 pq: 5 rg: 59 | total time: 16.11m | eta: 69.0m
step 00486/02520 (19.29%) | loss: 3.320768 | lrm: 1.00 | dt: 1987.36ms | tok/sec: 263,811 | bf16_mfu: 0.00 | epoch: 1 pq: 5 rg: 60 | total time: 16.15m | eta: 69.0m
step 00487/02520 (19.33%) | loss: 3.305634 | lrm: 1.00 | dt: 1986.25ms | tok/sec: 263,959 | bf16_mfu: 0.00 | epoch: 1 pq: 5 rg: 61 | total time: 16.18m | eta: 69.0m
step 00488/02520 (19.37%) | loss: 3.323297 | lrm: 1.00 | dt: 1985.63ms | tok/sec: 264,040 | bf16_mfu: 0.00 | epoch: 1 pq: 5 rg: 61 | total time: 16.21m | eta: 68.9m
step 00489/02520 (19.40%) | loss: 3.320927 | lrm: 1.00 | dt: 1986.75ms | tok/sec: 263,892 | bf16_mfu: 0.00 | epoch: 1 pq: 5 rg: 62 | total time: 16.25m | eta: 68.9m
step 00490/02520 (19.44%) | loss: 3.321024 | lrm: 1.00 | dt: 1987.45ms | tok/sec: 263,799 | bf16_mfu: 0.00 | epoch: 1 pq: 5 rg: 63 | total time: 16.28m | eta: 68.8m
step 00491/02520 (19.48%) | loss: 3.322928 | lrm: 1.00 | dt: 1986.90ms | tok/sec: 263,871 | bf16_mfu: 0.00 | epoch: 1 pq: 5 rg: 64 | total time: 16.31m | eta: 68.8m
step 00492/02520 (19.52%) | loss: 3.320682 | lrm: 1.00 | dt: 1986.77ms | tok/sec: 263,889 | bf16_mfu: 0.00 | epoch: 1 pq: 5 rg: 65 | total time: 16.34m | eta: 68.8m
step 00493/02520 (19.56%) | loss: 3.323939 | lrm: 1.00 | dt: 1985.65ms | tok/sec: 264,038 | bf16_mfu: 0.00 | epoch: 1 pq: 5 rg: 66 | total time: 16.38m | eta: 68.7m
step 00494/02520 (19.60%) | loss: 3.323228 | lrm: 1.00 | dt: 1985.97ms | tok/sec: 263,995 | bf16_mfu: 0.00 | epoch: 1 pq: 5 rg: 67 | total time: 16.41m | eta: 68.7m
step 00495/02520 (19.64%) | loss: 3.315727 | lrm: 1.00 | dt: 1987.11ms | tok/sec: 263,844 | bf16_mfu: 0.00 | epoch: 1 pq: 5 rg: 68 | total time: 16.44m | eta: 68.7m
step 00496/02520 (19.68%) | loss: 3.319464 | lrm: 1.00 | dt: 2030.63ms | tok/sec: 258,189 | bf16_mfu: 0.00 | epoch: 1 pq: 5 rg: 69 | total time: 16.48m | eta: 68.6m
step 00497/02520 (19.72%) | loss: 3.331407 | lrm: 1.00 | dt: 2030.95ms | tok/sec: 258,149 | bf16_mfu: 0.00 | epoch: 1 pq: 5 rg: 70 | total time: 16.51m | eta: 68.6m
step 00498/02520 (19.76%) | loss: 3.328775 | lrm: 1.00 | dt: 1990.64ms | tok/sec: 263,377 | bf16_mfu: 0.00 | epoch: 1 pq: 5 rg: 71 | total time: 16.54m | eta: 68.6m
step 00499/02520 (19.80%) | loss: 3.334547 | lrm: 1.00 | dt: 1988.58ms | tok/sec: 263,648 | bf16_mfu: 0.00 | epoch: 1 pq: 5 rg: 72 | total time: 16.58m | eta: 68.5m
Step 00500 | Validation bpb: 1.012348
step 00500/02520 (19.84%) | loss: 3.344030 | lrm: 1.00 | dt: 1976.11ms | tok/sec: 265,312 | bf16_mfu: 0.00 | epoch: 1 pq: 5 rg: 73 | total time: 16.61m | eta: 68.5m
step 00501/02520 (19.88%) | loss: 3.336240 | lrm: 1.00 | dt: 1979.64ms | tok/sec: 264,839 | bf16_mfu: 0.00 | epoch: 1 pq: 5 rg: 74 | total time: 16.64m | eta: 68.4m
step 00502/02520 (19.92%) | loss: 3.333925 | lrm: 1.00 | dt: 1980.14ms | tok/sec: 264,772 | bf16_mfu: 0.00 | epoch: 1 pq: 5 rg: 75 | total time: 16.68m | eta: 68.4m
step 00503/02520 (19.96%) | loss: 3.324521 | lrm: 1.00 | dt: 1978.64ms | tok/sec: 264,973 | bf16_mfu: 0.00 | epoch: 1 pq: 5 rg: 76 | total time: 16.71m | eta: 68.4m
2026-09-27 16:50:42,550 - nanochat.checkpoint_manager - [32m[1mINFO[0m - Saved model parameters to: /home/neo/.cache/nanochat/base_checkpoints/looped_L8_lr1_lr1_h1.0_s0/model_000504.pt
2026-09-27 16:50:42,979 - nanochat.checkpoint_manager - [32m[1mINFO[0m - Saved optimizer state to: /home/neo/.cache/nanochat/base_checkpoints/looped_L8_lr1_lr1_h1.0_s0/optim_000504_rank0.pt
2026-09-27 16:50:42,980 - nanochat.checkpoint_manager - [32m[1mINFO[0m - Saved metadata to: /home/neo/.cache/nanochat/base_checkpoints/looped_L8_lr1_lr1_h1.0_s0/meta_000504.json
step 00504/02520 (20.00%) | loss: 3.320698 | lrm: 1.00 | dt: 1965.32ms | tok/sec: 266,769 | bf16_mfu: 0.00 | epoch: 1 pq: 5 rg: 77 | total time: 16.74m | eta: 68.3m
step 00505/02520 (20.04%) | loss: 3.326602 | lrm: 1.00 | dt: 1974.41ms | tok/sec: 265,541 | bf16_mfu: 0.00 | epoch: 1 pq: 5 rg: 78 | total time: 16.78m | eta: 68.3m
step 00506/02520 (20.08%) | loss: 3.316407 | lrm: 1.00 | dt: 1977.50ms | tok/sec: 265,126 | bf16_mfu: 0.00 | epoch: 1 pq: 5 rg: 79 | total time: 16.81m | eta: 68.2m
step 00507/02520 (20.12%) | loss: 3.316305 | lrm: 1.00 | dt: 1978.56ms | tok/sec: 264,984 | bf16_mfu: 0.00 | epoch: 1 pq: 5 rg: 80 | total time: 16.84m | eta: 68.2m
step 00508/02520 (20.16%) | loss: 3.317426 | lrm: 1.00 | dt: 1978.05ms | tok/sec: 265,052 | bf16_mfu: 0.00 | epoch: 1 pq: 5 rg: 81 | total time: 16.87m | eta: 68.2m
step 00509/02520 (20.20%) | loss: 3.324203 | lrm: 1.00 | dt: 1978.90ms | tok/sec: 264,939 | bf16_mfu: 0.00 | epoch: 1 pq: 5 rg: 82 | total time: 16.91m | eta: 68.1m
step 00510/02520 (20.24%) | loss: 3.309968 | lrm: 1.00 | dt: 1978.76ms | tok/sec: 264,957 | bf16_mfu: 0.00 | epoch: 1 pq: 6 rg: 0 | total time: 16.94m | eta: 68.1m
step 00511/02520 (20.28%) | loss: 3.307543 | lrm: 1.00 | dt: 1978.11ms | tok/sec: 265,044 | bf16_mfu: 0.00 | epoch: 1 pq: 6 rg: 1 | total time: 16.97m | eta: 68.1m
step 00512/02520 (20.32%) | loss: 3.311029 | lrm: 1.00 | dt: 1979.57ms | tok/sec: 264,849 | bf16_mfu: 0.00 | epoch: 1 pq: 6 rg: 2 | total time: 17.01m | eta: 68.0m
step 00513/02520 (20.36%) | loss: 3.302300 | lrm: 1.00 | dt: 1979.13ms | tok/sec: 264,908 | bf16_mfu: 0.00 | epoch: 1 pq: 6 rg: 3 | total time: 17.04m | eta: 68.0m
step 00514/02520 (20.40%) | loss: 3.304200 | lrm: 1.00 | dt: 1979.21ms | tok/sec: 264,897 | bf16_mfu: 0.00 | epoch: 1 pq: 6 rg: 4 | total time: 17.07m | eta: 67.9m
step 00515/02520 (20.44%) | loss: 3.307265 | lrm: 1.00 | dt: 1980.19ms | tok/sec: 264,766 | bf16_mfu: 0.00 | epoch: 1 pq: 6 rg: 5 | total time: 17.11m | eta: 67.9m
step 00516/02520 (20.48%) | loss: 3.309800 | lrm: 1.00 | dt: 1980.92ms | tok/sec: 264,668 | bf16_mfu: 0.00 | epoch: 1 pq: 6 rg: 6 | total time: 17.14m | eta: 67.9m
step 00517/02520 (20.52%) | loss: 3.301210 | lrm: 1.00 | dt: 1982.48ms | tok/sec: 264,460 | bf16_mfu: 0.00 | epoch: 1 pq: 6 rg: 7 | total time: 17.17m | eta: 67.8m
step 00518/02520 (20.56%) | loss: 3.296980 | lrm: 1.00 | dt: 1979.89ms | tok/sec: 264,806 | bf16_mfu: 0.00 | epoch: 1 pq: 6 rg: 8 | total time: 17.20m | eta: 67.8m
step 00519/02520 (20.60%) | loss: 3.301545 | lrm: 1.00 | dt: 1981.25ms | tok/sec: 264,624 | bf16_mfu: 0.00 | epoch: 1 pq: 6 rg: 9 | total time: 17.24m | eta: 67.8m
step 00520/02520 (20.63%) | loss: 3.294303 | lrm: 1.00 | dt: 1981.38ms | tok/sec: 264,607 | bf16_mfu: 0.00 | epoch: 1 pq: 6 rg: 9 | total time: 17.27m | eta: 67.7m
step 00521/02520 (20.67%) | loss: 3.298626 | lrm: 1.00 | dt: 1980.94ms | tok/sec: 264,665 | bf16_mfu: 0.00 | epoch: 1 pq: 6 rg: 10 | total time: 17.30m | eta: 67.7m
step 00522/02520 (20.71%) | loss: 3.292864 | lrm: 1.00 | dt: 1980.96ms | tok/sec: 264,663 | bf16_mfu: 0.00 | epoch: 1 pq: 6 rg: 11 | total time: 17.34m | eta: 67.7m
step 00523/02520 (20.75%) | loss: 3.299444 | lrm: 1.00 | dt: 1982.84ms | tok/sec: 264,413 | bf16_mfu: 0.00 | epoch: 1 pq: 6 rg: 12 | total time: 17.37m | eta: 67.6m
step 00524/02520 (20.79%) | loss: 3.302671 | lrm: 1.00 | dt: 1982.60ms | tok/sec: 264,444 | bf16_mfu: 0.00 | epoch: 1 pq: 6 rg: 13 | total time: 17.40m | eta: 67.6m
step 00525/02520 (20.83%) | loss: 3.308601 | lrm: 1.00 | dt: 1983.19ms | tok/sec: 264,366 | bf16_mfu: 0.00 | epoch: 1 pq: 6 rg: 14 | total time: 17.44m | eta: 67.5m
step 00526/02520 (20.87%) | loss: 3.292744 | lrm: 1.00 | dt: 1982.71ms | tok/sec: 264,429 | bf16_mfu: 0.00 | epoch: 1 pq: 6 rg: 15 | total time: 17.47m | eta: 67.5m
step 00527/02520 (20.91%) | loss: 3.280527 | lrm: 1.00 | dt: 1980.88ms | tok/sec: 264,673 | bf16_mfu: 0.00 | epoch: 1 pq: 6 rg: 16 | total time: 17.50m | eta: 67.5m
step 00528/02520 (20.95%) | loss: 3.283819 | lrm: 1.00 | dt: 1980.71ms | tok/sec: 264,696 | bf16_mfu: 0.00 | epoch: 1 pq: 6 rg: 17 | total time: 17.53m | eta: 67.4m
step 00529/02520 (20.99%) | loss: 3.289999 | lrm: 1.00 | dt: 1981.42ms | tok/sec: 264,601 | bf16_mfu: 0.00 | epoch: 1 pq: 6 rg: 18 | total time: 17.57m | eta: 67.4m
step 00530/02520 (21.03%) | loss: 3.296508 | lrm: 1.00 | dt: 1981.70ms | tok/sec: 264,564 | bf16_mfu: 0.00 | epoch: 1 pq: 6 rg: 19 | total time: 17.60m | eta: 67.4m
step 00531/02520 (21.07%) | loss: 3.292031 | lrm: 1.00 | dt: 1983.16ms | tok/sec: 264,369 | bf16_mfu: 0.00 | epoch: 1 pq: 6 rg: 20 | total time: 17.63m | eta: 67.3m
step 00532/02520 (21.11%) | loss: 3.302048 | lrm: 1.00 | dt: 1983.33ms | tok/sec: 264,347 | bf16_mfu: 0.00 | epoch: 1 pq: 6 rg: 21 | total time: 17.67m | eta: 67.3m
step 00533/02520 (21.15%) | loss: 3.289788 | lrm: 1.00 | dt: 1983.17ms | tok/sec: 264,368 | bf16_mfu: 0.00 | epoch: 1 pq: 6 rg: 22 | total time: 17.70m | eta: 67.2m
step 00534/02520 (21.19%) | loss: 3.299024 | lrm: 1.00 | dt: 1982.45ms | tok/sec: 264,465 | bf16_mfu: 0.00 | epoch: 1 pq: 6 rg: 23 | total time: 17.73m | eta: 67.2m
step 00535/02520 (21.23%) | loss: 3.298133 | lrm: 1.00 | dt: 1983.24ms | tok/sec: 264,359 | bf16_mfu: 0.00 | epoch: 1 pq: 6 rg: 24 | total time: 17.77m | eta: 67.2m
step 00536/02520 (21.27%) | loss: 3.300444 | lrm: 1.00 | dt: 1983.98ms | tok/sec: 264,261 | bf16_mfu: 0.00 | epoch: 1 pq: 6 rg: 25 | total time: 17.80m | eta: 67.1m
step 00537/02520 (21.31%) | loss: 3.304810 | lrm: 1.00 | dt: 1985.00ms | tok/sec: 264,124 | bf16_mfu: 0.00 | epoch: 1 pq: 6 rg: 26 | total time: 17.83m | eta: 67.1m
step 00538/02520 (21.35%) | loss: 3.297269 | lrm: 1.00 | dt: 1983.63ms | tok/sec: 264,307 | bf16_mfu: 0.00 | epoch: 1 pq: 6 rg: 27 | total time: 17.86m | eta: 67.1m
step 00539/02520 (21.39%) | loss: 3.297072 | lrm: 1.00 | dt: 1985.00ms | tok/sec: 264,124 | bf16_mfu: 0.00 | epoch: 1 pq: 6 rg: 28 | total time: 17.90m | eta: 67.0m
step 00540/02520 (21.43%) | loss: 3.287834 | lrm: 1.00 | dt: 1983.91ms | tok/sec: 264,269 | bf16_mfu: 0.00 | epoch: 1 pq: 6 rg: 29 | total time: 17.93m | eta: 67.0m
step 00541/02520 (21.47%) | loss: 3.273963 | lrm: 1.00 | dt: 1984.98ms | tok/sec: 264,127 | bf16_mfu: 0.00 | epoch: 1 pq: 6 rg: 30 | total time: 17.96m | eta: 67.0m
step 00542/02520 (21.51%) | loss: 3.277111 | lrm: 1.00 | dt: 1985.26ms | tok/sec: 264,089 | bf16_mfu: 0.00 | epoch: 1 pq: 6 rg: 31 | total time: 18.00m | eta: 66.9m
step 00543/02520 (21.55%) | loss: 3.279579 | lrm: 1.00 | dt: 1986.15ms | tok/sec: 263,971 | bf16_mfu: 0.00 | epoch: 1 pq: 6 rg: 32 | total time: 18.03m | eta: 66.9m
step 00544/02520 (21.59%) | loss: 3.280889 | lrm: 1.00 | dt: 1985.79ms | tok/sec: 264,020 | bf16_mfu: 0.00 | epoch: 1 pq: 6 rg: 33 | total time: 18.06m | eta: 66.8m
step 00545/02520 (21.63%) | loss: 3.284762 | lrm: 1.00 | dt: 1986.06ms | tok/sec: 263,984 | bf16_mfu: 0.00 | epoch: 1 pq: 6 rg: 34 | total time: 18.10m | eta: 66.8m
step 00546/02520 (21.67%) | loss: 3.297371 | lrm: 1.00 | dt: 1984.69ms | tok/sec: 264,165 | bf16_mfu: 0.00 | epoch: 1 pq: 6 rg: 34 | total time: 18.13m | eta: 66.8m
step 00547/02520 (21.71%) | loss: 3.295570 | lrm: 1.00 | dt: 1984.68ms | tok/sec: 264,167 | bf16_mfu: 0.00 | epoch: 1 pq: 6 rg: 35 | total time: 18.16m | eta: 66.7m
step 00548/02520 (21.75%) | loss: 3.293414 | lrm: 1.00 | dt: 1983.80ms | tok/sec: 264,284 | bf16_mfu: 0.00 | epoch: 1 pq: 6 rg: 36 | total time: 18.20m | eta: 66.7m
step 00549/02520 (21.79%) | loss: 3.285039 | lrm: 1.00 | dt: 1984.46ms | tok/sec: 264,196 | bf16_mfu: 0.00 | epoch: 1 pq: 6 rg: 37 | total time: 18.23m | eta: 66.7m
step 00550/02520 (21.83%) | loss: 3.278060 | lrm: 1.00 | dt: 1984.41ms | tok/sec: 264,204 | bf16_mfu: 0.00 | epoch: 1 pq: 6 rg: 38 | total time: 18.26m | eta: 66.6m
step 00551/02520 (21.87%) | loss: 3.276797 | lrm: 1.00 | dt: 1985.54ms | tok/sec: 264,053 | bf16_mfu: 0.00 | epoch: 1 pq: 6 rg: 39 | total time: 18.30m | eta: 66.6m
step 00552/02520 (21.90%) | loss: 3.280588 | lrm: 1.00 | dt: 1984.85ms | tok/sec: 264,145 | bf16_mfu: 0.00 | epoch: 1 pq: 6 rg: 40 | total time: 18.33m | eta: 66.5m
step 00553/02520 (21.94%) | loss: 3.276492 | lrm: 1.00 | dt: 1984.85ms | tok/sec: 264,144 | bf16_mfu: 0.00 | epoch: 1 pq: 6 rg: 41 | total time: 18.36m | eta: 66.5m
step 00554/02520 (21.98%) | loss: 3.271849 | lrm: 1.00 | dt: 1985.34ms | tok/sec: 264,079 | bf16_mfu: 0.00 | epoch: 1 pq: 6 rg: 42 | total time: 18.39m | eta: 66.5m
step 00555/02520 (22.02%) | loss: 3.280417 | lrm: 1.00 | dt: 1983.49ms | tok/sec: 264,326 | bf16_mfu: 0.00 | epoch: 1 pq: 6 rg: 43 | total time: 18.43m | eta: 66.4m
step 00556/02520 (22.06%) | loss: 3.273976 | lrm: 1.00 | dt: 1981.67ms | tok/sec: 264,568 | bf16_mfu: 0.00 | epoch: 1 pq: 6 rg: 44 | total time: 18.46m | eta: 66.4m
step 00557/02520 (22.10%) | loss: 3.277669 | lrm: 1.00 | dt: 1983.09ms | tok/sec: 264,378 | bf16_mfu: 0.00 | epoch: 1 pq: 6 rg: 45 | total time: 18.49m | eta: 66.4m
step 00558/02520 (22.14%) | loss: 3.267334 | lrm: 1.00 | dt: 1984.62ms | tok/sec: 264,174 | bf16_mfu: 0.00 | epoch: 1 pq: 6 rg: 46 | total time: 18.53m | eta: 66.3m
step 00559/02520 (22.18%) | loss: 3.272425 | lrm: 1.00 | dt: 1984.54ms | tok/sec: 264,186 | bf16_mfu: 0.00 | epoch: 1 pq: 6 rg: 47 | total time: 18.56m | eta: 66.3m
step 00560/02520 (22.22%) | loss: 3.285014 | lrm: 1.00 | dt: 1984.34ms | tok/sec: 264,212 | bf16_mfu: 0.00 | epoch: 1 pq: 6 rg: 48 | total time: 18.59m | eta: 66.3m
step 00561/02520 (22.26%) | loss: 3.283839 | lrm: 1.00 | dt: 1985.45ms | tok/sec: 264,064 | bf16_mfu: 0.00 | epoch: 1 pq: 6 rg: 49 | total time: 18.63m | eta: 66.2m
step 00562/02520 (22.30%) | loss: 3.272706 | lrm: 1.00 | dt: 1984.26ms | tok/sec: 264,224 | bf16_mfu: 0.00 | epoch: 1 pq: 6 rg: 50 | total time: 18.66m | eta: 66.2m
step 00563/02520 (22.34%) | loss: 3.270829 | lrm: 1.00 | dt: 1984.68ms | tok/sec: 264,167 | bf16_mfu: 0.00 | epoch: 1 pq: 6 rg: 51 | total time: 18.69m | eta: 66.1m
step 00564/02520 (22.38%) | loss: 3.274114 | lrm: 1.00 | dt: 1984.58ms | tok/sec: 264,180 | bf16_mfu: 0.00 | epoch: 1 pq: 6 rg: 52 | total time: 18.72m | eta: 66.1m
step 00565/02520 (22.42%) | loss: 3.279624 | lrm: 1.00 | dt: 1986.02ms | tok/sec: 263,989 | bf16_mfu: 0.00 | epoch: 1 pq: 6 rg: 53 | total time: 18.76m | eta: 66.1m
step 00566/02520 (22.46%) | loss: 3.288827 | lrm: 1.00 | dt: 1985.71ms | tok/sec: 264,030 | bf16_mfu: 0.00 | epoch: 1 pq: 6 rg: 54 | total time: 18.79m | eta: 66.0m
step 00567/02520 (22.50%) | loss: 3.282642 | lrm: 1.00 | dt: 1986.51ms | tok/sec: 263,924 | bf16_mfu: 0.00 | epoch: 1 pq: 6 rg: 55 | total time: 18.82m | eta: 66.0m
step 00568/02520 (22.54%) | loss: 3.286370 | lrm: 1.00 | dt: 1987.20ms | tok/sec: 263,832 | bf16_mfu: 0.00 | epoch: 1 pq: 6 rg: 56 | total time: 18.86m | eta: 66.0m
step 00569/02520 (22.58%) | loss: 3.278231 | lrm: 1.00 | dt: 1985.67ms | tok/sec: 264,035 | bf16_mfu: 0.00 | epoch: 1 pq: 6 rg: 57 | total time: 18.89m | eta: 65.9m
step 00570/02520 (22.62%) | loss: 3.281277 | lrm: 1.00 | dt: 1986.29ms | tok/sec: 263,953 | bf16_mfu: 0.00 | epoch: 1 pq: 6 rg: 58 | total time: 18.92m | eta: 65.9m
step 00571/02520 (22.66%) | loss: 3.287510 | lrm: 1.00 | dt: 1986.02ms | tok/sec: 263,989 | bf16_mfu: 0.00 | epoch: 1 pq: 6 rg: 59 | total time: 18.96m | eta: 65.9m
step 00572/02520 (22.70%) | loss: 3.289477 | lrm: 1.00 | dt: 1986.97ms | tok/sec: 263,863 | bf16_mfu: 0.00 | epoch: 1 pq: 6 rg: 60 | total time: 18.99m | eta: 65.8m
step 00573/02520 (22.74%) | loss: 3.293559 | lrm: 1.00 | dt: 1987.26ms | tok/sec: 263,824 | bf16_mfu: 0.00 | epoch: 1 pq: 6 rg: 61 | total time: 19.02m | eta: 65.8m
step 00574/02520 (22.78%) | loss: 3.283350 | lrm: 1.00 | dt: 1986.55ms | tok/sec: 263,918 | bf16_mfu: 0.00 | epoch: 1 pq: 6 rg: 62 | total time: 19.06m | eta: 65.8m
step 00575/02520 (22.82%) | loss: 3.276583 | lrm: 1.00 | dt: 1985.57ms | tok/sec: 264,049 | bf16_mfu: 0.00 | epoch: 1 pq: 6 rg: 63 | total time: 19.09m | eta: 65.7m
step 00576/02520 (22.86%) | loss: 3.276357 | lrm: 1.00 | dt: 1986.48ms | tok/sec: 263,928 | bf16_mfu: 0.00 | epoch: 1 pq: 6 rg: 64 | total time: 19.12m | eta: 65.7m
step 00577/02520 (22.90%) | loss: 3.272478 | lrm: 1.00 | dt: 1987.43ms | tok/sec: 263,801 | bf16_mfu: 0.00 | epoch: 1 pq: 6 rg: 65 | total time: 19.16m | eta: 65.6m
step 00578/02520 (22.94%) | loss: 3.268139 | lrm: 1.00 | dt: 1986.49ms | tok/sec: 263,927 | bf16_mfu: 0.00 | epoch: 1 pq: 6 rg: 66 | total time: 19.19m | eta: 65.6m
step 00579/02520 (22.98%) | loss: 3.273880 | lrm: 1.00 | dt: 1986.68ms | tok/sec: 263,900 | bf16_mfu: 0.00 | epoch: 1 pq: 6 rg: 67 | total time: 19.22m | eta: 65.6m
step 00580/02520 (23.02%) | loss: 3.269667 | lrm: 1.00 | dt: 1985.23ms | tok/sec: 264,094 | bf16_mfu: 0.00 | epoch: 1 pq: 6 rg: 68 | total time: 19.25m | eta: 65.5m
step 00581/02520 (23.06%) | loss: 3.266656 | lrm: 1.00 | dt: 1986.58ms | tok/sec: 263,915 | bf16_mfu: 0.00 | epoch: 1 pq: 6 rg: 68 | total time: 19.29m | eta: 65.5m
step 00582/02520 (23.10%) | loss: 3.256613 | lrm: 1.00 | dt: 1987.58ms | tok/sec: 263,782 | bf16_mfu: 0.00 | epoch: 1 pq: 6 rg: 69 | total time: 19.32m | eta: 65.5m
step 00583/02520 (23.13%) | loss: 3.262737 | lrm: 1.00 | dt: 1987.11ms | tok/sec: 263,844 | bf16_mfu: 0.00 | epoch: 1 pq: 6 rg: 70 | total time: 19.35m | eta: 65.4m
step 00584/02520 (23.17%) | loss: 3.260661 | lrm: 1.00 | dt: 1985.87ms | tok/sec: 264,009 | bf16_mfu: 0.00 | epoch: 1 pq: 6 rg: 71 | total time: 19.39m | eta: 65.4m
step 00585/02520 (23.21%) | loss: 3.267586 | lrm: 1.00 | dt: 1987.31ms | tok/sec: 263,817 | bf16_mfu: 0.00 | epoch: 1 pq: 6 rg: 72 | total time: 19.42m | eta: 65.4m
step 00586/02520 (23.25%) | loss: 3.281905 | lrm: 1.00 | dt: 1985.43ms | tok/sec: 264,067 | bf16_mfu: 0.00 | epoch: 1 pq: 6 rg: 73 | total time: 19.45m | eta: 65.3m
step 00587/02520 (23.29%) | loss: 3.276471 | lrm: 1.00 | dt: 1985.11ms | tok/sec: 264,109 | bf16_mfu: 0.00 | epoch: 1 pq: 6 rg: 74 | total time: 19.49m | eta: 65.3m
step 00588/02520 (23.33%) | loss: 3.276428 | lrm: 1.00 | dt: 1987.25ms | tok/sec: 263,825 | bf16_mfu: 0.00 | epoch: 1 pq: 6 rg: 75 | total time: 19.52m | eta: 65.2m
step 00589/02520 (23.37%) | loss: 3.275865 | lrm: 1.00 | dt: 1987.89ms | tok/sec: 263,741 | bf16_mfu: 0.00 | epoch: 1 pq: 6 rg: 76 | total time: 19.55m | eta: 65.2m
step 00590/02520 (23.41%) | loss: 3.277159 | lrm: 1.00 | dt: 1990.64ms | tok/sec: 263,376 | bf16_mfu: 0.00 | epoch: 1 pq: 6 rg: 77 | total time: 19.59m | eta: 65.2m
step 00591/02520 (23.45%) | loss: 3.285419 | lrm: 1.00 | dt: 1986.81ms | tok/sec: 263,883 | bf16_mfu: 0.00 | epoch: 1 pq: 6 rg: 78 | total time: 19.62m | eta: 65.1m
step 00592/02520 (23.49%) | loss: 3.270595 | lrm: 1.00 | dt: 1986.98ms | tok/sec: 263,861 | bf16_mfu: 0.00 | epoch: 1 pq: 6 rg: 79 | total time: 19.65m | eta: 65.1m
step 00593/02520 (23.53%) | loss: 3.269273 | lrm: 1.00 | dt: 1988.09ms | tok/sec: 263,714 | bf16_mfu: 0.00 | epoch: 1 pq: 6 rg: 80 | total time: 19.69m | eta: 65.1m
step 00594/02520 (23.57%) | loss: 3.270355 | lrm: 1.00 | dt: 1986.97ms | tok/sec: 263,863 | bf16_mfu: 0.00 | epoch: 1 pq: 6 rg: 81 | total time: 19.72m | eta: 65.0m
step 00595/02520 (23.61%) | loss: 3.276022 | lrm: 1.00 | dt: 1987.64ms | tok/sec: 263,773 | bf16_mfu: 0.00 | epoch: 1 pq: 7 rg: 0 | total time: 19.75m | eta: 65.0m
step 00596/02520 (23.65%) | loss: 3.270791 | lrm: 1.00 | dt: 1987.06ms | tok/sec: 263,851 | bf16_mfu: 0.00 | epoch: 1 pq: 7 rg: 1 | total time: 19.78m | eta: 65.0m
step 00597/02520 (23.69%) | loss: 3.278155 | lrm: 1.00 | dt: 1987.53ms | tok/sec: 263,788 | bf16_mfu: 0.00 | epoch: 1 pq: 7 rg: 2 | total time: 19.82m | eta: 64.9m
step 00598/02520 (23.73%) | loss: 3.272529 | lrm: 1.00 | dt: 1987.81ms | tok/sec: 263,751 | bf16_mfu: 0.00 | epoch: 1 pq: 7 rg: 3 | total time: 19.85m | eta: 64.9m
step 00599/02520 (23.77%) | loss: 3.262487 | lrm: 1.00 | dt: 1988.43ms | tok/sec: 263,668 | bf16_mfu: 0.00 | epoch: 1 pq: 7 rg: 4 | total time: 19.88m | eta: 64.9m
step 00600/02520 (23.81%) | loss: 3.255553 | lrm: 1.00 | dt: 1987.91ms | tok/sec: 263,737 | bf16_mfu: 0.00 | epoch: 1 pq: 7 rg: 5 | total time: 19.92m | eta: 64.8m
step 00601/02520 (23.85%) | loss: 3.264778 | lrm: 1.00 | dt: 1987.83ms | tok/sec: 263,748 | bf16_mfu: 0.00 | epoch: 1 pq: 7 rg: 6 | total time: 19.95m | eta: 64.8m
step 00602/02520 (23.89%) | loss: 3.277641 | lrm: 1.00 | dt: 1986.06ms | tok/sec: 263,983 | bf16_mfu: 0.00 | epoch: 1 pq: 7 rg: 7 | total time: 19.98m | eta: 64.7m
step 00603/02520 (23.93%) | loss: 3.273206 | lrm: 1.00 | dt: 1983.92ms | tok/sec: 264,268 | bf16_mfu: 0.00 | epoch: 1 pq: 7 rg: 8 | total time: 20.02m | eta: 64.7m
step 00604/02520 (23.97%) | loss: 3.261294 | lrm: 1.00 | dt: 1986.42ms | tok/sec: 263,936 | bf16_mfu: 0.00 | epoch: 1 pq: 7 rg: 9 | total time: 20.05m | eta: 64.7m
step 00605/02520 (24.01%) | loss: 3.259697 | lrm: 1.00 | dt: 1986.70ms | tok/sec: 263,899 | bf16_mfu: 0.00 | epoch: 1 pq: 7 rg: 10 | total time: 20.08m | eta: 64.6m
step 00606/02520 (24.05%) | loss: 3.269831 | lrm: 1.00 | dt: 1986.57ms | tok/sec: 263,915 | bf16_mfu: 0.00 | epoch: 1 pq: 7 rg: 11 | total time: 20.12m | eta: 64.6m
step 00607/02520 (24.09%) | loss: 3.276796 | lrm: 1.00 | dt: 1987.97ms | tok/sec: 263,729 | bf16_mfu: 0.00 | epoch: 1 pq: 7 rg: 12 | total time: 20.15m | eta: 64.6m
step 00608/02520 (24.13%) | loss: 3.261177 | lrm: 1.00 | dt: 1987.48ms | tok/sec: 263,795 | bf16_mfu: 0.00 | epoch: 1 pq: 7 rg: 13 | total time: 20.18m | eta: 64.5m
step 00609/02520 (24.17%) | loss: 3.275182 | lrm: 1.00 | dt: 1987.65ms | tok/sec: 263,773 | bf16_mfu: 0.00 | epoch: 1 pq: 7 rg: 14 | total time: 20.22m | eta: 64.5m
step 00610/02520 (24.21%) | loss: 3.282836 | lrm: 1.00 | dt: 1988.05ms | tok/sec: 263,719 | bf16_mfu: 0.00 | epoch: 1 pq: 7 rg: 15 | total time: 20.25m | eta: 64.5m
step 00611/02520 (24.25%) | loss: 3.284828 | lrm: 1.00 | dt: 1986.89ms | tok/sec: 263,873 | bf16_mfu: 0.00 | epoch: 1 pq: 7 rg: 16 | total time: 20.28m | eta: 64.4m
step 00612/02520 (24.29%) | loss: 3.272517 | lrm: 1.00 | dt: 1986.42ms | tok/sec: 263,935 | bf16_mfu: 0.00 | epoch: 1 pq: 7 rg: 16 | total time: 20.31m | eta: 64.4m
step 00613/02520 (24.33%) | loss: 3.272398 | lrm: 1.00 | dt: 1986.66ms | tok/sec: 263,904 | bf16_mfu: 0.00 | epoch: 1 pq: 7 rg: 17 | total time: 20.35m | eta: 64.3m
step 00614/02520 (24.37%) | loss: 3.278031 | lrm: 1.00 | dt: 1984.62ms | tok/sec: 264,175 | bf16_mfu: 0.00 | epoch: 1 pq: 7 rg: 18 | total time: 20.38m | eta: 64.3m
step 00615/02520 (24.40%) | loss: 3.283776 | lrm: 1.00 | dt: 1986.79ms | tok/sec: 263,886 | bf16_mfu: 0.00 | epoch: 1 pq: 7 rg: 19 | total time: 20.41m | eta: 64.3m
step 00616/02520 (24.44%) | loss: 3.285414 | lrm: 1.00 | dt: 1988.59ms | tok/sec: 263,648 | bf16_mfu: 0.00 | epoch: 1 pq: 7 rg: 20 | total time: 20.45m | eta: 64.2m
step 00617/02520 (24.48%) | loss: 3.283436 | lrm: 1.00 | dt: 1986.45ms | tok/sec: 263,931 | bf16_mfu: 0.00 | epoch: 1 pq: 7 rg: 21 | total time: 20.48m | eta: 64.2m
step 00618/02520 (24.52%) | loss: 3.269058 | lrm: 1.00 | dt: 1985.82ms | tok/sec: 264,015 | bf16_mfu: 0.00 | epoch: 1 pq: 7 rg: 22 | total time: 20.51m | eta: 64.2m
step 00619/02520 (24.56%) | loss: 3.268473 | lrm: 1.00 | dt: 1985.49ms | tok/sec: 264,059 | bf16_mfu: 0.00 | epoch: 1 pq: 7 rg: 23 | total time: 20.55m | eta: 64.1m
step 00620/02520 (24.60%) | loss: 3.269216 | lrm: 1.00 | dt: 1985.98ms | tok/sec: 263,994 | bf16_mfu: 0.00 | epoch: 1 pq: 7 rg: 24 | total time: 20.58m | eta: 64.1m
step 00621/02520 (24.64%) | loss: 3.264986 | lrm: 1.00 | dt: 1985.53ms | tok/sec: 264,054 | bf16_mfu: 0.00 | epoch: 1 pq: 7 rg: 25 | total time: 20.61m | eta: 64.1m
step 00622/02520 (24.68%) | loss: 3.278703 | lrm: 1.00 | dt: 1984.35ms | tok/sec: 264,211 | bf16_mfu: 0.00 | epoch: 1 pq: 7 rg: 26 | total time: 20.65m | eta: 64.0m
step 00623/02520 (24.72%) | loss: 3.277226 | lrm: 1.00 | dt: 1985.95ms | tok/sec: 263,999 | bf16_mfu: 0.00 | epoch: 1 pq: 7 rg: 27 | total time: 20.68m | eta: 64.0m
step 00624/02520 (24.76%) | loss: 3.282402 | lrm: 1.00 | dt: 1985.74ms | tok/sec: 264,027 | bf16_mfu: 0.00 | epoch: 1 pq: 7 rg: 28 | total time: 20.71m | eta: 64.0m
step 00625/02520 (24.80%) | loss: 3.278909 | lrm: 1.00 | dt: 1986.28ms | tok/sec: 263,954 | bf16_mfu: 0.00 | epoch: 1 pq: 7 rg: 29 | total time: 20.74m | eta: 63.9m
step 00626/02520 (24.84%) | loss: 3.279114 | lrm: 1.00 | dt: 1985.72ms | tok/sec: 264,029 | bf16_mfu: 0.00 | epoch: 1 pq: 7 rg: 30 | total time: 20.78m | eta: 63.9m
step 00627/02520 (24.88%) | loss: 3.277186 | lrm: 1.00 | dt: 1985.59ms | tok/sec: 264,046 | bf16_mfu: 0.00 | epoch: 1 pq: 7 rg: 31 | total time: 20.81m | eta: 63.8m
step 00628/02520 (24.92%) | loss: 3.268223 | lrm: 1.00 | dt: 1986.33ms | tok/sec: 263,947 | bf16_mfu: 0.00 | epoch: 1 pq: 7 rg: 32 | total time: 20.84m | eta: 63.8m
step 00629/02520 (24.96%) | loss: 3.266366 | lrm: 1.00 | dt: 1986.88ms | tok/sec: 263,875 | bf16_mfu: 0.00 | epoch: 1 pq: 7 rg: 33 | total time: 20.88m | eta: 63.8m
2026-09-27 16:54:53,307 - nanochat.checkpoint_manager - [32m[1mINFO[0m - Saved model parameters to: /home/neo/.cache/nanochat/base_checkpoints/looped_L8_lr1_lr1_h1.0_s0/model_000630.pt
2026-09-27 16:54:53,745 - nanochat.checkpoint_manager - [32m[1mINFO[0m - Saved optimizer state to: /home/neo/.cache/nanochat/base_checkpoints/looped_L8_lr1_lr1_h1.0_s0/optim_000630_rank0.pt
2026-09-27 16:54:53,746 - nanochat.checkpoint_manager - [32m[1mINFO[0m - Saved metadata to: /home/neo/.cache/nanochat/base_checkpoints/looped_L8_lr1_lr1_h1.0_s0/meta_000630.json
step 00630/02520 (25.00%) | loss: 3.256334 | lrm: 1.00 | dt: 1969.89ms | tok/sec: 266,150 | bf16_mfu: 0.00 | epoch: 1 pq: 7 rg: 34 | total time: 20.91m | eta: 63.7m
step 00631/02520 (25.04%) | loss: 3.250400 | lrm: 1.00 | dt: 1984.05ms | tok/sec: 264,250 | bf16_mfu: 0.00 | epoch: 1 pq: 7 rg: 35 | total time: 20.94m | eta: 63.7m
step 00632/02520 (25.08%) | loss: 3.256154 | lrm: 1.00 | dt: 1985.21ms | tok/sec: 264,096 | bf16_mfu: 0.00 | epoch: 1 pq: 7 rg: 36 | total time: 20.98m | eta: 63.7m
step 00633/02520 (25.12%) | loss: 3.251097 | lrm: 1.00 | dt: 1984.03ms | tok/sec: 264,253 | bf16_mfu: 0.00 | epoch: 1 pq: 7 rg: 37 | total time: 21.01m | eta: 63.6m
step 00634/02520 (25.16%) | loss: 3.255053 | lrm: 1.00 | dt: 1983.64ms | tok/sec: 264,305 | bf16_mfu: 0.00 | epoch: 1 pq: 7 rg: 38 | total time: 21.04m | eta: 63.6m
step 00635/02520 (25.20%) | loss: 3.260738 | lrm: 1.00 | dt: 1984.37ms | tok/sec: 264,208 | bf16_mfu: 0.00 | epoch: 1 pq: 7 rg: 39 | total time: 21.08m | eta: 63.6m
step 00636/02520 (25.24%) | loss: 3.264098 | lrm: 1.00 | dt: 1985.72ms | tok/sec: 264,028 | bf16_mfu: 0.00 | epoch: 1 pq: 7 rg: 40 | total time: 21.11m | eta: 63.5m
step 00637/02520 (25.28%) | loss: 3.259057 | lrm: 1.00 | dt: 1985.44ms | tok/sec: 264,066 | bf16_mfu: 0.00 | epoch: 1 pq: 7 rg: 41 | total time: 21.14m | eta: 63.5m
step 00638/02520 (25.32%) | loss: 3.245530 | lrm: 1.00 | dt: 1985.33ms | tok/sec: 264,081 | bf16_mfu: 0.00 | epoch: 1 pq: 7 rg: 42 | total time: 21.17m | eta: 63.5m
step 00639/02520 (25.36%) | loss: 3.252038 | lrm: 1.00 | dt: 1984.14ms | tok/sec: 264,239 | bf16_mfu: 0.00 | epoch: 1 pq: 7 rg: 43 | total time: 21.21m | eta: 63.4m
step 00640/02520 (25.40%) | loss: 3.249500 | lrm: 1.00 | dt: 1984.76ms | tok/sec: 264,156 | bf16_mfu: 0.00 | epoch: 1 pq: 7 rg: 44 | total time: 21.24m | eta: 63.4m
step 00641/02520 (25.44%) | loss: 3.253954 | lrm: 1.00 | dt: 1985.48ms | tok/sec: 264,061 | bf16_mfu: 0.00 | epoch: 1 pq: 7 rg: 45 | total time: 21.27m | eta: 63.3m
step 00642/02520 (25.48%) | loss: 3.257778 | lrm: 1.00 | dt: 1986.39ms | tok/sec: 263,940 | bf16_mfu: 0.00 | epoch: 1 pq: 7 rg: 46 | total time: 21.31m | eta: 63.3m
step 00643/02520 (25.52%) | loss: 3.257354 | lrm: 1.00 | dt: 1986.11ms | tok/sec: 263,977 | bf16_mfu: 0.00 | epoch: 1 pq: 7 rg: 47 | total time: 21.34m | eta: 63.3m
step 00644/02520 (25.56%) | loss: 3.251005 | lrm: 1.00 | dt: 1985.36ms | tok/sec: 264,077 | bf16_mfu: 0.00 | epoch: 1 pq: 7 rg: 48 | total time: 21.37m | eta: 63.2m
step 00645/02520 (25.60%) | loss: 3.250751 | lrm: 1.00 | dt: 1984.67ms | tok/sec: 264,168 | bf16_mfu: 0.00 | epoch: 1 pq: 7 rg: 49 | total time: 21.41m | eta: 63.2m
step 00646/02520 (25.63%) | loss: 3.245201 | lrm: 1.00 | dt: 1986.17ms | tok/sec: 263,968 | bf16_mfu: 0.00 | epoch: 1 pq: 7 rg: 49 | total time: 21.44m | eta: 63.2m
step 00647/02520 (25.67%) | loss: 3.237247 | lrm: 1.00 | dt: 1985.07ms | tok/sec: 264,115 | bf16_mfu: 0.00 | epoch: 1 pq: 7 rg: 50 | total time: 21.47m | eta: 63.1m
step 00648/02520 (25.71%) | loss: 3.252441 | lrm: 1.00 | dt: 1983.50ms | tok/sec: 264,324 | bf16_mfu: 0.00 | epoch: 1 pq: 7 rg: 51 | total time: 21.51m | eta: 63.1m
step 00649/02520 (25.75%) | loss: 3.269439 | lrm: 1.00 | dt: 1985.38ms | tok/sec: 264,074 | bf16_mfu: 0.00 | epoch: 1 pq: 7 rg: 52 | total time: 21.54m | eta: 63.1m
step 00650/02520 (25.79%) | loss: 3.269917 | lrm: 1.00 | dt: 1985.75ms | tok/sec: 264,025 | bf16_mfu: 0.00 | epoch: 1 pq: 7 rg: 53 | total time: 21.57m | eta: 63.0m
step 00651/02520 (25.83%) | loss: 3.273392 | lrm: 1.00 | dt: 1985.54ms | tok/sec: 264,052 | bf16_mfu: 0.00 | epoch: 1 pq: 7 rg: 54 | total time: 21.60m | eta: 63.0m
step 00652/02520 (25.87%) | loss: 3.261019 | lrm: 1.00 | dt: 1985.15ms | tok/sec: 264,104 | bf16_mfu: 0.00 | epoch: 1 pq: 7 rg: 55 | total time: 21.64m | eta: 63.0m
step 00653/02520 (25.91%) | loss: 3.258136 | lrm: 1.00 | dt: 1985.83ms | tok/sec: 264,014 | bf16_mfu: 0.00 | epoch: 1 pq: 7 rg: 56 | total time: 21.67m | eta: 62.9m
step 00654/02520 (25.95%) | loss: 3.252982 | lrm: 1.00 | dt: 1985.10ms | tok/sec: 264,111 | bf16_mfu: 0.00 | epoch: 1 pq: 7 rg: 57 | total time: 21.70m | eta: 62.9m
step 00655/02520 (25.99%) | loss: 3.255949 | lrm: 1.00 | dt: 1985.71ms | tok/sec: 264,031 | bf16_mfu: 0.00 | epoch: 1 pq: 7 rg: 58 | total time: 21.74m | eta: 62.9m
step 00656/02520 (26.03%) | loss: 3.262488 | lrm: 1.00 | dt: 1985.06ms | tok/sec: 264,116 | bf16_mfu: 0.00 | epoch: 1 pq: 7 rg: 59 | total time: 21.77m | eta: 62.8m
step 00657/02520 (26.07%) | loss: 3.268315 | lrm: 1.00 | dt: 1987.73ms | tok/sec: 263,762 | bf16_mfu: 0.00 | epoch: 1 pq: 7 rg: 60 | total time: 21.80m | eta: 62.8m
step 00658/02520 (26.11%) | loss: 3.278520 | lrm: 1.00 | dt: 1988.24ms | tok/sec: 263,694 | bf16_mfu: 0.00 | epoch: 1 pq: 7 rg: 61 | total time: 21.84m | eta: 62.7m
step 00659/02520 (26.15%) | loss: 3.281735 | lrm: 1.00 | dt: 1987.83ms | tok/sec: 263,748 | bf16_mfu: 0.00 | epoch: 1 pq: 7 rg: 62 | total time: 21.87m | eta: 62.7m
step 00660/02520 (26.19%) | loss: 3.279545 | lrm: 1.00 | dt: 1985.52ms | tok/sec: 264,055 | bf16_mfu: 0.00 | epoch: 1 pq: 7 rg: 63 | total time: 21.90m | eta: 62.7m
step 00661/02520 (26.23%) | loss: 3.273788 | lrm: 1.00 | dt: 1985.68ms | tok/sec: 264,034 | bf16_mfu: 0.00 | epoch: 1 pq: 7 rg: 64 | total time: 21.94m | eta: 62.6m
step 00662/02520 (26.27%) | loss: 3.272098 | lrm: 1.00 | dt: 1987.51ms | tok/sec: 263,790 | bf16_mfu: 0.00 | epoch: 1 pq: 7 rg: 65 | total time: 21.97m | eta: 62.6m
step 00663/02520 (26.31%) | loss: 3.265597 | lrm: 1.00 | dt: 1986.63ms | tok/sec: 263,908 | bf16_mfu: 0.00 | epoch: 1 pq: 7 rg: 66 | total time: 22.00m | eta: 62.6m
step 00664/02520 (26.35%) | loss: 3.263723 | lrm: 1.00 | dt: 1986.39ms | tok/sec: 263,940 | bf16_mfu: 0.00 | epoch: 1 pq: 7 rg: 67 | total time: 22.04m | eta: 62.5m
step 00665/02520 (26.39%) | loss: 3.252954 | lrm: 1.00 | dt: 1986.11ms | tok/sec: 263,977 | bf16_mfu: 0.00 | epoch: 1 pq: 7 rg: 68 | total time: 22.07m | eta: 62.5m
step 00666/02520 (26.43%) | loss: 3.258784 | lrm: 1.00 | dt: 1986.49ms | tok/sec: 263,926 | bf16_mfu: 0.00 | epoch: 1 pq: 7 rg: 69 | total time: 22.10m | eta: 62.5m
step 00667/02520 (26.47%) | loss: 3.252538 | lrm: 1.00 | dt: 1985.70ms | tok/sec: 264,031 | bf16_mfu: 0.00 | epoch: 1 pq: 7 rg: 70 | total time: 22.13m | eta: 62.4m
step 00668/02520 (26.51%) | loss: 3.250424 | lrm: 1.00 | dt: 1985.02ms | tok/sec: 264,122 | bf16_mfu: 0.00 | epoch: 1 pq: 7 rg: 71 | total time: 22.17m | eta: 62.4m
step 00669/02520 (26.55%) | loss: 3.242874 | lrm: 1.00 | dt: 2001.34ms | tok/sec: 261,968 | bf16_mfu: 0.00 | epoch: 1 pq: 7 rg: 72 | total time: 22.20m | eta: 62.4m
step 00670/02520 (26.59%) | loss: 3.237857 | lrm: 1.00 | dt: 1999.67ms | tok/sec: 262,187 | bf16_mfu: 0.00 | epoch: 1 pq: 7 rg: 73 | total time: 22.23m | eta: 62.3m
step 00671/02520 (26.63%) | loss: 3.237230 | lrm: 1.00 | dt: 2023.10ms | tok/sec: 259,151 | bf16_mfu: 0.00 | epoch: 1 pq: 7 rg: 74 | total time: 22.27m | eta: 62.3m
step 00672/02520 (26.67%) | loss: 3.253775 | lrm: 1.00 | dt: 2050.57ms | tok/sec: 255,678 | bf16_mfu: 0.00 | epoch: 1 pq: 7 rg: 75 | total time: 22.30m | eta: 62.3m
step 00673/02520 (26.71%) | loss: 3.250697 | lrm: 1.00 | dt: 1998.07ms | tok/sec: 262,397 | bf16_mfu: 0.00 | epoch: 1 pq: 7 rg: 76 | total time: 22.34m | eta: 62.2m
step 00674/02520 (26.75%) | loss: 3.251793 | lrm: 1.00 | dt: 2018.61ms | tok/sec: 259,727 | bf16_mfu: 0.00 | epoch: 1 pq: 7 rg: 77 | total time: 22.37m | eta: 62.2m
step 00675/02520 (26.79%) | loss: 3.256045 | lrm: 1.00 | dt: 2024.14ms | tok/sec: 259,017 | bf16_mfu: 0.00 | epoch: 1 pq: 7 rg: 78 | total time: 22.40m | eta: 62.2m
step 00676/02520 (26.83%) | loss: 3.262797 | lrm: 1.00 | dt: 2037.97ms | tok/sec: 257,260 | bf16_mfu: 0.00 | epoch: 1 pq: 7 rg: 79 | total time: 22.44m | eta: 62.1m
step 00677/02520 (26.87%) | loss: 3.263300 | lrm: 1.00 | dt: 2060.38ms | tok/sec: 254,461 | bf16_mfu: 0.00 | epoch: 1 pq: 7 rg: 80 | total time: 22.47m | eta: 62.1m
step 00678/02520 (26.90%) | loss: 3.255311 | lrm: 1.00 | dt: 2062.82ms | tok/sec: 254,161 | bf16_mfu: 0.00 | epoch: 1 pq: 7 rg: 81 | total time: 22.51m | eta: 62.1m
step 00679/02520 (26.94%) | loss: 3.257547 | lrm: 1.00 | dt: 2057.31ms | tok/sec: 254,841 | bf16_mfu: 0.00 | epoch: 1 pq: 7 rg: 81 | total time: 22.54m | eta: 62.0m
step 00680/02520 (26.98%) | loss: 3.261772 | lrm: 1.00 | dt: 2060.04ms | tok/sec: 254,504 | bf16_mfu: 0.00 | epoch: 1 pq: 8 rg: 1 | total time: 22.57m | eta: 62.0m
step 00681/02520 (27.02%) | loss: 3.248974 | lrm: 1.00 | dt: 2050.64ms | tok/sec: 255,670 | bf16_mfu: 0.00 | epoch: 1 pq: 8 rg: 1 | total time: 22.61m | eta: 62.0m
step 00682/02520 (27.06%) | loss: 3.246650 | lrm: 1.00 | dt: 2051.55ms | tok/sec: 255,557 | bf16_mfu: 0.00 | epoch: 1 pq: 8 rg: 2 | total time: 22.64m | eta: 61.9m
step 00683/02520 (27.10%) | loss: 3.256014 | lrm: 1.00 | dt: 2055.53ms | tok/sec: 255,061 | bf16_mfu: 0.00 | epoch: 1 pq: 8 rg: 3 | total time: 22.68m | eta: 61.9m
step 00684/02520 (27.14%) | loss: 3.254379 | lrm: 1.00 | dt: 2051.16ms | tok/sec: 255,605 | bf16_mfu: 0.00 | epoch: 1 pq: 8 rg: 4 | total time: 22.71m | eta: 61.9m
step 00685/02520 (27.18%) | loss: 3.252322 | lrm: 1.00 | dt: 2062.64ms | tok/sec: 254,182 | bf16_mfu: 0.00 | epoch: 1 pq: 8 rg: 5 | total time: 22.75m | eta: 61.8m
step 00686/02520 (27.22%) | loss: 3.239522 | lrm: 1.00 | dt: 2059.35ms | tok/sec: 254,589 | bf16_mfu: 0.00 | epoch: 1 pq: 8 rg: 6 | total time: 22.78m | eta: 61.8m
step 00687/02520 (27.26%) | loss: 3.241221 | lrm: 1.00 | dt: 2055.12ms | tok/sec: 255,113 | bf16_mfu: 0.00 | epoch: 1 pq: 8 rg: 7 | total time: 22.81m | eta: 61.8m
step 00688/02520 (27.30%) | loss: 3.248424 | lrm: 1.00 | dt: 2049.54ms | tok/sec: 255,807 | bf16_mfu: 0.00 | epoch: 1 pq: 8 rg: 8 | total time: 22.85m | eta: 61.7m
step 00689/02520 (27.34%) | loss: 3.228593 | lrm: 1.00 | dt: 2054.84ms | tok/sec: 255,147 | bf16_mfu: 0.00 | epoch: 1 pq: 8 rg: 9 | total time: 22.88m | eta: 61.7m
step 00690/02520 (27.38%) | loss: 3.227569 | lrm: 1.00 | dt: 2053.77ms | tok/sec: 255,280 | bf16_mfu: 0.00 | epoch: 1 pq: 8 rg: 10 | total time: 22.92m | eta: 61.7m
step 00691/02520 (27.42%) | loss: 3.236590 | lrm: 1.00 | dt: 2054.01ms | tok/sec: 255,250 | bf16_mfu: 0.00 | epoch: 1 pq: 8 rg: 11 | total time: 22.95m | eta: 61.6m
step 00692/02520 (27.46%) | loss: 3.239540 | lrm: 1.00 | dt: 2058.19ms | tok/sec: 254,732 | bf16_mfu: 0.00 | epoch: 1 pq: 8 rg: 12 | total time: 22.99m | eta: 61.6m
step 00693/02520 (27.50%) | loss: 3.232537 | lrm: 1.00 | dt: 2057.15ms | tok/sec: 254,861 | bf16_mfu: 0.00 | epoch: 1 pq: 8 rg: 13 | total time: 23.02m | eta: 61.6m
step 00694/02520 (27.54%) | loss: 3.229213 | lrm: 1.00 | dt: 2047.70ms | tok/sec: 256,037 | bf16_mfu: 0.00 | epoch: 1 pq: 8 rg: 14 | total time: 23.05m | eta: 61.5m
step 00695/02520 (27.58%) | loss: 3.236535 | lrm: 1.00 | dt: 1988.42ms | tok/sec: 263,670 | bf16_mfu: 0.00 | epoch: 1 pq: 8 rg: 15 | total time: 23.09m | eta: 61.5m
step 00696/02520 (27.62%) | loss: 3.241442 | lrm: 1.00 | dt: 2016.91ms | tok/sec: 259,946 | bf16_mfu: 0.00 | epoch: 1 pq: 8 rg: 16 | total time: 23.12m | eta: 61.5m
step 00697/02520 (27.66%) | loss: 3.234651 | lrm: 1.00 | dt: 1989.86ms | tok/sec: 263,479 | bf16_mfu: 0.00 | epoch: 1 pq: 8 rg: 17 | total time: 23.15m | eta: 61.4m
step 00698/02520 (27.70%) | loss: 3.226138 | lrm: 1.00 | dt: 2023.48ms | tok/sec: 259,102 | bf16_mfu: 0.00 | epoch: 1 pq: 8 rg: 18 | total time: 23.19m | eta: 61.4m
step 00699/02520 (27.74%) | loss: 3.243965 | lrm: 1.00 | dt: 2027.97ms | tok/sec: 258,528 | bf16_mfu: 0.00 | epoch: 1 pq: 8 rg: 19 | total time: 23.22m | eta: 61.4m
step 00700/02520 (27.78%) | loss: 3.242959 | lrm: 1.00 | dt: 2051.53ms | tok/sec: 255,559 | bf16_mfu: 0.00 | epoch: 1 pq: 8 rg: 20 | total time: 23.26m | eta: 61.3m
step 00701/02520 (27.82%) | loss: 3.244504 | lrm: 1.00 | dt: 2021.12ms | tok/sec: 259,404 | bf16_mfu: 0.00 | epoch: 1 pq: 8 rg: 21 | total time: 23.29m | eta: 61.3m
step 00702/02520 (27.86%) | loss: 3.238428 | lrm: 1.00 | dt: 1999.28ms | tok/sec: 262,237 | bf16_mfu: 0.00 | epoch: 1 pq: 8 rg: 22 | total time: 23.32m | eta: 61.3m
step 00703/02520 (27.90%) | loss: 3.241678 | lrm: 1.00 | dt: 1999.53ms | tok/sec: 262,205 | bf16_mfu: 0.00 | epoch: 1 pq: 8 rg: 23 | total time: 23.36m | eta: 61.2m
step 00704/02520 (27.94%) | loss: 3.241877 | lrm: 1.00 | dt: 2005.80ms | tok/sec: 261,385 | bf16_mfu: 0.00 | epoch: 1 pq: 8 rg: 24 | total time: 23.39m | eta: 61.2m
step 00705/02520 (27.98%) | loss: 3.241184 | lrm: 1.00 | dt: 2002.45ms | tok/sec: 261,822 | bf16_mfu: 0.00 | epoch: 1 pq: 8 rg: 25 | total time: 23.42m | eta: 61.2m
step 00706/02520 (28.02%) | loss: 3.235014 | lrm: 1.00 | dt: 2002.96ms | tok/sec: 261,756 | bf16_mfu: 0.00 | epoch: 1 pq: 8 rg: 25 | total time: 23.46m | eta: 61.1m
step 00707/02520 (28.06%) | loss: 3.229876 | lrm: 1.00 | dt: 2031.44ms | tok/sec: 258,086 | bf16_mfu: 0.00 | epoch: 1 pq: 8 rg: 26 | total time: 23.49m | eta: 61.1m
step 00708/02520 (28.10%) | loss: 3.239215 | lrm: 1.00 | dt: 2003.36ms | tok/sec: 261,703 | bf16_mfu: 0.00 | epoch: 1 pq: 8 rg: 27 | total time: 23.52m | eta: 61.1m
step 00709/02520 (28.13%) | loss: 3.237357 | lrm: 1.00 | dt: 2044.45ms | tok/sec: 256,444 | bf16_mfu: 0.00 | epoch: 1 pq: 8 rg: 28 | total time: 23.56m | eta: 61.0m
step 00710/02520 (28.17%) | loss: 3.243541 | lrm: 1.00 | dt: 2051.71ms | tok/sec: 255,537 | bf16_mfu: 0.00 | epoch: 1 pq: 8 rg: 29 | total time: 23.59m | eta: 61.0m
step 00711/02520 (28.21%) | loss: 3.243934 | lrm: 1.00 | dt: 2003.25ms | tok/sec: 261,718 | bf16_mfu: 0.00 | epoch: 1 pq: 8 rg: 30 | total time: 23.62m | eta: 61.0m
step 00712/02520 (28.25%) | loss: 3.237609 | lrm: 1.00 | dt: 2007.15ms | tok/sec: 261,209 | bf16_mfu: 0.00 | epoch: 1 pq: 8 rg: 31 | total time: 23.66m | eta: 60.9m
step 00713/02520 (28.29%) | loss: 3.233606 | lrm: 1.00 | dt: 2015.84ms | tok/sec: 260,083 | bf16_mfu: 0.00 | epoch: 1 pq: 8 rg: 32 | total time: 23.69m | eta: 60.9m
step 00714/02520 (28.33%) | loss: 3.238669 | lrm: 1.00 | dt: 2025.17ms | tok/sec: 258,885 | bf16_mfu: 0.00 | epoch: 1 pq: 8 rg: 33 | total time: 23.73m | eta: 60.9m
step 00715/02520 (28.37%) | loss: 3.234700 | lrm: 1.00 | dt: 2047.20ms | tok/sec: 256,099 | bf16_mfu: 0.00 | epoch: 1 pq: 8 rg: 34 | total time: 23.76m | eta: 60.8m
step 00716/02520 (28.41%) | loss: 3.233770 | lrm: 1.00 | dt: 2138.14ms | tok/sec: 245,206 | bf16_mfu: 0.00 | epoch: 1 pq: 8 rg: 35 | total time: 23.80m | eta: 60.8m
step 00717/02520 (28.45%) | loss: 3.242348 | lrm: 1.00 | dt: 2112.58ms | tok/sec: 248,173 | bf16_mfu: 0.00 | epoch: 1 pq: 8 rg: 36 | total time: 23.83m | eta: 60.8m
step 00718/02520 (28.49%) | loss: 3.247306 | lrm: 1.00 | dt: 2084.87ms | tok/sec: 251,472 | bf16_mfu: 0.00 | epoch: 1 pq: 8 rg: 37 | total time: 23.87m | eta: 60.7m
step 00719/02520 (28.53%) | loss: 3.249567 | lrm: 1.00 | dt: 2089.45ms | tok/sec: 250,921 | bf16_mfu: 0.00 | epoch: 1 pq: 8 rg: 38 | total time: 23.90m | eta: 60.7m
step 00720/02520 (28.57%) | loss: 3.242822 | lrm: 1.00 | dt: 2092.95ms | tok/sec: 250,501 | bf16_mfu: 0.00 | epoch: 1 pq: 8 rg: 39 | total time: 23.93m | eta: 60.7m
step 00721/02520 (28.61%) | loss: 3.233173 | lrm: 1.00 | dt: 2143.72ms | tok/sec: 244,569 | bf16_mfu: 0.00 | epoch: 1 pq: 8 rg: 40 | total time: 23.97m | eta: 60.7m
step 00722/02520 (28.65%) | loss: 3.226782 | lrm: 1.00 | dt: 2108.10ms | tok/sec: 248,701 | bf16_mfu: 0.00 | epoch: 1 pq: 8 rg: 41 | total time: 24.01m | eta: 60.6m
step 00723/02520 (28.69%) | loss: 3.214975 | lrm: 1.00 | dt: 2002.54ms | tok/sec: 261,811 | bf16_mfu: 0.00 | epoch: 1 pq: 8 rg: 42 | total time: 24.04m | eta: 60.6m
step 00724/02520 (28.73%) | loss: 3.207938 | lrm: 1.00 | dt: 2039.12ms | tok/sec: 257,114 | bf16_mfu: 0.00 | epoch: 1 pq: 8 rg: 43 | total time: 24.07m | eta: 60.6m
step 00725/02520 (28.77%) | loss: 3.209207 | lrm: 1.00 | dt: 2013.89ms | tok/sec: 260,335 | bf16_mfu: 0.00 | epoch: 1 pq: 8 rg: 44 | total time: 24.11m | eta: 60.5m
step 00726/02520 (28.81%) | loss: 3.212610 | lrm: 1.00 | dt: 1998.68ms | tok/sec: 262,316 | bf16_mfu: 0.00 | epoch: 1 pq: 8 rg: 45 | total time: 24.14m | eta: 60.5m
step 00727/02520 (28.85%) | loss: 3.208637 | lrm: 1.00 | dt: 2029.47ms | tok/sec: 258,337 | bf16_mfu: 0.00 | epoch: 1 pq: 8 rg: 46 | total time: 24.17m | eta: 60.5m
step 00728/02520 (28.89%) | loss: 3.221113 | lrm: 1.00 | dt: 2044.77ms | tok/sec: 256,404 | bf16_mfu: 0.00 | epoch: 1 pq: 8 rg: 47 | total time: 24.21m | eta: 60.4m
step 00729/02520 (28.93%) | loss: 3.221414 | lrm: 1.00 | dt: 1987.94ms | tok/sec: 263,734 | bf16_mfu: 0.00 | epoch: 1 pq: 8 rg: 48 | total time: 24.24m | eta: 60.4m
step 00730/02520 (28.97%) | loss: 3.232935 | lrm: 1.00 | dt: 1993.64ms | tok/sec: 262,979 | bf16_mfu: 0.00 | epoch: 1 pq: 8 rg: 49 | total time: 24.27m | eta: 60.3m
step 00731/02520 (29.01%) | loss: 3.244525 | lrm: 1.00 | dt: 1988.12ms | tok/sec: 263,710 | bf16_mfu: 0.00 | epoch: 1 pq: 8 rg: 50 | total time: 24.31m | eta: 60.3m
step 00732/02520 (29.05%) | loss: 3.237508 | lrm: 1.00 | dt: 1988.07ms | tok/sec: 263,716 | bf16_mfu: 0.00 | epoch: 1 pq: 8 rg: 51 | total time: 24.34m | eta: 60.3m
step 00733/02520 (29.09%) | loss: 3.237453 | lrm: 1.00 | dt: 1987.84ms | tok/sec: 263,747 | bf16_mfu: 0.00 | epoch: 1 pq: 8 rg: 52 | total time: 24.37m | eta: 60.2m
step 00734/02520 (29.13%) | loss: 3.233744 | lrm: 1.00 | dt: 1986.41ms | tok/sec: 263,938 | bf16_mfu: 0.00 | epoch: 1 pq: 8 rg: 53 | total time: 24.41m | eta: 60.2m
step 00735/02520 (29.17%) | loss: 3.229533 | lrm: 1.00 | dt: 1988.13ms | tok/sec: 263,709 | bf16_mfu: 0.00 | epoch: 1 pq: 8 rg: 54 | total time: 24.44m | eta: 60.2m
step 00736/02520 (29.21%) | loss: 3.212572 | lrm: 1.00 | dt: 1987.78ms | tok/sec: 263,755 | bf16_mfu: 0.00 | epoch: 1 pq: 8 rg: 55 | total time: 24.47m | eta: 60.1m
step 00737/02520 (29.25%) | loss: 3.223775 | lrm: 1.00 | dt: 1990.65ms | tok/sec: 263,375 | bf16_mfu: 0.00 | epoch: 1 pq: 8 rg: 56 | total time: 24.51m | eta: 60.1m
step 00738/02520 (29.29%) | loss: 3.210268 | lrm: 1.00 | dt: 1988.31ms | tok/sec: 263,684 | bf16_mfu: 0.00 | epoch: 1 pq: 8 rg: 57 | total time: 24.54m | eta: 60.1m
step 00739/02520 (29.33%) | loss: 3.217380 | lrm: 1.00 | dt: 1987.39ms | tok/sec: 263,807 | bf16_mfu: 0.00 | epoch: 1 pq: 8 rg: 57 | total time: 24.57m | eta: 60.0m
step 00740/02520 (29.37%) | loss: 3.217764 | lrm: 1.00 | dt: 2039.49ms | tok/sec: 257,068 | bf16_mfu: 0.00 | epoch: 1 pq: 8 rg: 58 | total time: 24.61m | eta: 60.0m
step 00741/02520 (29.40%) | loss: 3.221525 | lrm: 1.00 | dt: 2027.72ms | tok/sec: 258,560 | bf16_mfu: 0.00 | epoch: 1 pq: 8 rg: 59 | total time: 24.64m | eta: 60.0m
step 00742/02520 (29.44%) | loss: 3.229673 | lrm: 1.00 | dt: 2027.48ms | tok/sec: 258,590 | bf16_mfu: 0.00 | epoch: 1 pq: 8 rg: 60 | total time: 24.67m | eta: 59.9m
step 00743/02520 (29.48%) | loss: 3.224586 | lrm: 1.00 | dt: 2020.91ms | tok/sec: 259,431 | bf16_mfu: 0.00 | epoch: 1 pq: 8 rg: 61 | total time: 24.71m | eta: 59.9m
step 00744/02520 (29.52%) | loss: 3.219256 | lrm: 1.00 | dt: 1987.72ms | tok/sec: 263,763 | bf16_mfu: 0.00 | epoch: 1 pq: 8 rg: 62 | total time: 24.74m | eta: 59.9m
step 00745/02520 (29.56%) | loss: 3.234318 | lrm: 1.00 | dt: 2037.08ms | tok/sec: 257,371 | bf16_mfu: 0.00 | epoch: 1 pq: 8 rg: 63 | total time: 24.77m | eta: 59.8m
step 00746/02520 (29.60%) | loss: 3.233727 | lrm: 1.00 | dt: 2016.27ms | tok/sec: 260,028 | bf16_mfu: 0.00 | epoch: 1 pq: 8 rg: 64 | total time: 24.81m | eta: 59.8m
step 00747/02520 (29.64%) | loss: 3.227118 | lrm: 1.00 | dt: 1984.26ms | tok/sec: 264,223 | bf16_mfu: 0.00 | epoch: 1 pq: 8 rg: 65 | total time: 24.84m | eta: 59.8m
step 00748/02520 (29.68%) | loss: 3.223140 | lrm: 1.00 | dt: 1984.56ms | tok/sec: 264,184 | bf16_mfu: 0.00 | epoch: 1 pq: 8 rg: 66 | total time: 24.87m | eta: 59.7m
step 00749/02520 (29.72%) | loss: 3.208276 | lrm: 1.00 | dt: 2003.99ms | tok/sec: 261,622 | bf16_mfu: 0.00 | epoch: 1 pq: 8 rg: 67 | total time: 24.91m | eta: 59.7m
Step 00750 | Validation bpb: 0.978778
step 00750/02520 (29.76%) | loss: 3.202180 | lrm: 1.00 | dt: 1972.94ms | tok/sec: 265,739 | bf16_mfu: 0.00 | epoch: 1 pq: 8 rg: 68 | total time: 24.94m | eta: 59.7m
step 00751/02520 (29.80%) | loss: 3.200244 | lrm: 1.00 | dt: 2019.85ms | tok/sec: 259,567 | bf16_mfu: 0.00 | epoch: 1 pq: 8 rg: 69 | total time: 24.97m | eta: 59.6m
step 00752/02520 (29.84%) | loss: 3.207189 | lrm: 1.00 | dt: 2031.05ms | tok/sec: 258,136 | bf16_mfu: 0.00 | epoch: 1 pq: 8 rg: 70 | total time: 25.01m | eta: 59.6m
step 00753/02520 (29.88%) | loss: 3.205098 | lrm: 1.00 | dt: 2043.66ms | tok/sec: 256,543 | bf16_mfu: 0.00 | epoch: 1 pq: 8 rg: 71 | total time: 25.04m | eta: 59.6m
step 00754/02520 (29.92%) | loss: 3.188351 | lrm: 1.00 | dt: 2022.81ms | tok/sec: 259,188 | bf16_mfu: 0.00 | epoch: 1 pq: 8 rg: 72 | total time: 25.08m | eta: 59.5m
step 00755/02520 (29.96%) | loss: 3.186969 | lrm: 1.00 | dt: 2005.00ms | tok/sec: 261,489 | bf16_mfu: 0.00 | epoch: 1 pq: 8 rg: 73 | total time: 25.11m | eta: 59.5m
2026-09-27 17:00:06,203 - nanochat.checkpoint_manager - [32m[1mINFO[0m - Saved model parameters to: /home/neo/.cache/nanochat/base_checkpoints/looped_L8_lr1_lr1_h1.0_s0/model_000756.pt
2026-09-27 17:00:06,656 - nanochat.checkpoint_manager - [32m[1mINFO[0m - Saved optimizer state to: /home/neo/.cache/nanochat/base_checkpoints/looped_L8_lr1_lr1_h1.0_s0/optim_000756_rank0.pt
2026-09-27 17:00:06,657 - nanochat.checkpoint_manager - [32m[1mINFO[0m - Saved metadata to: /home/neo/.cache/nanochat/base_checkpoints/looped_L8_lr1_lr1_h1.0_s0/meta_000756.json
step 00756/02520 (30.00%) | loss: 3.197105 | lrm: 1.00 | dt: 2021.26ms | tok/sec: 259,386 | bf16_mfu: 0.00 | epoch: 1 pq: 8 rg: 74 | total time: 25.14m | eta: 59.5m
step 00757/02520 (30.04%) | loss: 3.206794 | lrm: 1.00 | dt: 2004.75ms | tok/sec: 261,523 | bf16_mfu: 0.00 | epoch: 1 pq: 8 rg: 75 | total time: 25.18m | eta: 59.4m
step 00758/02520 (30.08%) | loss: 3.206401 | lrm: 1.00 | dt: 1974.45ms | tok/sec: 265,535 | bf16_mfu: 0.00 | epoch: 1 pq: 8 rg: 76 | total time: 25.21m | eta: 59.4m
step 00759/02520 (30.12%) | loss: 3.209653 | lrm: 1.00 | dt: 1976.73ms | tok/sec: 265,230 | bf16_mfu: 0.00 | epoch: 1 pq: 8 rg: 77 | total time: 25.24m | eta: 59.3m
step 00760/02520 (30.16%) | loss: 3.208768 | lrm: 1.00 | dt: 1994.06ms | tok/sec: 262,924 | bf16_mfu: 0.00 | epoch: 1 pq: 8 rg: 78 | total time: 25.28m | eta: 59.3m
step 00761/02520 (30.20%) | loss: 3.202478 | lrm: 1.00 | dt: 2025.79ms | tok/sec: 258,806 | bf16_mfu: 0.00 | epoch: 1 pq: 8 rg: 79 | total time: 25.31m | eta: 59.3m
step 00762/02520 (30.24%) | loss: 3.205207 | lrm: 1.00 | dt: 2006.40ms | tok/sec: 261,307 | bf16_mfu: 0.00 | epoch: 1 pq: 8 rg: 80 | total time: 25.34m | eta: 59.2m
step 00763/02520 (30.28%) | loss: 3.194720 | lrm: 1.00 | dt: 2034.27ms | tok/sec: 257,728 | bf16_mfu: 0.00 | epoch: 1 pq: 8 rg: 81 | total time: 25.38m | eta: 59.2m
step 00764/02520 (30.32%) | loss: 3.195822 | lrm: 1.00 | dt: 2007.76ms | tok/sec: 261,130 | bf16_mfu: 0.00 | epoch: 1 pq: 9 rg: 0 | total time: 25.41m | eta: 59.2m
step 00765/02520 (30.36%) | loss: 3.191498 | lrm: 1.00 | dt: 2006.73ms | tok/sec: 261,264 | bf16_mfu: 0.00 | epoch: 1 pq: 9 rg: 1 | total time: 25.44m | eta: 59.1m
step 00766/02520 (30.40%) | loss: 3.194942 | lrm: 1.00 | dt: 2009.09ms | tok/sec: 260,957 | bf16_mfu: 0.00 | epoch: 1 pq: 9 rg: 2 | total time: 25.48m | eta: 59.1m
step 00767/02520 (30.44%) | loss: 3.183760 | lrm: 1.00 | dt: 1983.05ms | tok/sec: 264,385 | bf16_mfu: 0.00 | epoch: 1 pq: 9 rg: 3 | total time: 25.51m | eta: 59.1m
step 00768/02520 (30.48%) | loss: 3.173125 | lrm: 1.00 | dt: 1983.07ms | tok/sec: 264,382 | bf16_mfu: 0.00 | epoch: 1 pq: 9 rg: 4 | total time: 25.54m | eta: 59.0m
step 00769/02520 (30.52%) | loss: 3.161007 | lrm: 1.00 | dt: 1983.06ms | tok/sec: 264,383 | bf16_mfu: 0.00 | epoch: 1 pq: 9 rg: 5 | total time: 25.58m | eta: 59.0m
step 00770/02520 (30.56%) | loss: 3.169199 | lrm: 1.00 | dt: 1986.14ms | tok/sec: 263,973 | bf16_mfu: 0.00 | epoch: 1 pq: 9 rg: 6 | total time: 25.61m | eta: 59.0m
step 00771/02520 (30.60%) | loss: 3.174170 | lrm: 1.00 | dt: 1980.68ms | tok/sec: 264,701 | bf16_mfu: 0.00 | epoch: 1 pq: 9 rg: 6 | total time: 25.64m | eta: 58.9m
step 00772/02520 (30.63%) | loss: 3.174358 | lrm: 1.00 | dt: 2011.26ms | tok/sec: 260,676 | bf16_mfu: 0.00 | epoch: 1 pq: 9 rg: 7 | total time: 25.68m | eta: 58.9m
step 00773/02520 (30.67%) | loss: 3.182786 | lrm: 1.00 | dt: 1984.84ms | tok/sec: 264,146 | bf16_mfu: 0.00 | epoch: 1 pq: 9 rg: 8 | total time: 25.71m | eta: 58.9m
step 00774/02520 (30.71%) | loss: 3.179147 | lrm: 1.00 | dt: 1980.70ms | tok/sec: 264,698 | bf16_mfu: 0.00 | epoch: 1 pq: 9 rg: 9 | total time: 25.74m | eta: 58.8m
step 00775/02520 (30.75%) | loss: 3.187849 | lrm: 1.00 | dt: 1980.90ms | tok/sec: 264,671 | bf16_mfu: 0.00 | epoch: 1 pq: 9 rg: 10 | total time: 25.77m | eta: 58.8m
step 00776/02520 (30.79%) | loss: 3.194718 | lrm: 1.00 | dt: 1985.82ms | tok/sec: 264,016 | bf16_mfu: 0.00 | epoch: 1 pq: 9 rg: 11 | total time: 25.81m | eta: 58.8m
step 00777/02520 (30.83%) | loss: 3.206347 | lrm: 1.00 | dt: 2012.37ms | tok/sec: 260,532 | bf16_mfu: 0.00 | epoch: 1 pq: 9 rg: 12 | total time: 25.84m | eta: 58.7m
step 00778/02520 (30.87%) | loss: 3.215186 | lrm: 1.00 | dt: 2012.05ms | tok/sec: 260,573 | bf16_mfu: 0.00 | epoch: 1 pq: 9 rg: 13 | total time: 25.88m | eta: 58.7m
step 00779/02520 (30.91%) | loss: 3.216841 | lrm: 1.00 | dt: 2018.85ms | tok/sec: 259,695 | bf16_mfu: 0.00 | epoch: 1 pq: 9 rg: 14 | total time: 25.91m | eta: 58.7m
step 00780/02520 (30.95%) | loss: 3.221078 | lrm: 1.00 | dt: 2046.66ms | tok/sec: 256,167 | bf16_mfu: 0.00 | epoch: 1 pq: 9 rg: 15 | total time: 25.94m | eta: 58.6m
step 00781/02520 (30.99%) | loss: 3.219219 | lrm: 1.00 | dt: 1998.74ms | tok/sec: 262,309 | bf16_mfu: 0.00 | epoch: 1 pq: 9 rg: 16 | total time: 25.98m | eta: 58.6m
step 00782/02520 (31.03%) | loss: 3.207203 | lrm: 1.00 | dt: 2017.37ms | tok/sec: 259,887 | bf16_mfu: 0.00 | epoch: 1 pq: 9 rg: 17 | total time: 26.01m | eta: 58.6m
step 00783/02520 (31.07%) | loss: 3.196340 | lrm: 1.00 | dt: 2046.65ms | tok/sec: 256,168 | bf16_mfu: 0.00 | epoch: 1 pq: 9 rg: 18 | total time: 26.04m | eta: 58.5m
step 00784/02520 (31.11%) | loss: 3.191685 | lrm: 1.00 | dt: 2020.19ms | tok/sec: 259,523 | bf16_mfu: 0.00 | epoch: 1 pq: 9 rg: 19 | total time: 26.08m | eta: 58.5m
step 00785/02520 (31.15%) | loss: 3.192419 | lrm: 1.00 | dt: 2000.70ms | tok/sec: 262,051 | bf16_mfu: 0.00 | epoch: 1 pq: 9 rg: 20 | total time: 26.11m | eta: 58.5m
step 00786/02520 (31.19%) | loss: 3.194778 | lrm: 1.00 | dt: 2020.25ms | tok/sec: 259,516 | bf16_mfu: 0.00 | epoch: 1 pq: 9 rg: 21 | total time: 26.14m | eta: 58.4m
step 00787/02520 (31.23%) | loss: 3.193903 | lrm: 1.00 | dt: 2032.11ms | tok/sec: 258,002 | bf16_mfu: 0.00 | epoch: 1 pq: 9 rg: 22 | total time: 26.18m | eta: 58.4m
step 00788/02520 (31.27%) | loss: 3.199941 | lrm: 1.00 | dt: 2002.16ms | tok/sec: 261,861 | bf16_mfu: 0.00 | epoch: 1 pq: 9 rg: 23 | total time: 26.21m | eta: 58.4m
step 00789/02520 (31.31%) | loss: 3.208267 | lrm: 1.00 | dt: 2026.69ms | tok/sec: 258,691 | bf16_mfu: 0.00 | epoch: 1 pq: 9 rg: 24 | total time: 26.25m | eta: 58.3m
step 00790/02520 (31.35%) | loss: 3.203212 | lrm: 1.00 | dt: 2021.32ms | tok/sec: 259,379 | bf16_mfu: 0.00 | epoch: 1 pq: 9 rg: 25 | total time: 26.28m | eta: 58.3m
step 00791/02520 (31.39%) | loss: 3.216665 | lrm: 1.00 | dt: 2063.81ms | tok/sec: 254,039 | bf16_mfu: 0.00 | epoch: 1 pq: 9 rg: 26 | total time: 26.31m | eta: 58.3m
step 00792/02520 (31.43%) | loss: 3.220691 | lrm: 1.00 | dt: 1996.48ms | tok/sec: 262,605 | bf16_mfu: 0.00 | epoch: 1 pq: 9 rg: 27 | total time: 26.35m | eta: 58.2m
step 00793/02520 (31.47%) | loss: 3.218112 | lrm: 1.00 | dt: 1986.19ms | tok/sec: 263,967 | bf16_mfu: 0.00 | epoch: 1 pq: 9 rg: 28 | total time: 26.38m | eta: 58.2m
step 00794/02520 (31.51%) | loss: 3.204573 | lrm: 1.00 | dt: 1986.92ms | tok/sec: 263,869 | bf16_mfu: 0.00 | epoch: 1 pq: 9 rg: 29 | total time: 26.41m | eta: 58.1m
step 00795/02520 (31.55%) | loss: 3.197161 | lrm: 1.00 | dt: 1991.37ms | tok/sec: 263,280 | bf16_mfu: 0.00 | epoch: 1 pq: 9 rg: 30 | total time: 26.45m | eta: 58.1m
step 00796/02520 (31.59%) | loss: 3.195775 | lrm: 1.00 | dt: 2006.04ms | tok/sec: 261,354 | bf16_mfu: 0.00 | epoch: 1 pq: 9 rg: 31 | total time: 26.48m | eta: 58.1m
step 00797/02520 (31.63%) | loss: 3.207125 | lrm: 1.00 | dt: 2056.73ms | tok/sec: 254,912 | bf16_mfu: 0.00 | epoch: 1 pq: 9 rg: 32 | total time: 26.51m | eta: 58.0m
step 00798/02520 (31.67%) | loss: 3.197552 | lrm: 1.00 | dt: 1994.24ms | tok/sec: 262,901 | bf16_mfu: 0.00 | epoch: 1 pq: 9 rg: 33 | total time: 26.55m | eta: 58.0m
step 00799/02520 (31.71%) | loss: 3.197834 | lrm: 1.00 | dt: 2018.48ms | tok/sec: 259,743 | bf16_mfu: 0.00 | epoch: 1 pq: 9 rg: 33 | total time: 26.58m | eta: 58.0m
step 00800/02520 (31.75%) | loss: 3.200776 | lrm: 1.00 | dt: 1989.91ms | tok/sec: 263,473 | bf16_mfu: 0.00 | epoch: 1 pq: 9 rg: 34 | total time: 26.61m | eta: 57.9m
step 00801/02520 (31.79%) | loss: 3.194543 | lrm: 1.00 | dt: 2092.61ms | tok/sec: 250,543 | bf16_mfu: 0.00 | epoch: 1 pq: 9 rg: 35 | total time: 26.65m | eta: 57.9m
step 00802/02520 (31.83%) | loss: 3.190875 | lrm: 1.00 | dt: 2100.60ms | tok/sec: 249,590 | bf16_mfu: 0.00 | epoch: 1 pq: 9 rg: 36 | total time: 26.68m | eta: 57.9m
step 00803/02520 (31.87%) | loss: 3.190564 | lrm: 1.00 | dt: 2093.75ms | tok/sec: 250,405 | bf16_mfu: 0.00 | epoch: 1 pq: 9 rg: 37 | total time: 26.72m | eta: 57.9m
step 00804/02520 (31.90%) | loss: 3.182730 | lrm: 1.00 | dt: 2104.95ms | tok/sec: 249,074 | bf16_mfu: 0.00 | epoch: 1 pq: 9 rg: 38 | total time: 26.75m | eta: 57.8m
step 00805/02520 (31.94%) | loss: 3.181878 | lrm: 1.00 | dt: 2108.41ms | tok/sec: 248,665 | bf16_mfu: 0.00 | epoch: 1 pq: 9 rg: 39 | total time: 26.79m | eta: 57.8m
step 00806/02520 (31.98%) | loss: 3.181893 | lrm: 1.00 | dt: 2031.59ms | tok/sec: 258,067 | bf16_mfu: 0.00 | epoch: 1 pq: 9 rg: 40 | total time: 26.82m | eta: 57.8m
step 00807/02520 (32.02%) | loss: 3.183805 | lrm: 1.00 | dt: 2034.29ms | tok/sec: 257,725 | bf16_mfu: 0.00 | epoch: 1 pq: 9 rg: 41 | total time: 26.86m | eta: 57.7m
step 00808/02520 (32.06%) | loss: 3.187042 | lrm: 1.00 | dt: 2004.33ms | tok/sec: 261,577 | bf16_mfu: 0.00 | epoch: 1 pq: 9 rg: 42 | total time: 26.89m | eta: 57.7m
step 00809/02520 (32.10%) | loss: 3.178574 | lrm: 1.00 | dt: 2018.63ms | tok/sec: 259,725 | bf16_mfu: 0.00 | epoch: 1 pq: 9 rg: 43 | total time: 26.92m | eta: 57.7m
step 00810/02520 (32.14%) | loss: 3.177844 | lrm: 1.00 | dt: 2017.44ms | tok/sec: 259,877 | bf16_mfu: 0.00 | epoch: 1 pq: 9 rg: 44 | total time: 26.96m | eta: 57.6m
step 00811/02520 (32.18%) | loss: 3.180456 | lrm: 1.00 | dt: 1983.91ms | tok/sec: 264,270 | bf16_mfu: 0.00 | epoch: 1 pq: 9 rg: 45 | total time: 26.99m | eta: 57.6m
step 00812/02520 (32.22%) | loss: 3.185817 | lrm: 1.00 | dt: 2005.35ms | tok/sec: 261,444 | bf16_mfu: 0.00 | epoch: 1 pq: 9 rg: 46 | total time: 27.02m | eta: 57.6m
step 00813/02520 (32.26%) | loss: 3.186434 | lrm: 1.00 | dt: 2008.69ms | tok/sec: 261,009 | bf16_mfu: 0.00 | epoch: 1 pq: 9 rg: 47 | total time: 27.06m | eta: 57.5m
step 00814/02520 (32.30%) | loss: 3.194731 | lrm: 1.00 | dt: 2042.09ms | tok/sec: 256,740 | bf16_mfu: 0.00 | epoch: 1 pq: 9 rg: 48 | total time: 27.09m | eta: 57.5m
step 00815/02520 (32.34%) | loss: 3.197566 | lrm: 1.00 | dt: 2032.15ms | tok/sec: 257,997 | bf16_mfu: 0.00 | epoch: 1 pq: 9 rg: 49 | total time: 27.13m | eta: 57.5m
step 00816/02520 (32.38%) | loss: 3.195620 | lrm: 1.00 | dt: 2016.38ms | tok/sec: 260,014 | bf16_mfu: 0.00 | epoch: 1 pq: 9 rg: 50 | total time: 27.16m | eta: 57.4m
step 00817/02520 (32.42%) | loss: 3.198506 | lrm: 1.00 | dt: 2064.97ms | tok/sec: 253,895 | bf16_mfu: 0.00 | epoch: 1 pq: 9 rg: 51 | total time: 27.19m | eta: 57.4m
step 00818/02520 (32.46%) | loss: 3.198873 | lrm: 1.00 | dt: 2095.14ms | tok/sec: 250,239 | bf16_mfu: 0.00 | epoch: 1 pq: 9 rg: 52 | total time: 27.23m | eta: 57.4m
step 00819/02520 (32.50%) | loss: 3.196373 | lrm: 1.00 | dt: 2106.19ms | tok/sec: 248,926 | bf16_mfu: 0.00 | epoch: 1 pq: 9 rg: 53 | total time: 27.26m | eta: 57.3m
step 00820/02520 (32.54%) | loss: 3.181480 | lrm: 1.00 | dt: 2083.35ms | tok/sec: 251,656 | bf16_mfu: 0.00 | epoch: 1 pq: 9 rg: 54 | total time: 27.30m | eta: 57.3m
step 00821/02520 (32.58%) | loss: 3.176842 | lrm: 1.00 | dt: 2047.30ms | tok/sec: 256,087 | bf16_mfu: 0.00 | epoch: 1 pq: 9 rg: 55 | total time: 27.33m | eta: 57.3m
step 00822/02520 (32.62%) | loss: 3.178166 | lrm: 1.00 | dt: 2056.90ms | tok/sec: 254,892 | bf16_mfu: 0.00 | epoch: 1 pq: 9 rg: 56 | total time: 27.37m | eta: 57.2m
step 00823/02520 (32.66%) | loss: 3.169903 | lrm: 1.00 | dt: 2050.56ms | tok/sec: 255,680 | bf16_mfu: 0.00 | epoch: 1 pq: 9 rg: 57 | total time: 27.40m | eta: 57.2m
step 00824/02520 (32.70%) | loss: 3.169217 | lrm: 1.00 | dt: 2011.71ms | tok/sec: 260,618 | bf16_mfu: 0.00 | epoch: 1 pq: 9 rg: 58 | total time: 27.43m | eta: 57.2m
step 00825/02520 (32.74%) | loss: 3.164511 | lrm: 1.00 | dt: 2017.82ms | tok/sec: 259,829 | bf16_mfu: 0.00 | epoch: 1 pq: 9 rg: 59 | total time: 27.47m | eta: 57.1m
step 00826/02520 (32.78%) | loss: 3.161012 | lrm: 1.00 | dt: 2018.16ms | tok/sec: 259,785 | bf16_mfu: 0.00 | epoch: 1 pq: 9 rg: 60 | total time: 27.50m | eta: 57.1m
step 00827/02520 (32.82%) | loss: 3.171825 | lrm: 1.00 | dt: 2020.09ms | tok/sec: 259,537 | bf16_mfu: 0.00 | epoch: 1 pq: 9 rg: 61 | total time: 27.54m | eta: 57.1m
step 00828/02520 (32.86%) | loss: 3.189690 | lrm: 1.00 | dt: 2022.71ms | tok/sec: 259,200 | bf16_mfu: 0.00 | epoch: 1 pq: 9 rg: 62 | total time: 27.57m | eta: 57.0m
step 00829/02520 (32.90%) | loss: 3.195356 | lrm: 1.00 | dt: 1985.05ms | tok/sec: 264,118 | bf16_mfu: 0.00 | epoch: 1 pq: 9 rg: 63 | total time: 27.60m | eta: 57.0m
step 00830/02520 (32.94%) | loss: 3.187808 | lrm: 1.00 | dt: 2006.93ms | tok/sec: 261,238 | bf16_mfu: 0.00 | epoch: 1 pq: 9 rg: 64 | total time: 27.64m | eta: 57.0m
step 00831/02520 (32.98%) | loss: 3.175564 | lrm: 1.00 | dt: 2002.91ms | tok/sec: 261,763 | bf16_mfu: 0.00 | epoch: 1 pq: 9 rg: 65 | total time: 27.67m | eta: 56.9m
step 00832/02520 (33.02%) | loss: 3.172506 | lrm: 1.00 | dt: 2027.40ms | tok/sec: 258,600 | bf16_mfu: 0.00 | epoch: 1 pq: 9 rg: 66 | total time: 27.70m | eta: 56.9m
step 00833/02520 (33.06%) | loss: 3.179387 | lrm: 1.00 | dt: 2022.41ms | tok/sec: 259,238 | bf16_mfu: 0.00 | epoch: 1 pq: 9 rg: 67 | total time: 27.74m | eta: 56.9m
step 00834/02520 (33.10%) | loss: 3.166232 | lrm: 1.00 | dt: 2031.09ms | tok/sec: 258,130 | bf16_mfu: 0.00 | epoch: 1 pq: 9 rg: 67 | total time: 27.77m | eta: 56.8m
step 00835/02520 (33.13%) | loss: 3.165941 | lrm: 1.00 | dt: 2076.80ms | tok/sec: 252,449 | bf16_mfu: 0.00 | epoch: 1 pq: 9 rg: 68 | total time: 27.80m | eta: 56.8m
step 00836/02520 (33.17%) | loss: 3.172508 | lrm: 1.00 | dt: 2017.41ms | tok/sec: 259,881 | bf16_mfu: 0.00 | epoch: 1 pq: 9 rg: 69 | total time: 27.84m | eta: 56.8m
step 00837/02520 (33.21%) | loss: 3.170203 | lrm: 1.00 | dt: 2017.41ms | tok/sec: 259,882 | bf16_mfu: 0.00 | epoch: 1 pq: 9 rg: 70 | total time: 27.87m | eta: 56.7m
step 00838/02520 (33.25%) | loss: 3.169454 | lrm: 1.00 | dt: 2051.14ms | tok/sec: 255,608 | bf16_mfu: 0.00 | epoch: 1 pq: 9 rg: 71 | total time: 27.91m | eta: 56.7m
step 00839/02520 (33.29%) | loss: 3.172495 | lrm: 1.00 | dt: 2038.58ms | tok/sec: 257,183 | bf16_mfu: 0.00 | epoch: 1 pq: 9 rg: 72 | total time: 27.94m | eta: 56.7m
step 00840/02520 (33.33%) | loss: 3.172907 | lrm: 1.00 | dt: 2055.80ms | tok/sec: 255,028 | bf16_mfu: 0.00 | epoch: 1 pq: 9 rg: 73 | total time: 27.97m | eta: 56.6m
step 00841/02520 (33.37%) | loss: 3.181408 | lrm: 1.00 | dt: 2058.77ms | tok/sec: 254,661 | bf16_mfu: 0.00 | epoch: 1 pq: 9 rg: 74 | total time: 28.01m | eta: 56.6m
step 00842/02520 (33.41%) | loss: 3.182757 | lrm: 1.00 | dt: 2011.90ms | tok/sec: 260,593 | bf16_mfu: 0.00 | epoch: 1 pq: 9 rg: 75 | total time: 28.04m | eta: 56.6m
step 00843/02520 (33.45%) | loss: 3.180820 | lrm: 1.00 | dt: 1990.12ms | tok/sec: 263,445 | bf16_mfu: 0.00 | epoch: 1 pq: 9 rg: 76 | total time: 28.08m | eta: 56.5m
step 00844/02520 (33.49%) | loss: 3.181704 | lrm: 1.00 | dt: 1987.46ms | tok/sec: 263,797 | bf16_mfu: 0.00 | epoch: 1 pq: 9 rg: 77 | total time: 28.11m | eta: 56.5m
step 00845/02520 (33.53%) | loss: 3.184183 | lrm: 1.00 | dt: 1989.46ms | tok/sec: 263,532 | bf16_mfu: 0.00 | epoch: 1 pq: 9 rg: 78 | total time: 28.14m | eta: 56.5m
step 00846/02520 (33.57%) | loss: 3.169530 | lrm: 1.00 | dt: 2019.87ms | tok/sec: 259,565 | bf16_mfu: 0.00 | epoch: 1 pq: 9 rg: 79 | total time: 28.18m | eta: 56.4m
step 00847/02520 (33.61%) | loss: 3.183976 | lrm: 1.00 | dt: 1987.18ms | tok/sec: 263,835 | bf16_mfu: 0.00 | epoch: 1 pq: 9 rg: 80 | total time: 28.21m | eta: 56.4m
step 00848/02520 (33.65%) | loss: 3.195561 | lrm: 1.00 | dt: 1986.89ms | tok/sec: 263,873 | bf16_mfu: 0.00 | epoch: 1 pq: 9 rg: 81 | total time: 28.24m | eta: 56.3m
step 00849/02520 (33.69%) | loss: 3.190712 | lrm: 1.00 | dt: 1986.98ms | tok/sec: 263,861 | bf16_mfu: 0.00 | epoch: 1 pq: 9 rg: 82 | total time: 28.27m | eta: 56.3m
step 00850/02520 (33.73%) | loss: 3.191114 | lrm: 1.00 | dt: 1987.73ms | tok/sec: 263,762 | bf16_mfu: 0.00 | epoch: 1 pq: 10 rg: 0 | total time: 28.31m | eta: 56.3m
step 00851/02520 (33.77%) | loss: 3.196539 | lrm: 1.00 | dt: 1986.48ms | tok/sec: 263,927 | bf16_mfu: 0.00 | epoch: 1 pq: 10 rg: 1 | total time: 28.34m | eta: 56.2m
step 00852/02520 (33.81%) | loss: 3.202315 | lrm: 1.00 | dt: 1986.15ms | tok/sec: 263,971 | bf16_mfu: 0.00 | epoch: 1 pq: 10 rg: 2 | total time: 28.37m | eta: 56.2m
step 00853/02520 (33.85%) | loss: 3.202874 | lrm: 1.00 | dt: 1987.00ms | tok/sec: 263,859 | bf16_mfu: 0.00 | epoch: 1 pq: 10 rg: 3 | total time: 28.41m | eta: 56.2m
step 00854/02520 (33.89%) | loss: 3.200174 | lrm: 1.00 | dt: 2038.63ms | tok/sec: 257,177 | bf16_mfu: 0.00 | epoch: 1 pq: 10 rg: 4 | total time: 28.44m | eta: 56.1m
step 00855/02520 (33.93%) | loss: 3.192802 | lrm: 1.00 | dt: 2003.06ms | tok/sec: 261,743 | bf16_mfu: 0.00 | epoch: 1 pq: 10 rg: 5 | total time: 28.47m | eta: 56.1m
step 00856/02520 (33.97%) | loss: 3.189398 | lrm: 1.00 | dt: 2035.20ms | tok/sec: 257,609 | bf16_mfu: 0.00 | epoch: 1 pq: 10 rg: 6 | total time: 28.51m | eta: 56.1m
step 00857/02520 (34.01%) | loss: 3.188954 | lrm: 1.00 | dt: 1997.76ms | tok/sec: 262,437 | bf16_mfu: 0.00 | epoch: 1 pq: 10 rg: 7 | total time: 28.54m | eta: 56.0m
step 00858/02520 (34.05%) | loss: 3.186967 | lrm: 1.00 | dt: 2002.55ms | tok/sec: 261,810 | bf16_mfu: 0.00 | epoch: 1 pq: 10 rg: 8 | total time: 28.58m | eta: 56.0m
step 00859/02520 (34.09%) | loss: 3.191832 | lrm: 1.00 | dt: 1997.21ms | tok/sec: 262,510 | bf16_mfu: 0.00 | epoch: 1 pq: 10 rg: 9 | total time: 28.61m | eta: 56.0m
step 00860/02520 (34.13%) | loss: 3.195812 | lrm: 1.00 | dt: 1996.39ms | tok/sec: 262,618 | bf16_mfu: 0.00 | epoch: 1 pq: 10 rg: 10 | total time: 28.64m | eta: 55.9m
step 00861/02520 (34.17%) | loss: 3.203671 | lrm: 1.00 | dt: 1990.75ms | tok/sec: 263,361 | bf16_mfu: 0.00 | epoch: 1 pq: 10 rg: 11 | total time: 28.68m | eta: 55.9m
step 00862/02520 (34.21%) | loss: 3.206052 | lrm: 1.00 | dt: 2002.57ms | tok/sec: 261,807 | bf16_mfu: 0.00 | epoch: 1 pq: 10 rg: 12 | total time: 28.71m | eta: 55.9m
step 00863/02520 (34.25%) | loss: 3.201718 | lrm: 1.00 | dt: 1989.22ms | tok/sec: 263,564 | bf16_mfu: 0.00 | epoch: 1 pq: 10 rg: 13 | total time: 28.74m | eta: 55.8m
step 00864/02520 (34.29%) | loss: 3.189404 | lrm: 1.00 | dt: 2034.02ms | tok/sec: 257,759 | bf16_mfu: 0.00 | epoch: 1 pq: 10 rg: 14 | total time: 28.78m | eta: 55.8m
step 00865/02520 (34.33%) | loss: 3.188012 | lrm: 1.00 | dt: 2046.29ms | tok/sec: 256,213 | bf16_mfu: 0.00 | epoch: 1 pq: 10 rg: 15 | total time: 28.81m | eta: 55.8m
step 00866/02520 (34.37%) | loss: 3.174692 | lrm: 1.00 | dt: 1997.22ms | tok/sec: 262,508 | bf16_mfu: 0.00 | epoch: 1 pq: 10 rg: 16 | total time: 28.84m | eta: 55.7m
step 00867/02520 (34.40%) | loss: 3.169717 | lrm: 1.00 | dt: 2052.55ms | tok/sec: 255,433 | bf16_mfu: 0.00 | epoch: 1 pq: 10 rg: 17 | total time: 28.88m | eta: 55.7m
step 00868/02520 (34.44%) | loss: 3.165444 | lrm: 1.00 | dt: 2026.27ms | tok/sec: 258,745 | bf16_mfu: 0.00 | epoch: 1 pq: 10 rg: 18 | total time: 28.91m | eta: 55.7m
step 00869/02520 (34.48%) | loss: 3.161957 | lrm: 1.00 | dt: 2001.24ms | tok/sec: 261,981 | bf16_mfu: 0.00 | epoch: 1 pq: 10 rg: 18 | total time: 28.94m | eta: 55.6m
step 00870/02520 (34.52%) | loss: 3.161065 | lrm: 1.00 | dt: 1997.82ms | tok/sec: 262,430 | bf16_mfu: 0.00 | epoch: 1 pq: 10 rg: 19 | total time: 28.98m | eta: 55.6m
step 00871/02520 (34.56%) | loss: 3.163960 | lrm: 1.00 | dt: 1989.98ms | tok/sec: 263,464 | bf16_mfu: 0.00 | epoch: 1 pq: 10 rg: 20 | total time: 29.01m | eta: 55.6m
step 00872/02520 (34.60%) | loss: 3.164070 | lrm: 1.00 | dt: 2032.85ms | tok/sec: 257,908 | bf16_mfu: 0.00 | epoch: 1 pq: 10 rg: 21 | total time: 29.04m | eta: 55.5m
step 00873/02520 (34.64%) | loss: 3.166972 | lrm: 1.00 | dt: 2073.14ms | tok/sec: 252,895 | bf16_mfu: 0.00 | epoch: 1 pq: 10 rg: 22 | total time: 29.08m | eta: 55.5m
step 00874/02520 (34.68%) | loss: 3.167777 | lrm: 1.00 | dt: 2059.89ms | tok/sec: 254,521 | bf16_mfu: 0.00 | epoch: 1 pq: 10 rg: 23 | total time: 29.11m | eta: 55.5m
step 00875/02520 (34.72%) | loss: 3.165702 | lrm: 1.00 | dt: 2094.69ms | tok/sec: 250,293 | bf16_mfu: 0.00 | epoch: 1 pq: 10 rg: 24 | total time: 29.15m | eta: 55.4m
step 00876/02520 (34.76%) | loss: 3.171184 | lrm: 1.00 | dt: 2075.21ms | tok/sec: 252,643 | bf16_mfu: 0.00 | epoch: 1 pq: 10 rg: 25 | total time: 29.18m | eta: 55.4m
step 00877/02520 (34.80%) | loss: 3.174339 | lrm: 1.00 | dt: 2011.56ms | tok/sec: 260,636 | bf16_mfu: 0.00 | epoch: 1 pq: 10 rg: 26 | total time: 29.22m | eta: 55.4m
step 00878/02520 (34.84%) | loss: 3.194223 | lrm: 1.00 | dt: 1987.14ms | tok/sec: 263,840 | bf16_mfu: 0.00 | epoch: 1 pq: 10 rg: 27 | total time: 29.25m | eta: 55.3m
step 00879/02520 (34.88%) | loss: 3.189866 | lrm: 1.00 | dt: 1989.19ms | tok/sec: 263,567 | bf16_mfu: 0.00 | epoch: 1 pq: 10 rg: 28 | total time: 29.28m | eta: 55.3m
step 00880/02520 (34.92%) | loss: 3.188857 | lrm: 1.00 | dt: 2010.18ms | tok/sec: 260,816 | bf16_mfu: 0.00 | epoch: 1 pq: 10 rg: 29 | total time: 29.32m | eta: 55.3m
step 00881/02520 (34.96%) | loss: 3.198146 | lrm: 1.00 | dt: 2008.45ms | tok/sec: 261,040 | bf16_mfu: 0.00 | epoch: 1 pq: 10 rg: 30 | total time: 29.35m | eta: 55.2m
2026-09-27 17:04:21,344 - nanochat.checkpoint_manager - [32m[1mINFO[0m - Saved model parameters to: /home/neo/.cache/nanochat/base_checkpoints/looped_L8_lr1_lr1_h1.0_s0/model_000882.pt
2026-09-27 17:04:21,764 - nanochat.checkpoint_manager - [32m[1mINFO[0m - Saved optimizer state to: /home/neo/.cache/nanochat/base_checkpoints/looped_L8_lr1_lr1_h1.0_s0/optim_000882_rank0.pt
2026-09-27 17:04:21,765 - nanochat.checkpoint_manager - [32m[1mINFO[0m - Saved metadata to: /home/neo/.cache/nanochat/base_checkpoints/looped_L8_lr1_lr1_h1.0_s0/meta_000882.json
step 00882/02520 (35.00%) | loss: 3.197560 | lrm: 1.00 | dt: 2005.50ms | tok/sec: 261,425 | bf16_mfu: 0.00 | epoch: 1 pq: 10 rg: 31 | total time: 29.38m | eta: 55.2m
step 00883/02520 (35.04%) | loss: 3.193690 | lrm: 1.00 | dt: 1993.38ms | tok/sec: 263,014 | bf16_mfu: 0.00 | epoch: 1 pq: 10 rg: 32 | total time: 29.42m | eta: 55.2m
step 00884/02520 (35.08%) | loss: 3.180966 | lrm: 1.00 | dt: 1985.23ms | tok/sec: 264,093 | bf16_mfu: 0.00 | epoch: 1 pq: 10 rg: 33 | total time: 29.45m | eta: 55.1m
step 00885/02520 (35.12%) | loss: 3.171035 | lrm: 1.00 | dt: 1988.32ms | tok/sec: 263,683 | bf16_mfu: 0.00 | epoch: 1 pq: 10 rg: 34 | total time: 29.48m | eta: 55.1m
step 00886/02520 (35.16%) | loss: 3.167329 | lrm: 1.00 | dt: 1988.33ms | tok/sec: 263,682 | bf16_mfu: 0.00 | epoch: 1 pq: 10 rg: 35 | total time: 29.52m | eta: 55.1m
step 00887/02520 (35.20%) | loss: 3.174087 | lrm: 1.00 | dt: 1990.87ms | tok/sec: 263,345 | bf16_mfu: 0.00 | epoch: 1 pq: 10 rg: 36 | total time: 29.55m | eta: 55.0m
step 00888/02520 (35.24%) | loss: 3.175896 | lrm: 1.00 | dt: 1985.16ms | tok/sec: 264,104 | bf16_mfu: 0.00 | epoch: 1 pq: 10 rg: 37 | total time: 29.58m | eta: 55.0m
step 00889/02520 (35.28%) | loss: 3.172990 | lrm: 1.00 | dt: 1986.80ms | tok/sec: 263,886 | bf16_mfu: 0.00 | epoch: 1 pq: 10 rg: 38 | total time: 29.62m | eta: 55.0m
step 00890/02520 (35.32%) | loss: 3.179406 | lrm: 1.00 | dt: 1984.88ms | tok/sec: 264,140 | bf16_mfu: 0.00 | epoch: 1 pq: 10 rg: 39 | total time: 29.65m | eta: 54.9m
step 00891/02520 (35.36%) | loss: 3.188090 | lrm: 0.99 | dt: 1985.25ms | tok/sec: 264,091 | bf16_mfu: 0.00 | epoch: 1 pq: 10 rg: 40 | total time: 29.68m | eta: 54.9m
step 00892/02520 (35.40%) | loss: 3.185086 | lrm: 0.99 | dt: 1984.84ms | tok/sec: 264,146 | bf16_mfu: 0.00 | epoch: 1 pq: 10 rg: 41 | total time: 29.71m | eta: 54.8m
step 00893/02520 (35.44%) | loss: 3.180950 | lrm: 0.99 | dt: 1995.11ms | tok/sec: 262,786 | bf16_mfu: 0.00 | epoch: 1 pq: 10 rg: 42 | total time: 29.75m | eta: 54.8m
step 00894/02520 (35.48%) | loss: 3.184088 | lrm: 0.99 | dt: 2016.93ms | tok/sec: 259,943 | bf16_mfu: 0.00 | epoch: 1 pq: 10 rg: 43 | total time: 29.78m | eta: 54.8m
step 00895/02520 (35.52%) | loss: 3.183270 | lrm: 0.99 | dt: 2073.07ms | tok/sec: 252,904 | bf16_mfu: 0.00 | epoch: 1 pq: 10 rg: 44 | total time: 29.82m | eta: 54.7m
step 00896/02520 (35.56%) | loss: 3.187258 | lrm: 0.99 | dt: 1987.51ms | tok/sec: 263,791 | bf16_mfu: 0.00 | epoch: 1 pq: 10 rg: 45 | total time: 29.85m | eta: 54.7m
step 00897/02520 (35.60%) | loss: 3.188262 | lrm: 0.99 | dt: 1990.59ms | tok/sec: 263,382 | bf16_mfu: 0.00 | epoch: 1 pq: 10 rg: 46 | total time: 29.88m | eta: 54.7m
step 00898/02520 (35.63%) | loss: 3.174187 | lrm: 0.99 | dt: 1990.62ms | tok/sec: 263,379 | bf16_mfu: 0.00 | epoch: 1 pq: 10 rg: 47 | total time: 29.92m | eta: 54.6m
step 00899/02520 (35.67%) | loss: 3.181869 | lrm: 0.99 | dt: 1987.77ms | tok/sec: 263,756 | bf16_mfu: 0.00 | epoch: 1 pq: 10 rg: 47 | total time: 29.95m | eta: 54.6m
step 00900/02520 (35.71%) | loss: 3.184428 | lrm: 0.99 | dt: 1988.33ms | tok/sec: 263,682 | bf16_mfu: 0.00 | epoch: 1 pq: 10 rg: 48 | total time: 29.98m | eta: 54.6m
step 00901/02520 (35.75%) | loss: 3.187464 | lrm: 0.99 | dt: 2028.90ms | tok/sec: 258,409 | bf16_mfu: 0.00 | epoch: 1 pq: 10 rg: 49 | total time: 30.02m | eta: 54.5m
step 00902/02520 (35.79%) | loss: 3.192014 | lrm: 0.99 | dt: 1993.06ms | tok/sec: 263,057 | bf16_mfu: 0.00 | epoch: 1 pq: 10 rg: 50 | total time: 30.05m | eta: 54.5m
step 00903/02520 (35.83%) | loss: 3.196219 | lrm: 0.99 | dt: 2007.19ms | tok/sec: 261,204 | bf16_mfu: 0.00 | epoch: 1 pq: 10 rg: 51 | total time: 30.08m | eta: 54.5m
step 00904/02520 (35.87%) | loss: 3.192771 | lrm: 0.99 | dt: 1992.12ms | tok/sec: 263,180 | bf16_mfu: 0.00 | epoch: 1 pq: 10 rg: 52 | total time: 30.12m | eta: 54.4m
step 00905/02520 (35.91%) | loss: 3.194069 | lrm: 0.99 | dt: 1984.64ms | tok/sec: 264,172 | bf16_mfu: 0.00 | epoch: 1 pq: 10 rg: 53 | total time: 30.15m | eta: 54.4m
step 00906/02520 (35.95%) | loss: 3.185611 | lrm: 0.99 | dt: 1985.64ms | tok/sec: 264,039 | bf16_mfu: 0.00 | epoch: 1 pq: 10 rg: 54 | total time: 30.18m | eta: 54.4m
step 00907/02520 (35.99%) | loss: 3.191632 | lrm: 0.99 | dt: 1986.18ms | tok/sec: 263,968 | bf16_mfu: 0.00 | epoch: 1 pq: 10 rg: 55 | total time: 30.21m | eta: 54.3m
step 00908/02520 (36.03%) | loss: 3.192635 | lrm: 0.98 | dt: 2057.59ms | tok/sec: 254,806 | bf16_mfu: 0.00 | epoch: 1 pq: 10 rg: 56 | total time: 30.25m | eta: 54.3m
step 00909/02520 (36.07%) | loss: 3.195705 | lrm: 0.98 | dt: 2041.87ms | tok/sec: 256,768 | bf16_mfu: 0.00 | epoch: 1 pq: 10 rg: 57 | total time: 30.28m | eta: 54.3m
step 00910/02520 (36.11%) | loss: 3.201333 | lrm: 0.98 | dt: 2012.56ms | tok/sec: 260,507 | bf16_mfu: 0.00 | epoch: 1 pq: 10 rg: 58 | total time: 30.32m | eta: 54.2m
step 00911/02520 (36.15%) | loss: 3.195080 | lrm: 0.98 | dt: 2029.66ms | tok/sec: 258,313 | bf16_mfu: 0.00 | epoch: 1 pq: 10 rg: 59 | total time: 30.35m | eta: 54.2m
step 00912/02520 (36.19%) | loss: 3.197498 | lrm: 0.98 | dt: 2009.03ms | tok/sec: 260,965 | bf16_mfu: 0.00 | epoch: 1 pq: 10 rg: 60 | total time: 30.38m | eta: 54.2m
step 00913/02520 (36.23%) | loss: 3.202083 | lrm: 0.98 | dt: 1986.97ms | tok/sec: 263,862 | bf16_mfu: 0.00 | epoch: 1 pq: 10 rg: 61 | total time: 30.42m | eta: 54.1m
step 00914/02520 (36.27%) | loss: 3.187811 | lrm: 0.98 | dt: 1985.29ms | tok/sec: 264,085 | bf16_mfu: 0.00 | epoch: 1 pq: 10 rg: 62 | total time: 30.45m | eta: 54.1m
step 00915/02520 (36.31%) | loss: 3.178293 | lrm: 0.98 | dt: 1989.38ms | tok/sec: 263,542 | bf16_mfu: 0.00 | epoch: 1 pq: 10 rg: 63 | total time: 30.48m | eta: 54.1m
step 00916/02520 (36.35%) | loss: 3.177292 | lrm: 0.98 | dt: 1987.13ms | tok/sec: 263,842 | bf16_mfu: 0.00 | epoch: 1 pq: 10 rg: 64 | total time: 30.52m | eta: 54.0m
step 00917/02520 (36.39%) | loss: 3.174561 | lrm: 0.98 | dt: 1986.41ms | tok/sec: 263,937 | bf16_mfu: 0.00 | epoch: 1 pq: 10 rg: 65 | total time: 30.55m | eta: 54.0m
step 00918/02520 (36.43%) | loss: 3.181825 | lrm: 0.98 | dt: 1986.55ms | tok/sec: 263,918 | bf16_mfu: 0.00 | epoch: 1 pq: 10 rg: 66 | total time: 30.58m | eta: 54.0m
step 00919/02520 (36.47%) | loss: 3.177266 | lrm: 0.98 | dt: 1985.77ms | tok/sec: 264,022 | bf16_mfu: 0.00 | epoch: 1 pq: 10 rg: 67 | total time: 30.62m | eta: 53.9m
step 00920/02520 (36.51%) | loss: 3.183467 | lrm: 0.98 | dt: 1986.45ms | tok/sec: 263,932 | bf16_mfu: 0.00 | epoch: 1 pq: 10 rg: 68 | total time: 30.65m | eta: 53.9m
step 00921/02520 (36.55%) | loss: 3.192609 | lrm: 0.98 | dt: 2002.92ms | tok/sec: 261,761 | bf16_mfu: 0.00 | epoch: 1 pq: 10 rg: 69 | total time: 30.68m | eta: 53.9m
step 00922/02520 (36.59%) | loss: 3.182685 | lrm: 0.98 | dt: 1986.00ms | tok/sec: 263,991 | bf16_mfu: 0.00 | epoch: 1 pq: 10 rg: 70 | total time: 30.72m | eta: 53.8m
step 00923/02520 (36.63%) | loss: 3.187777 | lrm: 0.98 | dt: 1987.79ms | tok/sec: 263,754 | bf16_mfu: 0.00 | epoch: 1 pq: 10 rg: 71 | total time: 30.75m | eta: 53.8m
step 00924/02520 (36.67%) | loss: 3.182457 | lrm: 0.98 | dt: 2012.43ms | tok/sec: 260,524 | bf16_mfu: 0.00 | epoch: 1 pq: 10 rg: 72 | total time: 30.78m | eta: 53.8m
step 00925/02520 (36.71%) | loss: 3.179622 | lrm: 0.98 | dt: 2010.83ms | tok/sec: 260,732 | bf16_mfu: 0.00 | epoch: 1 pq: 10 rg: 73 | total time: 30.82m | eta: 53.7m
step 00926/02520 (36.75%) | loss: 3.171205 | lrm: 0.97 | dt: 2020.21ms | tok/sec: 259,521 | bf16_mfu: 0.00 | epoch: 1 pq: 10 rg: 74 | total time: 30.85m | eta: 53.7m
step 00927/02520 (36.79%) | loss: 3.170436 | lrm: 0.97 | dt: 1993.21ms | tok/sec: 263,036 | bf16_mfu: 0.00 | epoch: 1 pq: 10 rg: 75 | total time: 30.88m | eta: 53.6m
step 00928/02520 (36.83%) | loss: 3.167656 | lrm: 0.97 | dt: 1992.69ms | tok/sec: 263,105 | bf16_mfu: 0.00 | epoch: 1 pq: 10 rg: 76 | total time: 30.92m | eta: 53.6m
step 00929/02520 (36.87%) | loss: 3.174250 | lrm: 0.97 | dt: 2037.80ms | tok/sec: 257,281 | bf16_mfu: 0.00 | epoch: 1 pq: 10 rg: 76 | total time: 30.95m | eta: 53.6m
step 00930/02520 (36.90%) | loss: 3.177482 | lrm: 0.97 | dt: 2021.48ms | tok/sec: 259,358 | bf16_mfu: 0.00 | epoch: 1 pq: 10 rg: 77 | total time: 30.98m | eta: 53.5m
step 00931/02520 (36.94%) | loss: 3.173336 | lrm: 0.97 | dt: 2048.36ms | tok/sec: 255,954 | bf16_mfu: 0.00 | epoch: 1 pq: 10 rg: 78 | total time: 31.02m | eta: 53.5m
step 00932/02520 (36.98%) | loss: 3.188142 | lrm: 0.97 | dt: 2004.59ms | tok/sec: 261,543 | bf16_mfu: 0.00 | epoch: 1 pq: 10 rg: 79 | total time: 31.05m | eta: 53.5m
step 00933/02520 (37.02%) | loss: 3.179821 | lrm: 0.97 | dt: 2003.11ms | tok/sec: 261,736 | bf16_mfu: 0.00 | epoch: 1 pq: 10 rg: 80 | total time: 31.08m | eta: 53.4m
step 00934/02520 (37.06%) | loss: 3.181072 | lrm: 0.97 | dt: 2046.85ms | tok/sec: 256,144 | bf16_mfu: 0.00 | epoch: 1 pq: 10 rg: 81 | total time: 31.12m | eta: 53.4m
step 00935/02520 (37.10%) | loss: 3.182371 | lrm: 0.97 | dt: 2040.00ms | tok/sec: 257,003 | bf16_mfu: 0.00 | epoch: 1 pq: 10 rg: 82 | total time: 31.15m | eta: 53.4m
step 00936/02520 (37.14%) | loss: 3.187646 | lrm: 0.97 | dt: 2001.91ms | tok/sec: 261,894 | bf16_mfu: 0.00 | epoch: 1 pq: 11 rg: 0 | total time: 31.19m | eta: 53.3m
step 00937/02520 (37.18%) | loss: 3.185399 | lrm: 0.97 | dt: 2004.88ms | tok/sec: 261,505 | bf16_mfu: 0.00 | epoch: 1 pq: 11 rg: 1 | total time: 31.22m | eta: 53.3m
step 00938/02520 (37.22%) | loss: 3.183160 | lrm: 0.97 | dt: 1994.16ms | tok/sec: 262,911 | bf16_mfu: 0.00 | epoch: 1 pq: 11 rg: 2 | total time: 31.25m | eta: 53.3m
step 00939/02520 (37.26%) | loss: 3.181850 | lrm: 0.97 | dt: 1985.70ms | tok/sec: 264,031 | bf16_mfu: 0.00 | epoch: 1 pq: 11 rg: 3 | total time: 31.29m | eta: 53.2m
step 00940/02520 (37.30%) | loss: 3.183129 | lrm: 0.97 | dt: 1984.57ms | tok/sec: 264,182 | bf16_mfu: 0.00 | epoch: 1 pq: 11 rg: 4 | total time: 31.32m | eta: 53.2m
step 00941/02520 (37.34%) | loss: 3.181483 | lrm: 0.97 | dt: 1995.98ms | tok/sec: 262,671 | bf16_mfu: 0.00 | epoch: 1 pq: 11 rg: 5 | total time: 31.35m | eta: 53.2m
step 00942/02520 (37.38%) | loss: 3.178789 | lrm: 0.97 | dt: 1995.68ms | tok/sec: 262,710 | bf16_mfu: 0.00 | epoch: 1 pq: 11 rg: 6 | total time: 31.38m | eta: 53.1m
step 00943/02520 (37.42%) | loss: 3.183927 | lrm: 0.96 | dt: 1986.68ms | tok/sec: 263,902 | bf16_mfu: 0.00 | epoch: 1 pq: 11 rg: 7 | total time: 31.42m | eta: 53.1m
step 00944/02520 (37.46%) | loss: 3.176349 | lrm: 0.96 | dt: 2053.65ms | tok/sec: 255,296 | bf16_mfu: 0.00 | epoch: 1 pq: 11 rg: 8 | total time: 31.45m | eta: 53.1m
step 00945/02520 (37.50%) | loss: 3.175927 | lrm: 0.96 | dt: 2053.62ms | tok/sec: 255,299 | bf16_mfu: 0.00 | epoch: 1 pq: 11 rg: 9 | total time: 31.49m | eta: 53.0m
step 00946/02520 (37.54%) | loss: 3.173100 | lrm: 0.96 | dt: 1989.93ms | tok/sec: 263,470 | bf16_mfu: 0.00 | epoch: 1 pq: 11 rg: 10 | total time: 31.52m | eta: 53.0m
step 00947/02520 (37.58%) | loss: 3.182122 | lrm: 0.96 | dt: 1997.31ms | tok/sec: 262,497 | bf16_mfu: 0.00 | epoch: 1 pq: 11 rg: 11 | total time: 31.55m | eta: 53.0m
step 00948/02520 (37.62%) | loss: 3.177884 | lrm: 0.96 | dt: 2010.66ms | tok/sec: 260,754 | bf16_mfu: 0.00 | epoch: 1 pq: 11 rg: 12 | total time: 31.59m | eta: 52.9m
step 00949/02520 (37.66%) | loss: 3.179167 | lrm: 0.96 | dt: 1998.97ms | tok/sec: 262,279 | bf16_mfu: 0.00 | epoch: 1 pq: 11 rg: 13 | total time: 31.62m | eta: 52.9m
step 00950/02520 (37.70%) | loss: 3.172611 | lrm: 0.96 | dt: 2026.77ms | tok/sec: 258,681 | bf16_mfu: 0.00 | epoch: 1 pq: 11 rg: 14 | total time: 31.65m | eta: 52.9m
step 00951/02520 (37.74%) | loss: 3.162452 | lrm: 0.96 | dt: 2005.62ms | tok/sec: 261,410 | bf16_mfu: 0.00 | epoch: 1 pq: 11 rg: 15 | total time: 31.69m | eta: 52.8m
step 00952/02520 (37.78%) | loss: 3.147382 | lrm: 0.96 | dt: 1987.88ms | tok/sec: 263,742 | bf16_mfu: 0.00 | epoch: 1 pq: 11 rg: 16 | total time: 31.72m | eta: 52.8m
step 00953/02520 (37.82%) | loss: 3.142728 | lrm: 0.96 | dt: 2088.81ms | tok/sec: 250,998 | bf16_mfu: 0.00 | epoch: 1 pq: 11 rg: 17 | total time: 31.75m | eta: 52.8m
step 00954/02520 (37.86%) | loss: 3.149653 | lrm: 0.96 | dt: 2047.50ms | tok/sec: 256,062 | bf16_mfu: 0.00 | epoch: 1 pq: 11 rg: 18 | total time: 31.79m | eta: 52.7m
step 00955/02520 (37.90%) | loss: 3.158532 | lrm: 0.96 | dt: 2044.25ms | tok/sec: 256,470 | bf16_mfu: 0.00 | epoch: 1 pq: 11 rg: 19 | total time: 31.82m | eta: 52.7m
step 00956/02520 (37.94%) | loss: 3.170392 | lrm: 0.96 | dt: 2011.32ms | tok/sec: 260,668 | bf16_mfu: 0.00 | epoch: 1 pq: 11 rg: 19 | total time: 31.86m | eta: 52.7m
step 00957/02520 (37.98%) | loss: 3.175124 | lrm: 0.96 | dt: 2068.39ms | tok/sec: 253,476 | bf16_mfu: 0.00 | epoch: 1 pq: 11 rg: 20 | total time: 31.89m | eta: 52.6m
step 00958/02520 (38.02%) | loss: 3.165573 | lrm: 0.96 | dt: 2034.96ms | tok/sec: 257,641 | bf16_mfu: 0.00 | epoch: 1 pq: 11 rg: 21 | total time: 31.92m | eta: 52.6m
step 00959/02520 (38.06%) | loss: 3.170966 | lrm: 0.96 | dt: 2061.43ms | tok/sec: 254,332 | bf16_mfu: 0.00 | epoch: 1 pq: 11 rg: 22 | total time: 31.96m | eta: 52.6m
step 00960/02520 (38.10%) | loss: 3.161612 | lrm: 0.95 | dt: 2021.63ms | tok/sec: 259,339 | bf16_mfu: 0.00 | epoch: 1 pq: 11 rg: 23 | total time: 31.99m | eta: 52.5m
step 00961/02520 (38.13%) | loss: 3.165414 | lrm: 0.95 | dt: 2022.05ms | tok/sec: 259,285 | bf16_mfu: 0.00 | epoch: 1 pq: 11 rg: 24 | total time: 32.03m | eta: 52.5m
step 00962/02520 (38.17%) | loss: 3.160851 | lrm: 0.95 | dt: 2057.25ms | tok/sec: 254,848 | bf16_mfu: 0.00 | epoch: 1 pq: 11 rg: 25 | total time: 32.06m | eta: 52.5m
step 00963/02520 (38.21%) | loss: 3.147687 | lrm: 0.95 | dt: 2070.52ms | tok/sec: 253,216 | bf16_mfu: 0.00 | epoch: 1 pq: 11 rg: 26 | total time: 32.10m | eta: 52.4m
step 00964/02520 (38.25%) | loss: 3.158687 | lrm: 0.95 | dt: 2029.91ms | tok/sec: 258,281 | bf16_mfu: 0.00 | epoch: 1 pq: 11 rg: 27 | total time: 32.13m | eta: 52.4m
step 00965/02520 (38.29%) | loss: 3.153544 | lrm: 0.95 | dt: 2000.63ms | tok/sec: 262,061 | bf16_mfu: 0.00 | epoch: 1 pq: 11 rg: 28 | total time: 32.16m | eta: 52.4m
step 00966/02520 (38.33%) | loss: 3.155297 | lrm: 0.95 | dt: 2010.53ms | tok/sec: 260,771 | bf16_mfu: 0.00 | epoch: 1 pq: 11 rg: 29 | total time: 32.20m | eta: 52.3m
step 00967/02520 (38.37%) | loss: 3.156083 | lrm: 0.95 | dt: 2011.50ms | tok/sec: 260,645 | bf16_mfu: 0.00 | epoch: 1 pq: 11 rg: 30 | total time: 32.23m | eta: 52.3m
step 00968/02520 (38.41%) | loss: 3.140523 | lrm: 0.95 | dt: 1999.25ms | tok/sec: 262,242 | bf16_mfu: 0.00 | epoch: 1 pq: 11 rg: 31 | total time: 32.26m | eta: 52.3m
step 00969/02520 (38.45%) | loss: 3.141464 | lrm: 0.95 | dt: 2045.58ms | tok/sec: 256,302 | bf16_mfu: 0.00 | epoch: 1 pq: 11 rg: 32 | total time: 32.30m | eta: 52.2m
step 00970/02520 (38.49%) | loss: 3.131550 | lrm: 0.95 | dt: 2060.20ms | tok/sec: 254,484 | bf16_mfu: 0.00 | epoch: 1 pq: 11 rg: 33 | total time: 32.33m | eta: 52.2m
step 00971/02520 (38.53%) | loss: 3.143491 | lrm: 0.95 | dt: 2068.71ms | tok/sec: 253,437 | bf16_mfu: 0.00 | epoch: 1 pq: 11 rg: 34 | total time: 32.37m | eta: 52.2m
step 00972/02520 (38.57%) | loss: 3.147389 | lrm: 0.95 | dt: 2051.11ms | tok/sec: 255,611 | bf16_mfu: 0.00 | epoch: 1 pq: 11 rg: 35 | total time: 32.40m | eta: 52.1m
step 00973/02520 (38.61%) | loss: 3.144148 | lrm: 0.95 | dt: 2045.67ms | tok/sec: 256,291 | bf16_mfu: 0.00 | epoch: 1 pq: 11 rg: 36 | total time: 32.43m | eta: 52.1m
step 00974/02520 (38.65%) | loss: 3.143502 | lrm: 0.95 | dt: 1991.94ms | tok/sec: 263,204 | bf16_mfu: 0.00 | epoch: 1 pq: 11 rg: 37 | total time: 32.47m | eta: 52.1m
step 00975/02520 (38.69%) | loss: 3.151321 | lrm: 0.95 | dt: 2034.75ms | tok/sec: 257,667 | bf16_mfu: 0.00 | epoch: 1 pq: 11 rg: 38 | total time: 32.50m | eta: 52.0m
step 00976/02520 (38.73%) | loss: 3.155043 | lrm: 0.95 | dt: 2035.02ms | tok/sec: 257,632 | bf16_mfu: 0.00 | epoch: 1 pq: 11 rg: 39 | total time: 32.54m | eta: 52.0m
step 00977/02520 (38.77%) | loss: 3.144929 | lrm: 0.94 | dt: 2024.89ms | tok/sec: 258,921 | bf16_mfu: 0.00 | epoch: 1 pq: 11 rg: 40 | total time: 32.57m | eta: 52.0m
step 00978/02520 (38.81%) | loss: 3.154233 | lrm: 0.94 | dt: 2027.64ms | tok/sec: 258,570 | bf16_mfu: 0.00 | epoch: 1 pq: 11 rg: 41 | total time: 32.60m | eta: 51.9m
step 00979/02520 (38.85%) | loss: 3.146667 | lrm: 0.94 | dt: 2042.00ms | tok/sec: 256,752 | bf16_mfu: 0.00 | epoch: 1 pq: 11 rg: 42 | total time: 32.64m | eta: 51.9m
step 00980/02520 (38.89%) | loss: 3.149398 | lrm: 0.94 | dt: 2025.92ms | tok/sec: 258,790 | bf16_mfu: 0.00 | epoch: 1 pq: 11 rg: 43 | total time: 32.67m | eta: 51.9m
step 00981/02520 (38.93%) | loss: 3.144348 | lrm: 0.94 | dt: 1988.47ms | tok/sec: 263,663 | bf16_mfu: 0.00 | epoch: 1 pq: 11 rg: 44 | total time: 32.70m | eta: 51.8m
step 00982/02520 (38.97%) | loss: 3.148097 | lrm: 0.94 | dt: 1989.23ms | tok/sec: 263,563 | bf16_mfu: 0.00 | epoch: 1 pq: 11 rg: 45 | total time: 32.74m | eta: 51.8m
step 00983/02520 (39.01%) | loss: 3.145795 | lrm: 0.94 | dt: 2001.22ms | tok/sec: 261,983 | bf16_mfu: 0.00 | epoch: 1 pq: 11 rg: 46 | total time: 32.77m | eta: 51.8m
step 00984/02520 (39.05%) | loss: 3.137507 | lrm: 0.94 | dt: 2041.71ms | tok/sec: 256,788 | bf16_mfu: 0.00 | epoch: 1 pq: 11 rg: 47 | total time: 32.80m | eta: 51.7m
step 00985/02520 (39.09%) | loss: 3.129771 | lrm: 0.94 | dt: 2061.73ms | tok/sec: 254,295 | bf16_mfu: 0.00 | epoch: 1 pq: 11 rg: 48 | total time: 32.84m | eta: 51.7m
step 00986/02520 (39.13%) | loss: 3.125692 | lrm: 0.94 | dt: 2060.93ms | tok/sec: 254,394 | bf16_mfu: 0.00 | epoch: 1 pq: 11 rg: 49 | total time: 32.87m | eta: 51.7m
step 00987/02520 (39.17%) | loss: 3.107990 | lrm: 0.94 | dt: 2042.83ms | tok/sec: 256,647 | bf16_mfu: 0.00 | epoch: 1 pq: 11 rg: 50 | total time: 32.91m | eta: 51.6m
step 00988/02520 (39.21%) | loss: 3.117293 | lrm: 0.94 | dt: 2069.23ms | tok/sec: 253,373 | bf16_mfu: 0.00 | epoch: 1 pq: 11 rg: 51 | total time: 32.94m | eta: 51.6m
step 00989/02520 (39.25%) | loss: 3.105449 | lrm: 0.94 | dt: 2009.22ms | tok/sec: 260,940 | bf16_mfu: 0.00 | epoch: 1 pq: 11 rg: 52 | total time: 32.97m | eta: 51.6m
step 00990/02520 (39.29%) | loss: 3.119289 | lrm: 0.94 | dt: 2007.27ms | tok/sec: 261,194 | bf16_mfu: 0.00 | epoch: 1 pq: 11 rg: 53 | total time: 33.01m | eta: 51.5m
step 00991/02520 (39.33%) | loss: 3.128861 | lrm: 0.94 | dt: 1995.89ms | tok/sec: 262,683 | bf16_mfu: 0.00 | epoch: 1 pq: 11 rg: 54 | total time: 33.04m | eta: 51.5m
step 00992/02520 (39.37%) | loss: 3.124065 | lrm: 0.94 | dt: 1986.36ms | tok/sec: 263,943 | bf16_mfu: 0.00 | epoch: 1 pq: 11 rg: 55 | total time: 33.07m | eta: 51.5m
step 00993/02520 (39.40%) | loss: 3.131431 | lrm: 0.94 | dt: 1993.10ms | tok/sec: 263,051 | bf16_mfu: 0.00 | epoch: 1 pq: 11 rg: 55 | total time: 33.11m | eta: 51.4m
step 00994/02520 (39.44%) | loss: 3.152517 | lrm: 0.94 | dt: 2003.41ms | tok/sec: 261,697 | bf16_mfu: 0.00 | epoch: 1 pq: 11 rg: 56 | total time: 33.14m | eta: 51.4m
step 00995/02520 (39.48%) | loss: 3.149253 | lrm: 0.93 | dt: 1987.25ms | tok/sec: 263,825 | bf16_mfu: 0.00 | epoch: 1 pq: 11 rg: 57 | total time: 33.17m | eta: 51.4m
step 00996/02520 (39.52%) | loss: 3.140264 | lrm: 0.93 | dt: 2013.96ms | tok/sec: 260,327 | bf16_mfu: 0.00 | epoch: 1 pq: 11 rg: 58 | total time: 33.21m | eta: 51.3m
step 00997/02520 (39.56%) | loss: 3.135145 | lrm: 0.93 | dt: 1987.27ms | tok/sec: 263,823 | bf16_mfu: 0.00 | epoch: 1 pq: 11 rg: 59 | total time: 33.24m | eta: 51.3m
step 00998/02520 (39.60%) | loss: 3.123638 | lrm: 0.93 | dt: 1987.76ms | tok/sec: 263,758 | bf16_mfu: 0.00 | epoch: 1 pq: 11 rg: 60 | total time: 33.27m | eta: 51.3m
step 00999/02520 (39.64%) | loss: 3.116267 | lrm: 0.93 | dt: 2030.71ms | tok/sec: 258,180 | bf16_mfu: 0.00 | epoch: 1 pq: 11 rg: 61 | total time: 33.31m | eta: 51.2m
Step 01000 | Validation bpb: 0.955768
step 01000/02520 (39.68%) | loss: 3.113266 | lrm: 0.93 | dt: 2004.36ms | tok/sec: 261,573 | bf16_mfu: 0.00 | epoch: 1 pq: 11 rg: 62 | total time: 33.34m | eta: 51.2m
step 01001/02520 (39.72%) | loss: 3.108542 | lrm: 0.93 | dt: 1985.98ms | tok/sec: 263,994 | bf16_mfu: 0.00 | epoch: 1 pq: 11 rg: 63 | total time: 33.37m | eta: 51.2m
step 01002/02520 (39.76%) | loss: 3.109005 | lrm: 0.93 | dt: 2034.35ms | tok/sec: 257,717 | bf16_mfu: 0.00 | epoch: 1 pq: 11 rg: 64 | total time: 33.41m | eta: 51.1m
step 01003/02520 (39.80%) | loss: 3.115856 | lrm: 0.93 | dt: 2059.73ms | tok/sec: 254,542 | bf16_mfu: 0.00 | epoch: 1 pq: 11 rg: 65 | total time: 33.44m | eta: 51.1m
step 01004/02520 (39.84%) | loss: 3.109128 | lrm: 0.93 | dt: 2039.06ms | tok/sec: 257,123 | bf16_mfu: 0.00 | epoch: 1 pq: 11 rg: 66 | total time: 33.48m | eta: 51.1m
step 01005/02520 (39.88%) | loss: 3.106361 | lrm: 0.93 | dt: 2016.83ms | tok/sec: 259,956 | bf16_mfu: 0.00 | epoch: 1 pq: 11 rg: 67 | total time: 33.51m | eta: 51.0m
step 01006/02520 (39.92%) | loss: 3.103935 | lrm: 0.93 | dt: 2036.96ms | tok/sec: 257,387 | bf16_mfu: 0.00 | epoch: 1 pq: 11 rg: 68 | total time: 33.54m | eta: 51.0m
step 01007/02520 (39.96%) | loss: 3.094988 | lrm: 0.93 | dt: 2021.67ms | tok/sec: 259,334 | bf16_mfu: 0.00 | epoch: 1 pq: 11 rg: 69 | total time: 33.58m | eta: 51.0m
2026-09-27 17:09:34,543 - nanochat.checkpoint_manager - [32m[1mINFO[0m - Saved model parameters to: /home/neo/.cache/nanochat/base_checkpoints/looped_L8_lr1_lr1_h1.0_s0/model_001008.pt
2026-09-27 17:09:34,974 - nanochat.checkpoint_manager - [32m[1mINFO[0m - Saved optimizer state to: /home/neo/.cache/nanochat/base_checkpoints/looped_L8_lr1_lr1_h1.0_s0/optim_001008_rank0.pt
2026-09-27 17:09:34,975 - nanochat.checkpoint_manager - [32m[1mINFO[0m - Saved metadata to: /home/neo/.cache/nanochat/base_checkpoints/looped_L8_lr1_lr1_h1.0_s0/meta_001008.json
step 01008/02520 (40.00%) | loss: 3.101993 | lrm: 0.93 | dt: 1959.54ms | tok/sec: 267,557 | bf16_mfu: 0.00 | epoch: 1 pq: 11 rg: 70 | total time: 33.61m | eta: 50.9m
step 01009/02520 (40.04%) | loss: 3.110910 | lrm: 0.93 | dt: 1980.13ms | tok/sec: 264,774 | bf16_mfu: 0.00 | epoch: 1 pq: 11 rg: 71 | total time: 33.64m | eta: 50.9m
step 01010/02520 (40.08%) | loss: 3.109915 | lrm: 0.93 | dt: 1997.64ms | tok/sec: 262,453 | bf16_mfu: 0.00 | epoch: 1 pq: 11 rg: 72 | total time: 33.68m | eta: 50.9m
step 01011/02520 (40.12%) | loss: 3.107055 | lrm: 0.93 | dt: 1994.40ms | tok/sec: 262,879 | bf16_mfu: 0.00 | epoch: 1 pq: 11 rg: 73 | total time: 33.71m | eta: 50.8m
step 01012/02520 (40.16%) | loss: 3.115401 | lrm: 0.92 | dt: 1975.70ms | tok/sec: 265,368 | bf16_mfu: 0.00 | epoch: 1 pq: 11 rg: 74 | total time: 33.74m | eta: 50.8m
step 01013/02520 (40.20%) | loss: 3.110974 | lrm: 0.92 | dt: 2004.52ms | tok/sec: 261,553 | bf16_mfu: 0.00 | epoch: 1 pq: 11 rg: 75 | total time: 33.78m | eta: 50.7m
step 01014/02520 (40.24%) | loss: 3.104732 | lrm: 0.92 | dt: 2028.24ms | tok/sec: 258,493 | bf16_mfu: 0.00 | epoch: 1 pq: 11 rg: 76 | total time: 33.81m | eta: 50.7m
step 01015/02520 (40.28%) | loss: 3.101996 | lrm: 0.92 | dt: 1994.95ms | tok/sec: 262,807 | bf16_mfu: 0.00 | epoch: 1 pq: 11 rg: 77 | total time: 33.84m | eta: 50.7m
step 01016/02520 (40.32%) | loss: 3.110921 | lrm: 0.92 | dt: 1988.78ms | tok/sec: 263,622 | bf16_mfu: 0.00 | epoch: 1 pq: 11 rg: 78 | total time: 33.88m | eta: 50.6m
step 01017/02520 (40.36%) | loss: 3.109084 | lrm: 0.92 | dt: 1989.50ms | tok/sec: 263,527 | bf16_mfu: 0.00 | epoch: 1 pq: 11 rg: 79 | total time: 33.91m | eta: 50.6m
step 01018/02520 (40.40%) | loss: 3.092888 | lrm: 0.92 | dt: 1990.15ms | tok/sec: 263,441 | bf16_mfu: 0.00 | epoch: 1 pq: 11 rg: 80 | total time: 33.94m | eta: 50.6m
step 01019/02520 (40.44%) | loss: 3.095214 | lrm: 0.92 | dt: 1979.81ms | tok/sec: 264,817 | bf16_mfu: 0.00 | epoch: 1 pq: 11 rg: 81 | total time: 33.98m | eta: 50.5m
step 01020/02520 (40.48%) | loss: 3.108102 | lrm: 0.92 | dt: 1998.31ms | tok/sec: 262,365 | bf16_mfu: 0.00 | epoch: 1 pq: 12 rg: 0 | total time: 34.01m | eta: 50.5m
step 01021/02520 (40.52%) | loss: 3.107558 | lrm: 0.92 | dt: 2022.48ms | tok/sec: 259,230 | bf16_mfu: 0.00 | epoch: 1 pq: 12 rg: 1 | total time: 34.04m | eta: 50.5m
step 01022/02520 (40.56%) | loss: 3.109140 | lrm: 0.92 | dt: 1992.67ms | tok/sec: 263,108 | bf16_mfu: 0.00 | epoch: 1 pq: 12 rg: 2 | total time: 34.08m | eta: 50.4m
step 01023/02520 (40.60%) | loss: 3.105772 | lrm: 0.92 | dt: 2024.35ms | tok/sec: 258,990 | bf16_mfu: 0.00 | epoch: 1 pq: 12 rg: 3 | total time: 34.11m | eta: 50.4m
step 01024/02520 (40.63%) | loss: 3.109439 | lrm: 0.92 | dt: 1996.07ms | tok/sec: 262,660 | bf16_mfu: 0.00 | epoch: 1 pq: 12 rg: 4 | total time: 34.14m | eta: 50.4m
step 01025/02520 (40.67%) | loss: 3.116193 | lrm: 0.92 | dt: 2007.57ms | tok/sec: 261,155 | bf16_mfu: 0.00 | epoch: 1 pq: 12 rg: 5 | total time: 34.18m | eta: 50.3m
step 01026/02520 (40.71%) | loss: 3.112304 | lrm: 0.92 | dt: 2005.91ms | tok/sec: 261,371 | bf16_mfu: 0.00 | epoch: 1 pq: 12 rg: 6 | total time: 34.21m | eta: 50.3m
step 01027/02520 (40.75%) | loss: 3.103351 | lrm: 0.92 | dt: 1992.30ms | tok/sec: 263,157 | bf16_mfu: 0.00 | epoch: 1 pq: 12 rg: 7 | total time: 34.24m | eta: 50.3m
step 01028/02520 (40.79%) | loss: 3.104188 | lrm: 0.92 | dt: 2039.02ms | tok/sec: 257,127 | bf16_mfu: 0.00 | epoch: 1 pq: 12 rg: 7 | total time: 34.28m | eta: 50.2m
step 01029/02520 (40.83%) | loss: 3.101251 | lrm: 0.91 | dt: 1992.15ms | tok/sec: 263,176 | bf16_mfu: 0.00 | epoch: 1 pq: 12 rg: 8 | total time: 34.31m | eta: 50.2m
step 01030/02520 (40.87%) | loss: 3.090259 | lrm: 0.91 | dt: 2031.80ms | tok/sec: 258,040 | bf16_mfu: 0.00 | epoch: 1 pq: 12 rg: 9 | total time: 34.34m | eta: 50.2m
step 01031/02520 (40.91%) | loss: 3.098804 | lrm: 0.91 | dt: 2045.86ms | tok/sec: 256,267 | bf16_mfu: 0.00 | epoch: 1 pq: 12 rg: 10 | total time: 34.38m | eta: 50.1m
step 01032/02520 (40.95%) | loss: 3.108317 | lrm: 0.91 | dt: 2045.76ms | tok/sec: 256,280 | bf16_mfu: 0.00 | epoch: 1 pq: 12 rg: 11 | total time: 34.41m | eta: 50.1m
step 01033/02520 (40.99%) | loss: 3.104529 | lrm: 0.91 | dt: 2049.33ms | tok/sec: 255,833 | bf16_mfu: 0.00 | epoch: 1 pq: 12 rg: 12 | total time: 34.45m | eta: 50.1m
step 01034/02520 (41.03%) | loss: 3.105639 | lrm: 0.91 | dt: 2029.23ms | tok/sec: 258,367 | bf16_mfu: 0.00 | epoch: 1 pq: 12 rg: 13 | total time: 34.48m | eta: 50.0m
step 01035/02520 (41.07%) | loss: 3.100481 | lrm: 0.91 | dt: 1994.20ms | tok/sec: 262,906 | bf16_mfu: 0.00 | epoch: 1 pq: 12 rg: 14 | total time: 34.51m | eta: 50.0m
step 01036/02520 (41.11%) | loss: 3.105371 | lrm: 0.91 | dt: 1986.88ms | tok/sec: 263,875 | bf16_mfu: 0.00 | epoch: 1 pq: 12 rg: 15 | total time: 34.55m | eta: 50.0m
step 01037/02520 (41.15%) | loss: 3.110621 | lrm: 0.91 | dt: 2039.88ms | tok/sec: 257,019 | bf16_mfu: 0.00 | epoch: 1 pq: 12 rg: 16 | total time: 34.58m | eta: 49.9m
step 01038/02520 (41.19%) | loss: 3.106533 | lrm: 0.91 | dt: 2002.60ms | tok/sec: 261,803 | bf16_mfu: 0.00 | epoch: 1 pq: 12 rg: 17 | total time: 34.61m | eta: 49.9m
step 01039/02520 (41.23%) | loss: 3.104111 | lrm: 0.91 | dt: 1992.58ms | tok/sec: 263,120 | bf16_mfu: 0.00 | epoch: 1 pq: 12 rg: 18 | total time: 34.65m | eta: 49.9m
step 01040/02520 (41.27%) | loss: 3.095547 | lrm: 0.91 | dt: 1983.80ms | tok/sec: 264,284 | bf16_mfu: 0.00 | epoch: 1 pq: 12 rg: 19 | total time: 34.68m | eta: 49.8m
step 01041/02520 (41.31%) | loss: 3.100052 | lrm: 0.91 | dt: 1982.96ms | tok/sec: 264,396 | bf16_mfu: 0.00 | epoch: 1 pq: 12 rg: 20 | total time: 34.71m | eta: 49.8m
step 01042/02520 (41.35%) | loss: 3.099259 | lrm: 0.91 | dt: 1983.71ms | tok/sec: 264,296 | bf16_mfu: 0.00 | epoch: 1 pq: 12 rg: 21 | total time: 34.75m | eta: 49.8m
step 01043/02520 (41.39%) | loss: 3.093055 | lrm: 0.91 | dt: 1983.37ms | tok/sec: 264,342 | bf16_mfu: 0.00 | epoch: 1 pq: 12 rg: 22 | total time: 34.78m | eta: 49.7m
step 01044/02520 (41.43%) | loss: 3.107778 | lrm: 0.91 | dt: 2019.11ms | tok/sec: 259,662 | bf16_mfu: 0.00 | epoch: 1 pq: 12 rg: 23 | total time: 34.81m | eta: 49.7m
step 01045/02520 (41.47%) | loss: 3.107545 | lrm: 0.91 | dt: 1982.53ms | tok/sec: 264,454 | bf16_mfu: 0.00 | epoch: 1 pq: 12 rg: 24 | total time: 34.85m | eta: 49.7m
step 01046/02520 (41.51%) | loss: 3.113723 | lrm: 0.90 | dt: 1981.18ms | tok/sec: 264,634 | bf16_mfu: 0.00 | epoch: 1 pq: 12 rg: 25 | total time: 34.88m | eta: 49.6m
step 01047/02520 (41.55%) | loss: 3.108713 | lrm: 0.90 | dt: 1982.00ms | tok/sec: 264,525 | bf16_mfu: 0.00 | epoch: 1 pq: 12 rg: 26 | total time: 34.91m | eta: 49.6m
step 01048/02520 (41.59%) | loss: 3.115965 | lrm: 0.90 | dt: 1982.87ms | tok/sec: 264,408 | bf16_mfu: 0.00 | epoch: 1 pq: 12 rg: 27 | total time: 34.95m | eta: 49.6m
step 01049/02520 (41.63%) | loss: 3.116358 | lrm: 0.90 | dt: 1982.10ms | tok/sec: 264,511 | bf16_mfu: 0.00 | epoch: 1 pq: 12 rg: 28 | total time: 34.98m | eta: 49.5m
step 01050/02520 (41.67%) | loss: 3.121458 | lrm: 0.90 | dt: 2007.33ms | tok/sec: 261,186 | bf16_mfu: 0.00 | epoch: 1 pq: 12 rg: 29 | total time: 35.01m | eta: 49.5m
step 01051/02520 (41.71%) | loss: 3.109982 | lrm: 0.90 | dt: 1987.28ms | tok/sec: 263,821 | bf16_mfu: 0.00 | epoch: 1 pq: 12 rg: 30 | total time: 35.05m | eta: 49.5m
step 01052/02520 (41.75%) | loss: 3.111638 | lrm: 0.90 | dt: 1985.38ms | tok/sec: 264,074 | bf16_mfu: 0.00 | epoch: 1 pq: 12 rg: 31 | total time: 35.08m | eta: 49.4m
step 01053/02520 (41.79%) | loss: 3.107046 | lrm: 0.90 | dt: 1992.78ms | tok/sec: 263,093 | bf16_mfu: 0.00 | epoch: 1 pq: 12 rg: 32 | total time: 35.11m | eta: 49.4m
step 01054/02520 (41.83%) | loss: 3.113299 | lrm: 0.90 | dt: 1983.65ms | tok/sec: 264,304 | bf16_mfu: 0.00 | epoch: 1 pq: 12 rg: 33 | total time: 35.14m | eta: 49.4m
step 01055/02520 (41.87%) | loss: 3.124600 | lrm: 0.90 | dt: 1990.88ms | tok/sec: 263,345 | bf16_mfu: 0.00 | epoch: 1 pq: 12 rg: 34 | total time: 35.18m | eta: 49.3m
step 01056/02520 (41.90%) | loss: 3.121781 | lrm: 0.90 | dt: 1996.43ms | tok/sec: 262,612 | bf16_mfu: 0.00 | epoch: 1 pq: 12 rg: 35 | total time: 35.21m | eta: 49.3m
step 01057/02520 (41.94%) | loss: 3.121193 | lrm: 0.90 | dt: 2034.00ms | tok/sec: 257,761 | bf16_mfu: 0.00 | epoch: 1 pq: 12 rg: 35 | total time: 35.24m | eta: 49.2m
step 01058/02520 (41.98%) | loss: 3.126081 | lrm: 0.90 | dt: 2012.85ms | tok/sec: 260,470 | bf16_mfu: 0.00 | epoch: 1 pq: 12 rg: 36 | total time: 35.28m | eta: 49.2m
step 01059/02520 (42.02%) | loss: 3.120513 | lrm: 0.90 | dt: 1995.75ms | tok/sec: 262,701 | bf16_mfu: 0.00 | epoch: 1 pq: 12 rg: 37 | total time: 35.31m | eta: 49.2m
step 01060/02520 (42.06%) | loss: 3.116512 | lrm: 0.90 | dt: 1985.38ms | tok/sec: 264,073 | bf16_mfu: 0.00 | epoch: 1 pq: 12 rg: 38 | total time: 35.34m | eta: 49.1m
step 01061/02520 (42.10%) | loss: 3.102782 | lrm: 0.90 | dt: 1995.00ms | tok/sec: 262,801 | bf16_mfu: 0.00 | epoch: 1 pq: 12 rg: 39 | total time: 35.38m | eta: 49.1m
step 01062/02520 (42.14%) | loss: 3.110337 | lrm: 0.90 | dt: 2009.38ms | tok/sec: 260,920 | bf16_mfu: 0.00 | epoch: 1 pq: 12 rg: 40 | total time: 35.41m | eta: 49.1m
step 01063/02520 (42.18%) | loss: 3.116191 | lrm: 0.90 | dt: 1994.85ms | tok/sec: 262,821 | bf16_mfu: 0.00 | epoch: 1 pq: 12 rg: 41 | total time: 35.44m | eta: 49.0m
step 01064/02520 (42.22%) | loss: 3.112020 | lrm: 0.89 | dt: 2032.01ms | tok/sec: 258,014 | bf16_mfu: 0.00 | epoch: 1 pq: 12 rg: 42 | total time: 35.48m | eta: 49.0m
step 01065/02520 (42.26%) | loss: 3.117011 | lrm: 0.89 | dt: 2034.25ms | tok/sec: 257,730 | bf16_mfu: 0.00 | epoch: 1 pq: 12 rg: 43 | total time: 35.51m | eta: 49.0m
step 01066/02520 (42.30%) | loss: 3.106456 | lrm: 0.89 | dt: 2024.52ms | tok/sec: 258,969 | bf16_mfu: 0.00 | epoch: 1 pq: 12 rg: 44 | total time: 35.55m | eta: 48.9m
step 01067/02520 (42.34%) | loss: 3.099198 | lrm: 0.89 | dt: 2007.43ms | tok/sec: 261,173 | bf16_mfu: 0.00 | epoch: 1 pq: 12 rg: 45 | total time: 35.58m | eta: 48.9m
step 01068/02520 (42.38%) | loss: 3.098241 | lrm: 0.89 | dt: 2008.40ms | tok/sec: 261,048 | bf16_mfu: 0.00 | epoch: 1 pq: 12 rg: 46 | total time: 35.61m | eta: 48.9m
step 01069/02520 (42.42%) | loss: 3.104365 | lrm: 0.89 | dt: 2001.90ms | tok/sec: 261,895 | bf16_mfu: 0.00 | epoch: 1 pq: 12 rg: 47 | total time: 35.65m | eta: 48.8m
step 01070/02520 (42.46%) | loss: 3.106272 | lrm: 0.89 | dt: 2021.46ms | tok/sec: 259,361 | bf16_mfu: 0.00 | epoch: 1 pq: 12 rg: 48 | total time: 35.68m | eta: 48.8m
step 01071/02520 (42.50%) | loss: 3.107861 | lrm: 0.89 | dt: 1998.75ms | tok/sec: 262,307 | bf16_mfu: 0.00 | epoch: 1 pq: 12 rg: 49 | total time: 35.71m | eta: 48.8m
step 01072/02520 (42.54%) | loss: 3.104269 | lrm: 0.89 | dt: 2007.40ms | tok/sec: 261,177 | bf16_mfu: 0.00 | epoch: 1 pq: 12 rg: 50 | total time: 35.75m | eta: 48.7m
step 01073/02520 (42.58%) | loss: 3.095274 | lrm: 0.89 | dt: 1996.56ms | tok/sec: 262,595 | bf16_mfu: 0.00 | epoch: 1 pq: 12 rg: 51 | total time: 35.78m | eta: 48.7m
step 01074/02520 (42.62%) | loss: 3.096978 | lrm: 0.89 | dt: 2030.67ms | tok/sec: 258,184 | bf16_mfu: 0.00 | epoch: 1 pq: 12 rg: 52 | total time: 35.81m | eta: 48.7m
step 01075/02520 (42.66%) | loss: 3.107885 | lrm: 0.89 | dt: 2034.54ms | tok/sec: 257,693 | bf16_mfu: 0.00 | epoch: 1 pq: 12 rg: 53 | total time: 35.85m | eta: 48.6m
step 01076/02520 (42.70%) | loss: 3.105018 | lrm: 0.89 | dt: 2007.99ms | tok/sec: 261,100 | bf16_mfu: 0.00 | epoch: 1 pq: 12 rg: 54 | total time: 35.88m | eta: 48.6m
step 01077/02520 (42.74%) | loss: 3.113876 | lrm: 0.89 | dt: 2020.98ms | tok/sec: 259,423 | bf16_mfu: 0.00 | epoch: 1 pq: 12 rg: 55 | total time: 35.92m | eta: 48.6m
step 01078/02520 (42.78%) | loss: 3.118009 | lrm: 0.89 | dt: 2002.71ms | tok/sec: 261,789 | bf16_mfu: 0.00 | epoch: 1 pq: 12 rg: 56 | total time: 35.95m | eta: 48.5m
step 01079/02520 (42.82%) | loss: 3.110988 | lrm: 0.89 | dt: 2005.87ms | tok/sec: 261,376 | bf16_mfu: 0.00 | epoch: 1 pq: 12 rg: 57 | total time: 35.98m | eta: 48.5m
step 01080/02520 (42.86%) | loss: 3.117025 | lrm: 0.89 | dt: 1994.16ms | tok/sec: 262,912 | bf16_mfu: 0.00 | epoch: 1 pq: 12 rg: 58 | total time: 36.02m | eta: 48.5m
step 01081/02520 (42.90%) | loss: 3.110165 | lrm: 0.88 | dt: 2022.60ms | tok/sec: 259,214 | bf16_mfu: 0.00 | epoch: 1 pq: 12 rg: 59 | total time: 36.05m | eta: 48.4m
step 01082/02520 (42.94%) | loss: 3.111815 | lrm: 0.88 | dt: 2013.63ms | tok/sec: 260,370 | bf16_mfu: 0.00 | epoch: 1 pq: 12 rg: 60 | total time: 36.08m | eta: 48.4m
step 01083/02520 (42.98%) | loss: 3.112962 | lrm: 0.88 | dt: 2007.44ms | tok/sec: 261,172 | bf16_mfu: 0.00 | epoch: 1 pq: 12 rg: 61 | total time: 36.12m | eta: 48.4m
step 01084/02520 (43.02%) | loss: 3.108989 | lrm: 0.88 | dt: 1997.86ms | tok/sec: 262,424 | bf16_mfu: 0.00 | epoch: 1 pq: 12 rg: 62 | total time: 36.15m | eta: 48.3m
step 01085/02520 (43.06%) | loss: 3.109787 | lrm: 0.88 | dt: 2195.83ms | tok/sec: 238,765 | bf16_mfu: 0.00 | epoch: 1 pq: 12 rg: 63 | total time: 36.19m | eta: 48.3m
step 01086/02520 (43.10%) | loss: 3.103663 | lrm: 0.88 | dt: 2180.07ms | tok/sec: 240,491 | bf16_mfu: 0.00 | epoch: 1 pq: 12 rg: 64 | total time: 36.22m | eta: 48.3m
step 01087/02520 (43.13%) | loss: 3.112427 | lrm: 0.88 | dt: 2007.98ms | tok/sec: 261,102 | bf16_mfu: 0.00 | epoch: 1 pq: 12 rg: 65 | total time: 36.26m | eta: 48.2m
step 01088/02520 (43.17%) | loss: 3.110857 | lrm: 0.88 | dt: 1995.46ms | tok/sec: 262,740 | bf16_mfu: 0.00 | epoch: 1 pq: 12 rg: 66 | total time: 36.29m | eta: 48.2m
step 01089/02520 (43.21%) | loss: 3.117038 | lrm: 0.88 | dt: 1985.20ms | tok/sec: 264,098 | bf16_mfu: 0.00 | epoch: 1 pq: 12 rg: 67 | total time: 36.32m | eta: 48.2m
step 01090/02520 (43.25%) | loss: 3.116569 | lrm: 0.88 | dt: 2050.88ms | tok/sec: 255,640 | bf16_mfu: 0.00 | epoch: 1 pq: 12 rg: 68 | total time: 36.36m | eta: 48.1m
step 01091/02520 (43.29%) | loss: 3.126380 | lrm: 0.88 | dt: 2022.58ms | tok/sec: 259,217 | bf16_mfu: 0.00 | epoch: 1 pq: 12 rg: 68 | total time: 36.39m | eta: 48.1m
step 01092/02520 (43.33%) | loss: 3.128635 | lrm: 0.88 | dt: 2007.38ms | tok/sec: 261,180 | bf16_mfu: 0.00 | epoch: 1 pq: 12 rg: 70 | total time: 36.42m | eta: 48.1m
step 01093/02520 (43.37%) | loss: 3.131080 | lrm: 0.88 | dt: 2020.57ms | tok/sec: 259,475 | bf16_mfu: 0.00 | epoch: 1 pq: 12 rg: 70 | total time: 36.46m | eta: 48.0m
step 01094/02520 (43.41%) | loss: 3.144679 | lrm: 0.88 | dt: 1993.36ms | tok/sec: 263,016 | bf16_mfu: 0.00 | epoch: 1 pq: 12 rg: 72 | total time: 36.49m | eta: 48.0m
step 01095/02520 (43.45%) | loss: 3.145781 | lrm: 0.88 | dt: 1990.10ms | tok/sec: 263,448 | bf16_mfu: 0.00 | epoch: 1 pq: 12 rg: 72 | total time: 36.52m | eta: 48.0m
step 01096/02520 (43.49%) | loss: 3.141816 | lrm: 0.88 | dt: 2028.38ms | tok/sec: 258,476 | bf16_mfu: 0.00 | epoch: 1 pq: 12 rg: 74 | total time: 36.56m | eta: 47.9m
step 01097/02520 (43.53%) | loss: 3.138453 | lrm: 0.88 | dt: 2027.36ms | tok/sec: 258,606 | bf16_mfu: 0.00 | epoch: 1 pq: 12 rg: 74 | total time: 36.59m | eta: 47.9m
step 01098/02520 (43.57%) | loss: 3.149331 | lrm: 0.87 | dt: 2042.62ms | tok/sec: 256,673 | bf16_mfu: 0.00 | epoch: 1 pq: 12 rg: 75 | total time: 36.63m | eta: 47.9m
step 01099/02520 (43.61%) | loss: 3.151703 | lrm: 0.87 | dt: 2027.39ms | tok/sec: 258,602 | bf16_mfu: 0.00 | epoch: 1 pq: 12 rg: 76 | total time: 36.66m | eta: 47.8m
step 01100/02520 (43.65%) | loss: 3.137791 | lrm: 0.87 | dt: 2016.03ms | tok/sec: 260,059 | bf16_mfu: 0.00 | epoch: 1 pq: 12 rg: 77 | total time: 36.69m | eta: 47.8m
step 01101/02520 (43.69%) | loss: 3.133317 | lrm: 0.87 | dt: 2011.20ms | tok/sec: 260,683 | bf16_mfu: 0.00 | epoch: 1 pq: 12 rg: 78 | total time: 36.73m | eta: 47.8m
step 01102/02520 (43.73%) | loss: 3.132965 | lrm: 0.87 | dt: 2003.35ms | tok/sec: 261,705 | bf16_mfu: 0.00 | epoch: 1 pq: 12 rg: 79 | total time: 36.76m | eta: 47.7m
step 01103/02520 (43.77%) | loss: 3.123712 | lrm: 0.87 | dt: 2061.19ms | tok/sec: 254,361 | bf16_mfu: 0.00 | epoch: 1 pq: 12 rg: 80 | total time: 36.79m | eta: 47.7m
step 01104/02520 (43.81%) | loss: 3.120276 | lrm: 0.87 | dt: 2068.23ms | tok/sec: 253,496 | bf16_mfu: 0.00 | epoch: 1 pq: 12 rg: 81 | total time: 36.83m | eta: 47.7m
step 01105/02520 (43.85%) | loss: 3.121322 | lrm: 0.87 | dt: 1992.77ms | tok/sec: 263,095 | bf16_mfu: 0.00 | epoch: 1 pq: 13 rg: 0 | total time: 36.86m | eta: 47.6m
step 01106/02520 (43.89%) | loss: 3.116771 | lrm: 0.87 | dt: 2010.57ms | tok/sec: 260,765 | bf16_mfu: 0.00 | epoch: 1 pq: 13 rg: 1 | total time: 36.90m | eta: 47.6m
step 01107/02520 (43.93%) | loss: 3.115137 | lrm: 0.87 | dt: 1984.94ms | tok/sec: 264,132 | bf16_mfu: 0.00 | epoch: 1 pq: 13 rg: 2 | total time: 36.93m | eta: 47.6m
step 01108/02520 (43.97%) | loss: 3.112952 | lrm: 0.87 | dt: 1984.73ms | tok/sec: 264,160 | bf16_mfu: 0.00 | epoch: 1 pq: 13 rg: 3 | total time: 36.96m | eta: 47.5m
step 01109/02520 (44.01%) | loss: 3.129712 | lrm: 0.87 | dt: 2016.88ms | tok/sec: 259,949 | bf16_mfu: 0.00 | epoch: 1 pq: 13 rg: 4 | total time: 36.99m | eta: 47.5m
step 01110/02520 (44.05%) | loss: 3.126900 | lrm: 0.87 | dt: 2004.84ms | tok/sec: 261,511 | bf16_mfu: 0.00 | epoch: 1 pq: 13 rg: 5 | total time: 37.03m | eta: 47.5m
step 01111/02520 (44.09%) | loss: 3.120851 | lrm: 0.87 | dt: 2036.07ms | tok/sec: 257,500 | bf16_mfu: 0.00 | epoch: 1 pq: 13 rg: 6 | total time: 37.06m | eta: 47.4m
step 01112/02520 (44.13%) | loss: 3.120508 | lrm: 0.87 | dt: 2072.01ms | tok/sec: 253,033 | bf16_mfu: 0.00 | epoch: 1 pq: 13 rg: 7 | total time: 37.10m | eta: 47.4m
step 01113/02520 (44.17%) | loss: 3.122993 | lrm: 0.87 | dt: 2056.19ms | tok/sec: 254,979 | bf16_mfu: 0.00 | epoch: 1 pq: 13 rg: 8 | total time: 37.13m | eta: 47.4m
step 01114/02520 (44.21%) | loss: 3.116037 | lrm: 0.87 | dt: 2012.36ms | tok/sec: 260,534 | bf16_mfu: 0.00 | epoch: 1 pq: 13 rg: 9 | total time: 37.16m | eta: 47.3m
step 01115/02520 (44.25%) | loss: 3.111719 | lrm: 0.86 | dt: 2002.19ms | tok/sec: 261,857 | bf16_mfu: 0.00 | epoch: 1 pq: 13 rg: 10 | total time: 37.20m | eta: 47.3m
step 01116/02520 (44.29%) | loss: 3.112191 | lrm: 0.86 | dt: 1995.96ms | tok/sec: 262,674 | bf16_mfu: 0.00 | epoch: 1 pq: 13 rg: 11 | total time: 37.23m | eta: 47.3m
step 01117/02520 (44.33%) | loss: 3.114731 | lrm: 0.86 | dt: 2012.58ms | tok/sec: 260,505 | bf16_mfu: 0.00 | epoch: 1 pq: 13 rg: 12 | total time: 37.26m | eta: 47.2m
step 01118/02520 (44.37%) | loss: 3.110117 | lrm: 0.86 | dt: 2011.89ms | tok/sec: 260,594 | bf16_mfu: 0.00 | epoch: 1 pq: 13 rg: 13 | total time: 37.30m | eta: 47.2m
step 01119/02520 (44.40%) | loss: 3.108887 | lrm: 0.86 | dt: 1985.47ms | tok/sec: 264,062 | bf16_mfu: 0.00 | epoch: 1 pq: 13 rg: 14 | total time: 37.33m | eta: 47.2m
step 01120/02520 (44.44%) | loss: 3.097761 | lrm: 0.86 | dt: 1985.81ms | tok/sec: 264,017 | bf16_mfu: 0.00 | epoch: 1 pq: 13 rg: 15 | total time: 37.36m | eta: 47.1m
step 01121/02520 (44.48%) | loss: 3.097551 | lrm: 0.86 | dt: 1986.24ms | tok/sec: 263,960 | bf16_mfu: 0.00 | epoch: 1 pq: 13 rg: 16 | total time: 37.40m | eta: 47.1m
step 01122/02520 (44.52%) | loss: 3.098086 | lrm: 0.86 | dt: 1985.88ms | tok/sec: 264,008 | bf16_mfu: 0.00 | epoch: 1 pq: 13 rg: 17 | total time: 37.43m | eta: 47.1m
step 01123/02520 (44.56%) | loss: 3.104262 | lrm: 0.86 | dt: 2046.08ms | tok/sec: 256,239 | bf16_mfu: 0.00 | epoch: 1 pq: 13 rg: 18 | total time: 37.46m | eta: 47.0m
step 01124/02520 (44.60%) | loss: 3.105817 | lrm: 0.86 | dt: 2060.61ms | tok/sec: 254,433 | bf16_mfu: 0.00 | epoch: 1 pq: 13 rg: 19 | total time: 37.50m | eta: 47.0m
step 01125/02520 (44.64%) | loss: 3.113302 | lrm: 0.86 | dt: 2002.83ms | tok/sec: 261,773 | bf16_mfu: 0.00 | epoch: 1 pq: 13 rg: 19 | total time: 37.53m | eta: 47.0m
step 01126/02520 (44.68%) | loss: 3.109247 | lrm: 0.86 | dt: 2019.19ms | tok/sec: 259,652 | bf16_mfu: 0.00 | epoch: 1 pq: 13 rg: 20 | total time: 37.57m | eta: 46.9m
step 01127/02520 (44.72%) | loss: 3.108242 | lrm: 0.86 | dt: 1987.35ms | tok/sec: 263,812 | bf16_mfu: 0.00 | epoch: 1 pq: 13 rg: 21 | total time: 37.60m | eta: 46.9m
step 01128/02520 (44.76%) | loss: 3.093834 | lrm: 0.86 | dt: 1986.59ms | tok/sec: 263,913 | bf16_mfu: 0.00 | epoch: 1 pq: 13 rg: 22 | total time: 37.63m | eta: 46.9m
step 01129/02520 (44.80%) | loss: 3.097073 | lrm: 0.86 | dt: 2021.81ms | tok/sec: 259,316 | bf16_mfu: 0.00 | epoch: 1 pq: 13 rg: 23 | total time: 37.67m | eta: 46.8m
step 01130/02520 (44.84%) | loss: 3.097715 | lrm: 0.86 | dt: 2023.95ms | tok/sec: 259,042 | bf16_mfu: 0.00 | epoch: 1 pq: 13 rg: 24 | total time: 37.70m | eta: 46.8m
step 01131/02520 (44.88%) | loss: 3.099522 | lrm: 0.86 | dt: 1985.69ms | tok/sec: 264,033 | bf16_mfu: 0.00 | epoch: 1 pq: 13 rg: 25 | total time: 37.73m | eta: 46.8m
step 01132/02520 (44.92%) | loss: 3.102639 | lrm: 0.86 | dt: 2010.15ms | tok/sec: 260,820 | bf16_mfu: 0.00 | epoch: 1 pq: 13 rg: 26 | total time: 37.77m | eta: 46.7m
step 01133/02520 (44.96%) | loss: 3.096786 | lrm: 0.85 | dt: 2042.10ms | tok/sec: 256,740 | bf16_mfu: 0.00 | epoch: 1 pq: 13 rg: 27 | total time: 37.80m | eta: 46.7m
2026-09-27 17:13:48,591 - nanochat.checkpoint_manager - [32m[1mINFO[0m - Saved model parameters to: /home/neo/.cache/nanochat/base_checkpoints/looped_L8_lr1_lr1_h1.0_s0/model_001134.pt
2026-09-27 17:13:49,042 - nanochat.checkpoint_manager - [32m[1mINFO[0m - Saved optimizer state to: /home/neo/.cache/nanochat/base_checkpoints/looped_L8_lr1_lr1_h1.0_s0/optim_001134_rank0.pt
2026-09-27 17:13:49,043 - nanochat.checkpoint_manager - [32m[1mINFO[0m - Saved metadata to: /home/neo/.cache/nanochat/base_checkpoints/looped_L8_lr1_lr1_h1.0_s0/meta_001134.json
step 01134/02520 (45.00%) | loss: 3.099572 | lrm: 0.85 | dt: 1975.44ms | tok/sec: 265,402 | bf16_mfu: 0.00 | epoch: 1 pq: 13 rg: 28 | total time: 37.83m | eta: 46.7m
step 01135/02520 (45.04%) | loss: 3.104405 | lrm: 0.85 | dt: 1989.40ms | tok/sec: 263,540 | bf16_mfu: 0.00 | epoch: 1 pq: 13 rg: 29 | total time: 37.87m | eta: 46.6m
step 01136/02520 (45.08%) | loss: 3.105169 | lrm: 0.85 | dt: 1982.99ms | tok/sec: 264,392 | bf16_mfu: 0.00 | epoch: 1 pq: 13 rg: 30 | total time: 37.90m | eta: 46.6m
step 01137/02520 (45.12%) | loss: 3.106103 | lrm: 0.85 | dt: 1984.61ms | tok/sec: 264,176 | bf16_mfu: 0.00 | epoch: 1 pq: 13 rg: 31 | total time: 37.93m | eta: 46.5m
step 01138/02520 (45.16%) | loss: 3.106340 | lrm: 0.85 | dt: 1993.68ms | tok/sec: 262,975 | bf16_mfu: 0.00 | epoch: 1 pq: 13 rg: 32 | total time: 37.97m | eta: 46.5m
step 01139/02520 (45.20%) | loss: 3.097345 | lrm: 0.85 | dt: 2007.15ms | tok/sec: 261,210 | bf16_mfu: 0.00 | epoch: 1 pq: 13 rg: 33 | total time: 38.00m | eta: 46.5m
step 01140/02520 (45.24%) | loss: 3.099165 | lrm: 0.85 | dt: 2002.36ms | tok/sec: 261,835 | bf16_mfu: 0.00 | epoch: 1 pq: 13 rg: 34 | total time: 38.03m | eta: 46.4m
step 01141/02520 (45.28%) | loss: 3.097262 | lrm: 0.85 | dt: 2025.94ms | tok/sec: 258,786 | bf16_mfu: 0.00 | epoch: 1 pq: 13 rg: 35 | total time: 38.07m | eta: 46.4m
step 01142/02520 (45.32%) | loss: 3.100429 | lrm: 0.85 | dt: 2020.08ms | tok/sec: 259,537 | bf16_mfu: 0.00 | epoch: 1 pq: 13 rg: 36 | total time: 38.10m | eta: 46.4m
step 01143/02520 (45.36%) | loss: 3.095874 | lrm: 0.85 | dt: 2025.60ms | tok/sec: 258,831 | bf16_mfu: 0.00 | epoch: 1 pq: 13 rg: 37 | total time: 38.13m | eta: 46.3m
step 01144/02520 (45.40%) | loss: 3.094311 | lrm: 0.85 | dt: 2013.50ms | tok/sec: 260,385 | bf16_mfu: 0.00 | epoch: 1 pq: 13 rg: 38 | total time: 38.17m | eta: 46.3m
step 01145/02520 (45.44%) | loss: 3.088542 | lrm: 0.85 | dt: 2058.07ms | tok/sec: 254,747 | bf16_mfu: 0.00 | epoch: 1 pq: 13 rg: 39 | total time: 38.20m | eta: 46.3m
step 01146/02520 (45.48%) | loss: 3.084275 | lrm: 0.85 | dt: 2039.16ms | tok/sec: 257,109 | bf16_mfu: 0.00 | epoch: 1 pq: 13 rg: 40 | total time: 38.24m | eta: 46.2m
step 01147/02520 (45.52%) | loss: 3.085524 | lrm: 0.85 | dt: 2033.02ms | tok/sec: 257,886 | bf16_mfu: 0.00 | epoch: 1 pq: 13 rg: 41 | total time: 38.27m | eta: 46.2m
step 01148/02520 (45.56%) | loss: 3.086107 | lrm: 0.85 | dt: 2024.45ms | tok/sec: 258,978 | bf16_mfu: 0.00 | epoch: 1 pq: 13 rg: 42 | total time: 38.30m | eta: 46.2m
step 01149/02520 (45.60%) | loss: 3.090813 | lrm: 0.85 | dt: 2019.39ms | tok/sec: 259,626 | bf16_mfu: 0.00 | epoch: 1 pq: 13 rg: 43 | total time: 38.34m | eta: 46.1m
step 01150/02520 (45.63%) | loss: 3.088866 | lrm: 0.84 | dt: 2013.79ms | tok/sec: 260,348 | bf16_mfu: 0.00 | epoch: 1 pq: 13 rg: 44 | total time: 38.37m | eta: 46.1m
step 01151/02520 (45.67%) | loss: 3.091031 | lrm: 0.84 | dt: 1996.63ms | tok/sec: 262,586 | bf16_mfu: 0.00 | epoch: 1 pq: 13 rg: 45 | total time: 38.40m | eta: 46.1m
step 01152/02520 (45.71%) | loss: 3.084835 | lrm: 0.84 | dt: 1996.72ms | tok/sec: 262,575 | bf16_mfu: 0.00 | epoch: 1 pq: 13 rg: 46 | total time: 38.44m | eta: 46.0m
step 01153/02520 (45.75%) | loss: 3.079472 | lrm: 0.84 | dt: 2031.78ms | tok/sec: 258,044 | bf16_mfu: 0.00 | epoch: 1 pq: 13 rg: 47 | total time: 38.47m | eta: 46.0m
step 01154/02520 (45.79%) | loss: 3.070925 | lrm: 0.84 | dt: 2003.11ms | tok/sec: 261,736 | bf16_mfu: 0.00 | epoch: 1 pq: 13 rg: 48 | total time: 38.50m | eta: 46.0m
step 01155/02520 (45.83%) | loss: 3.063515 | lrm: 0.84 | dt: 1993.58ms | tok/sec: 262,988 | bf16_mfu: 0.00 | epoch: 1 pq: 13 rg: 49 | total time: 38.54m | eta: 45.9m
step 01156/02520 (45.87%) | loss: 3.066364 | lrm: 0.84 | dt: 1985.93ms | tok/sec: 264,001 | bf16_mfu: 0.00 | epoch: 1 pq: 13 rg: 50 | total time: 38.57m | eta: 45.9m
step 01157/02520 (45.91%) | loss: 3.072769 | lrm: 0.84 | dt: 1986.17ms | tok/sec: 263,968 | bf16_mfu: 0.00 | epoch: 1 pq: 13 rg: 51 | total time: 38.60m | eta: 45.9m
step 01158/02520 (45.95%) | loss: 3.066647 | lrm: 0.84 | dt: 1986.58ms | tok/sec: 263,915 | bf16_mfu: 0.00 | epoch: 1 pq: 13 rg: 52 | total time: 38.64m | eta: 45.8m
step 01159/02520 (45.99%) | loss: 3.059200 | lrm: 0.84 | dt: 2000.67ms | tok/sec: 262,055 | bf16_mfu: 0.00 | epoch: 1 pq: 13 rg: 53 | total time: 38.67m | eta: 45.8m
step 01160/02520 (46.03%) | loss: 3.070015 | lrm: 0.84 | dt: 1988.27ms | tok/sec: 263,690 | bf16_mfu: 0.00 | epoch: 1 pq: 13 rg: 54 | total time: 38.70m | eta: 45.8m
step 01161/02520 (46.07%) | loss: 3.063085 | lrm: 0.84 | dt: 1985.89ms | tok/sec: 264,006 | bf16_mfu: 0.00 | epoch: 1 pq: 13 rg: 55 | total time: 38.74m | eta: 45.7m
step 01162/02520 (46.11%) | loss: 3.059255 | lrm: 0.84 | dt: 1994.11ms | tok/sec: 262,917 | bf16_mfu: 0.00 | epoch: 1 pq: 13 rg: 55 | total time: 38.77m | eta: 45.7m
step 01163/02520 (46.15%) | loss: 3.058847 | lrm: 0.84 | dt: 1995.57ms | tok/sec: 262,726 | bf16_mfu: 0.00 | epoch: 1 pq: 13 rg: 56 | total time: 38.80m | eta: 45.7m
step 01164/02520 (46.19%) | loss: 3.046834 | lrm: 0.84 | dt: 1998.49ms | tok/sec: 262,342 | bf16_mfu: 0.00 | epoch: 1 pq: 13 rg: 57 | total time: 38.84m | eta: 45.6m
step 01165/02520 (46.23%) | loss: 3.053482 | lrm: 0.84 | dt: 2006.52ms | tok/sec: 261,292 | bf16_mfu: 0.00 | epoch: 1 pq: 13 rg: 58 | total time: 38.87m | eta: 45.6m
step 01166/02520 (46.27%) | loss: 3.047141 | lrm: 0.84 | dt: 1991.10ms | tok/sec: 263,315 | bf16_mfu: 0.00 | epoch: 1 pq: 13 rg: 59 | total time: 38.90m | eta: 45.6m
step 01167/02520 (46.31%) | loss: 3.051320 | lrm: 0.83 | dt: 1986.28ms | tok/sec: 263,955 | bf16_mfu: 0.00 | epoch: 1 pq: 13 rg: 60 | total time: 38.94m | eta: 45.5m
step 01168/02520 (46.35%) | loss: 3.045141 | lrm: 0.83 | dt: 1997.28ms | tok/sec: 262,501 | bf16_mfu: 0.00 | epoch: 1 pq: 13 rg: 61 | total time: 38.97m | eta: 45.5m
step 01169/02520 (46.39%) | loss: 3.049986 | lrm: 0.83 | dt: 2000.40ms | tok/sec: 262,091 | bf16_mfu: 0.00 | epoch: 1 pq: 13 rg: 62 | total time: 39.00m | eta: 45.5m
step 01170/02520 (46.43%) | loss: 3.058975 | lrm: 0.83 | dt: 1986.08ms | tok/sec: 263,981 | bf16_mfu: 0.00 | epoch: 1 pq: 13 rg: 63 | total time: 39.04m | eta: 45.4m
step 01171/02520 (46.47%) | loss: 3.061664 | lrm: 0.83 | dt: 1984.71ms | tok/sec: 264,163 | bf16_mfu: 0.00 | epoch: 1 pq: 13 rg: 64 | total time: 39.07m | eta: 45.4m
step 01172/02520 (46.51%) | loss: 3.062720 | lrm: 0.83 | dt: 2047.37ms | tok/sec: 256,078 | bf16_mfu: 0.00 | epoch: 1 pq: 13 rg: 65 | total time: 39.10m | eta: 45.4m
step 01173/02520 (46.55%) | loss: 3.059352 | lrm: 0.83 | dt: 1988.35ms | tok/sec: 263,679 | bf16_mfu: 0.00 | epoch: 1 pq: 13 rg: 66 | total time: 39.14m | eta: 45.3m
step 01174/02520 (46.59%) | loss: 3.063683 | lrm: 0.83 | dt: 1985.88ms | tok/sec: 264,007 | bf16_mfu: 0.00 | epoch: 1 pq: 13 rg: 67 | total time: 39.17m | eta: 45.3m
step 01175/02520 (46.63%) | loss: 3.068505 | lrm: 0.83 | dt: 1988.45ms | tok/sec: 263,667 | bf16_mfu: 0.00 | epoch: 1 pq: 13 rg: 68 | total time: 39.20m | eta: 45.3m
step 01176/02520 (46.67%) | loss: 3.079273 | lrm: 0.83 | dt: 2024.30ms | tok/sec: 258,996 | bf16_mfu: 0.00 | epoch: 1 pq: 13 rg: 69 | total time: 39.24m | eta: 45.2m
step 01177/02520 (46.71%) | loss: 3.075893 | lrm: 0.83 | dt: 2034.73ms | tok/sec: 257,670 | bf16_mfu: 0.00 | epoch: 1 pq: 13 rg: 70 | total time: 39.27m | eta: 45.2m
step 01178/02520 (46.75%) | loss: 3.081114 | lrm: 0.83 | dt: 2025.01ms | tok/sec: 258,906 | bf16_mfu: 0.00 | epoch: 1 pq: 13 rg: 71 | total time: 39.30m | eta: 45.2m
step 01179/02520 (46.79%) | loss: 3.086527 | lrm: 0.83 | dt: 2065.09ms | tok/sec: 253,881 | bf16_mfu: 0.00 | epoch: 1 pq: 13 rg: 72 | total time: 39.34m | eta: 45.1m
step 01180/02520 (46.83%) | loss: 3.080310 | lrm: 0.83 | dt: 2011.67ms | tok/sec: 260,623 | bf16_mfu: 0.00 | epoch: 1 pq: 13 rg: 73 | total time: 39.37m | eta: 45.1m
step 01181/02520 (46.87%) | loss: 3.086119 | lrm: 0.83 | dt: 2036.83ms | tok/sec: 257,403 | bf16_mfu: 0.00 | epoch: 1 pq: 13 rg: 74 | total time: 39.41m | eta: 45.1m
step 01182/02520 (46.90%) | loss: 3.081358 | lrm: 0.83 | dt: 2012.32ms | tok/sec: 260,539 | bf16_mfu: 0.00 | epoch: 1 pq: 13 rg: 75 | total time: 39.44m | eta: 45.0m
step 01183/02520 (46.94%) | loss: 3.087435 | lrm: 0.83 | dt: 2001.12ms | tok/sec: 261,996 | bf16_mfu: 0.00 | epoch: 1 pq: 13 rg: 76 | total time: 39.47m | eta: 45.0m
step 01184/02520 (46.98%) | loss: 3.077662 | lrm: 0.82 | dt: 1996.84ms | tok/sec: 262,559 | bf16_mfu: 0.00 | epoch: 1 pq: 13 rg: 77 | total time: 39.51m | eta: 45.0m
step 01185/02520 (47.02%) | loss: 3.064688 | lrm: 0.82 | dt: 1994.72ms | tok/sec: 262,837 | bf16_mfu: 0.00 | epoch: 1 pq: 13 rg: 78 | total time: 39.54m | eta: 44.9m
step 01186/02520 (47.06%) | loss: 3.052708 | lrm: 0.82 | dt: 2051.79ms | tok/sec: 255,527 | bf16_mfu: 0.00 | epoch: 1 pq: 13 rg: 79 | total time: 39.57m | eta: 44.9m
step 01187/02520 (47.10%) | loss: 3.056524 | lrm: 0.82 | dt: 2068.19ms | tok/sec: 253,501 | bf16_mfu: 0.00 | epoch: 1 pq: 13 rg: 80 | total time: 39.61m | eta: 44.9m
step 01188/02520 (47.14%) | loss: 3.062784 | lrm: 0.82 | dt: 2027.29ms | tok/sec: 258,615 | bf16_mfu: 0.00 | epoch: 1 pq: 13 rg: 81 | total time: 39.64m | eta: 44.8m
step 01189/02520 (47.18%) | loss: 3.065928 | lrm: 0.82 | dt: 2031.80ms | tok/sec: 258,041 | bf16_mfu: 0.00 | epoch: 1 pq: 13 rg: 82 | total time: 39.68m | eta: 44.8m
step 01190/02520 (47.22%) | loss: 3.071875 | lrm: 0.82 | dt: 2034.55ms | tok/sec: 257,692 | bf16_mfu: 0.00 | epoch: 1 pq: 14 rg: 0 | total time: 39.71m | eta: 44.8m
step 01191/02520 (47.26%) | loss: 3.068787 | lrm: 0.82 | dt: 2008.06ms | tok/sec: 261,091 | bf16_mfu: 0.00 | epoch: 1 pq: 14 rg: 1 | total time: 39.74m | eta: 44.7m
step 01192/02520 (47.30%) | loss: 3.070213 | lrm: 0.82 | dt: 2041.77ms | tok/sec: 256,780 | bf16_mfu: 0.00 | epoch: 1 pq: 14 rg: 2 | total time: 39.78m | eta: 44.7m
step 01193/02520 (47.34%) | loss: 3.076431 | lrm: 0.82 | dt: 1998.87ms | tok/sec: 262,291 | bf16_mfu: 0.00 | epoch: 1 pq: 14 rg: 3 | total time: 39.81m | eta: 44.7m
step 01194/02520 (47.38%) | loss: 3.065378 | lrm: 0.82 | dt: 1989.52ms | tok/sec: 263,524 | bf16_mfu: 0.00 | epoch: 1 pq: 14 rg: 4 | total time: 39.84m | eta: 44.6m
step 01195/02520 (47.42%) | loss: 3.067044 | lrm: 0.82 | dt: 2016.41ms | tok/sec: 260,010 | bf16_mfu: 0.00 | epoch: 1 pq: 14 rg: 5 | total time: 39.88m | eta: 44.6m
step 01196/02520 (47.46%) | loss: 3.058430 | lrm: 0.82 | dt: 2058.50ms | tok/sec: 254,694 | bf16_mfu: 0.00 | epoch: 1 pq: 14 rg: 6 | total time: 39.91m | eta: 44.6m
step 01197/02520 (47.50%) | loss: 3.054486 | lrm: 0.82 | dt: 2005.75ms | tok/sec: 261,392 | bf16_mfu: 0.00 | epoch: 1 pq: 14 rg: 7 | total time: 39.94m | eta: 44.5m
step 01198/02520 (47.54%) | loss: 3.051931 | lrm: 0.82 | dt: 2009.47ms | tok/sec: 260,908 | bf16_mfu: 0.00 | epoch: 1 pq: 14 rg: 8 | total time: 39.98m | eta: 44.5m
step 01199/02520 (47.58%) | loss: 3.057494 | lrm: 0.82 | dt: 2000.56ms | tok/sec: 262,070 | bf16_mfu: 0.00 | epoch: 1 pq: 14 rg: 9 | total time: 40.01m | eta: 44.5m
step 01200/02520 (47.62%) | loss: 3.063819 | lrm: 0.82 | dt: 1993.45ms | tok/sec: 263,005 | bf16_mfu: 0.00 | epoch: 1 pq: 14 rg: 10 | total time: 40.04m | eta: 44.4m
step 01201/02520 (47.66%) | loss: 3.067145 | lrm: 0.81 | dt: 2011.40ms | tok/sec: 260,657 | bf16_mfu: 0.00 | epoch: 1 pq: 14 rg: 11 | total time: 40.08m | eta: 44.4m
step 01202/02520 (47.70%) | loss: 3.065188 | lrm: 0.81 | dt: 1997.67ms | tok/sec: 262,449 | bf16_mfu: 0.00 | epoch: 1 pq: 14 rg: 12 | total time: 40.11m | eta: 44.4m
step 01203/02520 (47.74%) | loss: 3.062865 | lrm: 0.81 | dt: 2059.73ms | tok/sec: 254,541 | bf16_mfu: 0.00 | epoch: 1 pq: 14 rg: 13 | total time: 40.15m | eta: 44.3m
step 01204/02520 (47.78%) | loss: 3.070513 | lrm: 0.81 | dt: 2041.75ms | tok/sec: 256,784 | bf16_mfu: 0.00 | epoch: 1 pq: 14 rg: 13 | total time: 40.18m | eta: 44.3m
step 01205/02520 (47.82%) | loss: 3.080118 | lrm: 0.81 | dt: 2041.74ms | tok/sec: 256,784 | bf16_mfu: 0.00 | epoch: 1 pq: 14 rg: 15 | total time: 40.21m | eta: 44.3m
step 01206/02520 (47.86%) | loss: 3.070699 | lrm: 0.81 | dt: 2018.79ms | tok/sec: 259,704 | bf16_mfu: 0.00 | epoch: 1 pq: 14 rg: 16 | total time: 40.25m | eta: 44.2m
step 01207/02520 (47.90%) | loss: 3.075038 | lrm: 0.81 | dt: 2042.03ms | tok/sec: 256,748 | bf16_mfu: 0.00 | epoch: 1 pq: 14 rg: 16 | total time: 40.28m | eta: 44.2m
step 01208/02520 (47.94%) | loss: 3.077296 | lrm: 0.81 | dt: 2034.20ms | tok/sec: 257,736 | bf16_mfu: 0.00 | epoch: 1 pq: 14 rg: 17 | total time: 40.32m | eta: 44.2m
step 01209/02520 (47.98%) | loss: 3.084177 | lrm: 0.81 | dt: 2042.67ms | tok/sec: 256,668 | bf16_mfu: 0.00 | epoch: 1 pq: 14 rg: 18 | total time: 40.35m | eta: 44.1m
step 01210/02520 (48.02%) | loss: 3.094146 | lrm: 0.81 | dt: 2031.62ms | tok/sec: 258,063 | bf16_mfu: 0.00 | epoch: 1 pq: 14 rg: 19 | total time: 40.38m | eta: 44.1m
step 01211/02520 (48.06%) | loss: 3.097065 | lrm: 0.81 | dt: 2014.97ms | tok/sec: 260,196 | bf16_mfu: 0.00 | epoch: 1 pq: 14 rg: 20 | total time: 40.42m | eta: 44.1m
step 01212/02520 (48.10%) | loss: 3.078366 | lrm: 0.81 | dt: 2055.26ms | tok/sec: 255,095 | bf16_mfu: 0.00 | epoch: 1 pq: 14 rg: 21 | total time: 40.45m | eta: 44.0m
step 01213/02520 (48.13%) | loss: 3.083541 | lrm: 0.81 | dt: 2050.26ms | tok/sec: 255,717 | bf16_mfu: 0.00 | epoch: 1 pq: 14 rg: 22 | total time: 40.49m | eta: 44.0m
step 01214/02520 (48.17%) | loss: 3.085036 | lrm: 0.81 | dt: 2008.38ms | tok/sec: 261,050 | bf16_mfu: 0.00 | epoch: 1 pq: 14 rg: 23 | total time: 40.52m | eta: 44.0m
step 01215/02520 (48.21%) | loss: 3.087773 | lrm: 0.81 | dt: 2047.28ms | tok/sec: 256,090 | bf16_mfu: 0.00 | epoch: 1 pq: 14 rg: 24 | total time: 40.55m | eta: 43.9m
step 01216/02520 (48.25%) | loss: 3.094450 | lrm: 0.81 | dt: 2002.27ms | tok/sec: 261,846 | bf16_mfu: 0.00 | epoch: 1 pq: 14 rg: 25 | total time: 40.59m | eta: 43.9m
step 01217/02520 (48.29%) | loss: 3.092448 | lrm: 0.81 | dt: 2045.37ms | tok/sec: 256,329 | bf16_mfu: 0.00 | epoch: 1 pq: 14 rg: 26 | total time: 40.62m | eta: 43.9m
step 01218/02520 (48.33%) | loss: 3.083797 | lrm: 0.81 | dt: 2062.54ms | tok/sec: 254,194 | bf16_mfu: 0.00 | epoch: 1 pq: 14 rg: 27 | total time: 40.65m | eta: 43.8m
step 01219/02520 (48.37%) | loss: 3.083608 | lrm: 0.80 | dt: 2062.44ms | tok/sec: 254,207 | bf16_mfu: 0.00 | epoch: 1 pq: 14 rg: 28 | total time: 40.69m | eta: 43.8m
step 01220/02520 (48.41%) | loss: 3.087733 | lrm: 0.80 | dt: 2063.80ms | tok/sec: 254,039 | bf16_mfu: 0.00 | epoch: 1 pq: 14 rg: 29 | total time: 40.72m | eta: 43.8m
step 01221/02520 (48.45%) | loss: 3.081051 | lrm: 0.80 | dt: 2013.73ms | tok/sec: 260,356 | bf16_mfu: 0.00 | epoch: 1 pq: 14 rg: 30 | total time: 40.76m | eta: 43.7m
step 01222/02520 (48.49%) | loss: 3.072597 | lrm: 0.80 | dt: 2061.65ms | tok/sec: 254,305 | bf16_mfu: 0.00 | epoch: 1 pq: 14 rg: 31 | total time: 40.79m | eta: 43.7m
step 01223/02520 (48.53%) | loss: 3.066093 | lrm: 0.80 | dt: 2020.13ms | tok/sec: 259,532 | bf16_mfu: 0.00 | epoch: 1 pq: 14 rg: 32 | total time: 40.83m | eta: 43.7m
step 01224/02520 (48.57%) | loss: 3.063673 | lrm: 0.80 | dt: 1988.00ms | tok/sec: 263,725 | bf16_mfu: 0.00 | epoch: 1 pq: 14 rg: 33 | total time: 40.86m | eta: 43.6m
step 01225/02520 (48.61%) | loss: 3.060746 | lrm: 0.80 | dt: 1985.38ms | tok/sec: 264,074 | bf16_mfu: 0.00 | epoch: 1 pq: 14 rg: 34 | total time: 40.89m | eta: 43.6m
step 01226/02520 (48.65%) | loss: 3.055619 | lrm: 0.80 | dt: 1987.12ms | tok/sec: 263,843 | bf16_mfu: 0.00 | epoch: 1 pq: 14 rg: 35 | total time: 40.92m | eta: 43.5m
step 01227/02520 (48.69%) | loss: 3.047966 | lrm: 0.80 | dt: 1987.17ms | tok/sec: 263,836 | bf16_mfu: 0.00 | epoch: 1 pq: 14 rg: 36 | total time: 40.96m | eta: 43.5m
step 01228/02520 (48.73%) | loss: 3.057759 | lrm: 0.80 | dt: 1986.74ms | tok/sec: 263,893 | bf16_mfu: 0.00 | epoch: 1 pq: 14 rg: 37 | total time: 40.99m | eta: 43.5m
step 01229/02520 (48.77%) | loss: 3.049841 | lrm: 0.80 | dt: 1987.81ms | tok/sec: 263,751 | bf16_mfu: 0.00 | epoch: 1 pq: 14 rg: 38 | total time: 41.02m | eta: 43.4m
step 01230/02520 (48.81%) | loss: 3.052891 | lrm: 0.80 | dt: 2007.15ms | tok/sec: 261,210 | bf16_mfu: 0.00 | epoch: 1 pq: 14 rg: 39 | total time: 41.06m | eta: 43.4m
step 01231/02520 (48.85%) | loss: 3.051914 | lrm: 0.80 | dt: 2023.73ms | tok/sec: 259,070 | bf16_mfu: 0.00 | epoch: 1 pq: 14 rg: 40 | total time: 41.09m | eta: 43.4m
step 01232/02520 (48.89%) | loss: 3.054960 | lrm: 0.80 | dt: 1985.75ms | tok/sec: 264,025 | bf16_mfu: 0.00 | epoch: 1 pq: 14 rg: 41 | total time: 41.12m | eta: 43.3m
step 01233/02520 (48.93%) | loss: 3.057246 | lrm: 0.80 | dt: 1987.17ms | tok/sec: 263,836 | bf16_mfu: 0.00 | epoch: 1 pq: 14 rg: 42 | total time: 41.16m | eta: 43.3m
step 01234/02520 (48.97%) | loss: 3.055271 | lrm: 0.80 | dt: 1985.99ms | tok/sec: 263,992 | bf16_mfu: 0.00 | epoch: 1 pq: 14 rg: 43 | total time: 41.19m | eta: 43.3m
step 01235/02520 (49.01%) | loss: 3.039665 | lrm: 0.80 | dt: 1985.86ms | tok/sec: 264,011 | bf16_mfu: 0.00 | epoch: 1 pq: 14 rg: 44 | total time: 41.22m | eta: 43.2m
step 01236/02520 (49.05%) | loss: 3.042315 | lrm: 0.79 | dt: 1987.37ms | tok/sec: 263,810 | bf16_mfu: 0.00 | epoch: 1 pq: 14 rg: 45 | total time: 41.26m | eta: 43.2m
step 01237/02520 (49.09%) | loss: 3.048975 | lrm: 0.79 | dt: 1986.87ms | tok/sec: 263,876 | bf16_mfu: 0.00 | epoch: 1 pq: 14 rg: 46 | total time: 41.29m | eta: 43.2m
step 01238/02520 (49.13%) | loss: 3.049532 | lrm: 0.79 | dt: 1986.49ms | tok/sec: 263,927 | bf16_mfu: 0.00 | epoch: 1 pq: 14 rg: 47 | total time: 41.32m | eta: 43.1m
step 01239/02520 (49.17%) | loss: 3.041383 | lrm: 0.79 | dt: 1987.51ms | tok/sec: 263,791 | bf16_mfu: 0.00 | epoch: 1 pq: 14 rg: 48 | total time: 41.36m | eta: 43.1m
step 01240/02520 (49.21%) | loss: 3.043380 | lrm: 0.79 | dt: 2020.13ms | tok/sec: 259,531 | bf16_mfu: 0.00 | epoch: 1 pq: 14 rg: 49 | total time: 41.39m | eta: 43.1m
step 01241/02520 (49.25%) | loss: 3.042687 | lrm: 0.79 | dt: 2054.66ms | tok/sec: 255,170 | bf16_mfu: 0.00 | epoch: 1 pq: 14 rg: 50 | total time: 41.42m | eta: 43.0m
step 01242/02520 (49.29%) | loss: 3.036437 | lrm: 0.79 | dt: 2000.84ms | tok/sec: 262,033 | bf16_mfu: 0.00 | epoch: 1 pq: 14 rg: 51 | total time: 41.46m | eta: 43.0m
step 01243/02520 (49.33%) | loss: 3.023468 | lrm: 0.79 | dt: 2070.01ms | tok/sec: 253,278 | bf16_mfu: 0.00 | epoch: 1 pq: 14 rg: 51 | total time: 41.49m | eta: 43.0m
step 01244/02520 (49.37%) | loss: 3.024378 | lrm: 0.79 | dt: 2015.22ms | tok/sec: 260,164 | bf16_mfu: 0.00 | epoch: 1 pq: 14 rg: 52 | total time: 41.53m | eta: 42.9m
step 01245/02520 (49.40%) | loss: 3.022593 | lrm: 0.79 | dt: 1993.67ms | tok/sec: 262,976 | bf16_mfu: 0.00 | epoch: 1 pq: 14 rg: 53 | total time: 41.56m | eta: 42.9m
step 01246/02520 (49.44%) | loss: 3.027440 | lrm: 0.79 | dt: 2047.84ms | tok/sec: 256,020 | bf16_mfu: 0.00 | epoch: 1 pq: 14 rg: 54 | total time: 41.59m | eta: 42.9m
step 01247/02520 (49.48%) | loss: 3.039470 | lrm: 0.79 | dt: 2022.21ms | tok/sec: 259,264 | bf16_mfu: 0.00 | epoch: 1 pq: 14 rg: 55 | total time: 41.63m | eta: 42.8m
step 01248/02520 (49.52%) | loss: 3.053344 | lrm: 0.79 | dt: 2011.54ms | tok/sec: 260,639 | bf16_mfu: 0.00 | epoch: 1 pq: 14 rg: 56 | total time: 41.66m | eta: 42.8m
step 01249/02520 (49.56%) | loss: 3.051325 | lrm: 0.79 | dt: 2022.53ms | tok/sec: 259,223 | bf16_mfu: 0.00 | epoch: 1 pq: 14 rg: 57 | total time: 41.69m | eta: 42.8m
Step 01250 | Validation bpb: 0.932917
step 01250/02520 (49.60%) | loss: 3.056975 | lrm: 0.79 | dt: 1972.91ms | tok/sec: 265,743 | bf16_mfu: 0.00 | epoch: 1 pq: 14 rg: 58 | total time: 41.73m | eta: 42.7m
step 01251/02520 (49.64%) | loss: 3.060439 | lrm: 0.79 | dt: 1978.04ms | tok/sec: 265,054 | bf16_mfu: 0.00 | epoch: 1 pq: 14 rg: 59 | total time: 41.76m | eta: 42.7m
step 01252/02520 (49.68%) | loss: 3.053329 | lrm: 0.79 | dt: 1978.44ms | tok/sec: 265,000 | bf16_mfu: 0.00 | epoch: 1 pq: 14 rg: 60 | total time: 41.79m | eta: 42.7m
step 01253/02520 (49.72%) | loss: 3.053487 | lrm: 0.78 | dt: 1977.28ms | tok/sec: 265,155 | bf16_mfu: 0.00 | epoch: 1 pq: 14 rg: 61 | total time: 41.83m | eta: 42.6m
step 01254/02520 (49.76%) | loss: 3.054504 | lrm: 0.78 | dt: 1978.65ms | tok/sec: 264,973 | bf16_mfu: 0.00 | epoch: 1 pq: 14 rg: 62 | total time: 41.86m | eta: 42.6m
step 01255/02520 (49.80%) | loss: 3.054692 | lrm: 0.78 | dt: 1977.40ms | tok/sec: 265,139 | bf16_mfu: 0.00 | epoch: 1 pq: 14 rg: 63 | total time: 41.89m | eta: 42.6m
step 01256/02520 (49.84%) | loss: 3.046023 | lrm: 0.78 | dt: 1979.77ms | tok/sec: 264,822 | bf16_mfu: 0.00 | epoch: 1 pq: 14 rg: 64 | total time: 41.92m | eta: 42.5m
step 01257/02520 (49.88%) | loss: 3.051607 | lrm: 0.78 | dt: 1981.28ms | tok/sec: 264,621 | bf16_mfu: 0.00 | epoch: 1 pq: 14 rg: 65 | total time: 41.96m | eta: 42.5m
step 01258/02520 (49.92%) | loss: 3.054774 | lrm: 0.78 | dt: 1979.51ms | tok/sec: 264,857 | bf16_mfu: 0.00 | epoch: 1 pq: 14 rg: 66 | total time: 41.99m | eta: 42.5m
step 01259/02520 (49.96%) | loss: 3.063244 | lrm: 0.78 | dt: 1979.49ms | tok/sec: 264,860 | bf16_mfu: 0.00 | epoch: 1 pq: 14 rg: 67 | total time: 42.02m | eta: 42.4m
2026-09-27 17:19:00,997 - nanochat.checkpoint_manager - [32m[1mINFO[0m - Saved model parameters to: /home/neo/.cache/nanochat/base_checkpoints/looped_L8_lr1_lr1_h1.0_s0/model_001260.pt
2026-09-27 17:19:01,456 - nanochat.checkpoint_manager - [32m[1mINFO[0m - Saved optimizer state to: /home/neo/.cache/nanochat/base_checkpoints/looped_L8_lr1_lr1_h1.0_s0/optim_001260_rank0.pt
2026-09-27 17:19:01,457 - nanochat.checkpoint_manager - [32m[1mINFO[0m - Saved metadata to: /home/neo/.cache/nanochat/base_checkpoints/looped_L8_lr1_lr1_h1.0_s0/meta_001260.json
step 01260/02520 (50.00%) | loss: 3.054330 | lrm: 0.78 | dt: 1961.79ms | tok/sec: 267,250 | bf16_mfu: 0.00 | epoch: 1 pq: 14 rg: 68 | total time: 42.06m | eta: 42.4m
step 01261/02520 (50.04%) | loss: 3.062133 | lrm: 0.78 | dt: 1976.19ms | tok/sec: 265,301 | bf16_mfu: 0.00 | epoch: 1 pq: 14 rg: 69 | total time: 42.09m | eta: 42.4m
step 01262/02520 (50.08%) | loss: 3.063101 | lrm: 0.78 | dt: 1977.02ms | tok/sec: 265,191 | bf16_mfu: 0.00 | epoch: 1 pq: 14 rg: 70 | total time: 42.12m | eta: 42.3m
step 01263/02520 (50.12%) | loss: 3.051543 | lrm: 0.78 | dt: 1978.49ms | tok/sec: 264,993 | bf16_mfu: 0.00 | epoch: 1 pq: 14 rg: 71 | total time: 42.15m | eta: 42.3m
step 01264/02520 (50.16%) | loss: 3.040704 | lrm: 0.78 | dt: 1979.22ms | tok/sec: 264,896 | bf16_mfu: 0.00 | epoch: 1 pq: 14 rg: 72 | total time: 42.19m | eta: 42.3m
step 01265/02520 (50.20%) | loss: 3.040986 | lrm: 0.78 | dt: 1980.26ms | tok/sec: 264,757 | bf16_mfu: 0.00 | epoch: 1 pq: 14 rg: 73 | total time: 42.22m | eta: 42.2m
step 01266/02520 (50.24%) | loss: 3.036230 | lrm: 0.78 | dt: 1979.35ms | tok/sec: 264,878 | bf16_mfu: 0.00 | epoch: 1 pq: 14 rg: 74 | total time: 42.25m | eta: 42.2m
step 01267/02520 (50.28%) | loss: 3.034613 | lrm: 0.78 | dt: 1980.69ms | tok/sec: 264,699 | bf16_mfu: 0.00 | epoch: 1 pq: 14 rg: 75 | total time: 42.29m | eta: 42.2m
step 01268/02520 (50.32%) | loss: 3.036937 | lrm: 0.78 | dt: 1981.09ms | tok/sec: 264,645 | bf16_mfu: 0.00 | epoch: 1 pq: 14 rg: 76 | total time: 42.32m | eta: 42.1m
step 01269/02520 (50.36%) | loss: 3.037233 | lrm: 0.78 | dt: 1981.10ms | tok/sec: 264,645 | bf16_mfu: 0.00 | epoch: 1 pq: 14 rg: 77 | total time: 42.35m | eta: 42.1m
step 01270/02520 (50.40%) | loss: 3.037524 | lrm: 0.77 | dt: 1980.80ms | tok/sec: 264,685 | bf16_mfu: 0.00 | epoch: 1 pq: 14 rg: 78 | total time: 42.39m | eta: 42.0m
step 01271/02520 (50.44%) | loss: 3.032648 | lrm: 0.77 | dt: 1998.23ms | tok/sec: 262,376 | bf16_mfu: 0.00 | epoch: 1 pq: 14 rg: 79 | total time: 42.42m | eta: 42.0m
step 01272/02520 (50.48%) | loss: 3.031961 | lrm: 0.77 | dt: 1997.23ms | tok/sec: 262,507 | bf16_mfu: 0.00 | epoch: 1 pq: 14 rg: 80 | total time: 42.45m | eta: 42.0m
step 01273/02520 (50.52%) | loss: 3.044324 | lrm: 0.77 | dt: 1989.81ms | tok/sec: 263,486 | bf16_mfu: 0.00 | epoch: 1 pq: 14 rg: 81 | total time: 42.49m | eta: 41.9m
step 01274/02520 (50.56%) | loss: 3.048917 | lrm: 0.77 | dt: 1980.54ms | tok/sec: 264,720 | bf16_mfu: 0.00 | epoch: 1 pq: 14 rg: 82 | total time: 42.52m | eta: 41.9m
step 01275/02520 (50.60%) | loss: 3.055138 | lrm: 0.77 | dt: 2005.95ms | tok/sec: 261,366 | bf16_mfu: 0.00 | epoch: 1 pq: 15 rg: 0 | total time: 42.55m | eta: 41.9m
step 01276/02520 (50.63%) | loss: 3.060463 | lrm: 0.77 | dt: 1986.15ms | tok/sec: 263,971 | bf16_mfu: 0.00 | epoch: 1 pq: 15 rg: 1 | total time: 42.59m | eta: 41.8m
step 01277/02520 (50.67%) | loss: 3.049200 | lrm: 0.77 | dt: 1986.52ms | tok/sec: 263,922 | bf16_mfu: 0.00 | epoch: 1 pq: 15 rg: 2 | total time: 42.62m | eta: 41.8m
step 01278/02520 (50.71%) | loss: 3.037523 | lrm: 0.77 | dt: 1989.01ms | tok/sec: 263,592 | bf16_mfu: 0.00 | epoch: 1 pq: 15 rg: 3 | total time: 42.65m | eta: 41.8m
step 01279/02520 (50.75%) | loss: 3.028730 | lrm: 0.77 | dt: 1983.41ms | tok/sec: 264,336 | bf16_mfu: 0.00 | epoch: 1 pq: 15 rg: 4 | total time: 42.68m | eta: 41.7m
step 01280/02520 (50.79%) | loss: 3.023189 | lrm: 0.77 | dt: 1981.42ms | tok/sec: 264,601 | bf16_mfu: 0.00 | epoch: 1 pq: 15 rg: 5 | total time: 42.72m | eta: 41.7m
step 01281/02520 (50.83%) | loss: 3.022284 | lrm: 0.77 | dt: 1981.92ms | tok/sec: 264,534 | bf16_mfu: 0.00 | epoch: 1 pq: 15 rg: 5 | total time: 42.75m | eta: 41.7m
step 01282/02520 (50.87%) | loss: 3.025585 | lrm: 0.77 | dt: 1981.54ms | tok/sec: 264,585 | bf16_mfu: 0.00 | epoch: 1 pq: 15 rg: 6 | total time: 42.78m | eta: 41.6m
step 01283/02520 (50.91%) | loss: 3.016216 | lrm: 0.77 | dt: 1982.38ms | tok/sec: 264,473 | bf16_mfu: 0.00 | epoch: 1 pq: 15 rg: 7 | total time: 42.82m | eta: 41.6m
step 01284/02520 (50.95%) | loss: 3.019650 | lrm: 0.77 | dt: 1994.06ms | tok/sec: 262,924 | bf16_mfu: 0.00 | epoch: 1 pq: 15 rg: 8 | total time: 42.85m | eta: 41.6m
step 01285/02520 (50.99%) | loss: 3.030948 | lrm: 0.77 | dt: 2031.85ms | tok/sec: 258,034 | bf16_mfu: 0.00 | epoch: 1 pq: 15 rg: 9 | total time: 42.88m | eta: 41.5m
step 01286/02520 (51.03%) | loss: 3.038184 | lrm: 0.77 | dt: 2007.90ms | tok/sec: 261,112 | bf16_mfu: 0.00 | epoch: 1 pq: 15 rg: 10 | total time: 42.92m | eta: 41.5m
step 01287/02520 (51.07%) | loss: 3.025070 | lrm: 0.77 | dt: 2053.68ms | tok/sec: 255,291 | bf16_mfu: 0.00 | epoch: 1 pq: 15 rg: 11 | total time: 42.95m | eta: 41.5m
step 01288/02520 (51.11%) | loss: 3.018766 | lrm: 0.76 | dt: 2010.44ms | tok/sec: 260,782 | bf16_mfu: 0.00 | epoch: 1 pq: 15 rg: 12 | total time: 42.98m | eta: 41.4m
step 01289/02520 (51.15%) | loss: 3.026346 | lrm: 0.76 | dt: 2005.23ms | tok/sec: 261,460 | bf16_mfu: 0.00 | epoch: 1 pq: 15 rg: 13 | total time: 43.02m | eta: 41.4m
step 01290/02520 (51.19%) | loss: 3.027184 | lrm: 0.76 | dt: 1995.11ms | tok/sec: 262,786 | bf16_mfu: 0.00 | epoch: 1 pq: 15 rg: 14 | total time: 43.05m | eta: 41.4m
step 01291/02520 (51.23%) | loss: 3.033394 | lrm: 0.76 | dt: 2036.76ms | tok/sec: 257,412 | bf16_mfu: 0.00 | epoch: 1 pq: 15 rg: 15 | total time: 43.09m | eta: 41.3m
step 01292/02520 (51.27%) | loss: 3.033020 | lrm: 0.76 | dt: 2049.83ms | tok/sec: 255,771 | bf16_mfu: 0.00 | epoch: 1 pq: 15 rg: 16 | total time: 43.12m | eta: 41.3m
step 01293/02520 (51.31%) | loss: 3.034070 | lrm: 0.76 | dt: 2089.59ms | tok/sec: 250,904 | bf16_mfu: 0.00 | epoch: 1 pq: 15 rg: 17 | total time: 43.15m | eta: 41.3m
step 01294/02520 (51.35%) | loss: 3.030440 | lrm: 0.76 | dt: 1997.56ms | tok/sec: 262,464 | bf16_mfu: 0.00 | epoch: 1 pq: 15 rg: 18 | total time: 43.19m | eta: 41.2m
step 01295/02520 (51.39%) | loss: 3.024224 | lrm: 0.76 | dt: 1999.67ms | tok/sec: 262,187 | bf16_mfu: 0.00 | epoch: 1 pq: 15 rg: 19 | total time: 43.22m | eta: 41.2m
step 01296/02520 (51.43%) | loss: 3.033210 | lrm: 0.76 | dt: 2057.62ms | tok/sec: 254,802 | bf16_mfu: 0.00 | epoch: 1 pq: 15 rg: 20 | total time: 43.26m | eta: 41.2m
step 01297/02520 (51.47%) | loss: 3.035354 | lrm: 0.76 | dt: 2080.68ms | tok/sec: 251,979 | bf16_mfu: 0.00 | epoch: 1 pq: 15 rg: 21 | total time: 43.29m | eta: 41.1m
step 01298/02520 (51.51%) | loss: 3.035233 | lrm: 0.76 | dt: 2019.74ms | tok/sec: 259,582 | bf16_mfu: 0.00 | epoch: 1 pq: 15 rg: 22 | total time: 43.32m | eta: 41.1m
step 01299/02520 (51.55%) | loss: 3.040317 | lrm: 0.76 | dt: 2023.61ms | tok/sec: 259,085 | bf16_mfu: 0.00 | epoch: 1 pq: 15 rg: 23 | total time: 43.36m | eta: 41.1m
step 01300/02520 (51.59%) | loss: 3.040969 | lrm: 0.76 | dt: 2017.72ms | tok/sec: 259,841 | bf16_mfu: 0.00 | epoch: 1 pq: 15 rg: 24 | total time: 43.39m | eta: 41.0m
step 01301/02520 (51.63%) | loss: 3.035995 | lrm: 0.76 | dt: 2000.23ms | tok/sec: 262,113 | bf16_mfu: 0.00 | epoch: 1 pq: 15 rg: 25 | total time: 43.42m | eta: 41.0m
step 01302/02520 (51.67%) | loss: 3.036094 | lrm: 0.76 | dt: 2025.16ms | tok/sec: 258,887 | bf16_mfu: 0.00 | epoch: 1 pq: 15 rg: 26 | total time: 43.46m | eta: 41.0m
step 01303/02520 (51.71%) | loss: 3.032663 | lrm: 0.76 | dt: 2011.84ms | tok/sec: 260,601 | bf16_mfu: 0.00 | epoch: 1 pq: 15 rg: 27 | total time: 43.49m | eta: 40.9m
step 01304/02520 (51.75%) | loss: 3.024037 | lrm: 0.76 | dt: 1983.55ms | tok/sec: 264,318 | bf16_mfu: 0.00 | epoch: 1 pq: 15 rg: 28 | total time: 43.52m | eta: 40.9m
step 01305/02520 (51.79%) | loss: 3.030255 | lrm: 0.75 | dt: 1986.28ms | tok/sec: 263,954 | bf16_mfu: 0.00 | epoch: 1 pq: 15 rg: 29 | total time: 43.56m | eta: 40.9m
step 01306/02520 (51.83%) | loss: 3.038980 | lrm: 0.75 | dt: 1986.34ms | tok/sec: 263,946 | bf16_mfu: 0.00 | epoch: 1 pq: 15 rg: 30 | total time: 43.59m | eta: 40.8m
step 01307/02520 (51.87%) | loss: 3.038405 | lrm: 0.75 | dt: 1984.21ms | tok/sec: 264,229 | bf16_mfu: 0.00 | epoch: 1 pq: 15 rg: 31 | total time: 43.62m | eta: 40.8m
step 01308/02520 (51.90%) | loss: 3.034551 | lrm: 0.75 | dt: 1984.95ms | tok/sec: 264,131 | bf16_mfu: 0.00 | epoch: 1 pq: 15 rg: 32 | total time: 43.66m | eta: 40.8m
step 01309/02520 (51.94%) | loss: 3.035247 | lrm: 0.75 | dt: 1984.66ms | tok/sec: 264,170 | bf16_mfu: 0.00 | epoch: 1 pq: 15 rg: 33 | total time: 43.69m | eta: 40.7m
step 01310/02520 (51.98%) | loss: 3.038812 | lrm: 0.75 | dt: 1984.41ms | tok/sec: 264,204 | bf16_mfu: 0.00 | epoch: 1 pq: 15 rg: 34 | total time: 43.72m | eta: 40.7m
step 01311/02520 (52.02%) | loss: 3.036074 | lrm: 0.75 | dt: 1986.34ms | tok/sec: 263,946 | bf16_mfu: 0.00 | epoch: 1 pq: 15 rg: 35 | total time: 43.76m | eta: 40.7m
step 01312/02520 (52.06%) | loss: 3.023959 | lrm: 0.75 | dt: 1986.92ms | tok/sec: 263,869 | bf16_mfu: 0.00 | epoch: 1 pq: 15 rg: 36 | total time: 43.79m | eta: 40.6m
step 01313/02520 (52.10%) | loss: 3.036258 | lrm: 0.75 | dt: 1986.68ms | tok/sec: 263,901 | bf16_mfu: 0.00 | epoch: 1 pq: 15 rg: 37 | total time: 43.82m | eta: 40.6m
step 01314/02520 (52.14%) | loss: 3.041603 | lrm: 0.75 | dt: 1989.02ms | tok/sec: 263,590 | bf16_mfu: 0.00 | epoch: 1 pq: 15 rg: 38 | total time: 43.86m | eta: 40.6m
step 01315/02520 (52.18%) | loss: 3.047492 | lrm: 0.75 | dt: 1989.18ms | tok/sec: 263,569 | bf16_mfu: 0.00 | epoch: 1 pq: 15 rg: 38 | total time: 43.89m | eta: 40.5m
step 01316/02520 (52.22%) | loss: 3.043372 | lrm: 0.75 | dt: 1986.80ms | tok/sec: 263,886 | bf16_mfu: 0.00 | epoch: 1 pq: 15 rg: 39 | total time: 43.92m | eta: 40.5m
step 01317/02520 (52.26%) | loss: 3.043880 | lrm: 0.75 | dt: 1986.51ms | tok/sec: 263,924 | bf16_mfu: 0.00 | epoch: 1 pq: 15 rg: 40 | total time: 43.96m | eta: 40.5m
step 01318/02520 (52.30%) | loss: 3.047237 | lrm: 0.75 | dt: 1986.99ms | tok/sec: 263,860 | bf16_mfu: 0.00 | epoch: 1 pq: 15 rg: 41 | total time: 43.99m | eta: 40.4m
step 01319/02520 (52.34%) | loss: 3.053492 | lrm: 0.75 | dt: 1986.81ms | tok/sec: 263,884 | bf16_mfu: 0.00 | epoch: 1 pq: 15 rg: 42 | total time: 44.02m | eta: 40.4m
step 01320/02520 (52.38%) | loss: 3.053160 | lrm: 0.75 | dt: 1986.00ms | tok/sec: 263,992 | bf16_mfu: 0.00 | epoch: 1 pq: 15 rg: 43 | total time: 44.05m | eta: 40.4m
step 01321/02520 (52.42%) | loss: 3.047835 | lrm: 0.75 | dt: 1986.54ms | tok/sec: 263,920 | bf16_mfu: 0.00 | epoch: 1 pq: 15 rg: 44 | total time: 44.09m | eta: 40.3m
step 01322/02520 (52.46%) | loss: 3.049352 | lrm: 0.74 | dt: 1987.98ms | tok/sec: 263,729 | bf16_mfu: 0.00 | epoch: 1 pq: 15 rg: 45 | total time: 44.12m | eta: 40.3m
step 01323/02520 (52.50%) | loss: 3.042116 | lrm: 0.74 | dt: 1985.81ms | tok/sec: 264,016 | bf16_mfu: 0.00 | epoch: 1 pq: 15 rg: 46 | total time: 44.15m | eta: 40.3m
step 01324/02520 (52.54%) | loss: 3.039319 | lrm: 0.74 | dt: 1986.73ms | tok/sec: 263,895 | bf16_mfu: 0.00 | epoch: 1 pq: 15 rg: 47 | total time: 44.19m | eta: 40.2m
step 01325/02520 (52.58%) | loss: 3.039492 | lrm: 0.74 | dt: 1987.11ms | tok/sec: 263,844 | bf16_mfu: 0.00 | epoch: 1 pq: 15 rg: 48 | total time: 44.22m | eta: 40.2m
step 01326/02520 (52.62%) | loss: 3.038557 | lrm: 0.74 | dt: 1987.61ms | tok/sec: 263,778 | bf16_mfu: 0.00 | epoch: 1 pq: 15 rg: 49 | total time: 44.25m | eta: 40.2m
step 01327/02520 (52.66%) | loss: 3.025647 | lrm: 0.74 | dt: 1986.62ms | tok/sec: 263,909 | bf16_mfu: 0.00 | epoch: 1 pq: 15 rg: 50 | total time: 44.29m | eta: 40.1m
step 01328/02520 (52.70%) | loss: 3.037918 | lrm: 0.74 | dt: 1989.30ms | tok/sec: 263,554 | bf16_mfu: 0.00 | epoch: 1 pq: 15 rg: 51 | total time: 44.32m | eta: 40.1m
step 01329/02520 (52.74%) | loss: 3.039241 | lrm: 0.74 | dt: 1988.47ms | tok/sec: 263,664 | bf16_mfu: 0.00 | epoch: 1 pq: 15 rg: 52 | total time: 44.35m | eta: 40.0m
step 01330/02520 (52.78%) | loss: 3.038959 | lrm: 0.74 | dt: 1987.69ms | tok/sec: 263,766 | bf16_mfu: 0.00 | epoch: 1 pq: 15 rg: 53 | total time: 44.39m | eta: 40.0m
step 01331/02520 (52.82%) | loss: 3.046749 | lrm: 0.74 | dt: 1990.31ms | tok/sec: 263,420 | bf16_mfu: 0.00 | epoch: 1 pq: 15 rg: 54 | total time: 44.42m | eta: 40.0m
step 01332/02520 (52.86%) | loss: 3.044396 | lrm: 0.74 | dt: 1987.90ms | tok/sec: 263,739 | bf16_mfu: 0.00 | epoch: 1 pq: 15 rg: 55 | total time: 44.45m | eta: 39.9m
step 01333/02520 (52.90%) | loss: 3.045254 | lrm: 0.74 | dt: 1986.35ms | tok/sec: 263,945 | bf16_mfu: 0.00 | epoch: 1 pq: 15 rg: 56 | total time: 44.49m | eta: 39.9m
step 01334/02520 (52.94%) | loss: 3.042578 | lrm: 0.74 | dt: 1988.15ms | tok/sec: 263,706 | bf16_mfu: 0.00 | epoch: 1 pq: 15 rg: 57 | total time: 44.52m | eta: 39.9m
step 01335/02520 (52.98%) | loss: 3.042594 | lrm: 0.74 | dt: 1987.45ms | tok/sec: 263,799 | bf16_mfu: 0.00 | epoch: 1 pq: 15 rg: 58 | total time: 44.55m | eta: 39.8m
step 01336/02520 (53.02%) | loss: 3.047603 | lrm: 0.74 | dt: 1989.03ms | tok/sec: 263,589 | bf16_mfu: 0.00 | epoch: 1 pq: 15 rg: 59 | total time: 44.58m | eta: 39.8m
step 01337/02520 (53.06%) | loss: 3.048979 | lrm: 0.74 | dt: 1988.37ms | tok/sec: 263,677 | bf16_mfu: 0.00 | epoch: 1 pq: 15 rg: 60 | total time: 44.62m | eta: 39.8m
step 01338/02520 (53.10%) | loss: 3.047516 | lrm: 0.74 | dt: 1988.92ms | tok/sec: 263,604 | bf16_mfu: 0.00 | epoch: 1 pq: 15 rg: 61 | total time: 44.65m | eta: 39.7m
step 01339/02520 (53.13%) | loss: 3.041157 | lrm: 0.73 | dt: 1987.88ms | tok/sec: 263,742 | bf16_mfu: 0.00 | epoch: 1 pq: 15 rg: 62 | total time: 44.68m | eta: 39.7m
step 01340/02520 (53.17%) | loss: 3.029944 | lrm: 0.73 | dt: 1990.13ms | tok/sec: 263,444 | bf16_mfu: 0.00 | epoch: 1 pq: 15 rg: 63 | total time: 44.72m | eta: 39.7m
step 01341/02520 (53.21%) | loss: 3.023618 | lrm: 0.73 | dt: 1990.19ms | tok/sec: 263,436 | bf16_mfu: 0.00 | epoch: 1 pq: 15 rg: 64 | total time: 44.75m | eta: 39.6m
step 01342/02520 (53.25%) | loss: 3.031708 | lrm: 0.73 | dt: 1990.85ms | tok/sec: 263,349 | bf16_mfu: 0.00 | epoch: 1 pq: 15 rg: 65 | total time: 44.78m | eta: 39.6m
step 01343/02520 (53.29%) | loss: 3.034969 | lrm: 0.73 | dt: 1990.97ms | tok/sec: 263,332 | bf16_mfu: 0.00 | epoch: 1 pq: 15 rg: 66 | total time: 44.82m | eta: 39.6m
step 01344/02520 (53.33%) | loss: 3.032225 | lrm: 0.73 | dt: 1987.90ms | tok/sec: 263,739 | bf16_mfu: 0.00 | epoch: 1 pq: 15 rg: 67 | total time: 44.85m | eta: 39.5m
step 01345/02520 (53.37%) | loss: 3.041191 | lrm: 0.73 | dt: 1988.91ms | tok/sec: 263,605 | bf16_mfu: 0.00 | epoch: 1 pq: 15 rg: 68 | total time: 44.88m | eta: 39.5m
step 01346/02520 (53.41%) | loss: 3.032978 | lrm: 0.73 | dt: 1988.38ms | tok/sec: 263,676 | bf16_mfu: 0.00 | epoch: 1 pq: 15 rg: 69 | total time: 44.92m | eta: 39.5m
step 01347/02520 (53.45%) | loss: 3.033292 | lrm: 0.73 | dt: 1987.80ms | tok/sec: 263,753 | bf16_mfu: 0.00 | epoch: 1 pq: 15 rg: 70 | total time: 44.95m | eta: 39.4m
step 01348/02520 (53.49%) | loss: 3.029392 | lrm: 0.73 | dt: 1985.25ms | tok/sec: 264,091 | bf16_mfu: 0.00 | epoch: 1 pq: 15 rg: 71 | total time: 44.98m | eta: 39.4m
step 01349/02520 (53.53%) | loss: 3.026021 | lrm: 0.73 | dt: 1987.94ms | tok/sec: 263,734 | bf16_mfu: 0.00 | epoch: 1 pq: 15 rg: 72 | total time: 45.02m | eta: 39.4m
step 01350/02520 (53.57%) | loss: 3.025733 | lrm: 0.73 | dt: 1987.38ms | tok/sec: 263,808 | bf16_mfu: 0.00 | epoch: 1 pq: 15 rg: 73 | total time: 45.05m | eta: 39.3m
step 01351/02520 (53.61%) | loss: 3.022009 | lrm: 0.73 | dt: 2012.58ms | tok/sec: 260,506 | bf16_mfu: 0.00 | epoch: 1 pq: 15 rg: 74 | total time: 45.08m | eta: 39.3m
step 01352/02520 (53.65%) | loss: 3.024042 | lrm: 0.73 | dt: 2001.56ms | tok/sec: 261,939 | bf16_mfu: 0.00 | epoch: 1 pq: 15 rg: 74 | total time: 45.12m | eta: 39.3m
step 01353/02520 (53.69%) | loss: 3.013481 | lrm: 0.73 | dt: 2020.18ms | tok/sec: 259,524 | bf16_mfu: 0.00 | epoch: 1 pq: 15 rg: 75 | total time: 45.15m | eta: 39.2m
step 01354/02520 (53.73%) | loss: 3.022052 | lrm: 0.73 | dt: 2043.61ms | tok/sec: 256,549 | bf16_mfu: 0.00 | epoch: 1 pq: 15 rg: 76 | total time: 45.18m | eta: 39.2m
step 01355/02520 (53.77%) | loss: 3.027754 | lrm: 0.73 | dt: 2024.30ms | tok/sec: 258,997 | bf16_mfu: 0.00 | epoch: 1 pq: 15 rg: 77 | total time: 45.22m | eta: 39.2m
step 01356/02520 (53.81%) | loss: 3.029249 | lrm: 0.73 | dt: 2035.50ms | tok/sec: 257,572 | bf16_mfu: 0.00 | epoch: 1 pq: 15 rg: 78 | total time: 45.25m | eta: 39.1m
step 01357/02520 (53.85%) | loss: 3.025929 | lrm: 0.72 | dt: 2021.22ms | tok/sec: 259,391 | bf16_mfu: 0.00 | epoch: 1 pq: 15 rg: 79 | total time: 45.28m | eta: 39.1m
step 01358/02520 (53.89%) | loss: 3.038732 | lrm: 0.72 | dt: 1999.01ms | tok/sec: 262,273 | bf16_mfu: 0.00 | epoch: 1 pq: 15 rg: 80 | total time: 45.32m | eta: 39.1m
step 01359/02520 (53.93%) | loss: 3.047689 | lrm: 0.72 | dt: 2033.40ms | tok/sec: 257,838 | bf16_mfu: 0.00 | epoch: 1 pq: 15 rg: 81 | total time: 45.35m | eta: 39.0m
step 01360/02520 (53.97%) | loss: 3.039116 | lrm: 0.72 | dt: 1996.17ms | tok/sec: 262,646 | bf16_mfu: 0.00 | epoch: 1 pq: 15 rg: 82 | total time: 45.38m | eta: 39.0m
step 01361/02520 (54.01%) | loss: 3.028827 | lrm: 0.72 | dt: 2007.50ms | tok/sec: 261,165 | bf16_mfu: 0.00 | epoch: 1 pq: 16 rg: 0 | total time: 45.42m | eta: 39.0m
step 01362/02520 (54.05%) | loss: 3.023689 | lrm: 0.72 | dt: 2063.08ms | tok/sec: 254,128 | bf16_mfu: 0.00 | epoch: 1 pq: 16 rg: 1 | total time: 45.45m | eta: 38.9m
step 01363/02520 (54.09%) | loss: 3.018297 | lrm: 0.72 | dt: 2032.61ms | tok/sec: 257,937 | bf16_mfu: 0.00 | epoch: 1 pq: 16 rg: 2 | total time: 45.49m | eta: 38.9m
step 01364/02520 (54.13%) | loss: 3.018882 | lrm: 0.72 | dt: 2090.70ms | tok/sec: 250,771 | bf16_mfu: 0.00 | epoch: 1 pq: 16 rg: 3 | total time: 45.52m | eta: 38.9m
step 01365/02520 (54.17%) | loss: 3.017552 | lrm: 0.72 | dt: 2037.64ms | tok/sec: 257,301 | bf16_mfu: 0.00 | epoch: 1 pq: 16 rg: 4 | total time: 45.56m | eta: 38.8m
step 01366/02520 (54.21%) | loss: 3.017166 | lrm: 0.72 | dt: 2059.72ms | tok/sec: 254,543 | bf16_mfu: 0.00 | epoch: 1 pq: 16 rg: 5 | total time: 45.59m | eta: 38.8m
step 01367/02520 (54.25%) | loss: 3.029572 | lrm: 0.72 | dt: 2044.95ms | tok/sec: 256,382 | bf16_mfu: 0.00 | epoch: 1 pq: 16 rg: 6 | total time: 45.62m | eta: 38.8m
step 01368/02520 (54.29%) | loss: 3.031292 | lrm: 0.72 | dt: 2044.25ms | tok/sec: 256,469 | bf16_mfu: 0.00 | epoch: 1 pq: 16 rg: 7 | total time: 45.66m | eta: 38.7m
step 01369/02520 (54.33%) | loss: 3.036655 | lrm: 0.72 | dt: 2032.84ms | tok/sec: 257,908 | bf16_mfu: 0.00 | epoch: 1 pq: 16 rg: 8 | total time: 45.69m | eta: 38.7m
step 01370/02520 (54.37%) | loss: 3.035787 | lrm: 0.72 | dt: 2002.05ms | tok/sec: 261,875 | bf16_mfu: 0.00 | epoch: 1 pq: 16 rg: 9 | total time: 45.73m | eta: 38.7m
step 01371/02520 (54.40%) | loss: 3.034514 | lrm: 0.72 | dt: 2011.27ms | tok/sec: 260,674 | bf16_mfu: 0.00 | epoch: 1 pq: 16 rg: 10 | total time: 45.76m | eta: 38.6m
step 01372/02520 (54.44%) | loss: 3.024510 | lrm: 0.72 | dt: 2012.12ms | tok/sec: 260,564 | bf16_mfu: 0.00 | epoch: 1 pq: 16 rg: 11 | total time: 45.79m | eta: 38.6m
step 01373/02520 (54.48%) | loss: 3.018417 | lrm: 0.72 | dt: 1997.93ms | tok/sec: 262,415 | bf16_mfu: 0.00 | epoch: 1 pq: 16 rg: 12 | total time: 45.83m | eta: 38.6m
step 01374/02520 (54.52%) | loss: 3.015320 | lrm: 0.71 | dt: 2049.92ms | tok/sec: 255,759 | bf16_mfu: 0.00 | epoch: 1 pq: 16 rg: 13 | total time: 45.86m | eta: 38.5m
step 01375/02520 (54.56%) | loss: 3.024039 | lrm: 0.71 | dt: 2038.08ms | tok/sec: 257,246 | bf16_mfu: 0.00 | epoch: 1 pq: 16 rg: 14 | total time: 45.89m | eta: 38.5m
step 01376/02520 (54.60%) | loss: 3.026047 | lrm: 0.71 | dt: 2024.79ms | tok/sec: 258,934 | bf16_mfu: 0.00 | epoch: 1 pq: 16 rg: 15 | total time: 45.93m | eta: 38.5m
step 01377/02520 (54.64%) | loss: 3.029839 | lrm: 0.71 | dt: 1997.85ms | tok/sec: 262,426 | bf16_mfu: 0.00 | epoch: 1 pq: 16 rg: 16 | total time: 45.96m | eta: 38.4m
step 01378/02520 (54.68%) | loss: 3.025883 | lrm: 0.71 | dt: 1987.86ms | tok/sec: 263,744 | bf16_mfu: 0.00 | epoch: 1 pq: 16 rg: 17 | total time: 45.99m | eta: 38.4m
step 01379/02520 (54.72%) | loss: 3.027124 | lrm: 0.71 | dt: 1988.65ms | tok/sec: 263,639 | bf16_mfu: 0.00 | epoch: 1 pq: 16 rg: 18 | total time: 46.03m | eta: 38.4m
step 01380/02520 (54.76%) | loss: 3.035551 | lrm: 0.71 | dt: 1985.59ms | tok/sec: 264,046 | bf16_mfu: 0.00 | epoch: 1 pq: 16 rg: 19 | total time: 46.06m | eta: 38.3m
step 01381/02520 (54.80%) | loss: 3.032874 | lrm: 0.71 | dt: 1985.31ms | tok/sec: 264,084 | bf16_mfu: 0.00 | epoch: 1 pq: 16 rg: 20 | total time: 46.09m | eta: 38.3m
step 01382/02520 (54.84%) | loss: 3.020461 | lrm: 0.71 | dt: 1985.90ms | tok/sec: 264,005 | bf16_mfu: 0.00 | epoch: 1 pq: 16 rg: 21 | total time: 46.13m | eta: 38.3m
step 01383/02520 (54.88%) | loss: 3.026755 | lrm: 0.71 | dt: 1986.28ms | tok/sec: 263,954 | bf16_mfu: 0.00 | epoch: 1 pq: 16 rg: 22 | total time: 46.16m | eta: 38.2m
step 01384/02520 (54.92%) | loss: 3.022448 | lrm: 0.71 | dt: 1986.13ms | tok/sec: 263,974 | bf16_mfu: 0.00 | epoch: 1 pq: 16 rg: 23 | total time: 46.19m | eta: 38.2m
step 01385/02520 (54.96%) | loss: 3.022469 | lrm: 0.71 | dt: 1987.47ms | tok/sec: 263,796 | bf16_mfu: 0.00 | epoch: 1 pq: 16 rg: 24 | total time: 46.23m | eta: 38.2m
2026-09-27 17:23:13,882 - nanochat.checkpoint_manager - [32m[1mINFO[0m - Saved model parameters to: /home/neo/.cache/nanochat/base_checkpoints/looped_L8_lr1_lr1_h1.0_s0/model_001386.pt
2026-09-27 17:23:14,322 - nanochat.checkpoint_manager - [32m[1mINFO[0m - Saved optimizer state to: /home/neo/.cache/nanochat/base_checkpoints/looped_L8_lr1_lr1_h1.0_s0/optim_001386_rank0.pt
2026-09-27 17:23:14,323 - nanochat.checkpoint_manager - [32m[1mINFO[0m - Saved metadata to: /home/neo/.cache/nanochat/base_checkpoints/looped_L8_lr1_lr1_h1.0_s0/meta_001386.json
step 01386/02520 (55.00%) | loss: 3.023989 | lrm: 0.71 | dt: 1968.84ms | tok/sec: 266,292 | bf16_mfu: 0.00 | epoch: 1 pq: 16 rg: 25 | total time: 46.26m | eta: 38.1m
step 01387/02520 (55.04%) | loss: 3.041928 | lrm: 0.71 | dt: 1984.28ms | tok/sec: 264,220 | bf16_mfu: 0.00 | epoch: 1 pq: 16 rg: 26 | total time: 46.29m | eta: 38.1m
step 01388/02520 (55.08%) | loss: 3.043528 | lrm: 0.71 | dt: 1983.09ms | tok/sec: 264,379 | bf16_mfu: 0.00 | epoch: 1 pq: 16 rg: 27 | total time: 46.32m | eta: 38.1m
step 01389/02520 (55.12%) | loss: 3.045281 | lrm: 0.71 | dt: 1984.89ms | tok/sec: 264,139 | bf16_mfu: 0.00 | epoch: 1 pq: 16 rg: 28 | total time: 46.36m | eta: 38.0m
step 01390/02520 (55.16%) | loss: 3.040398 | lrm: 0.71 | dt: 1985.86ms | tok/sec: 264,010 | bf16_mfu: 0.00 | epoch: 1 pq: 16 rg: 29 | total time: 46.39m | eta: 38.0m
step 01391/02520 (55.20%) | loss: 3.044375 | lrm: 0.70 | dt: 1985.46ms | tok/sec: 264,064 | bf16_mfu: 0.00 | epoch: 1 pq: 16 rg: 30 | total time: 46.42m | eta: 38.0m
step 01392/02520 (55.24%) | loss: 3.042738 | lrm: 0.70 | dt: 1985.09ms | tok/sec: 264,112 | bf16_mfu: 0.00 | epoch: 1 pq: 16 rg: 30 | total time: 46.46m | eta: 37.9m
step 01393/02520 (55.28%) | loss: 3.042928 | lrm: 0.70 | dt: 1985.79ms | tok/sec: 264,019 | bf16_mfu: 0.00 | epoch: 1 pq: 16 rg: 31 | total time: 46.49m | eta: 37.9m
step 01394/02520 (55.32%) | loss: 3.042203 | lrm: 0.70 | dt: 1988.70ms | tok/sec: 263,633 | bf16_mfu: 0.00 | epoch: 1 pq: 16 rg: 32 | total time: 46.52m | eta: 37.9m
step 01395/02520 (55.36%) | loss: 3.027912 | lrm: 0.70 | dt: 1984.88ms | tok/sec: 264,140 | bf16_mfu: 0.00 | epoch: 1 pq: 16 rg: 33 | total time: 46.56m | eta: 37.8m
step 01396/02520 (55.40%) | loss: 3.019753 | lrm: 0.70 | dt: 1985.18ms | tok/sec: 264,100 | bf16_mfu: 0.00 | epoch: 1 pq: 16 rg: 34 | total time: 46.59m | eta: 37.8m
step 01397/02520 (55.44%) | loss: 3.012469 | lrm: 0.70 | dt: 1985.30ms | tok/sec: 264,085 | bf16_mfu: 0.00 | epoch: 1 pq: 16 rg: 35 | total time: 46.62m | eta: 37.7m
step 01398/02520 (55.48%) | loss: 3.013076 | lrm: 0.70 | dt: 1986.13ms | tok/sec: 263,975 | bf16_mfu: 0.00 | epoch: 1 pq: 16 rg: 36 | total time: 46.66m | eta: 37.7m
step 01399/02520 (55.52%) | loss: 3.007449 | lrm: 0.70 | dt: 1987.90ms | tok/sec: 263,740 | bf16_mfu: 0.00 | epoch: 1 pq: 16 rg: 37 | total time: 46.69m | eta: 37.7m
step 01400/02520 (55.56%) | loss: 3.000293 | lrm: 0.70 | dt: 1985.71ms | tok/sec: 264,029 | bf16_mfu: 0.00 | epoch: 1 pq: 16 rg: 38 | total time: 46.72m | eta: 37.6m
step 01401/02520 (55.60%) | loss: 3.003048 | lrm: 0.70 | dt: 1984.75ms | tok/sec: 264,157 | bf16_mfu: 0.00 | epoch: 1 pq: 16 rg: 39 | total time: 46.75m | eta: 37.6m
step 01402/02520 (55.63%) | loss: 3.006226 | lrm: 0.70 | dt: 1986.35ms | tok/sec: 263,945 | bf16_mfu: 0.00 | epoch: 1 pq: 16 rg: 40 | total time: 46.79m | eta: 37.6m
step 01403/02520 (55.67%) | loss: 3.004917 | lrm: 0.70 | dt: 1985.63ms | tok/sec: 264,040 | bf16_mfu: 0.00 | epoch: 1 pq: 16 rg: 41 | total time: 46.82m | eta: 37.5m
step 01404/02520 (55.71%) | loss: 2.994895 | lrm: 0.70 | dt: 1986.01ms | tok/sec: 263,990 | bf16_mfu: 0.00 | epoch: 1 pq: 16 rg: 42 | total time: 46.85m | eta: 37.5m
step 01405/02520 (55.75%) | loss: 2.996066 | lrm: 0.70 | dt: 1985.66ms | tok/sec: 264,037 | bf16_mfu: 0.00 | epoch: 1 pq: 16 rg: 43 | total time: 46.89m | eta: 37.5m
step 01406/02520 (55.79%) | loss: 3.012432 | lrm: 0.70 | dt: 1985.67ms | tok/sec: 264,036 | bf16_mfu: 0.00 | epoch: 1 pq: 16 rg: 44 | total time: 46.92m | eta: 37.4m
step 01407/02520 (55.83%) | loss: 3.007929 | lrm: 0.70 | dt: 1985.01ms | tok/sec: 264,124 | bf16_mfu: 0.00 | epoch: 1 pq: 16 rg: 45 | total time: 46.95m | eta: 37.4m
step 01408/02520 (55.87%) | loss: 3.021428 | lrm: 0.69 | dt: 1985.36ms | tok/sec: 264,077 | bf16_mfu: 0.00 | epoch: 1 pq: 16 rg: 46 | total time: 46.99m | eta: 37.4m
step 01409/02520 (55.91%) | loss: 3.028720 | lrm: 0.69 | dt: 1984.57ms | tok/sec: 264,181 | bf16_mfu: 0.00 | epoch: 1 pq: 16 rg: 47 | total time: 47.02m | eta: 37.3m
step 01410/02520 (55.95%) | loss: 3.024069 | lrm: 0.69 | dt: 1983.78ms | tok/sec: 264,287 | bf16_mfu: 0.00 | epoch: 1 pq: 16 rg: 48 | total time: 47.05m | eta: 37.3m
step 01411/02520 (55.99%) | loss: 3.023056 | lrm: 0.69 | dt: 1986.29ms | tok/sec: 263,952 | bf16_mfu: 0.00 | epoch: 1 pq: 16 rg: 49 | total time: 47.09m | eta: 37.3m
step 01412/02520 (56.03%) | loss: 3.033143 | lrm: 0.69 | dt: 1985.09ms | tok/sec: 264,112 | bf16_mfu: 0.00 | epoch: 1 pq: 16 rg: 50 | total time: 47.12m | eta: 37.2m
step 01413/02520 (56.07%) | loss: 3.024735 | lrm: 0.69 | dt: 1985.93ms | tok/sec: 264,000 | bf16_mfu: 0.00 | epoch: 1 pq: 16 rg: 51 | total time: 47.15m | eta: 37.2m
step 01414/02520 (56.11%) | loss: 3.010674 | lrm: 0.69 | dt: 1984.48ms | tok/sec: 264,194 | bf16_mfu: 0.00 | epoch: 1 pq: 16 rg: 52 | total time: 47.18m | eta: 37.2m
step 01415/02520 (56.15%) | loss: 3.011223 | lrm: 0.69 | dt: 1986.11ms | tok/sec: 263,977 | bf16_mfu: 0.00 | epoch: 1 pq: 16 rg: 53 | total time: 47.22m | eta: 37.1m
step 01416/02520 (56.19%) | loss: 3.000127 | lrm: 0.69 | dt: 1985.77ms | tok/sec: 264,022 | bf16_mfu: 0.00 | epoch: 1 pq: 16 rg: 54 | total time: 47.25m | eta: 37.1m
step 01417/02520 (56.23%) | loss: 3.015200 | lrm: 0.69 | dt: 1985.16ms | tok/sec: 264,103 | bf16_mfu: 0.00 | epoch: 1 pq: 16 rg: 55 | total time: 47.28m | eta: 37.1m
step 01418/02520 (56.27%) | loss: 3.027138 | lrm: 0.69 | dt: 1986.81ms | tok/sec: 263,884 | bf16_mfu: 0.00 | epoch: 1 pq: 16 rg: 56 | total time: 47.32m | eta: 37.0m
step 01419/02520 (56.31%) | loss: 3.025441 | lrm: 0.69 | dt: 1985.58ms | tok/sec: 264,048 | bf16_mfu: 0.00 | epoch: 1 pq: 16 rg: 56 | total time: 47.35m | eta: 37.0m
step 01420/02520 (56.35%) | loss: 3.020794 | lrm: 0.69 | dt: 1983.75ms | tok/sec: 264,291 | bf16_mfu: 0.00 | epoch: 1 pq: 16 rg: 57 | total time: 47.38m | eta: 37.0m
step 01421/02520 (56.39%) | loss: 3.028151 | lrm: 0.69 | dt: 1984.68ms | tok/sec: 264,167 | bf16_mfu: 0.00 | epoch: 1 pq: 16 rg: 58 | total time: 47.42m | eta: 36.9m
step 01422/02520 (56.43%) | loss: 3.029986 | lrm: 0.69 | dt: 1986.06ms | tok/sec: 263,983 | bf16_mfu: 0.00 | epoch: 1 pq: 16 rg: 59 | total time: 47.45m | eta: 36.9m
step 01423/02520 (56.47%) | loss: 3.030549 | lrm: 0.69 | dt: 1986.21ms | tok/sec: 263,964 | bf16_mfu: 0.00 | epoch: 1 pq: 16 rg: 60 | total time: 47.48m | eta: 36.9m
step 01424/02520 (56.51%) | loss: 3.036294 | lrm: 0.69 | dt: 1986.54ms | tok/sec: 263,920 | bf16_mfu: 0.00 | epoch: 1 pq: 16 rg: 61 | total time: 47.52m | eta: 36.8m
step 01425/02520 (56.55%) | loss: 3.021465 | lrm: 0.69 | dt: 1987.79ms | tok/sec: 263,754 | bf16_mfu: 0.00 | epoch: 1 pq: 16 rg: 62 | total time: 47.55m | eta: 36.8m
step 01426/02520 (56.59%) | loss: 3.011623 | lrm: 0.68 | dt: 1987.56ms | tok/sec: 263,784 | bf16_mfu: 0.00 | epoch: 1 pq: 16 rg: 63 | total time: 47.58m | eta: 36.8m
step 01427/02520 (56.63%) | loss: 3.012130 | lrm: 0.68 | dt: 1985.30ms | tok/sec: 264,085 | bf16_mfu: 0.00 | epoch: 1 pq: 16 rg: 64 | total time: 47.62m | eta: 36.7m
step 01428/02520 (56.67%) | loss: 3.009617 | lrm: 0.68 | dt: 1985.83ms | tok/sec: 264,015 | bf16_mfu: 0.00 | epoch: 1 pq: 16 rg: 65 | total time: 47.65m | eta: 36.7m
step 01429/02520 (56.71%) | loss: 3.008656 | lrm: 0.68 | dt: 1985.08ms | tok/sec: 264,114 | bf16_mfu: 0.00 | epoch: 1 pq: 16 rg: 66 | total time: 47.68m | eta: 36.7m
step 01430/02520 (56.75%) | loss: 3.010020 | lrm: 0.68 | dt: 1985.48ms | tok/sec: 264,061 | bf16_mfu: 0.00 | epoch: 1 pq: 16 rg: 67 | total time: 47.71m | eta: 36.6m
step 01431/02520 (56.79%) | loss: 3.005697 | lrm: 0.68 | dt: 1985.67ms | tok/sec: 264,035 | bf16_mfu: 0.00 | epoch: 1 pq: 16 rg: 68 | total time: 47.75m | eta: 36.6m
step 01432/02520 (56.83%) | loss: 3.005717 | lrm: 0.68 | dt: 1986.42ms | tok/sec: 263,936 | bf16_mfu: 0.00 | epoch: 1 pq: 16 rg: 69 | total time: 47.78m | eta: 36.6m
step 01433/02520 (56.87%) | loss: 3.013392 | lrm: 0.68 | dt: 1985.48ms | tok/sec: 264,060 | bf16_mfu: 0.00 | epoch: 1 pq: 16 rg: 70 | total time: 47.81m | eta: 36.5m
step 01434/02520 (56.90%) | loss: 3.020069 | lrm: 0.68 | dt: 1985.35ms | tok/sec: 264,078 | bf16_mfu: 0.00 | epoch: 1 pq: 16 rg: 71 | total time: 47.85m | eta: 36.5m
step 01435/02520 (56.94%) | loss: 3.015669 | lrm: 0.68 | dt: 1986.21ms | tok/sec: 263,964 | bf16_mfu: 0.00 | epoch: 1 pq: 16 rg: 72 | total time: 47.88m | eta: 36.5m
step 01436/02520 (56.98%) | loss: 3.017269 | lrm: 0.68 | dt: 1985.83ms | tok/sec: 264,014 | bf16_mfu: 0.00 | epoch: 1 pq: 16 rg: 73 | total time: 47.91m | eta: 36.4m
step 01437/02520 (57.02%) | loss: 3.014555 | lrm: 0.68 | dt: 1985.34ms | tok/sec: 264,080 | bf16_mfu: 0.00 | epoch: 1 pq: 16 rg: 74 | total time: 47.95m | eta: 36.4m
step 01438/02520 (57.06%) | loss: 2.994455 | lrm: 0.68 | dt: 1985.61ms | tok/sec: 264,043 | bf16_mfu: 0.00 | epoch: 1 pq: 16 rg: 75 | total time: 47.98m | eta: 36.4m
step 01439/02520 (57.10%) | loss: 2.994502 | lrm: 0.68 | dt: 1985.56ms | tok/sec: 264,051 | bf16_mfu: 0.00 | epoch: 1 pq: 16 rg: 76 | total time: 48.01m | eta: 36.3m
step 01440/02520 (57.14%) | loss: 2.998727 | lrm: 0.68 | dt: 1984.89ms | tok/sec: 264,139 | bf16_mfu: 0.00 | epoch: 1 pq: 16 rg: 77 | total time: 48.05m | eta: 36.3m
step 01441/02520 (57.18%) | loss: 2.992301 | lrm: 0.68 | dt: 1984.92ms | tok/sec: 264,135 | bf16_mfu: 0.00 | epoch: 1 pq: 16 rg: 78 | total time: 48.08m | eta: 36.3m
step 01442/02520 (57.22%) | loss: 2.992582 | lrm: 0.68 | dt: 1985.65ms | tok/sec: 264,038 | bf16_mfu: 0.00 | epoch: 1 pq: 16 rg: 79 | total time: 48.11m | eta: 36.2m
step 01443/02520 (57.26%) | loss: 2.998156 | lrm: 0.67 | dt: 1987.05ms | tok/sec: 263,851 | bf16_mfu: 0.00 | epoch: 1 pq: 16 rg: 80 | total time: 48.14m | eta: 36.2m
step 01444/02520 (57.30%) | loss: 2.990226 | lrm: 0.67 | dt: 1987.34ms | tok/sec: 263,813 | bf16_mfu: 0.00 | epoch: 1 pq: 16 rg: 81 | total time: 48.18m | eta: 36.2m
step 01445/02520 (57.34%) | loss: 2.970561 | lrm: 0.67 | dt: 1986.72ms | tok/sec: 263,896 | bf16_mfu: 0.00 | epoch: 1 pq: 16 rg: 82 | total time: 48.21m | eta: 36.1m
step 01446/02520 (57.38%) | loss: 2.970746 | lrm: 0.67 | dt: 1985.57ms | tok/sec: 264,048 | bf16_mfu: 0.00 | epoch: 1 pq: 16 rg: 82 | total time: 48.24m | eta: 36.1m
step 01447/02520 (57.42%) | loss: 2.981597 | lrm: 0.67 | dt: 1987.29ms | tok/sec: 263,820 | bf16_mfu: 0.00 | epoch: 1 pq: 17 rg: 0 | total time: 48.28m | eta: 36.0m
step 01448/02520 (57.46%) | loss: 2.995509 | lrm: 0.67 | dt: 1987.37ms | tok/sec: 263,810 | bf16_mfu: 0.00 | epoch: 1 pq: 17 rg: 1 | total time: 48.31m | eta: 36.0m
step 01449/02520 (57.50%) | loss: 2.994309 | lrm: 0.67 | dt: 1987.73ms | tok/sec: 263,762 | bf16_mfu: 0.00 | epoch: 1 pq: 17 rg: 2 | total time: 48.34m | eta: 36.0m
step 01450/02520 (57.54%) | loss: 2.992876 | lrm: 0.67 | dt: 1986.95ms | tok/sec: 263,865 | bf16_mfu: 0.00 | epoch: 1 pq: 17 rg: 3 | total time: 48.38m | eta: 35.9m
step 01451/02520 (57.58%) | loss: 2.992651 | lrm: 0.67 | dt: 1986.97ms | tok/sec: 263,863 | bf16_mfu: 0.00 | epoch: 1 pq: 17 rg: 4 | total time: 48.41m | eta: 35.9m
step 01452/02520 (57.62%) | loss: 2.994609 | lrm: 0.67 | dt: 1985.62ms | tok/sec: 264,042 | bf16_mfu: 0.00 | epoch: 1 pq: 17 rg: 5 | total time: 48.44m | eta: 35.9m
step 01453/02520 (57.66%) | loss: 2.993057 | lrm: 0.67 | dt: 1984.90ms | tok/sec: 264,138 | bf16_mfu: 0.00 | epoch: 1 pq: 17 rg: 6 | total time: 48.48m | eta: 35.8m
step 01454/02520 (57.70%) | loss: 2.997820 | lrm: 0.67 | dt: 1985.68ms | tok/sec: 264,034 | bf16_mfu: 0.00 | epoch: 1 pq: 17 rg: 7 | total time: 48.51m | eta: 35.8m
step 01455/02520 (57.74%) | loss: 3.003669 | lrm: 0.67 | dt: 1985.53ms | tok/sec: 264,054 | bf16_mfu: 0.00 | epoch: 1 pq: 17 rg: 8 | total time: 48.54m | eta: 35.8m
step 01456/02520 (57.78%) | loss: 3.008950 | lrm: 0.67 | dt: 1985.19ms | tok/sec: 264,099 | bf16_mfu: 0.00 | epoch: 1 pq: 17 rg: 9 | total time: 48.58m | eta: 35.7m
step 01457/02520 (57.82%) | loss: 3.004551 | lrm: 0.67 | dt: 1985.85ms | tok/sec: 264,011 | bf16_mfu: 0.00 | epoch: 1 pq: 17 rg: 10 | total time: 48.61m | eta: 35.7m
step 01458/02520 (57.86%) | loss: 3.002386 | lrm: 0.67 | dt: 1986.72ms | tok/sec: 263,895 | bf16_mfu: 0.00 | epoch: 1 pq: 17 rg: 11 | total time: 48.64m | eta: 35.7m
step 01459/02520 (57.90%) | loss: 2.994515 | lrm: 0.67 | dt: 1985.84ms | tok/sec: 264,012 | bf16_mfu: 0.00 | epoch: 1 pq: 17 rg: 12 | total time: 48.67m | eta: 35.6m
step 01460/02520 (57.94%) | loss: 2.994168 | lrm: 0.66 | dt: 1985.37ms | tok/sec: 264,076 | bf16_mfu: 0.00 | epoch: 1 pq: 17 rg: 13 | total time: 48.71m | eta: 35.6m
step 01461/02520 (57.98%) | loss: 2.995064 | lrm: 0.66 | dt: 1986.27ms | tok/sec: 263,956 | bf16_mfu: 0.00 | epoch: 1 pq: 17 rg: 14 | total time: 48.74m | eta: 35.6m
step 01462/02520 (58.02%) | loss: 2.995208 | lrm: 0.66 | dt: 1985.90ms | tok/sec: 264,004 | bf16_mfu: 0.00 | epoch: 1 pq: 17 rg: 15 | total time: 48.77m | eta: 35.5m
step 01463/02520 (58.06%) | loss: 2.999589 | lrm: 0.66 | dt: 1985.13ms | tok/sec: 264,108 | bf16_mfu: 0.00 | epoch: 1 pq: 17 rg: 16 | total time: 48.81m | eta: 35.5m
step 01464/02520 (58.10%) | loss: 3.019679 | lrm: 0.66 | dt: 1986.02ms | tok/sec: 263,988 | bf16_mfu: 0.00 | epoch: 1 pq: 17 rg: 17 | total time: 48.84m | eta: 35.5m
step 01465/02520 (58.13%) | loss: 3.010212 | lrm: 0.66 | dt: 1985.93ms | tok/sec: 264,001 | bf16_mfu: 0.00 | epoch: 1 pq: 17 rg: 18 | total time: 48.87m | eta: 35.4m
step 01466/02520 (58.17%) | loss: 3.008339 | lrm: 0.66 | dt: 1986.01ms | tok/sec: 263,990 | bf16_mfu: 0.00 | epoch: 1 pq: 17 rg: 19 | total time: 48.91m | eta: 35.4m
step 01467/02520 (58.21%) | loss: 3.015874 | lrm: 0.66 | dt: 1986.11ms | tok/sec: 263,977 | bf16_mfu: 0.00 | epoch: 1 pq: 17 rg: 20 | total time: 48.94m | eta: 35.4m
step 01468/02520 (58.25%) | loss: 3.027693 | lrm: 0.66 | dt: 1985.61ms | tok/sec: 264,043 | bf16_mfu: 0.00 | epoch: 1 pq: 17 rg: 21 | total time: 48.97m | eta: 35.3m
step 01469/02520 (58.29%) | loss: 3.023373 | lrm: 0.66 | dt: 1987.48ms | tok/sec: 263,795 | bf16_mfu: 0.00 | epoch: 1 pq: 17 rg: 22 | total time: 49.01m | eta: 35.3m
step 01470/02520 (58.33%) | loss: 3.024436 | lrm: 0.66 | dt: 1986.35ms | tok/sec: 263,945 | bf16_mfu: 0.00 | epoch: 1 pq: 17 rg: 23 | total time: 49.04m | eta: 35.3m
step 01471/02520 (58.37%) | loss: 3.025426 | lrm: 0.66 | dt: 1987.03ms | tok/sec: 263,854 | bf16_mfu: 0.00 | epoch: 1 pq: 17 rg: 24 | total time: 49.07m | eta: 35.2m
step 01472/02520 (58.41%) | loss: 3.026897 | lrm: 0.66 | dt: 2027.27ms | tok/sec: 258,618 | bf16_mfu: 0.00 | epoch: 1 pq: 17 rg: 25 | total time: 49.11m | eta: 35.2m
step 01473/02520 (58.45%) | loss: 3.027115 | lrm: 0.66 | dt: 2035.10ms | tok/sec: 257,623 | bf16_mfu: 0.00 | epoch: 1 pq: 17 rg: 26 | total time: 49.14m | eta: 35.2m
step 01474/02520 (58.49%) | loss: 3.020534 | lrm: 0.66 | dt: 2041.67ms | tok/sec: 256,793 | bf16_mfu: 0.00 | epoch: 1 pq: 17 rg: 27 | total time: 49.17m | eta: 35.1m
step 01475/02520 (58.53%) | loss: 3.027097 | lrm: 0.66 | dt: 2023.90ms | tok/sec: 259,047 | bf16_mfu: 0.00 | epoch: 1 pq: 17 rg: 28 | total time: 49.21m | eta: 35.1m
step 01476/02520 (58.57%) | loss: 3.036608 | lrm: 0.66 | dt: 2038.15ms | tok/sec: 257,237 | bf16_mfu: 0.00 | epoch: 1 pq: 17 rg: 29 | total time: 49.24m | eta: 35.1m
step 01477/02520 (58.61%) | loss: 3.036906 | lrm: 0.65 | dt: 2056.13ms | tok/sec: 254,987 | bf16_mfu: 0.00 | epoch: 1 pq: 17 rg: 30 | total time: 49.28m | eta: 35.0m
step 01478/02520 (58.65%) | loss: 3.028936 | lrm: 0.65 | dt: 2063.95ms | tok/sec: 254,022 | bf16_mfu: 0.00 | epoch: 1 pq: 17 rg: 30 | total time: 49.31m | eta: 35.0m
step 01479/02520 (58.69%) | loss: 3.031033 | lrm: 0.65 | dt: 2010.48ms | tok/sec: 260,776 | bf16_mfu: 0.00 | epoch: 1 pq: 17 rg: 31 | total time: 49.34m | eta: 35.0m
step 01480/02520 (58.73%) | loss: 3.034432 | lrm: 0.65 | dt: 2039.76ms | tok/sec: 257,034 | bf16_mfu: 0.00 | epoch: 1 pq: 17 rg: 32 | total time: 49.38m | eta: 34.9m
step 01481/02520 (58.77%) | loss: 3.029513 | lrm: 0.65 | dt: 2013.03ms | tok/sec: 260,447 | bf16_mfu: 0.00 | epoch: 1 pq: 17 rg: 33 | total time: 49.41m | eta: 34.9m
step 01482/02520 (58.81%) | loss: 3.026457 | lrm: 0.65 | dt: 2002.97ms | tok/sec: 261,755 | bf16_mfu: 0.00 | epoch: 1 pq: 17 rg: 34 | total time: 49.44m | eta: 34.9m
step 01483/02520 (58.85%) | loss: 3.025655 | lrm: 0.65 | dt: 2027.10ms | tok/sec: 258,639 | bf16_mfu: 0.00 | epoch: 1 pq: 17 rg: 35 | total time: 49.48m | eta: 34.8m
step 01484/02520 (58.89%) | loss: 3.023038 | lrm: 0.65 | dt: 1994.25ms | tok/sec: 262,900 | bf16_mfu: 0.00 | epoch: 1 pq: 17 rg: 36 | total time: 49.51m | eta: 34.8m
step 01485/02520 (58.93%) | loss: 3.026323 | lrm: 0.65 | dt: 1992.08ms | tok/sec: 263,185 | bf16_mfu: 0.00 | epoch: 1 pq: 17 rg: 37 | total time: 49.54m | eta: 34.8m
step 01486/02520 (58.97%) | loss: 3.024686 | lrm: 0.65 | dt: 2094.99ms | tok/sec: 250,257 | bf16_mfu: 0.00 | epoch: 1 pq: 17 rg: 38 | total time: 49.58m | eta: 34.7m
step 01487/02520 (59.01%) | loss: 3.015698 | lrm: 0.65 | dt: 1993.06ms | tok/sec: 263,056 | bf16_mfu: 0.00 | epoch: 1 pq: 17 rg: 39 | total time: 49.61m | eta: 34.7m
step 01488/02520 (59.05%) | loss: 2.994459 | lrm: 0.65 | dt: 1990.11ms | tok/sec: 263,446 | bf16_mfu: 0.00 | epoch: 1 pq: 17 rg: 40 | total time: 49.65m | eta: 34.7m
step 01489/02520 (59.09%) | loss: 3.009799 | lrm: 0.65 | dt: 2038.00ms | tok/sec: 257,255 | bf16_mfu: 0.00 | epoch: 1 pq: 17 rg: 41 | total time: 49.68m | eta: 34.6m
step 01490/02520 (59.13%) | loss: 3.005816 | lrm: 0.65 | dt: 2041.14ms | tok/sec: 256,860 | bf16_mfu: 0.00 | epoch: 1 pq: 17 rg: 42 | total time: 49.71m | eta: 34.6m
step 01491/02520 (59.17%) | loss: 3.001622 | lrm: 0.65 | dt: 1999.25ms | tok/sec: 262,241 | bf16_mfu: 0.00 | epoch: 1 pq: 17 rg: 43 | total time: 49.75m | eta: 34.6m
step 01492/02520 (59.21%) | loss: 2.994630 | lrm: 0.65 | dt: 2010.89ms | tok/sec: 260,723 | bf16_mfu: 0.00 | epoch: 1 pq: 17 rg: 44 | total time: 49.78m | eta: 34.5m
step 01493/02520 (59.25%) | loss: 2.992329 | lrm: 0.65 | dt: 2018.02ms | tok/sec: 259,803 | bf16_mfu: 0.00 | epoch: 1 pq: 17 rg: 45 | total time: 49.81m | eta: 34.5m
step 01494/02520 (59.29%) | loss: 2.993021 | lrm: 0.65 | dt: 2011.57ms | tok/sec: 260,636 | bf16_mfu: 0.00 | epoch: 1 pq: 17 rg: 46 | total time: 49.85m | eta: 34.5m
step 01495/02520 (59.33%) | loss: 2.991201 | lrm: 0.64 | dt: 2000.54ms | tok/sec: 262,073 | bf16_mfu: 0.00 | epoch: 1 pq: 17 rg: 47 | total time: 49.88m | eta: 34.4m
step 01496/02520 (59.37%) | loss: 2.987549 | lrm: 0.64 | dt: 2008.60ms | tok/sec: 261,022 | bf16_mfu: 0.00 | epoch: 1 pq: 17 rg: 48 | total time: 49.91m | eta: 34.4m
step 01497/02520 (59.40%) | loss: 2.981962 | lrm: 0.64 | dt: 2040.10ms | tok/sec: 256,990 | bf16_mfu: 0.00 | epoch: 1 pq: 17 rg: 49 | total time: 49.95m | eta: 34.4m
step 01498/02520 (59.44%) | loss: 2.981273 | lrm: 0.64 | dt: 2004.58ms | tok/sec: 261,544 | bf16_mfu: 0.00 | epoch: 1 pq: 17 rg: 50 | total time: 49.98m | eta: 34.3m
step 01499/02520 (59.48%) | loss: 2.970918 | lrm: 0.64 | dt: 2019.08ms | tok/sec: 259,666 | bf16_mfu: 0.00 | epoch: 1 pq: 17 rg: 51 | total time: 50.02m | eta: 34.3m
Step 01500 | Validation bpb: 0.912702
step 01500/02520 (59.52%) | loss: 2.983362 | lrm: 0.64 | dt: 2003.60ms | tok/sec: 261,672 | bf16_mfu: 0.00 | epoch: 1 pq: 17 rg: 52 | total time: 50.05m | eta: 34.3m
step 01501/02520 (59.56%) | loss: 2.990599 | lrm: 0.64 | dt: 1972.41ms | tok/sec: 265,811 | bf16_mfu: 0.00 | epoch: 1 pq: 17 rg: 53 | total time: 50.08m | eta: 34.2m
step 01502/02520 (59.60%) | loss: 2.998359 | lrm: 0.64 | dt: 1971.59ms | tok/sec: 265,921 | bf16_mfu: 0.00 | epoch: 1 pq: 17 rg: 54 | total time: 50.11m | eta: 34.2m
step 01503/02520 (59.64%) | loss: 2.988200 | lrm: 0.64 | dt: 2004.91ms | tok/sec: 261,502 | bf16_mfu: 0.00 | epoch: 1 pq: 17 rg: 55 | total time: 50.15m | eta: 34.2m
step 01504/02520 (59.68%) | loss: 2.991097 | lrm: 0.64 | dt: 2034.52ms | tok/sec: 257,696 | bf16_mfu: 0.00 | epoch: 1 pq: 17 rg: 56 | total time: 50.18m | eta: 34.1m
step 01505/02520 (59.72%) | loss: 2.995735 | lrm: 0.64 | dt: 2019.93ms | tok/sec: 259,557 | bf16_mfu: 0.00 | epoch: 1 pq: 17 rg: 57 | total time: 50.22m | eta: 34.1m
step 01506/02520 (59.76%) | loss: 3.001825 | lrm: 0.64 | dt: 1984.93ms | tok/sec: 264,134 | bf16_mfu: 0.00 | epoch: 1 pq: 17 rg: 58 | total time: 50.25m | eta: 34.1m
step 01507/02520 (59.80%) | loss: 3.004451 | lrm: 0.64 | dt: 1975.49ms | tok/sec: 265,395 | bf16_mfu: 0.00 | epoch: 1 pq: 17 rg: 59 | total time: 50.28m | eta: 34.0m
step 01508/02520 (59.84%) | loss: 2.995914 | lrm: 0.64 | dt: 2029.13ms | tok/sec: 258,380 | bf16_mfu: 0.00 | epoch: 1 pq: 17 rg: 60 | total time: 50.32m | eta: 34.0m
step 01509/02520 (59.88%) | loss: 3.005352 | lrm: 0.64 | dt: 2017.41ms | tok/sec: 259,881 | bf16_mfu: 0.00 | epoch: 1 pq: 17 rg: 60 | total time: 50.35m | eta: 34.0m
step 01510/02520 (59.92%) | loss: 3.015078 | lrm: 0.64 | dt: 2019.14ms | tok/sec: 259,659 | bf16_mfu: 0.00 | epoch: 1 pq: 17 rg: 61 | total time: 50.38m | eta: 33.9m
step 01511/02520 (59.96%) | loss: 3.014257 | lrm: 0.64 | dt: 2073.25ms | tok/sec: 252,882 | bf16_mfu: 0.00 | epoch: 1 pq: 17 rg: 62 | total time: 50.42m | eta: 33.9m
2026-09-27 17:28:25,916 - nanochat.checkpoint_manager - [32m[1mINFO[0m - Saved model parameters to: /home/neo/.cache/nanochat/base_checkpoints/looped_L8_lr1_lr1_h1.0_s0/model_001512.pt
2026-09-27 17:28:26,362 - nanochat.checkpoint_manager - [32m[1mINFO[0m - Saved optimizer state to: /home/neo/.cache/nanochat/base_checkpoints/looped_L8_lr1_lr1_h1.0_s0/optim_001512_rank0.pt
2026-09-27 17:28:26,363 - nanochat.checkpoint_manager - [32m[1mINFO[0m - Saved metadata to: /home/neo/.cache/nanochat/base_checkpoints/looped_L8_lr1_lr1_h1.0_s0/meta_001512.json
step 01512/02520 (60.00%) | loss: 3.007117 | lrm: 0.63 | dt: 1993.22ms | tok/sec: 263,035 | bf16_mfu: 0.00 | epoch: 1 pq: 17 rg: 63 | total time: 50.45m | eta: 33.9m
step 01513/02520 (60.04%) | loss: 3.005033 | lrm: 0.63 | dt: 1978.28ms | tok/sec: 265,022 | bf16_mfu: 0.00 | epoch: 1 pq: 17 rg: 64 | total time: 50.48m | eta: 33.8m
step 01514/02520 (60.08%) | loss: 2.999223 | lrm: 0.63 | dt: 1975.44ms | tok/sec: 265,402 | bf16_mfu: 0.00 | epoch: 1 pq: 17 rg: 65 | total time: 50.52m | eta: 33.8m
step 01515/02520 (60.12%) | loss: 2.997497 | lrm: 0.63 | dt: 2020.09ms | tok/sec: 259,537 | bf16_mfu: 0.00 | epoch: 1 pq: 17 rg: 66 | total time: 50.55m | eta: 33.8m
step 01516/02520 (60.16%) | loss: 2.988619 | lrm: 0.63 | dt: 2077.17ms | tok/sec: 252,405 | bf16_mfu: 0.00 | epoch: 1 pq: 17 rg: 67 | total time: 50.58m | eta: 33.7m
step 01517/02520 (60.20%) | loss: 2.981069 | lrm: 0.63 | dt: 2020.27ms | tok/sec: 259,513 | bf16_mfu: 0.00 | epoch: 1 pq: 17 rg: 68 | total time: 50.62m | eta: 33.7m
step 01518/02520 (60.24%) | loss: 2.980337 | lrm: 0.63 | dt: 1993.37ms | tok/sec: 263,015 | bf16_mfu: 0.00 | epoch: 1 pq: 17 rg: 69 | total time: 50.65m | eta: 33.7m
step 01519/02520 (60.28%) | loss: 2.988663 | lrm: 0.63 | dt: 2015.76ms | tok/sec: 260,094 | bf16_mfu: 0.00 | epoch: 1 pq: 17 rg: 70 | total time: 50.69m | eta: 33.6m
step 01520/02520 (60.32%) | loss: 2.985672 | lrm: 0.63 | dt: 1988.82ms | tok/sec: 263,617 | bf16_mfu: 0.00 | epoch: 1 pq: 17 rg: 71 | total time: 50.72m | eta: 33.6m
step 01521/02520 (60.36%) | loss: 2.991274 | lrm: 0.63 | dt: 2001.53ms | tok/sec: 261,943 | bf16_mfu: 0.00 | epoch: 1 pq: 17 rg: 72 | total time: 50.75m | eta: 33.6m
step 01522/02520 (60.40%) | loss: 2.987124 | lrm: 0.63 | dt: 2058.13ms | tok/sec: 254,740 | bf16_mfu: 0.00 | epoch: 1 pq: 17 rg: 73 | total time: 50.79m | eta: 33.5m
step 01523/02520 (60.44%) | loss: 2.986417 | lrm: 0.63 | dt: 2082.62ms | tok/sec: 251,744 | bf16_mfu: 0.00 | epoch: 1 pq: 17 rg: 74 | total time: 50.82m | eta: 33.5m
step 01524/02520 (60.48%) | loss: 2.992387 | lrm: 0.63 | dt: 1998.47ms | tok/sec: 262,344 | bf16_mfu: 0.00 | epoch: 1 pq: 17 rg: 75 | total time: 50.85m | eta: 33.5m
step 01525/02520 (60.52%) | loss: 2.981525 | lrm: 0.63 | dt: 2008.81ms | tok/sec: 260,994 | bf16_mfu: 0.00 | epoch: 1 pq: 17 rg: 76 | total time: 50.89m | eta: 33.4m
step 01526/02520 (60.56%) | loss: 2.980213 | lrm: 0.63 | dt: 2044.77ms | tok/sec: 256,404 | bf16_mfu: 0.00 | epoch: 1 pq: 17 rg: 77 | total time: 50.92m | eta: 33.4m
step 01527/02520 (60.60%) | loss: 2.991325 | lrm: 0.63 | dt: 2054.33ms | tok/sec: 255,210 | bf16_mfu: 0.00 | epoch: 1 pq: 17 rg: 78 | total time: 50.96m | eta: 33.4m
step 01528/02520 (60.63%) | loss: 2.996706 | lrm: 0.63 | dt: 1980.67ms | tok/sec: 264,702 | bf16_mfu: 0.00 | epoch: 1 pq: 17 rg: 79 | total time: 50.99m | eta: 33.3m
step 01529/02520 (60.67%) | loss: 3.000478 | lrm: 0.62 | dt: 1983.64ms | tok/sec: 264,306 | bf16_mfu: 0.00 | epoch: 1 pq: 17 rg: 80 | total time: 51.02m | eta: 33.3m
step 01530/02520 (60.71%) | loss: 3.001647 | lrm: 0.62 | dt: 1983.21ms | tok/sec: 264,363 | bf16_mfu: 0.00 | epoch: 1 pq: 17 rg: 81 | total time: 51.06m | eta: 33.3m
step 01531/02520 (60.75%) | loss: 3.011935 | lrm: 0.62 | dt: 1981.61ms | tok/sec: 264,576 | bf16_mfu: 0.00 | epoch: 1 pq: 17 rg: 82 | total time: 51.09m | eta: 33.2m
step 01532/02520 (60.79%) | loss: 3.014801 | lrm: 0.62 | dt: 1981.12ms | tok/sec: 264,641 | bf16_mfu: 0.00 | epoch: 1 pq: 18 rg: 0 | total time: 51.12m | eta: 33.2m
step 01533/02520 (60.83%) | loss: 3.011533 | lrm: 0.62 | dt: 1982.10ms | tok/sec: 264,511 | bf16_mfu: 0.00 | epoch: 1 pq: 18 rg: 1 | total time: 51.15m | eta: 33.2m
step 01534/02520 (60.87%) | loss: 3.014235 | lrm: 0.62 | dt: 1981.83ms | tok/sec: 264,546 | bf16_mfu: 0.00 | epoch: 1 pq: 18 rg: 2 | total time: 51.19m | eta: 33.1m
step 01535/02520 (60.91%) | loss: 3.019696 | lrm: 0.62 | dt: 1982.59ms | tok/sec: 264,445 | bf16_mfu: 0.00 | epoch: 1 pq: 18 rg: 2 | total time: 51.22m | eta: 33.1m
step 01536/02520 (60.95%) | loss: 3.012020 | lrm: 0.62 | dt: 1982.29ms | tok/sec: 264,486 | bf16_mfu: 0.00 | epoch: 1 pq: 18 rg: 3 | total time: 51.25m | eta: 33.0m
step 01537/02520 (60.99%) | loss: 2.999978 | lrm: 0.62 | dt: 1983.28ms | tok/sec: 264,353 | bf16_mfu: 0.00 | epoch: 1 pq: 18 rg: 4 | total time: 51.29m | eta: 33.0m
step 01538/02520 (61.03%) | loss: 3.000891 | lrm: 0.62 | dt: 1984.42ms | tok/sec: 264,202 | bf16_mfu: 0.00 | epoch: 1 pq: 18 rg: 5 | total time: 51.32m | eta: 33.0m
step 01539/02520 (61.07%) | loss: 3.003138 | lrm: 0.62 | dt: 1984.25ms | tok/sec: 264,224 | bf16_mfu: 0.00 | epoch: 1 pq: 18 rg: 6 | total time: 51.35m | eta: 32.9m
step 01540/02520 (61.11%) | loss: 3.006377 | lrm: 0.62 | dt: 1984.26ms | tok/sec: 264,222 | bf16_mfu: 0.00 | epoch: 1 pq: 18 rg: 7 | total time: 51.39m | eta: 32.9m
step 01541/02520 (61.15%) | loss: 2.992183 | lrm: 0.62 | dt: 1983.77ms | tok/sec: 264,288 | bf16_mfu: 0.00 | epoch: 1 pq: 18 rg: 8 | total time: 51.42m | eta: 32.9m
step 01542/02520 (61.19%) | loss: 2.986307 | lrm: 0.62 | dt: 1985.20ms | tok/sec: 264,098 | bf16_mfu: 0.00 | epoch: 1 pq: 18 rg: 9 | total time: 51.45m | eta: 32.8m
step 01543/02520 (61.23%) | loss: 2.982317 | lrm: 0.62 | dt: 2024.02ms | tok/sec: 259,032 | bf16_mfu: 0.00 | epoch: 1 pq: 18 rg: 10 | total time: 51.49m | eta: 32.8m
step 01544/02520 (61.27%) | loss: 2.970049 | lrm: 0.62 | dt: 1987.08ms | tok/sec: 263,847 | bf16_mfu: 0.00 | epoch: 1 pq: 18 rg: 11 | total time: 51.52m | eta: 32.8m
step 01545/02520 (61.31%) | loss: 2.979748 | lrm: 0.62 | dt: 1984.32ms | tok/sec: 264,215 | bf16_mfu: 0.00 | epoch: 1 pq: 18 rg: 12 | total time: 51.55m | eta: 32.7m
step 01546/02520 (61.35%) | loss: 2.981996 | lrm: 0.61 | dt: 1984.84ms | tok/sec: 264,146 | bf16_mfu: 0.00 | epoch: 1 pq: 18 rg: 13 | total time: 51.58m | eta: 32.7m
step 01547/02520 (61.39%) | loss: 2.984859 | lrm: 0.61 | dt: 1985.19ms | tok/sec: 264,100 | bf16_mfu: 0.00 | epoch: 1 pq: 18 rg: 14 | total time: 51.62m | eta: 32.7m
step 01548/02520 (61.43%) | loss: 2.989674 | lrm: 0.61 | dt: 1984.59ms | tok/sec: 264,179 | bf16_mfu: 0.00 | epoch: 1 pq: 18 rg: 15 | total time: 51.65m | eta: 32.6m
step 01549/02520 (61.47%) | loss: 2.992487 | lrm: 0.61 | dt: 1985.29ms | tok/sec: 264,086 | bf16_mfu: 0.00 | epoch: 1 pq: 18 rg: 16 | total time: 51.68m | eta: 32.6m
step 01550/02520 (61.51%) | loss: 3.005388 | lrm: 0.61 | dt: 1985.14ms | tok/sec: 264,106 | bf16_mfu: 0.00 | epoch: 1 pq: 18 rg: 17 | total time: 51.72m | eta: 32.6m
step 01551/02520 (61.55%) | loss: 3.010309 | lrm: 0.61 | dt: 1984.49ms | tok/sec: 264,192 | bf16_mfu: 0.00 | epoch: 1 pq: 18 rg: 18 | total time: 51.75m | eta: 32.5m
step 01552/02520 (61.59%) | loss: 3.001567 | lrm: 0.61 | dt: 1986.09ms | tok/sec: 263,980 | bf16_mfu: 0.00 | epoch: 1 pq: 18 rg: 19 | total time: 51.78m | eta: 32.5m
step 01553/02520 (61.63%) | loss: 3.007465 | lrm: 0.61 | dt: 2007.52ms | tok/sec: 261,161 | bf16_mfu: 0.00 | epoch: 1 pq: 18 rg: 20 | total time: 51.82m | eta: 32.5m
step 01554/02520 (61.67%) | loss: 2.999705 | lrm: 0.61 | dt: 2060.66ms | tok/sec: 254,426 | bf16_mfu: 0.00 | epoch: 1 pq: 18 rg: 21 | total time: 51.85m | eta: 32.4m
step 01555/02520 (61.71%) | loss: 2.995422 | lrm: 0.61 | dt: 2038.94ms | tok/sec: 257,137 | bf16_mfu: 0.00 | epoch: 1 pq: 18 rg: 22 | total time: 51.88m | eta: 32.4m
step 01556/02520 (61.75%) | loss: 3.004619 | lrm: 0.61 | dt: 2045.92ms | tok/sec: 256,260 | bf16_mfu: 0.00 | epoch: 1 pq: 18 rg: 23 | total time: 51.92m | eta: 32.4m
step 01557/02520 (61.79%) | loss: 3.000816 | lrm: 0.61 | dt: 2045.21ms | tok/sec: 256,349 | bf16_mfu: 0.00 | epoch: 1 pq: 18 rg: 24 | total time: 51.95m | eta: 32.3m
step 01558/02520 (61.83%) | loss: 2.992151 | lrm: 0.61 | dt: 2019.36ms | tok/sec: 259,630 | bf16_mfu: 0.00 | epoch: 1 pq: 18 rg: 25 | total time: 51.99m | eta: 32.3m
step 01559/02520 (61.87%) | loss: 2.997223 | lrm: 0.61 | dt: 2069.47ms | tok/sec: 253,344 | bf16_mfu: 0.00 | epoch: 1 pq: 18 rg: 26 | total time: 52.02m | eta: 32.3m
step 01560/02520 (61.90%) | loss: 2.993794 | lrm: 0.61 | dt: 2046.31ms | tok/sec: 256,211 | bf16_mfu: 0.00 | epoch: 1 pq: 18 rg: 27 | total time: 52.06m | eta: 32.2m
step 01561/02520 (61.94%) | loss: 2.992319 | lrm: 0.61 | dt: 2017.33ms | tok/sec: 259,891 | bf16_mfu: 0.00 | epoch: 1 pq: 18 rg: 28 | total time: 52.09m | eta: 32.2m
step 01562/02520 (61.98%) | loss: 2.986425 | lrm: 0.61 | dt: 2042.63ms | tok/sec: 256,672 | bf16_mfu: 0.00 | epoch: 1 pq: 18 rg: 29 | total time: 52.12m | eta: 32.2m
step 01563/02520 (62.02%) | loss: 2.993130 | lrm: 0.61 | dt: 2045.78ms | tok/sec: 256,277 | bf16_mfu: 0.00 | epoch: 1 pq: 18 rg: 30 | total time: 52.16m | eta: 32.1m
step 01564/02520 (62.06%) | loss: 2.992665 | lrm: 0.60 | dt: 2058.84ms | tok/sec: 254,652 | bf16_mfu: 0.00 | epoch: 1 pq: 18 rg: 31 | total time: 52.19m | eta: 32.1m
step 01565/02520 (62.10%) | loss: 2.990002 | lrm: 0.60 | dt: 2049.14ms | tok/sec: 255,857 | bf16_mfu: 0.00 | epoch: 1 pq: 18 rg: 32 | total time: 52.23m | eta: 32.1m
step 01566/02520 (62.14%) | loss: 3.002939 | lrm: 0.60 | dt: 2021.27ms | tok/sec: 259,385 | bf16_mfu: 0.00 | epoch: 1 pq: 18 rg: 32 | total time: 52.26m | eta: 32.0m
step 01567/02520 (62.18%) | loss: 3.006147 | lrm: 0.60 | dt: 2044.63ms | tok/sec: 256,422 | bf16_mfu: 0.00 | epoch: 1 pq: 18 rg: 33 | total time: 52.29m | eta: 32.0m
step 01568/02520 (62.22%) | loss: 3.001308 | lrm: 0.60 | dt: 2075.90ms | tok/sec: 252,559 | bf16_mfu: 0.00 | epoch: 1 pq: 18 rg: 34 | total time: 52.33m | eta: 32.0m
step 01569/02520 (62.26%) | loss: 2.996607 | lrm: 0.60 | dt: 2076.59ms | tok/sec: 252,475 | bf16_mfu: 0.00 | epoch: 1 pq: 18 rg: 35 | total time: 52.36m | eta: 31.9m
step 01570/02520 (62.30%) | loss: 3.000493 | lrm: 0.60 | dt: 1999.32ms | tok/sec: 262,232 | bf16_mfu: 0.00 | epoch: 1 pq: 18 rg: 36 | total time: 52.40m | eta: 31.9m
step 01571/02520 (62.34%) | loss: 3.005647 | lrm: 0.60 | dt: 2023.00ms | tok/sec: 259,164 | bf16_mfu: 0.00 | epoch: 1 pq: 18 rg: 37 | total time: 52.43m | eta: 31.9m
step 01572/02520 (62.38%) | loss: 2.995778 | lrm: 0.60 | dt: 2018.68ms | tok/sec: 259,717 | bf16_mfu: 0.00 | epoch: 1 pq: 18 rg: 38 | total time: 52.46m | eta: 31.8m
step 01573/02520 (62.42%) | loss: 3.000487 | lrm: 0.60 | dt: 1990.47ms | tok/sec: 263,398 | bf16_mfu: 0.00 | epoch: 1 pq: 18 rg: 39 | total time: 52.50m | eta: 31.8m
step 01574/02520 (62.46%) | loss: 3.002924 | lrm: 0.60 | dt: 1988.59ms | tok/sec: 263,647 | bf16_mfu: 0.00 | epoch: 1 pq: 18 rg: 40 | total time: 52.53m | eta: 31.8m
step 01575/02520 (62.50%) | loss: 2.995803 | lrm: 0.60 | dt: 2026.01ms | tok/sec: 258,779 | bf16_mfu: 0.00 | epoch: 1 pq: 18 rg: 41 | total time: 52.56m | eta: 31.7m
step 01576/02520 (62.54%) | loss: 2.991083 | lrm: 0.60 | dt: 1986.49ms | tok/sec: 263,926 | bf16_mfu: 0.00 | epoch: 1 pq: 18 rg: 42 | total time: 52.60m | eta: 31.7m
step 01577/02520 (62.58%) | loss: 2.978600 | lrm: 0.60 | dt: 2022.37ms | tok/sec: 259,243 | bf16_mfu: 0.00 | epoch: 1 pq: 18 rg: 43 | total time: 52.63m | eta: 31.7m
step 01578/02520 (62.62%) | loss: 2.976058 | lrm: 0.60 | dt: 2061.97ms | tok/sec: 254,265 | bf16_mfu: 0.00 | epoch: 1 pq: 18 rg: 44 | total time: 52.66m | eta: 31.6m
step 01579/02520 (62.66%) | loss: 2.990320 | lrm: 0.60 | dt: 2063.92ms | tok/sec: 254,025 | bf16_mfu: 0.00 | epoch: 1 pq: 18 rg: 45 | total time: 52.70m | eta: 31.6m
step 01580/02520 (62.70%) | loss: 3.000791 | lrm: 0.60 | dt: 2042.32ms | tok/sec: 256,712 | bf16_mfu: 0.00 | epoch: 1 pq: 18 rg: 46 | total time: 52.73m | eta: 31.6m
step 01581/02520 (62.74%) | loss: 2.977580 | lrm: 0.59 | dt: 2030.99ms | tok/sec: 258,144 | bf16_mfu: 0.00 | epoch: 1 pq: 18 rg: 47 | total time: 52.77m | eta: 31.5m
step 01582/02520 (62.78%) | loss: 2.965884 | lrm: 0.59 | dt: 2044.41ms | tok/sec: 256,449 | bf16_mfu: 0.00 | epoch: 1 pq: 18 rg: 48 | total time: 52.80m | eta: 31.5m
step 01583/02520 (62.82%) | loss: 2.975665 | lrm: 0.59 | dt: 2016.24ms | tok/sec: 260,032 | bf16_mfu: 0.00 | epoch: 1 pq: 18 rg: 49 | total time: 52.83m | eta: 31.5m
step 01584/02520 (62.86%) | loss: 2.976610 | lrm: 0.59 | dt: 2000.03ms | tok/sec: 262,140 | bf16_mfu: 0.00 | epoch: 1 pq: 18 rg: 50 | total time: 52.87m | eta: 31.4m
step 01585/02520 (62.90%) | loss: 2.980479 | lrm: 0.59 | dt: 2037.07ms | tok/sec: 257,373 | bf16_mfu: 0.00 | epoch: 1 pq: 18 rg: 51 | total time: 52.90m | eta: 31.4m
step 01586/02520 (62.94%) | loss: 2.987699 | lrm: 0.59 | dt: 2057.10ms | tok/sec: 254,867 | bf16_mfu: 0.00 | epoch: 1 pq: 18 rg: 52 | total time: 52.94m | eta: 31.4m
step 01587/02520 (62.98%) | loss: 2.998830 | lrm: 0.59 | dt: 1991.93ms | tok/sec: 263,206 | bf16_mfu: 0.00 | epoch: 1 pq: 18 rg: 53 | total time: 52.97m | eta: 31.3m
step 01588/02520 (63.02%) | loss: 2.988684 | lrm: 0.59 | dt: 2021.78ms | tok/sec: 259,319 | bf16_mfu: 0.00 | epoch: 1 pq: 18 rg: 54 | total time: 53.00m | eta: 31.3m
step 01589/02520 (63.06%) | loss: 2.983566 | lrm: 0.59 | dt: 2006.58ms | tok/sec: 261,284 | bf16_mfu: 0.00 | epoch: 1 pq: 18 rg: 55 | total time: 53.04m | eta: 31.3m
step 01590/02520 (63.10%) | loss: 2.983788 | lrm: 0.59 | dt: 2012.77ms | tok/sec: 260,481 | bf16_mfu: 0.00 | epoch: 1 pq: 18 rg: 56 | total time: 53.07m | eta: 31.2m
step 01591/02520 (63.13%) | loss: 2.971926 | lrm: 0.59 | dt: 2005.52ms | tok/sec: 261,422 | bf16_mfu: 0.00 | epoch: 1 pq: 18 rg: 57 | total time: 53.10m | eta: 31.2m
step 01592/02520 (63.17%) | loss: 2.955477 | lrm: 0.59 | dt: 2065.87ms | tok/sec: 253,785 | bf16_mfu: 0.00 | epoch: 1 pq: 18 rg: 58 | total time: 53.14m | eta: 31.2m
step 01593/02520 (63.21%) | loss: 2.976198 | lrm: 0.59 | dt: 2064.46ms | tok/sec: 253,958 | bf16_mfu: 0.00 | epoch: 1 pq: 18 rg: 59 | total time: 53.17m | eta: 31.1m
step 01594/02520 (63.25%) | loss: 2.977367 | lrm: 0.59 | dt: 2010.33ms | tok/sec: 260,797 | bf16_mfu: 0.00 | epoch: 1 pq: 18 rg: 60 | total time: 53.21m | eta: 31.1m
step 01595/02520 (63.29%) | loss: 2.969039 | lrm: 0.59 | dt: 2023.98ms | tok/sec: 259,038 | bf16_mfu: 0.00 | epoch: 1 pq: 18 rg: 61 | total time: 53.24m | eta: 31.1m
step 01596/02520 (63.33%) | loss: 2.982563 | lrm: 0.59 | dt: 2033.65ms | tok/sec: 257,805 | bf16_mfu: 0.00 | epoch: 1 pq: 18 rg: 62 | total time: 53.27m | eta: 31.0m
step 01597/02520 (63.37%) | loss: 2.983619 | lrm: 0.59 | dt: 2022.63ms | tok/sec: 259,211 | bf16_mfu: 0.00 | epoch: 1 pq: 18 rg: 63 | total time: 53.31m | eta: 31.0m
step 01598/02520 (63.41%) | loss: 2.985102 | lrm: 0.58 | dt: 2044.71ms | tok/sec: 256,412 | bf16_mfu: 0.00 | epoch: 1 pq: 18 rg: 64 | total time: 53.34m | eta: 31.0m
step 01599/02520 (63.45%) | loss: 2.974495 | lrm: 0.58 | dt: 2058.42ms | tok/sec: 254,703 | bf16_mfu: 0.00 | epoch: 1 pq: 18 rg: 65 | total time: 53.38m | eta: 30.9m
step 01600/02520 (63.49%) | loss: 2.976764 | lrm: 0.58 | dt: 2051.89ms | tok/sec: 255,514 | bf16_mfu: 0.00 | epoch: 1 pq: 18 rg: 66 | total time: 53.41m | eta: 30.9m
step 01601/02520 (63.53%) | loss: 2.967099 | lrm: 0.58 | dt: 2072.37ms | tok/sec: 252,989 | bf16_mfu: 0.00 | epoch: 1 pq: 18 rg: 66 | total time: 53.44m | eta: 30.9m
step 01602/02520 (63.57%) | loss: 2.952766 | lrm: 0.58 | dt: 2048.10ms | tok/sec: 255,987 | bf16_mfu: 0.00 | epoch: 1 pq: 18 rg: 67 | total time: 53.48m | eta: 30.8m
step 01603/02520 (63.61%) | loss: 2.963358 | lrm: 0.58 | dt: 2062.53ms | tok/sec: 254,197 | bf16_mfu: 0.00 | epoch: 1 pq: 18 rg: 68 | total time: 53.51m | eta: 30.8m
step 01604/02520 (63.65%) | loss: 2.971036 | lrm: 0.58 | dt: 2046.20ms | tok/sec: 256,225 | bf16_mfu: 0.00 | epoch: 1 pq: 18 rg: 69 | total time: 53.55m | eta: 30.8m
step 01605/02520 (63.69%) | loss: 2.971688 | lrm: 0.58 | dt: 2035.06ms | tok/sec: 257,627 | bf16_mfu: 0.00 | epoch: 1 pq: 18 rg: 70 | total time: 53.58m | eta: 30.7m
step 01606/02520 (63.73%) | loss: 2.984683 | lrm: 0.58 | dt: 2031.45ms | tok/sec: 258,085 | bf16_mfu: 0.00 | epoch: 1 pq: 18 rg: 71 | total time: 53.61m | eta: 30.7m
step 01607/02520 (63.77%) | loss: 2.996469 | lrm: 0.58 | dt: 2019.21ms | tok/sec: 259,650 | bf16_mfu: 0.00 | epoch: 1 pq: 18 rg: 72 | total time: 53.65m | eta: 30.7m
step 01608/02520 (63.81%) | loss: 2.988430 | lrm: 0.58 | dt: 1989.77ms | tok/sec: 263,491 | bf16_mfu: 0.00 | epoch: 1 pq: 18 rg: 73 | total time: 53.68m | eta: 30.6m
step 01609/02520 (63.85%) | loss: 2.996551 | lrm: 0.58 | dt: 2008.34ms | tok/sec: 261,055 | bf16_mfu: 0.00 | epoch: 1 pq: 18 rg: 74 | total time: 53.71m | eta: 30.6m
step 01610/02520 (63.89%) | loss: 2.989318 | lrm: 0.58 | dt: 2022.07ms | tok/sec: 259,283 | bf16_mfu: 0.00 | epoch: 1 pq: 18 rg: 75 | total time: 53.75m | eta: 30.6m
step 01611/02520 (63.93%) | loss: 2.994839 | lrm: 0.58 | dt: 1994.45ms | tok/sec: 262,873 | bf16_mfu: 0.00 | epoch: 1 pq: 18 rg: 76 | total time: 53.78m | eta: 30.5m
step 01612/02520 (63.97%) | loss: 2.980078 | lrm: 0.58 | dt: 2043.80ms | tok/sec: 256,525 | bf16_mfu: 0.00 | epoch: 1 pq: 18 rg: 77 | total time: 53.82m | eta: 30.5m
step 01613/02520 (64.01%) | loss: 2.976958 | lrm: 0.58 | dt: 2041.81ms | tok/sec: 256,776 | bf16_mfu: 0.00 | epoch: 1 pq: 18 rg: 78 | total time: 53.85m | eta: 30.5m
step 01614/02520 (64.05%) | loss: 2.976326 | lrm: 0.58 | dt: 2037.12ms | tok/sec: 257,366 | bf16_mfu: 0.00 | epoch: 1 pq: 18 rg: 79 | total time: 53.88m | eta: 30.4m
step 01615/02520 (64.09%) | loss: 2.967072 | lrm: 0.57 | dt: 2050.44ms | tok/sec: 255,695 | bf16_mfu: 0.00 | epoch: 1 pq: 18 rg: 80 | total time: 53.92m | eta: 30.4m
step 01616/02520 (64.13%) | loss: 2.972149 | lrm: 0.57 | dt: 2014.79ms | tok/sec: 260,219 | bf16_mfu: 0.00 | epoch: 1 pq: 18 rg: 81 | total time: 53.95m | eta: 30.4m
step 01617/02520 (64.17%) | loss: 2.975796 | lrm: 0.57 | dt: 2064.70ms | tok/sec: 253,929 | bf16_mfu: 0.00 | epoch: 1 pq: 18 rg: 82 | total time: 53.99m | eta: 30.3m
step 01618/02520 (64.21%) | loss: 2.975379 | lrm: 0.57 | dt: 2067.34ms | tok/sec: 253,605 | bf16_mfu: 0.00 | epoch: 1 pq: 19 rg: 0 | total time: 54.02m | eta: 30.3m
step 01619/02520 (64.25%) | loss: 2.966816 | lrm: 0.57 | dt: 2017.15ms | tok/sec: 259,914 | bf16_mfu: 0.00 | epoch: 1 pq: 19 rg: 1 | total time: 54.05m | eta: 30.3m
step 01620/02520 (64.29%) | loss: 2.950477 | lrm: 0.57 | dt: 2020.63ms | tok/sec: 259,468 | bf16_mfu: 0.00 | epoch: 1 pq: 19 rg: 2 | total time: 54.09m | eta: 30.2m
step 01621/02520 (64.33%) | loss: 2.938718 | lrm: 0.57 | dt: 1999.13ms | tok/sec: 262,257 | bf16_mfu: 0.00 | epoch: 1 pq: 19 rg: 3 | total time: 54.12m | eta: 30.2m
step 01622/02520 (64.37%) | loss: 2.945154 | lrm: 0.57 | dt: 2034.94ms | tok/sec: 257,643 | bf16_mfu: 0.00 | epoch: 1 pq: 19 rg: 4 | total time: 54.16m | eta: 30.2m
step 01623/02520 (64.40%) | loss: 2.951251 | lrm: 0.57 | dt: 2030.60ms | tok/sec: 258,193 | bf16_mfu: 0.00 | epoch: 1 pq: 19 rg: 5 | total time: 54.19m | eta: 30.1m
step 01624/02520 (64.44%) | loss: 2.956178 | lrm: 0.57 | dt: 2028.89ms | tok/sec: 258,411 | bf16_mfu: 0.00 | epoch: 1 pq: 19 rg: 6 | total time: 54.22m | eta: 30.1m
step 01625/02520 (64.48%) | loss: 2.953215 | lrm: 0.57 | dt: 2048.78ms | tok/sec: 255,902 | bf16_mfu: 0.00 | epoch: 1 pq: 19 rg: 7 | total time: 54.26m | eta: 30.1m
step 01626/02520 (64.52%) | loss: 2.944536 | lrm: 0.57 | dt: 2058.85ms | tok/sec: 254,650 | bf16_mfu: 0.00 | epoch: 1 pq: 19 rg: 8 | total time: 54.29m | eta: 30.0m
step 01627/02520 (64.56%) | loss: 2.943770 | lrm: 0.57 | dt: 2067.45ms | tok/sec: 253,591 | bf16_mfu: 0.00 | epoch: 1 pq: 19 rg: 9 | total time: 54.33m | eta: 30.0m
step 01628/02520 (64.60%) | loss: 2.942220 | lrm: 0.57 | dt: 1994.09ms | tok/sec: 262,921 | bf16_mfu: 0.00 | epoch: 1 pq: 19 rg: 10 | total time: 54.36m | eta: 30.0m
step 01629/02520 (64.64%) | loss: 2.938677 | lrm: 0.57 | dt: 2010.00ms | tok/sec: 260,839 | bf16_mfu: 0.00 | epoch: 1 pq: 19 rg: 11 | total time: 54.39m | eta: 29.9m
step 01630/02520 (64.68%) | loss: 2.943558 | lrm: 0.57 | dt: 2003.06ms | tok/sec: 261,743 | bf16_mfu: 0.00 | epoch: 1 pq: 19 rg: 12 | total time: 54.43m | eta: 29.9m
step 01631/02520 (64.72%) | loss: 2.941489 | lrm: 0.57 | dt: 1994.52ms | tok/sec: 262,864 | bf16_mfu: 0.00 | epoch: 1 pq: 19 rg: 13 | total time: 54.46m | eta: 29.9m
step 01632/02520 (64.76%) | loss: 2.934876 | lrm: 0.57 | dt: 1986.48ms | tok/sec: 263,927 | bf16_mfu: 0.00 | epoch: 1 pq: 19 rg: 14 | total time: 54.49m | eta: 29.8m
step 01633/02520 (64.80%) | loss: 2.938490 | lrm: 0.56 | dt: 2012.59ms | tok/sec: 260,503 | bf16_mfu: 0.00 | epoch: 1 pq: 19 rg: 15 | total time: 54.53m | eta: 29.8m
step 01634/02520 (64.84%) | loss: 2.944198 | lrm: 0.56 | dt: 1994.53ms | tok/sec: 262,862 | bf16_mfu: 0.00 | epoch: 1 pq: 19 rg: 16 | total time: 54.56m | eta: 29.8m
step 01635/02520 (64.88%) | loss: 2.943430 | lrm: 0.56 | dt: 2046.85ms | tok/sec: 256,143 | bf16_mfu: 0.00 | epoch: 1 pq: 19 rg: 17 | total time: 54.59m | eta: 29.7m
step 01636/02520 (64.92%) | loss: 2.954449 | lrm: 0.56 | dt: 2044.71ms | tok/sec: 256,411 | bf16_mfu: 0.00 | epoch: 1 pq: 19 rg: 18 | total time: 54.63m | eta: 29.7m
step 01637/02520 (64.96%) | loss: 2.949006 | lrm: 0.56 | dt: 2062.25ms | tok/sec: 254,231 | bf16_mfu: 0.00 | epoch: 1 pq: 19 rg: 19 | total time: 54.66m | eta: 29.7m
2026-09-27 17:32:41,292 - nanochat.checkpoint_manager - [32m[1mINFO[0m - Saved model parameters to: /home/neo/.cache/nanochat/base_checkpoints/looped_L8_lr1_lr1_h1.0_s0/model_001638.pt
2026-09-27 17:32:41,751 - nanochat.checkpoint_manager - [32m[1mINFO[0m - Saved optimizer state to: /home/neo/.cache/nanochat/base_checkpoints/looped_L8_lr1_lr1_h1.0_s0/optim_001638_rank0.pt
2026-09-27 17:32:41,753 - nanochat.checkpoint_manager - [32m[1mINFO[0m - Saved metadata to: /home/neo/.cache/nanochat/base_checkpoints/looped_L8_lr1_lr1_h1.0_s0/meta_001638.json
step 01638/02520 (65.00%) | loss: 2.958575 | lrm: 0.56 | dt: 1978.31ms | tok/sec: 265,018 | bf16_mfu: 0.00 | epoch: 1 pq: 19 rg: 20 | total time: 54.69m | eta: 29.6m
step 01639/02520 (65.04%) | loss: 2.969904 | lrm: 0.56 | dt: 1983.05ms | tok/sec: 264,384 | bf16_mfu: 0.00 | epoch: 1 pq: 19 rg: 21 | total time: 54.73m | eta: 29.6m
step 01640/02520 (65.08%) | loss: 2.963255 | lrm: 0.56 | dt: 2036.39ms | tok/sec: 257,459 | bf16_mfu: 0.00 | epoch: 1 pq: 19 rg: 22 | total time: 54.76m | eta: 29.6m
step 01641/02520 (65.12%) | loss: 2.964270 | lrm: 0.56 | dt: 2013.82ms | tok/sec: 260,345 | bf16_mfu: 0.00 | epoch: 1 pq: 19 rg: 23 | total time: 54.79m | eta: 29.5m
step 01642/02520 (65.16%) | loss: 2.969636 | lrm: 0.56 | dt: 2026.08ms | tok/sec: 258,769 | bf16_mfu: 0.00 | epoch: 1 pq: 19 rg: 23 | total time: 54.83m | eta: 29.5m
step 01643/02520 (65.20%) | loss: 2.966995 | lrm: 0.56 | dt: 2045.34ms | tok/sec: 256,332 | bf16_mfu: 0.00 | epoch: 1 pq: 19 rg: 24 | total time: 54.86m | eta: 29.5m
step 01644/02520 (65.24%) | loss: 2.960687 | lrm: 0.56 | dt: 2042.95ms | tok/sec: 256,633 | bf16_mfu: 0.00 | epoch: 1 pq: 19 rg: 25 | total time: 54.90m | eta: 29.4m
step 01645/02520 (65.28%) | loss: 2.953420 | lrm: 0.56 | dt: 2035.86ms | tok/sec: 257,526 | bf16_mfu: 0.00 | epoch: 1 pq: 19 rg: 26 | total time: 54.93m | eta: 29.4m
step 01646/02520 (65.32%) | loss: 2.947890 | lrm: 0.56 | dt: 2034.22ms | tok/sec: 257,733 | bf16_mfu: 0.00 | epoch: 1 pq: 19 rg: 27 | total time: 54.96m | eta: 29.4m
step 01647/02520 (65.36%) | loss: 2.957717 | lrm: 0.56 | dt: 1998.92ms | tok/sec: 262,286 | bf16_mfu: 0.00 | epoch: 1 pq: 19 rg: 28 | total time: 55.00m | eta: 29.3m
step 01648/02520 (65.40%) | loss: 2.959552 | lrm: 0.56 | dt: 2026.77ms | tok/sec: 258,681 | bf16_mfu: 0.00 | epoch: 1 pq: 19 rg: 29 | total time: 55.03m | eta: 29.3m
step 01649/02520 (65.44%) | loss: 2.966390 | lrm: 0.56 | dt: 2049.94ms | tok/sec: 255,757 | bf16_mfu: 0.00 | epoch: 1 pq: 19 rg: 30 | total time: 55.07m | eta: 29.3m
step 01650/02520 (65.48%) | loss: 2.976564 | lrm: 0.55 | dt: 2026.11ms | tok/sec: 258,766 | bf16_mfu: 0.00 | epoch: 1 pq: 19 rg: 31 | total time: 55.10m | eta: 29.2m
step 01651/02520 (65.52%) | loss: 2.976797 | lrm: 0.55 | dt: 2028.56ms | tok/sec: 258,453 | bf16_mfu: 0.00 | epoch: 1 pq: 19 rg: 32 | total time: 55.13m | eta: 29.2m
step 01652/02520 (65.56%) | loss: 2.981820 | lrm: 0.55 | dt: 2026.80ms | tok/sec: 258,678 | bf16_mfu: 0.00 | epoch: 1 pq: 19 rg: 33 | total time: 55.17m | eta: 29.2m
step 01653/02520 (65.60%) | loss: 2.990042 | lrm: 0.55 | dt: 2023.61ms | tok/sec: 259,085 | bf16_mfu: 0.00 | epoch: 1 pq: 19 rg: 34 | total time: 55.20m | eta: 29.1m
step 01654/02520 (65.63%) | loss: 2.986777 | lrm: 0.55 | dt: 2017.90ms | tok/sec: 259,818 | bf16_mfu: 0.00 | epoch: 1 pq: 19 rg: 35 | total time: 55.23m | eta: 29.1m
step 01655/02520 (65.67%) | loss: 2.985158 | lrm: 0.55 | dt: 2035.82ms | tok/sec: 257,531 | bf16_mfu: 0.00 | epoch: 1 pq: 19 rg: 36 | total time: 55.27m | eta: 29.1m
step 01656/02520 (65.71%) | loss: 2.983015 | lrm: 0.55 | dt: 2010.98ms | tok/sec: 260,712 | bf16_mfu: 0.00 | epoch: 1 pq: 19 rg: 37 | total time: 55.30m | eta: 29.0m
step 01657/02520 (65.75%) | loss: 2.979380 | lrm: 0.55 | dt: 2023.04ms | tok/sec: 259,158 | bf16_mfu: 0.00 | epoch: 1 pq: 19 rg: 38 | total time: 55.34m | eta: 29.0m
step 01658/02520 (65.79%) | loss: 2.965288 | lrm: 0.55 | dt: 2000.60ms | tok/sec: 262,065 | bf16_mfu: 0.00 | epoch: 1 pq: 19 rg: 39 | total time: 55.37m | eta: 29.0m
step 01659/02520 (65.83%) | loss: 2.949818 | lrm: 0.55 | dt: 2031.98ms | tok/sec: 258,018 | bf16_mfu: 0.00 | epoch: 1 pq: 19 rg: 40 | total time: 55.40m | eta: 28.9m
step 01660/02520 (65.87%) | loss: 2.950965 | lrm: 0.55 | dt: 2054.20ms | tok/sec: 255,227 | bf16_mfu: 0.00 | epoch: 1 pq: 19 rg: 41 | total time: 55.44m | eta: 28.9m
step 01661/02520 (65.91%) | loss: 2.939037 | lrm: 0.55 | dt: 2016.47ms | tok/sec: 260,002 | bf16_mfu: 0.00 | epoch: 1 pq: 19 rg: 42 | total time: 55.47m | eta: 28.9m
step 01662/02520 (65.95%) | loss: 2.943427 | lrm: 0.55 | dt: 2044.33ms | tok/sec: 256,459 | bf16_mfu: 0.00 | epoch: 1 pq: 19 rg: 43 | total time: 55.50m | eta: 28.8m
step 01663/02520 (65.99%) | loss: 2.942015 | lrm: 0.55 | dt: 2053.58ms | tok/sec: 255,304 | bf16_mfu: 0.00 | epoch: 1 pq: 19 rg: 44 | total time: 55.54m | eta: 28.8m
step 01664/02520 (66.03%) | loss: 2.962164 | lrm: 0.55 | dt: 1993.97ms | tok/sec: 262,936 | bf16_mfu: 0.00 | epoch: 1 pq: 19 rg: 45 | total time: 55.57m | eta: 28.8m
step 01665/02520 (66.07%) | loss: 2.955921 | lrm: 0.55 | dt: 1987.46ms | tok/sec: 263,797 | bf16_mfu: 0.00 | epoch: 1 pq: 19 rg: 46 | total time: 55.61m | eta: 28.7m
step 01666/02520 (66.11%) | loss: 2.954971 | lrm: 0.55 | dt: 2038.18ms | tok/sec: 257,233 | bf16_mfu: 0.00 | epoch: 1 pq: 19 rg: 47 | total time: 55.64m | eta: 28.7m
step 01667/02520 (66.15%) | loss: 2.962982 | lrm: 0.54 | dt: 2028.56ms | tok/sec: 258,453 | bf16_mfu: 0.00 | epoch: 1 pq: 19 rg: 48 | total time: 55.67m | eta: 28.7m
step 01668/02520 (66.19%) | loss: 2.961183 | lrm: 0.54 | dt: 2048.55ms | tok/sec: 255,931 | bf16_mfu: 0.00 | epoch: 1 pq: 19 rg: 49 | total time: 55.71m | eta: 28.6m
step 01669/02520 (66.23%) | loss: 2.964767 | lrm: 0.54 | dt: 2084.97ms | tok/sec: 251,460 | bf16_mfu: 0.00 | epoch: 1 pq: 19 rg: 50 | total time: 55.74m | eta: 28.6m
step 01670/02520 (66.27%) | loss: 2.958382 | lrm: 0.54 | dt: 2076.51ms | tok/sec: 252,484 | bf16_mfu: 0.00 | epoch: 1 pq: 19 rg: 50 | total time: 55.78m | eta: 28.6m
step 01671/02520 (66.31%) | loss: 2.958633 | lrm: 0.54 | dt: 2041.31ms | tok/sec: 256,839 | bf16_mfu: 0.00 | epoch: 1 pq: 19 rg: 51 | total time: 55.81m | eta: 28.5m
step 01672/02520 (66.35%) | loss: 2.955308 | lrm: 0.54 | dt: 2012.54ms | tok/sec: 260,511 | bf16_mfu: 0.00 | epoch: 1 pq: 19 rg: 52 | total time: 55.84m | eta: 28.5m
step 01673/02520 (66.39%) | loss: 2.957022 | lrm: 0.54 | dt: 2039.06ms | tok/sec: 257,122 | bf16_mfu: 0.00 | epoch: 1 pq: 19 rg: 53 | total time: 55.88m | eta: 28.5m
step 01674/02520 (66.43%) | loss: 2.958031 | lrm: 0.54 | dt: 2057.23ms | tok/sec: 254,851 | bf16_mfu: 0.00 | epoch: 1 pq: 19 rg: 54 | total time: 55.91m | eta: 28.4m
step 01675/02520 (66.47%) | loss: 2.960993 | lrm: 0.54 | dt: 2018.79ms | tok/sec: 259,703 | bf16_mfu: 0.00 | epoch: 1 pq: 19 rg: 55 | total time: 55.95m | eta: 28.4m
step 01676/02520 (66.51%) | loss: 2.962453 | lrm: 0.54 | dt: 2056.30ms | tok/sec: 254,966 | bf16_mfu: 0.00 | epoch: 1 pq: 19 rg: 56 | total time: 55.98m | eta: 28.4m
step 01677/02520 (66.55%) | loss: 2.963407 | lrm: 0.54 | dt: 2023.16ms | tok/sec: 259,143 | bf16_mfu: 0.00 | epoch: 1 pq: 19 rg: 57 | total time: 56.01m | eta: 28.3m
step 01678/02520 (66.59%) | loss: 2.961511 | lrm: 0.54 | dt: 2014.81ms | tok/sec: 260,217 | bf16_mfu: 0.00 | epoch: 1 pq: 19 rg: 58 | total time: 56.05m | eta: 28.3m
step 01679/02520 (66.63%) | loss: 2.960436 | lrm: 0.54 | dt: 2014.55ms | tok/sec: 260,250 | bf16_mfu: 0.00 | epoch: 1 pq: 19 rg: 59 | total time: 56.08m | eta: 28.3m
step 01680/02520 (66.67%) | loss: 2.963951 | lrm: 0.54 | dt: 1990.96ms | tok/sec: 263,334 | bf16_mfu: 0.00 | epoch: 1 pq: 19 rg: 60 | total time: 56.11m | eta: 28.2m
step 01681/02520 (66.71%) | loss: 2.951050 | lrm: 0.54 | dt: 2002.22ms | tok/sec: 261,853 | bf16_mfu: 0.00 | epoch: 1 pq: 19 rg: 61 | total time: 56.15m | eta: 28.2m
step 01682/02520 (66.75%) | loss: 2.935778 | lrm: 0.54 | dt: 1985.95ms | tok/sec: 263,998 | bf16_mfu: 0.00 | epoch: 1 pq: 19 rg: 62 | total time: 56.18m | eta: 28.2m
step 01683/02520 (66.79%) | loss: 2.932845 | lrm: 0.54 | dt: 1986.48ms | tok/sec: 263,927 | bf16_mfu: 0.00 | epoch: 1 pq: 19 rg: 63 | total time: 56.21m | eta: 28.1m
step 01684/02520 (66.83%) | loss: 2.922007 | lrm: 0.53 | dt: 1986.71ms | tok/sec: 263,897 | bf16_mfu: 0.00 | epoch: 1 pq: 19 rg: 64 | total time: 56.25m | eta: 28.1m
step 01685/02520 (66.87%) | loss: 2.923843 | lrm: 0.53 | dt: 1986.08ms | tok/sec: 263,980 | bf16_mfu: 0.00 | epoch: 1 pq: 19 rg: 65 | total time: 56.28m | eta: 28.1m
step 01686/02520 (66.90%) | loss: 2.923897 | lrm: 0.53 | dt: 1987.81ms | tok/sec: 263,751 | bf16_mfu: 0.00 | epoch: 1 pq: 19 rg: 66 | total time: 56.31m | eta: 28.0m
step 01687/02520 (66.94%) | loss: 2.935382 | lrm: 0.53 | dt: 2086.22ms | tok/sec: 251,309 | bf16_mfu: 0.00 | epoch: 1 pq: 19 rg: 67 | total time: 56.35m | eta: 28.0m
step 01688/02520 (66.98%) | loss: 2.940389 | lrm: 0.53 | dt: 2012.60ms | tok/sec: 260,502 | bf16_mfu: 0.00 | epoch: 1 pq: 19 rg: 68 | total time: 56.38m | eta: 28.0m
step 01689/02520 (67.02%) | loss: 2.942725 | lrm: 0.53 | dt: 1991.95ms | tok/sec: 263,202 | bf16_mfu: 0.00 | epoch: 1 pq: 19 rg: 69 | total time: 56.42m | eta: 27.9m
step 01690/02520 (67.06%) | loss: 2.945228 | lrm: 0.53 | dt: 2004.55ms | tok/sec: 261,549 | bf16_mfu: 0.00 | epoch: 1 pq: 19 rg: 70 | total time: 56.45m | eta: 27.9m
step 01691/02520 (67.10%) | loss: 2.940018 | lrm: 0.53 | dt: 2033.42ms | tok/sec: 257,835 | bf16_mfu: 0.00 | epoch: 1 pq: 19 rg: 71 | total time: 56.48m | eta: 27.9m
step 01692/02520 (67.14%) | loss: 2.939177 | lrm: 0.53 | dt: 2020.20ms | tok/sec: 259,522 | bf16_mfu: 0.00 | epoch: 1 pq: 19 rg: 72 | total time: 56.52m | eta: 27.8m
step 01693/02520 (67.18%) | loss: 2.920940 | lrm: 0.53 | dt: 1985.74ms | tok/sec: 264,026 | bf16_mfu: 0.00 | epoch: 1 pq: 19 rg: 73 | total time: 56.55m | eta: 27.8m
step 01694/02520 (67.22%) | loss: 2.923409 | lrm: 0.53 | dt: 1985.36ms | tok/sec: 264,077 | bf16_mfu: 0.00 | epoch: 1 pq: 19 rg: 74 | total time: 56.58m | eta: 27.8m
step 01695/02520 (67.26%) | loss: 2.905911 | lrm: 0.53 | dt: 1986.32ms | tok/sec: 263,948 | bf16_mfu: 0.00 | epoch: 1 pq: 19 rg: 75 | total time: 56.62m | eta: 27.7m
step 01696/02520 (67.30%) | loss: 2.904738 | lrm: 0.53 | dt: 1987.11ms | tok/sec: 263,844 | bf16_mfu: 0.00 | epoch: 1 pq: 19 rg: 76 | total time: 56.65m | eta: 27.7m
step 01697/02520 (67.34%) | loss: 2.905997 | lrm: 0.53 | dt: 2061.33ms | tok/sec: 254,344 | bf16_mfu: 0.00 | epoch: 1 pq: 19 rg: 77 | total time: 56.68m | eta: 27.7m
step 01698/02520 (67.38%) | loss: 2.910425 | lrm: 0.53 | dt: 2029.16ms | tok/sec: 258,377 | bf16_mfu: 0.00 | epoch: 1 pq: 19 rg: 78 | total time: 56.72m | eta: 27.6m
step 01699/02520 (67.42%) | loss: 2.915518 | lrm: 0.53 | dt: 2020.43ms | tok/sec: 259,493 | bf16_mfu: 0.00 | epoch: 1 pq: 19 rg: 79 | total time: 56.75m | eta: 27.6m
step 01700/02520 (67.46%) | loss: 2.928877 | lrm: 0.53 | dt: 2039.59ms | tok/sec: 257,055 | bf16_mfu: 0.00 | epoch: 1 pq: 19 rg: 80 | total time: 56.78m | eta: 27.6m
step 01701/02520 (67.50%) | loss: 2.934829 | lrm: 0.53 | dt: 2038.21ms | tok/sec: 257,230 | bf16_mfu: 0.00 | epoch: 1 pq: 19 rg: 80 | total time: 56.82m | eta: 27.5m
step 01702/02520 (67.54%) | loss: 2.933056 | lrm: 0.52 | dt: 2042.82ms | tok/sec: 256,648 | bf16_mfu: 0.00 | epoch: 1 pq: 19 rg: 81 | total time: 56.85m | eta: 27.5m
step 01703/02520 (67.58%) | loss: 2.929261 | lrm: 0.52 | dt: 2059.80ms | tok/sec: 254,533 | bf16_mfu: 0.00 | epoch: 1 pq: 20 rg: 0 | total time: 56.89m | eta: 27.5m
step 01704/02520 (67.62%) | loss: 2.942993 | lrm: 0.52 | dt: 2052.37ms | tok/sec: 255,454 | bf16_mfu: 0.00 | epoch: 1 pq: 20 rg: 1 | total time: 56.92m | eta: 27.4m
step 01705/02520 (67.66%) | loss: 2.959419 | lrm: 0.52 | dt: 2014.87ms | tok/sec: 260,209 | bf16_mfu: 0.00 | epoch: 1 pq: 20 rg: 2 | total time: 56.95m | eta: 27.4m
step 01706/02520 (67.70%) | loss: 2.950509 | lrm: 0.52 | dt: 2058.10ms | tok/sec: 254,744 | bf16_mfu: 0.00 | epoch: 1 pq: 20 rg: 3 | total time: 56.99m | eta: 27.4m
step 01707/02520 (67.74%) | loss: 2.944107 | lrm: 0.52 | dt: 2021.41ms | tok/sec: 259,367 | bf16_mfu: 0.00 | epoch: 1 pq: 20 rg: 4 | total time: 57.02m | eta: 27.3m
step 01708/02520 (67.78%) | loss: 2.943065 | lrm: 0.52 | dt: 1987.22ms | tok/sec: 263,830 | bf16_mfu: 0.00 | epoch: 1 pq: 20 rg: 5 | total time: 57.06m | eta: 27.3m
step 01709/02520 (67.82%) | loss: 2.947952 | lrm: 0.52 | dt: 1986.11ms | tok/sec: 263,977 | bf16_mfu: 0.00 | epoch: 1 pq: 20 rg: 6 | total time: 57.09m | eta: 27.3m
step 01710/02520 (67.86%) | loss: 2.935683 | lrm: 0.52 | dt: 1987.15ms | tok/sec: 263,839 | bf16_mfu: 0.00 | epoch: 1 pq: 20 rg: 7 | total time: 57.12m | eta: 27.2m
step 01711/02520 (67.90%) | loss: 2.942582 | lrm: 0.52 | dt: 1986.50ms | tok/sec: 263,925 | bf16_mfu: 0.00 | epoch: 1 pq: 20 rg: 8 | total time: 57.15m | eta: 27.2m
step 01712/02520 (67.94%) | loss: 2.933657 | lrm: 0.52 | dt: 2033.11ms | tok/sec: 257,874 | bf16_mfu: 0.00 | epoch: 1 pq: 20 rg: 9 | total time: 57.19m | eta: 27.1m
step 01713/02520 (67.98%) | loss: 2.938671 | lrm: 0.52 | dt: 2046.56ms | tok/sec: 256,179 | bf16_mfu: 0.00 | epoch: 1 pq: 20 rg: 10 | total time: 57.22m | eta: 27.1m
step 01714/02520 (68.02%) | loss: 2.941109 | lrm: 0.52 | dt: 2005.74ms | tok/sec: 261,393 | bf16_mfu: 0.00 | epoch: 1 pq: 20 rg: 11 | total time: 57.26m | eta: 27.1m
step 01715/02520 (68.06%) | loss: 2.951582 | lrm: 0.52 | dt: 2045.29ms | tok/sec: 256,339 | bf16_mfu: 0.00 | epoch: 1 pq: 20 rg: 12 | total time: 57.29m | eta: 27.0m
step 01716/02520 (68.10%) | loss: 2.946157 | lrm: 0.52 | dt: 2017.08ms | tok/sec: 259,923 | bf16_mfu: 0.00 | epoch: 1 pq: 20 rg: 13 | total time: 57.32m | eta: 27.0m
step 01717/02520 (68.13%) | loss: 2.939220 | lrm: 0.52 | dt: 2051.30ms | tok/sec: 255,587 | bf16_mfu: 0.00 | epoch: 1 pq: 20 rg: 14 | total time: 57.36m | eta: 27.0m
step 01718/02520 (68.17%) | loss: 2.934086 | lrm: 0.52 | dt: 2012.58ms | tok/sec: 260,504 | bf16_mfu: 0.00 | epoch: 1 pq: 20 rg: 15 | total time: 57.39m | eta: 26.9m
step 01719/02520 (68.21%) | loss: 2.933675 | lrm: 0.51 | dt: 2053.15ms | tok/sec: 255,357 | bf16_mfu: 0.00 | epoch: 1 pq: 20 rg: 16 | total time: 57.43m | eta: 26.9m
step 01720/02520 (68.25%) | loss: 2.938523 | lrm: 0.51 | dt: 2027.04ms | tok/sec: 258,647 | bf16_mfu: 0.00 | epoch: 1 pq: 20 rg: 17 | total time: 57.46m | eta: 26.9m
step 01721/02520 (68.29%) | loss: 2.936703 | lrm: 0.51 | dt: 2044.15ms | tok/sec: 256,481 | bf16_mfu: 0.00 | epoch: 1 pq: 20 rg: 18 | total time: 57.49m | eta: 26.8m
step 01722/02520 (68.33%) | loss: 2.941985 | lrm: 0.51 | dt: 2052.13ms | tok/sec: 255,484 | bf16_mfu: 0.00 | epoch: 1 pq: 20 rg: 19 | total time: 57.53m | eta: 26.8m
step 01723/02520 (68.37%) | loss: 2.945990 | lrm: 0.51 | dt: 2047.86ms | tok/sec: 256,016 | bf16_mfu: 0.00 | epoch: 1 pq: 20 rg: 20 | total time: 57.56m | eta: 26.8m
step 01724/02520 (68.41%) | loss: 2.938550 | lrm: 0.51 | dt: 2003.41ms | tok/sec: 261,698 | bf16_mfu: 0.00 | epoch: 1 pq: 20 rg: 21 | total time: 57.60m | eta: 26.7m
step 01725/02520 (68.45%) | loss: 2.934208 | lrm: 0.51 | dt: 2014.83ms | tok/sec: 260,214 | bf16_mfu: 0.00 | epoch: 1 pq: 20 rg: 22 | total time: 57.63m | eta: 26.7m
step 01726/02520 (68.49%) | loss: 2.939681 | lrm: 0.51 | dt: 2035.02ms | tok/sec: 257,632 | bf16_mfu: 0.00 | epoch: 1 pq: 20 rg: 23 | total time: 57.66m | eta: 26.7m
step 01727/02520 (68.53%) | loss: 2.929264 | lrm: 0.51 | dt: 2036.56ms | tok/sec: 257,437 | bf16_mfu: 0.00 | epoch: 1 pq: 20 rg: 24 | total time: 57.70m | eta: 26.6m
step 01728/02520 (68.57%) | loss: 2.938796 | lrm: 0.51 | dt: 2042.30ms | tok/sec: 256,714 | bf16_mfu: 0.00 | epoch: 1 pq: 20 rg: 25 | total time: 57.73m | eta: 26.6m
step 01729/02520 (68.61%) | loss: 2.949936 | lrm: 0.51 | dt: 2027.74ms | tok/sec: 258,558 | bf16_mfu: 0.00 | epoch: 1 pq: 20 rg: 26 | total time: 57.76m | eta: 26.6m
step 01730/02520 (68.65%) | loss: 2.948748 | lrm: 0.51 | dt: 2043.86ms | tok/sec: 256,518 | bf16_mfu: 0.00 | epoch: 1 pq: 20 rg: 27 | total time: 57.80m | eta: 26.5m
step 01731/02520 (68.69%) | loss: 2.948086 | lrm: 0.51 | dt: 2040.71ms | tok/sec: 256,914 | bf16_mfu: 0.00 | epoch: 1 pq: 20 rg: 28 | total time: 57.83m | eta: 26.5m
step 01732/02520 (68.73%) | loss: 2.938390 | lrm: 0.51 | dt: 2041.93ms | tok/sec: 256,760 | bf16_mfu: 0.00 | epoch: 1 pq: 20 rg: 29 | total time: 57.87m | eta: 26.5m
step 01733/02520 (68.77%) | loss: 2.933370 | lrm: 0.51 | dt: 2037.20ms | tok/sec: 257,357 | bf16_mfu: 0.00 | epoch: 1 pq: 20 rg: 30 | total time: 57.90m | eta: 26.4m
step 01734/02520 (68.81%) | loss: 2.942435 | lrm: 0.51 | dt: 1986.81ms | tok/sec: 263,884 | bf16_mfu: 0.00 | epoch: 1 pq: 20 rg: 30 | total time: 57.93m | eta: 26.4m
step 01735/02520 (68.85%) | loss: 2.944003 | lrm: 0.51 | dt: 1987.23ms | tok/sec: 263,828 | bf16_mfu: 0.00 | epoch: 1 pq: 20 rg: 31 | total time: 57.97m | eta: 26.4m
step 01736/02520 (68.89%) | loss: 2.932419 | lrm: 0.50 | dt: 1987.48ms | tok/sec: 263,795 | bf16_mfu: 0.00 | epoch: 1 pq: 20 rg: 32 | total time: 58.00m | eta: 26.3m
step 01737/02520 (68.93%) | loss: 2.923606 | lrm: 0.50 | dt: 1989.00ms | tok/sec: 263,593 | bf16_mfu: 0.00 | epoch: 1 pq: 20 rg: 33 | total time: 58.03m | eta: 26.3m
step 01738/02520 (68.97%) | loss: 2.920198 | lrm: 0.50 | dt: 2045.21ms | tok/sec: 256,349 | bf16_mfu: 0.00 | epoch: 1 pq: 20 rg: 34 | total time: 58.07m | eta: 26.3m
step 01739/02520 (69.01%) | loss: 2.930075 | lrm: 0.50 | dt: 2030.31ms | tok/sec: 258,230 | bf16_mfu: 0.00 | epoch: 1 pq: 20 rg: 35 | total time: 58.10m | eta: 26.2m
step 01740/02520 (69.05%) | loss: 2.920533 | lrm: 0.50 | dt: 2010.25ms | tok/sec: 260,807 | bf16_mfu: 0.00 | epoch: 1 pq: 20 rg: 36 | total time: 58.13m | eta: 26.2m
step 01741/02520 (69.09%) | loss: 2.922137 | lrm: 0.50 | dt: 2023.44ms | tok/sec: 259,106 | bf16_mfu: 0.00 | epoch: 1 pq: 20 rg: 37 | total time: 58.17m | eta: 26.2m
step 01742/02520 (69.13%) | loss: 2.924703 | lrm: 0.50 | dt: 1993.37ms | tok/sec: 263,016 | bf16_mfu: 0.00 | epoch: 1 pq: 20 rg: 38 | total time: 58.20m | eta: 26.1m
step 01743/02520 (69.17%) | loss: 2.912620 | lrm: 0.50 | dt: 1992.67ms | tok/sec: 263,108 | bf16_mfu: 0.00 | epoch: 1 pq: 20 rg: 39 | total time: 58.23m | eta: 26.1m
step 01744/02520 (69.21%) | loss: 2.909443 | lrm: 0.50 | dt: 2012.49ms | tok/sec: 260,516 | bf16_mfu: 0.00 | epoch: 1 pq: 20 rg: 40 | total time: 58.27m | eta: 26.1m
step 01745/02520 (69.25%) | loss: 2.924169 | lrm: 0.50 | dt: 2063.14ms | tok/sec: 254,121 | bf16_mfu: 0.00 | epoch: 1 pq: 20 rg: 41 | total time: 58.30m | eta: 26.0m
step 01746/02520 (69.29%) | loss: 2.916912 | lrm: 0.50 | dt: 2009.00ms | tok/sec: 260,969 | bf16_mfu: 0.00 | epoch: 1 pq: 20 rg: 42 | total time: 58.34m | eta: 26.0m
step 01747/02520 (69.33%) | loss: 2.919686 | lrm: 0.50 | dt: 1996.56ms | tok/sec: 262,595 | bf16_mfu: 0.00 | epoch: 1 pq: 20 rg: 43 | total time: 58.37m | eta: 26.0m
step 01748/02520 (69.37%) | loss: 2.923297 | lrm: 0.50 | dt: 1989.28ms | tok/sec: 263,556 | bf16_mfu: 0.00 | epoch: 1 pq: 20 rg: 44 | total time: 58.40m | eta: 25.9m
step 01749/02520 (69.40%) | loss: 2.935248 | lrm: 0.50 | dt: 2020.81ms | tok/sec: 259,443 | bf16_mfu: 0.00 | epoch: 1 pq: 20 rg: 45 | total time: 58.44m | eta: 25.9m
Step 01750 | Validation bpb: 0.895630
step 01750/02520 (69.44%) | loss: 2.932949 | lrm: 0.50 | dt: 2013.38ms | tok/sec: 260,402 | bf16_mfu: 0.00 | epoch: 1 pq: 20 rg: 46 | total time: 58.47m | eta: 25.9m
step 01751/02520 (69.48%) | loss: 2.930175 | lrm: 0.50 | dt: 1997.49ms | tok/sec: 262,472 | bf16_mfu: 0.00 | epoch: 1 pq: 20 rg: 47 | total time: 58.50m | eta: 25.8m
step 01752/02520 (69.52%) | loss: 2.931894 | lrm: 0.50 | dt: 1993.24ms | tok/sec: 263,033 | bf16_mfu: 0.00 | epoch: 1 pq: 20 rg: 48 | total time: 58.54m | eta: 25.8m
step 01753/02520 (69.56%) | loss: 2.946642 | lrm: 0.49 | dt: 2050.74ms | tok/sec: 255,657 | bf16_mfu: 0.00 | epoch: 1 pq: 20 rg: 49 | total time: 58.57m | eta: 25.8m
step 01754/02520 (69.60%) | loss: 2.930402 | lrm: 0.49 | dt: 2011.44ms | tok/sec: 260,652 | bf16_mfu: 0.00 | epoch: 1 pq: 20 rg: 50 | total time: 58.60m | eta: 25.7m
step 01755/02520 (69.64%) | loss: 2.933637 | lrm: 0.49 | dt: 1978.75ms | tok/sec: 264,959 | bf16_mfu: 0.00 | epoch: 1 pq: 20 rg: 51 | total time: 58.64m | eta: 25.7m
step 01756/02520 (69.68%) | loss: 2.924266 | lrm: 0.49 | dt: 1980.80ms | tok/sec: 264,684 | bf16_mfu: 0.00 | epoch: 1 pq: 20 rg: 52 | total time: 58.67m | eta: 25.7m
step 01757/02520 (69.72%) | loss: 2.922124 | lrm: 0.49 | dt: 1980.14ms | tok/sec: 264,773 | bf16_mfu: 0.00 | epoch: 1 pq: 20 rg: 53 | total time: 58.70m | eta: 25.6m
step 01758/02520 (69.76%) | loss: 2.917086 | lrm: 0.49 | dt: 2003.26ms | tok/sec: 261,716 | bf16_mfu: 0.00 | epoch: 1 pq: 20 rg: 54 | total time: 58.74m | eta: 25.6m
step 01759/02520 (69.80%) | loss: 2.921127 | lrm: 0.49 | dt: 1980.88ms | tok/sec: 264,674 | bf16_mfu: 0.00 | epoch: 1 pq: 20 rg: 55 | total time: 58.77m | eta: 25.6m
step 01760/02520 (69.84%) | loss: 2.934620 | lrm: 0.49 | dt: 1981.07ms | tok/sec: 264,648 | bf16_mfu: 0.00 | epoch: 1 pq: 20 rg: 56 | total time: 58.80m | eta: 25.5m
step 01761/02520 (69.88%) | loss: 2.929289 | lrm: 0.49 | dt: 1980.64ms | tok/sec: 264,706 | bf16_mfu: 0.00 | epoch: 1 pq: 20 rg: 57 | total time: 58.84m | eta: 25.5m
step 01762/02520 (69.92%) | loss: 2.937027 | lrm: 0.49 | dt: 1980.37ms | tok/sec: 264,742 | bf16_mfu: 0.00 | epoch: 1 pq: 20 rg: 58 | total time: 58.87m | eta: 25.5m
step 01763/02520 (69.96%) | loss: 2.939931 | lrm: 0.49 | dt: 1981.10ms | tok/sec: 264,645 | bf16_mfu: 0.00 | epoch: 1 pq: 20 rg: 59 | total time: 58.90m | eta: 25.4m
2026-09-27 17:37:54,568 - nanochat.checkpoint_manager - [32m[1mINFO[0m - Saved model parameters to: /home/neo/.cache/nanochat/base_checkpoints/looped_L8_lr1_lr1_h1.0_s0/model_001764.pt
2026-09-27 17:37:55,032 - nanochat.checkpoint_manager - [32m[1mINFO[0m - Saved optimizer state to: /home/neo/.cache/nanochat/base_checkpoints/looped_L8_lr1_lr1_h1.0_s0/optim_001764_rank0.pt
2026-09-27 17:37:55,033 - nanochat.checkpoint_manager - [32m[1mINFO[0m - Saved metadata to: /home/neo/.cache/nanochat/base_checkpoints/looped_L8_lr1_lr1_h1.0_s0/meta_001764.json
step 01764/02520 (70.00%) | loss: 2.943701 | lrm: 0.49 | dt: 1965.11ms | tok/sec: 266,798 | bf16_mfu: 0.00 | epoch: 1 pq: 20 rg: 60 | total time: 58.93m | eta: 25.4m
step 01765/02520 (70.04%) | loss: 2.936391 | lrm: 0.49 | dt: 1978.52ms | tok/sec: 264,990 | bf16_mfu: 0.00 | epoch: 1 pq: 20 rg: 61 | total time: 58.97m | eta: 25.4m
step 01766/02520 (70.08%) | loss: 2.943878 | lrm: 0.49 | dt: 2008.34ms | tok/sec: 261,055 | bf16_mfu: 0.00 | epoch: 1 pq: 20 rg: 62 | total time: 59.00m | eta: 25.3m
step 01767/02520 (70.12%) | loss: 2.949432 | lrm: 0.49 | dt: 2027.67ms | tok/sec: 258,566 | bf16_mfu: 0.00 | epoch: 1 pq: 20 rg: 63 | total time: 59.03m | eta: 25.3m
step 01768/02520 (70.16%) | loss: 2.947563 | lrm: 0.49 | dt: 2044.58ms | tok/sec: 256,428 | bf16_mfu: 0.00 | epoch: 1 pq: 20 rg: 64 | total time: 59.07m | eta: 25.3m
step 01769/02520 (70.20%) | loss: 2.945608 | lrm: 0.49 | dt: 1991.83ms | tok/sec: 263,219 | bf16_mfu: 0.00 | epoch: 1 pq: 20 rg: 65 | total time: 59.10m | eta: 25.2m
step 01770/02520 (70.24%) | loss: 2.940041 | lrm: 0.48 | dt: 1995.81ms | tok/sec: 262,694 | bf16_mfu: 0.00 | epoch: 1 pq: 20 rg: 66 | total time: 59.14m | eta: 25.2m
step 01771/02520 (70.28%) | loss: 2.941792 | lrm: 0.48 | dt: 1980.51ms | tok/sec: 264,723 | bf16_mfu: 0.00 | epoch: 1 pq: 20 rg: 67 | total time: 59.17m | eta: 25.2m
step 01772/02520 (70.32%) | loss: 2.938018 | lrm: 0.48 | dt: 1983.43ms | tok/sec: 264,333 | bf16_mfu: 0.00 | epoch: 1 pq: 20 rg: 68 | total time: 59.20m | eta: 25.1m
step 01773/02520 (70.36%) | loss: 2.940167 | lrm: 0.48 | dt: 1988.62ms | tok/sec: 263,643 | bf16_mfu: 0.00 | epoch: 1 pq: 20 rg: 68 | total time: 59.23m | eta: 25.1m
step 01774/02520 (70.40%) | loss: 2.953681 | lrm: 0.48 | dt: 2029.81ms | tok/sec: 258,293 | bf16_mfu: 0.00 | epoch: 1 pq: 20 rg: 69 | total time: 59.27m | eta: 25.1m
step 01775/02520 (70.44%) | loss: 2.946318 | lrm: 0.48 | dt: 2079.99ms | tok/sec: 252,062 | bf16_mfu: 0.00 | epoch: 1 pq: 20 rg: 70 | total time: 59.30m | eta: 25.0m
step 01776/02520 (70.48%) | loss: 2.935505 | lrm: 0.48 | dt: 2091.37ms | tok/sec: 250,690 | bf16_mfu: 0.00 | epoch: 1 pq: 20 rg: 71 | total time: 59.34m | eta: 25.0m
step 01777/02520 (70.52%) | loss: 2.936102 | lrm: 0.48 | dt: 2036.36ms | tok/sec: 257,463 | bf16_mfu: 0.00 | epoch: 1 pq: 20 rg: 72 | total time: 59.37m | eta: 25.0m
step 01778/02520 (70.56%) | loss: 2.923592 | lrm: 0.48 | dt: 2133.39ms | tok/sec: 245,753 | bf16_mfu: 0.00 | epoch: 1 pq: 20 rg: 73 | total time: 59.41m | eta: 24.9m
step 01779/02520 (70.60%) | loss: 2.920659 | lrm: 0.48 | dt: 2040.82ms | tok/sec: 256,900 | bf16_mfu: 0.00 | epoch: 1 pq: 20 rg: 74 | total time: 59.44m | eta: 24.9m
step 01780/02520 (70.63%) | loss: 2.919123 | lrm: 0.48 | dt: 2026.65ms | tok/sec: 258,697 | bf16_mfu: 0.00 | epoch: 1 pq: 20 rg: 75 | total time: 59.48m | eta: 24.9m
step 01781/02520 (70.67%) | loss: 2.928957 | lrm: 0.48 | dt: 2035.85ms | tok/sec: 257,527 | bf16_mfu: 0.00 | epoch: 1 pq: 20 rg: 76 | total time: 59.51m | eta: 24.8m
step 01782/02520 (70.71%) | loss: 2.931085 | lrm: 0.48 | dt: 2034.09ms | tok/sec: 257,750 | bf16_mfu: 0.00 | epoch: 1 pq: 20 rg: 77 | total time: 59.54m | eta: 24.8m
step 01783/02520 (70.75%) | loss: 2.940713 | lrm: 0.48 | dt: 2055.92ms | tok/sec: 255,013 | bf16_mfu: 0.00 | epoch: 1 pq: 20 rg: 78 | total time: 59.58m | eta: 24.8m
step 01784/02520 (70.79%) | loss: 2.947492 | lrm: 0.48 | dt: 2020.32ms | tok/sec: 259,507 | bf16_mfu: 0.00 | epoch: 1 pq: 20 rg: 79 | total time: 59.61m | eta: 24.7m
step 01785/02520 (70.83%) | loss: 2.951140 | lrm: 0.48 | dt: 2034.79ms | tok/sec: 257,662 | bf16_mfu: 0.00 | epoch: 1 pq: 20 rg: 80 | total time: 59.64m | eta: 24.7m
step 01786/02520 (70.87%) | loss: 2.945226 | lrm: 0.48 | dt: 2022.90ms | tok/sec: 259,176 | bf16_mfu: 0.00 | epoch: 1 pq: 20 rg: 81 | total time: 59.68m | eta: 24.7m
step 01787/02520 (70.91%) | loss: 2.933449 | lrm: 0.48 | dt: 2038.81ms | tok/sec: 257,153 | bf16_mfu: 0.00 | epoch: 1 pq: 20 rg: 82 | total time: 59.71m | eta: 24.6m
step 01788/02520 (70.95%) | loss: 2.942663 | lrm: 0.47 | dt: 2053.07ms | tok/sec: 255,367 | bf16_mfu: 0.00 | epoch: 1 pq: 20 rg: 83 | total time: 59.75m | eta: 24.6m
step 01789/02520 (70.99%) | loss: 2.942403 | lrm: 0.47 | dt: 2051.25ms | tok/sec: 255,594 | bf16_mfu: 0.00 | epoch: 1 pq: 21 rg: 0 | total time: 59.78m | eta: 24.6m
step 01790/02520 (71.03%) | loss: 2.943587 | lrm: 0.47 | dt: 2142.69ms | tok/sec: 244,686 | bf16_mfu: 0.00 | epoch: 1 pq: 21 rg: 1 | total time: 59.82m | eta: 24.5m
step 01791/02520 (71.07%) | loss: 2.947176 | lrm: 0.47 | dt: 2224.28ms | tok/sec: 235,710 | bf16_mfu: 0.00 | epoch: 1 pq: 21 rg: 2 | total time: 59.85m | eta: 24.5m
step 01792/02520 (71.11%) | loss: 2.934047 | lrm: 0.47 | dt: 3977.06ms | tok/sec: 131,828 | bf16_mfu: 0.00 | epoch: 1 pq: 21 rg: 3 | total time: 59.92m | eta: 24.5m
step 01793/02520 (71.15%) | loss: 2.935682 | lrm: 0.47 | dt: 4302.66ms | tok/sec: 121,851 | bf16_mfu: 0.00 | epoch: 1 pq: 21 rg: 4 | total time: 59.99m | eta: 24.5m
step 01794/02520 (71.19%) | loss: 2.933278 | lrm: 0.47 | dt: 4313.17ms | tok/sec: 121,555 | bf16_mfu: 0.00 | epoch: 1 pq: 21 rg: 5 | total time: 60.06m | eta: 24.4m
step 01795/02520 (71.23%) | loss: 2.928143 | lrm: 0.47 | dt: 4321.44ms | tok/sec: 121,322 | bf16_mfu: 0.00 | epoch: 1 pq: 21 rg: 6 | total time: 60.14m | eta: 24.4m
step 01796/02520 (71.27%) | loss: 2.931972 | lrm: 0.47 | dt: 4319.99ms | tok/sec: 121,363 | bf16_mfu: 0.00 | epoch: 1 pq: 21 rg: 7 | total time: 60.21m | eta: 24.4m
step 01797/02520 (71.31%) | loss: 2.932714 | lrm: 0.47 | dt: 4313.58ms | tok/sec: 121,543 | bf16_mfu: 0.00 | epoch: 1 pq: 21 rg: 8 | total time: 60.28m | eta: 24.4m
step 01798/02520 (71.35%) | loss: 2.936078 | lrm: 0.47 | dt: 4309.28ms | tok/sec: 121,664 | bf16_mfu: 0.00 | epoch: 1 pq: 21 rg: 9 | total time: 60.35m | eta: 24.4m
step 01799/02520 (71.39%) | loss: 2.936276 | lrm: 0.47 | dt: 4316.11ms | tok/sec: 121,472 | bf16_mfu: 0.00 | epoch: 1 pq: 21 rg: 10 | total time: 60.42m | eta: 24.4m
step 01800/02520 (71.43%) | loss: 2.924723 | lrm: 0.47 | dt: 4322.59ms | tok/sec: 121,290 | bf16_mfu: 0.00 | epoch: 1 pq: 21 rg: 11 | total time: 60.50m | eta: 24.3m
step 01801/02520 (71.47%) | loss: 2.933732 | lrm: 0.47 | dt: 4314.30ms | tok/sec: 121,523 | bf16_mfu: 0.00 | epoch: 1 pq: 21 rg: 12 | total time: 60.57m | eta: 24.3m
step 01802/02520 (71.51%) | loss: 2.940995 | lrm: 0.47 | dt: 3693.82ms | tok/sec: 141,936 | bf16_mfu: 0.00 | epoch: 1 pq: 21 rg: 13 | total time: 60.63m | eta: 24.3m
step 01803/02520 (71.55%) | loss: 2.937601 | lrm: 0.47 | dt: 2022.26ms | tok/sec: 259,258 | bf16_mfu: 0.00 | epoch: 1 pq: 21 rg: 14 | total time: 60.66m | eta: 24.3m
step 01804/02520 (71.59%) | loss: 2.943360 | lrm: 0.47 | dt: 2034.89ms | tok/sec: 257,648 | bf16_mfu: 0.00 | epoch: 1 pq: 21 rg: 15 | total time: 60.70m | eta: 24.2m
step 01805/02520 (71.63%) | loss: 2.946927 | lrm: 0.46 | dt: 2036.79ms | tok/sec: 257,408 | bf16_mfu: 0.00 | epoch: 1 pq: 21 rg: 16 | total time: 60.73m | eta: 24.2m
step 01806/02520 (71.67%) | loss: 2.942800 | lrm: 0.46 | dt: 2039.06ms | tok/sec: 257,122 | bf16_mfu: 0.00 | epoch: 1 pq: 21 rg: 17 | total time: 60.76m | eta: 24.2m
step 01807/02520 (71.71%) | loss: 2.942921 | lrm: 0.46 | dt: 2002.58ms | tok/sec: 261,806 | bf16_mfu: 0.00 | epoch: 1 pq: 21 rg: 18 | total time: 60.80m | eta: 24.1m
step 01808/02520 (71.75%) | loss: 2.946429 | lrm: 0.46 | dt: 1991.30ms | tok/sec: 263,288 | bf16_mfu: 0.00 | epoch: 1 pq: 21 rg: 19 | total time: 60.83m | eta: 24.1m
step 01809/02520 (71.79%) | loss: 2.946094 | lrm: 0.46 | dt: 2008.81ms | tok/sec: 260,993 | bf16_mfu: 0.00 | epoch: 1 pq: 21 rg: 20 | total time: 60.86m | eta: 24.1m
step 01810/02520 (71.83%) | loss: 2.939682 | lrm: 0.46 | dt: 2014.66ms | tok/sec: 260,236 | bf16_mfu: 0.00 | epoch: 1 pq: 21 rg: 20 | total time: 60.90m | eta: 24.0m
step 01811/02520 (71.87%) | loss: 2.931409 | lrm: 0.46 | dt: 2020.76ms | tok/sec: 259,450 | bf16_mfu: 0.00 | epoch: 1 pq: 21 rg: 21 | total time: 60.93m | eta: 24.0m
step 01812/02520 (71.90%) | loss: 2.941290 | lrm: 0.46 | dt: 2028.38ms | tok/sec: 258,475 | bf16_mfu: 0.00 | epoch: 1 pq: 21 rg: 22 | total time: 60.97m | eta: 24.0m
step 01813/02520 (71.94%) | loss: 2.941625 | lrm: 0.46 | dt: 2111.17ms | tok/sec: 248,340 | bf16_mfu: 0.00 | epoch: 1 pq: 21 rg: 23 | total time: 61.00m | eta: 23.9m
step 01814/02520 (71.98%) | loss: 2.940873 | lrm: 0.46 | dt: 2185.00ms | tok/sec: 239,949 | bf16_mfu: 0.00 | epoch: 1 pq: 21 rg: 24 | total time: 61.04m | eta: 23.9m
step 01815/02520 (72.02%) | loss: 2.935650 | lrm: 0.46 | dt: 2787.81ms | tok/sec: 188,064 | bf16_mfu: 0.00 | epoch: 1 pq: 21 rg: 25 | total time: 61.08m | eta: 23.9m
step 01816/02520 (72.06%) | loss: 2.944912 | lrm: 0.46 | dt: 4319.86ms | tok/sec: 121,366 | bf16_mfu: 0.00 | epoch: 1 pq: 21 rg: 26 | total time: 61.16m | eta: 23.8m
step 01817/02520 (72.10%) | loss: 2.946946 | lrm: 0.46 | dt: 4324.43ms | tok/sec: 121,238 | bf16_mfu: 0.00 | epoch: 1 pq: 21 rg: 27 | total time: 61.23m | eta: 23.8m
step 01818/02520 (72.14%) | loss: 2.943565 | lrm: 0.46 | dt: 4318.25ms | tok/sec: 121,412 | bf16_mfu: 0.00 | epoch: 1 pq: 21 rg: 28 | total time: 61.30m | eta: 23.8m
step 01819/02520 (72.18%) | loss: 2.937433 | lrm: 0.46 | dt: 4317.89ms | tok/sec: 121,422 | bf16_mfu: 0.00 | epoch: 1 pq: 21 rg: 29 | total time: 61.37m | eta: 23.8m
step 01820/02520 (72.22%) | loss: 2.936387 | lrm: 0.46 | dt: 4320.63ms | tok/sec: 121,345 | bf16_mfu: 0.00 | epoch: 1 pq: 21 rg: 30 | total time: 61.44m | eta: 23.8m
step 01821/02520 (72.26%) | loss: 2.917098 | lrm: 0.46 | dt: 4325.18ms | tok/sec: 121,217 | bf16_mfu: 0.00 | epoch: 1 pq: 21 rg: 31 | total time: 61.52m | eta: 23.7m
step 01822/02520 (72.30%) | loss: 2.919906 | lrm: 0.45 | dt: 4323.90ms | tok/sec: 121,253 | bf16_mfu: 0.00 | epoch: 1 pq: 21 rg: 32 | total time: 61.59m | eta: 23.7m
step 01823/02520 (72.34%) | loss: 2.917428 | lrm: 0.45 | dt: 4315.32ms | tok/sec: 121,494 | bf16_mfu: 0.00 | epoch: 1 pq: 21 rg: 33 | total time: 61.66m | eta: 23.7m
step 01824/02520 (72.38%) | loss: 2.920674 | lrm: 0.45 | dt: 4318.28ms | tok/sec: 121,411 | bf16_mfu: 0.00 | epoch: 1 pq: 21 rg: 34 | total time: 61.73m | eta: 23.7m
step 01825/02520 (72.42%) | loss: 2.915251 | lrm: 0.45 | dt: 4319.59ms | tok/sec: 121,374 | bf16_mfu: 0.00 | epoch: 1 pq: 21 rg: 35 | total time: 61.80m | eta: 23.7m
step 01826/02520 (72.46%) | loss: 2.916092 | lrm: 0.45 | dt: 4325.51ms | tok/sec: 121,208 | bf16_mfu: 0.00 | epoch: 1 pq: 21 rg: 36 | total time: 61.88m | eta: 23.6m
step 01827/02520 (72.50%) | loss: 2.920827 | lrm: 0.45 | dt: 4327.20ms | tok/sec: 121,161 | bf16_mfu: 0.00 | epoch: 1 pq: 21 rg: 37 | total time: 61.95m | eta: 23.6m
step 01828/02520 (72.54%) | loss: 2.916646 | lrm: 0.45 | dt: 2202.87ms | tok/sec: 238,001 | bf16_mfu: 0.00 | epoch: 1 pq: 21 rg: 38 | total time: 61.98m | eta: 23.6m
step 01829/02520 (72.58%) | loss: 2.919924 | lrm: 0.45 | dt: 2056.71ms | tok/sec: 254,916 | bf16_mfu: 0.00 | epoch: 1 pq: 21 rg: 39 | total time: 62.02m | eta: 23.6m
step 01830/02520 (72.62%) | loss: 2.918841 | lrm: 0.45 | dt: 2004.61ms | tok/sec: 261,541 | bf16_mfu: 0.00 | epoch: 1 pq: 21 rg: 40 | total time: 62.05m | eta: 23.5m
step 01831/02520 (72.66%) | loss: 2.924277 | lrm: 0.45 | dt: 2081.32ms | tok/sec: 251,901 | bf16_mfu: 0.00 | epoch: 1 pq: 21 rg: 41 | total time: 62.09m | eta: 23.5m
step 01832/02520 (72.70%) | loss: 2.929261 | lrm: 0.45 | dt: 2048.55ms | tok/sec: 255,930 | bf16_mfu: 0.00 | epoch: 1 pq: 21 rg: 42 | total time: 62.12m | eta: 23.5m
step 01833/02520 (72.74%) | loss: 2.934480 | lrm: 0.45 | dt: 2028.19ms | tok/sec: 258,500 | bf16_mfu: 0.00 | epoch: 1 pq: 21 rg: 43 | total time: 62.15m | eta: 23.4m
step 01834/02520 (72.78%) | loss: 2.929285 | lrm: 0.45 | dt: 2024.88ms | tok/sec: 258,923 | bf16_mfu: 0.00 | epoch: 1 pq: 21 rg: 44 | total time: 62.19m | eta: 23.4m
step 01835/02520 (72.82%) | loss: 2.925115 | lrm: 0.45 | dt: 2027.29ms | tok/sec: 258,614 | bf16_mfu: 0.00 | epoch: 1 pq: 21 rg: 45 | total time: 62.22m | eta: 23.4m
step 01836/02520 (72.86%) | loss: 2.920150 | lrm: 0.45 | dt: 2023.60ms | tok/sec: 259,086 | bf16_mfu: 0.00 | epoch: 1 pq: 21 rg: 46 | total time: 62.26m | eta: 23.3m
step 01837/02520 (72.90%) | loss: 2.911271 | lrm: 0.45 | dt: 2077.31ms | tok/sec: 252,388 | bf16_mfu: 0.00 | epoch: 1 pq: 21 rg: 47 | total time: 62.29m | eta: 23.3m
step 01838/02520 (72.94%) | loss: 2.911949 | lrm: 0.45 | dt: 2030.38ms | tok/sec: 258,222 | bf16_mfu: 0.00 | epoch: 1 pq: 21 rg: 48 | total time: 62.32m | eta: 23.3m
step 01839/02520 (72.98%) | loss: 2.915482 | lrm: 0.44 | dt: 2081.25ms | tok/sec: 251,910 | bf16_mfu: 0.00 | epoch: 1 pq: 21 rg: 49 | total time: 62.36m | eta: 23.2m
step 01840/02520 (73.02%) | loss: 2.914730 | lrm: 0.44 | dt: 2052.86ms | tok/sec: 255,394 | bf16_mfu: 0.00 | epoch: 1 pq: 21 rg: 50 | total time: 62.39m | eta: 23.2m
step 01841/02520 (73.06%) | loss: 2.917454 | lrm: 0.44 | dt: 2002.35ms | tok/sec: 261,835 | bf16_mfu: 0.00 | epoch: 1 pq: 21 rg: 51 | total time: 62.43m | eta: 23.2m
step 01842/02520 (73.10%) | loss: 2.916518 | lrm: 0.44 | dt: 2017.56ms | tok/sec: 259,861 | bf16_mfu: 0.00 | epoch: 1 pq: 21 rg: 52 | total time: 62.46m | eta: 23.1m
step 01843/02520 (73.13%) | loss: 2.920615 | lrm: 0.44 | dt: 2035.60ms | tok/sec: 257,560 | bf16_mfu: 0.00 | epoch: 1 pq: 21 rg: 52 | total time: 62.49m | eta: 23.1m
step 01844/02520 (73.17%) | loss: 2.925948 | lrm: 0.44 | dt: 2060.08ms | tok/sec: 254,499 | bf16_mfu: 0.00 | epoch: 1 pq: 21 rg: 53 | total time: 62.53m | eta: 23.0m
step 01845/02520 (73.21%) | loss: 2.915022 | lrm: 0.44 | dt: 2047.97ms | tok/sec: 256,004 | bf16_mfu: 0.00 | epoch: 1 pq: 21 rg: 54 | total time: 62.56m | eta: 23.0m
step 01846/02520 (73.25%) | loss: 2.918286 | lrm: 0.44 | dt: 2030.07ms | tok/sec: 258,261 | bf16_mfu: 0.00 | epoch: 1 pq: 21 rg: 55 | total time: 62.60m | eta: 23.0m
step 01847/02520 (73.29%) | loss: 2.911736 | lrm: 0.44 | dt: 2029.30ms | tok/sec: 258,359 | bf16_mfu: 0.00 | epoch: 1 pq: 21 rg: 56 | total time: 62.63m | eta: 22.9m
step 01848/02520 (73.33%) | loss: 2.916435 | lrm: 0.44 | dt: 2043.70ms | tok/sec: 256,538 | bf16_mfu: 0.00 | epoch: 1 pq: 21 rg: 57 | total time: 62.66m | eta: 22.9m
step 01849/02520 (73.37%) | loss: 2.907728 | lrm: 0.44 | dt: 2004.36ms | tok/sec: 261,573 | bf16_mfu: 0.00 | epoch: 1 pq: 21 rg: 58 | total time: 62.70m | eta: 22.9m
step 01850/02520 (73.41%) | loss: 2.907210 | lrm: 0.44 | dt: 2030.33ms | tok/sec: 258,228 | bf16_mfu: 0.00 | epoch: 1 pq: 21 rg: 59 | total time: 62.73m | eta: 22.8m
step 01851/02520 (73.45%) | loss: 2.916304 | lrm: 0.44 | dt: 2041.45ms | tok/sec: 256,821 | bf16_mfu: 0.00 | epoch: 1 pq: 21 rg: 60 | total time: 62.77m | eta: 22.8m
step 01852/02520 (73.49%) | loss: 2.916236 | lrm: 0.44 | dt: 1997.44ms | tok/sec: 262,480 | bf16_mfu: 0.00 | epoch: 1 pq: 21 rg: 61 | total time: 62.80m | eta: 22.8m
step 01853/02520 (73.53%) | loss: 2.914457 | lrm: 0.44 | dt: 2022.88ms | tok/sec: 259,179 | bf16_mfu: 0.00 | epoch: 1 pq: 21 rg: 62 | total time: 62.83m | eta: 22.7m
step 01854/02520 (73.57%) | loss: 2.910489 | lrm: 0.44 | dt: 2025.48ms | tok/sec: 258,845 | bf16_mfu: 0.00 | epoch: 1 pq: 21 rg: 63 | total time: 62.87m | eta: 22.7m
step 01855/02520 (73.61%) | loss: 2.919908 | lrm: 0.44 | dt: 2012.69ms | tok/sec: 260,491 | bf16_mfu: 0.00 | epoch: 1 pq: 21 rg: 64 | total time: 62.90m | eta: 22.7m
step 01856/02520 (73.65%) | loss: 2.915622 | lrm: 0.44 | dt: 2041.06ms | tok/sec: 256,870 | bf16_mfu: 0.00 | epoch: 1 pq: 21 rg: 65 | total time: 62.93m | eta: 22.6m
step 01857/02520 (73.69%) | loss: 2.901699 | lrm: 0.43 | dt: 2024.56ms | tok/sec: 258,963 | bf16_mfu: 0.00 | epoch: 1 pq: 21 rg: 66 | total time: 62.97m | eta: 22.6m
step 01858/02520 (73.73%) | loss: 2.907031 | lrm: 0.43 | dt: 1994.85ms | tok/sec: 262,820 | bf16_mfu: 0.00 | epoch: 1 pq: 21 rg: 67 | total time: 63.00m | eta: 22.6m
step 01859/02520 (73.77%) | loss: 2.904729 | lrm: 0.43 | dt: 2034.24ms | tok/sec: 257,731 | bf16_mfu: 0.00 | epoch: 1 pq: 21 rg: 68 | total time: 63.03m | eta: 22.5m
step 01860/02520 (73.81%) | loss: 2.895372 | lrm: 0.43 | dt: 2046.30ms | tok/sec: 256,212 | bf16_mfu: 0.00 | epoch: 1 pq: 21 rg: 69 | total time: 63.07m | eta: 22.5m
step 01861/02520 (73.85%) | loss: 2.893198 | lrm: 0.43 | dt: 2068.07ms | tok/sec: 253,515 | bf16_mfu: 0.00 | epoch: 1 pq: 21 rg: 70 | total time: 63.10m | eta: 22.5m
step 01862/02520 (73.89%) | loss: 2.901367 | lrm: 0.43 | dt: 2087.49ms | tok/sec: 251,157 | bf16_mfu: 0.00 | epoch: 1 pq: 21 rg: 71 | total time: 63.14m | eta: 22.4m
step 01863/02520 (73.93%) | loss: 2.901928 | lrm: 0.43 | dt: 2043.81ms | tok/sec: 256,525 | bf16_mfu: 0.00 | epoch: 1 pq: 21 rg: 72 | total time: 63.17m | eta: 22.4m
step 01864/02520 (73.97%) | loss: 2.899506 | lrm: 0.43 | dt: 2001.10ms | tok/sec: 261,999 | bf16_mfu: 0.00 | epoch: 1 pq: 21 rg: 73 | total time: 63.21m | eta: 22.4m
step 01865/02520 (74.01%) | loss: 2.907502 | lrm: 0.43 | dt: 2024.09ms | tok/sec: 259,024 | bf16_mfu: 0.00 | epoch: 1 pq: 21 rg: 74 | total time: 63.24m | eta: 22.3m
step 01866/02520 (74.05%) | loss: 2.905788 | lrm: 0.43 | dt: 2025.91ms | tok/sec: 258,791 | bf16_mfu: 0.00 | epoch: 1 pq: 21 rg: 75 | total time: 63.27m | eta: 22.3m
step 01867/02520 (74.09%) | loss: 2.898260 | lrm: 0.43 | dt: 2020.74ms | tok/sec: 259,452 | bf16_mfu: 0.00 | epoch: 1 pq: 21 rg: 76 | total time: 63.31m | eta: 22.3m
step 01868/02520 (74.13%) | loss: 2.900521 | lrm: 0.43 | dt: 2028.42ms | tok/sec: 258,470 | bf16_mfu: 0.00 | epoch: 1 pq: 21 rg: 77 | total time: 63.34m | eta: 22.2m
step 01869/02520 (74.17%) | loss: 2.895283 | lrm: 0.43 | dt: 2040.15ms | tok/sec: 256,984 | bf16_mfu: 0.00 | epoch: 1 pq: 21 rg: 78 | total time: 63.37m | eta: 22.2m
step 01870/02520 (74.21%) | loss: 2.901588 | lrm: 0.43 | dt: 2005.84ms | tok/sec: 261,380 | bf16_mfu: 0.00 | epoch: 1 pq: 21 rg: 79 | total time: 63.41m | eta: 22.2m
step 01871/02520 (74.25%) | loss: 2.898903 | lrm: 0.43 | dt: 2081.67ms | tok/sec: 251,859 | bf16_mfu: 0.00 | epoch: 1 pq: 21 rg: 80 | total time: 63.44m | eta: 22.1m
step 01872/02520 (74.29%) | loss: 2.881473 | lrm: 0.43 | dt: 2063.73ms | tok/sec: 254,048 | bf16_mfu: 0.00 | epoch: 1 pq: 21 rg: 81 | total time: 63.48m | eta: 22.1m
step 01873/02520 (74.33%) | loss: 2.887745 | lrm: 0.43 | dt: 2037.49ms | tok/sec: 257,320 | bf16_mfu: 0.00 | epoch: 1 pq: 21 rg: 81 | total time: 63.51m | eta: 22.1m
step 01874/02520 (74.37%) | loss: 2.887949 | lrm: 0.42 | dt: 2040.76ms | tok/sec: 256,907 | bf16_mfu: 0.00 | epoch: 1 pq: 21 rg: 82 | total time: 63.55m | eta: 22.0m
step 01875/02520 (74.40%) | loss: 2.885415 | lrm: 0.42 | dt: 2057.50ms | tok/sec: 254,818 | bf16_mfu: 0.00 | epoch: 1 pq: 22 rg: 0 | total time: 63.58m | eta: 22.0m
step 01876/02520 (74.44%) | loss: 2.897025 | lrm: 0.42 | dt: 2062.53ms | tok/sec: 254,196 | bf16_mfu: 0.00 | epoch: 1 pq: 22 rg: 1 | total time: 63.61m | eta: 22.0m
step 01877/02520 (74.48%) | loss: 2.903970 | lrm: 0.42 | dt: 2043.72ms | tok/sec: 256,536 | bf16_mfu: 0.00 | epoch: 1 pq: 22 rg: 2 | total time: 63.65m | eta: 21.9m
step 01878/02520 (74.52%) | loss: 2.891512 | lrm: 0.42 | dt: 2081.64ms | tok/sec: 251,863 | bf16_mfu: 0.00 | epoch: 1 pq: 22 rg: 3 | total time: 63.68m | eta: 21.9m
step 01879/02520 (74.56%) | loss: 2.893132 | lrm: 0.42 | dt: 2034.73ms | tok/sec: 257,669 | bf16_mfu: 0.00 | epoch: 1 pq: 22 rg: 4 | total time: 63.72m | eta: 21.9m
step 01880/02520 (74.60%) | loss: 2.893159 | lrm: 0.42 | dt: 1996.34ms | tok/sec: 262,624 | bf16_mfu: 0.00 | epoch: 1 pq: 22 rg: 5 | total time: 63.75m | eta: 21.8m
step 01881/02520 (74.64%) | loss: 2.890736 | lrm: 0.42 | dt: 2006.70ms | tok/sec: 261,268 | bf16_mfu: 0.00 | epoch: 1 pq: 22 rg: 6 | total time: 63.78m | eta: 21.8m
step 01882/02520 (74.68%) | loss: 2.881977 | lrm: 0.42 | dt: 2050.01ms | tok/sec: 255,748 | bf16_mfu: 0.00 | epoch: 1 pq: 22 rg: 7 | total time: 63.82m | eta: 21.7m
step 01883/02520 (74.72%) | loss: 2.881317 | lrm: 0.42 | dt: 2023.13ms | tok/sec: 259,146 | bf16_mfu: 0.00 | epoch: 1 pq: 22 rg: 8 | total time: 63.85m | eta: 21.7m
step 01884/02520 (74.76%) | loss: 2.871966 | lrm: 0.42 | dt: 2027.11ms | tok/sec: 258,638 | bf16_mfu: 0.00 | epoch: 1 pq: 22 rg: 9 | total time: 63.88m | eta: 21.7m
step 01885/02520 (74.80%) | loss: 2.865720 | lrm: 0.42 | dt: 2050.34ms | tok/sec: 255,707 | bf16_mfu: 0.00 | epoch: 1 pq: 22 rg: 10 | total time: 63.92m | eta: 21.6m
step 01886/02520 (74.84%) | loss: 2.874641 | lrm: 0.42 | dt: 2070.05ms | tok/sec: 253,272 | bf16_mfu: 0.00 | epoch: 1 pq: 22 rg: 11 | total time: 63.95m | eta: 21.6m
step 01887/02520 (74.88%) | loss: 2.869533 | lrm: 0.42 | dt: 2042.76ms | tok/sec: 256,657 | bf16_mfu: 0.00 | epoch: 1 pq: 22 rg: 12 | total time: 63.99m | eta: 21.6m
step 01888/02520 (74.92%) | loss: 2.875808 | lrm: 0.42 | dt: 2007.47ms | tok/sec: 261,169 | bf16_mfu: 0.00 | epoch: 1 pq: 22 rg: 13 | total time: 64.02m | eta: 21.5m
step 01889/02520 (74.96%) | loss: 2.880227 | lrm: 0.42 | dt: 2007.94ms | tok/sec: 261,107 | bf16_mfu: 0.00 | epoch: 1 pq: 22 rg: 14 | total time: 64.05m | eta: 21.5m
2026-09-27 17:43:04,494 - nanochat.checkpoint_manager - [32m[1mINFO[0m - Saved model parameters to: /home/neo/.cache/nanochat/base_checkpoints/looped_L8_lr1_lr1_h1.0_s0/model_001890.pt
2026-09-27 17:43:04,957 - nanochat.checkpoint_manager - [32m[1mINFO[0m - Saved optimizer state to: /home/neo/.cache/nanochat/base_checkpoints/looped_L8_lr1_lr1_h1.0_s0/optim_001890_rank0.pt
2026-09-27 17:43:04,959 - nanochat.checkpoint_manager - [32m[1mINFO[0m - Saved metadata to: /home/neo/.cache/nanochat/base_checkpoints/looped_L8_lr1_lr1_h1.0_s0/meta_001890.json
step 01890/02520 (75.00%) | loss: 2.881937 | lrm: 0.42 | dt: 2046.75ms | tok/sec: 256,156 | bf16_mfu: 0.00 | epoch: 1 pq: 22 rg: 15 | total time: 64.09m | eta: 21.5m
step 01891/02520 (75.04%) | loss: 2.894640 | lrm: 0.41 | dt: 2046.47ms | tok/sec: 256,191 | bf16_mfu: 0.00 | epoch: 1 pq: 22 rg: 16 | total time: 64.12m | eta: 21.4m
step 01892/02520 (75.08%) | loss: 2.899122 | lrm: 0.41 | dt: 2039.30ms | tok/sec: 257,092 | bf16_mfu: 0.00 | epoch: 1 pq: 22 rg: 17 | total time: 64.16m | eta: 21.4m
step 01893/02520 (75.12%) | loss: 2.905491 | lrm: 0.41 | dt: 2031.67ms | tok/sec: 258,057 | bf16_mfu: 0.00 | epoch: 1 pq: 22 rg: 18 | total time: 64.19m | eta: 21.4m
step 01894/02520 (75.16%) | loss: 2.900769 | lrm: 0.41 | dt: 2050.41ms | tok/sec: 255,698 | bf16_mfu: 0.00 | epoch: 1 pq: 22 rg: 19 | total time: 64.22m | eta: 21.3m
step 01895/02520 (75.20%) | loss: 2.906319 | lrm: 0.41 | dt: 2049.00ms | tok/sec: 255,875 | bf16_mfu: 0.00 | epoch: 1 pq: 22 rg: 20 | total time: 64.26m | eta: 21.3m
step 01896/02520 (75.24%) | loss: 2.899652 | lrm: 0.41 | dt: 2036.52ms | tok/sec: 257,443 | bf16_mfu: 0.00 | epoch: 1 pq: 22 rg: 21 | total time: 64.29m | eta: 21.3m
step 01897/02520 (75.28%) | loss: 2.892374 | lrm: 0.41 | dt: 2061.48ms | tok/sec: 254,326 | bf16_mfu: 0.00 | epoch: 1 pq: 22 rg: 22 | total time: 64.33m | eta: 21.2m
step 01898/02520 (75.32%) | loss: 2.897585 | lrm: 0.41 | dt: 2023.04ms | tok/sec: 259,158 | bf16_mfu: 0.00 | epoch: 1 pq: 22 rg: 23 | total time: 64.36m | eta: 21.2m
step 01899/02520 (75.36%) | loss: 2.893669 | lrm: 0.41 | dt: 2030.36ms | tok/sec: 258,224 | bf16_mfu: 0.00 | epoch: 1 pq: 22 rg: 24 | total time: 64.39m | eta: 21.2m
step 01900/02520 (75.40%) | loss: 2.887548 | lrm: 0.41 | dt: 2064.17ms | tok/sec: 253,995 | bf16_mfu: 0.00 | epoch: 1 pq: 22 rg: 25 | total time: 64.43m | eta: 21.1m
step 01901/02520 (75.44%) | loss: 2.899088 | lrm: 0.41 | dt: 2055.21ms | tok/sec: 255,101 | bf16_mfu: 0.00 | epoch: 1 pq: 22 rg: 26 | total time: 64.46m | eta: 21.1m
step 01902/02520 (75.48%) | loss: 2.901751 | lrm: 0.41 | dt: 1988.72ms | tok/sec: 263,630 | bf16_mfu: 0.00 | epoch: 1 pq: 22 rg: 27 | total time: 64.50m | eta: 21.1m
step 01903/02520 (75.52%) | loss: 2.907967 | lrm: 0.41 | dt: 1988.66ms | tok/sec: 263,639 | bf16_mfu: 0.00 | epoch: 1 pq: 22 rg: 28 | total time: 64.53m | eta: 21.0m
step 01904/02520 (75.56%) | loss: 2.903735 | lrm: 0.41 | dt: 2001.21ms | tok/sec: 261,986 | bf16_mfu: 0.00 | epoch: 1 pq: 22 rg: 29 | total time: 64.56m | eta: 21.0m
step 01905/02520 (75.60%) | loss: 2.911181 | lrm: 0.41 | dt: 2031.66ms | tok/sec: 258,059 | bf16_mfu: 0.00 | epoch: 1 pq: 22 rg: 30 | total time: 64.60m | eta: 21.0m
step 01906/02520 (75.63%) | loss: 2.914326 | lrm: 0.41 | dt: 2058.88ms | tok/sec: 254,646 | bf16_mfu: 0.00 | epoch: 1 pq: 22 rg: 31 | total time: 64.63m | eta: 20.9m
step 01907/02520 (75.67%) | loss: 2.912263 | lrm: 0.41 | dt: 2026.37ms | tok/sec: 258,732 | bf16_mfu: 0.00 | epoch: 1 pq: 22 rg: 32 | total time: 64.67m | eta: 20.9m
step 01908/02520 (75.71%) | loss: 2.914252 | lrm: 0.40 | dt: 2038.21ms | tok/sec: 257,229 | bf16_mfu: 0.00 | epoch: 1 pq: 22 rg: 33 | total time: 64.70m | eta: 20.9m
step 01909/02520 (75.75%) | loss: 2.911387 | lrm: 0.40 | dt: 2020.33ms | tok/sec: 259,505 | bf16_mfu: 0.00 | epoch: 1 pq: 22 rg: 34 | total time: 64.73m | eta: 20.8m
step 01910/02520 (75.79%) | loss: 2.904109 | lrm: 0.40 | dt: 2026.71ms | tok/sec: 258,689 | bf16_mfu: 0.00 | epoch: 1 pq: 22 rg: 35 | total time: 64.77m | eta: 20.8m
step 01911/02520 (75.83%) | loss: 2.900256 | lrm: 0.40 | dt: 2020.75ms | tok/sec: 259,451 | bf16_mfu: 0.00 | epoch: 1 pq: 22 rg: 36 | total time: 64.80m | eta: 20.8m
step 01912/02520 (75.87%) | loss: 2.906169 | lrm: 0.40 | dt: 1995.77ms | tok/sec: 262,699 | bf16_mfu: 0.00 | epoch: 1 pq: 22 rg: 37 | total time: 64.83m | eta: 20.7m
step 01913/02520 (75.91%) | loss: 2.896297 | lrm: 0.40 | dt: 2017.50ms | tok/sec: 259,869 | bf16_mfu: 0.00 | epoch: 1 pq: 22 rg: 38 | total time: 64.87m | eta: 20.7m
step 01914/02520 (75.95%) | loss: 2.905695 | lrm: 0.40 | dt: 2021.23ms | tok/sec: 259,390 | bf16_mfu: 0.00 | epoch: 1 pq: 22 rg: 39 | total time: 64.90m | eta: 20.7m
step 01915/02520 (75.99%) | loss: 2.907263 | lrm: 0.40 | dt: 2029.87ms | tok/sec: 258,285 | bf16_mfu: 0.00 | epoch: 1 pq: 22 rg: 40 | total time: 64.93m | eta: 20.6m
step 01916/02520 (76.03%) | loss: 2.905273 | lrm: 0.40 | dt: 2009.17ms | tok/sec: 260,947 | bf16_mfu: 0.00 | epoch: 1 pq: 22 rg: 41 | total time: 64.97m | eta: 20.6m
step 01917/02520 (76.07%) | loss: 2.907515 | lrm: 0.40 | dt: 1991.97ms | tok/sec: 263,200 | bf16_mfu: 0.00 | epoch: 1 pq: 22 rg: 42 | total time: 65.00m | eta: 20.6m
step 01918/02520 (76.11%) | loss: 2.898902 | lrm: 0.40 | dt: 1996.22ms | tok/sec: 262,641 | bf16_mfu: 0.00 | epoch: 1 pq: 22 rg: 42 | total time: 65.03m | eta: 20.5m
step 01919/02520 (76.15%) | loss: 2.892833 | lrm: 0.40 | dt: 2015.45ms | tok/sec: 260,133 | bf16_mfu: 0.00 | epoch: 1 pq: 22 rg: 43 | total time: 65.07m | eta: 20.5m
step 01920/02520 (76.19%) | loss: 2.896107 | lrm: 0.40 | dt: 2000.40ms | tok/sec: 262,091 | bf16_mfu: 0.00 | epoch: 1 pq: 22 rg: 44 | total time: 65.10m | eta: 20.5m
step 01921/02520 (76.23%) | loss: 2.904714 | lrm: 0.40 | dt: 1996.25ms | tok/sec: 262,636 | bf16_mfu: 0.00 | epoch: 1 pq: 22 rg: 45 | total time: 65.13m | eta: 20.4m
step 01922/02520 (76.27%) | loss: 2.899979 | lrm: 0.40 | dt: 2001.23ms | tok/sec: 261,983 | bf16_mfu: 0.00 | epoch: 1 pq: 22 rg: 46 | total time: 65.17m | eta: 20.4m
step 01923/02520 (76.31%) | loss: 2.897475 | lrm: 0.40 | dt: 1991.95ms | tok/sec: 263,203 | bf16_mfu: 0.00 | epoch: 1 pq: 22 rg: 47 | total time: 65.20m | eta: 20.3m
step 01924/02520 (76.35%) | loss: 2.894475 | lrm: 0.40 | dt: 1995.00ms | tok/sec: 262,801 | bf16_mfu: 0.00 | epoch: 1 pq: 22 rg: 48 | total time: 65.23m | eta: 20.3m
step 01925/02520 (76.39%) | loss: 2.881798 | lrm: 0.40 | dt: 2040.12ms | tok/sec: 256,988 | bf16_mfu: 0.00 | epoch: 1 pq: 22 rg: 49 | total time: 65.27m | eta: 20.3m
step 01926/02520 (76.43%) | loss: 2.874074 | lrm: 0.39 | dt: 2064.09ms | tok/sec: 254,004 | bf16_mfu: 0.00 | epoch: 1 pq: 22 rg: 50 | total time: 65.30m | eta: 20.2m
step 01927/02520 (76.47%) | loss: 2.863048 | lrm: 0.39 | dt: 2078.11ms | tok/sec: 252,290 | bf16_mfu: 0.00 | epoch: 1 pq: 22 rg: 51 | total time: 65.34m | eta: 20.2m
step 01928/02520 (76.51%) | loss: 2.871076 | lrm: 0.39 | dt: 2034.48ms | tok/sec: 257,700 | bf16_mfu: 0.00 | epoch: 1 pq: 22 rg: 52 | total time: 65.37m | eta: 20.2m
step 01929/02520 (76.55%) | loss: 2.874111 | lrm: 0.39 | dt: 2007.07ms | tok/sec: 261,220 | bf16_mfu: 0.00 | epoch: 1 pq: 22 rg: 53 | total time: 65.40m | eta: 20.1m
step 01930/02520 (76.59%) | loss: 2.886593 | lrm: 0.39 | dt: 2060.59ms | tok/sec: 254,436 | bf16_mfu: 0.00 | epoch: 1 pq: 22 rg: 54 | total time: 65.44m | eta: 20.1m
step 01931/02520 (76.63%) | loss: 2.883332 | lrm: 0.39 | dt: 2012.28ms | tok/sec: 260,543 | bf16_mfu: 0.00 | epoch: 1 pq: 22 rg: 55 | total time: 65.47m | eta: 20.1m
step 01932/02520 (76.67%) | loss: 2.889510 | lrm: 0.39 | dt: 2021.52ms | tok/sec: 259,353 | bf16_mfu: 0.00 | epoch: 1 pq: 22 rg: 56 | total time: 65.51m | eta: 20.0m
step 01933/02520 (76.71%) | loss: 2.885036 | lrm: 0.39 | dt: 2006.21ms | tok/sec: 261,332 | bf16_mfu: 0.00 | epoch: 1 pq: 22 rg: 57 | total time: 65.54m | eta: 20.0m
step 01934/02520 (76.75%) | loss: 2.898140 | lrm: 0.39 | dt: 2034.61ms | tok/sec: 257,685 | bf16_mfu: 0.00 | epoch: 1 pq: 22 rg: 58 | total time: 65.57m | eta: 20.0m
step 01935/02520 (76.79%) | loss: 2.887878 | lrm: 0.39 | dt: 2057.64ms | tok/sec: 254,800 | bf16_mfu: 0.00 | epoch: 1 pq: 22 rg: 59 | total time: 65.61m | eta: 19.9m
step 01936/02520 (76.83%) | loss: 2.900514 | lrm: 0.39 | dt: 2076.22ms | tok/sec: 252,520 | bf16_mfu: 0.00 | epoch: 1 pq: 22 rg: 60 | total time: 65.64m | eta: 19.9m
step 01937/02520 (76.87%) | loss: 2.901214 | lrm: 0.39 | dt: 2035.54ms | tok/sec: 257,567 | bf16_mfu: 0.00 | epoch: 1 pq: 22 rg: 61 | total time: 65.68m | eta: 19.9m
step 01938/02520 (76.90%) | loss: 2.911321 | lrm: 0.39 | dt: 2016.78ms | tok/sec: 259,963 | bf16_mfu: 0.00 | epoch: 1 pq: 22 rg: 62 | total time: 65.71m | eta: 19.8m
step 01939/02520 (76.94%) | loss: 2.918493 | lrm: 0.39 | dt: 2042.69ms | tok/sec: 256,664 | bf16_mfu: 0.00 | epoch: 1 pq: 22 rg: 63 | total time: 65.74m | eta: 19.8m
step 01940/02520 (76.98%) | loss: 2.911590 | lrm: 0.39 | dt: 2058.88ms | tok/sec: 254,646 | bf16_mfu: 0.00 | epoch: 1 pq: 22 rg: 64 | total time: 65.78m | eta: 19.8m
step 01941/02520 (77.02%) | loss: 2.915599 | lrm: 0.39 | dt: 2177.84ms | tok/sec: 240,737 | bf16_mfu: 0.00 | epoch: 1 pq: 22 rg: 65 | total time: 65.81m | eta: 19.7m
step 01942/02520 (77.06%) | loss: 2.917325 | lrm: 0.39 | dt: 2120.16ms | tok/sec: 247,286 | bf16_mfu: 0.00 | epoch: 1 pq: 22 rg: 66 | total time: 65.85m | eta: 19.7m
step 01943/02520 (77.10%) | loss: 2.917040 | lrm: 0.38 | dt: 3331.77ms | tok/sec: 157,360 | bf16_mfu: 0.00 | epoch: 1 pq: 22 rg: 67 | total time: 65.91m | eta: 19.7m
step 01944/02520 (77.14%) | loss: 2.909375 | lrm: 0.38 | dt: 4329.84ms | tok/sec: 121,087 | bf16_mfu: 0.00 | epoch: 1 pq: 22 rg: 68 | total time: 65.98m | eta: 19.7m
step 01945/02520 (77.18%) | loss: 2.907459 | lrm: 0.38 | dt: 4325.03ms | tok/sec: 121,221 | bf16_mfu: 0.00 | epoch: 1 pq: 22 rg: 69 | total time: 66.05m | eta: 19.6m
step 01946/02520 (77.22%) | loss: 2.909222 | lrm: 0.38 | dt: 4324.40ms | tok/sec: 121,239 | bf16_mfu: 0.00 | epoch: 1 pq: 22 rg: 70 | total time: 66.12m | eta: 19.6m
step 01947/02520 (77.26%) | loss: 2.904909 | lrm: 0.38 | dt: 4330.96ms | tok/sec: 121,055 | bf16_mfu: 0.00 | epoch: 1 pq: 22 rg: 71 | total time: 66.19m | eta: 19.6m
step 01948/02520 (77.30%) | loss: 2.902449 | lrm: 0.38 | dt: 4330.53ms | tok/sec: 121,067 | bf16_mfu: 0.00 | epoch: 1 pq: 22 rg: 72 | total time: 66.27m | eta: 19.6m
step 01949/02520 (77.34%) | loss: 2.911404 | lrm: 0.38 | dt: 4323.04ms | tok/sec: 121,277 | bf16_mfu: 0.00 | epoch: 1 pq: 22 rg: 73 | total time: 66.34m | eta: 19.5m
step 01950/02520 (77.38%) | loss: 2.909073 | lrm: 0.38 | dt: 4346.31ms | tok/sec: 120,628 | bf16_mfu: 0.00 | epoch: 1 pq: 22 rg: 74 | total time: 66.41m | eta: 19.5m
step 01951/02520 (77.42%) | loss: 2.916926 | lrm: 0.38 | dt: 4331.05ms | tok/sec: 121,053 | bf16_mfu: 0.00 | epoch: 1 pq: 22 rg: 75 | total time: 66.48m | eta: 19.5m
step 01952/02520 (77.46%) | loss: 2.923000 | lrm: 0.38 | dt: 4323.57ms | tok/sec: 121,262 | bf16_mfu: 0.00 | epoch: 1 pq: 22 rg: 76 | total time: 66.56m | eta: 19.5m
step 01953/02520 (77.50%) | loss: 2.912498 | lrm: 0.38 | dt: 4326.49ms | tok/sec: 121,180 | bf16_mfu: 0.00 | epoch: 1 pq: 22 rg: 77 | total time: 66.63m | eta: 19.4m
step 01954/02520 (77.54%) | loss: 2.916703 | lrm: 0.38 | dt: 4326.77ms | tok/sec: 121,173 | bf16_mfu: 0.00 | epoch: 1 pq: 22 rg: 78 | total time: 66.70m | eta: 19.4m
step 01955/02520 (77.58%) | loss: 2.904924 | lrm: 0.38 | dt: 3893.11ms | tok/sec: 134,670 | bf16_mfu: 0.00 | epoch: 1 pq: 22 rg: 79 | total time: 66.76m | eta: 19.4m
step 01956/02520 (77.62%) | loss: 2.909889 | lrm: 0.38 | dt: 2060.08ms | tok/sec: 254,499 | bf16_mfu: 0.00 | epoch: 1 pq: 22 rg: 79 | total time: 66.80m | eta: 19.4m
step 01957/02520 (77.66%) | loss: 2.904163 | lrm: 0.38 | dt: 1997.60ms | tok/sec: 262,459 | bf16_mfu: 0.00 | epoch: 1 pq: 22 rg: 80 | total time: 66.83m | eta: 19.3m
step 01958/02520 (77.70%) | loss: 2.902810 | lrm: 0.38 | dt: 2018.30ms | tok/sec: 259,767 | bf16_mfu: 0.00 | epoch: 1 pq: 22 rg: 81 | total time: 66.87m | eta: 19.3m
step 01959/02520 (77.74%) | loss: 2.899766 | lrm: 0.38 | dt: 2014.48ms | tok/sec: 260,259 | bf16_mfu: 0.00 | epoch: 1 pq: 22 rg: 82 | total time: 66.90m | eta: 19.3m
step 01960/02520 (77.78%) | loss: 2.893089 | lrm: 0.37 | dt: 2070.43ms | tok/sec: 253,226 | bf16_mfu: 0.00 | epoch: 1 pq: 22 rg: 83 | total time: 66.93m | eta: 19.2m
step 01961/02520 (77.82%) | loss: 2.889439 | lrm: 0.37 | dt: 2073.23ms | tok/sec: 252,885 | bf16_mfu: 0.00 | epoch: 1 pq: 23 rg: 0 | total time: 66.97m | eta: 19.2m
step 01962/02520 (77.86%) | loss: 2.886168 | lrm: 0.37 | dt: 2030.96ms | tok/sec: 258,148 | bf16_mfu: 0.00 | epoch: 1 pq: 23 rg: 1 | total time: 67.00m | eta: 19.2m
step 01963/02520 (77.90%) | loss: 2.882567 | lrm: 0.37 | dt: 2029.06ms | tok/sec: 258,389 | bf16_mfu: 0.00 | epoch: 1 pq: 23 rg: 2 | total time: 67.04m | eta: 19.1m
step 01964/02520 (77.94%) | loss: 2.875488 | lrm: 0.37 | dt: 2070.82ms | tok/sec: 253,178 | bf16_mfu: 0.00 | epoch: 1 pq: 23 rg: 3 | total time: 67.07m | eta: 19.1m
step 01965/02520 (77.98%) | loss: 2.867743 | lrm: 0.37 | dt: 2033.58ms | tok/sec: 257,815 | bf16_mfu: 0.00 | epoch: 1 pq: 23 rg: 4 | total time: 67.10m | eta: 19.1m
step 01966/02520 (78.02%) | loss: 2.868691 | lrm: 0.37 | dt: 2072.59ms | tok/sec: 252,963 | bf16_mfu: 0.00 | epoch: 1 pq: 23 rg: 5 | total time: 67.14m | eta: 19.0m
step 01967/02520 (78.06%) | loss: 2.871046 | lrm: 0.37 | dt: 2027.55ms | tok/sec: 258,581 | bf16_mfu: 0.00 | epoch: 1 pq: 23 rg: 6 | total time: 67.17m | eta: 19.0m
step 01968/02520 (78.10%) | loss: 2.870529 | lrm: 0.37 | dt: 2054.62ms | tok/sec: 255,175 | bf16_mfu: 0.00 | epoch: 1 pq: 23 rg: 7 | total time: 67.21m | eta: 18.9m
step 01969/02520 (78.13%) | loss: 2.873711 | lrm: 0.37 | dt: 2062.10ms | tok/sec: 254,249 | bf16_mfu: 0.00 | epoch: 1 pq: 23 rg: 8 | total time: 67.24m | eta: 18.9m
step 01970/02520 (78.17%) | loss: 2.876410 | lrm: 0.37 | dt: 2056.81ms | tok/sec: 254,903 | bf16_mfu: 0.00 | epoch: 1 pq: 23 rg: 9 | total time: 67.28m | eta: 18.9m
step 01971/02520 (78.21%) | loss: 2.886022 | lrm: 0.37 | dt: 2003.59ms | tok/sec: 261,674 | bf16_mfu: 0.00 | epoch: 1 pq: 23 rg: 10 | total time: 67.31m | eta: 18.8m
step 01972/02520 (78.25%) | loss: 2.879373 | lrm: 0.37 | dt: 2055.98ms | tok/sec: 255,006 | bf16_mfu: 0.00 | epoch: 1 pq: 23 rg: 11 | total time: 67.34m | eta: 18.8m
step 01973/02520 (78.29%) | loss: 2.872110 | lrm: 0.37 | dt: 2063.70ms | tok/sec: 254,051 | bf16_mfu: 0.00 | epoch: 1 pq: 23 rg: 12 | total time: 67.38m | eta: 18.8m
step 01974/02520 (78.33%) | loss: 2.882248 | lrm: 0.37 | dt: 1996.82ms | tok/sec: 262,561 | bf16_mfu: 0.00 | epoch: 1 pq: 23 rg: 13 | total time: 67.41m | eta: 18.7m
step 01975/02520 (78.37%) | loss: 2.887395 | lrm: 0.37 | dt: 1993.87ms | tok/sec: 262,950 | bf16_mfu: 0.00 | epoch: 1 pq: 23 rg: 14 | total time: 67.44m | eta: 18.7m
step 01976/02520 (78.41%) | loss: 2.896884 | lrm: 0.37 | dt: 1994.67ms | tok/sec: 262,844 | bf16_mfu: 0.00 | epoch: 1 pq: 23 rg: 15 | total time: 67.48m | eta: 18.7m
step 01977/02520 (78.45%) | loss: 2.898187 | lrm: 0.36 | dt: 1987.63ms | tok/sec: 263,775 | bf16_mfu: 0.00 | epoch: 1 pq: 23 rg: 16 | total time: 67.51m | eta: 18.6m
step 01978/02520 (78.49%) | loss: 2.893944 | lrm: 0.36 | dt: 1988.85ms | tok/sec: 263,614 | bf16_mfu: 0.00 | epoch: 1 pq: 23 rg: 17 | total time: 67.54m | eta: 18.6m
step 01979/02520 (78.53%) | loss: 2.891813 | lrm: 0.36 | dt: 2011.70ms | tok/sec: 260,618 | bf16_mfu: 0.00 | epoch: 1 pq: 23 rg: 18 | total time: 67.58m | eta: 18.6m
step 01980/02520 (78.57%) | loss: 2.881970 | lrm: 0.36 | dt: 2003.88ms | tok/sec: 261,635 | bf16_mfu: 0.00 | epoch: 1 pq: 23 rg: 19 | total time: 67.61m | eta: 18.5m
step 01981/02520 (78.61%) | loss: 2.883549 | lrm: 0.36 | dt: 1990.68ms | tok/sec: 263,371 | bf16_mfu: 0.00 | epoch: 1 pq: 23 rg: 20 | total time: 67.64m | eta: 18.5m
step 01982/02520 (78.65%) | loss: 2.878061 | lrm: 0.36 | dt: 2004.84ms | tok/sec: 261,510 | bf16_mfu: 0.00 | epoch: 1 pq: 23 rg: 21 | total time: 67.68m | eta: 18.5m
step 01983/02520 (78.69%) | loss: 2.877547 | lrm: 0.36 | dt: 2011.99ms | tok/sec: 260,582 | bf16_mfu: 0.00 | epoch: 1 pq: 23 rg: 22 | total time: 67.71m | eta: 18.4m
step 01984/02520 (78.73%) | loss: 2.886209 | lrm: 0.36 | dt: 2003.56ms | tok/sec: 261,678 | bf16_mfu: 0.00 | epoch: 1 pq: 23 rg: 23 | total time: 67.74m | eta: 18.4m
step 01985/02520 (78.77%) | loss: 2.884674 | lrm: 0.36 | dt: 2031.64ms | tok/sec: 258,062 | bf16_mfu: 0.00 | epoch: 1 pq: 23 rg: 24 | total time: 67.78m | eta: 18.4m
step 01986/02520 (78.81%) | loss: 2.882875 | lrm: 0.36 | dt: 2030.08ms | tok/sec: 258,260 | bf16_mfu: 0.00 | epoch: 1 pq: 23 rg: 25 | total time: 67.81m | eta: 18.3m
step 01987/02520 (78.85%) | loss: 2.890485 | lrm: 0.36 | dt: 2047.33ms | tok/sec: 256,083 | bf16_mfu: 0.00 | epoch: 1 pq: 23 rg: 26 | total time: 67.85m | eta: 18.3m
step 01988/02520 (78.89%) | loss: 2.903916 | lrm: 0.36 | dt: 2064.62ms | tok/sec: 253,938 | bf16_mfu: 0.00 | epoch: 1 pq: 23 rg: 26 | total time: 67.88m | eta: 18.3m
step 01989/02520 (78.93%) | loss: 2.897200 | lrm: 0.36 | dt: 2049.80ms | tok/sec: 255,775 | bf16_mfu: 0.00 | epoch: 1 pq: 23 rg: 27 | total time: 67.91m | eta: 18.2m
step 01990/02520 (78.97%) | loss: 2.890469 | lrm: 0.36 | dt: 2058.65ms | tok/sec: 254,675 | bf16_mfu: 0.00 | epoch: 1 pq: 23 rg: 28 | total time: 67.95m | eta: 18.2m
step 01991/02520 (79.01%) | loss: 2.889848 | lrm: 0.36 | dt: 2038.19ms | tok/sec: 257,232 | bf16_mfu: 0.00 | epoch: 1 pq: 23 rg: 29 | total time: 67.98m | eta: 18.2m
step 01992/02520 (79.05%) | loss: 2.901047 | lrm: 0.36 | dt: 2000.12ms | tok/sec: 262,127 | bf16_mfu: 0.00 | epoch: 1 pq: 23 rg: 30 | total time: 68.02m | eta: 18.1m
step 01993/02520 (79.09%) | loss: 2.903194 | lrm: 0.36 | dt: 2005.54ms | tok/sec: 261,420 | bf16_mfu: 0.00 | epoch: 1 pq: 23 rg: 31 | total time: 68.05m | eta: 18.1m
step 01994/02520 (79.13%) | loss: 2.895568 | lrm: 0.36 | dt: 2007.44ms | tok/sec: 261,172 | bf16_mfu: 0.00 | epoch: 1 pq: 23 rg: 32 | total time: 68.08m | eta: 18.1m
step 01995/02520 (79.17%) | loss: 2.906754 | lrm: 0.35 | dt: 1997.91ms | tok/sec: 262,418 | bf16_mfu: 0.00 | epoch: 1 pq: 23 rg: 33 | total time: 68.12m | eta: 18.0m
step 01996/02520 (79.21%) | loss: 2.911104 | lrm: 0.35 | dt: 1997.37ms | tok/sec: 262,489 | bf16_mfu: 0.00 | epoch: 1 pq: 23 rg: 34 | total time: 68.15m | eta: 18.0m
step 01997/02520 (79.25%) | loss: 2.905881 | lrm: 0.35 | dt: 1999.32ms | tok/sec: 262,233 | bf16_mfu: 0.00 | epoch: 1 pq: 23 rg: 35 | total time: 68.18m | eta: 17.9m
step 01998/02520 (79.29%) | loss: 2.882850 | lrm: 0.35 | dt: 1996.80ms | tok/sec: 262,563 | bf16_mfu: 0.00 | epoch: 1 pq: 23 rg: 36 | total time: 68.22m | eta: 17.9m
step 01999/02520 (79.33%) | loss: 2.885280 | lrm: 0.35 | dt: 2050.98ms | tok/sec: 255,627 | bf16_mfu: 0.00 | epoch: 1 pq: 23 rg: 37 | total time: 68.25m | eta: 17.9m
Step 02000 | Validation bpb: 0.880165
step 02000/02520 (79.37%) | loss: 2.880071 | lrm: 0.35 | dt: 1998.01ms | tok/sec: 262,404 | bf16_mfu: 0.00 | epoch: 1 pq: 23 rg: 38 | total time: 68.28m | eta: 17.8m
step 02001/02520 (79.40%) | loss: 2.878099 | lrm: 0.35 | dt: 2011.58ms | tok/sec: 260,634 | bf16_mfu: 0.00 | epoch: 1 pq: 23 rg: 39 | total time: 68.32m | eta: 17.8m
step 02002/02520 (79.44%) | loss: 2.884865 | lrm: 0.35 | dt: 1994.66ms | tok/sec: 262,845 | bf16_mfu: 0.00 | epoch: 1 pq: 23 rg: 40 | total time: 68.35m | eta: 17.8m
step 02003/02520 (79.48%) | loss: 2.898118 | lrm: 0.35 | dt: 2033.73ms | tok/sec: 257,796 | bf16_mfu: 0.00 | epoch: 1 pq: 23 rg: 41 | total time: 68.38m | eta: 17.7m
step 02004/02520 (79.52%) | loss: 2.903206 | lrm: 0.35 | dt: 1983.92ms | tok/sec: 264,268 | bf16_mfu: 0.00 | epoch: 1 pq: 23 rg: 42 | total time: 68.42m | eta: 17.7m
step 02005/02520 (79.56%) | loss: 2.902562 | lrm: 0.35 | dt: 2002.63ms | tok/sec: 261,799 | bf16_mfu: 0.00 | epoch: 1 pq: 23 rg: 43 | total time: 68.45m | eta: 17.7m
step 02006/02520 (79.60%) | loss: 2.896227 | lrm: 0.35 | dt: 2035.95ms | tok/sec: 257,514 | bf16_mfu: 0.00 | epoch: 1 pq: 23 rg: 44 | total time: 68.48m | eta: 17.6m
step 02007/02520 (79.64%) | loss: 2.890815 | lrm: 0.35 | dt: 1998.02ms | tok/sec: 262,403 | bf16_mfu: 0.00 | epoch: 1 pq: 23 rg: 45 | total time: 68.52m | eta: 17.6m
step 02008/02520 (79.68%) | loss: 2.894394 | lrm: 0.35 | dt: 2020.70ms | tok/sec: 259,458 | bf16_mfu: 0.00 | epoch: 1 pq: 23 rg: 46 | total time: 68.55m | eta: 17.6m
step 02009/02520 (79.72%) | loss: 2.885547 | lrm: 0.35 | dt: 2019.80ms | tok/sec: 259,574 | bf16_mfu: 0.00 | epoch: 1 pq: 23 rg: 47 | total time: 68.59m | eta: 17.5m
step 02010/02520 (79.76%) | loss: 2.888550 | lrm: 0.35 | dt: 2021.95ms | tok/sec: 259,298 | bf16_mfu: 0.00 | epoch: 1 pq: 23 rg: 48 | total time: 68.62m | eta: 17.5m
step 02011/02520 (79.80%) | loss: 2.896586 | lrm: 0.35 | dt: 1995.29ms | tok/sec: 262,763 | bf16_mfu: 0.00 | epoch: 1 pq: 23 rg: 49 | total time: 68.65m | eta: 17.5m
step 02012/02520 (79.84%) | loss: 2.895751 | lrm: 0.34 | dt: 1985.70ms | tok/sec: 264,032 | bf16_mfu: 0.00 | epoch: 1 pq: 23 rg: 50 | total time: 68.69m | eta: 17.4m
step 02013/02520 (79.88%) | loss: 2.890003 | lrm: 0.34 | dt: 2014.70ms | tok/sec: 260,230 | bf16_mfu: 0.00 | epoch: 1 pq: 23 rg: 51 | total time: 68.72m | eta: 17.4m
step 02014/02520 (79.92%) | loss: 2.895572 | lrm: 0.34 | dt: 2047.14ms | tok/sec: 256,107 | bf16_mfu: 0.00 | epoch: 1 pq: 23 rg: 52 | total time: 68.75m | eta: 17.4m
step 02015/02520 (79.96%) | loss: 2.895799 | lrm: 0.34 | dt: 1983.50ms | tok/sec: 264,325 | bf16_mfu: 0.00 | epoch: 1 pq: 23 rg: 53 | total time: 68.79m | eta: 17.3m
2026-09-27 17:48:46,862 - nanochat.checkpoint_manager - [32m[1mINFO[0m - Saved model parameters to: /home/neo/.cache/nanochat/base_checkpoints/looped_L8_lr1_lr1_h1.0_s0/model_002016.pt
2026-09-27 17:48:47,322 - nanochat.checkpoint_manager - [32m[1mINFO[0m - Saved optimizer state to: /home/neo/.cache/nanochat/base_checkpoints/looped_L8_lr1_lr1_h1.0_s0/optim_002016_rank0.pt
2026-09-27 17:48:47,324 - nanochat.checkpoint_manager - [32m[1mINFO[0m - Saved metadata to: /home/neo/.cache/nanochat/base_checkpoints/looped_L8_lr1_lr1_h1.0_s0/meta_002016.json
step 02016/02520 (80.00%) | loss: 2.895340 | lrm: 0.34 | dt: 2018.83ms | tok/sec: 259,698 | bf16_mfu: 0.00 | epoch: 1 pq: 23 rg: 54 | total time: 68.82m | eta: 17.3m
step 02017/02520 (80.04%) | loss: 2.884009 | lrm: 0.34 | dt: 2002.96ms | tok/sec: 261,756 | bf16_mfu: 0.00 | epoch: 1 pq: 23 rg: 55 | total time: 68.85m | eta: 17.3m
step 02018/02520 (80.08%) | loss: 2.880537 | lrm: 0.34 | dt: 2022.57ms | tok/sec: 259,219 | bf16_mfu: 0.00 | epoch: 1 pq: 23 rg: 56 | total time: 68.89m | eta: 17.2m
step 02019/02520 (80.12%) | loss: 2.886217 | lrm: 0.34 | dt: 2012.30ms | tok/sec: 260,542 | bf16_mfu: 0.00 | epoch: 1 pq: 23 rg: 57 | total time: 68.92m | eta: 17.2m
step 02020/02520 (80.16%) | loss: 2.887139 | lrm: 0.34 | dt: 1997.88ms | tok/sec: 262,421 | bf16_mfu: 0.00 | epoch: 1 pq: 23 rg: 58 | total time: 68.95m | eta: 17.2m
step 02021/02520 (80.20%) | loss: 2.874814 | lrm: 0.34 | dt: 1996.36ms | tok/sec: 262,622 | bf16_mfu: 0.00 | epoch: 1 pq: 23 rg: 58 | total time: 68.99m | eta: 17.1m
step 02022/02520 (80.24%) | loss: 2.883938 | lrm: 0.34 | dt: 2017.65ms | tok/sec: 259,850 | bf16_mfu: 0.00 | epoch: 1 pq: 23 rg: 59 | total time: 69.02m | eta: 17.1m
step 02023/02520 (80.28%) | loss: 2.879617 | lrm: 0.34 | dt: 2014.19ms | tok/sec: 260,297 | bf16_mfu: 0.00 | epoch: 1 pq: 23 rg: 60 | total time: 69.05m | eta: 17.0m
step 02024/02520 (80.32%) | loss: 2.884844 | lrm: 0.34 | dt: 2028.37ms | tok/sec: 258,477 | bf16_mfu: 0.00 | epoch: 1 pq: 23 rg: 61 | total time: 69.09m | eta: 17.0m
step 02025/02520 (80.36%) | loss: 2.876570 | lrm: 0.34 | dt: 2046.65ms | tok/sec: 256,169 | bf16_mfu: 0.00 | epoch: 1 pq: 23 rg: 62 | total time: 69.12m | eta: 17.0m
step 02026/02520 (80.40%) | loss: 2.869053 | lrm: 0.34 | dt: 2224.26ms | tok/sec: 235,713 | bf16_mfu: 0.00 | epoch: 1 pq: 23 rg: 63 | total time: 69.16m | eta: 16.9m
step 02027/02520 (80.44%) | loss: 2.869566 | lrm: 0.34 | dt: 2573.85ms | tok/sec: 203,697 | bf16_mfu: 0.00 | epoch: 1 pq: 23 rg: 64 | total time: 69.20m | eta: 16.9m
step 02028/02520 (80.48%) | loss: 2.875742 | lrm: 0.34 | dt: 4247.55ms | tok/sec: 123,433 | bf16_mfu: 0.00 | epoch: 1 pq: 23 rg: 65 | total time: 69.27m | eta: 16.9m
step 02029/02520 (80.52%) | loss: 2.872817 | lrm: 0.33 | dt: 4230.48ms | tok/sec: 123,931 | bf16_mfu: 0.00 | epoch: 1 pq: 23 rg: 66 | total time: 69.34m | eta: 16.9m
step 02030/02520 (80.56%) | loss: 2.866568 | lrm: 0.33 | dt: 4238.59ms | tok/sec: 123,693 | bf16_mfu: 0.00 | epoch: 1 pq: 23 rg: 67 | total time: 69.41m | eta: 16.8m
step 02031/02520 (80.60%) | loss: 2.869709 | lrm: 0.33 | dt: 4271.76ms | tok/sec: 122,733 | bf16_mfu: 0.00 | epoch: 1 pq: 23 rg: 68 | total time: 69.49m | eta: 16.8m
step 02032/02520 (80.63%) | loss: 2.867835 | lrm: 0.33 | dt: 4316.84ms | tok/sec: 121,451 | bf16_mfu: 0.00 | epoch: 1 pq: 23 rg: 69 | total time: 69.56m | eta: 16.8m
step 02033/02520 (80.67%) | loss: 2.866937 | lrm: 0.33 | dt: 4317.03ms | tok/sec: 121,446 | bf16_mfu: 0.00 | epoch: 1 pq: 23 rg: 70 | total time: 69.63m | eta: 16.8m
step 02034/02520 (80.71%) | loss: 2.872668 | lrm: 0.33 | dt: 4316.12ms | tok/sec: 121,472 | bf16_mfu: 0.00 | epoch: 1 pq: 23 rg: 71 | total time: 69.70m | eta: 16.7m
step 02035/02520 (80.75%) | loss: 2.879562 | lrm: 0.33 | dt: 4315.38ms | tok/sec: 121,492 | bf16_mfu: 0.00 | epoch: 1 pq: 23 rg: 72 | total time: 69.77m | eta: 16.7m
step 02036/02520 (80.79%) | loss: 2.884837 | lrm: 0.33 | dt: 4314.01ms | tok/sec: 121,531 | bf16_mfu: 0.00 | epoch: 1 pq: 23 rg: 73 | total time: 69.84m | eta: 16.7m
step 02037/02520 (80.83%) | loss: 2.888285 | lrm: 0.33 | dt: 4313.22ms | tok/sec: 121,553 | bf16_mfu: 0.00 | epoch: 1 pq: 23 rg: 74 | total time: 69.92m | eta: 16.7m
step 02038/02520 (80.87%) | loss: 2.878763 | lrm: 0.33 | dt: 4317.27ms | tok/sec: 121,439 | bf16_mfu: 0.00 | epoch: 1 pq: 23 rg: 75 | total time: 69.99m | eta: 16.6m
step 02039/02520 (80.91%) | loss: 2.887410 | lrm: 0.33 | dt: 4309.69ms | tok/sec: 121,653 | bf16_mfu: 0.00 | epoch: 1 pq: 23 rg: 76 | total time: 70.06m | eta: 16.6m
step 02040/02520 (80.95%) | loss: 2.896823 | lrm: 0.33 | dt: 2446.75ms | tok/sec: 214,279 | bf16_mfu: 0.00 | epoch: 1 pq: 23 rg: 77 | total time: 70.10m | eta: 16.6m
step 02041/02520 (80.99%) | loss: 2.889681 | lrm: 0.33 | dt: 2045.63ms | tok/sec: 256,296 | bf16_mfu: 0.00 | epoch: 1 pq: 23 rg: 78 | total time: 70.14m | eta: 16.5m
step 02042/02520 (81.03%) | loss: 2.888763 | lrm: 0.33 | dt: 2018.66ms | tok/sec: 259,721 | bf16_mfu: 0.00 | epoch: 1 pq: 23 rg: 79 | total time: 70.17m | eta: 16.5m
step 02043/02520 (81.07%) | loss: 2.874436 | lrm: 0.33 | dt: 2003.48ms | tok/sec: 261,688 | bf16_mfu: 0.00 | epoch: 1 pq: 23 rg: 80 | total time: 70.20m | eta: 16.5m
step 02044/02520 (81.11%) | loss: 2.882691 | lrm: 0.33 | dt: 2074.14ms | tok/sec: 252,773 | bf16_mfu: 0.00 | epoch: 1 pq: 23 rg: 81 | total time: 70.24m | eta: 16.4m
step 02045/02520 (81.15%) | loss: 2.888472 | lrm: 0.33 | dt: 2005.12ms | tok/sec: 261,475 | bf16_mfu: 0.00 | epoch: 1 pq: 23 rg: 82 | total time: 70.27m | eta: 16.4m
step 02046/02520 (81.19%) | loss: 2.894437 | lrm: 0.32 | dt: 2039.91ms | tok/sec: 257,015 | bf16_mfu: 0.00 | epoch: 1 pq: 24 rg: 0 | total time: 70.30m | eta: 16.4m
step 02047/02520 (81.23%) | loss: 2.895198 | lrm: 0.32 | dt: 2014.05ms | tok/sec: 260,315 | bf16_mfu: 0.00 | epoch: 1 pq: 24 rg: 1 | total time: 70.34m | eta: 16.3m
step 02048/02520 (81.27%) | loss: 2.895077 | lrm: 0.32 | dt: 2025.99ms | tok/sec: 258,781 | bf16_mfu: 0.00 | epoch: 1 pq: 24 rg: 2 | total time: 70.37m | eta: 16.3m
step 02049/02520 (81.31%) | loss: 2.891135 | lrm: 0.32 | dt: 2002.10ms | tok/sec: 261,869 | bf16_mfu: 0.00 | epoch: 1 pq: 24 rg: 3 | total time: 70.41m | eta: 16.3m
step 02050/02520 (81.35%) | loss: 2.892693 | lrm: 0.32 | dt: 2027.89ms | tok/sec: 258,538 | bf16_mfu: 0.00 | epoch: 1 pq: 24 rg: 4 | total time: 70.44m | eta: 16.2m
step 02051/02520 (81.39%) | loss: 2.892655 | lrm: 0.32 | dt: 2004.00ms | tok/sec: 261,620 | bf16_mfu: 0.00 | epoch: 1 pq: 24 rg: 5 | total time: 70.47m | eta: 16.2m
step 02052/02520 (81.43%) | loss: 2.890577 | lrm: 0.32 | dt: 2188.12ms | tok/sec: 239,606 | bf16_mfu: 0.00 | epoch: 1 pq: 24 rg: 5 | total time: 70.51m | eta: 16.2m
step 02053/02520 (81.47%) | loss: 2.890322 | lrm: 0.32 | dt: 2131.47ms | tok/sec: 245,974 | bf16_mfu: 0.00 | epoch: 1 pq: 24 rg: 6 | total time: 70.54m | eta: 16.1m
step 02054/02520 (81.51%) | loss: 2.888341 | lrm: 0.32 | dt: 3417.07ms | tok/sec: 153,432 | bf16_mfu: 0.00 | epoch: 1 pq: 24 rg: 7 | total time: 70.60m | eta: 16.1m
step 02055/02520 (81.55%) | loss: 2.884801 | lrm: 0.32 | dt: 4326.20ms | tok/sec: 121,189 | bf16_mfu: 0.00 | epoch: 1 pq: 24 rg: 8 | total time: 70.67m | eta: 16.1m
step 02056/02520 (81.59%) | loss: 2.886001 | lrm: 0.32 | dt: 4335.66ms | tok/sec: 120,924 | bf16_mfu: 0.00 | epoch: 1 pq: 24 rg: 9 | total time: 70.75m | eta: 16.0m
step 02057/02520 (81.63%) | loss: 2.896455 | lrm: 0.32 | dt: 4247.51ms | tok/sec: 123,434 | bf16_mfu: 0.00 | epoch: 1 pq: 24 rg: 10 | total time: 70.82m | eta: 16.0m
step 02058/02520 (81.67%) | loss: 2.893854 | lrm: 0.32 | dt: 4235.96ms | tok/sec: 123,770 | bf16_mfu: 0.00 | epoch: 1 pq: 24 rg: 11 | total time: 70.89m | eta: 16.0m
step 02059/02520 (81.71%) | loss: 2.884851 | lrm: 0.32 | dt: 4284.98ms | tok/sec: 122,354 | bf16_mfu: 0.00 | epoch: 1 pq: 24 rg: 12 | total time: 70.96m | eta: 16.0m
step 02060/02520 (81.75%) | loss: 2.879719 | lrm: 0.32 | dt: 4314.15ms | tok/sec: 121,527 | bf16_mfu: 0.00 | epoch: 1 pq: 24 rg: 13 | total time: 71.03m | eta: 15.9m
step 02061/02520 (81.79%) | loss: 2.887427 | lrm: 0.32 | dt: 4334.51ms | tok/sec: 120,956 | bf16_mfu: 0.00 | epoch: 1 pq: 24 rg: 14 | total time: 71.10m | eta: 15.9m
step 02062/02520 (81.83%) | loss: 2.887034 | lrm: 0.32 | dt: 4334.17ms | tok/sec: 120,966 | bf16_mfu: 0.00 | epoch: 1 pq: 24 rg: 15 | total time: 71.17m | eta: 15.9m
step 02063/02520 (81.87%) | loss: 2.886037 | lrm: 0.32 | dt: 4319.62ms | tok/sec: 121,373 | bf16_mfu: 0.00 | epoch: 1 pq: 24 rg: 16 | total time: 71.25m | eta: 15.9m
step 02064/02520 (81.90%) | loss: 2.886975 | lrm: 0.31 | dt: 4333.35ms | tok/sec: 120,989 | bf16_mfu: 0.00 | epoch: 1 pq: 24 rg: 17 | total time: 71.32m | eta: 15.8m
step 02065/02520 (81.94%) | loss: 2.879964 | lrm: 0.31 | dt: 4338.07ms | tok/sec: 120,857 | bf16_mfu: 0.00 | epoch: 1 pq: 24 rg: 18 | total time: 71.39m | eta: 15.8m
step 02066/02520 (81.98%) | loss: 2.877542 | lrm: 0.31 | dt: 3830.23ms | tok/sec: 136,881 | bf16_mfu: 0.00 | epoch: 1 pq: 24 rg: 19 | total time: 71.46m | eta: 15.8m
step 02067/02520 (82.02%) | loss: 2.870911 | lrm: 0.31 | dt: 2062.93ms | tok/sec: 254,146 | bf16_mfu: 0.00 | epoch: 1 pq: 24 rg: 20 | total time: 71.49m | eta: 15.7m
step 02068/02520 (82.06%) | loss: 2.886394 | lrm: 0.31 | dt: 2011.70ms | tok/sec: 260,618 | bf16_mfu: 0.00 | epoch: 1 pq: 24 rg: 21 | total time: 71.52m | eta: 15.7m
step 02069/02520 (82.10%) | loss: 2.872721 | lrm: 0.31 | dt: 2037.15ms | tok/sec: 257,363 | bf16_mfu: 0.00 | epoch: 1 pq: 24 rg: 22 | total time: 71.56m | eta: 15.7m
step 02070/02520 (82.14%) | loss: 2.878191 | lrm: 0.31 | dt: 1991.32ms | tok/sec: 263,286 | bf16_mfu: 0.00 | epoch: 1 pq: 24 rg: 23 | total time: 71.59m | eta: 15.6m
step 02071/02520 (82.18%) | loss: 2.893127 | lrm: 0.31 | dt: 1991.52ms | tok/sec: 263,260 | bf16_mfu: 0.00 | epoch: 1 pq: 24 rg: 24 | total time: 71.62m | eta: 15.6m
step 02072/02520 (82.22%) | loss: 2.889733 | lrm: 0.31 | dt: 2004.72ms | tok/sec: 261,526 | bf16_mfu: 0.00 | epoch: 1 pq: 24 rg: 25 | total time: 71.66m | eta: 15.6m
step 02073/02520 (82.26%) | loss: 2.884624 | lrm: 0.31 | dt: 2016.16ms | tok/sec: 260,042 | bf16_mfu: 0.00 | epoch: 1 pq: 24 rg: 26 | total time: 71.69m | eta: 15.5m
step 02074/02520 (82.30%) | loss: 2.878496 | lrm: 0.31 | dt: 1998.08ms | tok/sec: 262,395 | bf16_mfu: 0.00 | epoch: 1 pq: 24 rg: 27 | total time: 71.72m | eta: 15.5m
step 02075/02520 (82.34%) | loss: 2.877999 | lrm: 0.31 | dt: 2017.71ms | tok/sec: 259,843 | bf16_mfu: 0.00 | epoch: 1 pq: 24 rg: 28 | total time: 71.76m | eta: 15.5m
step 02076/02520 (82.38%) | loss: 2.883765 | lrm: 0.31 | dt: 1999.11ms | tok/sec: 262,261 | bf16_mfu: 0.00 | epoch: 1 pq: 24 rg: 29 | total time: 71.79m | eta: 15.4m
step 02077/02520 (82.42%) | loss: 2.886126 | lrm: 0.31 | dt: 2017.93ms | tok/sec: 259,815 | bf16_mfu: 0.00 | epoch: 1 pq: 24 rg: 30 | total time: 71.82m | eta: 15.4m
step 02078/02520 (82.46%) | loss: 2.889331 | lrm: 0.31 | dt: 2070.89ms | tok/sec: 253,170 | bf16_mfu: 0.00 | epoch: 1 pq: 24 rg: 31 | total time: 71.86m | eta: 15.4m
step 02079/02520 (82.50%) | loss: 2.893929 | lrm: 0.31 | dt: 2035.88ms | tok/sec: 257,523 | bf16_mfu: 0.00 | epoch: 1 pq: 24 rg: 32 | total time: 71.89m | eta: 15.3m
step 02080/02520 (82.54%) | loss: 2.894957 | lrm: 0.31 | dt: 2048.26ms | tok/sec: 255,967 | bf16_mfu: 0.00 | epoch: 1 pq: 24 rg: 32 | total time: 71.93m | eta: 15.3m
step 02081/02520 (82.58%) | loss: 2.889011 | lrm: 0.30 | dt: 2029.83ms | tok/sec: 258,291 | bf16_mfu: 0.00 | epoch: 1 pq: 24 rg: 33 | total time: 71.96m | eta: 15.3m
step 02082/02520 (82.62%) | loss: 2.891700 | lrm: 0.30 | dt: 2074.88ms | tok/sec: 252,683 | bf16_mfu: 0.00 | epoch: 1 pq: 24 rg: 34 | total time: 72.00m | eta: 15.2m
step 02083/02520 (82.66%) | loss: 2.879481 | lrm: 0.30 | dt: 2027.62ms | tok/sec: 258,573 | bf16_mfu: 0.00 | epoch: 1 pq: 24 rg: 35 | total time: 72.03m | eta: 15.2m
step 02084/02520 (82.70%) | loss: 2.870563 | lrm: 0.30 | dt: 2035.13ms | tok/sec: 257,619 | bf16_mfu: 0.00 | epoch: 1 pq: 24 rg: 36 | total time: 72.06m | eta: 15.1m
step 02085/02520 (82.74%) | loss: 2.877590 | lrm: 0.30 | dt: 2010.65ms | tok/sec: 260,755 | bf16_mfu: 0.00 | epoch: 1 pq: 24 rg: 37 | total time: 72.10m | eta: 15.1m
step 02086/02520 (82.78%) | loss: 2.891276 | lrm: 0.30 | dt: 2016.05ms | tok/sec: 260,056 | bf16_mfu: 0.00 | epoch: 1 pq: 24 rg: 38 | total time: 72.13m | eta: 15.1m
step 02087/02520 (82.82%) | loss: 2.878691 | lrm: 0.30 | dt: 1999.42ms | tok/sec: 262,220 | bf16_mfu: 0.00 | epoch: 1 pq: 24 rg: 39 | total time: 72.16m | eta: 15.0m
step 02088/02520 (82.86%) | loss: 2.895686 | lrm: 0.30 | dt: 2053.60ms | tok/sec: 255,302 | bf16_mfu: 0.00 | epoch: 1 pq: 24 rg: 40 | total time: 72.20m | eta: 15.0m
step 02089/02520 (82.90%) | loss: 2.887791 | lrm: 0.30 | dt: 2035.00ms | tok/sec: 257,635 | bf16_mfu: 0.00 | epoch: 1 pq: 24 rg: 41 | total time: 72.23m | eta: 15.0m
step 02090/02520 (82.94%) | loss: 2.876462 | lrm: 0.30 | dt: 2016.61ms | tok/sec: 259,985 | bf16_mfu: 0.00 | epoch: 1 pq: 24 rg: 42 | total time: 72.27m | eta: 14.9m
step 02091/02520 (82.98%) | loss: 2.880321 | lrm: 0.30 | dt: 2224.31ms | tok/sec: 235,708 | bf16_mfu: 0.00 | epoch: 1 pq: 24 rg: 43 | total time: 72.30m | eta: 14.9m
step 02092/02520 (83.02%) | loss: 2.881538 | lrm: 0.30 | dt: 2518.95ms | tok/sec: 208,137 | bf16_mfu: 0.00 | epoch: 1 pq: 24 rg: 44 | total time: 72.34m | eta: 14.9m
step 02093/02520 (83.06%) | loss: 2.872371 | lrm: 0.30 | dt: 4321.56ms | tok/sec: 121,319 | bf16_mfu: 0.00 | epoch: 1 pq: 24 rg: 45 | total time: 72.42m | eta: 14.8m
step 02094/02520 (83.10%) | loss: 2.879219 | lrm: 0.30 | dt: 4332.63ms | tok/sec: 121,009 | bf16_mfu: 0.00 | epoch: 1 pq: 24 rg: 46 | total time: 72.49m | eta: 14.8m
step 02095/02520 (83.13%) | loss: 2.878971 | lrm: 0.30 | dt: 4333.04ms | tok/sec: 120,997 | bf16_mfu: 0.00 | epoch: 1 pq: 24 rg: 47 | total time: 72.56m | eta: 14.8m
step 02096/02520 (83.17%) | loss: 2.882367 | lrm: 0.30 | dt: 4347.20ms | tok/sec: 120,603 | bf16_mfu: 0.00 | epoch: 1 pq: 24 rg: 48 | total time: 72.63m | eta: 14.8m
step 02097/02520 (83.21%) | loss: 2.887275 | lrm: 0.30 | dt: 4341.06ms | tok/sec: 120,774 | bf16_mfu: 0.00 | epoch: 1 pq: 24 rg: 49 | total time: 72.71m | eta: 14.7m
step 02098/02520 (83.25%) | loss: 2.881185 | lrm: 0.29 | dt: 4335.18ms | tok/sec: 120,937 | bf16_mfu: 0.00 | epoch: 1 pq: 24 rg: 50 | total time: 72.78m | eta: 14.7m
step 02099/02520 (83.29%) | loss: 2.871172 | lrm: 0.29 | dt: 4322.19ms | tok/sec: 121,301 | bf16_mfu: 0.00 | epoch: 1 pq: 24 rg: 51 | total time: 72.85m | eta: 14.7m
step 02100/02520 (83.33%) | loss: 2.874104 | lrm: 0.29 | dt: 4331.85ms | tok/sec: 121,031 | bf16_mfu: 0.00 | epoch: 1 pq: 24 rg: 52 | total time: 72.92m | eta: 14.7m
step 02101/02520 (83.37%) | loss: 2.873706 | lrm: 0.29 | dt: 3181.19ms | tok/sec: 164,808 | bf16_mfu: 0.00 | epoch: 1 pq: 24 rg: 53 | total time: 72.98m | eta: 14.6m
step 02102/02520 (83.41%) | loss: 2.879770 | lrm: 0.29 | dt: 2024.31ms | tok/sec: 258,996 | bf16_mfu: 0.00 | epoch: 1 pq: 24 rg: 54 | total time: 73.01m | eta: 14.6m
step 02103/02520 (83.45%) | loss: 2.881175 | lrm: 0.29 | dt: 2023.34ms | tok/sec: 259,119 | bf16_mfu: 0.00 | epoch: 1 pq: 24 rg: 55 | total time: 73.04m | eta: 14.6m
step 02104/02520 (83.49%) | loss: 2.876422 | lrm: 0.29 | dt: 2059.93ms | tok/sec: 254,517 | bf16_mfu: 0.00 | epoch: 1 pq: 24 rg: 56 | total time: 73.08m | eta: 14.5m
step 02105/02520 (83.53%) | loss: 2.871224 | lrm: 0.29 | dt: 2079.23ms | tok/sec: 252,155 | bf16_mfu: 0.00 | epoch: 1 pq: 24 rg: 57 | total time: 73.11m | eta: 14.5m
step 02106/02520 (83.57%) | loss: 2.863724 | lrm: 0.29 | dt: 2022.99ms | tok/sec: 259,164 | bf16_mfu: 0.00 | epoch: 1 pq: 24 rg: 58 | total time: 73.15m | eta: 14.4m
step 02107/02520 (83.61%) | loss: 2.866611 | lrm: 0.29 | dt: 1989.76ms | tok/sec: 263,493 | bf16_mfu: 0.00 | epoch: 1 pq: 24 rg: 59 | total time: 73.18m | eta: 14.4m
step 02108/02520 (83.65%) | loss: 2.857893 | lrm: 0.29 | dt: 2025.13ms | tok/sec: 258,891 | bf16_mfu: 0.00 | epoch: 1 pq: 24 rg: 60 | total time: 73.21m | eta: 14.4m
step 02109/02520 (83.69%) | loss: 2.871957 | lrm: 0.29 | dt: 2018.04ms | tok/sec: 259,800 | bf16_mfu: 0.00 | epoch: 1 pq: 24 rg: 61 | total time: 73.25m | eta: 14.3m
step 02110/02520 (83.73%) | loss: 2.873821 | lrm: 0.29 | dt: 1991.38ms | tok/sec: 263,279 | bf16_mfu: 0.00 | epoch: 1 pq: 24 rg: 62 | total time: 73.28m | eta: 14.3m
step 02111/02520 (83.77%) | loss: 2.866924 | lrm: 0.29 | dt: 1993.13ms | tok/sec: 263,047 | bf16_mfu: 0.00 | epoch: 1 pq: 24 rg: 63 | total time: 73.31m | eta: 14.3m
step 02112/02520 (83.81%) | loss: 2.878445 | lrm: 0.29 | dt: 2007.76ms | tok/sec: 261,130 | bf16_mfu: 0.00 | epoch: 1 pq: 24 rg: 64 | total time: 73.35m | eta: 14.2m
step 02113/02520 (83.85%) | loss: 2.873175 | lrm: 0.29 | dt: 1994.94ms | tok/sec: 262,809 | bf16_mfu: 0.00 | epoch: 1 pq: 24 rg: 65 | total time: 73.38m | eta: 14.2m
step 02114/02520 (83.89%) | loss: 2.864470 | lrm: 0.29 | dt: 2009.73ms | tok/sec: 260,874 | bf16_mfu: 0.00 | epoch: 1 pq: 24 rg: 66 | total time: 73.41m | eta: 14.2m
step 02115/02520 (83.93%) | loss: 2.864911 | lrm: 0.28 | dt: 1995.72ms | tok/sec: 262,706 | bf16_mfu: 0.00 | epoch: 1 pq: 24 rg: 67 | total time: 73.45m | eta: 14.1m
step 02116/02520 (83.97%) | loss: 2.864710 | lrm: 0.28 | dt: 2025.99ms | tok/sec: 258,781 | bf16_mfu: 0.00 | epoch: 1 pq: 24 rg: 67 | total time: 73.48m | eta: 14.1m
step 02117/02520 (84.01%) | loss: 2.862587 | lrm: 0.28 | dt: 2027.84ms | tok/sec: 258,544 | bf16_mfu: 0.00 | epoch: 1 pq: 24 rg: 68 | total time: 73.51m | eta: 14.1m
step 02118/02520 (84.05%) | loss: 2.860447 | lrm: 0.28 | dt: 2012.13ms | tok/sec: 260,563 | bf16_mfu: 0.00 | epoch: 1 pq: 24 rg: 69 | total time: 73.55m | eta: 14.0m
step 02119/02520 (84.09%) | loss: 2.871335 | lrm: 0.28 | dt: 2013.65ms | tok/sec: 260,367 | bf16_mfu: 0.00 | epoch: 1 pq: 24 rg: 70 | total time: 73.58m | eta: 14.0m
step 02120/02520 (84.13%) | loss: 2.867042 | lrm: 0.28 | dt: 2084.20ms | tok/sec: 251,553 | bf16_mfu: 0.00 | epoch: 1 pq: 24 rg: 71 | total time: 73.62m | eta: 14.0m
step 02121/02520 (84.17%) | loss: 2.871292 | lrm: 0.28 | dt: 2188.10ms | tok/sec: 239,608 | bf16_mfu: 0.00 | epoch: 1 pq: 24 rg: 72 | total time: 73.65m | eta: 13.9m
step 02122/02520 (84.21%) | loss: 2.861782 | lrm: 0.28 | dt: 2945.60ms | tok/sec: 177,990 | bf16_mfu: 0.00 | epoch: 1 pq: 24 rg: 73 | total time: 73.70m | eta: 13.9m
step 02123/02520 (84.25%) | loss: 2.862717 | lrm: 0.28 | dt: 4319.23ms | tok/sec: 121,384 | bf16_mfu: 0.00 | epoch: 1 pq: 24 rg: 74 | total time: 73.77m | eta: 13.9m
step 02124/02520 (84.29%) | loss: 2.857035 | lrm: 0.28 | dt: 4308.64ms | tok/sec: 121,683 | bf16_mfu: 0.00 | epoch: 1 pq: 24 rg: 75 | total time: 73.84m | eta: 13.8m
step 02125/02520 (84.33%) | loss: 2.854724 | lrm: 0.28 | dt: 4320.27ms | tok/sec: 121,355 | bf16_mfu: 0.00 | epoch: 1 pq: 24 rg: 76 | total time: 73.92m | eta: 13.8m
step 02126/02520 (84.37%) | loss: 2.857397 | lrm: 0.28 | dt: 4330.25ms | tok/sec: 121,075 | bf16_mfu: 0.00 | epoch: 1 pq: 24 rg: 77 | total time: 73.99m | eta: 13.8m
step 02127/02520 (84.40%) | loss: 2.858090 | lrm: 0.28 | dt: 4335.62ms | tok/sec: 120,925 | bf16_mfu: 0.00 | epoch: 1 pq: 24 rg: 78 | total time: 74.06m | eta: 13.7m
step 02128/02520 (84.44%) | loss: 2.865749 | lrm: 0.28 | dt: 4321.55ms | tok/sec: 121,319 | bf16_mfu: 0.00 | epoch: 1 pq: 24 rg: 79 | total time: 74.13m | eta: 13.7m
step 02129/02520 (84.48%) | loss: 2.856414 | lrm: 0.28 | dt: 4318.72ms | tok/sec: 121,399 | bf16_mfu: 0.00 | epoch: 1 pq: 24 rg: 80 | total time: 74.20m | eta: 13.7m
step 02130/02520 (84.52%) | loss: 2.852348 | lrm: 0.28 | dt: 4314.46ms | tok/sec: 121,518 | bf16_mfu: 0.00 | epoch: 1 pq: 24 rg: 81 | total time: 74.28m | eta: 13.7m
step 02131/02520 (84.56%) | loss: 2.854478 | lrm: 0.28 | dt: 2767.83ms | tok/sec: 189,421 | bf16_mfu: 0.00 | epoch: 1 pq: 24 rg: 82 | total time: 74.32m | eta: 13.6m
step 02132/02520 (84.60%) | loss: 2.847731 | lrm: 0.28 | dt: 2026.59ms | tok/sec: 258,704 | bf16_mfu: 0.00 | epoch: 1 pq: 25 rg: 0 | total time: 74.36m | eta: 13.6m
step 02133/02520 (84.64%) | loss: 2.848836 | lrm: 0.27 | dt: 2047.31ms | tok/sec: 256,086 | bf16_mfu: 0.00 | epoch: 1 pq: 25 rg: 1 | total time: 74.39m | eta: 13.6m
step 02134/02520 (84.68%) | loss: 2.844488 | lrm: 0.27 | dt: 2010.71ms | tok/sec: 260,747 | bf16_mfu: 0.00 | epoch: 1 pq: 25 rg: 2 | total time: 74.42m | eta: 13.5m
step 02135/02520 (84.72%) | loss: 2.843527 | lrm: 0.27 | dt: 2012.00ms | tok/sec: 260,579 | bf16_mfu: 0.00 | epoch: 1 pq: 25 rg: 3 | total time: 74.46m | eta: 13.5m
step 02136/02520 (84.76%) | loss: 2.848377 | lrm: 0.27 | dt: 1999.55ms | tok/sec: 262,202 | bf16_mfu: 0.00 | epoch: 1 pq: 25 rg: 4 | total time: 74.49m | eta: 13.5m
step 02137/02520 (84.80%) | loss: 2.854565 | lrm: 0.27 | dt: 1991.52ms | tok/sec: 263,259 | bf16_mfu: 0.00 | epoch: 1 pq: 25 rg: 5 | total time: 74.52m | eta: 13.4m
step 02138/02520 (84.84%) | loss: 2.856831 | lrm: 0.27 | dt: 2021.72ms | tok/sec: 259,328 | bf16_mfu: 0.00 | epoch: 1 pq: 25 rg: 6 | total time: 74.56m | eta: 13.4m
step 02139/02520 (84.88%) | loss: 2.853201 | lrm: 0.27 | dt: 2010.41ms | tok/sec: 260,786 | bf16_mfu: 0.00 | epoch: 1 pq: 25 rg: 7 | total time: 74.59m | eta: 13.3m
step 02140/02520 (84.92%) | loss: 2.840101 | lrm: 0.27 | dt: 2010.22ms | tok/sec: 260,810 | bf16_mfu: 0.00 | epoch: 1 pq: 25 rg: 8 | total time: 74.63m | eta: 13.3m
step 02141/02520 (84.96%) | loss: 2.856686 | lrm: 0.27 | dt: 1993.29ms | tok/sec: 263,026 | bf16_mfu: 0.00 | epoch: 1 pq: 25 rg: 9 | total time: 74.66m | eta: 13.3m
2026-09-27 17:54:39,949 - nanochat.checkpoint_manager - [32m[1mINFO[0m - Saved model parameters to: /home/neo/.cache/nanochat/base_checkpoints/looped_L8_lr1_lr1_h1.0_s0/model_002142.pt
2026-09-27 17:54:40,405 - nanochat.checkpoint_manager - [32m[1mINFO[0m - Saved optimizer state to: /home/neo/.cache/nanochat/base_checkpoints/looped_L8_lr1_lr1_h1.0_s0/optim_002142_rank0.pt
2026-09-27 17:54:40,407 - nanochat.checkpoint_manager - [32m[1mINFO[0m - Saved metadata to: /home/neo/.cache/nanochat/base_checkpoints/looped_L8_lr1_lr1_h1.0_s0/meta_002142.json
step 02142/02520 (85.00%) | loss: 2.851793 | lrm: 0.27 | dt: 1974.90ms | tok/sec: 265,476 | bf16_mfu: 0.00 | epoch: 1 pq: 25 rg: 10 | total time: 74.69m | eta: 13.2m
step 02143/02520 (85.04%) | loss: 2.849954 | lrm: 0.27 | dt: 2016.36ms | tok/sec: 260,017 | bf16_mfu: 0.00 | epoch: 1 pq: 25 rg: 10 | total time: 74.72m | eta: 13.2m
step 02144/02520 (85.08%) | loss: 2.841595 | lrm: 0.27 | dt: 2010.53ms | tok/sec: 260,770 | bf16_mfu: 0.00 | epoch: 1 pq: 25 rg: 11 | total time: 74.76m | eta: 13.2m
step 02145/02520 (85.12%) | loss: 2.827005 | lrm: 0.27 | dt: 2024.05ms | tok/sec: 259,028 | bf16_mfu: 0.00 | epoch: 1 pq: 25 rg: 12 | total time: 74.79m | eta: 13.1m
step 02146/02520 (85.16%) | loss: 2.833955 | lrm: 0.27 | dt: 2082.01ms | tok/sec: 251,817 | bf16_mfu: 0.00 | epoch: 1 pq: 25 rg: 13 | total time: 74.83m | eta: 13.1m
step 02147/02520 (85.20%) | loss: 2.836736 | lrm: 0.27 | dt: 2187.84ms | tok/sec: 239,637 | bf16_mfu: 0.00 | epoch: 1 pq: 25 rg: 14 | total time: 74.86m | eta: 13.1m
step 02148/02520 (85.24%) | loss: 2.847833 | lrm: 0.27 | dt: 3279.37ms | tok/sec: 159,874 | bf16_mfu: 0.00 | epoch: 1 pq: 25 rg: 15 | total time: 74.92m | eta: 13.0m
step 02149/02520 (85.28%) | loss: 2.854133 | lrm: 0.27 | dt: 4320.26ms | tok/sec: 121,355 | bf16_mfu: 0.00 | epoch: 1 pq: 25 rg: 16 | total time: 74.99m | eta: 13.0m
step 02150/02520 (85.32%) | loss: 2.858004 | lrm: 0.26 | dt: 4322.94ms | tok/sec: 121,280 | bf16_mfu: 0.00 | epoch: 1 pq: 25 rg: 17 | total time: 75.06m | eta: 13.0m
step 02151/02520 (85.36%) | loss: 2.845505 | lrm: 0.26 | dt: 4329.38ms | tok/sec: 121,099 | bf16_mfu: 0.00 | epoch: 1 pq: 25 rg: 18 | total time: 75.13m | eta: 12.9m
step 02152/02520 (85.40%) | loss: 2.846965 | lrm: 0.26 | dt: 4315.22ms | tok/sec: 121,497 | bf16_mfu: 0.00 | epoch: 1 pq: 25 rg: 19 | total time: 75.21m | eta: 12.9m
step 02153/02520 (85.44%) | loss: 2.840617 | lrm: 0.26 | dt: 4323.20ms | tok/sec: 121,272 | bf16_mfu: 0.00 | epoch: 1 pq: 25 rg: 20 | total time: 75.28m | eta: 12.9m
step 02154/02520 (85.48%) | loss: 2.835085 | lrm: 0.26 | dt: 4321.05ms | tok/sec: 121,333 | bf16_mfu: 0.00 | epoch: 1 pq: 25 rg: 21 | total time: 75.35m | eta: 12.9m
step 02155/02520 (85.52%) | loss: 2.832290 | lrm: 0.26 | dt: 4325.02ms | tok/sec: 121,222 | bf16_mfu: 0.00 | epoch: 1 pq: 25 rg: 22 | total time: 75.42m | eta: 12.8m
step 02156/02520 (85.56%) | loss: 2.831442 | lrm: 0.26 | dt: 4313.19ms | tok/sec: 121,554 | bf16_mfu: 0.00 | epoch: 1 pq: 25 rg: 23 | total time: 75.49m | eta: 12.8m
step 02157/02520 (85.60%) | loss: 2.834927 | lrm: 0.26 | dt: 2414.25ms | tok/sec: 217,163 | bf16_mfu: 0.00 | epoch: 1 pq: 25 rg: 24 | total time: 75.53m | eta: 12.8m
step 02158/02520 (85.63%) | loss: 2.840236 | lrm: 0.26 | dt: 2023.18ms | tok/sec: 259,140 | bf16_mfu: 0.00 | epoch: 1 pq: 25 rg: 25 | total time: 75.57m | eta: 12.7m
step 02159/02520 (85.67%) | loss: 2.842043 | lrm: 0.26 | dt: 2030.61ms | tok/sec: 258,192 | bf16_mfu: 0.00 | epoch: 1 pq: 25 rg: 26 | total time: 75.60m | eta: 12.7m
step 02160/02520 (85.71%) | loss: 2.842591 | lrm: 0.26 | dt: 2080.75ms | tok/sec: 251,970 | bf16_mfu: 0.00 | epoch: 1 pq: 25 rg: 27 | total time: 75.64m | eta: 12.7m
step 02161/02520 (85.75%) | loss: 2.823377 | lrm: 0.26 | dt: 2072.66ms | tok/sec: 252,954 | bf16_mfu: 0.00 | epoch: 1 pq: 25 rg: 28 | total time: 75.67m | eta: 12.6m
step 02162/02520 (85.79%) | loss: 2.826570 | lrm: 0.26 | dt: 2047.87ms | tok/sec: 256,015 | bf16_mfu: 0.00 | epoch: 1 pq: 25 rg: 29 | total time: 75.71m | eta: 12.6m
step 02163/02520 (85.83%) | loss: 2.838796 | lrm: 0.26 | dt: 2048.29ms | tok/sec: 255,963 | bf16_mfu: 0.00 | epoch: 1 pq: 25 rg: 30 | total time: 75.74m | eta: 12.6m
step 02164/02520 (85.87%) | loss: 2.845248 | lrm: 0.26 | dt: 2040.55ms | tok/sec: 256,934 | bf16_mfu: 0.00 | epoch: 1 pq: 25 rg: 31 | total time: 75.77m | eta: 12.5m
step 02165/02520 (85.91%) | loss: 2.848742 | lrm: 0.26 | dt: 2018.40ms | tok/sec: 259,753 | bf16_mfu: 0.00 | epoch: 1 pq: 25 rg: 32 | total time: 75.81m | eta: 12.5m
step 02166/02520 (85.95%) | loss: 2.857191 | lrm: 0.26 | dt: 1992.15ms | tok/sec: 263,177 | bf16_mfu: 0.00 | epoch: 1 pq: 25 rg: 33 | total time: 75.84m | eta: 12.5m
step 02167/02520 (85.99%) | loss: 2.852445 | lrm: 0.25 | dt: 2018.03ms | tok/sec: 259,801 | bf16_mfu: 0.00 | epoch: 1 pq: 25 rg: 33 | total time: 75.87m | eta: 12.4m
step 02168/02520 (86.03%) | loss: 2.855207 | lrm: 0.25 | dt: 1991.39ms | tok/sec: 263,277 | bf16_mfu: 0.00 | epoch: 1 pq: 25 rg: 34 | total time: 75.91m | eta: 12.4m
step 02169/02520 (86.07%) | loss: 2.855083 | lrm: 0.25 | dt: 1993.81ms | tok/sec: 262,957 | bf16_mfu: 0.00 | epoch: 1 pq: 25 rg: 35 | total time: 75.94m | eta: 12.3m
step 02170/02520 (86.11%) | loss: 2.856155 | lrm: 0.25 | dt: 2007.96ms | tok/sec: 261,105 | bf16_mfu: 0.00 | epoch: 1 pq: 25 rg: 36 | total time: 75.97m | eta: 12.3m
step 02171/02520 (86.15%) | loss: 2.860380 | lrm: 0.25 | dt: 2025.90ms | tok/sec: 258,792 | bf16_mfu: 0.00 | epoch: 1 pq: 25 rg: 37 | total time: 76.01m | eta: 12.3m
step 02172/02520 (86.19%) | loss: 2.864474 | lrm: 0.25 | dt: 2006.59ms | tok/sec: 261,283 | bf16_mfu: 0.00 | epoch: 1 pq: 25 rg: 38 | total time: 76.04m | eta: 12.2m
step 02173/02520 (86.23%) | loss: 2.873003 | lrm: 0.25 | dt: 2051.72ms | tok/sec: 255,536 | bf16_mfu: 0.00 | epoch: 1 pq: 25 rg: 39 | total time: 76.08m | eta: 12.2m
step 02174/02520 (86.27%) | loss: 2.875376 | lrm: 0.25 | dt: 2003.91ms | tok/sec: 261,632 | bf16_mfu: 0.00 | epoch: 1 pq: 25 rg: 40 | total time: 76.11m | eta: 12.2m
step 02175/02520 (86.31%) | loss: 2.878562 | lrm: 0.25 | dt: 2012.47ms | tok/sec: 260,519 | bf16_mfu: 0.00 | epoch: 1 pq: 25 rg: 41 | total time: 76.14m | eta: 12.1m
step 02176/02520 (86.35%) | loss: 2.868074 | lrm: 0.25 | dt: 1987.38ms | tok/sec: 263,808 | bf16_mfu: 0.00 | epoch: 1 pq: 25 rg: 42 | total time: 76.18m | eta: 12.1m
step 02177/02520 (86.39%) | loss: 2.854132 | lrm: 0.25 | dt: 1999.84ms | tok/sec: 262,165 | bf16_mfu: 0.00 | epoch: 1 pq: 25 rg: 43 | total time: 76.21m | eta: 12.1m
step 02178/02520 (86.43%) | loss: 2.856946 | lrm: 0.25 | dt: 1990.94ms | tok/sec: 263,337 | bf16_mfu: 0.00 | epoch: 1 pq: 25 rg: 44 | total time: 76.24m | eta: 12.0m
step 02179/02520 (86.47%) | loss: 2.859483 | lrm: 0.25 | dt: 1988.47ms | tok/sec: 263,664 | bf16_mfu: 0.00 | epoch: 1 pq: 25 rg: 45 | total time: 76.27m | eta: 12.0m
step 02180/02520 (86.51%) | loss: 2.862996 | lrm: 0.25 | dt: 2014.39ms | tok/sec: 260,271 | bf16_mfu: 0.00 | epoch: 1 pq: 25 rg: 46 | total time: 76.31m | eta: 12.0m
step 02181/02520 (86.55%) | loss: 2.864831 | lrm: 0.25 | dt: 2005.94ms | tok/sec: 261,367 | bf16_mfu: 0.00 | epoch: 1 pq: 25 rg: 47 | total time: 76.34m | eta: 11.9m
step 02182/02520 (86.59%) | loss: 2.860755 | lrm: 0.25 | dt: 2004.08ms | tok/sec: 261,609 | bf16_mfu: 0.00 | epoch: 1 pq: 25 rg: 48 | total time: 76.38m | eta: 11.9m
step 02183/02520 (86.63%) | loss: 2.867741 | lrm: 0.25 | dt: 2011.40ms | tok/sec: 260,658 | bf16_mfu: 0.00 | epoch: 1 pq: 25 rg: 49 | total time: 76.41m | eta: 11.8m
step 02184/02520 (86.67%) | loss: 2.865248 | lrm: 0.24 | dt: 2011.11ms | tok/sec: 260,696 | bf16_mfu: 0.00 | epoch: 1 pq: 25 rg: 50 | total time: 76.44m | eta: 11.8m
step 02185/02520 (86.71%) | loss: 2.868164 | lrm: 0.24 | dt: 2002.89ms | tok/sec: 261,766 | bf16_mfu: 0.00 | epoch: 1 pq: 25 rg: 51 | total time: 76.48m | eta: 11.8m
step 02186/02520 (86.75%) | loss: 2.856288 | lrm: 0.24 | dt: 1992.22ms | tok/sec: 263,167 | bf16_mfu: 0.00 | epoch: 1 pq: 25 rg: 52 | total time: 76.51m | eta: 11.7m
step 02187/02520 (86.79%) | loss: 2.846992 | lrm: 0.24 | dt: 1989.75ms | tok/sec: 263,494 | bf16_mfu: 0.00 | epoch: 1 pq: 25 rg: 53 | total time: 76.54m | eta: 11.7m
step 02188/02520 (86.83%) | loss: 2.841245 | lrm: 0.24 | dt: 2024.95ms | tok/sec: 258,914 | bf16_mfu: 0.00 | epoch: 1 pq: 25 rg: 54 | total time: 76.58m | eta: 11.7m
step 02189/02520 (86.87%) | loss: 2.838149 | lrm: 0.24 | dt: 2000.43ms | tok/sec: 262,087 | bf16_mfu: 0.00 | epoch: 1 pq: 25 rg: 55 | total time: 76.61m | eta: 11.6m
step 02190/02520 (86.90%) | loss: 2.849110 | lrm: 0.24 | dt: 2002.59ms | tok/sec: 261,805 | bf16_mfu: 0.00 | epoch: 1 pq: 25 rg: 56 | total time: 76.64m | eta: 11.6m
step 02191/02520 (86.94%) | loss: 2.853589 | lrm: 0.24 | dt: 1999.73ms | tok/sec: 262,179 | bf16_mfu: 0.00 | epoch: 1 pq: 25 rg: 57 | total time: 76.68m | eta: 11.6m
step 02192/02520 (86.98%) | loss: 2.856628 | lrm: 0.24 | dt: 2000.77ms | tok/sec: 262,043 | bf16_mfu: 0.00 | epoch: 1 pq: 25 rg: 58 | total time: 76.71m | eta: 11.5m
step 02193/02520 (87.02%) | loss: 2.862730 | lrm: 0.24 | dt: 2036.55ms | tok/sec: 257,438 | bf16_mfu: 0.00 | epoch: 1 pq: 25 rg: 59 | total time: 76.74m | eta: 11.5m
step 02194/02520 (87.06%) | loss: 2.863931 | lrm: 0.24 | dt: 2052.16ms | tok/sec: 255,480 | bf16_mfu: 0.00 | epoch: 1 pq: 25 rg: 60 | total time: 76.78m | eta: 11.5m
step 02195/02520 (87.10%) | loss: 2.867681 | lrm: 0.24 | dt: 2052.46ms | tok/sec: 255,443 | bf16_mfu: 0.00 | epoch: 1 pq: 25 rg: 61 | total time: 76.81m | eta: 11.4m
step 02196/02520 (87.14%) | loss: 2.862244 | lrm: 0.24 | dt: 2041.39ms | tok/sec: 256,829 | bf16_mfu: 0.00 | epoch: 1 pq: 25 rg: 62 | total time: 76.85m | eta: 11.4m
step 02197/02520 (87.18%) | loss: 2.860956 | lrm: 0.24 | dt: 2039.45ms | tok/sec: 257,073 | bf16_mfu: 0.00 | epoch: 1 pq: 25 rg: 63 | total time: 76.88m | eta: 11.4m
step 02198/02520 (87.22%) | loss: 2.866867 | lrm: 0.24 | dt: 2019.86ms | tok/sec: 259,566 | bf16_mfu: 0.00 | epoch: 1 pq: 25 rg: 64 | total time: 76.91m | eta: 11.3m
step 02199/02520 (87.26%) | loss: 2.868325 | lrm: 0.24 | dt: 2003.29ms | tok/sec: 261,713 | bf16_mfu: 0.00 | epoch: 1 pq: 25 rg: 65 | total time: 76.95m | eta: 11.3m
step 02200/02520 (87.30%) | loss: 2.878083 | lrm: 0.24 | dt: 1995.43ms | tok/sec: 262,744 | bf16_mfu: 0.00 | epoch: 1 pq: 25 rg: 66 | total time: 76.98m | eta: 11.2m
step 02201/02520 (87.34%) | loss: 2.882222 | lrm: 0.24 | dt: 2004.33ms | tok/sec: 261,578 | bf16_mfu: 0.00 | epoch: 1 pq: 25 rg: 66 | total time: 77.01m | eta: 11.2m
step 02202/02520 (87.38%) | loss: 2.885219 | lrm: 0.23 | dt: 1991.75ms | tok/sec: 263,230 | bf16_mfu: 0.00 | epoch: 1 pq: 25 rg: 67 | total time: 77.05m | eta: 11.2m
step 02203/02520 (87.42%) | loss: 2.889450 | lrm: 0.23 | dt: 2015.18ms | tok/sec: 260,168 | bf16_mfu: 0.00 | epoch: 1 pq: 25 rg: 68 | total time: 77.08m | eta: 11.1m
step 02204/02520 (87.46%) | loss: 2.888432 | lrm: 0.23 | dt: 2008.37ms | tok/sec: 261,052 | bf16_mfu: 0.00 | epoch: 1 pq: 25 rg: 69 | total time: 77.11m | eta: 11.1m
step 02205/02520 (87.50%) | loss: 2.895247 | lrm: 0.23 | dt: 2006.37ms | tok/sec: 261,311 | bf16_mfu: 0.00 | epoch: 1 pq: 25 rg: 70 | total time: 77.15m | eta: 11.1m
step 02206/02520 (87.54%) | loss: 2.886412 | lrm: 0.23 | dt: 2021.42ms | tok/sec: 259,366 | bf16_mfu: 0.00 | epoch: 1 pq: 25 rg: 71 | total time: 77.18m | eta: 11.0m
step 02207/02520 (87.58%) | loss: 2.883874 | lrm: 0.23 | dt: 2004.61ms | tok/sec: 261,541 | bf16_mfu: 0.00 | epoch: 1 pq: 25 rg: 72 | total time: 77.21m | eta: 11.0m
step 02208/02520 (87.62%) | loss: 2.881437 | lrm: 0.23 | dt: 2009.97ms | tok/sec: 260,843 | bf16_mfu: 0.00 | epoch: 1 pq: 25 rg: 73 | total time: 77.25m | eta: 11.0m
step 02209/02520 (87.66%) | loss: 2.886806 | lrm: 0.23 | dt: 1991.00ms | tok/sec: 263,328 | bf16_mfu: 0.00 | epoch: 1 pq: 25 rg: 74 | total time: 77.28m | eta: 10.9m
step 02210/02520 (87.70%) | loss: 2.888352 | lrm: 0.23 | dt: 2026.85ms | tok/sec: 258,671 | bf16_mfu: 0.00 | epoch: 1 pq: 25 rg: 75 | total time: 77.31m | eta: 10.9m
step 02211/02520 (87.74%) | loss: 2.888681 | lrm: 0.23 | dt: 2004.79ms | tok/sec: 261,517 | bf16_mfu: 0.00 | epoch: 1 pq: 25 rg: 76 | total time: 77.35m | eta: 10.9m
step 02212/02520 (87.78%) | loss: 2.893407 | lrm: 0.23 | dt: 2021.73ms | tok/sec: 259,326 | bf16_mfu: 0.00 | epoch: 1 pq: 25 rg: 77 | total time: 77.38m | eta: 10.8m
step 02213/02520 (87.82%) | loss: 2.890125 | lrm: 0.23 | dt: 2018.25ms | tok/sec: 259,773 | bf16_mfu: 0.00 | epoch: 1 pq: 25 rg: 78 | total time: 77.42m | eta: 10.8m
step 02214/02520 (87.86%) | loss: 2.885678 | lrm: 0.23 | dt: 2034.95ms | tok/sec: 257,641 | bf16_mfu: 0.00 | epoch: 1 pq: 25 rg: 79 | total time: 77.45m | eta: 10.8m
step 02215/02520 (87.90%) | loss: 2.886600 | lrm: 0.23 | dt: 2025.92ms | tok/sec: 258,789 | bf16_mfu: 0.00 | epoch: 1 pq: 25 rg: 80 | total time: 77.48m | eta: 10.7m
step 02216/02520 (87.94%) | loss: 2.880475 | lrm: 0.23 | dt: 2027.21ms | tok/sec: 258,625 | bf16_mfu: 0.00 | epoch: 1 pq: 25 rg: 81 | total time: 77.52m | eta: 10.7m
step 02217/02520 (87.98%) | loss: 2.882833 | lrm: 0.23 | dt: 1990.39ms | tok/sec: 263,409 | bf16_mfu: 0.00 | epoch: 1 pq: 25 rg: 82 | total time: 77.55m | eta: 10.6m
step 02218/02520 (88.02%) | loss: 2.872626 | lrm: 0.23 | dt: 1994.64ms | tok/sec: 262,848 | bf16_mfu: 0.00 | epoch: 1 pq: 26 rg: 0 | total time: 77.58m | eta: 10.6m
step 02219/02520 (88.06%) | loss: 2.860348 | lrm: 0.22 | dt: 2039.29ms | tok/sec: 257,093 | bf16_mfu: 0.00 | epoch: 1 pq: 26 rg: 1 | total time: 77.62m | eta: 10.6m
step 02220/02520 (88.10%) | loss: 2.861562 | lrm: 0.22 | dt: 2012.09ms | tok/sec: 260,569 | bf16_mfu: 0.00 | epoch: 1 pq: 26 rg: 2 | total time: 77.65m | eta: 10.5m
step 02221/02520 (88.13%) | loss: 2.862989 | lrm: 0.22 | dt: 1997.15ms | tok/sec: 262,518 | bf16_mfu: 0.00 | epoch: 1 pq: 26 rg: 3 | total time: 77.68m | eta: 10.5m
step 02222/02520 (88.17%) | loss: 2.859489 | lrm: 0.22 | dt: 2010.97ms | tok/sec: 260,714 | bf16_mfu: 0.00 | epoch: 1 pq: 26 rg: 4 | total time: 77.72m | eta: 10.5m
step 02223/02520 (88.21%) | loss: 2.852030 | lrm: 0.22 | dt: 2029.83ms | tok/sec: 258,291 | bf16_mfu: 0.00 | epoch: 1 pq: 26 rg: 5 | total time: 77.75m | eta: 10.4m
step 02224/02520 (88.25%) | loss: 2.850011 | lrm: 0.22 | dt: 2023.99ms | tok/sec: 259,036 | bf16_mfu: 0.00 | epoch: 1 pq: 26 rg: 6 | total time: 77.78m | eta: 10.4m
step 02225/02520 (88.29%) | loss: 2.856242 | lrm: 0.22 | dt: 2009.27ms | tok/sec: 260,934 | bf16_mfu: 0.00 | epoch: 1 pq: 26 rg: 7 | total time: 77.82m | eta: 10.4m
step 02226/02520 (88.33%) | loss: 2.846179 | lrm: 0.22 | dt: 2216.30ms | tok/sec: 236,559 | bf16_mfu: 0.00 | epoch: 1 pq: 26 rg: 8 | total time: 77.86m | eta: 10.3m
step 02227/02520 (88.37%) | loss: 2.834183 | lrm: 0.22 | dt: 2196.83ms | tok/sec: 238,656 | bf16_mfu: 0.00 | epoch: 1 pq: 26 rg: 9 | total time: 77.89m | eta: 10.3m
step 02228/02520 (88.41%) | loss: 2.836343 | lrm: 0.22 | dt: 4336.02ms | tok/sec: 120,914 | bf16_mfu: 0.00 | epoch: 1 pq: 26 rg: 10 | total time: 77.96m | eta: 10.3m
step 02229/02520 (88.45%) | loss: 2.846409 | lrm: 0.22 | dt: 4325.93ms | tok/sec: 121,196 | bf16_mfu: 0.00 | epoch: 1 pq: 26 rg: 11 | total time: 78.04m | eta: 10.2m
step 02230/02520 (88.49%) | loss: 2.839589 | lrm: 0.22 | dt: 4317.87ms | tok/sec: 121,422 | bf16_mfu: 0.00 | epoch: 1 pq: 26 rg: 12 | total time: 78.11m | eta: 10.2m
step 02231/02520 (88.53%) | loss: 2.838909 | lrm: 0.22 | dt: 4322.67ms | tok/sec: 121,288 | bf16_mfu: 0.00 | epoch: 1 pq: 26 rg: 13 | total time: 78.18m | eta: 10.2m
step 02232/02520 (88.57%) | loss: 2.831155 | lrm: 0.22 | dt: 4317.60ms | tok/sec: 121,430 | bf16_mfu: 0.00 | epoch: 1 pq: 26 rg: 14 | total time: 78.25m | eta: 10.1m
step 02233/02520 (88.61%) | loss: 2.822275 | lrm: 0.22 | dt: 4321.37ms | tok/sec: 121,324 | bf16_mfu: 0.00 | epoch: 1 pq: 26 rg: 14 | total time: 78.32m | eta: 10.1m
step 02234/02520 (88.65%) | loss: 2.824316 | lrm: 0.22 | dt: 4320.53ms | tok/sec: 121,348 | bf16_mfu: 0.00 | epoch: 1 pq: 26 rg: 15 | total time: 78.40m | eta: 10.1m
step 02235/02520 (88.69%) | loss: 2.822861 | lrm: 0.22 | dt: 4312.61ms | tok/sec: 121,570 | bf16_mfu: 0.00 | epoch: 1 pq: 26 rg: 16 | total time: 78.47m | eta: 10.1m
step 02236/02520 (88.73%) | loss: 2.818517 | lrm: 0.21 | dt: 3531.53ms | tok/sec: 148,459 | bf16_mfu: 0.00 | epoch: 1 pq: 26 rg: 17 | total time: 78.53m | eta: 10.0m
step 02237/02520 (88.77%) | loss: 2.815837 | lrm: 0.21 | dt: 2070.34ms | tok/sec: 253,238 | bf16_mfu: 0.00 | epoch: 1 pq: 26 rg: 18 | total time: 78.56m | eta: 10.0m
step 02238/02520 (88.81%) | loss: 2.826402 | lrm: 0.21 | dt: 2044.76ms | tok/sec: 256,405 | bf16_mfu: 0.00 | epoch: 1 pq: 26 rg: 19 | total time: 78.60m | eta: 9.9m
step 02239/02520 (88.85%) | loss: 2.828986 | lrm: 0.21 | dt: 2014.67ms | tok/sec: 260,235 | bf16_mfu: 0.00 | epoch: 1 pq: 26 rg: 20 | total time: 78.63m | eta: 9.9m
step 02240/02520 (88.89%) | loss: 2.833733 | lrm: 0.21 | dt: 1988.91ms | tok/sec: 263,605 | bf16_mfu: 0.00 | epoch: 1 pq: 26 rg: 21 | total time: 78.66m | eta: 9.9m
step 02241/02520 (88.93%) | loss: 2.835453 | lrm: 0.21 | dt: 1988.11ms | tok/sec: 263,711 | bf16_mfu: 0.00 | epoch: 1 pq: 26 rg: 22 | total time: 78.70m | eta: 9.8m
step 02242/02520 (88.97%) | loss: 2.835042 | lrm: 0.21 | dt: 1989.69ms | tok/sec: 263,502 | bf16_mfu: 0.00 | epoch: 1 pq: 26 rg: 23 | total time: 78.73m | eta: 9.8m
step 02243/02520 (89.01%) | loss: 2.826550 | lrm: 0.21 | dt: 2012.42ms | tok/sec: 260,525 | bf16_mfu: 0.00 | epoch: 1 pq: 26 rg: 24 | total time: 78.76m | eta: 9.8m
step 02244/02520 (89.05%) | loss: 2.826692 | lrm: 0.21 | dt: 2009.49ms | tok/sec: 260,906 | bf16_mfu: 0.00 | epoch: 1 pq: 26 rg: 25 | total time: 78.80m | eta: 9.7m
step 02245/02520 (89.09%) | loss: 2.820131 | lrm: 0.21 | dt: 1996.17ms | tok/sec: 262,646 | bf16_mfu: 0.00 | epoch: 1 pq: 26 rg: 26 | total time: 78.83m | eta: 9.7m
step 02246/02520 (89.13%) | loss: 2.825650 | lrm: 0.21 | dt: 2006.91ms | tok/sec: 261,241 | bf16_mfu: 0.00 | epoch: 1 pq: 26 rg: 27 | total time: 78.86m | eta: 9.7m
step 02247/02520 (89.17%) | loss: 2.836430 | lrm: 0.21 | dt: 1999.57ms | tok/sec: 262,199 | bf16_mfu: 0.00 | epoch: 1 pq: 26 rg: 28 | total time: 78.90m | eta: 9.6m
step 02248/02520 (89.21%) | loss: 2.845781 | lrm: 0.21 | dt: 1991.62ms | tok/sec: 263,246 | bf16_mfu: 0.00 | epoch: 1 pq: 26 rg: 29 | total time: 78.93m | eta: 9.6m
step 02249/02520 (89.25%) | loss: 2.859733 | lrm: 0.21 | dt: 2018.84ms | tok/sec: 259,697 | bf16_mfu: 0.00 | epoch: 1 pq: 26 rg: 30 | total time: 78.96m | eta: 9.6m
Step 02250 | Validation bpb: 0.867352
step 02250/02520 (89.29%) | loss: 2.850373 | lrm: 0.21 | dt: 1985.56ms | tok/sec: 264,049 | bf16_mfu: 0.00 | epoch: 1 pq: 26 rg: 31 | total time: 79.00m | eta: 9.5m
step 02251/02520 (89.33%) | loss: 2.845332 | lrm: 0.21 | dt: 1989.08ms | tok/sec: 263,582 | bf16_mfu: 0.00 | epoch: 1 pq: 26 rg: 32 | total time: 79.03m | eta: 9.5m
step 02252/02520 (89.37%) | loss: 2.836373 | lrm: 0.21 | dt: 2004.25ms | tok/sec: 261,587 | bf16_mfu: 0.00 | epoch: 1 pq: 26 rg: 33 | total time: 79.06m | eta: 9.5m
step 02253/02520 (89.40%) | loss: 2.832478 | lrm: 0.20 | dt: 2010.83ms | tok/sec: 260,731 | bf16_mfu: 0.00 | epoch: 1 pq: 26 rg: 34 | total time: 79.10m | eta: 9.4m
step 02254/02520 (89.44%) | loss: 2.825953 | lrm: 0.20 | dt: 1999.43ms | tok/sec: 262,218 | bf16_mfu: 0.00 | epoch: 1 pq: 26 rg: 35 | total time: 79.13m | eta: 9.4m
step 02255/02520 (89.48%) | loss: 2.825101 | lrm: 0.20 | dt: 1986.62ms | tok/sec: 263,909 | bf16_mfu: 0.00 | epoch: 1 pq: 26 rg: 36 | total time: 79.16m | eta: 9.3m
step 02256/02520 (89.52%) | loss: 2.823142 | lrm: 0.20 | dt: 2006.50ms | tok/sec: 261,295 | bf16_mfu: 0.00 | epoch: 1 pq: 26 rg: 37 | total time: 79.20m | eta: 9.3m
step 02257/02520 (89.56%) | loss: 2.827554 | lrm: 0.20 | dt: 2031.82ms | tok/sec: 258,038 | bf16_mfu: 0.00 | epoch: 1 pq: 26 rg: 38 | total time: 79.23m | eta: 9.3m
step 02258/02520 (89.60%) | loss: 2.835013 | lrm: 0.20 | dt: 2033.36ms | tok/sec: 257,842 | bf16_mfu: 0.00 | epoch: 1 pq: 26 rg: 39 | total time: 79.26m | eta: 9.2m
step 02259/02520 (89.64%) | loss: 2.827058 | lrm: 0.20 | dt: 2003.09ms | tok/sec: 261,739 | bf16_mfu: 0.00 | epoch: 1 pq: 26 rg: 40 | total time: 79.30m | eta: 9.2m
step 02260/02520 (89.68%) | loss: 2.826885 | lrm: 0.20 | dt: 2084.87ms | tok/sec: 251,472 | bf16_mfu: 0.00 | epoch: 1 pq: 26 rg: 41 | total time: 79.33m | eta: 9.2m
step 02261/02520 (89.72%) | loss: 2.823504 | lrm: 0.20 | dt: 2026.95ms | tok/sec: 258,658 | bf16_mfu: 0.00 | epoch: 1 pq: 26 rg: 42 | total time: 79.37m | eta: 9.1m
step 02262/02520 (89.76%) | loss: 2.827663 | lrm: 0.20 | dt: 2014.77ms | tok/sec: 260,222 | bf16_mfu: 0.00 | epoch: 1 pq: 26 rg: 43 | total time: 79.40m | eta: 9.1m
step 02263/02520 (89.80%) | loss: 2.830341 | lrm: 0.20 | dt: 2133.50ms | tok/sec: 245,740 | bf16_mfu: 0.00 | epoch: 1 pq: 26 rg: 44 | total time: 79.43m | eta: 9.1m
step 02264/02520 (89.84%) | loss: 2.837916 | lrm: 0.20 | dt: 2125.32ms | tok/sec: 246,687 | bf16_mfu: 0.00 | epoch: 1 pq: 26 rg: 45 | total time: 79.47m | eta: 9.0m
step 02265/02520 (89.88%) | loss: 2.847256 | lrm: 0.20 | dt: 3439.75ms | tok/sec: 152,420 | bf16_mfu: 0.00 | epoch: 1 pq: 26 rg: 46 | total time: 79.53m | eta: 9.0m
step 02266/02520 (89.92%) | loss: 2.858878 | lrm: 0.20 | dt: 4297.54ms | tok/sec: 121,997 | bf16_mfu: 0.00 | epoch: 1 pq: 26 rg: 47 | total time: 79.60m | eta: 9.0m
step 02267/02520 (89.96%) | loss: 2.846398 | lrm: 0.20 | dt: 4313.90ms | tok/sec: 121,534 | bf16_mfu: 0.00 | epoch: 1 pq: 26 rg: 48 | total time: 79.67m | eta: 8.9m
2026-09-27 18:00:39,149 - nanochat.checkpoint_manager - [32m[1mINFO[0m - Saved model parameters to: /home/neo/.cache/nanochat/base_checkpoints/looped_L8_lr1_lr1_h1.0_s0/model_002268.pt
2026-09-27 18:00:39,620 - nanochat.checkpoint_manager - [32m[1mINFO[0m - Saved optimizer state to: /home/neo/.cache/nanochat/base_checkpoints/looped_L8_lr1_lr1_h1.0_s0/optim_002268_rank0.pt
2026-09-27 18:00:39,622 - nanochat.checkpoint_manager - [32m[1mINFO[0m - Saved metadata to: /home/neo/.cache/nanochat/base_checkpoints/looped_L8_lr1_lr1_h1.0_s0/meta_002268.json
step 02268/02520 (90.00%) | loss: 2.850016 | lrm: 0.20 | dt: 4318.48ms | tok/sec: 121,405 | bf16_mfu: 0.00 | epoch: 1 pq: 26 rg: 49 | total time: 79.74m | eta: 8.9m
step 02269/02520 (90.04%) | loss: 2.851655 | lrm: 0.20 | dt: 4278.65ms | tok/sec: 122,535 | bf16_mfu: 0.00 | epoch: 1 pq: 26 rg: 49 | total time: 79.81m | eta: 8.9m
step 02270/02520 (90.08%) | loss: 2.852576 | lrm: 0.19 | dt: 2094.48ms | tok/sec: 250,318 | bf16_mfu: 0.00 | epoch: 1 pq: 26 rg: 50 | total time: 79.85m | eta: 8.8m
step 02271/02520 (90.12%) | loss: 2.857915 | lrm: 0.19 | dt: 1986.15ms | tok/sec: 263,972 | bf16_mfu: 0.00 | epoch: 1 pq: 26 rg: 51 | total time: 79.88m | eta: 8.8m
step 02272/02520 (90.16%) | loss: 2.863424 | lrm: 0.19 | dt: 2042.77ms | tok/sec: 256,655 | bf16_mfu: 0.00 | epoch: 1 pq: 26 rg: 52 | total time: 79.92m | eta: 8.8m
step 02273/02520 (90.20%) | loss: 2.865715 | lrm: 0.19 | dt: 2000.50ms | tok/sec: 262,078 | bf16_mfu: 0.00 | epoch: 1 pq: 26 rg: 53 | total time: 79.95m | eta: 8.7m
step 02274/02520 (90.24%) | loss: 2.861955 | lrm: 0.19 | dt: 2006.86ms | tok/sec: 261,247 | bf16_mfu: 0.00 | epoch: 1 pq: 26 rg: 54 | total time: 79.98m | eta: 8.7m
step 02275/02520 (90.28%) | loss: 2.868313 | lrm: 0.19 | dt: 2012.18ms | tok/sec: 260,557 | bf16_mfu: 0.00 | epoch: 1 pq: 26 rg: 55 | total time: 80.02m | eta: 8.7m
step 02276/02520 (90.32%) | loss: 2.858939 | lrm: 0.19 | dt: 2025.99ms | tok/sec: 258,780 | bf16_mfu: 0.00 | epoch: 1 pq: 26 rg: 56 | total time: 80.05m | eta: 8.6m
step 02277/02520 (90.36%) | loss: 2.864639 | lrm: 0.19 | dt: 2042.00ms | tok/sec: 256,751 | bf16_mfu: 0.00 | epoch: 1 pq: 26 rg: 57 | total time: 80.08m | eta: 8.6m
step 02278/02520 (90.40%) | loss: 2.864490 | lrm: 0.19 | dt: 2015.92ms | tok/sec: 260,073 | bf16_mfu: 0.00 | epoch: 1 pq: 26 rg: 58 | total time: 80.12m | eta: 8.5m
step 02279/02520 (90.44%) | loss: 2.839401 | lrm: 0.19 | dt: 2013.40ms | tok/sec: 260,399 | bf16_mfu: 0.00 | epoch: 1 pq: 26 rg: 59 | total time: 80.15m | eta: 8.5m
step 02280/02520 (90.48%) | loss: 2.829654 | lrm: 0.19 | dt: 2013.08ms | tok/sec: 260,440 | bf16_mfu: 0.00 | epoch: 1 pq: 26 rg: 60 | total time: 80.18m | eta: 8.5m
step 02281/02520 (90.52%) | loss: 2.831418 | lrm: 0.19 | dt: 2204.80ms | tok/sec: 237,793 | bf16_mfu: 0.00 | epoch: 1 pq: 26 rg: 61 | total time: 80.22m | eta: 8.4m
step 02282/02520 (90.56%) | loss: 2.836226 | lrm: 0.19 | dt: 2091.25ms | tok/sec: 250,705 | bf16_mfu: 0.00 | epoch: 1 pq: 26 rg: 62 | total time: 80.26m | eta: 8.4m
step 02283/02520 (90.60%) | loss: 2.832893 | lrm: 0.19 | dt: 3939.19ms | tok/sec: 133,095 | bf16_mfu: 0.00 | epoch: 1 pq: 26 rg: 63 | total time: 80.32m | eta: 8.4m
step 02284/02520 (90.63%) | loss: 2.824171 | lrm: 0.19 | dt: 4317.78ms | tok/sec: 121,425 | bf16_mfu: 0.00 | epoch: 1 pq: 26 rg: 64 | total time: 80.39m | eta: 8.3m
step 02285/02520 (90.67%) | loss: 2.820570 | lrm: 0.19 | dt: 4308.65ms | tok/sec: 121,682 | bf16_mfu: 0.00 | epoch: 1 pq: 26 rg: 65 | total time: 80.47m | eta: 8.3m
step 02286/02520 (90.71%) | loss: 2.837883 | lrm: 0.19 | dt: 4306.37ms | tok/sec: 121,747 | bf16_mfu: 0.00 | epoch: 1 pq: 26 rg: 66 | total time: 80.54m | eta: 8.3m
step 02287/02520 (90.75%) | loss: 2.847405 | lrm: 0.19 | dt: 4311.98ms | tok/sec: 121,588 | bf16_mfu: 0.00 | epoch: 1 pq: 26 rg: 67 | total time: 80.61m | eta: 8.2m
step 02288/02520 (90.79%) | loss: 2.846122 | lrm: 0.18 | dt: 4320.13ms | tok/sec: 121,359 | bf16_mfu: 0.00 | epoch: 1 pq: 26 rg: 68 | total time: 80.68m | eta: 8.2m
step 02289/02520 (90.83%) | loss: 2.852704 | lrm: 0.18 | dt: 4320.35ms | tok/sec: 121,353 | bf16_mfu: 0.00 | epoch: 1 pq: 26 rg: 69 | total time: 80.75m | eta: 8.2m
step 02290/02520 (90.87%) | loss: 2.849505 | lrm: 0.18 | dt: 3463.38ms | tok/sec: 151,380 | bf16_mfu: 0.00 | epoch: 1 pq: 26 rg: 70 | total time: 80.81m | eta: 8.2m
step 02291/02520 (90.91%) | loss: 2.855358 | lrm: 0.18 | dt: 2033.34ms | tok/sec: 257,845 | bf16_mfu: 0.00 | epoch: 1 pq: 26 rg: 71 | total time: 80.85m | eta: 8.1m
step 02292/02520 (90.95%) | loss: 2.857942 | lrm: 0.18 | dt: 2014.16ms | tok/sec: 260,300 | bf16_mfu: 0.00 | epoch: 1 pq: 26 rg: 72 | total time: 80.88m | eta: 8.1m
step 02293/02520 (90.99%) | loss: 2.868490 | lrm: 0.18 | dt: 2044.14ms | tok/sec: 256,483 | bf16_mfu: 0.00 | epoch: 1 pq: 26 rg: 73 | total time: 80.91m | eta: 8.0m
step 02294/02520 (91.03%) | loss: 2.859934 | lrm: 0.18 | dt: 2060.05ms | tok/sec: 254,502 | bf16_mfu: 0.00 | epoch: 1 pq: 26 rg: 74 | total time: 80.95m | eta: 8.0m
step 02295/02520 (91.07%) | loss: 2.852333 | lrm: 0.18 | dt: 2052.75ms | tok/sec: 255,407 | bf16_mfu: 0.00 | epoch: 1 pq: 26 rg: 75 | total time: 80.98m | eta: 8.0m
step 02296/02520 (91.11%) | loss: 2.858895 | lrm: 0.18 | dt: 1990.57ms | tok/sec: 263,386 | bf16_mfu: 0.00 | epoch: 1 pq: 26 rg: 76 | total time: 81.01m | eta: 7.9m
step 02297/02520 (91.15%) | loss: 2.874417 | lrm: 0.18 | dt: 2001.80ms | tok/sec: 261,908 | bf16_mfu: 0.00 | epoch: 1 pq: 26 rg: 77 | total time: 81.05m | eta: 7.9m
step 02298/02520 (91.19%) | loss: 2.868103 | lrm: 0.18 | dt: 2020.45ms | tok/sec: 259,490 | bf16_mfu: 0.00 | epoch: 1 pq: 26 rg: 78 | total time: 81.08m | eta: 7.9m
step 02299/02520 (91.23%) | loss: 2.856701 | lrm: 0.18 | dt: 1998.04ms | tok/sec: 262,401 | bf16_mfu: 0.00 | epoch: 1 pq: 26 rg: 79 | total time: 81.11m | eta: 7.8m
step 02300/02520 (91.27%) | loss: 2.859095 | lrm: 0.18 | dt: 2013.57ms | tok/sec: 260,376 | bf16_mfu: 0.00 | epoch: 1 pq: 26 rg: 80 | total time: 81.15m | eta: 7.8m
step 02301/02520 (91.31%) | loss: 2.861001 | lrm: 0.18 | dt: 2001.99ms | tok/sec: 261,883 | bf16_mfu: 0.00 | epoch: 1 pq: 26 rg: 80 | total time: 81.18m | eta: 7.8m
step 02302/02520 (91.35%) | loss: 2.854541 | lrm: 0.18 | dt: 2031.35ms | tok/sec: 258,098 | bf16_mfu: 0.00 | epoch: 1 pq: 26 rg: 81 | total time: 81.22m | eta: 7.7m
step 02303/02520 (91.39%) | loss: 2.851072 | lrm: 0.18 | dt: 2002.62ms | tok/sec: 261,800 | bf16_mfu: 0.00 | epoch: 1 pq: 26 rg: 82 | total time: 81.25m | eta: 7.7m
step 02304/02520 (91.43%) | loss: 2.852547 | lrm: 0.18 | dt: 2023.37ms | tok/sec: 259,116 | bf16_mfu: 0.00 | epoch: 1 pq: 27 rg: 0 | total time: 81.28m | eta: 7.7m
step 02305/02520 (91.47%) | loss: 2.846228 | lrm: 0.17 | dt: 2010.48ms | tok/sec: 260,777 | bf16_mfu: 0.00 | epoch: 1 pq: 27 rg: 1 | total time: 81.32m | eta: 7.6m
step 02306/02520 (91.51%) | loss: 2.847402 | lrm: 0.17 | dt: 1990.34ms | tok/sec: 263,415 | bf16_mfu: 0.00 | epoch: 1 pq: 27 rg: 2 | total time: 81.35m | eta: 7.6m
step 02307/02520 (91.55%) | loss: 2.850529 | lrm: 0.17 | dt: 2025.18ms | tok/sec: 258,884 | bf16_mfu: 0.00 | epoch: 1 pq: 27 rg: 3 | total time: 81.38m | eta: 7.5m
step 02308/02520 (91.59%) | loss: 2.847969 | lrm: 0.17 | dt: 2203.05ms | tok/sec: 237,983 | bf16_mfu: 0.00 | epoch: 1 pq: 27 rg: 4 | total time: 81.42m | eta: 7.5m
step 02309/02520 (91.63%) | loss: 2.851641 | lrm: 0.17 | dt: 2133.10ms | tok/sec: 245,787 | bf16_mfu: 0.00 | epoch: 1 pq: 27 rg: 5 | total time: 81.46m | eta: 7.5m
step 02310/02520 (91.67%) | loss: 2.858454 | lrm: 0.17 | dt: 4315.74ms | tok/sec: 121,482 | bf16_mfu: 0.00 | epoch: 1 pq: 27 rg: 6 | total time: 81.53m | eta: 7.4m
step 02311/02520 (91.71%) | loss: 2.860386 | lrm: 0.17 | dt: 4331.83ms | tok/sec: 121,031 | bf16_mfu: 0.00 | epoch: 1 pq: 27 rg: 7 | total time: 81.60m | eta: 7.4m
step 02312/02520 (91.75%) | loss: 2.844773 | lrm: 0.17 | dt: 4331.15ms | tok/sec: 121,050 | bf16_mfu: 0.00 | epoch: 1 pq: 27 rg: 8 | total time: 81.67m | eta: 7.4m
step 02313/02520 (91.79%) | loss: 2.840766 | lrm: 0.17 | dt: 4325.64ms | tok/sec: 121,204 | bf16_mfu: 0.00 | epoch: 1 pq: 27 rg: 9 | total time: 81.74m | eta: 7.3m
step 02314/02520 (91.83%) | loss: 2.848755 | lrm: 0.17 | dt: 4331.71ms | tok/sec: 121,034 | bf16_mfu: 0.00 | epoch: 1 pq: 27 rg: 10 | total time: 81.82m | eta: 7.3m
step 02315/02520 (91.87%) | loss: 2.843481 | lrm: 0.17 | dt: 4321.17ms | tok/sec: 121,330 | bf16_mfu: 0.00 | epoch: 1 pq: 27 rg: 11 | total time: 81.89m | eta: 7.3m
step 02316/02520 (91.90%) | loss: 2.848119 | lrm: 0.17 | dt: 4334.53ms | tok/sec: 120,956 | bf16_mfu: 0.00 | epoch: 1 pq: 27 rg: 12 | total time: 81.96m | eta: 7.3m
step 02317/02520 (91.94%) | loss: 2.833713 | lrm: 0.17 | dt: 3068.24ms | tok/sec: 170,875 | bf16_mfu: 0.00 | epoch: 1 pq: 27 rg: 13 | total time: 82.01m | eta: 7.2m
step 02318/02520 (91.98%) | loss: 2.829600 | lrm: 0.17 | dt: 2035.53ms | tok/sec: 257,567 | bf16_mfu: 0.00 | epoch: 1 pq: 27 rg: 14 | total time: 82.05m | eta: 7.2m
step 02319/02520 (92.02%) | loss: 2.828302 | lrm: 0.17 | dt: 2034.33ms | tok/sec: 257,720 | bf16_mfu: 0.00 | epoch: 1 pq: 27 rg: 15 | total time: 82.08m | eta: 7.1m
step 02320/02520 (92.06%) | loss: 2.830310 | lrm: 0.17 | dt: 2082.51ms | tok/sec: 251,758 | bf16_mfu: 0.00 | epoch: 1 pq: 27 rg: 16 | total time: 82.11m | eta: 7.1m
step 02321/02520 (92.10%) | loss: 2.828705 | lrm: 0.17 | dt: 2026.23ms | tok/sec: 258,750 | bf16_mfu: 0.00 | epoch: 1 pq: 27 rg: 17 | total time: 82.15m | eta: 7.1m
step 02322/02520 (92.14%) | loss: 2.835263 | lrm: 0.16 | dt: 2012.16ms | tok/sec: 260,559 | bf16_mfu: 0.00 | epoch: 1 pq: 27 rg: 18 | total time: 82.18m | eta: 7.0m
step 02323/02520 (92.18%) | loss: 2.836248 | lrm: 0.16 | dt: 1991.04ms | tok/sec: 263,323 | bf16_mfu: 0.00 | epoch: 1 pq: 27 rg: 19 | total time: 82.21m | eta: 7.0m
step 02324/02520 (92.22%) | loss: 2.840741 | lrm: 0.16 | dt: 2000.18ms | tok/sec: 262,120 | bf16_mfu: 0.00 | epoch: 1 pq: 27 rg: 20 | total time: 82.25m | eta: 7.0m
step 02325/02520 (92.26%) | loss: 2.839493 | lrm: 0.16 | dt: 1991.40ms | tok/sec: 263,275 | bf16_mfu: 0.00 | epoch: 1 pq: 27 rg: 21 | total time: 82.28m | eta: 6.9m
step 02326/02520 (92.30%) | loss: 2.829937 | lrm: 0.16 | dt: 1992.51ms | tok/sec: 263,129 | bf16_mfu: 0.00 | epoch: 1 pq: 27 rg: 22 | total time: 82.31m | eta: 6.9m
step 02327/02520 (92.34%) | loss: 2.837130 | lrm: 0.16 | dt: 1991.17ms | tok/sec: 263,306 | bf16_mfu: 0.00 | epoch: 1 pq: 27 rg: 23 | total time: 82.35m | eta: 6.9m
step 02328/02520 (92.38%) | loss: 2.846570 | lrm: 0.16 | dt: 1990.82ms | tok/sec: 263,352 | bf16_mfu: 0.00 | epoch: 1 pq: 27 rg: 24 | total time: 82.38m | eta: 6.8m
step 02329/02520 (92.42%) | loss: 2.843054 | lrm: 0.16 | dt: 1989.92ms | tok/sec: 263,472 | bf16_mfu: 0.00 | epoch: 1 pq: 27 rg: 25 | total time: 82.41m | eta: 6.8m
step 02330/02520 (92.46%) | loss: 2.837660 | lrm: 0.16 | dt: 1989.94ms | tok/sec: 263,469 | bf16_mfu: 0.00 | epoch: 1 pq: 27 rg: 26 | total time: 82.45m | eta: 6.8m
step 02331/02520 (92.50%) | loss: 2.840554 | lrm: 0.16 | dt: 2053.27ms | tok/sec: 255,342 | bf16_mfu: 0.00 | epoch: 1 pq: 27 rg: 26 | total time: 82.48m | eta: 6.7m
step 02332/02520 (92.54%) | loss: 2.838210 | lrm: 0.16 | dt: 2032.02ms | tok/sec: 258,012 | bf16_mfu: 0.00 | epoch: 1 pq: 27 rg: 27 | total time: 82.52m | eta: 6.7m
step 02333/02520 (92.58%) | loss: 2.827021 | lrm: 0.16 | dt: 1999.72ms | tok/sec: 262,180 | bf16_mfu: 0.00 | epoch: 1 pq: 27 rg: 28 | total time: 82.55m | eta: 6.6m
step 02334/02520 (92.62%) | loss: 2.816848 | lrm: 0.16 | dt: 2017.32ms | tok/sec: 259,893 | bf16_mfu: 0.00 | epoch: 1 pq: 27 rg: 29 | total time: 82.58m | eta: 6.6m
step 02335/02520 (92.66%) | loss: 2.824451 | lrm: 0.16 | dt: 2045.22ms | tok/sec: 256,347 | bf16_mfu: 0.00 | epoch: 1 pq: 27 rg: 30 | total time: 82.62m | eta: 6.6m
step 02336/02520 (92.70%) | loss: 2.824627 | lrm: 0.16 | dt: 2027.82ms | tok/sec: 258,548 | bf16_mfu: 0.00 | epoch: 1 pq: 27 rg: 31 | total time: 82.65m | eta: 6.5m
step 02337/02520 (92.74%) | loss: 2.823711 | lrm: 0.16 | dt: 2063.05ms | tok/sec: 254,132 | bf16_mfu: 0.00 | epoch: 1 pq: 27 rg: 32 | total time: 82.68m | eta: 6.5m
step 02338/02520 (92.78%) | loss: 2.828720 | lrm: 0.16 | dt: 2057.96ms | tok/sec: 254,760 | bf16_mfu: 0.00 | epoch: 1 pq: 27 rg: 33 | total time: 82.72m | eta: 6.5m
step 02339/02520 (92.82%) | loss: 2.823960 | lrm: 0.15 | dt: 2074.63ms | tok/sec: 252,713 | bf16_mfu: 0.00 | epoch: 1 pq: 27 rg: 34 | total time: 82.75m | eta: 6.4m
step 02340/02520 (92.86%) | loss: 2.827361 | lrm: 0.15 | dt: 2024.29ms | tok/sec: 258,998 | bf16_mfu: 0.00 | epoch: 1 pq: 27 rg: 35 | total time: 82.79m | eta: 6.4m
step 02341/02520 (92.90%) | loss: 2.828565 | lrm: 0.15 | dt: 2067.77ms | tok/sec: 253,552 | bf16_mfu: 0.00 | epoch: 1 pq: 27 rg: 36 | total time: 82.82m | eta: 6.4m
step 02342/02520 (92.94%) | loss: 2.838405 | lrm: 0.15 | dt: 2210.78ms | tok/sec: 237,151 | bf16_mfu: 0.00 | epoch: 1 pq: 27 rg: 37 | total time: 82.86m | eta: 6.3m
step 02343/02520 (92.98%) | loss: 2.838753 | lrm: 0.15 | dt: 2265.63ms | tok/sec: 231,409 | bf16_mfu: 0.00 | epoch: 1 pq: 27 rg: 38 | total time: 82.90m | eta: 6.3m
step 02344/02520 (93.02%) | loss: 2.831803 | lrm: 0.15 | dt: 4334.62ms | tok/sec: 120,953 | bf16_mfu: 0.00 | epoch: 1 pq: 27 rg: 39 | total time: 82.97m | eta: 6.3m
step 02345/02520 (93.06%) | loss: 2.836818 | lrm: 0.15 | dt: 4323.77ms | tok/sec: 121,257 | bf16_mfu: 0.00 | epoch: 1 pq: 27 rg: 40 | total time: 83.04m | eta: 6.2m
step 02346/02520 (93.10%) | loss: 2.843043 | lrm: 0.15 | dt: 4332.39ms | tok/sec: 121,015 | bf16_mfu: 0.00 | epoch: 1 pq: 27 rg: 41 | total time: 83.11m | eta: 6.2m
step 02347/02520 (93.13%) | loss: 2.856806 | lrm: 0.15 | dt: 4353.45ms | tok/sec: 120,430 | bf16_mfu: 0.00 | epoch: 1 pq: 27 rg: 42 | total time: 83.19m | eta: 6.2m
step 02348/02520 (93.17%) | loss: 2.843377 | lrm: 0.15 | dt: 4318.09ms | tok/sec: 121,416 | bf16_mfu: 0.00 | epoch: 1 pq: 27 rg: 43 | total time: 83.26m | eta: 6.1m
step 02349/02520 (93.21%) | loss: 2.844097 | lrm: 0.15 | dt: 4320.44ms | tok/sec: 121,350 | bf16_mfu: 0.00 | epoch: 1 pq: 27 rg: 44 | total time: 83.33m | eta: 6.1m
step 02350/02520 (93.25%) | loss: 2.839881 | lrm: 0.15 | dt: 4329.16ms | tok/sec: 121,106 | bf16_mfu: 0.00 | epoch: 1 pq: 27 rg: 45 | total time: 83.40m | eta: 6.1m
step 02351/02520 (93.29%) | loss: 2.841118 | lrm: 0.15 | dt: 2919.29ms | tok/sec: 179,594 | bf16_mfu: 0.00 | epoch: 1 pq: 27 rg: 46 | total time: 83.45m | eta: 6.0m
step 02352/02520 (93.33%) | loss: 2.839924 | lrm: 0.15 | dt: 2017.19ms | tok/sec: 259,909 | bf16_mfu: 0.00 | epoch: 1 pq: 27 rg: 47 | total time: 83.48m | eta: 6.0m
step 02353/02520 (93.37%) | loss: 2.837348 | lrm: 0.15 | dt: 2042.98ms | tok/sec: 256,628 | bf16_mfu: 0.00 | epoch: 1 pq: 27 rg: 48 | total time: 83.52m | eta: 6.0m
step 02354/02520 (93.41%) | loss: 2.836626 | lrm: 0.15 | dt: 2059.02ms | tok/sec: 254,629 | bf16_mfu: 0.00 | epoch: 1 pq: 27 rg: 49 | total time: 83.55m | eta: 5.9m
step 02355/02520 (93.45%) | loss: 2.832342 | lrm: 0.15 | dt: 2021.56ms | tok/sec: 259,348 | bf16_mfu: 0.00 | epoch: 1 pq: 27 rg: 50 | total time: 83.59m | eta: 5.9m
step 02356/02520 (93.49%) | loss: 2.831386 | lrm: 0.15 | dt: 2014.90ms | tok/sec: 260,205 | bf16_mfu: 0.00 | epoch: 1 pq: 27 rg: 51 | total time: 83.62m | eta: 5.8m
step 02357/02520 (93.53%) | loss: 2.844920 | lrm: 0.14 | dt: 2009.19ms | tok/sec: 260,945 | bf16_mfu: 0.00 | epoch: 1 pq: 27 rg: 52 | total time: 83.65m | eta: 5.8m
step 02358/02520 (93.57%) | loss: 2.836639 | lrm: 0.14 | dt: 2009.30ms | tok/sec: 260,930 | bf16_mfu: 0.00 | epoch: 1 pq: 27 rg: 53 | total time: 83.69m | eta: 5.8m
step 02359/02520 (93.61%) | loss: 2.831977 | lrm: 0.14 | dt: 2004.73ms | tok/sec: 261,524 | bf16_mfu: 0.00 | epoch: 1 pq: 27 rg: 54 | total time: 83.72m | eta: 5.7m
step 02360/02520 (93.65%) | loss: 2.831545 | lrm: 0.14 | dt: 2004.28ms | tok/sec: 261,584 | bf16_mfu: 0.00 | epoch: 1 pq: 27 rg: 54 | total time: 83.75m | eta: 5.7m
step 02361/02520 (93.69%) | loss: 2.837138 | lrm: 0.14 | dt: 2008.28ms | tok/sec: 261,063 | bf16_mfu: 0.00 | epoch: 1 pq: 27 rg: 55 | total time: 83.79m | eta: 5.7m
step 02362/02520 (93.73%) | loss: 2.838301 | lrm: 0.14 | dt: 2005.45ms | tok/sec: 261,431 | bf16_mfu: 0.00 | epoch: 1 pq: 27 rg: 56 | total time: 83.82m | eta: 5.6m
step 02363/02520 (93.77%) | loss: 2.841019 | lrm: 0.14 | dt: 2027.84ms | tok/sec: 258,545 | bf16_mfu: 0.00 | epoch: 1 pq: 27 rg: 57 | total time: 83.85m | eta: 5.6m
step 02364/02520 (93.81%) | loss: 2.833698 | lrm: 0.14 | dt: 2027.84ms | tok/sec: 258,545 | bf16_mfu: 0.00 | epoch: 1 pq: 27 rg: 58 | total time: 83.89m | eta: 5.6m
step 02365/02520 (93.85%) | loss: 2.816526 | lrm: 0.14 | dt: 1992.52ms | tok/sec: 263,128 | bf16_mfu: 0.00 | epoch: 1 pq: 27 rg: 59 | total time: 83.92m | eta: 5.5m
step 02366/02520 (93.89%) | loss: 2.825656 | lrm: 0.14 | dt: 2038.94ms | tok/sec: 257,137 | bf16_mfu: 0.00 | epoch: 1 pq: 27 rg: 60 | total time: 83.95m | eta: 5.5m
step 02367/02520 (93.93%) | loss: 2.829567 | lrm: 0.14 | dt: 2031.02ms | tok/sec: 258,140 | bf16_mfu: 0.00 | epoch: 1 pq: 27 rg: 61 | total time: 83.99m | eta: 5.5m
step 02368/02520 (93.97%) | loss: 2.819178 | lrm: 0.14 | dt: 2230.81ms | tok/sec: 235,021 | bf16_mfu: 0.00 | epoch: 1 pq: 27 rg: 62 | total time: 84.03m | eta: 5.4m
step 02369/02520 (94.01%) | loss: 2.828762 | lrm: 0.14 | dt: 2639.94ms | tok/sec: 198,598 | bf16_mfu: 0.00 | epoch: 1 pq: 27 rg: 63 | total time: 84.07m | eta: 5.4m
step 02370/02520 (94.05%) | loss: 2.819695 | lrm: 0.14 | dt: 4324.01ms | tok/sec: 121,250 | bf16_mfu: 0.00 | epoch: 1 pq: 27 rg: 64 | total time: 84.14m | eta: 5.3m
step 02371/02520 (94.09%) | loss: 2.806804 | lrm: 0.14 | dt: 4311.27ms | tok/sec: 121,608 | bf16_mfu: 0.00 | epoch: 1 pq: 27 rg: 65 | total time: 84.21m | eta: 5.3m
step 02372/02520 (94.13%) | loss: 2.791920 | lrm: 0.14 | dt: 4313.36ms | tok/sec: 121,549 | bf16_mfu: 0.00 | epoch: 1 pq: 27 rg: 66 | total time: 84.29m | eta: 5.3m
step 02373/02520 (94.17%) | loss: 2.793444 | lrm: 0.14 | dt: 4313.50ms | tok/sec: 121,545 | bf16_mfu: 0.00 | epoch: 1 pq: 27 rg: 67 | total time: 84.36m | eta: 5.2m
step 02374/02520 (94.21%) | loss: 2.795707 | lrm: 0.13 | dt: 4323.75ms | tok/sec: 121,257 | bf16_mfu: 0.00 | epoch: 1 pq: 27 rg: 68 | total time: 84.43m | eta: 5.2m
step 02375/02520 (94.25%) | loss: 2.806460 | lrm: 0.13 | dt: 4325.09ms | tok/sec: 121,220 | bf16_mfu: 0.00 | epoch: 1 pq: 27 rg: 69 | total time: 84.50m | eta: 5.2m
step 02376/02520 (94.29%) | loss: 2.807297 | lrm: 0.13 | dt: 4323.34ms | tok/sec: 121,269 | bf16_mfu: 0.00 | epoch: 1 pq: 27 rg: 70 | total time: 84.57m | eta: 5.1m
step 02377/02520 (94.33%) | loss: 2.796309 | lrm: 0.13 | dt: 2535.44ms | tok/sec: 206,783 | bf16_mfu: 0.00 | epoch: 1 pq: 27 rg: 71 | total time: 84.62m | eta: 5.1m
step 02378/02520 (94.37%) | loss: 2.803041 | lrm: 0.13 | dt: 2050.39ms | tok/sec: 255,701 | bf16_mfu: 0.00 | epoch: 1 pq: 27 rg: 72 | total time: 84.65m | eta: 5.1m
step 02379/02520 (94.40%) | loss: 2.812353 | lrm: 0.13 | dt: 2074.62ms | tok/sec: 252,715 | bf16_mfu: 0.00 | epoch: 1 pq: 27 rg: 73 | total time: 84.68m | eta: 5.0m
step 02380/02520 (94.44%) | loss: 2.794847 | lrm: 0.13 | dt: 2078.57ms | tok/sec: 252,235 | bf16_mfu: 0.00 | epoch: 1 pq: 27 rg: 74 | total time: 84.72m | eta: 5.0m
step 02381/02520 (94.48%) | loss: 2.782548 | lrm: 0.13 | dt: 2054.17ms | tok/sec: 255,230 | bf16_mfu: 0.00 | epoch: 1 pq: 27 rg: 75 | total time: 84.75m | eta: 5.0m
step 02382/02520 (94.52%) | loss: 2.785234 | lrm: 0.13 | dt: 2032.74ms | tok/sec: 257,921 | bf16_mfu: 0.00 | epoch: 1 pq: 27 rg: 76 | total time: 84.79m | eta: 4.9m
step 02383/02520 (94.56%) | loss: 2.776450 | lrm: 0.13 | dt: 1993.34ms | tok/sec: 263,019 | bf16_mfu: 0.00 | epoch: 1 pq: 27 rg: 77 | total time: 84.82m | eta: 4.9m
step 02384/02520 (94.60%) | loss: 2.779259 | lrm: 0.13 | dt: 2006.84ms | tok/sec: 261,249 | bf16_mfu: 0.00 | epoch: 1 pq: 27 rg: 78 | total time: 84.85m | eta: 4.9m
step 02385/02520 (94.64%) | loss: 2.772544 | lrm: 0.13 | dt: 2014.82ms | tok/sec: 260,215 | bf16_mfu: 0.00 | epoch: 1 pq: 27 rg: 79 | total time: 84.89m | eta: 4.8m
step 02386/02520 (94.68%) | loss: 2.770199 | lrm: 0.13 | dt: 2003.02ms | tok/sec: 261,749 | bf16_mfu: 0.00 | epoch: 1 pq: 27 rg: 80 | total time: 84.92m | eta: 4.8m
step 02387/02520 (94.72%) | loss: 2.780197 | lrm: 0.13 | dt: 2007.33ms | tok/sec: 261,186 | bf16_mfu: 0.00 | epoch: 1 pq: 27 rg: 81 | total time: 84.95m | eta: 4.8m
step 02388/02520 (94.76%) | loss: 2.787875 | lrm: 0.13 | dt: 2007.08ms | tok/sec: 261,219 | bf16_mfu: 0.00 | epoch: 1 pq: 28 rg: 0 | total time: 84.99m | eta: 4.7m
step 02389/02520 (94.80%) | loss: 2.786523 | lrm: 0.13 | dt: 2016.42ms | tok/sec: 260,008 | bf16_mfu: 0.00 | epoch: 1 pq: 28 rg: 1 | total time: 85.02m | eta: 4.7m
step 02390/02520 (94.84%) | loss: 2.798304 | lrm: 0.13 | dt: 2020.71ms | tok/sec: 259,457 | bf16_mfu: 0.00 | epoch: 1 pq: 28 rg: 2 | total time: 85.06m | eta: 4.6m
step 02391/02520 (94.88%) | loss: 2.788030 | lrm: 0.12 | dt: 2004.30ms | tok/sec: 261,581 | bf16_mfu: 0.00 | epoch: 1 pq: 28 rg: 3 | total time: 85.09m | eta: 4.6m
step 02392/02520 (94.92%) | loss: 2.780626 | lrm: 0.12 | dt: 2012.21ms | tok/sec: 260,553 | bf16_mfu: 0.00 | epoch: 1 pq: 28 rg: 4 | total time: 85.12m | eta: 4.6m
step 02393/02520 (94.96%) | loss: 2.788240 | lrm: 0.12 | dt: 2017.69ms | tok/sec: 259,845 | bf16_mfu: 0.00 | epoch: 1 pq: 28 rg: 5 | total time: 85.16m | eta: 4.5m
2026-09-27 18:06:09,007 - nanochat.checkpoint_manager - [32m[1mINFO[0m - Saved model parameters to: /home/neo/.cache/nanochat/base_checkpoints/looped_L8_lr1_lr1_h1.0_s0/model_002394.pt
2026-09-27 18:06:09,461 - nanochat.checkpoint_manager - [32m[1mINFO[0m - Saved optimizer state to: /home/neo/.cache/nanochat/base_checkpoints/looped_L8_lr1_lr1_h1.0_s0/optim_002394_rank0.pt
2026-09-27 18:06:09,463 - nanochat.checkpoint_manager - [32m[1mINFO[0m - Saved metadata to: /home/neo/.cache/nanochat/base_checkpoints/looped_L8_lr1_lr1_h1.0_s0/meta_002394.json
step 02394/02520 (95.00%) | loss: 2.795936 | lrm: 0.12 | dt: 2005.59ms | tok/sec: 261,412 | bf16_mfu: 0.00 | epoch: 1 pq: 28 rg: 6 | total time: 85.19m | eta: 4.5m
step 02395/02520 (95.04%) | loss: 2.792657 | lrm: 0.12 | dt: 2224.85ms | tok/sec: 235,650 | bf16_mfu: 0.00 | epoch: 1 pq: 28 rg: 7 | total time: 85.23m | eta: 4.5m
step 02396/02520 (95.08%) | loss: 2.781042 | lrm: 0.12 | dt: 2819.27ms | tok/sec: 185,965 | bf16_mfu: 0.00 | epoch: 1 pq: 28 rg: 8 | total time: 85.27m | eta: 4.4m
step 02397/02520 (95.12%) | loss: 2.787151 | lrm: 0.12 | dt: 4312.03ms | tok/sec: 121,587 | bf16_mfu: 0.00 | epoch: 1 pq: 28 rg: 8 | total time: 85.34m | eta: 4.4m
step 02398/02520 (95.16%) | loss: 2.788986 | lrm: 0.12 | dt: 4321.28ms | tok/sec: 121,327 | bf16_mfu: 0.00 | epoch: 1 pq: 28 rg: 9 | total time: 85.42m | eta: 4.4m
step 02399/02520 (95.20%) | loss: 2.781790 | lrm: 0.12 | dt: 4320.31ms | tok/sec: 121,354 | bf16_mfu: 0.00 | epoch: 1 pq: 28 rg: 10 | total time: 85.49m | eta: 4.3m
step 02400/02520 (95.24%) | loss: 2.780164 | lrm: 0.12 | dt: 4319.78ms | tok/sec: 121,369 | bf16_mfu: 0.00 | epoch: 1 pq: 28 rg: 11 | total time: 85.56m | eta: 4.3m
step 02401/02520 (95.28%) | loss: 2.778395 | lrm: 0.12 | dt: 4305.79ms | tok/sec: 121,763 | bf16_mfu: 0.00 | epoch: 1 pq: 28 rg: 12 | total time: 85.63m | eta: 4.3m
step 02402/02520 (95.32%) | loss: 2.773134 | lrm: 0.12 | dt: 4318.45ms | tok/sec: 121,406 | bf16_mfu: 0.00 | epoch: 1 pq: 28 rg: 13 | total time: 85.70m | eta: 4.2m
step 02403/02520 (95.36%) | loss: 2.772716 | lrm: 0.12 | dt: 4317.82ms | tok/sec: 121,424 | bf16_mfu: 0.00 | epoch: 1 pq: 28 rg: 14 | total time: 85.78m | eta: 4.2m
step 02404/02520 (95.40%) | loss: 2.776045 | lrm: 0.12 | dt: 2320.54ms | tok/sec: 225,933 | bf16_mfu: 0.00 | epoch: 1 pq: 28 rg: 15 | total time: 85.82m | eta: 4.2m
step 02405/02520 (95.44%) | loss: 2.774241 | lrm: 0.12 | dt: 2062.90ms | tok/sec: 254,151 | bf16_mfu: 0.00 | epoch: 1 pq: 28 rg: 16 | total time: 85.85m | eta: 4.1m
step 02406/02520 (95.48%) | loss: 2.765992 | lrm: 0.12 | dt: 2066.26ms | tok/sec: 253,738 | bf16_mfu: 0.00 | epoch: 1 pq: 28 rg: 17 | total time: 85.88m | eta: 4.1m
step 02407/02520 (95.52%) | loss: 2.777741 | lrm: 0.12 | dt: 2073.46ms | tok/sec: 252,856 | bf16_mfu: 0.00 | epoch: 1 pq: 28 rg: 18 | total time: 85.92m | eta: 4.1m
step 02408/02520 (95.56%) | loss: 2.768655 | lrm: 0.11 | dt: 2058.31ms | tok/sec: 254,717 | bf16_mfu: 0.00 | epoch: 1 pq: 28 rg: 19 | total time: 85.95m | eta: 4.0m
step 02409/02520 (95.60%) | loss: 2.775202 | lrm: 0.11 | dt: 2045.85ms | tok/sec: 256,269 | bf16_mfu: 0.00 | epoch: 1 pq: 28 rg: 20 | total time: 85.99m | eta: 4.0m
step 02410/02520 (95.63%) | loss: 2.758106 | lrm: 0.11 | dt: 2058.66ms | tok/sec: 254,674 | bf16_mfu: 0.00 | epoch: 1 pq: 28 rg: 21 | total time: 86.02m | eta: 3.9m
step 02411/02520 (95.67%) | loss: 2.766178 | lrm: 0.11 | dt: 2001.84ms | tok/sec: 261,903 | bf16_mfu: 0.00 | epoch: 1 pq: 28 rg: 22 | total time: 86.05m | eta: 3.9m
step 02412/02520 (95.71%) | loss: 2.781758 | lrm: 0.11 | dt: 1992.12ms | tok/sec: 263,181 | bf16_mfu: 0.00 | epoch: 1 pq: 28 rg: 23 | total time: 86.09m | eta: 3.9m
step 02413/02520 (95.75%) | loss: 2.786214 | lrm: 0.11 | dt: 2006.82ms | tok/sec: 261,253 | bf16_mfu: 0.00 | epoch: 1 pq: 28 rg: 24 | total time: 86.12m | eta: 3.8m
step 02414/02520 (95.79%) | loss: 2.795268 | lrm: 0.11 | dt: 2019.26ms | tok/sec: 259,643 | bf16_mfu: 0.00 | epoch: 1 pq: 28 rg: 25 | total time: 86.16m | eta: 3.8m
step 02415/02520 (95.83%) | loss: 2.801418 | lrm: 0.11 | dt: 1987.65ms | tok/sec: 263,773 | bf16_mfu: 0.00 | epoch: 1 pq: 28 rg: 26 | total time: 86.19m | eta: 3.8m
step 02416/02520 (95.87%) | loss: 2.809364 | lrm: 0.11 | dt: 1997.08ms | tok/sec: 262,527 | bf16_mfu: 0.00 | epoch: 1 pq: 28 rg: 27 | total time: 86.22m | eta: 3.7m
step 02417/02520 (95.91%) | loss: 2.810474 | lrm: 0.11 | dt: 2019.77ms | tok/sec: 259,578 | bf16_mfu: 0.00 | epoch: 1 pq: 28 rg: 28 | total time: 86.26m | eta: 3.7m
step 02418/02520 (95.95%) | loss: 2.821751 | lrm: 0.11 | dt: 1992.85ms | tok/sec: 263,084 | bf16_mfu: 0.00 | epoch: 1 pq: 28 rg: 29 | total time: 86.29m | eta: 3.7m
step 02419/02520 (95.99%) | loss: 2.822472 | lrm: 0.11 | dt: 2010.21ms | tok/sec: 260,812 | bf16_mfu: 0.00 | epoch: 1 pq: 28 rg: 30 | total time: 86.32m | eta: 3.6m
step 02420/02520 (96.03%) | loss: 2.814768 | lrm: 0.11 | dt: 2021.37ms | tok/sec: 259,372 | bf16_mfu: 0.00 | epoch: 1 pq: 28 rg: 31 | total time: 86.36m | eta: 3.6m
step 02421/02520 (96.07%) | loss: 2.812192 | lrm: 0.11 | dt: 2001.56ms | tok/sec: 261,939 | bf16_mfu: 0.00 | epoch: 1 pq: 28 rg: 32 | total time: 86.39m | eta: 3.5m
step 02422/02520 (96.11%) | loss: 2.815444 | lrm: 0.11 | dt: 2027.27ms | tok/sec: 258,617 | bf16_mfu: 0.00 | epoch: 1 pq: 28 rg: 33 | total time: 86.42m | eta: 3.5m
step 02423/02520 (96.15%) | loss: 2.814056 | lrm: 0.11 | dt: 2021.43ms | tok/sec: 259,365 | bf16_mfu: 0.00 | epoch: 1 pq: 28 rg: 34 | total time: 86.46m | eta: 3.5m
step 02424/02520 (96.19%) | loss: 2.819053 | lrm: 0.11 | dt: 2191.33ms | tok/sec: 239,255 | bf16_mfu: 0.00 | epoch: 1 pq: 28 rg: 35 | total time: 86.49m | eta: 3.4m
step 02425/02520 (96.23%) | loss: 2.806607 | lrm: 0.11 | dt: 2086.93ms | tok/sec: 251,224 | bf16_mfu: 0.00 | epoch: 1 pq: 28 rg: 35 | total time: 86.53m | eta: 3.4m
step 02426/02520 (96.27%) | loss: 2.814253 | lrm: 0.10 | dt: 3865.26ms | tok/sec: 135,641 | bf16_mfu: 0.00 | epoch: 1 pq: 28 rg: 36 | total time: 86.59m | eta: 3.4m
step 02427/02520 (96.31%) | loss: 2.812375 | lrm: 0.10 | dt: 4312.29ms | tok/sec: 121,580 | bf16_mfu: 0.00 | epoch: 1 pq: 28 rg: 37 | total time: 86.66m | eta: 3.3m
step 02428/02520 (96.35%) | loss: 2.806888 | lrm: 0.10 | dt: 4321.81ms | tok/sec: 121,312 | bf16_mfu: 0.00 | epoch: 1 pq: 28 rg: 38 | total time: 86.74m | eta: 3.3m
step 02429/02520 (96.39%) | loss: 2.808964 | lrm: 0.10 | dt: 4322.46ms | tok/sec: 121,293 | bf16_mfu: 0.00 | epoch: 1 pq: 28 rg: 39 | total time: 86.81m | eta: 3.3m
step 02430/02520 (96.43%) | loss: 2.802385 | lrm: 0.10 | dt: 4323.69ms | tok/sec: 121,259 | bf16_mfu: 0.00 | epoch: 1 pq: 28 rg: 40 | total time: 86.88m | eta: 3.2m
step 02431/02520 (96.47%) | loss: 2.799990 | lrm: 0.10 | dt: 4321.27ms | tok/sec: 121,327 | bf16_mfu: 0.00 | epoch: 1 pq: 28 rg: 41 | total time: 86.95m | eta: 3.2m
step 02432/02520 (96.51%) | loss: 2.808485 | lrm: 0.10 | dt: 4322.82ms | tok/sec: 121,283 | bf16_mfu: 0.00 | epoch: 1 pq: 28 rg: 42 | total time: 87.02m | eta: 3.2m
step 02433/02520 (96.55%) | loss: 2.803177 | lrm: 0.10 | dt: 3549.06ms | tok/sec: 147,725 | bf16_mfu: 0.00 | epoch: 1 pq: 28 rg: 43 | total time: 87.08m | eta: 3.1m
step 02434/02520 (96.59%) | loss: 2.804790 | lrm: 0.10 | dt: 2045.18ms | tok/sec: 256,353 | bf16_mfu: 0.00 | epoch: 1 pq: 28 rg: 44 | total time: 87.12m | eta: 3.1m
step 02435/02520 (96.63%) | loss: 2.817375 | lrm: 0.10 | dt: 2065.02ms | tok/sec: 253,889 | bf16_mfu: 0.00 | epoch: 1 pq: 28 rg: 45 | total time: 87.15m | eta: 3.1m
step 02436/02520 (96.67%) | loss: 2.826889 | lrm: 0.10 | dt: 2031.25ms | tok/sec: 258,110 | bf16_mfu: 0.00 | epoch: 1 pq: 28 rg: 46 | total time: 87.19m | eta: 3.0m
step 02437/02520 (96.71%) | loss: 2.826418 | lrm: 0.10 | dt: 2069.79ms | tok/sec: 253,304 | bf16_mfu: 0.00 | epoch: 1 pq: 28 rg: 47 | total time: 87.22m | eta: 3.0m
step 02438/02520 (96.75%) | loss: 2.806424 | lrm: 0.10 | dt: 2022.26ms | tok/sec: 259,258 | bf16_mfu: 0.00 | epoch: 1 pq: 28 rg: 48 | total time: 87.25m | eta: 2.9m
step 02439/02520 (96.79%) | loss: 2.797313 | lrm: 0.10 | dt: 1999.30ms | tok/sec: 262,235 | bf16_mfu: 0.00 | epoch: 1 pq: 28 rg: 49 | total time: 87.29m | eta: 2.9m
step 02440/02520 (96.83%) | loss: 2.800965 | lrm: 0.10 | dt: 2013.72ms | tok/sec: 260,358 | bf16_mfu: 0.00 | epoch: 1 pq: 28 rg: 50 | total time: 87.32m | eta: 2.9m
step 02441/02520 (96.87%) | loss: 2.799704 | lrm: 0.10 | dt: 2015.12ms | tok/sec: 260,177 | bf16_mfu: 0.00 | epoch: 1 pq: 28 rg: 51 | total time: 87.35m | eta: 2.8m
step 02442/02520 (96.90%) | loss: 2.794729 | lrm: 0.10 | dt: 2002.09ms | tok/sec: 261,870 | bf16_mfu: 0.00 | epoch: 1 pq: 28 rg: 52 | total time: 87.39m | eta: 2.8m
step 02443/02520 (96.94%) | loss: 2.798619 | lrm: 0.09 | dt: 2002.26ms | tok/sec: 261,848 | bf16_mfu: 0.00 | epoch: 1 pq: 28 rg: 53 | total time: 87.42m | eta: 2.8m
step 02444/02520 (96.98%) | loss: 2.790941 | lrm: 0.09 | dt: 1996.68ms | tok/sec: 262,579 | bf16_mfu: 0.00 | epoch: 1 pq: 28 rg: 54 | total time: 87.45m | eta: 2.7m
step 02445/02520 (97.02%) | loss: 2.792509 | lrm: 0.09 | dt: 1992.25ms | tok/sec: 263,164 | bf16_mfu: 0.00 | epoch: 1 pq: 28 rg: 55 | total time: 87.49m | eta: 2.7m
step 02446/02520 (97.06%) | loss: 2.784876 | lrm: 0.09 | dt: 2001.78ms | tok/sec: 261,910 | bf16_mfu: 0.00 | epoch: 1 pq: 28 rg: 56 | total time: 87.52m | eta: 2.7m
step 02447/02520 (97.10%) | loss: 2.798100 | lrm: 0.09 | dt: 2001.58ms | tok/sec: 261,937 | bf16_mfu: 0.00 | epoch: 1 pq: 28 rg: 57 | total time: 87.55m | eta: 2.6m
step 02448/02520 (97.14%) | loss: 2.799418 | lrm: 0.09 | dt: 2014.32ms | tok/sec: 260,280 | bf16_mfu: 0.00 | epoch: 1 pq: 28 rg: 58 | total time: 87.59m | eta: 2.6m
step 02449/02520 (97.18%) | loss: 2.800925 | lrm: 0.09 | dt: 1990.87ms | tok/sec: 263,346 | bf16_mfu: 0.00 | epoch: 1 pq: 28 rg: 59 | total time: 87.62m | eta: 2.6m
step 02450/02520 (97.22%) | loss: 2.802986 | lrm: 0.09 | dt: 2010.99ms | tok/sec: 260,711 | bf16_mfu: 0.00 | epoch: 1 pq: 28 rg: 60 | total time: 87.65m | eta: 2.5m
step 02451/02520 (97.26%) | loss: 2.804255 | lrm: 0.09 | dt: 2056.44ms | tok/sec: 254,948 | bf16_mfu: 0.00 | epoch: 1 pq: 28 rg: 61 | total time: 87.69m | eta: 2.5m
step 02452/02520 (97.30%) | loss: 2.799576 | lrm: 0.09 | dt: 2260.82ms | tok/sec: 231,901 | bf16_mfu: 0.00 | epoch: 1 pq: 28 rg: 62 | total time: 87.73m | eta: 2.4m
step 02453/02520 (97.34%) | loss: 2.803529 | lrm: 0.09 | dt: 2889.45ms | tok/sec: 181,449 | bf16_mfu: 0.00 | epoch: 1 pq: 28 rg: 63 | total time: 87.77m | eta: 2.4m
step 02454/02520 (97.38%) | loss: 2.815675 | lrm: 0.09 | dt: 4327.68ms | tok/sec: 121,147 | bf16_mfu: 0.00 | epoch: 1 pq: 28 rg: 64 | total time: 87.85m | eta: 2.4m
step 02455/02520 (97.42%) | loss: 2.816095 | lrm: 0.09 | dt: 4326.90ms | tok/sec: 121,169 | bf16_mfu: 0.00 | epoch: 1 pq: 28 rg: 65 | total time: 87.92m | eta: 2.3m
step 02456/02520 (97.46%) | loss: 2.819122 | lrm: 0.09 | dt: 4317.17ms | tok/sec: 121,442 | bf16_mfu: 0.00 | epoch: 1 pq: 28 rg: 66 | total time: 87.99m | eta: 2.3m
step 02457/02520 (97.50%) | loss: 2.817408 | lrm: 0.09 | dt: 4323.72ms | tok/sec: 121,258 | bf16_mfu: 0.00 | epoch: 1 pq: 28 rg: 66 | total time: 88.06m | eta: 2.3m
step 02458/02520 (97.54%) | loss: 2.817803 | lrm: 0.09 | dt: 4325.43ms | tok/sec: 121,210 | bf16_mfu: 0.00 | epoch: 1 pq: 28 rg: 67 | total time: 88.14m | eta: 2.2m
step 02459/02520 (97.58%) | loss: 2.822394 | lrm: 0.09 | dt: 4326.14ms | tok/sec: 121,190 | bf16_mfu: 0.00 | epoch: 1 pq: 28 rg: 68 | total time: 88.21m | eta: 2.2m
step 02460/02520 (97.62%) | loss: 2.816931 | lrm: 0.08 | dt: 4318.24ms | tok/sec: 121,412 | bf16_mfu: 0.00 | epoch: 1 pq: 28 rg: 69 | total time: 88.28m | eta: 2.2m
step 02461/02520 (97.66%) | loss: 2.811689 | lrm: 0.08 | dt: 2307.82ms | tok/sec: 227,178 | bf16_mfu: 0.00 | epoch: 1 pq: 28 rg: 70 | total time: 88.32m | eta: 2.1m
step 02462/02520 (97.70%) | loss: 2.806400 | lrm: 0.08 | dt: 2051.73ms | tok/sec: 255,534 | bf16_mfu: 0.00 | epoch: 1 pq: 28 rg: 71 | total time: 88.35m | eta: 2.1m
step 02463/02520 (97.74%) | loss: 2.799910 | lrm: 0.08 | dt: 2066.95ms | tok/sec: 253,652 | bf16_mfu: 0.00 | epoch: 1 pq: 28 rg: 72 | total time: 88.39m | eta: 2.1m
step 02464/02520 (97.78%) | loss: 2.814279 | lrm: 0.08 | dt: 2082.41ms | tok/sec: 251,769 | bf16_mfu: 0.00 | epoch: 1 pq: 28 rg: 73 | total time: 88.42m | eta: 2.0m
step 02465/02520 (97.82%) | loss: 2.818904 | lrm: 0.08 | dt: 2015.69ms | tok/sec: 260,103 | bf16_mfu: 0.00 | epoch: 1 pq: 28 rg: 74 | total time: 88.45m | eta: 2.0m
step 02466/02520 (97.86%) | loss: 2.823783 | lrm: 0.08 | dt: 2014.33ms | tok/sec: 260,279 | bf16_mfu: 0.00 | epoch: 1 pq: 28 rg: 75 | total time: 88.49m | eta: 1.9m
step 02467/02520 (97.90%) | loss: 2.825349 | lrm: 0.08 | dt: 2073.27ms | tok/sec: 252,879 | bf16_mfu: 0.00 | epoch: 1 pq: 28 rg: 76 | total time: 88.52m | eta: 1.9m
step 02468/02520 (97.94%) | loss: 2.829620 | lrm: 0.08 | dt: 2044.50ms | tok/sec: 256,438 | bf16_mfu: 0.00 | epoch: 1 pq: 28 rg: 77 | total time: 88.56m | eta: 1.9m
step 02469/02520 (97.98%) | loss: 2.829794 | lrm: 0.08 | dt: 2019.88ms | tok/sec: 259,563 | bf16_mfu: 0.00 | epoch: 1 pq: 28 rg: 78 | total time: 88.59m | eta: 1.8m
step 02470/02520 (98.02%) | loss: 2.834891 | lrm: 0.08 | dt: 2012.69ms | tok/sec: 260,491 | bf16_mfu: 0.00 | epoch: 1 pq: 28 rg: 79 | total time: 88.62m | eta: 1.8m
step 02471/02520 (98.06%) | loss: 2.832068 | lrm: 0.08 | dt: 2023.25ms | tok/sec: 259,131 | bf16_mfu: 0.00 | epoch: 1 pq: 28 rg: 80 | total time: 88.66m | eta: 1.8m
step 02472/02520 (98.10%) | loss: 2.832633 | lrm: 0.08 | dt: 2000.15ms | tok/sec: 262,123 | bf16_mfu: 0.00 | epoch: 1 pq: 28 rg: 81 | total time: 88.69m | eta: 1.7m
step 02473/02520 (98.13%) | loss: 2.833844 | lrm: 0.08 | dt: 1997.34ms | tok/sec: 262,493 | bf16_mfu: 0.00 | epoch: 1 pq: 28 rg: 82 | total time: 88.72m | eta: 1.7m
step 02474/02520 (98.17%) | loss: 2.832167 | lrm: 0.08 | dt: 2022.34ms | tok/sec: 259,248 | bf16_mfu: 0.00 | epoch: 1 pq: 29 rg: 0 | total time: 88.76m | eta: 1.7m
step 02475/02520 (98.21%) | loss: 2.835360 | lrm: 0.08 | dt: 2003.28ms | tok/sec: 261,715 | bf16_mfu: 0.00 | epoch: 1 pq: 29 rg: 1 | total time: 88.79m | eta: 1.6m
step 02476/02520 (98.25%) | loss: 2.833468 | lrm: 0.08 | dt: 1999.51ms | tok/sec: 262,207 | bf16_mfu: 0.00 | epoch: 1 pq: 29 rg: 2 | total time: 88.82m | eta: 1.6m
step 02477/02520 (98.29%) | loss: 2.837266 | lrm: 0.07 | dt: 1999.19ms | tok/sec: 262,249 | bf16_mfu: 0.00 | epoch: 1 pq: 29 rg: 3 | total time: 88.86m | eta: 1.5m
step 02478/02520 (98.33%) | loss: 2.819159 | lrm: 0.07 | dt: 1994.74ms | tok/sec: 262,835 | bf16_mfu: 0.00 | epoch: 1 pq: 29 rg: 4 | total time: 88.89m | eta: 1.5m
step 02479/02520 (98.37%) | loss: 2.811670 | lrm: 0.07 | dt: 2003.35ms | tok/sec: 261,706 | bf16_mfu: 0.00 | epoch: 1 pq: 29 rg: 5 | total time: 88.92m | eta: 1.5m
step 02480/02520 (98.41%) | loss: 2.814309 | lrm: 0.07 | dt: 2001.25ms | tok/sec: 261,980 | bf16_mfu: 0.00 | epoch: 1 pq: 29 rg: 6 | total time: 88.96m | eta: 1.4m
step 02481/02520 (98.45%) | loss: 2.815529 | lrm: 0.07 | dt: 2042.79ms | tok/sec: 256,653 | bf16_mfu: 0.00 | epoch: 1 pq: 29 rg: 7 | total time: 88.99m | eta: 1.4m
step 02482/02520 (98.49%) | loss: 2.821997 | lrm: 0.07 | dt: 2231.88ms | tok/sec: 234,908 | bf16_mfu: 0.00 | epoch: 1 pq: 29 rg: 8 | total time: 89.03m | eta: 1.4m
step 02483/02520 (98.53%) | loss: 2.821251 | lrm: 0.07 | dt: 2672.78ms | tok/sec: 196,158 | bf16_mfu: 0.00 | epoch: 1 pq: 29 rg: 9 | total time: 89.07m | eta: 1.3m
step 02484/02520 (98.57%) | loss: 2.821334 | lrm: 0.07 | dt: 4323.68ms | tok/sec: 121,259 | bf16_mfu: 0.00 | epoch: 1 pq: 29 rg: 10 | total time: 89.15m | eta: 1.3m
step 02485/02520 (98.61%) | loss: 2.819306 | lrm: 0.07 | dt: 4327.75ms | tok/sec: 121,145 | bf16_mfu: 0.00 | epoch: 1 pq: 29 rg: 11 | total time: 89.22m | eta: 1.3m
step 02486/02520 (98.65%) | loss: 2.820367 | lrm: 0.07 | dt: 4329.04ms | tok/sec: 121,109 | bf16_mfu: 0.00 | epoch: 1 pq: 29 rg: 12 | total time: 89.29m | eta: 1.2m
step 02487/02520 (98.69%) | loss: 2.821950 | lrm: 0.07 | dt: 4318.26ms | tok/sec: 121,411 | bf16_mfu: 0.00 | epoch: 1 pq: 29 rg: 13 | total time: 89.36m | eta: 1.2m
step 02488/02520 (98.73%) | loss: 2.827315 | lrm: 0.07 | dt: 4320.25ms | tok/sec: 121,355 | bf16_mfu: 0.00 | epoch: 1 pq: 29 rg: 14 | total time: 89.43m | eta: 1.2m
step 02489/02520 (98.77%) | loss: 2.830814 | lrm: 0.07 | dt: 4331.08ms | tok/sec: 121,052 | bf16_mfu: 0.00 | epoch: 1 pq: 29 rg: 15 | total time: 89.51m | eta: 1.1m
step 02490/02520 (98.81%) | loss: 2.829686 | lrm: 0.07 | dt: 4326.24ms | tok/sec: 121,187 | bf16_mfu: 0.00 | epoch: 1 pq: 29 rg: 16 | total time: 89.58m | eta: 1.1m
step 02491/02520 (98.85%) | loss: 2.825973 | lrm: 0.07 | dt: 2535.36ms | tok/sec: 206,790 | bf16_mfu: 0.00 | epoch: 1 pq: 29 rg: 16 | total time: 89.62m | eta: 1.0m
step 02492/02520 (98.89%) | loss: 2.813443 | lrm: 0.07 | dt: 1988.84ms | tok/sec: 263,614 | bf16_mfu: 0.00 | epoch: 1 pq: 29 rg: 17 | total time: 89.65m | eta: 1.0m
step 02493/02520 (98.93%) | loss: 2.802874 | lrm: 0.07 | dt: 1991.43ms | tok/sec: 263,272 | bf16_mfu: 0.00 | epoch: 1 pq: 29 rg: 18 | total time: 89.69m | eta: 1.0m
step 02494/02520 (98.97%) | loss: 2.799976 | lrm: 0.07 | dt: 1987.40ms | tok/sec: 263,805 | bf16_mfu: 0.00 | epoch: 1 pq: 29 rg: 19 | total time: 89.72m | eta: 0.9m
step 02495/02520 (99.01%) | loss: 2.809990 | lrm: 0.06 | dt: 1986.79ms | tok/sec: 263,887 | bf16_mfu: 0.00 | epoch: 1 pq: 29 rg: 20 | total time: 89.75m | eta: 0.9m
step 02496/02520 (99.05%) | loss: 2.816072 | lrm: 0.06 | dt: 1986.56ms | tok/sec: 263,918 | bf16_mfu: 0.00 | epoch: 1 pq: 29 rg: 21 | total time: 89.79m | eta: 0.9m
step 02497/02520 (99.09%) | loss: 2.811477 | lrm: 0.06 | dt: 1988.10ms | tok/sec: 263,713 | bf16_mfu: 0.00 | epoch: 1 pq: 29 rg: 22 | total time: 89.82m | eta: 0.8m
step 02498/02520 (99.13%) | loss: 2.806830 | lrm: 0.06 | dt: 1987.17ms | tok/sec: 263,836 | bf16_mfu: 0.00 | epoch: 1 pq: 29 rg: 23 | total time: 89.85m | eta: 0.8m
step 02499/02520 (99.17%) | loss: 2.816046 | lrm: 0.06 | dt: 1987.67ms | tok/sec: 263,769 | bf16_mfu: 0.00 | epoch: 1 pq: 29 rg: 24 | total time: 89.89m | eta: 0.8m
Step 02500 | Validation bpb: 0.858042
step 02500/02520 (99.21%) | loss: 2.802571 | lrm: 0.06 | dt: 1974.26ms | tok/sec: 265,561 | bf16_mfu: 0.00 | epoch: 1 pq: 29 rg: 25 | total time: 89.92m | eta: 0.7m
step 02501/02520 (99.25%) | loss: 2.818575 | lrm: 0.06 | dt: 1979.45ms | tok/sec: 264,864 | bf16_mfu: 0.00 | epoch: 1 pq: 29 rg: 26 | total time: 89.95m | eta: 0.7m
step 02502/02520 (99.29%) | loss: 2.826414 | lrm: 0.06 | dt: 1980.33ms | tok/sec: 264,747 | bf16_mfu: 0.00 | epoch: 1 pq: 29 rg: 27 | total time: 89.98m | eta: 0.6m
step 02503/02520 (99.33%) | loss: 2.814325 | lrm: 0.06 | dt: 1981.21ms | tok/sec: 264,629 | bf16_mfu: 0.00 | epoch: 1 pq: 29 rg: 28 | total time: 90.02m | eta: 0.6m
step 02504/02520 (99.37%) | loss: 2.820089 | lrm: 0.06 | dt: 1981.11ms | tok/sec: 264,643 | bf16_mfu: 0.00 | epoch: 1 pq: 29 rg: 29 | total time: 90.05m | eta: 0.6m
step 02505/02520 (99.40%) | loss: 2.813674 | lrm: 0.06 | dt: 1981.33ms | tok/sec: 264,614 | bf16_mfu: 0.00 | epoch: 1 pq: 29 rg: 30 | total time: 90.08m | eta: 0.5m
step 02506/02520 (99.44%) | loss: 2.815103 | lrm: 0.06 | dt: 1981.02ms | tok/sec: 264,654 | bf16_mfu: 0.00 | epoch: 1 pq: 29 rg: 31 | total time: 90.12m | eta: 0.5m
step 02507/02520 (99.48%) | loss: 2.815949 | lrm: 0.06 | dt: 1982.53ms | tok/sec: 264,454 | bf16_mfu: 0.00 | epoch: 1 pq: 29 rg: 32 | total time: 90.15m | eta: 0.5m
step 02508/02520 (99.52%) | loss: 2.801646 | lrm: 0.06 | dt: 1982.07ms | tok/sec: 264,515 | bf16_mfu: 0.00 | epoch: 1 pq: 29 rg: 33 | total time: 90.18m | eta: 0.4m
step 02509/02520 (99.56%) | loss: 2.800305 | lrm: 0.06 | dt: 1982.70ms | tok/sec: 264,431 | bf16_mfu: 0.00 | epoch: 1 pq: 29 rg: 34 | total time: 90.22m | eta: 0.4m
step 02510/02520 (99.60%) | loss: 2.794290 | lrm: 0.06 | dt: 1983.91ms | tok/sec: 264,269 | bf16_mfu: 0.00 | epoch: 1 pq: 29 rg: 35 | total time: 90.25m | eta: 0.4m
step 02511/02520 (99.64%) | loss: 2.798987 | lrm: 0.06 | dt: 1983.98ms | tok/sec: 264,260 | bf16_mfu: 0.00 | epoch: 1 pq: 29 rg: 36 | total time: 90.28m | eta: 0.3m
step 02512/02520 (99.68%) | loss: 2.807840 | lrm: 0.05 | dt: 1993.26ms | tok/sec: 263,029 | bf16_mfu: 0.00 | epoch: 1 pq: 29 rg: 37 | total time: 90.32m | eta: 0.3m
step 02513/02520 (99.72%) | loss: 2.806855 | lrm: 0.05 | dt: 2039.76ms | tok/sec: 257,034 | bf16_mfu: 0.00 | epoch: 1 pq: 29 rg: 38 | total time: 90.35m | eta: 0.3m
step 02514/02520 (99.76%) | loss: 2.807979 | lrm: 0.05 | dt: 2024.65ms | tok/sec: 258,952 | bf16_mfu: 0.00 | epoch: 1 pq: 29 rg: 39 | total time: 90.38m | eta: 0.2m
step 02515/02520 (99.80%) | loss: 2.811734 | lrm: 0.05 | dt: 1986.54ms | tok/sec: 263,920 | bf16_mfu: 0.00 | epoch: 1 pq: 29 rg: 40 | total time: 90.42m | eta: 0.2m
step 02516/02520 (99.84%) | loss: 2.807282 | lrm: 0.05 | dt: 1984.68ms | tok/sec: 264,168 | bf16_mfu: 0.00 | epoch: 1 pq: 29 rg: 41 | total time: 90.45m | eta: 0.1m
step 02517/02520 (99.88%) | loss: 2.797371 | lrm: 0.05 | dt: 1983.24ms | tok/sec: 264,359 | bf16_mfu: 0.00 | epoch: 1 pq: 29 rg: 42 | total time: 90.48m | eta: 0.1m
step 02518/02520 (99.92%) | loss: 2.810048 | lrm: 0.05 | dt: 1982.75ms | tok/sec: 264,424 | bf16_mfu: 0.00 | epoch: 1 pq: 29 rg: 43 | total time: 90.52m | eta: 0.1m
step 02519/02520 (99.96%) | loss: 2.810028 | lrm: 0.05 | dt: 1983.66ms | tok/sec: 264,303 | bf16_mfu: 0.00 | epoch: 1 pq: 29 rg: 43 | total time: 90.55m | eta: 0.0m
Step 02520 | Validation bpb: 0.857544
Evaluating: hellaswag_zeroshot (0-shot, type: multiple_choice)... accuracy: 0.3680 | centered: 0.1573 | time: 2.07s
Evaluating: jeopardy (10-shot, type: language_modeling)... accuracy: 0.0120 | centered: 0.0120 | time: 2.12s
Evaluating: bigbench_qa_wikidata (10-shot, type: language_modeling)... accuracy: 0.2300 | centered: 0.2300 | time: 2.02s
Evaluating: arc_easy (10-shot, type: multiple_choice)... accuracy: 0.5640 | centered: 0.4187 | time: 3.05s
Evaluating: arc_challenge (10-shot, type: multiple_choice)... accuracy: 0.2900 | centered: 0.0533 | time: 3.33s
Evaluating: copa (0-shot, type: multiple_choice)... accuracy: 0.5800 | centered: 0.1600 | time: 0.37s
Evaluating: commonsense_qa (10-shot, type: multiple_choice)... accuracy: 0.4000 | centered: 0.2500 | time: 3.71s
Evaluating: piqa (10-shot, type: multiple_choice)... accuracy: 0.6820 | centered: 0.3640 | time: 2.40s
Evaluating: openbook_qa (0-shot, type: multiple_choice)... accuracy: 0.3100 | centered: 0.0800 | time: 1.92s
Evaluating: lambada_openai (0-shot, type: language_modeling)... accuracy: 0.3060 | centered: 0.3060 | time: 1.93s
Evaluating: hellaswag (10-shot, type: multiple_choice)... accuracy: 0.3640 | centered: 0.1520 | time: 5.84s
Evaluating: winograd (0-shot, type: schema)... accuracy: 0.5971 | centered: 0.1941 | time: 0.99s
Evaluating: winogrande (0-shot, type: schema)... accuracy: 0.5360 | centered: 0.0720 | time: 1.83s
Evaluating: bigbench_dyck_languages (10-shot, type: language_modeling)... accuracy: 0.0920 | centered: 0.0920 | time: 2.23s
Evaluating: agi_eval_lsat_ar (3-shot, type: multiple_choice)... accuracy: 0.2391 | centered: 0.0489 | time: 2.57s
Evaluating: bigbench_cs_algorithms (10-shot, type: language_modeling)... accuracy: 0.4440 | centered: 0.4440 | time: 2.13s
Evaluating: bigbench_operators (10-shot, type: language_modeling)... accuracy: 0.0952 | centered: 0.0952 | time: 0.88s
Evaluating: bigbench_repeat_copy_logic (10-shot, type: language_modeling)... accuracy: 0.0312 | centered: 0.0312 | time: 0.14s
Evaluating: squad (10-shot, type: language_modeling)... accuracy: 0.2040 | centered: 0.2040 | time: 5.55s
Evaluating: coqa (0-shot, type: language_modeling)... accuracy: 0.2000 | centered: 0.2000 | time: 2.17s
Evaluating: boolq (10-shot, type: multiple_choice)... accuracy: 0.5540 | centered: -0.1737 | time: 5.77s
Evaluating: bigbench_language_identification (10-shot, type: multiple_choice)... accuracy: 0.2880 | centered: 0.2167 | time: 10.34s
Step 02520 | CORE metric: 0.1640
2026-09-27 18:14:30,559 - nanochat.checkpoint_manager - [32m[1mINFO[0m - Saved model parameters to: /home/neo/.cache/nanochat/base_checkpoints/looped_L8_lr1_lr1_h1.0_s0/model_002520.pt
2026-09-27 18:14:30,561 - nanochat.checkpoint_manager - [32m[1mINFO[0m - Saved metadata to: /home/neo/.cache/nanochat/base_checkpoints/looped_L8_lr1_lr1_h1.0_s0/meta_002520.json
Peak memory usage: 28189.13MiB
Total training time: 90.55m
Minimum validation bpb: 0.857544
Appended results row to results/looped_results.csv (diverged=0), log: results/logs/looped_L8_lr1_lr1_h1.0_s0_20260927_163025.jsonl
