
                                                       █████                █████
                                                      ░░███                ░░███
     ████████    ██████   ████████    ██████   ██████  ░███████    ██████  ███████
    ░░███░░███  ░░░░░███ ░░███░░███  ███░░███ ███░░███ ░███░░███  ░░░░░███░░░███░
     ░███ ░███   ███████  ░███ ░███ ░███ ░███░███ ░░░  ░███ ░███   ███████  ░███
     ░███ ░███  ███░░███  ░███ ░███ ░███ ░███░███  ███ ░███ ░███  ███░░███  ░███ ███
     ████ █████░░████████ ████ █████░░██████ ░░██████  ████ █████░░███████  ░░█████
    ░░░░ ░░░░░  ░░░░░░░░ ░░░░ ░░░░░  ░░░░░░   ░░░░░░  ░░░░ ░░░░░  ░░░░░░░░   ░░░░░
    
Autodetected device type: cuda
2026-09-20 08:55:27,605 - nanochat.common - [32m[1mINFO[0m - Distributed world size: 1
2026-09-20 08:55:27,605 - nanochat.common - [33m[1mWARNING[0m - Peak flops undefined for: NVIDIA RTX PRO 6000 Blackwell Workstation Edition, MFU will show as 0%
GPU: NVIDIA RTX PRO 6000 Blackwell Workstation Edition | Peak FLOPS (BF16): inf
COMPUTE_DTYPE: torch.bfloat16 (auto-detected: CUDA SM 120 (bf16 supported))
!!!!!!!!!!!!!!!!!!!!!!!!!!!!!!!!!!!!!!!!!!!!!!!!!!!!!!!!!!!!!!!!!!!!!!!!!!!!!!!!
WARNING: Flash Attention 3 not available, using PyTorch SDPA fallback
WARNING: Training will be less efficient without FA3
!!!!!!!!!!!!!!!!!!!!!!!!!!!!!!!!!!!!!!!!!!!!!!!!!!!!!!!!!!!!!!!!!!!!!!!!!!!!!!!!
Vocab size: 32,768
Model config:
{
  "sequence_len": 2048,
  "vocab_size": 32768,
  "n_layer": 6,
  "n_head": 6,
  "n_kv_head": 6,
  "n_embd": 768,
  "window_pattern": "L",
  "n_prelude": 2,
  "n_core": 2,
  "n_coda": 2,
  "n_loop": 4
}
Parameter counts:
wte                     : 25,165,824
value_embeds            : 75,497,472
lm_head                 : 25,165,824
transformer_matrices    : 42,467,544
scalars                 : 38
total                   : 168,296,702
unique_layers           : 6
effective_layers        : 12
Estimated FLOPs per token: 8.870980e+08
Horizon and derived hyperparameters use reference layout 12: 110,100,912 scaling params (this model: 67,633,368)
Auto-computed optimal batch size: 524,288 tokens
Scaling the LR for the AdamW parameters ∝1/√(768/768) = 1.000000
Calculated number of iterations from target data:param ratio: 2,520
Horizon fraction 0.4: training for 1,008 iterations
Total number of training tokens: 528,482,304
Tokens : Scaling params ratio: 7.81
Total training FLOPs estimate: 4.688156e+17
Parameter table:
  unique block params                     : 42,467,544
  lm_head                                 : 25,165,824
  wte                                     : 25,165,824
  value embed params (lookups, no FLOPs)  : 75,497,472
  scalars                                 : 38
  unique layers U                         : 6
  effective layers E                      : 12
  FLOPs per token                         : 887,098,032
Tokens / micro-batch / rank: 32 x 2048 = 65,536
Tokens / micro-batch: 65,536
Total batch size 524,288 => gradient accumulation steps: 8
Step 00000 | Validation bpb: 3.171079
step 00000/01008 (0.00%) | loss: 10.397022 | lrm: 0.03 | dt: 3164.63ms | tok/sec: 165,671 | bf16_mfu: 0.00 | epoch: 1 pq: 0 rg: 1 | total time: 0.00m
step 00001/01008 (0.10%) | loss: 10.384658 | lrm: 0.05 | dt: 1927.01ms | tok/sec: 272,072 | bf16_mfu: 0.00 | epoch: 1 pq: 0 rg: 2 | total time: 0.00m
step 00002/01008 (0.20%) | loss: 10.362380 | lrm: 0.07 | dt: 1940.79ms | tok/sec: 270,142 | bf16_mfu: 0.00 | epoch: 1 pq: 0 rg: 3 | total time: 0.00m
step 00003/01008 (0.30%) | loss: 10.327572 | lrm: 0.10 | dt: 1940.46ms | tok/sec: 270,187 | bf16_mfu: 0.00 | epoch: 1 pq: 0 rg: 4 | total time: 0.00m
step 00004/01008 (0.40%) | loss: 10.274303 | lrm: 0.12 | dt: 1938.49ms | tok/sec: 270,462 | bf16_mfu: 0.00 | epoch: 1 pq: 0 rg: 5 | total time: 0.00m
step 00005/01008 (0.50%) | loss: 10.180417 | lrm: 0.15 | dt: 1936.53ms | tok/sec: 270,736 | bf16_mfu: 0.00 | epoch: 1 pq: 0 rg: 6 | total time: 0.00m
step 00006/01008 (0.60%) | loss: 10.012489 | lrm: 0.17 | dt: 1938.48ms | tok/sec: 270,463 | bf16_mfu: 0.00 | epoch: 1 pq: 0 rg: 7 | total time: 0.00m
step 00007/01008 (0.69%) | loss: 9.733663 | lrm: 0.20 | dt: 1941.16ms | tok/sec: 270,090 | bf16_mfu: 0.00 | epoch: 1 pq: 0 rg: 8 | total time: 0.00m
step 00008/01008 (0.79%) | loss: 9.455773 | lrm: 0.23 | dt: 1937.23ms | tok/sec: 270,637 | bf16_mfu: 0.00 | epoch: 1 pq: 0 rg: 10 | total time: 0.00m
step 00009/01008 (0.89%) | loss: 9.208034 | lrm: 0.25 | dt: 1937.74ms | tok/sec: 270,567 | bf16_mfu: 0.00 | epoch: 1 pq: 0 rg: 11 | total time: 0.00m
step 00010/01008 (0.99%) | loss: 8.988043 | lrm: 0.28 | dt: 1940.21ms | tok/sec: 270,222 | bf16_mfu: 0.00 | epoch: 1 pq: 0 rg: 12 | total time: 0.00m
step 00011/01008 (1.09%) | loss: 8.789912 | lrm: 0.30 | dt: 1944.96ms | tok/sec: 269,562 | bf16_mfu: 0.00 | epoch: 1 pq: 0 rg: 13 | total time: 0.03m | eta: 32.3m
step 00012/01008 (1.19%) | loss: 8.595208 | lrm: 0.33 | dt: 1948.19ms | tok/sec: 269,115 | bf16_mfu: 0.00 | epoch: 1 pq: 0 rg: 14 | total time: 0.06m | eta: 32.3m
step 00013/01008 (1.29%) | loss: 8.404374 | lrm: 0.35 | dt: 1950.62ms | tok/sec: 268,779 | bf16_mfu: 0.00 | epoch: 1 pq: 0 rg: 15 | total time: 0.10m | eta: 32.3m
step 00014/01008 (1.39%) | loss: 8.216596 | lrm: 0.38 | dt: 1952.95ms | tok/sec: 268,460 | bf16_mfu: 0.00 | epoch: 1 pq: 0 rg: 16 | total time: 0.13m | eta: 32.3m
step 00015/01008 (1.49%) | loss: 8.026499 | lrm: 0.40 | dt: 1954.92ms | tok/sec: 268,188 | bf16_mfu: 0.00 | epoch: 1 pq: 0 rg: 17 | total time: 0.16m | eta: 32.3m
step 00016/01008 (1.59%) | loss: 7.839434 | lrm: 0.42 | dt: 1955.47ms | tok/sec: 268,113 | bf16_mfu: 0.00 | epoch: 1 pq: 0 rg: 18 | total time: 0.20m | eta: 32.3m
step 00017/01008 (1.69%) | loss: 7.676331 | lrm: 0.45 | dt: 1955.60ms | tok/sec: 268,095 | bf16_mfu: 0.00 | epoch: 1 pq: 0 rg: 19 | total time: 0.23m | eta: 32.2m
step 00018/01008 (1.79%) | loss: 7.526521 | lrm: 0.47 | dt: 1958.42ms | tok/sec: 267,709 | bf16_mfu: 0.00 | epoch: 1 pq: 0 rg: 20 | total time: 0.26m | eta: 32.2m
step 00019/01008 (1.88%) | loss: 7.391975 | lrm: 0.50 | dt: 1960.22ms | tok/sec: 267,464 | bf16_mfu: 0.00 | epoch: 1 pq: 0 rg: 21 | total time: 0.29m | eta: 32.2m
step 00020/01008 (1.98%) | loss: 7.266230 | lrm: 0.53 | dt: 1959.64ms | tok/sec: 267,543 | bf16_mfu: 0.00 | epoch: 1 pq: 0 rg: 22 | total time: 0.33m | eta: 32.2m
step 00021/01008 (2.08%) | loss: 7.141624 | lrm: 0.55 | dt: 1959.19ms | tok/sec: 267,604 | bf16_mfu: 0.00 | epoch: 1 pq: 0 rg: 23 | total time: 0.36m | eta: 32.2m
step 00022/01008 (2.18%) | loss: 7.037193 | lrm: 0.57 | dt: 1960.98ms | tok/sec: 267,359 | bf16_mfu: 0.00 | epoch: 1 pq: 0 rg: 24 | total time: 0.39m | eta: 32.1m
step 00023/01008 (2.28%) | loss: 6.932082 | lrm: 0.60 | dt: 1960.35ms | tok/sec: 267,445 | bf16_mfu: 0.00 | epoch: 1 pq: 0 rg: 26 | total time: 0.42m | eta: 32.1m
step 00024/01008 (2.38%) | loss: 6.834843 | lrm: 0.62 | dt: 1961.43ms | tok/sec: 267,298 | bf16_mfu: 0.00 | epoch: 1 pq: 0 rg: 27 | total time: 0.46m | eta: 32.1m
step 00025/01008 (2.48%) | loss: 6.744904 | lrm: 0.65 | dt: 1962.92ms | tok/sec: 267,096 | bf16_mfu: 0.00 | epoch: 1 pq: 0 rg: 28 | total time: 0.49m | eta: 32.1m
step 00026/01008 (2.58%) | loss: 6.662422 | lrm: 0.68 | dt: 1963.87ms | tok/sec: 266,966 | bf16_mfu: 0.00 | epoch: 1 pq: 0 rg: 29 | total time: 0.52m | eta: 32.0m
step 00027/01008 (2.68%) | loss: 6.579736 | lrm: 0.70 | dt: 1963.78ms | tok/sec: 266,979 | bf16_mfu: 0.00 | epoch: 1 pq: 0 rg: 30 | total time: 0.55m | eta: 32.0m
step 00028/01008 (2.78%) | loss: 6.509640 | lrm: 0.72 | dt: 1964.39ms | tok/sec: 266,896 | bf16_mfu: 0.00 | epoch: 1 pq: 0 rg: 31 | total time: 0.59m | eta: 32.0m
step 00029/01008 (2.88%) | loss: 6.454883 | lrm: 0.75 | dt: 1964.78ms | tok/sec: 266,842 | bf16_mfu: 0.00 | epoch: 1 pq: 0 rg: 32 | total time: 0.62m | eta: 31.9m
step 00030/01008 (2.98%) | loss: 6.394207 | lrm: 0.78 | dt: 1967.69ms | tok/sec: 266,448 | bf16_mfu: 0.00 | epoch: 1 pq: 0 rg: 33 | total time: 0.65m | eta: 31.9m
step 00031/01008 (3.08%) | loss: 6.341955 | lrm: 0.80 | dt: 1965.26ms | tok/sec: 266,777 | bf16_mfu: 0.00 | epoch: 1 pq: 0 rg: 34 | total time: 0.69m | eta: 31.9m
step 00032/01008 (3.17%) | loss: 6.284981 | lrm: 0.82 | dt: 1966.16ms | tok/sec: 266,656 | bf16_mfu: 0.00 | epoch: 1 pq: 0 rg: 35 | total time: 0.72m | eta: 31.9m
step 00033/01008 (3.27%) | loss: 6.234388 | lrm: 0.85 | dt: 1966.35ms | tok/sec: 266,630 | bf16_mfu: 0.00 | epoch: 1 pq: 0 rg: 36 | total time: 0.75m | eta: 31.8m
step 00034/01008 (3.37%) | loss: 6.181901 | lrm: 0.88 | dt: 1965.86ms | tok/sec: 266,697 | bf16_mfu: 0.00 | epoch: 1 pq: 0 rg: 37 | total time: 0.78m | eta: 31.8m
step 00035/01008 (3.47%) | loss: 6.136713 | lrm: 0.90 | dt: 1967.57ms | tok/sec: 266,465 | bf16_mfu: 0.00 | epoch: 1 pq: 0 rg: 38 | total time: 0.82m | eta: 31.8m
step 00036/01008 (3.57%) | loss: 6.098273 | lrm: 0.93 | dt: 1968.13ms | tok/sec: 266,388 | bf16_mfu: 0.00 | epoch: 1 pq: 0 rg: 39 | total time: 0.85m | eta: 31.8m
step 00037/01008 (3.67%) | loss: 6.057935 | lrm: 0.95 | dt: 1967.64ms | tok/sec: 266,455 | bf16_mfu: 0.00 | epoch: 1 pq: 0 rg: 40 | total time: 0.88m | eta: 31.7m
step 00038/01008 (3.77%) | loss: 6.017919 | lrm: 0.97 | dt: 1968.29ms | tok/sec: 266,367 | bf16_mfu: 0.00 | epoch: 1 pq: 0 rg: 41 | total time: 0.92m | eta: 31.7m
step 00039/01008 (3.87%) | loss: 5.974857 | lrm: 1.00 | dt: 1968.71ms | tok/sec: 266,310 | bf16_mfu: 0.00 | epoch: 1 pq: 0 rg: 42 | total time: 0.95m | eta: 31.7m
step 00040/01008 (3.97%) | loss: 5.937915 | lrm: 1.00 | dt: 1968.06ms | tok/sec: 266,398 | bf16_mfu: 0.00 | epoch: 1 pq: 0 rg: 43 | total time: 0.98m | eta: 31.6m
step 00041/01008 (4.07%) | loss: 5.904295 | lrm: 1.00 | dt: 1968.08ms | tok/sec: 266,396 | bf16_mfu: 0.00 | epoch: 1 pq: 0 rg: 44 | total time: 1.01m | eta: 31.6m
step 00042/01008 (4.17%) | loss: 5.882589 | lrm: 1.00 | dt: 1969.69ms | tok/sec: 266,178 | bf16_mfu: 0.00 | epoch: 1 pq: 0 rg: 44 | total time: 1.05m | eta: 31.6m
step 00043/01008 (4.27%) | loss: 5.854029 | lrm: 1.00 | dt: 1967.17ms | tok/sec: 266,518 | bf16_mfu: 0.00 | epoch: 1 pq: 0 rg: 45 | total time: 1.08m | eta: 31.6m
step 00044/01008 (4.37%) | loss: 5.811137 | lrm: 1.00 | dt: 1970.08ms | tok/sec: 266,124 | bf16_mfu: 0.00 | epoch: 1 pq: 0 rg: 46 | total time: 1.11m | eta: 31.5m
step 00045/01008 (4.46%) | loss: 5.774005 | lrm: 1.00 | dt: 1969.65ms | tok/sec: 266,183 | bf16_mfu: 0.00 | epoch: 1 pq: 0 rg: 47 | total time: 1.14m | eta: 31.5m
step 00046/01008 (4.56%) | loss: 5.744254 | lrm: 1.00 | dt: 1967.78ms | tok/sec: 266,436 | bf16_mfu: 0.00 | epoch: 1 pq: 0 rg: 48 | total time: 1.18m | eta: 31.5m
step 00047/01008 (4.66%) | loss: 5.712415 | lrm: 1.00 | dt: 1970.99ms | tok/sec: 266,001 | bf16_mfu: 0.00 | epoch: 1 pq: 0 rg: 49 | total time: 1.21m | eta: 31.4m
step 00048/01008 (4.76%) | loss: 5.677825 | lrm: 1.00 | dt: 1970.27ms | tok/sec: 266,099 | bf16_mfu: 0.00 | epoch: 1 pq: 0 rg: 50 | total time: 1.24m | eta: 31.4m
step 00049/01008 (4.86%) | loss: 5.645405 | lrm: 1.00 | dt: 1969.74ms | tok/sec: 266,171 | bf16_mfu: 0.00 | epoch: 1 pq: 0 rg: 51 | total time: 1.28m | eta: 31.4m
step 00050/01008 (4.96%) | loss: 5.613403 | lrm: 1.00 | dt: 1970.21ms | tok/sec: 266,107 | bf16_mfu: 0.00 | epoch: 1 pq: 0 rg: 52 | total time: 1.31m | eta: 31.3m
step 00051/01008 (5.06%) | loss: 5.578260 | lrm: 1.00 | dt: 1970.49ms | tok/sec: 266,069 | bf16_mfu: 0.00 | epoch: 1 pq: 0 rg: 53 | total time: 1.34m | eta: 31.3m
step 00052/01008 (5.16%) | loss: 5.553517 | lrm: 1.00 | dt: 1970.37ms | tok/sec: 266,085 | bf16_mfu: 0.00 | epoch: 1 pq: 0 rg: 54 | total time: 1.37m | eta: 31.3m
step 00053/01008 (5.26%) | loss: 5.519910 | lrm: 1.00 | dt: 1968.83ms | tok/sec: 266,293 | bf16_mfu: 0.00 | epoch: 1 pq: 0 rg: 55 | total time: 1.41m | eta: 31.3m
step 00054/01008 (5.36%) | loss: 5.487465 | lrm: 1.00 | dt: 1971.71ms | tok/sec: 265,905 | bf16_mfu: 0.00 | epoch: 1 pq: 0 rg: 56 | total time: 1.44m | eta: 31.2m
step 00055/01008 (5.46%) | loss: 5.469323 | lrm: 1.00 | dt: 1970.91ms | tok/sec: 266,012 | bf16_mfu: 0.00 | epoch: 1 pq: 0 rg: 57 | total time: 1.47m | eta: 31.2m
step 00056/01008 (5.56%) | loss: 5.445106 | lrm: 1.00 | dt: 1970.31ms | tok/sec: 266,094 | bf16_mfu: 0.00 | epoch: 1 pq: 0 rg: 58 | total time: 1.51m | eta: 31.2m
step 00057/01008 (5.65%) | loss: 5.418049 | lrm: 1.00 | dt: 1970.30ms | tok/sec: 266,096 | bf16_mfu: 0.00 | epoch: 1 pq: 0 rg: 59 | total time: 1.54m | eta: 31.1m
step 00058/01008 (5.75%) | loss: 5.391161 | lrm: 1.00 | dt: 1970.26ms | tok/sec: 266,101 | bf16_mfu: 0.00 | epoch: 1 pq: 0 rg: 60 | total time: 1.57m | eta: 31.1m
step 00059/01008 (5.85%) | loss: 5.369891 | lrm: 1.00 | dt: 1971.41ms | tok/sec: 265,946 | bf16_mfu: 0.00 | epoch: 1 pq: 0 rg: 61 | total time: 1.60m | eta: 31.1m
step 00060/01008 (5.95%) | loss: 5.331140 | lrm: 1.00 | dt: 1971.98ms | tok/sec: 265,869 | bf16_mfu: 0.00 | epoch: 1 pq: 0 rg: 62 | total time: 1.64m | eta: 31.0m
step 00061/01008 (6.05%) | loss: 5.298255 | lrm: 1.00 | dt: 1973.59ms | tok/sec: 265,652 | bf16_mfu: 0.00 | epoch: 1 pq: 0 rg: 63 | total time: 1.67m | eta: 31.0m
step 00062/01008 (6.15%) | loss: 5.273530 | lrm: 1.00 | dt: 1971.92ms | tok/sec: 265,876 | bf16_mfu: 0.00 | epoch: 1 pq: 0 rg: 64 | total time: 1.70m | eta: 31.0m
step 00063/01008 (6.25%) | loss: 5.243010 | lrm: 1.00 | dt: 1972.29ms | tok/sec: 265,827 | bf16_mfu: 0.00 | epoch: 1 pq: 0 rg: 65 | total time: 1.74m | eta: 31.0m
step 00064/01008 (6.35%) | loss: 5.225079 | lrm: 1.00 | dt: 1972.18ms | tok/sec: 265,842 | bf16_mfu: 0.00 | epoch: 1 pq: 0 rg: 66 | total time: 1.77m | eta: 30.9m
step 00065/01008 (6.45%) | loss: 5.197894 | lrm: 1.00 | dt: 1973.27ms | tok/sec: 265,694 | bf16_mfu: 0.00 | epoch: 1 pq: 0 rg: 67 | total time: 1.80m | eta: 30.9m
step 00066/01008 (6.55%) | loss: 5.172181 | lrm: 1.00 | dt: 1973.14ms | tok/sec: 265,712 | bf16_mfu: 0.00 | epoch: 1 pq: 0 rg: 68 | total time: 1.83m | eta: 30.9m
step 00067/01008 (6.65%) | loss: 5.147928 | lrm: 1.00 | dt: 1972.53ms | tok/sec: 265,794 | bf16_mfu: 0.00 | epoch: 1 pq: 0 rg: 69 | total time: 1.87m | eta: 30.8m
step 00068/01008 (6.75%) | loss: 5.124415 | lrm: 1.00 | dt: 1975.64ms | tok/sec: 265,376 | bf16_mfu: 0.00 | epoch: 1 pq: 0 rg: 70 | total time: 1.90m | eta: 30.8m
step 00069/01008 (6.85%) | loss: 5.099908 | lrm: 1.00 | dt: 1973.09ms | tok/sec: 265,719 | bf16_mfu: 0.00 | epoch: 1 pq: 0 rg: 71 | total time: 1.93m | eta: 30.8m
step 00070/01008 (6.94%) | loss: 5.077428 | lrm: 1.00 | dt: 1971.47ms | tok/sec: 265,937 | bf16_mfu: 0.00 | epoch: 1 pq: 0 rg: 72 | total time: 1.97m | eta: 30.7m
step 00071/01008 (7.04%) | loss: 5.057317 | lrm: 1.00 | dt: 1972.38ms | tok/sec: 265,814 | bf16_mfu: 0.00 | epoch: 1 pq: 0 rg: 73 | total time: 2.00m | eta: 30.7m
step 00072/01008 (7.14%) | loss: 5.047934 | lrm: 1.00 | dt: 1972.08ms | tok/sec: 265,855 | bf16_mfu: 0.00 | epoch: 1 pq: 0 rg: 74 | total time: 2.03m | eta: 30.7m
step 00073/01008 (7.24%) | loss: 5.020477 | lrm: 1.00 | dt: 1972.32ms | tok/sec: 265,823 | bf16_mfu: 0.00 | epoch: 1 pq: 0 rg: 74 | total time: 2.06m | eta: 30.6m
step 00074/01008 (7.34%) | loss: 4.992977 | lrm: 1.00 | dt: 1971.13ms | tok/sec: 265,982 | bf16_mfu: 0.00 | epoch: 1 pq: 0 rg: 75 | total time: 2.10m | eta: 30.6m
step 00075/01008 (7.44%) | loss: 4.964354 | lrm: 1.00 | dt: 1972.68ms | tok/sec: 265,774 | bf16_mfu: 0.00 | epoch: 1 pq: 0 rg: 76 | total time: 2.13m | eta: 30.6m
step 00076/01008 (7.54%) | loss: 4.939810 | lrm: 1.00 | dt: 1972.77ms | tok/sec: 265,762 | bf16_mfu: 0.00 | epoch: 1 pq: 0 rg: 77 | total time: 2.16m | eta: 30.6m
step 00077/01008 (7.64%) | loss: 4.931369 | lrm: 1.00 | dt: 1974.33ms | tok/sec: 265,552 | bf16_mfu: 0.00 | epoch: 1 pq: 0 rg: 78 | total time: 2.20m | eta: 30.5m
step 00078/01008 (7.74%) | loss: 4.908869 | lrm: 1.00 | dt: 1972.40ms | tok/sec: 265,811 | bf16_mfu: 0.00 | epoch: 1 pq: 0 rg: 79 | total time: 2.23m | eta: 30.5m
step 00079/01008 (7.84%) | loss: 4.891070 | lrm: 1.00 | dt: 1974.58ms | tok/sec: 265,518 | bf16_mfu: 0.00 | epoch: 1 pq: 0 rg: 80 | total time: 2.26m | eta: 30.5m
step 00080/01008 (7.94%) | loss: 4.868666 | lrm: 1.00 | dt: 1973.47ms | tok/sec: 265,667 | bf16_mfu: 0.00 | epoch: 1 pq: 0 rg: 81 | total time: 2.29m | eta: 30.4m
step 00081/01008 (8.04%) | loss: 4.856224 | lrm: 1.00 | dt: 1972.06ms | tok/sec: 265,858 | bf16_mfu: 0.00 | epoch: 1 pq: 0 rg: 82 | total time: 2.33m | eta: 30.4m
step 00082/01008 (8.13%) | loss: 4.840508 | lrm: 1.00 | dt: 1971.63ms | tok/sec: 265,915 | bf16_mfu: 0.00 | epoch: 1 pq: 0 rg: 83 | total time: 2.36m | eta: 30.4m
step 00083/01008 (8.23%) | loss: 4.821332 | lrm: 1.00 | dt: 1971.35ms | tok/sec: 265,953 | bf16_mfu: 0.00 | epoch: 1 pq: 1 rg: 0 | total time: 2.39m | eta: 30.3m
step 00084/01008 (8.33%) | loss: 4.802323 | lrm: 1.00 | dt: 1971.64ms | tok/sec: 265,914 | bf16_mfu: 0.00 | epoch: 1 pq: 1 rg: 1 | total time: 2.43m | eta: 30.3m
step 00085/01008 (8.43%) | loss: 4.780855 | lrm: 1.00 | dt: 1971.66ms | tok/sec: 265,911 | bf16_mfu: 0.00 | epoch: 1 pq: 1 rg: 2 | total time: 2.46m | eta: 30.3m
step 00086/01008 (8.53%) | loss: 4.763283 | lrm: 1.00 | dt: 1971.69ms | tok/sec: 265,907 | bf16_mfu: 0.00 | epoch: 1 pq: 1 rg: 3 | total time: 2.49m | eta: 30.2m
step 00087/01008 (8.63%) | loss: 4.747052 | lrm: 1.00 | dt: 1970.22ms | tok/sec: 266,106 | bf16_mfu: 0.00 | epoch: 1 pq: 1 rg: 4 | total time: 2.53m | eta: 30.2m
step 00088/01008 (8.73%) | loss: 4.733745 | lrm: 1.00 | dt: 1971.95ms | tok/sec: 265,873 | bf16_mfu: 0.00 | epoch: 1 pq: 1 rg: 5 | total time: 2.56m | eta: 30.2m
step 00089/01008 (8.83%) | loss: 4.720766 | lrm: 1.00 | dt: 1970.70ms | tok/sec: 266,041 | bf16_mfu: 0.00 | epoch: 1 pq: 1 rg: 6 | total time: 2.59m | eta: 30.1m
step 00090/01008 (8.93%) | loss: 4.702864 | lrm: 1.00 | dt: 1971.17ms | tok/sec: 265,977 | bf16_mfu: 0.00 | epoch: 1 pq: 1 rg: 7 | total time: 2.62m | eta: 30.1m
step 00091/01008 (9.03%) | loss: 4.679887 | lrm: 1.00 | dt: 1971.50ms | tok/sec: 265,934 | bf16_mfu: 0.00 | epoch: 1 pq: 1 rg: 8 | total time: 2.66m | eta: 30.1m
step 00092/01008 (9.13%) | loss: 4.670226 | lrm: 1.00 | dt: 1970.62ms | tok/sec: 266,052 | bf16_mfu: 0.00 | epoch: 1 pq: 1 rg: 9 | total time: 2.69m | eta: 30.0m
step 00093/01008 (9.23%) | loss: 4.658995 | lrm: 1.00 | dt: 1971.26ms | tok/sec: 265,966 | bf16_mfu: 0.00 | epoch: 1 pq: 1 rg: 10 | total time: 2.72m | eta: 30.0m
step 00094/01008 (9.33%) | loss: 4.645419 | lrm: 1.00 | dt: 1970.78ms | tok/sec: 266,031 | bf16_mfu: 0.00 | epoch: 1 pq: 1 rg: 11 | total time: 2.75m | eta: 30.0m
step 00095/01008 (9.42%) | loss: 4.622090 | lrm: 1.00 | dt: 1971.29ms | tok/sec: 265,961 | bf16_mfu: 0.00 | epoch: 1 pq: 1 rg: 12 | total time: 2.79m | eta: 29.9m
step 00096/01008 (9.52%) | loss: 4.609937 | lrm: 1.00 | dt: 1970.30ms | tok/sec: 266,095 | bf16_mfu: 0.00 | epoch: 1 pq: 1 rg: 13 | total time: 2.82m | eta: 29.9m
step 00097/01008 (9.62%) | loss: 4.585316 | lrm: 1.00 | dt: 1971.30ms | tok/sec: 265,960 | bf16_mfu: 0.00 | epoch: 1 pq: 1 rg: 14 | total time: 2.85m | eta: 29.9m
step 00098/01008 (9.72%) | loss: 4.572763 | lrm: 1.00 | dt: 1971.99ms | tok/sec: 265,867 | bf16_mfu: 0.00 | epoch: 1 pq: 1 rg: 15 | total time: 2.89m | eta: 29.8m
step 00099/01008 (9.82%) | loss: 4.561734 | lrm: 1.00 | dt: 1971.88ms | tok/sec: 265,881 | bf16_mfu: 0.00 | epoch: 1 pq: 1 rg: 16 | total time: 2.92m | eta: 29.8m
step 00100/01008 (9.92%) | loss: 4.535019 | lrm: 1.00 | dt: 1971.19ms | tok/sec: 265,975 | bf16_mfu: 0.00 | epoch: 1 pq: 1 rg: 17 | total time: 2.95m | eta: 29.8m
step 00101/01008 (10.02%) | loss: 4.528060 | lrm: 1.00 | dt: 1970.15ms | tok/sec: 266,115 | bf16_mfu: 0.00 | epoch: 1 pq: 1 rg: 18 | total time: 2.98m | eta: 29.8m
step 00102/01008 (10.12%) | loss: 4.514169 | lrm: 1.00 | dt: 1971.09ms | tok/sec: 265,989 | bf16_mfu: 0.00 | epoch: 1 pq: 1 rg: 19 | total time: 3.02m | eta: 29.7m
step 00103/01008 (10.22%) | loss: 4.506684 | lrm: 1.00 | dt: 1969.67ms | tok/sec: 266,180 | bf16_mfu: 0.00 | epoch: 1 pq: 1 rg: 20 | total time: 3.05m | eta: 29.7m
step 00104/01008 (10.32%) | loss: 4.496917 | lrm: 1.00 | dt: 1970.25ms | tok/sec: 266,102 | bf16_mfu: 0.00 | epoch: 1 pq: 1 rg: 21 | total time: 3.08m | eta: 29.7m
step 00105/01008 (10.42%) | loss: 4.484029 | lrm: 1.00 | dt: 1968.42ms | tok/sec: 266,349 | bf16_mfu: 0.00 | epoch: 1 pq: 1 rg: 22 | total time: 3.12m | eta: 29.6m
step 00106/01008 (10.52%) | loss: 4.463587 | lrm: 1.00 | dt: 1970.01ms | tok/sec: 266,134 | bf16_mfu: 0.00 | epoch: 1 pq: 1 rg: 23 | total time: 3.15m | eta: 29.6m
step 00107/01008 (10.62%) | loss: 4.446806 | lrm: 1.00 | dt: 1969.78ms | tok/sec: 266,165 | bf16_mfu: 0.00 | epoch: 1 pq: 1 rg: 24 | total time: 3.18m | eta: 29.6m
step 00108/01008 (10.71%) | loss: 4.434844 | lrm: 1.00 | dt: 1970.46ms | tok/sec: 266,074 | bf16_mfu: 0.00 | epoch: 1 pq: 1 rg: 25 | total time: 3.21m | eta: 29.5m
step 00109/01008 (10.81%) | loss: 4.419648 | lrm: 1.00 | dt: 1970.15ms | tok/sec: 266,116 | bf16_mfu: 0.00 | epoch: 1 pq: 1 rg: 26 | total time: 3.25m | eta: 29.5m
step 00110/01008 (10.91%) | loss: 4.391034 | lrm: 1.00 | dt: 1969.53ms | tok/sec: 266,199 | bf16_mfu: 0.00 | epoch: 1 pq: 1 rg: 26 | total time: 3.28m | eta: 29.5m
step 00111/01008 (11.01%) | loss: 4.369963 | lrm: 1.00 | dt: 1970.12ms | tok/sec: 266,120 | bf16_mfu: 0.00 | epoch: 1 pq: 1 rg: 27 | total time: 3.31m | eta: 29.4m
step 00112/01008 (11.11%) | loss: 4.358703 | lrm: 1.00 | dt: 1969.97ms | tok/sec: 266,139 | bf16_mfu: 0.00 | epoch: 1 pq: 1 rg: 28 | total time: 3.35m | eta: 29.4m
step 00113/01008 (11.21%) | loss: 4.341523 | lrm: 1.00 | dt: 1970.59ms | tok/sec: 266,056 | bf16_mfu: 0.00 | epoch: 1 pq: 1 rg: 29 | total time: 3.38m | eta: 29.4m
step 00114/01008 (11.31%) | loss: 4.336849 | lrm: 1.00 | dt: 1969.18ms | tok/sec: 266,246 | bf16_mfu: 0.00 | epoch: 1 pq: 1 rg: 30 | total time: 3.41m | eta: 29.3m
step 00115/01008 (11.41%) | loss: 4.324678 | lrm: 1.00 | dt: 1969.77ms | tok/sec: 266,166 | bf16_mfu: 0.00 | epoch: 1 pq: 1 rg: 31 | total time: 3.44m | eta: 29.3m
step 00116/01008 (11.51%) | loss: 4.311555 | lrm: 1.00 | dt: 1969.14ms | tok/sec: 266,252 | bf16_mfu: 0.00 | epoch: 1 pq: 1 rg: 32 | total time: 3.48m | eta: 29.3m
step 00117/01008 (11.61%) | loss: 4.298204 | lrm: 1.00 | dt: 1968.88ms | tok/sec: 266,288 | bf16_mfu: 0.00 | epoch: 1 pq: 1 rg: 33 | total time: 3.51m | eta: 29.2m
step 00118/01008 (11.71%) | loss: 4.284629 | lrm: 1.00 | dt: 1968.25ms | tok/sec: 266,372 | bf16_mfu: 0.00 | epoch: 1 pq: 1 rg: 34 | total time: 3.54m | eta: 29.2m
step 00119/01008 (11.81%) | loss: 4.272978 | lrm: 1.00 | dt: 1970.19ms | tok/sec: 266,110 | bf16_mfu: 0.00 | epoch: 1 pq: 1 rg: 35 | total time: 3.58m | eta: 29.2m
step 00120/01008 (11.90%) | loss: 4.251079 | lrm: 1.00 | dt: 1970.46ms | tok/sec: 266,074 | bf16_mfu: 0.00 | epoch: 1 pq: 1 rg: 36 | total time: 3.61m | eta: 29.1m
step 00121/01008 (12.00%) | loss: 4.224553 | lrm: 1.00 | dt: 1970.67ms | tok/sec: 266,045 | bf16_mfu: 0.00 | epoch: 1 pq: 1 rg: 37 | total time: 3.64m | eta: 29.1m
step 00122/01008 (12.10%) | loss: 4.223584 | lrm: 1.00 | dt: 1969.79ms | tok/sec: 266,164 | bf16_mfu: 0.00 | epoch: 1 pq: 1 rg: 38 | total time: 3.67m | eta: 29.1m
step 00123/01008 (12.20%) | loss: 4.212221 | lrm: 1.00 | dt: 1969.48ms | tok/sec: 266,206 | bf16_mfu: 0.00 | epoch: 1 pq: 1 rg: 39 | total time: 3.71m | eta: 29.0m
step 00124/01008 (12.30%) | loss: 4.203279 | lrm: 1.00 | dt: 1970.13ms | tok/sec: 266,118 | bf16_mfu: 0.00 | epoch: 1 pq: 1 rg: 40 | total time: 3.74m | eta: 29.0m
step 00125/01008 (12.40%) | loss: 4.190953 | lrm: 1.00 | dt: 1969.70ms | tok/sec: 266,176 | bf16_mfu: 0.00 | epoch: 1 pq: 1 rg: 41 | total time: 3.77m | eta: 29.0m
step 00126/01008 (12.50%) | loss: 4.163482 | lrm: 1.00 | dt: 1969.59ms | tok/sec: 266,190 | bf16_mfu: 0.00 | epoch: 1 pq: 1 rg: 42 | total time: 3.81m | eta: 28.9m
step 00127/01008 (12.60%) | loss: 4.146996 | lrm: 1.00 | dt: 1968.88ms | tok/sec: 266,287 | bf16_mfu: 0.00 | epoch: 1 pq: 1 rg: 43 | total time: 3.84m | eta: 28.9m
step 00128/01008 (12.70%) | loss: 4.146105 | lrm: 1.00 | dt: 1968.10ms | tok/sec: 266,393 | bf16_mfu: 0.00 | epoch: 1 pq: 1 rg: 44 | total time: 3.87m | eta: 28.9m
step 00129/01008 (12.80%) | loss: 4.145241 | lrm: 1.00 | dt: 1967.95ms | tok/sec: 266,413 | bf16_mfu: 0.00 | epoch: 1 pq: 1 rg: 45 | total time: 3.90m | eta: 28.8m
step 00130/01008 (12.90%) | loss: 4.141492 | lrm: 1.00 | dt: 1967.78ms | tok/sec: 266,436 | bf16_mfu: 0.00 | epoch: 1 pq: 1 rg: 46 | total time: 3.94m | eta: 28.8m
step 00131/01008 (13.00%) | loss: 4.125858 | lrm: 1.00 | dt: 1968.91ms | tok/sec: 266,283 | bf16_mfu: 0.00 | epoch: 1 pq: 1 rg: 47 | total time: 3.97m | eta: 28.8m
step 00132/01008 (13.10%) | loss: 4.118721 | lrm: 1.00 | dt: 1970.09ms | tok/sec: 266,123 | bf16_mfu: 0.00 | epoch: 1 pq: 1 rg: 48 | total time: 4.00m | eta: 28.7m
step 00133/01008 (13.19%) | loss: 4.112706 | lrm: 1.00 | dt: 1968.09ms | tok/sec: 266,394 | bf16_mfu: 0.00 | epoch: 1 pq: 1 rg: 49 | total time: 4.04m | eta: 28.7m
step 00134/01008 (13.29%) | loss: 4.101809 | lrm: 1.00 | dt: 1968.47ms | tok/sec: 266,343 | bf16_mfu: 0.00 | epoch: 1 pq: 1 rg: 50 | total time: 4.07m | eta: 28.7m
step 00135/01008 (13.39%) | loss: 4.094986 | lrm: 1.00 | dt: 1966.72ms | tok/sec: 266,580 | bf16_mfu: 0.00 | epoch: 1 pq: 1 rg: 51 | total time: 4.10m | eta: 28.6m
step 00136/01008 (13.49%) | loss: 4.079967 | lrm: 1.00 | dt: 1968.17ms | tok/sec: 266,383 | bf16_mfu: 0.00 | epoch: 1 pq: 1 rg: 52 | total time: 4.13m | eta: 28.6m
step 00137/01008 (13.59%) | loss: 4.073037 | lrm: 1.00 | dt: 1967.27ms | tok/sec: 266,504 | bf16_mfu: 0.00 | epoch: 1 pq: 1 rg: 53 | total time: 4.17m | eta: 28.6m
step 00138/01008 (13.69%) | loss: 4.063812 | lrm: 1.00 | dt: 1966.76ms | tok/sec: 266,574 | bf16_mfu: 0.00 | epoch: 1 pq: 1 rg: 54 | total time: 4.20m | eta: 28.5m
step 00139/01008 (13.79%) | loss: 4.055577 | lrm: 1.00 | dt: 1968.21ms | tok/sec: 266,377 | bf16_mfu: 0.00 | epoch: 1 pq: 1 rg: 55 | total time: 4.23m | eta: 28.5m
step 00140/01008 (13.89%) | loss: 4.039995 | lrm: 1.00 | dt: 1967.22ms | tok/sec: 266,512 | bf16_mfu: 0.00 | epoch: 1 pq: 1 rg: 56 | total time: 4.26m | eta: 28.5m
step 00141/01008 (13.99%) | loss: 4.035743 | lrm: 1.00 | dt: 1965.77ms | tok/sec: 266,708 | bf16_mfu: 0.00 | epoch: 1 pq: 1 rg: 57 | total time: 4.30m | eta: 28.4m
step 00142/01008 (14.09%) | loss: 4.027480 | lrm: 1.00 | dt: 1967.11ms | tok/sec: 266,527 | bf16_mfu: 0.00 | epoch: 1 pq: 1 rg: 57 | total time: 4.33m | eta: 28.4m
step 00143/01008 (14.19%) | loss: 4.020198 | lrm: 1.00 | dt: 1967.67ms | tok/sec: 266,450 | bf16_mfu: 0.00 | epoch: 1 pq: 1 rg: 58 | total time: 4.36m | eta: 28.4m
step 00144/01008 (14.29%) | loss: 4.023096 | lrm: 1.00 | dt: 1967.79ms | tok/sec: 266,435 | bf16_mfu: 0.00 | epoch: 1 pq: 1 rg: 59 | total time: 4.40m | eta: 28.3m
step 00145/01008 (14.38%) | loss: 4.007044 | lrm: 1.00 | dt: 1967.98ms | tok/sec: 266,409 | bf16_mfu: 0.00 | epoch: 1 pq: 1 rg: 60 | total time: 4.43m | eta: 28.3m
step 00146/01008 (14.48%) | loss: 4.006878 | lrm: 1.00 | dt: 1967.46ms | tok/sec: 266,479 | bf16_mfu: 0.00 | epoch: 1 pq: 1 rg: 61 | total time: 4.46m | eta: 28.3m
step 00147/01008 (14.58%) | loss: 4.015135 | lrm: 1.00 | dt: 1966.44ms | tok/sec: 266,618 | bf16_mfu: 0.00 | epoch: 1 pq: 1 rg: 62 | total time: 4.49m | eta: 28.2m
step 00148/01008 (14.68%) | loss: 4.008183 | lrm: 1.00 | dt: 1966.39ms | tok/sec: 266,625 | bf16_mfu: 0.00 | epoch: 1 pq: 1 rg: 63 | total time: 4.53m | eta: 28.2m
step 00149/01008 (14.78%) | loss: 3.991118 | lrm: 1.00 | dt: 1966.16ms | tok/sec: 266,656 | bf16_mfu: 0.00 | epoch: 1 pq: 1 rg: 64 | total time: 4.56m | eta: 28.2m
step 00150/01008 (14.88%) | loss: 3.992033 | lrm: 1.00 | dt: 1966.71ms | tok/sec: 266,581 | bf16_mfu: 0.00 | epoch: 1 pq: 1 rg: 65 | total time: 4.59m | eta: 28.1m
step 00151/01008 (14.98%) | loss: 3.984681 | lrm: 1.00 | dt: 1966.13ms | tok/sec: 266,659 | bf16_mfu: 0.00 | epoch: 1 pq: 1 rg: 66 | total time: 4.63m | eta: 28.1m
step 00152/01008 (15.08%) | loss: 3.976592 | lrm: 1.00 | dt: 1965.03ms | tok/sec: 266,809 | bf16_mfu: 0.00 | epoch: 1 pq: 1 rg: 67 | total time: 4.66m | eta: 28.1m
step 00153/01008 (15.18%) | loss: 3.970024 | lrm: 1.00 | dt: 1966.90ms | tok/sec: 266,555 | bf16_mfu: 0.00 | epoch: 1 pq: 1 rg: 68 | total time: 4.69m | eta: 28.0m
step 00154/01008 (15.28%) | loss: 3.967624 | lrm: 1.00 | dt: 1965.98ms | tok/sec: 266,680 | bf16_mfu: 0.00 | epoch: 1 pq: 1 rg: 69 | total time: 4.72m | eta: 28.0m
step 00155/01008 (15.38%) | loss: 3.955477 | lrm: 1.00 | dt: 1966.46ms | tok/sec: 266,614 | bf16_mfu: 0.00 | epoch: 1 pq: 1 rg: 70 | total time: 4.76m | eta: 28.0m
step 00156/01008 (15.48%) | loss: 3.940507 | lrm: 1.00 | dt: 1965.17ms | tok/sec: 266,789 | bf16_mfu: 0.00 | epoch: 1 pq: 1 rg: 71 | total time: 4.79m | eta: 27.9m
step 00157/01008 (15.58%) | loss: 3.925378 | lrm: 1.00 | dt: 1965.27ms | tok/sec: 266,776 | bf16_mfu: 0.00 | epoch: 1 pq: 1 rg: 72 | total time: 4.82m | eta: 27.9m
step 00158/01008 (15.67%) | loss: 3.909275 | lrm: 1.00 | dt: 1965.25ms | tok/sec: 266,778 | bf16_mfu: 0.00 | epoch: 1 pq: 1 rg: 73 | total time: 4.85m | eta: 27.9m
step 00159/01008 (15.77%) | loss: 3.913848 | lrm: 1.00 | dt: 1966.77ms | tok/sec: 266,572 | bf16_mfu: 0.00 | epoch: 1 pq: 1 rg: 74 | total time: 4.89m | eta: 27.8m
step 00160/01008 (15.87%) | loss: 3.910850 | lrm: 1.00 | dt: 1964.77ms | tok/sec: 266,844 | bf16_mfu: 0.00 | epoch: 1 pq: 1 rg: 75 | total time: 4.92m | eta: 27.8m
step 00161/01008 (15.97%) | loss: 3.907965 | lrm: 1.00 | dt: 1965.53ms | tok/sec: 266,740 | bf16_mfu: 0.00 | epoch: 1 pq: 1 rg: 76 | total time: 4.95m | eta: 27.8m
step 00162/01008 (16.07%) | loss: 3.898159 | lrm: 1.00 | dt: 1964.19ms | tok/sec: 266,923 | bf16_mfu: 0.00 | epoch: 1 pq: 1 rg: 77 | total time: 4.99m | eta: 27.8m
step 00163/01008 (16.17%) | loss: 3.888013 | lrm: 1.00 | dt: 1965.66ms | tok/sec: 266,723 | bf16_mfu: 0.00 | epoch: 1 pq: 1 rg: 78 | total time: 5.02m | eta: 27.7m
step 00164/01008 (16.27%) | loss: 3.872208 | lrm: 1.00 | dt: 1964.71ms | tok/sec: 266,852 | bf16_mfu: 0.00 | epoch: 1 pq: 1 rg: 79 | total time: 5.05m | eta: 27.7m
step 00165/01008 (16.37%) | loss: 3.873190 | lrm: 1.00 | dt: 1963.78ms | tok/sec: 266,979 | bf16_mfu: 0.00 | epoch: 1 pq: 1 rg: 80 | total time: 5.08m | eta: 27.7m
step 00166/01008 (16.47%) | loss: 3.870471 | lrm: 1.00 | dt: 1963.71ms | tok/sec: 266,988 | bf16_mfu: 0.00 | epoch: 1 pq: 1 rg: 81 | total time: 5.12m | eta: 27.6m
step 00167/01008 (16.57%) | loss: 3.863984 | lrm: 1.00 | dt: 1963.92ms | tok/sec: 266,960 | bf16_mfu: 0.00 | epoch: 1 pq: 1 rg: 82 | total time: 5.15m | eta: 27.6m
step 00168/01008 (16.67%) | loss: 3.860739 | lrm: 1.00 | dt: 1963.13ms | tok/sec: 267,067 | bf16_mfu: 0.00 | epoch: 1 pq: 1 rg: 83 | total time: 5.18m | eta: 27.6m
step 00169/01008 (16.77%) | loss: 3.844210 | lrm: 1.00 | dt: 1963.59ms | tok/sec: 267,004 | bf16_mfu: 0.00 | epoch: 1 pq: 2 rg: 0 | total time: 5.21m | eta: 27.5m
step 00170/01008 (16.87%) | loss: 3.835224 | lrm: 1.00 | dt: 1963.96ms | tok/sec: 266,954 | bf16_mfu: 0.00 | epoch: 1 pq: 2 rg: 1 | total time: 5.25m | eta: 27.5m
step 00171/01008 (16.96%) | loss: 3.825767 | lrm: 1.00 | dt: 1963.00ms | tok/sec: 267,085 | bf16_mfu: 0.00 | epoch: 1 pq: 2 rg: 2 | total time: 5.28m | eta: 27.5m
step 00172/01008 (17.06%) | loss: 3.825493 | lrm: 1.00 | dt: 1963.64ms | tok/sec: 266,998 | bf16_mfu: 0.00 | epoch: 1 pq: 2 rg: 3 | total time: 5.31m | eta: 27.4m
step 00173/01008 (17.16%) | loss: 3.841066 | lrm: 1.00 | dt: 1962.54ms | tok/sec: 267,147 | bf16_mfu: 0.00 | epoch: 1 pq: 2 rg: 4 | total time: 5.35m | eta: 27.4m
step 00174/01008 (17.26%) | loss: 3.822131 | lrm: 1.00 | dt: 1963.53ms | tok/sec: 267,013 | bf16_mfu: 0.00 | epoch: 1 pq: 2 rg: 5 | total time: 5.38m | eta: 27.4m
step 00175/01008 (17.36%) | loss: 3.814535 | lrm: 1.00 | dt: 1964.97ms | tok/sec: 266,817 | bf16_mfu: 0.00 | epoch: 1 pq: 2 rg: 6 | total time: 5.41m | eta: 27.3m
step 00176/01008 (17.46%) | loss: 3.811335 | lrm: 1.00 | dt: 1963.33ms | tok/sec: 267,040 | bf16_mfu: 0.00 | epoch: 1 pq: 2 rg: 7 | total time: 5.44m | eta: 27.3m
step 00177/01008 (17.56%) | loss: 3.815749 | lrm: 1.00 | dt: 1963.76ms | tok/sec: 266,981 | bf16_mfu: 0.00 | epoch: 1 pq: 2 rg: 8 | total time: 5.48m | eta: 27.3m
step 00178/01008 (17.66%) | loss: 3.806685 | lrm: 1.00 | dt: 1963.41ms | tok/sec: 267,028 | bf16_mfu: 0.00 | epoch: 1 pq: 2 rg: 9 | total time: 5.51m | eta: 27.2m
step 00179/01008 (17.76%) | loss: 3.805833 | lrm: 1.00 | dt: 1962.10ms | tok/sec: 267,207 | bf16_mfu: 0.00 | epoch: 1 pq: 2 rg: 10 | total time: 5.54m | eta: 27.2m
step 00180/01008 (17.86%) | loss: 3.791510 | lrm: 1.00 | dt: 1961.53ms | tok/sec: 267,284 | bf16_mfu: 0.00 | epoch: 1 pq: 2 rg: 10 | total time: 5.57m | eta: 27.2m
step 00181/01008 (17.96%) | loss: 3.808167 | lrm: 1.00 | dt: 1961.50ms | tok/sec: 267,289 | bf16_mfu: 0.00 | epoch: 1 pq: 2 rg: 11 | total time: 5.61m | eta: 27.1m
step 00182/01008 (18.06%) | loss: 3.785475 | lrm: 1.00 | dt: 1962.58ms | tok/sec: 267,142 | bf16_mfu: 0.00 | epoch: 1 pq: 2 rg: 12 | total time: 5.64m | eta: 27.1m
step 00183/01008 (18.15%) | loss: 3.783401 | lrm: 1.00 | dt: 1964.28ms | tok/sec: 266,910 | bf16_mfu: 0.00 | epoch: 1 pq: 2 rg: 13 | total time: 5.67m | eta: 27.1m
step 00184/01008 (18.25%) | loss: 3.785961 | lrm: 1.00 | dt: 1962.16ms | tok/sec: 267,199 | bf16_mfu: 0.00 | epoch: 1 pq: 2 rg: 14 | total time: 5.71m | eta: 27.0m
step 00185/01008 (18.35%) | loss: 3.788921 | lrm: 1.00 | dt: 1960.82ms | tok/sec: 267,381 | bf16_mfu: 0.00 | epoch: 1 pq: 2 rg: 15 | total time: 5.74m | eta: 27.0m
step 00186/01008 (18.45%) | loss: 3.790150 | lrm: 1.00 | dt: 1959.91ms | tok/sec: 267,505 | bf16_mfu: 0.00 | epoch: 1 pq: 2 rg: 16 | total time: 5.77m | eta: 27.0m
step 00187/01008 (18.55%) | loss: 3.788587 | lrm: 1.00 | dt: 1959.77ms | tok/sec: 267,524 | bf16_mfu: 0.00 | epoch: 1 pq: 2 rg: 17 | total time: 5.80m | eta: 26.9m
step 00188/01008 (18.65%) | loss: 3.790808 | lrm: 1.00 | dt: 1958.48ms | tok/sec: 267,702 | bf16_mfu: 0.00 | epoch: 1 pq: 2 rg: 18 | total time: 5.84m | eta: 26.9m
step 00189/01008 (18.75%) | loss: 3.790730 | lrm: 1.00 | dt: 1958.15ms | tok/sec: 267,746 | bf16_mfu: 0.00 | epoch: 1 pq: 2 rg: 19 | total time: 5.87m | eta: 26.9m
step 00190/01008 (18.85%) | loss: 3.802840 | lrm: 1.00 | dt: 1958.67ms | tok/sec: 267,675 | bf16_mfu: 0.00 | epoch: 1 pq: 2 rg: 20 | total time: 5.90m | eta: 26.8m
step 00191/01008 (18.95%) | loss: 3.800193 | lrm: 1.00 | dt: 1958.86ms | tok/sec: 267,648 | bf16_mfu: 0.00 | epoch: 1 pq: 2 rg: 21 | total time: 5.93m | eta: 26.8m
step 00192/01008 (19.05%) | loss: 3.802876 | lrm: 1.00 | dt: 1957.41ms | tok/sec: 267,848 | bf16_mfu: 0.00 | epoch: 1 pq: 2 rg: 22 | total time: 5.97m | eta: 26.8m
step 00193/01008 (19.15%) | loss: 3.799624 | lrm: 1.00 | dt: 1955.96ms | tok/sec: 268,046 | bf16_mfu: 0.00 | epoch: 1 pq: 2 rg: 23 | total time: 6.00m | eta: 26.7m
step 00194/01008 (19.25%) | loss: 3.798552 | lrm: 1.00 | dt: 1957.23ms | tok/sec: 267,871 | bf16_mfu: 0.00 | epoch: 1 pq: 2 rg: 24 | total time: 6.03m | eta: 26.7m
step 00195/01008 (19.35%) | loss: 3.788216 | lrm: 1.00 | dt: 1957.15ms | tok/sec: 267,882 | bf16_mfu: 0.00 | epoch: 1 pq: 2 rg: 25 | total time: 6.06m | eta: 26.7m
step 00196/01008 (19.44%) | loss: 3.782999 | lrm: 1.00 | dt: 1957.84ms | tok/sec: 267,789 | bf16_mfu: 0.00 | epoch: 1 pq: 2 rg: 26 | total time: 6.10m | eta: 26.6m
step 00197/01008 (19.54%) | loss: 3.776059 | lrm: 1.00 | dt: 1957.34ms | tok/sec: 267,857 | bf16_mfu: 0.00 | epoch: 1 pq: 2 rg: 27 | total time: 6.13m | eta: 26.6m
step 00198/01008 (19.64%) | loss: 3.775743 | lrm: 1.00 | dt: 1957.54ms | tok/sec: 267,830 | bf16_mfu: 0.00 | epoch: 1 pq: 2 rg: 28 | total time: 6.16m | eta: 26.6m
step 00199/01008 (19.74%) | loss: 3.773273 | lrm: 1.00 | dt: 1958.79ms | tok/sec: 267,659 | bf16_mfu: 0.00 | epoch: 1 pq: 2 rg: 29 | total time: 6.20m | eta: 26.5m
step 00200/01008 (19.84%) | loss: 3.776894 | lrm: 1.00 | dt: 1959.91ms | tok/sec: 267,506 | bf16_mfu: 0.00 | epoch: 1 pq: 2 rg: 30 | total time: 6.23m | eta: 26.5m
step 00201/01008 (19.94%) | loss: 3.770698 | lrm: 1.00 | dt: 1956.50ms | tok/sec: 267,972 | bf16_mfu: 0.00 | epoch: 1 pq: 2 rg: 31 | total time: 6.26m | eta: 26.5m
step 00202/01008 (20.04%) | loss: 3.772617 | lrm: 1.00 | dt: 1957.13ms | tok/sec: 267,885 | bf16_mfu: 0.00 | epoch: 1 pq: 2 rg: 32 | total time: 6.29m | eta: 26.4m
step 00203/01008 (20.14%) | loss: 3.776777 | lrm: 1.00 | dt: 1958.22ms | tok/sec: 267,737 | bf16_mfu: 0.00 | epoch: 1 pq: 2 rg: 33 | total time: 6.33m | eta: 26.4m
step 00204/01008 (20.24%) | loss: 3.778169 | lrm: 1.00 | dt: 1957.69ms | tok/sec: 267,809 | bf16_mfu: 0.00 | epoch: 1 pq: 2 rg: 34 | total time: 6.36m | eta: 26.4m
step 00205/01008 (20.34%) | loss: 3.783585 | lrm: 1.00 | dt: 1957.71ms | tok/sec: 267,807 | bf16_mfu: 0.00 | epoch: 1 pq: 2 rg: 35 | total time: 6.39m | eta: 26.3m
step 00206/01008 (20.44%) | loss: 3.768335 | lrm: 1.00 | dt: 1957.87ms | tok/sec: 267,784 | bf16_mfu: 0.00 | epoch: 1 pq: 2 rg: 36 | total time: 6.42m | eta: 26.3m
step 00207/01008 (20.54%) | loss: 3.768959 | lrm: 1.00 | dt: 1958.38ms | tok/sec: 267,715 | bf16_mfu: 0.00 | epoch: 1 pq: 2 rg: 37 | total time: 6.46m | eta: 26.3m
step 00208/01008 (20.63%) | loss: 3.773853 | lrm: 1.00 | dt: 1957.73ms | tok/sec: 267,804 | bf16_mfu: 0.00 | epoch: 1 pq: 2 rg: 38 | total time: 6.49m | eta: 26.2m
step 00209/01008 (20.73%) | loss: 3.762828 | lrm: 1.00 | dt: 1957.71ms | tok/sec: 267,806 | bf16_mfu: 0.00 | epoch: 1 pq: 2 rg: 38 | total time: 6.52m | eta: 26.2m
step 00210/01008 (20.83%) | loss: 3.752530 | lrm: 1.00 | dt: 1957.57ms | tok/sec: 267,826 | bf16_mfu: 0.00 | epoch: 1 pq: 2 rg: 39 | total time: 6.55m | eta: 26.2m
step 00211/01008 (20.93%) | loss: 3.756574 | lrm: 1.00 | dt: 1956.64ms | tok/sec: 267,952 | bf16_mfu: 0.00 | epoch: 1 pq: 2 rg: 40 | total time: 6.59m | eta: 26.1m
step 00212/01008 (21.03%) | loss: 3.749751 | lrm: 1.00 | dt: 1956.71ms | tok/sec: 267,943 | bf16_mfu: 0.00 | epoch: 1 pq: 2 rg: 41 | total time: 6.62m | eta: 26.1m
step 00213/01008 (21.13%) | loss: 3.749942 | lrm: 1.00 | dt: 1956.57ms | tok/sec: 267,963 | bf16_mfu: 0.00 | epoch: 1 pq: 2 rg: 42 | total time: 6.65m | eta: 26.1m
step 00214/01008 (21.23%) | loss: 3.745990 | lrm: 1.00 | dt: 1956.41ms | tok/sec: 267,984 | bf16_mfu: 0.00 | epoch: 1 pq: 2 rg: 43 | total time: 6.68m | eta: 26.0m
step 00215/01008 (21.33%) | loss: 3.741673 | lrm: 1.00 | dt: 1956.69ms | tok/sec: 267,945 | bf16_mfu: 0.00 | epoch: 1 pq: 2 rg: 44 | total time: 6.72m | eta: 26.0m
step 00216/01008 (21.43%) | loss: 3.735745 | lrm: 1.00 | dt: 1956.73ms | tok/sec: 267,941 | bf16_mfu: 0.00 | epoch: 1 pq: 2 rg: 45 | total time: 6.75m | eta: 26.0m
step 00217/01008 (21.53%) | loss: 3.731860 | lrm: 1.00 | dt: 1955.03ms | tok/sec: 268,174 | bf16_mfu: 0.00 | epoch: 1 pq: 2 rg: 46 | total time: 6.78m | eta: 25.9m
step 00218/01008 (21.63%) | loss: 3.725126 | lrm: 1.00 | dt: 1955.27ms | tok/sec: 268,141 | bf16_mfu: 0.00 | epoch: 1 pq: 2 rg: 47 | total time: 6.82m | eta: 25.9m
step 00219/01008 (21.73%) | loss: 3.725679 | lrm: 1.00 | dt: 1956.91ms | tok/sec: 267,915 | bf16_mfu: 0.00 | epoch: 1 pq: 2 rg: 48 | total time: 6.85m | eta: 25.9m
step 00220/01008 (21.83%) | loss: 3.721406 | lrm: 1.00 | dt: 1957.49ms | tok/sec: 267,836 | bf16_mfu: 0.00 | epoch: 1 pq: 2 rg: 49 | total time: 6.88m | eta: 25.8m
step 00221/01008 (21.92%) | loss: 3.713689 | lrm: 1.00 | dt: 1956.27ms | tok/sec: 268,003 | bf16_mfu: 0.00 | epoch: 1 pq: 2 rg: 50 | total time: 6.91m | eta: 25.8m
step 00222/01008 (22.02%) | loss: 3.719683 | lrm: 1.00 | dt: 1957.82ms | tok/sec: 267,791 | bf16_mfu: 0.00 | epoch: 1 pq: 2 rg: 51 | total time: 6.95m | eta: 25.8m
step 00223/01008 (22.12%) | loss: 3.710812 | lrm: 1.00 | dt: 1955.96ms | tok/sec: 268,046 | bf16_mfu: 0.00 | epoch: 1 pq: 2 rg: 52 | total time: 6.98m | eta: 25.7m
step 00224/01008 (22.22%) | loss: 3.711518 | lrm: 1.00 | dt: 1954.54ms | tok/sec: 268,240 | bf16_mfu: 0.00 | epoch: 1 pq: 2 rg: 53 | total time: 7.01m | eta: 25.7m
step 00225/01008 (22.32%) | loss: 3.711232 | lrm: 1.00 | dt: 1955.81ms | tok/sec: 268,066 | bf16_mfu: 0.00 | epoch: 1 pq: 2 rg: 54 | total time: 7.04m | eta: 25.7m
step 00226/01008 (22.42%) | loss: 3.707772 | lrm: 1.00 | dt: 1955.67ms | tok/sec: 268,086 | bf16_mfu: 0.00 | epoch: 1 pq: 2 rg: 55 | total time: 7.08m | eta: 25.6m
step 00227/01008 (22.52%) | loss: 3.691469 | lrm: 1.00 | dt: 1955.49ms | tok/sec: 268,110 | bf16_mfu: 0.00 | epoch: 1 pq: 2 rg: 56 | total time: 7.11m | eta: 25.6m
step 00228/01008 (22.62%) | loss: 3.690571 | lrm: 1.00 | dt: 1956.22ms | tok/sec: 268,010 | bf16_mfu: 0.00 | epoch: 1 pq: 2 rg: 57 | total time: 7.14m | eta: 25.6m
step 00229/01008 (22.72%) | loss: 3.687095 | lrm: 1.00 | dt: 1955.50ms | tok/sec: 268,110 | bf16_mfu: 0.00 | epoch: 1 pq: 2 rg: 58 | total time: 7.17m | eta: 25.5m
step 00230/01008 (22.82%) | loss: 3.689268 | lrm: 1.00 | dt: 1956.21ms | tok/sec: 268,012 | bf16_mfu: 0.00 | epoch: 1 pq: 2 rg: 59 | total time: 7.21m | eta: 25.5m
step 00231/01008 (22.92%) | loss: 3.686704 | lrm: 1.00 | dt: 1956.60ms | tok/sec: 267,959 | bf16_mfu: 0.00 | epoch: 1 pq: 2 rg: 60 | total time: 7.24m | eta: 25.5m
step 00232/01008 (23.02%) | loss: 3.682992 | lrm: 1.00 | dt: 1955.54ms | tok/sec: 268,103 | bf16_mfu: 0.00 | epoch: 1 pq: 2 rg: 61 | total time: 7.27m | eta: 25.4m
step 00233/01008 (23.12%) | loss: 3.696823 | lrm: 1.00 | dt: 1955.19ms | tok/sec: 268,152 | bf16_mfu: 0.00 | epoch: 1 pq: 2 rg: 62 | total time: 7.30m | eta: 25.4m
step 00234/01008 (23.21%) | loss: 3.686863 | lrm: 1.00 | dt: 1955.78ms | tok/sec: 268,070 | bf16_mfu: 0.00 | epoch: 1 pq: 2 rg: 63 | total time: 7.34m | eta: 25.4m
step 00235/01008 (23.31%) | loss: 3.680065 | lrm: 1.00 | dt: 1953.54ms | tok/sec: 268,378 | bf16_mfu: 0.00 | epoch: 1 pq: 2 rg: 64 | total time: 7.37m | eta: 25.3m
step 00236/01008 (23.41%) | loss: 3.692696 | lrm: 1.00 | dt: 1955.77ms | tok/sec: 268,071 | bf16_mfu: 0.00 | epoch: 1 pq: 2 rg: 65 | total time: 7.40m | eta: 25.3m
step 00237/01008 (23.51%) | loss: 3.689141 | lrm: 1.00 | dt: 1954.39ms | tok/sec: 268,261 | bf16_mfu: 0.00 | epoch: 1 pq: 2 rg: 66 | total time: 7.43m | eta: 25.3m
step 00238/01008 (23.61%) | loss: 3.684135 | lrm: 1.00 | dt: 1954.62ms | tok/sec: 268,230 | bf16_mfu: 0.00 | epoch: 1 pq: 2 rg: 67 | total time: 7.47m | eta: 25.2m
step 00239/01008 (23.71%) | loss: 3.687395 | lrm: 1.00 | dt: 1953.66ms | tok/sec: 268,362 | bf16_mfu: 0.00 | epoch: 1 pq: 2 rg: 68 | total time: 7.50m | eta: 25.2m
step 00240/01008 (23.81%) | loss: 3.677292 | lrm: 1.00 | dt: 1953.81ms | tok/sec: 268,341 | bf16_mfu: 0.00 | epoch: 1 pq: 2 rg: 69 | total time: 7.53m | eta: 25.2m
step 00241/01008 (23.91%) | loss: 3.672762 | lrm: 1.00 | dt: 1953.54ms | tok/sec: 268,378 | bf16_mfu: 0.00 | epoch: 1 pq: 2 rg: 70 | total time: 7.56m | eta: 25.1m
step 00242/01008 (24.01%) | loss: 3.662042 | lrm: 1.00 | dt: 1953.17ms | tok/sec: 268,429 | bf16_mfu: 0.00 | epoch: 1 pq: 2 rg: 71 | total time: 7.60m | eta: 25.1m
step 00243/01008 (24.11%) | loss: 3.672718 | lrm: 1.00 | dt: 1953.31ms | tok/sec: 268,410 | bf16_mfu: 0.00 | epoch: 1 pq: 2 rg: 72 | total time: 7.63m | eta: 25.1m
step 00244/01008 (24.21%) | loss: 3.669955 | lrm: 1.00 | dt: 1953.30ms | tok/sec: 268,411 | bf16_mfu: 0.00 | epoch: 1 pq: 2 rg: 72 | total time: 7.66m | eta: 25.0m
step 00245/01008 (24.31%) | loss: 3.672172 | lrm: 1.00 | dt: 1956.51ms | tok/sec: 267,971 | bf16_mfu: 0.00 | epoch: 1 pq: 2 rg: 73 | total time: 7.69m | eta: 25.0m
step 00246/01008 (24.40%) | loss: 3.664973 | lrm: 1.00 | dt: 1952.80ms | tok/sec: 268,479 | bf16_mfu: 0.00 | epoch: 1 pq: 2 rg: 74 | total time: 7.73m | eta: 25.0m
step 00247/01008 (24.50%) | loss: 3.664023 | lrm: 1.00 | dt: 1953.47ms | tok/sec: 268,387 | bf16_mfu: 0.00 | epoch: 1 pq: 2 rg: 75 | total time: 7.76m | eta: 24.9m
step 00248/01008 (24.60%) | loss: 3.654584 | lrm: 1.00 | dt: 1954.20ms | tok/sec: 268,287 | bf16_mfu: 0.00 | epoch: 1 pq: 2 rg: 76 | total time: 7.79m | eta: 24.9m
step 00249/01008 (24.70%) | loss: 3.645017 | lrm: 1.00 | dt: 1954.79ms | tok/sec: 268,206 | bf16_mfu: 0.00 | epoch: 1 pq: 2 rg: 77 | total time: 7.83m | eta: 24.9m
Step 00250 | Validation bpb: 1.111109
step 00250/01008 (24.80%) | loss: 3.649354 | lrm: 1.00 | dt: 1940.98ms | tok/sec: 270,114 | bf16_mfu: 0.00 | epoch: 1 pq: 2 rg: 78 | total time: 7.86m | eta: 24.8m
step 00251/01008 (24.90%) | loss: 3.645951 | lrm: 1.00 | dt: 1946.05ms | tok/sec: 269,411 | bf16_mfu: 0.00 | epoch: 1 pq: 2 rg: 79 | total time: 7.89m | eta: 24.8m
step 00252/01008 (25.00%) | loss: 3.633941 | lrm: 1.00 | dt: 1944.80ms | tok/sec: 269,584 | bf16_mfu: 0.00 | epoch: 1 pq: 2 rg: 80 | total time: 7.92m | eta: 24.7m
step 00253/01008 (25.10%) | loss: 3.636582 | lrm: 1.00 | dt: 1944.67ms | tok/sec: 269,602 | bf16_mfu: 0.00 | epoch: 1 pq: 2 rg: 81 | total time: 7.95m | eta: 24.7m
step 00254/01008 (25.20%) | loss: 3.638713 | lrm: 1.00 | dt: 1946.12ms | tok/sec: 269,402 | bf16_mfu: 0.00 | epoch: 1 pq: 2 rg: 82 | total time: 7.99m | eta: 24.7m
step 00255/01008 (25.30%) | loss: 3.639915 | lrm: 1.00 | dt: 1946.44ms | tok/sec: 269,357 | bf16_mfu: 0.00 | epoch: 1 pq: 3 rg: 0 | total time: 8.02m | eta: 24.6m
step 00256/01008 (25.40%) | loss: 3.640140 | lrm: 1.00 | dt: 1945.78ms | tok/sec: 269,449 | bf16_mfu: 0.00 | epoch: 1 pq: 3 rg: 1 | total time: 8.05m | eta: 24.6m
step 00257/01008 (25.50%) | loss: 3.638807 | lrm: 1.00 | dt: 1946.41ms | tok/sec: 269,362 | bf16_mfu: 0.00 | epoch: 1 pq: 3 rg: 2 | total time: 8.08m | eta: 24.6m
step 00258/01008 (25.60%) | loss: 3.636383 | lrm: 1.00 | dt: 1946.85ms | tok/sec: 269,300 | bf16_mfu: 0.00 | epoch: 1 pq: 3 rg: 3 | total time: 8.12m | eta: 24.5m
step 00259/01008 (25.69%) | loss: 3.639802 | lrm: 1.00 | dt: 1947.47ms | tok/sec: 269,214 | bf16_mfu: 0.00 | epoch: 1 pq: 3 rg: 4 | total time: 8.15m | eta: 24.5m
step 00260/01008 (25.79%) | loss: 3.640699 | lrm: 1.00 | dt: 1946.26ms | tok/sec: 269,382 | bf16_mfu: 0.00 | epoch: 1 pq: 3 rg: 5 | total time: 8.18m | eta: 24.5m
step 00261/01008 (25.89%) | loss: 3.634932 | lrm: 1.00 | dt: 1947.12ms | tok/sec: 269,263 | bf16_mfu: 0.00 | epoch: 1 pq: 3 rg: 6 | total time: 8.21m | eta: 24.4m
step 00262/01008 (25.99%) | loss: 3.624027 | lrm: 1.00 | dt: 1948.01ms | tok/sec: 269,139 | bf16_mfu: 0.00 | epoch: 1 pq: 3 rg: 7 | total time: 8.25m | eta: 24.4m
step 00263/01008 (26.09%) | loss: 3.621446 | lrm: 1.00 | dt: 1949.42ms | tok/sec: 268,945 | bf16_mfu: 0.00 | epoch: 1 pq: 3 rg: 8 | total time: 8.28m | eta: 24.4m
step 00264/01008 (26.19%) | loss: 3.617330 | lrm: 1.00 | dt: 1948.31ms | tok/sec: 269,098 | bf16_mfu: 0.00 | epoch: 1 pq: 3 rg: 9 | total time: 8.31m | eta: 24.3m
step 00265/01008 (26.29%) | loss: 3.617771 | lrm: 1.00 | dt: 1949.60ms | tok/sec: 268,920 | bf16_mfu: 0.00 | epoch: 1 pq: 3 rg: 10 | total time: 8.34m | eta: 24.3m
step 00266/01008 (26.39%) | loss: 3.614652 | lrm: 1.00 | dt: 1948.78ms | tok/sec: 269,034 | bf16_mfu: 0.00 | epoch: 1 pq: 3 rg: 11 | total time: 8.38m | eta: 24.3m
step 00267/01008 (26.49%) | loss: 3.610197 | lrm: 1.00 | dt: 1948.76ms | tok/sec: 269,037 | bf16_mfu: 0.00 | epoch: 1 pq: 3 rg: 12 | total time: 8.41m | eta: 24.2m
step 00268/01008 (26.59%) | loss: 3.608817 | lrm: 1.00 | dt: 1948.84ms | tok/sec: 269,025 | bf16_mfu: 0.00 | epoch: 1 pq: 3 rg: 13 | total time: 8.44m | eta: 24.2m
step 00269/01008 (26.69%) | loss: 3.604358 | lrm: 1.00 | dt: 1949.88ms | tok/sec: 268,881 | bf16_mfu: 0.00 | epoch: 1 pq: 3 rg: 14 | total time: 8.47m | eta: 24.2m
step 00270/01008 (26.79%) | loss: 3.593291 | lrm: 1.00 | dt: 1949.81ms | tok/sec: 268,892 | bf16_mfu: 0.00 | epoch: 1 pq: 3 rg: 15 | total time: 8.51m | eta: 24.1m
step 00271/01008 (26.88%) | loss: 3.594145 | lrm: 1.00 | dt: 1949.22ms | tok/sec: 268,972 | bf16_mfu: 0.00 | epoch: 1 pq: 3 rg: 15 | total time: 8.54m | eta: 24.1m
step 00272/01008 (26.98%) | loss: 3.597574 | lrm: 1.00 | dt: 1949.12ms | tok/sec: 268,987 | bf16_mfu: 0.00 | epoch: 1 pq: 3 rg: 16 | total time: 8.57m | eta: 24.1m
step 00273/01008 (27.08%) | loss: 3.601890 | lrm: 1.00 | dt: 1950.62ms | tok/sec: 268,780 | bf16_mfu: 0.00 | epoch: 1 pq: 3 rg: 17 | total time: 8.60m | eta: 24.0m
step 00274/01008 (27.18%) | loss: 3.598196 | lrm: 1.00 | dt: 1950.91ms | tok/sec: 268,740 | bf16_mfu: 0.00 | epoch: 1 pq: 3 rg: 18 | total time: 8.64m | eta: 24.0m
step 00275/01008 (27.28%) | loss: 3.605546 | lrm: 1.00 | dt: 1951.31ms | tok/sec: 268,684 | bf16_mfu: 0.00 | epoch: 1 pq: 3 rg: 19 | total time: 8.67m | eta: 24.0m
step 00276/01008 (27.38%) | loss: 3.602778 | lrm: 1.00 | dt: 1950.79ms | tok/sec: 268,756 | bf16_mfu: 0.00 | epoch: 1 pq: 3 rg: 20 | total time: 8.70m | eta: 23.9m
step 00277/01008 (27.48%) | loss: 3.593606 | lrm: 1.00 | dt: 1952.39ms | tok/sec: 268,535 | bf16_mfu: 0.00 | epoch: 1 pq: 3 rg: 21 | total time: 8.73m | eta: 23.9m
step 00278/01008 (27.58%) | loss: 3.591528 | lrm: 1.00 | dt: 1950.48ms | tok/sec: 268,800 | bf16_mfu: 0.00 | epoch: 1 pq: 3 rg: 22 | total time: 8.77m | eta: 23.9m
step 00279/01008 (27.68%) | loss: 3.592255 | lrm: 1.00 | dt: 1950.56ms | tok/sec: 268,787 | bf16_mfu: 0.00 | epoch: 1 pq: 3 rg: 23 | total time: 8.80m | eta: 23.8m
step 00280/01008 (27.78%) | loss: 3.593184 | lrm: 1.00 | dt: 1951.01ms | tok/sec: 268,726 | bf16_mfu: 0.00 | epoch: 1 pq: 3 rg: 24 | total time: 8.83m | eta: 23.8m
step 00281/01008 (27.88%) | loss: 3.581001 | lrm: 1.00 | dt: 1951.11ms | tok/sec: 268,712 | bf16_mfu: 0.00 | epoch: 1 pq: 3 rg: 25 | total time: 8.86m | eta: 23.8m
step 00282/01008 (27.98%) | loss: 3.581752 | lrm: 1.00 | dt: 1951.13ms | tok/sec: 268,709 | bf16_mfu: 0.00 | epoch: 1 pq: 3 rg: 26 | total time: 8.90m | eta: 23.7m
step 00283/01008 (28.08%) | loss: 3.585534 | lrm: 1.00 | dt: 1950.58ms | tok/sec: 268,785 | bf16_mfu: 0.00 | epoch: 1 pq: 3 rg: 27 | total time: 8.93m | eta: 23.7m
step 00284/01008 (28.17%) | loss: 3.593643 | lrm: 1.00 | dt: 1951.16ms | tok/sec: 268,706 | bf16_mfu: 0.00 | epoch: 1 pq: 3 rg: 28 | total time: 8.96m | eta: 23.7m
step 00285/01008 (28.27%) | loss: 3.586882 | lrm: 1.00 | dt: 1952.20ms | tok/sec: 268,562 | bf16_mfu: 0.00 | epoch: 1 pq: 3 rg: 29 | total time: 8.99m | eta: 23.6m
step 00286/01008 (28.37%) | loss: 3.589701 | lrm: 1.00 | dt: 1950.64ms | tok/sec: 268,778 | bf16_mfu: 0.00 | epoch: 1 pq: 3 rg: 30 | total time: 9.03m | eta: 23.6m
step 00287/01008 (28.47%) | loss: 3.600254 | lrm: 1.00 | dt: 1950.11ms | tok/sec: 268,850 | bf16_mfu: 0.00 | epoch: 1 pq: 3 rg: 31 | total time: 9.06m | eta: 23.6m
step 00288/01008 (28.57%) | loss: 3.588853 | lrm: 1.00 | dt: 1950.20ms | tok/sec: 268,837 | bf16_mfu: 0.00 | epoch: 1 pq: 3 rg: 32 | total time: 9.09m | eta: 23.5m
step 00289/01008 (28.67%) | loss: 3.595643 | lrm: 1.00 | dt: 1948.34ms | tok/sec: 269,094 | bf16_mfu: 0.00 | epoch: 1 pq: 3 rg: 33 | total time: 9.12m | eta: 23.5m
step 00290/01008 (28.77%) | loss: 3.594329 | lrm: 1.00 | dt: 1950.08ms | tok/sec: 268,855 | bf16_mfu: 0.00 | epoch: 1 pq: 3 rg: 34 | total time: 9.16m | eta: 23.5m
step 00291/01008 (28.87%) | loss: 3.595531 | lrm: 1.00 | dt: 1949.08ms | tok/sec: 268,992 | bf16_mfu: 0.00 | epoch: 1 pq: 3 rg: 35 | total time: 9.19m | eta: 23.4m
step 00292/01008 (28.97%) | loss: 3.595852 | lrm: 1.00 | dt: 1948.90ms | tok/sec: 269,016 | bf16_mfu: 0.00 | epoch: 1 pq: 3 rg: 36 | total time: 9.22m | eta: 23.4m
step 00293/01008 (29.07%) | loss: 3.595636 | lrm: 1.00 | dt: 1947.88ms | tok/sec: 269,157 | bf16_mfu: 0.00 | epoch: 1 pq: 3 rg: 37 | total time: 9.25m | eta: 23.4m
step 00294/01008 (29.17%) | loss: 3.590892 | lrm: 1.00 | dt: 1949.81ms | tok/sec: 268,891 | bf16_mfu: 0.00 | epoch: 1 pq: 3 rg: 38 | total time: 9.29m | eta: 23.3m
step 00295/01008 (29.27%) | loss: 3.585695 | lrm: 1.00 | dt: 1947.93ms | tok/sec: 269,151 | bf16_mfu: 0.00 | epoch: 1 pq: 3 rg: 39 | total time: 9.32m | eta: 23.3m
step 00296/01008 (29.37%) | loss: 3.583144 | lrm: 1.00 | dt: 1948.14ms | tok/sec: 269,121 | bf16_mfu: 0.00 | epoch: 1 pq: 3 rg: 40 | total time: 9.35m | eta: 23.3m
step 00297/01008 (29.46%) | loss: 3.573183 | lrm: 1.00 | dt: 1948.36ms | tok/sec: 269,092 | bf16_mfu: 0.00 | epoch: 1 pq: 3 rg: 41 | total time: 9.38m | eta: 23.2m
step 00298/01008 (29.56%) | loss: 3.574247 | lrm: 1.00 | dt: 1947.78ms | tok/sec: 269,171 | bf16_mfu: 0.00 | epoch: 1 pq: 3 rg: 42 | total time: 9.42m | eta: 23.2m
step 00299/01008 (29.66%) | loss: 3.560368 | lrm: 1.00 | dt: 1947.17ms | tok/sec: 269,256 | bf16_mfu: 0.00 | epoch: 1 pq: 3 rg: 43 | total time: 9.45m | eta: 23.2m
step 00300/01008 (29.76%) | loss: 3.563514 | lrm: 1.00 | dt: 1948.73ms | tok/sec: 269,040 | bf16_mfu: 0.00 | epoch: 1 pq: 3 rg: 44 | total time: 9.48m | eta: 23.1m
step 00301/01008 (29.86%) | loss: 3.564731 | lrm: 1.00 | dt: 1947.56ms | tok/sec: 269,201 | bf16_mfu: 0.00 | epoch: 1 pq: 3 rg: 45 | total time: 9.51m | eta: 23.1m
step 00302/01008 (29.96%) | loss: 3.556915 | lrm: 1.00 | dt: 1947.22ms | tok/sec: 269,249 | bf16_mfu: 0.00 | epoch: 1 pq: 3 rg: 46 | total time: 9.55m | eta: 23.1m
step 00303/01008 (30.06%) | loss: 3.565797 | lrm: 1.00 | dt: 1947.42ms | tok/sec: 269,222 | bf16_mfu: 0.00 | epoch: 1 pq: 3 rg: 47 | total time: 9.58m | eta: 23.0m
step 00304/01008 (30.16%) | loss: 3.558039 | lrm: 1.00 | dt: 1946.40ms | tok/sec: 269,363 | bf16_mfu: 0.00 | epoch: 1 pq: 3 rg: 48 | total time: 9.61m | eta: 23.0m
step 00305/01008 (30.26%) | loss: 3.552755 | lrm: 1.00 | dt: 1947.84ms | tok/sec: 269,163 | bf16_mfu: 0.00 | epoch: 1 pq: 3 rg: 49 | total time: 9.64m | eta: 23.0m
step 00306/01008 (30.36%) | loss: 3.551865 | lrm: 1.00 | dt: 1947.13ms | tok/sec: 269,262 | bf16_mfu: 0.00 | epoch: 1 pq: 3 rg: 49 | total time: 9.68m | eta: 22.9m
step 00307/01008 (30.46%) | loss: 3.556593 | lrm: 1.00 | dt: 1947.50ms | tok/sec: 269,210 | bf16_mfu: 0.00 | epoch: 1 pq: 3 rg: 50 | total time: 9.71m | eta: 22.9m
step 00308/01008 (30.56%) | loss: 3.550408 | lrm: 1.00 | dt: 1946.29ms | tok/sec: 269,378 | bf16_mfu: 0.00 | epoch: 1 pq: 3 rg: 51 | total time: 9.74m | eta: 22.9m
step 00309/01008 (30.65%) | loss: 3.547984 | lrm: 1.00 | dt: 1947.20ms | tok/sec: 269,252 | bf16_mfu: 0.00 | epoch: 1 pq: 3 rg: 52 | total time: 9.77m | eta: 22.8m
step 00310/01008 (30.75%) | loss: 3.559994 | lrm: 1.00 | dt: 1948.93ms | tok/sec: 269,013 | bf16_mfu: 0.00 | epoch: 1 pq: 3 rg: 53 | total time: 9.81m | eta: 22.8m
step 00311/01008 (30.85%) | loss: 3.556444 | lrm: 1.00 | dt: 1948.10ms | tok/sec: 269,127 | bf16_mfu: 0.00 | epoch: 1 pq: 3 rg: 54 | total time: 9.84m | eta: 22.8m
step 00312/01008 (30.95%) | loss: 3.556819 | lrm: 1.00 | dt: 1947.58ms | tok/sec: 269,199 | bf16_mfu: 0.00 | epoch: 1 pq: 3 rg: 55 | total time: 9.87m | eta: 22.7m
step 00313/01008 (31.05%) | loss: 3.550707 | lrm: 1.00 | dt: 1948.44ms | tok/sec: 269,081 | bf16_mfu: 0.00 | epoch: 1 pq: 3 rg: 56 | total time: 9.90m | eta: 22.7m
step 00314/01008 (31.15%) | loss: 3.546062 | lrm: 1.00 | dt: 1948.34ms | tok/sec: 269,094 | bf16_mfu: 0.00 | epoch: 1 pq: 3 rg: 57 | total time: 9.94m | eta: 22.7m
step 00315/01008 (31.25%) | loss: 3.545145 | lrm: 1.00 | dt: 1948.77ms | tok/sec: 269,034 | bf16_mfu: 0.00 | epoch: 1 pq: 3 rg: 58 | total time: 9.97m | eta: 22.6m
step 00316/01008 (31.35%) | loss: 3.551572 | lrm: 1.00 | dt: 1947.71ms | tok/sec: 269,181 | bf16_mfu: 0.00 | epoch: 1 pq: 3 rg: 59 | total time: 10.00m | eta: 22.6m
step 00317/01008 (31.45%) | loss: 3.550280 | lrm: 1.00 | dt: 1949.61ms | tok/sec: 268,919 | bf16_mfu: 0.00 | epoch: 1 pq: 3 rg: 60 | total time: 10.03m | eta: 22.6m
step 00318/01008 (31.55%) | loss: 3.547185 | lrm: 1.00 | dt: 1947.69ms | tok/sec: 269,185 | bf16_mfu: 0.00 | epoch: 1 pq: 3 rg: 61 | total time: 10.07m | eta: 22.6m
step 00319/01008 (31.65%) | loss: 3.556004 | lrm: 1.00 | dt: 1948.01ms | tok/sec: 269,139 | bf16_mfu: 0.00 | epoch: 1 pq: 3 rg: 62 | total time: 10.10m | eta: 22.5m
step 00320/01008 (31.75%) | loss: 3.556368 | lrm: 1.00 | dt: 1948.39ms | tok/sec: 269,088 | bf16_mfu: 0.00 | epoch: 1 pq: 3 rg: 63 | total time: 10.13m | eta: 22.5m
step 00321/01008 (31.85%) | loss: 3.558917 | lrm: 1.00 | dt: 1948.27ms | tok/sec: 269,103 | bf16_mfu: 0.00 | epoch: 1 pq: 3 rg: 64 | total time: 10.16m | eta: 22.5m
step 00322/01008 (31.94%) | loss: 3.558005 | lrm: 1.00 | dt: 1948.98ms | tok/sec: 269,005 | bf16_mfu: 0.00 | epoch: 1 pq: 3 rg: 65 | total time: 10.20m | eta: 22.4m
step 00323/01008 (32.04%) | loss: 3.557437 | lrm: 1.00 | dt: 1948.32ms | tok/sec: 269,098 | bf16_mfu: 0.00 | epoch: 1 pq: 3 rg: 66 | total time: 10.23m | eta: 22.4m
step 00324/01008 (32.14%) | loss: 3.557498 | lrm: 1.00 | dt: 1946.71ms | tok/sec: 269,320 | bf16_mfu: 0.00 | epoch: 1 pq: 3 rg: 67 | total time: 10.26m | eta: 22.4m
step 00325/01008 (32.24%) | loss: 3.550381 | lrm: 1.00 | dt: 1949.09ms | tok/sec: 268,991 | bf16_mfu: 0.00 | epoch: 1 pq: 3 rg: 68 | total time: 10.29m | eta: 22.3m
step 00326/01008 (32.34%) | loss: 3.553241 | lrm: 1.00 | dt: 1947.33ms | tok/sec: 269,234 | bf16_mfu: 0.00 | epoch: 1 pq: 3 rg: 69 | total time: 10.33m | eta: 22.3m
step 00327/01008 (32.44%) | loss: 3.545787 | lrm: 1.00 | dt: 1947.02ms | tok/sec: 269,276 | bf16_mfu: 0.00 | epoch: 1 pq: 3 rg: 70 | total time: 10.36m | eta: 22.3m
step 00328/01008 (32.54%) | loss: 3.537755 | lrm: 1.00 | dt: 1946.91ms | tok/sec: 269,292 | bf16_mfu: 0.00 | epoch: 1 pq: 3 rg: 71 | total time: 10.39m | eta: 22.2m
step 00329/01008 (32.64%) | loss: 3.530812 | lrm: 1.00 | dt: 1947.91ms | tok/sec: 269,154 | bf16_mfu: 0.00 | epoch: 1 pq: 3 rg: 72 | total time: 10.42m | eta: 22.2m
step 00330/01008 (32.74%) | loss: 3.532903 | lrm: 1.00 | dt: 1947.31ms | tok/sec: 269,236 | bf16_mfu: 0.00 | epoch: 1 pq: 3 rg: 73 | total time: 10.46m | eta: 22.2m
step 00331/01008 (32.84%) | loss: 3.540552 | lrm: 1.00 | dt: 1947.01ms | tok/sec: 269,278 | bf16_mfu: 0.00 | epoch: 1 pq: 3 rg: 73 | total time: 10.49m | eta: 22.1m
step 00332/01008 (32.94%) | loss: 3.541851 | lrm: 1.00 | dt: 1945.97ms | tok/sec: 269,422 | bf16_mfu: 0.00 | epoch: 1 pq: 3 rg: 74 | total time: 10.52m | eta: 22.1m
step 00333/01008 (33.04%) | loss: 3.540061 | lrm: 1.00 | dt: 1946.40ms | tok/sec: 269,362 | bf16_mfu: 0.00 | epoch: 1 pq: 3 rg: 75 | total time: 10.55m | eta: 22.1m
step 00334/01008 (33.13%) | loss: 3.539450 | lrm: 1.00 | dt: 1946.83ms | tok/sec: 269,303 | bf16_mfu: 0.00 | epoch: 1 pq: 3 rg: 76 | total time: 10.59m | eta: 22.0m
step 00335/01008 (33.23%) | loss: 3.531831 | lrm: 1.00 | dt: 1947.20ms | tok/sec: 269,252 | bf16_mfu: 0.00 | epoch: 1 pq: 3 rg: 77 | total time: 10.62m | eta: 22.0m
step 00336/01008 (33.33%) | loss: 3.529712 | lrm: 1.00 | dt: 1946.32ms | tok/sec: 269,374 | bf16_mfu: 0.00 | epoch: 1 pq: 3 rg: 78 | total time: 10.65m | eta: 22.0m
step 00337/01008 (33.43%) | loss: 3.532576 | lrm: 1.00 | dt: 1947.03ms | tok/sec: 269,275 | bf16_mfu: 0.00 | epoch: 1 pq: 3 rg: 79 | total time: 10.68m | eta: 21.9m
step 00338/01008 (33.53%) | loss: 3.531868 | lrm: 1.00 | dt: 1946.87ms | tok/sec: 269,297 | bf16_mfu: 0.00 | epoch: 1 pq: 3 rg: 80 | total time: 10.72m | eta: 21.9m
step 00339/01008 (33.63%) | loss: 3.529909 | lrm: 1.00 | dt: 1947.43ms | tok/sec: 269,219 | bf16_mfu: 0.00 | epoch: 1 pq: 3 rg: 81 | total time: 10.75m | eta: 21.9m
step 00340/01008 (33.73%) | loss: 3.538970 | lrm: 1.00 | dt: 1945.81ms | tok/sec: 269,444 | bf16_mfu: 0.00 | epoch: 1 pq: 4 rg: 0 | total time: 10.78m | eta: 21.8m
step 00341/01008 (33.83%) | loss: 3.546810 | lrm: 1.00 | dt: 1947.98ms | tok/sec: 269,144 | bf16_mfu: 0.00 | epoch: 1 pq: 4 rg: 1 | total time: 10.81m | eta: 21.8m
step 00342/01008 (33.93%) | loss: 3.538634 | lrm: 1.00 | dt: 1947.51ms | tok/sec: 269,209 | bf16_mfu: 0.00 | epoch: 1 pq: 4 rg: 2 | total time: 10.84m | eta: 21.8m
step 00343/01008 (34.03%) | loss: 3.530463 | lrm: 1.00 | dt: 1946.19ms | tok/sec: 269,392 | bf16_mfu: 0.00 | epoch: 1 pq: 4 rg: 3 | total time: 10.88m | eta: 21.7m
step 00344/01008 (34.13%) | loss: 3.531113 | lrm: 1.00 | dt: 1947.58ms | tok/sec: 269,199 | bf16_mfu: 0.00 | epoch: 1 pq: 4 rg: 4 | total time: 10.91m | eta: 21.7m
step 00345/01008 (34.23%) | loss: 3.523915 | lrm: 1.00 | dt: 1947.12ms | tok/sec: 269,263 | bf16_mfu: 0.00 | epoch: 1 pq: 4 rg: 5 | total time: 10.94m | eta: 21.7m
step 00346/01008 (34.33%) | loss: 3.531210 | lrm: 1.00 | dt: 1947.40ms | tok/sec: 269,225 | bf16_mfu: 0.00 | epoch: 1 pq: 4 rg: 6 | total time: 10.97m | eta: 21.6m
step 00347/01008 (34.42%) | loss: 3.523810 | lrm: 1.00 | dt: 1946.72ms | tok/sec: 269,318 | bf16_mfu: 0.00 | epoch: 1 pq: 4 rg: 7 | total time: 11.01m | eta: 21.6m
step 00348/01008 (34.52%) | loss: 3.511853 | lrm: 1.00 | dt: 1946.75ms | tok/sec: 269,314 | bf16_mfu: 0.00 | epoch: 1 pq: 4 rg: 8 | total time: 11.04m | eta: 21.6m
step 00349/01008 (34.62%) | loss: 3.509827 | lrm: 1.00 | dt: 1945.06ms | tok/sec: 269,548 | bf16_mfu: 0.00 | epoch: 1 pq: 4 rg: 9 | total time: 11.07m | eta: 21.5m
step 00350/01008 (34.72%) | loss: 3.508853 | lrm: 1.00 | dt: 1945.27ms | tok/sec: 269,518 | bf16_mfu: 0.00 | epoch: 1 pq: 4 rg: 10 | total time: 11.10m | eta: 21.5m
step 00351/01008 (34.82%) | loss: 3.506430 | lrm: 1.00 | dt: 1947.14ms | tok/sec: 269,261 | bf16_mfu: 0.00 | epoch: 1 pq: 4 rg: 11 | total time: 11.14m | eta: 21.5m
step 00352/01008 (34.92%) | loss: 3.510902 | lrm: 1.00 | dt: 1946.66ms | tok/sec: 269,326 | bf16_mfu: 0.00 | epoch: 1 pq: 4 rg: 12 | total time: 11.17m | eta: 21.4m
step 00353/01008 (35.02%) | loss: 3.510969 | lrm: 1.00 | dt: 1945.36ms | tok/sec: 269,507 | bf16_mfu: 0.00 | epoch: 1 pq: 4 rg: 13 | total time: 11.20m | eta: 21.4m
step 00354/01008 (35.12%) | loss: 3.514369 | lrm: 1.00 | dt: 1947.36ms | tok/sec: 269,230 | bf16_mfu: 0.00 | epoch: 1 pq: 4 rg: 14 | total time: 11.23m | eta: 21.4m
step 00355/01008 (35.22%) | loss: 3.508206 | lrm: 1.00 | dt: 1946.38ms | tok/sec: 269,365 | bf16_mfu: 0.00 | epoch: 1 pq: 4 rg: 15 | total time: 11.27m | eta: 21.3m
step 00356/01008 (35.32%) | loss: 3.506152 | lrm: 1.00 | dt: 1946.97ms | tok/sec: 269,284 | bf16_mfu: 0.00 | epoch: 1 pq: 4 rg: 16 | total time: 11.30m | eta: 21.3m
step 00357/01008 (35.42%) | loss: 3.480905 | lrm: 0.99 | dt: 1945.46ms | tok/sec: 269,493 | bf16_mfu: 0.00 | epoch: 1 pq: 4 rg: 17 | total time: 11.33m | eta: 21.3m
step 00358/01008 (35.52%) | loss: 3.489201 | lrm: 0.99 | dt: 1945.31ms | tok/sec: 269,514 | bf16_mfu: 0.00 | epoch: 1 pq: 4 rg: 18 | total time: 11.36m | eta: 21.2m
step 00359/01008 (35.62%) | loss: 3.493851 | lrm: 0.99 | dt: 1943.88ms | tok/sec: 269,711 | bf16_mfu: 0.00 | epoch: 1 pq: 4 rg: 18 | total time: 11.40m | eta: 21.2m
step 00360/01008 (35.71%) | loss: 3.491035 | lrm: 0.99 | dt: 1945.89ms | tok/sec: 269,434 | bf16_mfu: 0.00 | epoch: 1 pq: 4 rg: 19 | total time: 11.43m | eta: 21.2m
step 00361/01008 (35.81%) | loss: 3.503225 | lrm: 0.99 | dt: 1945.81ms | tok/sec: 269,444 | bf16_mfu: 0.00 | epoch: 1 pq: 4 rg: 20 | total time: 11.46m | eta: 21.1m
step 00362/01008 (35.91%) | loss: 3.505890 | lrm: 0.99 | dt: 1944.64ms | tok/sec: 269,607 | bf16_mfu: 0.00 | epoch: 1 pq: 4 rg: 21 | total time: 11.49m | eta: 21.1m
step 00363/01008 (36.01%) | loss: 3.503335 | lrm: 0.99 | dt: 1945.48ms | tok/sec: 269,489 | bf16_mfu: 0.00 | epoch: 1 pq: 4 rg: 22 | total time: 11.53m | eta: 21.1m
step 00364/01008 (36.11%) | loss: 3.501519 | lrm: 0.98 | dt: 1945.12ms | tok/sec: 269,539 | bf16_mfu: 0.00 | epoch: 1 pq: 4 rg: 23 | total time: 11.56m | eta: 21.0m
step 00365/01008 (36.21%) | loss: 3.489830 | lrm: 0.98 | dt: 1945.41ms | tok/sec: 269,500 | bf16_mfu: 0.00 | epoch: 1 pq: 4 rg: 24 | total time: 11.59m | eta: 21.0m
step 00366/01008 (36.31%) | loss: 3.495378 | lrm: 0.98 | dt: 1945.57ms | tok/sec: 269,477 | bf16_mfu: 0.00 | epoch: 1 pq: 4 rg: 25 | total time: 11.62m | eta: 21.0m
step 00367/01008 (36.41%) | loss: 3.482834 | lrm: 0.98 | dt: 1944.34ms | tok/sec: 269,648 | bf16_mfu: 0.00 | epoch: 1 pq: 4 rg: 26 | total time: 11.66m | eta: 20.9m
step 00368/01008 (36.51%) | loss: 3.484750 | lrm: 0.98 | dt: 1943.36ms | tok/sec: 269,783 | bf16_mfu: 0.00 | epoch: 1 pq: 4 rg: 27 | total time: 11.69m | eta: 20.9m
step 00369/01008 (36.61%) | loss: 3.473535 | lrm: 0.98 | dt: 1944.07ms | tok/sec: 269,686 | bf16_mfu: 0.00 | epoch: 1 pq: 4 rg: 28 | total time: 11.72m | eta: 20.9m
step 00370/01008 (36.71%) | loss: 3.474087 | lrm: 0.98 | dt: 1944.12ms | tok/sec: 269,678 | bf16_mfu: 0.00 | epoch: 1 pq: 4 rg: 29 | total time: 11.75m | eta: 20.8m
step 00371/01008 (36.81%) | loss: 3.470608 | lrm: 0.97 | dt: 1944.09ms | tok/sec: 269,683 | bf16_mfu: 0.00 | epoch: 1 pq: 4 rg: 30 | total time: 11.79m | eta: 20.8m
step 00372/01008 (36.90%) | loss: 3.455646 | lrm: 0.97 | dt: 1944.05ms | tok/sec: 269,689 | bf16_mfu: 0.00 | epoch: 1 pq: 4 rg: 31 | total time: 11.82m | eta: 20.8m
step 00373/01008 (37.00%) | loss: 3.456530 | lrm: 0.97 | dt: 1944.00ms | tok/sec: 269,694 | bf16_mfu: 0.00 | epoch: 1 pq: 4 rg: 32 | total time: 11.85m | eta: 20.7m
step 00374/01008 (37.10%) | loss: 3.460072 | lrm: 0.97 | dt: 1944.04ms | tok/sec: 269,689 | bf16_mfu: 0.00 | epoch: 1 pq: 4 rg: 33 | total time: 11.88m | eta: 20.7m
step 00375/01008 (37.20%) | loss: 3.454802 | lrm: 0.97 | dt: 1943.59ms | tok/sec: 269,752 | bf16_mfu: 0.00 | epoch: 1 pq: 4 rg: 34 | total time: 11.91m | eta: 20.7m
step 00376/01008 (37.30%) | loss: 3.455787 | lrm: 0.97 | dt: 1947.51ms | tok/sec: 269,209 | bf16_mfu: 0.00 | epoch: 1 pq: 4 rg: 35 | total time: 11.95m | eta: 20.6m
step 00377/01008 (37.40%) | loss: 3.453962 | lrm: 0.97 | dt: 1943.78ms | tok/sec: 269,726 | bf16_mfu: 0.00 | epoch: 1 pq: 4 rg: 36 | total time: 11.98m | eta: 20.6m
step 00378/01008 (37.50%) | loss: 3.451259 | lrm: 0.96 | dt: 1943.09ms | tok/sec: 269,822 | bf16_mfu: 0.00 | epoch: 1 pq: 4 rg: 37 | total time: 12.01m | eta: 20.6m
step 00379/01008 (37.60%) | loss: 3.458690 | lrm: 0.96 | dt: 1942.86ms | tok/sec: 269,853 | bf16_mfu: 0.00 | epoch: 1 pq: 4 rg: 38 | total time: 12.04m | eta: 20.5m
step 00380/01008 (37.70%) | loss: 3.469866 | lrm: 0.96 | dt: 1942.65ms | tok/sec: 269,883 | bf16_mfu: 0.00 | epoch: 1 pq: 4 rg: 39 | total time: 12.08m | eta: 20.5m
step 00381/01008 (37.80%) | loss: 3.473473 | lrm: 0.96 | dt: 1943.22ms | tok/sec: 269,803 | bf16_mfu: 0.00 | epoch: 1 pq: 4 rg: 40 | total time: 12.11m | eta: 20.5m
step 00382/01008 (37.90%) | loss: 3.466163 | lrm: 0.96 | dt: 1944.48ms | tok/sec: 269,629 | bf16_mfu: 0.00 | epoch: 1 pq: 4 rg: 41 | total time: 12.14m | eta: 20.4m
step 00383/01008 (38.00%) | loss: 3.463571 | lrm: 0.96 | dt: 1943.29ms | tok/sec: 269,793 | bf16_mfu: 0.00 | epoch: 1 pq: 4 rg: 42 | total time: 12.17m | eta: 20.4m
step 00384/01008 (38.10%) | loss: 3.472620 | lrm: 0.96 | dt: 1944.34ms | tok/sec: 269,647 | bf16_mfu: 0.00 | epoch: 1 pq: 4 rg: 43 | total time: 12.21m | eta: 20.4m
step 00385/01008 (38.19%) | loss: 3.480390 | lrm: 0.95 | dt: 1943.72ms | tok/sec: 269,733 | bf16_mfu: 0.00 | epoch: 1 pq: 4 rg: 44 | total time: 12.24m | eta: 20.3m
step 00386/01008 (38.29%) | loss: 3.489225 | lrm: 0.95 | dt: 1942.19ms | tok/sec: 269,946 | bf16_mfu: 0.00 | epoch: 1 pq: 4 rg: 45 | total time: 12.27m | eta: 20.3m
step 00387/01008 (38.39%) | loss: 3.481344 | lrm: 0.95 | dt: 1943.48ms | tok/sec: 269,767 | bf16_mfu: 0.00 | epoch: 1 pq: 4 rg: 46 | total time: 12.30m | eta: 20.3m
step 00388/01008 (38.49%) | loss: 3.479557 | lrm: 0.95 | dt: 1943.36ms | tok/sec: 269,784 | bf16_mfu: 0.00 | epoch: 1 pq: 4 rg: 47 | total time: 12.34m | eta: 20.2m
step 00389/01008 (38.59%) | loss: 3.472381 | lrm: 0.95 | dt: 1943.91ms | tok/sec: 269,707 | bf16_mfu: 0.00 | epoch: 1 pq: 4 rg: 48 | total time: 12.37m | eta: 20.2m
step 00390/01008 (38.69%) | loss: 3.472126 | lrm: 0.95 | dt: 1943.38ms | tok/sec: 269,780 | bf16_mfu: 0.00 | epoch: 1 pq: 4 rg: 49 | total time: 12.40m | eta: 20.2m
step 00391/01008 (38.79%) | loss: 3.475059 | lrm: 0.94 | dt: 1942.87ms | tok/sec: 269,852 | bf16_mfu: 0.00 | epoch: 1 pq: 4 rg: 50 | total time: 12.43m | eta: 20.1m
step 00392/01008 (38.89%) | loss: 3.479397 | lrm: 0.94 | dt: 1944.21ms | tok/sec: 269,666 | bf16_mfu: 0.00 | epoch: 1 pq: 4 rg: 51 | total time: 12.47m | eta: 20.1m
step 00393/01008 (38.99%) | loss: 3.475436 | lrm: 0.94 | dt: 1942.26ms | tok/sec: 269,937 | bf16_mfu: 0.00 | epoch: 1 pq: 4 rg: 52 | total time: 12.50m | eta: 20.1m
step 00394/01008 (39.09%) | loss: 3.477696 | lrm: 0.94 | dt: 1943.94ms | tok/sec: 269,703 | bf16_mfu: 0.00 | epoch: 1 pq: 4 rg: 53 | total time: 12.53m | eta: 20.0m
step 00395/01008 (39.19%) | loss: 3.463826 | lrm: 0.94 | dt: 1944.03ms | tok/sec: 269,690 | bf16_mfu: 0.00 | epoch: 1 pq: 4 rg: 54 | total time: 12.56m | eta: 20.0m
step 00396/01008 (39.29%) | loss: 3.469553 | lrm: 0.94 | dt: 1943.18ms | tok/sec: 269,809 | bf16_mfu: 0.00 | epoch: 1 pq: 4 rg: 55 | total time: 12.60m | eta: 20.0m
step 00397/01008 (39.38%) | loss: 3.465462 | lrm: 0.94 | dt: 1943.75ms | tok/sec: 269,730 | bf16_mfu: 0.00 | epoch: 1 pq: 4 rg: 55 | total time: 12.63m | eta: 19.9m
step 00398/01008 (39.48%) | loss: 3.457926 | lrm: 0.93 | dt: 1944.07ms | tok/sec: 269,686 | bf16_mfu: 0.00 | epoch: 1 pq: 4 rg: 56 | total time: 12.66m | eta: 19.9m
step 00399/01008 (39.58%) | loss: 3.465228 | lrm: 0.93 | dt: 1942.73ms | tok/sec: 269,871 | bf16_mfu: 0.00 | epoch: 1 pq: 4 rg: 57 | total time: 12.69m | eta: 19.9m
step 00400/01008 (39.68%) | loss: 3.462068 | lrm: 0.93 | dt: 1944.13ms | tok/sec: 269,676 | bf16_mfu: 0.00 | epoch: 1 pq: 4 rg: 58 | total time: 12.72m | eta: 19.8m
step 00401/01008 (39.78%) | loss: 3.464600 | lrm: 0.93 | dt: 1942.18ms | tok/sec: 269,948 | bf16_mfu: 0.00 | epoch: 1 pq: 4 rg: 59 | total time: 12.76m | eta: 19.8m
step 00402/01008 (39.88%) | loss: 3.467608 | lrm: 0.93 | dt: 1943.65ms | tok/sec: 269,743 | bf16_mfu: 0.00 | epoch: 1 pq: 4 rg: 60 | total time: 12.79m | eta: 19.8m
step 00403/01008 (39.98%) | loss: 3.455808 | lrm: 0.93 | dt: 1942.69ms | tok/sec: 269,877 | bf16_mfu: 0.00 | epoch: 1 pq: 4 rg: 61 | total time: 12.82m | eta: 19.7m
step 00404/01008 (40.08%) | loss: 3.459667 | lrm: 0.93 | dt: 1941.02ms | tok/sec: 270,110 | bf16_mfu: 0.00 | epoch: 1 pq: 4 rg: 62 | total time: 12.85m | eta: 19.7m
step 00405/01008 (40.18%) | loss: 3.454226 | lrm: 0.92 | dt: 1942.17ms | tok/sec: 269,950 | bf16_mfu: 0.00 | epoch: 1 pq: 4 rg: 63 | total time: 12.89m | eta: 19.7m
step 00406/01008 (40.28%) | loss: 3.447529 | lrm: 0.92 | dt: 1942.73ms | tok/sec: 269,871 | bf16_mfu: 0.00 | epoch: 1 pq: 4 rg: 64 | total time: 12.92m | eta: 19.6m
step 00407/01008 (40.38%) | loss: 3.457536 | lrm: 0.92 | dt: 1943.43ms | tok/sec: 269,774 | bf16_mfu: 0.00 | epoch: 1 pq: 4 rg: 65 | total time: 12.95m | eta: 19.6m
step 00408/01008 (40.48%) | loss: 3.467329 | lrm: 0.92 | dt: 1942.54ms | tok/sec: 269,897 | bf16_mfu: 0.00 | epoch: 1 pq: 4 rg: 66 | total time: 12.98m | eta: 19.6m
step 00409/01008 (40.58%) | loss: 3.463457 | lrm: 0.92 | dt: 1942.36ms | tok/sec: 269,923 | bf16_mfu: 0.00 | epoch: 1 pq: 4 rg: 67 | total time: 13.02m | eta: 19.5m
step 00410/01008 (40.67%) | loss: 3.461125 | lrm: 0.92 | dt: 1941.97ms | tok/sec: 269,977 | bf16_mfu: 0.00 | epoch: 1 pq: 4 rg: 68 | total time: 13.05m | eta: 19.5m
step 00411/01008 (40.77%) | loss: 3.465541 | lrm: 0.92 | dt: 1941.74ms | tok/sec: 270,010 | bf16_mfu: 0.00 | epoch: 1 pq: 4 rg: 69 | total time: 13.08m | eta: 19.5m
step 00412/01008 (40.87%) | loss: 3.458473 | lrm: 0.91 | dt: 1941.29ms | tok/sec: 270,072 | bf16_mfu: 0.00 | epoch: 1 pq: 4 rg: 70 | total time: 13.11m | eta: 19.4m
step 00413/01008 (40.97%) | loss: 3.449524 | lrm: 0.91 | dt: 1941.47ms | tok/sec: 270,046 | bf16_mfu: 0.00 | epoch: 1 pq: 4 rg: 71 | total time: 13.15m | eta: 19.4m
step 00414/01008 (41.07%) | loss: 3.441040 | lrm: 0.91 | dt: 1943.30ms | tok/sec: 269,793 | bf16_mfu: 0.00 | epoch: 1 pq: 4 rg: 72 | total time: 13.18m | eta: 19.4m
step 00415/01008 (41.17%) | loss: 3.436239 | lrm: 0.91 | dt: 1943.26ms | tok/sec: 269,798 | bf16_mfu: 0.00 | epoch: 1 pq: 4 rg: 73 | total time: 13.21m | eta: 19.3m
step 00416/01008 (41.27%) | loss: 3.419324 | lrm: 0.91 | dt: 1945.25ms | tok/sec: 269,522 | bf16_mfu: 0.00 | epoch: 1 pq: 4 rg: 74 | total time: 13.24m | eta: 19.3m
step 00417/01008 (41.37%) | loss: 3.416089 | lrm: 0.91 | dt: 1942.70ms | tok/sec: 269,875 | bf16_mfu: 0.00 | epoch: 1 pq: 4 rg: 75 | total time: 13.28m | eta: 19.3m
step 00418/01008 (41.47%) | loss: 3.423550 | lrm: 0.91 | dt: 1943.19ms | tok/sec: 269,807 | bf16_mfu: 0.00 | epoch: 1 pq: 4 rg: 76 | total time: 13.31m | eta: 19.2m
step 00419/01008 (41.57%) | loss: 3.431146 | lrm: 0.90 | dt: 1942.05ms | tok/sec: 269,966 | bf16_mfu: 0.00 | epoch: 1 pq: 4 rg: 77 | total time: 13.34m | eta: 19.2m
step 00420/01008 (41.67%) | loss: 3.427549 | lrm: 0.90 | dt: 1943.34ms | tok/sec: 269,786 | bf16_mfu: 0.00 | epoch: 1 pq: 4 rg: 78 | total time: 13.37m | eta: 19.2m
step 00421/01008 (41.77%) | loss: 3.434410 | lrm: 0.90 | dt: 1940.17ms | tok/sec: 270,227 | bf16_mfu: 0.00 | epoch: 1 pq: 4 rg: 79 | total time: 13.40m | eta: 19.1m
step 00422/01008 (41.87%) | loss: 3.425896 | lrm: 0.90 | dt: 1942.07ms | tok/sec: 269,963 | bf16_mfu: 0.00 | epoch: 1 pq: 4 rg: 80 | total time: 13.44m | eta: 19.1m
step 00423/01008 (41.96%) | loss: 3.427716 | lrm: 0.90 | dt: 1940.72ms | tok/sec: 270,151 | bf16_mfu: 0.00 | epoch: 1 pq: 4 rg: 81 | total time: 13.47m | eta: 19.1m
step 00424/01008 (42.06%) | loss: 3.435341 | lrm: 0.90 | dt: 1941.85ms | tok/sec: 269,993 | bf16_mfu: 0.00 | epoch: 1 pq: 5 rg: 0 | total time: 13.50m | eta: 19.0m
step 00425/01008 (42.16%) | loss: 3.436827 | lrm: 0.90 | dt: 1941.06ms | tok/sec: 270,103 | bf16_mfu: 0.00 | epoch: 1 pq: 5 rg: 1 | total time: 13.53m | eta: 19.0m
step 00426/01008 (42.26%) | loss: 3.437273 | lrm: 0.89 | dt: 1941.89ms | tok/sec: 269,988 | bf16_mfu: 0.00 | epoch: 1 pq: 5 rg: 2 | total time: 13.57m | eta: 19.0m
step 00427/01008 (42.36%) | loss: 3.433551 | lrm: 0.89 | dt: 1941.81ms | tok/sec: 269,999 | bf16_mfu: 0.00 | epoch: 1 pq: 5 rg: 3 | total time: 13.60m | eta: 18.9m
step 00428/01008 (42.46%) | loss: 3.433694 | lrm: 0.89 | dt: 1940.94ms | tok/sec: 270,120 | bf16_mfu: 0.00 | epoch: 1 pq: 5 rg: 4 | total time: 13.63m | eta: 18.9m
step 00429/01008 (42.56%) | loss: 3.428782 | lrm: 0.89 | dt: 1939.63ms | tok/sec: 270,303 | bf16_mfu: 0.00 | epoch: 1 pq: 5 rg: 4 | total time: 13.66m | eta: 18.9m
step 00430/01008 (42.66%) | loss: 3.432524 | lrm: 0.89 | dt: 1940.27ms | tok/sec: 270,214 | bf16_mfu: 0.00 | epoch: 1 pq: 5 rg: 5 | total time: 13.70m | eta: 18.8m
step 00431/01008 (42.76%) | loss: 3.425718 | lrm: 0.89 | dt: 1939.54ms | tok/sec: 270,315 | bf16_mfu: 0.00 | epoch: 1 pq: 5 rg: 6 | total time: 13.73m | eta: 18.8m
step 00432/01008 (42.86%) | loss: 3.424113 | lrm: 0.89 | dt: 1940.37ms | tok/sec: 270,200 | bf16_mfu: 0.00 | epoch: 1 pq: 5 rg: 7 | total time: 13.76m | eta: 18.8m
step 00433/01008 (42.96%) | loss: 3.415175 | lrm: 0.88 | dt: 1941.19ms | tok/sec: 270,086 | bf16_mfu: 0.00 | epoch: 1 pq: 5 rg: 8 | total time: 13.79m | eta: 18.7m
step 00434/01008 (43.06%) | loss: 3.413162 | lrm: 0.88 | dt: 1939.92ms | tok/sec: 270,263 | bf16_mfu: 0.00 | epoch: 1 pq: 5 rg: 9 | total time: 13.83m | eta: 18.7m
step 00435/01008 (43.15%) | loss: 3.412766 | lrm: 0.88 | dt: 1941.01ms | tok/sec: 270,110 | bf16_mfu: 0.00 | epoch: 1 pq: 5 rg: 10 | total time: 13.86m | eta: 18.7m
step 00436/01008 (43.25%) | loss: 3.417387 | lrm: 0.88 | dt: 1941.60ms | tok/sec: 270,029 | bf16_mfu: 0.00 | epoch: 1 pq: 5 rg: 11 | total time: 13.89m | eta: 18.7m
step 00437/01008 (43.35%) | loss: 3.413744 | lrm: 0.88 | dt: 1941.51ms | tok/sec: 270,040 | bf16_mfu: 0.00 | epoch: 1 pq: 5 rg: 12 | total time: 13.92m | eta: 18.6m
step 00438/01008 (43.45%) | loss: 3.397798 | lrm: 0.88 | dt: 1941.07ms | tok/sec: 270,103 | bf16_mfu: 0.00 | epoch: 1 pq: 5 rg: 13 | total time: 13.95m | eta: 18.6m
step 00439/01008 (43.55%) | loss: 3.402291 | lrm: 0.88 | dt: 1942.09ms | tok/sec: 269,961 | bf16_mfu: 0.00 | epoch: 1 pq: 5 rg: 14 | total time: 13.99m | eta: 18.6m
step 00440/01008 (43.65%) | loss: 3.395534 | lrm: 0.87 | dt: 1943.40ms | tok/sec: 269,778 | bf16_mfu: 0.00 | epoch: 1 pq: 5 rg: 15 | total time: 14.02m | eta: 18.5m
step 00441/01008 (43.75%) | loss: 3.397970 | lrm: 0.87 | dt: 1944.18ms | tok/sec: 269,670 | bf16_mfu: 0.00 | epoch: 1 pq: 5 rg: 16 | total time: 14.05m | eta: 18.5m
step 00442/01008 (43.85%) | loss: 3.398507 | lrm: 0.87 | dt: 1942.45ms | tok/sec: 269,910 | bf16_mfu: 0.00 | epoch: 1 pq: 5 rg: 17 | total time: 14.08m | eta: 18.5m
step 00443/01008 (43.95%) | loss: 3.402612 | lrm: 0.87 | dt: 1943.32ms | tok/sec: 269,789 | bf16_mfu: 0.00 | epoch: 1 pq: 5 rg: 18 | total time: 14.12m | eta: 18.4m
step 00444/01008 (44.05%) | loss: 3.389229 | lrm: 0.87 | dt: 1941.78ms | tok/sec: 270,003 | bf16_mfu: 0.00 | epoch: 1 pq: 5 rg: 19 | total time: 14.15m | eta: 18.4m
step 00445/01008 (44.15%) | loss: 3.375168 | lrm: 0.87 | dt: 1942.97ms | tok/sec: 269,839 | bf16_mfu: 0.00 | epoch: 1 pq: 5 rg: 20 | total time: 14.18m | eta: 18.4m
step 00446/01008 (44.25%) | loss: 3.375504 | lrm: 0.87 | dt: 1942.12ms | tok/sec: 269,956 | bf16_mfu: 0.00 | epoch: 1 pq: 5 rg: 21 | total time: 14.21m | eta: 18.3m
step 00447/01008 (44.35%) | loss: 3.371680 | lrm: 0.86 | dt: 1942.12ms | tok/sec: 269,956 | bf16_mfu: 0.00 | epoch: 1 pq: 5 rg: 22 | total time: 14.25m | eta: 18.3m
step 00448/01008 (44.44%) | loss: 3.364103 | lrm: 0.86 | dt: 1943.10ms | tok/sec: 269,820 | bf16_mfu: 0.00 | epoch: 1 pq: 5 rg: 23 | total time: 14.28m | eta: 18.3m
step 00449/01008 (44.54%) | loss: 3.368632 | lrm: 0.86 | dt: 1941.75ms | tok/sec: 270,008 | bf16_mfu: 0.00 | epoch: 1 pq: 5 rg: 24 | total time: 14.31m | eta: 18.2m
step 00450/01008 (44.64%) | loss: 3.374696 | lrm: 0.86 | dt: 1941.65ms | tok/sec: 270,022 | bf16_mfu: 0.00 | epoch: 1 pq: 5 rg: 25 | total time: 14.34m | eta: 18.2m
step 00451/01008 (44.74%) | loss: 3.383436 | lrm: 0.86 | dt: 1942.48ms | tok/sec: 269,906 | bf16_mfu: 0.00 | epoch: 1 pq: 5 rg: 26 | total time: 14.38m | eta: 18.2m
step 00452/01008 (44.84%) | loss: 3.388287 | lrm: 0.86 | dt: 1941.39ms | tok/sec: 270,058 | bf16_mfu: 0.00 | epoch: 1 pq: 5 rg: 27 | total time: 14.41m | eta: 18.1m
step 00453/01008 (44.94%) | loss: 3.400169 | lrm: 0.85 | dt: 1941.66ms | tok/sec: 270,020 | bf16_mfu: 0.00 | epoch: 1 pq: 5 rg: 28 | total time: 14.44m | eta: 18.1m
step 00454/01008 (45.04%) | loss: 3.404594 | lrm: 0.85 | dt: 1941.34ms | tok/sec: 270,064 | bf16_mfu: 0.00 | epoch: 1 pq: 5 rg: 29 | total time: 14.47m | eta: 18.1m
step 00455/01008 (45.14%) | loss: 3.391760 | lrm: 0.85 | dt: 1940.17ms | tok/sec: 270,228 | bf16_mfu: 0.00 | epoch: 1 pq: 5 rg: 29 | total time: 14.50m | eta: 18.0m
step 00456/01008 (45.24%) | loss: 3.390695 | lrm: 0.85 | dt: 1941.79ms | tok/sec: 270,002 | bf16_mfu: 0.00 | epoch: 1 pq: 5 rg: 30 | total time: 14.54m | eta: 18.0m
step 00457/01008 (45.34%) | loss: 3.388667 | lrm: 0.85 | dt: 1941.74ms | tok/sec: 270,008 | bf16_mfu: 0.00 | epoch: 1 pq: 5 rg: 31 | total time: 14.57m | eta: 18.0m
step 00458/01008 (45.44%) | loss: 3.394284 | lrm: 0.85 | dt: 1941.76ms | tok/sec: 270,006 | bf16_mfu: 0.00 | epoch: 1 pq: 5 rg: 32 | total time: 14.60m | eta: 17.9m
step 00459/01008 (45.54%) | loss: 3.390132 | lrm: 0.85 | dt: 1941.96ms | tok/sec: 269,979 | bf16_mfu: 0.00 | epoch: 1 pq: 5 rg: 33 | total time: 14.63m | eta: 17.9m
step 00460/01008 (45.63%) | loss: 3.380207 | lrm: 0.84 | dt: 1940.99ms | tok/sec: 270,113 | bf16_mfu: 0.00 | epoch: 1 pq: 5 rg: 34 | total time: 14.67m | eta: 17.9m
step 00461/01008 (45.73%) | loss: 3.379269 | lrm: 0.84 | dt: 1942.14ms | tok/sec: 269,954 | bf16_mfu: 0.00 | epoch: 1 pq: 5 rg: 35 | total time: 14.70m | eta: 17.8m
step 00462/01008 (45.83%) | loss: 3.370345 | lrm: 0.84 | dt: 1942.21ms | tok/sec: 269,944 | bf16_mfu: 0.00 | epoch: 1 pq: 5 rg: 36 | total time: 14.73m | eta: 17.8m
step 00463/01008 (45.93%) | loss: 3.375287 | lrm: 0.84 | dt: 1940.46ms | tok/sec: 270,187 | bf16_mfu: 0.00 | epoch: 1 pq: 5 rg: 37 | total time: 14.76m | eta: 17.8m
step 00464/01008 (46.03%) | loss: 3.372898 | lrm: 0.84 | dt: 1940.49ms | tok/sec: 270,183 | bf16_mfu: 0.00 | epoch: 1 pq: 5 rg: 38 | total time: 14.80m | eta: 17.7m
step 00465/01008 (46.13%) | loss: 3.377483 | lrm: 0.84 | dt: 1941.61ms | tok/sec: 270,027 | bf16_mfu: 0.00 | epoch: 1 pq: 5 rg: 39 | total time: 14.83m | eta: 17.7m
step 00466/01008 (46.23%) | loss: 3.379882 | lrm: 0.84 | dt: 1942.62ms | tok/sec: 269,886 | bf16_mfu: 0.00 | epoch: 1 pq: 5 rg: 40 | total time: 14.86m | eta: 17.7m
step 00467/01008 (46.33%) | loss: 3.378133 | lrm: 0.83 | dt: 1941.91ms | tok/sec: 269,986 | bf16_mfu: 0.00 | epoch: 1 pq: 5 rg: 41 | total time: 14.89m | eta: 17.6m
step 00468/01008 (46.43%) | loss: 3.376112 | lrm: 0.83 | dt: 1942.67ms | tok/sec: 269,880 | bf16_mfu: 0.00 | epoch: 1 pq: 5 rg: 42 | total time: 14.93m | eta: 17.6m
step 00469/01008 (46.53%) | loss: 3.385868 | lrm: 0.83 | dt: 1944.74ms | tok/sec: 269,593 | bf16_mfu: 0.00 | epoch: 1 pq: 5 rg: 43 | total time: 14.96m | eta: 17.6m
step 00470/01008 (46.63%) | loss: 3.378047 | lrm: 0.83 | dt: 1942.95ms | tok/sec: 269,841 | bf16_mfu: 0.00 | epoch: 1 pq: 5 rg: 44 | total time: 14.99m | eta: 17.5m
step 00471/01008 (46.73%) | loss: 3.371671 | lrm: 0.83 | dt: 1941.29ms | tok/sec: 270,072 | bf16_mfu: 0.00 | epoch: 1 pq: 5 rg: 45 | total time: 15.02m | eta: 17.5m
step 00472/01008 (46.83%) | loss: 3.362980 | lrm: 0.83 | dt: 1940.51ms | tok/sec: 270,180 | bf16_mfu: 0.00 | epoch: 1 pq: 5 rg: 46 | total time: 15.06m | eta: 17.5m
step 00473/01008 (46.92%) | loss: 3.361960 | lrm: 0.83 | dt: 1940.25ms | tok/sec: 270,217 | bf16_mfu: 0.00 | epoch: 1 pq: 5 rg: 47 | total time: 15.09m | eta: 17.4m
step 00474/01008 (47.02%) | loss: 3.375056 | lrm: 0.82 | dt: 1941.52ms | tok/sec: 270,039 | bf16_mfu: 0.00 | epoch: 1 pq: 5 rg: 48 | total time: 15.12m | eta: 17.4m
step 00475/01008 (47.12%) | loss: 3.375792 | lrm: 0.82 | dt: 1943.41ms | tok/sec: 269,777 | bf16_mfu: 0.00 | epoch: 1 pq: 5 rg: 49 | total time: 15.15m | eta: 17.4m
step 00476/01008 (47.22%) | loss: 3.372394 | lrm: 0.82 | dt: 1941.33ms | tok/sec: 270,066 | bf16_mfu: 0.00 | epoch: 1 pq: 5 rg: 50 | total time: 15.18m | eta: 17.3m
step 00477/01008 (47.32%) | loss: 3.374096 | lrm: 0.82 | dt: 1944.14ms | tok/sec: 269,676 | bf16_mfu: 0.00 | epoch: 1 pq: 5 rg: 51 | total time: 15.22m | eta: 17.3m
step 00478/01008 (47.42%) | loss: 3.370138 | lrm: 0.82 | dt: 1943.05ms | tok/sec: 269,826 | bf16_mfu: 0.00 | epoch: 1 pq: 5 rg: 52 | total time: 15.25m | eta: 17.3m
step 00479/01008 (47.52%) | loss: 3.365998 | lrm: 0.82 | dt: 1944.19ms | tok/sec: 269,669 | bf16_mfu: 0.00 | epoch: 1 pq: 5 rg: 53 | total time: 15.28m | eta: 17.2m
step 00480/01008 (47.62%) | loss: 3.347726 | lrm: 0.82 | dt: 1942.66ms | tok/sec: 269,881 | bf16_mfu: 0.00 | epoch: 1 pq: 5 rg: 54 | total time: 15.31m | eta: 17.2m
step 00481/01008 (47.72%) | loss: 3.351736 | lrm: 0.81 | dt: 1943.01ms | tok/sec: 269,833 | bf16_mfu: 0.00 | epoch: 1 pq: 5 rg: 55 | total time: 15.35m | eta: 17.2m
step 00482/01008 (47.82%) | loss: 3.350087 | lrm: 0.81 | dt: 1942.51ms | tok/sec: 269,902 | bf16_mfu: 0.00 | epoch: 1 pq: 5 rg: 56 | total time: 15.38m | eta: 17.1m
step 00483/01008 (47.92%) | loss: 3.350202 | lrm: 0.81 | dt: 1942.65ms | tok/sec: 269,882 | bf16_mfu: 0.00 | epoch: 1 pq: 5 rg: 57 | total time: 15.41m | eta: 17.1m
step 00484/01008 (48.02%) | loss: 3.336440 | lrm: 0.81 | dt: 1943.27ms | tok/sec: 269,797 | bf16_mfu: 0.00 | epoch: 1 pq: 5 rg: 58 | total time: 15.44m | eta: 17.1m
step 00485/01008 (48.12%) | loss: 3.326911 | lrm: 0.81 | dt: 1943.62ms | tok/sec: 269,748 | bf16_mfu: 0.00 | epoch: 1 pq: 5 rg: 59 | total time: 15.48m | eta: 17.0m
step 00486/01008 (48.21%) | loss: 3.327152 | lrm: 0.81 | dt: 1943.04ms | tok/sec: 269,828 | bf16_mfu: 0.00 | epoch: 1 pq: 5 rg: 60 | total time: 15.51m | eta: 17.0m
step 00487/01008 (48.31%) | loss: 3.311751 | lrm: 0.81 | dt: 1942.59ms | tok/sec: 269,890 | bf16_mfu: 0.00 | epoch: 1 pq: 5 rg: 61 | total time: 15.54m | eta: 17.0m
step 00488/01008 (48.41%) | loss: 3.329054 | lrm: 0.80 | dt: 1943.77ms | tok/sec: 269,726 | bf16_mfu: 0.00 | epoch: 1 pq: 5 rg: 61 | total time: 15.57m | eta: 16.9m
step 00489/01008 (48.51%) | loss: 3.326628 | lrm: 0.80 | dt: 1944.37ms | tok/sec: 269,644 | bf16_mfu: 0.00 | epoch: 1 pq: 5 rg: 62 | total time: 15.61m | eta: 16.9m
step 00490/01008 (48.61%) | loss: 3.326667 | lrm: 0.80 | dt: 1943.63ms | tok/sec: 269,747 | bf16_mfu: 0.00 | epoch: 1 pq: 5 rg: 63 | total time: 15.64m | eta: 16.9m
step 00491/01008 (48.71%) | loss: 3.327743 | lrm: 0.80 | dt: 1943.12ms | tok/sec: 269,817 | bf16_mfu: 0.00 | epoch: 1 pq: 5 rg: 64 | total time: 15.67m | eta: 16.8m
step 00492/01008 (48.81%) | loss: 3.324953 | lrm: 0.80 | dt: 1942.38ms | tok/sec: 269,920 | bf16_mfu: 0.00 | epoch: 1 pq: 5 rg: 65 | total time: 15.70m | eta: 16.8m
step 00493/01008 (48.91%) | loss: 3.328019 | lrm: 0.80 | dt: 1943.69ms | tok/sec: 269,738 | bf16_mfu: 0.00 | epoch: 1 pq: 5 rg: 66 | total time: 15.74m | eta: 16.8m
step 00494/01008 (49.01%) | loss: 3.326887 | lrm: 0.80 | dt: 1944.09ms | tok/sec: 269,682 | bf16_mfu: 0.00 | epoch: 1 pq: 5 rg: 67 | total time: 15.77m | eta: 16.7m
step 00495/01008 (49.11%) | loss: 3.319389 | lrm: 0.79 | dt: 1942.78ms | tok/sec: 269,865 | bf16_mfu: 0.00 | epoch: 1 pq: 5 rg: 68 | total time: 15.80m | eta: 16.7m
step 00496/01008 (49.21%) | loss: 3.322444 | lrm: 0.79 | dt: 1943.94ms | tok/sec: 269,703 | bf16_mfu: 0.00 | epoch: 1 pq: 5 rg: 69 | total time: 15.83m | eta: 16.7m
step 00497/01008 (49.31%) | loss: 3.332504 | lrm: 0.79 | dt: 1942.72ms | tok/sec: 269,873 | bf16_mfu: 0.00 | epoch: 1 pq: 5 rg: 70 | total time: 15.86m | eta: 16.6m
step 00498/01008 (49.40%) | loss: 3.329756 | lrm: 0.79 | dt: 1941.28ms | tok/sec: 270,073 | bf16_mfu: 0.00 | epoch: 1 pq: 5 rg: 71 | total time: 15.90m | eta: 16.6m
step 00499/01008 (49.50%) | loss: 3.335832 | lrm: 0.79 | dt: 1942.13ms | tok/sec: 269,954 | bf16_mfu: 0.00 | epoch: 1 pq: 5 rg: 72 | total time: 15.93m | eta: 16.6m
Step 00500 | Validation bpb: 1.012645
step 00500/01008 (49.60%) | loss: 3.345160 | lrm: 0.79 | dt: 1929.64ms | tok/sec: 271,703 | bf16_mfu: 0.00 | epoch: 1 pq: 5 rg: 73 | total time: 15.96m | eta: 16.5m
step 00501/01008 (49.70%) | loss: 3.337436 | lrm: 0.79 | dt: 1930.89ms | tok/sec: 271,527 | bf16_mfu: 0.00 | epoch: 1 pq: 5 rg: 74 | total time: 15.99m | eta: 16.5m
step 00502/01008 (49.80%) | loss: 3.333833 | lrm: 0.78 | dt: 1934.88ms | tok/sec: 270,966 | bf16_mfu: 0.00 | epoch: 1 pq: 5 rg: 75 | total time: 16.03m | eta: 16.5m
step 00503/01008 (49.90%) | loss: 3.324893 | lrm: 0.78 | dt: 1935.07ms | tok/sec: 270,940 | bf16_mfu: 0.00 | epoch: 1 pq: 5 rg: 76 | total time: 16.06m | eta: 16.4m
step 00504/01008 (50.00%) | loss: 3.320343 | lrm: 0.78 | dt: 1934.55ms | tok/sec: 271,012 | bf16_mfu: 0.00 | epoch: 1 pq: 5 rg: 77 | total time: 16.09m | eta: 16.4m
step 00505/01008 (50.10%) | loss: 3.326395 | lrm: 0.78 | dt: 1933.63ms | tok/sec: 271,141 | bf16_mfu: 0.00 | epoch: 1 pq: 5 rg: 78 | total time: 16.12m | eta: 16.4m
step 00506/01008 (50.20%) | loss: 3.316626 | lrm: 0.78 | dt: 1935.71ms | tok/sec: 270,850 | bf16_mfu: 0.00 | epoch: 1 pq: 5 rg: 79 | total time: 16.15m | eta: 16.4m
step 00507/01008 (50.30%) | loss: 3.316651 | lrm: 0.78 | dt: 1935.41ms | tok/sec: 270,892 | bf16_mfu: 0.00 | epoch: 1 pq: 5 rg: 80 | total time: 16.19m | eta: 16.3m
step 00508/01008 (50.40%) | loss: 3.316618 | lrm: 0.78 | dt: 1935.82ms | tok/sec: 270,835 | bf16_mfu: 0.00 | epoch: 1 pq: 5 rg: 81 | total time: 16.22m | eta: 16.3m
step 00509/01008 (50.50%) | loss: 3.322979 | lrm: 0.77 | dt: 1934.28ms | tok/sec: 271,051 | bf16_mfu: 0.00 | epoch: 1 pq: 5 rg: 82 | total time: 16.25m | eta: 16.3m
step 00510/01008 (50.60%) | loss: 3.308203 | lrm: 0.77 | dt: 1936.00ms | tok/sec: 270,809 | bf16_mfu: 0.00 | epoch: 1 pq: 6 rg: 0 | total time: 16.28m | eta: 16.2m
step 00511/01008 (50.69%) | loss: 3.305168 | lrm: 0.77 | dt: 1935.91ms | tok/sec: 270,822 | bf16_mfu: 0.00 | epoch: 1 pq: 6 rg: 1 | total time: 16.32m | eta: 16.2m
step 00512/01008 (50.79%) | loss: 3.308665 | lrm: 0.77 | dt: 1936.82ms | tok/sec: 270,694 | bf16_mfu: 0.00 | epoch: 1 pq: 6 rg: 2 | total time: 16.35m | eta: 16.2m
step 00513/01008 (50.89%) | loss: 3.299343 | lrm: 0.77 | dt: 1936.01ms | tok/sec: 270,808 | bf16_mfu: 0.00 | epoch: 1 pq: 6 rg: 3 | total time: 16.38m | eta: 16.1m
step 00514/01008 (50.99%) | loss: 3.301049 | lrm: 0.77 | dt: 1936.49ms | tok/sec: 270,741 | bf16_mfu: 0.00 | epoch: 1 pq: 6 rg: 4 | total time: 16.41m | eta: 16.1m
step 00515/01008 (51.09%) | loss: 3.303899 | lrm: 0.77 | dt: 1937.15ms | tok/sec: 270,649 | bf16_mfu: 0.00 | epoch: 1 pq: 6 rg: 5 | total time: 16.45m | eta: 16.1m
step 00516/01008 (51.19%) | loss: 3.305653 | lrm: 0.76 | dt: 1937.68ms | tok/sec: 270,575 | bf16_mfu: 0.00 | epoch: 1 pq: 6 rg: 6 | total time: 16.48m | eta: 16.0m
step 00517/01008 (51.29%) | loss: 3.296539 | lrm: 0.76 | dt: 1937.90ms | tok/sec: 270,544 | bf16_mfu: 0.00 | epoch: 1 pq: 6 rg: 7 | total time: 16.51m | eta: 16.0m
step 00518/01008 (51.39%) | loss: 3.290985 | lrm: 0.76 | dt: 1940.57ms | tok/sec: 270,172 | bf16_mfu: 0.00 | epoch: 1 pq: 6 rg: 8 | total time: 16.54m | eta: 16.0m
step 00519/01008 (51.49%) | loss: 3.295313 | lrm: 0.76 | dt: 1940.50ms | tok/sec: 270,181 | bf16_mfu: 0.00 | epoch: 1 pq: 6 rg: 9 | total time: 16.57m | eta: 15.9m
step 00520/01008 (51.59%) | loss: 3.287786 | lrm: 0.76 | dt: 1939.65ms | tok/sec: 270,299 | bf16_mfu: 0.00 | epoch: 1 pq: 6 rg: 9 | total time: 16.61m | eta: 15.9m
step 00521/01008 (51.69%) | loss: 3.292069 | lrm: 0.76 | dt: 1939.58ms | tok/sec: 270,309 | bf16_mfu: 0.00 | epoch: 1 pq: 6 rg: 10 | total time: 16.64m | eta: 15.9m
step 00522/01008 (51.79%) | loss: 3.285943 | lrm: 0.75 | dt: 1940.34ms | tok/sec: 270,204 | bf16_mfu: 0.00 | epoch: 1 pq: 6 rg: 11 | total time: 16.67m | eta: 15.8m
step 00523/01008 (51.88%) | loss: 3.292088 | lrm: 0.75 | dt: 1940.52ms | tok/sec: 270,179 | bf16_mfu: 0.00 | epoch: 1 pq: 6 rg: 12 | total time: 16.70m | eta: 15.8m
step 00524/01008 (51.98%) | loss: 3.295336 | lrm: 0.75 | dt: 1941.01ms | tok/sec: 270,110 | bf16_mfu: 0.00 | epoch: 1 pq: 6 rg: 13 | total time: 16.74m | eta: 15.8m
step 00525/01008 (52.08%) | loss: 3.301017 | lrm: 0.75 | dt: 1940.27ms | tok/sec: 270,213 | bf16_mfu: 0.00 | epoch: 1 pq: 6 rg: 14 | total time: 16.77m | eta: 15.7m
step 00526/01008 (52.18%) | loss: 3.284769 | lrm: 0.75 | dt: 1941.32ms | tok/sec: 270,068 | bf16_mfu: 0.00 | epoch: 1 pq: 6 rg: 15 | total time: 16.80m | eta: 15.7m
step 00527/01008 (52.28%) | loss: 3.272907 | lrm: 0.75 | dt: 1941.48ms | tok/sec: 270,044 | bf16_mfu: 0.00 | epoch: 1 pq: 6 rg: 16 | total time: 16.83m | eta: 15.7m
step 00528/01008 (52.38%) | loss: 3.276339 | lrm: 0.75 | dt: 1939.91ms | tok/sec: 270,263 | bf16_mfu: 0.00 | epoch: 1 pq: 6 rg: 17 | total time: 16.87m | eta: 15.6m
step 00529/01008 (52.48%) | loss: 3.282232 | lrm: 0.74 | dt: 1940.95ms | tok/sec: 270,118 | bf16_mfu: 0.00 | epoch: 1 pq: 6 rg: 18 | total time: 16.90m | eta: 15.6m
step 00530/01008 (52.58%) | loss: 3.287873 | lrm: 0.74 | dt: 1939.28ms | tok/sec: 270,352 | bf16_mfu: 0.00 | epoch: 1 pq: 6 rg: 19 | total time: 16.93m | eta: 15.6m
step 00531/01008 (52.68%) | loss: 3.283305 | lrm: 0.74 | dt: 1940.38ms | tok/sec: 270,198 | bf16_mfu: 0.00 | epoch: 1 pq: 6 rg: 20 | total time: 16.96m | eta: 15.5m
step 00532/01008 (52.78%) | loss: 3.292935 | lrm: 0.74 | dt: 1940.74ms | tok/sec: 270,147 | bf16_mfu: 0.00 | epoch: 1 pq: 6 rg: 21 | total time: 17.00m | eta: 15.5m
step 00533/01008 (52.88%) | loss: 3.280604 | lrm: 0.74 | dt: 1944.34ms | tok/sec: 269,648 | bf16_mfu: 0.00 | epoch: 1 pq: 6 rg: 22 | total time: 17.03m | eta: 15.5m
step 00534/01008 (52.98%) | loss: 3.289029 | lrm: 0.74 | dt: 1940.29ms | tok/sec: 270,211 | bf16_mfu: 0.00 | epoch: 1 pq: 6 rg: 23 | total time: 17.06m | eta: 15.4m
step 00535/01008 (53.08%) | loss: 3.287398 | lrm: 0.74 | dt: 1940.92ms | tok/sec: 270,123 | bf16_mfu: 0.00 | epoch: 1 pq: 6 rg: 24 | total time: 17.09m | eta: 15.4m
step 00536/01008 (53.17%) | loss: 3.290153 | lrm: 0.73 | dt: 1940.28ms | tok/sec: 270,213 | bf16_mfu: 0.00 | epoch: 1 pq: 6 rg: 25 | total time: 17.12m | eta: 15.4m
step 00537/01008 (53.27%) | loss: 3.294377 | lrm: 0.73 | dt: 1941.34ms | tok/sec: 270,065 | bf16_mfu: 0.00 | epoch: 1 pq: 6 rg: 26 | total time: 17.16m | eta: 15.3m
step 00538/01008 (53.37%) | loss: 3.286436 | lrm: 0.73 | dt: 1940.94ms | tok/sec: 270,120 | bf16_mfu: 0.00 | epoch: 1 pq: 6 rg: 27 | total time: 17.19m | eta: 15.3m
step 00539/01008 (53.47%) | loss: 3.285679 | lrm: 0.73 | dt: 1940.98ms | tok/sec: 270,114 | bf16_mfu: 0.00 | epoch: 1 pq: 6 rg: 28 | total time: 17.22m | eta: 15.3m
step 00540/01008 (53.57%) | loss: 3.275741 | lrm: 0.73 | dt: 1941.31ms | tok/sec: 270,069 | bf16_mfu: 0.00 | epoch: 1 pq: 6 rg: 29 | total time: 17.25m | eta: 15.2m
step 00541/01008 (53.67%) | loss: 3.261485 | lrm: 0.73 | dt: 1941.90ms | tok/sec: 269,987 | bf16_mfu: 0.00 | epoch: 1 pq: 6 rg: 30 | total time: 17.29m | eta: 15.2m
step 00542/01008 (53.77%) | loss: 3.265000 | lrm: 0.73 | dt: 1942.12ms | tok/sec: 269,956 | bf16_mfu: 0.00 | epoch: 1 pq: 6 rg: 31 | total time: 17.32m | eta: 15.2m
step 00543/01008 (53.87%) | loss: 3.267201 | lrm: 0.72 | dt: 1942.90ms | tok/sec: 269,848 | bf16_mfu: 0.00 | epoch: 1 pq: 6 rg: 32 | total time: 17.35m | eta: 15.1m
step 00544/01008 (53.97%) | loss: 3.267690 | lrm: 0.72 | dt: 1941.06ms | tok/sec: 270,104 | bf16_mfu: 0.00 | epoch: 1 pq: 6 rg: 33 | total time: 17.38m | eta: 15.1m
step 00545/01008 (54.07%) | loss: 3.271367 | lrm: 0.72 | dt: 1940.52ms | tok/sec: 270,178 | bf16_mfu: 0.00 | epoch: 1 pq: 6 rg: 34 | total time: 17.42m | eta: 15.1m
step 00546/01008 (54.17%) | loss: 3.283400 | lrm: 0.72 | dt: 1940.59ms | tok/sec: 270,169 | bf16_mfu: 0.00 | epoch: 1 pq: 6 rg: 34 | total time: 17.45m | eta: 15.0m
step 00547/01008 (54.27%) | loss: 3.281975 | lrm: 0.72 | dt: 1942.31ms | tok/sec: 269,930 | bf16_mfu: 0.00 | epoch: 1 pq: 6 rg: 35 | total time: 17.48m | eta: 15.0m
step 00548/01008 (54.37%) | loss: 3.279183 | lrm: 0.72 | dt: 1942.50ms | tok/sec: 269,904 | bf16_mfu: 0.00 | epoch: 1 pq: 6 rg: 36 | total time: 17.51m | eta: 15.0m
step 00549/01008 (54.46%) | loss: 3.270182 | lrm: 0.72 | dt: 1941.52ms | tok/sec: 270,040 | bf16_mfu: 0.00 | epoch: 1 pq: 6 rg: 37 | total time: 17.55m | eta: 14.9m
step 00550/01008 (54.56%) | loss: 3.262612 | lrm: 0.71 | dt: 1942.76ms | tok/sec: 269,867 | bf16_mfu: 0.00 | epoch: 1 pq: 6 rg: 38 | total time: 17.58m | eta: 14.9m
step 00551/01008 (54.66%) | loss: 3.261492 | lrm: 0.71 | dt: 1943.16ms | tok/sec: 269,812 | bf16_mfu: 0.00 | epoch: 1 pq: 6 rg: 39 | total time: 17.61m | eta: 14.9m
step 00552/01008 (54.76%) | loss: 3.265413 | lrm: 0.71 | dt: 1942.32ms | tok/sec: 269,929 | bf16_mfu: 0.00 | epoch: 1 pq: 6 rg: 40 | total time: 17.64m | eta: 14.8m
step 00553/01008 (54.86%) | loss: 3.261086 | lrm: 0.71 | dt: 1942.04ms | tok/sec: 269,967 | bf16_mfu: 0.00 | epoch: 1 pq: 6 rg: 41 | total time: 17.67m | eta: 14.8m
step 00554/01008 (54.96%) | loss: 3.256305 | lrm: 0.71 | dt: 1941.40ms | tok/sec: 270,057 | bf16_mfu: 0.00 | epoch: 1 pq: 6 rg: 42 | total time: 17.71m | eta: 14.8m
step 00555/01008 (55.06%) | loss: 3.263956 | lrm: 0.71 | dt: 1941.25ms | tok/sec: 270,077 | bf16_mfu: 0.00 | epoch: 1 pq: 6 rg: 43 | total time: 17.74m | eta: 14.7m
step 00556/01008 (55.16%) | loss: 3.256794 | lrm: 0.71 | dt: 1942.57ms | tok/sec: 269,893 | bf16_mfu: 0.00 | epoch: 1 pq: 6 rg: 44 | total time: 17.77m | eta: 14.7m
step 00557/01008 (55.26%) | loss: 3.259853 | lrm: 0.70 | dt: 1941.55ms | tok/sec: 270,036 | bf16_mfu: 0.00 | epoch: 1 pq: 6 rg: 45 | total time: 17.80m | eta: 14.7m
step 00558/01008 (55.36%) | loss: 3.248994 | lrm: 0.70 | dt: 1943.64ms | tok/sec: 269,745 | bf16_mfu: 0.00 | epoch: 1 pq: 6 rg: 46 | total time: 17.84m | eta: 14.6m
step 00559/01008 (55.46%) | loss: 3.253791 | lrm: 0.70 | dt: 1943.84ms | tok/sec: 269,718 | bf16_mfu: 0.00 | epoch: 1 pq: 6 rg: 47 | total time: 17.87m | eta: 14.6m
step 00560/01008 (55.56%) | loss: 3.266534 | lrm: 0.70 | dt: 1943.45ms | tok/sec: 269,771 | bf16_mfu: 0.00 | epoch: 1 pq: 6 rg: 48 | total time: 17.90m | eta: 14.6m
step 00561/01008 (55.65%) | loss: 3.265619 | lrm: 0.70 | dt: 1943.26ms | tok/sec: 269,797 | bf16_mfu: 0.00 | epoch: 1 pq: 6 rg: 49 | total time: 17.93m | eta: 14.5m
step 00562/01008 (55.75%) | loss: 3.253761 | lrm: 0.70 | dt: 1941.49ms | tok/sec: 270,043 | bf16_mfu: 0.00 | epoch: 1 pq: 6 rg: 50 | total time: 17.97m | eta: 14.5m
step 00563/01008 (55.85%) | loss: 3.251093 | lrm: 0.70 | dt: 1943.98ms | tok/sec: 269,698 | bf16_mfu: 0.00 | epoch: 1 pq: 6 rg: 51 | total time: 18.00m | eta: 14.5m
step 00564/01008 (55.95%) | loss: 3.253994 | lrm: 0.69 | dt: 1942.64ms | tok/sec: 269,884 | bf16_mfu: 0.00 | epoch: 1 pq: 6 rg: 52 | total time: 18.03m | eta: 14.5m
step 00565/01008 (56.05%) | loss: 3.258796 | lrm: 0.69 | dt: 1944.10ms | tok/sec: 269,682 | bf16_mfu: 0.00 | epoch: 1 pq: 6 rg: 53 | total time: 18.06m | eta: 14.4m
step 00566/01008 (56.15%) | loss: 3.267813 | lrm: 0.69 | dt: 1943.71ms | tok/sec: 269,735 | bf16_mfu: 0.00 | epoch: 1 pq: 6 rg: 54 | total time: 18.10m | eta: 14.4m
step 00567/01008 (56.25%) | loss: 3.262000 | lrm: 0.69 | dt: 1942.77ms | tok/sec: 269,865 | bf16_mfu: 0.00 | epoch: 1 pq: 6 rg: 55 | total time: 18.13m | eta: 14.4m
step 00568/01008 (56.35%) | loss: 3.265640 | lrm: 0.69 | dt: 1943.76ms | tok/sec: 269,729 | bf16_mfu: 0.00 | epoch: 1 pq: 6 rg: 56 | total time: 18.16m | eta: 14.3m
step 00569/01008 (56.45%) | loss: 3.257923 | lrm: 0.69 | dt: 1945.67ms | tok/sec: 269,464 | bf16_mfu: 0.00 | epoch: 1 pq: 6 rg: 57 | total time: 18.19m | eta: 14.3m
step 00570/01008 (56.55%) | loss: 3.260694 | lrm: 0.69 | dt: 1945.17ms | tok/sec: 269,533 | bf16_mfu: 0.00 | epoch: 1 pq: 6 rg: 58 | total time: 18.23m | eta: 14.3m
step 00571/01008 (56.65%) | loss: 3.266518 | lrm: 0.68 | dt: 1944.73ms | tok/sec: 269,594 | bf16_mfu: 0.00 | epoch: 1 pq: 6 rg: 59 | total time: 18.26m | eta: 14.2m
step 00572/01008 (56.75%) | loss: 3.267550 | lrm: 0.68 | dt: 1942.62ms | tok/sec: 269,886 | bf16_mfu: 0.00 | epoch: 1 pq: 6 rg: 60 | total time: 18.29m | eta: 14.2m
step 00573/01008 (56.85%) | loss: 3.270384 | lrm: 0.68 | dt: 1944.39ms | tok/sec: 269,640 | bf16_mfu: 0.00 | epoch: 1 pq: 6 rg: 61 | total time: 18.32m | eta: 14.2m
step 00574/01008 (56.94%) | loss: 3.259777 | lrm: 0.68 | dt: 1944.83ms | tok/sec: 269,580 | bf16_mfu: 0.00 | epoch: 1 pq: 6 rg: 62 | total time: 18.35m | eta: 14.1m
step 00575/01008 (57.04%) | loss: 3.253004 | lrm: 0.68 | dt: 1944.28ms | tok/sec: 269,656 | bf16_mfu: 0.00 | epoch: 1 pq: 6 rg: 63 | total time: 18.39m | eta: 14.1m
step 00576/01008 (57.14%) | loss: 3.252686 | lrm: 0.68 | dt: 1943.45ms | tok/sec: 269,772 | bf16_mfu: 0.00 | epoch: 1 pq: 6 rg: 64 | total time: 18.42m | eta: 14.1m
step 00577/01008 (57.24%) | loss: 3.248119 | lrm: 0.68 | dt: 1943.56ms | tok/sec: 269,756 | bf16_mfu: 0.00 | epoch: 1 pq: 6 rg: 65 | total time: 18.45m | eta: 14.0m
step 00578/01008 (57.34%) | loss: 3.244091 | lrm: 0.67 | dt: 1942.87ms | tok/sec: 269,851 | bf16_mfu: 0.00 | epoch: 1 pq: 6 rg: 66 | total time: 18.48m | eta: 14.0m
step 00579/01008 (57.44%) | loss: 3.250204 | lrm: 0.67 | dt: 1944.29ms | tok/sec: 269,654 | bf16_mfu: 0.00 | epoch: 1 pq: 6 rg: 67 | total time: 18.52m | eta: 14.0m
step 00580/01008 (57.54%) | loss: 3.246281 | lrm: 0.67 | dt: 1943.46ms | tok/sec: 269,769 | bf16_mfu: 0.00 | epoch: 1 pq: 6 rg: 68 | total time: 18.55m | eta: 13.9m
step 00581/01008 (57.64%) | loss: 3.242455 | lrm: 0.67 | dt: 1944.90ms | tok/sec: 269,570 | bf16_mfu: 0.00 | epoch: 1 pq: 6 rg: 68 | total time: 18.58m | eta: 13.9m
step 00582/01008 (57.74%) | loss: 3.232052 | lrm: 0.67 | dt: 1944.11ms | tok/sec: 269,679 | bf16_mfu: 0.00 | epoch: 1 pq: 6 rg: 69 | total time: 18.61m | eta: 13.9m
step 00583/01008 (57.84%) | loss: 3.237935 | lrm: 0.67 | dt: 1945.08ms | tok/sec: 269,546 | bf16_mfu: 0.00 | epoch: 1 pq: 6 rg: 70 | total time: 18.65m | eta: 13.8m
step 00584/01008 (57.94%) | loss: 3.236022 | lrm: 0.66 | dt: 1944.90ms | tok/sec: 269,571 | bf16_mfu: 0.00 | epoch: 1 pq: 6 rg: 71 | total time: 18.68m | eta: 13.8m
step 00585/01008 (58.04%) | loss: 3.242132 | lrm: 0.66 | dt: 1945.28ms | tok/sec: 269,517 | bf16_mfu: 0.00 | epoch: 1 pq: 6 rg: 72 | total time: 18.71m | eta: 13.8m
step 00586/01008 (58.13%) | loss: 3.255272 | lrm: 0.66 | dt: 1944.18ms | tok/sec: 269,670 | bf16_mfu: 0.00 | epoch: 1 pq: 6 rg: 73 | total time: 18.74m | eta: 13.7m
step 00587/01008 (58.23%) | loss: 3.248739 | lrm: 0.66 | dt: 1946.29ms | tok/sec: 269,377 | bf16_mfu: 0.00 | epoch: 1 pq: 6 rg: 74 | total time: 18.78m | eta: 13.7m
step 00588/01008 (58.33%) | loss: 3.248270 | lrm: 0.66 | dt: 1944.67ms | tok/sec: 269,602 | bf16_mfu: 0.00 | epoch: 1 pq: 6 rg: 75 | total time: 18.81m | eta: 13.7m
step 00589/01008 (58.43%) | loss: 3.246986 | lrm: 0.66 | dt: 1945.05ms | tok/sec: 269,549 | bf16_mfu: 0.00 | epoch: 1 pq: 6 rg: 76 | total time: 18.84m | eta: 13.6m
step 00590/01008 (58.53%) | loss: 3.247828 | lrm: 0.66 | dt: 1945.11ms | tok/sec: 269,541 | bf16_mfu: 0.00 | epoch: 1 pq: 6 rg: 77 | total time: 18.87m | eta: 13.6m
step 00591/01008 (58.63%) | loss: 3.255462 | lrm: 0.65 | dt: 1944.57ms | tok/sec: 269,616 | bf16_mfu: 0.00 | epoch: 1 pq: 6 rg: 78 | total time: 18.91m | eta: 13.6m
step 00592/01008 (58.73%) | loss: 3.239526 | lrm: 0.65 | dt: 1944.20ms | tok/sec: 269,668 | bf16_mfu: 0.00 | epoch: 1 pq: 6 rg: 79 | total time: 18.94m | eta: 13.5m
step 00593/01008 (58.83%) | loss: 3.236966 | lrm: 0.65 | dt: 1943.01ms | tok/sec: 269,833 | bf16_mfu: 0.00 | epoch: 1 pq: 6 rg: 80 | total time: 18.97m | eta: 13.5m
step 00594/01008 (58.93%) | loss: 3.237409 | lrm: 0.65 | dt: 1941.37ms | tok/sec: 270,061 | bf16_mfu: 0.00 | epoch: 1 pq: 6 rg: 81 | total time: 19.00m | eta: 13.5m
step 00595/01008 (59.03%) | loss: 3.242372 | lrm: 0.65 | dt: 1941.63ms | tok/sec: 270,024 | bf16_mfu: 0.00 | epoch: 1 pq: 7 rg: 0 | total time: 19.04m | eta: 13.4m
step 00596/01008 (59.13%) | loss: 3.237208 | lrm: 0.65 | dt: 1942.01ms | tok/sec: 269,971 | bf16_mfu: 0.00 | epoch: 1 pq: 7 rg: 1 | total time: 19.07m | eta: 13.4m
step 00597/01008 (59.23%) | loss: 3.243987 | lrm: 0.65 | dt: 1940.44ms | tok/sec: 270,189 | bf16_mfu: 0.00 | epoch: 1 pq: 7 rg: 2 | total time: 19.10m | eta: 13.4m
step 00598/01008 (59.33%) | loss: 3.238822 | lrm: 0.64 | dt: 1940.41ms | tok/sec: 270,194 | bf16_mfu: 0.00 | epoch: 1 pq: 7 rg: 3 | total time: 19.13m | eta: 13.3m
step 00599/01008 (59.42%) | loss: 3.228622 | lrm: 0.64 | dt: 1943.49ms | tok/sec: 269,765 | bf16_mfu: 0.00 | epoch: 1 pq: 7 rg: 4 | total time: 19.16m | eta: 13.3m
step 00600/01008 (59.52%) | loss: 3.220872 | lrm: 0.64 | dt: 1942.95ms | tok/sec: 269,840 | bf16_mfu: 0.00 | epoch: 1 pq: 7 rg: 5 | total time: 19.20m | eta: 13.3m
step 00601/01008 (59.62%) | loss: 3.230385 | lrm: 0.64 | dt: 1942.33ms | tok/sec: 269,927 | bf16_mfu: 0.00 | epoch: 1 pq: 7 rg: 6 | total time: 19.23m | eta: 13.2m
step 00602/01008 (59.72%) | loss: 3.242866 | lrm: 0.64 | dt: 1942.46ms | tok/sec: 269,909 | bf16_mfu: 0.00 | epoch: 1 pq: 7 rg: 7 | total time: 19.26m | eta: 13.2m
step 00603/01008 (59.82%) | loss: 3.237696 | lrm: 0.64 | dt: 1942.90ms | tok/sec: 269,848 | bf16_mfu: 0.00 | epoch: 1 pq: 7 rg: 8 | total time: 19.29m | eta: 13.2m
step 00604/01008 (59.92%) | loss: 3.225282 | lrm: 0.64 | dt: 1945.52ms | tok/sec: 269,484 | bf16_mfu: 0.00 | epoch: 1 pq: 7 rg: 9 | total time: 19.33m | eta: 13.1m
step 00605/01008 (60.02%) | loss: 3.223236 | lrm: 0.63 | dt: 1943.70ms | tok/sec: 269,737 | bf16_mfu: 0.00 | epoch: 1 pq: 7 rg: 10 | total time: 19.36m | eta: 13.1m
step 00606/01008 (60.12%) | loss: 3.233601 | lrm: 0.63 | dt: 1943.07ms | tok/sec: 269,824 | bf16_mfu: 0.00 | epoch: 1 pq: 7 rg: 11 | total time: 19.39m | eta: 13.1m
step 00607/01008 (60.22%) | loss: 3.240159 | lrm: 0.63 | dt: 1943.84ms | tok/sec: 269,717 | bf16_mfu: 0.00 | epoch: 1 pq: 7 rg: 12 | total time: 19.42m | eta: 13.0m
step 00608/01008 (60.32%) | loss: 3.224251 | lrm: 0.63 | dt: 1944.50ms | tok/sec: 269,625 | bf16_mfu: 0.00 | epoch: 1 pq: 7 rg: 13 | total time: 19.46m | eta: 13.0m
step 00609/01008 (60.42%) | loss: 3.237937 | lrm: 0.63 | dt: 1942.84ms | tok/sec: 269,856 | bf16_mfu: 0.00 | epoch: 1 pq: 7 rg: 14 | total time: 19.49m | eta: 13.0m
step 00610/01008 (60.52%) | loss: 3.245893 | lrm: 0.63 | dt: 1941.43ms | tok/sec: 270,052 | bf16_mfu: 0.00 | epoch: 1 pq: 7 rg: 15 | total time: 19.52m | eta: 12.9m
step 00611/01008 (60.62%) | loss: 3.248097 | lrm: 0.63 | dt: 1943.39ms | tok/sec: 269,779 | bf16_mfu: 0.00 | epoch: 1 pq: 7 rg: 16 | total time: 19.55m | eta: 12.9m
step 00612/01008 (60.71%) | loss: 3.235913 | lrm: 0.62 | dt: 1944.61ms | tok/sec: 269,610 | bf16_mfu: 0.00 | epoch: 1 pq: 7 rg: 16 | total time: 19.59m | eta: 12.9m
step 00613/01008 (60.81%) | loss: 3.235899 | lrm: 0.62 | dt: 1944.18ms | tok/sec: 269,670 | bf16_mfu: 0.00 | epoch: 1 pq: 7 rg: 17 | total time: 19.62m | eta: 12.9m
step 00614/01008 (60.91%) | loss: 3.240998 | lrm: 0.62 | dt: 1945.20ms | tok/sec: 269,528 | bf16_mfu: 0.00 | epoch: 1 pq: 7 rg: 18 | total time: 19.65m | eta: 12.8m
step 00615/01008 (61.01%) | loss: 3.246439 | lrm: 0.62 | dt: 1945.33ms | tok/sec: 269,510 | bf16_mfu: 0.00 | epoch: 1 pq: 7 rg: 19 | total time: 19.68m | eta: 12.8m
step 00616/01008 (61.11%) | loss: 3.248328 | lrm: 0.62 | dt: 1944.90ms | tok/sec: 269,570 | bf16_mfu: 0.00 | epoch: 1 pq: 7 rg: 20 | total time: 19.72m | eta: 12.8m
step 00617/01008 (61.21%) | loss: 3.246062 | lrm: 0.62 | dt: 1947.26ms | tok/sec: 269,244 | bf16_mfu: 0.00 | epoch: 1 pq: 7 rg: 21 | total time: 19.75m | eta: 12.7m
step 00618/01008 (61.31%) | loss: 3.231351 | lrm: 0.62 | dt: 1946.34ms | tok/sec: 269,370 | bf16_mfu: 0.00 | epoch: 1 pq: 7 rg: 22 | total time: 19.78m | eta: 12.7m
step 00619/01008 (61.41%) | loss: 3.230837 | lrm: 0.61 | dt: 1947.20ms | tok/sec: 269,251 | bf16_mfu: 0.00 | epoch: 1 pq: 7 rg: 23 | total time: 19.81m | eta: 12.7m
step 00620/01008 (61.51%) | loss: 3.231097 | lrm: 0.61 | dt: 1946.78ms | tok/sec: 269,309 | bf16_mfu: 0.00 | epoch: 1 pq: 7 rg: 24 | total time: 19.85m | eta: 12.6m
step 00621/01008 (61.61%) | loss: 3.226600 | lrm: 0.61 | dt: 1947.40ms | tok/sec: 269,225 | bf16_mfu: 0.00 | epoch: 1 pq: 7 rg: 25 | total time: 19.88m | eta: 12.6m
step 00622/01008 (61.71%) | loss: 3.239653 | lrm: 0.61 | dt: 1946.73ms | tok/sec: 269,317 | bf16_mfu: 0.00 | epoch: 1 pq: 7 rg: 26 | total time: 19.91m | eta: 12.6m
step 00623/01008 (61.81%) | loss: 3.237868 | lrm: 0.61 | dt: 1945.52ms | tok/sec: 269,485 | bf16_mfu: 0.00 | epoch: 1 pq: 7 rg: 27 | total time: 19.94m | eta: 12.5m
step 00624/01008 (61.90%) | loss: 3.242072 | lrm: 0.61 | dt: 1946.53ms | tok/sec: 269,344 | bf16_mfu: 0.00 | epoch: 1 pq: 7 rg: 28 | total time: 19.98m | eta: 12.5m
step 00625/01008 (62.00%) | loss: 3.238341 | lrm: 0.61 | dt: 1949.58ms | tok/sec: 268,923 | bf16_mfu: 0.00 | epoch: 1 pq: 7 rg: 29 | total time: 20.01m | eta: 12.5m
step 00626/01008 (62.10%) | loss: 3.237601 | lrm: 0.60 | dt: 1948.10ms | tok/sec: 269,128 | bf16_mfu: 0.00 | epoch: 1 pq: 7 rg: 30 | total time: 20.04m | eta: 12.4m
step 00627/01008 (62.20%) | loss: 3.235611 | lrm: 0.60 | dt: 1949.24ms | tok/sec: 268,971 | bf16_mfu: 0.00 | epoch: 1 pq: 7 rg: 31 | total time: 20.07m | eta: 12.4m
step 00628/01008 (62.30%) | loss: 3.226635 | lrm: 0.60 | dt: 1948.23ms | tok/sec: 269,110 | bf16_mfu: 0.00 | epoch: 1 pq: 7 rg: 32 | total time: 20.10m | eta: 12.4m
step 00629/01008 (62.40%) | loss: 3.223216 | lrm: 0.60 | dt: 1949.13ms | tok/sec: 268,985 | bf16_mfu: 0.00 | epoch: 1 pq: 7 rg: 33 | total time: 20.14m | eta: 12.3m
step 00630/01008 (62.50%) | loss: 3.213056 | lrm: 0.60 | dt: 1948.66ms | tok/sec: 269,050 | bf16_mfu: 0.00 | epoch: 1 pq: 7 rg: 34 | total time: 20.17m | eta: 12.3m
step 00631/01008 (62.60%) | loss: 3.206959 | lrm: 0.60 | dt: 1948.39ms | tok/sec: 269,087 | bf16_mfu: 0.00 | epoch: 1 pq: 7 rg: 35 | total time: 20.20m | eta: 12.3m
step 00632/01008 (62.70%) | loss: 3.212674 | lrm: 0.60 | dt: 1948.55ms | tok/sec: 269,065 | bf16_mfu: 0.00 | epoch: 1 pq: 7 rg: 36 | total time: 20.23m | eta: 12.2m
step 00633/01008 (62.80%) | loss: 3.207587 | lrm: 0.59 | dt: 1949.66ms | tok/sec: 268,913 | bf16_mfu: 0.00 | epoch: 1 pq: 7 rg: 37 | total time: 20.27m | eta: 12.2m
step 00634/01008 (62.90%) | loss: 3.211514 | lrm: 0.59 | dt: 1948.32ms | tok/sec: 269,097 | bf16_mfu: 0.00 | epoch: 1 pq: 7 rg: 38 | total time: 20.30m | eta: 12.2m
step 00635/01008 (63.00%) | loss: 3.217066 | lrm: 0.59 | dt: 1947.62ms | tok/sec: 269,194 | bf16_mfu: 0.00 | epoch: 1 pq: 7 rg: 39 | total time: 20.33m | eta: 12.1m
step 00636/01008 (63.10%) | loss: 3.220729 | lrm: 0.59 | dt: 1949.82ms | tok/sec: 268,889 | bf16_mfu: 0.00 | epoch: 1 pq: 7 rg: 40 | total time: 20.36m | eta: 12.1m
step 00637/01008 (63.19%) | loss: 3.215655 | lrm: 0.59 | dt: 1949.01ms | tok/sec: 269,002 | bf16_mfu: 0.00 | epoch: 1 pq: 7 rg: 41 | total time: 20.40m | eta: 12.1m
step 00638/01008 (63.29%) | loss: 3.201890 | lrm: 0.59 | dt: 1949.11ms | tok/sec: 268,988 | bf16_mfu: 0.00 | epoch: 1 pq: 7 rg: 42 | total time: 20.43m | eta: 12.0m
step 00639/01008 (63.39%) | loss: 3.208111 | lrm: 0.59 | dt: 1949.15ms | tok/sec: 268,982 | bf16_mfu: 0.00 | epoch: 1 pq: 7 rg: 43 | total time: 20.46m | eta: 12.0m
step 00640/01008 (63.49%) | loss: 3.205865 | lrm: 0.58 | dt: 1949.66ms | tok/sec: 268,912 | bf16_mfu: 0.00 | epoch: 1 pq: 7 rg: 44 | total time: 20.49m | eta: 12.0m
step 00641/01008 (63.59%) | loss: 3.209850 | lrm: 0.58 | dt: 1949.41ms | tok/sec: 268,946 | bf16_mfu: 0.00 | epoch: 1 pq: 7 rg: 45 | total time: 20.53m | eta: 11.9m
step 00642/01008 (63.69%) | loss: 3.213122 | lrm: 0.58 | dt: 1950.32ms | tok/sec: 268,821 | bf16_mfu: 0.00 | epoch: 1 pq: 7 rg: 46 | total time: 20.56m | eta: 11.9m
step 00643/01008 (63.79%) | loss: 3.211755 | lrm: 0.58 | dt: 1951.02ms | tok/sec: 268,725 | bf16_mfu: 0.00 | epoch: 1 pq: 7 rg: 47 | total time: 20.59m | eta: 11.9m
step 00644/01008 (63.89%) | loss: 3.204962 | lrm: 0.58 | dt: 1951.47ms | tok/sec: 268,662 | bf16_mfu: 0.00 | epoch: 1 pq: 7 rg: 48 | total time: 20.62m | eta: 11.8m
step 00645/01008 (63.99%) | loss: 3.205421 | lrm: 0.58 | dt: 1950.80ms | tok/sec: 268,755 | bf16_mfu: 0.00 | epoch: 1 pq: 7 rg: 49 | total time: 20.66m | eta: 11.8m
step 00646/01008 (64.09%) | loss: 3.200304 | lrm: 0.58 | dt: 1951.45ms | tok/sec: 268,665 | bf16_mfu: 0.00 | epoch: 1 pq: 7 rg: 49 | total time: 20.69m | eta: 11.8m
step 00647/01008 (64.19%) | loss: 3.191914 | lrm: 0.57 | dt: 1952.24ms | tok/sec: 268,556 | bf16_mfu: 0.00 | epoch: 1 pq: 7 rg: 50 | total time: 20.72m | eta: 11.7m
step 00648/01008 (64.29%) | loss: 3.206716 | lrm: 0.57 | dt: 1952.31ms | tok/sec: 268,547 | bf16_mfu: 0.00 | epoch: 1 pq: 7 rg: 51 | total time: 20.75m | eta: 11.7m
step 00649/01008 (64.38%) | loss: 3.223254 | lrm: 0.57 | dt: 1953.22ms | tok/sec: 268,422 | bf16_mfu: 0.00 | epoch: 1 pq: 7 rg: 52 | total time: 20.79m | eta: 11.7m
step 00650/01008 (64.48%) | loss: 3.223025 | lrm: 0.57 | dt: 1953.04ms | tok/sec: 268,447 | bf16_mfu: 0.00 | epoch: 1 pq: 7 rg: 53 | total time: 20.82m | eta: 11.6m
step 00651/01008 (64.58%) | loss: 3.225536 | lrm: 0.57 | dt: 1952.98ms | tok/sec: 268,455 | bf16_mfu: 0.00 | epoch: 1 pq: 7 rg: 54 | total time: 20.85m | eta: 11.6m
step 00652/01008 (64.68%) | loss: 3.212466 | lrm: 0.57 | dt: 1952.63ms | tok/sec: 268,503 | bf16_mfu: 0.00 | epoch: 1 pq: 7 rg: 55 | total time: 20.89m | eta: 11.6m
step 00653/01008 (64.78%) | loss: 3.209114 | lrm: 0.56 | dt: 1952.16ms | tok/sec: 268,568 | bf16_mfu: 0.00 | epoch: 1 pq: 7 rg: 56 | total time: 20.92m | eta: 11.5m
step 00654/01008 (64.88%) | loss: 3.203406 | lrm: 0.56 | dt: 1951.90ms | tok/sec: 268,603 | bf16_mfu: 0.00 | epoch: 1 pq: 7 rg: 57 | total time: 20.95m | eta: 11.5m
step 00655/01008 (64.98%) | loss: 3.205635 | lrm: 0.56 | dt: 1952.85ms | tok/sec: 268,472 | bf16_mfu: 0.00 | epoch: 1 pq: 7 rg: 58 | total time: 20.98m | eta: 11.5m
step 00656/01008 (65.08%) | loss: 3.211501 | lrm: 0.56 | dt: 1954.20ms | tok/sec: 268,287 | bf16_mfu: 0.00 | epoch: 1 pq: 7 rg: 59 | total time: 21.02m | eta: 11.5m
step 00657/01008 (65.18%) | loss: 3.216784 | lrm: 0.56 | dt: 1954.30ms | tok/sec: 268,273 | bf16_mfu: 0.00 | epoch: 1 pq: 7 rg: 60 | total time: 21.05m | eta: 11.4m
step 00658/01008 (65.28%) | loss: 3.226828 | lrm: 0.56 | dt: 1954.60ms | tok/sec: 268,233 | bf16_mfu: 0.00 | epoch: 1 pq: 7 rg: 61 | total time: 21.08m | eta: 11.4m
step 00659/01008 (65.38%) | loss: 3.229774 | lrm: 0.56 | dt: 1956.08ms | tok/sec: 268,030 | bf16_mfu: 0.00 | epoch: 1 pq: 7 rg: 62 | total time: 21.11m | eta: 11.4m
step 00660/01008 (65.48%) | loss: 3.227105 | lrm: 0.55 | dt: 1955.00ms | tok/sec: 268,177 | bf16_mfu: 0.00 | epoch: 1 pq: 7 rg: 63 | total time: 21.15m | eta: 11.3m
step 00661/01008 (65.58%) | loss: 3.220796 | lrm: 0.55 | dt: 1954.19ms | tok/sec: 268,288 | bf16_mfu: 0.00 | epoch: 1 pq: 7 rg: 64 | total time: 21.18m | eta: 11.3m
step 00662/01008 (65.67%) | loss: 3.218427 | lrm: 0.55 | dt: 1955.96ms | tok/sec: 268,046 | bf16_mfu: 0.00 | epoch: 1 pq: 7 rg: 65 | total time: 21.21m | eta: 11.3m
step 00663/01008 (65.77%) | loss: 3.211769 | lrm: 0.55 | dt: 1954.40ms | tok/sec: 268,260 | bf16_mfu: 0.00 | epoch: 1 pq: 7 rg: 66 | total time: 21.24m | eta: 11.2m
step 00664/01008 (65.87%) | loss: 3.208842 | lrm: 0.55 | dt: 1954.98ms | tok/sec: 268,181 | bf16_mfu: 0.00 | epoch: 1 pq: 7 rg: 67 | total time: 21.28m | eta: 11.2m
step 00665/01008 (65.97%) | loss: 3.198020 | lrm: 0.55 | dt: 1954.52ms | tok/sec: 268,243 | bf16_mfu: 0.00 | epoch: 1 pq: 7 rg: 68 | total time: 21.31m | eta: 11.2m
step 00666/01008 (66.07%) | loss: 3.203512 | lrm: 0.55 | dt: 1955.89ms | tok/sec: 268,055 | bf16_mfu: 0.00 | epoch: 1 pq: 7 rg: 69 | total time: 21.34m | eta: 11.1m
step 00667/01008 (66.17%) | loss: 3.196754 | lrm: 0.54 | dt: 1956.50ms | tok/sec: 267,972 | bf16_mfu: 0.00 | epoch: 1 pq: 7 rg: 70 | total time: 21.37m | eta: 11.1m
step 00668/01008 (66.27%) | loss: 3.194091 | lrm: 0.54 | dt: 1955.70ms | tok/sec: 268,082 | bf16_mfu: 0.00 | epoch: 1 pq: 7 rg: 71 | total time: 21.41m | eta: 11.1m
step 00669/01008 (66.37%) | loss: 3.186619 | lrm: 0.54 | dt: 1955.45ms | tok/sec: 268,116 | bf16_mfu: 0.00 | epoch: 1 pq: 7 rg: 72 | total time: 21.44m | eta: 11.0m
step 00670/01008 (66.47%) | loss: 3.181283 | lrm: 0.54 | dt: 1956.92ms | tok/sec: 267,914 | bf16_mfu: 0.00 | epoch: 1 pq: 7 rg: 73 | total time: 21.47m | eta: 11.0m
step 00671/01008 (66.57%) | loss: 3.179894 | lrm: 0.54 | dt: 1957.25ms | tok/sec: 267,869 | bf16_mfu: 0.00 | epoch: 1 pq: 7 rg: 74 | total time: 21.50m | eta: 11.0m
step 00672/01008 (66.67%) | loss: 3.195984 | lrm: 0.54 | dt: 1955.21ms | tok/sec: 268,149 | bf16_mfu: 0.00 | epoch: 1 pq: 7 rg: 75 | total time: 21.54m | eta: 10.9m
step 00673/01008 (66.77%) | loss: 3.192288 | lrm: 0.54 | dt: 1957.03ms | tok/sec: 267,899 | bf16_mfu: 0.00 | epoch: 1 pq: 7 rg: 76 | total time: 21.57m | eta: 10.9m
step 00674/01008 (66.87%) | loss: 3.193337 | lrm: 0.53 | dt: 1956.40ms | tok/sec: 267,986 | bf16_mfu: 0.00 | epoch: 1 pq: 7 rg: 77 | total time: 21.60m | eta: 10.9m
step 00675/01008 (66.96%) | loss: 3.197814 | lrm: 0.53 | dt: 1956.52ms | tok/sec: 267,969 | bf16_mfu: 0.00 | epoch: 1 pq: 7 rg: 78 | total time: 21.63m | eta: 10.8m
step 00676/01008 (67.06%) | loss: 3.204334 | lrm: 0.53 | dt: 1955.61ms | tok/sec: 268,094 | bf16_mfu: 0.00 | epoch: 1 pq: 7 rg: 79 | total time: 21.67m | eta: 10.8m
step 00677/01008 (67.16%) | loss: 3.204814 | lrm: 0.53 | dt: 1956.19ms | tok/sec: 268,014 | bf16_mfu: 0.00 | epoch: 1 pq: 7 rg: 80 | total time: 21.70m | eta: 10.8m
step 00678/01008 (67.26%) | loss: 3.196280 | lrm: 0.53 | dt: 1955.46ms | tok/sec: 268,114 | bf16_mfu: 0.00 | epoch: 1 pq: 7 rg: 81 | total time: 21.73m | eta: 10.7m
step 00679/01008 (67.36%) | loss: 3.198122 | lrm: 0.53 | dt: 1957.68ms | tok/sec: 267,810 | bf16_mfu: 0.00 | epoch: 1 pq: 7 rg: 81 | total time: 21.76m | eta: 10.7m
step 00680/01008 (67.46%) | loss: 3.201620 | lrm: 0.53 | dt: 1956.76ms | tok/sec: 267,937 | bf16_mfu: 0.00 | epoch: 1 pq: 8 rg: 1 | total time: 21.80m | eta: 10.7m
step 00681/01008 (67.56%) | loss: 3.189306 | lrm: 0.52 | dt: 1956.23ms | tok/sec: 268,008 | bf16_mfu: 0.00 | epoch: 1 pq: 8 rg: 1 | total time: 21.83m | eta: 10.6m
step 00682/01008 (67.66%) | loss: 3.187107 | lrm: 0.52 | dt: 1954.79ms | tok/sec: 268,207 | bf16_mfu: 0.00 | epoch: 1 pq: 8 rg: 2 | total time: 21.86m | eta: 10.6m
step 00683/01008 (67.76%) | loss: 3.196047 | lrm: 0.52 | dt: 1957.05ms | tok/sec: 267,896 | bf16_mfu: 0.00 | epoch: 1 pq: 8 rg: 3 | total time: 21.90m | eta: 10.6m
step 00684/01008 (67.86%) | loss: 3.193783 | lrm: 0.52 | dt: 1955.81ms | tok/sec: 268,066 | bf16_mfu: 0.00 | epoch: 1 pq: 8 rg: 4 | total time: 21.93m | eta: 10.5m
step 00685/01008 (67.96%) | loss: 3.191237 | lrm: 0.52 | dt: 1956.02ms | tok/sec: 268,037 | bf16_mfu: 0.00 | epoch: 1 pq: 8 rg: 5 | total time: 21.96m | eta: 10.5m
step 00686/01008 (68.06%) | loss: 3.177912 | lrm: 0.52 | dt: 1955.81ms | tok/sec: 268,067 | bf16_mfu: 0.00 | epoch: 1 pq: 8 rg: 6 | total time: 21.99m | eta: 10.5m
step 00687/01008 (68.15%) | loss: 3.178543 | lrm: 0.52 | dt: 1956.16ms | tok/sec: 268,018 | bf16_mfu: 0.00 | epoch: 1 pq: 8 rg: 7 | total time: 22.03m | eta: 10.4m
step 00688/01008 (68.25%) | loss: 3.185965 | lrm: 0.51 | dt: 1956.02ms | tok/sec: 268,038 | bf16_mfu: 0.00 | epoch: 1 pq: 8 rg: 8 | total time: 22.06m | eta: 10.4m
step 00689/01008 (68.35%) | loss: 3.166008 | lrm: 0.51 | dt: 1957.36ms | tok/sec: 267,854 | bf16_mfu: 0.00 | epoch: 1 pq: 8 rg: 9 | total time: 22.09m | eta: 10.4m
step 00690/01008 (68.45%) | loss: 3.164714 | lrm: 0.51 | dt: 1956.54ms | tok/sec: 267,966 | bf16_mfu: 0.00 | epoch: 1 pq: 8 rg: 10 | total time: 22.12m | eta: 10.3m
step 00691/01008 (68.55%) | loss: 3.173097 | lrm: 0.51 | dt: 1956.04ms | tok/sec: 268,035 | bf16_mfu: 0.00 | epoch: 1 pq: 8 rg: 11 | total time: 22.16m | eta: 10.3m
step 00692/01008 (68.65%) | loss: 3.176048 | lrm: 0.51 | dt: 1955.76ms | tok/sec: 268,073 | bf16_mfu: 0.00 | epoch: 1 pq: 8 rg: 12 | total time: 22.19m | eta: 10.3m
step 00693/01008 (68.75%) | loss: 3.169274 | lrm: 0.51 | dt: 1955.66ms | tok/sec: 268,087 | bf16_mfu: 0.00 | epoch: 1 pq: 8 rg: 13 | total time: 22.22m | eta: 10.2m
step 00694/01008 (68.85%) | loss: 3.165582 | lrm: 0.51 | dt: 1954.62ms | tok/sec: 268,230 | bf16_mfu: 0.00 | epoch: 1 pq: 8 rg: 14 | total time: 22.25m | eta: 10.2m
step 00695/01008 (68.95%) | loss: 3.172079 | lrm: 0.50 | dt: 1955.63ms | tok/sec: 268,092 | bf16_mfu: 0.00 | epoch: 1 pq: 8 rg: 15 | total time: 22.29m | eta: 10.2m
step 00696/01008 (69.05%) | loss: 3.176828 | lrm: 0.50 | dt: 1954.99ms | tok/sec: 268,179 | bf16_mfu: 0.00 | epoch: 1 pq: 8 rg: 16 | total time: 22.32m | eta: 10.2m
step 00697/01008 (69.15%) | loss: 3.169083 | lrm: 0.50 | dt: 1955.33ms | tok/sec: 268,133 | bf16_mfu: 0.00 | epoch: 1 pq: 8 rg: 17 | total time: 22.35m | eta: 10.1m
step 00698/01008 (69.25%) | loss: 3.160699 | lrm: 0.50 | dt: 1955.31ms | tok/sec: 268,135 | bf16_mfu: 0.00 | epoch: 1 pq: 8 rg: 18 | total time: 22.38m | eta: 10.1m
step 00699/01008 (69.35%) | loss: 3.178094 | lrm: 0.50 | dt: 1954.58ms | tok/sec: 268,235 | bf16_mfu: 0.00 | epoch: 1 pq: 8 rg: 19 | total time: 22.42m | eta: 10.1m
step 00700/01008 (69.44%) | loss: 3.177057 | lrm: 0.50 | dt: 1953.80ms | tok/sec: 268,342 | bf16_mfu: 0.00 | epoch: 1 pq: 8 rg: 20 | total time: 22.45m | eta: 10.0m
step 00701/01008 (69.54%) | loss: 3.178653 | lrm: 0.50 | dt: 1952.04ms | tok/sec: 268,585 | bf16_mfu: 0.00 | epoch: 1 pq: 8 rg: 21 | total time: 22.48m | eta: 10.0m
step 00702/01008 (69.64%) | loss: 3.172241 | lrm: 0.49 | dt: 1955.18ms | tok/sec: 268,153 | bf16_mfu: 0.00 | epoch: 1 pq: 8 rg: 22 | total time: 22.51m | eta: 10.0m
step 00703/01008 (69.74%) | loss: 3.175064 | lrm: 0.49 | dt: 1953.04ms | tok/sec: 268,447 | bf16_mfu: 0.00 | epoch: 1 pq: 8 rg: 23 | total time: 22.55m | eta: 9.9m
step 00704/01008 (69.84%) | loss: 3.174858 | lrm: 0.49 | dt: 1953.72ms | tok/sec: 268,353 | bf16_mfu: 0.00 | epoch: 1 pq: 8 rg: 24 | total time: 22.58m | eta: 9.9m
step 00705/01008 (69.94%) | loss: 3.174130 | lrm: 0.49 | dt: 1954.18ms | tok/sec: 268,290 | bf16_mfu: 0.00 | epoch: 1 pq: 8 rg: 25 | total time: 22.61m | eta: 9.9m
step 00706/01008 (70.04%) | loss: 3.167567 | lrm: 0.49 | dt: 1954.59ms | tok/sec: 268,234 | bf16_mfu: 0.00 | epoch: 1 pq: 8 rg: 25 | total time: 22.64m | eta: 9.8m
step 00707/01008 (70.14%) | loss: 3.161326 | lrm: 0.49 | dt: 1955.25ms | tok/sec: 268,143 | bf16_mfu: 0.00 | epoch: 1 pq: 8 rg: 26 | total time: 22.68m | eta: 9.8m
step 00708/01008 (70.24%) | loss: 3.170358 | lrm: 0.49 | dt: 1954.35ms | tok/sec: 268,266 | bf16_mfu: 0.00 | epoch: 1 pq: 8 rg: 27 | total time: 22.71m | eta: 9.8m
step 00709/01008 (70.34%) | loss: 3.168088 | lrm: 0.48 | dt: 1954.41ms | tok/sec: 268,259 | bf16_mfu: 0.00 | epoch: 1 pq: 8 rg: 28 | total time: 22.74m | eta: 9.7m
step 00710/01008 (70.44%) | loss: 3.173716 | lrm: 0.48 | dt: 1953.85ms | tok/sec: 268,335 | bf16_mfu: 0.00 | epoch: 1 pq: 8 rg: 29 | total time: 22.78m | eta: 9.7m
step 00711/01008 (70.54%) | loss: 3.174001 | lrm: 0.48 | dt: 1953.42ms | tok/sec: 268,394 | bf16_mfu: 0.00 | epoch: 1 pq: 8 rg: 30 | total time: 22.81m | eta: 9.7m
step 00712/01008 (70.63%) | loss: 3.167684 | lrm: 0.48 | dt: 1953.30ms | tok/sec: 268,411 | bf16_mfu: 0.00 | epoch: 1 pq: 8 rg: 31 | total time: 22.84m | eta: 9.6m
step 00713/01008 (70.73%) | loss: 3.163455 | lrm: 0.48 | dt: 1954.07ms | tok/sec: 268,305 | bf16_mfu: 0.00 | epoch: 1 pq: 8 rg: 32 | total time: 22.87m | eta: 9.6m
step 00714/01008 (70.83%) | loss: 3.167858 | lrm: 0.48 | dt: 1954.65ms | tok/sec: 268,226 | bf16_mfu: 0.00 | epoch: 1 pq: 8 rg: 33 | total time: 22.91m | eta: 9.6m
step 00715/01008 (70.93%) | loss: 3.163232 | lrm: 0.47 | dt: 1953.55ms | tok/sec: 268,377 | bf16_mfu: 0.00 | epoch: 1 pq: 8 rg: 34 | total time: 22.94m | eta: 9.5m
step 00716/01008 (71.03%) | loss: 3.162175 | lrm: 0.47 | dt: 1953.70ms | tok/sec: 268,355 | bf16_mfu: 0.00 | epoch: 1 pq: 8 rg: 35 | total time: 22.97m | eta: 9.5m
step 00717/01008 (71.13%) | loss: 3.169667 | lrm: 0.47 | dt: 1954.57ms | tok/sec: 268,237 | bf16_mfu: 0.00 | epoch: 1 pq: 8 rg: 36 | total time: 23.00m | eta: 9.5m
step 00718/01008 (71.23%) | loss: 3.174562 | lrm: 0.47 | dt: 1953.30ms | tok/sec: 268,411 | bf16_mfu: 0.00 | epoch: 1 pq: 8 rg: 37 | total time: 23.04m | eta: 9.4m
step 00719/01008 (71.33%) | loss: 3.176364 | lrm: 0.47 | dt: 1953.18ms | tok/sec: 268,428 | bf16_mfu: 0.00 | epoch: 1 pq: 8 rg: 38 | total time: 23.07m | eta: 9.4m
step 00720/01008 (71.43%) | loss: 3.169425 | lrm: 0.47 | dt: 1953.47ms | tok/sec: 268,387 | bf16_mfu: 0.00 | epoch: 1 pq: 8 rg: 39 | total time: 23.10m | eta: 9.4m
step 00721/01008 (71.53%) | loss: 3.159249 | lrm: 0.47 | dt: 1953.76ms | tok/sec: 268,348 | bf16_mfu: 0.00 | epoch: 1 pq: 8 rg: 40 | total time: 23.13m | eta: 9.3m
step 00722/01008 (71.63%) | loss: 3.152845 | lrm: 0.46 | dt: 1951.62ms | tok/sec: 268,641 | bf16_mfu: 0.00 | epoch: 1 pq: 8 rg: 41 | total time: 23.17m | eta: 9.3m
step 00723/01008 (71.73%) | loss: 3.140206 | lrm: 0.46 | dt: 1952.37ms | tok/sec: 268,539 | bf16_mfu: 0.00 | epoch: 1 pq: 8 rg: 42 | total time: 23.20m | eta: 9.3m
step 00724/01008 (71.83%) | loss: 3.132484 | lrm: 0.46 | dt: 1952.52ms | tok/sec: 268,518 | bf16_mfu: 0.00 | epoch: 1 pq: 8 rg: 43 | total time: 23.23m | eta: 9.2m
step 00725/01008 (71.92%) | loss: 3.133369 | lrm: 0.46 | dt: 1952.41ms | tok/sec: 268,533 | bf16_mfu: 0.00 | epoch: 1 pq: 8 rg: 44 | total time: 23.26m | eta: 9.2m
step 00726/01008 (72.02%) | loss: 3.136339 | lrm: 0.46 | dt: 1951.87ms | tok/sec: 268,608 | bf16_mfu: 0.00 | epoch: 1 pq: 8 rg: 45 | total time: 23.30m | eta: 9.2m
step 00727/01008 (72.12%) | loss: 3.132417 | lrm: 0.46 | dt: 1951.49ms | tok/sec: 268,660 | bf16_mfu: 0.00 | epoch: 1 pq: 8 rg: 46 | total time: 23.33m | eta: 9.1m
step 00728/01008 (72.22%) | loss: 3.143814 | lrm: 0.46 | dt: 1952.19ms | tok/sec: 268,563 | bf16_mfu: 0.00 | epoch: 1 pq: 8 rg: 47 | total time: 23.36m | eta: 9.1m
step 00729/01008 (72.32%) | loss: 3.143086 | lrm: 0.45 | dt: 1952.07ms | tok/sec: 268,580 | bf16_mfu: 0.00 | epoch: 1 pq: 8 rg: 48 | total time: 23.39m | eta: 9.1m
step 00730/01008 (72.42%) | loss: 3.153911 | lrm: 0.45 | dt: 1951.84ms | tok/sec: 268,612 | bf16_mfu: 0.00 | epoch: 1 pq: 8 rg: 49 | total time: 23.43m | eta: 9.0m
step 00731/01008 (72.52%) | loss: 3.166098 | lrm: 0.45 | dt: 1951.57ms | tok/sec: 268,649 | bf16_mfu: 0.00 | epoch: 1 pq: 8 rg: 50 | total time: 23.46m | eta: 9.0m
step 00732/01008 (72.62%) | loss: 3.159337 | lrm: 0.45 | dt: 1951.38ms | tok/sec: 268,675 | bf16_mfu: 0.00 | epoch: 1 pq: 8 rg: 51 | total time: 23.49m | eta: 9.0m
step 00733/01008 (72.72%) | loss: 3.159188 | lrm: 0.45 | dt: 1951.35ms | tok/sec: 268,679 | bf16_mfu: 0.00 | epoch: 1 pq: 8 rg: 52 | total time: 23.52m | eta: 8.9m
step 00734/01008 (72.82%) | loss: 3.155652 | lrm: 0.45 | dt: 1950.91ms | tok/sec: 268,739 | bf16_mfu: 0.00 | epoch: 1 pq: 8 rg: 53 | total time: 23.56m | eta: 8.9m
step 00735/01008 (72.92%) | loss: 3.151855 | lrm: 0.45 | dt: 1952.21ms | tok/sec: 268,561 | bf16_mfu: 0.00 | epoch: 1 pq: 8 rg: 54 | total time: 23.59m | eta: 8.9m
step 00736/01008 (73.02%) | loss: 3.134993 | lrm: 0.44 | dt: 1951.93ms | tok/sec: 268,600 | bf16_mfu: 0.00 | epoch: 1 pq: 8 rg: 55 | total time: 23.62m | eta: 8.8m
step 00737/01008 (73.12%) | loss: 3.145536 | lrm: 0.44 | dt: 1953.06ms | tok/sec: 268,444 | bf16_mfu: 0.00 | epoch: 1 pq: 8 rg: 56 | total time: 23.65m | eta: 8.8m
step 00738/01008 (73.21%) | loss: 3.131314 | lrm: 0.44 | dt: 1952.52ms | tok/sec: 268,519 | bf16_mfu: 0.00 | epoch: 1 pq: 8 rg: 57 | total time: 23.69m | eta: 8.8m
step 00739/01008 (73.31%) | loss: 3.138897 | lrm: 0.44 | dt: 1952.26ms | tok/sec: 268,554 | bf16_mfu: 0.00 | epoch: 1 pq: 8 rg: 57 | total time: 23.72m | eta: 8.8m
step 00740/01008 (73.41%) | loss: 3.138973 | lrm: 0.44 | dt: 1951.78ms | tok/sec: 268,620 | bf16_mfu: 0.00 | epoch: 1 pq: 8 rg: 58 | total time: 23.75m | eta: 8.7m
step 00741/01008 (73.51%) | loss: 3.142426 | lrm: 0.44 | dt: 1953.81ms | tok/sec: 268,341 | bf16_mfu: 0.00 | epoch: 1 pq: 8 rg: 59 | total time: 23.78m | eta: 8.7m
step 00742/01008 (73.61%) | loss: 3.150323 | lrm: 0.44 | dt: 1951.91ms | tok/sec: 268,602 | bf16_mfu: 0.00 | epoch: 1 pq: 8 rg: 60 | total time: 23.82m | eta: 8.7m
step 00743/01008 (73.71%) | loss: 3.144701 | lrm: 0.43 | dt: 1950.81ms | tok/sec: 268,754 | bf16_mfu: 0.00 | epoch: 1 pq: 8 rg: 61 | total time: 23.85m | eta: 8.6m
step 00744/01008 (73.81%) | loss: 3.138394 | lrm: 0.43 | dt: 1951.72ms | tok/sec: 268,628 | bf16_mfu: 0.00 | epoch: 1 pq: 8 rg: 62 | total time: 23.88m | eta: 8.6m
step 00745/01008 (73.91%) | loss: 3.152773 | lrm: 0.43 | dt: 1952.63ms | tok/sec: 268,502 | bf16_mfu: 0.00 | epoch: 1 pq: 8 rg: 63 | total time: 23.91m | eta: 8.6m
step 00746/01008 (74.01%) | loss: 3.151830 | lrm: 0.43 | dt: 1952.79ms | tok/sec: 268,482 | bf16_mfu: 0.00 | epoch: 1 pq: 8 rg: 64 | total time: 23.95m | eta: 8.5m
step 00747/01008 (74.11%) | loss: 3.144971 | lrm: 0.43 | dt: 1953.00ms | tok/sec: 268,452 | bf16_mfu: 0.00 | epoch: 1 pq: 8 rg: 65 | total time: 23.98m | eta: 8.5m
step 00748/01008 (74.21%) | loss: 3.141078 | lrm: 0.43 | dt: 1952.55ms | tok/sec: 268,514 | bf16_mfu: 0.00 | epoch: 1 pq: 8 rg: 66 | total time: 24.01m | eta: 8.5m
step 00749/01008 (74.31%) | loss: 3.126472 | lrm: 0.43 | dt: 1952.35ms | tok/sec: 268,542 | bf16_mfu: 0.00 | epoch: 1 pq: 8 rg: 67 | total time: 24.04m | eta: 8.4m
Step 00750 | Validation bpb: 0.953054
step 00750/01008 (74.40%) | loss: 3.120527 | lrm: 0.42 | dt: 1940.15ms | tok/sec: 270,230 | bf16_mfu: 0.00 | epoch: 1 pq: 8 rg: 68 | total time: 24.08m | eta: 8.4m
step 00751/01008 (74.50%) | loss: 3.117605 | lrm: 0.42 | dt: 1942.76ms | tok/sec: 269,868 | bf16_mfu: 0.00 | epoch: 1 pq: 8 rg: 69 | total time: 24.11m | eta: 8.4m
step 00752/01008 (74.60%) | loss: 3.124558 | lrm: 0.42 | dt: 1942.92ms | tok/sec: 269,845 | bf16_mfu: 0.00 | epoch: 1 pq: 8 rg: 70 | total time: 24.14m | eta: 8.3m
step 00753/01008 (74.70%) | loss: 3.121968 | lrm: 0.42 | dt: 1941.61ms | tok/sec: 270,027 | bf16_mfu: 0.00 | epoch: 1 pq: 8 rg: 71 | total time: 24.17m | eta: 8.3m
step 00754/01008 (74.80%) | loss: 3.105506 | lrm: 0.42 | dt: 1942.28ms | tok/sec: 269,933 | bf16_mfu: 0.00 | epoch: 1 pq: 8 rg: 72 | total time: 24.21m | eta: 8.3m
step 00755/01008 (74.90%) | loss: 3.103689 | lrm: 0.42 | dt: 1942.72ms | tok/sec: 269,872 | bf16_mfu: 0.00 | epoch: 1 pq: 8 rg: 73 | total time: 24.24m | eta: 8.2m
step 00756/01008 (75.00%) | loss: 3.114227 | lrm: 0.42 | dt: 1941.64ms | tok/sec: 270,023 | bf16_mfu: 0.00 | epoch: 1 pq: 8 rg: 74 | total time: 24.27m | eta: 8.2m
step 00757/01008 (75.10%) | loss: 3.122852 | lrm: 0.41 | dt: 1942.71ms | tok/sec: 269,875 | bf16_mfu: 0.00 | epoch: 1 pq: 8 rg: 75 | total time: 24.30m | eta: 8.2m
step 00758/01008 (75.20%) | loss: 3.121821 | lrm: 0.41 | dt: 1943.23ms | tok/sec: 269,802 | bf16_mfu: 0.00 | epoch: 1 pq: 8 rg: 76 | total time: 24.34m | eta: 8.1m
step 00759/01008 (75.30%) | loss: 3.124476 | lrm: 0.41 | dt: 1943.71ms | tok/sec: 269,735 | bf16_mfu: 0.00 | epoch: 1 pq: 8 rg: 77 | total time: 24.37m | eta: 8.1m
step 00760/01008 (75.40%) | loss: 3.123655 | lrm: 0.41 | dt: 1943.70ms | tok/sec: 269,737 | bf16_mfu: 0.00 | epoch: 1 pq: 8 rg: 78 | total time: 24.40m | eta: 8.1m
step 00761/01008 (75.50%) | loss: 3.117121 | lrm: 0.41 | dt: 1943.82ms | tok/sec: 269,720 | bf16_mfu: 0.00 | epoch: 1 pq: 8 rg: 79 | total time: 24.43m | eta: 8.0m
step 00762/01008 (75.60%) | loss: 3.119487 | lrm: 0.41 | dt: 1944.44ms | tok/sec: 269,634 | bf16_mfu: 0.00 | epoch: 1 pq: 8 rg: 80 | total time: 24.47m | eta: 8.0m
step 00763/01008 (75.69%) | loss: 3.109601 | lrm: 0.41 | dt: 1944.21ms | tok/sec: 269,666 | bf16_mfu: 0.00 | epoch: 1 pq: 8 rg: 81 | total time: 24.50m | eta: 8.0m
step 00764/01008 (75.79%) | loss: 3.110262 | lrm: 0.40 | dt: 1944.38ms | tok/sec: 269,643 | bf16_mfu: 0.00 | epoch: 1 pq: 9 rg: 0 | total time: 24.53m | eta: 7.9m
step 00765/01008 (75.89%) | loss: 3.105766 | lrm: 0.40 | dt: 1945.54ms | tok/sec: 269,482 | bf16_mfu: 0.00 | epoch: 1 pq: 9 rg: 1 | total time: 24.56m | eta: 7.9m
step 00766/01008 (75.99%) | loss: 3.108755 | lrm: 0.40 | dt: 1944.47ms | tok/sec: 269,630 | bf16_mfu: 0.00 | epoch: 1 pq: 9 rg: 2 | total time: 24.59m | eta: 7.9m
step 00767/01008 (76.09%) | loss: 3.097241 | lrm: 0.40 | dt: 1945.76ms | tok/sec: 269,450 | bf16_mfu: 0.00 | epoch: 1 pq: 9 rg: 3 | total time: 24.63m | eta: 7.8m
step 00768/01008 (76.19%) | loss: 3.086135 | lrm: 0.40 | dt: 1946.68ms | tok/sec: 269,323 | bf16_mfu: 0.00 | epoch: 1 pq: 9 rg: 4 | total time: 24.66m | eta: 7.8m
step 00769/01008 (76.29%) | loss: 3.073768 | lrm: 0.40 | dt: 1946.67ms | tok/sec: 269,325 | bf16_mfu: 0.00 | epoch: 1 pq: 9 rg: 5 | total time: 24.69m | eta: 7.8m
step 00770/01008 (76.39%) | loss: 3.081778 | lrm: 0.40 | dt: 1946.48ms | tok/sec: 269,351 | bf16_mfu: 0.00 | epoch: 1 pq: 9 rg: 6 | total time: 24.72m | eta: 7.7m
step 00771/01008 (76.49%) | loss: 3.086690 | lrm: 0.39 | dt: 1946.21ms | tok/sec: 269,388 | bf16_mfu: 0.00 | epoch: 1 pq: 9 rg: 6 | total time: 24.76m | eta: 7.7m
step 00772/01008 (76.59%) | loss: 3.086374 | lrm: 0.39 | dt: 1945.78ms | tok/sec: 269,448 | bf16_mfu: 0.00 | epoch: 1 pq: 9 rg: 7 | total time: 24.79m | eta: 7.7m
step 00773/01008 (76.69%) | loss: 3.094567 | lrm: 0.39 | dt: 1946.31ms | tok/sec: 269,376 | bf16_mfu: 0.00 | epoch: 1 pq: 9 rg: 8 | total time: 24.82m | eta: 7.6m
step 00774/01008 (76.79%) | loss: 3.090551 | lrm: 0.39 | dt: 1946.08ms | tok/sec: 269,407 | bf16_mfu: 0.00 | epoch: 1 pq: 9 rg: 9 | total time: 24.85m | eta: 7.6m
step 00775/01008 (76.88%) | loss: 3.098629 | lrm: 0.39 | dt: 1944.59ms | tok/sec: 269,614 | bf16_mfu: 0.00 | epoch: 1 pq: 9 rg: 10 | total time: 24.89m | eta: 7.6m
step 00776/01008 (76.98%) | loss: 3.104408 | lrm: 0.39 | dt: 1945.98ms | tok/sec: 269,421 | bf16_mfu: 0.00 | epoch: 1 pq: 9 rg: 11 | total time: 24.92m | eta: 7.5m
step 00777/01008 (77.08%) | loss: 3.116767 | lrm: 0.39 | dt: 1946.22ms | tok/sec: 269,387 | bf16_mfu: 0.00 | epoch: 1 pq: 9 rg: 12 | total time: 24.95m | eta: 7.5m
step 00778/01008 (77.18%) | loss: 3.125444 | lrm: 0.38 | dt: 1946.84ms | tok/sec: 269,302 | bf16_mfu: 0.00 | epoch: 1 pq: 9 rg: 13 | total time: 24.98m | eta: 7.5m
step 00779/01008 (77.28%) | loss: 3.126316 | lrm: 0.38 | dt: 1946.11ms | tok/sec: 269,402 | bf16_mfu: 0.00 | epoch: 1 pq: 9 rg: 14 | total time: 25.02m | eta: 7.4m
step 00780/01008 (77.38%) | loss: 3.129877 | lrm: 0.38 | dt: 1945.53ms | tok/sec: 269,483 | bf16_mfu: 0.00 | epoch: 1 pq: 9 rg: 15 | total time: 25.05m | eta: 7.4m
step 00781/01008 (77.48%) | loss: 3.128749 | lrm: 0.38 | dt: 1946.34ms | tok/sec: 269,371 | bf16_mfu: 0.00 | epoch: 1 pq: 9 rg: 16 | total time: 25.08m | eta: 7.4m
step 00782/01008 (77.58%) | loss: 3.115910 | lrm: 0.38 | dt: 1945.62ms | tok/sec: 269,471 | bf16_mfu: 0.00 | epoch: 1 pq: 9 rg: 17 | total time: 25.11m | eta: 7.4m
step 00783/01008 (77.68%) | loss: 3.104794 | lrm: 0.38 | dt: 1944.63ms | tok/sec: 269,608 | bf16_mfu: 0.00 | epoch: 1 pq: 9 rg: 18 | total time: 25.15m | eta: 7.3m
step 00784/01008 (77.78%) | loss: 3.099456 | lrm: 0.37 | dt: 1946.06ms | tok/sec: 269,410 | bf16_mfu: 0.00 | epoch: 1 pq: 9 rg: 19 | total time: 25.18m | eta: 7.3m
step 00785/01008 (77.88%) | loss: 3.100043 | lrm: 0.37 | dt: 1947.33ms | tok/sec: 269,234 | bf16_mfu: 0.00 | epoch: 1 pq: 9 rg: 20 | total time: 25.21m | eta: 7.3m
step 00786/01008 (77.98%) | loss: 3.101779 | lrm: 0.37 | dt: 1946.36ms | tok/sec: 269,368 | bf16_mfu: 0.00 | epoch: 1 pq: 9 rg: 21 | total time: 25.24m | eta: 7.2m
step 00787/01008 (78.08%) | loss: 3.100647 | lrm: 0.37 | dt: 1947.35ms | tok/sec: 269,231 | bf16_mfu: 0.00 | epoch: 1 pq: 9 rg: 22 | total time: 25.28m | eta: 7.2m
step 00788/01008 (78.17%) | loss: 3.106333 | lrm: 0.37 | dt: 1947.53ms | tok/sec: 269,206 | bf16_mfu: 0.00 | epoch: 1 pq: 9 rg: 23 | total time: 25.31m | eta: 7.2m
step 00789/01008 (78.27%) | loss: 3.114385 | lrm: 0.37 | dt: 1947.62ms | tok/sec: 269,193 | bf16_mfu: 0.00 | epoch: 1 pq: 9 rg: 24 | total time: 25.34m | eta: 7.1m
step 00790/01008 (78.37%) | loss: 3.109409 | lrm: 0.37 | dt: 1948.12ms | tok/sec: 269,125 | bf16_mfu: 0.00 | epoch: 1 pq: 9 rg: 25 | total time: 25.37m | eta: 7.1m
step 00791/01008 (78.47%) | loss: 3.121933 | lrm: 0.36 | dt: 1948.25ms | tok/sec: 269,107 | bf16_mfu: 0.00 | epoch: 1 pq: 9 rg: 26 | total time: 25.41m | eta: 7.1m
step 00792/01008 (78.57%) | loss: 3.126158 | lrm: 0.36 | dt: 1948.61ms | tok/sec: 269,057 | bf16_mfu: 0.00 | epoch: 1 pq: 9 rg: 27 | total time: 25.44m | eta: 7.0m
step 00793/01008 (78.67%) | loss: 3.123395 | lrm: 0.36 | dt: 1947.60ms | tok/sec: 269,197 | bf16_mfu: 0.00 | epoch: 1 pq: 9 rg: 28 | total time: 25.47m | eta: 7.0m
step 00794/01008 (78.77%) | loss: 3.109926 | lrm: 0.36 | dt: 1946.21ms | tok/sec: 269,388 | bf16_mfu: 0.00 | epoch: 1 pq: 9 rg: 29 | total time: 25.50m | eta: 7.0m
step 00795/01008 (78.87%) | loss: 3.102862 | lrm: 0.36 | dt: 1947.38ms | tok/sec: 269,227 | bf16_mfu: 0.00 | epoch: 1 pq: 9 rg: 30 | total time: 25.54m | eta: 6.9m
step 00796/01008 (78.97%) | loss: 3.101181 | lrm: 0.36 | dt: 1947.00ms | tok/sec: 269,279 | bf16_mfu: 0.00 | epoch: 1 pq: 9 rg: 31 | total time: 25.57m | eta: 6.9m
step 00797/01008 (79.07%) | loss: 3.112082 | lrm: 0.36 | dt: 1947.30ms | tok/sec: 269,238 | bf16_mfu: 0.00 | epoch: 1 pq: 9 rg: 32 | total time: 25.60m | eta: 6.9m
step 00798/01008 (79.17%) | loss: 3.102515 | lrm: 0.35 | dt: 1948.21ms | tok/sec: 269,112 | bf16_mfu: 0.00 | epoch: 1 pq: 9 rg: 33 | total time: 25.63m | eta: 6.8m
step 00799/01008 (79.27%) | loss: 3.102927 | lrm: 0.35 | dt: 1948.35ms | tok/sec: 269,093 | bf16_mfu: 0.00 | epoch: 1 pq: 9 rg: 33 | total time: 25.67m | eta: 6.8m
step 00800/01008 (79.37%) | loss: 3.105368 | lrm: 0.35 | dt: 1949.04ms | tok/sec: 268,997 | bf16_mfu: 0.00 | epoch: 1 pq: 9 rg: 34 | total time: 25.70m | eta: 6.8m
step 00801/01008 (79.46%) | loss: 3.098804 | lrm: 0.35 | dt: 1946.71ms | tok/sec: 269,320 | bf16_mfu: 0.00 | epoch: 1 pq: 9 rg: 35 | total time: 25.73m | eta: 6.7m
step 00802/01008 (79.56%) | loss: 3.094475 | lrm: 0.35 | dt: 1947.06ms | tok/sec: 269,271 | bf16_mfu: 0.00 | epoch: 1 pq: 9 rg: 36 | total time: 25.76m | eta: 6.7m
step 00803/01008 (79.66%) | loss: 3.093717 | lrm: 0.35 | dt: 1945.95ms | tok/sec: 269,425 | bf16_mfu: 0.00 | epoch: 1 pq: 9 rg: 37 | total time: 25.80m | eta: 6.7m
step 00804/01008 (79.76%) | loss: 3.085865 | lrm: 0.35 | dt: 1946.21ms | tok/sec: 269,389 | bf16_mfu: 0.00 | epoch: 1 pq: 9 rg: 38 | total time: 25.83m | eta: 6.6m
step 00805/01008 (79.86%) | loss: 3.084115 | lrm: 0.34 | dt: 1946.23ms | tok/sec: 269,386 | bf16_mfu: 0.00 | epoch: 1 pq: 9 rg: 39 | total time: 25.86m | eta: 6.6m
step 00806/01008 (79.96%) | loss: 3.083729 | lrm: 0.34 | dt: 1947.53ms | tok/sec: 269,206 | bf16_mfu: 0.00 | epoch: 1 pq: 9 rg: 40 | total time: 25.89m | eta: 6.6m
step 00807/01008 (80.06%) | loss: 3.084909 | lrm: 0.34 | dt: 1946.13ms | tok/sec: 269,399 | bf16_mfu: 0.00 | epoch: 1 pq: 9 rg: 41 | total time: 25.93m | eta: 6.5m
step 00808/01008 (80.16%) | loss: 3.088519 | lrm: 0.34 | dt: 1945.11ms | tok/sec: 269,541 | bf16_mfu: 0.00 | epoch: 1 pq: 9 rg: 42 | total time: 25.96m | eta: 6.5m
step 00809/01008 (80.26%) | loss: 3.080051 | lrm: 0.34 | dt: 1946.32ms | tok/sec: 269,373 | bf16_mfu: 0.00 | epoch: 1 pq: 9 rg: 43 | total time: 25.99m | eta: 6.5m
step 00810/01008 (80.36%) | loss: 3.079542 | lrm: 0.34 | dt: 1946.17ms | tok/sec: 269,395 | bf16_mfu: 0.00 | epoch: 1 pq: 9 rg: 44 | total time: 26.02m | eta: 6.4m
step 00811/01008 (80.46%) | loss: 3.082061 | lrm: 0.34 | dt: 1946.15ms | tok/sec: 269,397 | bf16_mfu: 0.00 | epoch: 1 pq: 9 rg: 45 | total time: 26.05m | eta: 6.4m
step 00812/01008 (80.56%) | loss: 3.086961 | lrm: 0.33 | dt: 1946.26ms | tok/sec: 269,381 | bf16_mfu: 0.00 | epoch: 1 pq: 9 rg: 46 | total time: 26.09m | eta: 6.4m
step 00813/01008 (80.65%) | loss: 3.087215 | lrm: 0.33 | dt: 1946.10ms | tok/sec: 269,404 | bf16_mfu: 0.00 | epoch: 1 pq: 9 rg: 47 | total time: 26.12m | eta: 6.3m
step 00814/01008 (80.75%) | loss: 3.095130 | lrm: 0.33 | dt: 1946.42ms | tok/sec: 269,359 | bf16_mfu: 0.00 | epoch: 1 pq: 9 rg: 48 | total time: 26.15m | eta: 6.3m
step 00815/01008 (80.85%) | loss: 3.096773 | lrm: 0.33 | dt: 1947.13ms | tok/sec: 269,261 | bf16_mfu: 0.00 | epoch: 1 pq: 9 rg: 49 | total time: 26.18m | eta: 6.3m
step 00816/01008 (80.95%) | loss: 3.094278 | lrm: 0.33 | dt: 1946.84ms | tok/sec: 269,302 | bf16_mfu: 0.00 | epoch: 1 pq: 9 rg: 50 | total time: 26.22m | eta: 6.2m
step 00817/01008 (81.05%) | loss: 3.096529 | lrm: 0.33 | dt: 1945.71ms | tok/sec: 269,458 | bf16_mfu: 0.00 | epoch: 1 pq: 9 rg: 51 | total time: 26.25m | eta: 6.2m
step 00818/01008 (81.15%) | loss: 3.096707 | lrm: 0.33 | dt: 1945.91ms | tok/sec: 269,430 | bf16_mfu: 0.00 | epoch: 1 pq: 9 rg: 52 | total time: 26.28m | eta: 6.2m
step 00819/01008 (81.25%) | loss: 3.093958 | lrm: 0.32 | dt: 1946.35ms | tok/sec: 269,369 | bf16_mfu: 0.00 | epoch: 1 pq: 9 rg: 53 | total time: 26.31m | eta: 6.1m
step 00820/01008 (81.35%) | loss: 3.078455 | lrm: 0.32 | dt: 1946.75ms | tok/sec: 269,313 | bf16_mfu: 0.00 | epoch: 1 pq: 9 rg: 54 | total time: 26.35m | eta: 6.1m
step 00821/01008 (81.45%) | loss: 3.073832 | lrm: 0.32 | dt: 1947.47ms | tok/sec: 269,215 | bf16_mfu: 0.00 | epoch: 1 pq: 9 rg: 55 | total time: 26.38m | eta: 6.1m
step 00822/01008 (81.55%) | loss: 3.074567 | lrm: 0.32 | dt: 1948.36ms | tok/sec: 269,092 | bf16_mfu: 0.00 | epoch: 1 pq: 9 rg: 56 | total time: 26.41m | eta: 6.0m
step 00823/01008 (81.65%) | loss: 3.066066 | lrm: 0.32 | dt: 1946.69ms | tok/sec: 269,322 | bf16_mfu: 0.00 | epoch: 1 pq: 9 rg: 57 | total time: 26.44m | eta: 6.0m
step 00824/01008 (81.75%) | loss: 3.065480 | lrm: 0.32 | dt: 1946.57ms | tok/sec: 269,339 | bf16_mfu: 0.00 | epoch: 1 pq: 9 rg: 58 | total time: 26.48m | eta: 6.0m
step 00825/01008 (81.85%) | loss: 3.060221 | lrm: 0.32 | dt: 1946.91ms | tok/sec: 269,292 | bf16_mfu: 0.00 | epoch: 1 pq: 9 rg: 59 | total time: 26.51m | eta: 6.0m
step 00826/01008 (81.94%) | loss: 3.057278 | lrm: 0.31 | dt: 1947.11ms | tok/sec: 269,264 | bf16_mfu: 0.00 | epoch: 1 pq: 9 rg: 60 | total time: 26.54m | eta: 5.9m
step 00827/01008 (82.04%) | loss: 3.067733 | lrm: 0.31 | dt: 1945.56ms | tok/sec: 269,479 | bf16_mfu: 0.00 | epoch: 1 pq: 9 rg: 61 | total time: 26.57m | eta: 5.9m
step 00828/01008 (82.14%) | loss: 3.085219 | lrm: 0.31 | dt: 1945.93ms | tok/sec: 269,428 | bf16_mfu: 0.00 | epoch: 1 pq: 9 rg: 62 | total time: 26.61m | eta: 5.9m
step 00829/01008 (82.24%) | loss: 3.090903 | lrm: 0.31 | dt: 1944.39ms | tok/sec: 269,641 | bf16_mfu: 0.00 | epoch: 1 pq: 9 rg: 63 | total time: 26.64m | eta: 5.8m
step 00830/01008 (82.34%) | loss: 3.083407 | lrm: 0.31 | dt: 1944.90ms | tok/sec: 269,570 | bf16_mfu: 0.00 | epoch: 1 pq: 9 rg: 64 | total time: 26.67m | eta: 5.8m
step 00831/01008 (82.44%) | loss: 3.071138 | lrm: 0.31 | dt: 1944.98ms | tok/sec: 269,560 | bf16_mfu: 0.00 | epoch: 1 pq: 9 rg: 65 | total time: 26.70m | eta: 5.8m
step 00832/01008 (82.54%) | loss: 3.067472 | lrm: 0.31 | dt: 1945.49ms | tok/sec: 269,488 | bf16_mfu: 0.00 | epoch: 1 pq: 9 rg: 66 | total time: 26.74m | eta: 5.7m
step 00833/01008 (82.64%) | loss: 3.073055 | lrm: 0.30 | dt: 1945.48ms | tok/sec: 269,489 | bf16_mfu: 0.00 | epoch: 1 pq: 9 rg: 67 | total time: 26.77m | eta: 5.7m
step 00834/01008 (82.74%) | loss: 3.059571 | lrm: 0.30 | dt: 1945.84ms | tok/sec: 269,439 | bf16_mfu: 0.00 | epoch: 1 pq: 9 rg: 67 | total time: 26.80m | eta: 5.7m
step 00835/01008 (82.84%) | loss: 3.057996 | lrm: 0.30 | dt: 1946.25ms | tok/sec: 269,383 | bf16_mfu: 0.00 | epoch: 1 pq: 9 rg: 68 | total time: 26.83m | eta: 5.6m
step 00836/01008 (82.94%) | loss: 3.064576 | lrm: 0.30 | dt: 1945.36ms | tok/sec: 269,506 | bf16_mfu: 0.00 | epoch: 1 pq: 9 rg: 69 | total time: 26.87m | eta: 5.6m
step 00837/01008 (83.04%) | loss: 3.062190 | lrm: 0.30 | dt: 1945.84ms | tok/sec: 269,440 | bf16_mfu: 0.00 | epoch: 1 pq: 9 rg: 70 | total time: 26.90m | eta: 5.6m
step 00838/01008 (83.13%) | loss: 3.060793 | lrm: 0.30 | dt: 1946.20ms | tok/sec: 269,390 | bf16_mfu: 0.00 | epoch: 1 pq: 9 rg: 71 | total time: 26.93m | eta: 5.5m
step 00839/01008 (83.23%) | loss: 3.063397 | lrm: 0.30 | dt: 1946.03ms | tok/sec: 269,414 | bf16_mfu: 0.00 | epoch: 1 pq: 9 rg: 72 | total time: 26.96m | eta: 5.5m
step 00840/01008 (83.33%) | loss: 3.064132 | lrm: 0.29 | dt: 1946.86ms | tok/sec: 269,299 | bf16_mfu: 0.00 | epoch: 1 pq: 9 rg: 73 | total time: 27.00m | eta: 5.5m
step 00841/01008 (83.43%) | loss: 3.071271 | lrm: 0.29 | dt: 1946.28ms | tok/sec: 269,379 | bf16_mfu: 0.00 | epoch: 1 pq: 9 rg: 74 | total time: 27.03m | eta: 5.4m
step 00842/01008 (83.53%) | loss: 3.072875 | lrm: 0.29 | dt: 1949.92ms | tok/sec: 268,876 | bf16_mfu: 0.00 | epoch: 1 pq: 9 rg: 75 | total time: 27.06m | eta: 5.4m
step 00843/01008 (83.63%) | loss: 3.070851 | lrm: 0.29 | dt: 1946.20ms | tok/sec: 269,389 | bf16_mfu: 0.00 | epoch: 1 pq: 9 rg: 76 | total time: 27.09m | eta: 5.4m
step 00844/01008 (83.73%) | loss: 3.072024 | lrm: 0.29 | dt: 1947.25ms | tok/sec: 269,245 | bf16_mfu: 0.00 | epoch: 1 pq: 9 rg: 77 | total time: 27.13m | eta: 5.3m
step 00845/01008 (83.83%) | loss: 3.074679 | lrm: 0.29 | dt: 1945.62ms | tok/sec: 269,471 | bf16_mfu: 0.00 | epoch: 1 pq: 9 rg: 78 | total time: 27.16m | eta: 5.3m
step 00846/01008 (83.93%) | loss: 3.059848 | lrm: 0.28 | dt: 1945.81ms | tok/sec: 269,444 | bf16_mfu: 0.00 | epoch: 1 pq: 9 rg: 79 | total time: 27.19m | eta: 5.3m
step 00847/01008 (84.03%) | loss: 3.074670 | lrm: 0.28 | dt: 1946.30ms | tok/sec: 269,376 | bf16_mfu: 0.00 | epoch: 1 pq: 9 rg: 80 | total time: 27.22m | eta: 5.2m
step 00848/01008 (84.13%) | loss: 3.086291 | lrm: 0.28 | dt: 1945.84ms | tok/sec: 269,440 | bf16_mfu: 0.00 | epoch: 1 pq: 9 rg: 81 | total time: 27.26m | eta: 5.2m
step 00849/01008 (84.23%) | loss: 3.081151 | lrm: 0.28 | dt: 1945.94ms | tok/sec: 269,426 | bf16_mfu: 0.00 | epoch: 1 pq: 9 rg: 82 | total time: 27.29m | eta: 5.2m
step 00850/01008 (84.33%) | loss: 3.081598 | lrm: 0.28 | dt: 1946.24ms | tok/sec: 269,385 | bf16_mfu: 0.00 | epoch: 1 pq: 10 rg: 0 | total time: 27.32m | eta: 5.1m
step 00851/01008 (84.42%) | loss: 3.086801 | lrm: 0.28 | dt: 1947.31ms | tok/sec: 269,236 | bf16_mfu: 0.00 | epoch: 1 pq: 10 rg: 1 | total time: 27.35m | eta: 5.1m
step 00852/01008 (84.52%) | loss: 3.092437 | lrm: 0.28 | dt: 1947.98ms | tok/sec: 269,144 | bf16_mfu: 0.00 | epoch: 1 pq: 10 rg: 2 | total time: 27.38m | eta: 5.1m
step 00853/01008 (84.62%) | loss: 3.092476 | lrm: 0.27 | dt: 1947.82ms | tok/sec: 269,166 | bf16_mfu: 0.00 | epoch: 1 pq: 10 rg: 3 | total time: 27.42m | eta: 5.0m
step 00854/01008 (84.72%) | loss: 3.090518 | lrm: 0.27 | dt: 1947.80ms | tok/sec: 269,169 | bf16_mfu: 0.00 | epoch: 1 pq: 10 rg: 4 | total time: 27.45m | eta: 5.0m
step 00855/01008 (84.82%) | loss: 3.082689 | lrm: 0.27 | dt: 1947.10ms | tok/sec: 269,265 | bf16_mfu: 0.00 | epoch: 1 pq: 10 rg: 5 | total time: 27.48m | eta: 5.0m
step 00856/01008 (84.92%) | loss: 3.078727 | lrm: 0.27 | dt: 1947.58ms | tok/sec: 269,200 | bf16_mfu: 0.00 | epoch: 1 pq: 10 rg: 6 | total time: 27.51m | eta: 4.9m
step 00857/01008 (85.02%) | loss: 3.078250 | lrm: 0.27 | dt: 1948.31ms | tok/sec: 269,099 | bf16_mfu: 0.00 | epoch: 1 pq: 10 rg: 7 | total time: 27.55m | eta: 4.9m
step 00858/01008 (85.12%) | loss: 3.076480 | lrm: 0.27 | dt: 1946.28ms | tok/sec: 269,379 | bf16_mfu: 0.00 | epoch: 1 pq: 10 rg: 8 | total time: 27.58m | eta: 4.9m
step 00859/01008 (85.22%) | loss: 3.080485 | lrm: 0.27 | dt: 1946.47ms | tok/sec: 269,353 | bf16_mfu: 0.00 | epoch: 1 pq: 10 rg: 9 | total time: 27.61m | eta: 4.8m
step 00860/01008 (85.32%) | loss: 3.083188 | lrm: 0.26 | dt: 1945.62ms | tok/sec: 269,471 | bf16_mfu: 0.00 | epoch: 1 pq: 10 rg: 10 | total time: 27.64m | eta: 4.8m
step 00861/01008 (85.42%) | loss: 3.090911 | lrm: 0.26 | dt: 1947.13ms | tok/sec: 269,262 | bf16_mfu: 0.00 | epoch: 1 pq: 10 rg: 11 | total time: 27.68m | eta: 4.8m
step 00862/01008 (85.52%) | loss: 3.093590 | lrm: 0.26 | dt: 1945.30ms | tok/sec: 269,515 | bf16_mfu: 0.00 | epoch: 1 pq: 10 rg: 12 | total time: 27.71m | eta: 4.7m
step 00863/01008 (85.62%) | loss: 3.089216 | lrm: 0.26 | dt: 1944.31ms | tok/sec: 269,652 | bf16_mfu: 0.00 | epoch: 1 pq: 10 rg: 13 | total time: 27.74m | eta: 4.7m
step 00864/01008 (85.71%) | loss: 3.076585 | lrm: 0.26 | dt: 1945.57ms | tok/sec: 269,477 | bf16_mfu: 0.00 | epoch: 1 pq: 10 rg: 14 | total time: 27.77m | eta: 4.7m
step 00865/01008 (85.81%) | loss: 3.075318 | lrm: 0.26 | dt: 1945.56ms | tok/sec: 269,479 | bf16_mfu: 0.00 | epoch: 1 pq: 10 rg: 15 | total time: 27.81m | eta: 4.7m
step 00866/01008 (85.91%) | loss: 3.061687 | lrm: 0.26 | dt: 1946.77ms | tok/sec: 269,311 | bf16_mfu: 0.00 | epoch: 1 pq: 10 rg: 16 | total time: 27.84m | eta: 4.6m
step 00867/01008 (86.01%) | loss: 3.056618 | lrm: 0.25 | dt: 1945.89ms | tok/sec: 269,433 | bf16_mfu: 0.00 | epoch: 1 pq: 10 rg: 17 | total time: 27.87m | eta: 4.6m
step 00868/01008 (86.11%) | loss: 3.052067 | lrm: 0.25 | dt: 1947.51ms | tok/sec: 269,208 | bf16_mfu: 0.00 | epoch: 1 pq: 10 rg: 18 | total time: 27.90m | eta: 4.6m
step 00869/01008 (86.21%) | loss: 3.048219 | lrm: 0.25 | dt: 1947.96ms | tok/sec: 269,147 | bf16_mfu: 0.00 | epoch: 1 pq: 10 rg: 18 | total time: 27.94m | eta: 4.5m
step 00870/01008 (86.31%) | loss: 3.047779 | lrm: 0.25 | dt: 1946.91ms | tok/sec: 269,292 | bf16_mfu: 0.00 | epoch: 1 pq: 10 rg: 19 | total time: 27.97m | eta: 4.5m
step 00871/01008 (86.41%) | loss: 3.050456 | lrm: 0.25 | dt: 1947.51ms | tok/sec: 269,208 | bf16_mfu: 0.00 | epoch: 1 pq: 10 rg: 20 | total time: 28.00m | eta: 4.5m
step 00872/01008 (86.51%) | loss: 3.049875 | lrm: 0.25 | dt: 1947.11ms | tok/sec: 269,264 | bf16_mfu: 0.00 | epoch: 1 pq: 10 rg: 21 | total time: 28.03m | eta: 4.4m
step 00873/01008 (86.61%) | loss: 3.052530 | lrm: 0.25 | dt: 1947.72ms | tok/sec: 269,180 | bf16_mfu: 0.00 | epoch: 1 pq: 10 rg: 22 | total time: 28.07m | eta: 4.4m
step 00874/01008 (86.71%) | loss: 3.053416 | lrm: 0.24 | dt: 1947.88ms | tok/sec: 269,158 | bf16_mfu: 0.00 | epoch: 1 pq: 10 rg: 23 | total time: 28.10m | eta: 4.4m
step 00875/01008 (86.81%) | loss: 3.051251 | lrm: 0.24 | dt: 1948.80ms | tok/sec: 269,031 | bf16_mfu: 0.00 | epoch: 1 pq: 10 rg: 24 | total time: 28.13m | eta: 4.3m
step 00876/01008 (86.90%) | loss: 3.057341 | lrm: 0.24 | dt: 1947.34ms | tok/sec: 269,232 | bf16_mfu: 0.00 | epoch: 1 pq: 10 rg: 25 | total time: 28.16m | eta: 4.3m
step 00877/01008 (87.00%) | loss: 3.059792 | lrm: 0.24 | dt: 1947.61ms | tok/sec: 269,196 | bf16_mfu: 0.00 | epoch: 1 pq: 10 rg: 26 | total time: 28.20m | eta: 4.3m
step 00878/01008 (87.10%) | loss: 3.079996 | lrm: 0.24 | dt: 1947.76ms | tok/sec: 269,175 | bf16_mfu: 0.00 | epoch: 1 pq: 10 rg: 27 | total time: 28.23m | eta: 4.2m
step 00879/01008 (87.20%) | loss: 3.075163 | lrm: 0.24 | dt: 1947.69ms | tok/sec: 269,184 | bf16_mfu: 0.00 | epoch: 1 pq: 10 rg: 28 | total time: 28.26m | eta: 4.2m
step 00880/01008 (87.30%) | loss: 3.073927 | lrm: 0.24 | dt: 1949.10ms | tok/sec: 268,989 | bf16_mfu: 0.00 | epoch: 1 pq: 10 rg: 29 | total time: 28.29m | eta: 4.2m
step 00881/01008 (87.40%) | loss: 3.082921 | lrm: 0.23 | dt: 1948.33ms | tok/sec: 269,095 | bf16_mfu: 0.00 | epoch: 1 pq: 10 rg: 30 | total time: 28.33m | eta: 4.1m
step 00882/01008 (87.50%) | loss: 3.082850 | lrm: 0.23 | dt: 1947.74ms | tok/sec: 269,177 | bf16_mfu: 0.00 | epoch: 1 pq: 10 rg: 31 | total time: 28.36m | eta: 4.1m
step 00883/01008 (87.60%) | loss: 3.078862 | lrm: 0.23 | dt: 1948.33ms | tok/sec: 269,096 | bf16_mfu: 0.00 | epoch: 1 pq: 10 rg: 32 | total time: 28.39m | eta: 4.1m
step 00884/01008 (87.70%) | loss: 3.065123 | lrm: 0.23 | dt: 1949.13ms | tok/sec: 268,985 | bf16_mfu: 0.00 | epoch: 1 pq: 10 rg: 33 | total time: 28.42m | eta: 4.0m
step 00885/01008 (87.80%) | loss: 3.054645 | lrm: 0.23 | dt: 1948.92ms | tok/sec: 269,015 | bf16_mfu: 0.00 | epoch: 1 pq: 10 rg: 34 | total time: 28.46m | eta: 4.0m
step 00886/01008 (87.90%) | loss: 3.050299 | lrm: 0.23 | dt: 1947.82ms | tok/sec: 269,167 | bf16_mfu: 0.00 | epoch: 1 pq: 10 rg: 35 | total time: 28.49m | eta: 4.0m
step 00887/01008 (88.00%) | loss: 3.056607 | lrm: 0.23 | dt: 1947.04ms | tok/sec: 269,274 | bf16_mfu: 0.00 | epoch: 1 pq: 10 rg: 36 | total time: 28.52m | eta: 3.9m
step 00888/01008 (88.10%) | loss: 3.057661 | lrm: 0.22 | dt: 1947.29ms | tok/sec: 269,239 | bf16_mfu: 0.00 | epoch: 1 pq: 10 rg: 37 | total time: 28.55m | eta: 3.9m
step 00889/01008 (88.19%) | loss: 3.054824 | lrm: 0.22 | dt: 1948.39ms | tok/sec: 269,087 | bf16_mfu: 0.00 | epoch: 1 pq: 10 rg: 38 | total time: 28.59m | eta: 3.9m
step 00890/01008 (88.29%) | loss: 3.061313 | lrm: 0.22 | dt: 1947.38ms | tok/sec: 269,227 | bf16_mfu: 0.00 | epoch: 1 pq: 10 rg: 39 | total time: 28.62m | eta: 3.8m
step 00891/01008 (88.39%) | loss: 3.070022 | lrm: 0.22 | dt: 1947.76ms | tok/sec: 269,174 | bf16_mfu: 0.00 | epoch: 1 pq: 10 rg: 40 | total time: 28.65m | eta: 3.8m
step 00892/01008 (88.49%) | loss: 3.066962 | lrm: 0.22 | dt: 1948.27ms | tok/sec: 269,104 | bf16_mfu: 0.00 | epoch: 1 pq: 10 rg: 41 | total time: 28.68m | eta: 3.8m
step 00893/01008 (88.59%) | loss: 3.062937 | lrm: 0.22 | dt: 1948.24ms | tok/sec: 269,108 | bf16_mfu: 0.00 | epoch: 1 pq: 10 rg: 42 | total time: 28.72m | eta: 3.7m
step 00894/01008 (88.69%) | loss: 3.065562 | lrm: 0.22 | dt: 1948.94ms | tok/sec: 269,012 | bf16_mfu: 0.00 | epoch: 1 pq: 10 rg: 43 | total time: 28.75m | eta: 3.7m
step 00895/01008 (88.79%) | loss: 3.064831 | lrm: 0.21 | dt: 1949.61ms | tok/sec: 268,919 | bf16_mfu: 0.00 | epoch: 1 pq: 10 rg: 44 | total time: 28.78m | eta: 3.7m
step 00896/01008 (88.89%) | loss: 3.068834 | lrm: 0.21 | dt: 1949.90ms | tok/sec: 268,879 | bf16_mfu: 0.00 | epoch: 1 pq: 10 rg: 45 | total time: 28.81m | eta: 3.6m
step 00897/01008 (88.99%) | loss: 3.070089 | lrm: 0.21 | dt: 1948.22ms | tok/sec: 269,110 | bf16_mfu: 0.00 | epoch: 1 pq: 10 rg: 46 | total time: 28.85m | eta: 3.6m
step 00898/01008 (89.09%) | loss: 3.056338 | lrm: 0.21 | dt: 1948.78ms | tok/sec: 269,033 | bf16_mfu: 0.00 | epoch: 1 pq: 10 rg: 47 | total time: 28.88m | eta: 3.6m
step 00899/01008 (89.19%) | loss: 3.063923 | lrm: 0.21 | dt: 1949.55ms | tok/sec: 268,927 | bf16_mfu: 0.00 | epoch: 1 pq: 10 rg: 47 | total time: 28.91m | eta: 3.5m
step 00900/01008 (89.29%) | loss: 3.066355 | lrm: 0.21 | dt: 1949.98ms | tok/sec: 268,868 | bf16_mfu: 0.00 | epoch: 1 pq: 10 rg: 48 | total time: 28.94m | eta: 3.5m
step 00901/01008 (89.38%) | loss: 3.068930 | lrm: 0.21 | dt: 1948.65ms | tok/sec: 269,051 | bf16_mfu: 0.00 | epoch: 1 pq: 10 rg: 49 | total time: 28.98m | eta: 3.5m
step 00902/01008 (89.48%) | loss: 3.072986 | lrm: 0.20 | dt: 1950.39ms | tok/sec: 268,812 | bf16_mfu: 0.00 | epoch: 1 pq: 10 rg: 50 | total time: 29.01m | eta: 3.4m
step 00903/01008 (89.58%) | loss: 3.075173 | lrm: 0.20 | dt: 1947.37ms | tok/sec: 269,228 | bf16_mfu: 0.00 | epoch: 1 pq: 10 rg: 51 | total time: 29.04m | eta: 3.4m
step 00904/01008 (89.68%) | loss: 3.071737 | lrm: 0.20 | dt: 1947.94ms | tok/sec: 269,149 | bf16_mfu: 0.00 | epoch: 1 pq: 10 rg: 52 | total time: 29.07m | eta: 3.4m
step 00905/01008 (89.78%) | loss: 3.072758 | lrm: 0.20 | dt: 1948.00ms | tok/sec: 269,141 | bf16_mfu: 0.00 | epoch: 1 pq: 10 rg: 53 | total time: 29.11m | eta: 3.3m
step 00906/01008 (89.88%) | loss: 3.064011 | lrm: 0.20 | dt: 1948.67ms | tok/sec: 269,049 | bf16_mfu: 0.00 | epoch: 1 pq: 10 rg: 54 | total time: 29.14m | eta: 3.3m
step 00907/01008 (89.98%) | loss: 3.070103 | lrm: 0.20 | dt: 1948.46ms | tok/sec: 269,078 | bf16_mfu: 0.00 | epoch: 1 pq: 10 rg: 55 | total time: 29.17m | eta: 3.3m
step 00908/01008 (90.08%) | loss: 3.070785 | lrm: 0.20 | dt: 1947.51ms | tok/sec: 269,209 | bf16_mfu: 0.00 | epoch: 1 pq: 10 rg: 56 | total time: 29.20m | eta: 3.3m
step 00909/01008 (90.18%) | loss: 3.072937 | lrm: 0.19 | dt: 1948.56ms | tok/sec: 269,064 | bf16_mfu: 0.00 | epoch: 1 pq: 10 rg: 57 | total time: 29.24m | eta: 3.2m
step 00910/01008 (90.28%) | loss: 3.078072 | lrm: 0.19 | dt: 1948.19ms | tok/sec: 269,114 | bf16_mfu: 0.00 | epoch: 1 pq: 10 rg: 58 | total time: 29.27m | eta: 3.2m
step 00911/01008 (90.38%) | loss: 3.071959 | lrm: 0.19 | dt: 1947.76ms | tok/sec: 269,174 | bf16_mfu: 0.00 | epoch: 1 pq: 10 rg: 59 | total time: 29.30m | eta: 3.2m
step 00912/01008 (90.48%) | loss: 3.074373 | lrm: 0.19 | dt: 1947.68ms | tok/sec: 269,186 | bf16_mfu: 0.00 | epoch: 1 pq: 10 rg: 60 | total time: 29.33m | eta: 3.1m
step 00913/01008 (90.58%) | loss: 3.079313 | lrm: 0.19 | dt: 1948.38ms | tok/sec: 269,088 | bf16_mfu: 0.00 | epoch: 1 pq: 10 rg: 61 | total time: 29.37m | eta: 3.1m
step 00914/01008 (90.67%) | loss: 3.064519 | lrm: 0.19 | dt: 1949.00ms | tok/sec: 269,004 | bf16_mfu: 0.00 | epoch: 1 pq: 10 rg: 62 | total time: 29.40m | eta: 3.1m
step 00915/01008 (90.77%) | loss: 3.055857 | lrm: 0.18 | dt: 1947.85ms | tok/sec: 269,162 | bf16_mfu: 0.00 | epoch: 1 pq: 10 rg: 63 | total time: 29.43m | eta: 3.0m
step 00916/01008 (90.87%) | loss: 3.053789 | lrm: 0.18 | dt: 1948.35ms | tok/sec: 269,092 | bf16_mfu: 0.00 | epoch: 1 pq: 10 rg: 64 | total time: 29.46m | eta: 3.0m
step 00917/01008 (90.97%) | loss: 3.050990 | lrm: 0.18 | dt: 1948.89ms | tok/sec: 269,018 | bf16_mfu: 0.00 | epoch: 1 pq: 10 rg: 65 | total time: 29.50m | eta: 3.0m
step 00918/01008 (91.07%) | loss: 3.057720 | lrm: 0.18 | dt: 1949.21ms | tok/sec: 268,974 | bf16_mfu: 0.00 | epoch: 1 pq: 10 rg: 66 | total time: 29.53m | eta: 2.9m
step 00919/01008 (91.17%) | loss: 3.053677 | lrm: 0.18 | dt: 1947.96ms | tok/sec: 269,146 | bf16_mfu: 0.00 | epoch: 1 pq: 10 rg: 67 | total time: 29.56m | eta: 2.9m
step 00920/01008 (91.27%) | loss: 3.059843 | lrm: 0.18 | dt: 1950.07ms | tok/sec: 268,856 | bf16_mfu: 0.00 | epoch: 1 pq: 10 rg: 68 | total time: 29.59m | eta: 2.9m
step 00921/01008 (91.37%) | loss: 3.068911 | lrm: 0.18 | dt: 1948.85ms | tok/sec: 269,024 | bf16_mfu: 0.00 | epoch: 1 pq: 10 rg: 69 | total time: 29.62m | eta: 2.8m
step 00922/01008 (91.47%) | loss: 3.059372 | lrm: 0.17 | dt: 1946.46ms | tok/sec: 269,354 | bf16_mfu: 0.00 | epoch: 1 pq: 10 rg: 70 | total time: 29.66m | eta: 2.8m
step 00923/01008 (91.57%) | loss: 3.064436 | lrm: 0.17 | dt: 1947.48ms | tok/sec: 269,213 | bf16_mfu: 0.00 | epoch: 1 pq: 10 rg: 71 | total time: 29.69m | eta: 2.8m
step 00924/01008 (91.67%) | loss: 3.059153 | lrm: 0.17 | dt: 1947.68ms | tok/sec: 269,185 | bf16_mfu: 0.00 | epoch: 1 pq: 10 rg: 72 | total time: 29.72m | eta: 2.7m
step 00925/01008 (91.77%) | loss: 3.057374 | lrm: 0.17 | dt: 1949.70ms | tok/sec: 268,906 | bf16_mfu: 0.00 | epoch: 1 pq: 10 rg: 73 | total time: 29.75m | eta: 2.7m
step 00926/01008 (91.87%) | loss: 3.049378 | lrm: 0.17 | dt: 1949.62ms | tok/sec: 268,918 | bf16_mfu: 0.00 | epoch: 1 pq: 10 rg: 74 | total time: 29.79m | eta: 2.7m
step 00927/01008 (91.96%) | loss: 3.048694 | lrm: 0.17 | dt: 1948.43ms | tok/sec: 269,082 | bf16_mfu: 0.00 | epoch: 1 pq: 10 rg: 75 | total time: 29.82m | eta: 2.6m
step 00928/01008 (92.06%) | loss: 3.046470 | lrm: 0.17 | dt: 1948.14ms | tok/sec: 269,122 | bf16_mfu: 0.00 | epoch: 1 pq: 10 rg: 76 | total time: 29.85m | eta: 2.6m
step 00929/01008 (92.16%) | loss: 3.052670 | lrm: 0.16 | dt: 1945.83ms | tok/sec: 269,441 | bf16_mfu: 0.00 | epoch: 1 pq: 10 rg: 76 | total time: 29.88m | eta: 2.6m
step 00930/01008 (92.26%) | loss: 3.055384 | lrm: 0.16 | dt: 1946.02ms | tok/sec: 269,415 | bf16_mfu: 0.00 | epoch: 1 pq: 10 rg: 77 | total time: 29.92m | eta: 2.5m
step 00931/01008 (92.36%) | loss: 3.051661 | lrm: 0.16 | dt: 1946.43ms | tok/sec: 269,358 | bf16_mfu: 0.00 | epoch: 1 pq: 10 rg: 78 | total time: 29.95m | eta: 2.5m
step 00932/01008 (92.46%) | loss: 3.066741 | lrm: 0.16 | dt: 1945.41ms | tok/sec: 269,500 | bf16_mfu: 0.00 | epoch: 1 pq: 10 rg: 79 | total time: 29.98m | eta: 2.5m
step 00933/01008 (92.56%) | loss: 3.057427 | lrm: 0.16 | dt: 1946.77ms | tok/sec: 269,312 | bf16_mfu: 0.00 | epoch: 1 pq: 10 rg: 80 | total time: 30.01m | eta: 2.4m
step 00934/01008 (92.66%) | loss: 3.058766 | lrm: 0.16 | dt: 1948.53ms | tok/sec: 269,068 | bf16_mfu: 0.00 | epoch: 1 pq: 10 rg: 81 | total time: 30.05m | eta: 2.4m
step 00935/01008 (92.76%) | loss: 3.059559 | lrm: 0.16 | dt: 1950.88ms | tok/sec: 268,743 | bf16_mfu: 0.00 | epoch: 1 pq: 10 rg: 82 | total time: 30.08m | eta: 2.4m
step 00936/01008 (92.86%) | loss: 3.065012 | lrm: 0.15 | dt: 1948.42ms | tok/sec: 269,083 | bf16_mfu: 0.00 | epoch: 1 pq: 11 rg: 0 | total time: 30.11m | eta: 2.3m
step 00937/01008 (92.96%) | loss: 3.062935 | lrm: 0.15 | dt: 1946.84ms | tok/sec: 269,301 | bf16_mfu: 0.00 | epoch: 1 pq: 11 rg: 1 | total time: 30.14m | eta: 2.3m
step 00938/01008 (93.06%) | loss: 3.060684 | lrm: 0.15 | dt: 1947.15ms | tok/sec: 269,259 | bf16_mfu: 0.00 | epoch: 1 pq: 11 rg: 2 | total time: 30.18m | eta: 2.3m
step 00939/01008 (93.15%) | loss: 3.059395 | lrm: 0.15 | dt: 1946.75ms | tok/sec: 269,315 | bf16_mfu: 0.00 | epoch: 1 pq: 11 rg: 3 | total time: 30.21m | eta: 2.2m
step 00940/01008 (93.25%) | loss: 3.061033 | lrm: 0.15 | dt: 1946.07ms | tok/sec: 269,408 | bf16_mfu: 0.00 | epoch: 1 pq: 11 rg: 4 | total time: 30.24m | eta: 2.2m
step 00941/01008 (93.35%) | loss: 3.060099 | lrm: 0.15 | dt: 1944.85ms | tok/sec: 269,577 | bf16_mfu: 0.00 | epoch: 1 pq: 11 rg: 5 | total time: 30.27m | eta: 2.2m
step 00942/01008 (93.45%) | loss: 3.057185 | lrm: 0.15 | dt: 1947.53ms | tok/sec: 269,206 | bf16_mfu: 0.00 | epoch: 1 pq: 11 rg: 6 | total time: 30.31m | eta: 2.1m
step 00943/01008 (93.55%) | loss: 3.062214 | lrm: 0.14 | dt: 1947.39ms | tok/sec: 269,226 | bf16_mfu: 0.00 | epoch: 1 pq: 11 rg: 7 | total time: 30.34m | eta: 2.1m
step 00944/01008 (93.65%) | loss: 3.054756 | lrm: 0.14 | dt: 1946.33ms | tok/sec: 269,373 | bf16_mfu: 0.00 | epoch: 1 pq: 11 rg: 8 | total time: 30.37m | eta: 2.1m
step 00945/01008 (93.75%) | loss: 3.054357 | lrm: 0.14 | dt: 1945.28ms | tok/sec: 269,517 | bf16_mfu: 0.00 | epoch: 1 pq: 11 rg: 9 | total time: 30.40m | eta: 2.0m
step 00946/01008 (93.85%) | loss: 3.051344 | lrm: 0.14 | dt: 1946.12ms | tok/sec: 269,401 | bf16_mfu: 0.00 | epoch: 1 pq: 11 rg: 10 | total time: 30.44m | eta: 2.0m
step 00947/01008 (93.95%) | loss: 3.060613 | lrm: 0.14 | dt: 1945.43ms | tok/sec: 269,497 | bf16_mfu: 0.00 | epoch: 1 pq: 11 rg: 11 | total time: 30.47m | eta: 2.0m
step 00948/01008 (94.05%) | loss: 3.056751 | lrm: 0.14 | dt: 1945.95ms | tok/sec: 269,424 | bf16_mfu: 0.00 | epoch: 1 pq: 11 rg: 12 | total time: 30.50m | eta: 2.0m
step 00949/01008 (94.15%) | loss: 3.058574 | lrm: 0.14 | dt: 1945.43ms | tok/sec: 269,497 | bf16_mfu: 0.00 | epoch: 1 pq: 11 rg: 13 | total time: 30.53m | eta: 1.9m
step 00950/01008 (94.25%) | loss: 3.051966 | lrm: 0.13 | dt: 1945.48ms | tok/sec: 269,490 | bf16_mfu: 0.00 | epoch: 1 pq: 11 rg: 14 | total time: 30.57m | eta: 1.9m
step 00951/01008 (94.35%) | loss: 3.042114 | lrm: 0.13 | dt: 1945.65ms | tok/sec: 269,467 | bf16_mfu: 0.00 | epoch: 1 pq: 11 rg: 15 | total time: 30.60m | eta: 1.9m
step 00952/01008 (94.44%) | loss: 3.026122 | lrm: 0.13 | dt: 1946.21ms | tok/sec: 269,389 | bf16_mfu: 0.00 | epoch: 1 pq: 11 rg: 16 | total time: 30.63m | eta: 1.8m
step 00953/01008 (94.54%) | loss: 3.021431 | lrm: 0.13 | dt: 1946.68ms | tok/sec: 269,323 | bf16_mfu: 0.00 | epoch: 1 pq: 11 rg: 17 | total time: 30.66m | eta: 1.8m
step 00954/01008 (94.64%) | loss: 3.028918 | lrm: 0.13 | dt: 1946.66ms | tok/sec: 269,327 | bf16_mfu: 0.00 | epoch: 1 pq: 11 rg: 18 | total time: 30.70m | eta: 1.8m
step 00955/01008 (94.74%) | loss: 3.038077 | lrm: 0.13 | dt: 1948.19ms | tok/sec: 269,114 | bf16_mfu: 0.00 | epoch: 1 pq: 11 rg: 19 | total time: 30.73m | eta: 1.7m
step 00956/01008 (94.84%) | loss: 3.050184 | lrm: 0.13 | dt: 1947.50ms | tok/sec: 269,211 | bf16_mfu: 0.00 | epoch: 1 pq: 11 rg: 19 | total time: 30.76m | eta: 1.7m
step 00957/01008 (94.94%) | loss: 3.055148 | lrm: 0.12 | dt: 1946.76ms | tok/sec: 269,312 | bf16_mfu: 0.00 | epoch: 1 pq: 11 rg: 20 | total time: 30.79m | eta: 1.7m
step 00958/01008 (95.04%) | loss: 3.045421 | lrm: 0.12 | dt: 1946.42ms | tok/sec: 269,360 | bf16_mfu: 0.00 | epoch: 1 pq: 11 rg: 21 | total time: 30.83m | eta: 1.6m
step 00959/01008 (95.14%) | loss: 3.050431 | lrm: 0.12 | dt: 1948.54ms | tok/sec: 269,067 | bf16_mfu: 0.00 | epoch: 1 pq: 11 rg: 22 | total time: 30.86m | eta: 1.6m
step 00960/01008 (95.24%) | loss: 3.041031 | lrm: 0.12 | dt: 1946.24ms | tok/sec: 269,385 | bf16_mfu: 0.00 | epoch: 1 pq: 11 rg: 23 | total time: 30.89m | eta: 1.6m
step 00961/01008 (95.34%) | loss: 3.045133 | lrm: 0.12 | dt: 1948.21ms | tok/sec: 269,112 | bf16_mfu: 0.00 | epoch: 1 pq: 11 rg: 24 | total time: 30.92m | eta: 1.5m
step 00962/01008 (95.44%) | loss: 3.040759 | lrm: 0.12 | dt: 1947.25ms | tok/sec: 269,244 | bf16_mfu: 0.00 | epoch: 1 pq: 11 rg: 25 | total time: 30.96m | eta: 1.5m
step 00963/01008 (95.54%) | loss: 3.026808 | lrm: 0.12 | dt: 1947.30ms | tok/sec: 269,238 | bf16_mfu: 0.00 | epoch: 1 pq: 11 rg: 26 | total time: 30.99m | eta: 1.5m
step 00964/01008 (95.63%) | loss: 3.037447 | lrm: 0.11 | dt: 1947.15ms | tok/sec: 269,258 | bf16_mfu: 0.00 | epoch: 1 pq: 11 rg: 27 | total time: 31.02m | eta: 1.4m
step 00965/01008 (95.73%) | loss: 3.031839 | lrm: 0.11 | dt: 1947.10ms | tok/sec: 269,265 | bf16_mfu: 0.00 | epoch: 1 pq: 11 rg: 28 | total time: 31.05m | eta: 1.4m
step 00966/01008 (95.83%) | loss: 3.033227 | lrm: 0.11 | dt: 1946.82ms | tok/sec: 269,304 | bf16_mfu: 0.00 | epoch: 1 pq: 11 rg: 29 | total time: 31.09m | eta: 1.4m
step 00967/01008 (95.93%) | loss: 3.033799 | lrm: 0.11 | dt: 1947.07ms | tok/sec: 269,269 | bf16_mfu: 0.00 | epoch: 1 pq: 11 rg: 30 | total time: 31.12m | eta: 1.3m
step 00968/01008 (96.03%) | loss: 3.018241 | lrm: 0.11 | dt: 1946.96ms | tok/sec: 269,286 | bf16_mfu: 0.00 | epoch: 1 pq: 11 rg: 31 | total time: 31.15m | eta: 1.3m
step 00969/01008 (96.13%) | loss: 3.019562 | lrm: 0.11 | dt: 1946.32ms | tok/sec: 269,374 | bf16_mfu: 0.00 | epoch: 1 pq: 11 rg: 32 | total time: 31.18m | eta: 1.3m
step 00970/01008 (96.23%) | loss: 3.010283 | lrm: 0.11 | dt: 1945.89ms | tok/sec: 269,434 | bf16_mfu: 0.00 | epoch: 1 pq: 11 rg: 33 | total time: 31.22m | eta: 1.2m
step 00971/01008 (96.33%) | loss: 3.022445 | lrm: 0.10 | dt: 1947.61ms | tok/sec: 269,195 | bf16_mfu: 0.00 | epoch: 1 pq: 11 rg: 34 | total time: 31.25m | eta: 1.2m
step 00972/01008 (96.43%) | loss: 3.026516 | lrm: 0.10 | dt: 1947.55ms | tok/sec: 269,203 | bf16_mfu: 0.00 | epoch: 1 pq: 11 rg: 35 | total time: 31.28m | eta: 1.2m
step 00973/01008 (96.53%) | loss: 3.023604 | lrm: 0.10 | dt: 1947.22ms | tok/sec: 269,249 | bf16_mfu: 0.00 | epoch: 1 pq: 11 rg: 36 | total time: 31.31m | eta: 1.1m
step 00974/01008 (96.63%) | loss: 3.022762 | lrm: 0.10 | dt: 1948.01ms | tok/sec: 269,140 | bf16_mfu: 0.00 | epoch: 1 pq: 11 rg: 37 | total time: 31.34m | eta: 1.1m
step 00975/01008 (96.73%) | loss: 3.030389 | lrm: 0.10 | dt: 1947.28ms | tok/sec: 269,241 | bf16_mfu: 0.00 | epoch: 1 pq: 11 rg: 38 | total time: 31.38m | eta: 1.1m
step 00976/01008 (96.83%) | loss: 3.034510 | lrm: 0.10 | dt: 1947.09ms | tok/sec: 269,267 | bf16_mfu: 0.00 | epoch: 1 pq: 11 rg: 39 | total time: 31.41m | eta: 1.0m
step 00977/01008 (96.92%) | loss: 3.024167 | lrm: 0.09 | dt: 1946.23ms | tok/sec: 269,386 | bf16_mfu: 0.00 | epoch: 1 pq: 11 rg: 40 | total time: 31.44m | eta: 1.0m
step 00978/01008 (97.02%) | loss: 3.033949 | lrm: 0.09 | dt: 1946.96ms | tok/sec: 269,285 | bf16_mfu: 0.00 | epoch: 1 pq: 11 rg: 41 | total time: 31.47m | eta: 1.0m
step 00979/01008 (97.12%) | loss: 3.025925 | lrm: 0.09 | dt: 1945.17ms | tok/sec: 269,533 | bf16_mfu: 0.00 | epoch: 1 pq: 11 rg: 42 | total time: 31.51m | eta: 0.9m
step 00980/01008 (97.22%) | loss: 3.028981 | lrm: 0.09 | dt: 1947.65ms | tok/sec: 269,190 | bf16_mfu: 0.00 | epoch: 1 pq: 11 rg: 43 | total time: 31.54m | eta: 0.9m
step 00981/01008 (97.32%) | loss: 3.024207 | lrm: 0.09 | dt: 1946.96ms | tok/sec: 269,285 | bf16_mfu: 0.00 | epoch: 1 pq: 11 rg: 44 | total time: 31.57m | eta: 0.9m
step 00982/01008 (97.42%) | loss: 3.028031 | lrm: 0.09 | dt: 1947.03ms | tok/sec: 269,275 | bf16_mfu: 0.00 | epoch: 1 pq: 11 rg: 45 | total time: 31.60m | eta: 0.8m
step 00983/01008 (97.52%) | loss: 3.026504 | lrm: 0.09 | dt: 1946.13ms | tok/sec: 269,400 | bf16_mfu: 0.00 | epoch: 1 pq: 11 rg: 46 | total time: 31.64m | eta: 0.8m
step 00984/01008 (97.62%) | loss: 3.018384 | lrm: 0.08 | dt: 1947.26ms | tok/sec: 269,243 | bf16_mfu: 0.00 | epoch: 1 pq: 11 rg: 47 | total time: 31.67m | eta: 0.8m
step 00985/01008 (97.72%) | loss: 3.011257 | lrm: 0.08 | dt: 1947.54ms | tok/sec: 269,205 | bf16_mfu: 0.00 | epoch: 1 pq: 11 rg: 48 | total time: 31.70m | eta: 0.7m
step 00986/01008 (97.82%) | loss: 3.008356 | lrm: 0.08 | dt: 1947.62ms | tok/sec: 269,194 | bf16_mfu: 0.00 | epoch: 1 pq: 11 rg: 49 | total time: 31.73m | eta: 0.7m
step 00987/01008 (97.92%) | loss: 2.990684 | lrm: 0.08 | dt: 1949.49ms | tok/sec: 268,936 | bf16_mfu: 0.00 | epoch: 1 pq: 11 rg: 50 | total time: 31.77m | eta: 0.7m
step 00988/01008 (98.02%) | loss: 3.000105 | lrm: 0.08 | dt: 1947.65ms | tok/sec: 269,190 | bf16_mfu: 0.00 | epoch: 1 pq: 11 rg: 51 | total time: 31.80m | eta: 0.7m
step 00989/01008 (98.12%) | loss: 2.988803 | lrm: 0.08 | dt: 1947.13ms | tok/sec: 269,261 | bf16_mfu: 0.00 | epoch: 1 pq: 11 rg: 52 | total time: 31.83m | eta: 0.6m
step 00990/01008 (98.21%) | loss: 3.002767 | lrm: 0.08 | dt: 1946.96ms | tok/sec: 269,285 | bf16_mfu: 0.00 | epoch: 1 pq: 11 rg: 53 | total time: 31.86m | eta: 0.6m
step 00991/01008 (98.31%) | loss: 3.011436 | lrm: 0.07 | dt: 1946.97ms | tok/sec: 269,283 | bf16_mfu: 0.00 | epoch: 1 pq: 11 rg: 54 | total time: 31.90m | eta: 0.6m
step 00992/01008 (98.41%) | loss: 3.007097 | lrm: 0.07 | dt: 1947.11ms | tok/sec: 269,264 | bf16_mfu: 0.00 | epoch: 1 pq: 11 rg: 55 | total time: 31.93m | eta: 0.5m
step 00993/01008 (98.51%) | loss: 3.013963 | lrm: 0.07 | dt: 1947.93ms | tok/sec: 269,151 | bf16_mfu: 0.00 | epoch: 1 pq: 11 rg: 55 | total time: 31.96m | eta: 0.5m
step 00994/01008 (98.61%) | loss: 3.034356 | lrm: 0.07 | dt: 1947.28ms | tok/sec: 269,241 | bf16_mfu: 0.00 | epoch: 1 pq: 11 rg: 56 | total time: 31.99m | eta: 0.5m
step 00995/01008 (98.71%) | loss: 3.030989 | lrm: 0.07 | dt: 1946.05ms | tok/sec: 269,411 | bf16_mfu: 0.00 | epoch: 1 pq: 11 rg: 57 | total time: 32.03m | eta: 0.4m
step 00996/01008 (98.81%) | loss: 3.021452 | lrm: 0.07 | dt: 1947.24ms | tok/sec: 269,246 | bf16_mfu: 0.00 | epoch: 1 pq: 11 rg: 58 | total time: 32.06m | eta: 0.4m
step 00997/01008 (98.91%) | loss: 3.016215 | lrm: 0.07 | dt: 1947.07ms | tok/sec: 269,270 | bf16_mfu: 0.00 | epoch: 1 pq: 11 rg: 59 | total time: 32.09m | eta: 0.4m
step 00998/01008 (99.01%) | loss: 3.005208 | lrm: 0.06 | dt: 1944.89ms | tok/sec: 269,571 | bf16_mfu: 0.00 | epoch: 1 pq: 11 rg: 60 | total time: 32.12m | eta: 0.3m
step 00999/01008 (99.11%) | loss: 2.998276 | lrm: 0.06 | dt: 1946.80ms | tok/sec: 269,307 | bf16_mfu: 0.00 | epoch: 1 pq: 11 rg: 61 | total time: 32.16m | eta: 0.3m
Step 01000 | Validation bpb: 0.919530
step 01000/01008 (99.21%) | loss: 2.995284 | lrm: 0.06 | dt: 1934.15ms | tok/sec: 271,068 | bf16_mfu: 0.00 | epoch: 1 pq: 11 rg: 62 | total time: 32.19m | eta: 0.3m
step 01001/01008 (99.31%) | loss: 2.990497 | lrm: 0.06 | dt: 1939.10ms | tok/sec: 270,377 | bf16_mfu: 0.00 | epoch: 1 pq: 11 rg: 63 | total time: 32.22m | eta: 0.2m
step 01002/01008 (99.40%) | loss: 2.991346 | lrm: 0.06 | dt: 1940.06ms | tok/sec: 270,243 | bf16_mfu: 0.00 | epoch: 1 pq: 11 rg: 64 | total time: 32.25m | eta: 0.2m
step 01003/01008 (99.50%) | loss: 2.998669 | lrm: 0.06 | dt: 1939.60ms | tok/sec: 270,306 | bf16_mfu: 0.00 | epoch: 1 pq: 11 rg: 65 | total time: 32.29m | eta: 0.2m
step 01004/01008 (99.60%) | loss: 2.991244 | lrm: 0.06 | dt: 1939.57ms | tok/sec: 270,311 | bf16_mfu: 0.00 | epoch: 1 pq: 11 rg: 66 | total time: 32.32m | eta: 0.1m
step 01005/01008 (99.70%) | loss: 2.988056 | lrm: 0.05 | dt: 1938.31ms | tok/sec: 270,487 | bf16_mfu: 0.00 | epoch: 1 pq: 11 rg: 67 | total time: 32.35m | eta: 0.1m
step 01006/01008 (99.80%) | loss: 2.985385 | lrm: 0.05 | dt: 1940.38ms | tok/sec: 270,198 | bf16_mfu: 0.00 | epoch: 1 pq: 11 rg: 68 | total time: 32.38m | eta: 0.1m
step 01007/01008 (99.90%) | loss: 2.976756 | lrm: 0.05 | dt: 1939.50ms | tok/sec: 270,321 | bf16_mfu: 0.00 | epoch: 1 pq: 11 rg: 69 | total time: 32.41m | eta: 0.0m
Step 01008 | Validation bpb: 0.919039
2026-09-20 09:33:54,389 - nanochat.checkpoint_manager - [32m[1mINFO[0m - Saved model parameters to: /home/neo/.cache/nanochat/base_checkpoints/looped_L6s_lr2_h0.4_s0/model_001008.pt
2026-09-20 09:33:54,389 - nanochat.checkpoint_manager - [32m[1mINFO[0m - Saved metadata to: /home/neo/.cache/nanochat/base_checkpoints/looped_L6s_lr2_h0.4_s0/meta_001008.json
Peak memory usage: 27901.55MiB
Total training time: 32.41m
Minimum validation bpb: 0.919039
Appended results row to results/looped_results.csv (diverged=0), log: results/logs/looped_L6s_lr2_h0.4_s0_20260920_085528.jsonl
