
                                                       █████                █████
                                                      ░░███                ░░███
     ████████    ██████   ████████    ██████   ██████  ░███████    ██████  ███████
    ░░███░░███  ░░░░░███ ░░███░░███  ███░░███ ███░░███ ░███░░███  ░░░░░███░░░███░
     ░███ ░███   ███████  ░███ ░███ ░███ ░███░███ ░░░  ░███ ░███   ███████  ░███
     ░███ ░███  ███░░███  ░███ ░███ ░███ ░███░███  ███ ░███ ░███  ███░░███  ░███ ███
     ████ █████░░████████ ████ █████░░██████ ░░██████  ████ █████░░███████  ░░█████
    ░░░░ ░░░░░  ░░░░░░░░ ░░░░ ░░░░░  ░░░░░░   ░░░░░░  ░░░░ ░░░░░  ░░░░░░░░   ░░░░░
    
Autodetected device type: cuda
2026-09-22 19:51:40,532 - nanochat.common - [32m[1mINFO[0m - Distributed world size: 1
2026-09-22 19:51:40,532 - nanochat.common - [33m[1mWARNING[0m - Peak flops undefined for: NVIDIA RTX PRO 6000 Blackwell Workstation Edition, MFU will show as 0%
GPU: NVIDIA RTX PRO 6000 Blackwell Workstation Edition | Peak FLOPS (BF16): inf
COMPUTE_DTYPE: torch.bfloat16 (auto-detected: CUDA SM 120 (bf16 supported))
!!!!!!!!!!!!!!!!!!!!!!!!!!!!!!!!!!!!!!!!!!!!!!!!!!!!!!!!!!!!!!!!!!!!!!!!!!!!!!!!
WARNING: Flash Attention 3 not available, using PyTorch SDPA fallback
WARNING: Training will be less efficient without FA3
!!!!!!!!!!!!!!!!!!!!!!!!!!!!!!!!!!!!!!!!!!!!!!!!!!!!!!!!!!!!!!!!!!!!!!!!!!!!!!!!
Vocab size: 32,768
Model config:
{
  "sequence_len": 2048,
  "vocab_size": 32768,
  "n_layer": 12,
  "n_head": 10,
  "n_kv_head": 10,
  "n_embd": 1280,
  "window_pattern": "L",
  "n_prelude": 12,
  "n_core": 0,
  "n_coda": 0,
  "n_loop": 1
}
Parameter counts:
wte                     : 41,943,040
value_embeds            : 251,658,240
lm_head                 : 41,943,040
transformer_matrices    : 235,930,320
scalars                 : 50
total                   : 571,474,690
unique_layers           : 12
effective_layers        : 12
Estimated FLOPs per token: 2.044728e+09
Horizon and derived hyperparameters use reference layout 20: 435,160,240 scaling params (this model: 277,873,360)
Auto-computed optimal batch size: 1,048,576 tokens
Scaling LRs by 1.4142 for batch size 1,048,576 (reference: 524,288)
Scaling weight decay from 0.280000 to 0.100188 for layout 12
Scaling the LR for the AdamW parameters ∝1/√(1280/768) = 0.774597
Calculated number of iterations from target data:param ratio: 4,980
Horizon fraction 0.4: training for 1,992 iterations
Total number of training tokens: 2,088,763,392
Tokens : Scaling params ratio: 7.52
Total training FLOPs estimate: 4.270952e+18
Parameter table:
  unique block params                     : 235,930,320
  lm_head                                 : 41,943,040
  wte                                     : 41,943,040
  value embed params (lookups, no FLOPs)  : 251,658,240
  scalars                                 : 50
  unique layers U                         : 12
  effective layers E                      : 12
  FLOPs per token                         : 2,044,727,664
Tokens / micro-batch / rank: 32 x 2048 = 65,536
Tokens / micro-batch: 65,536
Total batch size 1,048,576 => gradient accumulation steps: 16
Step 00000 | Validation bpb: 3.171591
step 00000/01992 (0.00%) | loss: 10.398569 | lrm: 0.03 | dt: 23780.63ms | tok/sec: 44,093 | bf16_mfu: 0.00 | epoch: 1 pq: 0 rg: 2 | total time: 0.00m
step 00001/01992 (0.05%) | loss: 10.374522 | lrm: 0.05 | dt: 8319.26ms | tok/sec: 126,041 | bf16_mfu: 0.00 | epoch: 1 pq: 0 rg: 4 | total time: 0.00m
step 00002/01992 (0.10%) | loss: 10.331381 | lrm: 0.07 | dt: 8340.43ms | tok/sec: 125,722 | bf16_mfu: 0.00 | epoch: 1 pq: 0 rg: 6 | total time: 0.00m
step 00003/01992 (0.15%) | loss: 10.266515 | lrm: 0.10 | dt: 8397.06ms | tok/sec: 124,874 | bf16_mfu: 0.00 | epoch: 1 pq: 0 rg: 8 | total time: 0.00m
step 00004/01992 (0.20%) | loss: 10.163068 | lrm: 0.12 | dt: 8419.78ms | tok/sec: 124,537 | bf16_mfu: 0.00 | epoch: 1 pq: 0 rg: 11 | total time: 0.00m
step 00005/01992 (0.25%) | loss: 9.982723 | lrm: 0.15 | dt: 8393.32ms | tok/sec: 124,929 | bf16_mfu: 0.00 | epoch: 1 pq: 0 rg: 13 | total time: 0.00m
step 00006/01992 (0.30%) | loss: 9.659934 | lrm: 0.17 | dt: 8425.48ms | tok/sec: 124,452 | bf16_mfu: 0.00 | epoch: 1 pq: 0 rg: 15 | total time: 0.00m
step 00007/01992 (0.35%) | loss: 9.416411 | lrm: 0.20 | dt: 8389.63ms | tok/sec: 124,984 | bf16_mfu: 0.00 | epoch: 1 pq: 0 rg: 17 | total time: 0.00m
step 00008/01992 (0.40%) | loss: 9.139922 | lrm: 0.23 | dt: 8420.81ms | tok/sec: 124,522 | bf16_mfu: 0.00 | epoch: 1 pq: 0 rg: 19 | total time: 0.00m
step 00009/01992 (0.45%) | loss: 8.840843 | lrm: 0.25 | dt: 8444.70ms | tok/sec: 124,169 | bf16_mfu: 0.00 | epoch: 1 pq: 0 rg: 21 | total time: 0.00m
step 00010/01992 (0.50%) | loss: 8.572868 | lrm: 0.28 | dt: 8445.96ms | tok/sec: 124,151 | bf16_mfu: 0.00 | epoch: 1 pq: 0 rg: 23 | total time: 0.00m
step 00011/01992 (0.55%) | loss: 8.325624 | lrm: 0.30 | dt: 8476.43ms | tok/sec: 123,704 | bf16_mfu: 0.00 | epoch: 1 pq: 0 rg: 26 | total time: 0.14m | eta: 279.9m
step 00012/01992 (0.60%) | loss: 8.099527 | lrm: 0.33 | dt: 8539.24ms | tok/sec: 122,794 | bf16_mfu: 0.00 | epoch: 1 pq: 0 rg: 28 | total time: 0.28m | eta: 280.8m
step 00013/01992 (0.65%) | loss: 7.880156 | lrm: 0.35 | dt: 8576.80ms | tok/sec: 122,257 | bf16_mfu: 0.00 | epoch: 1 pq: 0 rg: 30 | total time: 0.43m | eta: 281.4m
step 00014/01992 (0.70%) | loss: 7.695560 | lrm: 0.38 | dt: 8572.92ms | tok/sec: 122,312 | bf16_mfu: 0.00 | epoch: 1 pq: 0 rg: 32 | total time: 0.57m | eta: 281.6m
step 00015/01992 (0.75%) | loss: 7.521318 | lrm: 0.40 | dt: 8531.17ms | tok/sec: 122,911 | bf16_mfu: 0.00 | epoch: 1 pq: 0 rg: 34 | total time: 0.71m | eta: 281.4m
step 00016/01992 (0.80%) | loss: 7.357576 | lrm: 0.42 | dt: 8551.08ms | tok/sec: 122,624 | bf16_mfu: 0.00 | epoch: 1 pq: 0 rg: 36 | total time: 0.85m | eta: 281.3m
step 00017/01992 (0.85%) | loss: 7.209954 | lrm: 0.45 | dt: 8504.02ms | tok/sec: 123,303 | bf16_mfu: 0.00 | epoch: 1 pq: 0 rg: 38 | total time: 1.00m | eta: 281.0m
step 00018/01992 (0.90%) | loss: 7.076762 | lrm: 0.47 | dt: 8506.34ms | tok/sec: 123,269 | bf16_mfu: 0.00 | epoch: 1 pq: 0 rg: 40 | total time: 1.14m | eta: 280.7m
step 00019/01992 (0.95%) | loss: 6.948774 | lrm: 0.50 | dt: 8504.18ms | tok/sec: 123,301 | bf16_mfu: 0.00 | epoch: 1 pq: 0 rg: 42 | total time: 1.28m | eta: 280.5m
step 00020/01992 (1.00%) | loss: 6.839225 | lrm: 0.53 | dt: 8493.47ms | tok/sec: 123,456 | bf16_mfu: 0.00 | epoch: 1 pq: 0 rg: 44 | total time: 1.42m | eta: 280.2m
step 00021/01992 (1.05%) | loss: 6.749059 | lrm: 0.55 | dt: 8490.63ms | tok/sec: 123,497 | bf16_mfu: 0.00 | epoch: 1 pq: 0 rg: 45 | total time: 1.56m | eta: 280.0m
step 00022/01992 (1.10%) | loss: 6.652929 | lrm: 0.57 | dt: 8499.02ms | tok/sec: 123,376 | bf16_mfu: 0.00 | epoch: 1 pq: 0 rg: 47 | total time: 1.70m | eta: 279.8m
step 00023/01992 (1.15%) | loss: 6.567517 | lrm: 0.60 | dt: 8509.18ms | tok/sec: 123,228 | bf16_mfu: 0.00 | epoch: 1 pq: 0 rg: 49 | total time: 1.85m | eta: 279.6m
step 00024/01992 (1.20%) | loss: 6.491345 | lrm: 0.62 | dt: 8517.75ms | tok/sec: 123,104 | bf16_mfu: 0.00 | epoch: 1 pq: 0 rg: 51 | total time: 1.99m | eta: 279.4m
step 00025/01992 (1.26%) | loss: 6.419255 | lrm: 0.65 | dt: 8486.66ms | tok/sec: 123,555 | bf16_mfu: 0.00 | epoch: 1 pq: 0 rg: 53 | total time: 2.13m | eta: 279.2m
step 00026/01992 (1.31%) | loss: 6.350964 | lrm: 0.68 | dt: 8475.91ms | tok/sec: 123,712 | bf16_mfu: 0.00 | epoch: 1 pq: 0 rg: 55 | total time: 2.27m | eta: 279.0m
step 00027/01992 (1.36%) | loss: 6.299261 | lrm: 0.70 | dt: 8484.11ms | tok/sec: 123,592 | bf16_mfu: 0.00 | epoch: 1 pq: 0 rg: 57 | total time: 2.41m | eta: 278.8m
step 00028/01992 (1.41%) | loss: 6.241809 | lrm: 0.72 | dt: 8515.79ms | tok/sec: 123,133 | bf16_mfu: 0.00 | epoch: 1 pq: 0 rg: 59 | total time: 2.55m | eta: 278.7m
step 00029/01992 (1.46%) | loss: 6.195921 | lrm: 0.75 | dt: 8474.79ms | tok/sec: 123,728 | bf16_mfu: 0.00 | epoch: 1 pq: 0 rg: 61 | total time: 2.70m | eta: 278.5m
step 00030/01992 (1.51%) | loss: 6.139525 | lrm: 0.78 | dt: 8520.41ms | tok/sec: 123,066 | bf16_mfu: 0.00 | epoch: 1 pq: 0 rg: 63 | total time: 2.84m | eta: 278.3m
step 00031/01992 (1.56%) | loss: 6.090157 | lrm: 0.80 | dt: 8489.54ms | tok/sec: 123,513 | bf16_mfu: 0.00 | epoch: 1 pq: 0 rg: 65 | total time: 2.98m | eta: 278.1m
step 00032/01992 (1.61%) | loss: 6.044882 | lrm: 0.82 | dt: 8480.98ms | tok/sec: 123,638 | bf16_mfu: 0.00 | epoch: 1 pq: 0 rg: 67 | total time: 3.12m | eta: 278.0m
step 00033/01992 (1.66%) | loss: 6.003950 | lrm: 0.85 | dt: 8490.54ms | tok/sec: 123,499 | bf16_mfu: 0.00 | epoch: 1 pq: 0 rg: 69 | total time: 3.26m | eta: 277.8m
step 00034/01992 (1.71%) | loss: 5.964679 | lrm: 0.88 | dt: 8511.80ms | tok/sec: 123,190 | bf16_mfu: 0.00 | epoch: 1 pq: 0 rg: 71 | total time: 3.40m | eta: 277.7m
step 00035/01992 (1.76%) | loss: 5.927230 | lrm: 0.90 | dt: 8512.04ms | tok/sec: 123,187 | bf16_mfu: 0.00 | epoch: 1 pq: 0 rg: 73 | total time: 3.55m | eta: 277.5m
step 00036/01992 (1.81%) | loss: 5.889746 | lrm: 0.93 | dt: 8511.55ms | tok/sec: 123,194 | bf16_mfu: 0.00 | epoch: 1 pq: 0 rg: 74 | total time: 3.69m | eta: 277.4m
step 00037/01992 (1.86%) | loss: 5.851038 | lrm: 0.95 | dt: 8551.97ms | tok/sec: 122,612 | bf16_mfu: 0.00 | epoch: 1 pq: 0 rg: 76 | total time: 3.83m | eta: 277.3m
step 00038/01992 (1.91%) | loss: 5.828946 | lrm: 0.97 | dt: 8514.24ms | tok/sec: 123,155 | bf16_mfu: 0.00 | epoch: 1 pq: 0 rg: 78 | total time: 3.97m | eta: 277.2m
step 00039/01992 (1.96%) | loss: 5.798689 | lrm: 1.00 | dt: 8477.87ms | tok/sec: 123,683 | bf16_mfu: 0.00 | epoch: 1 pq: 0 rg: 80 | total time: 4.11m | eta: 277.0m
step 00040/01992 (2.01%) | loss: 5.773603 | lrm: 1.00 | dt: 8474.29ms | tok/sec: 123,736 | bf16_mfu: 0.00 | epoch: 1 pq: 0 rg: 82 | total time: 4.25m | eta: 276.8m
step 00041/01992 (2.06%) | loss: 5.742276 | lrm: 1.00 | dt: 8474.19ms | tok/sec: 123,737 | bf16_mfu: 0.00 | epoch: 1 pq: 1 rg: 0 | total time: 4.40m | eta: 276.6m
step 00042/01992 (2.11%) | loss: 5.709235 | lrm: 1.00 | dt: 8468.63ms | tok/sec: 123,818 | bf16_mfu: 0.00 | epoch: 1 pq: 1 rg: 2 | total time: 4.54m | eta: 276.4m
step 00043/01992 (2.16%) | loss: 5.681872 | lrm: 1.00 | dt: 8465.13ms | tok/sec: 123,870 | bf16_mfu: 0.00 | epoch: 1 pq: 1 rg: 4 | total time: 4.68m | eta: 276.3m
step 00044/01992 (2.21%) | loss: 5.657555 | lrm: 1.00 | dt: 8467.26ms | tok/sec: 123,838 | bf16_mfu: 0.00 | epoch: 1 pq: 1 rg: 6 | total time: 4.82m | eta: 276.1m
step 00045/01992 (2.26%) | loss: 5.626606 | lrm: 1.00 | dt: 8464.15ms | tok/sec: 123,884 | bf16_mfu: 0.00 | epoch: 1 pq: 1 rg: 8 | total time: 4.96m | eta: 275.9m
step 00046/01992 (2.31%) | loss: 5.602741 | lrm: 1.00 | dt: 8474.21ms | tok/sec: 123,737 | bf16_mfu: 0.00 | epoch: 1 pq: 1 rg: 10 | total time: 5.10m | eta: 275.7m
step 00047/01992 (2.36%) | loss: 5.568698 | lrm: 1.00 | dt: 8472.12ms | tok/sec: 123,767 | bf16_mfu: 0.00 | epoch: 1 pq: 1 rg: 12 | total time: 5.24m | eta: 275.6m
step 00048/01992 (2.41%) | loss: 5.531485 | lrm: 1.00 | dt: 8473.29ms | tok/sec: 123,750 | bf16_mfu: 0.00 | epoch: 1 pq: 1 rg: 14 | total time: 5.38m | eta: 275.4m
step 00049/01992 (2.46%) | loss: 5.507131 | lrm: 1.00 | dt: 8467.13ms | tok/sec: 123,840 | bf16_mfu: 0.00 | epoch: 1 pq: 1 rg: 16 | total time: 5.52m | eta: 275.2m
step 00050/01992 (2.51%) | loss: 5.483375 | lrm: 1.00 | dt: 8475.55ms | tok/sec: 123,717 | bf16_mfu: 0.00 | epoch: 1 pq: 1 rg: 18 | total time: 5.67m | eta: 275.1m
step 00051/01992 (2.56%) | loss: 5.459111 | lrm: 1.00 | dt: 8483.18ms | tok/sec: 123,606 | bf16_mfu: 0.00 | epoch: 1 pq: 1 rg: 20 | total time: 5.81m | eta: 274.9m
step 00052/01992 (2.61%) | loss: 5.431647 | lrm: 1.00 | dt: 8473.64ms | tok/sec: 123,745 | bf16_mfu: 0.00 | epoch: 1 pq: 1 rg: 22 | total time: 5.95m | eta: 274.8m
step 00053/01992 (2.66%) | loss: 5.404942 | lrm: 1.00 | dt: 8481.85ms | tok/sec: 123,625 | bf16_mfu: 0.00 | epoch: 1 pq: 1 rg: 24 | total time: 6.09m | eta: 274.6m
step 00054/01992 (2.71%) | loss: 5.374112 | lrm: 1.00 | dt: 8480.28ms | tok/sec: 123,648 | bf16_mfu: 0.00 | epoch: 1 pq: 1 rg: 26 | total time: 6.23m | eta: 274.5m
step 00055/01992 (2.76%) | loss: 5.336775 | lrm: 1.00 | dt: 8491.22ms | tok/sec: 123,489 | bf16_mfu: 0.00 | epoch: 1 pq: 1 rg: 27 | total time: 6.37m | eta: 274.3m
step 00056/01992 (2.81%) | loss: 5.309392 | lrm: 1.00 | dt: 8486.66ms | tok/sec: 123,555 | bf16_mfu: 0.00 | epoch: 1 pq: 1 rg: 29 | total time: 6.51m | eta: 274.2m
step 00057/01992 (2.86%) | loss: 5.279238 | lrm: 1.00 | dt: 8486.15ms | tok/sec: 123,563 | bf16_mfu: 0.00 | epoch: 1 pq: 1 rg: 31 | total time: 6.66m | eta: 274.0m
step 00058/01992 (2.91%) | loss: 5.253021 | lrm: 1.00 | dt: 8492.83ms | tok/sec: 123,466 | bf16_mfu: 0.00 | epoch: 1 pq: 1 rg: 33 | total time: 6.80m | eta: 273.9m
step 00059/01992 (2.96%) | loss: 5.226149 | lrm: 1.00 | dt: 8488.60ms | tok/sec: 123,527 | bf16_mfu: 0.00 | epoch: 1 pq: 1 rg: 35 | total time: 6.94m | eta: 273.7m
step 00060/01992 (3.01%) | loss: 5.190753 | lrm: 1.00 | dt: 8495.16ms | tok/sec: 123,432 | bf16_mfu: 0.00 | epoch: 1 pq: 1 rg: 37 | total time: 7.08m | eta: 273.6m
step 00061/01992 (3.06%) | loss: 5.162556 | lrm: 1.00 | dt: 8491.93ms | tok/sec: 123,479 | bf16_mfu: 0.00 | epoch: 1 pq: 1 rg: 39 | total time: 7.22m | eta: 273.4m
step 00062/01992 (3.11%) | loss: 5.140610 | lrm: 1.00 | dt: 8493.19ms | tok/sec: 123,460 | bf16_mfu: 0.00 | epoch: 1 pq: 1 rg: 41 | total time: 7.36m | eta: 273.3m
step 00063/01992 (3.16%) | loss: 5.112581 | lrm: 1.00 | dt: 8495.45ms | tok/sec: 123,427 | bf16_mfu: 0.00 | epoch: 1 pq: 1 rg: 43 | total time: 7.50m | eta: 273.1m
step 00064/01992 (3.21%) | loss: 5.099299 | lrm: 1.00 | dt: 8495.63ms | tok/sec: 123,425 | bf16_mfu: 0.00 | epoch: 1 pq: 1 rg: 45 | total time: 7.65m | eta: 273.0m
step 00065/01992 (3.26%) | loss: 5.077660 | lrm: 1.00 | dt: 8499.77ms | tok/sec: 123,365 | bf16_mfu: 0.00 | epoch: 1 pq: 1 rg: 47 | total time: 7.79m | eta: 272.9m
step 00066/01992 (3.31%) | loss: 5.053044 | lrm: 1.00 | dt: 8485.76ms | tok/sec: 123,568 | bf16_mfu: 0.00 | epoch: 1 pq: 1 rg: 49 | total time: 7.93m | eta: 272.7m
step 00067/01992 (3.36%) | loss: 5.030273 | lrm: 1.00 | dt: 8484.33ms | tok/sec: 123,589 | bf16_mfu: 0.00 | epoch: 1 pq: 1 rg: 51 | total time: 8.07m | eta: 272.6m
step 00068/01992 (3.41%) | loss: 5.006404 | lrm: 1.00 | dt: 8483.19ms | tok/sec: 123,606 | bf16_mfu: 0.00 | epoch: 1 pq: 1 rg: 53 | total time: 8.21m | eta: 272.4m
step 00069/01992 (3.46%) | loss: 4.980567 | lrm: 1.00 | dt: 8482.53ms | tok/sec: 123,615 | bf16_mfu: 0.00 | epoch: 1 pq: 1 rg: 55 | total time: 8.35m | eta: 272.3m
step 00070/01992 (3.51%) | loss: 4.962316 | lrm: 1.00 | dt: 8487.01ms | tok/sec: 123,550 | bf16_mfu: 0.00 | epoch: 1 pq: 1 rg: 57 | total time: 8.50m | eta: 272.1m
step 00071/01992 (3.56%) | loss: 4.939424 | lrm: 1.00 | dt: 8483.57ms | tok/sec: 123,600 | bf16_mfu: 0.00 | epoch: 1 pq: 1 rg: 58 | total time: 8.64m | eta: 272.0m
step 00072/01992 (3.61%) | loss: 4.914742 | lrm: 1.00 | dt: 8493.89ms | tok/sec: 123,450 | bf16_mfu: 0.00 | epoch: 1 pq: 1 rg: 60 | total time: 8.78m | eta: 271.8m
step 00073/01992 (3.66%) | loss: 4.912268 | lrm: 1.00 | dt: 8490.47ms | tok/sec: 123,500 | bf16_mfu: 0.00 | epoch: 1 pq: 1 rg: 62 | total time: 8.92m | eta: 271.7m
step 00074/01992 (3.71%) | loss: 4.893778 | lrm: 1.00 | dt: 8494.07ms | tok/sec: 123,448 | bf16_mfu: 0.00 | epoch: 1 pq: 1 rg: 64 | total time: 9.06m | eta: 271.6m
step 00075/01992 (3.77%) | loss: 4.874100 | lrm: 1.00 | dt: 8490.33ms | tok/sec: 123,502 | bf16_mfu: 0.00 | epoch: 1 pq: 1 rg: 66 | total time: 9.20m | eta: 271.4m
step 00076/01992 (3.82%) | loss: 4.854383 | lrm: 1.00 | dt: 8484.30ms | tok/sec: 123,590 | bf16_mfu: 0.00 | epoch: 1 pq: 1 rg: 68 | total time: 9.34m | eta: 271.3m
step 00077/01992 (3.87%) | loss: 4.828571 | lrm: 1.00 | dt: 8493.38ms | tok/sec: 123,458 | bf16_mfu: 0.00 | epoch: 1 pq: 1 rg: 70 | total time: 9.49m | eta: 271.1m
step 00078/01992 (3.92%) | loss: 4.805467 | lrm: 1.00 | dt: 8492.99ms | tok/sec: 123,463 | bf16_mfu: 0.00 | epoch: 1 pq: 1 rg: 72 | total time: 9.63m | eta: 271.0m
step 00079/01992 (3.97%) | loss: 4.790779 | lrm: 1.00 | dt: 8494.51ms | tok/sec: 123,441 | bf16_mfu: 0.00 | epoch: 1 pq: 1 rg: 74 | total time: 9.77m | eta: 270.8m
step 00080/01992 (4.02%) | loss: 4.770168 | lrm: 1.00 | dt: 8487.77ms | tok/sec: 123,539 | bf16_mfu: 0.00 | epoch: 1 pq: 1 rg: 76 | total time: 9.91m | eta: 270.7m
step 00081/01992 (4.07%) | loss: 4.748790 | lrm: 1.00 | dt: 8492.55ms | tok/sec: 123,470 | bf16_mfu: 0.00 | epoch: 1 pq: 1 rg: 78 | total time: 10.05m | eta: 270.5m
step 00082/01992 (4.12%) | loss: 4.733874 | lrm: 1.00 | dt: 8490.89ms | tok/sec: 123,494 | bf16_mfu: 0.00 | epoch: 1 pq: 1 rg: 80 | total time: 10.19m | eta: 270.4m
step 00083/01992 (4.17%) | loss: 4.715263 | lrm: 1.00 | dt: 8494.03ms | tok/sec: 123,448 | bf16_mfu: 0.00 | epoch: 1 pq: 1 rg: 82 | total time: 10.33m | eta: 270.3m
step 00084/01992 (4.22%) | loss: 4.687779 | lrm: 1.00 | dt: 8489.68ms | tok/sec: 123,511 | bf16_mfu: 0.00 | epoch: 1 pq: 2 rg: 0 | total time: 10.48m | eta: 270.1m
step 00085/01992 (4.27%) | loss: 4.665485 | lrm: 1.00 | dt: 8489.91ms | tok/sec: 123,508 | bf16_mfu: 0.00 | epoch: 1 pq: 2 rg: 2 | total time: 10.62m | eta: 270.0m
step 00086/01992 (4.32%) | loss: 4.668088 | lrm: 1.00 | dt: 8492.83ms | tok/sec: 123,465 | bf16_mfu: 0.00 | epoch: 1 pq: 2 rg: 4 | total time: 10.76m | eta: 269.8m
step 00087/01992 (4.37%) | loss: 4.645635 | lrm: 1.00 | dt: 8483.00ms | tok/sec: 123,609 | bf16_mfu: 0.00 | epoch: 1 pq: 2 rg: 6 | total time: 10.90m | eta: 269.7m
step 00088/01992 (4.42%) | loss: 4.632084 | lrm: 1.00 | dt: 8499.06ms | tok/sec: 123,375 | bf16_mfu: 0.00 | epoch: 1 pq: 2 rg: 8 | total time: 11.04m | eta: 269.5m
step 00089/01992 (4.47%) | loss: 4.618585 | lrm: 1.00 | dt: 8511.32ms | tok/sec: 123,197 | bf16_mfu: 0.00 | epoch: 1 pq: 2 rg: 10 | total time: 11.18m | eta: 269.4m
step 00090/01992 (4.52%) | loss: 4.614115 | lrm: 1.00 | dt: 8493.18ms | tok/sec: 123,460 | bf16_mfu: 0.00 | epoch: 1 pq: 2 rg: 11 | total time: 11.33m | eta: 269.3m
step 00091/01992 (4.57%) | loss: 4.597676 | lrm: 1.00 | dt: 8497.39ms | tok/sec: 123,399 | bf16_mfu: 0.00 | epoch: 1 pq: 2 rg: 13 | total time: 11.47m | eta: 269.1m
step 00092/01992 (4.62%) | loss: 4.580816 | lrm: 1.00 | dt: 8491.69ms | tok/sec: 123,482 | bf16_mfu: 0.00 | epoch: 1 pq: 2 rg: 15 | total time: 11.61m | eta: 269.0m
step 00093/01992 (4.67%) | loss: 4.560111 | lrm: 1.00 | dt: 8553.84ms | tok/sec: 122,585 | bf16_mfu: 0.00 | epoch: 1 pq: 2 rg: 17 | total time: 11.75m | eta: 268.9m
step 00094/01992 (4.72%) | loss: 4.539090 | lrm: 1.00 | dt: 8594.41ms | tok/sec: 122,006 | bf16_mfu: 0.00 | epoch: 1 pq: 2 rg: 19 | total time: 11.89m | eta: 268.8m
step 00095/01992 (4.77%) | loss: 4.523323 | lrm: 1.00 | dt: 8509.80ms | tok/sec: 123,219 | bf16_mfu: 0.00 | epoch: 1 pq: 2 rg: 21 | total time: 12.04m | eta: 268.6m
step 00096/01992 (4.82%) | loss: 4.503485 | lrm: 1.00 | dt: 8493.05ms | tok/sec: 123,462 | bf16_mfu: 0.00 | epoch: 1 pq: 2 rg: 23 | total time: 12.18m | eta: 268.5m
step 00097/01992 (4.87%) | loss: 4.478709 | lrm: 1.00 | dt: 8495.31ms | tok/sec: 123,430 | bf16_mfu: 0.00 | epoch: 1 pq: 2 rg: 25 | total time: 12.32m | eta: 268.3m
step 00098/01992 (4.92%) | loss: 4.456732 | lrm: 1.00 | dt: 8493.65ms | tok/sec: 123,454 | bf16_mfu: 0.00 | epoch: 1 pq: 2 rg: 27 | total time: 12.46m | eta: 268.2m
step 00099/01992 (4.97%) | loss: 4.438717 | lrm: 1.00 | dt: 8500.69ms | tok/sec: 123,351 | bf16_mfu: 0.00 | epoch: 1 pq: 2 rg: 29 | total time: 12.60m | eta: 268.1m
step 00100/01992 (5.02%) | loss: 4.430734 | lrm: 1.00 | dt: 8491.71ms | tok/sec: 123,482 | bf16_mfu: 0.00 | epoch: 1 pq: 2 rg: 31 | total time: 12.74m | eta: 267.9m
step 00101/01992 (5.07%) | loss: 4.420105 | lrm: 1.00 | dt: 8495.59ms | tok/sec: 123,425 | bf16_mfu: 0.00 | epoch: 1 pq: 2 rg: 33 | total time: 12.89m | eta: 267.8m
step 00102/01992 (5.12%) | loss: 4.409407 | lrm: 1.00 | dt: 8487.81ms | tok/sec: 123,539 | bf16_mfu: 0.00 | epoch: 1 pq: 2 rg: 35 | total time: 13.03m | eta: 267.6m
step 00103/01992 (5.17%) | loss: 4.392568 | lrm: 1.00 | dt: 8495.09ms | tok/sec: 123,433 | bf16_mfu: 0.00 | epoch: 1 pq: 2 rg: 37 | total time: 13.17m | eta: 267.5m
step 00104/01992 (5.22%) | loss: 4.368699 | lrm: 1.00 | dt: 8500.73ms | tok/sec: 123,351 | bf16_mfu: 0.00 | epoch: 1 pq: 2 rg: 38 | total time: 13.31m | eta: 267.3m
step 00105/01992 (5.27%) | loss: 4.360346 | lrm: 1.00 | dt: 8495.26ms | tok/sec: 123,430 | bf16_mfu: 0.00 | epoch: 1 pq: 2 rg: 40 | total time: 13.45m | eta: 267.2m
step 00106/01992 (5.32%) | loss: 4.345916 | lrm: 1.00 | dt: 8496.22ms | tok/sec: 123,416 | bf16_mfu: 0.00 | epoch: 1 pq: 2 rg: 42 | total time: 13.59m | eta: 267.1m
step 00107/01992 (5.37%) | loss: 4.330152 | lrm: 1.00 | dt: 8491.54ms | tok/sec: 123,484 | bf16_mfu: 0.00 | epoch: 1 pq: 2 rg: 44 | total time: 13.74m | eta: 266.9m
step 00108/01992 (5.42%) | loss: 4.307340 | lrm: 1.00 | dt: 8500.63ms | tok/sec: 123,352 | bf16_mfu: 0.00 | epoch: 1 pq: 2 rg: 46 | total time: 13.88m | eta: 266.8m
step 00109/01992 (5.47%) | loss: 4.293456 | lrm: 1.00 | dt: 8492.76ms | tok/sec: 123,467 | bf16_mfu: 0.00 | epoch: 1 pq: 2 rg: 48 | total time: 14.02m | eta: 266.6m
step 00110/01992 (5.52%) | loss: 4.278574 | lrm: 1.00 | dt: 8498.42ms | tok/sec: 123,384 | bf16_mfu: 0.00 | epoch: 1 pq: 2 rg: 50 | total time: 14.16m | eta: 266.5m
step 00111/01992 (5.57%) | loss: 4.260096 | lrm: 1.00 | dt: 8496.43ms | tok/sec: 123,413 | bf16_mfu: 0.00 | epoch: 1 pq: 2 rg: 52 | total time: 14.30m | eta: 266.4m
step 00112/01992 (5.62%) | loss: 4.246478 | lrm: 1.00 | dt: 8500.82ms | tok/sec: 123,349 | bf16_mfu: 0.00 | epoch: 1 pq: 2 rg: 54 | total time: 14.44m | eta: 266.2m
step 00113/01992 (5.67%) | loss: 4.216518 | lrm: 1.00 | dt: 8499.64ms | tok/sec: 123,367 | bf16_mfu: 0.00 | epoch: 1 pq: 2 rg: 56 | total time: 14.59m | eta: 266.1m
step 00114/01992 (5.72%) | loss: 4.201836 | lrm: 1.00 | dt: 8499.60ms | tok/sec: 123,367 | bf16_mfu: 0.00 | epoch: 1 pq: 2 rg: 58 | total time: 14.73m | eta: 265.9m
step 00115/01992 (5.77%) | loss: 4.184972 | lrm: 1.00 | dt: 8500.82ms | tok/sec: 123,350 | bf16_mfu: 0.00 | epoch: 1 pq: 2 rg: 60 | total time: 14.87m | eta: 265.8m
step 00116/01992 (5.82%) | loss: 4.186867 | lrm: 1.00 | dt: 8500.01ms | tok/sec: 123,361 | bf16_mfu: 0.00 | epoch: 1 pq: 2 rg: 62 | total time: 15.01m | eta: 265.7m
step 00117/01992 (5.87%) | loss: 4.166442 | lrm: 1.00 | dt: 8508.34ms | tok/sec: 123,240 | bf16_mfu: 0.00 | epoch: 1 pq: 2 rg: 64 | total time: 15.15m | eta: 265.5m
step 00118/01992 (5.92%) | loss: 4.151230 | lrm: 1.00 | dt: 8499.47ms | tok/sec: 123,369 | bf16_mfu: 0.00 | epoch: 1 pq: 2 rg: 66 | total time: 15.29m | eta: 265.4m
step 00119/01992 (5.97%) | loss: 4.141371 | lrm: 1.00 | dt: 8495.44ms | tok/sec: 123,428 | bf16_mfu: 0.00 | epoch: 1 pq: 2 rg: 68 | total time: 15.44m | eta: 265.2m
step 00120/01992 (6.02%) | loss: 4.127275 | lrm: 1.00 | dt: 8495.34ms | tok/sec: 123,429 | bf16_mfu: 0.00 | epoch: 1 pq: 2 rg: 70 | total time: 15.58m | eta: 265.1m
step 00121/01992 (6.07%) | loss: 4.125005 | lrm: 1.00 | dt: 8489.70ms | tok/sec: 123,511 | bf16_mfu: 0.00 | epoch: 1 pq: 2 rg: 72 | total time: 15.72m | eta: 264.9m
step 00122/01992 (6.12%) | loss: 4.114664 | lrm: 1.00 | dt: 8517.91ms | tok/sec: 123,102 | bf16_mfu: 0.00 | epoch: 1 pq: 2 rg: 73 | total time: 15.86m | eta: 264.8m
step 00123/01992 (6.17%) | loss: 4.100478 | lrm: 1.00 | dt: 8543.62ms | tok/sec: 122,732 | bf16_mfu: 0.00 | epoch: 1 pq: 2 rg: 75 | total time: 16.00m | eta: 264.7m
step 00124/01992 (6.22%) | loss: 4.078762 | lrm: 1.00 | dt: 8474.75ms | tok/sec: 123,729 | bf16_mfu: 0.00 | epoch: 1 pq: 2 rg: 77 | total time: 16.14m | eta: 264.5m
step 00125/01992 (6.28%) | loss: 4.061686 | lrm: 1.00 | dt: 8477.28ms | tok/sec: 123,692 | bf16_mfu: 0.00 | epoch: 1 pq: 2 rg: 79 | total time: 16.29m | eta: 264.4m
step 00126/01992 (6.33%) | loss: 4.049454 | lrm: 1.00 | dt: 8479.62ms | tok/sec: 123,658 | bf16_mfu: 0.00 | epoch: 1 pq: 2 rg: 81 | total time: 16.43m | eta: 264.2m
step 00127/01992 (6.38%) | loss: 4.040926 | lrm: 1.00 | dt: 8479.93ms | tok/sec: 123,653 | bf16_mfu: 0.00 | epoch: 1 pq: 3 rg: 0 | total time: 16.57m | eta: 264.1m
step 00128/01992 (6.43%) | loss: 4.024712 | lrm: 1.00 | dt: 8480.88ms | tok/sec: 123,640 | bf16_mfu: 0.00 | epoch: 1 pq: 3 rg: 2 | total time: 16.71m | eta: 264.0m
step 00129/01992 (6.48%) | loss: 4.015068 | lrm: 1.00 | dt: 8486.62ms | tok/sec: 123,556 | bf16_mfu: 0.00 | epoch: 1 pq: 3 rg: 4 | total time: 16.85m | eta: 263.8m
step 00130/01992 (6.53%) | loss: 3.998836 | lrm: 1.00 | dt: 8483.41ms | tok/sec: 123,603 | bf16_mfu: 0.00 | epoch: 1 pq: 3 rg: 6 | total time: 16.99m | eta: 263.7m
step 00131/01992 (6.58%) | loss: 3.986575 | lrm: 1.00 | dt: 8484.15ms | tok/sec: 123,592 | bf16_mfu: 0.00 | epoch: 1 pq: 3 rg: 8 | total time: 17.13m | eta: 263.5m
step 00132/01992 (6.63%) | loss: 3.975900 | lrm: 1.00 | dt: 8482.33ms | tok/sec: 123,618 | bf16_mfu: 0.00 | epoch: 1 pq: 3 rg: 10 | total time: 17.27m | eta: 263.4m
step 00133/01992 (6.68%) | loss: 3.959612 | lrm: 1.00 | dt: 8489.15ms | tok/sec: 123,519 | bf16_mfu: 0.00 | epoch: 1 pq: 3 rg: 12 | total time: 17.42m | eta: 263.2m
step 00134/01992 (6.73%) | loss: 3.944352 | lrm: 1.00 | dt: 8491.00ms | tok/sec: 123,492 | bf16_mfu: 0.00 | epoch: 1 pq: 3 rg: 14 | total time: 17.56m | eta: 263.1m
step 00135/01992 (6.78%) | loss: 3.933623 | lrm: 1.00 | dt: 8490.02ms | tok/sec: 123,506 | bf16_mfu: 0.00 | epoch: 1 pq: 3 rg: 15 | total time: 17.70m | eta: 262.9m
step 00136/01992 (6.83%) | loss: 3.925905 | lrm: 1.00 | dt: 8498.11ms | tok/sec: 123,389 | bf16_mfu: 0.00 | epoch: 1 pq: 3 rg: 17 | total time: 17.84m | eta: 262.8m
step 00137/01992 (6.88%) | loss: 3.919959 | lrm: 1.00 | dt: 8491.54ms | tok/sec: 123,484 | bf16_mfu: 0.00 | epoch: 1 pq: 3 rg: 19 | total time: 17.98m | eta: 262.7m
step 00138/01992 (6.93%) | loss: 3.899796 | lrm: 1.00 | dt: 8496.57ms | tok/sec: 123,411 | bf16_mfu: 0.00 | epoch: 1 pq: 3 rg: 21 | total time: 18.12m | eta: 262.5m
step 00139/01992 (6.98%) | loss: 3.889949 | lrm: 1.00 | dt: 8502.25ms | tok/sec: 123,329 | bf16_mfu: 0.00 | epoch: 1 pq: 3 rg: 23 | total time: 18.27m | eta: 262.4m
step 00140/01992 (7.03%) | loss: 3.868084 | lrm: 1.00 | dt: 8504.80ms | tok/sec: 123,292 | bf16_mfu: 0.00 | epoch: 1 pq: 3 rg: 25 | total time: 18.41m | eta: 262.2m
step 00141/01992 (7.08%) | loss: 3.862153 | lrm: 1.00 | dt: 8511.38ms | tok/sec: 123,196 | bf16_mfu: 0.00 | epoch: 1 pq: 3 rg: 27 | total time: 18.55m | eta: 262.1m
step 00142/01992 (7.13%) | loss: 3.847319 | lrm: 1.00 | dt: 8514.04ms | tok/sec: 123,158 | bf16_mfu: 0.00 | epoch: 1 pq: 3 rg: 29 | total time: 18.69m | eta: 262.0m
step 00143/01992 (7.18%) | loss: 3.849315 | lrm: 1.00 | dt: 8519.82ms | tok/sec: 123,074 | bf16_mfu: 0.00 | epoch: 1 pq: 3 rg: 31 | total time: 18.83m | eta: 261.8m
step 00144/01992 (7.23%) | loss: 3.846905 | lrm: 1.00 | dt: 8516.44ms | tok/sec: 123,123 | bf16_mfu: 0.00 | epoch: 1 pq: 3 rg: 33 | total time: 18.98m | eta: 261.7m
step 00145/01992 (7.28%) | loss: 3.837784 | lrm: 1.00 | dt: 8518.48ms | tok/sec: 123,094 | bf16_mfu: 0.00 | epoch: 1 pq: 3 rg: 35 | total time: 19.12m | eta: 261.6m
step 00146/01992 (7.33%) | loss: 3.828929 | lrm: 1.00 | dt: 8526.76ms | tok/sec: 122,974 | bf16_mfu: 0.00 | epoch: 1 pq: 3 rg: 37 | total time: 19.26m | eta: 261.4m
step 00147/01992 (7.38%) | loss: 3.816430 | lrm: 1.00 | dt: 8528.12ms | tok/sec: 122,955 | bf16_mfu: 0.00 | epoch: 1 pq: 3 rg: 39 | total time: 19.40m | eta: 261.3m
step 00148/01992 (7.43%) | loss: 3.797566 | lrm: 1.00 | dt: 8537.18ms | tok/sec: 122,824 | bf16_mfu: 0.00 | epoch: 1 pq: 3 rg: 41 | total time: 19.54m | eta: 261.2m
step 00149/01992 (7.48%) | loss: 3.775108 | lrm: 1.00 | dt: 8531.59ms | tok/sec: 122,905 | bf16_mfu: 0.00 | epoch: 1 pq: 3 rg: 43 | total time: 19.69m | eta: 261.0m
step 00150/01992 (7.53%) | loss: 3.769443 | lrm: 1.00 | dt: 8538.62ms | tok/sec: 122,803 | bf16_mfu: 0.00 | epoch: 1 pq: 3 rg: 45 | total time: 19.83m | eta: 260.9m
step 00151/01992 (7.58%) | loss: 3.774155 | lrm: 1.00 | dt: 8536.74ms | tok/sec: 122,830 | bf16_mfu: 0.00 | epoch: 1 pq: 3 rg: 47 | total time: 19.97m | eta: 260.8m
step 00152/01992 (7.63%) | loss: 3.761657 | lrm: 1.00 | dt: 8539.94ms | tok/sec: 122,784 | bf16_mfu: 0.00 | epoch: 1 pq: 3 rg: 49 | total time: 20.11m | eta: 260.6m
step 00153/01992 (7.68%) | loss: 3.758812 | lrm: 1.00 | dt: 8540.49ms | tok/sec: 122,777 | bf16_mfu: 0.00 | epoch: 1 pq: 3 rg: 50 | total time: 20.26m | eta: 260.5m
step 00154/01992 (7.73%) | loss: 3.748318 | lrm: 1.00 | dt: 8533.65ms | tok/sec: 122,875 | bf16_mfu: 0.00 | epoch: 1 pq: 3 rg: 52 | total time: 20.40m | eta: 260.4m
step 00155/01992 (7.78%) | loss: 3.739152 | lrm: 1.00 | dt: 8541.27ms | tok/sec: 122,765 | bf16_mfu: 0.00 | epoch: 1 pq: 3 rg: 54 | total time: 20.54m | eta: 260.2m
step 00156/01992 (7.83%) | loss: 3.726224 | lrm: 1.00 | dt: 8531.78ms | tok/sec: 122,902 | bf16_mfu: 0.00 | epoch: 1 pq: 3 rg: 56 | total time: 20.68m | eta: 260.1m
step 00157/01992 (7.88%) | loss: 3.718026 | lrm: 1.00 | dt: 8533.06ms | tok/sec: 122,884 | bf16_mfu: 0.00 | epoch: 1 pq: 3 rg: 58 | total time: 20.82m | eta: 260.0m
step 00158/01992 (7.93%) | loss: 3.710492 | lrm: 1.00 | dt: 8525.41ms | tok/sec: 122,994 | bf16_mfu: 0.00 | epoch: 1 pq: 3 rg: 60 | total time: 20.97m | eta: 259.8m
step 00159/01992 (7.98%) | loss: 3.713567 | lrm: 1.00 | dt: 8542.01ms | tok/sec: 122,755 | bf16_mfu: 0.00 | epoch: 1 pq: 3 rg: 62 | total time: 21.11m | eta: 259.7m
step 00160/01992 (8.03%) | loss: 3.711258 | lrm: 1.00 | dt: 8600.02ms | tok/sec: 121,927 | bf16_mfu: 0.00 | epoch: 1 pq: 3 rg: 64 | total time: 21.25m | eta: 259.6m
step 00161/01992 (8.08%) | loss: 3.704811 | lrm: 1.00 | dt: 8541.72ms | tok/sec: 122,759 | bf16_mfu: 0.00 | epoch: 1 pq: 3 rg: 66 | total time: 21.39m | eta: 259.4m
step 00162/01992 (8.13%) | loss: 3.692202 | lrm: 1.00 | dt: 8513.19ms | tok/sec: 123,170 | bf16_mfu: 0.00 | epoch: 1 pq: 3 rg: 68 | total time: 21.54m | eta: 259.3m
step 00163/01992 (8.18%) | loss: 3.679388 | lrm: 1.00 | dt: 8510.33ms | tok/sec: 123,212 | bf16_mfu: 0.00 | epoch: 1 pq: 3 rg: 70 | total time: 21.68m | eta: 259.1m
step 00164/01992 (8.23%) | loss: 3.667374 | lrm: 1.00 | dt: 8555.94ms | tok/sec: 122,555 | bf16_mfu: 0.00 | epoch: 1 pq: 3 rg: 72 | total time: 21.82m | eta: 259.0m
step 00165/01992 (8.28%) | loss: 3.671381 | lrm: 1.00 | dt: 8708.44ms | tok/sec: 120,409 | bf16_mfu: 0.00 | epoch: 1 pq: 3 rg: 73 | total time: 21.97m | eta: 258.9m
step 00166/01992 (8.33%) | loss: 3.664565 | lrm: 1.00 | dt: 8630.01ms | tok/sec: 121,503 | bf16_mfu: 0.00 | epoch: 1 pq: 3 rg: 75 | total time: 22.11m | eta: 258.8m
step 00167/01992 (8.38%) | loss: 3.651911 | lrm: 1.00 | dt: 8550.17ms | tok/sec: 122,637 | bf16_mfu: 0.00 | epoch: 1 pq: 3 rg: 77 | total time: 22.25m | eta: 258.7m
step 00168/01992 (8.43%) | loss: 3.651186 | lrm: 1.00 | dt: 8535.98ms | tok/sec: 122,841 | bf16_mfu: 0.00 | epoch: 1 pq: 3 rg: 79 | total time: 22.39m | eta: 258.5m
step 00169/01992 (8.48%) | loss: 3.645668 | lrm: 1.00 | dt: 8547.71ms | tok/sec: 122,673 | bf16_mfu: 0.00 | epoch: 1 pq: 3 rg: 81 | total time: 22.54m | eta: 258.4m
step 00170/01992 (8.53%) | loss: 3.650112 | lrm: 1.00 | dt: 8538.16ms | tok/sec: 122,810 | bf16_mfu: 0.00 | epoch: 1 pq: 4 rg: 1 | total time: 22.68m | eta: 258.3m
step 00171/01992 (8.58%) | loss: 3.638118 | lrm: 1.00 | dt: 8557.51ms | tok/sec: 122,532 | bf16_mfu: 0.00 | epoch: 1 pq: 4 rg: 3 | total time: 22.82m | eta: 258.1m
step 00172/01992 (8.63%) | loss: 3.627763 | lrm: 1.00 | dt: 8762.25ms | tok/sec: 119,669 | bf16_mfu: 0.00 | epoch: 1 pq: 4 rg: 5 | total time: 22.97m | eta: 258.0m
step 00173/01992 (8.68%) | loss: 3.617681 | lrm: 1.00 | dt: 8776.37ms | tok/sec: 119,477 | bf16_mfu: 0.00 | epoch: 1 pq: 4 rg: 7 | total time: 23.11m | eta: 257.9m
step 00174/01992 (8.73%) | loss: 3.612121 | lrm: 1.00 | dt: 8843.20ms | tok/sec: 118,574 | bf16_mfu: 0.00 | epoch: 1 pq: 4 rg: 9 | total time: 23.26m | eta: 257.9m
step 00175/01992 (8.79%) | loss: 3.604707 | lrm: 1.00 | dt: 8542.91ms | tok/sec: 122,742 | bf16_mfu: 0.00 | epoch: 1 pq: 4 rg: 11 | total time: 23.40m | eta: 257.7m
step 00176/01992 (8.84%) | loss: 3.600789 | lrm: 1.00 | dt: 8514.26ms | tok/sec: 123,155 | bf16_mfu: 0.00 | epoch: 1 pq: 4 rg: 13 | total time: 23.55m | eta: 257.6m
step 00177/01992 (8.89%) | loss: 3.591307 | lrm: 1.00 | dt: 8501.00ms | tok/sec: 123,347 | bf16_mfu: 0.00 | epoch: 1 pq: 4 rg: 15 | total time: 23.69m | eta: 257.4m
step 00178/01992 (8.94%) | loss: 3.562915 | lrm: 1.00 | dt: 8518.45ms | tok/sec: 123,094 | bf16_mfu: 0.00 | epoch: 1 pq: 4 rg: 17 | total time: 23.83m | eta: 257.3m
step 00179/01992 (8.99%) | loss: 3.566582 | lrm: 1.00 | dt: 8507.48ms | tok/sec: 123,253 | bf16_mfu: 0.00 | epoch: 1 pq: 4 rg: 18 | total time: 23.97m | eta: 257.2m
step 00180/01992 (9.04%) | loss: 3.576394 | lrm: 1.00 | dt: 8517.77ms | tok/sec: 123,104 | bf16_mfu: 0.00 | epoch: 1 pq: 4 rg: 20 | total time: 24.11m | eta: 257.0m
step 00181/01992 (9.09%) | loss: 3.571246 | lrm: 1.00 | dt: 8545.38ms | tok/sec: 122,706 | bf16_mfu: 0.00 | epoch: 1 pq: 4 rg: 22 | total time: 24.26m | eta: 256.9m
step 00182/01992 (9.14%) | loss: 3.558757 | lrm: 1.00 | dt: 8567.14ms | tok/sec: 122,395 | bf16_mfu: 0.00 | epoch: 1 pq: 4 rg: 24 | total time: 24.40m | eta: 256.8m
step 00183/01992 (9.19%) | loss: 3.544937 | lrm: 1.00 | dt: 8528.85ms | tok/sec: 122,944 | bf16_mfu: 0.00 | epoch: 1 pq: 4 rg: 26 | total time: 24.54m | eta: 256.6m
step 00184/01992 (9.24%) | loss: 3.531685 | lrm: 1.00 | dt: 8562.05ms | tok/sec: 122,467 | bf16_mfu: 0.00 | epoch: 1 pq: 4 rg: 28 | total time: 24.68m | eta: 256.5m
step 00185/01992 (9.29%) | loss: 3.526144 | lrm: 1.00 | dt: 8495.13ms | tok/sec: 123,432 | bf16_mfu: 0.00 | epoch: 1 pq: 4 rg: 30 | total time: 24.82m | eta: 256.3m
step 00186/01992 (9.34%) | loss: 3.523604 | lrm: 1.00 | dt: 8576.23ms | tok/sec: 122,265 | bf16_mfu: 0.00 | epoch: 1 pq: 4 rg: 32 | total time: 24.97m | eta: 256.2m
step 00187/01992 (9.39%) | loss: 3.514635 | lrm: 1.00 | dt: 8580.21ms | tok/sec: 122,208 | bf16_mfu: 0.00 | epoch: 1 pq: 4 rg: 34 | total time: 25.11m | eta: 256.1m
step 00188/01992 (9.44%) | loss: 3.510247 | lrm: 1.00 | dt: 8531.29ms | tok/sec: 122,909 | bf16_mfu: 0.00 | epoch: 1 pq: 4 rg: 36 | total time: 25.25m | eta: 255.9m
step 00189/01992 (9.49%) | loss: 3.515462 | lrm: 1.00 | dt: 8569.15ms | tok/sec: 122,366 | bf16_mfu: 0.00 | epoch: 1 pq: 4 rg: 38 | total time: 25.40m | eta: 255.8m
step 00190/01992 (9.54%) | loss: 3.518846 | lrm: 1.00 | dt: 8533.87ms | tok/sec: 122,872 | bf16_mfu: 0.00 | epoch: 1 pq: 4 rg: 40 | total time: 25.54m | eta: 255.7m
step 00191/01992 (9.59%) | loss: 3.513424 | lrm: 1.00 | dt: 8594.08ms | tok/sec: 122,011 | bf16_mfu: 0.00 | epoch: 1 pq: 4 rg: 42 | total time: 25.68m | eta: 255.5m
step 00192/01992 (9.64%) | loss: 3.520490 | lrm: 1.00 | dt: 8532.79ms | tok/sec: 122,887 | bf16_mfu: 0.00 | epoch: 1 pq: 4 rg: 44 | total time: 25.82m | eta: 255.4m
step 00193/01992 (9.69%) | loss: 3.512322 | lrm: 1.00 | dt: 8518.30ms | tok/sec: 123,096 | bf16_mfu: 0.00 | epoch: 1 pq: 4 rg: 46 | total time: 25.97m | eta: 255.3m
step 00194/01992 (9.74%) | loss: 3.504592 | lrm: 1.00 | dt: 8506.23ms | tok/sec: 123,271 | bf16_mfu: 0.00 | epoch: 1 pq: 4 rg: 48 | total time: 26.11m | eta: 255.1m
step 00195/01992 (9.79%) | loss: 3.506575 | lrm: 1.00 | dt: 8530.83ms | tok/sec: 122,916 | bf16_mfu: 0.00 | epoch: 1 pq: 4 rg: 50 | total time: 26.25m | eta: 255.0m
step 00196/01992 (9.84%) | loss: 3.503694 | lrm: 1.00 | dt: 8534.36ms | tok/sec: 122,865 | bf16_mfu: 0.00 | epoch: 1 pq: 4 rg: 52 | total time: 26.39m | eta: 254.8m
step 00197/01992 (9.89%) | loss: 3.489736 | lrm: 1.00 | dt: 8529.48ms | tok/sec: 122,935 | bf16_mfu: 0.00 | epoch: 1 pq: 4 rg: 54 | total time: 26.53m | eta: 254.7m
step 00198/01992 (9.94%) | loss: 3.486361 | lrm: 1.00 | dt: 8510.81ms | tok/sec: 123,205 | bf16_mfu: 0.00 | epoch: 1 pq: 4 rg: 55 | total time: 26.68m | eta: 254.6m
step 00199/01992 (9.99%) | loss: 3.494165 | lrm: 1.00 | dt: 8523.26ms | tok/sec: 123,025 | bf16_mfu: 0.00 | epoch: 1 pq: 4 rg: 57 | total time: 26.82m | eta: 254.4m
step 00200/01992 (10.04%) | loss: 3.495278 | lrm: 1.00 | dt: 8615.99ms | tok/sec: 121,701 | bf16_mfu: 0.00 | epoch: 1 pq: 4 rg: 59 | total time: 26.96m | eta: 254.3m
step 00201/01992 (10.09%) | loss: 3.484627 | lrm: 1.00 | dt: 8804.07ms | tok/sec: 119,101 | bf16_mfu: 0.00 | epoch: 1 pq: 4 rg: 61 | total time: 27.11m | eta: 254.2m
step 00202/01992 (10.14%) | loss: 3.479870 | lrm: 1.00 | dt: 8855.19ms | tok/sec: 118,413 | bf16_mfu: 0.00 | epoch: 1 pq: 4 rg: 63 | total time: 27.26m | eta: 254.1m
step 00203/01992 (10.19%) | loss: 3.489429 | lrm: 1.00 | dt: 8740.52ms | tok/sec: 119,967 | bf16_mfu: 0.00 | epoch: 1 pq: 4 rg: 65 | total time: 27.40m | eta: 254.0m
step 00204/01992 (10.24%) | loss: 3.485047 | lrm: 1.00 | dt: 8581.11ms | tok/sec: 122,195 | bf16_mfu: 0.00 | epoch: 1 pq: 4 rg: 67 | total time: 27.54m | eta: 253.9m
step 00205/01992 (10.29%) | loss: 3.490185 | lrm: 1.00 | dt: 8568.33ms | tok/sec: 122,378 | bf16_mfu: 0.00 | epoch: 1 pq: 4 rg: 69 | total time: 27.69m | eta: 253.7m
step 00206/01992 (10.34%) | loss: 3.480219 | lrm: 1.00 | dt: 8516.48ms | tok/sec: 123,123 | bf16_mfu: 0.00 | epoch: 1 pq: 4 rg: 71 | total time: 27.83m | eta: 253.6m
step 00207/01992 (10.39%) | loss: 3.472562 | lrm: 1.00 | dt: 8607.42ms | tok/sec: 121,822 | bf16_mfu: 0.00 | epoch: 1 pq: 4 rg: 73 | total time: 27.97m | eta: 253.5m
step 00208/01992 (10.44%) | loss: 3.464837 | lrm: 1.00 | dt: 8569.09ms | tok/sec: 122,367 | bf16_mfu: 0.00 | epoch: 1 pq: 4 rg: 75 | total time: 28.12m | eta: 253.3m
step 00209/01992 (10.49%) | loss: 3.469445 | lrm: 1.00 | dt: 8458.51ms | tok/sec: 123,967 | bf16_mfu: 0.00 | epoch: 1 pq: 4 rg: 77 | total time: 28.26m | eta: 253.2m
step 00210/01992 (10.54%) | loss: 3.472655 | lrm: 1.00 | dt: 8480.07ms | tok/sec: 123,651 | bf16_mfu: 0.00 | epoch: 1 pq: 4 rg: 79 | total time: 28.40m | eta: 253.0m
step 00211/01992 (10.59%) | loss: 3.471818 | lrm: 1.00 | dt: 8470.73ms | tok/sec: 123,788 | bf16_mfu: 0.00 | epoch: 1 pq: 4 rg: 81 | total time: 28.54m | eta: 252.9m
step 00212/01992 (10.64%) | loss: 3.471918 | lrm: 1.00 | dt: 8470.95ms | tok/sec: 123,784 | bf16_mfu: 0.00 | epoch: 1 pq: 5 rg: 1 | total time: 28.68m | eta: 252.7m
step 00213/01992 (10.69%) | loss: 3.466424 | lrm: 1.00 | dt: 8467.88ms | tok/sec: 123,829 | bf16_mfu: 0.00 | epoch: 1 pq: 5 rg: 3 | total time: 28.82m | eta: 252.6m
step 00214/01992 (10.74%) | loss: 3.460530 | lrm: 1.00 | dt: 8445.37ms | tok/sec: 124,159 | bf16_mfu: 0.00 | epoch: 1 pq: 5 rg: 4 | total time: 28.96m | eta: 252.4m
step 00215/01992 (10.79%) | loss: 3.454610 | lrm: 1.00 | dt: 8430.99ms | tok/sec: 124,371 | bf16_mfu: 0.00 | epoch: 1 pq: 5 rg: 6 | total time: 29.10m | eta: 252.3m
step 00216/01992 (10.84%) | loss: 3.444178 | lrm: 1.00 | dt: 8438.70ms | tok/sec: 124,258 | bf16_mfu: 0.00 | epoch: 1 pq: 5 rg: 8 | total time: 29.24m | eta: 252.1m
step 00217/01992 (10.89%) | loss: 3.443125 | lrm: 1.00 | dt: 8434.70ms | tok/sec: 124,316 | bf16_mfu: 0.00 | epoch: 1 pq: 5 rg: 10 | total time: 29.38m | eta: 252.0m
step 00218/01992 (10.94%) | loss: 3.439127 | lrm: 1.00 | dt: 8431.07ms | tok/sec: 124,370 | bf16_mfu: 0.00 | epoch: 1 pq: 5 rg: 12 | total time: 29.52m | eta: 251.8m
step 00219/01992 (10.99%) | loss: 3.440631 | lrm: 1.00 | dt: 8429.27ms | tok/sec: 124,397 | bf16_mfu: 0.00 | epoch: 1 pq: 5 rg: 14 | total time: 29.66m | eta: 251.7m
step 00220/01992 (11.04%) | loss: 3.440680 | lrm: 1.00 | dt: 8429.83ms | tok/sec: 124,388 | bf16_mfu: 0.00 | epoch: 1 pq: 5 rg: 16 | total time: 29.81m | eta: 251.5m
step 00221/01992 (11.09%) | loss: 3.442304 | lrm: 1.00 | dt: 8433.30ms | tok/sec: 124,337 | bf16_mfu: 0.00 | epoch: 1 pq: 5 rg: 18 | total time: 29.95m | eta: 251.3m
step 00222/01992 (11.14%) | loss: 3.424507 | lrm: 1.00 | dt: 8429.11ms | tok/sec: 124,399 | bf16_mfu: 0.00 | epoch: 1 pq: 5 rg: 20 | total time: 30.09m | eta: 251.2m
step 00223/01992 (11.19%) | loss: 3.417214 | lrm: 1.00 | dt: 8433.31ms | tok/sec: 124,337 | bf16_mfu: 0.00 | epoch: 1 pq: 5 rg: 22 | total time: 30.23m | eta: 251.0m
step 00224/01992 (11.24%) | loss: 3.418231 | lrm: 1.00 | dt: 8442.15ms | tok/sec: 124,207 | bf16_mfu: 0.00 | epoch: 1 pq: 5 rg: 24 | total time: 30.37m | eta: 250.9m
step 00225/01992 (11.30%) | loss: 3.424362 | lrm: 1.00 | dt: 8430.98ms | tok/sec: 124,371 | bf16_mfu: 0.00 | epoch: 1 pq: 5 rg: 26 | total time: 30.51m | eta: 250.7m
step 00226/01992 (11.35%) | loss: 3.433391 | lrm: 1.00 | dt: 8432.67ms | tok/sec: 124,346 | bf16_mfu: 0.00 | epoch: 1 pq: 5 rg: 28 | total time: 30.65m | eta: 250.6m
step 00227/01992 (11.40%) | loss: 3.418455 | lrm: 1.00 | dt: 8433.19ms | tok/sec: 124,339 | bf16_mfu: 0.00 | epoch: 1 pq: 5 rg: 29 | total time: 30.79m | eta: 250.4m
step 00228/01992 (11.45%) | loss: 3.415483 | lrm: 1.00 | dt: 8431.25ms | tok/sec: 124,367 | bf16_mfu: 0.00 | epoch: 1 pq: 5 rg: 31 | total time: 30.93m | eta: 250.3m
step 00229/01992 (11.50%) | loss: 3.411659 | lrm: 1.00 | dt: 8432.53ms | tok/sec: 124,348 | bf16_mfu: 0.00 | epoch: 1 pq: 5 rg: 33 | total time: 31.07m | eta: 250.1m
step 00230/01992 (11.55%) | loss: 3.409851 | lrm: 1.00 | dt: 8435.21ms | tok/sec: 124,309 | bf16_mfu: 0.00 | epoch: 1 pq: 5 rg: 35 | total time: 31.21m | eta: 250.0m
step 00231/01992 (11.60%) | loss: 3.412173 | lrm: 1.00 | dt: 8447.60ms | tok/sec: 124,127 | bf16_mfu: 0.00 | epoch: 1 pq: 5 rg: 37 | total time: 31.35m | eta: 249.8m
step 00232/01992 (11.65%) | loss: 3.414427 | lrm: 1.00 | dt: 8429.50ms | tok/sec: 124,393 | bf16_mfu: 0.00 | epoch: 1 pq: 5 rg: 39 | total time: 31.49m | eta: 249.7m
step 00233/01992 (11.70%) | loss: 3.410559 | lrm: 1.00 | dt: 8432.07ms | tok/sec: 124,355 | bf16_mfu: 0.00 | epoch: 1 pq: 5 rg: 41 | total time: 31.63m | eta: 249.5m
step 00234/01992 (11.75%) | loss: 3.419019 | lrm: 1.00 | dt: 8429.69ms | tok/sec: 124,390 | bf16_mfu: 0.00 | epoch: 1 pq: 5 rg: 43 | total time: 31.77m | eta: 249.4m
step 00235/01992 (11.80%) | loss: 3.408779 | lrm: 1.00 | dt: 8430.66ms | tok/sec: 124,376 | bf16_mfu: 0.00 | epoch: 1 pq: 5 rg: 45 | total time: 31.91m | eta: 249.2m
step 00236/01992 (11.85%) | loss: 3.405188 | lrm: 1.00 | dt: 8429.41ms | tok/sec: 124,394 | bf16_mfu: 0.00 | epoch: 1 pq: 5 rg: 47 | total time: 32.05m | eta: 249.1m
step 00237/01992 (11.90%) | loss: 3.404275 | lrm: 1.00 | dt: 8423.82ms | tok/sec: 124,477 | bf16_mfu: 0.00 | epoch: 1 pq: 5 rg: 49 | total time: 32.19m | eta: 248.9m
step 00238/01992 (11.95%) | loss: 3.403864 | lrm: 1.00 | dt: 8426.48ms | tok/sec: 124,438 | bf16_mfu: 0.00 | epoch: 1 pq: 5 rg: 51 | total time: 32.33m | eta: 248.8m
step 00239/01992 (12.00%) | loss: 3.398043 | lrm: 1.00 | dt: 8417.85ms | tok/sec: 124,565 | bf16_mfu: 0.00 | epoch: 1 pq: 5 rg: 53 | total time: 32.48m | eta: 248.6m
step 00240/01992 (12.05%) | loss: 3.399110 | lrm: 1.00 | dt: 8414.28ms | tok/sec: 124,618 | bf16_mfu: 0.00 | epoch: 1 pq: 5 rg: 55 | total time: 32.62m | eta: 248.4m
step 00241/01992 (12.10%) | loss: 3.396419 | lrm: 1.00 | dt: 8412.49ms | tok/sec: 124,645 | bf16_mfu: 0.00 | epoch: 1 pq: 5 rg: 57 | total time: 32.76m | eta: 248.3m
step 00242/01992 (12.15%) | loss: 3.383346 | lrm: 1.00 | dt: 8413.51ms | tok/sec: 124,630 | bf16_mfu: 0.00 | epoch: 1 pq: 5 rg: 59 | total time: 32.90m | eta: 248.1m
step 00243/01992 (12.20%) | loss: 3.363576 | lrm: 1.00 | dt: 8415.87ms | tok/sec: 124,595 | bf16_mfu: 0.00 | epoch: 1 pq: 5 rg: 61 | total time: 33.04m | eta: 248.0m
step 00244/01992 (12.25%) | loss: 3.359970 | lrm: 1.00 | dt: 8420.67ms | tok/sec: 124,523 | bf16_mfu: 0.00 | epoch: 1 pq: 5 rg: 62 | total time: 33.18m | eta: 247.8m
step 00245/01992 (12.30%) | loss: 3.359382 | lrm: 1.00 | dt: 8429.22ms | tok/sec: 124,397 | bf16_mfu: 0.00 | epoch: 1 pq: 5 rg: 64 | total time: 33.32m | eta: 247.7m
step 00246/01992 (12.35%) | loss: 3.361203 | lrm: 1.00 | dt: 8413.46ms | tok/sec: 124,630 | bf16_mfu: 0.00 | epoch: 1 pq: 5 rg: 66 | total time: 33.46m | eta: 247.5m
step 00247/01992 (12.40%) | loss: 3.351140 | lrm: 1.00 | dt: 8419.54ms | tok/sec: 124,540 | bf16_mfu: 0.00 | epoch: 1 pq: 5 rg: 68 | total time: 33.60m | eta: 247.4m
step 00248/01992 (12.45%) | loss: 3.360399 | lrm: 1.00 | dt: 8415.74ms | tok/sec: 124,597 | bf16_mfu: 0.00 | epoch: 1 pq: 5 rg: 70 | total time: 33.74m | eta: 247.2m
step 00249/01992 (12.50%) | loss: 3.365354 | lrm: 1.00 | dt: 8417.06ms | tok/sec: 124,577 | bf16_mfu: 0.00 | epoch: 1 pq: 5 rg: 72 | total time: 33.88m | eta: 247.1m
Step 00250 | Validation bpb: 1.018218
step 00250/01992 (12.55%) | loss: 3.357764 | lrm: 1.00 | dt: 8408.40ms | tok/sec: 124,705 | bf16_mfu: 0.00 | epoch: 1 pq: 5 rg: 74 | total time: 34.02m | eta: 246.9m
step 00251/01992 (12.60%) | loss: 3.347814 | lrm: 1.00 | dt: 8416.57ms | tok/sec: 124,584 | bf16_mfu: 0.00 | epoch: 1 pq: 5 rg: 76 | total time: 34.16m | eta: 246.8m
step 00252/01992 (12.65%) | loss: 3.353044 | lrm: 1.00 | dt: 8412.08ms | tok/sec: 124,651 | bf16_mfu: 0.00 | epoch: 1 pq: 5 rg: 78 | total time: 34.30m | eta: 246.6m
step 00253/01992 (12.70%) | loss: 3.352595 | lrm: 1.00 | dt: 8409.30ms | tok/sec: 124,692 | bf16_mfu: 0.00 | epoch: 1 pq: 5 rg: 80 | total time: 34.44m | eta: 246.5m
step 00254/01992 (12.75%) | loss: 3.356945 | lrm: 1.00 | dt: 8411.63ms | tok/sec: 124,657 | bf16_mfu: 0.00 | epoch: 1 pq: 5 rg: 82 | total time: 34.58m | eta: 246.3m
step 00255/01992 (12.80%) | loss: 3.350850 | lrm: 1.00 | dt: 8412.30ms | tok/sec: 124,647 | bf16_mfu: 0.00 | epoch: 1 pq: 6 rg: 1 | total time: 34.72m | eta: 246.2m
step 00256/01992 (12.85%) | loss: 3.338946 | lrm: 1.00 | dt: 8414.27ms | tok/sec: 124,618 | bf16_mfu: 0.00 | epoch: 1 pq: 6 rg: 3 | total time: 34.86m | eta: 246.0m
step 00257/01992 (12.90%) | loss: 3.340432 | lrm: 1.00 | dt: 8415.27ms | tok/sec: 124,603 | bf16_mfu: 0.00 | epoch: 1 pq: 6 rg: 5 | total time: 35.00m | eta: 245.8m
step 00258/01992 (12.95%) | loss: 3.329861 | lrm: 1.00 | dt: 8408.36ms | tok/sec: 124,706 | bf16_mfu: 0.00 | epoch: 1 pq: 6 rg: 7 | total time: 35.14m | eta: 245.7m
step 00259/01992 (13.00%) | loss: 3.330572 | lrm: 1.00 | dt: 8407.25ms | tok/sec: 124,722 | bf16_mfu: 0.00 | epoch: 1 pq: 6 rg: 9 | total time: 35.28m | eta: 245.5m
step 00260/01992 (13.05%) | loss: 3.331569 | lrm: 1.00 | dt: 8408.14ms | tok/sec: 124,709 | bf16_mfu: 0.00 | epoch: 1 pq: 6 rg: 10 | total time: 35.42m | eta: 245.4m
step 00261/01992 (13.10%) | loss: 3.335012 | lrm: 1.00 | dt: 8413.03ms | tok/sec: 124,637 | bf16_mfu: 0.00 | epoch: 1 pq: 6 rg: 12 | total time: 35.56m | eta: 245.2m
step 00262/01992 (13.15%) | loss: 3.338953 | lrm: 1.00 | dt: 8412.28ms | tok/sec: 124,648 | bf16_mfu: 0.00 | epoch: 1 pq: 6 rg: 14 | total time: 35.70m | eta: 245.1m
step 00263/01992 (13.20%) | loss: 3.322413 | lrm: 1.00 | dt: 8411.64ms | tok/sec: 124,657 | bf16_mfu: 0.00 | epoch: 1 pq: 6 rg: 16 | total time: 35.84m | eta: 244.9m
step 00264/01992 (13.25%) | loss: 3.325831 | lrm: 1.00 | dt: 8407.73ms | tok/sec: 124,715 | bf16_mfu: 0.00 | epoch: 1 pq: 6 rg: 18 | total time: 35.98m | eta: 244.8m
step 00265/01992 (13.30%) | loss: 3.318978 | lrm: 1.00 | dt: 8406.08ms | tok/sec: 124,740 | bf16_mfu: 0.00 | epoch: 1 pq: 6 rg: 20 | total time: 36.12m | eta: 244.6m
step 00266/01992 (13.35%) | loss: 3.305702 | lrm: 1.00 | dt: 8406.39ms | tok/sec: 124,735 | bf16_mfu: 0.00 | epoch: 1 pq: 6 rg: 22 | total time: 36.26m | eta: 244.5m
step 00267/01992 (13.40%) | loss: 3.304063 | lrm: 1.00 | dt: 8405.18ms | tok/sec: 124,753 | bf16_mfu: 0.00 | epoch: 1 pq: 6 rg: 24 | total time: 36.40m | eta: 244.3m
step 00268/01992 (13.45%) | loss: 3.308804 | lrm: 1.00 | dt: 8403.78ms | tok/sec: 124,774 | bf16_mfu: 0.00 | epoch: 1 pq: 6 rg: 26 | total time: 36.54m | eta: 244.2m
step 00269/01992 (13.50%) | loss: 3.307577 | lrm: 1.00 | dt: 8405.47ms | tok/sec: 124,749 | bf16_mfu: 0.00 | epoch: 1 pq: 6 rg: 28 | total time: 36.68m | eta: 244.0m
step 00270/01992 (13.55%) | loss: 3.291094 | lrm: 1.00 | dt: 8399.38ms | tok/sec: 124,839 | bf16_mfu: 0.00 | epoch: 1 pq: 6 rg: 30 | total time: 36.82m | eta: 243.9m
step 00271/01992 (13.60%) | loss: 3.290689 | lrm: 1.00 | dt: 8403.37ms | tok/sec: 124,780 | bf16_mfu: 0.00 | epoch: 1 pq: 6 rg: 32 | total time: 36.96m | eta: 243.7m
step 00272/01992 (13.65%) | loss: 3.293040 | lrm: 1.00 | dt: 8399.80ms | tok/sec: 124,833 | bf16_mfu: 0.00 | epoch: 1 pq: 6 rg: 34 | total time: 37.10m | eta: 243.6m
step 00273/01992 (13.70%) | loss: 3.291733 | lrm: 1.00 | dt: 8395.34ms | tok/sec: 124,899 | bf16_mfu: 0.00 | epoch: 1 pq: 6 rg: 35 | total time: 37.24m | eta: 243.4m
step 00274/01992 (13.76%) | loss: 3.283553 | lrm: 1.00 | dt: 8392.46ms | tok/sec: 124,942 | bf16_mfu: 0.00 | epoch: 1 pq: 6 rg: 37 | total time: 37.38m | eta: 243.3m
step 00275/01992 (13.81%) | loss: 3.281216 | lrm: 1.00 | dt: 8394.97ms | tok/sec: 124,905 | bf16_mfu: 0.00 | epoch: 1 pq: 6 rg: 39 | total time: 37.52m | eta: 243.1m
step 00276/01992 (13.86%) | loss: 3.276631 | lrm: 1.00 | dt: 8384.13ms | tok/sec: 125,066 | bf16_mfu: 0.00 | epoch: 1 pq: 6 rg: 41 | total time: 37.66m | eta: 243.0m
step 00277/01992 (13.91%) | loss: 3.284652 | lrm: 1.00 | dt: 8389.26ms | tok/sec: 124,990 | bf16_mfu: 0.00 | epoch: 1 pq: 6 rg: 43 | total time: 37.80m | eta: 242.8m
step 00278/01992 (13.96%) | loss: 3.286068 | lrm: 1.00 | dt: 8391.01ms | tok/sec: 124,964 | bf16_mfu: 0.00 | epoch: 1 pq: 6 rg: 45 | total time: 37.94m | eta: 242.6m
step 00279/01992 (14.01%) | loss: 3.288253 | lrm: 1.00 | dt: 8395.89ms | tok/sec: 124,891 | bf16_mfu: 0.00 | epoch: 1 pq: 6 rg: 47 | total time: 38.08m | eta: 242.5m
step 00280/01992 (14.06%) | loss: 3.287168 | lrm: 1.00 | dt: 8389.59ms | tok/sec: 124,985 | bf16_mfu: 0.00 | epoch: 1 pq: 6 rg: 49 | total time: 38.22m | eta: 242.3m
step 00281/01992 (14.11%) | loss: 3.281926 | lrm: 1.00 | dt: 8393.33ms | tok/sec: 124,929 | bf16_mfu: 0.00 | epoch: 1 pq: 6 rg: 51 | total time: 38.36m | eta: 242.2m
step 00282/01992 (14.16%) | loss: 3.285422 | lrm: 1.00 | dt: 8401.12ms | tok/sec: 124,813 | bf16_mfu: 0.00 | epoch: 1 pq: 6 rg: 53 | total time: 38.50m | eta: 242.0m
step 00283/01992 (14.21%) | loss: 3.279302 | lrm: 1.00 | dt: 8399.61ms | tok/sec: 124,836 | bf16_mfu: 0.00 | epoch: 1 pq: 6 rg: 55 | total time: 38.64m | eta: 241.9m
step 00284/01992 (14.26%) | loss: 3.272352 | lrm: 1.00 | dt: 8399.31ms | tok/sec: 124,840 | bf16_mfu: 0.00 | epoch: 1 pq: 6 rg: 57 | total time: 38.78m | eta: 241.7m
step 00285/01992 (14.31%) | loss: 3.278928 | lrm: 1.00 | dt: 8393.09ms | tok/sec: 124,933 | bf16_mfu: 0.00 | epoch: 1 pq: 6 rg: 59 | total time: 38.92m | eta: 241.6m
step 00286/01992 (14.36%) | loss: 3.282035 | lrm: 1.00 | dt: 8397.66ms | tok/sec: 124,865 | bf16_mfu: 0.00 | epoch: 1 pq: 6 rg: 61 | total time: 39.06m | eta: 241.4m
step 00287/01992 (14.41%) | loss: 3.274657 | lrm: 1.00 | dt: 8398.94ms | tok/sec: 124,846 | bf16_mfu: 0.00 | epoch: 1 pq: 6 rg: 63 | total time: 39.20m | eta: 241.3m
step 00288/01992 (14.46%) | loss: 3.271363 | lrm: 1.00 | dt: 8400.93ms | tok/sec: 124,816 | bf16_mfu: 0.00 | epoch: 1 pq: 6 rg: 65 | total time: 39.34m | eta: 241.1m
step 00289/01992 (14.51%) | loss: 3.275324 | lrm: 1.00 | dt: 8408.56ms | tok/sec: 124,703 | bf16_mfu: 0.00 | epoch: 1 pq: 6 rg: 67 | total time: 39.48m | eta: 241.0m
step 00290/01992 (14.56%) | loss: 3.270317 | lrm: 1.00 | dt: 8403.34ms | tok/sec: 124,780 | bf16_mfu: 0.00 | epoch: 1 pq: 6 rg: 68 | total time: 39.62m | eta: 240.8m
step 00291/01992 (14.61%) | loss: 3.273542 | lrm: 1.00 | dt: 8412.98ms | tok/sec: 124,637 | bf16_mfu: 0.00 | epoch: 1 pq: 6 rg: 70 | total time: 39.76m | eta: 240.7m
step 00292/01992 (14.66%) | loss: 3.277513 | lrm: 1.00 | dt: 8407.18ms | tok/sec: 124,723 | bf16_mfu: 0.00 | epoch: 1 pq: 6 rg: 72 | total time: 39.90m | eta: 240.5m
step 00293/01992 (14.71%) | loss: 3.270334 | lrm: 1.00 | dt: 8407.08ms | tok/sec: 124,725 | bf16_mfu: 0.00 | epoch: 1 pq: 6 rg: 74 | total time: 40.04m | eta: 240.4m
step 00294/01992 (14.76%) | loss: 3.268430 | lrm: 1.00 | dt: 8405.68ms | tok/sec: 124,746 | bf16_mfu: 0.00 | epoch: 1 pq: 6 rg: 76 | total time: 40.18m | eta: 240.2m
step 00295/01992 (14.81%) | loss: 3.275289 | lrm: 1.00 | dt: 8408.60ms | tok/sec: 124,702 | bf16_mfu: 0.00 | epoch: 1 pq: 6 rg: 78 | total time: 40.32m | eta: 240.1m
step 00296/01992 (14.86%) | loss: 3.270709 | lrm: 1.00 | dt: 8416.00ms | tok/sec: 124,593 | bf16_mfu: 0.00 | epoch: 1 pq: 6 rg: 80 | total time: 40.46m | eta: 239.9m
step 00297/01992 (14.91%) | loss: 3.273389 | lrm: 1.00 | dt: 8414.71ms | tok/sec: 124,612 | bf16_mfu: 0.00 | epoch: 1 pq: 7 rg: 0 | total time: 40.60m | eta: 239.8m
step 00298/01992 (14.96%) | loss: 3.279121 | lrm: 1.00 | dt: 8425.70ms | tok/sec: 124,449 | bf16_mfu: 0.00 | epoch: 1 pq: 7 rg: 2 | total time: 40.74m | eta: 239.6m
step 00299/01992 (15.01%) | loss: 3.267552 | lrm: 1.00 | dt: 8420.24ms | tok/sec: 124,530 | bf16_mfu: 0.00 | epoch: 1 pq: 7 rg: 4 | total time: 40.88m | eta: 239.5m
step 00300/01992 (15.06%) | loss: 3.274328 | lrm: 1.00 | dt: 8486.46ms | tok/sec: 123,558 | bf16_mfu: 0.00 | epoch: 1 pq: 7 rg: 6 | total time: 41.02m | eta: 239.4m
step 00301/01992 (15.11%) | loss: 3.267823 | lrm: 1.00 | dt: 8630.86ms | tok/sec: 121,491 | bf16_mfu: 0.00 | epoch: 1 pq: 7 rg: 8 | total time: 41.17m | eta: 239.2m
step 00302/01992 (15.16%) | loss: 3.263339 | lrm: 1.00 | dt: 8712.46ms | tok/sec: 120,353 | bf16_mfu: 0.00 | epoch: 1 pq: 7 rg: 10 | total time: 41.31m | eta: 239.1m
step 00303/01992 (15.21%) | loss: 3.268692 | lrm: 1.00 | dt: 8497.96ms | tok/sec: 123,391 | bf16_mfu: 0.00 | epoch: 1 pq: 7 rg: 12 | total time: 41.45m | eta: 239.0m
step 00304/01992 (15.26%) | loss: 3.279640 | lrm: 1.00 | dt: 8587.33ms | tok/sec: 122,107 | bf16_mfu: 0.00 | epoch: 1 pq: 7 rg: 14 | total time: 41.60m | eta: 238.8m
step 00305/01992 (15.31%) | loss: 3.280178 | lrm: 1.00 | dt: 8464.80ms | tok/sec: 123,874 | bf16_mfu: 0.00 | epoch: 1 pq: 7 rg: 16 | total time: 41.74m | eta: 238.7m
step 00306/01992 (15.36%) | loss: 3.277517 | lrm: 1.00 | dt: 8465.25ms | tok/sec: 123,868 | bf16_mfu: 0.00 | epoch: 1 pq: 7 rg: 17 | total time: 41.88m | eta: 238.5m
step 00307/01992 (15.41%) | loss: 3.280036 | lrm: 1.00 | dt: 8460.58ms | tok/sec: 123,936 | bf16_mfu: 0.00 | epoch: 1 pq: 7 rg: 19 | total time: 42.02m | eta: 238.4m
step 00308/01992 (15.46%) | loss: 3.276214 | lrm: 1.00 | dt: 8468.32ms | tok/sec: 123,823 | bf16_mfu: 0.00 | epoch: 1 pq: 7 rg: 21 | total time: 42.16m | eta: 238.3m
step 00309/01992 (15.51%) | loss: 3.272930 | lrm: 1.00 | dt: 8479.25ms | tok/sec: 123,663 | bf16_mfu: 0.00 | epoch: 1 pq: 7 rg: 23 | total time: 42.30m | eta: 238.1m
step 00310/01992 (15.56%) | loss: 3.266489 | lrm: 1.00 | dt: 8462.10ms | tok/sec: 123,914 | bf16_mfu: 0.00 | epoch: 1 pq: 7 rg: 25 | total time: 42.44m | eta: 238.0m
step 00311/01992 (15.61%) | loss: 3.263945 | lrm: 1.00 | dt: 8444.32ms | tok/sec: 124,175 | bf16_mfu: 0.00 | epoch: 1 pq: 7 rg: 27 | total time: 42.58m | eta: 237.8m
step 00312/01992 (15.66%) | loss: 3.259431 | lrm: 1.00 | dt: 8456.16ms | tok/sec: 124,001 | bf16_mfu: 0.00 | epoch: 1 pq: 7 rg: 29 | total time: 42.73m | eta: 237.7m
step 00313/01992 (15.71%) | loss: 3.256537 | lrm: 1.00 | dt: 8435.96ms | tok/sec: 124,298 | bf16_mfu: 0.00 | epoch: 1 pq: 7 rg: 31 | total time: 42.87m | eta: 237.5m
step 00314/01992 (15.76%) | loss: 3.253061 | lrm: 1.00 | dt: 8454.27ms | tok/sec: 124,029 | bf16_mfu: 0.00 | epoch: 1 pq: 7 rg: 33 | total time: 43.01m | eta: 237.4m
step 00315/01992 (15.81%) | loss: 3.245007 | lrm: 1.00 | dt: 8430.43ms | tok/sec: 124,379 | bf16_mfu: 0.00 | epoch: 1 pq: 7 rg: 35 | total time: 43.15m | eta: 237.2m
step 00316/01992 (15.86%) | loss: 3.238330 | lrm: 1.00 | dt: 8448.14ms | tok/sec: 124,119 | bf16_mfu: 0.00 | epoch: 1 pq: 7 rg: 37 | total time: 43.29m | eta: 237.1m
step 00317/01992 (15.91%) | loss: 3.243202 | lrm: 1.00 | dt: 8464.36ms | tok/sec: 123,881 | bf16_mfu: 0.00 | epoch: 1 pq: 7 rg: 39 | total time: 43.43m | eta: 237.0m
step 00318/01992 (15.96%) | loss: 3.237922 | lrm: 1.00 | dt: 8451.73ms | tok/sec: 124,066 | bf16_mfu: 0.00 | epoch: 1 pq: 7 rg: 41 | total time: 43.57m | eta: 236.8m
step 00319/01992 (16.01%) | loss: 3.242182 | lrm: 1.00 | dt: 8446.11ms | tok/sec: 124,148 | bf16_mfu: 0.00 | epoch: 1 pq: 7 rg: 43 | total time: 43.71m | eta: 236.7m
step 00320/01992 (16.06%) | loss: 3.244385 | lrm: 1.00 | dt: 8419.91ms | tok/sec: 124,535 | bf16_mfu: 0.00 | epoch: 1 pq: 7 rg: 45 | total time: 43.85m | eta: 236.5m
step 00321/01992 (16.11%) | loss: 3.241847 | lrm: 1.00 | dt: 8439.13ms | tok/sec: 124,251 | bf16_mfu: 0.00 | epoch: 1 pq: 7 rg: 47 | total time: 43.99m | eta: 236.4m
step 00322/01992 (16.16%) | loss: 3.239820 | lrm: 1.00 | dt: 8444.35ms | tok/sec: 124,174 | bf16_mfu: 0.00 | epoch: 1 pq: 7 rg: 49 | total time: 44.13m | eta: 236.2m
step 00323/01992 (16.21%) | loss: 3.230100 | lrm: 1.00 | dt: 8441.43ms | tok/sec: 124,217 | bf16_mfu: 0.00 | epoch: 1 pq: 7 rg: 50 | total time: 44.27m | eta: 236.1m
step 00324/01992 (16.27%) | loss: 3.246277 | lrm: 1.00 | dt: 8420.19ms | tok/sec: 124,531 | bf16_mfu: 0.00 | epoch: 1 pq: 7 rg: 52 | total time: 44.41m | eta: 235.9m
step 00325/01992 (16.32%) | loss: 3.248761 | lrm: 1.00 | dt: 8408.90ms | tok/sec: 124,698 | bf16_mfu: 0.00 | epoch: 1 pq: 7 rg: 54 | total time: 44.55m | eta: 235.8m
step 00326/01992 (16.37%) | loss: 3.243485 | lrm: 1.00 | dt: 8407.75ms | tok/sec: 124,715 | bf16_mfu: 0.00 | epoch: 1 pq: 7 rg: 56 | total time: 44.69m | eta: 235.6m
step 00327/01992 (16.42%) | loss: 3.242926 | lrm: 1.00 | dt: 8422.23ms | tok/sec: 124,500 | bf16_mfu: 0.00 | epoch: 1 pq: 7 rg: 58 | total time: 44.83m | eta: 235.5m
step 00328/01992 (16.47%) | loss: 3.247158 | lrm: 1.00 | dt: 8433.15ms | tok/sec: 124,339 | bf16_mfu: 0.00 | epoch: 1 pq: 7 rg: 60 | total time: 44.98m | eta: 235.3m
step 00329/01992 (16.52%) | loss: 3.249745 | lrm: 1.00 | dt: 8410.85ms | tok/sec: 124,669 | bf16_mfu: 0.00 | epoch: 1 pq: 7 rg: 62 | total time: 45.12m | eta: 235.2m
step 00330/01992 (16.57%) | loss: 3.242912 | lrm: 1.00 | dt: 8405.18ms | tok/sec: 124,753 | bf16_mfu: 0.00 | epoch: 1 pq: 7 rg: 64 | total time: 45.26m | eta: 235.0m
step 00331/01992 (16.62%) | loss: 3.235902 | lrm: 1.00 | dt: 8415.59ms | tok/sec: 124,599 | bf16_mfu: 0.00 | epoch: 1 pq: 7 rg: 66 | total time: 45.40m | eta: 234.9m
step 00332/01992 (16.67%) | loss: 3.225220 | lrm: 1.00 | dt: 8421.22ms | tok/sec: 124,515 | bf16_mfu: 0.00 | epoch: 1 pq: 7 rg: 68 | total time: 45.54m | eta: 234.8m
step 00333/01992 (16.72%) | loss: 3.218518 | lrm: 1.00 | dt: 8420.92ms | tok/sec: 124,520 | bf16_mfu: 0.00 | epoch: 1 pq: 7 rg: 70 | total time: 45.68m | eta: 234.6m
step 00334/01992 (16.77%) | loss: 3.211001 | lrm: 1.00 | dt: 8395.43ms | tok/sec: 124,898 | bf16_mfu: 0.00 | epoch: 1 pq: 7 rg: 72 | total time: 45.82m | eta: 234.5m
step 00335/01992 (16.82%) | loss: 3.209530 | lrm: 1.00 | dt: 8409.38ms | tok/sec: 124,691 | bf16_mfu: 0.00 | epoch: 1 pq: 7 rg: 74 | total time: 45.96m | eta: 234.3m
step 00336/01992 (16.87%) | loss: 3.206635 | lrm: 1.00 | dt: 8416.14ms | tok/sec: 124,591 | bf16_mfu: 0.00 | epoch: 1 pq: 7 rg: 76 | total time: 46.10m | eta: 234.2m
step 00337/01992 (16.92%) | loss: 3.211512 | lrm: 1.00 | dt: 8418.70ms | tok/sec: 124,553 | bf16_mfu: 0.00 | epoch: 1 pq: 7 rg: 78 | total time: 46.24m | eta: 234.0m
step 00338/01992 (16.97%) | loss: 3.212976 | lrm: 1.00 | dt: 8422.21ms | tok/sec: 124,501 | bf16_mfu: 0.00 | epoch: 1 pq: 7 rg: 80 | total time: 46.38m | eta: 233.9m
step 00339/01992 (17.02%) | loss: 3.214990 | lrm: 1.00 | dt: 8419.15ms | tok/sec: 124,546 | bf16_mfu: 0.00 | epoch: 1 pq: 7 rg: 81 | total time: 46.52m | eta: 233.7m
step 00340/01992 (17.07%) | loss: 3.203789 | lrm: 1.00 | dt: 8414.65ms | tok/sec: 124,613 | bf16_mfu: 0.00 | epoch: 1 pq: 8 rg: 1 | total time: 46.66m | eta: 233.6m
step 00341/01992 (17.12%) | loss: 3.214020 | lrm: 1.00 | dt: 8408.05ms | tok/sec: 124,710 | bf16_mfu: 0.00 | epoch: 1 pq: 8 rg: 3 | total time: 46.80m | eta: 233.4m
step 00342/01992 (17.17%) | loss: 3.212043 | lrm: 1.00 | dt: 8407.16ms | tok/sec: 124,724 | bf16_mfu: 0.00 | epoch: 1 pq: 8 rg: 5 | total time: 46.94m | eta: 233.3m
step 00343/01992 (17.22%) | loss: 3.212028 | lrm: 1.00 | dt: 8420.22ms | tok/sec: 124,530 | bf16_mfu: 0.00 | epoch: 1 pq: 8 rg: 7 | total time: 47.08m | eta: 233.1m
step 00344/01992 (17.27%) | loss: 3.192477 | lrm: 1.00 | dt: 8419.88ms | tok/sec: 124,535 | bf16_mfu: 0.00 | epoch: 1 pq: 8 rg: 9 | total time: 47.22m | eta: 233.0m
step 00345/01992 (17.32%) | loss: 3.200564 | lrm: 1.00 | dt: 8421.60ms | tok/sec: 124,510 | bf16_mfu: 0.00 | epoch: 1 pq: 8 rg: 11 | total time: 47.36m | eta: 232.8m
step 00346/01992 (17.37%) | loss: 3.193088 | lrm: 1.00 | dt: 8417.32ms | tok/sec: 124,573 | bf16_mfu: 0.00 | epoch: 1 pq: 8 rg: 13 | total time: 47.50m | eta: 232.7m
step 00347/01992 (17.42%) | loss: 3.199204 | lrm: 1.00 | dt: 8395.70ms | tok/sec: 124,894 | bf16_mfu: 0.00 | epoch: 1 pq: 8 rg: 15 | total time: 47.64m | eta: 232.5m
step 00348/01992 (17.47%) | loss: 3.191281 | lrm: 1.00 | dt: 8378.45ms | tok/sec: 125,151 | bf16_mfu: 0.00 | epoch: 1 pq: 8 rg: 17 | total time: 47.78m | eta: 232.4m
step 00349/01992 (17.52%) | loss: 3.208871 | lrm: 1.00 | dt: 8389.17ms | tok/sec: 124,991 | bf16_mfu: 0.00 | epoch: 1 pq: 8 rg: 19 | total time: 47.92m | eta: 232.2m
step 00350/01992 (17.57%) | loss: 3.209905 | lrm: 1.00 | dt: 8387.82ms | tok/sec: 125,011 | bf16_mfu: 0.00 | epoch: 1 pq: 8 rg: 21 | total time: 48.06m | eta: 232.1m
step 00351/01992 (17.62%) | loss: 3.212016 | lrm: 1.00 | dt: 8378.37ms | tok/sec: 125,152 | bf16_mfu: 0.00 | epoch: 1 pq: 8 rg: 23 | total time: 48.20m | eta: 231.9m
step 00352/01992 (17.67%) | loss: 3.210326 | lrm: 1.00 | dt: 8382.02ms | tok/sec: 125,098 | bf16_mfu: 0.00 | epoch: 1 pq: 8 rg: 25 | total time: 48.34m | eta: 231.8m
step 00353/01992 (17.72%) | loss: 3.203293 | lrm: 1.00 | dt: 8402.56ms | tok/sec: 124,792 | bf16_mfu: 0.00 | epoch: 1 pq: 8 rg: 26 | total time: 48.48m | eta: 231.6m
step 00354/01992 (17.77%) | loss: 3.200902 | lrm: 1.00 | dt: 8412.83ms | tok/sec: 124,640 | bf16_mfu: 0.00 | epoch: 1 pq: 8 rg: 28 | total time: 48.62m | eta: 231.5m
step 00355/01992 (17.82%) | loss: 3.201384 | lrm: 1.00 | dt: 8395.35ms | tok/sec: 124,899 | bf16_mfu: 0.00 | epoch: 1 pq: 8 rg: 30 | total time: 48.76m | eta: 231.4m
step 00356/01992 (17.87%) | loss: 3.197336 | lrm: 1.00 | dt: 8404.67ms | tok/sec: 124,761 | bf16_mfu: 0.00 | epoch: 1 pq: 8 rg: 32 | total time: 48.90m | eta: 231.2m
step 00357/01992 (17.92%) | loss: 3.192627 | lrm: 1.00 | dt: 8393.48ms | tok/sec: 124,927 | bf16_mfu: 0.00 | epoch: 1 pq: 8 rg: 34 | total time: 49.04m | eta: 231.1m
step 00358/01992 (17.97%) | loss: 3.200954 | lrm: 1.00 | dt: 8400.96ms | tok/sec: 124,816 | bf16_mfu: 0.00 | epoch: 1 pq: 8 rg: 36 | total time: 49.18m | eta: 230.9m
step 00359/01992 (18.02%) | loss: 3.203970 | lrm: 1.00 | dt: 8424.40ms | tok/sec: 124,468 | bf16_mfu: 0.00 | epoch: 1 pq: 8 rg: 38 | total time: 49.32m | eta: 230.8m
step 00360/01992 (18.07%) | loss: 3.193238 | lrm: 1.00 | dt: 8410.70ms | tok/sec: 124,671 | bf16_mfu: 0.00 | epoch: 1 pq: 8 rg: 40 | total time: 49.46m | eta: 230.6m
step 00361/01992 (18.12%) | loss: 3.179044 | lrm: 1.00 | dt: 8409.15ms | tok/sec: 124,694 | bf16_mfu: 0.00 | epoch: 1 pq: 8 rg: 42 | total time: 49.60m | eta: 230.5m
step 00362/01992 (18.17%) | loss: 3.178105 | lrm: 1.00 | dt: 8411.08ms | tok/sec: 124,666 | bf16_mfu: 0.00 | epoch: 1 pq: 8 rg: 44 | total time: 49.74m | eta: 230.3m
step 00363/01992 (18.22%) | loss: 3.172902 | lrm: 1.00 | dt: 8408.10ms | tok/sec: 124,710 | bf16_mfu: 0.00 | epoch: 1 pq: 8 rg: 46 | total time: 49.88m | eta: 230.2m
step 00364/01992 (18.27%) | loss: 3.172894 | lrm: 1.00 | dt: 8411.99ms | tok/sec: 124,652 | bf16_mfu: 0.00 | epoch: 1 pq: 8 rg: 48 | total time: 50.02m | eta: 230.0m
step 00365/01992 (18.32%) | loss: 3.185982 | lrm: 1.00 | dt: 8465.30ms | tok/sec: 123,867 | bf16_mfu: 0.00 | epoch: 1 pq: 8 rg: 50 | total time: 50.16m | eta: 229.9m
step 00366/01992 (18.37%) | loss: 3.186101 | lrm: 1.00 | dt: 8421.72ms | tok/sec: 124,508 | bf16_mfu: 0.00 | epoch: 1 pq: 8 rg: 52 | total time: 50.30m | eta: 229.7m
step 00367/01992 (18.42%) | loss: 3.181918 | lrm: 1.00 | dt: 8413.36ms | tok/sec: 124,632 | bf16_mfu: 0.00 | epoch: 1 pq: 8 rg: 54 | total time: 50.44m | eta: 229.6m
step 00368/01992 (18.47%) | loss: 3.190774 | lrm: 1.00 | dt: 8403.05ms | tok/sec: 124,785 | bf16_mfu: 0.00 | epoch: 1 pq: 8 rg: 56 | total time: 50.58m | eta: 229.5m
step 00369/01992 (18.52%) | loss: 3.195004 | lrm: 1.00 | dt: 8411.45ms | tok/sec: 124,660 | bf16_mfu: 0.00 | epoch: 1 pq: 8 rg: 57 | total time: 50.72m | eta: 229.3m
step 00370/01992 (18.57%) | loss: 3.195496 | lrm: 1.00 | dt: 8396.04ms | tok/sec: 124,889 | bf16_mfu: 0.00 | epoch: 1 pq: 8 rg: 59 | total time: 50.86m | eta: 229.2m
step 00371/01992 (18.62%) | loss: 3.188980 | lrm: 1.00 | dt: 8424.02ms | tok/sec: 124,474 | bf16_mfu: 0.00 | epoch: 1 pq: 8 rg: 61 | total time: 51.00m | eta: 229.0m
step 00372/01992 (18.67%) | loss: 3.201855 | lrm: 1.00 | dt: 8424.56ms | tok/sec: 124,466 | bf16_mfu: 0.00 | epoch: 1 pq: 8 rg: 63 | total time: 51.14m | eta: 228.9m
step 00373/01992 (18.72%) | loss: 3.193680 | lrm: 1.00 | dt: 8388.34ms | tok/sec: 125,004 | bf16_mfu: 0.00 | epoch: 1 pq: 8 rg: 65 | total time: 51.28m | eta: 228.7m
step 00374/01992 (18.78%) | loss: 3.177901 | lrm: 1.00 | dt: 8407.89ms | tok/sec: 124,713 | bf16_mfu: 0.00 | epoch: 1 pq: 8 rg: 67 | total time: 51.42m | eta: 228.6m
step 00375/01992 (18.83%) | loss: 3.173655 | lrm: 1.00 | dt: 8418.27ms | tok/sec: 124,559 | bf16_mfu: 0.00 | epoch: 1 pq: 8 rg: 69 | total time: 51.56m | eta: 228.4m
step 00376/01992 (18.88%) | loss: 3.169474 | lrm: 1.00 | dt: 8400.46ms | tok/sec: 124,823 | bf16_mfu: 0.00 | epoch: 1 pq: 8 rg: 71 | total time: 51.70m | eta: 228.3m
step 00377/01992 (18.93%) | loss: 3.163981 | lrm: 1.00 | dt: 8406.71ms | tok/sec: 124,730 | bf16_mfu: 0.00 | epoch: 1 pq: 8 rg: 73 | total time: 51.84m | eta: 228.1m
step 00378/01992 (18.98%) | loss: 3.171723 | lrm: 1.00 | dt: 8406.57ms | tok/sec: 124,732 | bf16_mfu: 0.00 | epoch: 1 pq: 8 rg: 75 | total time: 51.98m | eta: 228.0m
step 00379/01992 (19.03%) | loss: 3.172808 | lrm: 1.00 | dt: 8394.80ms | tok/sec: 124,907 | bf16_mfu: 0.00 | epoch: 1 pq: 8 rg: 77 | total time: 52.12m | eta: 227.8m
step 00380/01992 (19.08%) | loss: 3.164938 | lrm: 1.00 | dt: 8397.13ms | tok/sec: 124,873 | bf16_mfu: 0.00 | epoch: 1 pq: 8 rg: 79 | total time: 52.26m | eta: 227.7m
step 00381/01992 (19.13%) | loss: 3.153530 | lrm: 1.00 | dt: 8400.70ms | tok/sec: 124,820 | bf16_mfu: 0.00 | epoch: 1 pq: 8 rg: 81 | total time: 52.40m | eta: 227.5m
step 00382/01992 (19.18%) | loss: 3.148459 | lrm: 1.00 | dt: 8390.05ms | tok/sec: 124,978 | bf16_mfu: 0.00 | epoch: 1 pq: 9 rg: 1 | total time: 52.54m | eta: 227.4m
step 00383/01992 (19.23%) | loss: 3.136114 | lrm: 1.00 | dt: 8395.29ms | tok/sec: 124,900 | bf16_mfu: 0.00 | epoch: 1 pq: 9 rg: 3 | total time: 52.68m | eta: 227.3m
step 00384/01992 (19.28%) | loss: 3.123009 | lrm: 1.00 | dt: 8397.44ms | tok/sec: 124,868 | bf16_mfu: 0.00 | epoch: 1 pq: 9 rg: 5 | total time: 52.82m | eta: 227.1m
step 00385/01992 (19.33%) | loss: 3.127811 | lrm: 1.00 | dt: 8403.65ms | tok/sec: 124,776 | bf16_mfu: 0.00 | epoch: 1 pq: 9 rg: 6 | total time: 52.96m | eta: 227.0m
step 00386/01992 (19.38%) | loss: 3.136230 | lrm: 1.00 | dt: 8396.17ms | tok/sec: 124,887 | bf16_mfu: 0.00 | epoch: 1 pq: 9 rg: 8 | total time: 53.10m | eta: 226.8m
step 00387/01992 (19.43%) | loss: 3.143419 | lrm: 1.00 | dt: 8386.77ms | tok/sec: 125,027 | bf16_mfu: 0.00 | epoch: 1 pq: 9 rg: 10 | total time: 53.24m | eta: 226.7m
step 00388/01992 (19.48%) | loss: 3.154911 | lrm: 1.00 | dt: 8402.30ms | tok/sec: 124,796 | bf16_mfu: 0.00 | epoch: 1 pq: 9 rg: 12 | total time: 53.38m | eta: 226.5m
step 00389/01992 (19.53%) | loss: 3.156773 | lrm: 1.00 | dt: 8398.62ms | tok/sec: 124,851 | bf16_mfu: 0.00 | epoch: 1 pq: 9 rg: 14 | total time: 53.52m | eta: 226.4m
step 00390/01992 (19.58%) | loss: 3.156681 | lrm: 1.00 | dt: 8404.53ms | tok/sec: 124,763 | bf16_mfu: 0.00 | epoch: 1 pq: 9 rg: 16 | total time: 53.66m | eta: 226.2m
step 00391/01992 (19.63%) | loss: 3.145136 | lrm: 1.00 | dt: 8396.50ms | tok/sec: 124,882 | bf16_mfu: 0.00 | epoch: 1 pq: 9 rg: 18 | total time: 53.80m | eta: 226.1m
step 00392/01992 (19.68%) | loss: 3.145782 | lrm: 1.00 | dt: 8391.93ms | tok/sec: 124,950 | bf16_mfu: 0.00 | epoch: 1 pq: 9 rg: 20 | total time: 53.94m | eta: 225.9m
step 00393/01992 (19.73%) | loss: 3.143599 | lrm: 1.00 | dt: 8386.44ms | tok/sec: 125,032 | bf16_mfu: 0.00 | epoch: 1 pq: 9 rg: 22 | total time: 54.08m | eta: 225.8m
step 00394/01992 (19.78%) | loss: 3.151321 | lrm: 1.00 | dt: 8382.33ms | tok/sec: 125,093 | bf16_mfu: 0.00 | epoch: 1 pq: 9 rg: 24 | total time: 54.22m | eta: 225.6m
step 00395/01992 (19.83%) | loss: 3.162979 | lrm: 1.00 | dt: 8374.78ms | tok/sec: 125,206 | bf16_mfu: 0.00 | epoch: 1 pq: 9 rg: 26 | total time: 54.36m | eta: 225.5m
step 00396/01992 (19.88%) | loss: 3.160376 | lrm: 1.00 | dt: 8395.91ms | tok/sec: 124,891 | bf16_mfu: 0.00 | epoch: 1 pq: 9 rg: 28 | total time: 54.50m | eta: 225.3m
step 00397/01992 (19.93%) | loss: 3.151515 | lrm: 1.00 | dt: 8383.93ms | tok/sec: 125,069 | bf16_mfu: 0.00 | epoch: 1 pq: 9 rg: 30 | total time: 54.64m | eta: 225.2m
step 00398/01992 (19.98%) | loss: 3.160875 | lrm: 1.00 | dt: 8388.14ms | tok/sec: 125,006 | bf16_mfu: 0.00 | epoch: 1 pq: 9 rg: 32 | total time: 54.78m | eta: 225.1m
step 00399/01992 (20.03%) | loss: 3.158873 | lrm: 1.00 | dt: 8394.36ms | tok/sec: 124,914 | bf16_mfu: 0.00 | epoch: 1 pq: 9 rg: 33 | total time: 54.92m | eta: 224.9m
step 00400/01992 (20.08%) | loss: 3.151006 | lrm: 1.00 | dt: 8395.83ms | tok/sec: 124,892 | bf16_mfu: 0.00 | epoch: 1 pq: 9 rg: 35 | total time: 55.06m | eta: 224.8m
step 00401/01992 (20.13%) | loss: 3.148081 | lrm: 1.00 | dt: 8399.39ms | tok/sec: 124,839 | bf16_mfu: 0.00 | epoch: 1 pq: 9 rg: 37 | total time: 55.20m | eta: 224.6m
step 00402/01992 (20.18%) | loss: 3.145380 | lrm: 1.00 | dt: 8368.52ms | tok/sec: 125,299 | bf16_mfu: 0.00 | epoch: 1 pq: 9 rg: 39 | total time: 55.34m | eta: 224.5m
step 00403/01992 (20.23%) | loss: 3.145251 | lrm: 1.00 | dt: 8363.50ms | tok/sec: 125,375 | bf16_mfu: 0.00 | epoch: 1 pq: 9 rg: 41 | total time: 55.48m | eta: 224.3m
step 00404/01992 (20.28%) | loss: 3.135879 | lrm: 1.00 | dt: 8380.77ms | tok/sec: 125,116 | bf16_mfu: 0.00 | epoch: 1 pq: 9 rg: 43 | total time: 55.62m | eta: 224.2m
step 00405/01992 (20.33%) | loss: 3.136434 | lrm: 1.00 | dt: 8393.72ms | tok/sec: 124,923 | bf16_mfu: 0.00 | epoch: 1 pq: 9 rg: 45 | total time: 55.76m | eta: 224.0m
step 00406/01992 (20.38%) | loss: 3.135871 | lrm: 1.00 | dt: 8390.38ms | tok/sec: 124,973 | bf16_mfu: 0.00 | epoch: 1 pq: 9 rg: 47 | total time: 55.90m | eta: 223.9m
step 00407/01992 (20.43%) | loss: 3.138270 | lrm: 1.00 | dt: 8400.49ms | tok/sec: 124,823 | bf16_mfu: 0.00 | epoch: 1 pq: 9 rg: 49 | total time: 56.04m | eta: 223.7m
step 00408/01992 (20.48%) | loss: 3.140889 | lrm: 1.00 | dt: 8389.09ms | tok/sec: 124,992 | bf16_mfu: 0.00 | epoch: 1 pq: 9 rg: 51 | total time: 56.18m | eta: 223.6m
step 00409/01992 (20.53%) | loss: 3.138291 | lrm: 1.00 | dt: 8392.41ms | tok/sec: 124,943 | bf16_mfu: 0.00 | epoch: 1 pq: 9 rg: 53 | total time: 56.32m | eta: 223.4m
step 00410/01992 (20.58%) | loss: 3.132269 | lrm: 1.00 | dt: 8364.66ms | tok/sec: 125,357 | bf16_mfu: 0.00 | epoch: 1 pq: 9 rg: 55 | total time: 56.46m | eta: 223.3m
step 00411/01992 (20.63%) | loss: 3.123031 | lrm: 1.00 | dt: 8389.03ms | tok/sec: 124,993 | bf16_mfu: 0.00 | epoch: 1 pq: 9 rg: 57 | total time: 56.60m | eta: 223.1m
step 00412/01992 (20.68%) | loss: 3.116666 | lrm: 1.00 | dt: 8364.02ms | tok/sec: 125,367 | bf16_mfu: 0.00 | epoch: 1 pq: 9 rg: 59 | total time: 56.74m | eta: 223.0m
step 00413/01992 (20.73%) | loss: 3.126158 | lrm: 1.00 | dt: 8365.18ms | tok/sec: 125,350 | bf16_mfu: 0.00 | epoch: 1 pq: 9 rg: 61 | total time: 56.88m | eta: 222.8m
step 00414/01992 (20.78%) | loss: 3.132420 | lrm: 1.00 | dt: 8360.04ms | tok/sec: 125,427 | bf16_mfu: 0.00 | epoch: 1 pq: 9 rg: 63 | total time: 57.02m | eta: 222.7m
step 00415/01992 (20.83%) | loss: 3.120424 | lrm: 1.00 | dt: 8352.55ms | tok/sec: 125,539 | bf16_mfu: 0.00 | epoch: 1 pq: 9 rg: 65 | total time: 57.15m | eta: 222.6m
step 00416/01992 (20.88%) | loss: 3.126620 | lrm: 1.00 | dt: 8354.25ms | tok/sec: 125,514 | bf16_mfu: 0.00 | epoch: 1 pq: 9 rg: 67 | total time: 57.29m | eta: 222.4m
step 00417/01992 (20.93%) | loss: 3.123339 | lrm: 1.00 | dt: 8350.77ms | tok/sec: 125,566 | bf16_mfu: 0.00 | epoch: 1 pq: 9 rg: 68 | total time: 57.43m | eta: 222.3m
step 00418/01992 (20.98%) | loss: 3.119444 | lrm: 1.00 | dt: 8355.63ms | tok/sec: 125,493 | bf16_mfu: 0.00 | epoch: 1 pq: 9 rg: 70 | total time: 57.57m | eta: 222.1m
step 00419/01992 (21.03%) | loss: 3.121055 | lrm: 1.00 | dt: 8358.49ms | tok/sec: 125,450 | bf16_mfu: 0.00 | epoch: 1 pq: 9 rg: 72 | total time: 57.71m | eta: 222.0m
step 00420/01992 (21.08%) | loss: 3.127635 | lrm: 1.00 | dt: 8354.70ms | tok/sec: 125,507 | bf16_mfu: 0.00 | epoch: 1 pq: 9 rg: 74 | total time: 57.85m | eta: 221.8m
step 00421/01992 (21.13%) | loss: 3.124293 | lrm: 1.00 | dt: 8382.21ms | tok/sec: 125,095 | bf16_mfu: 0.00 | epoch: 1 pq: 9 rg: 76 | total time: 57.99m | eta: 221.7m
step 00422/01992 (21.18%) | loss: 3.126045 | lrm: 1.00 | dt: 8378.78ms | tok/sec: 125,146 | bf16_mfu: 0.00 | epoch: 1 pq: 9 rg: 78 | total time: 58.13m | eta: 221.5m
step 00423/01992 (21.23%) | loss: 3.138142 | lrm: 1.00 | dt: 8370.25ms | tok/sec: 125,274 | bf16_mfu: 0.00 | epoch: 1 pq: 9 rg: 80 | total time: 58.27m | eta: 221.4m
step 00424/01992 (21.29%) | loss: 3.132822 | lrm: 1.00 | dt: 8357.13ms | tok/sec: 125,470 | bf16_mfu: 0.00 | epoch: 1 pq: 9 rg: 82 | total time: 58.41m | eta: 221.2m
step 00425/01992 (21.34%) | loss: 3.137636 | lrm: 1.00 | dt: 8368.41ms | tok/sec: 125,301 | bf16_mfu: 0.00 | epoch: 1 pq: 10 rg: 1 | total time: 58.55m | eta: 221.1m
step 00426/01992 (21.39%) | loss: 3.137873 | lrm: 1.00 | dt: 8398.85ms | tok/sec: 124,847 | bf16_mfu: 0.00 | epoch: 1 pq: 10 rg: 3 | total time: 58.69m | eta: 220.9m
step 00427/01992 (21.44%) | loss: 3.129562 | lrm: 1.00 | dt: 8393.12ms | tok/sec: 124,932 | bf16_mfu: 0.00 | epoch: 1 pq: 10 rg: 5 | total time: 58.83m | eta: 220.8m
step 00428/01992 (21.49%) | loss: 3.128307 | lrm: 1.00 | dt: 8378.53ms | tok/sec: 125,150 | bf16_mfu: 0.00 | epoch: 1 pq: 10 rg: 7 | total time: 58.97m | eta: 220.6m
step 00429/01992 (21.54%) | loss: 3.132265 | lrm: 1.00 | dt: 8377.49ms | tok/sec: 125,165 | bf16_mfu: 0.00 | epoch: 1 pq: 10 rg: 9 | total time: 59.11m | eta: 220.5m
step 00430/01992 (21.59%) | loss: 3.140274 | lrm: 1.00 | dt: 8401.91ms | tok/sec: 124,802 | bf16_mfu: 0.00 | epoch: 1 pq: 10 rg: 11 | total time: 59.25m | eta: 220.3m
step 00431/01992 (21.64%) | loss: 3.135211 | lrm: 1.00 | dt: 8370.90ms | tok/sec: 125,264 | bf16_mfu: 0.00 | epoch: 1 pq: 10 rg: 13 | total time: 59.39m | eta: 220.2m
step 00432/01992 (21.69%) | loss: 3.132903 | lrm: 1.00 | dt: 8389.30ms | tok/sec: 124,989 | bf16_mfu: 0.00 | epoch: 1 pq: 10 rg: 15 | total time: 59.53m | eta: 220.1m
step 00433/01992 (21.74%) | loss: 3.126017 | lrm: 1.00 | dt: 8376.29ms | tok/sec: 125,183 | bf16_mfu: 0.00 | epoch: 1 pq: 10 rg: 17 | total time: 59.67m | eta: 219.9m
step 00434/01992 (21.79%) | loss: 3.119765 | lrm: 1.00 | dt: 8353.63ms | tok/sec: 125,523 | bf16_mfu: 0.00 | epoch: 1 pq: 10 rg: 18 | total time: 59.81m | eta: 219.8m
step 00435/01992 (21.84%) | loss: 3.118897 | lrm: 1.00 | dt: 8345.16ms | tok/sec: 125,650 | bf16_mfu: 0.00 | epoch: 1 pq: 10 rg: 20 | total time: 59.95m | eta: 219.6m
step 00436/01992 (21.89%) | loss: 3.118303 | lrm: 1.00 | dt: 8340.32ms | tok/sec: 125,723 | bf16_mfu: 0.00 | epoch: 1 pq: 10 rg: 22 | total time: 60.08m | eta: 219.5m
step 00437/01992 (21.94%) | loss: 3.113714 | lrm: 1.00 | dt: 8339.75ms | tok/sec: 125,732 | bf16_mfu: 0.00 | epoch: 1 pq: 10 rg: 24 | total time: 60.22m | eta: 219.3m
step 00438/01992 (21.99%) | loss: 3.114984 | lrm: 1.00 | dt: 8347.67ms | tok/sec: 125,613 | bf16_mfu: 0.00 | epoch: 1 pq: 10 rg: 26 | total time: 60.36m | eta: 219.2m
step 00439/01992 (22.04%) | loss: 3.111546 | lrm: 1.00 | dt: 8348.44ms | tok/sec: 125,601 | bf16_mfu: 0.00 | epoch: 1 pq: 10 rg: 28 | total time: 60.50m | eta: 219.0m
step 00440/01992 (22.09%) | loss: 3.121629 | lrm: 1.00 | dt: 8345.98ms | tok/sec: 125,638 | bf16_mfu: 0.00 | epoch: 1 pq: 10 rg: 30 | total time: 60.64m | eta: 218.9m
step 00441/01992 (22.14%) | loss: 3.118461 | lrm: 1.00 | dt: 8352.01ms | tok/sec: 125,547 | bf16_mfu: 0.00 | epoch: 1 pq: 10 rg: 32 | total time: 60.78m | eta: 218.7m
step 00442/01992 (22.19%) | loss: 3.106762 | lrm: 1.00 | dt: 8355.09ms | tok/sec: 125,501 | bf16_mfu: 0.00 | epoch: 1 pq: 10 rg: 34 | total time: 60.92m | eta: 218.6m
step 00443/01992 (22.24%) | loss: 3.112100 | lrm: 1.00 | dt: 8355.71ms | tok/sec: 125,492 | bf16_mfu: 0.00 | epoch: 1 pq: 10 rg: 36 | total time: 61.06m | eta: 218.4m
step 00444/01992 (22.29%) | loss: 3.108347 | lrm: 1.00 | dt: 8352.00ms | tok/sec: 125,547 | bf16_mfu: 0.00 | epoch: 1 pq: 10 rg: 38 | total time: 61.20m | eta: 218.3m
step 00445/01992 (22.34%) | loss: 3.117416 | lrm: 1.00 | dt: 8355.10ms | tok/sec: 125,501 | bf16_mfu: 0.00 | epoch: 1 pq: 10 rg: 40 | total time: 61.34m | eta: 218.1m
step 00446/01992 (22.39%) | loss: 3.112416 | lrm: 1.00 | dt: 8351.51ms | tok/sec: 125,555 | bf16_mfu: 0.00 | epoch: 1 pq: 10 rg: 42 | total time: 61.48m | eta: 218.0m
step 00447/01992 (22.44%) | loss: 3.111303 | lrm: 1.00 | dt: 8352.86ms | tok/sec: 125,534 | bf16_mfu: 0.00 | epoch: 1 pq: 10 rg: 44 | total time: 61.62m | eta: 217.8m
step 00448/01992 (22.49%) | loss: 3.112987 | lrm: 1.00 | dt: 8356.17ms | tok/sec: 125,485 | bf16_mfu: 0.00 | epoch: 1 pq: 10 rg: 46 | total time: 61.75m | eta: 217.7m
step 00449/01992 (22.54%) | loss: 3.119978 | lrm: 1.00 | dt: 8357.35ms | tok/sec: 125,467 | bf16_mfu: 0.00 | epoch: 1 pq: 10 rg: 47 | total time: 61.89m | eta: 217.5m
step 00450/01992 (22.59%) | loss: 3.121838 | lrm: 1.00 | dt: 8352.37ms | tok/sec: 125,542 | bf16_mfu: 0.00 | epoch: 1 pq: 10 rg: 49 | total time: 62.03m | eta: 217.4m
step 00451/01992 (22.64%) | loss: 3.123997 | lrm: 1.00 | dt: 8352.38ms | tok/sec: 125,542 | bf16_mfu: 0.00 | epoch: 1 pq: 10 rg: 51 | total time: 62.17m | eta: 217.3m
step 00452/01992 (22.69%) | loss: 3.124077 | lrm: 1.00 | dt: 8342.87ms | tok/sec: 125,685 | bf16_mfu: 0.00 | epoch: 1 pq: 10 rg: 53 | total time: 62.31m | eta: 217.1m
step 00453/01992 (22.74%) | loss: 3.129259 | lrm: 1.00 | dt: 8347.55ms | tok/sec: 125,614 | bf16_mfu: 0.00 | epoch: 1 pq: 10 rg: 55 | total time: 62.45m | eta: 217.0m
step 00454/01992 (22.79%) | loss: 3.131054 | lrm: 1.00 | dt: 8346.74ms | tok/sec: 125,627 | bf16_mfu: 0.00 | epoch: 1 pq: 10 rg: 57 | total time: 62.59m | eta: 216.8m
step 00455/01992 (22.84%) | loss: 3.124044 | lrm: 1.00 | dt: 8359.25ms | tok/sec: 125,439 | bf16_mfu: 0.00 | epoch: 1 pq: 10 rg: 59 | total time: 62.73m | eta: 216.7m
step 00456/01992 (22.89%) | loss: 3.128259 | lrm: 1.00 | dt: 8356.17ms | tok/sec: 125,485 | bf16_mfu: 0.00 | epoch: 1 pq: 10 rg: 61 | total time: 62.87m | eta: 216.5m
step 00457/01992 (22.94%) | loss: 3.117837 | lrm: 1.00 | dt: 8361.70ms | tok/sec: 125,402 | bf16_mfu: 0.00 | epoch: 1 pq: 10 rg: 63 | total time: 63.01m | eta: 216.4m
step 00458/01992 (22.99%) | loss: 3.113011 | lrm: 1.00 | dt: 8374.24ms | tok/sec: 125,214 | bf16_mfu: 0.00 | epoch: 1 pq: 10 rg: 65 | total time: 63.15m | eta: 216.2m
step 00459/01992 (23.04%) | loss: 3.108009 | lrm: 1.00 | dt: 8378.17ms | tok/sec: 125,155 | bf16_mfu: 0.00 | epoch: 1 pq: 10 rg: 67 | total time: 63.29m | eta: 216.1m
step 00460/01992 (23.09%) | loss: 3.116968 | lrm: 1.00 | dt: 8387.86ms | tok/sec: 125,011 | bf16_mfu: 0.00 | epoch: 1 pq: 10 rg: 69 | total time: 63.43m | eta: 215.9m
step 00461/01992 (23.14%) | loss: 3.121427 | lrm: 1.00 | dt: 8381.55ms | tok/sec: 125,105 | bf16_mfu: 0.00 | epoch: 1 pq: 10 rg: 71 | total time: 63.57m | eta: 215.8m
step 00462/01992 (23.19%) | loss: 3.117589 | lrm: 1.00 | dt: 8369.21ms | tok/sec: 125,289 | bf16_mfu: 0.00 | epoch: 1 pq: 10 rg: 73 | total time: 63.71m | eta: 215.6m
step 00463/01992 (23.24%) | loss: 3.114050 | lrm: 1.00 | dt: 8381.65ms | tok/sec: 125,103 | bf16_mfu: 0.00 | epoch: 1 pq: 10 rg: 75 | total time: 63.85m | eta: 215.5m
step 00464/01992 (23.29%) | loss: 3.118428 | lrm: 1.00 | dt: 8378.52ms | tok/sec: 125,150 | bf16_mfu: 0.00 | epoch: 1 pq: 10 rg: 76 | total time: 63.98m | eta: 215.4m
step 00465/01992 (23.34%) | loss: 3.111741 | lrm: 1.00 | dt: 8402.22ms | tok/sec: 124,797 | bf16_mfu: 0.00 | epoch: 1 pq: 10 rg: 78 | total time: 64.12m | eta: 215.2m
step 00466/01992 (23.39%) | loss: 3.102698 | lrm: 1.00 | dt: 8506.61ms | tok/sec: 123,266 | bf16_mfu: 0.00 | epoch: 1 pq: 10 rg: 80 | total time: 64.27m | eta: 215.1m
step 00467/01992 (23.44%) | loss: 3.103643 | lrm: 1.00 | dt: 8527.96ms | tok/sec: 122,957 | bf16_mfu: 0.00 | epoch: 1 pq: 10 rg: 82 | total time: 64.41m | eta: 214.9m
step 00468/01992 (23.49%) | loss: 3.102166 | lrm: 1.00 | dt: 8480.43ms | tok/sec: 123,646 | bf16_mfu: 0.00 | epoch: 1 pq: 11 rg: 1 | total time: 64.55m | eta: 214.8m
step 00469/01992 (23.54%) | loss: 3.101347 | lrm: 1.00 | dt: 8404.06ms | tok/sec: 124,770 | bf16_mfu: 0.00 | epoch: 1 pq: 11 rg: 3 | total time: 64.69m | eta: 214.6m
step 00470/01992 (23.59%) | loss: 3.100125 | lrm: 1.00 | dt: 8391.99ms | tok/sec: 124,949 | bf16_mfu: 0.00 | epoch: 1 pq: 11 rg: 5 | total time: 64.83m | eta: 214.5m
step 00471/01992 (23.64%) | loss: 3.105609 | lrm: 1.00 | dt: 8391.63ms | tok/sec: 124,954 | bf16_mfu: 0.00 | epoch: 1 pq: 11 rg: 7 | total time: 64.97m | eta: 214.4m
step 00472/01992 (23.69%) | loss: 3.104371 | lrm: 1.00 | dt: 8388.07ms | tok/sec: 125,008 | bf16_mfu: 0.00 | epoch: 1 pq: 11 rg: 9 | total time: 65.11m | eta: 214.2m
step 00473/01992 (23.74%) | loss: 3.112484 | lrm: 1.00 | dt: 8397.19ms | tok/sec: 124,872 | bf16_mfu: 0.00 | epoch: 1 pq: 11 rg: 11 | total time: 65.25m | eta: 214.1m
step 00474/01992 (23.80%) | loss: 3.113477 | lrm: 1.00 | dt: 8395.72ms | tok/sec: 124,894 | bf16_mfu: 0.00 | epoch: 1 pq: 11 rg: 13 | total time: 65.39m | eta: 213.9m
step 00475/01992 (23.85%) | loss: 3.102340 | lrm: 1.00 | dt: 8431.26ms | tok/sec: 124,367 | bf16_mfu: 0.00 | epoch: 1 pq: 11 rg: 15 | total time: 65.53m | eta: 213.8m
step 00476/01992 (23.90%) | loss: 3.094966 | lrm: 1.00 | dt: 8392.78ms | tok/sec: 124,937 | bf16_mfu: 0.00 | epoch: 1 pq: 11 rg: 17 | total time: 65.67m | eta: 213.6m
step 00477/01992 (23.95%) | loss: 3.102314 | lrm: 1.00 | dt: 8395.62ms | tok/sec: 124,895 | bf16_mfu: 0.00 | epoch: 1 pq: 11 rg: 19 | total time: 65.81m | eta: 213.5m
step 00478/01992 (24.00%) | loss: 3.107126 | lrm: 1.00 | dt: 8397.38ms | tok/sec: 124,869 | bf16_mfu: 0.00 | epoch: 1 pq: 11 rg: 20 | total time: 65.95m | eta: 213.4m
step 00479/01992 (24.05%) | loss: 3.110719 | lrm: 1.00 | dt: 8392.60ms | tok/sec: 124,940 | bf16_mfu: 0.00 | epoch: 1 pq: 11 rg: 22 | total time: 66.09m | eta: 213.2m
step 00480/01992 (24.10%) | loss: 3.112176 | lrm: 1.00 | dt: 8404.71ms | tok/sec: 124,760 | bf16_mfu: 0.00 | epoch: 1 pq: 11 rg: 24 | total time: 66.23m | eta: 213.1m
step 00481/01992 (24.15%) | loss: 3.095099 | lrm: 1.00 | dt: 8399.50ms | tok/sec: 124,837 | bf16_mfu: 0.00 | epoch: 1 pq: 11 rg: 26 | total time: 66.37m | eta: 212.9m
step 00482/01992 (24.20%) | loss: 3.088667 | lrm: 1.00 | dt: 8439.12ms | tok/sec: 124,251 | bf16_mfu: 0.00 | epoch: 1 pq: 11 rg: 28 | total time: 66.51m | eta: 212.8m
step 00483/01992 (24.25%) | loss: 3.088249 | lrm: 1.00 | dt: 8634.16ms | tok/sec: 121,445 | bf16_mfu: 0.00 | epoch: 1 pq: 11 rg: 30 | total time: 66.65m | eta: 212.6m
step 00484/01992 (24.30%) | loss: 3.086899 | lrm: 1.00 | dt: 8694.82ms | tok/sec: 120,597 | bf16_mfu: 0.00 | epoch: 1 pq: 11 rg: 32 | total time: 66.80m | eta: 212.5m
step 00485/01992 (24.35%) | loss: 3.095965 | lrm: 1.00 | dt: 8494.32ms | tok/sec: 123,444 | bf16_mfu: 0.00 | epoch: 1 pq: 11 rg: 34 | total time: 66.94m | eta: 212.4m
step 00486/01992 (24.40%) | loss: 3.090854 | lrm: 1.00 | dt: 8367.04ms | tok/sec: 125,322 | bf16_mfu: 0.00 | epoch: 1 pq: 11 rg: 36 | total time: 67.08m | eta: 212.2m
step 00487/01992 (24.45%) | loss: 3.096349 | lrm: 1.00 | dt: 8354.83ms | tok/sec: 125,505 | bf16_mfu: 0.00 | epoch: 1 pq: 11 rg: 38 | total time: 67.22m | eta: 212.1m
step 00488/01992 (24.50%) | loss: 3.083416 | lrm: 1.00 | dt: 8357.77ms | tok/sec: 125,461 | bf16_mfu: 0.00 | epoch: 1 pq: 11 rg: 40 | total time: 67.36m | eta: 211.9m
step 00489/01992 (24.55%) | loss: 3.075085 | lrm: 1.00 | dt: 8359.39ms | tok/sec: 125,436 | bf16_mfu: 0.00 | epoch: 1 pq: 11 rg: 42 | total time: 67.50m | eta: 211.8m
step 00490/01992 (24.60%) | loss: 3.070109 | lrm: 1.00 | dt: 8365.83ms | tok/sec: 125,340 | bf16_mfu: 0.00 | epoch: 1 pq: 11 rg: 44 | total time: 67.64m | eta: 211.6m
step 00491/01992 (24.65%) | loss: 3.067779 | lrm: 1.00 | dt: 8366.63ms | tok/sec: 125,328 | bf16_mfu: 0.00 | epoch: 1 pq: 11 rg: 46 | total time: 67.78m | eta: 211.5m
step 00492/01992 (24.70%) | loss: 3.059787 | lrm: 1.00 | dt: 8362.09ms | tok/sec: 125,396 | bf16_mfu: 0.00 | epoch: 1 pq: 11 rg: 48 | total time: 67.92m | eta: 211.4m
step 00493/01992 (24.75%) | loss: 3.040828 | lrm: 1.00 | dt: 8354.89ms | tok/sec: 125,504 | bf16_mfu: 0.00 | epoch: 1 pq: 11 rg: 50 | total time: 68.06m | eta: 211.2m
step 00494/01992 (24.80%) | loss: 3.029468 | lrm: 1.00 | dt: 8401.03ms | tok/sec: 124,815 | bf16_mfu: 0.00 | epoch: 1 pq: 11 rg: 52 | total time: 68.20m | eta: 211.1m
step 00495/01992 (24.85%) | loss: 3.039601 | lrm: 1.00 | dt: 8400.52ms | tok/sec: 124,822 | bf16_mfu: 0.00 | epoch: 1 pq: 11 rg: 54 | total time: 68.34m | eta: 210.9m
step 00496/01992 (24.90%) | loss: 3.046632 | lrm: 1.00 | dt: 8413.55ms | tok/sec: 124,629 | bf16_mfu: 0.00 | epoch: 1 pq: 11 rg: 55 | total time: 68.48m | eta: 210.8m
step 00497/01992 (24.95%) | loss: 3.046079 | lrm: 1.00 | dt: 8399.39ms | tok/sec: 124,839 | bf16_mfu: 0.00 | epoch: 1 pq: 11 rg: 57 | total time: 68.62m | eta: 210.6m
step 00498/01992 (25.00%) | loss: 3.042003 | lrm: 1.00 | dt: 8400.47ms | tok/sec: 124,823 | bf16_mfu: 0.00 | epoch: 1 pq: 11 rg: 59 | total time: 68.76m | eta: 210.5m
step 00499/01992 (25.05%) | loss: 3.035537 | lrm: 1.00 | dt: 8410.19ms | tok/sec: 124,679 | bf16_mfu: 0.00 | epoch: 1 pq: 11 rg: 61 | total time: 68.90m | eta: 210.4m
Step 00500 | Validation bpb: 0.931605
step 00500/01992 (25.10%) | loss: 3.030476 | lrm: 1.00 | dt: 8367.25ms | tok/sec: 125,319 | bf16_mfu: 0.00 | epoch: 1 pq: 11 rg: 63 | total time: 69.04m | eta: 210.2m
step 00501/01992 (25.15%) | loss: 3.038093 | lrm: 1.00 | dt: 8371.64ms | tok/sec: 125,253 | bf16_mfu: 0.00 | epoch: 1 pq: 11 rg: 65 | total time: 69.18m | eta: 210.1m
step 00502/01992 (25.20%) | loss: 3.034573 | lrm: 1.00 | dt: 8363.38ms | tok/sec: 125,377 | bf16_mfu: 0.00 | epoch: 1 pq: 11 rg: 67 | total time: 69.31m | eta: 209.9m
step 00503/01992 (25.25%) | loss: 3.025002 | lrm: 1.00 | dt: 8356.98ms | tok/sec: 125,473 | bf16_mfu: 0.00 | epoch: 1 pq: 11 rg: 69 | total time: 69.45m | eta: 209.8m
step 00504/01992 (25.30%) | loss: 3.032724 | lrm: 1.00 | dt: 8337.13ms | tok/sec: 125,771 | bf16_mfu: 0.00 | epoch: 1 pq: 11 rg: 71 | total time: 69.59m | eta: 209.6m
step 00505/01992 (25.35%) | loss: 3.030131 | lrm: 1.00 | dt: 8369.74ms | tok/sec: 125,281 | bf16_mfu: 0.00 | epoch: 1 pq: 11 rg: 73 | total time: 69.73m | eta: 209.5m
step 00506/01992 (25.40%) | loss: 3.026264 | lrm: 1.00 | dt: 8337.54ms | tok/sec: 125,765 | bf16_mfu: 0.00 | epoch: 1 pq: 11 rg: 75 | total time: 69.87m | eta: 209.3m
step 00507/01992 (25.45%) | loss: 3.024320 | lrm: 1.00 | dt: 8352.11ms | tok/sec: 125,546 | bf16_mfu: 0.00 | epoch: 1 pq: 11 rg: 77 | total time: 70.01m | eta: 209.2m
step 00508/01992 (25.50%) | loss: 3.023598 | lrm: 1.00 | dt: 8353.74ms | tok/sec: 125,521 | bf16_mfu: 0.00 | epoch: 1 pq: 11 rg: 79 | total time: 70.15m | eta: 209.0m
step 00509/01992 (25.55%) | loss: 3.024724 | lrm: 1.00 | dt: 8336.06ms | tok/sec: 125,787 | bf16_mfu: 0.00 | epoch: 1 pq: 11 rg: 81 | total time: 70.29m | eta: 208.9m
step 00510/01992 (25.60%) | loss: 3.023932 | lrm: 1.00 | dt: 8543.59ms | tok/sec: 122,732 | bf16_mfu: 0.00 | epoch: 1 pq: 12 rg: 1 | total time: 70.43m | eta: 208.8m
step 00511/01992 (25.65%) | loss: 3.021253 | lrm: 1.00 | dt: 8634.52ms | tok/sec: 121,440 | bf16_mfu: 0.00 | epoch: 1 pq: 12 rg: 3 | total time: 70.57m | eta: 208.6m
step 00512/01992 (25.70%) | loss: 3.029270 | lrm: 1.00 | dt: 8332.39ms | tok/sec: 125,843 | bf16_mfu: 0.00 | epoch: 1 pq: 12 rg: 5 | total time: 70.71m | eta: 208.5m
step 00513/01992 (25.75%) | loss: 3.021419 | lrm: 1.00 | dt: 8333.48ms | tok/sec: 125,826 | bf16_mfu: 0.00 | epoch: 1 pq: 12 rg: 7 | total time: 70.85m | eta: 208.3m
step 00514/01992 (25.80%) | loss: 3.019069 | lrm: 1.00 | dt: 8339.45ms | tok/sec: 125,736 | bf16_mfu: 0.00 | epoch: 1 pq: 12 rg: 8 | total time: 70.99m | eta: 208.2m
step 00515/01992 (25.85%) | loss: 3.026996 | lrm: 1.00 | dt: 8333.89ms | tok/sec: 125,820 | bf16_mfu: 0.00 | epoch: 1 pq: 12 rg: 10 | total time: 71.13m | eta: 208.0m
step 00516/01992 (25.90%) | loss: 3.023726 | lrm: 1.00 | dt: 8332.48ms | tok/sec: 125,842 | bf16_mfu: 0.00 | epoch: 1 pq: 12 rg: 12 | total time: 71.27m | eta: 207.9m
step 00517/01992 (25.95%) | loss: 3.019567 | lrm: 1.00 | dt: 8329.06ms | tok/sec: 125,893 | bf16_mfu: 0.00 | epoch: 1 pq: 12 rg: 14 | total time: 71.41m | eta: 207.7m
step 00518/01992 (26.00%) | loss: 3.025214 | lrm: 1.00 | dt: 8330.15ms | tok/sec: 125,877 | bf16_mfu: 0.00 | epoch: 1 pq: 12 rg: 16 | total time: 71.55m | eta: 207.6m
step 00519/01992 (26.05%) | loss: 3.023903 | lrm: 1.00 | dt: 8404.02ms | tok/sec: 124,770 | bf16_mfu: 0.00 | epoch: 1 pq: 12 rg: 18 | total time: 71.69m | eta: 207.5m
step 00520/01992 (26.10%) | loss: 3.027745 | lrm: 1.00 | dt: 8329.83ms | tok/sec: 125,882 | bf16_mfu: 0.00 | epoch: 1 pq: 12 rg: 20 | total time: 71.83m | eta: 207.3m
step 00521/01992 (26.15%) | loss: 3.020687 | lrm: 1.00 | dt: 8344.05ms | tok/sec: 125,667 | bf16_mfu: 0.00 | epoch: 1 pq: 12 rg: 22 | total time: 71.97m | eta: 207.2m
step 00522/01992 (26.20%) | loss: 3.021271 | lrm: 1.00 | dt: 8335.37ms | tok/sec: 125,798 | bf16_mfu: 0.00 | epoch: 1 pq: 12 rg: 24 | total time: 72.10m | eta: 207.0m
step 00523/01992 (26.26%) | loss: 3.017358 | lrm: 1.00 | dt: 8339.22ms | tok/sec: 125,740 | bf16_mfu: 0.00 | epoch: 1 pq: 12 rg: 26 | total time: 72.24m | eta: 206.9m
step 00524/01992 (26.31%) | loss: 3.020355 | lrm: 1.00 | dt: 8323.37ms | tok/sec: 125,979 | bf16_mfu: 0.00 | epoch: 1 pq: 12 rg: 28 | total time: 72.38m | eta: 206.7m
step 00525/01992 (26.36%) | loss: 3.011626 | lrm: 1.00 | dt: 8322.68ms | tok/sec: 125,990 | bf16_mfu: 0.00 | epoch: 1 pq: 12 rg: 30 | total time: 72.52m | eta: 206.6m
step 00526/01992 (26.41%) | loss: 3.009704 | lrm: 1.00 | dt: 8341.41ms | tok/sec: 125,707 | bf16_mfu: 0.00 | epoch: 1 pq: 12 rg: 32 | total time: 72.66m | eta: 206.4m
step 00527/01992 (26.46%) | loss: 3.024207 | lrm: 1.00 | dt: 8404.32ms | tok/sec: 124,766 | bf16_mfu: 0.00 | epoch: 1 pq: 12 rg: 34 | total time: 72.80m | eta: 206.3m
step 00528/01992 (26.51%) | loss: 3.025134 | lrm: 1.00 | dt: 8345.44ms | tok/sec: 125,646 | bf16_mfu: 0.00 | epoch: 1 pq: 12 rg: 35 | total time: 72.94m | eta: 206.1m
step 00529/01992 (26.56%) | loss: 3.022466 | lrm: 1.00 | dt: 8420.62ms | tok/sec: 124,524 | bf16_mfu: 0.00 | epoch: 1 pq: 12 rg: 37 | total time: 73.08m | eta: 206.0m
step 00530/01992 (26.61%) | loss: 3.010485 | lrm: 1.00 | dt: 8348.33ms | tok/sec: 125,603 | bf16_mfu: 0.00 | epoch: 1 pq: 12 rg: 39 | total time: 73.22m | eta: 205.9m
step 00531/01992 (26.66%) | loss: 3.018472 | lrm: 1.00 | dt: 8386.85ms | tok/sec: 125,026 | bf16_mfu: 0.00 | epoch: 1 pq: 12 rg: 41 | total time: 73.36m | eta: 205.7m
step 00532/01992 (26.71%) | loss: 3.024716 | lrm: 1.00 | dt: 8356.05ms | tok/sec: 125,486 | bf16_mfu: 0.00 | epoch: 1 pq: 12 rg: 43 | total time: 73.50m | eta: 205.6m
step 00533/01992 (26.76%) | loss: 3.017578 | lrm: 1.00 | dt: 8362.58ms | tok/sec: 125,389 | bf16_mfu: 0.00 | epoch: 1 pq: 12 rg: 45 | total time: 73.64m | eta: 205.4m
step 00534/01992 (26.81%) | loss: 3.024222 | lrm: 1.00 | dt: 8382.53ms | tok/sec: 125,090 | bf16_mfu: 0.00 | epoch: 1 pq: 12 rg: 47 | total time: 73.78m | eta: 205.3m
step 00535/01992 (26.86%) | loss: 3.026744 | lrm: 1.00 | dt: 8363.20ms | tok/sec: 125,379 | bf16_mfu: 0.00 | epoch: 1 pq: 12 rg: 49 | total time: 73.92m | eta: 205.1m
step 00536/01992 (26.91%) | loss: 3.017686 | lrm: 1.00 | dt: 8376.76ms | tok/sec: 125,176 | bf16_mfu: 0.00 | epoch: 1 pq: 12 rg: 51 | total time: 74.06m | eta: 205.0m
step 00537/01992 (26.96%) | loss: 3.028213 | lrm: 1.00 | dt: 8337.03ms | tok/sec: 125,773 | bf16_mfu: 0.00 | epoch: 1 pq: 12 rg: 53 | total time: 74.19m | eta: 204.8m
step 00538/01992 (27.01%) | loss: 3.037746 | lrm: 1.00 | dt: 8327.10ms | tok/sec: 125,923 | bf16_mfu: 0.00 | epoch: 1 pq: 12 rg: 55 | total time: 74.33m | eta: 204.7m
step 00539/01992 (27.06%) | loss: 3.031127 | lrm: 1.00 | dt: 8374.86ms | tok/sec: 125,205 | bf16_mfu: 0.00 | epoch: 1 pq: 12 rg: 57 | total time: 74.47m | eta: 204.6m
step 00540/01992 (27.11%) | loss: 3.025290 | lrm: 1.00 | dt: 8396.36ms | tok/sec: 124,884 | bf16_mfu: 0.00 | epoch: 1 pq: 12 rg: 59 | total time: 74.61m | eta: 204.4m
step 00541/01992 (27.16%) | loss: 3.027715 | lrm: 1.00 | dt: 8343.94ms | tok/sec: 125,669 | bf16_mfu: 0.00 | epoch: 1 pq: 12 rg: 61 | total time: 74.75m | eta: 204.3m
step 00542/01992 (27.21%) | loss: 3.028528 | lrm: 1.00 | dt: 8350.19ms | tok/sec: 125,575 | bf16_mfu: 0.00 | epoch: 1 pq: 12 rg: 63 | total time: 74.89m | eta: 204.1m
step 00543/01992 (27.26%) | loss: 3.037675 | lrm: 1.00 | dt: 8340.45ms | tok/sec: 125,721 | bf16_mfu: 0.00 | epoch: 1 pq: 12 rg: 65 | total time: 75.03m | eta: 204.0m
step 00544/01992 (27.31%) | loss: 3.043431 | lrm: 1.00 | dt: 8357.06ms | tok/sec: 125,471 | bf16_mfu: 0.00 | epoch: 1 pq: 12 rg: 67 | total time: 75.17m | eta: 203.8m
step 00545/01992 (27.36%) | loss: 3.053003 | lrm: 1.00 | dt: 8347.25ms | tok/sec: 125,619 | bf16_mfu: 0.00 | epoch: 1 pq: 12 rg: 68 | total time: 75.31m | eta: 203.7m
step 00546/01992 (27.41%) | loss: 3.054974 | lrm: 1.00 | dt: 8343.97ms | tok/sec: 125,668 | bf16_mfu: 0.00 | epoch: 1 pq: 12 rg: 70 | total time: 75.45m | eta: 203.5m
step 00547/01992 (27.46%) | loss: 3.057268 | lrm: 1.00 | dt: 8357.05ms | tok/sec: 125,472 | bf16_mfu: 0.00 | epoch: 1 pq: 12 rg: 72 | total time: 75.59m | eta: 203.4m
step 00548/01992 (27.51%) | loss: 3.054682 | lrm: 1.00 | dt: 8375.43ms | tok/sec: 125,196 | bf16_mfu: 0.00 | epoch: 1 pq: 12 rg: 74 | total time: 75.73m | eta: 203.2m
step 00549/01992 (27.56%) | loss: 3.058160 | lrm: 1.00 | dt: 8353.62ms | tok/sec: 125,523 | bf16_mfu: 0.00 | epoch: 1 pq: 12 rg: 76 | total time: 75.87m | eta: 203.1m
step 00550/01992 (27.61%) | loss: 3.054312 | lrm: 1.00 | dt: 8348.43ms | tok/sec: 125,601 | bf16_mfu: 0.00 | epoch: 1 pq: 12 rg: 78 | total time: 76.00m | eta: 203.0m
step 00551/01992 (27.66%) | loss: 3.046001 | lrm: 1.00 | dt: 8324.28ms | tok/sec: 125,965 | bf16_mfu: 0.00 | epoch: 1 pq: 12 rg: 80 | total time: 76.14m | eta: 202.8m
step 00552/01992 (27.71%) | loss: 3.047115 | lrm: 1.00 | dt: 8345.36ms | tok/sec: 125,647 | bf16_mfu: 0.00 | epoch: 1 pq: 13 rg: 0 | total time: 76.28m | eta: 202.7m
step 00553/01992 (27.76%) | loss: 3.044459 | lrm: 1.00 | dt: 8359.17ms | tok/sec: 125,440 | bf16_mfu: 0.00 | epoch: 1 pq: 13 rg: 2 | total time: 76.42m | eta: 202.5m
step 00554/01992 (27.81%) | loss: 3.060554 | lrm: 1.00 | dt: 8355.33ms | tok/sec: 125,497 | bf16_mfu: 0.00 | epoch: 1 pq: 13 rg: 4 | total time: 76.56m | eta: 202.4m
step 00555/01992 (27.86%) | loss: 3.053324 | lrm: 1.00 | dt: 8356.29ms | tok/sec: 125,483 | bf16_mfu: 0.00 | epoch: 1 pq: 13 rg: 6 | total time: 76.70m | eta: 202.2m
step 00556/01992 (27.91%) | loss: 3.054709 | lrm: 1.00 | dt: 8360.70ms | tok/sec: 125,417 | bf16_mfu: 0.00 | epoch: 1 pq: 13 rg: 8 | total time: 76.84m | eta: 202.1m
step 00557/01992 (27.96%) | loss: 3.048712 | lrm: 1.00 | dt: 8358.86ms | tok/sec: 125,444 | bf16_mfu: 0.00 | epoch: 1 pq: 13 rg: 10 | total time: 76.98m | eta: 201.9m
step 00558/01992 (28.01%) | loss: 3.050276 | lrm: 1.00 | dt: 8356.95ms | tok/sec: 125,473 | bf16_mfu: 0.00 | epoch: 1 pq: 13 rg: 12 | total time: 77.12m | eta: 201.8m
step 00559/01992 (28.06%) | loss: 3.047778 | lrm: 1.00 | dt: 8375.80ms | tok/sec: 125,191 | bf16_mfu: 0.00 | epoch: 1 pq: 13 rg: 14 | total time: 77.26m | eta: 201.7m
step 00560/01992 (28.11%) | loss: 3.044885 | lrm: 1.00 | dt: 8367.34ms | tok/sec: 125,317 | bf16_mfu: 0.00 | epoch: 1 pq: 13 rg: 16 | total time: 77.40m | eta: 201.5m
step 00561/01992 (28.16%) | loss: 3.049173 | lrm: 1.00 | dt: 8374.48ms | tok/sec: 125,210 | bf16_mfu: 0.00 | epoch: 1 pq: 13 rg: 18 | total time: 77.54m | eta: 201.4m
step 00562/01992 (28.21%) | loss: 3.054715 | lrm: 1.00 | dt: 8344.41ms | tok/sec: 125,662 | bf16_mfu: 0.00 | epoch: 1 pq: 13 rg: 19 | total time: 77.68m | eta: 201.2m
step 00563/01992 (28.26%) | loss: 3.052302 | lrm: 1.00 | dt: 8347.26ms | tok/sec: 125,619 | bf16_mfu: 0.00 | epoch: 1 pq: 13 rg: 21 | total time: 77.81m | eta: 201.1m
step 00564/01992 (28.31%) | loss: 3.053075 | lrm: 1.00 | dt: 8354.44ms | tok/sec: 125,511 | bf16_mfu: 0.00 | epoch: 1 pq: 13 rg: 23 | total time: 77.95m | eta: 200.9m
step 00565/01992 (28.36%) | loss: 3.052363 | lrm: 1.00 | dt: 8358.38ms | tok/sec: 125,452 | bf16_mfu: 0.00 | epoch: 1 pq: 13 rg: 25 | total time: 78.09m | eta: 200.8m
step 00566/01992 (28.41%) | loss: 3.044920 | lrm: 1.00 | dt: 8367.44ms | tok/sec: 125,316 | bf16_mfu: 0.00 | epoch: 1 pq: 13 rg: 27 | total time: 78.23m | eta: 200.6m
step 00567/01992 (28.46%) | loss: 3.047897 | lrm: 1.00 | dt: 8347.06ms | tok/sec: 125,622 | bf16_mfu: 0.00 | epoch: 1 pq: 13 rg: 29 | total time: 78.37m | eta: 200.5m
step 00568/01992 (28.51%) | loss: 3.046726 | lrm: 1.00 | dt: 8505.99ms | tok/sec: 123,274 | bf16_mfu: 0.00 | epoch: 1 pq: 13 rg: 31 | total time: 78.51m | eta: 200.4m
step 00569/01992 (28.56%) | loss: 3.036461 | lrm: 1.00 | dt: 8613.18ms | tok/sec: 121,740 | bf16_mfu: 0.00 | epoch: 1 pq: 13 rg: 33 | total time: 78.66m | eta: 200.2m
step 00570/01992 (28.61%) | loss: 3.033074 | lrm: 1.00 | dt: 8436.40ms | tok/sec: 124,291 | bf16_mfu: 0.00 | epoch: 1 pq: 13 rg: 35 | total time: 78.80m | eta: 200.1m
step 00571/01992 (28.66%) | loss: 3.027582 | lrm: 1.00 | dt: 8335.53ms | tok/sec: 125,795 | bf16_mfu: 0.00 | epoch: 1 pq: 13 rg: 37 | total time: 78.94m | eta: 199.9m
step 00572/01992 (28.71%) | loss: 3.021621 | lrm: 1.00 | dt: 8338.08ms | tok/sec: 125,757 | bf16_mfu: 0.00 | epoch: 1 pq: 13 rg: 39 | total time: 79.08m | eta: 199.8m
step 00573/01992 (28.77%) | loss: 3.022229 | lrm: 1.00 | dt: 8352.27ms | tok/sec: 125,543 | bf16_mfu: 0.00 | epoch: 1 pq: 13 rg: 41 | total time: 79.21m | eta: 199.7m
step 00574/01992 (28.82%) | loss: 3.026109 | lrm: 1.00 | dt: 8337.50ms | tok/sec: 125,766 | bf16_mfu: 0.00 | epoch: 1 pq: 13 rg: 43 | total time: 79.35m | eta: 199.5m
step 00575/01992 (28.87%) | loss: 3.026915 | lrm: 1.00 | dt: 8341.47ms | tok/sec: 125,706 | bf16_mfu: 0.00 | epoch: 1 pq: 13 rg: 45 | total time: 79.49m | eta: 199.4m
step 00576/01992 (28.92%) | loss: 3.019880 | lrm: 1.00 | dt: 8332.85ms | tok/sec: 125,836 | bf16_mfu: 0.00 | epoch: 1 pq: 13 rg: 47 | total time: 79.63m | eta: 199.2m
step 00577/01992 (28.97%) | loss: 3.010056 | lrm: 1.00 | dt: 8327.10ms | tok/sec: 125,923 | bf16_mfu: 0.00 | epoch: 1 pq: 13 rg: 49 | total time: 79.77m | eta: 199.1m
step 00578/01992 (29.02%) | loss: 3.013815 | lrm: 1.00 | dt: 8403.93ms | tok/sec: 124,772 | bf16_mfu: 0.00 | epoch: 1 pq: 13 rg: 51 | total time: 79.91m | eta: 198.9m
step 00579/01992 (29.07%) | loss: 3.004153 | lrm: 1.00 | dt: 8332.72ms | tok/sec: 125,838 | bf16_mfu: 0.00 | epoch: 1 pq: 13 rg: 53 | total time: 80.05m | eta: 198.8m
step 00580/01992 (29.12%) | loss: 2.996600 | lrm: 1.00 | dt: 8336.76ms | tok/sec: 125,777 | bf16_mfu: 0.00 | epoch: 1 pq: 13 rg: 55 | total time: 80.19m | eta: 198.6m
step 00581/01992 (29.17%) | loss: 2.995200 | lrm: 1.00 | dt: 8373.55ms | tok/sec: 125,224 | bf16_mfu: 0.00 | epoch: 1 pq: 13 rg: 56 | total time: 80.33m | eta: 198.5m
step 00582/01992 (29.22%) | loss: 2.999759 | lrm: 1.00 | dt: 8335.36ms | tok/sec: 125,798 | bf16_mfu: 0.00 | epoch: 1 pq: 13 rg: 58 | total time: 80.47m | eta: 198.4m
step 00583/01992 (29.27%) | loss: 3.001141 | lrm: 1.00 | dt: 8343.24ms | tok/sec: 125,679 | bf16_mfu: 0.00 | epoch: 1 pq: 13 rg: 60 | total time: 80.61m | eta: 198.2m
step 00584/01992 (29.32%) | loss: 3.002223 | lrm: 1.00 | dt: 8358.98ms | tok/sec: 125,443 | bf16_mfu: 0.00 | epoch: 1 pq: 13 rg: 62 | total time: 80.75m | eta: 198.1m
step 00585/01992 (29.37%) | loss: 3.003287 | lrm: 1.00 | dt: 8369.49ms | tok/sec: 125,285 | bf16_mfu: 0.00 | epoch: 1 pq: 13 rg: 64 | total time: 80.88m | eta: 197.9m
step 00586/01992 (29.42%) | loss: 2.998144 | lrm: 1.00 | dt: 8345.34ms | tok/sec: 125,648 | bf16_mfu: 0.00 | epoch: 1 pq: 13 rg: 66 | total time: 81.02m | eta: 197.8m
step 00587/01992 (29.47%) | loss: 3.002403 | lrm: 1.00 | dt: 8337.58ms | tok/sec: 125,765 | bf16_mfu: 0.00 | epoch: 1 pq: 13 rg: 68 | total time: 81.16m | eta: 197.6m
step 00588/01992 (29.52%) | loss: 2.999607 | lrm: 1.00 | dt: 8330.04ms | tok/sec: 125,878 | bf16_mfu: 0.00 | epoch: 1 pq: 13 rg: 70 | total time: 81.30m | eta: 197.5m
step 00589/01992 (29.57%) | loss: 3.006097 | lrm: 1.00 | dt: 8318.88ms | tok/sec: 126,047 | bf16_mfu: 0.00 | epoch: 1 pq: 13 rg: 72 | total time: 81.44m | eta: 197.3m
step 00590/01992 (29.62%) | loss: 3.012738 | lrm: 1.00 | dt: 8326.29ms | tok/sec: 125,935 | bf16_mfu: 0.00 | epoch: 1 pq: 13 rg: 74 | total time: 81.58m | eta: 197.2m
step 00591/01992 (29.67%) | loss: 3.018334 | lrm: 1.00 | dt: 8318.40ms | tok/sec: 126,054 | bf16_mfu: 0.00 | epoch: 1 pq: 13 rg: 76 | total time: 81.72m | eta: 197.1m
step 00592/01992 (29.72%) | loss: 3.004046 | lrm: 1.00 | dt: 8321.88ms | tok/sec: 126,002 | bf16_mfu: 0.00 | epoch: 1 pq: 13 rg: 78 | total time: 81.86m | eta: 196.9m
step 00593/01992 (29.77%) | loss: 3.004555 | lrm: 1.00 | dt: 8325.67ms | tok/sec: 125,944 | bf16_mfu: 0.00 | epoch: 1 pq: 13 rg: 80 | total time: 82.00m | eta: 196.8m
step 00594/01992 (29.82%) | loss: 3.006131 | lrm: 1.00 | dt: 8319.01ms | tok/sec: 126,045 | bf16_mfu: 0.00 | epoch: 1 pq: 13 rg: 82 | total time: 82.13m | eta: 196.6m
step 00595/01992 (29.87%) | loss: 3.002910 | lrm: 1.00 | dt: 8314.79ms | tok/sec: 126,109 | bf16_mfu: 0.00 | epoch: 1 pq: 14 rg: 1 | total time: 82.27m | eta: 196.5m
step 00596/01992 (29.92%) | loss: 3.008640 | lrm: 1.00 | dt: 8315.88ms | tok/sec: 126,093 | bf16_mfu: 0.00 | epoch: 1 pq: 14 rg: 3 | total time: 82.41m | eta: 196.3m
step 00597/01992 (29.97%) | loss: 3.008043 | lrm: 1.00 | dt: 8318.24ms | tok/sec: 126,057 | bf16_mfu: 0.00 | epoch: 1 pq: 14 rg: 5 | total time: 82.55m | eta: 196.2m
step 00598/01992 (30.02%) | loss: 3.001628 | lrm: 1.00 | dt: 8323.26ms | tok/sec: 125,981 | bf16_mfu: 0.00 | epoch: 1 pq: 14 rg: 7 | total time: 82.69m | eta: 196.0m
step 00599/01992 (30.07%) | loss: 3.004690 | lrm: 1.00 | dt: 8318.67ms | tok/sec: 126,050 | bf16_mfu: 0.00 | epoch: 1 pq: 14 rg: 9 | total time: 82.83m | eta: 195.9m
step 00600/01992 (30.12%) | loss: 3.006630 | lrm: 1.00 | dt: 8324.09ms | tok/sec: 125,968 | bf16_mfu: 0.00 | epoch: 1 pq: 14 rg: 11 | total time: 82.97m | eta: 195.7m
step 00601/01992 (30.17%) | loss: 3.001888 | lrm: 1.00 | dt: 8323.52ms | tok/sec: 125,977 | bf16_mfu: 0.00 | epoch: 1 pq: 14 rg: 13 | total time: 83.10m | eta: 195.6m
step 00602/01992 (30.22%) | loss: 3.011709 | lrm: 1.00 | dt: 8329.58ms | tok/sec: 125,885 | bf16_mfu: 0.00 | epoch: 1 pq: 14 rg: 15 | total time: 83.24m | eta: 195.5m
step 00603/01992 (30.27%) | loss: 3.014174 | lrm: 1.00 | dt: 8329.09ms | tok/sec: 125,893 | bf16_mfu: 0.00 | epoch: 1 pq: 14 rg: 16 | total time: 83.38m | eta: 195.3m
step 00604/01992 (30.32%) | loss: 3.020409 | lrm: 1.00 | dt: 8332.65ms | tok/sec: 125,839 | bf16_mfu: 0.00 | epoch: 1 pq: 14 rg: 18 | total time: 83.52m | eta: 195.2m
step 00605/01992 (30.37%) | loss: 3.023748 | lrm: 1.00 | dt: 8333.99ms | tok/sec: 125,819 | bf16_mfu: 0.00 | epoch: 1 pq: 14 rg: 20 | total time: 83.66m | eta: 195.0m
step 00606/01992 (30.42%) | loss: 3.027558 | lrm: 1.00 | dt: 8333.80ms | tok/sec: 125,822 | bf16_mfu: 0.00 | epoch: 1 pq: 14 rg: 22 | total time: 83.80m | eta: 194.9m
step 00607/01992 (30.47%) | loss: 3.028884 | lrm: 1.00 | dt: 8333.41ms | tok/sec: 125,827 | bf16_mfu: 0.00 | epoch: 1 pq: 14 rg: 24 | total time: 83.94m | eta: 194.7m
step 00608/01992 (30.52%) | loss: 3.027294 | lrm: 1.00 | dt: 8340.02ms | tok/sec: 125,728 | bf16_mfu: 0.00 | epoch: 1 pq: 14 rg: 26 | total time: 84.08m | eta: 194.6m
step 00609/01992 (30.57%) | loss: 3.026108 | lrm: 1.00 | dt: 8344.25ms | tok/sec: 125,664 | bf16_mfu: 0.00 | epoch: 1 pq: 14 rg: 28 | total time: 84.22m | eta: 194.4m
step 00610/01992 (30.62%) | loss: 3.017909 | lrm: 1.00 | dt: 8340.26ms | tok/sec: 125,724 | bf16_mfu: 0.00 | epoch: 1 pq: 14 rg: 30 | total time: 84.35m | eta: 194.3m
step 00611/01992 (30.67%) | loss: 3.009623 | lrm: 1.00 | dt: 8339.66ms | tok/sec: 125,733 | bf16_mfu: 0.00 | epoch: 1 pq: 14 rg: 32 | total time: 84.49m | eta: 194.2m
step 00612/01992 (30.72%) | loss: 3.005462 | lrm: 1.00 | dt: 8334.59ms | tok/sec: 125,810 | bf16_mfu: 0.00 | epoch: 1 pq: 14 rg: 34 | total time: 84.63m | eta: 194.0m
step 00613/01992 (30.77%) | loss: 2.995145 | lrm: 1.00 | dt: 8341.09ms | tok/sec: 125,712 | bf16_mfu: 0.00 | epoch: 1 pq: 14 rg: 36 | total time: 84.77m | eta: 193.9m
step 00614/01992 (30.82%) | loss: 2.985919 | lrm: 1.00 | dt: 8343.76ms | tok/sec: 125,671 | bf16_mfu: 0.00 | epoch: 1 pq: 14 rg: 38 | total time: 84.91m | eta: 193.7m
step 00615/01992 (30.87%) | loss: 2.984421 | lrm: 1.00 | dt: 8348.85ms | tok/sec: 125,595 | bf16_mfu: 0.00 | epoch: 1 pq: 14 rg: 40 | total time: 85.05m | eta: 193.6m
step 00616/01992 (30.92%) | loss: 2.986887 | lrm: 1.00 | dt: 8370.25ms | tok/sec: 125,274 | bf16_mfu: 0.00 | epoch: 1 pq: 14 rg: 42 | total time: 85.19m | eta: 193.4m
step 00617/01992 (30.97%) | loss: 2.970770 | lrm: 1.00 | dt: 8383.38ms | tok/sec: 125,077 | bf16_mfu: 0.00 | epoch: 1 pq: 14 rg: 44 | total time: 85.33m | eta: 193.3m
step 00618/01992 (31.02%) | loss: 2.977683 | lrm: 1.00 | dt: 8391.35ms | tok/sec: 124,959 | bf16_mfu: 0.00 | epoch: 1 pq: 14 rg: 46 | total time: 85.47m | eta: 193.1m
step 00619/01992 (31.07%) | loss: 2.970064 | lrm: 1.00 | dt: 8387.50ms | tok/sec: 125,016 | bf16_mfu: 0.00 | epoch: 1 pq: 14 rg: 48 | total time: 85.61m | eta: 193.0m
step 00620/01992 (31.12%) | loss: 2.968902 | lrm: 1.00 | dt: 8382.11ms | tok/sec: 125,096 | bf16_mfu: 0.00 | epoch: 1 pq: 14 rg: 50 | total time: 85.75m | eta: 192.9m
step 00621/01992 (31.17%) | loss: 2.956019 | lrm: 1.00 | dt: 8395.60ms | tok/sec: 124,895 | bf16_mfu: 0.00 | epoch: 1 pq: 14 rg: 51 | total time: 85.89m | eta: 192.7m
step 00622/01992 (31.22%) | loss: 2.954158 | lrm: 1.00 | dt: 8376.38ms | tok/sec: 125,182 | bf16_mfu: 0.00 | epoch: 1 pq: 14 rg: 53 | total time: 86.03m | eta: 192.6m
step 00623/01992 (31.28%) | loss: 2.967303 | lrm: 1.00 | dt: 8430.24ms | tok/sec: 124,382 | bf16_mfu: 0.00 | epoch: 1 pq: 14 rg: 55 | total time: 86.17m | eta: 192.4m
step 00624/01992 (31.33%) | loss: 2.967372 | lrm: 1.00 | dt: 8385.27ms | tok/sec: 125,049 | bf16_mfu: 0.00 | epoch: 1 pq: 14 rg: 57 | total time: 86.31m | eta: 192.3m
step 00625/01992 (31.38%) | loss: 2.972700 | lrm: 1.00 | dt: 8356.86ms | tok/sec: 125,474 | bf16_mfu: 0.00 | epoch: 1 pq: 14 rg: 59 | total time: 86.45m | eta: 192.2m
step 00626/01992 (31.43%) | loss: 2.973668 | lrm: 1.00 | dt: 8364.40ms | tok/sec: 125,361 | bf16_mfu: 0.00 | epoch: 1 pq: 14 rg: 61 | total time: 86.59m | eta: 192.0m
step 00627/01992 (31.48%) | loss: 2.974837 | lrm: 1.00 | dt: 8359.52ms | tok/sec: 125,435 | bf16_mfu: 0.00 | epoch: 1 pq: 14 rg: 63 | total time: 86.73m | eta: 191.9m
step 00628/01992 (31.53%) | loss: 2.980253 | lrm: 1.00 | dt: 8369.14ms | tok/sec: 125,290 | bf16_mfu: 0.00 | epoch: 1 pq: 14 rg: 65 | total time: 86.87m | eta: 191.7m
step 00629/01992 (31.58%) | loss: 2.988038 | lrm: 1.00 | dt: 8375.02ms | tok/sec: 125,202 | bf16_mfu: 0.00 | epoch: 1 pq: 14 rg: 67 | total time: 87.01m | eta: 191.6m
step 00630/01992 (31.63%) | loss: 2.995104 | lrm: 1.00 | dt: 8356.16ms | tok/sec: 125,485 | bf16_mfu: 0.00 | epoch: 1 pq: 14 rg: 69 | total time: 87.14m | eta: 191.4m
step 00631/01992 (31.68%) | loss: 2.982849 | lrm: 1.00 | dt: 8349.99ms | tok/sec: 125,578 | bf16_mfu: 0.00 | epoch: 1 pq: 14 rg: 71 | total time: 87.28m | eta: 191.3m
step 00632/01992 (31.73%) | loss: 2.981267 | lrm: 1.00 | dt: 8368.52ms | tok/sec: 125,300 | bf16_mfu: 0.00 | epoch: 1 pq: 14 rg: 73 | total time: 87.42m | eta: 191.2m
step 00633/01992 (31.78%) | loss: 2.978162 | lrm: 1.00 | dt: 8358.29ms | tok/sec: 125,453 | bf16_mfu: 0.00 | epoch: 1 pq: 14 rg: 75 | total time: 87.56m | eta: 191.0m
step 00634/01992 (31.83%) | loss: 2.977664 | lrm: 1.00 | dt: 8338.93ms | tok/sec: 125,744 | bf16_mfu: 0.00 | epoch: 1 pq: 14 rg: 77 | total time: 87.70m | eta: 190.9m
step 00635/01992 (31.88%) | loss: 2.971669 | lrm: 1.00 | dt: 8336.72ms | tok/sec: 125,778 | bf16_mfu: 0.00 | epoch: 1 pq: 14 rg: 79 | total time: 87.84m | eta: 190.7m
step 00636/01992 (31.93%) | loss: 2.982273 | lrm: 1.00 | dt: 8365.77ms | tok/sec: 125,341 | bf16_mfu: 0.00 | epoch: 1 pq: 14 rg: 81 | total time: 87.98m | eta: 190.6m
step 00637/01992 (31.98%) | loss: 2.988011 | lrm: 1.00 | dt: 8372.20ms | tok/sec: 125,244 | bf16_mfu: 0.00 | epoch: 1 pq: 15 rg: 0 | total time: 88.12m | eta: 190.4m
step 00638/01992 (32.03%) | loss: 2.977094 | lrm: 1.00 | dt: 8370.44ms | tok/sec: 125,271 | bf16_mfu: 0.00 | epoch: 1 pq: 15 rg: 2 | total time: 88.26m | eta: 190.3m
step 00639/01992 (32.08%) | loss: 2.966949 | lrm: 1.00 | dt: 8370.59ms | tok/sec: 125,269 | bf16_mfu: 0.00 | epoch: 1 pq: 15 rg: 4 | total time: 88.40m | eta: 190.1m
step 00640/01992 (32.13%) | loss: 2.964532 | lrm: 1.00 | dt: 8364.10ms | tok/sec: 125,366 | bf16_mfu: 0.00 | epoch: 1 pq: 15 rg: 5 | total time: 88.54m | eta: 190.0m
step 00641/01992 (32.18%) | loss: 2.954645 | lrm: 1.00 | dt: 8361.76ms | tok/sec: 125,401 | bf16_mfu: 0.00 | epoch: 1 pq: 15 rg: 7 | total time: 88.68m | eta: 189.9m
step 00642/01992 (32.23%) | loss: 2.965376 | lrm: 1.00 | dt: 8362.69ms | tok/sec: 125,387 | bf16_mfu: 0.00 | epoch: 1 pq: 15 rg: 9 | total time: 88.82m | eta: 189.7m
step 00643/01992 (32.28%) | loss: 2.952076 | lrm: 1.00 | dt: 8334.51ms | tok/sec: 125,811 | bf16_mfu: 0.00 | epoch: 1 pq: 15 rg: 11 | total time: 88.96m | eta: 189.6m
step 00644/01992 (32.33%) | loss: 2.959170 | lrm: 1.00 | dt: 8361.48ms | tok/sec: 125,405 | bf16_mfu: 0.00 | epoch: 1 pq: 15 rg: 13 | total time: 89.09m | eta: 189.4m
step 00645/01992 (32.38%) | loss: 2.966346 | lrm: 1.00 | dt: 8354.93ms | tok/sec: 125,503 | bf16_mfu: 0.00 | epoch: 1 pq: 15 rg: 15 | total time: 89.23m | eta: 189.3m
step 00646/01992 (32.43%) | loss: 2.967741 | lrm: 1.00 | dt: 8364.04ms | tok/sec: 125,367 | bf16_mfu: 0.00 | epoch: 1 pq: 15 rg: 17 | total time: 89.37m | eta: 189.1m
step 00647/01992 (32.48%) | loss: 2.961165 | lrm: 1.00 | dt: 8356.11ms | tok/sec: 125,486 | bf16_mfu: 0.00 | epoch: 1 pq: 15 rg: 19 | total time: 89.51m | eta: 189.0m
step 00648/01992 (32.53%) | loss: 2.963826 | lrm: 1.00 | dt: 8362.01ms | tok/sec: 125,397 | bf16_mfu: 0.00 | epoch: 1 pq: 15 rg: 21 | total time: 89.65m | eta: 188.9m
step 00649/01992 (32.58%) | loss: 2.968968 | lrm: 1.00 | dt: 8356.10ms | tok/sec: 125,486 | bf16_mfu: 0.00 | epoch: 1 pq: 15 rg: 23 | total time: 89.79m | eta: 188.7m
step 00650/01992 (32.63%) | loss: 2.964556 | lrm: 1.00 | dt: 8355.84ms | tok/sec: 125,490 | bf16_mfu: 0.00 | epoch: 1 pq: 15 rg: 25 | total time: 89.93m | eta: 188.6m
step 00651/01992 (32.68%) | loss: 2.961827 | lrm: 1.00 | dt: 8333.11ms | tok/sec: 125,832 | bf16_mfu: 0.00 | epoch: 1 pq: 15 rg: 27 | total time: 90.07m | eta: 188.4m
step 00652/01992 (32.73%) | loss: 2.967810 | lrm: 1.00 | dt: 8326.06ms | tok/sec: 125,939 | bf16_mfu: 0.00 | epoch: 1 pq: 15 rg: 29 | total time: 90.21m | eta: 188.3m
step 00653/01992 (32.78%) | loss: 2.967636 | lrm: 1.00 | dt: 8339.02ms | tok/sec: 125,743 | bf16_mfu: 0.00 | epoch: 1 pq: 15 rg: 31 | total time: 90.35m | eta: 188.1m
step 00654/01992 (32.83%) | loss: 2.968512 | lrm: 1.00 | dt: 8452.92ms | tok/sec: 124,048 | bf16_mfu: 0.00 | epoch: 1 pq: 15 rg: 33 | total time: 90.49m | eta: 188.0m
step 00655/01992 (32.88%) | loss: 2.965566 | lrm: 1.00 | dt: 8432.69ms | tok/sec: 124,346 | bf16_mfu: 0.00 | epoch: 1 pq: 15 rg: 35 | total time: 90.63m | eta: 187.9m
step 00656/01992 (32.93%) | loss: 2.976667 | lrm: 1.00 | dt: 8401.80ms | tok/sec: 124,803 | bf16_mfu: 0.00 | epoch: 1 pq: 15 rg: 37 | total time: 90.77m | eta: 187.7m
step 00657/01992 (32.98%) | loss: 2.982130 | lrm: 1.00 | dt: 8373.07ms | tok/sec: 125,231 | bf16_mfu: 0.00 | epoch: 1 pq: 15 rg: 38 | total time: 90.91m | eta: 187.6m
step 00658/01992 (33.03%) | loss: 2.982162 | lrm: 1.00 | dt: 8357.28ms | tok/sec: 125,468 | bf16_mfu: 0.00 | epoch: 1 pq: 15 rg: 40 | total time: 91.05m | eta: 187.4m
step 00659/01992 (33.08%) | loss: 2.989042 | lrm: 1.00 | dt: 8324.39ms | tok/sec: 125,964 | bf16_mfu: 0.00 | epoch: 1 pq: 15 rg: 42 | total time: 91.19m | eta: 187.3m
step 00660/01992 (33.13%) | loss: 2.983239 | lrm: 1.00 | dt: 8323.17ms | tok/sec: 125,982 | bf16_mfu: 0.00 | epoch: 1 pq: 15 rg: 44 | total time: 91.33m | eta: 187.1m
step 00661/01992 (33.18%) | loss: 2.976554 | lrm: 1.00 | dt: 8324.67ms | tok/sec: 125,960 | bf16_mfu: 0.00 | epoch: 1 pq: 15 rg: 46 | total time: 91.46m | eta: 187.0m
step 00662/01992 (33.23%) | loss: 2.977065 | lrm: 1.00 | dt: 8322.58ms | tok/sec: 125,991 | bf16_mfu: 0.00 | epoch: 1 pq: 15 rg: 48 | total time: 91.60m | eta: 186.9m
step 00663/01992 (33.28%) | loss: 2.963078 | lrm: 1.00 | dt: 8326.24ms | tok/sec: 125,936 | bf16_mfu: 0.00 | epoch: 1 pq: 15 rg: 50 | total time: 91.74m | eta: 186.7m
step 00664/01992 (33.33%) | loss: 2.965083 | lrm: 1.00 | dt: 8325.44ms | tok/sec: 125,948 | bf16_mfu: 0.00 | epoch: 1 pq: 15 rg: 52 | total time: 91.88m | eta: 186.6m
step 00665/01992 (33.38%) | loss: 2.973306 | lrm: 1.00 | dt: 8324.77ms | tok/sec: 125,958 | bf16_mfu: 0.00 | epoch: 1 pq: 15 rg: 54 | total time: 92.02m | eta: 186.4m
step 00666/01992 (33.43%) | loss: 2.974913 | lrm: 1.00 | dt: 8322.41ms | tok/sec: 125,994 | bf16_mfu: 0.00 | epoch: 1 pq: 15 rg: 56 | total time: 92.16m | eta: 186.3m
step 00667/01992 (33.48%) | loss: 2.974726 | lrm: 1.00 | dt: 8318.93ms | tok/sec: 126,046 | bf16_mfu: 0.00 | epoch: 1 pq: 15 rg: 58 | total time: 92.30m | eta: 186.1m
step 00668/01992 (33.53%) | loss: 2.976966 | lrm: 1.00 | dt: 8318.79ms | tok/sec: 126,049 | bf16_mfu: 0.00 | epoch: 1 pq: 15 rg: 60 | total time: 92.43m | eta: 186.0m
step 00669/01992 (33.58%) | loss: 2.971257 | lrm: 1.00 | dt: 8318.91ms | tok/sec: 126,047 | bf16_mfu: 0.00 | epoch: 1 pq: 15 rg: 62 | total time: 92.57m | eta: 185.8m
step 00670/01992 (33.63%) | loss: 2.964778 | lrm: 1.00 | dt: 8313.88ms | tok/sec: 126,123 | bf16_mfu: 0.00 | epoch: 1 pq: 15 rg: 64 | total time: 92.71m | eta: 185.7m
step 00671/01992 (33.68%) | loss: 2.967490 | lrm: 1.00 | dt: 8307.31ms | tok/sec: 126,223 | bf16_mfu: 0.00 | epoch: 1 pq: 15 rg: 66 | total time: 92.85m | eta: 185.6m
step 00672/01992 (33.73%) | loss: 2.975969 | lrm: 1.00 | dt: 8310.36ms | tok/sec: 126,176 | bf16_mfu: 0.00 | epoch: 1 pq: 15 rg: 68 | total time: 92.99m | eta: 185.4m
step 00673/01992 (33.79%) | loss: 2.975933 | lrm: 1.00 | dt: 8308.21ms | tok/sec: 126,209 | bf16_mfu: 0.00 | epoch: 1 pq: 15 rg: 70 | total time: 93.13m | eta: 185.3m
step 00674/01992 (33.84%) | loss: 2.972168 | lrm: 1.00 | dt: 8390.65ms | tok/sec: 124,969 | bf16_mfu: 0.00 | epoch: 1 pq: 15 rg: 72 | total time: 93.27m | eta: 185.1m
step 00675/01992 (33.89%) | loss: 2.967415 | lrm: 1.00 | dt: 8395.92ms | tok/sec: 124,891 | bf16_mfu: 0.00 | epoch: 1 pq: 15 rg: 74 | total time: 93.41m | eta: 185.0m
step 00676/01992 (33.94%) | loss: 2.955878 | lrm: 1.00 | dt: 8399.62ms | tok/sec: 124,836 | bf16_mfu: 0.00 | epoch: 1 pq: 15 rg: 75 | total time: 93.55m | eta: 184.8m
step 00677/01992 (33.99%) | loss: 2.962136 | lrm: 1.00 | dt: 8426.41ms | tok/sec: 124,439 | bf16_mfu: 0.00 | epoch: 1 pq: 15 rg: 77 | total time: 93.69m | eta: 184.7m
step 00678/01992 (34.04%) | loss: 2.957691 | lrm: 1.00 | dt: 8376.40ms | tok/sec: 125,182 | bf16_mfu: 0.00 | epoch: 1 pq: 15 rg: 79 | total time: 93.83m | eta: 184.6m
step 00679/01992 (34.09%) | loss: 2.968368 | lrm: 1.00 | dt: 8307.68ms | tok/sec: 126,217 | bf16_mfu: 0.00 | epoch: 1 pq: 15 rg: 81 | total time: 93.97m | eta: 184.4m
step 00680/01992 (34.14%) | loss: 2.958401 | lrm: 1.00 | dt: 8312.39ms | tok/sec: 126,146 | bf16_mfu: 0.00 | epoch: 1 pq: 16 rg: 0 | total time: 94.10m | eta: 184.3m
step 00681/01992 (34.19%) | loss: 2.953557 | lrm: 1.00 | dt: 8304.51ms | tok/sec: 126,265 | bf16_mfu: 0.00 | epoch: 1 pq: 16 rg: 2 | total time: 94.24m | eta: 184.1m
step 00682/01992 (34.24%) | loss: 2.951349 | lrm: 1.00 | dt: 8304.42ms | tok/sec: 126,267 | bf16_mfu: 0.00 | epoch: 1 pq: 16 rg: 4 | total time: 94.38m | eta: 184.0m
step 00683/01992 (34.29%) | loss: 2.963891 | lrm: 1.00 | dt: 8298.08ms | tok/sec: 126,363 | bf16_mfu: 0.00 | epoch: 1 pq: 16 rg: 6 | total time: 94.52m | eta: 183.8m
step 00684/01992 (34.34%) | loss: 2.969424 | lrm: 1.00 | dt: 8304.92ms | tok/sec: 126,259 | bf16_mfu: 0.00 | epoch: 1 pq: 16 rg: 8 | total time: 94.66m | eta: 183.7m
step 00685/01992 (34.39%) | loss: 2.968003 | lrm: 1.00 | dt: 8305.42ms | tok/sec: 126,251 | bf16_mfu: 0.00 | epoch: 1 pq: 16 rg: 10 | total time: 94.80m | eta: 183.6m
step 00686/01992 (34.44%) | loss: 2.961654 | lrm: 1.00 | dt: 8300.85ms | tok/sec: 126,321 | bf16_mfu: 0.00 | epoch: 1 pq: 16 rg: 12 | total time: 94.93m | eta: 183.4m
step 00687/01992 (34.49%) | loss: 2.969640 | lrm: 1.00 | dt: 8299.85ms | tok/sec: 126,336 | bf16_mfu: 0.00 | epoch: 1 pq: 16 rg: 14 | total time: 95.07m | eta: 183.3m
step 00688/01992 (34.54%) | loss: 2.972754 | lrm: 1.00 | dt: 8304.71ms | tok/sec: 126,262 | bf16_mfu: 0.00 | epoch: 1 pq: 16 rg: 16 | total time: 95.21m | eta: 183.1m
step 00689/01992 (34.59%) | loss: 2.972568 | lrm: 1.00 | dt: 8301.17ms | tok/sec: 126,316 | bf16_mfu: 0.00 | epoch: 1 pq: 16 rg: 18 | total time: 95.35m | eta: 183.0m
step 00690/01992 (34.64%) | loss: 2.970074 | lrm: 1.00 | dt: 8308.72ms | tok/sec: 126,201 | bf16_mfu: 0.00 | epoch: 1 pq: 16 rg: 20 | total time: 95.49m | eta: 182.8m
step 00691/01992 (34.69%) | loss: 2.974842 | lrm: 1.00 | dt: 8301.51ms | tok/sec: 126,311 | bf16_mfu: 0.00 | epoch: 1 pq: 16 rg: 22 | total time: 95.63m | eta: 182.7m
step 00692/01992 (34.74%) | loss: 2.972989 | lrm: 1.00 | dt: 8298.13ms | tok/sec: 126,362 | bf16_mfu: 0.00 | epoch: 1 pq: 16 rg: 24 | total time: 95.76m | eta: 182.5m
step 00693/01992 (34.79%) | loss: 2.989626 | lrm: 1.00 | dt: 8295.47ms | tok/sec: 126,403 | bf16_mfu: 0.00 | epoch: 1 pq: 16 rg: 26 | total time: 95.90m | eta: 182.4m
step 00694/01992 (34.84%) | loss: 2.990290 | lrm: 1.00 | dt: 8295.18ms | tok/sec: 126,407 | bf16_mfu: 0.00 | epoch: 1 pq: 16 rg: 28 | total time: 96.04m | eta: 182.3m
step 00695/01992 (34.89%) | loss: 2.993411 | lrm: 1.00 | dt: 8301.87ms | tok/sec: 126,305 | bf16_mfu: 0.00 | epoch: 1 pq: 16 rg: 30 | total time: 96.18m | eta: 182.1m
step 00696/01992 (34.94%) | loss: 2.993349 | lrm: 1.00 | dt: 8300.43ms | tok/sec: 126,327 | bf16_mfu: 0.00 | epoch: 1 pq: 16 rg: 31 | total time: 96.32m | eta: 182.0m
step 00697/01992 (34.99%) | loss: 2.977359 | lrm: 1.00 | dt: 8297.74ms | tok/sec: 126,368 | bf16_mfu: 0.00 | epoch: 1 pq: 16 rg: 33 | total time: 96.46m | eta: 181.8m
step 00698/01992 (35.04%) | loss: 2.967884 | lrm: 1.00 | dt: 8293.22ms | tok/sec: 126,437 | bf16_mfu: 0.00 | epoch: 1 pq: 16 rg: 35 | total time: 96.59m | eta: 181.7m
step 00699/01992 (35.09%) | loss: 2.960787 | lrm: 1.00 | dt: 8295.91ms | tok/sec: 126,396 | bf16_mfu: 0.00 | epoch: 1 pq: 16 rg: 37 | total time: 96.73m | eta: 181.5m
step 00700/01992 (35.14%) | loss: 2.960821 | lrm: 1.00 | dt: 8302.37ms | tok/sec: 126,298 | bf16_mfu: 0.00 | epoch: 1 pq: 16 rg: 39 | total time: 96.87m | eta: 181.4m
step 00701/01992 (35.19%) | loss: 2.957071 | lrm: 1.00 | dt: 8299.24ms | tok/sec: 126,346 | bf16_mfu: 0.00 | epoch: 1 pq: 16 rg: 41 | total time: 97.01m | eta: 181.2m
step 00702/01992 (35.24%) | loss: 2.955426 | lrm: 1.00 | dt: 8302.42ms | tok/sec: 126,297 | bf16_mfu: 0.00 | epoch: 1 pq: 16 rg: 43 | total time: 97.15m | eta: 181.1m
step 00703/01992 (35.29%) | loss: 2.950695 | lrm: 1.00 | dt: 8300.71ms | tok/sec: 126,323 | bf16_mfu: 0.00 | epoch: 1 pq: 16 rg: 45 | total time: 97.29m | eta: 181.0m
step 00704/01992 (35.34%) | loss: 2.958416 | lrm: 0.99 | dt: 8301.03ms | tok/sec: 126,318 | bf16_mfu: 0.00 | epoch: 1 pq: 16 rg: 47 | total time: 97.42m | eta: 180.8m
step 00705/01992 (35.39%) | loss: 2.957012 | lrm: 0.99 | dt: 8304.11ms | tok/sec: 126,271 | bf16_mfu: 0.00 | epoch: 1 pq: 16 rg: 49 | total time: 97.56m | eta: 180.7m
step 00706/01992 (35.44%) | loss: 2.950543 | lrm: 0.99 | dt: 8295.56ms | tok/sec: 126,402 | bf16_mfu: 0.00 | epoch: 1 pq: 16 rg: 51 | total time: 97.70m | eta: 180.5m
step 00707/01992 (35.49%) | loss: 2.950682 | lrm: 0.99 | dt: 8292.15ms | tok/sec: 126,454 | bf16_mfu: 0.00 | epoch: 1 pq: 16 rg: 53 | total time: 97.84m | eta: 180.4m
step 00708/01992 (35.54%) | loss: 2.964345 | lrm: 0.99 | dt: 8289.58ms | tok/sec: 126,493 | bf16_mfu: 0.00 | epoch: 1 pq: 16 rg: 55 | total time: 97.98m | eta: 180.2m
step 00709/01992 (35.59%) | loss: 2.962469 | lrm: 0.99 | dt: 8289.66ms | tok/sec: 126,492 | bf16_mfu: 0.00 | epoch: 1 pq: 16 rg: 56 | total time: 98.12m | eta: 180.1m
step 00710/01992 (35.64%) | loss: 2.968674 | lrm: 0.99 | dt: 8295.48ms | tok/sec: 126,403 | bf16_mfu: 0.00 | epoch: 1 pq: 16 rg: 58 | total time: 98.25m | eta: 179.9m
step 00711/01992 (35.69%) | loss: 2.969237 | lrm: 0.99 | dt: 8297.43ms | tok/sec: 126,373 | bf16_mfu: 0.00 | epoch: 1 pq: 16 rg: 60 | total time: 98.39m | eta: 179.8m
step 00712/01992 (35.74%) | loss: 2.954527 | lrm: 0.99 | dt: 8294.55ms | tok/sec: 126,417 | bf16_mfu: 0.00 | epoch: 1 pq: 16 rg: 62 | total time: 98.53m | eta: 179.7m
step 00713/01992 (35.79%) | loss: 2.954548 | lrm: 0.99 | dt: 8296.62ms | tok/sec: 126,385 | bf16_mfu: 0.00 | epoch: 1 pq: 16 rg: 64 | total time: 98.67m | eta: 179.5m
step 00714/01992 (35.84%) | loss: 2.952248 | lrm: 0.99 | dt: 8297.35ms | tok/sec: 126,374 | bf16_mfu: 0.00 | epoch: 1 pq: 16 rg: 66 | total time: 98.81m | eta: 179.4m
step 00715/01992 (35.89%) | loss: 2.947298 | lrm: 0.99 | dt: 8300.31ms | tok/sec: 126,329 | bf16_mfu: 0.00 | epoch: 1 pq: 16 rg: 68 | total time: 98.95m | eta: 179.2m
step 00716/01992 (35.94%) | loss: 2.953588 | lrm: 0.99 | dt: 8293.30ms | tok/sec: 126,436 | bf16_mfu: 0.00 | epoch: 1 pq: 16 rg: 70 | total time: 99.08m | eta: 179.1m
step 00717/01992 (35.99%) | loss: 2.949296 | lrm: 0.99 | dt: 8301.16ms | tok/sec: 126,316 | bf16_mfu: 0.00 | epoch: 1 pq: 16 rg: 72 | total time: 99.22m | eta: 178.9m
step 00718/01992 (36.04%) | loss: 2.946989 | lrm: 0.98 | dt: 8297.20ms | tok/sec: 126,377 | bf16_mfu: 0.00 | epoch: 1 pq: 16 rg: 74 | total time: 99.36m | eta: 178.8m
step 00719/01992 (36.09%) | loss: 2.945134 | lrm: 0.98 | dt: 8298.75ms | tok/sec: 126,353 | bf16_mfu: 0.00 | epoch: 1 pq: 16 rg: 76 | total time: 99.50m | eta: 178.6m
step 00720/01992 (36.14%) | loss: 2.938930 | lrm: 0.98 | dt: 8298.63ms | tok/sec: 126,355 | bf16_mfu: 0.00 | epoch: 1 pq: 16 rg: 78 | total time: 99.64m | eta: 178.5m
step 00721/01992 (36.19%) | loss: 2.943864 | lrm: 0.98 | dt: 8298.82ms | tok/sec: 126,352 | bf16_mfu: 0.00 | epoch: 1 pq: 16 rg: 80 | total time: 99.78m | eta: 178.4m
step 00722/01992 (36.24%) | loss: 2.922224 | lrm: 0.98 | dt: 8297.76ms | tok/sec: 126,368 | bf16_mfu: 0.00 | epoch: 1 pq: 16 rg: 82 | total time: 99.91m | eta: 178.2m
step 00723/01992 (36.30%) | loss: 2.932720 | lrm: 0.98 | dt: 8294.93ms | tok/sec: 126,411 | bf16_mfu: 0.00 | epoch: 1 pq: 17 rg: 0 | total time: 100.05m | eta: 178.1m
step 00724/01992 (36.35%) | loss: 2.931336 | lrm: 0.98 | dt: 8300.18ms | tok/sec: 126,331 | bf16_mfu: 0.00 | epoch: 1 pq: 17 rg: 2 | total time: 100.19m | eta: 177.9m
step 00725/01992 (36.40%) | loss: 2.931325 | lrm: 0.98 | dt: 8291.06ms | tok/sec: 126,470 | bf16_mfu: 0.00 | epoch: 1 pq: 17 rg: 4 | total time: 100.33m | eta: 177.8m
step 00726/01992 (36.45%) | loss: 2.929557 | lrm: 0.98 | dt: 8286.10ms | tok/sec: 126,546 | bf16_mfu: 0.00 | epoch: 1 pq: 17 rg: 6 | total time: 100.47m | eta: 177.6m
step 00727/01992 (36.50%) | loss: 2.935907 | lrm: 0.98 | dt: 8293.36ms | tok/sec: 126,435 | bf16_mfu: 0.00 | epoch: 1 pq: 17 rg: 8 | total time: 100.60m | eta: 177.5m
step 00728/01992 (36.55%) | loss: 2.932897 | lrm: 0.98 | dt: 8291.80ms | tok/sec: 126,459 | bf16_mfu: 0.00 | epoch: 1 pq: 17 rg: 10 | total time: 100.74m | eta: 177.4m
step 00729/01992 (36.60%) | loss: 2.925848 | lrm: 0.98 | dt: 8290.06ms | tok/sec: 126,485 | bf16_mfu: 0.00 | epoch: 1 pq: 17 rg: 12 | total time: 100.88m | eta: 177.2m
step 00730/01992 (36.65%) | loss: 2.927218 | lrm: 0.98 | dt: 8293.33ms | tok/sec: 126,436 | bf16_mfu: 0.00 | epoch: 1 pq: 17 rg: 14 | total time: 101.02m | eta: 177.1m
step 00731/01992 (36.70%) | loss: 2.932625 | lrm: 0.98 | dt: 8290.35ms | tok/sec: 126,481 | bf16_mfu: 0.00 | epoch: 1 pq: 17 rg: 16 | total time: 101.16m | eta: 176.9m
step 00732/01992 (36.75%) | loss: 2.925341 | lrm: 0.97 | dt: 8293.61ms | tok/sec: 126,431 | bf16_mfu: 0.00 | epoch: 1 pq: 17 rg: 18 | total time: 101.30m | eta: 176.8m
step 00733/01992 (36.80%) | loss: 2.935515 | lrm: 0.97 | dt: 8296.77ms | tok/sec: 126,383 | bf16_mfu: 0.00 | epoch: 1 pq: 17 rg: 20 | total time: 101.43m | eta: 176.6m
step 00734/01992 (36.85%) | loss: 2.934115 | lrm: 0.97 | dt: 8294.06ms | tok/sec: 126,424 | bf16_mfu: 0.00 | epoch: 1 pq: 17 rg: 22 | total time: 101.57m | eta: 176.5m
step 00735/01992 (36.90%) | loss: 2.937219 | lrm: 0.97 | dt: 8295.29ms | tok/sec: 126,406 | bf16_mfu: 0.00 | epoch: 1 pq: 17 rg: 24 | total time: 101.71m | eta: 176.3m
step 00736/01992 (36.95%) | loss: 2.939669 | lrm: 0.97 | dt: 8294.67ms | tok/sec: 126,415 | bf16_mfu: 0.00 | epoch: 1 pq: 17 rg: 26 | total time: 101.85m | eta: 176.2m
step 00737/01992 (37.00%) | loss: 2.948097 | lrm: 0.97 | dt: 8296.15ms | tok/sec: 126,393 | bf16_mfu: 0.00 | epoch: 1 pq: 17 rg: 28 | total time: 101.99m | eta: 176.1m
step 00738/01992 (37.05%) | loss: 2.950592 | lrm: 0.97 | dt: 8292.21ms | tok/sec: 126,453 | bf16_mfu: 0.00 | epoch: 1 pq: 17 rg: 30 | total time: 102.13m | eta: 175.9m
step 00739/01992 (37.10%) | loss: 2.954070 | lrm: 0.97 | dt: 8293.63ms | tok/sec: 126,431 | bf16_mfu: 0.00 | epoch: 1 pq: 17 rg: 31 | total time: 102.26m | eta: 175.8m
step 00740/01992 (37.15%) | loss: 2.950652 | lrm: 0.97 | dt: 8295.44ms | tok/sec: 126,403 | bf16_mfu: 0.00 | epoch: 1 pq: 17 rg: 33 | total time: 102.40m | eta: 175.6m
step 00741/01992 (37.20%) | loss: 2.951600 | lrm: 0.97 | dt: 8293.02ms | tok/sec: 126,440 | bf16_mfu: 0.00 | epoch: 1 pq: 17 rg: 35 | total time: 102.54m | eta: 175.5m
step 00742/01992 (37.25%) | loss: 2.955329 | lrm: 0.97 | dt: 8298.13ms | tok/sec: 126,362 | bf16_mfu: 0.00 | epoch: 1 pq: 17 rg: 37 | total time: 102.68m | eta: 175.3m
step 00743/01992 (37.30%) | loss: 2.947403 | lrm: 0.97 | dt: 8297.00ms | tok/sec: 126,380 | bf16_mfu: 0.00 | epoch: 1 pq: 17 rg: 39 | total time: 102.82m | eta: 175.2m
step 00744/01992 (37.35%) | loss: 2.961032 | lrm: 0.97 | dt: 8297.60ms | tok/sec: 126,371 | bf16_mfu: 0.00 | epoch: 1 pq: 17 rg: 41 | total time: 102.95m | eta: 175.1m
step 00745/01992 (37.40%) | loss: 2.954759 | lrm: 0.96 | dt: 8292.47ms | tok/sec: 126,449 | bf16_mfu: 0.00 | epoch: 1 pq: 17 rg: 43 | total time: 103.09m | eta: 174.9m
step 00746/01992 (37.45%) | loss: 2.950404 | lrm: 0.96 | dt: 8291.49ms | tok/sec: 126,464 | bf16_mfu: 0.00 | epoch: 1 pq: 17 rg: 45 | total time: 103.23m | eta: 174.8m
step 00747/01992 (37.50%) | loss: 2.945944 | lrm: 0.96 | dt: 8293.66ms | tok/sec: 126,431 | bf16_mfu: 0.00 | epoch: 1 pq: 17 rg: 47 | total time: 103.37m | eta: 174.6m
step 00748/01992 (37.55%) | loss: 2.937810 | lrm: 0.96 | dt: 8293.82ms | tok/sec: 126,428 | bf16_mfu: 0.00 | epoch: 1 pq: 17 rg: 49 | total time: 103.51m | eta: 174.5m
step 00749/01992 (37.60%) | loss: 2.925329 | lrm: 0.96 | dt: 8297.96ms | tok/sec: 126,365 | bf16_mfu: 0.00 | epoch: 1 pq: 17 rg: 51 | total time: 103.65m | eta: 174.3m
Step 00750 | Validation bpb: 0.893496
step 00750/01992 (37.65%) | loss: 2.932585 | lrm: 0.96 | dt: 8288.36ms | tok/sec: 126,511 | bf16_mfu: 0.00 | epoch: 1 pq: 17 rg: 53 | total time: 103.78m | eta: 174.2m
step 00751/01992 (37.70%) | loss: 2.922887 | lrm: 0.96 | dt: 8290.06ms | tok/sec: 126,485 | bf16_mfu: 0.00 | epoch: 1 pq: 17 rg: 55 | total time: 103.92m | eta: 174.0m
step 00752/01992 (37.75%) | loss: 2.928828 | lrm: 0.96 | dt: 8290.90ms | tok/sec: 126,473 | bf16_mfu: 0.00 | epoch: 1 pq: 17 rg: 57 | total time: 104.06m | eta: 173.9m
step 00753/01992 (37.80%) | loss: 2.932495 | lrm: 0.96 | dt: 8295.32ms | tok/sec: 126,405 | bf16_mfu: 0.00 | epoch: 1 pq: 17 rg: 59 | total time: 104.20m | eta: 173.8m
step 00754/01992 (37.85%) | loss: 2.942273 | lrm: 0.96 | dt: 8299.07ms | tok/sec: 126,348 | bf16_mfu: 0.00 | epoch: 1 pq: 17 rg: 60 | total time: 104.34m | eta: 173.6m
step 00755/01992 (37.90%) | loss: 2.942572 | lrm: 0.96 | dt: 8300.30ms | tok/sec: 126,329 | bf16_mfu: 0.00 | epoch: 1 pq: 17 rg: 62 | total time: 104.48m | eta: 173.5m
step 00756/01992 (37.95%) | loss: 2.940333 | lrm: 0.96 | dt: 8305.17ms | tok/sec: 126,255 | bf16_mfu: 0.00 | epoch: 1 pq: 17 rg: 64 | total time: 104.61m | eta: 173.3m
step 00757/01992 (38.00%) | loss: 2.937965 | lrm: 0.96 | dt: 8301.63ms | tok/sec: 126,309 | bf16_mfu: 0.00 | epoch: 1 pq: 17 rg: 66 | total time: 104.75m | eta: 173.2m
step 00758/01992 (38.05%) | loss: 2.929514 | lrm: 0.96 | dt: 8306.56ms | tok/sec: 126,234 | bf16_mfu: 0.00 | epoch: 1 pq: 17 rg: 68 | total time: 104.89m | eta: 173.0m
step 00759/01992 (38.10%) | loss: 2.936730 | lrm: 0.95 | dt: 8309.55ms | tok/sec: 126,189 | bf16_mfu: 0.00 | epoch: 1 pq: 17 rg: 70 | total time: 105.03m | eta: 172.9m
step 00760/01992 (38.15%) | loss: 2.940635 | lrm: 0.95 | dt: 8311.28ms | tok/sec: 126,162 | bf16_mfu: 0.00 | epoch: 1 pq: 17 rg: 72 | total time: 105.17m | eta: 172.8m
step 00761/01992 (38.20%) | loss: 2.938013 | lrm: 0.95 | dt: 8320.61ms | tok/sec: 126,021 | bf16_mfu: 0.00 | epoch: 1 pq: 17 rg: 74 | total time: 105.31m | eta: 172.6m
step 00762/01992 (38.25%) | loss: 2.926115 | lrm: 0.95 | dt: 8315.40ms | tok/sec: 126,100 | bf16_mfu: 0.00 | epoch: 1 pq: 17 rg: 76 | total time: 105.44m | eta: 172.5m
step 00763/01992 (38.30%) | loss: 2.935937 | lrm: 0.95 | dt: 8320.23ms | tok/sec: 126,027 | bf16_mfu: 0.00 | epoch: 1 pq: 17 rg: 78 | total time: 105.58m | eta: 172.3m
step 00764/01992 (38.35%) | loss: 2.939817 | lrm: 0.95 | dt: 8320.97ms | tok/sec: 126,016 | bf16_mfu: 0.00 | epoch: 1 pq: 17 rg: 80 | total time: 105.72m | eta: 172.2m
step 00765/01992 (38.40%) | loss: 2.949901 | lrm: 0.95 | dt: 8328.05ms | tok/sec: 125,908 | bf16_mfu: 0.00 | epoch: 1 pq: 17 rg: 82 | total time: 105.86m | eta: 172.0m
step 00766/01992 (38.45%) | loss: 2.947270 | lrm: 0.95 | dt: 8329.78ms | tok/sec: 125,882 | bf16_mfu: 0.00 | epoch: 1 pq: 18 rg: 1 | total time: 106.00m | eta: 171.9m
step 00767/01992 (38.50%) | loss: 2.952950 | lrm: 0.95 | dt: 8328.45ms | tok/sec: 125,902 | bf16_mfu: 0.00 | epoch: 1 pq: 18 rg: 2 | total time: 106.14m | eta: 171.8m
step 00768/01992 (38.55%) | loss: 2.940896 | lrm: 0.95 | dt: 8326.36ms | tok/sec: 125,934 | bf16_mfu: 0.00 | epoch: 1 pq: 18 rg: 4 | total time: 106.28m | eta: 171.6m
step 00769/01992 (38.60%) | loss: 2.943229 | lrm: 0.95 | dt: 8327.27ms | tok/sec: 125,920 | bf16_mfu: 0.00 | epoch: 1 pq: 18 rg: 6 | total time: 106.42m | eta: 171.5m
step 00770/01992 (38.65%) | loss: 2.929186 | lrm: 0.95 | dt: 8327.49ms | tok/sec: 125,917 | bf16_mfu: 0.00 | epoch: 1 pq: 18 rg: 8 | total time: 106.55m | eta: 171.3m
step 00771/01992 (38.70%) | loss: 2.924387 | lrm: 0.95 | dt: 8328.98ms | tok/sec: 125,894 | bf16_mfu: 0.00 | epoch: 1 pq: 18 rg: 10 | total time: 106.69m | eta: 171.2m
step 00772/01992 (38.76%) | loss: 2.932102 | lrm: 0.94 | dt: 8332.74ms | tok/sec: 125,838 | bf16_mfu: 0.00 | epoch: 1 pq: 18 rg: 12 | total time: 106.83m | eta: 171.0m
step 00773/01992 (38.81%) | loss: 2.933476 | lrm: 0.94 | dt: 8336.14ms | tok/sec: 125,786 | bf16_mfu: 0.00 | epoch: 1 pq: 18 rg: 14 | total time: 106.97m | eta: 170.9m
step 00774/01992 (38.86%) | loss: 2.936043 | lrm: 0.94 | dt: 8338.94ms | tok/sec: 125,744 | bf16_mfu: 0.00 | epoch: 1 pq: 18 rg: 16 | total time: 107.11m | eta: 170.8m
step 00775/01992 (38.91%) | loss: 2.941694 | lrm: 0.94 | dt: 8337.25ms | tok/sec: 125,770 | bf16_mfu: 0.00 | epoch: 1 pq: 18 rg: 18 | total time: 107.25m | eta: 170.6m
step 00776/01992 (38.96%) | loss: 2.947992 | lrm: 0.94 | dt: 8336.56ms | tok/sec: 125,780 | bf16_mfu: 0.00 | epoch: 1 pq: 18 rg: 20 | total time: 107.39m | eta: 170.5m
step 00777/01992 (39.01%) | loss: 2.942781 | lrm: 0.94 | dt: 8356.23ms | tok/sec: 125,484 | bf16_mfu: 0.00 | epoch: 1 pq: 18 rg: 22 | total time: 107.53m | eta: 170.3m
step 00778/01992 (39.06%) | loss: 2.938767 | lrm: 0.94 | dt: 8334.52ms | tok/sec: 125,811 | bf16_mfu: 0.00 | epoch: 1 pq: 18 rg: 24 | total time: 107.67m | eta: 170.2m
step 00779/01992 (39.11%) | loss: 2.942834 | lrm: 0.94 | dt: 8331.17ms | tok/sec: 125,861 | bf16_mfu: 0.00 | epoch: 1 pq: 18 rg: 26 | total time: 107.81m | eta: 170.0m
step 00780/01992 (39.16%) | loss: 2.938931 | lrm: 0.94 | dt: 8329.10ms | tok/sec: 125,893 | bf16_mfu: 0.00 | epoch: 1 pq: 18 rg: 28 | total time: 107.94m | eta: 169.9m
step 00781/01992 (39.21%) | loss: 2.943429 | lrm: 0.94 | dt: 8330.44ms | tok/sec: 125,872 | bf16_mfu: 0.00 | epoch: 1 pq: 18 rg: 30 | total time: 108.08m | eta: 169.8m
step 00782/01992 (39.26%) | loss: 2.938895 | lrm: 0.94 | dt: 8333.20ms | tok/sec: 125,831 | bf16_mfu: 0.00 | epoch: 1 pq: 18 rg: 32 | total time: 108.22m | eta: 169.6m
step 00783/01992 (39.31%) | loss: 2.942047 | lrm: 0.94 | dt: 8330.96ms | tok/sec: 125,864 | bf16_mfu: 0.00 | epoch: 1 pq: 18 rg: 33 | total time: 108.36m | eta: 169.5m
step 00784/01992 (39.36%) | loss: 2.937140 | lrm: 0.94 | dt: 8329.65ms | tok/sec: 125,884 | bf16_mfu: 0.00 | epoch: 1 pq: 18 rg: 35 | total time: 108.50m | eta: 169.3m
step 00785/01992 (39.41%) | loss: 2.942356 | lrm: 0.94 | dt: 8333.77ms | tok/sec: 125,822 | bf16_mfu: 0.00 | epoch: 1 pq: 18 rg: 37 | total time: 108.64m | eta: 169.2m
step 00786/01992 (39.46%) | loss: 2.946319 | lrm: 0.93 | dt: 8328.57ms | tok/sec: 125,901 | bf16_mfu: 0.00 | epoch: 1 pq: 18 rg: 39 | total time: 108.78m | eta: 169.1m
step 00787/01992 (39.51%) | loss: 2.938792 | lrm: 0.93 | dt: 8326.68ms | tok/sec: 125,929 | bf16_mfu: 0.00 | epoch: 1 pq: 18 rg: 41 | total time: 108.92m | eta: 168.9m
step 00788/01992 (39.56%) | loss: 2.925746 | lrm: 0.93 | dt: 8330.00ms | tok/sec: 125,879 | bf16_mfu: 0.00 | epoch: 1 pq: 18 rg: 43 | total time: 109.06m | eta: 168.8m
step 00789/01992 (39.61%) | loss: 2.937754 | lrm: 0.93 | dt: 8319.70ms | tok/sec: 126,035 | bf16_mfu: 0.00 | epoch: 1 pq: 18 rg: 45 | total time: 109.19m | eta: 168.6m
step 00790/01992 (39.66%) | loss: 2.914039 | lrm: 0.93 | dt: 8314.97ms | tok/sec: 126,106 | bf16_mfu: 0.00 | epoch: 1 pq: 18 rg: 47 | total time: 109.33m | eta: 168.5m
step 00791/01992 (39.71%) | loss: 2.922298 | lrm: 0.93 | dt: 8315.69ms | tok/sec: 126,096 | bf16_mfu: 0.00 | epoch: 1 pq: 18 rg: 49 | total time: 109.47m | eta: 168.3m
step 00792/01992 (39.76%) | loss: 2.925484 | lrm: 0.93 | dt: 8314.11ms | tok/sec: 126,120 | bf16_mfu: 0.00 | epoch: 1 pq: 18 rg: 51 | total time: 109.61m | eta: 168.2m
step 00793/01992 (39.81%) | loss: 2.936678 | lrm: 0.93 | dt: 8319.36ms | tok/sec: 126,040 | bf16_mfu: 0.00 | epoch: 1 pq: 18 rg: 53 | total time: 109.75m | eta: 168.1m
step 00794/01992 (39.86%) | loss: 2.931311 | lrm: 0.93 | dt: 8320.88ms | tok/sec: 126,017 | bf16_mfu: 0.00 | epoch: 1 pq: 18 rg: 55 | total time: 109.89m | eta: 167.9m
step 00795/01992 (39.91%) | loss: 2.918644 | lrm: 0.93 | dt: 8324.32ms | tok/sec: 125,965 | bf16_mfu: 0.00 | epoch: 1 pq: 18 rg: 57 | total time: 110.03m | eta: 167.8m
step 00796/01992 (39.96%) | loss: 2.936896 | lrm: 0.93 | dt: 8320.22ms | tok/sec: 126,027 | bf16_mfu: 0.00 | epoch: 1 pq: 18 rg: 59 | total time: 110.16m | eta: 167.6m
step 00797/01992 (40.01%) | loss: 2.925532 | lrm: 0.93 | dt: 8315.09ms | tok/sec: 126,105 | bf16_mfu: 0.00 | epoch: 1 pq: 18 rg: 61 | total time: 110.30m | eta: 167.5m
step 00798/01992 (40.06%) | loss: 2.925387 | lrm: 0.93 | dt: 8315.77ms | tok/sec: 126,094 | bf16_mfu: 0.00 | epoch: 1 pq: 18 rg: 63 | total time: 110.44m | eta: 167.3m
step 00799/01992 (40.11%) | loss: 2.913995 | lrm: 0.93 | dt: 8320.34ms | tok/sec: 126,025 | bf16_mfu: 0.00 | epoch: 1 pq: 18 rg: 65 | total time: 110.58m | eta: 167.2m
step 00800/01992 (40.16%) | loss: 2.904698 | lrm: 0.92 | dt: 8322.25ms | tok/sec: 125,996 | bf16_mfu: 0.00 | epoch: 1 pq: 18 rg: 66 | total time: 110.72m | eta: 167.1m
step 00801/01992 (40.21%) | loss: 2.914452 | lrm: 0.92 | dt: 8321.17ms | tok/sec: 126,013 | bf16_mfu: 0.00 | epoch: 1 pq: 18 rg: 68 | total time: 110.86m | eta: 166.9m
step 00802/01992 (40.26%) | loss: 2.914122 | lrm: 0.92 | dt: 8313.78ms | tok/sec: 126,125 | bf16_mfu: 0.00 | epoch: 1 pq: 18 rg: 70 | total time: 111.00m | eta: 166.8m
step 00803/01992 (40.31%) | loss: 2.927149 | lrm: 0.92 | dt: 8314.16ms | tok/sec: 126,119 | bf16_mfu: 0.00 | epoch: 1 pq: 18 rg: 72 | total time: 111.13m | eta: 166.6m
step 00804/01992 (40.36%) | loss: 2.934785 | lrm: 0.92 | dt: 8311.64ms | tok/sec: 126,157 | bf16_mfu: 0.00 | epoch: 1 pq: 18 rg: 74 | total time: 111.27m | eta: 166.5m
step 00805/01992 (40.41%) | loss: 2.939311 | lrm: 0.92 | dt: 8314.92ms | tok/sec: 126,107 | bf16_mfu: 0.00 | epoch: 1 pq: 18 rg: 76 | total time: 111.41m | eta: 166.3m
step 00806/01992 (40.46%) | loss: 2.933654 | lrm: 0.92 | dt: 8310.47ms | tok/sec: 126,175 | bf16_mfu: 0.00 | epoch: 1 pq: 18 rg: 78 | total time: 111.55m | eta: 166.2m
step 00807/01992 (40.51%) | loss: 2.922571 | lrm: 0.92 | dt: 8305.62ms | tok/sec: 126,248 | bf16_mfu: 0.00 | epoch: 1 pq: 18 rg: 80 | total time: 111.69m | eta: 166.1m
step 00808/01992 (40.56%) | loss: 2.924474 | lrm: 0.92 | dt: 8303.74ms | tok/sec: 126,277 | bf16_mfu: 0.00 | epoch: 1 pq: 18 rg: 82 | total time: 111.83m | eta: 165.9m
step 00809/01992 (40.61%) | loss: 2.914678 | lrm: 0.92 | dt: 8301.66ms | tok/sec: 126,309 | bf16_mfu: 0.00 | epoch: 1 pq: 19 rg: 1 | total time: 111.97m | eta: 165.8m
step 00810/01992 (40.66%) | loss: 2.900087 | lrm: 0.92 | dt: 8302.05ms | tok/sec: 126,303 | bf16_mfu: 0.00 | epoch: 1 pq: 19 rg: 3 | total time: 112.10m | eta: 165.6m
step 00811/01992 (40.71%) | loss: 2.903472 | lrm: 0.92 | dt: 8301.49ms | tok/sec: 126,311 | bf16_mfu: 0.00 | epoch: 1 pq: 19 rg: 5 | total time: 112.24m | eta: 165.5m
step 00812/01992 (40.76%) | loss: 2.899847 | lrm: 0.92 | dt: 8307.75ms | tok/sec: 126,216 | bf16_mfu: 0.00 | epoch: 1 pq: 19 rg: 7 | total time: 112.38m | eta: 165.3m
step 00813/01992 (40.81%) | loss: 2.896810 | lrm: 0.91 | dt: 8301.61ms | tok/sec: 126,309 | bf16_mfu: 0.00 | epoch: 1 pq: 19 rg: 9 | total time: 112.52m | eta: 165.2m
step 00814/01992 (40.86%) | loss: 2.891138 | lrm: 0.91 | dt: 8302.70ms | tok/sec: 126,293 | bf16_mfu: 0.00 | epoch: 1 pq: 19 rg: 11 | total time: 112.66m | eta: 165.1m
step 00815/01992 (40.91%) | loss: 2.888620 | lrm: 0.91 | dt: 8302.10ms | tok/sec: 126,302 | bf16_mfu: 0.00 | epoch: 1 pq: 19 rg: 13 | total time: 112.80m | eta: 164.9m
step 00816/01992 (40.96%) | loss: 2.890214 | lrm: 0.91 | dt: 8304.41ms | tok/sec: 126,267 | bf16_mfu: 0.00 | epoch: 1 pq: 19 rg: 15 | total time: 112.93m | eta: 164.8m
step 00817/01992 (41.01%) | loss: 2.888621 | lrm: 0.91 | dt: 8304.06ms | tok/sec: 126,272 | bf16_mfu: 0.00 | epoch: 1 pq: 19 rg: 17 | total time: 113.07m | eta: 164.6m
step 00818/01992 (41.06%) | loss: 2.883893 | lrm: 0.91 | dt: 8303.06ms | tok/sec: 126,287 | bf16_mfu: 0.00 | epoch: 1 pq: 19 rg: 19 | total time: 113.21m | eta: 164.5m
step 00819/01992 (41.11%) | loss: 2.896079 | lrm: 0.91 | dt: 8302.05ms | tok/sec: 126,303 | bf16_mfu: 0.00 | epoch: 1 pq: 19 rg: 21 | total time: 113.35m | eta: 164.3m
step 00820/01992 (41.16%) | loss: 2.897372 | lrm: 0.91 | dt: 8304.96ms | tok/sec: 126,258 | bf16_mfu: 0.00 | epoch: 1 pq: 19 rg: 23 | total time: 113.49m | eta: 164.2m
step 00821/01992 (41.21%) | loss: 2.895538 | lrm: 0.91 | dt: 8303.01ms | tok/sec: 126,288 | bf16_mfu: 0.00 | epoch: 1 pq: 19 rg: 24 | total time: 113.63m | eta: 164.1m
step 00822/01992 (41.27%) | loss: 2.888189 | lrm: 0.91 | dt: 8298.14ms | tok/sec: 126,362 | bf16_mfu: 0.00 | epoch: 1 pq: 19 rg: 26 | total time: 113.76m | eta: 163.9m
step 00823/01992 (41.32%) | loss: 2.897738 | lrm: 0.91 | dt: 8297.65ms | tok/sec: 126,370 | bf16_mfu: 0.00 | epoch: 1 pq: 19 rg: 28 | total time: 113.90m | eta: 163.8m
step 00824/01992 (41.37%) | loss: 2.904105 | lrm: 0.91 | dt: 8294.96ms | tok/sec: 126,411 | bf16_mfu: 0.00 | epoch: 1 pq: 19 rg: 30 | total time: 114.04m | eta: 163.6m
step 00825/01992 (41.42%) | loss: 2.905099 | lrm: 0.91 | dt: 8327.59ms | tok/sec: 125,915 | bf16_mfu: 0.00 | epoch: 1 pq: 19 rg: 32 | total time: 114.18m | eta: 163.5m
step 00826/01992 (41.47%) | loss: 2.914597 | lrm: 0.91 | dt: 8294.31ms | tok/sec: 126,421 | bf16_mfu: 0.00 | epoch: 1 pq: 19 rg: 34 | total time: 114.32m | eta: 163.4m
step 00827/01992 (41.52%) | loss: 2.913635 | lrm: 0.90 | dt: 8289.43ms | tok/sec: 126,495 | bf16_mfu: 0.00 | epoch: 1 pq: 19 rg: 36 | total time: 114.46m | eta: 163.2m
step 00828/01992 (41.57%) | loss: 2.910729 | lrm: 0.90 | dt: 8289.38ms | tok/sec: 126,496 | bf16_mfu: 0.00 | epoch: 1 pq: 19 rg: 38 | total time: 114.59m | eta: 163.1m
step 00829/01992 (41.62%) | loss: 2.895374 | lrm: 0.90 | dt: 8288.34ms | tok/sec: 126,512 | bf16_mfu: 0.00 | epoch: 1 pq: 19 rg: 40 | total time: 114.73m | eta: 162.9m
step 00830/01992 (41.67%) | loss: 2.883674 | lrm: 0.90 | dt: 8294.60ms | tok/sec: 126,416 | bf16_mfu: 0.00 | epoch: 1 pq: 19 rg: 42 | total time: 114.87m | eta: 162.8m
step 00831/01992 (41.72%) | loss: 2.882191 | lrm: 0.90 | dt: 8293.59ms | tok/sec: 126,432 | bf16_mfu: 0.00 | epoch: 1 pq: 19 rg: 44 | total time: 115.01m | eta: 162.6m
step 00832/01992 (41.77%) | loss: 2.877512 | lrm: 0.90 | dt: 8291.71ms | tok/sec: 126,460 | bf16_mfu: 0.00 | epoch: 1 pq: 19 rg: 46 | total time: 115.15m | eta: 162.5m
step 00833/01992 (41.82%) | loss: 2.886630 | lrm: 0.90 | dt: 8289.06ms | tok/sec: 126,501 | bf16_mfu: 0.00 | epoch: 1 pq: 19 rg: 48 | total time: 115.29m | eta: 162.4m
step 00834/01992 (41.87%) | loss: 2.891064 | lrm: 0.90 | dt: 8292.97ms | tok/sec: 126,441 | bf16_mfu: 0.00 | epoch: 1 pq: 19 rg: 50 | total time: 115.42m | eta: 162.2m
step 00835/01992 (41.92%) | loss: 2.892236 | lrm: 0.90 | dt: 8293.71ms | tok/sec: 126,430 | bf16_mfu: 0.00 | epoch: 1 pq: 19 rg: 51 | total time: 115.56m | eta: 162.1m
step 00836/01992 (41.97%) | loss: 2.894131 | lrm: 0.90 | dt: 8290.21ms | tok/sec: 126,483 | bf16_mfu: 0.00 | epoch: 1 pq: 19 rg: 53 | total time: 115.70m | eta: 161.9m
step 00837/01992 (42.02%) | loss: 2.897088 | lrm: 0.90 | dt: 8298.95ms | tok/sec: 126,350 | bf16_mfu: 0.00 | epoch: 1 pq: 19 rg: 55 | total time: 115.84m | eta: 161.8m
step 00838/01992 (42.07%) | loss: 2.898676 | lrm: 0.90 | dt: 8296.21ms | tok/sec: 126,392 | bf16_mfu: 0.00 | epoch: 1 pq: 19 rg: 57 | total time: 115.98m | eta: 161.6m
step 00839/01992 (42.12%) | loss: 2.896932 | lrm: 0.90 | dt: 8299.23ms | tok/sec: 126,346 | bf16_mfu: 0.00 | epoch: 1 pq: 19 rg: 59 | total time: 116.11m | eta: 161.5m
step 00840/01992 (42.17%) | loss: 2.882919 | lrm: 0.90 | dt: 8292.67ms | tok/sec: 126,446 | bf16_mfu: 0.00 | epoch: 1 pq: 19 rg: 61 | total time: 116.25m | eta: 161.4m
step 00841/01992 (42.22%) | loss: 2.878331 | lrm: 0.89 | dt: 8298.68ms | tok/sec: 126,354 | bf16_mfu: 0.00 | epoch: 1 pq: 19 rg: 63 | total time: 116.39m | eta: 161.2m
step 00842/01992 (42.27%) | loss: 2.877725 | lrm: 0.89 | dt: 8296.85ms | tok/sec: 126,382 | bf16_mfu: 0.00 | epoch: 1 pq: 19 rg: 65 | total time: 116.53m | eta: 161.1m
step 00843/01992 (42.32%) | loss: 2.887929 | lrm: 0.89 | dt: 8291.90ms | tok/sec: 126,457 | bf16_mfu: 0.00 | epoch: 1 pq: 19 rg: 67 | total time: 116.67m | eta: 160.9m
step 00844/01992 (42.37%) | loss: 2.888783 | lrm: 0.89 | dt: 8291.92ms | tok/sec: 126,457 | bf16_mfu: 0.00 | epoch: 1 pq: 19 rg: 69 | total time: 116.81m | eta: 160.8m
step 00845/01992 (42.42%) | loss: 2.882554 | lrm: 0.89 | dt: 8290.78ms | tok/sec: 126,475 | bf16_mfu: 0.00 | epoch: 1 pq: 19 rg: 71 | total time: 116.94m | eta: 160.6m
step 00846/01992 (42.47%) | loss: 2.864021 | lrm: 0.89 | dt: 8283.10ms | tok/sec: 126,592 | bf16_mfu: 0.00 | epoch: 1 pq: 19 rg: 73 | total time: 117.08m | eta: 160.5m
step 00847/01992 (42.52%) | loss: 2.845687 | lrm: 0.89 | dt: 8287.45ms | tok/sec: 126,525 | bf16_mfu: 0.00 | epoch: 1 pq: 19 rg: 75 | total time: 117.22m | eta: 160.4m
step 00848/01992 (42.57%) | loss: 2.846535 | lrm: 0.89 | dt: 8285.24ms | tok/sec: 126,559 | bf16_mfu: 0.00 | epoch: 1 pq: 19 rg: 77 | total time: 117.36m | eta: 160.2m
step 00849/01992 (42.62%) | loss: 2.851277 | lrm: 0.89 | dt: 8291.76ms | tok/sec: 126,460 | bf16_mfu: 0.00 | epoch: 1 pq: 19 rg: 79 | total time: 117.50m | eta: 160.1m
step 00850/01992 (42.67%) | loss: 2.858574 | lrm: 0.89 | dt: 8292.39ms | tok/sec: 126,450 | bf16_mfu: 0.00 | epoch: 1 pq: 19 rg: 80 | total time: 117.63m | eta: 159.9m
step 00851/01992 (42.72%) | loss: 2.855923 | lrm: 0.89 | dt: 8286.75ms | tok/sec: 126,536 | bf16_mfu: 0.00 | epoch: 1 pq: 20 rg: 0 | total time: 117.77m | eta: 159.8m
step 00852/01992 (42.77%) | loss: 2.874593 | lrm: 0.89 | dt: 8288.83ms | tok/sec: 126,504 | bf16_mfu: 0.00 | epoch: 1 pq: 20 rg: 2 | total time: 117.91m | eta: 159.6m
step 00853/01992 (42.82%) | loss: 2.869582 | lrm: 0.89 | dt: 8289.11ms | tok/sec: 126,500 | bf16_mfu: 0.00 | epoch: 1 pq: 20 rg: 4 | total time: 118.05m | eta: 159.5m
step 00854/01992 (42.87%) | loss: 2.876029 | lrm: 0.88 | dt: 8291.25ms | tok/sec: 126,467 | bf16_mfu: 0.00 | epoch: 1 pq: 20 rg: 6 | total time: 118.19m | eta: 159.4m
step 00855/01992 (42.92%) | loss: 2.882896 | lrm: 0.88 | dt: 8289.97ms | tok/sec: 126,487 | bf16_mfu: 0.00 | epoch: 1 pq: 20 rg: 8 | total time: 118.33m | eta: 159.2m
step 00856/01992 (42.97%) | loss: 2.886894 | lrm: 0.88 | dt: 8287.22ms | tok/sec: 126,529 | bf16_mfu: 0.00 | epoch: 1 pq: 20 rg: 10 | total time: 118.46m | eta: 159.1m
step 00857/01992 (43.02%) | loss: 2.895777 | lrm: 0.88 | dt: 8288.04ms | tok/sec: 126,516 | bf16_mfu: 0.00 | epoch: 1 pq: 20 rg: 12 | total time: 118.60m | eta: 158.9m
step 00858/01992 (43.07%) | loss: 2.887495 | lrm: 0.88 | dt: 8292.47ms | tok/sec: 126,449 | bf16_mfu: 0.00 | epoch: 1 pq: 20 rg: 14 | total time: 118.74m | eta: 158.8m
step 00859/01992 (43.12%) | loss: 2.884937 | lrm: 0.88 | dt: 8291.17ms | tok/sec: 126,469 | bf16_mfu: 0.00 | epoch: 1 pq: 20 rg: 16 | total time: 118.88m | eta: 158.6m
step 00860/01992 (43.17%) | loss: 2.882579 | lrm: 0.88 | dt: 8290.69ms | tok/sec: 126,476 | bf16_mfu: 0.00 | epoch: 1 pq: 20 rg: 18 | total time: 119.02m | eta: 158.5m
step 00861/01992 (43.22%) | loss: 2.886086 | lrm: 0.88 | dt: 8290.33ms | tok/sec: 126,481 | bf16_mfu: 0.00 | epoch: 1 pq: 20 rg: 20 | total time: 119.15m | eta: 158.4m
step 00862/01992 (43.27%) | loss: 2.879541 | lrm: 0.88 | dt: 8289.37ms | tok/sec: 126,496 | bf16_mfu: 0.00 | epoch: 1 pq: 20 rg: 22 | total time: 119.29m | eta: 158.2m
step 00863/01992 (43.32%) | loss: 2.868780 | lrm: 0.88 | dt: 8283.30ms | tok/sec: 126,589 | bf16_mfu: 0.00 | epoch: 1 pq: 20 rg: 24 | total time: 119.43m | eta: 158.1m
step 00864/01992 (43.37%) | loss: 2.880349 | lrm: 0.88 | dt: 8286.63ms | tok/sec: 126,538 | bf16_mfu: 0.00 | epoch: 1 pq: 20 rg: 26 | total time: 119.57m | eta: 157.9m
step 00865/01992 (43.42%) | loss: 2.879898 | lrm: 0.88 | dt: 8285.53ms | tok/sec: 126,555 | bf16_mfu: 0.00 | epoch: 1 pq: 20 rg: 28 | total time: 119.71m | eta: 157.8m
step 00866/01992 (43.47%) | loss: 2.874442 | lrm: 0.88 | dt: 8288.54ms | tok/sec: 126,509 | bf16_mfu: 0.00 | epoch: 1 pq: 20 rg: 30 | total time: 119.85m | eta: 157.6m
step 00867/01992 (43.52%) | loss: 2.876317 | lrm: 0.88 | dt: 8292.15ms | tok/sec: 126,454 | bf16_mfu: 0.00 | epoch: 1 pq: 20 rg: 31 | total time: 119.98m | eta: 157.5m
step 00868/01992 (43.57%) | loss: 2.866514 | lrm: 0.87 | dt: 8289.96ms | tok/sec: 126,487 | bf16_mfu: 0.00 | epoch: 1 pq: 20 rg: 33 | total time: 120.12m | eta: 157.4m
step 00869/01992 (43.62%) | loss: 2.875165 | lrm: 0.87 | dt: 8293.23ms | tok/sec: 126,437 | bf16_mfu: 0.00 | epoch: 1 pq: 20 rg: 35 | total time: 120.26m | eta: 157.2m
step 00870/01992 (43.67%) | loss: 2.874560 | lrm: 0.87 | dt: 8287.91ms | tok/sec: 126,518 | bf16_mfu: 0.00 | epoch: 1 pq: 20 rg: 37 | total time: 120.40m | eta: 157.1m
step 00871/01992 (43.72%) | loss: 2.861927 | lrm: 0.87 | dt: 8294.32ms | tok/sec: 126,420 | bf16_mfu: 0.00 | epoch: 1 pq: 20 rg: 39 | total time: 120.54m | eta: 156.9m
step 00872/01992 (43.78%) | loss: 2.875349 | lrm: 0.87 | dt: 8292.10ms | tok/sec: 126,454 | bf16_mfu: 0.00 | epoch: 1 pq: 20 rg: 41 | total time: 120.67m | eta: 156.8m
step 00873/01992 (43.83%) | loss: 2.875836 | lrm: 0.87 | dt: 8293.23ms | tok/sec: 126,437 | bf16_mfu: 0.00 | epoch: 1 pq: 20 rg: 43 | total time: 120.81m | eta: 156.7m
step 00874/01992 (43.88%) | loss: 2.886067 | lrm: 0.87 | dt: 8294.10ms | tok/sec: 126,424 | bf16_mfu: 0.00 | epoch: 1 pq: 20 rg: 45 | total time: 120.95m | eta: 156.5m
step 00875/01992 (43.93%) | loss: 2.881778 | lrm: 0.87 | dt: 8294.76ms | tok/sec: 126,414 | bf16_mfu: 0.00 | epoch: 1 pq: 20 rg: 47 | total time: 121.09m | eta: 156.4m
step 00876/01992 (43.98%) | loss: 2.894911 | lrm: 0.87 | dt: 8293.16ms | tok/sec: 126,438 | bf16_mfu: 0.00 | epoch: 1 pq: 20 rg: 49 | total time: 121.23m | eta: 156.2m
step 00877/01992 (44.03%) | loss: 2.895892 | lrm: 0.87 | dt: 8296.85ms | tok/sec: 126,382 | bf16_mfu: 0.00 | epoch: 1 pq: 20 rg: 51 | total time: 121.37m | eta: 156.1m
step 00878/01992 (44.08%) | loss: 2.890201 | lrm: 0.87 | dt: 8288.63ms | tok/sec: 126,507 | bf16_mfu: 0.00 | epoch: 1 pq: 20 rg: 53 | total time: 121.50m | eta: 155.9m
step 00879/01992 (44.13%) | loss: 2.890420 | lrm: 0.87 | dt: 8298.83ms | tok/sec: 126,352 | bf16_mfu: 0.00 | epoch: 1 pq: 20 rg: 55 | total time: 121.64m | eta: 155.8m
step 00880/01992 (44.18%) | loss: 2.883318 | lrm: 0.87 | dt: 8289.77ms | tok/sec: 126,490 | bf16_mfu: 0.00 | epoch: 1 pq: 20 rg: 57 | total time: 121.78m | eta: 155.7m
step 00881/01992 (44.23%) | loss: 2.885094 | lrm: 0.87 | dt: 8291.64ms | tok/sec: 126,461 | bf16_mfu: 0.00 | epoch: 1 pq: 20 rg: 59 | total time: 121.92m | eta: 155.5m
step 00882/01992 (44.28%) | loss: 2.877359 | lrm: 0.86 | dt: 8293.43ms | tok/sec: 126,434 | bf16_mfu: 0.00 | epoch: 1 pq: 20 rg: 61 | total time: 122.06m | eta: 155.4m
step 00883/01992 (44.33%) | loss: 2.883920 | lrm: 0.86 | dt: 8291.87ms | tok/sec: 126,458 | bf16_mfu: 0.00 | epoch: 1 pq: 20 rg: 63 | total time: 122.19m | eta: 155.2m
step 00884/01992 (44.38%) | loss: 2.881630 | lrm: 0.86 | dt: 8296.33ms | tok/sec: 126,390 | bf16_mfu: 0.00 | epoch: 1 pq: 20 rg: 65 | total time: 122.33m | eta: 155.1m
step 00885/01992 (44.43%) | loss: 2.882058 | lrm: 0.86 | dt: 8299.88ms | tok/sec: 126,336 | bf16_mfu: 0.00 | epoch: 1 pq: 20 rg: 67 | total time: 122.47m | eta: 154.9m
step 00886/01992 (44.48%) | loss: 2.883418 | lrm: 0.86 | dt: 8292.97ms | tok/sec: 126,441 | bf16_mfu: 0.00 | epoch: 1 pq: 20 rg: 68 | total time: 122.61m | eta: 154.8m
step 00887/01992 (44.53%) | loss: 2.876729 | lrm: 0.86 | dt: 8292.35ms | tok/sec: 126,451 | bf16_mfu: 0.00 | epoch: 1 pq: 20 rg: 70 | total time: 122.75m | eta: 154.7m
step 00888/01992 (44.58%) | loss: 2.877144 | lrm: 0.86 | dt: 8293.87ms | tok/sec: 126,427 | bf16_mfu: 0.00 | epoch: 1 pq: 20 rg: 72 | total time: 122.89m | eta: 154.5m
step 00889/01992 (44.63%) | loss: 2.871490 | lrm: 0.86 | dt: 8293.14ms | tok/sec: 126,438 | bf16_mfu: 0.00 | epoch: 1 pq: 20 rg: 74 | total time: 123.02m | eta: 154.4m
step 00890/01992 (44.68%) | loss: 2.879912 | lrm: 0.86 | dt: 8293.61ms | tok/sec: 126,431 | bf16_mfu: 0.00 | epoch: 1 pq: 20 rg: 76 | total time: 123.16m | eta: 154.2m
step 00891/01992 (44.73%) | loss: 2.888291 | lrm: 0.86 | dt: 8301.31ms | tok/sec: 126,314 | bf16_mfu: 0.00 | epoch: 1 pq: 20 rg: 78 | total time: 123.30m | eta: 154.1m
step 00892/01992 (44.78%) | loss: 2.891671 | lrm: 0.86 | dt: 8305.38ms | tok/sec: 126,252 | bf16_mfu: 0.00 | epoch: 1 pq: 20 rg: 80 | total time: 123.44m | eta: 153.9m
step 00893/01992 (44.83%) | loss: 2.878177 | lrm: 0.86 | dt: 8294.83ms | tok/sec: 126,413 | bf16_mfu: 0.00 | epoch: 1 pq: 20 rg: 82 | total time: 123.58m | eta: 153.8m
step 00894/01992 (44.88%) | loss: 2.878730 | lrm: 0.86 | dt: 8295.39ms | tok/sec: 126,404 | bf16_mfu: 0.00 | epoch: 1 pq: 21 rg: 0 | total time: 123.72m | eta: 153.7m
step 00895/01992 (44.93%) | loss: 2.881877 | lrm: 0.85 | dt: 8293.45ms | tok/sec: 126,434 | bf16_mfu: 0.00 | epoch: 1 pq: 21 rg: 2 | total time: 123.85m | eta: 153.5m
step 00896/01992 (44.98%) | loss: 2.882790 | lrm: 0.85 | dt: 8294.48ms | tok/sec: 126,418 | bf16_mfu: 0.00 | epoch: 1 pq: 21 rg: 4 | total time: 123.99m | eta: 153.4m
step 00897/01992 (45.03%) | loss: 2.877459 | lrm: 0.85 | dt: 8289.41ms | tok/sec: 126,495 | bf16_mfu: 0.00 | epoch: 1 pq: 21 rg: 6 | total time: 124.13m | eta: 153.2m
step 00898/01992 (45.08%) | loss: 2.876953 | lrm: 0.85 | dt: 8290.94ms | tok/sec: 126,472 | bf16_mfu: 0.00 | epoch: 1 pq: 21 rg: 8 | total time: 124.27m | eta: 153.1m
step 00899/01992 (45.13%) | loss: 2.876337 | lrm: 0.85 | dt: 8293.59ms | tok/sec: 126,432 | bf16_mfu: 0.00 | epoch: 1 pq: 21 rg: 10 | total time: 124.41m | eta: 153.0m
step 00900/01992 (45.18%) | loss: 2.883748 | lrm: 0.85 | dt: 8287.21ms | tok/sec: 126,529 | bf16_mfu: 0.00 | epoch: 1 pq: 21 rg: 12 | total time: 124.54m | eta: 152.8m
step 00901/01992 (45.23%) | loss: 2.879226 | lrm: 0.85 | dt: 8287.39ms | tok/sec: 126,526 | bf16_mfu: 0.00 | epoch: 1 pq: 21 rg: 14 | total time: 124.68m | eta: 152.7m
step 00902/01992 (45.28%) | loss: 2.882971 | lrm: 0.85 | dt: 8288.07ms | tok/sec: 126,516 | bf16_mfu: 0.00 | epoch: 1 pq: 21 rg: 16 | total time: 124.82m | eta: 152.5m
step 00903/01992 (45.33%) | loss: 2.882815 | lrm: 0.85 | dt: 8290.30ms | tok/sec: 126,482 | bf16_mfu: 0.00 | epoch: 1 pq: 21 rg: 18 | total time: 124.96m | eta: 152.4m
step 00904/01992 (45.38%) | loss: 2.882245 | lrm: 0.85 | dt: 8291.21ms | tok/sec: 126,468 | bf16_mfu: 0.00 | epoch: 1 pq: 21 rg: 20 | total time: 125.10m | eta: 152.2m
step 00905/01992 (45.43%) | loss: 2.873163 | lrm: 0.85 | dt: 8293.47ms | tok/sec: 126,433 | bf16_mfu: 0.00 | epoch: 1 pq: 21 rg: 21 | total time: 125.24m | eta: 152.1m
step 00906/01992 (45.48%) | loss: 2.873446 | lrm: 0.85 | dt: 8296.95ms | tok/sec: 126,380 | bf16_mfu: 0.00 | epoch: 1 pq: 21 rg: 23 | total time: 125.37m | eta: 152.0m
step 00907/01992 (45.53%) | loss: 2.868955 | lrm: 0.85 | dt: 8292.80ms | tok/sec: 126,444 | bf16_mfu: 0.00 | epoch: 1 pq: 21 rg: 25 | total time: 125.51m | eta: 151.8m
step 00908/01992 (45.58%) | loss: 2.872607 | lrm: 0.85 | dt: 8288.94ms | tok/sec: 126,502 | bf16_mfu: 0.00 | epoch: 1 pq: 21 rg: 27 | total time: 125.65m | eta: 151.7m
step 00909/01992 (45.63%) | loss: 2.867292 | lrm: 0.84 | dt: 8290.87ms | tok/sec: 126,473 | bf16_mfu: 0.00 | epoch: 1 pq: 21 rg: 29 | total time: 125.79m | eta: 151.5m
step 00910/01992 (45.68%) | loss: 2.848378 | lrm: 0.84 | dt: 8289.07ms | tok/sec: 126,500 | bf16_mfu: 0.00 | epoch: 1 pq: 21 rg: 31 | total time: 125.93m | eta: 151.4m
step 00911/01992 (45.73%) | loss: 2.846584 | lrm: 0.84 | dt: 8291.83ms | tok/sec: 126,458 | bf16_mfu: 0.00 | epoch: 1 pq: 21 rg: 33 | total time: 126.06m | eta: 151.2m
step 00912/01992 (45.78%) | loss: 2.842534 | lrm: 0.84 | dt: 8288.47ms | tok/sec: 126,510 | bf16_mfu: 0.00 | epoch: 1 pq: 21 rg: 35 | total time: 126.20m | eta: 151.1m
step 00913/01992 (45.83%) | loss: 2.847964 | lrm: 0.84 | dt: 8287.74ms | tok/sec: 126,521 | bf16_mfu: 0.00 | epoch: 1 pq: 21 rg: 37 | total time: 126.34m | eta: 151.0m
step 00914/01992 (45.88%) | loss: 2.852292 | lrm: 0.84 | dt: 8296.31ms | tok/sec: 126,390 | bf16_mfu: 0.00 | epoch: 1 pq: 21 rg: 39 | total time: 126.48m | eta: 150.8m
step 00915/01992 (45.93%) | loss: 2.857361 | lrm: 0.84 | dt: 8285.69ms | tok/sec: 126,552 | bf16_mfu: 0.00 | epoch: 1 pq: 21 rg: 41 | total time: 126.62m | eta: 150.7m
step 00916/01992 (45.98%) | loss: 2.863359 | lrm: 0.84 | dt: 8288.58ms | tok/sec: 126,508 | bf16_mfu: 0.00 | epoch: 1 pq: 21 rg: 43 | total time: 126.76m | eta: 150.5m
step 00917/01992 (46.03%) | loss: 2.859124 | lrm: 0.84 | dt: 8291.07ms | tok/sec: 126,470 | bf16_mfu: 0.00 | epoch: 1 pq: 21 rg: 45 | total time: 126.89m | eta: 150.4m
step 00918/01992 (46.08%) | loss: 2.849874 | lrm: 0.84 | dt: 8295.01ms | tok/sec: 126,410 | bf16_mfu: 0.00 | epoch: 1 pq: 21 rg: 47 | total time: 127.03m | eta: 150.3m
step 00919/01992 (46.13%) | loss: 2.853053 | lrm: 0.84 | dt: 8294.76ms | tok/sec: 126,414 | bf16_mfu: 0.00 | epoch: 1 pq: 21 rg: 49 | total time: 127.17m | eta: 150.1m
step 00920/01992 (46.18%) | loss: 2.855750 | lrm: 0.84 | dt: 8294.12ms | tok/sec: 126,424 | bf16_mfu: 0.00 | epoch: 1 pq: 21 rg: 51 | total time: 127.31m | eta: 150.0m
step 00921/01992 (46.23%) | loss: 2.860104 | lrm: 0.84 | dt: 8300.63ms | tok/sec: 126,324 | bf16_mfu: 0.00 | epoch: 1 pq: 21 rg: 52 | total time: 127.45m | eta: 149.8m
step 00922/01992 (46.29%) | loss: 2.849464 | lrm: 0.83 | dt: 8290.68ms | tok/sec: 126,476 | bf16_mfu: 0.00 | epoch: 1 pq: 21 rg: 54 | total time: 127.59m | eta: 149.7m
step 00923/01992 (46.34%) | loss: 2.843692 | lrm: 0.83 | dt: 8292.34ms | tok/sec: 126,451 | bf16_mfu: 0.00 | epoch: 1 pq: 21 rg: 56 | total time: 127.72m | eta: 149.5m
step 00924/01992 (46.39%) | loss: 2.835573 | lrm: 0.83 | dt: 8296.35ms | tok/sec: 126,389 | bf16_mfu: 0.00 | epoch: 1 pq: 21 rg: 58 | total time: 127.86m | eta: 149.4m
step 00925/01992 (46.44%) | loss: 2.845842 | lrm: 0.83 | dt: 8298.60ms | tok/sec: 126,355 | bf16_mfu: 0.00 | epoch: 1 pq: 21 rg: 60 | total time: 128.00m | eta: 149.3m
step 00926/01992 (46.49%) | loss: 2.845138 | lrm: 0.83 | dt: 8299.49ms | tok/sec: 126,342 | bf16_mfu: 0.00 | epoch: 1 pq: 21 rg: 62 | total time: 128.14m | eta: 149.1m
step 00927/01992 (46.54%) | loss: 2.854539 | lrm: 0.83 | dt: 8302.92ms | tok/sec: 126,290 | bf16_mfu: 0.00 | epoch: 1 pq: 21 rg: 64 | total time: 128.28m | eta: 149.0m
step 00928/01992 (46.59%) | loss: 2.840467 | lrm: 0.83 | dt: 8311.69ms | tok/sec: 126,156 | bf16_mfu: 0.00 | epoch: 1 pq: 21 rg: 66 | total time: 128.42m | eta: 148.8m
step 00929/01992 (46.64%) | loss: 2.837223 | lrm: 0.83 | dt: 8307.15ms | tok/sec: 126,225 | bf16_mfu: 0.00 | epoch: 1 pq: 21 rg: 68 | total time: 128.55m | eta: 148.7m
step 00930/01992 (46.69%) | loss: 2.834499 | lrm: 0.83 | dt: 8308.96ms | tok/sec: 126,198 | bf16_mfu: 0.00 | epoch: 1 pq: 21 rg: 70 | total time: 128.69m | eta: 148.6m
step 00931/01992 (46.74%) | loss: 2.834331 | lrm: 0.83 | dt: 8313.63ms | tok/sec: 126,127 | bf16_mfu: 0.00 | epoch: 1 pq: 21 rg: 72 | total time: 128.83m | eta: 148.4m
step 00932/01992 (46.79%) | loss: 2.842645 | lrm: 0.83 | dt: 8311.91ms | tok/sec: 126,153 | bf16_mfu: 0.00 | epoch: 1 pq: 21 rg: 74 | total time: 128.97m | eta: 148.3m
step 00933/01992 (46.84%) | loss: 2.835507 | lrm: 0.83 | dt: 8312.92ms | tok/sec: 126,138 | bf16_mfu: 0.00 | epoch: 1 pq: 21 rg: 76 | total time: 129.11m | eta: 148.1m
step 00934/01992 (46.89%) | loss: 2.831053 | lrm: 0.83 | dt: 8314.01ms | tok/sec: 126,121 | bf16_mfu: 0.00 | epoch: 1 pq: 21 rg: 78 | total time: 129.25m | eta: 148.0m
step 00935/01992 (46.94%) | loss: 2.829137 | lrm: 0.83 | dt: 8314.79ms | tok/sec: 126,109 | bf16_mfu: 0.00 | epoch: 1 pq: 21 rg: 80 | total time: 129.38m | eta: 147.8m
step 00936/01992 (46.99%) | loss: 2.834851 | lrm: 0.82 | dt: 8321.61ms | tok/sec: 126,006 | bf16_mfu: 0.00 | epoch: 1 pq: 21 rg: 81 | total time: 129.52m | eta: 147.7m
step 00937/01992 (47.04%) | loss: 2.831604 | lrm: 0.82 | dt: 8326.32ms | tok/sec: 125,935 | bf16_mfu: 0.00 | epoch: 1 pq: 22 rg: 0 | total time: 129.66m | eta: 147.6m
step 00938/01992 (47.09%) | loss: 2.838529 | lrm: 0.82 | dt: 8327.17ms | tok/sec: 125,922 | bf16_mfu: 0.00 | epoch: 1 pq: 22 rg: 2 | total time: 129.80m | eta: 147.4m
step 00939/01992 (47.14%) | loss: 2.839338 | lrm: 0.82 | dt: 8331.02ms | tok/sec: 125,864 | bf16_mfu: 0.00 | epoch: 1 pq: 22 rg: 4 | total time: 129.94m | eta: 147.3m
step 00940/01992 (47.19%) | loss: 2.836413 | lrm: 0.82 | dt: 8336.23ms | tok/sec: 125,785 | bf16_mfu: 0.00 | epoch: 1 pq: 22 rg: 6 | total time: 130.08m | eta: 147.1m
step 00941/01992 (47.24%) | loss: 2.832857 | lrm: 0.82 | dt: 8332.61ms | tok/sec: 125,840 | bf16_mfu: 0.00 | epoch: 1 pq: 22 rg: 8 | total time: 130.22m | eta: 147.0m
step 00942/01992 (47.29%) | loss: 2.823832 | lrm: 0.82 | dt: 8334.05ms | tok/sec: 125,818 | bf16_mfu: 0.00 | epoch: 1 pq: 22 rg: 10 | total time: 130.36m | eta: 146.9m
step 00943/01992 (47.34%) | loss: 2.816826 | lrm: 0.82 | dt: 8332.88ms | tok/sec: 125,835 | bf16_mfu: 0.00 | epoch: 1 pq: 22 rg: 12 | total time: 130.50m | eta: 146.7m
step 00944/01992 (47.39%) | loss: 2.820914 | lrm: 0.82 | dt: 8333.34ms | tok/sec: 125,828 | bf16_mfu: 0.00 | epoch: 1 pq: 22 rg: 14 | total time: 130.63m | eta: 146.6m
step 00945/01992 (47.44%) | loss: 2.832575 | lrm: 0.82 | dt: 8328.01ms | tok/sec: 125,909 | bf16_mfu: 0.00 | epoch: 1 pq: 22 rg: 16 | total time: 130.77m | eta: 146.4m
step 00946/01992 (47.49%) | loss: 2.839078 | lrm: 0.82 | dt: 8332.89ms | tok/sec: 125,835 | bf16_mfu: 0.00 | epoch: 1 pq: 22 rg: 18 | total time: 130.91m | eta: 146.3m
step 00947/01992 (47.54%) | loss: 2.844201 | lrm: 0.82 | dt: 8323.46ms | tok/sec: 125,978 | bf16_mfu: 0.00 | epoch: 1 pq: 22 rg: 20 | total time: 131.05m | eta: 146.2m
step 00948/01992 (47.59%) | loss: 2.835598 | lrm: 0.82 | dt: 8328.51ms | tok/sec: 125,902 | bf16_mfu: 0.00 | epoch: 1 pq: 22 rg: 22 | total time: 131.19m | eta: 146.0m
step 00949/01992 (47.64%) | loss: 2.832195 | lrm: 0.82 | dt: 8323.44ms | tok/sec: 125,978 | bf16_mfu: 0.00 | epoch: 1 pq: 22 rg: 24 | total time: 131.33m | eta: 145.9m
step 00950/01992 (47.69%) | loss: 2.843186 | lrm: 0.81 | dt: 8322.57ms | tok/sec: 125,991 | bf16_mfu: 0.00 | epoch: 1 pq: 22 rg: 26 | total time: 131.47m | eta: 145.7m
step 00951/01992 (47.74%) | loss: 2.848989 | lrm: 0.81 | dt: 8319.31ms | tok/sec: 126,041 | bf16_mfu: 0.00 | epoch: 1 pq: 22 rg: 28 | total time: 131.61m | eta: 145.6m
step 00952/01992 (47.79%) | loss: 2.856544 | lrm: 0.81 | dt: 8319.26ms | tok/sec: 126,041 | bf16_mfu: 0.00 | epoch: 1 pq: 22 rg: 30 | total time: 131.74m | eta: 145.5m
step 00953/01992 (47.84%) | loss: 2.853535 | lrm: 0.81 | dt: 8318.84ms | tok/sec: 126,048 | bf16_mfu: 0.00 | epoch: 1 pq: 22 rg: 32 | total time: 131.88m | eta: 145.3m
step 00954/01992 (47.89%) | loss: 2.850416 | lrm: 0.81 | dt: 8315.06ms | tok/sec: 126,105 | bf16_mfu: 0.00 | epoch: 1 pq: 22 rg: 34 | total time: 132.02m | eta: 145.2m
step 00955/01992 (47.94%) | loss: 2.845409 | lrm: 0.81 | dt: 8314.17ms | tok/sec: 126,119 | bf16_mfu: 0.00 | epoch: 1 pq: 22 rg: 36 | total time: 132.16m | eta: 145.0m
step 00956/01992 (47.99%) | loss: 2.836019 | lrm: 0.81 | dt: 8313.39ms | tok/sec: 126,130 | bf16_mfu: 0.00 | epoch: 1 pq: 22 rg: 38 | total time: 132.30m | eta: 144.9m
step 00957/01992 (48.04%) | loss: 2.837594 | lrm: 0.81 | dt: 8311.24ms | tok/sec: 126,163 | bf16_mfu: 0.00 | epoch: 1 pq: 22 rg: 40 | total time: 132.44m | eta: 144.7m
step 00958/01992 (48.09%) | loss: 2.840747 | lrm: 0.81 | dt: 8306.38ms | tok/sec: 126,237 | bf16_mfu: 0.00 | epoch: 1 pq: 22 rg: 42 | total time: 132.58m | eta: 144.6m
step 00959/01992 (48.14%) | loss: 2.834374 | lrm: 0.81 | dt: 8304.12ms | tok/sec: 126,271 | bf16_mfu: 0.00 | epoch: 1 pq: 22 rg: 43 | total time: 132.71m | eta: 144.5m
step 00960/01992 (48.19%) | loss: 2.843331 | lrm: 0.81 | dt: 8307.34ms | tok/sec: 126,222 | bf16_mfu: 0.00 | epoch: 1 pq: 22 rg: 45 | total time: 132.85m | eta: 144.3m
step 00961/01992 (48.24%) | loss: 2.840858 | lrm: 0.81 | dt: 8310.76ms | tok/sec: 126,170 | bf16_mfu: 0.00 | epoch: 1 pq: 22 rg: 47 | total time: 132.99m | eta: 144.2m
step 00962/01992 (48.29%) | loss: 2.827487 | lrm: 0.81 | dt: 8308.34ms | tok/sec: 126,207 | bf16_mfu: 0.00 | epoch: 1 pq: 22 rg: 49 | total time: 133.13m | eta: 144.0m
step 00963/01992 (48.34%) | loss: 2.812804 | lrm: 0.80 | dt: 8308.45ms | tok/sec: 126,205 | bf16_mfu: 0.00 | epoch: 1 pq: 22 rg: 51 | total time: 133.27m | eta: 143.9m
step 00964/01992 (48.39%) | loss: 2.815949 | lrm: 0.80 | dt: 8305.70ms | tok/sec: 126,247 | bf16_mfu: 0.00 | epoch: 1 pq: 22 rg: 53 | total time: 133.41m | eta: 143.8m
step 00965/01992 (48.44%) | loss: 2.813779 | lrm: 0.80 | dt: 8307.81ms | tok/sec: 126,215 | bf16_mfu: 0.00 | epoch: 1 pq: 22 rg: 55 | total time: 133.54m | eta: 143.6m
step 00966/01992 (48.49%) | loss: 2.810951 | lrm: 0.80 | dt: 8306.94ms | tok/sec: 126,228 | bf16_mfu: 0.00 | epoch: 1 pq: 22 rg: 57 | total time: 133.68m | eta: 143.5m
step 00967/01992 (48.54%) | loss: 2.803575 | lrm: 0.80 | dt: 8309.10ms | tok/sec: 126,196 | bf16_mfu: 0.00 | epoch: 1 pq: 22 rg: 59 | total time: 133.82m | eta: 143.3m
step 00968/01992 (48.59%) | loss: 2.807918 | lrm: 0.80 | dt: 8307.71ms | tok/sec: 126,217 | bf16_mfu: 0.00 | epoch: 1 pq: 22 rg: 61 | total time: 133.96m | eta: 143.2m
step 00969/01992 (48.64%) | loss: 2.819296 | lrm: 0.80 | dt: 8309.01ms | tok/sec: 126,197 | bf16_mfu: 0.00 | epoch: 1 pq: 22 rg: 63 | total time: 134.10m | eta: 143.0m
step 00970/01992 (48.69%) | loss: 2.826025 | lrm: 0.80 | dt: 8305.60ms | tok/sec: 126,249 | bf16_mfu: 0.00 | epoch: 1 pq: 22 rg: 65 | total time: 134.24m | eta: 142.9m
step 00971/01992 (48.74%) | loss: 2.829104 | lrm: 0.80 | dt: 8302.03ms | tok/sec: 126,303 | bf16_mfu: 0.00 | epoch: 1 pq: 22 rg: 67 | total time: 134.38m | eta: 142.8m
step 00972/01992 (48.80%) | loss: 2.829163 | lrm: 0.80 | dt: 8295.59ms | tok/sec: 126,401 | bf16_mfu: 0.00 | epoch: 1 pq: 22 rg: 69 | total time: 134.51m | eta: 142.6m
step 00973/01992 (48.85%) | loss: 2.826659 | lrm: 0.80 | dt: 8296.58ms | tok/sec: 126,386 | bf16_mfu: 0.00 | epoch: 1 pq: 22 rg: 71 | total time: 134.65m | eta: 142.5m
step 00974/01992 (48.90%) | loss: 2.836483 | lrm: 0.80 | dt: 8289.98ms | tok/sec: 126,487 | bf16_mfu: 0.00 | epoch: 1 pq: 22 rg: 73 | total time: 134.79m | eta: 142.3m
step 00975/01992 (48.95%) | loss: 2.844637 | lrm: 0.80 | dt: 8291.89ms | tok/sec: 126,458 | bf16_mfu: 0.00 | epoch: 1 pq: 22 rg: 75 | total time: 134.93m | eta: 142.2m
step 00976/01992 (49.00%) | loss: 2.836640 | lrm: 0.80 | dt: 8294.01ms | tok/sec: 126,425 | bf16_mfu: 0.00 | epoch: 1 pq: 22 rg: 77 | total time: 135.07m | eta: 142.1m
step 00977/01992 (49.05%) | loss: 2.826802 | lrm: 0.79 | dt: 8287.46ms | tok/sec: 126,525 | bf16_mfu: 0.00 | epoch: 1 pq: 22 rg: 79 | total time: 135.20m | eta: 141.9m
step 00978/01992 (49.10%) | loss: 2.823584 | lrm: 0.79 | dt: 8286.85ms | tok/sec: 126,534 | bf16_mfu: 0.00 | epoch: 1 pq: 22 rg: 80 | total time: 135.34m | eta: 141.8m
step 00979/01992 (49.15%) | loss: 2.821454 | lrm: 0.79 | dt: 8282.65ms | tok/sec: 126,599 | bf16_mfu: 0.00 | epoch: 1 pq: 22 rg: 82 | total time: 135.48m | eta: 141.6m
step 00980/01992 (49.20%) | loss: 2.818278 | lrm: 0.79 | dt: 8291.98ms | tok/sec: 126,456 | bf16_mfu: 0.00 | epoch: 1 pq: 23 rg: 0 | total time: 135.62m | eta: 141.5m
step 00981/01992 (49.25%) | loss: 2.815372 | lrm: 0.79 | dt: 8293.68ms | tok/sec: 126,430 | bf16_mfu: 0.00 | epoch: 1 pq: 23 rg: 2 | total time: 135.76m | eta: 141.3m
step 00982/01992 (49.30%) | loss: 2.807790 | lrm: 0.79 | dt: 8293.81ms | tok/sec: 126,428 | bf16_mfu: 0.00 | epoch: 1 pq: 23 rg: 4 | total time: 135.90m | eta: 141.2m
step 00983/01992 (49.35%) | loss: 2.809667 | lrm: 0.79 | dt: 8291.60ms | tok/sec: 126,462 | bf16_mfu: 0.00 | epoch: 1 pq: 23 rg: 6 | total time: 136.03m | eta: 141.1m
step 00984/01992 (49.40%) | loss: 2.812651 | lrm: 0.79 | dt: 8288.22ms | tok/sec: 126,514 | bf16_mfu: 0.00 | epoch: 1 pq: 23 rg: 8 | total time: 136.17m | eta: 140.9m
step 00985/01992 (49.45%) | loss: 2.821815 | lrm: 0.79 | dt: 8292.07ms | tok/sec: 126,455 | bf16_mfu: 0.00 | epoch: 1 pq: 23 rg: 10 | total time: 136.31m | eta: 140.8m
step 00986/01992 (49.50%) | loss: 2.813919 | lrm: 0.79 | dt: 8287.37ms | tok/sec: 126,526 | bf16_mfu: 0.00 | epoch: 1 pq: 23 rg: 12 | total time: 136.45m | eta: 140.6m
step 00987/01992 (49.55%) | loss: 2.820040 | lrm: 0.79 | dt: 8287.60ms | tok/sec: 126,523 | bf16_mfu: 0.00 | epoch: 1 pq: 23 rg: 14 | total time: 136.59m | eta: 140.5m
step 00988/01992 (49.60%) | loss: 2.822909 | lrm: 0.79 | dt: 8284.57ms | tok/sec: 126,569 | bf16_mfu: 0.00 | epoch: 1 pq: 23 rg: 16 | total time: 136.72m | eta: 140.4m
step 00989/01992 (49.65%) | loss: 2.821957 | lrm: 0.79 | dt: 8289.13ms | tok/sec: 126,500 | bf16_mfu: 0.00 | epoch: 1 pq: 23 rg: 18 | total time: 136.86m | eta: 140.2m
step 00990/01992 (49.70%) | loss: 2.823245 | lrm: 0.79 | dt: 8287.00ms | tok/sec: 126,532 | bf16_mfu: 0.00 | epoch: 1 pq: 23 rg: 20 | total time: 137.00m | eta: 140.1m
step 00991/01992 (49.75%) | loss: 2.822426 | lrm: 0.78 | dt: 8287.94ms | tok/sec: 126,518 | bf16_mfu: 0.00 | epoch: 1 pq: 23 rg: 22 | total time: 137.14m | eta: 139.9m
step 00992/01992 (49.80%) | loss: 2.821085 | lrm: 0.78 | dt: 8286.65ms | tok/sec: 126,538 | bf16_mfu: 0.00 | epoch: 1 pq: 23 rg: 24 | total time: 137.28m | eta: 139.8m
step 00993/01992 (49.85%) | loss: 2.828085 | lrm: 0.78 | dt: 8286.14ms | tok/sec: 126,545 | bf16_mfu: 0.00 | epoch: 1 pq: 23 rg: 26 | total time: 137.42m | eta: 139.7m
step 00994/01992 (49.90%) | loss: 2.823333 | lrm: 0.78 | dt: 8286.22ms | tok/sec: 126,544 | bf16_mfu: 0.00 | epoch: 1 pq: 23 rg: 27 | total time: 137.55m | eta: 139.5m
step 00995/01992 (49.95%) | loss: 2.823615 | lrm: 0.78 | dt: 8287.33ms | tok/sec: 126,527 | bf16_mfu: 0.00 | epoch: 1 pq: 23 rg: 29 | total time: 137.69m | eta: 139.4m
step 00996/01992 (50.00%) | loss: 2.827333 | lrm: 0.78 | dt: 8282.73ms | tok/sec: 126,597 | bf16_mfu: 0.00 | epoch: 1 pq: 23 rg: 31 | total time: 137.83m | eta: 139.2m
step 00997/01992 (50.05%) | loss: 2.838966 | lrm: 0.78 | dt: 8283.79ms | tok/sec: 126,581 | bf16_mfu: 0.00 | epoch: 1 pq: 23 rg: 33 | total time: 137.97m | eta: 139.1m
step 00998/01992 (50.10%) | loss: 2.834687 | lrm: 0.78 | dt: 8285.84ms | tok/sec: 126,550 | bf16_mfu: 0.00 | epoch: 1 pq: 23 rg: 35 | total time: 138.11m | eta: 138.9m
step 00999/01992 (50.15%) | loss: 2.835500 | lrm: 0.78 | dt: 8286.91ms | tok/sec: 126,534 | bf16_mfu: 0.00 | epoch: 1 pq: 23 rg: 37 | total time: 138.24m | eta: 138.8m
Step 01000 | Validation bpb: 0.861408
step 01000/01992 (50.20%) | loss: 2.832416 | lrm: 0.78 | dt: 8277.18ms | tok/sec: 126,682 | bf16_mfu: 0.00 | epoch: 1 pq: 23 rg: 39 | total time: 138.38m | eta: 138.7m
step 01001/01992 (50.25%) | loss: 2.844838 | lrm: 0.78 | dt: 8275.02ms | tok/sec: 126,715 | bf16_mfu: 0.00 | epoch: 1 pq: 23 rg: 41 | total time: 138.52m | eta: 138.5m
step 01002/01992 (50.30%) | loss: 2.844406 | lrm: 0.78 | dt: 8285.50ms | tok/sec: 126,555 | bf16_mfu: 0.00 | epoch: 1 pq: 23 rg: 43 | total time: 138.66m | eta: 138.4m
step 01003/01992 (50.35%) | loss: 2.838616 | lrm: 0.78 | dt: 8276.36ms | tok/sec: 126,695 | bf16_mfu: 0.00 | epoch: 1 pq: 23 rg: 45 | total time: 138.80m | eta: 138.2m
step 01004/01992 (50.40%) | loss: 2.829277 | lrm: 0.77 | dt: 8277.61ms | tok/sec: 126,676 | bf16_mfu: 0.00 | epoch: 1 pq: 23 rg: 47 | total time: 138.93m | eta: 138.1m
step 01005/01992 (50.45%) | loss: 2.836792 | lrm: 0.77 | dt: 8281.56ms | tok/sec: 126,615 | bf16_mfu: 0.00 | epoch: 1 pq: 23 rg: 49 | total time: 139.07m | eta: 138.0m
step 01006/01992 (50.50%) | loss: 2.830450 | lrm: 0.77 | dt: 8285.00ms | tok/sec: 126,563 | bf16_mfu: 0.00 | epoch: 1 pq: 23 rg: 51 | total time: 139.21m | eta: 137.8m
step 01007/01992 (50.55%) | loss: 2.831510 | lrm: 0.77 | dt: 8281.28ms | tok/sec: 126,619 | bf16_mfu: 0.00 | epoch: 1 pq: 23 rg: 53 | total time: 139.35m | eta: 137.7m
step 01008/01992 (50.60%) | loss: 2.820359 | lrm: 0.77 | dt: 8281.01ms | tok/sec: 126,624 | bf16_mfu: 0.00 | epoch: 1 pq: 23 rg: 55 | total time: 139.49m | eta: 137.5m
step 01009/01992 (50.65%) | loss: 2.826554 | lrm: 0.77 | dt: 8279.60ms | tok/sec: 126,645 | bf16_mfu: 0.00 | epoch: 1 pq: 23 rg: 57 | total time: 139.62m | eta: 137.4m
step 01010/01992 (50.70%) | loss: 2.814742 | lrm: 0.77 | dt: 8276.12ms | tok/sec: 126,698 | bf16_mfu: 0.00 | epoch: 1 pq: 23 rg: 58 | total time: 139.76m | eta: 137.2m
step 01011/01992 (50.75%) | loss: 2.811111 | lrm: 0.77 | dt: 8277.95ms | tok/sec: 126,671 | bf16_mfu: 0.00 | epoch: 1 pq: 23 rg: 60 | total time: 139.90m | eta: 137.1m
step 01012/01992 (50.80%) | loss: 2.804316 | lrm: 0.77 | dt: 8273.58ms | tok/sec: 126,737 | bf16_mfu: 0.00 | epoch: 1 pq: 23 rg: 62 | total time: 140.04m | eta: 137.0m
step 01013/01992 (50.85%) | loss: 2.805142 | lrm: 0.77 | dt: 8276.86ms | tok/sec: 126,687 | bf16_mfu: 0.00 | epoch: 1 pq: 23 rg: 64 | total time: 140.18m | eta: 136.8m
step 01014/01992 (50.90%) | loss: 2.802881 | lrm: 0.77 | dt: 8279.09ms | tok/sec: 126,653 | bf16_mfu: 0.00 | epoch: 1 pq: 23 rg: 66 | total time: 140.31m | eta: 136.7m
step 01015/01992 (50.95%) | loss: 2.806313 | lrm: 0.77 | dt: 8271.06ms | tok/sec: 126,776 | bf16_mfu: 0.00 | epoch: 1 pq: 23 rg: 68 | total time: 140.45m | eta: 136.5m
step 01016/01992 (51.00%) | loss: 2.805925 | lrm: 0.77 | dt: 8278.01ms | tok/sec: 126,670 | bf16_mfu: 0.00 | epoch: 1 pq: 23 rg: 70 | total time: 140.59m | eta: 136.4m
step 01017/01992 (51.05%) | loss: 2.813381 | lrm: 0.77 | dt: 8277.83ms | tok/sec: 126,672 | bf16_mfu: 0.00 | epoch: 1 pq: 23 rg: 72 | total time: 140.73m | eta: 136.3m
step 01018/01992 (51.10%) | loss: 2.818154 | lrm: 0.76 | dt: 8280.52ms | tok/sec: 126,631 | bf16_mfu: 0.00 | epoch: 1 pq: 23 rg: 74 | total time: 140.87m | eta: 136.1m
step 01019/01992 (51.15%) | loss: 2.826994 | lrm: 0.76 | dt: 8281.46ms | tok/sec: 126,617 | bf16_mfu: 0.00 | epoch: 1 pq: 23 rg: 76 | total time: 141.00m | eta: 136.0m
step 01020/01992 (51.20%) | loss: 2.820552 | lrm: 0.76 | dt: 8278.44ms | tok/sec: 126,663 | bf16_mfu: 0.00 | epoch: 1 pq: 23 rg: 78 | total time: 141.14m | eta: 135.8m
step 01021/01992 (51.26%) | loss: 2.806939 | lrm: 0.76 | dt: 8278.99ms | tok/sec: 126,655 | bf16_mfu: 0.00 | epoch: 1 pq: 23 rg: 80 | total time: 141.28m | eta: 135.7m
step 01022/01992 (51.31%) | loss: 2.814556 | lrm: 0.76 | dt: 8281.57ms | tok/sec: 126,615 | bf16_mfu: 0.00 | epoch: 1 pq: 23 rg: 82 | total time: 141.42m | eta: 135.5m
step 01023/01992 (51.36%) | loss: 2.817401 | lrm: 0.76 | dt: 8283.86ms | tok/sec: 126,580 | bf16_mfu: 0.00 | epoch: 1 pq: 24 rg: 1 | total time: 141.56m | eta: 135.4m
step 01024/01992 (51.41%) | loss: 2.815517 | lrm: 0.76 | dt: 8280.16ms | tok/sec: 126,637 | bf16_mfu: 0.00 | epoch: 1 pq: 24 rg: 3 | total time: 141.69m | eta: 135.3m
step 01025/01992 (51.46%) | loss: 2.816721 | lrm: 0.76 | dt: 8276.05ms | tok/sec: 126,700 | bf16_mfu: 0.00 | epoch: 1 pq: 24 rg: 5 | total time: 141.83m | eta: 135.1m
step 01026/01992 (51.51%) | loss: 2.818444 | lrm: 0.76 | dt: 8287.44ms | tok/sec: 126,525 | bf16_mfu: 0.00 | epoch: 1 pq: 24 rg: 6 | total time: 141.97m | eta: 135.0m
step 01027/01992 (51.56%) | loss: 2.815860 | lrm: 0.76 | dt: 8282.82ms | tok/sec: 126,596 | bf16_mfu: 0.00 | epoch: 1 pq: 24 rg: 8 | total time: 142.11m | eta: 134.8m
step 01028/01992 (51.61%) | loss: 2.827450 | lrm: 0.76 | dt: 8280.34ms | tok/sec: 126,634 | bf16_mfu: 0.00 | epoch: 1 pq: 24 rg: 10 | total time: 142.25m | eta: 134.7m
step 01029/01992 (51.66%) | loss: 2.819428 | lrm: 0.76 | dt: 8278.15ms | tok/sec: 126,667 | bf16_mfu: 0.00 | epoch: 1 pq: 24 rg: 12 | total time: 142.38m | eta: 134.6m
step 01030/01992 (51.71%) | loss: 2.827072 | lrm: 0.76 | dt: 8270.85ms | tok/sec: 126,779 | bf16_mfu: 0.00 | epoch: 1 pq: 24 rg: 14 | total time: 142.52m | eta: 134.4m
step 01031/01992 (51.76%) | loss: 2.825725 | lrm: 0.75 | dt: 8274.89ms | tok/sec: 126,717 | bf16_mfu: 0.00 | epoch: 1 pq: 24 rg: 16 | total time: 142.66m | eta: 134.3m
step 01032/01992 (51.81%) | loss: 2.817946 | lrm: 0.75 | dt: 8273.42ms | tok/sec: 126,740 | bf16_mfu: 0.00 | epoch: 1 pq: 24 rg: 18 | total time: 142.80m | eta: 134.1m
step 01033/01992 (51.86%) | loss: 2.811538 | lrm: 0.75 | dt: 8273.75ms | tok/sec: 126,735 | bf16_mfu: 0.00 | epoch: 1 pq: 24 rg: 20 | total time: 142.93m | eta: 134.0m
step 01034/01992 (51.91%) | loss: 2.799583 | lrm: 0.75 | dt: 8280.29ms | tok/sec: 126,635 | bf16_mfu: 0.00 | epoch: 1 pq: 24 rg: 22 | total time: 143.07m | eta: 133.9m
step 01035/01992 (51.96%) | loss: 2.816448 | lrm: 0.75 | dt: 8282.73ms | tok/sec: 126,597 | bf16_mfu: 0.00 | epoch: 1 pq: 24 rg: 24 | total time: 143.21m | eta: 133.7m
step 01036/01992 (52.01%) | loss: 2.812654 | lrm: 0.75 | dt: 8281.82ms | tok/sec: 126,611 | bf16_mfu: 0.00 | epoch: 1 pq: 24 rg: 26 | total time: 143.35m | eta: 133.6m
step 01037/01992 (52.06%) | loss: 2.812691 | lrm: 0.75 | dt: 8282.37ms | tok/sec: 126,603 | bf16_mfu: 0.00 | epoch: 1 pq: 24 rg: 28 | total time: 143.49m | eta: 133.4m
step 01038/01992 (52.11%) | loss: 2.816862 | lrm: 0.75 | dt: 8272.33ms | tok/sec: 126,757 | bf16_mfu: 0.00 | epoch: 1 pq: 24 rg: 30 | total time: 143.62m | eta: 133.3m
step 01039/01992 (52.16%) | loss: 2.822980 | lrm: 0.75 | dt: 8283.22ms | tok/sec: 126,590 | bf16_mfu: 0.00 | epoch: 1 pq: 24 rg: 32 | total time: 143.76m | eta: 133.1m
step 01040/01992 (52.21%) | loss: 2.818177 | lrm: 0.75 | dt: 8284.83ms | tok/sec: 126,565 | bf16_mfu: 0.00 | epoch: 1 pq: 24 rg: 33 | total time: 143.90m | eta: 133.0m
step 01041/01992 (52.26%) | loss: 2.807078 | lrm: 0.75 | dt: 8287.95ms | tok/sec: 126,518 | bf16_mfu: 0.00 | epoch: 1 pq: 24 rg: 35 | total time: 144.04m | eta: 132.9m
step 01042/01992 (52.31%) | loss: 2.814107 | lrm: 0.75 | dt: 8283.90ms | tok/sec: 126,579 | bf16_mfu: 0.00 | epoch: 1 pq: 24 rg: 37 | total time: 144.18m | eta: 132.7m
step 01043/01992 (52.36%) | loss: 2.803171 | lrm: 0.75 | dt: 8282.95ms | tok/sec: 126,594 | bf16_mfu: 0.00 | epoch: 1 pq: 24 rg: 39 | total time: 144.32m | eta: 132.6m
step 01044/01992 (52.41%) | loss: 2.798877 | lrm: 0.75 | dt: 8281.89ms | tok/sec: 126,610 | bf16_mfu: 0.00 | epoch: 1 pq: 24 rg: 41 | total time: 144.45m | eta: 132.4m
step 01045/01992 (52.46%) | loss: 2.804648 | lrm: 0.74 | dt: 8278.74ms | tok/sec: 126,658 | bf16_mfu: 0.00 | epoch: 1 pq: 24 rg: 43 | total time: 144.59m | eta: 132.3m
step 01046/01992 (52.51%) | loss: 2.797611 | lrm: 0.74 | dt: 8280.28ms | tok/sec: 126,635 | bf16_mfu: 0.00 | epoch: 1 pq: 24 rg: 45 | total time: 144.73m | eta: 132.2m
step 01047/01992 (52.56%) | loss: 2.799622 | lrm: 0.74 | dt: 8280.77ms | tok/sec: 126,627 | bf16_mfu: 0.00 | epoch: 1 pq: 24 rg: 47 | total time: 144.87m | eta: 132.0m
step 01048/01992 (52.61%) | loss: 2.807160 | lrm: 0.74 | dt: 8281.21ms | tok/sec: 126,621 | bf16_mfu: 0.00 | epoch: 1 pq: 24 rg: 49 | total time: 145.01m | eta: 131.9m
step 01049/01992 (52.66%) | loss: 2.798320 | lrm: 0.74 | dt: 8280.53ms | tok/sec: 126,631 | bf16_mfu: 0.00 | epoch: 1 pq: 24 rg: 51 | total time: 145.14m | eta: 131.7m
step 01050/01992 (52.71%) | loss: 2.800029 | lrm: 0.74 | dt: 8277.86ms | tok/sec: 126,672 | bf16_mfu: 0.00 | epoch: 1 pq: 24 rg: 53 | total time: 145.28m | eta: 131.6m
step 01051/01992 (52.76%) | loss: 2.803339 | lrm: 0.74 | dt: 8281.46ms | tok/sec: 126,617 | bf16_mfu: 0.00 | epoch: 1 pq: 24 rg: 55 | total time: 145.42m | eta: 131.5m
step 01052/01992 (52.81%) | loss: 2.799617 | lrm: 0.74 | dt: 8286.85ms | tok/sec: 126,534 | bf16_mfu: 0.00 | epoch: 1 pq: 24 rg: 57 | total time: 145.56m | eta: 131.3m
step 01053/01992 (52.86%) | loss: 2.803293 | lrm: 0.74 | dt: 8288.34ms | tok/sec: 126,512 | bf16_mfu: 0.00 | epoch: 1 pq: 24 rg: 59 | total time: 145.70m | eta: 131.2m
step 01054/01992 (52.91%) | loss: 2.816371 | lrm: 0.74 | dt: 8285.80ms | tok/sec: 126,550 | bf16_mfu: 0.00 | epoch: 1 pq: 24 rg: 61 | total time: 145.83m | eta: 131.0m
step 01055/01992 (52.96%) | loss: 2.808905 | lrm: 0.74 | dt: 8281.55ms | tok/sec: 126,615 | bf16_mfu: 0.00 | epoch: 1 pq: 24 rg: 63 | total time: 145.97m | eta: 130.9m
step 01056/01992 (53.01%) | loss: 2.804889 | lrm: 0.74 | dt: 8280.15ms | tok/sec: 126,637 | bf16_mfu: 0.00 | epoch: 1 pq: 24 rg: 65 | total time: 146.11m | eta: 130.7m
step 01057/01992 (53.06%) | loss: 2.805710 | lrm: 0.74 | dt: 8282.01ms | tok/sec: 126,608 | bf16_mfu: 0.00 | epoch: 1 pq: 24 rg: 67 | total time: 146.25m | eta: 130.6m
step 01058/01992 (53.11%) | loss: 2.802979 | lrm: 0.74 | dt: 8283.33ms | tok/sec: 126,588 | bf16_mfu: 0.00 | epoch: 1 pq: 24 rg: 68 | total time: 146.39m | eta: 130.5m
step 01059/01992 (53.16%) | loss: 2.813622 | lrm: 0.73 | dt: 8284.46ms | tok/sec: 126,571 | bf16_mfu: 0.00 | epoch: 1 pq: 24 rg: 70 | total time: 146.52m | eta: 130.3m
step 01060/01992 (53.21%) | loss: 2.816993 | lrm: 0.73 | dt: 8282.97ms | tok/sec: 126,594 | bf16_mfu: 0.00 | epoch: 1 pq: 24 rg: 72 | total time: 146.66m | eta: 130.2m
step 01061/01992 (53.26%) | loss: 2.816552 | lrm: 0.73 | dt: 8281.26ms | tok/sec: 126,620 | bf16_mfu: 0.00 | epoch: 1 pq: 24 rg: 74 | total time: 146.80m | eta: 130.0m
step 01062/01992 (53.31%) | loss: 2.812468 | lrm: 0.73 | dt: 8280.69ms | tok/sec: 126,628 | bf16_mfu: 0.00 | epoch: 1 pq: 24 rg: 76 | total time: 146.94m | eta: 129.9m
step 01063/01992 (53.36%) | loss: 2.811819 | lrm: 0.73 | dt: 8280.14ms | tok/sec: 126,637 | bf16_mfu: 0.00 | epoch: 1 pq: 24 rg: 78 | total time: 147.08m | eta: 129.8m
step 01064/01992 (53.41%) | loss: 2.801432 | lrm: 0.73 | dt: 8270.82ms | tok/sec: 126,780 | bf16_mfu: 0.00 | epoch: 1 pq: 24 rg: 80 | total time: 147.21m | eta: 129.6m
step 01065/01992 (53.46%) | loss: 2.803497 | lrm: 0.73 | dt: 8272.76ms | tok/sec: 126,750 | bf16_mfu: 0.00 | epoch: 1 pq: 24 rg: 82 | total time: 147.35m | eta: 129.5m
step 01066/01992 (53.51%) | loss: 2.802625 | lrm: 0.73 | dt: 8278.48ms | tok/sec: 126,662 | bf16_mfu: 0.00 | epoch: 1 pq: 25 rg: 1 | total time: 147.49m | eta: 129.3m
step 01067/01992 (53.56%) | loss: 2.799600 | lrm: 0.73 | dt: 8275.75ms | tok/sec: 126,704 | bf16_mfu: 0.00 | epoch: 1 pq: 25 rg: 3 | total time: 147.63m | eta: 129.2m
step 01068/01992 (53.61%) | loss: 2.805471 | lrm: 0.73 | dt: 8273.52ms | tok/sec: 126,738 | bf16_mfu: 0.00 | epoch: 1 pq: 25 rg: 5 | total time: 147.77m | eta: 129.1m
step 01069/01992 (53.66%) | loss: 2.799744 | lrm: 0.73 | dt: 8281.38ms | tok/sec: 126,618 | bf16_mfu: 0.00 | epoch: 1 pq: 25 rg: 7 | total time: 147.90m | eta: 128.9m
step 01070/01992 (53.71%) | loss: 2.814305 | lrm: 0.73 | dt: 8278.68ms | tok/sec: 126,659 | bf16_mfu: 0.00 | epoch: 1 pq: 25 rg: 9 | total time: 148.04m | eta: 128.8m
step 01071/01992 (53.77%) | loss: 2.809840 | lrm: 0.73 | dt: 8279.39ms | tok/sec: 126,648 | bf16_mfu: 0.00 | epoch: 1 pq: 25 rg: 10 | total time: 148.18m | eta: 128.6m
step 01072/01992 (53.82%) | loss: 2.792485 | lrm: 0.72 | dt: 8275.54ms | tok/sec: 126,707 | bf16_mfu: 0.00 | epoch: 1 pq: 25 rg: 12 | total time: 148.32m | eta: 128.5m
step 01073/01992 (53.87%) | loss: 2.793777 | lrm: 0.72 | dt: 8282.75ms | tok/sec: 126,597 | bf16_mfu: 0.00 | epoch: 1 pq: 25 rg: 14 | total time: 148.46m | eta: 128.3m
step 01074/01992 (53.92%) | loss: 2.799932 | lrm: 0.72 | dt: 8284.76ms | tok/sec: 126,566 | bf16_mfu: 0.00 | epoch: 1 pq: 25 rg: 16 | total time: 148.59m | eta: 128.2m
step 01075/01992 (53.97%) | loss: 2.787502 | lrm: 0.72 | dt: 8290.02ms | tok/sec: 126,486 | bf16_mfu: 0.00 | epoch: 1 pq: 25 rg: 18 | total time: 148.73m | eta: 128.1m
step 01076/01992 (54.02%) | loss: 2.781388 | lrm: 0.72 | dt: 8288.04ms | tok/sec: 126,516 | bf16_mfu: 0.00 | epoch: 1 pq: 25 rg: 20 | total time: 148.87m | eta: 127.9m
step 01077/01992 (54.07%) | loss: 2.777645 | lrm: 0.72 | dt: 8289.89ms | tok/sec: 126,488 | bf16_mfu: 0.00 | epoch: 1 pq: 25 rg: 22 | total time: 149.01m | eta: 127.8m
step 01078/01992 (54.12%) | loss: 2.780614 | lrm: 0.72 | dt: 8288.24ms | tok/sec: 126,513 | bf16_mfu: 0.00 | epoch: 1 pq: 25 rg: 24 | total time: 149.15m | eta: 127.6m
step 01079/01992 (54.17%) | loss: 2.781854 | lrm: 0.72 | dt: 8290.98ms | tok/sec: 126,471 | bf16_mfu: 0.00 | epoch: 1 pq: 25 rg: 26 | total time: 149.28m | eta: 127.5m
step 01080/01992 (54.22%) | loss: 2.762607 | lrm: 0.72 | dt: 8285.98ms | tok/sec: 126,548 | bf16_mfu: 0.00 | epoch: 1 pq: 25 rg: 28 | total time: 149.42m | eta: 127.4m
step 01081/01992 (54.27%) | loss: 2.775562 | lrm: 0.72 | dt: 8293.13ms | tok/sec: 126,439 | bf16_mfu: 0.00 | epoch: 1 pq: 25 rg: 30 | total time: 149.56m | eta: 127.2m
step 01082/01992 (54.32%) | loss: 2.780495 | lrm: 0.72 | dt: 8298.45ms | tok/sec: 126,358 | bf16_mfu: 0.00 | epoch: 1 pq: 25 rg: 32 | total time: 149.70m | eta: 127.1m
step 01083/01992 (54.37%) | loss: 2.777569 | lrm: 0.72 | dt: 8299.42ms | tok/sec: 126,343 | bf16_mfu: 0.00 | epoch: 1 pq: 25 rg: 33 | total time: 149.84m | eta: 126.9m
step 01084/01992 (54.42%) | loss: 2.778662 | lrm: 0.72 | dt: 8304.01ms | tok/sec: 126,273 | bf16_mfu: 0.00 | epoch: 1 pq: 25 rg: 35 | total time: 149.98m | eta: 126.8m
step 01085/01992 (54.47%) | loss: 2.785193 | lrm: 0.72 | dt: 8309.80ms | tok/sec: 126,185 | bf16_mfu: 0.00 | epoch: 1 pq: 25 rg: 37 | total time: 150.11m | eta: 126.7m
step 01086/01992 (54.52%) | loss: 2.795812 | lrm: 0.71 | dt: 8307.84ms | tok/sec: 126,215 | bf16_mfu: 0.00 | epoch: 1 pq: 25 rg: 39 | total time: 150.25m | eta: 126.5m
step 01087/01992 (54.57%) | loss: 2.801504 | lrm: 0.71 | dt: 8311.51ms | tok/sec: 126,159 | bf16_mfu: 0.00 | epoch: 1 pq: 25 rg: 41 | total time: 150.39m | eta: 126.4m
step 01088/01992 (54.62%) | loss: 2.787759 | lrm: 0.71 | dt: 8312.07ms | tok/sec: 126,151 | bf16_mfu: 0.00 | epoch: 1 pq: 25 rg: 43 | total time: 150.53m | eta: 126.2m
step 01089/01992 (54.67%) | loss: 2.791319 | lrm: 0.71 | dt: 8314.09ms | tok/sec: 126,120 | bf16_mfu: 0.00 | epoch: 1 pq: 25 rg: 45 | total time: 150.67m | eta: 126.1m
step 01090/01992 (54.72%) | loss: 2.795173 | lrm: 0.71 | dt: 8318.89ms | tok/sec: 126,047 | bf16_mfu: 0.00 | epoch: 1 pq: 25 rg: 47 | total time: 150.81m | eta: 126.0m
step 01091/01992 (54.77%) | loss: 2.802834 | lrm: 0.71 | dt: 8328.95ms | tok/sec: 125,895 | bf16_mfu: 0.00 | epoch: 1 pq: 25 rg: 49 | total time: 150.95m | eta: 125.8m
step 01092/01992 (54.82%) | loss: 2.805736 | lrm: 0.71 | dt: 8326.65ms | tok/sec: 125,930 | bf16_mfu: 0.00 | epoch: 1 pq: 25 rg: 51 | total time: 151.08m | eta: 125.7m
step 01093/01992 (54.87%) | loss: 2.795393 | lrm: 0.71 | dt: 8330.99ms | tok/sec: 125,864 | bf16_mfu: 0.00 | epoch: 1 pq: 25 rg: 53 | total time: 151.22m | eta: 125.5m
step 01094/01992 (54.92%) | loss: 2.791128 | lrm: 0.71 | dt: 8333.08ms | tok/sec: 125,833 | bf16_mfu: 0.00 | epoch: 1 pq: 25 rg: 55 | total time: 151.36m | eta: 125.4m
step 01095/01992 (54.97%) | loss: 2.795758 | lrm: 0.71 | dt: 8334.29ms | tok/sec: 125,814 | bf16_mfu: 0.00 | epoch: 1 pq: 25 rg: 57 | total time: 151.50m | eta: 125.3m
step 01096/01992 (55.02%) | loss: 2.802568 | lrm: 0.71 | dt: 8332.16ms | tok/sec: 125,846 | bf16_mfu: 0.00 | epoch: 1 pq: 25 rg: 59 | total time: 151.64m | eta: 125.1m
step 01097/01992 (55.07%) | loss: 2.806607 | lrm: 0.71 | dt: 8327.75ms | tok/sec: 125,913 | bf16_mfu: 0.00 | epoch: 1 pq: 25 rg: 61 | total time: 151.78m | eta: 125.0m
step 01098/01992 (55.12%) | loss: 2.804657 | lrm: 0.71 | dt: 8320.01ms | tok/sec: 126,030 | bf16_mfu: 0.00 | epoch: 1 pq: 25 rg: 63 | total time: 151.92m | eta: 124.8m
step 01099/01992 (55.17%) | loss: 2.805938 | lrm: 0.71 | dt: 8322.02ms | tok/sec: 126,000 | bf16_mfu: 0.00 | epoch: 1 pq: 25 rg: 65 | total time: 152.06m | eta: 124.7m
step 01100/01992 (55.22%) | loss: 2.811161 | lrm: 0.70 | dt: 8321.43ms | tok/sec: 126,009 | bf16_mfu: 0.00 | epoch: 1 pq: 25 rg: 66 | total time: 152.19m | eta: 124.5m
step 01101/01992 (55.27%) | loss: 2.816214 | lrm: 0.70 | dt: 8315.93ms | tok/sec: 126,092 | bf16_mfu: 0.00 | epoch: 1 pq: 25 rg: 68 | total time: 152.33m | eta: 124.4m
step 01102/01992 (55.32%) | loss: 2.824067 | lrm: 0.70 | dt: 8317.51ms | tok/sec: 126,068 | bf16_mfu: 0.00 | epoch: 1 pq: 25 rg: 70 | total time: 152.47m | eta: 124.3m
step 01103/01992 (55.37%) | loss: 2.821890 | lrm: 0.70 | dt: 8316.21ms | tok/sec: 126,088 | bf16_mfu: 0.00 | epoch: 1 pq: 25 rg: 72 | total time: 152.61m | eta: 124.1m
step 01104/01992 (55.42%) | loss: 2.827811 | lrm: 0.70 | dt: 8316.70ms | tok/sec: 126,080 | bf16_mfu: 0.00 | epoch: 1 pq: 25 rg: 74 | total time: 152.75m | eta: 124.0m
step 01105/01992 (55.47%) | loss: 2.828470 | lrm: 0.70 | dt: 8315.92ms | tok/sec: 126,092 | bf16_mfu: 0.00 | epoch: 1 pq: 25 rg: 76 | total time: 152.89m | eta: 123.8m
step 01106/01992 (55.52%) | loss: 2.825611 | lrm: 0.70 | dt: 8314.89ms | tok/sec: 126,108 | bf16_mfu: 0.00 | epoch: 1 pq: 25 rg: 78 | total time: 153.03m | eta: 123.7m
step 01107/01992 (55.57%) | loss: 2.826771 | lrm: 0.70 | dt: 8313.72ms | tok/sec: 126,125 | bf16_mfu: 0.00 | epoch: 1 pq: 25 rg: 80 | total time: 153.16m | eta: 123.6m
step 01108/01992 (55.62%) | loss: 2.828877 | lrm: 0.70 | dt: 8317.14ms | tok/sec: 126,074 | bf16_mfu: 0.00 | epoch: 1 pq: 25 rg: 82 | total time: 153.30m | eta: 123.4m
step 01109/01992 (55.67%) | loss: 2.815394 | lrm: 0.70 | dt: 8314.12ms | tok/sec: 126,119 | bf16_mfu: 0.00 | epoch: 1 pq: 26 rg: 1 | total time: 153.44m | eta: 123.3m
step 01110/01992 (55.72%) | loss: 2.815169 | lrm: 0.70 | dt: 8317.40ms | tok/sec: 126,070 | bf16_mfu: 0.00 | epoch: 1 pq: 26 rg: 3 | total time: 153.58m | eta: 123.1m
step 01111/01992 (55.77%) | loss: 2.805671 | lrm: 0.70 | dt: 8309.84ms | tok/sec: 126,184 | bf16_mfu: 0.00 | epoch: 1 pq: 26 rg: 5 | total time: 153.72m | eta: 123.0m
step 01112/01992 (55.82%) | loss: 2.811069 | lrm: 0.70 | dt: 8312.48ms | tok/sec: 126,144 | bf16_mfu: 0.00 | epoch: 1 pq: 26 rg: 7 | total time: 153.86m | eta: 122.9m
step 01113/01992 (55.87%) | loss: 2.797157 | lrm: 0.69 | dt: 8311.79ms | tok/sec: 126,155 | bf16_mfu: 0.00 | epoch: 1 pq: 26 rg: 9 | total time: 154.00m | eta: 122.7m
step 01114/01992 (55.92%) | loss: 2.805559 | lrm: 0.69 | dt: 8312.08ms | tok/sec: 126,150 | bf16_mfu: 0.00 | epoch: 1 pq: 26 rg: 11 | total time: 154.13m | eta: 122.6m
step 01115/01992 (55.97%) | loss: 2.802203 | lrm: 0.69 | dt: 8309.77ms | tok/sec: 126,185 | bf16_mfu: 0.00 | epoch: 1 pq: 26 rg: 13 | total time: 154.27m | eta: 122.4m
step 01116/01992 (56.02%) | loss: 2.790112 | lrm: 0.69 | dt: 8307.87ms | tok/sec: 126,214 | bf16_mfu: 0.00 | epoch: 1 pq: 26 rg: 14 | total time: 154.41m | eta: 122.3m
step 01117/01992 (56.07%) | loss: 2.786196 | lrm: 0.69 | dt: 8304.37ms | tok/sec: 126,267 | bf16_mfu: 0.00 | epoch: 1 pq: 26 rg: 16 | total time: 154.55m | eta: 122.2m
step 01118/01992 (56.12%) | loss: 2.780140 | lrm: 0.69 | dt: 8307.19ms | tok/sec: 126,225 | bf16_mfu: 0.00 | epoch: 1 pq: 26 rg: 18 | total time: 154.69m | eta: 122.0m
step 01119/01992 (56.17%) | loss: 2.781092 | lrm: 0.69 | dt: 8300.49ms | tok/sec: 126,326 | bf16_mfu: 0.00 | epoch: 1 pq: 26 rg: 20 | total time: 154.83m | eta: 121.9m
step 01120/01992 (56.22%) | loss: 2.783271 | lrm: 0.69 | dt: 8302.51ms | tok/sec: 126,296 | bf16_mfu: 0.00 | epoch: 1 pq: 26 rg: 22 | total time: 154.97m | eta: 121.7m
step 01121/01992 (56.28%) | loss: 2.773451 | lrm: 0.69 | dt: 8297.88ms | tok/sec: 126,366 | bf16_mfu: 0.00 | epoch: 1 pq: 26 rg: 24 | total time: 155.10m | eta: 121.6m
step 01122/01992 (56.33%) | loss: 2.765815 | lrm: 0.69 | dt: 8296.45ms | tok/sec: 126,388 | bf16_mfu: 0.00 | epoch: 1 pq: 26 rg: 26 | total time: 155.24m | eta: 121.5m
step 01123/01992 (56.38%) | loss: 2.777205 | lrm: 0.69 | dt: 8296.39ms | tok/sec: 126,389 | bf16_mfu: 0.00 | epoch: 1 pq: 26 rg: 28 | total time: 155.38m | eta: 121.3m
step 01124/01992 (56.43%) | loss: 2.791639 | lrm: 0.69 | dt: 8292.65ms | tok/sec: 126,446 | bf16_mfu: 0.00 | epoch: 1 pq: 26 rg: 30 | total time: 155.52m | eta: 121.2m
step 01125/01992 (56.48%) | loss: 2.786660 | lrm: 0.69 | dt: 8301.27ms | tok/sec: 126,315 | bf16_mfu: 0.00 | epoch: 1 pq: 26 rg: 32 | total time: 155.66m | eta: 121.0m
step 01126/01992 (56.53%) | loss: 2.781329 | lrm: 0.69 | dt: 8295.52ms | tok/sec: 126,402 | bf16_mfu: 0.00 | epoch: 1 pq: 26 rg: 34 | total time: 155.80m | eta: 120.9m
step 01127/01992 (56.58%) | loss: 2.779094 | lrm: 0.68 | dt: 8295.46ms | tok/sec: 126,403 | bf16_mfu: 0.00 | epoch: 1 pq: 26 rg: 36 | total time: 155.93m | eta: 120.8m
step 01128/01992 (56.63%) | loss: 2.782622 | lrm: 0.68 | dt: 8304.30ms | tok/sec: 126,269 | bf16_mfu: 0.00 | epoch: 1 pq: 26 rg: 38 | total time: 156.07m | eta: 120.6m
step 01129/01992 (56.68%) | loss: 2.773822 | lrm: 0.68 | dt: 8299.71ms | tok/sec: 126,338 | bf16_mfu: 0.00 | epoch: 1 pq: 26 rg: 40 | total time: 156.21m | eta: 120.5m
step 01130/01992 (56.73%) | loss: 2.769804 | lrm: 0.68 | dt: 8299.34ms | tok/sec: 126,344 | bf16_mfu: 0.00 | epoch: 1 pq: 26 rg: 42 | total time: 156.35m | eta: 120.3m
step 01131/01992 (56.78%) | loss: 2.772580 | lrm: 0.68 | dt: 8294.05ms | tok/sec: 126,425 | bf16_mfu: 0.00 | epoch: 1 pq: 26 rg: 44 | total time: 156.49m | eta: 120.2m
step 01132/01992 (56.83%) | loss: 2.782941 | lrm: 0.68 | dt: 8294.29ms | tok/sec: 126,421 | bf16_mfu: 0.00 | epoch: 1 pq: 26 rg: 46 | total time: 156.62m | eta: 120.1m
step 01133/01992 (56.88%) | loss: 2.771877 | lrm: 0.68 | dt: 8295.65ms | tok/sec: 126,400 | bf16_mfu: 0.00 | epoch: 1 pq: 26 rg: 48 | total time: 156.76m | eta: 119.9m
step 01134/01992 (56.93%) | loss: 2.774866 | lrm: 0.68 | dt: 8292.46ms | tok/sec: 126,449 | bf16_mfu: 0.00 | epoch: 1 pq: 26 rg: 49 | total time: 156.90m | eta: 119.8m
step 01135/01992 (56.98%) | loss: 2.781593 | lrm: 0.68 | dt: 8297.08ms | tok/sec: 126,378 | bf16_mfu: 0.00 | epoch: 1 pq: 26 rg: 51 | total time: 157.04m | eta: 119.6m
step 01136/01992 (57.03%) | loss: 2.786525 | lrm: 0.68 | dt: 8285.83ms | tok/sec: 126,550 | bf16_mfu: 0.00 | epoch: 1 pq: 26 rg: 53 | total time: 157.18m | eta: 119.5m
step 01137/01992 (57.08%) | loss: 2.794164 | lrm: 0.68 | dt: 8289.90ms | tok/sec: 126,488 | bf16_mfu: 0.00 | epoch: 1 pq: 26 rg: 55 | total time: 157.32m | eta: 119.3m
step 01138/01992 (57.13%) | loss: 2.799628 | lrm: 0.68 | dt: 8288.27ms | tok/sec: 126,513 | bf16_mfu: 0.00 | epoch: 1 pq: 26 rg: 57 | total time: 157.45m | eta: 119.2m
step 01139/01992 (57.18%) | loss: 2.774734 | lrm: 0.68 | dt: 8294.88ms | tok/sec: 126,412 | bf16_mfu: 0.00 | epoch: 1 pq: 26 rg: 59 | total time: 157.59m | eta: 119.1m
step 01140/01992 (57.23%) | loss: 2.776513 | lrm: 0.68 | dt: 8294.21ms | tok/sec: 126,422 | bf16_mfu: 0.00 | epoch: 1 pq: 26 rg: 61 | total time: 157.73m | eta: 118.9m
step 01141/01992 (57.28%) | loss: 2.772399 | lrm: 0.67 | dt: 8292.65ms | tok/sec: 126,446 | bf16_mfu: 0.00 | epoch: 1 pq: 26 rg: 63 | total time: 157.87m | eta: 118.8m
step 01142/01992 (57.33%) | loss: 2.767577 | lrm: 0.67 | dt: 8291.24ms | tok/sec: 126,467 | bf16_mfu: 0.00 | epoch: 1 pq: 26 rg: 65 | total time: 158.01m | eta: 118.6m
step 01143/01992 (57.38%) | loss: 2.778015 | lrm: 0.67 | dt: 8293.28ms | tok/sec: 126,436 | bf16_mfu: 0.00 | epoch: 1 pq: 26 rg: 67 | total time: 158.15m | eta: 118.5m
step 01144/01992 (57.43%) | loss: 2.784858 | lrm: 0.67 | dt: 8294.86ms | tok/sec: 126,412 | bf16_mfu: 0.00 | epoch: 1 pq: 26 rg: 69 | total time: 158.28m | eta: 118.4m
step 01145/01992 (57.48%) | loss: 2.790618 | lrm: 0.67 | dt: 8298.11ms | tok/sec: 126,363 | bf16_mfu: 0.00 | epoch: 1 pq: 26 rg: 71 | total time: 158.42m | eta: 118.2m
step 01146/01992 (57.53%) | loss: 2.801907 | lrm: 0.67 | dt: 8298.22ms | tok/sec: 126,361 | bf16_mfu: 0.00 | epoch: 1 pq: 26 rg: 73 | total time: 158.56m | eta: 118.1m
step 01147/01992 (57.58%) | loss: 2.794554 | lrm: 0.67 | dt: 8299.41ms | tok/sec: 126,343 | bf16_mfu: 0.00 | epoch: 1 pq: 26 rg: 75 | total time: 158.70m | eta: 117.9m
step 01148/01992 (57.63%) | loss: 2.809732 | lrm: 0.67 | dt: 8305.02ms | tok/sec: 126,258 | bf16_mfu: 0.00 | epoch: 1 pq: 26 rg: 77 | total time: 158.84m | eta: 117.8m
step 01149/01992 (57.68%) | loss: 2.798619 | lrm: 0.67 | dt: 8306.40ms | tok/sec: 126,237 | bf16_mfu: 0.00 | epoch: 1 pq: 26 rg: 79 | total time: 158.98m | eta: 117.7m
step 01150/01992 (57.73%) | loss: 2.800598 | lrm: 0.67 | dt: 8299.36ms | tok/sec: 126,344 | bf16_mfu: 0.00 | epoch: 1 pq: 26 rg: 80 | total time: 159.11m | eta: 117.5m
step 01151/01992 (57.78%) | loss: 2.796070 | lrm: 0.67 | dt: 8297.27ms | tok/sec: 126,376 | bf16_mfu: 0.00 | epoch: 1 pq: 26 rg: 82 | total time: 159.25m | eta: 117.4m
step 01152/01992 (57.83%) | loss: 2.788891 | lrm: 0.67 | dt: 8299.08ms | tok/sec: 126,348 | bf16_mfu: 0.00 | epoch: 1 pq: 27 rg: 1 | total time: 159.39m | eta: 117.2m
step 01153/01992 (57.88%) | loss: 2.792130 | lrm: 0.67 | dt: 8294.24ms | tok/sec: 126,422 | bf16_mfu: 0.00 | epoch: 1 pq: 27 rg: 3 | total time: 159.53m | eta: 117.1m
step 01154/01992 (57.93%) | loss: 2.795185 | lrm: 0.66 | dt: 8290.99ms | tok/sec: 126,471 | bf16_mfu: 0.00 | epoch: 1 pq: 27 rg: 5 | total time: 159.67m | eta: 117.0m
step 01155/01992 (57.98%) | loss: 2.797600 | lrm: 0.66 | dt: 8285.76ms | tok/sec: 126,551 | bf16_mfu: 0.00 | epoch: 1 pq: 27 rg: 7 | total time: 159.80m | eta: 116.8m
step 01156/01992 (58.03%) | loss: 2.792291 | lrm: 0.66 | dt: 8283.91ms | tok/sec: 126,579 | bf16_mfu: 0.00 | epoch: 1 pq: 27 rg: 9 | total time: 159.94m | eta: 116.7m
step 01157/01992 (58.08%) | loss: 2.786256 | lrm: 0.66 | dt: 8282.91ms | tok/sec: 126,595 | bf16_mfu: 0.00 | epoch: 1 pq: 27 rg: 11 | total time: 160.08m | eta: 116.5m
step 01158/01992 (58.13%) | loss: 2.771876 | lrm: 0.66 | dt: 8281.83ms | tok/sec: 126,611 | bf16_mfu: 0.00 | epoch: 1 pq: 27 rg: 13 | total time: 160.22m | eta: 116.4m
step 01159/01992 (58.18%) | loss: 2.769903 | lrm: 0.66 | dt: 8289.10ms | tok/sec: 126,500 | bf16_mfu: 0.00 | epoch: 1 pq: 27 rg: 15 | total time: 160.36m | eta: 116.3m
step 01160/01992 (58.23%) | loss: 2.768449 | lrm: 0.66 | dt: 8286.29ms | tok/sec: 126,543 | bf16_mfu: 0.00 | epoch: 1 pq: 27 rg: 17 | total time: 160.50m | eta: 116.1m
step 01161/01992 (58.28%) | loss: 2.770304 | lrm: 0.66 | dt: 8285.32ms | tok/sec: 126,558 | bf16_mfu: 0.00 | epoch: 1 pq: 27 rg: 19 | total time: 160.63m | eta: 116.0m
step 01162/01992 (58.33%) | loss: 2.769799 | lrm: 0.66 | dt: 8287.29ms | tok/sec: 126,528 | bf16_mfu: 0.00 | epoch: 1 pq: 27 rg: 21 | total time: 160.77m | eta: 115.8m
step 01163/01992 (58.38%) | loss: 2.777114 | lrm: 0.66 | dt: 8290.62ms | tok/sec: 126,477 | bf16_mfu: 0.00 | epoch: 1 pq: 27 rg: 23 | total time: 160.91m | eta: 115.7m
step 01164/01992 (58.43%) | loss: 2.774989 | lrm: 0.66 | dt: 8286.48ms | tok/sec: 126,540 | bf16_mfu: 0.00 | epoch: 1 pq: 27 rg: 25 | total time: 161.05m | eta: 115.6m
step 01165/01992 (58.48%) | loss: 2.778345 | lrm: 0.66 | dt: 8284.02ms | tok/sec: 126,578 | bf16_mfu: 0.00 | epoch: 1 pq: 27 rg: 26 | total time: 161.19m | eta: 115.4m
step 01166/01992 (58.53%) | loss: 2.767309 | lrm: 0.66 | dt: 8285.00ms | tok/sec: 126,563 | bf16_mfu: 0.00 | epoch: 1 pq: 27 rg: 28 | total time: 161.32m | eta: 115.3m
step 01167/01992 (58.58%) | loss: 2.773831 | lrm: 0.66 | dt: 8289.17ms | tok/sec: 126,499 | bf16_mfu: 0.00 | epoch: 1 pq: 27 rg: 30 | total time: 161.46m | eta: 115.1m
step 01168/01992 (58.63%) | loss: 2.771967 | lrm: 0.65 | dt: 8289.54ms | tok/sec: 126,493 | bf16_mfu: 0.00 | epoch: 1 pq: 27 rg: 32 | total time: 161.60m | eta: 115.0m
step 01169/01992 (58.68%) | loss: 2.766894 | lrm: 0.65 | dt: 8283.72ms | tok/sec: 126,582 | bf16_mfu: 0.00 | epoch: 1 pq: 27 rg: 34 | total time: 161.74m | eta: 114.8m
step 01170/01992 (58.73%) | loss: 2.768941 | lrm: 0.65 | dt: 8285.67ms | tok/sec: 126,552 | bf16_mfu: 0.00 | epoch: 1 pq: 27 rg: 36 | total time: 161.88m | eta: 114.7m
step 01171/01992 (58.79%) | loss: 2.769819 | lrm: 0.65 | dt: 8281.34ms | tok/sec: 126,619 | bf16_mfu: 0.00 | epoch: 1 pq: 27 rg: 38 | total time: 162.01m | eta: 114.6m
step 01172/01992 (58.84%) | loss: 2.774455 | lrm: 0.65 | dt: 8282.04ms | tok/sec: 126,608 | bf16_mfu: 0.00 | epoch: 1 pq: 27 rg: 40 | total time: 162.15m | eta: 114.4m
step 01173/01992 (58.89%) | loss: 2.789173 | lrm: 0.65 | dt: 8275.36ms | tok/sec: 126,710 | bf16_mfu: 0.00 | epoch: 1 pq: 27 rg: 42 | total time: 162.29m | eta: 114.3m
step 01174/01992 (58.94%) | loss: 2.788722 | lrm: 0.65 | dt: 8275.90ms | tok/sec: 126,702 | bf16_mfu: 0.00 | epoch: 1 pq: 27 rg: 44 | total time: 162.43m | eta: 114.1m
step 01175/01992 (58.99%) | loss: 2.789687 | lrm: 0.65 | dt: 8279.74ms | tok/sec: 126,643 | bf16_mfu: 0.00 | epoch: 1 pq: 27 rg: 46 | total time: 162.57m | eta: 114.0m
step 01176/01992 (59.04%) | loss: 2.786307 | lrm: 0.65 | dt: 8282.83ms | tok/sec: 126,596 | bf16_mfu: 0.00 | epoch: 1 pq: 27 rg: 48 | total time: 162.70m | eta: 113.9m
step 01177/01992 (59.09%) | loss: 2.780996 | lrm: 0.65 | dt: 8287.63ms | tok/sec: 126,523 | bf16_mfu: 0.00 | epoch: 1 pq: 27 rg: 50 | total time: 162.84m | eta: 113.7m
step 01178/01992 (59.14%) | loss: 2.792552 | lrm: 0.65 | dt: 8286.40ms | tok/sec: 126,541 | bf16_mfu: 0.00 | epoch: 1 pq: 27 rg: 52 | total time: 162.98m | eta: 113.6m
step 01179/01992 (59.19%) | loss: 2.786115 | lrm: 0.65 | dt: 8287.38ms | tok/sec: 126,526 | bf16_mfu: 0.00 | epoch: 1 pq: 27 rg: 54 | total time: 163.12m | eta: 113.4m
step 01180/01992 (59.24%) | loss: 2.790661 | lrm: 0.65 | dt: 8287.59ms | tok/sec: 126,523 | bf16_mfu: 0.00 | epoch: 1 pq: 27 rg: 55 | total time: 163.26m | eta: 113.3m
step 01181/01992 (59.29%) | loss: 2.792293 | lrm: 0.64 | dt: 8290.18ms | tok/sec: 126,484 | bf16_mfu: 0.00 | epoch: 1 pq: 27 rg: 57 | total time: 163.39m | eta: 113.2m
step 01182/01992 (59.34%) | loss: 2.773321 | lrm: 0.64 | dt: 8291.00ms | tok/sec: 126,471 | bf16_mfu: 0.00 | epoch: 1 pq: 27 rg: 59 | total time: 163.53m | eta: 113.0m
step 01183/01992 (59.39%) | loss: 2.776635 | lrm: 0.64 | dt: 8287.57ms | tok/sec: 126,523 | bf16_mfu: 0.00 | epoch: 1 pq: 27 rg: 61 | total time: 163.67m | eta: 112.9m
step 01184/01992 (59.44%) | loss: 2.784214 | lrm: 0.64 | dt: 8294.24ms | tok/sec: 126,422 | bf16_mfu: 0.00 | epoch: 1 pq: 27 rg: 63 | total time: 163.81m | eta: 112.7m
step 01185/01992 (59.49%) | loss: 2.769408 | lrm: 0.64 | dt: 8291.55ms | tok/sec: 126,463 | bf16_mfu: 0.00 | epoch: 1 pq: 27 rg: 65 | total time: 163.95m | eta: 112.6m
step 01186/01992 (59.54%) | loss: 2.767258 | lrm: 0.64 | dt: 8287.40ms | tok/sec: 126,526 | bf16_mfu: 0.00 | epoch: 1 pq: 27 rg: 67 | total time: 164.09m | eta: 112.5m
step 01187/01992 (59.59%) | loss: 2.775006 | lrm: 0.64 | dt: 8291.22ms | tok/sec: 126,468 | bf16_mfu: 0.00 | epoch: 1 pq: 27 rg: 69 | total time: 164.22m | eta: 112.3m
step 01188/01992 (59.64%) | loss: 2.760402 | lrm: 0.64 | dt: 8287.45ms | tok/sec: 126,525 | bf16_mfu: 0.00 | epoch: 1 pq: 27 rg: 71 | total time: 164.36m | eta: 112.2m
step 01189/01992 (59.69%) | loss: 2.767592 | lrm: 0.64 | dt: 8288.16ms | tok/sec: 126,514 | bf16_mfu: 0.00 | epoch: 1 pq: 27 rg: 73 | total time: 164.50m | eta: 112.0m
step 01190/01992 (59.74%) | loss: 2.751722 | lrm: 0.64 | dt: 8286.91ms | tok/sec: 126,534 | bf16_mfu: 0.00 | epoch: 1 pq: 27 rg: 75 | total time: 164.64m | eta: 111.9m
step 01191/01992 (59.79%) | loss: 2.740187 | lrm: 0.64 | dt: 8286.59ms | tok/sec: 126,538 | bf16_mfu: 0.00 | epoch: 1 pq: 27 rg: 77 | total time: 164.78m | eta: 111.8m
step 01192/01992 (59.84%) | loss: 2.731179 | lrm: 0.64 | dt: 8295.11ms | tok/sec: 126,408 | bf16_mfu: 0.00 | epoch: 1 pq: 27 rg: 79 | total time: 164.91m | eta: 111.6m
step 01193/01992 (59.89%) | loss: 2.739235 | lrm: 0.64 | dt: 8297.88ms | tok/sec: 126,366 | bf16_mfu: 0.00 | epoch: 1 pq: 27 rg: 81 | total time: 165.05m | eta: 111.5m
step 01194/01992 (59.94%) | loss: 2.736968 | lrm: 0.64 | dt: 8294.01ms | tok/sec: 126,425 | bf16_mfu: 0.00 | epoch: 1 pq: 28 rg: 1 | total time: 165.19m | eta: 111.3m
step 01195/01992 (59.99%) | loss: 2.726281 | lrm: 0.63 | dt: 8289.67ms | tok/sec: 126,491 | bf16_mfu: 0.00 | epoch: 1 pq: 28 rg: 3 | total time: 165.33m | eta: 111.2m
step 01196/01992 (60.04%) | loss: 2.733128 | lrm: 0.63 | dt: 8294.40ms | tok/sec: 126,419 | bf16_mfu: 0.00 | epoch: 1 pq: 28 rg: 5 | total time: 165.47m | eta: 111.1m
step 01197/01992 (60.09%) | loss: 2.730347 | lrm: 0.63 | dt: 8288.83ms | tok/sec: 126,504 | bf16_mfu: 0.00 | epoch: 1 pq: 28 rg: 7 | total time: 165.61m | eta: 110.9m
step 01198/01992 (60.14%) | loss: 2.735840 | lrm: 0.63 | dt: 8287.18ms | tok/sec: 126,529 | bf16_mfu: 0.00 | epoch: 1 pq: 28 rg: 8 | total time: 165.74m | eta: 110.8m
step 01199/01992 (60.19%) | loss: 2.728051 | lrm: 0.63 | dt: 8292.68ms | tok/sec: 126,445 | bf16_mfu: 0.00 | epoch: 1 pq: 28 rg: 10 | total time: 165.88m | eta: 110.6m
step 01200/01992 (60.24%) | loss: 2.725771 | lrm: 0.63 | dt: 8293.91ms | tok/sec: 126,427 | bf16_mfu: 0.00 | epoch: 1 pq: 28 rg: 12 | total time: 166.02m | eta: 110.5m
step 01201/01992 (60.29%) | loss: 2.724358 | lrm: 0.63 | dt: 8289.16ms | tok/sec: 126,499 | bf16_mfu: 0.00 | epoch: 1 pq: 28 rg: 14 | total time: 166.16m | eta: 110.4m
step 01202/01992 (60.34%) | loss: 2.721202 | lrm: 0.63 | dt: 8289.96ms | tok/sec: 126,487 | bf16_mfu: 0.00 | epoch: 1 pq: 28 rg: 16 | total time: 166.30m | eta: 110.2m
step 01203/01992 (60.39%) | loss: 2.731723 | lrm: 0.63 | dt: 8283.91ms | tok/sec: 126,579 | bf16_mfu: 0.00 | epoch: 1 pq: 28 rg: 18 | total time: 166.43m | eta: 110.1m
step 01204/01992 (60.44%) | loss: 2.736579 | lrm: 0.63 | dt: 8283.89ms | tok/sec: 126,580 | bf16_mfu: 0.00 | epoch: 1 pq: 28 rg: 20 | total time: 166.57m | eta: 109.9m
step 01205/01992 (60.49%) | loss: 2.739530 | lrm: 0.63 | dt: 8279.28ms | tok/sec: 126,650 | bf16_mfu: 0.00 | epoch: 1 pq: 28 rg: 22 | total time: 166.71m | eta: 109.8m
step 01206/01992 (60.54%) | loss: 2.742163 | lrm: 0.63 | dt: 8281.54ms | tok/sec: 126,616 | bf16_mfu: 0.00 | epoch: 1 pq: 28 rg: 24 | total time: 166.85m | eta: 109.7m
step 01207/01992 (60.59%) | loss: 2.747687 | lrm: 0.63 | dt: 8285.64ms | tok/sec: 126,553 | bf16_mfu: 0.00 | epoch: 1 pq: 28 rg: 26 | total time: 166.99m | eta: 109.5m
step 01208/01992 (60.64%) | loss: 2.748658 | lrm: 0.63 | dt: 8286.04ms | tok/sec: 126,547 | bf16_mfu: 0.00 | epoch: 1 pq: 28 rg: 28 | total time: 167.12m | eta: 109.4m
step 01209/01992 (60.69%) | loss: 2.750744 | lrm: 0.62 | dt: 8288.42ms | tok/sec: 126,511 | bf16_mfu: 0.00 | epoch: 1 pq: 28 rg: 30 | total time: 167.26m | eta: 109.2m
step 01210/01992 (60.74%) | loss: 2.748496 | lrm: 0.62 | dt: 8283.30ms | tok/sec: 126,589 | bf16_mfu: 0.00 | epoch: 1 pq: 28 rg: 32 | total time: 167.40m | eta: 109.1m
step 01211/01992 (60.79%) | loss: 2.747719 | lrm: 0.62 | dt: 8283.94ms | tok/sec: 126,579 | bf16_mfu: 0.00 | epoch: 1 pq: 28 rg: 34 | total time: 167.54m | eta: 108.9m
step 01212/01992 (60.84%) | loss: 2.735663 | lrm: 0.62 | dt: 8290.73ms | tok/sec: 126,475 | bf16_mfu: 0.00 | epoch: 1 pq: 28 rg: 35 | total time: 167.68m | eta: 108.8m
step 01213/01992 (60.89%) | loss: 2.735783 | lrm: 0.62 | dt: 8288.01ms | tok/sec: 126,517 | bf16_mfu: 0.00 | epoch: 1 pq: 28 rg: 37 | total time: 167.82m | eta: 108.7m
step 01214/01992 (60.94%) | loss: 2.739358 | lrm: 0.62 | dt: 8297.06ms | tok/sec: 126,379 | bf16_mfu: 0.00 | epoch: 1 pq: 28 rg: 39 | total time: 167.95m | eta: 108.5m
step 01215/01992 (60.99%) | loss: 2.737915 | lrm: 0.62 | dt: 8289.94ms | tok/sec: 126,487 | bf16_mfu: 0.00 | epoch: 1 pq: 28 rg: 41 | total time: 168.09m | eta: 108.4m
step 01216/01992 (61.04%) | loss: 2.733442 | lrm: 0.62 | dt: 8290.84ms | tok/sec: 126,474 | bf16_mfu: 0.00 | epoch: 1 pq: 28 rg: 43 | total time: 168.23m | eta: 108.2m
step 01217/01992 (61.09%) | loss: 2.746863 | lrm: 0.62 | dt: 8288.55ms | tok/sec: 126,508 | bf16_mfu: 0.00 | epoch: 1 pq: 28 rg: 45 | total time: 168.37m | eta: 108.1m
step 01218/01992 (61.14%) | loss: 2.748154 | lrm: 0.62 | dt: 8284.88ms | tok/sec: 126,564 | bf16_mfu: 0.00 | epoch: 1 pq: 28 rg: 47 | total time: 168.51m | eta: 108.0m
step 01219/01992 (61.19%) | loss: 2.738433 | lrm: 0.62 | dt: 8286.21ms | tok/sec: 126,544 | bf16_mfu: 0.00 | epoch: 1 pq: 28 rg: 49 | total time: 168.64m | eta: 107.8m
step 01220/01992 (61.24%) | loss: 2.736482 | lrm: 0.62 | dt: 8285.43ms | tok/sec: 126,556 | bf16_mfu: 0.00 | epoch: 1 pq: 28 rg: 51 | total time: 168.78m | eta: 107.7m
step 01221/01992 (61.30%) | loss: 2.740190 | lrm: 0.62 | dt: 8284.61ms | tok/sec: 126,569 | bf16_mfu: 0.00 | epoch: 1 pq: 28 rg: 53 | total time: 168.92m | eta: 107.5m
step 01222/01992 (61.35%) | loss: 2.739764 | lrm: 0.61 | dt: 8283.28ms | tok/sec: 126,589 | bf16_mfu: 0.00 | epoch: 1 pq: 28 rg: 55 | total time: 169.06m | eta: 107.4m
step 01223/01992 (61.40%) | loss: 2.751537 | lrm: 0.61 | dt: 8282.04ms | tok/sec: 126,608 | bf16_mfu: 0.00 | epoch: 1 pq: 28 rg: 57 | total time: 169.20m | eta: 107.3m
step 01224/01992 (61.45%) | loss: 2.751770 | lrm: 0.61 | dt: 8286.30ms | tok/sec: 126,543 | bf16_mfu: 0.00 | epoch: 1 pq: 28 rg: 59 | total time: 169.33m | eta: 107.1m
step 01225/01992 (61.50%) | loss: 2.752107 | lrm: 0.61 | dt: 8283.81ms | tok/sec: 126,581 | bf16_mfu: 0.00 | epoch: 1 pq: 28 rg: 61 | total time: 169.47m | eta: 107.0m
step 01226/01992 (61.55%) | loss: 2.754156 | lrm: 0.61 | dt: 8280.46ms | tok/sec: 126,632 | bf16_mfu: 0.00 | epoch: 1 pq: 28 rg: 63 | total time: 169.61m | eta: 106.8m
step 01227/01992 (61.60%) | loss: 2.754607 | lrm: 0.61 | dt: 8283.38ms | tok/sec: 126,587 | bf16_mfu: 0.00 | epoch: 1 pq: 28 rg: 65 | total time: 169.75m | eta: 106.7m
step 01228/01992 (61.65%) | loss: 2.753147 | lrm: 0.61 | dt: 8283.44ms | tok/sec: 126,586 | bf16_mfu: 0.00 | epoch: 1 pq: 28 rg: 66 | total time: 169.89m | eta: 106.6m
step 01229/01992 (61.70%) | loss: 2.758144 | lrm: 0.61 | dt: 8287.65ms | tok/sec: 126,522 | bf16_mfu: 0.00 | epoch: 1 pq: 28 rg: 68 | total time: 170.03m | eta: 106.4m
step 01230/01992 (61.75%) | loss: 2.752501 | lrm: 0.61 | dt: 8286.33ms | tok/sec: 126,542 | bf16_mfu: 0.00 | epoch: 1 pq: 28 rg: 70 | total time: 170.16m | eta: 106.3m
step 01231/01992 (61.80%) | loss: 2.745326 | lrm: 0.61 | dt: 8290.04ms | tok/sec: 126,486 | bf16_mfu: 0.00 | epoch: 1 pq: 28 rg: 72 | total time: 170.30m | eta: 106.1m
step 01232/01992 (61.85%) | loss: 2.751088 | lrm: 0.61 | dt: 8288.31ms | tok/sec: 126,512 | bf16_mfu: 0.00 | epoch: 1 pq: 28 rg: 74 | total time: 170.44m | eta: 106.0m
step 01233/01992 (61.90%) | loss: 2.752735 | lrm: 0.61 | dt: 8288.49ms | tok/sec: 126,509 | bf16_mfu: 0.00 | epoch: 1 pq: 28 rg: 76 | total time: 170.58m | eta: 105.9m
step 01234/01992 (61.95%) | loss: 2.754313 | lrm: 0.61 | dt: 8293.15ms | tok/sec: 126,438 | bf16_mfu: 0.00 | epoch: 1 pq: 28 rg: 78 | total time: 170.72m | eta: 105.7m
step 01235/01992 (62.00%) | loss: 2.750982 | lrm: 0.61 | dt: 8293.44ms | tok/sec: 126,434 | bf16_mfu: 0.00 | epoch: 1 pq: 28 rg: 80 | total time: 170.85m | eta: 105.6m
step 01236/01992 (62.05%) | loss: 2.753750 | lrm: 0.60 | dt: 8291.59ms | tok/sec: 126,462 | bf16_mfu: 0.00 | epoch: 1 pq: 28 rg: 82 | total time: 170.99m | eta: 105.4m
step 01237/01992 (62.10%) | loss: 2.758138 | lrm: 0.60 | dt: 8287.32ms | tok/sec: 126,527 | bf16_mfu: 0.00 | epoch: 1 pq: 29 rg: 1 | total time: 171.13m | eta: 105.3m
step 01238/01992 (62.15%) | loss: 2.763075 | lrm: 0.60 | dt: 8286.66ms | tok/sec: 126,537 | bf16_mfu: 0.00 | epoch: 1 pq: 29 rg: 3 | total time: 171.27m | eta: 105.2m
step 01239/01992 (62.20%) | loss: 2.754824 | lrm: 0.60 | dt: 8287.73ms | tok/sec: 126,521 | bf16_mfu: 0.00 | epoch: 1 pq: 29 rg: 5 | total time: 171.41m | eta: 105.0m
step 01240/01992 (62.25%) | loss: 2.755357 | lrm: 0.60 | dt: 8282.52ms | tok/sec: 126,601 | bf16_mfu: 0.00 | epoch: 1 pq: 29 rg: 7 | total time: 171.54m | eta: 104.9m
step 01241/01992 (62.30%) | loss: 2.754920 | lrm: 0.60 | dt: 8284.12ms | tok/sec: 126,576 | bf16_mfu: 0.00 | epoch: 1 pq: 29 rg: 9 | total time: 171.68m | eta: 104.7m
step 01242/01992 (62.35%) | loss: 2.753150 | lrm: 0.60 | dt: 8287.01ms | tok/sec: 126,532 | bf16_mfu: 0.00 | epoch: 1 pq: 29 rg: 11 | total time: 171.82m | eta: 104.6m
step 01243/01992 (62.40%) | loss: 2.755661 | lrm: 0.60 | dt: 8293.54ms | tok/sec: 126,432 | bf16_mfu: 0.00 | epoch: 1 pq: 29 rg: 13 | total time: 171.96m | eta: 104.5m
step 01244/01992 (62.45%) | loss: 2.759814 | lrm: 0.60 | dt: 8293.20ms | tok/sec: 126,438 | bf16_mfu: 0.00 | epoch: 1 pq: 29 rg: 15 | total time: 172.10m | eta: 104.3m
step 01245/01992 (62.50%) | loss: 2.756605 | lrm: 0.60 | dt: 8294.55ms | tok/sec: 126,417 | bf16_mfu: 0.00 | epoch: 1 pq: 29 rg: 16 | total time: 172.24m | eta: 104.2m
step 01246/01992 (62.55%) | loss: 2.745633 | lrm: 0.60 | dt: 8295.37ms | tok/sec: 126,405 | bf16_mfu: 0.00 | epoch: 1 pq: 29 rg: 18 | total time: 172.37m | eta: 104.0m
step 01247/01992 (62.60%) | loss: 2.754682 | lrm: 0.60 | dt: 8296.45ms | tok/sec: 126,388 | bf16_mfu: 0.00 | epoch: 1 pq: 29 rg: 20 | total time: 172.51m | eta: 103.9m
step 01248/01992 (62.65%) | loss: 2.749765 | lrm: 0.60 | dt: 8301.03ms | tok/sec: 126,318 | bf16_mfu: 0.00 | epoch: 1 pq: 29 rg: 22 | total time: 172.65m | eta: 103.8m
step 01249/01992 (62.70%) | loss: 2.758071 | lrm: 0.60 | dt: 8300.08ms | tok/sec: 126,333 | bf16_mfu: 0.00 | epoch: 1 pq: 29 rg: 24 | total time: 172.79m | eta: 103.6m
Step 01250 | Validation bpb: 0.838478
step 01250/01992 (62.75%) | loss: 2.772494 | lrm: 0.59 | dt: 8326.63ms | tok/sec: 125,930 | bf16_mfu: 0.00 | epoch: 1 pq: 29 rg: 26 | total time: 172.93m | eta: 103.5m
step 01251/01992 (62.80%) | loss: 2.759033 | lrm: 0.59 | dt: 8318.64ms | tok/sec: 126,051 | bf16_mfu: 0.00 | epoch: 1 pq: 29 rg: 28 | total time: 173.07m | eta: 103.3m
step 01252/01992 (62.85%) | loss: 2.751934 | lrm: 0.59 | dt: 8322.07ms | tok/sec: 125,999 | bf16_mfu: 0.00 | epoch: 1 pq: 29 rg: 30 | total time: 173.20m | eta: 103.2m
step 01253/01992 (62.90%) | loss: 2.753222 | lrm: 0.59 | dt: 8320.94ms | tok/sec: 126,016 | bf16_mfu: 0.00 | epoch: 1 pq: 29 rg: 32 | total time: 173.34m | eta: 103.1m
step 01254/01992 (62.95%) | loss: 2.750211 | lrm: 0.59 | dt: 8318.94ms | tok/sec: 126,046 | bf16_mfu: 0.00 | epoch: 1 pq: 29 rg: 34 | total time: 173.48m | eta: 102.9m
step 01255/01992 (63.00%) | loss: 2.751900 | lrm: 0.59 | dt: 8318.95ms | tok/sec: 126,046 | bf16_mfu: 0.00 | epoch: 1 pq: 29 rg: 36 | total time: 173.62m | eta: 102.8m
step 01256/01992 (63.05%) | loss: 2.749604 | lrm: 0.59 | dt: 8321.40ms | tok/sec: 126,009 | bf16_mfu: 0.00 | epoch: 1 pq: 29 rg: 38 | total time: 173.76m | eta: 102.6m
step 01257/01992 (63.10%) | loss: 2.752203 | lrm: 0.59 | dt: 8326.18ms | tok/sec: 125,937 | bf16_mfu: 0.00 | epoch: 1 pq: 29 rg: 40 | total time: 173.90m | eta: 102.5m
step 01258/01992 (63.15%) | loss: 2.741787 | lrm: 0.59 | dt: 8331.63ms | tok/sec: 125,854 | bf16_mfu: 0.00 | epoch: 1 pq: 29 rg: 42 | total time: 174.04m | eta: 102.4m
step 01259/01992 (63.20%) | loss: 2.742797 | lrm: 0.59 | dt: 8322.57ms | tok/sec: 125,991 | bf16_mfu: 0.00 | epoch: 1 pq: 29 rg: 43 | total time: 174.18m | eta: 102.2m
step 01260/01992 (63.25%) | loss: 2.752236 | lrm: 0.59 | dt: 8321.00ms | tok/sec: 126,015 | bf16_mfu: 0.00 | epoch: 1 pq: 29 rg: 45 | total time: 174.31m | eta: 102.1m
step 01261/01992 (63.30%) | loss: 2.756320 | lrm: 0.59 | dt: 8310.89ms | tok/sec: 126,168 | bf16_mfu: 0.00 | epoch: 1 pq: 29 rg: 47 | total time: 174.45m | eta: 101.9m
step 01262/01992 (63.35%) | loss: 2.769988 | lrm: 0.59 | dt: 8313.37ms | tok/sec: 126,131 | bf16_mfu: 0.00 | epoch: 1 pq: 29 rg: 49 | total time: 174.59m | eta: 101.8m
step 01263/01992 (63.40%) | loss: 2.766089 | lrm: 0.58 | dt: 8308.51ms | tok/sec: 126,205 | bf16_mfu: 0.00 | epoch: 1 pq: 29 rg: 51 | total time: 174.73m | eta: 101.7m
step 01264/01992 (63.45%) | loss: 2.752679 | lrm: 0.58 | dt: 8299.78ms | tok/sec: 126,337 | bf16_mfu: 0.00 | epoch: 1 pq: 29 rg: 53 | total time: 174.87m | eta: 101.5m
step 01265/01992 (63.50%) | loss: 2.757685 | lrm: 0.58 | dt: 8302.51ms | tok/sec: 126,296 | bf16_mfu: 0.00 | epoch: 1 pq: 29 rg: 55 | total time: 175.01m | eta: 101.4m
step 01266/01992 (63.55%) | loss: 2.752909 | lrm: 0.58 | dt: 8308.90ms | tok/sec: 126,199 | bf16_mfu: 0.00 | epoch: 1 pq: 29 rg: 57 | total time: 175.15m | eta: 101.2m
step 01267/01992 (63.60%) | loss: 2.762140 | lrm: 0.58 | dt: 8309.08ms | tok/sec: 126,196 | bf16_mfu: 0.00 | epoch: 1 pq: 29 rg: 59 | total time: 175.28m | eta: 101.1m
step 01268/01992 (63.65%) | loss: 2.777241 | lrm: 0.58 | dt: 8304.99ms | tok/sec: 126,258 | bf16_mfu: 0.00 | epoch: 1 pq: 29 rg: 61 | total time: 175.42m | eta: 101.0m
step 01269/01992 (63.70%) | loss: 2.785164 | lrm: 0.58 | dt: 8308.43ms | tok/sec: 126,206 | bf16_mfu: 0.00 | epoch: 1 pq: 29 rg: 63 | total time: 175.56m | eta: 100.8m
step 01270/01992 (63.76%) | loss: 2.779900 | lrm: 0.58 | dt: 8307.87ms | tok/sec: 126,214 | bf16_mfu: 0.00 | epoch: 1 pq: 29 rg: 65 | total time: 175.70m | eta: 100.7m
step 01271/01992 (63.81%) | loss: 2.772466 | lrm: 0.58 | dt: 8299.86ms | tok/sec: 126,336 | bf16_mfu: 0.00 | epoch: 1 pq: 29 rg: 67 | total time: 175.84m | eta: 100.5m
step 01272/01992 (63.86%) | loss: 2.768194 | lrm: 0.58 | dt: 8308.39ms | tok/sec: 126,206 | bf16_mfu: 0.00 | epoch: 1 pq: 29 rg: 69 | total time: 175.98m | eta: 100.4m
step 01273/01992 (63.91%) | loss: 2.774634 | lrm: 0.58 | dt: 8302.47ms | tok/sec: 126,296 | bf16_mfu: 0.00 | epoch: 1 pq: 29 rg: 71 | total time: 176.11m | eta: 100.3m
step 01274/01992 (63.96%) | loss: 2.778116 | lrm: 0.58 | dt: 8303.00ms | tok/sec: 126,288 | bf16_mfu: 0.00 | epoch: 1 pq: 29 rg: 73 | total time: 176.25m | eta: 100.1m
step 01275/01992 (64.01%) | loss: 2.777743 | lrm: 0.58 | dt: 8303.06ms | tok/sec: 126,287 | bf16_mfu: 0.00 | epoch: 1 pq: 29 rg: 75 | total time: 176.39m | eta: 100.0m
step 01276/01992 (64.06%) | loss: 2.776446 | lrm: 0.58 | dt: 8306.15ms | tok/sec: 126,240 | bf16_mfu: 0.00 | epoch: 1 pq: 29 rg: 77 | total time: 176.53m | eta: 99.8m
step 01277/01992 (64.11%) | loss: 2.769214 | lrm: 0.57 | dt: 8307.94ms | tok/sec: 126,213 | bf16_mfu: 0.00 | epoch: 1 pq: 29 rg: 78 | total time: 176.67m | eta: 99.7m
step 01278/01992 (64.16%) | loss: 2.770543 | lrm: 0.57 | dt: 8303.79ms | tok/sec: 126,276 | bf16_mfu: 0.00 | epoch: 1 pq: 29 rg: 80 | total time: 176.81m | eta: 99.6m
step 01279/01992 (64.21%) | loss: 2.768200 | lrm: 0.57 | dt: 8300.99ms | tok/sec: 126,319 | bf16_mfu: 0.00 | epoch: 1 pq: 30 rg: 0 | total time: 176.94m | eta: 99.4m
step 01280/01992 (64.26%) | loss: 2.754286 | lrm: 0.57 | dt: 8296.51ms | tok/sec: 126,387 | bf16_mfu: 0.00 | epoch: 1 pq: 30 rg: 2 | total time: 177.08m | eta: 99.3m
step 01281/01992 (64.31%) | loss: 2.753294 | lrm: 0.57 | dt: 8292.63ms | tok/sec: 126,446 | bf16_mfu: 0.00 | epoch: 1 pq: 30 rg: 4 | total time: 177.22m | eta: 99.1m
step 01282/01992 (64.36%) | loss: 2.753073 | lrm: 0.57 | dt: 8294.44ms | tok/sec: 126,419 | bf16_mfu: 0.00 | epoch: 1 pq: 30 rg: 6 | total time: 177.36m | eta: 99.0m
step 01283/01992 (64.41%) | loss: 2.756824 | lrm: 0.57 | dt: 8293.99ms | tok/sec: 126,426 | bf16_mfu: 0.00 | epoch: 1 pq: 30 rg: 8 | total time: 177.50m | eta: 98.9m
step 01284/01992 (64.46%) | loss: 2.752234 | lrm: 0.57 | dt: 8294.64ms | tok/sec: 126,416 | bf16_mfu: 0.00 | epoch: 1 pq: 30 rg: 10 | total time: 177.64m | eta: 98.7m
step 01285/01992 (64.51%) | loss: 2.754858 | lrm: 0.57 | dt: 8294.72ms | tok/sec: 126,414 | bf16_mfu: 0.00 | epoch: 1 pq: 30 rg: 12 | total time: 177.77m | eta: 98.6m
step 01286/01992 (64.56%) | loss: 2.755631 | lrm: 0.57 | dt: 8300.36ms | tok/sec: 126,328 | bf16_mfu: 0.00 | epoch: 1 pq: 30 rg: 14 | total time: 177.91m | eta: 98.4m
step 01287/01992 (64.61%) | loss: 2.744296 | lrm: 0.57 | dt: 8296.55ms | tok/sec: 126,387 | bf16_mfu: 0.00 | epoch: 1 pq: 30 rg: 16 | total time: 178.05m | eta: 98.3m
step 01288/01992 (64.66%) | loss: 2.752432 | lrm: 0.57 | dt: 8296.76ms | tok/sec: 126,383 | bf16_mfu: 0.00 | epoch: 1 pq: 30 rg: 18 | total time: 178.19m | eta: 98.2m
step 01289/01992 (64.71%) | loss: 2.742291 | lrm: 0.57 | dt: 8296.42ms | tok/sec: 126,389 | bf16_mfu: 0.00 | epoch: 1 pq: 30 rg: 20 | total time: 178.33m | eta: 98.0m
step 01290/01992 (64.76%) | loss: 2.743677 | lrm: 0.56 | dt: 8293.69ms | tok/sec: 126,430 | bf16_mfu: 0.00 | epoch: 1 pq: 30 rg: 22 | total time: 178.47m | eta: 97.9m
step 01291/01992 (64.81%) | loss: 2.757423 | lrm: 0.56 | dt: 8297.43ms | tok/sec: 126,373 | bf16_mfu: 0.00 | epoch: 1 pq: 30 rg: 24 | total time: 178.60m | eta: 97.7m
step 01292/01992 (64.86%) | loss: 2.742943 | lrm: 0.56 | dt: 8298.90ms | tok/sec: 126,351 | bf16_mfu: 0.00 | epoch: 1 pq: 30 rg: 26 | total time: 178.74m | eta: 97.6m
step 01293/01992 (64.91%) | loss: 2.736809 | lrm: 0.56 | dt: 8296.63ms | tok/sec: 126,385 | bf16_mfu: 0.00 | epoch: 1 pq: 30 rg: 28 | total time: 178.88m | eta: 97.5m
step 01294/01992 (64.96%) | loss: 2.725212 | lrm: 0.56 | dt: 8297.98ms | tok/sec: 126,365 | bf16_mfu: 0.00 | epoch: 1 pq: 30 rg: 30 | total time: 179.02m | eta: 97.3m
step 01295/01992 (65.01%) | loss: 2.726762 | lrm: 0.56 | dt: 8298.58ms | tok/sec: 126,356 | bf16_mfu: 0.00 | epoch: 1 pq: 30 rg: 31 | total time: 179.16m | eta: 97.2m
step 01296/01992 (65.06%) | loss: 2.732871 | lrm: 0.56 | dt: 8298.98ms | tok/sec: 126,349 | bf16_mfu: 0.00 | epoch: 1 pq: 30 rg: 33 | total time: 179.30m | eta: 97.0m
step 01297/01992 (65.11%) | loss: 2.741748 | lrm: 0.56 | dt: 8295.00ms | tok/sec: 126,410 | bf16_mfu: 0.00 | epoch: 1 pq: 30 rg: 35 | total time: 179.43m | eta: 96.9m
step 01298/01992 (65.16%) | loss: 2.746031 | lrm: 0.56 | dt: 8291.35ms | tok/sec: 126,466 | bf16_mfu: 0.00 | epoch: 1 pq: 30 rg: 37 | total time: 179.57m | eta: 96.8m
step 01299/01992 (65.21%) | loss: 2.750013 | lrm: 0.56 | dt: 8288.92ms | tok/sec: 126,503 | bf16_mfu: 0.00 | epoch: 1 pq: 30 rg: 39 | total time: 179.71m | eta: 96.6m
step 01300/01992 (65.26%) | loss: 2.748043 | lrm: 0.56 | dt: 8287.91ms | tok/sec: 126,518 | bf16_mfu: 0.00 | epoch: 1 pq: 30 rg: 41 | total time: 179.85m | eta: 96.5m
step 01301/01992 (65.31%) | loss: 2.744156 | lrm: 0.56 | dt: 8290.04ms | tok/sec: 126,486 | bf16_mfu: 0.00 | epoch: 1 pq: 30 rg: 43 | total time: 179.99m | eta: 96.3m
step 01302/01992 (65.36%) | loss: 2.752773 | lrm: 0.56 | dt: 8300.67ms | tok/sec: 126,324 | bf16_mfu: 0.00 | epoch: 1 pq: 30 rg: 45 | total time: 180.12m | eta: 96.2m
step 01303/01992 (65.41%) | loss: 2.747341 | lrm: 0.56 | dt: 8292.00ms | tok/sec: 126,456 | bf16_mfu: 0.00 | epoch: 1 pq: 30 rg: 47 | total time: 180.26m | eta: 96.1m
step 01304/01992 (65.46%) | loss: 2.743551 | lrm: 0.55 | dt: 8293.42ms | tok/sec: 126,434 | bf16_mfu: 0.00 | epoch: 1 pq: 30 rg: 49 | total time: 180.40m | eta: 95.9m
step 01305/01992 (65.51%) | loss: 2.730354 | lrm: 0.55 | dt: 8295.41ms | tok/sec: 126,404 | bf16_mfu: 0.00 | epoch: 1 pq: 30 rg: 51 | total time: 180.54m | eta: 95.8m
step 01306/01992 (65.56%) | loss: 2.735468 | lrm: 0.55 | dt: 8291.75ms | tok/sec: 126,460 | bf16_mfu: 0.00 | epoch: 1 pq: 30 rg: 53 | total time: 180.68m | eta: 95.6m
step 01307/01992 (65.61%) | loss: 2.731436 | lrm: 0.55 | dt: 8294.21ms | tok/sec: 126,422 | bf16_mfu: 0.00 | epoch: 1 pq: 30 rg: 55 | total time: 180.82m | eta: 95.5m
step 01308/01992 (65.66%) | loss: 2.730718 | lrm: 0.55 | dt: 8292.73ms | tok/sec: 126,445 | bf16_mfu: 0.00 | epoch: 1 pq: 30 rg: 57 | total time: 180.95m | eta: 95.4m
step 01309/01992 (65.71%) | loss: 2.730379 | lrm: 0.55 | dt: 8290.96ms | tok/sec: 126,472 | bf16_mfu: 0.00 | epoch: 1 pq: 30 rg: 59 | total time: 181.09m | eta: 95.2m
step 01310/01992 (65.76%) | loss: 2.729454 | lrm: 0.55 | dt: 8291.75ms | tok/sec: 126,460 | bf16_mfu: 0.00 | epoch: 1 pq: 30 rg: 61 | total time: 181.23m | eta: 95.1m
step 01311/01992 (65.81%) | loss: 2.733244 | lrm: 0.55 | dt: 8291.36ms | tok/sec: 126,466 | bf16_mfu: 0.00 | epoch: 1 pq: 30 rg: 63 | total time: 181.37m | eta: 94.9m
step 01312/01992 (65.86%) | loss: 2.738351 | lrm: 0.55 | dt: 8291.82ms | tok/sec: 126,459 | bf16_mfu: 0.00 | epoch: 1 pq: 30 rg: 65 | total time: 181.51m | eta: 94.8m
step 01313/01992 (65.91%) | loss: 2.732650 | lrm: 0.55 | dt: 8290.69ms | tok/sec: 126,476 | bf16_mfu: 0.00 | epoch: 1 pq: 30 rg: 67 | total time: 181.64m | eta: 94.7m
step 01314/01992 (65.96%) | loss: 2.733601 | lrm: 0.55 | dt: 8288.34ms | tok/sec: 126,512 | bf16_mfu: 0.00 | epoch: 1 pq: 30 rg: 68 | total time: 181.78m | eta: 94.5m
step 01315/01992 (66.01%) | loss: 2.720758 | lrm: 0.55 | dt: 8285.44ms | tok/sec: 126,556 | bf16_mfu: 0.00 | epoch: 1 pq: 30 rg: 70 | total time: 181.92m | eta: 94.4m
step 01316/01992 (66.06%) | loss: 2.721412 | lrm: 0.55 | dt: 8285.24ms | tok/sec: 126,559 | bf16_mfu: 0.00 | epoch: 1 pq: 30 rg: 72 | total time: 182.06m | eta: 94.2m
step 01317/01992 (66.11%) | loss: 2.727620 | lrm: 0.55 | dt: 8288.29ms | tok/sec: 126,513 | bf16_mfu: 0.00 | epoch: 1 pq: 30 rg: 74 | total time: 182.20m | eta: 94.1m
step 01318/01992 (66.16%) | loss: 2.715290 | lrm: 0.54 | dt: 8289.93ms | tok/sec: 126,487 | bf16_mfu: 0.00 | epoch: 1 pq: 30 rg: 76 | total time: 182.34m | eta: 94.0m
step 01319/01992 (66.21%) | loss: 2.712486 | lrm: 0.54 | dt: 8287.33ms | tok/sec: 126,527 | bf16_mfu: 0.00 | epoch: 1 pq: 30 rg: 78 | total time: 182.47m | eta: 93.8m
step 01320/01992 (66.27%) | loss: 2.719466 | lrm: 0.54 | dt: 8286.22ms | tok/sec: 126,544 | bf16_mfu: 0.00 | epoch: 1 pq: 30 rg: 80 | total time: 182.61m | eta: 93.7m
step 01321/01992 (66.32%) | loss: 2.721044 | lrm: 0.54 | dt: 8292.24ms | tok/sec: 126,452 | bf16_mfu: 0.00 | epoch: 1 pq: 30 rg: 82 | total time: 182.75m | eta: 93.5m
step 01322/01992 (66.37%) | loss: 2.728603 | lrm: 0.54 | dt: 8291.85ms | tok/sec: 126,458 | bf16_mfu: 0.00 | epoch: 1 pq: 31 rg: 1 | total time: 182.89m | eta: 93.4m
step 01323/01992 (66.42%) | loss: 2.731531 | lrm: 0.54 | dt: 8290.35ms | tok/sec: 126,481 | bf16_mfu: 0.00 | epoch: 1 pq: 31 rg: 3 | total time: 183.03m | eta: 93.3m
step 01324/01992 (66.47%) | loss: 2.737629 | lrm: 0.54 | dt: 8292.44ms | tok/sec: 126,449 | bf16_mfu: 0.00 | epoch: 1 pq: 31 rg: 5 | total time: 183.16m | eta: 93.1m
step 01325/01992 (66.52%) | loss: 2.731960 | lrm: 0.54 | dt: 8293.16ms | tok/sec: 126,438 | bf16_mfu: 0.00 | epoch: 1 pq: 31 rg: 7 | total time: 183.30m | eta: 93.0m
step 01326/01992 (66.57%) | loss: 2.735387 | lrm: 0.54 | dt: 8297.33ms | tok/sec: 126,375 | bf16_mfu: 0.00 | epoch: 1 pq: 31 rg: 9 | total time: 183.44m | eta: 92.8m
step 01327/01992 (66.62%) | loss: 2.735053 | lrm: 0.54 | dt: 8295.58ms | tok/sec: 126,401 | bf16_mfu: 0.00 | epoch: 1 pq: 31 rg: 11 | total time: 183.58m | eta: 92.7m
step 01328/01992 (66.67%) | loss: 2.741737 | lrm: 0.54 | dt: 8292.06ms | tok/sec: 126,455 | bf16_mfu: 0.00 | epoch: 1 pq: 31 rg: 12 | total time: 183.72m | eta: 92.6m
step 01329/01992 (66.72%) | loss: 2.730049 | lrm: 0.54 | dt: 8293.03ms | tok/sec: 126,440 | bf16_mfu: 0.00 | epoch: 1 pq: 31 rg: 14 | total time: 183.86m | eta: 92.4m
step 01330/01992 (66.77%) | loss: 2.725522 | lrm: 0.54 | dt: 8292.18ms | tok/sec: 126,453 | bf16_mfu: 0.00 | epoch: 1 pq: 31 rg: 16 | total time: 183.99m | eta: 92.3m
step 01331/01992 (66.82%) | loss: 2.714512 | lrm: 0.53 | dt: 8290.49ms | tok/sec: 126,479 | bf16_mfu: 0.00 | epoch: 1 pq: 31 rg: 18 | total time: 184.13m | eta: 92.1m
step 01332/01992 (66.87%) | loss: 2.707694 | lrm: 0.53 | dt: 8289.37ms | tok/sec: 126,496 | bf16_mfu: 0.00 | epoch: 1 pq: 31 rg: 20 | total time: 184.27m | eta: 92.0m
step 01333/01992 (66.92%) | loss: 2.713995 | lrm: 0.53 | dt: 8286.73ms | tok/sec: 126,536 | bf16_mfu: 0.00 | epoch: 1 pq: 31 rg: 22 | total time: 184.41m | eta: 91.9m
step 01334/01992 (66.97%) | loss: 2.707250 | lrm: 0.53 | dt: 8287.59ms | tok/sec: 126,523 | bf16_mfu: 0.00 | epoch: 1 pq: 31 rg: 24 | total time: 184.55m | eta: 91.7m
step 01335/01992 (67.02%) | loss: 2.696457 | lrm: 0.53 | dt: 8282.50ms | tok/sec: 126,601 | bf16_mfu: 0.00 | epoch: 1 pq: 31 rg: 26 | total time: 184.68m | eta: 91.6m
step 01336/01992 (67.07%) | loss: 2.689133 | lrm: 0.53 | dt: 8287.69ms | tok/sec: 126,522 | bf16_mfu: 0.00 | epoch: 1 pq: 31 rg: 28 | total time: 184.82m | eta: 91.4m
step 01337/01992 (67.12%) | loss: 2.691780 | lrm: 0.53 | dt: 8289.63ms | tok/sec: 126,492 | bf16_mfu: 0.00 | epoch: 1 pq: 31 rg: 30 | total time: 184.96m | eta: 91.3m
step 01338/01992 (67.17%) | loss: 2.700635 | lrm: 0.53 | dt: 8288.01ms | tok/sec: 126,517 | bf16_mfu: 0.00 | epoch: 1 pq: 31 rg: 32 | total time: 185.10m | eta: 91.2m
step 01339/01992 (67.22%) | loss: 2.702580 | lrm: 0.53 | dt: 8286.63ms | tok/sec: 126,538 | bf16_mfu: 0.00 | epoch: 1 pq: 31 rg: 34 | total time: 185.24m | eta: 91.0m
step 01340/01992 (67.27%) | loss: 2.701667 | lrm: 0.53 | dt: 8286.22ms | tok/sec: 126,544 | bf16_mfu: 0.00 | epoch: 1 pq: 31 rg: 36 | total time: 185.38m | eta: 90.9m
step 01341/01992 (67.32%) | loss: 2.708080 | lrm: 0.53 | dt: 8287.94ms | tok/sec: 126,518 | bf16_mfu: 0.00 | epoch: 1 pq: 31 rg: 38 | total time: 185.51m | eta: 90.7m
step 01342/01992 (67.37%) | loss: 2.710465 | lrm: 0.53 | dt: 8292.25ms | tok/sec: 126,452 | bf16_mfu: 0.00 | epoch: 1 pq: 31 rg: 40 | total time: 185.65m | eta: 90.6m
step 01343/01992 (67.42%) | loss: 2.709018 | lrm: 0.53 | dt: 8296.75ms | tok/sec: 126,383 | bf16_mfu: 0.00 | epoch: 1 pq: 31 rg: 42 | total time: 185.79m | eta: 90.5m
step 01344/01992 (67.47%) | loss: 2.715303 | lrm: 0.53 | dt: 8293.71ms | tok/sec: 126,430 | bf16_mfu: 0.00 | epoch: 1 pq: 31 rg: 43 | total time: 185.93m | eta: 90.3m
step 01345/01992 (67.52%) | loss: 2.726256 | lrm: 0.52 | dt: 8291.35ms | tok/sec: 126,466 | bf16_mfu: 0.00 | epoch: 1 pq: 31 rg: 45 | total time: 186.07m | eta: 90.2m
step 01346/01992 (67.57%) | loss: 2.719218 | lrm: 0.52 | dt: 8286.42ms | tok/sec: 126,541 | bf16_mfu: 0.00 | epoch: 1 pq: 31 rg: 47 | total time: 186.20m | eta: 90.0m
step 01347/01992 (67.62%) | loss: 2.722120 | lrm: 0.52 | dt: 8284.09ms | tok/sec: 126,577 | bf16_mfu: 0.00 | epoch: 1 pq: 31 rg: 49 | total time: 186.34m | eta: 89.9m
step 01348/01992 (67.67%) | loss: 2.711369 | lrm: 0.52 | dt: 8281.39ms | tok/sec: 126,618 | bf16_mfu: 0.00 | epoch: 1 pq: 31 rg: 51 | total time: 186.48m | eta: 89.8m
step 01349/01992 (67.72%) | loss: 2.728728 | lrm: 0.52 | dt: 8288.72ms | tok/sec: 126,506 | bf16_mfu: 0.00 | epoch: 1 pq: 31 rg: 53 | total time: 186.62m | eta: 89.6m
step 01350/01992 (67.77%) | loss: 2.731908 | lrm: 0.52 | dt: 8285.24ms | tok/sec: 126,559 | bf16_mfu: 0.00 | epoch: 1 pq: 31 rg: 55 | total time: 186.76m | eta: 89.5m
step 01351/01992 (67.82%) | loss: 2.730707 | lrm: 0.52 | dt: 8290.89ms | tok/sec: 126,473 | bf16_mfu: 0.00 | epoch: 1 pq: 31 rg: 57 | total time: 186.89m | eta: 89.3m
step 01352/01992 (67.87%) | loss: 2.732707 | lrm: 0.52 | dt: 8286.56ms | tok/sec: 126,539 | bf16_mfu: 0.00 | epoch: 1 pq: 31 rg: 59 | total time: 187.03m | eta: 89.2m
step 01353/01992 (67.92%) | loss: 2.732179 | lrm: 0.52 | dt: 8293.48ms | tok/sec: 126,433 | bf16_mfu: 0.00 | epoch: 1 pq: 31 rg: 61 | total time: 187.17m | eta: 89.1m
step 01354/01992 (67.97%) | loss: 2.737497 | lrm: 0.52 | dt: 8293.84ms | tok/sec: 126,428 | bf16_mfu: 0.00 | epoch: 1 pq: 31 rg: 63 | total time: 187.31m | eta: 88.9m
step 01355/01992 (68.02%) | loss: 2.742877 | lrm: 0.52 | dt: 8289.60ms | tok/sec: 126,493 | bf16_mfu: 0.00 | epoch: 1 pq: 31 rg: 65 | total time: 187.45m | eta: 88.8m
step 01356/01992 (68.07%) | loss: 2.732299 | lrm: 0.52 | dt: 8295.15ms | tok/sec: 126,408 | bf16_mfu: 0.00 | epoch: 1 pq: 31 rg: 67 | total time: 187.59m | eta: 88.6m
step 01357/01992 (68.12%) | loss: 2.735855 | lrm: 0.52 | dt: 8290.89ms | tok/sec: 126,473 | bf16_mfu: 0.00 | epoch: 1 pq: 31 rg: 69 | total time: 187.72m | eta: 88.5m
step 01358/01992 (68.17%) | loss: 2.744945 | lrm: 0.52 | dt: 8288.71ms | tok/sec: 126,506 | bf16_mfu: 0.00 | epoch: 1 pq: 31 rg: 71 | total time: 187.86m | eta: 88.4m
step 01359/01992 (68.22%) | loss: 2.740877 | lrm: 0.51 | dt: 8284.04ms | tok/sec: 126,577 | bf16_mfu: 0.00 | epoch: 1 pq: 31 rg: 73 | total time: 188.00m | eta: 88.2m
step 01360/01992 (68.27%) | loss: 2.734842 | lrm: 0.51 | dt: 8286.05ms | tok/sec: 126,547 | bf16_mfu: 0.00 | epoch: 1 pq: 31 rg: 75 | total time: 188.14m | eta: 88.1m
step 01361/01992 (68.32%) | loss: 2.729894 | lrm: 0.51 | dt: 8282.55ms | tok/sec: 126,600 | bf16_mfu: 0.00 | epoch: 1 pq: 31 rg: 76 | total time: 188.28m | eta: 87.9m
step 01362/01992 (68.37%) | loss: 2.724543 | lrm: 0.51 | dt: 8283.87ms | tok/sec: 126,580 | bf16_mfu: 0.00 | epoch: 1 pq: 31 rg: 78 | total time: 188.41m | eta: 87.8m
step 01363/01992 (68.42%) | loss: 2.729907 | lrm: 0.51 | dt: 8290.06ms | tok/sec: 126,485 | bf16_mfu: 0.00 | epoch: 1 pq: 31 rg: 80 | total time: 188.55m | eta: 87.7m
step 01364/01992 (68.47%) | loss: 2.730177 | lrm: 0.51 | dt: 8283.65ms | tok/sec: 126,583 | bf16_mfu: 0.00 | epoch: 1 pq: 32 rg: 0 | total time: 188.69m | eta: 87.5m
step 01365/01992 (68.52%) | loss: 2.722013 | lrm: 0.51 | dt: 8283.76ms | tok/sec: 126,582 | bf16_mfu: 0.00 | epoch: 1 pq: 32 rg: 2 | total time: 188.83m | eta: 87.4m
step 01366/01992 (68.57%) | loss: 2.727448 | lrm: 0.51 | dt: 8280.10ms | tok/sec: 126,638 | bf16_mfu: 0.00 | epoch: 1 pq: 32 rg: 4 | total time: 188.97m | eta: 87.2m
step 01367/01992 (68.62%) | loss: 2.732615 | lrm: 0.51 | dt: 8281.14ms | tok/sec: 126,622 | bf16_mfu: 0.00 | epoch: 1 pq: 32 rg: 6 | total time: 189.10m | eta: 87.1m
step 01368/01992 (68.67%) | loss: 2.720947 | lrm: 0.51 | dt: 8282.25ms | tok/sec: 126,605 | bf16_mfu: 0.00 | epoch: 1 pq: 32 rg: 8 | total time: 189.24m | eta: 87.0m
step 01369/01992 (68.72%) | loss: 2.721242 | lrm: 0.51 | dt: 8281.68ms | tok/sec: 126,613 | bf16_mfu: 0.00 | epoch: 1 pq: 32 rg: 10 | total time: 189.38m | eta: 86.8m
step 01370/01992 (68.78%) | loss: 2.718368 | lrm: 0.51 | dt: 8284.47ms | tok/sec: 126,571 | bf16_mfu: 0.00 | epoch: 1 pq: 32 rg: 12 | total time: 189.52m | eta: 86.7m
step 01371/01992 (68.83%) | loss: 2.714067 | lrm: 0.51 | dt: 8284.16ms | tok/sec: 126,575 | bf16_mfu: 0.00 | epoch: 1 pq: 32 rg: 14 | total time: 189.66m | eta: 86.5m
step 01372/01992 (68.88%) | loss: 2.718818 | lrm: 0.50 | dt: 8289.71ms | tok/sec: 126,491 | bf16_mfu: 0.00 | epoch: 1 pq: 32 rg: 16 | total time: 189.80m | eta: 86.4m
step 01373/01992 (68.93%) | loss: 2.727360 | lrm: 0.50 | dt: 8287.70ms | tok/sec: 126,521 | bf16_mfu: 0.00 | epoch: 1 pq: 32 rg: 18 | total time: 189.93m | eta: 86.3m
step 01374/01992 (68.98%) | loss: 2.723970 | lrm: 0.50 | dt: 8288.50ms | tok/sec: 126,509 | bf16_mfu: 0.00 | epoch: 1 pq: 32 rg: 20 | total time: 190.07m | eta: 86.1m
step 01375/01992 (69.03%) | loss: 2.713685 | lrm: 0.50 | dt: 8284.44ms | tok/sec: 126,571 | bf16_mfu: 0.00 | epoch: 1 pq: 32 rg: 22 | total time: 190.21m | eta: 86.0m
step 01376/01992 (69.08%) | loss: 2.703472 | lrm: 0.50 | dt: 8289.06ms | tok/sec: 126,501 | bf16_mfu: 0.00 | epoch: 1 pq: 32 rg: 24 | total time: 190.35m | eta: 85.8m
step 01377/01992 (69.13%) | loss: 2.705472 | lrm: 0.50 | dt: 8289.51ms | tok/sec: 126,494 | bf16_mfu: 0.00 | epoch: 1 pq: 32 rg: 26 | total time: 190.49m | eta: 85.7m
step 01378/01992 (69.18%) | loss: 2.712037 | lrm: 0.50 | dt: 8286.32ms | tok/sec: 126,543 | bf16_mfu: 0.00 | epoch: 1 pq: 32 rg: 27 | total time: 190.62m | eta: 85.6m
step 01379/01992 (69.23%) | loss: 2.715405 | lrm: 0.50 | dt: 8284.81ms | tok/sec: 126,566 | bf16_mfu: 0.00 | epoch: 1 pq: 32 rg: 29 | total time: 190.76m | eta: 85.4m
step 01380/01992 (69.28%) | loss: 2.726744 | lrm: 0.50 | dt: 8288.18ms | tok/sec: 126,514 | bf16_mfu: 0.00 | epoch: 1 pq: 32 rg: 31 | total time: 190.90m | eta: 85.3m
step 01381/01992 (69.33%) | loss: 2.731955 | lrm: 0.50 | dt: 8289.39ms | tok/sec: 126,496 | bf16_mfu: 0.00 | epoch: 1 pq: 32 rg: 33 | total time: 191.04m | eta: 85.1m
step 01382/01992 (69.38%) | loss: 2.725396 | lrm: 0.50 | dt: 8289.42ms | tok/sec: 126,495 | bf16_mfu: 0.00 | epoch: 1 pq: 32 rg: 35 | total time: 191.18m | eta: 85.0m
step 01383/01992 (69.43%) | loss: 2.724420 | lrm: 0.50 | dt: 8284.07ms | tok/sec: 126,577 | bf16_mfu: 0.00 | epoch: 1 pq: 32 rg: 37 | total time: 191.31m | eta: 84.9m
step 01384/01992 (69.48%) | loss: 2.713365 | lrm: 0.50 | dt: 8285.28ms | tok/sec: 126,558 | bf16_mfu: 0.00 | epoch: 1 pq: 32 rg: 39 | total time: 191.45m | eta: 84.7m
step 01385/01992 (69.53%) | loss: 2.730440 | lrm: 0.50 | dt: 8288.23ms | tok/sec: 126,513 | bf16_mfu: 0.00 | epoch: 1 pq: 32 rg: 41 | total time: 191.59m | eta: 84.6m
step 01386/01992 (69.58%) | loss: 2.726857 | lrm: 0.49 | dt: 8289.39ms | tok/sec: 126,496 | bf16_mfu: 0.00 | epoch: 1 pq: 32 rg: 43 | total time: 191.73m | eta: 84.4m
step 01387/01992 (69.63%) | loss: 2.706978 | lrm: 0.49 | dt: 8285.96ms | tok/sec: 126,548 | bf16_mfu: 0.00 | epoch: 1 pq: 32 rg: 45 | total time: 191.87m | eta: 84.3m
step 01388/01992 (69.68%) | loss: 2.717851 | lrm: 0.49 | dt: 8284.28ms | tok/sec: 126,574 | bf16_mfu: 0.00 | epoch: 1 pq: 32 rg: 47 | total time: 192.00m | eta: 84.2m
step 01389/01992 (69.73%) | loss: 2.715132 | lrm: 0.49 | dt: 8289.76ms | tok/sec: 126,490 | bf16_mfu: 0.00 | epoch: 1 pq: 32 rg: 49 | total time: 192.14m | eta: 84.0m
step 01390/01992 (69.78%) | loss: 2.715944 | lrm: 0.49 | dt: 8287.40ms | tok/sec: 126,526 | bf16_mfu: 0.00 | epoch: 1 pq: 32 rg: 51 | total time: 192.28m | eta: 83.9m
step 01391/01992 (69.83%) | loss: 2.707145 | lrm: 0.49 | dt: 8291.49ms | tok/sec: 126,464 | bf16_mfu: 0.00 | epoch: 1 pq: 32 rg: 52 | total time: 192.42m | eta: 83.7m
step 01392/01992 (69.88%) | loss: 2.713289 | lrm: 0.49 | dt: 8297.26ms | tok/sec: 126,376 | bf16_mfu: 0.00 | epoch: 1 pq: 32 rg: 54 | total time: 192.56m | eta: 83.6m
step 01393/01992 (69.93%) | loss: 2.704783 | lrm: 0.49 | dt: 8290.20ms | tok/sec: 126,483 | bf16_mfu: 0.00 | epoch: 1 pq: 32 rg: 56 | total time: 192.70m | eta: 83.5m
step 01394/01992 (69.98%) | loss: 2.710716 | lrm: 0.49 | dt: 8288.27ms | tok/sec: 126,513 | bf16_mfu: 0.00 | epoch: 1 pq: 32 rg: 58 | total time: 192.83m | eta: 83.3m
step 01395/01992 (70.03%) | loss: 2.703021 | lrm: 0.49 | dt: 8288.00ms | tok/sec: 126,517 | bf16_mfu: 0.00 | epoch: 1 pq: 32 rg: 60 | total time: 192.97m | eta: 83.2m
step 01396/01992 (70.08%) | loss: 2.709198 | lrm: 0.49 | dt: 8287.49ms | tok/sec: 126,525 | bf16_mfu: 0.00 | epoch: 1 pq: 32 rg: 62 | total time: 193.11m | eta: 83.0m
step 01397/01992 (70.13%) | loss: 2.711723 | lrm: 0.49 | dt: 8287.74ms | tok/sec: 126,521 | bf16_mfu: 0.00 | epoch: 1 pq: 32 rg: 64 | total time: 193.25m | eta: 82.9m
step 01398/01992 (70.18%) | loss: 2.707456 | lrm: 0.49 | dt: 8292.93ms | tok/sec: 126,442 | bf16_mfu: 0.00 | epoch: 1 pq: 32 rg: 66 | total time: 193.39m | eta: 82.8m
step 01399/01992 (70.23%) | loss: 2.703689 | lrm: 0.49 | dt: 8292.72ms | tok/sec: 126,445 | bf16_mfu: 0.00 | epoch: 1 pq: 32 rg: 68 | total time: 193.52m | eta: 82.6m
step 01400/01992 (70.28%) | loss: 2.715600 | lrm: 0.48 | dt: 8293.04ms | tok/sec: 126,440 | bf16_mfu: 0.00 | epoch: 1 pq: 32 rg: 70 | total time: 193.66m | eta: 82.5m
step 01401/01992 (70.33%) | loss: 2.712052 | lrm: 0.48 | dt: 8298.46ms | tok/sec: 126,357 | bf16_mfu: 0.00 | epoch: 1 pq: 32 rg: 72 | total time: 193.80m | eta: 82.3m
step 01402/01992 (70.38%) | loss: 2.702541 | lrm: 0.48 | dt: 8308.75ms | tok/sec: 126,201 | bf16_mfu: 0.00 | epoch: 1 pq: 32 rg: 74 | total time: 193.94m | eta: 82.2m
step 01403/01992 (70.43%) | loss: 2.702473 | lrm: 0.48 | dt: 8308.20ms | tok/sec: 126,209 | bf16_mfu: 0.00 | epoch: 1 pq: 32 rg: 76 | total time: 194.08m | eta: 82.1m
step 01404/01992 (70.48%) | loss: 2.718307 | lrm: 0.48 | dt: 8308.24ms | tok/sec: 126,209 | bf16_mfu: 0.00 | epoch: 1 pq: 32 rg: 78 | total time: 194.22m | eta: 81.9m
step 01405/01992 (70.53%) | loss: 2.713611 | lrm: 0.48 | dt: 8307.70ms | tok/sec: 126,217 | bf16_mfu: 0.00 | epoch: 1 pq: 32 rg: 80 | total time: 194.36m | eta: 81.8m
step 01406/01992 (70.58%) | loss: 2.698106 | lrm: 0.48 | dt: 8310.15ms | tok/sec: 126,180 | bf16_mfu: 0.00 | epoch: 1 pq: 32 rg: 82 | total time: 194.49m | eta: 81.6m
step 01407/01992 (70.63%) | loss: 2.697812 | lrm: 0.48 | dt: 8311.07ms | tok/sec: 126,166 | bf16_mfu: 0.00 | epoch: 1 pq: 33 rg: 0 | total time: 194.63m | eta: 81.5m
step 01408/01992 (70.68%) | loss: 2.691161 | lrm: 0.48 | dt: 8312.59ms | tok/sec: 126,143 | bf16_mfu: 0.00 | epoch: 1 pq: 33 rg: 2 | total time: 194.77m | eta: 81.4m
step 01409/01992 (70.73%) | loss: 2.700103 | lrm: 0.48 | dt: 8318.42ms | tok/sec: 126,054 | bf16_mfu: 0.00 | epoch: 1 pq: 33 rg: 4 | total time: 194.91m | eta: 81.2m
step 01410/01992 (70.78%) | loss: 2.701159 | lrm: 0.48 | dt: 8318.86ms | tok/sec: 126,047 | bf16_mfu: 0.00 | epoch: 1 pq: 33 rg: 6 | total time: 195.05m | eta: 81.1m
step 01411/01992 (70.83%) | loss: 2.707235 | lrm: 0.48 | dt: 8325.24ms | tok/sec: 125,951 | bf16_mfu: 0.00 | epoch: 1 pq: 33 rg: 8 | total time: 195.19m | eta: 80.9m
step 01412/01992 (70.88%) | loss: 2.692476 | lrm: 0.48 | dt: 8328.94ms | tok/sec: 125,895 | bf16_mfu: 0.00 | epoch: 1 pq: 33 rg: 10 | total time: 195.33m | eta: 80.8m
step 01413/01992 (70.93%) | loss: 2.694527 | lrm: 0.47 | dt: 8328.35ms | tok/sec: 125,904 | bf16_mfu: 0.00 | epoch: 1 pq: 33 rg: 12 | total time: 195.46m | eta: 80.7m
step 01414/01992 (70.98%) | loss: 2.695292 | lrm: 0.47 | dt: 8324.91ms | tok/sec: 125,956 | bf16_mfu: 0.00 | epoch: 1 pq: 33 rg: 14 | total time: 195.60m | eta: 80.5m
step 01415/01992 (71.03%) | loss: 2.700877 | lrm: 0.47 | dt: 8326.68ms | tok/sec: 125,929 | bf16_mfu: 0.00 | epoch: 1 pq: 33 rg: 16 | total time: 195.74m | eta: 80.4m
step 01416/01992 (71.08%) | loss: 2.702475 | lrm: 0.47 | dt: 8327.27ms | tok/sec: 125,920 | bf16_mfu: 0.00 | epoch: 1 pq: 33 rg: 18 | total time: 195.88m | eta: 80.2m
step 01417/01992 (71.13%) | loss: 2.705320 | lrm: 0.47 | dt: 8323.52ms | tok/sec: 125,977 | bf16_mfu: 0.00 | epoch: 1 pq: 33 rg: 20 | total time: 196.02m | eta: 80.1m
step 01418/01992 (71.18%) | loss: 2.708226 | lrm: 0.47 | dt: 8323.64ms | tok/sec: 125,975 | bf16_mfu: 0.00 | epoch: 1 pq: 33 rg: 22 | total time: 196.16m | eta: 80.0m
step 01419/01992 (71.23%) | loss: 2.707689 | lrm: 0.47 | dt: 8316.28ms | tok/sec: 126,087 | bf16_mfu: 0.00 | epoch: 1 pq: 33 rg: 24 | total time: 196.30m | eta: 79.8m
step 01420/01992 (71.29%) | loss: 2.713450 | lrm: 0.47 | dt: 8322.36ms | tok/sec: 125,995 | bf16_mfu: 0.00 | epoch: 1 pq: 33 rg: 26 | total time: 196.44m | eta: 79.7m
step 01421/01992 (71.34%) | loss: 2.712622 | lrm: 0.47 | dt: 8323.40ms | tok/sec: 125,979 | bf16_mfu: 0.00 | epoch: 1 pq: 33 rg: 28 | total time: 196.57m | eta: 79.5m
step 01422/01992 (71.39%) | loss: 2.713700 | lrm: 0.47 | dt: 8324.84ms | tok/sec: 125,957 | bf16_mfu: 0.00 | epoch: 1 pq: 33 rg: 30 | total time: 196.71m | eta: 79.4m
step 01423/01992 (71.44%) | loss: 2.707570 | lrm: 0.47 | dt: 8315.60ms | tok/sec: 126,097 | bf16_mfu: 0.00 | epoch: 1 pq: 33 rg: 32 | total time: 196.85m | eta: 79.3m
step 01424/01992 (71.49%) | loss: 2.712567 | lrm: 0.47 | dt: 8317.52ms | tok/sec: 126,068 | bf16_mfu: 0.00 | epoch: 1 pq: 33 rg: 34 | total time: 196.99m | eta: 79.1m
step 01425/01992 (71.54%) | loss: 2.703945 | lrm: 0.47 | dt: 8318.96ms | tok/sec: 126,046 | bf16_mfu: 0.00 | epoch: 1 pq: 33 rg: 36 | total time: 197.13m | eta: 79.0m
step 01426/01992 (71.59%) | loss: 2.707607 | lrm: 0.47 | dt: 8311.70ms | tok/sec: 126,156 | bf16_mfu: 0.00 | epoch: 1 pq: 33 rg: 38 | total time: 197.27m | eta: 78.9m
step 01427/01992 (71.64%) | loss: 2.704711 | lrm: 0.46 | dt: 8316.92ms | tok/sec: 126,077 | bf16_mfu: 0.00 | epoch: 1 pq: 33 rg: 40 | total time: 197.41m | eta: 78.7m
step 01428/01992 (71.69%) | loss: 2.703029 | lrm: 0.46 | dt: 8323.09ms | tok/sec: 125,984 | bf16_mfu: 0.00 | epoch: 1 pq: 33 rg: 41 | total time: 197.54m | eta: 78.6m
step 01429/01992 (71.74%) | loss: 2.693890 | lrm: 0.46 | dt: 8318.93ms | tok/sec: 126,046 | bf16_mfu: 0.00 | epoch: 1 pq: 33 rg: 43 | total time: 197.68m | eta: 78.4m
step 01430/01992 (71.79%) | loss: 2.697084 | lrm: 0.46 | dt: 8318.01ms | tok/sec: 126,060 | bf16_mfu: 0.00 | epoch: 1 pq: 33 rg: 45 | total time: 197.82m | eta: 78.3m
step 01431/01992 (71.84%) | loss: 2.699106 | lrm: 0.46 | dt: 8315.78ms | tok/sec: 126,094 | bf16_mfu: 0.00 | epoch: 1 pq: 33 rg: 47 | total time: 197.96m | eta: 78.2m
step 01432/01992 (71.89%) | loss: 2.713380 | lrm: 0.46 | dt: 8315.09ms | tok/sec: 126,105 | bf16_mfu: 0.00 | epoch: 1 pq: 33 rg: 49 | total time: 198.10m | eta: 78.0m
step 01433/01992 (71.94%) | loss: 2.712779 | lrm: 0.46 | dt: 8311.98ms | tok/sec: 126,152 | bf16_mfu: 0.00 | epoch: 1 pq: 33 rg: 51 | total time: 198.24m | eta: 77.9m
step 01434/01992 (71.99%) | loss: 2.710243 | lrm: 0.46 | dt: 8313.73ms | tok/sec: 126,125 | bf16_mfu: 0.00 | epoch: 1 pq: 33 rg: 53 | total time: 198.38m | eta: 77.7m
step 01435/01992 (72.04%) | loss: 2.702986 | lrm: 0.46 | dt: 8308.49ms | tok/sec: 126,205 | bf16_mfu: 0.00 | epoch: 1 pq: 33 rg: 55 | total time: 198.51m | eta: 77.6m
step 01436/01992 (72.09%) | loss: 2.701282 | lrm: 0.46 | dt: 8306.10ms | tok/sec: 126,241 | bf16_mfu: 0.00 | epoch: 1 pq: 33 rg: 57 | total time: 198.65m | eta: 77.5m
step 01437/01992 (72.14%) | loss: 2.707223 | lrm: 0.46 | dt: 8304.02ms | tok/sec: 126,273 | bf16_mfu: 0.00 | epoch: 1 pq: 33 rg: 59 | total time: 198.79m | eta: 77.3m
step 01438/01992 (72.19%) | loss: 2.703319 | lrm: 0.46 | dt: 8303.25ms | tok/sec: 126,285 | bf16_mfu: 0.00 | epoch: 1 pq: 33 rg: 61 | total time: 198.93m | eta: 77.2m
step 01439/01992 (72.24%) | loss: 2.703878 | lrm: 0.46 | dt: 8300.61ms | tok/sec: 126,325 | bf16_mfu: 0.00 | epoch: 1 pq: 33 rg: 63 | total time: 199.07m | eta: 77.0m
step 01440/01992 (72.29%) | loss: 2.707386 | lrm: 0.45 | dt: 8297.91ms | tok/sec: 126,366 | bf16_mfu: 0.00 | epoch: 1 pq: 33 rg: 64 | total time: 199.21m | eta: 76.9m
step 01441/01992 (72.34%) | loss: 2.704828 | lrm: 0.45 | dt: 8295.91ms | tok/sec: 126,396 | bf16_mfu: 0.00 | epoch: 1 pq: 33 rg: 66 | total time: 199.34m | eta: 76.8m
step 01442/01992 (72.39%) | loss: 2.714311 | lrm: 0.45 | dt: 8294.58ms | tok/sec: 126,416 | bf16_mfu: 0.00 | epoch: 1 pq: 33 rg: 68 | total time: 199.48m | eta: 76.6m
step 01443/01992 (72.44%) | loss: 2.699253 | lrm: 0.45 | dt: 8297.12ms | tok/sec: 126,378 | bf16_mfu: 0.00 | epoch: 1 pq: 33 rg: 70 | total time: 199.62m | eta: 76.5m
step 01444/01992 (72.49%) | loss: 2.694399 | lrm: 0.45 | dt: 8294.76ms | tok/sec: 126,414 | bf16_mfu: 0.00 | epoch: 1 pq: 33 rg: 72 | total time: 199.76m | eta: 76.3m
step 01445/01992 (72.54%) | loss: 2.691689 | lrm: 0.45 | dt: 8294.17ms | tok/sec: 126,423 | bf16_mfu: 0.00 | epoch: 1 pq: 33 rg: 74 | total time: 199.90m | eta: 76.2m
step 01446/01992 (72.59%) | loss: 2.698070 | lrm: 0.45 | dt: 8302.32ms | tok/sec: 126,299 | bf16_mfu: 0.00 | epoch: 1 pq: 33 rg: 76 | total time: 200.04m | eta: 76.1m
step 01447/01992 (72.64%) | loss: 2.700862 | lrm: 0.45 | dt: 8306.22ms | tok/sec: 126,239 | bf16_mfu: 0.00 | epoch: 1 pq: 33 rg: 78 | total time: 200.17m | eta: 75.9m
step 01448/01992 (72.69%) | loss: 2.706192 | lrm: 0.45 | dt: 8303.15ms | tok/sec: 126,286 | bf16_mfu: 0.00 | epoch: 1 pq: 33 rg: 80 | total time: 200.31m | eta: 75.8m
step 01449/01992 (72.74%) | loss: 2.703808 | lrm: 0.45 | dt: 8300.48ms | tok/sec: 126,327 | bf16_mfu: 0.00 | epoch: 1 pq: 33 rg: 82 | total time: 200.45m | eta: 75.6m
step 01450/01992 (72.79%) | loss: 2.703528 | lrm: 0.45 | dt: 8298.05ms | tok/sec: 126,364 | bf16_mfu: 0.00 | epoch: 1 pq: 34 rg: 1 | total time: 200.59m | eta: 75.5m
step 01451/01992 (72.84%) | loss: 2.710259 | lrm: 0.45 | dt: 8298.83ms | tok/sec: 126,352 | bf16_mfu: 0.00 | epoch: 1 pq: 34 rg: 3 | total time: 200.73m | eta: 75.4m
step 01452/01992 (72.89%) | loss: 2.707658 | lrm: 0.45 | dt: 8293.60ms | tok/sec: 126,431 | bf16_mfu: 0.00 | epoch: 1 pq: 34 rg: 5 | total time: 200.87m | eta: 75.2m
step 01453/01992 (72.94%) | loss: 2.712814 | lrm: 0.45 | dt: 8293.43ms | tok/sec: 126,434 | bf16_mfu: 0.00 | epoch: 1 pq: 34 rg: 7 | total time: 201.00m | eta: 75.1m
step 01454/01992 (72.99%) | loss: 2.708973 | lrm: 0.44 | dt: 8291.99ms | tok/sec: 126,456 | bf16_mfu: 0.00 | epoch: 1 pq: 34 rg: 9 | total time: 201.14m | eta: 74.9m
step 01455/01992 (73.04%) | loss: 2.714462 | lrm: 0.44 | dt: 8287.54ms | tok/sec: 126,524 | bf16_mfu: 0.00 | epoch: 1 pq: 34 rg: 11 | total time: 201.28m | eta: 74.8m
step 01456/01992 (73.09%) | loss: 2.715355 | lrm: 0.44 | dt: 8289.95ms | tok/sec: 126,487 | bf16_mfu: 0.00 | epoch: 1 pq: 34 rg: 13 | total time: 201.42m | eta: 74.7m
step 01457/01992 (73.14%) | loss: 2.718063 | lrm: 0.44 | dt: 8290.15ms | tok/sec: 126,484 | bf16_mfu: 0.00 | epoch: 1 pq: 34 rg: 14 | total time: 201.56m | eta: 74.5m
step 01458/01992 (73.19%) | loss: 2.711314 | lrm: 0.44 | dt: 8287.18ms | tok/sec: 126,529 | bf16_mfu: 0.00 | epoch: 1 pq: 34 rg: 16 | total time: 201.70m | eta: 74.4m
step 01459/01992 (73.24%) | loss: 2.718939 | lrm: 0.44 | dt: 8291.38ms | tok/sec: 126,465 | bf16_mfu: 0.00 | epoch: 1 pq: 34 rg: 18 | total time: 201.83m | eta: 74.2m
step 01460/01992 (73.29%) | loss: 2.720787 | lrm: 0.44 | dt: 8294.18ms | tok/sec: 126,423 | bf16_mfu: 0.00 | epoch: 1 pq: 34 rg: 20 | total time: 201.97m | eta: 74.1m
step 01461/01992 (73.34%) | loss: 2.703603 | lrm: 0.44 | dt: 8285.44ms | tok/sec: 126,556 | bf16_mfu: 0.00 | epoch: 1 pq: 34 rg: 22 | total time: 202.11m | eta: 74.0m
step 01462/01992 (73.39%) | loss: 2.708159 | lrm: 0.44 | dt: 8287.13ms | tok/sec: 126,530 | bf16_mfu: 0.00 | epoch: 1 pq: 34 rg: 24 | total time: 202.25m | eta: 73.8m
step 01463/01992 (73.44%) | loss: 2.711146 | lrm: 0.44 | dt: 8289.64ms | tok/sec: 126,492 | bf16_mfu: 0.00 | epoch: 1 pq: 34 rg: 26 | total time: 202.39m | eta: 73.7m
step 01464/01992 (73.49%) | loss: 2.701539 | lrm: 0.44 | dt: 8283.94ms | tok/sec: 126,579 | bf16_mfu: 0.00 | epoch: 1 pq: 34 rg: 28 | total time: 202.52m | eta: 73.5m
step 01465/01992 (73.54%) | loss: 2.700997 | lrm: 0.44 | dt: 8288.05ms | tok/sec: 126,516 | bf16_mfu: 0.00 | epoch: 1 pq: 34 rg: 30 | total time: 202.66m | eta: 73.4m
step 01466/01992 (73.59%) | loss: 2.702635 | lrm: 0.44 | dt: 8288.14ms | tok/sec: 126,515 | bf16_mfu: 0.00 | epoch: 1 pq: 34 rg: 32 | total time: 202.80m | eta: 73.3m
step 01467/01992 (73.64%) | loss: 2.696372 | lrm: 0.44 | dt: 8288.37ms | tok/sec: 126,511 | bf16_mfu: 0.00 | epoch: 1 pq: 34 rg: 34 | total time: 202.94m | eta: 73.1m
step 01468/01992 (73.69%) | loss: 2.702804 | lrm: 0.43 | dt: 8284.76ms | tok/sec: 126,566 | bf16_mfu: 0.00 | epoch: 1 pq: 34 rg: 36 | total time: 203.08m | eta: 73.0m
step 01469/01992 (73.74%) | loss: 2.709048 | lrm: 0.43 | dt: 8283.36ms | tok/sec: 126,588 | bf16_mfu: 0.00 | epoch: 1 pq: 34 rg: 38 | total time: 203.21m | eta: 72.8m
step 01470/01992 (73.80%) | loss: 2.710019 | lrm: 0.43 | dt: 8282.95ms | tok/sec: 126,594 | bf16_mfu: 0.00 | epoch: 1 pq: 34 rg: 40 | total time: 203.35m | eta: 72.7m
step 01471/01992 (73.85%) | loss: 2.705192 | lrm: 0.43 | dt: 8281.54ms | tok/sec: 126,616 | bf16_mfu: 0.00 | epoch: 1 pq: 34 rg: 42 | total time: 203.49m | eta: 72.6m
step 01472/01992 (73.90%) | loss: 2.706195 | lrm: 0.43 | dt: 8281.11ms | tok/sec: 126,622 | bf16_mfu: 0.00 | epoch: 1 pq: 34 rg: 44 | total time: 203.63m | eta: 72.4m
step 01473/01992 (73.95%) | loss: 2.711576 | lrm: 0.43 | dt: 8278.38ms | tok/sec: 126,664 | bf16_mfu: 0.00 | epoch: 1 pq: 34 rg: 46 | total time: 203.77m | eta: 72.3m
step 01474/01992 (74.00%) | loss: 2.704897 | lrm: 0.43 | dt: 8276.11ms | tok/sec: 126,699 | bf16_mfu: 0.00 | epoch: 1 pq: 34 rg: 48 | total time: 203.90m | eta: 72.1m
step 01475/01992 (74.05%) | loss: 2.713040 | lrm: 0.43 | dt: 8275.76ms | tok/sec: 126,704 | bf16_mfu: 0.00 | epoch: 1 pq: 34 rg: 50 | total time: 204.04m | eta: 72.0m
step 01476/01992 (74.10%) | loss: 2.713364 | lrm: 0.43 | dt: 8275.91ms | tok/sec: 126,702 | bf16_mfu: 0.00 | epoch: 1 pq: 34 rg: 51 | total time: 204.18m | eta: 71.9m
step 01477/01992 (74.15%) | loss: 2.717915 | lrm: 0.43 | dt: 8281.64ms | tok/sec: 126,614 | bf16_mfu: 0.00 | epoch: 1 pq: 34 rg: 53 | total time: 204.32m | eta: 71.7m
step 01478/01992 (74.20%) | loss: 2.724103 | lrm: 0.43 | dt: 8281.12ms | tok/sec: 126,622 | bf16_mfu: 0.00 | epoch: 1 pq: 34 rg: 55 | total time: 204.46m | eta: 71.6m
step 01479/01992 (74.25%) | loss: 2.713042 | lrm: 0.43 | dt: 8285.00ms | tok/sec: 126,563 | bf16_mfu: 0.00 | epoch: 1 pq: 34 rg: 57 | total time: 204.59m | eta: 71.4m
step 01480/01992 (74.30%) | loss: 2.709955 | lrm: 0.43 | dt: 8283.68ms | tok/sec: 126,583 | bf16_mfu: 0.00 | epoch: 1 pq: 34 rg: 59 | total time: 204.73m | eta: 71.3m
step 01481/01992 (74.35%) | loss: 2.712985 | lrm: 0.42 | dt: 8284.55ms | tok/sec: 126,570 | bf16_mfu: 0.00 | epoch: 1 pq: 34 rg: 61 | total time: 204.87m | eta: 71.2m
step 01482/01992 (74.40%) | loss: 2.717451 | lrm: 0.42 | dt: 8286.78ms | tok/sec: 126,535 | bf16_mfu: 0.00 | epoch: 1 pq: 34 rg: 63 | total time: 205.01m | eta: 71.0m
step 01483/01992 (74.45%) | loss: 2.709098 | lrm: 0.42 | dt: 8290.26ms | tok/sec: 126,482 | bf16_mfu: 0.00 | epoch: 1 pq: 34 rg: 65 | total time: 205.15m | eta: 70.9m
step 01484/01992 (74.50%) | loss: 2.706117 | lrm: 0.42 | dt: 8283.28ms | tok/sec: 126,589 | bf16_mfu: 0.00 | epoch: 1 pq: 34 rg: 67 | total time: 205.29m | eta: 70.7m
step 01485/01992 (74.55%) | loss: 2.697936 | lrm: 0.42 | dt: 8279.78ms | tok/sec: 126,642 | bf16_mfu: 0.00 | epoch: 1 pq: 34 rg: 69 | total time: 205.42m | eta: 70.6m
step 01486/01992 (74.60%) | loss: 2.686910 | lrm: 0.42 | dt: 8277.44ms | tok/sec: 126,678 | bf16_mfu: 0.00 | epoch: 1 pq: 34 rg: 71 | total time: 205.56m | eta: 70.5m
step 01487/01992 (74.65%) | loss: 2.675695 | lrm: 0.42 | dt: 8276.85ms | tok/sec: 126,687 | bf16_mfu: 0.00 | epoch: 1 pq: 34 rg: 73 | total time: 205.70m | eta: 70.3m
step 01488/01992 (74.70%) | loss: 2.681133 | lrm: 0.42 | dt: 8273.85ms | tok/sec: 126,733 | bf16_mfu: 0.00 | epoch: 1 pq: 34 rg: 75 | total time: 205.84m | eta: 70.2m
step 01489/01992 (74.75%) | loss: 2.683073 | lrm: 0.42 | dt: 8277.29ms | tok/sec: 126,681 | bf16_mfu: 0.00 | epoch: 1 pq: 34 rg: 77 | total time: 205.97m | eta: 70.1m
step 01490/01992 (74.80%) | loss: 2.678526 | lrm: 0.42 | dt: 8285.26ms | tok/sec: 126,559 | bf16_mfu: 0.00 | epoch: 1 pq: 34 rg: 79 | total time: 206.11m | eta: 69.9m
step 01491/01992 (74.85%) | loss: 2.685354 | lrm: 0.42 | dt: 8278.70ms | tok/sec: 126,659 | bf16_mfu: 0.00 | epoch: 1 pq: 34 rg: 81 | total time: 206.25m | eta: 69.8m
step 01492/01992 (74.90%) | loss: 2.695463 | lrm: 0.42 | dt: 8281.30ms | tok/sec: 126,619 | bf16_mfu: 0.00 | epoch: 1 pq: 34 rg: 83 | total time: 206.39m | eta: 69.6m
step 01493/01992 (74.95%) | loss: 2.683091 | lrm: 0.42 | dt: 8281.77ms | tok/sec: 126,612 | bf16_mfu: 0.00 | epoch: 1 pq: 35 rg: 1 | total time: 206.53m | eta: 69.5m
step 01494/01992 (75.00%) | loss: 2.683208 | lrm: 0.42 | dt: 8272.19ms | tok/sec: 126,759 | bf16_mfu: 0.00 | epoch: 1 pq: 35 rg: 3 | total time: 206.66m | eta: 69.4m
step 01495/01992 (75.05%) | loss: 2.672210 | lrm: 0.41 | dt: 8279.93ms | tok/sec: 126,640 | bf16_mfu: 0.00 | epoch: 1 pq: 35 rg: 5 | total time: 206.80m | eta: 69.2m
step 01496/01992 (75.10%) | loss: 2.675122 | lrm: 0.41 | dt: 8280.15ms | tok/sec: 126,637 | bf16_mfu: 0.00 | epoch: 1 pq: 35 rg: 6 | total time: 206.94m | eta: 69.1m
step 01497/01992 (75.15%) | loss: 2.678545 | lrm: 0.41 | dt: 8279.55ms | tok/sec: 126,646 | bf16_mfu: 0.00 | epoch: 1 pq: 35 rg: 8 | total time: 207.08m | eta: 68.9m
step 01498/01992 (75.20%) | loss: 2.673927 | lrm: 0.41 | dt: 8277.35ms | tok/sec: 126,680 | bf16_mfu: 0.00 | epoch: 1 pq: 35 rg: 10 | total time: 207.22m | eta: 68.8m
step 01499/01992 (75.25%) | loss: 2.663501 | lrm: 0.41 | dt: 8278.30ms | tok/sec: 126,665 | bf16_mfu: 0.00 | epoch: 1 pq: 35 rg: 12 | total time: 207.35m | eta: 68.7m
Step 01500 | Validation bpb: 0.820432
step 01500/01992 (75.30%) | loss: 2.671367 | lrm: 0.41 | dt: 8272.33ms | tok/sec: 126,757 | bf16_mfu: 0.00 | epoch: 1 pq: 35 rg: 14 | total time: 207.49m | eta: 68.5m
step 01501/01992 (75.35%) | loss: 2.681648 | lrm: 0.41 | dt: 8274.55ms | tok/sec: 126,723 | bf16_mfu: 0.00 | epoch: 1 pq: 35 rg: 16 | total time: 207.63m | eta: 68.4m
step 01502/01992 (75.40%) | loss: 2.673374 | lrm: 0.41 | dt: 8271.09ms | tok/sec: 126,776 | bf16_mfu: 0.00 | epoch: 1 pq: 35 rg: 18 | total time: 207.77m | eta: 68.2m
step 01503/01992 (75.45%) | loss: 2.687413 | lrm: 0.41 | dt: 8273.96ms | tok/sec: 126,732 | bf16_mfu: 0.00 | epoch: 1 pq: 35 rg: 20 | total time: 207.91m | eta: 68.1m
step 01504/01992 (75.50%) | loss: 2.681611 | lrm: 0.41 | dt: 8274.21ms | tok/sec: 126,728 | bf16_mfu: 0.00 | epoch: 1 pq: 35 rg: 22 | total time: 208.04m | eta: 68.0m
step 01505/01992 (75.55%) | loss: 2.684845 | lrm: 0.41 | dt: 8275.27ms | tok/sec: 126,712 | bf16_mfu: 0.00 | epoch: 1 pq: 35 rg: 24 | total time: 208.18m | eta: 67.8m
step 01506/01992 (75.60%) | loss: 2.690166 | lrm: 0.41 | dt: 8279.96ms | tok/sec: 126,640 | bf16_mfu: 0.00 | epoch: 1 pq: 35 rg: 26 | total time: 208.32m | eta: 67.7m
step 01507/01992 (75.65%) | loss: 2.690886 | lrm: 0.41 | dt: 8275.26ms | tok/sec: 126,712 | bf16_mfu: 0.00 | epoch: 1 pq: 35 rg: 28 | total time: 208.46m | eta: 67.5m
step 01508/01992 (75.70%) | loss: 2.691629 | lrm: 0.41 | dt: 8273.86ms | tok/sec: 126,733 | bf16_mfu: 0.00 | epoch: 1 pq: 35 rg: 29 | total time: 208.60m | eta: 67.4m
step 01509/01992 (75.75%) | loss: 2.703458 | lrm: 0.40 | dt: 8274.51ms | tok/sec: 126,723 | bf16_mfu: 0.00 | epoch: 1 pq: 35 rg: 31 | total time: 208.73m | eta: 67.3m
step 01510/01992 (75.80%) | loss: 2.697084 | lrm: 0.40 | dt: 8274.03ms | tok/sec: 126,731 | bf16_mfu: 0.00 | epoch: 1 pq: 35 rg: 33 | total time: 208.87m | eta: 67.1m
step 01511/01992 (75.85%) | loss: 2.695463 | lrm: 0.40 | dt: 8271.12ms | tok/sec: 126,775 | bf16_mfu: 0.00 | epoch: 1 pq: 35 rg: 35 | total time: 209.01m | eta: 67.0m
step 01512/01992 (75.90%) | loss: 2.685018 | lrm: 0.40 | dt: 8267.50ms | tok/sec: 126,831 | bf16_mfu: 0.00 | epoch: 1 pq: 35 rg: 37 | total time: 209.15m | eta: 66.8m
step 01513/01992 (75.95%) | loss: 2.692458 | lrm: 0.40 | dt: 8270.47ms | tok/sec: 126,785 | bf16_mfu: 0.00 | epoch: 1 pq: 35 rg: 39 | total time: 209.29m | eta: 66.7m
step 01514/01992 (76.00%) | loss: 2.677233 | lrm: 0.40 | dt: 8273.96ms | tok/sec: 126,732 | bf16_mfu: 0.00 | epoch: 1 pq: 35 rg: 41 | total time: 209.42m | eta: 66.6m
step 01515/01992 (76.05%) | loss: 2.686762 | lrm: 0.40 | dt: 8273.65ms | tok/sec: 126,736 | bf16_mfu: 0.00 | epoch: 1 pq: 35 rg: 43 | total time: 209.56m | eta: 66.4m
step 01516/01992 (76.10%) | loss: 2.679948 | lrm: 0.40 | dt: 8281.19ms | tok/sec: 126,621 | bf16_mfu: 0.00 | epoch: 1 pq: 35 rg: 45 | total time: 209.70m | eta: 66.3m
step 01517/01992 (76.15%) | loss: 2.695778 | lrm: 0.40 | dt: 8277.37ms | tok/sec: 126,679 | bf16_mfu: 0.00 | epoch: 1 pq: 35 rg: 47 | total time: 209.84m | eta: 66.1m
step 01518/01992 (76.20%) | loss: 2.697605 | lrm: 0.40 | dt: 8279.23ms | tok/sec: 126,651 | bf16_mfu: 0.00 | epoch: 1 pq: 35 rg: 49 | total time: 209.98m | eta: 66.0m
step 01519/01992 (76.26%) | loss: 2.689031 | lrm: 0.40 | dt: 8278.55ms | tok/sec: 126,661 | bf16_mfu: 0.00 | epoch: 1 pq: 35 rg: 51 | total time: 210.11m | eta: 65.9m
step 01520/01992 (76.31%) | loss: 2.687821 | lrm: 0.40 | dt: 8272.56ms | tok/sec: 126,753 | bf16_mfu: 0.00 | epoch: 1 pq: 35 rg: 53 | total time: 210.25m | eta: 65.7m
step 01521/01992 (76.36%) | loss: 2.685982 | lrm: 0.40 | dt: 8276.44ms | tok/sec: 126,694 | bf16_mfu: 0.00 | epoch: 1 pq: 35 rg: 55 | total time: 210.39m | eta: 65.6m
step 01522/01992 (76.41%) | loss: 2.692376 | lrm: 0.39 | dt: 8269.47ms | tok/sec: 126,800 | bf16_mfu: 0.00 | epoch: 1 pq: 35 rg: 57 | total time: 210.53m | eta: 65.4m
step 01523/01992 (76.46%) | loss: 2.684105 | lrm: 0.39 | dt: 8266.47ms | tok/sec: 126,846 | bf16_mfu: 0.00 | epoch: 1 pq: 35 rg: 59 | total time: 210.66m | eta: 65.3m
step 01524/01992 (76.51%) | loss: 2.697516 | lrm: 0.39 | dt: 8268.49ms | tok/sec: 126,815 | bf16_mfu: 0.00 | epoch: 1 pq: 35 rg: 61 | total time: 210.80m | eta: 65.2m
step 01525/01992 (76.56%) | loss: 2.702836 | lrm: 0.39 | dt: 8271.95ms | tok/sec: 126,762 | bf16_mfu: 0.00 | epoch: 1 pq: 35 rg: 63 | total time: 210.94m | eta: 65.0m
step 01526/01992 (76.61%) | loss: 2.712453 | lrm: 0.39 | dt: 8271.22ms | tok/sec: 126,773 | bf16_mfu: 0.00 | epoch: 1 pq: 35 rg: 64 | total time: 211.08m | eta: 64.9m
step 01527/01992 (76.66%) | loss: 2.710680 | lrm: 0.39 | dt: 8272.29ms | tok/sec: 126,757 | bf16_mfu: 0.00 | epoch: 1 pq: 35 rg: 66 | total time: 211.22m | eta: 64.7m
step 01528/01992 (76.71%) | loss: 2.699548 | lrm: 0.39 | dt: 8270.72ms | tok/sec: 126,781 | bf16_mfu: 0.00 | epoch: 1 pq: 35 rg: 68 | total time: 211.35m | eta: 64.6m
step 01529/01992 (76.76%) | loss: 2.702174 | lrm: 0.39 | dt: 8273.22ms | tok/sec: 126,743 | bf16_mfu: 0.00 | epoch: 1 pq: 35 rg: 70 | total time: 211.49m | eta: 64.5m
step 01530/01992 (76.81%) | loss: 2.699499 | lrm: 0.39 | dt: 8274.97ms | tok/sec: 126,716 | bf16_mfu: 0.00 | epoch: 1 pq: 35 rg: 72 | total time: 211.63m | eta: 64.3m
step 01531/01992 (76.86%) | loss: 2.699747 | lrm: 0.39 | dt: 8274.01ms | tok/sec: 126,731 | bf16_mfu: 0.00 | epoch: 1 pq: 35 rg: 74 | total time: 211.77m | eta: 64.2m
step 01532/01992 (76.91%) | loss: 2.710784 | lrm: 0.39 | dt: 8275.64ms | tok/sec: 126,706 | bf16_mfu: 0.00 | epoch: 1 pq: 35 rg: 76 | total time: 211.91m | eta: 64.0m
step 01533/01992 (76.96%) | loss: 2.701831 | lrm: 0.39 | dt: 8274.58ms | tok/sec: 126,722 | bf16_mfu: 0.00 | epoch: 1 pq: 35 rg: 78 | total time: 212.04m | eta: 63.9m
step 01534/01992 (77.01%) | loss: 2.694808 | lrm: 0.39 | dt: 8281.67ms | tok/sec: 126,614 | bf16_mfu: 0.00 | epoch: 1 pq: 35 rg: 80 | total time: 212.18m | eta: 63.8m
step 01535/01992 (77.06%) | loss: 2.687031 | lrm: 0.39 | dt: 8281.06ms | tok/sec: 126,623 | bf16_mfu: 0.00 | epoch: 1 pq: 36 rg: 0 | total time: 212.32m | eta: 63.6m
step 01536/01992 (77.11%) | loss: 2.676957 | lrm: 0.38 | dt: 8273.52ms | tok/sec: 126,738 | bf16_mfu: 0.00 | epoch: 1 pq: 36 rg: 2 | total time: 212.46m | eta: 63.5m
step 01537/01992 (77.16%) | loss: 2.688649 | lrm: 0.38 | dt: 8277.10ms | tok/sec: 126,683 | bf16_mfu: 0.00 | epoch: 1 pq: 36 rg: 4 | total time: 212.60m | eta: 63.3m
step 01538/01992 (77.21%) | loss: 2.696391 | lrm: 0.38 | dt: 8276.88ms | tok/sec: 126,687 | bf16_mfu: 0.00 | epoch: 1 pq: 36 rg: 6 | total time: 212.73m | eta: 63.2m
step 01539/01992 (77.26%) | loss: 2.701142 | lrm: 0.38 | dt: 8271.54ms | tok/sec: 126,769 | bf16_mfu: 0.00 | epoch: 1 pq: 36 rg: 8 | total time: 212.87m | eta: 63.1m
step 01540/01992 (77.31%) | loss: 2.691787 | lrm: 0.38 | dt: 8275.44ms | tok/sec: 126,709 | bf16_mfu: 0.00 | epoch: 1 pq: 36 rg: 10 | total time: 213.01m | eta: 62.9m
step 01541/01992 (77.36%) | loss: 2.678971 | lrm: 0.38 | dt: 8280.14ms | tok/sec: 126,637 | bf16_mfu: 0.00 | epoch: 1 pq: 36 rg: 12 | total time: 213.15m | eta: 62.8m
step 01542/01992 (77.41%) | loss: 2.681610 | lrm: 0.38 | dt: 8273.46ms | tok/sec: 126,739 | bf16_mfu: 0.00 | epoch: 1 pq: 36 rg: 13 | total time: 213.28m | eta: 62.6m
step 01543/01992 (77.46%) | loss: 2.684629 | lrm: 0.38 | dt: 8274.21ms | tok/sec: 126,728 | bf16_mfu: 0.00 | epoch: 1 pq: 36 rg: 15 | total time: 213.42m | eta: 62.5m
step 01544/01992 (77.51%) | loss: 2.681011 | lrm: 0.38 | dt: 8280.20ms | tok/sec: 126,636 | bf16_mfu: 0.00 | epoch: 1 pq: 36 rg: 17 | total time: 213.56m | eta: 62.4m
step 01545/01992 (77.56%) | loss: 2.680699 | lrm: 0.38 | dt: 8275.49ms | tok/sec: 126,708 | bf16_mfu: 0.00 | epoch: 1 pq: 36 rg: 19 | total time: 213.70m | eta: 62.2m
step 01546/01992 (77.61%) | loss: 2.674112 | lrm: 0.38 | dt: 8279.58ms | tok/sec: 126,646 | bf16_mfu: 0.00 | epoch: 1 pq: 36 rg: 21 | total time: 213.84m | eta: 62.1m
step 01547/01992 (77.66%) | loss: 2.673625 | lrm: 0.38 | dt: 8283.36ms | tok/sec: 126,588 | bf16_mfu: 0.00 | epoch: 1 pq: 36 rg: 23 | total time: 213.97m | eta: 62.0m
step 01548/01992 (77.71%) | loss: 2.683788 | lrm: 0.38 | dt: 8286.56ms | tok/sec: 126,539 | bf16_mfu: 0.00 | epoch: 1 pq: 36 rg: 25 | total time: 214.11m | eta: 61.8m
step 01549/01992 (77.76%) | loss: 2.692413 | lrm: 0.37 | dt: 8280.19ms | tok/sec: 126,636 | bf16_mfu: 0.00 | epoch: 1 pq: 36 rg: 27 | total time: 214.25m | eta: 61.7m
step 01550/01992 (77.81%) | loss: 2.696977 | lrm: 0.37 | dt: 8280.67ms | tok/sec: 126,629 | bf16_mfu: 0.00 | epoch: 1 pq: 36 rg: 29 | total time: 214.39m | eta: 61.5m
step 01551/01992 (77.86%) | loss: 2.687889 | lrm: 0.37 | dt: 8285.44ms | tok/sec: 126,556 | bf16_mfu: 0.00 | epoch: 1 pq: 36 rg: 31 | total time: 214.53m | eta: 61.4m
step 01552/01992 (77.91%) | loss: 2.688742 | lrm: 0.37 | dt: 8284.54ms | tok/sec: 126,570 | bf16_mfu: 0.00 | epoch: 1 pq: 36 rg: 33 | total time: 214.66m | eta: 61.3m
step 01553/01992 (77.96%) | loss: 2.677743 | lrm: 0.37 | dt: 8287.97ms | tok/sec: 126,517 | bf16_mfu: 0.00 | epoch: 1 pq: 36 rg: 35 | total time: 214.80m | eta: 61.1m
step 01554/01992 (78.01%) | loss: 2.669936 | lrm: 0.37 | dt: 8290.83ms | tok/sec: 126,474 | bf16_mfu: 0.00 | epoch: 1 pq: 36 rg: 37 | total time: 214.94m | eta: 61.0m
step 01555/01992 (78.06%) | loss: 2.674820 | lrm: 0.37 | dt: 8290.78ms | tok/sec: 126,474 | bf16_mfu: 0.00 | epoch: 1 pq: 36 rg: 39 | total time: 215.08m | eta: 60.8m
step 01556/01992 (78.11%) | loss: 2.664289 | lrm: 0.37 | dt: 8291.91ms | tok/sec: 126,457 | bf16_mfu: 0.00 | epoch: 1 pq: 36 rg: 41 | total time: 215.22m | eta: 60.7m
step 01557/01992 (78.16%) | loss: 2.664875 | lrm: 0.37 | dt: 8294.17ms | tok/sec: 126,423 | bf16_mfu: 0.00 | epoch: 1 pq: 36 rg: 43 | total time: 215.36m | eta: 60.6m
step 01558/01992 (78.21%) | loss: 2.671403 | lrm: 0.37 | dt: 8299.95ms | tok/sec: 126,335 | bf16_mfu: 0.00 | epoch: 1 pq: 36 rg: 45 | total time: 215.49m | eta: 60.4m
step 01559/01992 (78.26%) | loss: 2.669784 | lrm: 0.37 | dt: 8304.42ms | tok/sec: 126,267 | bf16_mfu: 0.00 | epoch: 1 pq: 36 rg: 46 | total time: 215.63m | eta: 60.3m
step 01560/01992 (78.31%) | loss: 2.674841 | lrm: 0.37 | dt: 8312.15ms | tok/sec: 126,149 | bf16_mfu: 0.00 | epoch: 1 pq: 36 rg: 48 | total time: 215.77m | eta: 60.1m
step 01561/01992 (78.36%) | loss: 2.676117 | lrm: 0.37 | dt: 8317.79ms | tok/sec: 126,064 | bf16_mfu: 0.00 | epoch: 1 pq: 36 rg: 50 | total time: 215.91m | eta: 60.0m
step 01562/01992 (78.41%) | loss: 2.664240 | lrm: 0.37 | dt: 8318.21ms | tok/sec: 126,057 | bf16_mfu: 0.00 | epoch: 1 pq: 36 rg: 52 | total time: 216.05m | eta: 59.9m
step 01563/01992 (78.46%) | loss: 2.671791 | lrm: 0.36 | dt: 8321.08ms | tok/sec: 126,014 | bf16_mfu: 0.00 | epoch: 1 pq: 36 rg: 54 | total time: 216.19m | eta: 59.7m
step 01564/01992 (78.51%) | loss: 2.667291 | lrm: 0.36 | dt: 8319.17ms | tok/sec: 126,043 | bf16_mfu: 0.00 | epoch: 1 pq: 36 rg: 56 | total time: 216.33m | eta: 59.6m
step 01565/01992 (78.56%) | loss: 2.674214 | lrm: 0.36 | dt: 8324.88ms | tok/sec: 125,956 | bf16_mfu: 0.00 | epoch: 1 pq: 36 rg: 58 | total time: 216.46m | eta: 59.4m
step 01566/01992 (78.61%) | loss: 2.675615 | lrm: 0.36 | dt: 8325.00ms | tok/sec: 125,955 | bf16_mfu: 0.00 | epoch: 1 pq: 36 rg: 60 | total time: 216.60m | eta: 59.3m
step 01567/01992 (78.66%) | loss: 2.669836 | lrm: 0.36 | dt: 8327.88ms | tok/sec: 125,911 | bf16_mfu: 0.00 | epoch: 1 pq: 36 rg: 62 | total time: 216.74m | eta: 59.2m
step 01568/01992 (78.71%) | loss: 2.669693 | lrm: 0.36 | dt: 8335.97ms | tok/sec: 125,789 | bf16_mfu: 0.00 | epoch: 1 pq: 36 rg: 64 | total time: 216.88m | eta: 59.0m
step 01569/01992 (78.77%) | loss: 2.670867 | lrm: 0.36 | dt: 8337.80ms | tok/sec: 125,761 | bf16_mfu: 0.00 | epoch: 1 pq: 36 rg: 66 | total time: 217.02m | eta: 58.9m
step 01570/01992 (78.82%) | loss: 2.666847 | lrm: 0.36 | dt: 8334.75ms | tok/sec: 125,807 | bf16_mfu: 0.00 | epoch: 1 pq: 36 rg: 68 | total time: 217.16m | eta: 58.7m
step 01571/01992 (78.87%) | loss: 2.668866 | lrm: 0.36 | dt: 8332.29ms | tok/sec: 125,844 | bf16_mfu: 0.00 | epoch: 1 pq: 36 rg: 70 | total time: 217.30m | eta: 58.6m
step 01572/01992 (78.92%) | loss: 2.665680 | lrm: 0.36 | dt: 8329.30ms | tok/sec: 125,890 | bf16_mfu: 0.00 | epoch: 1 pq: 36 rg: 72 | total time: 217.44m | eta: 58.5m
step 01573/01992 (78.97%) | loss: 2.646280 | lrm: 0.36 | dt: 8326.40ms | tok/sec: 125,933 | bf16_mfu: 0.00 | epoch: 1 pq: 36 rg: 73 | total time: 217.58m | eta: 58.3m
step 01574/01992 (79.02%) | loss: 2.647811 | lrm: 0.36 | dt: 8324.39ms | tok/sec: 125,964 | bf16_mfu: 0.00 | epoch: 1 pq: 36 rg: 75 | total time: 217.71m | eta: 58.2m
step 01575/01992 (79.07%) | loss: 2.640019 | lrm: 0.36 | dt: 8322.34ms | tok/sec: 125,995 | bf16_mfu: 0.00 | epoch: 1 pq: 36 rg: 77 | total time: 217.85m | eta: 58.0m
step 01576/01992 (79.12%) | loss: 2.648005 | lrm: 0.36 | dt: 8316.08ms | tok/sec: 126,090 | bf16_mfu: 0.00 | epoch: 1 pq: 36 rg: 79 | total time: 217.99m | eta: 57.9m
step 01577/01992 (79.17%) | loss: 2.649932 | lrm: 0.35 | dt: 8314.27ms | tok/sec: 126,117 | bf16_mfu: 0.00 | epoch: 1 pq: 36 rg: 81 | total time: 218.13m | eta: 57.8m
step 01578/01992 (79.22%) | loss: 2.641050 | lrm: 0.35 | dt: 8315.74ms | tok/sec: 126,095 | bf16_mfu: 0.00 | epoch: 1 pq: 37 rg: 1 | total time: 218.27m | eta: 57.6m
step 01579/01992 (79.27%) | loss: 2.644941 | lrm: 0.35 | dt: 8313.41ms | tok/sec: 126,130 | bf16_mfu: 0.00 | epoch: 1 pq: 37 rg: 3 | total time: 218.41m | eta: 57.5m
step 01580/01992 (79.32%) | loss: 2.648704 | lrm: 0.35 | dt: 8313.18ms | tok/sec: 126,134 | bf16_mfu: 0.00 | epoch: 1 pq: 37 rg: 5 | total time: 218.55m | eta: 57.4m
step 01581/01992 (79.37%) | loss: 2.650320 | lrm: 0.35 | dt: 8311.55ms | tok/sec: 126,158 | bf16_mfu: 0.00 | epoch: 1 pq: 37 rg: 7 | total time: 218.68m | eta: 57.2m
step 01582/01992 (79.42%) | loss: 2.659143 | lrm: 0.35 | dt: 8310.12ms | tok/sec: 126,180 | bf16_mfu: 0.00 | epoch: 1 pq: 37 rg: 9 | total time: 218.82m | eta: 57.1m
step 01583/01992 (79.47%) | loss: 2.662994 | lrm: 0.35 | dt: 8312.27ms | tok/sec: 126,148 | bf16_mfu: 0.00 | epoch: 1 pq: 37 rg: 11 | total time: 218.96m | eta: 56.9m
step 01584/01992 (79.52%) | loss: 2.664919 | lrm: 0.35 | dt: 8310.30ms | tok/sec: 126,177 | bf16_mfu: 0.00 | epoch: 1 pq: 37 rg: 13 | total time: 219.10m | eta: 56.8m
step 01585/01992 (79.57%) | loss: 2.662685 | lrm: 0.35 | dt: 8312.62ms | tok/sec: 126,142 | bf16_mfu: 0.00 | epoch: 1 pq: 37 rg: 15 | total time: 219.24m | eta: 56.7m
step 01586/01992 (79.62%) | loss: 2.673925 | lrm: 0.35 | dt: 8318.75ms | tok/sec: 126,049 | bf16_mfu: 0.00 | epoch: 1 pq: 37 rg: 17 | total time: 219.38m | eta: 56.5m
step 01587/01992 (79.67%) | loss: 2.668599 | lrm: 0.35 | dt: 8316.67ms | tok/sec: 126,081 | bf16_mfu: 0.00 | epoch: 1 pq: 37 rg: 19 | total time: 219.52m | eta: 56.4m
step 01588/01992 (79.72%) | loss: 2.673946 | lrm: 0.35 | dt: 8316.82ms | tok/sec: 126,078 | bf16_mfu: 0.00 | epoch: 1 pq: 37 rg: 21 | total time: 219.65m | eta: 56.2m
step 01589/01992 (79.77%) | loss: 2.667956 | lrm: 0.35 | dt: 8306.53ms | tok/sec: 126,235 | bf16_mfu: 0.00 | epoch: 1 pq: 37 rg: 22 | total time: 219.79m | eta: 56.1m
step 01590/01992 (79.82%) | loss: 2.686485 | lrm: 0.34 | dt: 8306.18ms | tok/sec: 126,240 | bf16_mfu: 0.00 | epoch: 1 pq: 37 rg: 24 | total time: 219.93m | eta: 56.0m
step 01591/01992 (79.87%) | loss: 2.690810 | lrm: 0.34 | dt: 8306.71ms | tok/sec: 126,232 | bf16_mfu: 0.00 | epoch: 1 pq: 37 rg: 26 | total time: 220.07m | eta: 55.8m
step 01592/01992 (79.92%) | loss: 2.679061 | lrm: 0.34 | dt: 8302.76ms | tok/sec: 126,292 | bf16_mfu: 0.00 | epoch: 1 pq: 37 rg: 28 | total time: 220.21m | eta: 55.7m
step 01593/01992 (79.97%) | loss: 2.675635 | lrm: 0.34 | dt: 8304.51ms | tok/sec: 126,265 | bf16_mfu: 0.00 | epoch: 1 pq: 37 rg: 30 | total time: 220.35m | eta: 55.5m
step 01594/01992 (80.02%) | loss: 2.661571 | lrm: 0.34 | dt: 8298.79ms | tok/sec: 126,352 | bf16_mfu: 0.00 | epoch: 1 pq: 37 rg: 32 | total time: 220.48m | eta: 55.4m
step 01595/01992 (80.07%) | loss: 2.664156 | lrm: 0.34 | dt: 8295.46ms | tok/sec: 126,403 | bf16_mfu: 0.00 | epoch: 1 pq: 37 rg: 34 | total time: 220.62m | eta: 55.3m
step 01596/01992 (80.12%) | loss: 2.669102 | lrm: 0.34 | dt: 8295.36ms | tok/sec: 126,405 | bf16_mfu: 0.00 | epoch: 1 pq: 37 rg: 36 | total time: 220.76m | eta: 55.1m
step 01597/01992 (80.17%) | loss: 2.662533 | lrm: 0.34 | dt: 8293.04ms | tok/sec: 126,440 | bf16_mfu: 0.00 | epoch: 1 pq: 37 rg: 38 | total time: 220.90m | eta: 55.0m
step 01598/01992 (80.22%) | loss: 2.648288 | lrm: 0.34 | dt: 8294.59ms | tok/sec: 126,416 | bf16_mfu: 0.00 | epoch: 1 pq: 37 rg: 40 | total time: 221.04m | eta: 54.8m
step 01599/01992 (80.27%) | loss: 2.647439 | lrm: 0.34 | dt: 8295.21ms | tok/sec: 126,407 | bf16_mfu: 0.00 | epoch: 1 pq: 37 rg: 42 | total time: 221.18m | eta: 54.7m
step 01600/01992 (80.32%) | loss: 2.649524 | lrm: 0.34 | dt: 8300.55ms | tok/sec: 126,326 | bf16_mfu: 0.00 | epoch: 1 pq: 37 rg: 44 | total time: 221.31m | eta: 54.6m
step 01601/01992 (80.37%) | loss: 2.650232 | lrm: 0.34 | dt: 8292.55ms | tok/sec: 126,447 | bf16_mfu: 0.00 | epoch: 1 pq: 37 rg: 46 | total time: 221.45m | eta: 54.4m
step 01602/01992 (80.42%) | loss: 2.649753 | lrm: 0.34 | dt: 8291.72ms | tok/sec: 126,460 | bf16_mfu: 0.00 | epoch: 1 pq: 37 rg: 48 | total time: 221.59m | eta: 54.3m
step 01603/01992 (80.47%) | loss: 2.654284 | lrm: 0.34 | dt: 8291.05ms | tok/sec: 126,470 | bf16_mfu: 0.00 | epoch: 1 pq: 37 rg: 50 | total time: 221.73m | eta: 54.1m
step 01604/01992 (80.52%) | loss: 2.667370 | lrm: 0.33 | dt: 8292.92ms | tok/sec: 126,442 | bf16_mfu: 0.00 | epoch: 1 pq: 37 rg: 52 | total time: 221.87m | eta: 54.0m
step 01605/01992 (80.57%) | loss: 2.676441 | lrm: 0.33 | dt: 8295.21ms | tok/sec: 126,407 | bf16_mfu: 0.00 | epoch: 1 pq: 37 rg: 54 | total time: 222.01m | eta: 53.9m
step 01606/01992 (80.62%) | loss: 2.679463 | lrm: 0.33 | dt: 8299.29ms | tok/sec: 126,345 | bf16_mfu: 0.00 | epoch: 1 pq: 37 rg: 55 | total time: 222.14m | eta: 53.7m
step 01607/01992 (80.67%) | loss: 2.686751 | lrm: 0.33 | dt: 8298.99ms | tok/sec: 126,349 | bf16_mfu: 0.00 | epoch: 1 pq: 37 rg: 57 | total time: 222.28m | eta: 53.6m
step 01608/01992 (80.72%) | loss: 2.689990 | lrm: 0.33 | dt: 8296.37ms | tok/sec: 126,389 | bf16_mfu: 0.00 | epoch: 1 pq: 37 rg: 59 | total time: 222.42m | eta: 53.4m
step 01609/01992 (80.77%) | loss: 2.695178 | lrm: 0.33 | dt: 8292.39ms | tok/sec: 126,450 | bf16_mfu: 0.00 | epoch: 1 pq: 37 rg: 61 | total time: 222.56m | eta: 53.3m
step 01610/01992 (80.82%) | loss: 2.685711 | lrm: 0.33 | dt: 8290.79ms | tok/sec: 126,474 | bf16_mfu: 0.00 | epoch: 1 pq: 37 rg: 63 | total time: 222.70m | eta: 53.2m
step 01611/01992 (80.87%) | loss: 2.684075 | lrm: 0.33 | dt: 8289.18ms | tok/sec: 126,499 | bf16_mfu: 0.00 | epoch: 1 pq: 37 rg: 65 | total time: 222.83m | eta: 53.0m
step 01612/01992 (80.92%) | loss: 2.679710 | lrm: 0.33 | dt: 8293.20ms | tok/sec: 126,438 | bf16_mfu: 0.00 | epoch: 1 pq: 37 rg: 67 | total time: 222.97m | eta: 52.9m
step 01613/01992 (80.97%) | loss: 2.685602 | lrm: 0.33 | dt: 8297.66ms | tok/sec: 126,370 | bf16_mfu: 0.00 | epoch: 1 pq: 37 rg: 69 | total time: 223.11m | eta: 52.8m
step 01614/01992 (81.02%) | loss: 2.681510 | lrm: 0.33 | dt: 8293.94ms | tok/sec: 126,426 | bf16_mfu: 0.00 | epoch: 1 pq: 37 rg: 71 | total time: 223.25m | eta: 52.6m
step 01615/01992 (81.07%) | loss: 2.674388 | lrm: 0.33 | dt: 8294.67ms | tok/sec: 126,415 | bf16_mfu: 0.00 | epoch: 1 pq: 37 rg: 73 | total time: 223.39m | eta: 52.5m
step 01616/01992 (81.12%) | loss: 2.662661 | lrm: 0.33 | dt: 8289.81ms | tok/sec: 126,489 | bf16_mfu: 0.00 | epoch: 1 pq: 37 rg: 75 | total time: 223.53m | eta: 52.3m
step 01617/01992 (81.17%) | loss: 2.671600 | lrm: 0.33 | dt: 8293.72ms | tok/sec: 126,430 | bf16_mfu: 0.00 | epoch: 1 pq: 37 rg: 77 | total time: 223.66m | eta: 52.2m
step 01618/01992 (81.22%) | loss: 2.671301 | lrm: 0.32 | dt: 8292.21ms | tok/sec: 126,453 | bf16_mfu: 0.00 | epoch: 1 pq: 37 rg: 79 | total time: 223.80m | eta: 52.1m
step 01619/01992 (81.28%) | loss: 2.667839 | lrm: 0.32 | dt: 8287.51ms | tok/sec: 126,524 | bf16_mfu: 0.00 | epoch: 1 pq: 37 rg: 81 | total time: 223.94m | eta: 51.9m
step 01620/01992 (81.33%) | loss: 2.679664 | lrm: 0.32 | dt: 8291.85ms | tok/sec: 126,458 | bf16_mfu: 0.00 | epoch: 1 pq: 38 rg: 1 | total time: 224.08m | eta: 51.8m
step 01621/01992 (81.38%) | loss: 2.685568 | lrm: 0.32 | dt: 8294.65ms | tok/sec: 126,416 | bf16_mfu: 0.00 | epoch: 1 pq: 38 rg: 3 | total time: 224.22m | eta: 51.6m
step 01622/01992 (81.43%) | loss: 2.693692 | lrm: 0.32 | dt: 8299.20ms | tok/sec: 126,346 | bf16_mfu: 0.00 | epoch: 1 pq: 38 rg: 5 | total time: 224.36m | eta: 51.5m
step 01623/01992 (81.48%) | loss: 2.688492 | lrm: 0.32 | dt: 8301.00ms | tok/sec: 126,319 | bf16_mfu: 0.00 | epoch: 1 pq: 38 rg: 6 | total time: 224.49m | eta: 51.4m
step 01624/01992 (81.53%) | loss: 2.692684 | lrm: 0.32 | dt: 8298.29ms | tok/sec: 126,360 | bf16_mfu: 0.00 | epoch: 1 pq: 38 rg: 8 | total time: 224.63m | eta: 51.2m
step 01625/01992 (81.58%) | loss: 2.693621 | lrm: 0.32 | dt: 8293.93ms | tok/sec: 126,426 | bf16_mfu: 0.00 | epoch: 1 pq: 38 rg: 10 | total time: 224.77m | eta: 51.1m
step 01626/01992 (81.63%) | loss: 2.692244 | lrm: 0.32 | dt: 8287.27ms | tok/sec: 126,528 | bf16_mfu: 0.00 | epoch: 1 pq: 38 rg: 12 | total time: 224.91m | eta: 50.9m
step 01627/01992 (81.68%) | loss: 2.693372 | lrm: 0.32 | dt: 8292.23ms | tok/sec: 126,452 | bf16_mfu: 0.00 | epoch: 1 pq: 38 rg: 14 | total time: 225.05m | eta: 50.8m
step 01628/01992 (81.73%) | loss: 2.685883 | lrm: 0.32 | dt: 8283.87ms | tok/sec: 126,580 | bf16_mfu: 0.00 | epoch: 1 pq: 38 rg: 16 | total time: 225.18m | eta: 50.7m
step 01629/01992 (81.78%) | loss: 2.680651 | lrm: 0.32 | dt: 8290.57ms | tok/sec: 126,478 | bf16_mfu: 0.00 | epoch: 1 pq: 38 rg: 18 | total time: 225.32m | eta: 50.5m
step 01630/01992 (81.83%) | loss: 2.672407 | lrm: 0.32 | dt: 8288.83ms | tok/sec: 126,504 | bf16_mfu: 0.00 | epoch: 1 pq: 38 rg: 20 | total time: 225.46m | eta: 50.4m
step 01631/01992 (81.88%) | loss: 2.673681 | lrm: 0.31 | dt: 8284.04ms | tok/sec: 126,577 | bf16_mfu: 0.00 | epoch: 1 pq: 38 rg: 22 | total time: 225.60m | eta: 50.2m
step 01632/01992 (81.93%) | loss: 2.667778 | lrm: 0.31 | dt: 8289.34ms | tok/sec: 126,496 | bf16_mfu: 0.00 | epoch: 1 pq: 38 rg: 24 | total time: 225.74m | eta: 50.1m
step 01633/01992 (81.98%) | loss: 2.660868 | lrm: 0.31 | dt: 8283.33ms | tok/sec: 126,588 | bf16_mfu: 0.00 | epoch: 1 pq: 38 rg: 26 | total time: 225.87m | eta: 50.0m
step 01634/01992 (82.03%) | loss: 2.654668 | lrm: 0.31 | dt: 8289.65ms | tok/sec: 126,492 | bf16_mfu: 0.00 | epoch: 1 pq: 38 rg: 28 | total time: 226.01m | eta: 49.8m
step 01635/01992 (82.08%) | loss: 2.649570 | lrm: 0.31 | dt: 8283.06ms | tok/sec: 126,592 | bf16_mfu: 0.00 | epoch: 1 pq: 38 rg: 30 | total time: 226.15m | eta: 49.7m
step 01636/01992 (82.13%) | loss: 2.664451 | lrm: 0.31 | dt: 8294.00ms | tok/sec: 126,425 | bf16_mfu: 0.00 | epoch: 1 pq: 38 rg: 32 | total time: 226.29m | eta: 49.5m
step 01637/01992 (82.18%) | loss: 2.672349 | lrm: 0.31 | dt: 8295.18ms | tok/sec: 126,407 | bf16_mfu: 0.00 | epoch: 1 pq: 38 rg: 34 | total time: 226.43m | eta: 49.4m
step 01638/01992 (82.23%) | loss: 2.663894 | lrm: 0.31 | dt: 8291.67ms | tok/sec: 126,461 | bf16_mfu: 0.00 | epoch: 1 pq: 38 rg: 36 | total time: 226.57m | eta: 49.3m
step 01639/01992 (82.28%) | loss: 2.659865 | lrm: 0.31 | dt: 8290.21ms | tok/sec: 126,483 | bf16_mfu: 0.00 | epoch: 1 pq: 38 rg: 38 | total time: 226.70m | eta: 49.1m
step 01640/01992 (82.33%) | loss: 2.665254 | lrm: 0.31 | dt: 8290.12ms | tok/sec: 126,485 | bf16_mfu: 0.00 | epoch: 1 pq: 38 rg: 39 | total time: 226.84m | eta: 49.0m
step 01641/01992 (82.38%) | loss: 2.664636 | lrm: 0.31 | dt: 8286.65ms | tok/sec: 126,537 | bf16_mfu: 0.00 | epoch: 1 pq: 38 rg: 41 | total time: 226.98m | eta: 48.8m
step 01642/01992 (82.43%) | loss: 2.663993 | lrm: 0.31 | dt: 8287.85ms | tok/sec: 126,519 | bf16_mfu: 0.00 | epoch: 1 pq: 38 rg: 43 | total time: 227.12m | eta: 48.7m
step 01643/01992 (82.48%) | loss: 2.673301 | lrm: 0.31 | dt: 8288.98ms | tok/sec: 126,502 | bf16_mfu: 0.00 | epoch: 1 pq: 38 rg: 45 | total time: 227.26m | eta: 48.6m
step 01644/01992 (82.53%) | loss: 2.675616 | lrm: 0.31 | dt: 8288.11ms | tok/sec: 126,515 | bf16_mfu: 0.00 | epoch: 1 pq: 38 rg: 47 | total time: 227.39m | eta: 48.4m
step 01645/01992 (82.58%) | loss: 2.674569 | lrm: 0.30 | dt: 8285.30ms | tok/sec: 126,558 | bf16_mfu: 0.00 | epoch: 1 pq: 38 rg: 49 | total time: 227.53m | eta: 48.3m
step 01646/01992 (82.63%) | loss: 2.667217 | lrm: 0.30 | dt: 8285.65ms | tok/sec: 126,553 | bf16_mfu: 0.00 | epoch: 1 pq: 38 rg: 51 | total time: 227.67m | eta: 48.2m
step 01647/01992 (82.68%) | loss: 2.674588 | lrm: 0.30 | dt: 8284.19ms | tok/sec: 126,575 | bf16_mfu: 0.00 | epoch: 1 pq: 38 rg: 53 | total time: 227.81m | eta: 48.0m
step 01648/01992 (82.73%) | loss: 2.678392 | lrm: 0.30 | dt: 8287.45ms | tok/sec: 126,525 | bf16_mfu: 0.00 | epoch: 1 pq: 38 rg: 55 | total time: 227.95m | eta: 47.9m
step 01649/01992 (82.78%) | loss: 2.668722 | lrm: 0.30 | dt: 8287.37ms | tok/sec: 126,526 | bf16_mfu: 0.00 | epoch: 1 pq: 38 rg: 57 | total time: 228.09m | eta: 47.7m
step 01650/01992 (82.83%) | loss: 2.674868 | lrm: 0.30 | dt: 8297.10ms | tok/sec: 126,378 | bf16_mfu: 0.00 | epoch: 1 pq: 38 rg: 59 | total time: 228.22m | eta: 47.6m
step 01651/01992 (82.88%) | loss: 2.678612 | lrm: 0.30 | dt: 8292.42ms | tok/sec: 126,449 | bf16_mfu: 0.00 | epoch: 1 pq: 38 rg: 61 | total time: 228.36m | eta: 47.5m
step 01652/01992 (82.93%) | loss: 2.673319 | lrm: 0.30 | dt: 8288.33ms | tok/sec: 126,512 | bf16_mfu: 0.00 | epoch: 1 pq: 38 rg: 63 | total time: 228.50m | eta: 47.3m
step 01653/01992 (82.98%) | loss: 2.678065 | lrm: 0.30 | dt: 8291.40ms | tok/sec: 126,465 | bf16_mfu: 0.00 | epoch: 1 pq: 38 rg: 65 | total time: 228.64m | eta: 47.2m
step 01654/01992 (83.03%) | loss: 2.671692 | lrm: 0.30 | dt: 8289.28ms | tok/sec: 126,497 | bf16_mfu: 0.00 | epoch: 1 pq: 38 rg: 67 | total time: 228.78m | eta: 47.0m
step 01655/01992 (83.08%) | loss: 2.679684 | lrm: 0.30 | dt: 8288.66ms | tok/sec: 126,507 | bf16_mfu: 0.00 | epoch: 1 pq: 38 rg: 69 | total time: 228.91m | eta: 46.9m
step 01656/01992 (83.13%) | loss: 2.668880 | lrm: 0.30 | dt: 8290.07ms | tok/sec: 126,485 | bf16_mfu: 0.00 | epoch: 1 pq: 38 rg: 71 | total time: 229.05m | eta: 46.8m
step 01657/01992 (83.18%) | loss: 2.674236 | lrm: 0.30 | dt: 8287.20ms | tok/sec: 126,529 | bf16_mfu: 0.00 | epoch: 1 pq: 38 rg: 73 | total time: 229.19m | eta: 46.6m
step 01658/01992 (83.23%) | loss: 2.671761 | lrm: 0.30 | dt: 8292.52ms | tok/sec: 126,448 | bf16_mfu: 0.00 | epoch: 1 pq: 38 rg: 75 | total time: 229.33m | eta: 46.5m
step 01659/01992 (83.28%) | loss: 2.672939 | lrm: 0.29 | dt: 8288.17ms | tok/sec: 126,514 | bf16_mfu: 0.00 | epoch: 1 pq: 38 rg: 77 | total time: 229.47m | eta: 46.3m
step 01660/01992 (83.33%) | loss: 2.676197 | lrm: 0.29 | dt: 8281.27ms | tok/sec: 126,620 | bf16_mfu: 0.00 | epoch: 1 pq: 38 rg: 78 | total time: 229.60m | eta: 46.2m
step 01661/01992 (83.38%) | loss: 2.659746 | lrm: 0.29 | dt: 8283.10ms | tok/sec: 126,592 | bf16_mfu: 0.00 | epoch: 1 pq: 38 rg: 80 | total time: 229.74m | eta: 46.1m
step 01662/01992 (83.43%) | loss: 2.652185 | lrm: 0.29 | dt: 8284.43ms | tok/sec: 126,571 | bf16_mfu: 0.00 | epoch: 1 pq: 38 rg: 82 | total time: 229.88m | eta: 45.9m
step 01663/01992 (83.48%) | loss: 2.642142 | lrm: 0.29 | dt: 8290.01ms | tok/sec: 126,486 | bf16_mfu: 0.00 | epoch: 1 pq: 39 rg: 1 | total time: 230.02m | eta: 45.8m
step 01664/01992 (83.53%) | loss: 2.642102 | lrm: 0.29 | dt: 8289.06ms | tok/sec: 126,501 | bf16_mfu: 0.00 | epoch: 1 pq: 39 rg: 3 | total time: 230.16m | eta: 45.6m
step 01665/01992 (83.58%) | loss: 2.644648 | lrm: 0.29 | dt: 8283.68ms | tok/sec: 126,583 | bf16_mfu: 0.00 | epoch: 1 pq: 39 rg: 5 | total time: 230.30m | eta: 45.5m
step 01666/01992 (83.63%) | loss: 2.633945 | lrm: 0.29 | dt: 8384.87ms | tok/sec: 125,055 | bf16_mfu: 0.00 | epoch: 1 pq: 39 rg: 7 | total time: 230.44m | eta: 45.4m
step 01667/01992 (83.68%) | loss: 2.628982 | lrm: 0.29 | dt: 8480.44ms | tok/sec: 123,646 | bf16_mfu: 0.00 | epoch: 1 pq: 39 rg: 9 | total time: 230.58m | eta: 45.2m
step 01668/01992 (83.73%) | loss: 2.627107 | lrm: 0.29 | dt: 8448.04ms | tok/sec: 124,120 | bf16_mfu: 0.00 | epoch: 1 pq: 39 rg: 11 | total time: 230.72m | eta: 45.1m
step 01669/01992 (83.79%) | loss: 2.620969 | lrm: 0.29 | dt: 8301.35ms | tok/sec: 126,313 | bf16_mfu: 0.00 | epoch: 1 pq: 39 rg: 13 | total time: 230.86m | eta: 44.9m
step 01670/01992 (83.84%) | loss: 2.629259 | lrm: 0.29 | dt: 8315.77ms | tok/sec: 126,094 | bf16_mfu: 0.00 | epoch: 1 pq: 39 rg: 15 | total time: 230.99m | eta: 44.8m
step 01671/01992 (83.89%) | loss: 2.635004 | lrm: 0.29 | dt: 8221.61ms | tok/sec: 127,539 | bf16_mfu: 0.00 | epoch: 1 pq: 39 rg: 17 | total time: 231.13m | eta: 44.7m
step 01672/01992 (83.94%) | loss: 2.632166 | lrm: 0.28 | dt: 8226.50ms | tok/sec: 127,463 | bf16_mfu: 0.00 | epoch: 1 pq: 39 rg: 19 | total time: 231.27m | eta: 44.5m
step 01673/01992 (83.99%) | loss: 2.627309 | lrm: 0.28 | dt: 8225.62ms | tok/sec: 127,476 | bf16_mfu: 0.00 | epoch: 1 pq: 39 rg: 21 | total time: 231.41m | eta: 44.4m
step 01674/01992 (84.04%) | loss: 2.625514 | lrm: 0.28 | dt: 8223.18ms | tok/sec: 127,514 | bf16_mfu: 0.00 | epoch: 1 pq: 39 rg: 22 | total time: 231.54m | eta: 44.2m
step 01675/01992 (84.09%) | loss: 2.618055 | lrm: 0.28 | dt: 8223.80ms | tok/sec: 127,505 | bf16_mfu: 0.00 | epoch: 1 pq: 39 rg: 24 | total time: 231.68m | eta: 44.1m
step 01676/01992 (84.14%) | loss: 2.622399 | lrm: 0.28 | dt: 8221.20ms | tok/sec: 127,545 | bf16_mfu: 0.00 | epoch: 1 pq: 39 rg: 26 | total time: 231.82m | eta: 44.0m
step 01677/01992 (84.19%) | loss: 2.626317 | lrm: 0.28 | dt: 8215.60ms | tok/sec: 127,632 | bf16_mfu: 0.00 | epoch: 1 pq: 39 rg: 28 | total time: 231.95m | eta: 43.8m
step 01678/01992 (84.24%) | loss: 2.621181 | lrm: 0.28 | dt: 8215.92ms | tok/sec: 127,627 | bf16_mfu: 0.00 | epoch: 1 pq: 39 rg: 30 | total time: 232.09m | eta: 43.7m
step 01679/01992 (84.29%) | loss: 2.628379 | lrm: 0.28 | dt: 8221.72ms | tok/sec: 127,537 | bf16_mfu: 0.00 | epoch: 1 pq: 39 rg: 32 | total time: 232.23m | eta: 43.6m
step 01680/01992 (84.34%) | loss: 2.641104 | lrm: 0.28 | dt: 8223.13ms | tok/sec: 127,515 | bf16_mfu: 0.00 | epoch: 1 pq: 39 rg: 34 | total time: 232.36m | eta: 43.4m
step 01681/01992 (84.39%) | loss: 2.637742 | lrm: 0.28 | dt: 8218.99ms | tok/sec: 127,579 | bf16_mfu: 0.00 | epoch: 1 pq: 39 rg: 36 | total time: 232.50m | eta: 43.3m
step 01682/01992 (84.44%) | loss: 2.640194 | lrm: 0.28 | dt: 8214.92ms | tok/sec: 127,642 | bf16_mfu: 0.00 | epoch: 1 pq: 39 rg: 38 | total time: 232.64m | eta: 43.1m
step 01683/01992 (84.49%) | loss: 2.644433 | lrm: 0.28 | dt: 8218.84ms | tok/sec: 127,582 | bf16_mfu: 0.00 | epoch: 1 pq: 39 rg: 40 | total time: 232.78m | eta: 43.0m
step 01684/01992 (84.54%) | loss: 2.649731 | lrm: 0.28 | dt: 8217.35ms | tok/sec: 127,605 | bf16_mfu: 0.00 | epoch: 1 pq: 39 rg: 42 | total time: 232.91m | eta: 42.9m
step 01685/01992 (84.59%) | loss: 2.643536 | lrm: 0.28 | dt: 8215.18ms | tok/sec: 127,638 | bf16_mfu: 0.00 | epoch: 1 pq: 39 rg: 44 | total time: 233.05m | eta: 42.7m
step 01686/01992 (84.64%) | loss: 2.641720 | lrm: 0.27 | dt: 8214.96ms | tok/sec: 127,642 | bf16_mfu: 0.00 | epoch: 1 pq: 39 rg: 46 | total time: 233.19m | eta: 42.6m
step 01687/01992 (84.69%) | loss: 2.644203 | lrm: 0.27 | dt: 8216.63ms | tok/sec: 127,616 | bf16_mfu: 0.00 | epoch: 1 pq: 39 rg: 48 | total time: 233.32m | eta: 42.4m
step 01688/01992 (84.74%) | loss: 2.650346 | lrm: 0.27 | dt: 8217.31ms | tok/sec: 127,605 | bf16_mfu: 0.00 | epoch: 1 pq: 39 rg: 50 | total time: 233.46m | eta: 42.3m
step 01689/01992 (84.79%) | loss: 2.646427 | lrm: 0.27 | dt: 8217.38ms | tok/sec: 127,604 | bf16_mfu: 0.00 | epoch: 1 pq: 39 rg: 52 | total time: 233.60m | eta: 42.2m
step 01690/01992 (84.84%) | loss: 2.645920 | lrm: 0.27 | dt: 8215.37ms | tok/sec: 127,635 | bf16_mfu: 0.00 | epoch: 1 pq: 39 rg: 54 | total time: 233.73m | eta: 42.0m
step 01691/01992 (84.89%) | loss: 2.646331 | lrm: 0.27 | dt: 8214.44ms | tok/sec: 127,650 | bf16_mfu: 0.00 | epoch: 1 pq: 39 rg: 56 | total time: 233.87m | eta: 41.9m
step 01692/01992 (84.94%) | loss: 2.650447 | lrm: 0.27 | dt: 8210.84ms | tok/sec: 127,706 | bf16_mfu: 0.00 | epoch: 1 pq: 39 rg: 57 | total time: 234.01m | eta: 41.7m
step 01693/01992 (84.99%) | loss: 2.643978 | lrm: 0.27 | dt: 8210.49ms | tok/sec: 127,711 | bf16_mfu: 0.00 | epoch: 1 pq: 39 rg: 59 | total time: 234.14m | eta: 41.6m
step 01694/01992 (85.04%) | loss: 2.641752 | lrm: 0.27 | dt: 8208.11ms | tok/sec: 127,748 | bf16_mfu: 0.00 | epoch: 1 pq: 39 rg: 61 | total time: 234.28m | eta: 41.5m
step 01695/01992 (85.09%) | loss: 2.634178 | lrm: 0.27 | dt: 8210.02ms | tok/sec: 127,719 | bf16_mfu: 0.00 | epoch: 1 pq: 39 rg: 63 | total time: 234.42m | eta: 41.3m
step 01696/01992 (85.14%) | loss: 2.646756 | lrm: 0.27 | dt: 8208.71ms | tok/sec: 127,739 | bf16_mfu: 0.00 | epoch: 1 pq: 39 rg: 65 | total time: 234.56m | eta: 41.2m
step 01697/01992 (85.19%) | loss: 2.634569 | lrm: 0.27 | dt: 8211.00ms | tok/sec: 127,703 | bf16_mfu: 0.00 | epoch: 1 pq: 39 rg: 67 | total time: 234.69m | eta: 41.0m
step 01698/01992 (85.24%) | loss: 2.638214 | lrm: 0.27 | dt: 8213.51ms | tok/sec: 127,664 | bf16_mfu: 0.00 | epoch: 1 pq: 39 rg: 69 | total time: 234.83m | eta: 40.9m
step 01699/01992 (85.29%) | loss: 2.632883 | lrm: 0.26 | dt: 8216.25ms | tok/sec: 127,622 | bf16_mfu: 0.00 | epoch: 1 pq: 39 rg: 71 | total time: 234.97m | eta: 40.8m
step 01700/01992 (85.34%) | loss: 2.639063 | lrm: 0.26 | dt: 8214.99ms | tok/sec: 127,641 | bf16_mfu: 0.00 | epoch: 1 pq: 39 rg: 73 | total time: 235.10m | eta: 40.6m
step 01701/01992 (85.39%) | loss: 2.641534 | lrm: 0.26 | dt: 8213.04ms | tok/sec: 127,672 | bf16_mfu: 0.00 | epoch: 1 pq: 39 rg: 75 | total time: 235.24m | eta: 40.5m
step 01702/01992 (85.44%) | loss: 2.647648 | lrm: 0.26 | dt: 8209.99ms | tok/sec: 127,719 | bf16_mfu: 0.00 | epoch: 1 pq: 39 rg: 77 | total time: 235.38m | eta: 40.3m
step 01703/01992 (85.49%) | loss: 2.649968 | lrm: 0.26 | dt: 8210.79ms | tok/sec: 127,707 | bf16_mfu: 0.00 | epoch: 1 pq: 39 rg: 79 | total time: 235.51m | eta: 40.2m
step 01704/01992 (85.54%) | loss: 2.652374 | lrm: 0.26 | dt: 8214.58ms | tok/sec: 127,648 | bf16_mfu: 0.00 | epoch: 1 pq: 39 rg: 81 | total time: 235.65m | eta: 40.1m
step 01705/01992 (85.59%) | loss: 2.643189 | lrm: 0.26 | dt: 8212.28ms | tok/sec: 127,683 | bf16_mfu: 0.00 | epoch: 1 pq: 40 rg: 0 | total time: 235.79m | eta: 39.9m
step 01706/01992 (85.64%) | loss: 2.648816 | lrm: 0.26 | dt: 8212.22ms | tok/sec: 127,684 | bf16_mfu: 0.00 | epoch: 1 pq: 40 rg: 2 | total time: 235.92m | eta: 39.8m
step 01707/01992 (85.69%) | loss: 2.639592 | lrm: 0.26 | dt: 8210.55ms | tok/sec: 127,710 | bf16_mfu: 0.00 | epoch: 1 pq: 40 rg: 4 | total time: 236.06m | eta: 39.6m
step 01708/01992 (85.74%) | loss: 2.634651 | lrm: 0.26 | dt: 8210.85ms | tok/sec: 127,706 | bf16_mfu: 0.00 | epoch: 1 pq: 40 rg: 6 | total time: 236.20m | eta: 39.5m
step 01709/01992 (85.79%) | loss: 2.633916 | lrm: 0.26 | dt: 8212.15ms | tok/sec: 127,685 | bf16_mfu: 0.00 | epoch: 1 pq: 40 rg: 8 | total time: 236.33m | eta: 39.4m
step 01710/01992 (85.84%) | loss: 2.639282 | lrm: 0.26 | dt: 8208.18ms | tok/sec: 127,747 | bf16_mfu: 0.00 | epoch: 1 pq: 40 rg: 9 | total time: 236.47m | eta: 39.2m
step 01711/01992 (85.89%) | loss: 2.645995 | lrm: 0.26 | dt: 8210.20ms | tok/sec: 127,716 | bf16_mfu: 0.00 | epoch: 1 pq: 40 rg: 11 | total time: 236.61m | eta: 39.1m
step 01712/01992 (85.94%) | loss: 2.633303 | lrm: 0.26 | dt: 8208.96ms | tok/sec: 127,735 | bf16_mfu: 0.00 | epoch: 1 pq: 40 rg: 13 | total time: 236.74m | eta: 38.9m
step 01713/01992 (85.99%) | loss: 2.639530 | lrm: 0.25 | dt: 8208.56ms | tok/sec: 127,741 | bf16_mfu: 0.00 | epoch: 1 pq: 40 rg: 15 | total time: 236.88m | eta: 38.8m
step 01714/01992 (86.04%) | loss: 2.636944 | lrm: 0.25 | dt: 8209.23ms | tok/sec: 127,731 | bf16_mfu: 0.00 | epoch: 1 pq: 40 rg: 17 | total time: 237.02m | eta: 38.7m
step 01715/01992 (86.09%) | loss: 2.629098 | lrm: 0.25 | dt: 8213.91ms | tok/sec: 127,658 | bf16_mfu: 0.00 | epoch: 1 pq: 40 rg: 19 | total time: 237.16m | eta: 38.5m
step 01716/01992 (86.14%) | loss: 2.632080 | lrm: 0.25 | dt: 8218.96ms | tok/sec: 127,580 | bf16_mfu: 0.00 | epoch: 1 pq: 40 rg: 21 | total time: 237.29m | eta: 38.4m
step 01717/01992 (86.19%) | loss: 2.631705 | lrm: 0.25 | dt: 8219.21ms | tok/sec: 127,576 | bf16_mfu: 0.00 | epoch: 1 pq: 40 rg: 23 | total time: 237.43m | eta: 38.3m
step 01718/01992 (86.24%) | loss: 2.625139 | lrm: 0.25 | dt: 8221.16ms | tok/sec: 127,545 | bf16_mfu: 0.00 | epoch: 1 pq: 40 rg: 25 | total time: 237.57m | eta: 38.1m
step 01719/01992 (86.30%) | loss: 2.623408 | lrm: 0.25 | dt: 8221.72ms | tok/sec: 127,537 | bf16_mfu: 0.00 | epoch: 1 pq: 40 rg: 27 | total time: 237.70m | eta: 38.0m
step 01720/01992 (86.35%) | loss: 2.623755 | lrm: 0.25 | dt: 8221.16ms | tok/sec: 127,545 | bf16_mfu: 0.00 | epoch: 1 pq: 40 rg: 29 | total time: 237.84m | eta: 37.8m
step 01721/01992 (86.40%) | loss: 2.627914 | lrm: 0.25 | dt: 8220.74ms | tok/sec: 127,552 | bf16_mfu: 0.00 | epoch: 1 pq: 40 rg: 31 | total time: 237.98m | eta: 37.7m
step 01722/01992 (86.45%) | loss: 2.641846 | lrm: 0.25 | dt: 8228.35ms | tok/sec: 127,434 | bf16_mfu: 0.00 | epoch: 1 pq: 40 rg: 33 | total time: 238.11m | eta: 37.6m
step 01723/01992 (86.50%) | loss: 2.637853 | lrm: 0.25 | dt: 8225.03ms | tok/sec: 127,485 | bf16_mfu: 0.00 | epoch: 1 pq: 40 rg: 35 | total time: 238.25m | eta: 37.4m
step 01724/01992 (86.55%) | loss: 2.646340 | lrm: 0.25 | dt: 8224.04ms | tok/sec: 127,501 | bf16_mfu: 0.00 | epoch: 1 pq: 40 rg: 37 | total time: 238.39m | eta: 37.3m
step 01725/01992 (86.60%) | loss: 2.653027 | lrm: 0.25 | dt: 8223.16ms | tok/sec: 127,514 | bf16_mfu: 0.00 | epoch: 1 pq: 40 rg: 39 | total time: 238.53m | eta: 37.1m
step 01726/01992 (86.65%) | loss: 2.650394 | lrm: 0.25 | dt: 8221.20ms | tok/sec: 127,545 | bf16_mfu: 0.00 | epoch: 1 pq: 40 rg: 41 | total time: 238.66m | eta: 37.0m
step 01727/01992 (86.70%) | loss: 2.653511 | lrm: 0.24 | dt: 8229.84ms | tok/sec: 127,411 | bf16_mfu: 0.00 | epoch: 1 pq: 40 rg: 42 | total time: 238.80m | eta: 36.9m
step 01728/01992 (86.75%) | loss: 2.648879 | lrm: 0.24 | dt: 8231.47ms | tok/sec: 127,386 | bf16_mfu: 0.00 | epoch: 1 pq: 40 rg: 44 | total time: 238.94m | eta: 36.7m
step 01729/01992 (86.80%) | loss: 2.651682 | lrm: 0.24 | dt: 8238.96ms | tok/sec: 127,270 | bf16_mfu: 0.00 | epoch: 1 pq: 40 rg: 46 | total time: 239.07m | eta: 36.6m
step 01730/01992 (86.85%) | loss: 2.647148 | lrm: 0.24 | dt: 8243.79ms | tok/sec: 127,195 | bf16_mfu: 0.00 | epoch: 1 pq: 40 rg: 48 | total time: 239.21m | eta: 36.4m
step 01731/01992 (86.90%) | loss: 2.658514 | lrm: 0.24 | dt: 8249.82ms | tok/sec: 127,102 | bf16_mfu: 0.00 | epoch: 1 pq: 40 rg: 50 | total time: 239.35m | eta: 36.3m
step 01732/01992 (86.95%) | loss: 2.649878 | lrm: 0.24 | dt: 8247.66ms | tok/sec: 127,136 | bf16_mfu: 0.00 | epoch: 1 pq: 40 rg: 52 | total time: 239.49m | eta: 36.2m
step 01733/01992 (87.00%) | loss: 2.666688 | lrm: 0.24 | dt: 8256.30ms | tok/sec: 127,003 | bf16_mfu: 0.00 | epoch: 1 pq: 40 rg: 54 | total time: 239.62m | eta: 36.0m
step 01734/01992 (87.05%) | loss: 2.673713 | lrm: 0.24 | dt: 8256.08ms | tok/sec: 127,006 | bf16_mfu: 0.00 | epoch: 1 pq: 40 rg: 56 | total time: 239.76m | eta: 35.9m
step 01735/01992 (87.10%) | loss: 2.669286 | lrm: 0.24 | dt: 8255.74ms | tok/sec: 127,011 | bf16_mfu: 0.00 | epoch: 1 pq: 40 rg: 58 | total time: 239.90m | eta: 35.7m
step 01736/01992 (87.15%) | loss: 2.672107 | lrm: 0.24 | dt: 8261.40ms | tok/sec: 126,924 | bf16_mfu: 0.00 | epoch: 1 pq: 40 rg: 60 | total time: 240.04m | eta: 35.6m
step 01737/01992 (87.20%) | loss: 2.673083 | lrm: 0.24 | dt: 8265.09ms | tok/sec: 126,868 | bf16_mfu: 0.00 | epoch: 1 pq: 40 rg: 62 | total time: 240.18m | eta: 35.5m
step 01738/01992 (87.25%) | loss: 2.672178 | lrm: 0.24 | dt: 8263.54ms | tok/sec: 126,891 | bf16_mfu: 0.00 | epoch: 1 pq: 40 rg: 64 | total time: 240.31m | eta: 35.3m
step 01739/01992 (87.30%) | loss: 2.670109 | lrm: 0.24 | dt: 8259.09ms | tok/sec: 126,960 | bf16_mfu: 0.00 | epoch: 1 pq: 40 rg: 65 | total time: 240.45m | eta: 35.2m
step 01740/01992 (87.35%) | loss: 2.673223 | lrm: 0.23 | dt: 8249.26ms | tok/sec: 127,111 | bf16_mfu: 0.00 | epoch: 1 pq: 40 rg: 67 | total time: 240.59m | eta: 35.0m
step 01741/01992 (87.40%) | loss: 2.665061 | lrm: 0.23 | dt: 8250.88ms | tok/sec: 127,086 | bf16_mfu: 0.00 | epoch: 1 pq: 40 rg: 69 | total time: 240.73m | eta: 34.9m
step 01742/01992 (87.45%) | loss: 2.656262 | lrm: 0.23 | dt: 8250.27ms | tok/sec: 127,095 | bf16_mfu: 0.00 | epoch: 1 pq: 40 rg: 71 | total time: 240.86m | eta: 34.8m
step 01743/01992 (87.50%) | loss: 2.656033 | lrm: 0.23 | dt: 8251.11ms | tok/sec: 127,083 | bf16_mfu: 0.00 | epoch: 1 pq: 40 rg: 73 | total time: 241.00m | eta: 34.6m
step 01744/01992 (87.55%) | loss: 2.654749 | lrm: 0.23 | dt: 8241.27ms | tok/sec: 127,234 | bf16_mfu: 0.00 | epoch: 1 pq: 40 rg: 75 | total time: 241.14m | eta: 34.5m
step 01745/01992 (87.60%) | loss: 2.663151 | lrm: 0.23 | dt: 8241.98ms | tok/sec: 127,223 | bf16_mfu: 0.00 | epoch: 1 pq: 40 rg: 77 | total time: 241.28m | eta: 34.3m
step 01746/01992 (87.65%) | loss: 2.651404 | lrm: 0.23 | dt: 8242.79ms | tok/sec: 127,211 | bf16_mfu: 0.00 | epoch: 1 pq: 40 rg: 79 | total time: 241.41m | eta: 34.2m
step 01747/01992 (87.70%) | loss: 2.659995 | lrm: 0.23 | dt: 8238.63ms | tok/sec: 127,275 | bf16_mfu: 0.00 | epoch: 1 pq: 40 rg: 81 | total time: 241.55m | eta: 34.1m
step 01748/01992 (87.75%) | loss: 2.651183 | lrm: 0.23 | dt: 8237.33ms | tok/sec: 127,295 | bf16_mfu: 0.00 | epoch: 1 pq: 41 rg: 1 | total time: 241.69m | eta: 33.9m
step 01749/01992 (87.80%) | loss: 2.646762 | lrm: 0.23 | dt: 8240.67ms | tok/sec: 127,244 | bf16_mfu: 0.00 | epoch: 1 pq: 41 rg: 3 | total time: 241.82m | eta: 33.8m
Step 01750 | Validation bpb: 0.806172
step 01750/01992 (87.85%) | loss: 2.651551 | lrm: 0.23 | dt: 8256.89ms | tok/sec: 126,994 | bf16_mfu: 0.00 | epoch: 1 pq: 41 rg: 5 | total time: 241.96m | eta: 33.7m
step 01751/01992 (87.90%) | loss: 2.650007 | lrm: 0.23 | dt: 8253.39ms | tok/sec: 127,047 | bf16_mfu: 0.00 | epoch: 1 pq: 41 rg: 7 | total time: 242.10m | eta: 33.5m
step 01752/01992 (87.95%) | loss: 2.646879 | lrm: 0.23 | dt: 8250.68ms | tok/sec: 127,089 | bf16_mfu: 0.00 | epoch: 1 pq: 41 rg: 9 | total time: 242.24m | eta: 33.4m
step 01753/01992 (88.00%) | loss: 2.637775 | lrm: 0.23 | dt: 8247.37ms | tok/sec: 127,140 | bf16_mfu: 0.00 | epoch: 1 pq: 41 rg: 11 | total time: 242.37m | eta: 33.2m
step 01754/01992 (88.05%) | loss: 2.623284 | lrm: 0.22 | dt: 8249.23ms | tok/sec: 127,112 | bf16_mfu: 0.00 | epoch: 1 pq: 41 rg: 12 | total time: 242.51m | eta: 33.1m
step 01755/01992 (88.10%) | loss: 2.626507 | lrm: 0.22 | dt: 8255.39ms | tok/sec: 127,017 | bf16_mfu: 0.00 | epoch: 1 pq: 41 rg: 14 | total time: 242.65m | eta: 33.0m
step 01756/01992 (88.15%) | loss: 2.626099 | lrm: 0.22 | dt: 8252.75ms | tok/sec: 127,057 | bf16_mfu: 0.00 | epoch: 1 pq: 41 rg: 16 | total time: 242.79m | eta: 32.8m
step 01757/01992 (88.20%) | loss: 2.626161 | lrm: 0.22 | dt: 8255.14ms | tok/sec: 127,021 | bf16_mfu: 0.00 | epoch: 1 pq: 41 rg: 18 | total time: 242.92m | eta: 32.7m
step 01758/01992 (88.25%) | loss: 2.624465 | lrm: 0.22 | dt: 8259.05ms | tok/sec: 126,960 | bf16_mfu: 0.00 | epoch: 1 pq: 41 rg: 20 | total time: 243.06m | eta: 32.5m
step 01759/01992 (88.30%) | loss: 2.641277 | lrm: 0.22 | dt: 8262.45ms | tok/sec: 126,908 | bf16_mfu: 0.00 | epoch: 1 pq: 41 rg: 22 | total time: 243.20m | eta: 32.4m
step 01760/01992 (88.35%) | loss: 2.631091 | lrm: 0.22 | dt: 8267.42ms | tok/sec: 126,832 | bf16_mfu: 0.00 | epoch: 1 pq: 41 rg: 24 | total time: 243.34m | eta: 32.3m
step 01761/01992 (88.40%) | loss: 2.633772 | lrm: 0.22 | dt: 8272.28ms | tok/sec: 126,757 | bf16_mfu: 0.00 | epoch: 1 pq: 41 rg: 26 | total time: 243.48m | eta: 32.1m
step 01762/01992 (88.45%) | loss: 2.635008 | lrm: 0.22 | dt: 8286.59ms | tok/sec: 126,538 | bf16_mfu: 0.00 | epoch: 1 pq: 41 rg: 28 | total time: 243.61m | eta: 32.0m
step 01763/01992 (88.50%) | loss: 2.640156 | lrm: 0.22 | dt: 8273.27ms | tok/sec: 126,742 | bf16_mfu: 0.00 | epoch: 1 pq: 41 rg: 30 | total time: 243.75m | eta: 31.8m
step 01764/01992 (88.55%) | loss: 2.642524 | lrm: 0.22 | dt: 8272.06ms | tok/sec: 126,761 | bf16_mfu: 0.00 | epoch: 1 pq: 41 rg: 32 | total time: 243.89m | eta: 31.7m
step 01765/01992 (88.60%) | loss: 2.643920 | lrm: 0.22 | dt: 8273.03ms | tok/sec: 126,746 | bf16_mfu: 0.00 | epoch: 1 pq: 41 rg: 34 | total time: 244.03m | eta: 31.6m
step 01766/01992 (88.65%) | loss: 2.633345 | lrm: 0.22 | dt: 8275.99ms | tok/sec: 126,700 | bf16_mfu: 0.00 | epoch: 1 pq: 41 rg: 36 | total time: 244.17m | eta: 31.4m
step 01767/01992 (88.70%) | loss: 2.641578 | lrm: 0.22 | dt: 8285.14ms | tok/sec: 126,561 | bf16_mfu: 0.00 | epoch: 1 pq: 41 rg: 38 | total time: 244.30m | eta: 31.3m
step 01768/01992 (88.76%) | loss: 2.643325 | lrm: 0.21 | dt: 8282.81ms | tok/sec: 126,596 | bf16_mfu: 0.00 | epoch: 1 pq: 41 rg: 40 | total time: 244.44m | eta: 31.1m
step 01769/01992 (88.81%) | loss: 2.633711 | lrm: 0.21 | dt: 8287.52ms | tok/sec: 126,524 | bf16_mfu: 0.00 | epoch: 1 pq: 41 rg: 42 | total time: 244.58m | eta: 31.0m
step 01770/01992 (88.86%) | loss: 2.635105 | lrm: 0.21 | dt: 8285.27ms | tok/sec: 126,559 | bf16_mfu: 0.00 | epoch: 1 pq: 41 rg: 44 | total time: 244.72m | eta: 30.9m
step 01771/01992 (88.91%) | loss: 2.638650 | lrm: 0.21 | dt: 8285.44ms | tok/sec: 126,556 | bf16_mfu: 0.00 | epoch: 1 pq: 41 rg: 45 | total time: 244.86m | eta: 30.7m
step 01772/01992 (88.96%) | loss: 2.646148 | lrm: 0.21 | dt: 8286.13ms | tok/sec: 126,545 | bf16_mfu: 0.00 | epoch: 1 pq: 41 rg: 47 | total time: 244.99m | eta: 30.6m
step 01773/01992 (89.01%) | loss: 2.636510 | lrm: 0.21 | dt: 8295.89ms | tok/sec: 126,396 | bf16_mfu: 0.00 | epoch: 1 pq: 41 rg: 49 | total time: 245.13m | eta: 30.5m
step 01774/01992 (89.06%) | loss: 2.635796 | lrm: 0.21 | dt: 8295.17ms | tok/sec: 126,407 | bf16_mfu: 0.00 | epoch: 1 pq: 41 rg: 51 | total time: 245.27m | eta: 30.3m
step 01775/01992 (89.11%) | loss: 2.633581 | lrm: 0.21 | dt: 8296.53ms | tok/sec: 126,387 | bf16_mfu: 0.00 | epoch: 1 pq: 41 rg: 53 | total time: 245.41m | eta: 30.2m
step 01776/01992 (89.16%) | loss: 2.639747 | lrm: 0.21 | dt: 8290.42ms | tok/sec: 126,480 | bf16_mfu: 0.00 | epoch: 1 pq: 41 rg: 55 | total time: 245.55m | eta: 30.0m
step 01777/01992 (89.21%) | loss: 2.640683 | lrm: 0.21 | dt: 8289.76ms | tok/sec: 126,490 | bf16_mfu: 0.00 | epoch: 1 pq: 41 rg: 57 | total time: 245.69m | eta: 29.9m
step 01778/01992 (89.26%) | loss: 2.647270 | lrm: 0.21 | dt: 8283.42ms | tok/sec: 126,587 | bf16_mfu: 0.00 | epoch: 1 pq: 41 rg: 59 | total time: 245.82m | eta: 29.8m
step 01779/01992 (89.31%) | loss: 2.655382 | lrm: 0.21 | dt: 8284.25ms | tok/sec: 126,574 | bf16_mfu: 0.00 | epoch: 1 pq: 41 rg: 61 | total time: 245.96m | eta: 29.6m
step 01780/01992 (89.36%) | loss: 2.649258 | lrm: 0.21 | dt: 8283.45ms | tok/sec: 126,586 | bf16_mfu: 0.00 | epoch: 1 pq: 41 rg: 63 | total time: 246.10m | eta: 29.5m
step 01781/01992 (89.41%) | loss: 2.654925 | lrm: 0.20 | dt: 8284.00ms | tok/sec: 126,578 | bf16_mfu: 0.00 | epoch: 1 pq: 41 rg: 65 | total time: 246.24m | eta: 29.3m
step 01782/01992 (89.46%) | loss: 2.652322 | lrm: 0.20 | dt: 8283.67ms | tok/sec: 126,583 | bf16_mfu: 0.00 | epoch: 1 pq: 41 rg: 67 | total time: 246.38m | eta: 29.2m
step 01783/01992 (89.51%) | loss: 2.659226 | lrm: 0.20 | dt: 8284.48ms | tok/sec: 126,571 | bf16_mfu: 0.00 | epoch: 1 pq: 41 rg: 69 | total time: 246.51m | eta: 29.1m
step 01784/01992 (89.56%) | loss: 2.647068 | lrm: 0.20 | dt: 8284.75ms | tok/sec: 126,567 | bf16_mfu: 0.00 | epoch: 1 pq: 41 rg: 71 | total time: 246.65m | eta: 28.9m
step 01785/01992 (89.61%) | loss: 2.659316 | lrm: 0.20 | dt: 8290.43ms | tok/sec: 126,480 | bf16_mfu: 0.00 | epoch: 1 pq: 41 rg: 73 | total time: 246.79m | eta: 28.8m
step 01786/01992 (89.66%) | loss: 2.664340 | lrm: 0.20 | dt: 8292.74ms | tok/sec: 126,445 | bf16_mfu: 0.00 | epoch: 1 pq: 41 rg: 74 | total time: 246.93m | eta: 28.6m
step 01787/01992 (89.71%) | loss: 2.657403 | lrm: 0.20 | dt: 8299.40ms | tok/sec: 126,343 | bf16_mfu: 0.00 | epoch: 1 pq: 41 rg: 76 | total time: 247.07m | eta: 28.5m
step 01788/01992 (89.76%) | loss: 2.655194 | lrm: 0.20 | dt: 8298.99ms | tok/sec: 126,349 | bf16_mfu: 0.00 | epoch: 1 pq: 41 rg: 78 | total time: 247.20m | eta: 28.4m
step 01789/01992 (89.81%) | loss: 2.649448 | lrm: 0.20 | dt: 8295.51ms | tok/sec: 126,402 | bf16_mfu: 0.00 | epoch: 1 pq: 41 rg: 80 | total time: 247.34m | eta: 28.2m
step 01790/01992 (89.86%) | loss: 2.665681 | lrm: 0.20 | dt: 8299.19ms | tok/sec: 126,346 | bf16_mfu: 0.00 | epoch: 1 pq: 41 rg: 82 | total time: 247.48m | eta: 28.1m
step 01791/01992 (89.91%) | loss: 2.663803 | lrm: 0.20 | dt: 8301.75ms | tok/sec: 126,307 | bf16_mfu: 0.00 | epoch: 1 pq: 42 rg: 1 | total time: 247.62m | eta: 27.9m
step 01792/01992 (89.96%) | loss: 2.664742 | lrm: 0.20 | dt: 8303.92ms | tok/sec: 126,274 | bf16_mfu: 0.00 | epoch: 1 pq: 42 rg: 3 | total time: 247.76m | eta: 27.8m
step 01793/01992 (90.01%) | loss: 2.670411 | lrm: 0.20 | dt: 8302.12ms | tok/sec: 126,302 | bf16_mfu: 0.00 | epoch: 1 pq: 42 rg: 5 | total time: 247.90m | eta: 27.7m
step 01794/01992 (90.06%) | loss: 2.662082 | lrm: 0.20 | dt: 8306.12ms | tok/sec: 126,241 | bf16_mfu: 0.00 | epoch: 1 pq: 42 rg: 7 | total time: 248.03m | eta: 27.5m
step 01795/01992 (90.11%) | loss: 2.653878 | lrm: 0.19 | dt: 8302.95ms | tok/sec: 126,289 | bf16_mfu: 0.00 | epoch: 1 pq: 42 rg: 9 | total time: 248.17m | eta: 27.4m
step 01796/01992 (90.16%) | loss: 2.653850 | lrm: 0.19 | dt: 8303.44ms | tok/sec: 126,282 | bf16_mfu: 0.00 | epoch: 1 pq: 42 rg: 11 | total time: 248.31m | eta: 27.3m
step 01797/01992 (90.21%) | loss: 2.657306 | lrm: 0.19 | dt: 8305.25ms | tok/sec: 126,254 | bf16_mfu: 0.00 | epoch: 1 pq: 42 rg: 13 | total time: 248.45m | eta: 27.1m
step 01798/01992 (90.26%) | loss: 2.658123 | lrm: 0.19 | dt: 8304.93ms | tok/sec: 126,259 | bf16_mfu: 0.00 | epoch: 1 pq: 42 rg: 15 | total time: 248.59m | eta: 27.0m
step 01799/01992 (90.31%) | loss: 2.656957 | lrm: 0.19 | dt: 8302.57ms | tok/sec: 126,295 | bf16_mfu: 0.00 | epoch: 1 pq: 42 rg: 17 | total time: 248.73m | eta: 26.8m
step 01800/01992 (90.36%) | loss: 2.664843 | lrm: 0.19 | dt: 8305.63ms | tok/sec: 126,248 | bf16_mfu: 0.00 | epoch: 1 pq: 42 rg: 19 | total time: 248.87m | eta: 26.7m
step 01801/01992 (90.41%) | loss: 2.656183 | lrm: 0.19 | dt: 8306.78ms | tok/sec: 126,231 | bf16_mfu: 0.00 | epoch: 1 pq: 42 rg: 21 | total time: 249.00m | eta: 26.6m
step 01802/01992 (90.46%) | loss: 2.654871 | lrm: 0.19 | dt: 8307.52ms | tok/sec: 126,220 | bf16_mfu: 0.00 | epoch: 1 pq: 42 rg: 23 | total time: 249.14m | eta: 26.4m
step 01803/01992 (90.51%) | loss: 2.658461 | lrm: 0.19 | dt: 8308.49ms | tok/sec: 126,205 | bf16_mfu: 0.00 | epoch: 1 pq: 42 rg: 25 | total time: 249.28m | eta: 26.3m
step 01804/01992 (90.56%) | loss: 2.657246 | lrm: 0.19 | dt: 8309.15ms | tok/sec: 126,195 | bf16_mfu: 0.00 | epoch: 1 pq: 42 rg: 27 | total time: 249.42m | eta: 26.1m
step 01805/01992 (90.61%) | loss: 2.660584 | lrm: 0.19 | dt: 8311.57ms | tok/sec: 126,158 | bf16_mfu: 0.00 | epoch: 1 pq: 42 rg: 29 | total time: 249.56m | eta: 26.0m
step 01806/01992 (90.66%) | loss: 2.655023 | lrm: 0.19 | dt: 8311.07ms | tok/sec: 126,166 | bf16_mfu: 0.00 | epoch: 1 pq: 42 rg: 31 | total time: 249.70m | eta: 25.9m
step 01807/01992 (90.71%) | loss: 2.665994 | lrm: 0.19 | dt: 8310.74ms | tok/sec: 126,171 | bf16_mfu: 0.00 | epoch: 1 pq: 42 rg: 32 | total time: 249.83m | eta: 25.7m
step 01808/01992 (90.76%) | loss: 2.663590 | lrm: 0.18 | dt: 8309.40ms | tok/sec: 126,191 | bf16_mfu: 0.00 | epoch: 1 pq: 42 rg: 34 | total time: 249.97m | eta: 25.6m
step 01809/01992 (90.81%) | loss: 2.653660 | lrm: 0.18 | dt: 8311.60ms | tok/sec: 126,158 | bf16_mfu: 0.00 | epoch: 1 pq: 42 rg: 36 | total time: 250.11m | eta: 25.4m
step 01810/01992 (90.86%) | loss: 2.654482 | lrm: 0.18 | dt: 8314.25ms | tok/sec: 126,117 | bf16_mfu: 0.00 | epoch: 1 pq: 42 rg: 38 | total time: 250.25m | eta: 25.3m
step 01811/01992 (90.91%) | loss: 2.659738 | lrm: 0.18 | dt: 8316.08ms | tok/sec: 126,090 | bf16_mfu: 0.00 | epoch: 1 pq: 42 rg: 40 | total time: 250.39m | eta: 25.2m
step 01812/01992 (90.96%) | loss: 2.660335 | lrm: 0.18 | dt: 8317.49ms | tok/sec: 126,068 | bf16_mfu: 0.00 | epoch: 1 pq: 42 rg: 42 | total time: 250.53m | eta: 25.0m
step 01813/01992 (91.01%) | loss: 2.670563 | lrm: 0.18 | dt: 8320.46ms | tok/sec: 126,023 | bf16_mfu: 0.00 | epoch: 1 pq: 42 rg: 44 | total time: 250.67m | eta: 24.9m
step 01814/01992 (91.06%) | loss: 2.673775 | lrm: 0.18 | dt: 8322.59ms | tok/sec: 125,991 | bf16_mfu: 0.00 | epoch: 1 pq: 42 rg: 46 | total time: 250.80m | eta: 24.7m
step 01815/01992 (91.11%) | loss: 2.670972 | lrm: 0.18 | dt: 8318.74ms | tok/sec: 126,049 | bf16_mfu: 0.00 | epoch: 1 pq: 42 rg: 48 | total time: 250.94m | eta: 24.6m
step 01816/01992 (91.16%) | loss: 2.663026 | lrm: 0.18 | dt: 8308.62ms | tok/sec: 126,203 | bf16_mfu: 0.00 | epoch: 1 pq: 42 rg: 50 | total time: 251.08m | eta: 24.5m
step 01817/01992 (91.21%) | loss: 2.652828 | lrm: 0.18 | dt: 8301.69ms | tok/sec: 126,308 | bf16_mfu: 0.00 | epoch: 1 pq: 42 rg: 52 | total time: 251.22m | eta: 24.3m
step 01818/01992 (91.27%) | loss: 2.647281 | lrm: 0.18 | dt: 8300.36ms | tok/sec: 126,329 | bf16_mfu: 0.00 | epoch: 1 pq: 42 rg: 54 | total time: 251.36m | eta: 24.2m
step 01819/01992 (91.32%) | loss: 2.650861 | lrm: 0.18 | dt: 8307.46ms | tok/sec: 126,221 | bf16_mfu: 0.00 | epoch: 1 pq: 42 rg: 56 | total time: 251.50m | eta: 24.1m
step 01820/01992 (91.37%) | loss: 2.651355 | lrm: 0.18 | dt: 8309.22ms | tok/sec: 126,194 | bf16_mfu: 0.00 | epoch: 1 pq: 42 rg: 58 | total time: 251.64m | eta: 23.9m
step 01821/01992 (91.42%) | loss: 2.648770 | lrm: 0.18 | dt: 8308.16ms | tok/sec: 126,210 | bf16_mfu: 0.00 | epoch: 1 pq: 42 rg: 60 | total time: 251.77m | eta: 23.8m
step 01822/01992 (91.47%) | loss: 2.658655 | lrm: 0.17 | dt: 8310.26ms | tok/sec: 126,178 | bf16_mfu: 0.00 | epoch: 1 pq: 42 rg: 62 | total time: 251.91m | eta: 23.6m
step 01823/01992 (91.52%) | loss: 2.650915 | lrm: 0.17 | dt: 8312.75ms | tok/sec: 126,140 | bf16_mfu: 0.00 | epoch: 1 pq: 42 rg: 63 | total time: 252.05m | eta: 23.5m
step 01824/01992 (91.57%) | loss: 2.658906 | lrm: 0.17 | dt: 8316.86ms | tok/sec: 126,078 | bf16_mfu: 0.00 | epoch: 1 pq: 42 rg: 65 | total time: 252.19m | eta: 23.4m
step 01825/01992 (91.62%) | loss: 2.666013 | lrm: 0.17 | dt: 8318.05ms | tok/sec: 126,060 | bf16_mfu: 0.00 | epoch: 1 pq: 42 rg: 67 | total time: 252.33m | eta: 23.2m
step 01826/01992 (91.67%) | loss: 2.670330 | lrm: 0.17 | dt: 8320.92ms | tok/sec: 126,016 | bf16_mfu: 0.00 | epoch: 1 pq: 42 rg: 69 | total time: 252.47m | eta: 23.1m
step 01827/01992 (91.72%) | loss: 2.664388 | lrm: 0.17 | dt: 8317.92ms | tok/sec: 126,062 | bf16_mfu: 0.00 | epoch: 1 pq: 42 rg: 71 | total time: 252.61m | eta: 22.9m
step 01828/01992 (91.77%) | loss: 2.663679 | lrm: 0.17 | dt: 8317.54ms | tok/sec: 126,067 | bf16_mfu: 0.00 | epoch: 1 pq: 42 rg: 73 | total time: 252.74m | eta: 22.8m
step 01829/01992 (91.82%) | loss: 2.678395 | lrm: 0.17 | dt: 8322.72ms | tok/sec: 125,989 | bf16_mfu: 0.00 | epoch: 1 pq: 42 rg: 75 | total time: 252.88m | eta: 22.7m
step 01830/01992 (91.87%) | loss: 2.675915 | lrm: 0.17 | dt: 8322.14ms | tok/sec: 125,998 | bf16_mfu: 0.00 | epoch: 1 pq: 42 rg: 77 | total time: 253.02m | eta: 22.5m
step 01831/01992 (91.92%) | loss: 2.679359 | lrm: 0.17 | dt: 8320.55ms | tok/sec: 126,022 | bf16_mfu: 0.00 | epoch: 1 pq: 42 rg: 79 | total time: 253.16m | eta: 22.4m
step 01832/01992 (91.97%) | loss: 2.674441 | lrm: 0.17 | dt: 8318.68ms | tok/sec: 126,050 | bf16_mfu: 0.00 | epoch: 1 pq: 42 rg: 81 | total time: 253.30m | eta: 22.2m
step 01833/01992 (92.02%) | loss: 2.675800 | lrm: 0.17 | dt: 8317.01ms | tok/sec: 126,076 | bf16_mfu: 0.00 | epoch: 1 pq: 43 rg: 1 | total time: 253.44m | eta: 22.1m
step 01834/01992 (92.07%) | loss: 2.680025 | lrm: 0.17 | dt: 8316.40ms | tok/sec: 126,085 | bf16_mfu: 0.00 | epoch: 1 pq: 43 rg: 3 | total time: 253.58m | eta: 22.0m
step 01835/01992 (92.12%) | loss: 2.678045 | lrm: 0.17 | dt: 8319.23ms | tok/sec: 126,042 | bf16_mfu: 0.00 | epoch: 1 pq: 43 rg: 5 | total time: 253.72m | eta: 21.8m
step 01836/01992 (92.17%) | loss: 2.676424 | lrm: 0.16 | dt: 8322.04ms | tok/sec: 125,999 | bf16_mfu: 0.00 | epoch: 1 pq: 43 rg: 7 | total time: 253.85m | eta: 21.7m
step 01837/01992 (92.22%) | loss: 2.665531 | lrm: 0.16 | dt: 8323.62ms | tok/sec: 125,975 | bf16_mfu: 0.00 | epoch: 1 pq: 43 rg: 8 | total time: 253.99m | eta: 21.5m
step 01838/01992 (92.27%) | loss: 2.653908 | lrm: 0.16 | dt: 8322.34ms | tok/sec: 125,995 | bf16_mfu: 0.00 | epoch: 1 pq: 43 rg: 10 | total time: 254.13m | eta: 21.4m
step 01839/01992 (92.32%) | loss: 2.662191 | lrm: 0.16 | dt: 8325.40ms | tok/sec: 125,948 | bf16_mfu: 0.00 | epoch: 1 pq: 43 rg: 12 | total time: 254.27m | eta: 21.3m
step 01840/01992 (92.37%) | loss: 2.656174 | lrm: 0.16 | dt: 8326.32ms | tok/sec: 125,935 | bf16_mfu: 0.00 | epoch: 1 pq: 43 rg: 14 | total time: 254.41m | eta: 21.1m
step 01841/01992 (92.42%) | loss: 2.656764 | lrm: 0.16 | dt: 8329.89ms | tok/sec: 125,881 | bf16_mfu: 0.00 | epoch: 1 pq: 43 rg: 16 | total time: 254.55m | eta: 21.0m
step 01842/01992 (92.47%) | loss: 2.654171 | lrm: 0.16 | dt: 8329.59ms | tok/sec: 125,885 | bf16_mfu: 0.00 | epoch: 1 pq: 43 rg: 18 | total time: 254.69m | eta: 20.9m
step 01843/01992 (92.52%) | loss: 2.656006 | lrm: 0.16 | dt: 8329.82ms | tok/sec: 125,882 | bf16_mfu: 0.00 | epoch: 1 pq: 43 rg: 20 | total time: 254.83m | eta: 20.7m
step 01844/01992 (92.57%) | loss: 2.650824 | lrm: 0.16 | dt: 8327.37ms | tok/sec: 125,919 | bf16_mfu: 0.00 | epoch: 1 pq: 43 rg: 22 | total time: 254.96m | eta: 20.6m
step 01845/01992 (92.62%) | loss: 2.651121 | lrm: 0.16 | dt: 8324.12ms | tok/sec: 125,968 | bf16_mfu: 0.00 | epoch: 1 pq: 43 rg: 24 | total time: 255.10m | eta: 20.4m
step 01846/01992 (92.67%) | loss: 2.653857 | lrm: 0.16 | dt: 8324.70ms | tok/sec: 125,959 | bf16_mfu: 0.00 | epoch: 1 pq: 43 rg: 26 | total time: 255.24m | eta: 20.3m
step 01847/01992 (92.72%) | loss: 2.645609 | lrm: 0.16 | dt: 8325.54ms | tok/sec: 125,946 | bf16_mfu: 0.00 | epoch: 1 pq: 43 rg: 28 | total time: 255.38m | eta: 20.2m
step 01848/01992 (92.77%) | loss: 2.650262 | lrm: 0.16 | dt: 8336.42ms | tok/sec: 125,782 | bf16_mfu: 0.00 | epoch: 1 pq: 43 rg: 30 | total time: 255.52m | eta: 20.0m
step 01849/01992 (92.82%) | loss: 2.646690 | lrm: 0.15 | dt: 8330.10ms | tok/sec: 125,877 | bf16_mfu: 0.00 | epoch: 1 pq: 43 rg: 32 | total time: 255.66m | eta: 19.9m
step 01850/01992 (92.87%) | loss: 2.648385 | lrm: 0.15 | dt: 8329.92ms | tok/sec: 125,880 | bf16_mfu: 0.00 | epoch: 1 pq: 43 rg: 34 | total time: 255.80m | eta: 19.7m
step 01851/01992 (92.92%) | loss: 2.656742 | lrm: 0.15 | dt: 8327.55ms | tok/sec: 125,916 | bf16_mfu: 0.00 | epoch: 1 pq: 43 rg: 36 | total time: 255.94m | eta: 19.6m
step 01852/01992 (92.97%) | loss: 2.656406 | lrm: 0.15 | dt: 8326.78ms | tok/sec: 125,928 | bf16_mfu: 0.00 | epoch: 1 pq: 43 rg: 38 | total time: 256.07m | eta: 19.5m
step 01853/01992 (93.02%) | loss: 2.653528 | lrm: 0.15 | dt: 8321.98ms | tok/sec: 126,000 | bf16_mfu: 0.00 | epoch: 1 pq: 43 rg: 40 | total time: 256.21m | eta: 19.3m
step 01854/01992 (93.07%) | loss: 2.651108 | lrm: 0.15 | dt: 8328.60ms | tok/sec: 125,900 | bf16_mfu: 0.00 | epoch: 1 pq: 43 rg: 42 | total time: 256.35m | eta: 19.2m
step 01855/01992 (93.12%) | loss: 2.651441 | lrm: 0.15 | dt: 8329.42ms | tok/sec: 125,888 | bf16_mfu: 0.00 | epoch: 1 pq: 43 rg: 43 | total time: 256.49m | eta: 19.0m
step 01856/01992 (93.17%) | loss: 2.651840 | lrm: 0.15 | dt: 8324.29ms | tok/sec: 125,965 | bf16_mfu: 0.00 | epoch: 1 pq: 43 rg: 45 | total time: 256.63m | eta: 18.9m
step 01857/01992 (93.22%) | loss: 2.646300 | lrm: 0.15 | dt: 8323.38ms | tok/sec: 125,979 | bf16_mfu: 0.00 | epoch: 1 pq: 43 rg: 47 | total time: 256.77m | eta: 18.8m
step 01858/01992 (93.27%) | loss: 2.643117 | lrm: 0.15 | dt: 8324.31ms | tok/sec: 125,965 | bf16_mfu: 0.00 | epoch: 1 pq: 43 rg: 49 | total time: 256.91m | eta: 18.6m
step 01859/01992 (93.32%) | loss: 2.641565 | lrm: 0.15 | dt: 8324.01ms | tok/sec: 125,970 | bf16_mfu: 0.00 | epoch: 1 pq: 43 rg: 51 | total time: 257.05m | eta: 18.5m
step 01860/01992 (93.37%) | loss: 2.642144 | lrm: 0.15 | dt: 8331.50ms | tok/sec: 125,856 | bf16_mfu: 0.00 | epoch: 1 pq: 43 rg: 53 | total time: 257.18m | eta: 18.4m
step 01861/01992 (93.42%) | loss: 2.641597 | lrm: 0.15 | dt: 8326.63ms | tok/sec: 125,930 | bf16_mfu: 0.00 | epoch: 1 pq: 43 rg: 55 | total time: 257.32m | eta: 18.2m
step 01862/01992 (93.47%) | loss: 2.638636 | lrm: 0.15 | dt: 8325.41ms | tok/sec: 125,948 | bf16_mfu: 0.00 | epoch: 1 pq: 43 rg: 57 | total time: 257.46m | eta: 18.1m
step 01863/01992 (93.52%) | loss: 2.630418 | lrm: 0.14 | dt: 8322.80ms | tok/sec: 125,988 | bf16_mfu: 0.00 | epoch: 1 pq: 43 rg: 59 | total time: 257.60m | eta: 17.9m
step 01864/01992 (93.57%) | loss: 2.627403 | lrm: 0.14 | dt: 8324.76ms | tok/sec: 125,958 | bf16_mfu: 0.00 | epoch: 1 pq: 43 rg: 61 | total time: 257.74m | eta: 17.8m
step 01865/01992 (93.62%) | loss: 2.627713 | lrm: 0.14 | dt: 8326.98ms | tok/sec: 125,925 | bf16_mfu: 0.00 | epoch: 1 pq: 43 rg: 63 | total time: 257.88m | eta: 17.7m
step 01866/01992 (93.67%) | loss: 2.629086 | lrm: 0.14 | dt: 8325.50ms | tok/sec: 125,947 | bf16_mfu: 0.00 | epoch: 1 pq: 43 rg: 65 | total time: 258.02m | eta: 17.5m
step 01867/01992 (93.72%) | loss: 2.628448 | lrm: 0.14 | dt: 8324.46ms | tok/sec: 125,963 | bf16_mfu: 0.00 | epoch: 1 pq: 43 rg: 67 | total time: 258.16m | eta: 17.4m
step 01868/01992 (93.78%) | loss: 2.619846 | lrm: 0.14 | dt: 8325.32ms | tok/sec: 125,950 | bf16_mfu: 0.00 | epoch: 1 pq: 43 rg: 68 | total time: 258.29m | eta: 17.2m
step 01869/01992 (93.83%) | loss: 2.599956 | lrm: 0.14 | dt: 8328.88ms | tok/sec: 125,896 | bf16_mfu: 0.00 | epoch: 1 pq: 43 rg: 70 | total time: 258.43m | eta: 17.1m
step 01870/01992 (93.88%) | loss: 2.605479 | lrm: 0.14 | dt: 8330.37ms | tok/sec: 125,873 | bf16_mfu: 0.00 | epoch: 1 pq: 43 rg: 72 | total time: 258.57m | eta: 17.0m
step 01871/01992 (93.93%) | loss: 2.603371 | lrm: 0.14 | dt: 8324.91ms | tok/sec: 125,956 | bf16_mfu: 0.00 | epoch: 1 pq: 43 rg: 74 | total time: 258.71m | eta: 16.8m
step 01872/01992 (93.98%) | loss: 2.609700 | lrm: 0.14 | dt: 8326.55ms | tok/sec: 125,931 | bf16_mfu: 0.00 | epoch: 1 pq: 43 rg: 76 | total time: 258.85m | eta: 16.7m
step 01873/01992 (94.03%) | loss: 2.604039 | lrm: 0.14 | dt: 8334.46ms | tok/sec: 125,812 | bf16_mfu: 0.00 | epoch: 1 pq: 43 rg: 78 | total time: 258.99m | eta: 16.5m
step 01874/01992 (94.08%) | loss: 2.605206 | lrm: 0.14 | dt: 8331.32ms | tok/sec: 125,859 | bf16_mfu: 0.00 | epoch: 1 pq: 43 rg: 80 | total time: 259.13m | eta: 16.4m
step 01875/01992 (94.13%) | loss: 2.597630 | lrm: 0.14 | dt: 8332.18ms | tok/sec: 125,846 | bf16_mfu: 0.00 | epoch: 1 pq: 44 rg: 0 | total time: 259.27m | eta: 16.3m
step 01876/01992 (94.18%) | loss: 2.602262 | lrm: 0.14 | dt: 8337.33ms | tok/sec: 125,768 | bf16_mfu: 0.00 | epoch: 1 pq: 44 rg: 2 | total time: 259.41m | eta: 16.1m
step 01877/01992 (94.23%) | loss: 2.609031 | lrm: 0.13 | dt: 8329.89ms | tok/sec: 125,881 | bf16_mfu: 0.00 | epoch: 1 pq: 44 rg: 4 | total time: 259.54m | eta: 16.0m
step 01878/01992 (94.28%) | loss: 2.626683 | lrm: 0.13 | dt: 8334.24ms | tok/sec: 125,815 | bf16_mfu: 0.00 | epoch: 1 pq: 44 rg: 6 | total time: 259.68m | eta: 15.8m
step 01879/01992 (94.33%) | loss: 2.619191 | lrm: 0.13 | dt: 8335.17ms | tok/sec: 125,801 | bf16_mfu: 0.00 | epoch: 1 pq: 44 rg: 8 | total time: 259.82m | eta: 15.7m
step 01880/01992 (94.38%) | loss: 2.624902 | lrm: 0.13 | dt: 8333.76ms | tok/sec: 125,822 | bf16_mfu: 0.00 | epoch: 1 pq: 44 rg: 10 | total time: 259.96m | eta: 15.6m
step 01881/01992 (94.43%) | loss: 2.634424 | lrm: 0.13 | dt: 8333.55ms | tok/sec: 125,825 | bf16_mfu: 0.00 | epoch: 1 pq: 44 rg: 12 | total time: 260.10m | eta: 15.4m
step 01882/01992 (94.48%) | loss: 2.626035 | lrm: 0.13 | dt: 8333.61ms | tok/sec: 125,824 | bf16_mfu: 0.00 | epoch: 1 pq: 44 rg: 14 | total time: 260.24m | eta: 15.3m
step 01883/01992 (94.53%) | loss: 2.625679 | lrm: 0.13 | dt: 8331.11ms | tok/sec: 125,862 | bf16_mfu: 0.00 | epoch: 1 pq: 44 rg: 16 | total time: 260.38m | eta: 15.2m
step 01884/01992 (94.58%) | loss: 2.626869 | lrm: 0.13 | dt: 8337.57ms | tok/sec: 125,765 | bf16_mfu: 0.00 | epoch: 1 pq: 44 rg: 18 | total time: 260.52m | eta: 15.0m
step 01885/01992 (94.63%) | loss: 2.628025 | lrm: 0.13 | dt: 8338.94ms | tok/sec: 125,744 | bf16_mfu: 0.00 | epoch: 1 pq: 44 rg: 20 | total time: 260.66m | eta: 14.9m
step 01886/01992 (94.68%) | loss: 2.634441 | lrm: 0.13 | dt: 8339.29ms | tok/sec: 125,739 | bf16_mfu: 0.00 | epoch: 1 pq: 44 rg: 22 | total time: 260.79m | eta: 14.7m
step 01887/01992 (94.73%) | loss: 2.644351 | lrm: 0.13 | dt: 8338.90ms | tok/sec: 125,745 | bf16_mfu: 0.00 | epoch: 1 pq: 44 rg: 23 | total time: 260.93m | eta: 14.6m
step 01888/01992 (94.78%) | loss: 2.642997 | lrm: 0.13 | dt: 8340.21ms | tok/sec: 125,725 | bf16_mfu: 0.00 | epoch: 1 pq: 44 rg: 25 | total time: 261.07m | eta: 14.5m
step 01889/01992 (94.83%) | loss: 2.639178 | lrm: 0.13 | dt: 8334.19ms | tok/sec: 125,816 | bf16_mfu: 0.00 | epoch: 1 pq: 44 rg: 27 | total time: 261.21m | eta: 14.3m
step 01890/01992 (94.88%) | loss: 2.630540 | lrm: 0.12 | dt: 8335.65ms | tok/sec: 125,794 | bf16_mfu: 0.00 | epoch: 1 pq: 44 rg: 29 | total time: 261.35m | eta: 14.2m
step 01891/01992 (94.93%) | loss: 2.637719 | lrm: 0.12 | dt: 8338.56ms | tok/sec: 125,750 | bf16_mfu: 0.00 | epoch: 1 pq: 44 rg: 31 | total time: 261.49m | eta: 14.0m
step 01892/01992 (94.98%) | loss: 2.641938 | lrm: 0.12 | dt: 8334.20ms | tok/sec: 125,815 | bf16_mfu: 0.00 | epoch: 1 pq: 44 rg: 33 | total time: 261.63m | eta: 13.9m
step 01893/01992 (95.03%) | loss: 2.640162 | lrm: 0.12 | dt: 8333.65ms | tok/sec: 125,824 | bf16_mfu: 0.00 | epoch: 1 pq: 44 rg: 35 | total time: 261.77m | eta: 13.8m
step 01894/01992 (95.08%) | loss: 2.645941 | lrm: 0.12 | dt: 8332.77ms | tok/sec: 125,837 | bf16_mfu: 0.00 | epoch: 1 pq: 44 rg: 37 | total time: 261.91m | eta: 13.6m
step 01895/01992 (95.13%) | loss: 2.634125 | lrm: 0.12 | dt: 8335.64ms | tok/sec: 125,794 | bf16_mfu: 0.00 | epoch: 1 pq: 44 rg: 39 | total time: 262.04m | eta: 13.5m
step 01896/01992 (95.18%) | loss: 2.638573 | lrm: 0.12 | dt: 8331.04ms | tok/sec: 125,863 | bf16_mfu: 0.00 | epoch: 1 pq: 44 rg: 41 | total time: 262.18m | eta: 13.3m
step 01897/01992 (95.23%) | loss: 2.644204 | lrm: 0.12 | dt: 8329.08ms | tok/sec: 125,893 | bf16_mfu: 0.00 | epoch: 1 pq: 44 rg: 43 | total time: 262.32m | eta: 13.2m
step 01898/01992 (95.28%) | loss: 2.635686 | lrm: 0.12 | dt: 8324.99ms | tok/sec: 125,955 | bf16_mfu: 0.00 | epoch: 1 pq: 44 rg: 45 | total time: 262.46m | eta: 13.1m
step 01899/01992 (95.33%) | loss: 2.639254 | lrm: 0.12 | dt: 8325.07ms | tok/sec: 125,954 | bf16_mfu: 0.00 | epoch: 1 pq: 44 rg: 47 | total time: 262.60m | eta: 12.9m
step 01900/01992 (95.38%) | loss: 2.632768 | lrm: 0.12 | dt: 8327.61ms | tok/sec: 125,915 | bf16_mfu: 0.00 | epoch: 1 pq: 44 rg: 49 | total time: 262.74m | eta: 12.8m
step 01901/01992 (95.43%) | loss: 2.625257 | lrm: 0.12 | dt: 8324.74ms | tok/sec: 125,958 | bf16_mfu: 0.00 | epoch: 1 pq: 44 rg: 51 | total time: 262.88m | eta: 12.7m
step 01902/01992 (95.48%) | loss: 2.634197 | lrm: 0.12 | dt: 8327.00ms | tok/sec: 125,924 | bf16_mfu: 0.00 | epoch: 1 pq: 44 rg: 53 | total time: 263.02m | eta: 12.5m
step 01903/01992 (95.53%) | loss: 2.636187 | lrm: 0.12 | dt: 8330.78ms | tok/sec: 125,867 | bf16_mfu: 0.00 | epoch: 1 pq: 44 rg: 54 | total time: 263.16m | eta: 12.4m
step 01904/01992 (95.58%) | loss: 2.630844 | lrm: 0.11 | dt: 8332.10ms | tok/sec: 125,847 | bf16_mfu: 0.00 | epoch: 1 pq: 44 rg: 56 | total time: 263.29m | eta: 12.2m
step 01905/01992 (95.63%) | loss: 2.615710 | lrm: 0.11 | dt: 8333.79ms | tok/sec: 125,822 | bf16_mfu: 0.00 | epoch: 1 pq: 44 rg: 58 | total time: 263.43m | eta: 12.1m
step 01906/01992 (95.68%) | loss: 2.611140 | lrm: 0.11 | dt: 8336.35ms | tok/sec: 125,783 | bf16_mfu: 0.00 | epoch: 1 pq: 44 rg: 60 | total time: 263.57m | eta: 12.0m
step 01907/01992 (95.73%) | loss: 2.608366 | lrm: 0.11 | dt: 8335.25ms | tok/sec: 125,800 | bf16_mfu: 0.00 | epoch: 1 pq: 44 rg: 62 | total time: 263.71m | eta: 11.8m
step 01908/01992 (95.78%) | loss: 2.608429 | lrm: 0.11 | dt: 8337.93ms | tok/sec: 125,759 | bf16_mfu: 0.00 | epoch: 1 pq: 44 rg: 64 | total time: 263.85m | eta: 11.7m
step 01909/01992 (95.83%) | loss: 2.606239 | lrm: 0.11 | dt: 8337.33ms | tok/sec: 125,768 | bf16_mfu: 0.00 | epoch: 1 pq: 44 rg: 66 | total time: 263.99m | eta: 11.5m
step 01910/01992 (95.88%) | loss: 2.600321 | lrm: 0.11 | dt: 8340.49ms | tok/sec: 125,721 | bf16_mfu: 0.00 | epoch: 1 pq: 44 rg: 68 | total time: 264.13m | eta: 11.4m
step 01911/01992 (95.93%) | loss: 2.604095 | lrm: 0.11 | dt: 8338.02ms | tok/sec: 125,758 | bf16_mfu: 0.00 | epoch: 1 pq: 44 rg: 70 | total time: 264.27m | eta: 11.3m
step 01912/01992 (95.98%) | loss: 2.594284 | lrm: 0.11 | dt: 8339.79ms | tok/sec: 125,731 | bf16_mfu: 0.00 | epoch: 1 pq: 44 rg: 72 | total time: 264.41m | eta: 11.1m
step 01913/01992 (96.03%) | loss: 2.594662 | lrm: 0.11 | dt: 8341.41ms | tok/sec: 125,707 | bf16_mfu: 0.00 | epoch: 1 pq: 44 rg: 74 | total time: 264.54m | eta: 11.0m
step 01914/01992 (96.08%) | loss: 2.590440 | lrm: 0.11 | dt: 8343.62ms | tok/sec: 125,674 | bf16_mfu: 0.00 | epoch: 1 pq: 44 rg: 76 | total time: 264.68m | eta: 10.8m
step 01915/01992 (96.13%) | loss: 2.594736 | lrm: 0.11 | dt: 8345.91ms | tok/sec: 125,639 | bf16_mfu: 0.00 | epoch: 1 pq: 44 rg: 78 | total time: 264.82m | eta: 10.7m
step 01916/01992 (96.18%) | loss: 2.592078 | lrm: 0.11 | dt: 8344.93ms | tok/sec: 125,654 | bf16_mfu: 0.00 | epoch: 1 pq: 44 rg: 80 | total time: 264.96m | eta: 10.6m
step 01917/01992 (96.23%) | loss: 2.582314 | lrm: 0.11 | dt: 8343.70ms | tok/sec: 125,672 | bf16_mfu: 0.00 | epoch: 1 pq: 44 rg: 82 | total time: 265.10m | eta: 10.4m
step 01918/01992 (96.29%) | loss: 2.587160 | lrm: 0.10 | dt: 8341.30ms | tok/sec: 125,708 | bf16_mfu: 0.00 | epoch: 1 pq: 45 rg: 1 | total time: 265.24m | eta: 10.3m
step 01919/01992 (96.34%) | loss: 2.591584 | lrm: 0.10 | dt: 8346.08ms | tok/sec: 125,636 | bf16_mfu: 0.00 | epoch: 1 pq: 45 rg: 3 | total time: 265.38m | eta: 10.1m
step 01920/01992 (96.39%) | loss: 2.591587 | lrm: 0.10 | dt: 8349.05ms | tok/sec: 125,592 | bf16_mfu: 0.00 | epoch: 1 pq: 45 rg: 5 | total time: 265.52m | eta: 10.0m
step 01921/01992 (96.44%) | loss: 2.584652 | lrm: 0.10 | dt: 8343.96ms | tok/sec: 125,668 | bf16_mfu: 0.00 | epoch: 1 pq: 45 rg: 7 | total time: 265.66m | eta: 9.9m
step 01922/01992 (96.49%) | loss: 2.585429 | lrm: 0.10 | dt: 8346.31ms | tok/sec: 125,633 | bf16_mfu: 0.00 | epoch: 1 pq: 45 rg: 8 | total time: 265.80m | eta: 9.7m
step 01923/01992 (96.54%) | loss: 2.596682 | lrm: 0.10 | dt: 8339.88ms | tok/sec: 125,730 | bf16_mfu: 0.00 | epoch: 1 pq: 45 rg: 10 | total time: 265.94m | eta: 9.6m
step 01924/01992 (96.59%) | loss: 2.594978 | lrm: 0.10 | dt: 8338.83ms | tok/sec: 125,746 | bf16_mfu: 0.00 | epoch: 1 pq: 45 rg: 12 | total time: 266.07m | eta: 9.5m
step 01925/01992 (96.64%) | loss: 2.589575 | lrm: 0.10 | dt: 8334.07ms | tok/sec: 125,818 | bf16_mfu: 0.00 | epoch: 1 pq: 45 rg: 14 | total time: 266.21m | eta: 9.3m
step 01926/01992 (96.69%) | loss: 2.594664 | lrm: 0.10 | dt: 8336.65ms | tok/sec: 125,779 | bf16_mfu: 0.00 | epoch: 1 pq: 45 rg: 16 | total time: 266.35m | eta: 9.2m
step 01927/01992 (96.74%) | loss: 2.584411 | lrm: 0.10 | dt: 8332.31ms | tok/sec: 125,844 | bf16_mfu: 0.00 | epoch: 1 pq: 45 rg: 18 | total time: 266.49m | eta: 9.0m
step 01928/01992 (96.79%) | loss: 2.578510 | lrm: 0.10 | dt: 8330.42ms | tok/sec: 125,873 | bf16_mfu: 0.00 | epoch: 1 pq: 45 rg: 20 | total time: 266.63m | eta: 8.9m
step 01929/01992 (96.84%) | loss: 2.579704 | lrm: 0.10 | dt: 8334.92ms | tok/sec: 125,805 | bf16_mfu: 0.00 | epoch: 1 pq: 45 rg: 22 | total time: 266.77m | eta: 8.8m
step 01930/01992 (96.89%) | loss: 2.583646 | lrm: 0.10 | dt: 8335.08ms | tok/sec: 125,802 | bf16_mfu: 0.00 | epoch: 1 pq: 45 rg: 24 | total time: 266.91m | eta: 8.6m
step 01931/01992 (96.94%) | loss: 2.585857 | lrm: 0.09 | dt: 8335.15ms | tok/sec: 125,801 | bf16_mfu: 0.00 | epoch: 1 pq: 45 rg: 26 | total time: 267.05m | eta: 8.5m
step 01932/01992 (96.99%) | loss: 2.597729 | lrm: 0.09 | dt: 8336.60ms | tok/sec: 125,779 | bf16_mfu: 0.00 | epoch: 1 pq: 45 rg: 28 | total time: 267.19m | eta: 8.3m
step 01933/01992 (97.04%) | loss: 2.607560 | lrm: 0.09 | dt: 8337.54ms | tok/sec: 125,765 | bf16_mfu: 0.00 | epoch: 1 pq: 45 rg: 30 | total time: 267.32m | eta: 8.2m
step 01934/01992 (97.09%) | loss: 2.609536 | lrm: 0.09 | dt: 8337.31ms | tok/sec: 125,769 | bf16_mfu: 0.00 | epoch: 1 pq: 45 rg: 32 | total time: 267.46m | eta: 8.1m
step 01935/01992 (97.14%) | loss: 2.604202 | lrm: 0.09 | dt: 8339.02ms | tok/sec: 125,743 | bf16_mfu: 0.00 | epoch: 1 pq: 45 rg: 34 | total time: 267.60m | eta: 7.9m
step 01936/01992 (97.19%) | loss: 2.609066 | lrm: 0.09 | dt: 8335.71ms | tok/sec: 125,793 | bf16_mfu: 0.00 | epoch: 1 pq: 45 rg: 36 | total time: 267.74m | eta: 7.8m
step 01937/01992 (97.24%) | loss: 2.599668 | lrm: 0.09 | dt: 8337.68ms | tok/sec: 125,763 | bf16_mfu: 0.00 | epoch: 1 pq: 45 rg: 37 | total time: 267.88m | eta: 7.6m
step 01938/01992 (97.29%) | loss: 2.610773 | lrm: 0.09 | dt: 8340.61ms | tok/sec: 125,719 | bf16_mfu: 0.00 | epoch: 1 pq: 45 rg: 39 | total time: 268.02m | eta: 7.5m
step 01939/01992 (97.34%) | loss: 2.601565 | lrm: 0.09 | dt: 8339.89ms | tok/sec: 125,730 | bf16_mfu: 0.00 | epoch: 1 pq: 45 rg: 41 | total time: 268.16m | eta: 7.4m
step 01940/01992 (97.39%) | loss: 2.602938 | lrm: 0.09 | dt: 8344.39ms | tok/sec: 125,662 | bf16_mfu: 0.00 | epoch: 1 pq: 45 rg: 43 | total time: 268.30m | eta: 7.2m
step 01941/01992 (97.44%) | loss: 2.602772 | lrm: 0.09 | dt: 8344.17ms | tok/sec: 125,665 | bf16_mfu: 0.00 | epoch: 1 pq: 45 rg: 45 | total time: 268.44m | eta: 7.1m
step 01942/01992 (97.49%) | loss: 2.602275 | lrm: 0.09 | dt: 8346.63ms | tok/sec: 125,628 | bf16_mfu: 0.00 | epoch: 1 pq: 45 rg: 47 | total time: 268.58m | eta: 7.0m
step 01943/01992 (97.54%) | loss: 2.592989 | lrm: 0.09 | dt: 8346.19ms | tok/sec: 125,635 | bf16_mfu: 0.00 | epoch: 1 pq: 45 rg: 49 | total time: 268.71m | eta: 6.8m
step 01944/01992 (97.59%) | loss: 2.597099 | lrm: 0.09 | dt: 8344.54ms | tok/sec: 125,660 | bf16_mfu: 0.00 | epoch: 1 pq: 45 rg: 51 | total time: 268.85m | eta: 6.7m
step 01945/01992 (97.64%) | loss: 2.604342 | lrm: 0.08 | dt: 8339.28ms | tok/sec: 125,739 | bf16_mfu: 0.00 | epoch: 1 pq: 45 rg: 53 | total time: 268.99m | eta: 6.5m
step 01946/01992 (97.69%) | loss: 2.608092 | lrm: 0.08 | dt: 8341.42ms | tok/sec: 125,707 | bf16_mfu: 0.00 | epoch: 1 pq: 45 rg: 55 | total time: 269.13m | eta: 6.4m
step 01947/01992 (97.74%) | loss: 2.614136 | lrm: 0.08 | dt: 8338.13ms | tok/sec: 125,756 | bf16_mfu: 0.00 | epoch: 1 pq: 45 rg: 57 | total time: 269.27m | eta: 6.3m
step 01948/01992 (97.79%) | loss: 2.614727 | lrm: 0.08 | dt: 8338.62ms | tok/sec: 125,749 | bf16_mfu: 0.00 | epoch: 1 pq: 45 rg: 59 | total time: 269.41m | eta: 6.1m
step 01949/01992 (97.84%) | loss: 2.608905 | lrm: 0.08 | dt: 8341.88ms | tok/sec: 125,700 | bf16_mfu: 0.00 | epoch: 1 pq: 45 rg: 61 | total time: 269.55m | eta: 6.0m
step 01950/01992 (97.89%) | loss: 2.606416 | lrm: 0.08 | dt: 8340.64ms | tok/sec: 125,718 | bf16_mfu: 0.00 | epoch: 1 pq: 45 rg: 63 | total time: 269.69m | eta: 5.8m
step 01951/01992 (97.94%) | loss: 2.600405 | lrm: 0.08 | dt: 8341.27ms | tok/sec: 125,709 | bf16_mfu: 0.00 | epoch: 1 pq: 45 rg: 65 | total time: 269.83m | eta: 5.7m
step 01952/01992 (97.99%) | loss: 2.603676 | lrm: 0.08 | dt: 8342.50ms | tok/sec: 125,690 | bf16_mfu: 0.00 | epoch: 1 pq: 45 rg: 67 | total time: 269.97m | eta: 5.6m
step 01953/01992 (98.04%) | loss: 2.617308 | lrm: 0.08 | dt: 8342.14ms | tok/sec: 125,696 | bf16_mfu: 0.00 | epoch: 1 pq: 45 rg: 69 | total time: 270.11m | eta: 5.4m
step 01954/01992 (98.09%) | loss: 2.619434 | lrm: 0.08 | dt: 8338.72ms | tok/sec: 125,747 | bf16_mfu: 0.00 | epoch: 1 pq: 45 rg: 70 | total time: 270.24m | eta: 5.3m
step 01955/01992 (98.14%) | loss: 2.618015 | lrm: 0.08 | dt: 8333.60ms | tok/sec: 125,825 | bf16_mfu: 0.00 | epoch: 1 pq: 45 rg: 72 | total time: 270.38m | eta: 5.1m
step 01956/01992 (98.19%) | loss: 2.614980 | lrm: 0.08 | dt: 8338.04ms | tok/sec: 125,758 | bf16_mfu: 0.00 | epoch: 1 pq: 45 rg: 74 | total time: 270.52m | eta: 5.0m
step 01957/01992 (98.24%) | loss: 2.617301 | lrm: 0.08 | dt: 8339.61ms | tok/sec: 125,734 | bf16_mfu: 0.00 | epoch: 1 pq: 45 rg: 76 | total time: 270.66m | eta: 4.9m
step 01958/01992 (98.29%) | loss: 2.616569 | lrm: 0.07 | dt: 8339.21ms | tok/sec: 125,740 | bf16_mfu: 0.00 | epoch: 1 pq: 45 rg: 78 | total time: 270.80m | eta: 4.7m
step 01959/01992 (98.34%) | loss: 2.610928 | lrm: 0.07 | dt: 8338.31ms | tok/sec: 125,753 | bf16_mfu: 0.00 | epoch: 1 pq: 45 rg: 80 | total time: 270.94m | eta: 4.6m
step 01960/01992 (98.39%) | loss: 2.604019 | lrm: 0.07 | dt: 8333.50ms | tok/sec: 125,826 | bf16_mfu: 0.00 | epoch: 1 pq: 46 rg: 1 | total time: 271.08m | eta: 4.4m
step 01961/01992 (98.44%) | loss: 2.607667 | lrm: 0.07 | dt: 8334.79ms | tok/sec: 125,807 | bf16_mfu: 0.00 | epoch: 1 pq: 46 rg: 3 | total time: 271.22m | eta: 4.3m
step 01962/01992 (98.49%) | loss: 2.603684 | lrm: 0.07 | dt: 8334.71ms | tok/sec: 125,808 | bf16_mfu: 0.00 | epoch: 1 pq: 46 rg: 5 | total time: 271.36m | eta: 4.2m
step 01963/01992 (98.54%) | loss: 2.611159 | lrm: 0.07 | dt: 8336.85ms | tok/sec: 125,775 | bf16_mfu: 0.00 | epoch: 1 pq: 46 rg: 7 | total time: 271.49m | eta: 4.0m
step 01964/01992 (98.59%) | loss: 2.608757 | lrm: 0.07 | dt: 8341.72ms | tok/sec: 125,702 | bf16_mfu: 0.00 | epoch: 1 pq: 46 rg: 9 | total time: 271.63m | eta: 3.9m
step 01965/01992 (98.64%) | loss: 2.612461 | lrm: 0.07 | dt: 8341.45ms | tok/sec: 125,706 | bf16_mfu: 0.00 | epoch: 1 pq: 46 rg: 11 | total time: 271.77m | eta: 3.8m
step 01966/01992 (98.69%) | loss: 2.613903 | lrm: 0.07 | dt: 8344.21ms | tok/sec: 125,665 | bf16_mfu: 0.00 | epoch: 1 pq: 46 rg: 13 | total time: 271.91m | eta: 3.6m
step 01967/01992 (98.74%) | loss: 2.614745 | lrm: 0.07 | dt: 8339.20ms | tok/sec: 125,740 | bf16_mfu: 0.00 | epoch: 1 pq: 46 rg: 15 | total time: 272.05m | eta: 3.5m
step 01968/01992 (98.80%) | loss: 2.618765 | lrm: 0.07 | dt: 8343.48ms | tok/sec: 125,676 | bf16_mfu: 0.00 | epoch: 1 pq: 46 rg: 17 | total time: 272.19m | eta: 3.3m
step 01969/01992 (98.85%) | loss: 2.615289 | lrm: 0.07 | dt: 8338.69ms | tok/sec: 125,748 | bf16_mfu: 0.00 | epoch: 1 pq: 46 rg: 19 | total time: 272.33m | eta: 3.2m
step 01970/01992 (98.90%) | loss: 2.616336 | lrm: 0.07 | dt: 8342.89ms | tok/sec: 125,684 | bf16_mfu: 0.00 | epoch: 1 pq: 46 rg: 20 | total time: 272.47m | eta: 3.1m
step 01971/01992 (98.95%) | loss: 2.619572 | lrm: 0.07 | dt: 8339.43ms | tok/sec: 125,737 | bf16_mfu: 0.00 | epoch: 1 pq: 46 rg: 22 | total time: 272.61m | eta: 2.9m
step 01972/01992 (99.00%) | loss: 2.621841 | lrm: 0.06 | dt: 8343.69ms | tok/sec: 125,672 | bf16_mfu: 0.00 | epoch: 1 pq: 46 rg: 24 | total time: 272.75m | eta: 2.8m
step 01973/01992 (99.05%) | loss: 2.616027 | lrm: 0.06 | dt: 8347.71ms | tok/sec: 125,612 | bf16_mfu: 0.00 | epoch: 1 pq: 46 rg: 26 | total time: 272.88m | eta: 2.6m
step 01974/01992 (99.10%) | loss: 2.606862 | lrm: 0.06 | dt: 8346.60ms | tok/sec: 125,629 | bf16_mfu: 0.00 | epoch: 1 pq: 46 rg: 28 | total time: 273.02m | eta: 2.5m
step 01975/01992 (99.15%) | loss: 2.613802 | lrm: 0.06 | dt: 8343.51ms | tok/sec: 125,675 | bf16_mfu: 0.00 | epoch: 1 pq: 46 rg: 30 | total time: 273.16m | eta: 2.4m
step 01976/01992 (99.20%) | loss: 2.621214 | lrm: 0.06 | dt: 8346.01ms | tok/sec: 125,638 | bf16_mfu: 0.00 | epoch: 1 pq: 46 rg: 32 | total time: 273.30m | eta: 2.2m
step 01977/01992 (99.25%) | loss: 2.616485 | lrm: 0.06 | dt: 8343.55ms | tok/sec: 125,675 | bf16_mfu: 0.00 | epoch: 1 pq: 46 rg: 34 | total time: 273.44m | eta: 2.1m
step 01978/01992 (99.30%) | loss: 2.626632 | lrm: 0.06 | dt: 8343.19ms | tok/sec: 125,680 | bf16_mfu: 0.00 | epoch: 1 pq: 46 rg: 36 | total time: 273.58m | eta: 1.9m
step 01979/01992 (99.35%) | loss: 2.614786 | lrm: 0.06 | dt: 8342.33ms | tok/sec: 125,693 | bf16_mfu: 0.00 | epoch: 1 pq: 46 rg: 38 | total time: 273.72m | eta: 1.8m
step 01980/01992 (99.40%) | loss: 2.625530 | lrm: 0.06 | dt: 8343.46ms | tok/sec: 125,676 | bf16_mfu: 0.00 | epoch: 1 pq: 46 rg: 40 | total time: 273.86m | eta: 1.7m
step 01981/01992 (99.45%) | loss: 2.623478 | lrm: 0.06 | dt: 8345.42ms | tok/sec: 125,646 | bf16_mfu: 0.00 | epoch: 1 pq: 46 rg: 42 | total time: 274.00m | eta: 1.5m
step 01982/01992 (99.50%) | loss: 2.624469 | lrm: 0.06 | dt: 8350.10ms | tok/sec: 125,576 | bf16_mfu: 0.00 | epoch: 1 pq: 46 rg: 44 | total time: 274.14m | eta: 1.4m
step 01983/01992 (99.55%) | loss: 2.624819 | lrm: 0.06 | dt: 8351.42ms | tok/sec: 125,556 | bf16_mfu: 0.00 | epoch: 1 pq: 46 rg: 46 | total time: 274.28m | eta: 1.3m
step 01984/01992 (99.60%) | loss: 2.614203 | lrm: 0.06 | dt: 8344.03ms | tok/sec: 125,667 | bf16_mfu: 0.00 | epoch: 1 pq: 46 rg: 47 | total time: 274.41m | eta: 1.1m
step 01985/01992 (99.65%) | loss: 2.630305 | lrm: 0.06 | dt: 8342.66ms | tok/sec: 125,688 | bf16_mfu: 0.00 | epoch: 1 pq: 46 rg: 49 | total time: 274.55m | eta: 1.0m
step 01986/01992 (99.70%) | loss: 2.628166 | lrm: 0.05 | dt: 8346.37ms | tok/sec: 125,632 | bf16_mfu: 0.00 | epoch: 1 pq: 46 rg: 51 | total time: 274.69m | eta: 0.8m
step 01987/01992 (99.75%) | loss: 2.624520 | lrm: 0.05 | dt: 8341.56ms | tok/sec: 125,705 | bf16_mfu: 0.00 | epoch: 1 pq: 46 rg: 53 | total time: 274.83m | eta: 0.7m
step 01988/01992 (99.80%) | loss: 2.600790 | lrm: 0.05 | dt: 8342.36ms | tok/sec: 125,692 | bf16_mfu: 0.00 | epoch: 1 pq: 46 rg: 55 | total time: 274.97m | eta: 0.6m
step 01989/01992 (99.85%) | loss: 2.583365 | lrm: 0.05 | dt: 8340.91ms | tok/sec: 125,714 | bf16_mfu: 0.00 | epoch: 1 pq: 46 rg: 57 | total time: 275.11m | eta: 0.4m
step 01990/01992 (99.90%) | loss: 2.590475 | lrm: 0.05 | dt: 8345.82ms | tok/sec: 125,640 | bf16_mfu: 0.00 | epoch: 1 pq: 46 rg: 59 | total time: 275.25m | eta: 0.3m
step 01991/01992 (99.95%) | loss: 2.598574 | lrm: 0.05 | dt: 8341.87ms | tok/sec: 125,700 | bf16_mfu: 0.00 | epoch: 1 pq: 46 rg: 61 | total time: 275.39m | eta: 0.1m
Step 01992 | Validation bpb: 0.797053
2026-09-23 00:45:26,120 - nanochat.checkpoint_manager - [32m[1mINFO[0m - Saved model parameters to: /home/neo/.cache/nanochat/base_checkpoints/looped_d20_B12_lr1_h0.4_s0/model_001992.pt
2026-09-23 00:45:26,120 - nanochat.checkpoint_manager - [32m[1mINFO[0m - Saved metadata to: /home/neo/.cache/nanochat/base_checkpoints/looped_d20_B12_lr1_h0.4_s0/meta_001992.json
Peak memory usage: 46446.68MiB
Total training time: 275.39m
Minimum validation bpb: 0.797053
Appended results row to results/looped_results.csv (diverged=0), log: results/logs/looped_d20_B12_lr1_h0.4_s0_20260922_195141.jsonl
