
                                                       █████                █████
                                                      ░░███                ░░███
     ████████    ██████   ████████    ██████   ██████  ░███████    ██████  ███████
    ░░███░░███  ░░░░░███ ░░███░░███  ███░░███ ███░░███ ░███░░███  ░░░░░███░░░███░
     ░███ ░███   ███████  ░███ ░███ ░███ ░███░███ ░░░  ░███ ░███   ███████  ░███
     ░███ ░███  ███░░███  ░███ ░███ ░███ ░███░███  ███ ░███ ░███  ███░░███  ░███ ███
     ████ █████░░████████ ████ █████░░██████ ░░██████  ████ █████░░███████  ░░█████
    ░░░░ ░░░░░  ░░░░░░░░ ░░░░ ░░░░░  ░░░░░░   ░░░░░░  ░░░░ ░░░░░  ░░░░░░░░   ░░░░░
    
Autodetected device type: cuda
2026-09-21 19:37:14,802 - nanochat.common - [32m[1mINFO[0m - Distributed world size: 1
2026-09-21 19:37:14,803 - nanochat.common - [33m[1mWARNING[0m - Peak flops undefined for: NVIDIA RTX PRO 6000 Blackwell Workstation Edition, MFU will show as 0%
GPU: NVIDIA RTX PRO 6000 Blackwell Workstation Edition | Peak FLOPS (BF16): inf
COMPUTE_DTYPE: torch.bfloat16 (auto-detected: CUDA SM 120 (bf16 supported))
!!!!!!!!!!!!!!!!!!!!!!!!!!!!!!!!!!!!!!!!!!!!!!!!!!!!!!!!!!!!!!!!!!!!!!!!!!!!!!!!
WARNING: Flash Attention 3 not available, using PyTorch SDPA fallback
WARNING: Training will be less efficient without FA3
!!!!!!!!!!!!!!!!!!!!!!!!!!!!!!!!!!!!!!!!!!!!!!!!!!!!!!!!!!!!!!!!!!!!!!!!!!!!!!!!
Vocab size: 32,768
Model config:
{
  "sequence_len": 2048,
  "vocab_size": 32768,
  "n_layer": 6,
  "n_head": 6,
  "n_kv_head": 6,
  "n_embd": 768,
  "window_pattern": "L",
  "n_prelude": 2,
  "n_core": 2,
  "n_coda": 2,
  "n_loop": 4
}
Parameter counts:
wte                     : 25,165,824
value_embeds            : 75,497,472
lm_head                 : 25,165,824
transformer_matrices    : 42,467,544
scalars                 : 38
total                   : 168,296,702
unique_layers           : 6
effective_layers        : 12
Estimated FLOPs per token: 8.870980e+08
Horizon and derived hyperparameters use reference layout 12: 110,100,912 scaling params (this model: 67,633,368)
Auto-computed optimal batch size: 524,288 tokens
Scaling the LR for the AdamW parameters ∝1/√(768/768) = 1.000000
Calculated number of iterations from target data:param ratio: 2,520
Total number of training tokens: 1,321,205,760
Tokens : Scaling params ratio: 19.53
Total training FLOPs estimate: 1.172039e+18
Parameter table:
  unique block params                     : 42,467,544
  lm_head                                 : 25,165,824
  wte                                     : 25,165,824
  value embed params (lookups, no FLOPs)  : 75,497,472
  scalars                                 : 38
  unique layers U                         : 6
  effective layers E                      : 12
  FLOPs per token                         : 887,098,032
Tokens / micro-batch / rank: 32 x 2048 = 65,536
Tokens / micro-batch: 65,536
Total batch size 524,288 => gradient accumulation steps: 8
Step 00000 | Validation bpb: 3.171329
step 00000/02520 (0.00%) | loss: 10.398009 | lrm: 0.03 | dt: 2865.42ms | tok/sec: 182,970 | bf16_mfu: 0.00 | epoch: 1 pq: 0 rg: 1 | total time: 0.00m
step 00001/02520 (0.04%) | loss: 10.385415 | lrm: 0.05 | dt: 1908.90ms | tok/sec: 274,655 | bf16_mfu: 0.00 | epoch: 1 pq: 0 rg: 2 | total time: 0.00m
step 00002/02520 (0.08%) | loss: 10.363303 | lrm: 0.07 | dt: 1922.85ms | tok/sec: 272,661 | bf16_mfu: 0.00 | epoch: 1 pq: 0 rg: 3 | total time: 0.00m
step 00003/02520 (0.12%) | loss: 10.328695 | lrm: 0.10 | dt: 1923.81ms | tok/sec: 272,525 | bf16_mfu: 0.00 | epoch: 1 pq: 0 rg: 4 | total time: 0.00m
step 00004/02520 (0.16%) | loss: 10.276362 | lrm: 0.12 | dt: 1921.46ms | tok/sec: 272,858 | bf16_mfu: 0.00 | epoch: 1 pq: 0 rg: 5 | total time: 0.00m
step 00005/02520 (0.20%) | loss: 10.186436 | lrm: 0.15 | dt: 1918.93ms | tok/sec: 273,218 | bf16_mfu: 0.00 | epoch: 1 pq: 0 rg: 6 | total time: 0.00m
step 00006/02520 (0.24%) | loss: 10.030727 | lrm: 0.17 | dt: 1919.44ms | tok/sec: 273,145 | bf16_mfu: 0.00 | epoch: 1 pq: 0 rg: 7 | total time: 0.00m
step 00007/02520 (0.28%) | loss: 9.764768 | lrm: 0.20 | dt: 1920.36ms | tok/sec: 273,014 | bf16_mfu: 0.00 | epoch: 1 pq: 0 rg: 8 | total time: 0.00m
step 00008/02520 (0.32%) | loss: 9.480546 | lrm: 0.23 | dt: 1918.83ms | tok/sec: 273,233 | bf16_mfu: 0.00 | epoch: 1 pq: 0 rg: 10 | total time: 0.00m
step 00009/02520 (0.36%) | loss: 9.223003 | lrm: 0.25 | dt: 1921.17ms | tok/sec: 272,900 | bf16_mfu: 0.00 | epoch: 1 pq: 0 rg: 11 | total time: 0.00m
step 00010/02520 (0.40%) | loss: 8.986344 | lrm: 0.28 | dt: 1922.42ms | tok/sec: 272,723 | bf16_mfu: 0.00 | epoch: 1 pq: 0 rg: 12 | total time: 0.00m
step 00011/02520 (0.44%) | loss: 8.762866 | lrm: 0.30 | dt: 1924.00ms | tok/sec: 272,499 | bf16_mfu: 0.00 | epoch: 1 pq: 0 rg: 13 | total time: 0.03m | eta: 80.5m
step 00012/02520 (0.48%) | loss: 8.558461 | lrm: 0.33 | dt: 1929.73ms | tok/sec: 271,689 | bf16_mfu: 0.00 | epoch: 1 pq: 0 rg: 14 | total time: 0.06m | eta: 80.5m
step 00013/02520 (0.52%) | loss: 8.353210 | lrm: 0.35 | dt: 1931.26ms | tok/sec: 271,474 | bf16_mfu: 0.00 | epoch: 1 pq: 0 rg: 15 | total time: 0.10m | eta: 80.6m
step 00014/02520 (0.56%) | loss: 8.163872 | lrm: 0.38 | dt: 1933.11ms | tok/sec: 271,214 | bf16_mfu: 0.00 | epoch: 1 pq: 0 rg: 16 | total time: 0.13m | eta: 80.6m
step 00015/02520 (0.60%) | loss: 7.972372 | lrm: 0.40 | dt: 1934.74ms | tok/sec: 270,986 | bf16_mfu: 0.00 | epoch: 1 pq: 0 rg: 17 | total time: 0.16m | eta: 80.6m
step 00016/02520 (0.63%) | loss: 7.787332 | lrm: 0.42 | dt: 1935.17ms | tok/sec: 270,925 | bf16_mfu: 0.00 | epoch: 1 pq: 0 rg: 18 | total time: 0.19m | eta: 80.6m
step 00017/02520 (0.67%) | loss: 7.626238 | lrm: 0.45 | dt: 1936.03ms | tok/sec: 270,805 | bf16_mfu: 0.00 | epoch: 1 pq: 0 rg: 19 | total time: 0.23m | eta: 80.6m
step 00018/02520 (0.71%) | loss: 7.478615 | lrm: 0.47 | dt: 1937.12ms | tok/sec: 270,652 | bf16_mfu: 0.00 | epoch: 1 pq: 0 rg: 20 | total time: 0.26m | eta: 80.6m
step 00019/02520 (0.75%) | loss: 7.345606 | lrm: 0.50 | dt: 1937.83ms | tok/sec: 270,554 | bf16_mfu: 0.00 | epoch: 1 pq: 0 rg: 21 | total time: 0.29m | eta: 80.6m
step 00020/02520 (0.79%) | loss: 7.221379 | lrm: 0.53 | dt: 1939.76ms | tok/sec: 270,284 | bf16_mfu: 0.00 | epoch: 1 pq: 0 rg: 22 | total time: 0.32m | eta: 80.6m
step 00021/02520 (0.83%) | loss: 7.097578 | lrm: 0.55 | dt: 1940.81ms | tok/sec: 270,139 | bf16_mfu: 0.00 | epoch: 1 pq: 0 rg: 23 | total time: 0.35m | eta: 80.6m
step 00022/02520 (0.87%) | loss: 6.994101 | lrm: 0.57 | dt: 1940.24ms | tok/sec: 270,218 | bf16_mfu: 0.00 | epoch: 1 pq: 0 rg: 24 | total time: 0.39m | eta: 80.6m
step 00023/02520 (0.91%) | loss: 6.890654 | lrm: 0.60 | dt: 1941.65ms | tok/sec: 270,022 | bf16_mfu: 0.00 | epoch: 1 pq: 0 rg: 26 | total time: 0.42m | eta: 80.5m
step 00024/02520 (0.95%) | loss: 6.796696 | lrm: 0.62 | dt: 1942.89ms | tok/sec: 269,849 | bf16_mfu: 0.00 | epoch: 1 pq: 0 rg: 27 | total time: 0.45m | eta: 80.5m
step 00025/02520 (0.99%) | loss: 6.708752 | lrm: 0.65 | dt: 1942.73ms | tok/sec: 269,871 | bf16_mfu: 0.00 | epoch: 1 pq: 0 rg: 28 | total time: 0.48m | eta: 80.5m
step 00026/02520 (1.03%) | loss: 6.627332 | lrm: 0.68 | dt: 1943.17ms | tok/sec: 269,810 | bf16_mfu: 0.00 | epoch: 1 pq: 0 rg: 29 | total time: 0.52m | eta: 80.5m
step 00027/02520 (1.07%) | loss: 6.545512 | lrm: 0.70 | dt: 1943.00ms | tok/sec: 269,834 | bf16_mfu: 0.00 | epoch: 1 pq: 0 rg: 30 | total time: 0.55m | eta: 80.5m
step 00028/02520 (1.11%) | loss: 6.476324 | lrm: 0.72 | dt: 1945.75ms | tok/sec: 269,452 | bf16_mfu: 0.00 | epoch: 1 pq: 0 rg: 31 | total time: 0.58m | eta: 80.5m
step 00029/02520 (1.15%) | loss: 6.421890 | lrm: 0.75 | dt: 1944.90ms | tok/sec: 269,570 | bf16_mfu: 0.00 | epoch: 1 pq: 0 rg: 32 | total time: 0.61m | eta: 80.5m
step 00030/02520 (1.19%) | loss: 6.361798 | lrm: 0.78 | dt: 1945.68ms | tok/sec: 269,463 | bf16_mfu: 0.00 | epoch: 1 pq: 0 rg: 33 | total time: 0.65m | eta: 80.4m
step 00031/02520 (1.23%) | loss: 6.310610 | lrm: 0.80 | dt: 1946.79ms | tok/sec: 269,308 | bf16_mfu: 0.00 | epoch: 1 pq: 0 rg: 34 | total time: 0.68m | eta: 80.4m
step 00032/02520 (1.27%) | loss: 6.255688 | lrm: 0.82 | dt: 1947.30ms | tok/sec: 269,237 | bf16_mfu: 0.00 | epoch: 1 pq: 0 rg: 35 | total time: 0.71m | eta: 80.4m
step 00033/02520 (1.31%) | loss: 6.206914 | lrm: 0.85 | dt: 1947.59ms | tok/sec: 269,198 | bf16_mfu: 0.00 | epoch: 1 pq: 0 rg: 36 | total time: 0.74m | eta: 80.4m
step 00034/02520 (1.35%) | loss: 6.155063 | lrm: 0.88 | dt: 1949.85ms | tok/sec: 268,886 | bf16_mfu: 0.00 | epoch: 1 pq: 0 rg: 37 | total time: 0.78m | eta: 80.4m
step 00035/02520 (1.39%) | loss: 6.110457 | lrm: 0.90 | dt: 1949.54ms | tok/sec: 268,929 | bf16_mfu: 0.00 | epoch: 1 pq: 0 rg: 38 | total time: 0.81m | eta: 80.4m
step 00036/02520 (1.43%) | loss: 6.073068 | lrm: 0.93 | dt: 1948.68ms | tok/sec: 269,047 | bf16_mfu: 0.00 | epoch: 1 pq: 0 rg: 39 | total time: 0.84m | eta: 80.3m
step 00037/02520 (1.47%) | loss: 6.033395 | lrm: 0.95 | dt: 1948.57ms | tok/sec: 269,063 | bf16_mfu: 0.00 | epoch: 1 pq: 0 rg: 40 | total time: 0.87m | eta: 80.3m
step 00038/02520 (1.51%) | loss: 5.993094 | lrm: 0.97 | dt: 1950.61ms | tok/sec: 268,781 | bf16_mfu: 0.00 | epoch: 1 pq: 0 rg: 41 | total time: 0.91m | eta: 80.3m
step 00039/02520 (1.55%) | loss: 5.948905 | lrm: 1.00 | dt: 1951.62ms | tok/sec: 268,642 | bf16_mfu: 0.00 | epoch: 1 pq: 0 rg: 42 | total time: 0.94m | eta: 80.3m
step 00040/02520 (1.59%) | loss: 5.914001 | lrm: 1.00 | dt: 1950.57ms | tok/sec: 268,787 | bf16_mfu: 0.00 | epoch: 1 pq: 0 rg: 43 | total time: 0.97m | eta: 80.3m
step 00041/02520 (1.63%) | loss: 5.882855 | lrm: 1.00 | dt: 1950.46ms | tok/sec: 268,802 | bf16_mfu: 0.00 | epoch: 1 pq: 0 rg: 44 | total time: 1.00m | eta: 80.2m
step 00042/02520 (1.67%) | loss: 5.861102 | lrm: 1.00 | dt: 1952.15ms | tok/sec: 268,569 | bf16_mfu: 0.00 | epoch: 1 pq: 0 rg: 44 | total time: 1.04m | eta: 80.2m
step 00043/02520 (1.71%) | loss: 5.833476 | lrm: 1.00 | dt: 1951.58ms | tok/sec: 268,647 | bf16_mfu: 0.00 | epoch: 1 pq: 0 rg: 45 | total time: 1.07m | eta: 80.2m
step 00044/02520 (1.75%) | loss: 5.791454 | lrm: 1.00 | dt: 1952.39ms | tok/sec: 268,536 | bf16_mfu: 0.00 | epoch: 1 pq: 0 rg: 46 | total time: 1.10m | eta: 80.2m
step 00045/02520 (1.79%) | loss: 5.752060 | lrm: 1.00 | dt: 1952.89ms | tok/sec: 268,467 | bf16_mfu: 0.00 | epoch: 1 pq: 0 rg: 47 | total time: 1.13m | eta: 80.2m
step 00046/02520 (1.83%) | loss: 5.720098 | lrm: 1.00 | dt: 1953.26ms | tok/sec: 268,416 | bf16_mfu: 0.00 | epoch: 1 pq: 0 rg: 48 | total time: 1.17m | eta: 80.1m
step 00047/02520 (1.87%) | loss: 5.687729 | lrm: 1.00 | dt: 1953.03ms | tok/sec: 268,448 | bf16_mfu: 0.00 | epoch: 1 pq: 0 rg: 49 | total time: 1.20m | eta: 80.1m
step 00048/02520 (1.90%) | loss: 5.654067 | lrm: 1.00 | dt: 1954.01ms | tok/sec: 268,313 | bf16_mfu: 0.00 | epoch: 1 pq: 0 rg: 50 | total time: 1.23m | eta: 80.1m
step 00049/02520 (1.94%) | loss: 5.622216 | lrm: 1.00 | dt: 1955.86ms | tok/sec: 268,059 | bf16_mfu: 0.00 | epoch: 1 pq: 0 rg: 51 | total time: 1.26m | eta: 80.1m
step 00050/02520 (1.98%) | loss: 5.590589 | lrm: 1.00 | dt: 1954.20ms | tok/sec: 268,287 | bf16_mfu: 0.00 | epoch: 1 pq: 0 rg: 52 | total time: 1.30m | eta: 80.1m
step 00051/02520 (2.02%) | loss: 5.555905 | lrm: 1.00 | dt: 1954.63ms | tok/sec: 268,228 | bf16_mfu: 0.00 | epoch: 1 pq: 0 rg: 53 | total time: 1.33m | eta: 80.0m
step 00052/02520 (2.06%) | loss: 5.530360 | lrm: 1.00 | dt: 1953.89ms | tok/sec: 268,330 | bf16_mfu: 0.00 | epoch: 1 pq: 0 rg: 54 | total time: 1.36m | eta: 80.0m
step 00053/02520 (2.10%) | loss: 5.496883 | lrm: 1.00 | dt: 1954.34ms | tok/sec: 268,268 | bf16_mfu: 0.00 | epoch: 1 pq: 0 rg: 55 | total time: 1.39m | eta: 80.0m
step 00054/02520 (2.14%) | loss: 5.465692 | lrm: 1.00 | dt: 1955.82ms | tok/sec: 268,065 | bf16_mfu: 0.00 | epoch: 1 pq: 0 rg: 56 | total time: 1.43m | eta: 80.0m
step 00055/02520 (2.18%) | loss: 5.448277 | lrm: 1.00 | dt: 1956.26ms | tok/sec: 268,005 | bf16_mfu: 0.00 | epoch: 1 pq: 0 rg: 57 | total time: 1.46m | eta: 79.9m
step 00056/02520 (2.22%) | loss: 5.423366 | lrm: 1.00 | dt: 1955.81ms | tok/sec: 268,066 | bf16_mfu: 0.00 | epoch: 1 pq: 0 rg: 58 | total time: 1.49m | eta: 79.9m
step 00057/02520 (2.26%) | loss: 5.396308 | lrm: 1.00 | dt: 1957.20ms | tok/sec: 267,875 | bf16_mfu: 0.00 | epoch: 1 pq: 0 rg: 59 | total time: 1.52m | eta: 79.9m
step 00058/02520 (2.30%) | loss: 5.368449 | lrm: 1.00 | dt: 1955.52ms | tok/sec: 268,106 | bf16_mfu: 0.00 | epoch: 1 pq: 0 rg: 60 | total time: 1.56m | eta: 79.9m
step 00059/02520 (2.34%) | loss: 5.346659 | lrm: 1.00 | dt: 1956.75ms | tok/sec: 267,938 | bf16_mfu: 0.00 | epoch: 1 pq: 0 rg: 61 | total time: 1.59m | eta: 79.8m
step 00060/02520 (2.38%) | loss: 5.307943 | lrm: 1.00 | dt: 1955.57ms | tok/sec: 268,099 | bf16_mfu: 0.00 | epoch: 1 pq: 0 rg: 62 | total time: 1.62m | eta: 79.8m
step 00061/02520 (2.42%) | loss: 5.274472 | lrm: 1.00 | dt: 1955.78ms | tok/sec: 268,071 | bf16_mfu: 0.00 | epoch: 1 pq: 0 rg: 63 | total time: 1.66m | eta: 79.8m
step 00062/02520 (2.46%) | loss: 5.247871 | lrm: 1.00 | dt: 1955.62ms | tok/sec: 268,092 | bf16_mfu: 0.00 | epoch: 1 pq: 0 rg: 64 | total time: 1.69m | eta: 79.8m
step 00063/02520 (2.50%) | loss: 5.215711 | lrm: 1.00 | dt: 1956.21ms | tok/sec: 268,012 | bf16_mfu: 0.00 | epoch: 1 pq: 0 rg: 65 | total time: 1.72m | eta: 79.7m
step 00064/02520 (2.54%) | loss: 5.196238 | lrm: 1.00 | dt: 1956.19ms | tok/sec: 268,015 | bf16_mfu: 0.00 | epoch: 1 pq: 0 rg: 66 | total time: 1.75m | eta: 79.7m
step 00065/02520 (2.58%) | loss: 5.169766 | lrm: 1.00 | dt: 1956.33ms | tok/sec: 267,996 | bf16_mfu: 0.00 | epoch: 1 pq: 0 rg: 67 | total time: 1.79m | eta: 79.7m
step 00066/02520 (2.62%) | loss: 5.144830 | lrm: 1.00 | dt: 1957.05ms | tok/sec: 267,896 | bf16_mfu: 0.00 | epoch: 1 pq: 0 rg: 68 | total time: 1.82m | eta: 79.7m
step 00067/02520 (2.66%) | loss: 5.120280 | lrm: 1.00 | dt: 1957.89ms | tok/sec: 267,782 | bf16_mfu: 0.00 | epoch: 1 pq: 0 rg: 69 | total time: 1.85m | eta: 79.6m
step 00068/02520 (2.70%) | loss: 5.095755 | lrm: 1.00 | dt: 1958.71ms | tok/sec: 267,669 | bf16_mfu: 0.00 | epoch: 1 pq: 0 rg: 70 | total time: 1.88m | eta: 79.6m
step 00069/02520 (2.74%) | loss: 5.071098 | lrm: 1.00 | dt: 1958.15ms | tok/sec: 267,747 | bf16_mfu: 0.00 | epoch: 1 pq: 0 rg: 71 | total time: 1.92m | eta: 79.6m
step 00070/02520 (2.78%) | loss: 5.048859 | lrm: 1.00 | dt: 1959.14ms | tok/sec: 267,611 | bf16_mfu: 0.00 | epoch: 1 pq: 0 rg: 72 | total time: 1.95m | eta: 79.6m
step 00071/02520 (2.82%) | loss: 5.029291 | lrm: 1.00 | dt: 1960.07ms | tok/sec: 267,484 | bf16_mfu: 0.00 | epoch: 1 pq: 0 rg: 73 | total time: 1.98m | eta: 79.5m
step 00072/02520 (2.86%) | loss: 5.020926 | lrm: 1.00 | dt: 1958.97ms | tok/sec: 267,634 | bf16_mfu: 0.00 | epoch: 1 pq: 0 rg: 74 | total time: 2.01m | eta: 79.5m
step 00073/02520 (2.90%) | loss: 4.994674 | lrm: 1.00 | dt: 1959.01ms | tok/sec: 267,629 | bf16_mfu: 0.00 | epoch: 1 pq: 0 rg: 74 | total time: 2.05m | eta: 79.5m
step 00074/02520 (2.94%) | loss: 4.968571 | lrm: 1.00 | dt: 1959.81ms | tok/sec: 267,520 | bf16_mfu: 0.00 | epoch: 1 pq: 0 rg: 75 | total time: 2.08m | eta: 79.5m
step 00075/02520 (2.98%) | loss: 4.940298 | lrm: 1.00 | dt: 1963.90ms | tok/sec: 266,962 | bf16_mfu: 0.00 | epoch: 1 pq: 0 rg: 76 | total time: 2.11m | eta: 79.4m
step 00076/02520 (3.02%) | loss: 4.915049 | lrm: 1.00 | dt: 1959.73ms | tok/sec: 267,530 | bf16_mfu: 0.00 | epoch: 1 pq: 0 rg: 77 | total time: 2.14m | eta: 79.4m
step 00077/02520 (3.06%) | loss: 4.906010 | lrm: 1.00 | dt: 1959.37ms | tok/sec: 267,580 | bf16_mfu: 0.00 | epoch: 1 pq: 0 rg: 78 | total time: 2.18m | eta: 79.4m
step 00078/02520 (3.10%) | loss: 4.883076 | lrm: 1.00 | dt: 1959.96ms | tok/sec: 267,498 | bf16_mfu: 0.00 | epoch: 1 pq: 0 rg: 79 | total time: 2.21m | eta: 79.4m
step 00079/02520 (3.13%) | loss: 4.863707 | lrm: 1.00 | dt: 1960.86ms | tok/sec: 267,376 | bf16_mfu: 0.00 | epoch: 1 pq: 0 rg: 80 | total time: 2.24m | eta: 79.3m
step 00080/02520 (3.17%) | loss: 4.839394 | lrm: 1.00 | dt: 1959.14ms | tok/sec: 267,611 | bf16_mfu: 0.00 | epoch: 1 pq: 0 rg: 81 | total time: 2.28m | eta: 79.3m
step 00081/02520 (3.21%) | loss: 4.826539 | lrm: 1.00 | dt: 1960.17ms | tok/sec: 267,470 | bf16_mfu: 0.00 | epoch: 1 pq: 0 rg: 82 | total time: 2.31m | eta: 79.3m
step 00082/02520 (3.25%) | loss: 4.811267 | lrm: 1.00 | dt: 1959.70ms | tok/sec: 267,534 | bf16_mfu: 0.00 | epoch: 1 pq: 0 rg: 83 | total time: 2.34m | eta: 79.3m
step 00083/02520 (3.29%) | loss: 4.792087 | lrm: 1.00 | dt: 1960.26ms | tok/sec: 267,459 | bf16_mfu: 0.00 | epoch: 1 pq: 1 rg: 0 | total time: 2.37m | eta: 79.2m
step 00084/02520 (3.33%) | loss: 4.773943 | lrm: 1.00 | dt: 1960.82ms | tok/sec: 267,382 | bf16_mfu: 0.00 | epoch: 1 pq: 1 rg: 1 | total time: 2.41m | eta: 79.2m
step 00085/02520 (3.37%) | loss: 4.754029 | lrm: 1.00 | dt: 1960.63ms | tok/sec: 267,407 | bf16_mfu: 0.00 | epoch: 1 pq: 1 rg: 2 | total time: 2.44m | eta: 79.2m
step 00086/02520 (3.41%) | loss: 4.735302 | lrm: 1.00 | dt: 1960.63ms | tok/sec: 267,408 | bf16_mfu: 0.00 | epoch: 1 pq: 1 rg: 3 | total time: 2.47m | eta: 79.1m
step 00087/02520 (3.45%) | loss: 4.717062 | lrm: 1.00 | dt: 1960.82ms | tok/sec: 267,382 | bf16_mfu: 0.00 | epoch: 1 pq: 1 rg: 4 | total time: 2.50m | eta: 79.1m
step 00088/02520 (3.49%) | loss: 4.703290 | lrm: 1.00 | dt: 1960.74ms | tok/sec: 267,392 | bf16_mfu: 0.00 | epoch: 1 pq: 1 rg: 5 | total time: 2.54m | eta: 79.1m
step 00089/02520 (3.53%) | loss: 4.690611 | lrm: 1.00 | dt: 1962.03ms | tok/sec: 267,216 | bf16_mfu: 0.00 | epoch: 1 pq: 1 rg: 6 | total time: 2.57m | eta: 79.1m
step 00090/02520 (3.57%) | loss: 4.672031 | lrm: 1.00 | dt: 1960.57ms | tok/sec: 267,416 | bf16_mfu: 0.00 | epoch: 1 pq: 1 rg: 7 | total time: 2.60m | eta: 79.0m
step 00091/02520 (3.61%) | loss: 4.648198 | lrm: 1.00 | dt: 1959.64ms | tok/sec: 267,543 | bf16_mfu: 0.00 | epoch: 1 pq: 1 rg: 8 | total time: 2.63m | eta: 79.0m
step 00092/02520 (3.65%) | loss: 4.637153 | lrm: 1.00 | dt: 1959.13ms | tok/sec: 267,612 | bf16_mfu: 0.00 | epoch: 1 pq: 1 rg: 9 | total time: 2.67m | eta: 79.0m
step 00093/02520 (3.69%) | loss: 4.626126 | lrm: 1.00 | dt: 1958.74ms | tok/sec: 267,666 | bf16_mfu: 0.00 | epoch: 1 pq: 1 rg: 10 | total time: 2.70m | eta: 79.0m
step 00094/02520 (3.73%) | loss: 4.612354 | lrm: 1.00 | dt: 1958.49ms | tok/sec: 267,699 | bf16_mfu: 0.00 | epoch: 1 pq: 1 rg: 11 | total time: 2.73m | eta: 78.9m
step 00095/02520 (3.77%) | loss: 4.590412 | lrm: 1.00 | dt: 1958.58ms | tok/sec: 267,688 | bf16_mfu: 0.00 | epoch: 1 pq: 1 rg: 12 | total time: 2.77m | eta: 78.9m
step 00096/02520 (3.81%) | loss: 4.577655 | lrm: 1.00 | dt: 1958.69ms | tok/sec: 267,672 | bf16_mfu: 0.00 | epoch: 1 pq: 1 rg: 13 | total time: 2.80m | eta: 78.9m
step 00097/02520 (3.85%) | loss: 4.551552 | lrm: 1.00 | dt: 1959.13ms | tok/sec: 267,612 | bf16_mfu: 0.00 | epoch: 1 pq: 1 rg: 14 | total time: 2.83m | eta: 78.8m
step 00098/02520 (3.89%) | loss: 4.538991 | lrm: 1.00 | dt: 1959.70ms | tok/sec: 267,535 | bf16_mfu: 0.00 | epoch: 1 pq: 1 rg: 15 | total time: 2.86m | eta: 78.8m
step 00099/02520 (3.93%) | loss: 4.526320 | lrm: 1.00 | dt: 1958.84ms | tok/sec: 267,651 | bf16_mfu: 0.00 | epoch: 1 pq: 1 rg: 16 | total time: 2.90m | eta: 78.8m
step 00100/02520 (3.97%) | loss: 4.498639 | lrm: 1.00 | dt: 1959.96ms | tok/sec: 267,498 | bf16_mfu: 0.00 | epoch: 1 pq: 1 rg: 17 | total time: 2.93m | eta: 78.7m
step 00101/02520 (4.01%) | loss: 4.491962 | lrm: 1.00 | dt: 1958.69ms | tok/sec: 267,673 | bf16_mfu: 0.00 | epoch: 1 pq: 1 rg: 18 | total time: 2.96m | eta: 78.7m
step 00102/02520 (4.05%) | loss: 4.478185 | lrm: 1.00 | dt: 1958.46ms | tok/sec: 267,703 | bf16_mfu: 0.00 | epoch: 1 pq: 1 rg: 19 | total time: 2.99m | eta: 78.7m
step 00103/02520 (4.09%) | loss: 4.468735 | lrm: 1.00 | dt: 1958.53ms | tok/sec: 267,695 | bf16_mfu: 0.00 | epoch: 1 pq: 1 rg: 20 | total time: 3.03m | eta: 78.7m
step 00104/02520 (4.13%) | loss: 4.456917 | lrm: 1.00 | dt: 1958.16ms | tok/sec: 267,745 | bf16_mfu: 0.00 | epoch: 1 pq: 1 rg: 21 | total time: 3.06m | eta: 78.6m
step 00105/02520 (4.17%) | loss: 4.445079 | lrm: 1.00 | dt: 1959.39ms | tok/sec: 267,576 | bf16_mfu: 0.00 | epoch: 1 pq: 1 rg: 22 | total time: 3.09m | eta: 78.6m
step 00106/02520 (4.21%) | loss: 4.424389 | lrm: 1.00 | dt: 1959.23ms | tok/sec: 267,598 | bf16_mfu: 0.00 | epoch: 1 pq: 1 rg: 23 | total time: 3.12m | eta: 78.6m
step 00107/02520 (4.25%) | loss: 4.407380 | lrm: 1.00 | dt: 1958.45ms | tok/sec: 267,705 | bf16_mfu: 0.00 | epoch: 1 pq: 1 rg: 24 | total time: 3.16m | eta: 78.5m
step 00108/02520 (4.29%) | loss: 4.395788 | lrm: 1.00 | dt: 1959.89ms | tok/sec: 267,509 | bf16_mfu: 0.00 | epoch: 1 pq: 1 rg: 25 | total time: 3.19m | eta: 78.5m
step 00109/02520 (4.33%) | loss: 4.378717 | lrm: 1.00 | dt: 1959.56ms | tok/sec: 267,553 | bf16_mfu: 0.00 | epoch: 1 pq: 1 rg: 26 | total time: 3.22m | eta: 78.5m
step 00110/02520 (4.37%) | loss: 4.350056 | lrm: 1.00 | dt: 1957.24ms | tok/sec: 267,870 | bf16_mfu: 0.00 | epoch: 1 pq: 1 rg: 26 | total time: 3.26m | eta: 78.4m
step 00111/02520 (4.40%) | loss: 4.328317 | lrm: 1.00 | dt: 1958.22ms | tok/sec: 267,736 | bf16_mfu: 0.00 | epoch: 1 pq: 1 rg: 27 | total time: 3.29m | eta: 78.4m
step 00112/02520 (4.44%) | loss: 4.316580 | lrm: 1.00 | dt: 1958.63ms | tok/sec: 267,681 | bf16_mfu: 0.00 | epoch: 1 pq: 1 rg: 28 | total time: 3.32m | eta: 78.4m
step 00113/02520 (4.48%) | loss: 4.298489 | lrm: 1.00 | dt: 1957.83ms | tok/sec: 267,790 | bf16_mfu: 0.00 | epoch: 1 pq: 1 rg: 29 | total time: 3.35m | eta: 78.4m
step 00114/02520 (4.52%) | loss: 4.292807 | lrm: 1.00 | dt: 1958.35ms | tok/sec: 267,718 | bf16_mfu: 0.00 | epoch: 1 pq: 1 rg: 30 | total time: 3.39m | eta: 78.3m
step 00115/02520 (4.56%) | loss: 4.279386 | lrm: 1.00 | dt: 1959.39ms | tok/sec: 267,576 | bf16_mfu: 0.00 | epoch: 1 pq: 1 rg: 31 | total time: 3.42m | eta: 78.3m
step 00116/02520 (4.60%) | loss: 4.265215 | lrm: 1.00 | dt: 1958.84ms | tok/sec: 267,652 | bf16_mfu: 0.00 | epoch: 1 pq: 1 rg: 32 | total time: 3.45m | eta: 78.3m
step 00117/02520 (4.64%) | loss: 4.252020 | lrm: 1.00 | dt: 1960.66ms | tok/sec: 267,403 | bf16_mfu: 0.00 | epoch: 1 pq: 1 rg: 33 | total time: 3.48m | eta: 78.2m
step 00118/02520 (4.68%) | loss: 4.237202 | lrm: 1.00 | dt: 1958.21ms | tok/sec: 267,739 | bf16_mfu: 0.00 | epoch: 1 pq: 1 rg: 34 | total time: 3.52m | eta: 78.2m
step 00119/02520 (4.72%) | loss: 4.226695 | lrm: 1.00 | dt: 1958.82ms | tok/sec: 267,655 | bf16_mfu: 0.00 | epoch: 1 pq: 1 rg: 35 | total time: 3.55m | eta: 78.2m
step 00120/02520 (4.76%) | loss: 4.205161 | lrm: 1.00 | dt: 1959.27ms | tok/sec: 267,593 | bf16_mfu: 0.00 | epoch: 1 pq: 1 rg: 36 | total time: 3.58m | eta: 78.1m
step 00121/02520 (4.80%) | loss: 4.178339 | lrm: 1.00 | dt: 1960.53ms | tok/sec: 267,421 | bf16_mfu: 0.00 | epoch: 1 pq: 1 rg: 37 | total time: 3.61m | eta: 78.1m
step 00122/02520 (4.84%) | loss: 4.177852 | lrm: 1.00 | dt: 1958.73ms | tok/sec: 267,667 | bf16_mfu: 0.00 | epoch: 1 pq: 1 rg: 38 | total time: 3.65m | eta: 78.1m
step 00123/02520 (4.88%) | loss: 4.166503 | lrm: 1.00 | dt: 1959.87ms | tok/sec: 267,511 | bf16_mfu: 0.00 | epoch: 1 pq: 1 rg: 39 | total time: 3.68m | eta: 78.1m
step 00124/02520 (4.92%) | loss: 4.155696 | lrm: 1.00 | dt: 1959.26ms | tok/sec: 267,594 | bf16_mfu: 0.00 | epoch: 1 pq: 1 rg: 40 | total time: 3.71m | eta: 78.0m
step 00125/02520 (4.96%) | loss: 4.143477 | lrm: 1.00 | dt: 1960.80ms | tok/sec: 267,384 | bf16_mfu: 0.00 | epoch: 1 pq: 1 rg: 41 | total time: 3.74m | eta: 78.0m
step 00126/02520 (5.00%) | loss: 4.117537 | lrm: 1.00 | dt: 1959.69ms | tok/sec: 267,535 | bf16_mfu: 0.00 | epoch: 1 pq: 1 rg: 42 | total time: 3.78m | eta: 78.0m
step 00127/02520 (5.04%) | loss: 4.102465 | lrm: 1.00 | dt: 1959.56ms | tok/sec: 267,554 | bf16_mfu: 0.00 | epoch: 1 pq: 1 rg: 43 | total time: 3.81m | eta: 77.9m
step 00128/02520 (5.08%) | loss: 4.101996 | lrm: 1.00 | dt: 1958.34ms | tok/sec: 267,720 | bf16_mfu: 0.00 | epoch: 1 pq: 1 rg: 44 | total time: 3.84m | eta: 77.9m
step 00129/02520 (5.12%) | loss: 4.101296 | lrm: 1.00 | dt: 1959.23ms | tok/sec: 267,598 | bf16_mfu: 0.00 | epoch: 1 pq: 1 rg: 45 | total time: 3.88m | eta: 77.9m
step 00130/02520 (5.16%) | loss: 4.097601 | lrm: 1.00 | dt: 1959.55ms | tok/sec: 267,554 | bf16_mfu: 0.00 | epoch: 1 pq: 1 rg: 46 | total time: 3.91m | eta: 77.8m
step 00131/02520 (5.20%) | loss: 4.081467 | lrm: 1.00 | dt: 1958.14ms | tok/sec: 267,747 | bf16_mfu: 0.00 | epoch: 1 pq: 1 rg: 47 | total time: 3.94m | eta: 77.8m
step 00132/02520 (5.24%) | loss: 4.076352 | lrm: 1.00 | dt: 1959.70ms | tok/sec: 267,534 | bf16_mfu: 0.00 | epoch: 1 pq: 1 rg: 48 | total time: 3.97m | eta: 77.8m
step 00133/02520 (5.28%) | loss: 4.072474 | lrm: 1.00 | dt: 1959.47ms | tok/sec: 267,565 | bf16_mfu: 0.00 | epoch: 1 pq: 1 rg: 49 | total time: 4.01m | eta: 77.7m
step 00134/02520 (5.32%) | loss: 4.061348 | lrm: 1.00 | dt: 1958.70ms | tok/sec: 267,671 | bf16_mfu: 0.00 | epoch: 1 pq: 1 rg: 50 | total time: 4.04m | eta: 77.7m
step 00135/02520 (5.36%) | loss: 4.055772 | lrm: 1.00 | dt: 1958.69ms | tok/sec: 267,672 | bf16_mfu: 0.00 | epoch: 1 pq: 1 rg: 51 | total time: 4.07m | eta: 77.7m
step 00136/02520 (5.40%) | loss: 4.042875 | lrm: 1.00 | dt: 1957.94ms | tok/sec: 267,774 | bf16_mfu: 0.00 | epoch: 1 pq: 1 rg: 52 | total time: 4.10m | eta: 77.7m
step 00137/02520 (5.44%) | loss: 4.036479 | lrm: 1.00 | dt: 1958.64ms | tok/sec: 267,679 | bf16_mfu: 0.00 | epoch: 1 pq: 1 rg: 53 | total time: 4.14m | eta: 77.6m
step 00138/02520 (5.48%) | loss: 4.027506 | lrm: 1.00 | dt: 1958.25ms | tok/sec: 267,733 | bf16_mfu: 0.00 | epoch: 1 pq: 1 rg: 54 | total time: 4.17m | eta: 77.6m
step 00139/02520 (5.52%) | loss: 4.019187 | lrm: 1.00 | dt: 1957.96ms | tok/sec: 267,772 | bf16_mfu: 0.00 | epoch: 1 pq: 1 rg: 55 | total time: 4.20m | eta: 77.6m
step 00140/02520 (5.56%) | loss: 4.004944 | lrm: 1.00 | dt: 1957.97ms | tok/sec: 267,771 | bf16_mfu: 0.00 | epoch: 1 pq: 1 rg: 56 | total time: 4.23m | eta: 77.5m
step 00141/02520 (5.60%) | loss: 4.001216 | lrm: 1.00 | dt: 1958.28ms | tok/sec: 267,729 | bf16_mfu: 0.00 | epoch: 1 pq: 1 rg: 57 | total time: 4.27m | eta: 77.5m
step 00142/02520 (5.63%) | loss: 3.992533 | lrm: 1.00 | dt: 1957.73ms | tok/sec: 267,804 | bf16_mfu: 0.00 | epoch: 1 pq: 1 rg: 57 | total time: 4.30m | eta: 77.5m
step 00143/02520 (5.67%) | loss: 3.985073 | lrm: 1.00 | dt: 1956.16ms | tok/sec: 268,018 | bf16_mfu: 0.00 | epoch: 1 pq: 1 rg: 58 | total time: 4.33m | eta: 77.4m
step 00144/02520 (5.71%) | loss: 3.987202 | lrm: 1.00 | dt: 1957.86ms | tok/sec: 267,786 | bf16_mfu: 0.00 | epoch: 1 pq: 1 rg: 59 | total time: 4.37m | eta: 77.4m
step 00145/02520 (5.75%) | loss: 3.972847 | lrm: 1.00 | dt: 1957.16ms | tok/sec: 267,882 | bf16_mfu: 0.00 | epoch: 1 pq: 1 rg: 60 | total time: 4.40m | eta: 77.4m
step 00146/02520 (5.79%) | loss: 3.976606 | lrm: 1.00 | dt: 1956.74ms | tok/sec: 267,939 | bf16_mfu: 0.00 | epoch: 1 pq: 1 rg: 61 | total time: 4.43m | eta: 77.3m
step 00147/02520 (5.83%) | loss: 3.985833 | lrm: 1.00 | dt: 1955.02ms | tok/sec: 268,174 | bf16_mfu: 0.00 | epoch: 1 pq: 1 rg: 62 | total time: 4.46m | eta: 77.3m
step 00148/02520 (5.87%) | loss: 3.978947 | lrm: 1.00 | dt: 1956.73ms | tok/sec: 267,940 | bf16_mfu: 0.00 | epoch: 1 pq: 1 rg: 63 | total time: 4.50m | eta: 77.3m
step 00149/02520 (5.91%) | loss: 3.963326 | lrm: 1.00 | dt: 1955.32ms | tok/sec: 268,133 | bf16_mfu: 0.00 | epoch: 1 pq: 1 rg: 64 | total time: 4.53m | eta: 77.2m
step 00150/02520 (5.95%) | loss: 3.964938 | lrm: 1.00 | dt: 1955.36ms | tok/sec: 268,128 | bf16_mfu: 0.00 | epoch: 1 pq: 1 rg: 65 | total time: 4.56m | eta: 77.2m
step 00151/02520 (5.99%) | loss: 3.957530 | lrm: 1.00 | dt: 1955.50ms | tok/sec: 268,109 | bf16_mfu: 0.00 | epoch: 1 pq: 1 rg: 66 | total time: 4.59m | eta: 77.2m
step 00152/02520 (6.03%) | loss: 3.949245 | lrm: 1.00 | dt: 1957.24ms | tok/sec: 267,871 | bf16_mfu: 0.00 | epoch: 1 pq: 1 rg: 67 | total time: 4.63m | eta: 77.1m
step 00153/02520 (6.07%) | loss: 3.943657 | lrm: 1.00 | dt: 1956.02ms | tok/sec: 268,038 | bf16_mfu: 0.00 | epoch: 1 pq: 1 rg: 68 | total time: 4.66m | eta: 77.1m
step 00154/02520 (6.11%) | loss: 3.941773 | lrm: 1.00 | dt: 1956.63ms | tok/sec: 267,953 | bf16_mfu: 0.00 | epoch: 1 pq: 1 rg: 69 | total time: 4.69m | eta: 77.1m
step 00155/02520 (6.15%) | loss: 3.931293 | lrm: 1.00 | dt: 1955.39ms | tok/sec: 268,124 | bf16_mfu: 0.00 | epoch: 1 pq: 1 rg: 70 | total time: 4.72m | eta: 77.0m
step 00156/02520 (6.19%) | loss: 3.916353 | lrm: 1.00 | dt: 1955.96ms | tok/sec: 268,046 | bf16_mfu: 0.00 | epoch: 1 pq: 1 rg: 71 | total time: 4.76m | eta: 77.0m
step 00157/02520 (6.23%) | loss: 3.901806 | lrm: 1.00 | dt: 1955.03ms | tok/sec: 268,173 | bf16_mfu: 0.00 | epoch: 1 pq: 1 rg: 72 | total time: 4.79m | eta: 77.0m
step 00158/02520 (6.27%) | loss: 3.884014 | lrm: 1.00 | dt: 1955.69ms | tok/sec: 268,083 | bf16_mfu: 0.00 | epoch: 1 pq: 1 rg: 73 | total time: 4.82m | eta: 76.9m
step 00159/02520 (6.31%) | loss: 3.887723 | lrm: 1.00 | dt: 1955.15ms | tok/sec: 268,156 | bf16_mfu: 0.00 | epoch: 1 pq: 1 rg: 74 | total time: 4.85m | eta: 76.9m
step 00160/02520 (6.35%) | loss: 3.884732 | lrm: 1.00 | dt: 1954.44ms | tok/sec: 268,254 | bf16_mfu: 0.00 | epoch: 1 pq: 1 rg: 75 | total time: 4.89m | eta: 76.9m
step 00161/02520 (6.39%) | loss: 3.881558 | lrm: 1.00 | dt: 1955.02ms | tok/sec: 268,175 | bf16_mfu: 0.00 | epoch: 1 pq: 1 rg: 76 | total time: 4.92m | eta: 76.8m
step 00162/02520 (6.43%) | loss: 3.873160 | lrm: 1.00 | dt: 1956.25ms | tok/sec: 268,006 | bf16_mfu: 0.00 | epoch: 1 pq: 1 rg: 77 | total time: 4.95m | eta: 76.8m
step 00163/02520 (6.47%) | loss: 3.863938 | lrm: 1.00 | dt: 1954.57ms | tok/sec: 268,236 | bf16_mfu: 0.00 | epoch: 1 pq: 1 rg: 78 | total time: 4.98m | eta: 76.8m
step 00164/02520 (6.51%) | loss: 3.850259 | lrm: 1.00 | dt: 1954.27ms | tok/sec: 268,277 | bf16_mfu: 0.00 | epoch: 1 pq: 1 rg: 79 | total time: 5.02m | eta: 76.8m
step 00165/02520 (6.55%) | loss: 3.853430 | lrm: 1.00 | dt: 1955.14ms | tok/sec: 268,158 | bf16_mfu: 0.00 | epoch: 1 pq: 1 rg: 80 | total time: 5.05m | eta: 76.7m
step 00166/02520 (6.59%) | loss: 3.851044 | lrm: 1.00 | dt: 1952.20ms | tok/sec: 268,563 | bf16_mfu: 0.00 | epoch: 1 pq: 1 rg: 81 | total time: 5.08m | eta: 76.7m
step 00167/02520 (6.63%) | loss: 3.845732 | lrm: 1.00 | dt: 1957.43ms | tok/sec: 267,844 | bf16_mfu: 0.00 | epoch: 1 pq: 1 rg: 82 | total time: 5.11m | eta: 76.7m
step 00168/02520 (6.67%) | loss: 3.846234 | lrm: 1.00 | dt: 1952.36ms | tok/sec: 268,540 | bf16_mfu: 0.00 | epoch: 1 pq: 1 rg: 83 | total time: 5.15m | eta: 76.6m
step 00169/02520 (6.71%) | loss: 3.829498 | lrm: 1.00 | dt: 1953.41ms | tok/sec: 268,395 | bf16_mfu: 0.00 | epoch: 1 pq: 2 rg: 0 | total time: 5.18m | eta: 76.6m
step 00170/02520 (6.75%) | loss: 3.819117 | lrm: 1.00 | dt: 1952.44ms | tok/sec: 268,529 | bf16_mfu: 0.00 | epoch: 1 pq: 2 rg: 1 | total time: 5.21m | eta: 76.6m
step 00171/02520 (6.79%) | loss: 3.807307 | lrm: 1.00 | dt: 1951.53ms | tok/sec: 268,654 | bf16_mfu: 0.00 | epoch: 1 pq: 2 rg: 2 | total time: 5.24m | eta: 76.5m
step 00172/02520 (6.83%) | loss: 3.809250 | lrm: 1.00 | dt: 1952.11ms | tok/sec: 268,574 | bf16_mfu: 0.00 | epoch: 1 pq: 2 rg: 3 | total time: 5.28m | eta: 76.5m
step 00173/02520 (6.87%) | loss: 3.827084 | lrm: 1.00 | dt: 1954.52ms | tok/sec: 268,243 | bf16_mfu: 0.00 | epoch: 1 pq: 2 rg: 4 | total time: 5.31m | eta: 76.5m
step 00174/02520 (6.90%) | loss: 3.807716 | lrm: 1.00 | dt: 1954.07ms | tok/sec: 268,304 | bf16_mfu: 0.00 | epoch: 1 pq: 2 rg: 5 | total time: 5.34m | eta: 76.4m
step 00175/02520 (6.94%) | loss: 3.800869 | lrm: 1.00 | dt: 1955.20ms | tok/sec: 268,150 | bf16_mfu: 0.00 | epoch: 1 pq: 2 rg: 6 | total time: 5.38m | eta: 76.4m
step 00176/02520 (6.98%) | loss: 3.799086 | lrm: 1.00 | dt: 1953.23ms | tok/sec: 268,421 | bf16_mfu: 0.00 | epoch: 1 pq: 2 rg: 7 | total time: 5.41m | eta: 76.4m
step 00177/02520 (7.02%) | loss: 3.803950 | lrm: 1.00 | dt: 1953.48ms | tok/sec: 268,386 | bf16_mfu: 0.00 | epoch: 1 pq: 2 rg: 8 | total time: 5.44m | eta: 76.3m
step 00178/02520 (7.06%) | loss: 3.794320 | lrm: 1.00 | dt: 1954.31ms | tok/sec: 268,272 | bf16_mfu: 0.00 | epoch: 1 pq: 2 rg: 9 | total time: 5.47m | eta: 76.3m
step 00179/02520 (7.10%) | loss: 3.793213 | lrm: 1.00 | dt: 1953.14ms | tok/sec: 268,432 | bf16_mfu: 0.00 | epoch: 1 pq: 2 rg: 10 | total time: 5.51m | eta: 76.3m
step 00180/02520 (7.14%) | loss: 3.779428 | lrm: 1.00 | dt: 1953.26ms | tok/sec: 268,417 | bf16_mfu: 0.00 | epoch: 1 pq: 2 rg: 10 | total time: 5.54m | eta: 76.2m
step 00181/02520 (7.18%) | loss: 3.793628 | lrm: 1.00 | dt: 1953.20ms | tok/sec: 268,425 | bf16_mfu: 0.00 | epoch: 1 pq: 2 rg: 11 | total time: 5.57m | eta: 76.2m
step 00182/02520 (7.22%) | loss: 3.771501 | lrm: 1.00 | dt: 1952.93ms | tok/sec: 268,461 | bf16_mfu: 0.00 | epoch: 1 pq: 2 rg: 12 | total time: 5.60m | eta: 76.2m
step 00183/02520 (7.26%) | loss: 3.770233 | lrm: 1.00 | dt: 1952.75ms | tok/sec: 268,486 | bf16_mfu: 0.00 | epoch: 1 pq: 2 rg: 13 | total time: 5.64m | eta: 76.1m
step 00184/02520 (7.30%) | loss: 3.773124 | lrm: 1.00 | dt: 1954.02ms | tok/sec: 268,312 | bf16_mfu: 0.00 | epoch: 1 pq: 2 rg: 14 | total time: 5.67m | eta: 76.1m
step 00185/02520 (7.34%) | loss: 3.775369 | lrm: 1.00 | dt: 1952.38ms | tok/sec: 268,537 | bf16_mfu: 0.00 | epoch: 1 pq: 2 rg: 15 | total time: 5.70m | eta: 76.1m
step 00186/02520 (7.38%) | loss: 3.777766 | lrm: 1.00 | dt: 1952.33ms | tok/sec: 268,545 | bf16_mfu: 0.00 | epoch: 1 pq: 2 rg: 16 | total time: 5.73m | eta: 76.0m
step 00187/02520 (7.42%) | loss: 3.776019 | lrm: 1.00 | dt: 1952.17ms | tok/sec: 268,566 | bf16_mfu: 0.00 | epoch: 1 pq: 2 rg: 17 | total time: 5.77m | eta: 76.0m
step 00188/02520 (7.46%) | loss: 3.778356 | lrm: 1.00 | dt: 1953.21ms | tok/sec: 268,424 | bf16_mfu: 0.00 | epoch: 1 pq: 2 rg: 18 | total time: 5.80m | eta: 76.0m
step 00189/02520 (7.50%) | loss: 3.777306 | lrm: 1.00 | dt: 1952.45ms | tok/sec: 268,528 | bf16_mfu: 0.00 | epoch: 1 pq: 2 rg: 19 | total time: 5.83m | eta: 75.9m
step 00190/02520 (7.54%) | loss: 3.789419 | lrm: 1.00 | dt: 1951.75ms | tok/sec: 268,624 | bf16_mfu: 0.00 | epoch: 1 pq: 2 rg: 20 | total time: 5.86m | eta: 75.9m
step 00191/02520 (7.58%) | loss: 3.787375 | lrm: 1.00 | dt: 1951.55ms | tok/sec: 268,651 | bf16_mfu: 0.00 | epoch: 1 pq: 2 rg: 21 | total time: 5.90m | eta: 75.9m
step 00192/02520 (7.62%) | loss: 3.789967 | lrm: 1.00 | dt: 1952.98ms | tok/sec: 268,456 | bf16_mfu: 0.00 | epoch: 1 pq: 2 rg: 22 | total time: 5.93m | eta: 75.8m
step 00193/02520 (7.66%) | loss: 3.786817 | lrm: 1.00 | dt: 1951.98ms | tok/sec: 268,592 | bf16_mfu: 0.00 | epoch: 1 pq: 2 rg: 23 | total time: 5.96m | eta: 75.8m
step 00194/02520 (7.70%) | loss: 3.786114 | lrm: 1.00 | dt: 1952.36ms | tok/sec: 268,541 | bf16_mfu: 0.00 | epoch: 1 pq: 2 rg: 24 | total time: 5.99m | eta: 75.8m
step 00195/02520 (7.74%) | loss: 3.776438 | lrm: 1.00 | dt: 1951.96ms | tok/sec: 268,596 | bf16_mfu: 0.00 | epoch: 1 pq: 2 rg: 25 | total time: 6.03m | eta: 75.7m
step 00196/02520 (7.78%) | loss: 3.771989 | lrm: 1.00 | dt: 1952.02ms | tok/sec: 268,587 | bf16_mfu: 0.00 | epoch: 1 pq: 2 rg: 26 | total time: 6.06m | eta: 75.7m
step 00197/02520 (7.82%) | loss: 3.764449 | lrm: 1.00 | dt: 1951.82ms | tok/sec: 268,614 | bf16_mfu: 0.00 | epoch: 1 pq: 2 rg: 27 | total time: 6.09m | eta: 75.7m
step 00198/02520 (7.86%) | loss: 3.763382 | lrm: 1.00 | dt: 1952.97ms | tok/sec: 268,456 | bf16_mfu: 0.00 | epoch: 1 pq: 2 rg: 28 | total time: 6.12m | eta: 75.6m
step 00199/02520 (7.90%) | loss: 3.761164 | lrm: 1.00 | dt: 1952.40ms | tok/sec: 268,535 | bf16_mfu: 0.00 | epoch: 1 pq: 2 rg: 29 | total time: 6.16m | eta: 75.6m
step 00200/02520 (7.94%) | loss: 3.764966 | lrm: 1.00 | dt: 1953.47ms | tok/sec: 268,387 | bf16_mfu: 0.00 | epoch: 1 pq: 2 rg: 30 | total time: 6.19m | eta: 75.6m
step 00201/02520 (7.98%) | loss: 3.759959 | lrm: 1.00 | dt: 1952.10ms | tok/sec: 268,576 | bf16_mfu: 0.00 | epoch: 1 pq: 2 rg: 31 | total time: 6.22m | eta: 75.5m
step 00202/02520 (8.02%) | loss: 3.762146 | lrm: 1.00 | dt: 1951.77ms | tok/sec: 268,622 | bf16_mfu: 0.00 | epoch: 1 pq: 2 rg: 32 | total time: 6.25m | eta: 75.5m
step 00203/02520 (8.06%) | loss: 3.764759 | lrm: 1.00 | dt: 1952.01ms | tok/sec: 268,588 | bf16_mfu: 0.00 | epoch: 1 pq: 2 rg: 33 | total time: 6.29m | eta: 75.5m
step 00204/02520 (8.10%) | loss: 3.764374 | lrm: 1.00 | dt: 1950.86ms | tok/sec: 268,747 | bf16_mfu: 0.00 | epoch: 1 pq: 2 rg: 34 | total time: 6.32m | eta: 75.4m
step 00205/02520 (8.13%) | loss: 3.770496 | lrm: 1.00 | dt: 1953.10ms | tok/sec: 268,439 | bf16_mfu: 0.00 | epoch: 1 pq: 2 rg: 35 | total time: 6.35m | eta: 75.4m
step 00206/02520 (8.17%) | loss: 3.756833 | lrm: 1.00 | dt: 1952.12ms | tok/sec: 268,573 | bf16_mfu: 0.00 | epoch: 1 pq: 2 rg: 36 | total time: 6.38m | eta: 75.4m
step 00207/02520 (8.21%) | loss: 3.759600 | lrm: 1.00 | dt: 1953.21ms | tok/sec: 268,424 | bf16_mfu: 0.00 | epoch: 1 pq: 2 rg: 37 | total time: 6.42m | eta: 75.3m
step 00208/02520 (8.25%) | loss: 3.764124 | lrm: 1.00 | dt: 1952.62ms | tok/sec: 268,504 | bf16_mfu: 0.00 | epoch: 1 pq: 2 rg: 38 | total time: 6.45m | eta: 75.3m
step 00209/02520 (8.29%) | loss: 3.753582 | lrm: 1.00 | dt: 1951.77ms | tok/sec: 268,621 | bf16_mfu: 0.00 | epoch: 1 pq: 2 rg: 38 | total time: 6.48m | eta: 75.3m
step 00210/02520 (8.33%) | loss: 3.743409 | lrm: 1.00 | dt: 1950.94ms | tok/sec: 268,735 | bf16_mfu: 0.00 | epoch: 1 pq: 2 rg: 39 | total time: 6.51m | eta: 75.2m
step 00211/02520 (8.37%) | loss: 3.748166 | lrm: 1.00 | dt: 1951.09ms | tok/sec: 268,715 | bf16_mfu: 0.00 | epoch: 1 pq: 2 rg: 40 | total time: 6.55m | eta: 75.2m
step 00212/02520 (8.41%) | loss: 3.741215 | lrm: 1.00 | dt: 1949.07ms | tok/sec: 268,994 | bf16_mfu: 0.00 | epoch: 1 pq: 2 rg: 41 | total time: 6.58m | eta: 75.2m
step 00213/02520 (8.45%) | loss: 3.742518 | lrm: 1.00 | dt: 1951.09ms | tok/sec: 268,715 | bf16_mfu: 0.00 | epoch: 1 pq: 2 rg: 42 | total time: 6.61m | eta: 75.1m
step 00214/02520 (8.49%) | loss: 3.738892 | lrm: 1.00 | dt: 1950.00ms | tok/sec: 268,865 | bf16_mfu: 0.00 | epoch: 1 pq: 2 rg: 43 | total time: 6.64m | eta: 75.1m
step 00215/02520 (8.53%) | loss: 3.734279 | lrm: 1.00 | dt: 1951.01ms | tok/sec: 268,726 | bf16_mfu: 0.00 | epoch: 1 pq: 2 rg: 44 | total time: 6.68m | eta: 75.1m
step 00216/02520 (8.57%) | loss: 3.727755 | lrm: 1.00 | dt: 1950.91ms | tok/sec: 268,740 | bf16_mfu: 0.00 | epoch: 1 pq: 2 rg: 45 | total time: 6.71m | eta: 75.0m
step 00217/02520 (8.61%) | loss: 3.723187 | lrm: 1.00 | dt: 1951.35ms | tok/sec: 268,679 | bf16_mfu: 0.00 | epoch: 1 pq: 2 rg: 46 | total time: 6.74m | eta: 75.0m
step 00218/02520 (8.65%) | loss: 3.715576 | lrm: 1.00 | dt: 1950.95ms | tok/sec: 268,734 | bf16_mfu: 0.00 | epoch: 1 pq: 2 rg: 47 | total time: 6.77m | eta: 75.0m
step 00219/02520 (8.69%) | loss: 3.715585 | lrm: 1.00 | dt: 1950.41ms | tok/sec: 268,809 | bf16_mfu: 0.00 | epoch: 1 pq: 2 rg: 48 | total time: 6.81m | eta: 74.9m
step 00220/02520 (8.73%) | loss: 3.712195 | lrm: 1.00 | dt: 1950.19ms | tok/sec: 268,839 | bf16_mfu: 0.00 | epoch: 1 pq: 2 rg: 49 | total time: 6.84m | eta: 74.9m
step 00221/02520 (8.77%) | loss: 3.705813 | lrm: 1.00 | dt: 1951.34ms | tok/sec: 268,680 | bf16_mfu: 0.00 | epoch: 1 pq: 2 rg: 50 | total time: 6.87m | eta: 74.9m
step 00222/02520 (8.81%) | loss: 3.713580 | lrm: 1.00 | dt: 1949.53ms | tok/sec: 268,930 | bf16_mfu: 0.00 | epoch: 1 pq: 2 rg: 51 | total time: 6.90m | eta: 74.8m
step 00223/02520 (8.85%) | loss: 3.706257 | lrm: 1.00 | dt: 1949.85ms | tok/sec: 268,886 | bf16_mfu: 0.00 | epoch: 1 pq: 2 rg: 52 | total time: 6.94m | eta: 74.8m
step 00224/02520 (8.89%) | loss: 3.707458 | lrm: 1.00 | dt: 1949.10ms | tok/sec: 268,989 | bf16_mfu: 0.00 | epoch: 1 pq: 2 rg: 53 | total time: 6.97m | eta: 74.8m
step 00225/02520 (8.93%) | loss: 3.706592 | lrm: 1.00 | dt: 1951.35ms | tok/sec: 268,679 | bf16_mfu: 0.00 | epoch: 1 pq: 2 rg: 54 | total time: 7.00m | eta: 74.7m
step 00226/02520 (8.97%) | loss: 3.702923 | lrm: 1.00 | dt: 1950.28ms | tok/sec: 268,826 | bf16_mfu: 0.00 | epoch: 1 pq: 2 rg: 55 | total time: 7.03m | eta: 74.7m
step 00227/02520 (9.01%) | loss: 3.687304 | lrm: 1.00 | dt: 1950.59ms | tok/sec: 268,784 | bf16_mfu: 0.00 | epoch: 1 pq: 2 rg: 56 | total time: 7.07m | eta: 74.7m
step 00228/02520 (9.05%) | loss: 3.686319 | lrm: 1.00 | dt: 1949.73ms | tok/sec: 268,902 | bf16_mfu: 0.00 | epoch: 1 pq: 2 rg: 57 | total time: 7.10m | eta: 74.6m
step 00229/02520 (9.09%) | loss: 3.684193 | lrm: 1.00 | dt: 1949.32ms | tok/sec: 268,959 | bf16_mfu: 0.00 | epoch: 1 pq: 2 rg: 58 | total time: 7.13m | eta: 74.6m
step 00230/02520 (9.13%) | loss: 3.686292 | lrm: 1.00 | dt: 1949.14ms | tok/sec: 268,984 | bf16_mfu: 0.00 | epoch: 1 pq: 2 rg: 59 | total time: 7.16m | eta: 74.6m
step 00231/02520 (9.17%) | loss: 3.684681 | lrm: 1.00 | dt: 1950.21ms | tok/sec: 268,836 | bf16_mfu: 0.00 | epoch: 1 pq: 2 rg: 60 | total time: 7.20m | eta: 74.5m
step 00232/02520 (9.21%) | loss: 3.682662 | lrm: 1.00 | dt: 1949.22ms | tok/sec: 268,973 | bf16_mfu: 0.00 | epoch: 1 pq: 2 rg: 61 | total time: 7.23m | eta: 74.5m
step 00233/02520 (9.25%) | loss: 3.697705 | lrm: 1.00 | dt: 1950.94ms | tok/sec: 268,736 | bf16_mfu: 0.00 | epoch: 1 pq: 2 rg: 62 | total time: 7.26m | eta: 74.5m
step 00234/02520 (9.29%) | loss: 3.685149 | lrm: 1.00 | dt: 1949.55ms | tok/sec: 268,927 | bf16_mfu: 0.00 | epoch: 1 pq: 2 rg: 63 | total time: 7.29m | eta: 74.4m
step 00235/02520 (9.33%) | loss: 3.675288 | lrm: 1.00 | dt: 1949.49ms | tok/sec: 268,935 | bf16_mfu: 0.00 | epoch: 1 pq: 2 rg: 64 | total time: 7.33m | eta: 74.4m
step 00236/02520 (9.37%) | loss: 3.686501 | lrm: 1.00 | dt: 1947.85ms | tok/sec: 269,161 | bf16_mfu: 0.00 | epoch: 1 pq: 2 rg: 65 | total time: 7.36m | eta: 74.4m
step 00237/02520 (9.40%) | loss: 3.683379 | lrm: 1.00 | dt: 1949.68ms | tok/sec: 268,909 | bf16_mfu: 0.00 | epoch: 1 pq: 2 rg: 66 | total time: 7.39m | eta: 74.3m
step 00238/02520 (9.44%) | loss: 3.678737 | lrm: 1.00 | dt: 1950.38ms | tok/sec: 268,812 | bf16_mfu: 0.00 | epoch: 1 pq: 2 rg: 67 | total time: 7.42m | eta: 74.3m
step 00239/02520 (9.48%) | loss: 3.681431 | lrm: 1.00 | dt: 1949.28ms | tok/sec: 268,964 | bf16_mfu: 0.00 | epoch: 1 pq: 2 rg: 68 | total time: 7.46m | eta: 74.3m
step 00240/02520 (9.52%) | loss: 3.669695 | lrm: 1.00 | dt: 1948.68ms | tok/sec: 269,047 | bf16_mfu: 0.00 | epoch: 1 pq: 2 rg: 69 | total time: 7.49m | eta: 74.2m
step 00241/02520 (9.56%) | loss: 3.665038 | lrm: 1.00 | dt: 1947.66ms | tok/sec: 269,188 | bf16_mfu: 0.00 | epoch: 1 pq: 2 rg: 70 | total time: 7.52m | eta: 74.2m
step 00242/02520 (9.60%) | loss: 3.655694 | lrm: 1.00 | dt: 1948.20ms | tok/sec: 269,113 | bf16_mfu: 0.00 | epoch: 1 pq: 2 rg: 71 | total time: 7.55m | eta: 74.2m
step 00243/02520 (9.64%) | loss: 3.666166 | lrm: 1.00 | dt: 1947.84ms | tok/sec: 269,163 | bf16_mfu: 0.00 | epoch: 1 pq: 2 rg: 72 | total time: 7.59m | eta: 74.1m
step 00244/02520 (9.68%) | loss: 3.663840 | lrm: 1.00 | dt: 1948.72ms | tok/sec: 269,041 | bf16_mfu: 0.00 | epoch: 1 pq: 2 rg: 72 | total time: 7.62m | eta: 74.1m
step 00245/02520 (9.72%) | loss: 3.669251 | lrm: 1.00 | dt: 1949.22ms | tok/sec: 268,973 | bf16_mfu: 0.00 | epoch: 1 pq: 2 rg: 73 | total time: 7.65m | eta: 74.1m
step 00246/02520 (9.76%) | loss: 3.662062 | lrm: 1.00 | dt: 1948.31ms | tok/sec: 269,099 | bf16_mfu: 0.00 | epoch: 1 pq: 2 rg: 74 | total time: 7.68m | eta: 74.0m
step 00247/02520 (9.80%) | loss: 3.661309 | lrm: 1.00 | dt: 1948.54ms | tok/sec: 269,067 | bf16_mfu: 0.00 | epoch: 1 pq: 2 rg: 75 | total time: 7.72m | eta: 74.0m
step 00248/02520 (9.84%) | loss: 3.652419 | lrm: 1.00 | dt: 1948.23ms | tok/sec: 269,109 | bf16_mfu: 0.00 | epoch: 1 pq: 2 rg: 76 | total time: 7.75m | eta: 74.0m
step 00249/02520 (9.88%) | loss: 3.642692 | lrm: 1.00 | dt: 1948.57ms | tok/sec: 269,062 | bf16_mfu: 0.00 | epoch: 1 pq: 2 rg: 77 | total time: 7.78m | eta: 73.9m
Step 00250 | Validation bpb: 1.105282
step 00250/02520 (9.92%) | loss: 3.645063 | lrm: 1.00 | dt: 1938.81ms | tok/sec: 270,417 | bf16_mfu: 0.00 | epoch: 1 pq: 2 rg: 78 | total time: 7.81m | eta: 73.9m
step 00251/02520 (9.96%) | loss: 3.639748 | lrm: 1.00 | dt: 1943.56ms | tok/sec: 269,756 | bf16_mfu: 0.00 | epoch: 1 pq: 2 rg: 79 | total time: 7.85m | eta: 73.9m
step 00252/02520 (10.00%) | loss: 3.627238 | lrm: 1.00 | dt: 1944.94ms | tok/sec: 269,565 | bf16_mfu: 0.00 | epoch: 1 pq: 2 rg: 80 | total time: 7.88m | eta: 73.8m
step 00253/02520 (10.04%) | loss: 3.629732 | lrm: 1.00 | dt: 1946.05ms | tok/sec: 269,411 | bf16_mfu: 0.00 | epoch: 1 pq: 2 rg: 81 | total time: 7.91m | eta: 73.8m
step 00254/02520 (10.08%) | loss: 3.632070 | lrm: 1.00 | dt: 1943.20ms | tok/sec: 269,806 | bf16_mfu: 0.00 | epoch: 1 pq: 2 rg: 82 | total time: 7.94m | eta: 73.8m
step 00255/02520 (10.12%) | loss: 3.634024 | lrm: 1.00 | dt: 1948.45ms | tok/sec: 269,079 | bf16_mfu: 0.00 | epoch: 1 pq: 3 rg: 0 | total time: 7.98m | eta: 73.7m
step 00256/02520 (10.16%) | loss: 3.633744 | lrm: 1.00 | dt: 1946.93ms | tok/sec: 269,289 | bf16_mfu: 0.00 | epoch: 1 pq: 3 rg: 1 | total time: 8.01m | eta: 73.7m
step 00257/02520 (10.20%) | loss: 3.632501 | lrm: 1.00 | dt: 1948.23ms | tok/sec: 269,110 | bf16_mfu: 0.00 | epoch: 1 pq: 3 rg: 2 | total time: 8.04m | eta: 73.7m
step 00258/02520 (10.24%) | loss: 3.630880 | lrm: 1.00 | dt: 1948.36ms | tok/sec: 269,092 | bf16_mfu: 0.00 | epoch: 1 pq: 3 rg: 3 | total time: 8.07m | eta: 73.6m
step 00259/02520 (10.28%) | loss: 3.634647 | lrm: 1.00 | dt: 1947.97ms | tok/sec: 269,146 | bf16_mfu: 0.00 | epoch: 1 pq: 3 rg: 4 | total time: 8.11m | eta: 73.6m
step 00260/02520 (10.32%) | loss: 3.634281 | lrm: 1.00 | dt: 1947.60ms | tok/sec: 269,197 | bf16_mfu: 0.00 | epoch: 1 pq: 3 rg: 5 | total time: 8.14m | eta: 73.6m
step 00261/02520 (10.36%) | loss: 3.628973 | lrm: 1.00 | dt: 1949.40ms | tok/sec: 268,948 | bf16_mfu: 0.00 | epoch: 1 pq: 3 rg: 6 | total time: 8.17m | eta: 73.5m
step 00262/02520 (10.40%) | loss: 3.618193 | lrm: 1.00 | dt: 1950.26ms | tok/sec: 268,829 | bf16_mfu: 0.00 | epoch: 1 pq: 3 rg: 7 | total time: 8.20m | eta: 73.5m
step 00263/02520 (10.44%) | loss: 3.616520 | lrm: 1.00 | dt: 1950.28ms | tok/sec: 268,827 | bf16_mfu: 0.00 | epoch: 1 pq: 3 rg: 8 | total time: 8.24m | eta: 73.5m
step 00264/02520 (10.48%) | loss: 3.613093 | lrm: 1.00 | dt: 1950.10ms | tok/sec: 268,851 | bf16_mfu: 0.00 | epoch: 1 pq: 3 rg: 9 | total time: 8.27m | eta: 73.4m
step 00265/02520 (10.52%) | loss: 3.613656 | lrm: 1.00 | dt: 1950.86ms | tok/sec: 268,747 | bf16_mfu: 0.00 | epoch: 1 pq: 3 rg: 10 | total time: 8.30m | eta: 73.4m
step 00266/02520 (10.56%) | loss: 3.609769 | lrm: 1.00 | dt: 1951.42ms | tok/sec: 268,669 | bf16_mfu: 0.00 | epoch: 1 pq: 3 rg: 11 | total time: 8.33m | eta: 73.4m
step 00267/02520 (10.60%) | loss: 3.605665 | lrm: 1.00 | dt: 1951.24ms | tok/sec: 268,694 | bf16_mfu: 0.00 | epoch: 1 pq: 3 rg: 12 | total time: 8.37m | eta: 73.3m
step 00268/02520 (10.63%) | loss: 3.606418 | lrm: 1.00 | dt: 1950.72ms | tok/sec: 268,766 | bf16_mfu: 0.00 | epoch: 1 pq: 3 rg: 13 | total time: 8.40m | eta: 73.3m
step 00269/02520 (10.67%) | loss: 3.603357 | lrm: 1.00 | dt: 1951.98ms | tok/sec: 268,593 | bf16_mfu: 0.00 | epoch: 1 pq: 3 rg: 14 | total time: 8.43m | eta: 73.3m
step 00270/02520 (10.71%) | loss: 3.591973 | lrm: 1.00 | dt: 1951.27ms | tok/sec: 268,690 | bf16_mfu: 0.00 | epoch: 1 pq: 3 rg: 15 | total time: 8.46m | eta: 73.2m
step 00271/02520 (10.75%) | loss: 3.592888 | lrm: 1.00 | dt: 1952.82ms | tok/sec: 268,477 | bf16_mfu: 0.00 | epoch: 1 pq: 3 rg: 15 | total time: 8.50m | eta: 73.2m
step 00272/02520 (10.79%) | loss: 3.597931 | lrm: 1.00 | dt: 1951.65ms | tok/sec: 268,638 | bf16_mfu: 0.00 | epoch: 1 pq: 3 rg: 16 | total time: 8.53m | eta: 73.2m
step 00273/02520 (10.83%) | loss: 3.605752 | lrm: 1.00 | dt: 1950.40ms | tok/sec: 268,810 | bf16_mfu: 0.00 | epoch: 1 pq: 3 rg: 17 | total time: 8.56m | eta: 73.1m
step 00274/02520 (10.87%) | loss: 3.604463 | lrm: 1.00 | dt: 1951.22ms | tok/sec: 268,697 | bf16_mfu: 0.00 | epoch: 1 pq: 3 rg: 18 | total time: 8.59m | eta: 73.1m
step 00275/02520 (10.91%) | loss: 3.609582 | lrm: 1.00 | dt: 1952.64ms | tok/sec: 268,501 | bf16_mfu: 0.00 | epoch: 1 pq: 3 rg: 19 | total time: 8.63m | eta: 73.1m
step 00276/02520 (10.95%) | loss: 3.606611 | lrm: 1.00 | dt: 1953.54ms | tok/sec: 268,378 | bf16_mfu: 0.00 | epoch: 1 pq: 3 rg: 20 | total time: 8.66m | eta: 73.0m
step 00277/02520 (10.99%) | loss: 3.598070 | lrm: 1.00 | dt: 1955.10ms | tok/sec: 268,164 | bf16_mfu: 0.00 | epoch: 1 pq: 3 rg: 21 | total time: 8.69m | eta: 73.0m
step 00278/02520 (11.03%) | loss: 3.595677 | lrm: 1.00 | dt: 1954.18ms | tok/sec: 268,291 | bf16_mfu: 0.00 | epoch: 1 pq: 3 rg: 22 | total time: 8.72m | eta: 73.0m
step 00279/02520 (11.07%) | loss: 3.595956 | lrm: 1.00 | dt: 1953.44ms | tok/sec: 268,392 | bf16_mfu: 0.00 | epoch: 1 pq: 3 rg: 23 | total time: 8.76m | eta: 72.9m
step 00280/02520 (11.11%) | loss: 3.598023 | lrm: 1.00 | dt: 1955.06ms | tok/sec: 268,169 | bf16_mfu: 0.00 | epoch: 1 pq: 3 rg: 24 | total time: 8.79m | eta: 72.9m
step 00281/02520 (11.15%) | loss: 3.586647 | lrm: 1.00 | dt: 1954.09ms | tok/sec: 268,302 | bf16_mfu: 0.00 | epoch: 1 pq: 3 rg: 25 | total time: 8.82m | eta: 72.9m
step 00282/02520 (11.19%) | loss: 3.586159 | lrm: 1.00 | dt: 1954.24ms | tok/sec: 268,282 | bf16_mfu: 0.00 | epoch: 1 pq: 3 rg: 26 | total time: 8.85m | eta: 72.8m
step 00283/02520 (11.23%) | loss: 3.589859 | lrm: 1.00 | dt: 1953.61ms | tok/sec: 268,368 | bf16_mfu: 0.00 | epoch: 1 pq: 3 rg: 27 | total time: 8.89m | eta: 72.8m
step 00284/02520 (11.27%) | loss: 3.597555 | lrm: 1.00 | dt: 1955.25ms | tok/sec: 268,144 | bf16_mfu: 0.00 | epoch: 1 pq: 3 rg: 28 | total time: 8.92m | eta: 72.8m
step 00285/02520 (11.31%) | loss: 3.590670 | lrm: 1.00 | dt: 1954.19ms | tok/sec: 268,288 | bf16_mfu: 0.00 | epoch: 1 pq: 3 rg: 29 | total time: 8.95m | eta: 72.8m
step 00286/02520 (11.35%) | loss: 3.594117 | lrm: 1.00 | dt: 1954.05ms | tok/sec: 268,308 | bf16_mfu: 0.00 | epoch: 1 pq: 3 rg: 30 | total time: 8.98m | eta: 72.7m
step 00287/02520 (11.39%) | loss: 3.603971 | lrm: 1.00 | dt: 1957.03ms | tok/sec: 267,899 | bf16_mfu: 0.00 | epoch: 1 pq: 3 rg: 31 | total time: 9.02m | eta: 72.7m
step 00288/02520 (11.43%) | loss: 3.592183 | lrm: 1.00 | dt: 1954.10ms | tok/sec: 268,302 | bf16_mfu: 0.00 | epoch: 1 pq: 3 rg: 32 | total time: 9.05m | eta: 72.7m
step 00289/02520 (11.47%) | loss: 3.599179 | lrm: 1.00 | dt: 1954.74ms | tok/sec: 268,214 | bf16_mfu: 0.00 | epoch: 1 pq: 3 rg: 33 | total time: 9.08m | eta: 72.6m
step 00290/02520 (11.51%) | loss: 3.596909 | lrm: 1.00 | dt: 1953.42ms | tok/sec: 268,394 | bf16_mfu: 0.00 | epoch: 1 pq: 3 rg: 34 | total time: 9.11m | eta: 72.6m
step 00291/02520 (11.55%) | loss: 3.597147 | lrm: 1.00 | dt: 1955.23ms | tok/sec: 268,146 | bf16_mfu: 0.00 | epoch: 1 pq: 3 rg: 35 | total time: 9.15m | eta: 72.6m
step 00292/02520 (11.59%) | loss: 3.597354 | lrm: 1.00 | dt: 1954.07ms | tok/sec: 268,305 | bf16_mfu: 0.00 | epoch: 1 pq: 3 rg: 36 | total time: 9.18m | eta: 72.5m
step 00293/02520 (11.63%) | loss: 3.599558 | lrm: 1.00 | dt: 1954.27ms | tok/sec: 268,278 | bf16_mfu: 0.00 | epoch: 1 pq: 3 rg: 37 | total time: 9.21m | eta: 72.5m
step 00294/02520 (11.67%) | loss: 3.595696 | lrm: 1.00 | dt: 1955.64ms | tok/sec: 268,090 | bf16_mfu: 0.00 | epoch: 1 pq: 3 rg: 38 | total time: 9.24m | eta: 72.5m
step 00295/02520 (11.71%) | loss: 3.591246 | lrm: 1.00 | dt: 1954.52ms | tok/sec: 268,244 | bf16_mfu: 0.00 | epoch: 1 pq: 3 rg: 39 | total time: 9.28m | eta: 72.4m
step 00296/02520 (11.75%) | loss: 3.588631 | lrm: 1.00 | dt: 1952.46ms | tok/sec: 268,526 | bf16_mfu: 0.00 | epoch: 1 pq: 3 rg: 40 | total time: 9.31m | eta: 72.4m
step 00297/02520 (11.79%) | loss: 3.578773 | lrm: 1.00 | dt: 1955.35ms | tok/sec: 268,130 | bf16_mfu: 0.00 | epoch: 1 pq: 3 rg: 41 | total time: 9.34m | eta: 72.4m
step 00298/02520 (11.83%) | loss: 3.581010 | lrm: 1.00 | dt: 1953.09ms | tok/sec: 268,440 | bf16_mfu: 0.00 | epoch: 1 pq: 3 rg: 42 | total time: 9.38m | eta: 72.3m
step 00299/02520 (11.87%) | loss: 3.567786 | lrm: 1.00 | dt: 1953.89ms | tok/sec: 268,329 | bf16_mfu: 0.00 | epoch: 1 pq: 3 rg: 43 | total time: 9.41m | eta: 72.3m
step 00300/02520 (11.90%) | loss: 3.570933 | lrm: 1.00 | dt: 1954.29ms | tok/sec: 268,275 | bf16_mfu: 0.00 | epoch: 1 pq: 3 rg: 44 | total time: 9.44m | eta: 72.3m
step 00301/02520 (11.94%) | loss: 3.573016 | lrm: 1.00 | dt: 1954.45ms | tok/sec: 268,253 | bf16_mfu: 0.00 | epoch: 1 pq: 3 rg: 45 | total time: 9.47m | eta: 72.2m
step 00302/02520 (11.98%) | loss: 3.564830 | lrm: 1.00 | dt: 1953.87ms | tok/sec: 268,333 | bf16_mfu: 0.00 | epoch: 1 pq: 3 rg: 46 | total time: 9.51m | eta: 72.2m
step 00303/02520 (12.02%) | loss: 3.574006 | lrm: 1.00 | dt: 1954.80ms | tok/sec: 268,205 | bf16_mfu: 0.00 | epoch: 1 pq: 3 rg: 47 | total time: 9.54m | eta: 72.2m
step 00304/02520 (12.06%) | loss: 3.563991 | lrm: 1.00 | dt: 1953.48ms | tok/sec: 268,386 | bf16_mfu: 0.00 | epoch: 1 pq: 3 rg: 48 | total time: 9.57m | eta: 72.1m
step 00305/02520 (12.10%) | loss: 3.557060 | lrm: 1.00 | dt: 1953.95ms | tok/sec: 268,321 | bf16_mfu: 0.00 | epoch: 1 pq: 3 rg: 49 | total time: 9.60m | eta: 72.1m
step 00306/02520 (12.14%) | loss: 3.555454 | lrm: 1.00 | dt: 1954.13ms | tok/sec: 268,296 | bf16_mfu: 0.00 | epoch: 1 pq: 3 rg: 49 | total time: 9.64m | eta: 72.1m
step 00307/02520 (12.18%) | loss: 3.560167 | lrm: 1.00 | dt: 1954.80ms | tok/sec: 268,206 | bf16_mfu: 0.00 | epoch: 1 pq: 3 rg: 50 | total time: 9.67m | eta: 72.0m
step 00308/02520 (12.22%) | loss: 3.553816 | lrm: 1.00 | dt: 1954.26ms | tok/sec: 268,279 | bf16_mfu: 0.00 | epoch: 1 pq: 3 rg: 51 | total time: 9.70m | eta: 72.0m
step 00309/02520 (12.26%) | loss: 3.551537 | lrm: 1.00 | dt: 1954.01ms | tok/sec: 268,313 | bf16_mfu: 0.00 | epoch: 1 pq: 3 rg: 52 | total time: 9.73m | eta: 72.0m
step 00310/02520 (12.30%) | loss: 3.563842 | lrm: 1.00 | dt: 1952.83ms | tok/sec: 268,475 | bf16_mfu: 0.00 | epoch: 1 pq: 3 rg: 53 | total time: 9.77m | eta: 71.9m
step 00311/02520 (12.34%) | loss: 3.561373 | lrm: 1.00 | dt: 1955.22ms | tok/sec: 268,147 | bf16_mfu: 0.00 | epoch: 1 pq: 3 rg: 54 | total time: 9.80m | eta: 71.9m
step 00312/02520 (12.38%) | loss: 3.562073 | lrm: 1.00 | dt: 1954.13ms | tok/sec: 268,297 | bf16_mfu: 0.00 | epoch: 1 pq: 3 rg: 55 | total time: 9.83m | eta: 71.9m
step 00313/02520 (12.42%) | loss: 3.555255 | lrm: 1.00 | dt: 1954.05ms | tok/sec: 268,307 | bf16_mfu: 0.00 | epoch: 1 pq: 3 rg: 56 | total time: 9.86m | eta: 71.8m
step 00314/02520 (12.46%) | loss: 3.550218 | lrm: 1.00 | dt: 1953.23ms | tok/sec: 268,421 | bf16_mfu: 0.00 | epoch: 1 pq: 3 rg: 57 | total time: 9.90m | eta: 71.8m
step 00315/02520 (12.50%) | loss: 3.549446 | lrm: 1.00 | dt: 1953.56ms | tok/sec: 268,375 | bf16_mfu: 0.00 | epoch: 1 pq: 3 rg: 58 | total time: 9.93m | eta: 71.8m
step 00316/02520 (12.54%) | loss: 3.555004 | lrm: 1.00 | dt: 1953.95ms | tok/sec: 268,322 | bf16_mfu: 0.00 | epoch: 1 pq: 3 rg: 59 | total time: 9.96m | eta: 71.7m
step 00317/02520 (12.58%) | loss: 3.553912 | lrm: 1.00 | dt: 1952.33ms | tok/sec: 268,545 | bf16_mfu: 0.00 | epoch: 1 pq: 3 rg: 60 | total time: 9.99m | eta: 71.7m
step 00318/02520 (12.62%) | loss: 3.551342 | lrm: 1.00 | dt: 1951.58ms | tok/sec: 268,648 | bf16_mfu: 0.00 | epoch: 1 pq: 3 rg: 61 | total time: 10.03m | eta: 71.7m
step 00319/02520 (12.66%) | loss: 3.561197 | lrm: 1.00 | dt: 1950.83ms | tok/sec: 268,751 | bf16_mfu: 0.00 | epoch: 1 pq: 3 rg: 62 | total time: 10.06m | eta: 71.6m
step 00320/02520 (12.70%) | loss: 3.562286 | lrm: 1.00 | dt: 1951.36ms | tok/sec: 268,678 | bf16_mfu: 0.00 | epoch: 1 pq: 3 rg: 63 | total time: 10.09m | eta: 71.6m
step 00321/02520 (12.74%) | loss: 3.565024 | lrm: 1.00 | dt: 1951.62ms | tok/sec: 268,642 | bf16_mfu: 0.00 | epoch: 1 pq: 3 rg: 64 | total time: 10.12m | eta: 71.6m
step 00322/02520 (12.78%) | loss: 3.564017 | lrm: 1.00 | dt: 1955.91ms | tok/sec: 268,052 | bf16_mfu: 0.00 | epoch: 1 pq: 3 rg: 65 | total time: 10.16m | eta: 71.6m
step 00323/02520 (12.82%) | loss: 3.562979 | lrm: 1.00 | dt: 1951.39ms | tok/sec: 268,674 | bf16_mfu: 0.00 | epoch: 1 pq: 3 rg: 66 | total time: 10.19m | eta: 71.5m
step 00324/02520 (12.86%) | loss: 3.563644 | lrm: 1.00 | dt: 1952.29ms | tok/sec: 268,550 | bf16_mfu: 0.00 | epoch: 1 pq: 3 rg: 67 | total time: 10.22m | eta: 71.5m
step 00325/02520 (12.90%) | loss: 3.556343 | lrm: 1.00 | dt: 1952.55ms | tok/sec: 268,514 | bf16_mfu: 0.00 | epoch: 1 pq: 3 rg: 68 | total time: 10.25m | eta: 71.5m
step 00326/02520 (12.94%) | loss: 3.558538 | lrm: 1.00 | dt: 1952.93ms | tok/sec: 268,462 | bf16_mfu: 0.00 | epoch: 1 pq: 3 rg: 69 | total time: 10.29m | eta: 71.4m
step 00327/02520 (12.98%) | loss: 3.550227 | lrm: 1.00 | dt: 1951.90ms | tok/sec: 268,603 | bf16_mfu: 0.00 | epoch: 1 pq: 3 rg: 70 | total time: 10.32m | eta: 71.4m
step 00328/02520 (13.02%) | loss: 3.541476 | lrm: 1.00 | dt: 1951.52ms | tok/sec: 268,656 | bf16_mfu: 0.00 | epoch: 1 pq: 3 rg: 71 | total time: 10.35m | eta: 71.4m
step 00329/02520 (13.06%) | loss: 3.534358 | lrm: 1.00 | dt: 1952.10ms | tok/sec: 268,576 | bf16_mfu: 0.00 | epoch: 1 pq: 3 rg: 72 | total time: 10.38m | eta: 71.3m
step 00330/02520 (13.10%) | loss: 3.536256 | lrm: 1.00 | dt: 1952.55ms | tok/sec: 268,514 | bf16_mfu: 0.00 | epoch: 1 pq: 3 rg: 73 | total time: 10.42m | eta: 71.3m
step 00331/02520 (13.13%) | loss: 3.543377 | lrm: 1.00 | dt: 1950.70ms | tok/sec: 268,769 | bf16_mfu: 0.00 | epoch: 1 pq: 3 rg: 73 | total time: 10.45m | eta: 71.3m
step 00332/02520 (13.17%) | loss: 3.544851 | lrm: 1.00 | dt: 1953.31ms | tok/sec: 268,409 | bf16_mfu: 0.00 | epoch: 1 pq: 3 rg: 74 | total time: 10.48m | eta: 71.2m
step 00333/02520 (13.21%) | loss: 3.543265 | lrm: 1.00 | dt: 1952.32ms | tok/sec: 268,545 | bf16_mfu: 0.00 | epoch: 1 pq: 3 rg: 75 | total time: 10.51m | eta: 71.2m
step 00334/02520 (13.25%) | loss: 3.541923 | lrm: 1.00 | dt: 1952.84ms | tok/sec: 268,474 | bf16_mfu: 0.00 | epoch: 1 pq: 3 rg: 76 | total time: 10.55m | eta: 71.2m
step 00335/02520 (13.29%) | loss: 3.534663 | lrm: 1.00 | dt: 1953.54ms | tok/sec: 268,378 | bf16_mfu: 0.00 | epoch: 1 pq: 3 rg: 77 | total time: 10.58m | eta: 71.1m
step 00336/02520 (13.33%) | loss: 3.533225 | lrm: 1.00 | dt: 1952.32ms | tok/sec: 268,546 | bf16_mfu: 0.00 | epoch: 1 pq: 3 rg: 78 | total time: 10.61m | eta: 71.1m
step 00337/02520 (13.37%) | loss: 3.536648 | lrm: 1.00 | dt: 1952.74ms | tok/sec: 268,489 | bf16_mfu: 0.00 | epoch: 1 pq: 3 rg: 79 | total time: 10.64m | eta: 71.1m
step 00338/02520 (13.41%) | loss: 3.536905 | lrm: 1.00 | dt: 1953.45ms | tok/sec: 268,390 | bf16_mfu: 0.00 | epoch: 1 pq: 3 rg: 80 | total time: 10.68m | eta: 71.0m
step 00339/02520 (13.45%) | loss: 3.534488 | lrm: 1.00 | dt: 1950.74ms | tok/sec: 268,764 | bf16_mfu: 0.00 | epoch: 1 pq: 3 rg: 81 | total time: 10.71m | eta: 71.0m
step 00340/02520 (13.49%) | loss: 3.543505 | lrm: 1.00 | dt: 1952.63ms | tok/sec: 268,503 | bf16_mfu: 0.00 | epoch: 1 pq: 4 rg: 0 | total time: 10.74m | eta: 71.0m
step 00341/02520 (13.53%) | loss: 3.551394 | lrm: 1.00 | dt: 1951.94ms | tok/sec: 268,597 | bf16_mfu: 0.00 | epoch: 1 pq: 4 rg: 1 | total time: 10.77m | eta: 70.9m
step 00342/02520 (13.57%) | loss: 3.543410 | lrm: 1.00 | dt: 1952.31ms | tok/sec: 268,547 | bf16_mfu: 0.00 | epoch: 1 pq: 4 rg: 2 | total time: 10.81m | eta: 70.9m
step 00343/02520 (13.61%) | loss: 3.535665 | lrm: 1.00 | dt: 1952.49ms | tok/sec: 268,523 | bf16_mfu: 0.00 | epoch: 1 pq: 4 rg: 3 | total time: 10.84m | eta: 70.9m
step 00344/02520 (13.65%) | loss: 3.537250 | lrm: 1.00 | dt: 1951.60ms | tok/sec: 268,645 | bf16_mfu: 0.00 | epoch: 1 pq: 4 rg: 4 | total time: 10.87m | eta: 70.8m
step 00345/02520 (13.69%) | loss: 3.529397 | lrm: 1.00 | dt: 1952.72ms | tok/sec: 268,491 | bf16_mfu: 0.00 | epoch: 1 pq: 4 rg: 5 | total time: 10.90m | eta: 70.8m
step 00346/02520 (13.73%) | loss: 3.536971 | lrm: 1.00 | dt: 1952.09ms | tok/sec: 268,577 | bf16_mfu: 0.00 | epoch: 1 pq: 4 rg: 6 | total time: 10.94m | eta: 70.8m
step 00347/02520 (13.77%) | loss: 3.529772 | lrm: 1.00 | dt: 1952.53ms | tok/sec: 268,516 | bf16_mfu: 0.00 | epoch: 1 pq: 4 rg: 7 | total time: 10.97m | eta: 70.7m
step 00348/02520 (13.81%) | loss: 3.518645 | lrm: 1.00 | dt: 1952.80ms | tok/sec: 268,479 | bf16_mfu: 0.00 | epoch: 1 pq: 4 rg: 8 | total time: 11.00m | eta: 70.7m
step 00349/02520 (13.85%) | loss: 3.517983 | lrm: 1.00 | dt: 1953.38ms | tok/sec: 268,400 | bf16_mfu: 0.00 | epoch: 1 pq: 4 rg: 9 | total time: 11.04m | eta: 70.7m
step 00350/02520 (13.89%) | loss: 3.518363 | lrm: 1.00 | dt: 1951.79ms | tok/sec: 268,618 | bf16_mfu: 0.00 | epoch: 1 pq: 4 rg: 10 | total time: 11.07m | eta: 70.6m
step 00351/02520 (13.93%) | loss: 3.515793 | lrm: 1.00 | dt: 1953.35ms | tok/sec: 268,404 | bf16_mfu: 0.00 | epoch: 1 pq: 4 rg: 11 | total time: 11.10m | eta: 70.6m
step 00352/02520 (13.97%) | loss: 3.520477 | lrm: 1.00 | dt: 1951.36ms | tok/sec: 268,677 | bf16_mfu: 0.00 | epoch: 1 pq: 4 rg: 12 | total time: 11.13m | eta: 70.6m
step 00353/02520 (14.01%) | loss: 3.519783 | lrm: 1.00 | dt: 1951.61ms | tok/sec: 268,643 | bf16_mfu: 0.00 | epoch: 1 pq: 4 rg: 13 | total time: 11.17m | eta: 70.5m
step 00354/02520 (14.05%) | loss: 3.522554 | lrm: 1.00 | dt: 1950.95ms | tok/sec: 268,734 | bf16_mfu: 0.00 | epoch: 1 pq: 4 rg: 14 | total time: 11.20m | eta: 70.5m
step 00355/02520 (14.09%) | loss: 3.515300 | lrm: 1.00 | dt: 1951.98ms | tok/sec: 268,592 | bf16_mfu: 0.00 | epoch: 1 pq: 4 rg: 15 | total time: 11.23m | eta: 70.5m
step 00356/02520 (14.13%) | loss: 3.513881 | lrm: 1.00 | dt: 1952.49ms | tok/sec: 268,522 | bf16_mfu: 0.00 | epoch: 1 pq: 4 rg: 16 | total time: 11.26m | eta: 70.4m
step 00357/02520 (14.17%) | loss: 3.488599 | lrm: 1.00 | dt: 1951.74ms | tok/sec: 268,626 | bf16_mfu: 0.00 | epoch: 1 pq: 4 rg: 17 | total time: 11.30m | eta: 70.4m
step 00358/02520 (14.21%) | loss: 3.497351 | lrm: 1.00 | dt: 1951.50ms | tok/sec: 268,658 | bf16_mfu: 0.00 | epoch: 1 pq: 4 rg: 18 | total time: 11.33m | eta: 70.4m
step 00359/02520 (14.25%) | loss: 3.502309 | lrm: 1.00 | dt: 1950.92ms | tok/sec: 268,739 | bf16_mfu: 0.00 | epoch: 1 pq: 4 rg: 18 | total time: 11.36m | eta: 70.3m
step 00360/02520 (14.29%) | loss: 3.500314 | lrm: 1.00 | dt: 1951.19ms | tok/sec: 268,701 | bf16_mfu: 0.00 | epoch: 1 pq: 4 rg: 19 | total time: 11.39m | eta: 70.3m
step 00361/02520 (14.33%) | loss: 3.514569 | lrm: 1.00 | dt: 1950.54ms | tok/sec: 268,791 | bf16_mfu: 0.00 | epoch: 1 pq: 4 rg: 20 | total time: 11.43m | eta: 70.3m
step 00362/02520 (14.37%) | loss: 3.517327 | lrm: 1.00 | dt: 1950.26ms | tok/sec: 268,829 | bf16_mfu: 0.00 | epoch: 1 pq: 4 rg: 21 | total time: 11.46m | eta: 70.2m
step 00363/02520 (14.40%) | loss: 3.514718 | lrm: 1.00 | dt: 1949.54ms | tok/sec: 268,929 | bf16_mfu: 0.00 | epoch: 1 pq: 4 rg: 22 | total time: 11.49m | eta: 70.2m
step 00364/02520 (14.44%) | loss: 3.512817 | lrm: 1.00 | dt: 1950.46ms | tok/sec: 268,801 | bf16_mfu: 0.00 | epoch: 1 pq: 4 rg: 23 | total time: 11.52m | eta: 70.2m
step 00365/02520 (14.48%) | loss: 3.502113 | lrm: 1.00 | dt: 1951.79ms | tok/sec: 268,618 | bf16_mfu: 0.00 | epoch: 1 pq: 4 rg: 24 | total time: 11.56m | eta: 70.1m
step 00366/02520 (14.52%) | loss: 3.507443 | lrm: 1.00 | dt: 1950.52ms | tok/sec: 268,794 | bf16_mfu: 0.00 | epoch: 1 pq: 4 rg: 25 | total time: 11.59m | eta: 70.1m
step 00367/02520 (14.56%) | loss: 3.494665 | lrm: 1.00 | dt: 1951.24ms | tok/sec: 268,694 | bf16_mfu: 0.00 | epoch: 1 pq: 4 rg: 26 | total time: 11.62m | eta: 70.1m
step 00368/02520 (14.60%) | loss: 3.496910 | lrm: 1.00 | dt: 1950.29ms | tok/sec: 268,826 | bf16_mfu: 0.00 | epoch: 1 pq: 4 rg: 27 | total time: 11.65m | eta: 70.0m
step 00369/02520 (14.64%) | loss: 3.485880 | lrm: 1.00 | dt: 1952.04ms | tok/sec: 268,585 | bf16_mfu: 0.00 | epoch: 1 pq: 4 rg: 28 | total time: 11.69m | eta: 70.0m
step 00370/02520 (14.68%) | loss: 3.487598 | lrm: 1.00 | dt: 1949.96ms | tok/sec: 268,871 | bf16_mfu: 0.00 | epoch: 1 pq: 4 rg: 29 | total time: 11.72m | eta: 70.0m
step 00371/02520 (14.72%) | loss: 3.484899 | lrm: 1.00 | dt: 1949.98ms | tok/sec: 268,867 | bf16_mfu: 0.00 | epoch: 1 pq: 4 rg: 30 | total time: 11.75m | eta: 69.9m
step 00372/02520 (14.76%) | loss: 3.470454 | lrm: 1.00 | dt: 1949.19ms | tok/sec: 268,976 | bf16_mfu: 0.00 | epoch: 1 pq: 4 rg: 31 | total time: 11.78m | eta: 69.9m
step 00373/02520 (14.80%) | loss: 3.471976 | lrm: 1.00 | dt: 1949.66ms | tok/sec: 268,912 | bf16_mfu: 0.00 | epoch: 1 pq: 4 rg: 32 | total time: 11.82m | eta: 69.9m
step 00374/02520 (14.84%) | loss: 3.475755 | lrm: 1.00 | dt: 1950.19ms | tok/sec: 268,839 | bf16_mfu: 0.00 | epoch: 1 pq: 4 rg: 33 | total time: 11.85m | eta: 69.9m
step 00375/02520 (14.88%) | loss: 3.469705 | lrm: 1.00 | dt: 1950.22ms | tok/sec: 268,835 | bf16_mfu: 0.00 | epoch: 1 pq: 4 rg: 34 | total time: 11.88m | eta: 69.8m
step 00376/02520 (14.92%) | loss: 3.469873 | lrm: 1.00 | dt: 1950.30ms | tok/sec: 268,823 | bf16_mfu: 0.00 | epoch: 1 pq: 4 rg: 35 | total time: 11.91m | eta: 69.8m
step 00377/02520 (14.96%) | loss: 3.468018 | lrm: 1.00 | dt: 1948.07ms | tok/sec: 269,131 | bf16_mfu: 0.00 | epoch: 1 pq: 4 rg: 36 | total time: 11.95m | eta: 69.8m
step 00378/02520 (15.00%) | loss: 3.465830 | lrm: 1.00 | dt: 1948.22ms | tok/sec: 269,111 | bf16_mfu: 0.00 | epoch: 1 pq: 4 rg: 37 | total time: 11.98m | eta: 69.7m
step 00379/02520 (15.04%) | loss: 3.472949 | lrm: 1.00 | dt: 1948.20ms | tok/sec: 269,114 | bf16_mfu: 0.00 | epoch: 1 pq: 4 rg: 38 | total time: 12.01m | eta: 69.7m
step 00380/02520 (15.08%) | loss: 3.484415 | lrm: 1.00 | dt: 1948.30ms | tok/sec: 269,099 | bf16_mfu: 0.00 | epoch: 1 pq: 4 rg: 39 | total time: 12.04m | eta: 69.7m
step 00381/02520 (15.12%) | loss: 3.488217 | lrm: 1.00 | dt: 1948.77ms | tok/sec: 269,035 | bf16_mfu: 0.00 | epoch: 1 pq: 4 rg: 40 | total time: 12.08m | eta: 69.6m
step 00382/02520 (15.16%) | loss: 3.481283 | lrm: 1.00 | dt: 1947.29ms | tok/sec: 269,239 | bf16_mfu: 0.00 | epoch: 1 pq: 4 rg: 41 | total time: 12.11m | eta: 69.6m
step 00383/02520 (15.20%) | loss: 3.478864 | lrm: 1.00 | dt: 1946.85ms | tok/sec: 269,300 | bf16_mfu: 0.00 | epoch: 1 pq: 4 rg: 42 | total time: 12.14m | eta: 69.6m
step 00384/02520 (15.24%) | loss: 3.488035 | lrm: 1.00 | dt: 1945.76ms | tok/sec: 269,451 | bf16_mfu: 0.00 | epoch: 1 pq: 4 rg: 43 | total time: 12.17m | eta: 69.5m
step 00385/02520 (15.28%) | loss: 3.497086 | lrm: 1.00 | dt: 1945.97ms | tok/sec: 269,422 | bf16_mfu: 0.00 | epoch: 1 pq: 4 rg: 44 | total time: 12.21m | eta: 69.5m
step 00386/02520 (15.32%) | loss: 3.506835 | lrm: 1.00 | dt: 1945.78ms | tok/sec: 269,448 | bf16_mfu: 0.00 | epoch: 1 pq: 4 rg: 45 | total time: 12.24m | eta: 69.5m
step 00387/02520 (15.36%) | loss: 3.499675 | lrm: 1.00 | dt: 1946.28ms | tok/sec: 269,379 | bf16_mfu: 0.00 | epoch: 1 pq: 4 rg: 46 | total time: 12.27m | eta: 69.4m
step 00388/02520 (15.40%) | loss: 3.497940 | lrm: 1.00 | dt: 1946.82ms | tok/sec: 269,304 | bf16_mfu: 0.00 | epoch: 1 pq: 4 rg: 47 | total time: 12.30m | eta: 69.4m
step 00389/02520 (15.44%) | loss: 3.491212 | lrm: 1.00 | dt: 1946.39ms | tok/sec: 269,364 | bf16_mfu: 0.00 | epoch: 1 pq: 4 rg: 48 | total time: 12.33m | eta: 69.4m
step 00390/02520 (15.48%) | loss: 3.491979 | lrm: 1.00 | dt: 1946.33ms | tok/sec: 269,372 | bf16_mfu: 0.00 | epoch: 1 pq: 4 rg: 49 | total time: 12.37m | eta: 69.3m
step 00391/02520 (15.52%) | loss: 3.495974 | lrm: 1.00 | dt: 1946.30ms | tok/sec: 269,376 | bf16_mfu: 0.00 | epoch: 1 pq: 4 rg: 50 | total time: 12.40m | eta: 69.3m
step 00392/02520 (15.56%) | loss: 3.501629 | lrm: 1.00 | dt: 1945.68ms | tok/sec: 269,461 | bf16_mfu: 0.00 | epoch: 1 pq: 4 rg: 51 | total time: 12.43m | eta: 69.3m
step 00393/02520 (15.60%) | loss: 3.497423 | lrm: 1.00 | dt: 1946.23ms | tok/sec: 269,385 | bf16_mfu: 0.00 | epoch: 1 pq: 4 rg: 52 | total time: 12.46m | eta: 69.2m
step 00394/02520 (15.63%) | loss: 3.499291 | lrm: 1.00 | dt: 1946.75ms | tok/sec: 269,314 | bf16_mfu: 0.00 | epoch: 1 pq: 4 rg: 53 | total time: 12.50m | eta: 69.2m
step 00395/02520 (15.67%) | loss: 3.484683 | lrm: 1.00 | dt: 1946.02ms | tok/sec: 269,416 | bf16_mfu: 0.00 | epoch: 1 pq: 4 rg: 54 | total time: 12.53m | eta: 69.2m
step 00396/02520 (15.71%) | loss: 3.491068 | lrm: 1.00 | dt: 1947.28ms | tok/sec: 269,241 | bf16_mfu: 0.00 | epoch: 1 pq: 4 rg: 55 | total time: 12.56m | eta: 69.1m
step 00397/02520 (15.75%) | loss: 3.487258 | lrm: 1.00 | dt: 1946.56ms | tok/sec: 269,340 | bf16_mfu: 0.00 | epoch: 1 pq: 4 rg: 55 | total time: 12.59m | eta: 69.1m
step 00398/02520 (15.79%) | loss: 3.480146 | lrm: 1.00 | dt: 1946.96ms | tok/sec: 269,285 | bf16_mfu: 0.00 | epoch: 1 pq: 4 rg: 56 | total time: 12.63m | eta: 69.1m
step 00399/02520 (15.83%) | loss: 3.488223 | lrm: 1.00 | dt: 1945.40ms | tok/sec: 269,501 | bf16_mfu: 0.00 | epoch: 1 pq: 4 rg: 57 | total time: 12.66m | eta: 69.0m
step 00400/02520 (15.87%) | loss: 3.485703 | lrm: 1.00 | dt: 1947.10ms | tok/sec: 269,266 | bf16_mfu: 0.00 | epoch: 1 pq: 4 rg: 58 | total time: 12.69m | eta: 69.0m
step 00401/02520 (15.91%) | loss: 3.488899 | lrm: 1.00 | dt: 1945.67ms | tok/sec: 269,463 | bf16_mfu: 0.00 | epoch: 1 pq: 4 rg: 59 | total time: 12.72m | eta: 69.0m
step 00402/02520 (15.95%) | loss: 3.493277 | lrm: 1.00 | dt: 1946.50ms | tok/sec: 269,349 | bf16_mfu: 0.00 | epoch: 1 pq: 4 rg: 60 | total time: 12.76m | eta: 68.9m
step 00403/02520 (15.99%) | loss: 3.482601 | lrm: 1.00 | dt: 1945.89ms | tok/sec: 269,433 | bf16_mfu: 0.00 | epoch: 1 pq: 4 rg: 61 | total time: 12.79m | eta: 68.9m
step 00404/02520 (16.03%) | loss: 3.486508 | lrm: 1.00 | dt: 1945.61ms | tok/sec: 269,472 | bf16_mfu: 0.00 | epoch: 1 pq: 4 rg: 62 | total time: 12.82m | eta: 68.9m
step 00405/02520 (16.07%) | loss: 3.481064 | lrm: 1.00 | dt: 1947.86ms | tok/sec: 269,160 | bf16_mfu: 0.00 | epoch: 1 pq: 4 rg: 63 | total time: 12.85m | eta: 68.8m
step 00406/02520 (16.11%) | loss: 3.474224 | lrm: 1.00 | dt: 1945.59ms | tok/sec: 269,475 | bf16_mfu: 0.00 | epoch: 1 pq: 4 rg: 64 | total time: 12.89m | eta: 68.8m
step 00407/02520 (16.15%) | loss: 3.483928 | lrm: 1.00 | dt: 1946.15ms | tok/sec: 269,397 | bf16_mfu: 0.00 | epoch: 1 pq: 4 rg: 65 | total time: 12.92m | eta: 68.8m
step 00408/02520 (16.19%) | loss: 3.493370 | lrm: 1.00 | dt: 1945.14ms | tok/sec: 269,536 | bf16_mfu: 0.00 | epoch: 1 pq: 4 rg: 66 | total time: 12.95m | eta: 68.7m
step 00409/02520 (16.23%) | loss: 3.489542 | lrm: 1.00 | dt: 1945.61ms | tok/sec: 269,472 | bf16_mfu: 0.00 | epoch: 1 pq: 4 rg: 67 | total time: 12.98m | eta: 68.7m
step 00410/02520 (16.27%) | loss: 3.488165 | lrm: 1.00 | dt: 1945.46ms | tok/sec: 269,493 | bf16_mfu: 0.00 | epoch: 1 pq: 4 rg: 68 | total time: 13.02m | eta: 68.7m
step 00411/02520 (16.31%) | loss: 3.493039 | lrm: 1.00 | dt: 1946.29ms | tok/sec: 269,378 | bf16_mfu: 0.00 | epoch: 1 pq: 4 rg: 69 | total time: 13.05m | eta: 68.6m
step 00412/02520 (16.35%) | loss: 3.487148 | lrm: 1.00 | dt: 1947.01ms | tok/sec: 269,279 | bf16_mfu: 0.00 | epoch: 1 pq: 4 rg: 70 | total time: 13.08m | eta: 68.6m
step 00413/02520 (16.39%) | loss: 3.478263 | lrm: 1.00 | dt: 1947.74ms | tok/sec: 269,177 | bf16_mfu: 0.00 | epoch: 1 pq: 4 rg: 71 | total time: 13.11m | eta: 68.6m
step 00414/02520 (16.43%) | loss: 3.470729 | lrm: 1.00 | dt: 1944.33ms | tok/sec: 269,649 | bf16_mfu: 0.00 | epoch: 1 pq: 4 rg: 72 | total time: 13.15m | eta: 68.5m
step 00415/02520 (16.47%) | loss: 3.466921 | lrm: 1.00 | dt: 1949.34ms | tok/sec: 268,956 | bf16_mfu: 0.00 | epoch: 1 pq: 4 rg: 73 | total time: 13.18m | eta: 68.5m
step 00416/02520 (16.51%) | loss: 3.449989 | lrm: 1.00 | dt: 1944.80ms | tok/sec: 269,585 | bf16_mfu: 0.00 | epoch: 1 pq: 4 rg: 74 | total time: 13.21m | eta: 68.5m
step 00417/02520 (16.55%) | loss: 3.447154 | lrm: 1.00 | dt: 1944.14ms | tok/sec: 269,676 | bf16_mfu: 0.00 | epoch: 1 pq: 4 rg: 75 | total time: 13.24m | eta: 68.4m
step 00418/02520 (16.59%) | loss: 3.454764 | lrm: 1.00 | dt: 1944.73ms | tok/sec: 269,594 | bf16_mfu: 0.00 | epoch: 1 pq: 4 rg: 76 | total time: 13.28m | eta: 68.4m
step 00419/02520 (16.63%) | loss: 3.463566 | lrm: 1.00 | dt: 1945.46ms | tok/sec: 269,493 | bf16_mfu: 0.00 | epoch: 1 pq: 4 rg: 77 | total time: 13.31m | eta: 68.4m
step 00420/02520 (16.67%) | loss: 3.459984 | lrm: 1.00 | dt: 1945.63ms | tok/sec: 269,469 | bf16_mfu: 0.00 | epoch: 1 pq: 4 rg: 78 | total time: 13.34m | eta: 68.3m
step 00421/02520 (16.71%) | loss: 3.466662 | lrm: 1.00 | dt: 1946.76ms | tok/sec: 269,312 | bf16_mfu: 0.00 | epoch: 1 pq: 4 rg: 79 | total time: 13.37m | eta: 68.3m
step 00422/02520 (16.75%) | loss: 3.458245 | lrm: 1.00 | dt: 1945.65ms | tok/sec: 269,467 | bf16_mfu: 0.00 | epoch: 1 pq: 4 rg: 80 | total time: 13.41m | eta: 68.3m
step 00423/02520 (16.79%) | loss: 3.460406 | lrm: 1.00 | dt: 1945.02ms | tok/sec: 269,553 | bf16_mfu: 0.00 | epoch: 1 pq: 4 rg: 81 | total time: 13.44m | eta: 68.2m
step 00424/02520 (16.83%) | loss: 3.468963 | lrm: 1.00 | dt: 1944.59ms | tok/sec: 269,613 | bf16_mfu: 0.00 | epoch: 1 pq: 5 rg: 0 | total time: 13.47m | eta: 68.2m
step 00425/02520 (16.87%) | loss: 3.472004 | lrm: 1.00 | dt: 1945.62ms | tok/sec: 269,470 | bf16_mfu: 0.00 | epoch: 1 pq: 5 rg: 1 | total time: 13.50m | eta: 68.2m
step 00426/02520 (16.90%) | loss: 3.472480 | lrm: 1.00 | dt: 1945.11ms | tok/sec: 269,540 | bf16_mfu: 0.00 | epoch: 1 pq: 5 rg: 2 | total time: 13.53m | eta: 68.1m
step 00427/02520 (16.94%) | loss: 3.469140 | lrm: 1.00 | dt: 1944.22ms | tok/sec: 269,664 | bf16_mfu: 0.00 | epoch: 1 pq: 5 rg: 3 | total time: 13.57m | eta: 68.1m
step 00428/02520 (16.98%) | loss: 3.470811 | lrm: 1.00 | dt: 1943.40ms | tok/sec: 269,779 | bf16_mfu: 0.00 | epoch: 1 pq: 5 rg: 4 | total time: 13.60m | eta: 68.1m
step 00429/02520 (17.02%) | loss: 3.466230 | lrm: 1.00 | dt: 1941.97ms | tok/sec: 269,977 | bf16_mfu: 0.00 | epoch: 1 pq: 5 rg: 4 | total time: 13.63m | eta: 68.0m
step 00430/02520 (17.06%) | loss: 3.471879 | lrm: 1.00 | dt: 1943.37ms | tok/sec: 269,783 | bf16_mfu: 0.00 | epoch: 1 pq: 5 rg: 5 | total time: 13.66m | eta: 68.0m
step 00431/02520 (17.10%) | loss: 3.466733 | lrm: 1.00 | dt: 1944.88ms | tok/sec: 269,573 | bf16_mfu: 0.00 | epoch: 1 pq: 5 rg: 6 | total time: 13.70m | eta: 68.0m
step 00432/02520 (17.14%) | loss: 3.466129 | lrm: 1.00 | dt: 1944.08ms | tok/sec: 269,683 | bf16_mfu: 0.00 | epoch: 1 pq: 5 rg: 7 | total time: 13.73m | eta: 67.9m
step 00433/02520 (17.18%) | loss: 3.457035 | lrm: 1.00 | dt: 1944.40ms | tok/sec: 269,640 | bf16_mfu: 0.00 | epoch: 1 pq: 5 rg: 8 | total time: 13.76m | eta: 67.9m
step 00434/02520 (17.22%) | loss: 3.455683 | lrm: 1.00 | dt: 1944.11ms | tok/sec: 269,680 | bf16_mfu: 0.00 | epoch: 1 pq: 5 rg: 9 | total time: 13.79m | eta: 67.9m
step 00435/02520 (17.26%) | loss: 3.456222 | lrm: 1.00 | dt: 1943.02ms | tok/sec: 269,831 | bf16_mfu: 0.00 | epoch: 1 pq: 5 rg: 10 | total time: 13.83m | eta: 67.8m
step 00436/02520 (17.30%) | loss: 3.461812 | lrm: 1.00 | dt: 1942.93ms | tok/sec: 269,843 | bf16_mfu: 0.00 | epoch: 1 pq: 5 rg: 11 | total time: 13.86m | eta: 67.8m
step 00437/02520 (17.34%) | loss: 3.459458 | lrm: 1.00 | dt: 1943.99ms | tok/sec: 269,696 | bf16_mfu: 0.00 | epoch: 1 pq: 5 rg: 12 | total time: 13.89m | eta: 67.8m
step 00438/02520 (17.38%) | loss: 3.444371 | lrm: 1.00 | dt: 1944.17ms | tok/sec: 269,672 | bf16_mfu: 0.00 | epoch: 1 pq: 5 rg: 13 | total time: 13.92m | eta: 67.7m
step 00439/02520 (17.42%) | loss: 3.448842 | lrm: 1.00 | dt: 1944.36ms | tok/sec: 269,645 | bf16_mfu: 0.00 | epoch: 1 pq: 5 rg: 14 | total time: 13.96m | eta: 67.7m
step 00440/02520 (17.46%) | loss: 3.441957 | lrm: 1.00 | dt: 1944.26ms | tok/sec: 269,659 | bf16_mfu: 0.00 | epoch: 1 pq: 5 rg: 15 | total time: 13.99m | eta: 67.7m
step 00441/02520 (17.50%) | loss: 3.444489 | lrm: 1.00 | dt: 1945.59ms | tok/sec: 269,475 | bf16_mfu: 0.00 | epoch: 1 pq: 5 rg: 16 | total time: 14.02m | eta: 67.6m
step 00442/02520 (17.54%) | loss: 3.445779 | lrm: 1.00 | dt: 1945.63ms | tok/sec: 269,469 | bf16_mfu: 0.00 | epoch: 1 pq: 5 rg: 17 | total time: 14.05m | eta: 67.6m
step 00443/02520 (17.58%) | loss: 3.449874 | lrm: 1.00 | dt: 1945.23ms | tok/sec: 269,524 | bf16_mfu: 0.00 | epoch: 1 pq: 5 rg: 18 | total time: 14.09m | eta: 67.6m
step 00444/02520 (17.62%) | loss: 3.436738 | lrm: 1.00 | dt: 1944.58ms | tok/sec: 269,615 | bf16_mfu: 0.00 | epoch: 1 pq: 5 rg: 19 | total time: 14.12m | eta: 67.5m
step 00445/02520 (17.66%) | loss: 3.423105 | lrm: 1.00 | dt: 1946.18ms | tok/sec: 269,393 | bf16_mfu: 0.00 | epoch: 1 pq: 5 rg: 20 | total time: 14.15m | eta: 67.5m
step 00446/02520 (17.70%) | loss: 3.423832 | lrm: 1.00 | dt: 1945.69ms | tok/sec: 269,461 | bf16_mfu: 0.00 | epoch: 1 pq: 5 rg: 21 | total time: 14.18m | eta: 67.5m
step 00447/02520 (17.74%) | loss: 3.420777 | lrm: 1.00 | dt: 1945.88ms | tok/sec: 269,434 | bf16_mfu: 0.00 | epoch: 1 pq: 5 rg: 22 | total time: 14.22m | eta: 67.4m
step 00448/02520 (17.78%) | loss: 3.413892 | lrm: 1.00 | dt: 1946.21ms | tok/sec: 269,389 | bf16_mfu: 0.00 | epoch: 1 pq: 5 rg: 23 | total time: 14.25m | eta: 67.4m
step 00449/02520 (17.82%) | loss: 3.417663 | lrm: 1.00 | dt: 1945.78ms | tok/sec: 269,448 | bf16_mfu: 0.00 | epoch: 1 pq: 5 rg: 24 | total time: 14.28m | eta: 67.4m
step 00450/02520 (17.86%) | loss: 3.424372 | lrm: 1.00 | dt: 1945.20ms | tok/sec: 269,528 | bf16_mfu: 0.00 | epoch: 1 pq: 5 rg: 25 | total time: 14.31m | eta: 67.3m
step 00451/02520 (17.90%) | loss: 3.433238 | lrm: 1.00 | dt: 1944.38ms | tok/sec: 269,643 | bf16_mfu: 0.00 | epoch: 1 pq: 5 rg: 26 | total time: 14.35m | eta: 67.3m
step 00452/02520 (17.94%) | loss: 3.438733 | lrm: 1.00 | dt: 1944.57ms | tok/sec: 269,616 | bf16_mfu: 0.00 | epoch: 1 pq: 5 rg: 27 | total time: 14.38m | eta: 67.3m
step 00453/02520 (17.98%) | loss: 3.450239 | lrm: 1.00 | dt: 1944.22ms | tok/sec: 269,664 | bf16_mfu: 0.00 | epoch: 1 pq: 5 rg: 28 | total time: 14.41m | eta: 67.2m
step 00454/02520 (18.02%) | loss: 3.454699 | lrm: 1.00 | dt: 1943.01ms | tok/sec: 269,833 | bf16_mfu: 0.00 | epoch: 1 pq: 5 rg: 29 | total time: 14.44m | eta: 67.2m
step 00455/02520 (18.06%) | loss: 3.442185 | lrm: 1.00 | dt: 1942.99ms | tok/sec: 269,835 | bf16_mfu: 0.00 | epoch: 1 pq: 5 rg: 29 | total time: 14.47m | eta: 67.2m
step 00456/02520 (18.10%) | loss: 3.440983 | lrm: 1.00 | dt: 1943.01ms | tok/sec: 269,833 | bf16_mfu: 0.00 | epoch: 1 pq: 5 rg: 30 | total time: 14.51m | eta: 67.1m
step 00457/02520 (18.13%) | loss: 3.439707 | lrm: 1.00 | dt: 1941.99ms | tok/sec: 269,974 | bf16_mfu: 0.00 | epoch: 1 pq: 5 rg: 31 | total time: 14.54m | eta: 67.1m
step 00458/02520 (18.17%) | loss: 3.446060 | lrm: 1.00 | dt: 1942.25ms | tok/sec: 269,938 | bf16_mfu: 0.00 | epoch: 1 pq: 5 rg: 32 | total time: 14.57m | eta: 67.1m
step 00459/02520 (18.21%) | loss: 3.441870 | lrm: 1.00 | dt: 1941.32ms | tok/sec: 270,068 | bf16_mfu: 0.00 | epoch: 1 pq: 5 rg: 33 | total time: 14.60m | eta: 67.0m
step 00460/02520 (18.25%) | loss: 3.431582 | lrm: 1.00 | dt: 1943.10ms | tok/sec: 269,820 | bf16_mfu: 0.00 | epoch: 1 pq: 5 rg: 34 | total time: 14.64m | eta: 67.0m
step 00461/02520 (18.29%) | loss: 3.430526 | lrm: 1.00 | dt: 1942.18ms | tok/sec: 269,948 | bf16_mfu: 0.00 | epoch: 1 pq: 5 rg: 35 | total time: 14.67m | eta: 67.0m
step 00462/02520 (18.33%) | loss: 3.422596 | lrm: 1.00 | dt: 1941.80ms | tok/sec: 270,000 | bf16_mfu: 0.00 | epoch: 1 pq: 5 rg: 36 | total time: 14.70m | eta: 66.9m
step 00463/02520 (18.37%) | loss: 3.429001 | lrm: 1.00 | dt: 1941.03ms | tok/sec: 270,108 | bf16_mfu: 0.00 | epoch: 1 pq: 5 rg: 37 | total time: 14.73m | eta: 66.9m
step 00464/02520 (18.41%) | loss: 3.428537 | lrm: 1.00 | dt: 1943.23ms | tok/sec: 269,801 | bf16_mfu: 0.00 | epoch: 1 pq: 5 rg: 38 | total time: 14.77m | eta: 66.9m
step 00465/02520 (18.45%) | loss: 3.433762 | lrm: 1.00 | dt: 1941.71ms | tok/sec: 270,013 | bf16_mfu: 0.00 | epoch: 1 pq: 5 rg: 39 | total time: 14.80m | eta: 66.8m
step 00466/02520 (18.49%) | loss: 3.436559 | lrm: 1.00 | dt: 1942.98ms | tok/sec: 269,836 | bf16_mfu: 0.00 | epoch: 1 pq: 5 rg: 40 | total time: 14.83m | eta: 66.8m
step 00467/02520 (18.53%) | loss: 3.435185 | lrm: 1.00 | dt: 1943.25ms | tok/sec: 269,799 | bf16_mfu: 0.00 | epoch: 1 pq: 5 rg: 41 | total time: 14.86m | eta: 66.8m
step 00468/02520 (18.57%) | loss: 3.433158 | lrm: 1.00 | dt: 1942.67ms | tok/sec: 269,880 | bf16_mfu: 0.00 | epoch: 1 pq: 5 rg: 42 | total time: 14.90m | eta: 66.7m
step 00469/02520 (18.61%) | loss: 3.442019 | lrm: 1.00 | dt: 1943.30ms | tok/sec: 269,791 | bf16_mfu: 0.00 | epoch: 1 pq: 5 rg: 43 | total time: 14.93m | eta: 66.7m
step 00470/02520 (18.65%) | loss: 3.434848 | lrm: 1.00 | dt: 1941.35ms | tok/sec: 270,064 | bf16_mfu: 0.00 | epoch: 1 pq: 5 rg: 44 | total time: 14.96m | eta: 66.7m
step 00471/02520 (18.69%) | loss: 3.428834 | lrm: 1.00 | dt: 1941.58ms | tok/sec: 270,031 | bf16_mfu: 0.00 | epoch: 1 pq: 5 rg: 45 | total time: 14.99m | eta: 66.6m
step 00472/02520 (18.73%) | loss: 3.420207 | lrm: 1.00 | dt: 1942.73ms | tok/sec: 269,872 | bf16_mfu: 0.00 | epoch: 1 pq: 5 rg: 46 | total time: 15.03m | eta: 66.6m
step 00473/02520 (18.77%) | loss: 3.418819 | lrm: 1.00 | dt: 1942.06ms | tok/sec: 269,965 | bf16_mfu: 0.00 | epoch: 1 pq: 5 rg: 47 | total time: 15.06m | eta: 66.6m
step 00474/02520 (18.81%) | loss: 3.432873 | lrm: 1.00 | dt: 1942.61ms | tok/sec: 269,888 | bf16_mfu: 0.00 | epoch: 1 pq: 5 rg: 48 | total time: 15.09m | eta: 66.5m
step 00475/02520 (18.85%) | loss: 3.433847 | lrm: 1.00 | dt: 1941.96ms | tok/sec: 269,978 | bf16_mfu: 0.00 | epoch: 1 pq: 5 rg: 49 | total time: 15.12m | eta: 66.5m
step 00476/02520 (18.89%) | loss: 3.430716 | lrm: 1.00 | dt: 1942.62ms | tok/sec: 269,887 | bf16_mfu: 0.00 | epoch: 1 pq: 5 rg: 50 | total time: 15.15m | eta: 66.5m
step 00477/02520 (18.93%) | loss: 3.431807 | lrm: 1.00 | dt: 1942.29ms | tok/sec: 269,933 | bf16_mfu: 0.00 | epoch: 1 pq: 5 rg: 51 | total time: 15.19m | eta: 66.4m
step 00478/02520 (18.97%) | loss: 3.427533 | lrm: 1.00 | dt: 1941.96ms | tok/sec: 269,978 | bf16_mfu: 0.00 | epoch: 1 pq: 5 rg: 52 | total time: 15.22m | eta: 66.4m
step 00479/02520 (19.01%) | loss: 3.423055 | lrm: 1.00 | dt: 1941.54ms | tok/sec: 270,036 | bf16_mfu: 0.00 | epoch: 1 pq: 5 rg: 53 | total time: 15.25m | eta: 66.4m
step 00480/02520 (19.05%) | loss: 3.405376 | lrm: 1.00 | dt: 1941.19ms | tok/sec: 270,085 | bf16_mfu: 0.00 | epoch: 1 pq: 5 rg: 54 | total time: 15.28m | eta: 66.3m
step 00481/02520 (19.09%) | loss: 3.409971 | lrm: 1.00 | dt: 1941.60ms | tok/sec: 270,028 | bf16_mfu: 0.00 | epoch: 1 pq: 5 rg: 55 | total time: 15.32m | eta: 66.3m
step 00482/02520 (19.13%) | loss: 3.409080 | lrm: 1.00 | dt: 1942.36ms | tok/sec: 269,923 | bf16_mfu: 0.00 | epoch: 1 pq: 5 rg: 56 | total time: 15.35m | eta: 66.3m
step 00483/02520 (19.17%) | loss: 3.409616 | lrm: 1.00 | dt: 1942.23ms | tok/sec: 269,941 | bf16_mfu: 0.00 | epoch: 1 pq: 5 rg: 57 | total time: 15.38m | eta: 66.2m
step 00484/02520 (19.21%) | loss: 3.396535 | lrm: 1.00 | dt: 1942.18ms | tok/sec: 269,947 | bf16_mfu: 0.00 | epoch: 1 pq: 5 rg: 58 | total time: 15.41m | eta: 66.2m
step 00485/02520 (19.25%) | loss: 3.387174 | lrm: 1.00 | dt: 1944.51ms | tok/sec: 269,624 | bf16_mfu: 0.00 | epoch: 1 pq: 5 rg: 59 | total time: 15.45m | eta: 66.2m
step 00486/02520 (19.29%) | loss: 3.387826 | lrm: 1.00 | dt: 1942.62ms | tok/sec: 269,887 | bf16_mfu: 0.00 | epoch: 1 pq: 5 rg: 60 | total time: 15.48m | eta: 66.1m
step 00487/02520 (19.33%) | loss: 3.373071 | lrm: 1.00 | dt: 1943.55ms | tok/sec: 269,757 | bf16_mfu: 0.00 | epoch: 1 pq: 5 rg: 61 | total time: 15.51m | eta: 66.1m
step 00488/02520 (19.37%) | loss: 3.391465 | lrm: 1.00 | dt: 1939.88ms | tok/sec: 270,268 | bf16_mfu: 0.00 | epoch: 1 pq: 5 rg: 61 | total time: 15.54m | eta: 66.1m
step 00489/02520 (19.40%) | loss: 3.390192 | lrm: 1.00 | dt: 1943.18ms | tok/sec: 269,808 | bf16_mfu: 0.00 | epoch: 1 pq: 5 rg: 62 | total time: 15.58m | eta: 66.0m
step 00490/02520 (19.44%) | loss: 3.390366 | lrm: 1.00 | dt: 1943.76ms | tok/sec: 269,728 | bf16_mfu: 0.00 | epoch: 1 pq: 5 rg: 63 | total time: 15.61m | eta: 66.0m
step 00491/02520 (19.48%) | loss: 3.392359 | lrm: 1.00 | dt: 1944.69ms | tok/sec: 269,599 | bf16_mfu: 0.00 | epoch: 1 pq: 5 rg: 64 | total time: 15.64m | eta: 66.0m
step 00492/02520 (19.52%) | loss: 3.389842 | lrm: 1.00 | dt: 1944.06ms | tok/sec: 269,687 | bf16_mfu: 0.00 | epoch: 1 pq: 5 rg: 65 | total time: 15.67m | eta: 65.9m
step 00493/02520 (19.56%) | loss: 3.394203 | lrm: 1.00 | dt: 1943.38ms | tok/sec: 269,782 | bf16_mfu: 0.00 | epoch: 1 pq: 5 rg: 66 | total time: 15.70m | eta: 65.9m
step 00494/02520 (19.60%) | loss: 3.395119 | lrm: 1.00 | dt: 1943.12ms | tok/sec: 269,817 | bf16_mfu: 0.00 | epoch: 1 pq: 5 rg: 67 | total time: 15.74m | eta: 65.9m
step 00495/02520 (19.64%) | loss: 3.388569 | lrm: 1.00 | dt: 1941.60ms | tok/sec: 270,028 | bf16_mfu: 0.00 | epoch: 1 pq: 5 rg: 68 | total time: 15.77m | eta: 65.8m
step 00496/02520 (19.68%) | loss: 3.391906 | lrm: 1.00 | dt: 1943.08ms | tok/sec: 269,823 | bf16_mfu: 0.00 | epoch: 1 pq: 5 rg: 69 | total time: 15.80m | eta: 65.8m
step 00497/02520 (19.72%) | loss: 3.402431 | lrm: 1.00 | dt: 1941.59ms | tok/sec: 270,030 | bf16_mfu: 0.00 | epoch: 1 pq: 5 rg: 70 | total time: 15.83m | eta: 65.8m
step 00498/02520 (19.76%) | loss: 3.399589 | lrm: 1.00 | dt: 1941.61ms | tok/sec: 270,027 | bf16_mfu: 0.00 | epoch: 1 pq: 5 rg: 71 | total time: 15.87m | eta: 65.7m
step 00499/02520 (19.80%) | loss: 3.406261 | lrm: 1.00 | dt: 1942.78ms | tok/sec: 269,864 | bf16_mfu: 0.00 | epoch: 1 pq: 5 rg: 72 | total time: 15.90m | eta: 65.7m
Step 00500 | Validation bpb: 1.036518
step 00500/02520 (19.84%) | loss: 3.416565 | lrm: 1.00 | dt: 1925.57ms | tok/sec: 272,276 | bf16_mfu: 0.00 | epoch: 1 pq: 5 rg: 73 | total time: 15.93m | eta: 65.7m
step 00501/02520 (19.88%) | loss: 3.409767 | lrm: 1.00 | dt: 1933.36ms | tok/sec: 271,179 | bf16_mfu: 0.00 | epoch: 1 pq: 5 rg: 74 | total time: 15.96m | eta: 65.6m
step 00502/02520 (19.92%) | loss: 3.406744 | lrm: 1.00 | dt: 1933.56ms | tok/sec: 271,151 | bf16_mfu: 0.00 | epoch: 1 pq: 5 rg: 75 | total time: 16.00m | eta: 65.6m
step 00503/02520 (19.96%) | loss: 3.397434 | lrm: 1.00 | dt: 1933.39ms | tok/sec: 271,175 | bf16_mfu: 0.00 | epoch: 1 pq: 5 rg: 76 | total time: 16.03m | eta: 65.6m
step 00504/02520 (20.00%) | loss: 3.393305 | lrm: 1.00 | dt: 1934.90ms | tok/sec: 270,963 | bf16_mfu: 0.00 | epoch: 1 pq: 5 rg: 77 | total time: 16.06m | eta: 65.5m
step 00505/02520 (20.04%) | loss: 3.398585 | lrm: 1.00 | dt: 1934.88ms | tok/sec: 270,966 | bf16_mfu: 0.00 | epoch: 1 pq: 5 rg: 78 | total time: 16.09m | eta: 65.5m
step 00506/02520 (20.08%) | loss: 3.389057 | lrm: 1.00 | dt: 1934.35ms | tok/sec: 271,040 | bf16_mfu: 0.00 | epoch: 1 pq: 5 rg: 79 | total time: 16.12m | eta: 65.5m
step 00507/02520 (20.12%) | loss: 3.389612 | lrm: 1.00 | dt: 1933.79ms | tok/sec: 271,119 | bf16_mfu: 0.00 | epoch: 1 pq: 5 rg: 80 | total time: 16.16m | eta: 65.4m
step 00508/02520 (20.16%) | loss: 3.390832 | lrm: 1.00 | dt: 1934.91ms | tok/sec: 270,962 | bf16_mfu: 0.00 | epoch: 1 pq: 5 rg: 81 | total time: 16.19m | eta: 65.4m
step 00509/02520 (20.20%) | loss: 3.397565 | lrm: 1.00 | dt: 1936.64ms | tok/sec: 270,720 | bf16_mfu: 0.00 | epoch: 1 pq: 5 rg: 82 | total time: 16.22m | eta: 65.4m
step 00510/02520 (20.24%) | loss: 3.383461 | lrm: 1.00 | dt: 1933.26ms | tok/sec: 271,193 | bf16_mfu: 0.00 | epoch: 1 pq: 6 rg: 0 | total time: 16.25m | eta: 65.3m
step 00511/02520 (20.28%) | loss: 3.380453 | lrm: 1.00 | dt: 1935.06ms | tok/sec: 270,941 | bf16_mfu: 0.00 | epoch: 1 pq: 6 rg: 1 | total time: 16.29m | eta: 65.3m
step 00512/02520 (20.32%) | loss: 3.384053 | lrm: 1.00 | dt: 1935.69ms | tok/sec: 270,853 | bf16_mfu: 0.00 | epoch: 1 pq: 6 rg: 2 | total time: 16.32m | eta: 65.3m
step 00513/02520 (20.36%) | loss: 3.375025 | lrm: 1.00 | dt: 1936.00ms | tok/sec: 270,809 | bf16_mfu: 0.00 | epoch: 1 pq: 6 rg: 3 | total time: 16.35m | eta: 65.2m
step 00514/02520 (20.40%) | loss: 3.376254 | lrm: 1.00 | dt: 1935.67ms | tok/sec: 270,856 | bf16_mfu: 0.00 | epoch: 1 pq: 6 rg: 4 | total time: 16.38m | eta: 65.2m
step 00515/02520 (20.44%) | loss: 3.379638 | lrm: 1.00 | dt: 1934.11ms | tok/sec: 271,075 | bf16_mfu: 0.00 | epoch: 1 pq: 6 rg: 5 | total time: 16.41m | eta: 65.2m
step 00516/02520 (20.48%) | loss: 3.382519 | lrm: 1.00 | dt: 1936.00ms | tok/sec: 270,810 | bf16_mfu: 0.00 | epoch: 1 pq: 6 rg: 6 | total time: 16.45m | eta: 65.1m
step 00517/02520 (20.52%) | loss: 3.373524 | lrm: 1.00 | dt: 1936.82ms | tok/sec: 270,695 | bf16_mfu: 0.00 | epoch: 1 pq: 6 rg: 7 | total time: 16.48m | eta: 65.1m
step 00518/02520 (20.56%) | loss: 3.368045 | lrm: 1.00 | dt: 1935.92ms | tok/sec: 270,821 | bf16_mfu: 0.00 | epoch: 1 pq: 6 rg: 8 | total time: 16.51m | eta: 65.1m
step 00519/02520 (20.60%) | loss: 3.372969 | lrm: 1.00 | dt: 1933.72ms | tok/sec: 271,128 | bf16_mfu: 0.00 | epoch: 1 pq: 6 rg: 9 | total time: 16.54m | eta: 65.0m
step 00520/02520 (20.63%) | loss: 3.365946 | lrm: 1.00 | dt: 1935.15ms | tok/sec: 270,929 | bf16_mfu: 0.00 | epoch: 1 pq: 6 rg: 9 | total time: 16.58m | eta: 65.0m
step 00521/02520 (20.67%) | loss: 3.371856 | lrm: 1.00 | dt: 1934.99ms | tok/sec: 270,951 | bf16_mfu: 0.00 | epoch: 1 pq: 6 rg: 10 | total time: 16.61m | eta: 65.0m
step 00522/02520 (20.71%) | loss: 3.367134 | lrm: 1.00 | dt: 1937.49ms | tok/sec: 270,601 | bf16_mfu: 0.00 | epoch: 1 pq: 6 rg: 11 | total time: 16.64m | eta: 64.9m
step 00523/02520 (20.75%) | loss: 3.373762 | lrm: 1.00 | dt: 1936.43ms | tok/sec: 270,749 | bf16_mfu: 0.00 | epoch: 1 pq: 6 rg: 12 | total time: 16.67m | eta: 64.9m
step 00524/02520 (20.79%) | loss: 3.376843 | lrm: 1.00 | dt: 1934.92ms | tok/sec: 270,961 | bf16_mfu: 0.00 | epoch: 1 pq: 6 rg: 13 | total time: 16.71m | eta: 64.9m
step 00525/02520 (20.83%) | loss: 3.382737 | lrm: 1.00 | dt: 1934.43ms | tok/sec: 271,030 | bf16_mfu: 0.00 | epoch: 1 pq: 6 rg: 14 | total time: 16.74m | eta: 64.8m
step 00526/02520 (20.87%) | loss: 3.367427 | lrm: 1.00 | dt: 1937.07ms | tok/sec: 270,660 | bf16_mfu: 0.00 | epoch: 1 pq: 6 rg: 15 | total time: 16.77m | eta: 64.8m
step 00527/02520 (20.91%) | loss: 3.355552 | lrm: 1.00 | dt: 1937.22ms | tok/sec: 270,639 | bf16_mfu: 0.00 | epoch: 1 pq: 6 rg: 16 | total time: 16.80m | eta: 64.8m
step 00528/02520 (20.95%) | loss: 3.358078 | lrm: 1.00 | dt: 1937.79ms | tok/sec: 270,559 | bf16_mfu: 0.00 | epoch: 1 pq: 6 rg: 17 | total time: 16.83m | eta: 64.7m
step 00529/02520 (20.99%) | loss: 3.363869 | lrm: 1.00 | dt: 1937.14ms | tok/sec: 270,651 | bf16_mfu: 0.00 | epoch: 1 pq: 6 rg: 18 | total time: 16.87m | eta: 64.7m
step 00530/02520 (21.03%) | loss: 3.369788 | lrm: 1.00 | dt: 1936.73ms | tok/sec: 270,707 | bf16_mfu: 0.00 | epoch: 1 pq: 6 rg: 19 | total time: 16.90m | eta: 64.7m
step 00531/02520 (21.07%) | loss: 3.364757 | lrm: 1.00 | dt: 1936.23ms | tok/sec: 270,777 | bf16_mfu: 0.00 | epoch: 1 pq: 6 rg: 20 | total time: 16.93m | eta: 64.6m
step 00532/02520 (21.11%) | loss: 3.374144 | lrm: 1.00 | dt: 1937.55ms | tok/sec: 270,593 | bf16_mfu: 0.00 | epoch: 1 pq: 6 rg: 21 | total time: 16.96m | eta: 64.6m
step 00533/02520 (21.15%) | loss: 3.361871 | lrm: 1.00 | dt: 1937.42ms | tok/sec: 270,611 | bf16_mfu: 0.00 | epoch: 1 pq: 6 rg: 22 | total time: 17.00m | eta: 64.6m
step 00534/02520 (21.19%) | loss: 3.370885 | lrm: 1.00 | dt: 1937.82ms | tok/sec: 270,555 | bf16_mfu: 0.00 | epoch: 1 pq: 6 rg: 23 | total time: 17.03m | eta: 64.5m
step 00535/02520 (21.23%) | loss: 3.369450 | lrm: 1.00 | dt: 1937.88ms | tok/sec: 270,546 | bf16_mfu: 0.00 | epoch: 1 pq: 6 rg: 24 | total time: 17.06m | eta: 64.5m
step 00536/02520 (21.27%) | loss: 3.372540 | lrm: 1.00 | dt: 1937.65ms | tok/sec: 270,579 | bf16_mfu: 0.00 | epoch: 1 pq: 6 rg: 25 | total time: 17.09m | eta: 64.5m
step 00537/02520 (21.31%) | loss: 3.377512 | lrm: 1.00 | dt: 1936.57ms | tok/sec: 270,730 | bf16_mfu: 0.00 | epoch: 1 pq: 6 rg: 26 | total time: 17.12m | eta: 64.4m
step 00538/02520 (21.35%) | loss: 3.370630 | lrm: 1.00 | dt: 1937.51ms | tok/sec: 270,599 | bf16_mfu: 0.00 | epoch: 1 pq: 6 rg: 27 | total time: 17.16m | eta: 64.4m
step 00539/02520 (21.39%) | loss: 3.370814 | lrm: 1.00 | dt: 1937.41ms | tok/sec: 270,613 | bf16_mfu: 0.00 | epoch: 1 pq: 6 rg: 28 | total time: 17.19m | eta: 64.4m
step 00540/02520 (21.43%) | loss: 3.361037 | lrm: 1.00 | dt: 1940.62ms | tok/sec: 270,164 | bf16_mfu: 0.00 | epoch: 1 pq: 6 rg: 29 | total time: 17.22m | eta: 64.3m
step 00541/02520 (21.47%) | loss: 3.347351 | lrm: 1.00 | dt: 1937.58ms | tok/sec: 270,589 | bf16_mfu: 0.00 | epoch: 1 pq: 6 rg: 30 | total time: 17.25m | eta: 64.3m
step 00542/02520 (21.51%) | loss: 3.351354 | lrm: 1.00 | dt: 1938.85ms | tok/sec: 270,412 | bf16_mfu: 0.00 | epoch: 1 pq: 6 rg: 31 | total time: 17.29m | eta: 64.3m
step 00543/02520 (21.55%) | loss: 3.353596 | lrm: 1.00 | dt: 1938.76ms | tok/sec: 270,423 | bf16_mfu: 0.00 | epoch: 1 pq: 6 rg: 32 | total time: 17.32m | eta: 64.2m
step 00544/02520 (21.59%) | loss: 3.355004 | lrm: 1.00 | dt: 1939.23ms | tok/sec: 270,358 | bf16_mfu: 0.00 | epoch: 1 pq: 6 rg: 33 | total time: 17.35m | eta: 64.2m
step 00545/02520 (21.63%) | loss: 3.359001 | lrm: 1.00 | dt: 1939.61ms | tok/sec: 270,305 | bf16_mfu: 0.00 | epoch: 1 pq: 6 rg: 34 | total time: 17.38m | eta: 64.2m
step 00546/02520 (21.67%) | loss: 3.371761 | lrm: 1.00 | dt: 1939.95ms | tok/sec: 270,257 | bf16_mfu: 0.00 | epoch: 1 pq: 6 rg: 34 | total time: 17.42m | eta: 64.1m
step 00547/02520 (21.71%) | loss: 3.370842 | lrm: 1.00 | dt: 1939.23ms | tok/sec: 270,358 | bf16_mfu: 0.00 | epoch: 1 pq: 6 rg: 35 | total time: 17.45m | eta: 64.1m
step 00548/02520 (21.75%) | loss: 3.369470 | lrm: 1.00 | dt: 1939.89ms | tok/sec: 270,266 | bf16_mfu: 0.00 | epoch: 1 pq: 6 rg: 36 | total time: 17.48m | eta: 64.1m
step 00549/02520 (21.79%) | loss: 3.361479 | lrm: 1.00 | dt: 1939.39ms | tok/sec: 270,336 | bf16_mfu: 0.00 | epoch: 1 pq: 6 rg: 37 | total time: 17.51m | eta: 64.0m
step 00550/02520 (21.83%) | loss: 3.354485 | lrm: 1.00 | dt: 1939.80ms | tok/sec: 270,279 | bf16_mfu: 0.00 | epoch: 1 pq: 6 rg: 38 | total time: 17.55m | eta: 64.0m
step 00551/02520 (21.87%) | loss: 3.352888 | lrm: 1.00 | dt: 1940.91ms | tok/sec: 270,124 | bf16_mfu: 0.00 | epoch: 1 pq: 6 rg: 39 | total time: 17.58m | eta: 64.0m
step 00552/02520 (21.90%) | loss: 3.356524 | lrm: 1.00 | dt: 1940.15ms | tok/sec: 270,230 | bf16_mfu: 0.00 | epoch: 1 pq: 6 rg: 40 | total time: 17.61m | eta: 63.9m
step 00553/02520 (21.94%) | loss: 3.352228 | lrm: 1.00 | dt: 1939.82ms | tok/sec: 270,276 | bf16_mfu: 0.00 | epoch: 1 pq: 6 rg: 41 | total time: 17.64m | eta: 63.9m
step 00554/02520 (21.98%) | loss: 3.347824 | lrm: 1.00 | dt: 1941.41ms | tok/sec: 270,055 | bf16_mfu: 0.00 | epoch: 1 pq: 6 rg: 42 | total time: 17.67m | eta: 63.9m
step 00555/02520 (22.02%) | loss: 3.356761 | lrm: 1.00 | dt: 1940.70ms | tok/sec: 270,153 | bf16_mfu: 0.00 | epoch: 1 pq: 6 rg: 43 | total time: 17.71m | eta: 63.8m
step 00556/02520 (22.06%) | loss: 3.350008 | lrm: 1.00 | dt: 1940.54ms | tok/sec: 270,176 | bf16_mfu: 0.00 | epoch: 1 pq: 6 rg: 44 | total time: 17.74m | eta: 63.8m
step 00557/02520 (22.10%) | loss: 3.353538 | lrm: 1.00 | dt: 1939.72ms | tok/sec: 270,291 | bf16_mfu: 0.00 | epoch: 1 pq: 6 rg: 45 | total time: 17.77m | eta: 63.8m
step 00558/02520 (22.14%) | loss: 3.343462 | lrm: 1.00 | dt: 1939.58ms | tok/sec: 270,310 | bf16_mfu: 0.00 | epoch: 1 pq: 6 rg: 46 | total time: 17.80m | eta: 63.7m
step 00559/02520 (22.18%) | loss: 3.348356 | lrm: 1.00 | dt: 1940.07ms | tok/sec: 270,241 | bf16_mfu: 0.00 | epoch: 1 pq: 6 rg: 47 | total time: 17.84m | eta: 63.7m
step 00560/02520 (22.22%) | loss: 3.360685 | lrm: 1.00 | dt: 1939.91ms | tok/sec: 270,264 | bf16_mfu: 0.00 | epoch: 1 pq: 6 rg: 48 | total time: 17.87m | eta: 63.7m
step 00561/02520 (22.26%) | loss: 3.359972 | lrm: 1.00 | dt: 1939.92ms | tok/sec: 270,263 | bf16_mfu: 0.00 | epoch: 1 pq: 6 rg: 49 | total time: 17.90m | eta: 63.6m
step 00562/02520 (22.30%) | loss: 3.348329 | lrm: 1.00 | dt: 1940.21ms | tok/sec: 270,222 | bf16_mfu: 0.00 | epoch: 1 pq: 6 rg: 50 | total time: 17.93m | eta: 63.6m
step 00563/02520 (22.34%) | loss: 3.346233 | lrm: 1.00 | dt: 1939.55ms | tok/sec: 270,314 | bf16_mfu: 0.00 | epoch: 1 pq: 6 rg: 51 | total time: 17.97m | eta: 63.6m
step 00564/02520 (22.38%) | loss: 3.349678 | lrm: 1.00 | dt: 1939.14ms | tok/sec: 270,371 | bf16_mfu: 0.00 | epoch: 1 pq: 6 rg: 52 | total time: 18.00m | eta: 63.5m
step 00565/02520 (22.42%) | loss: 3.355369 | lrm: 1.00 | dt: 1939.69ms | tok/sec: 270,295 | bf16_mfu: 0.00 | epoch: 1 pq: 6 rg: 53 | total time: 18.03m | eta: 63.5m
step 00566/02520 (22.46%) | loss: 3.364909 | lrm: 1.00 | dt: 1940.29ms | tok/sec: 270,211 | bf16_mfu: 0.00 | epoch: 1 pq: 6 rg: 54 | total time: 18.06m | eta: 63.5m
step 00567/02520 (22.50%) | loss: 3.358777 | lrm: 1.00 | dt: 1940.41ms | tok/sec: 270,193 | bf16_mfu: 0.00 | epoch: 1 pq: 6 rg: 55 | total time: 18.09m | eta: 63.4m
step 00568/02520 (22.54%) | loss: 3.363505 | lrm: 1.00 | dt: 1940.47ms | tok/sec: 270,186 | bf16_mfu: 0.00 | epoch: 1 pq: 6 rg: 56 | total time: 18.13m | eta: 63.4m
step 00569/02520 (22.58%) | loss: 3.356022 | lrm: 1.00 | dt: 1940.28ms | tok/sec: 270,212 | bf16_mfu: 0.00 | epoch: 1 pq: 6 rg: 57 | total time: 18.16m | eta: 63.4m
step 00570/02520 (22.62%) | loss: 3.359600 | lrm: 1.00 | dt: 1940.87ms | tok/sec: 270,131 | bf16_mfu: 0.00 | epoch: 1 pq: 6 rg: 58 | total time: 18.19m | eta: 63.3m
step 00571/02520 (22.66%) | loss: 3.365478 | lrm: 1.00 | dt: 1940.72ms | tok/sec: 270,150 | bf16_mfu: 0.00 | epoch: 1 pq: 6 rg: 59 | total time: 18.22m | eta: 63.3m
step 00572/02520 (22.70%) | loss: 3.366814 | lrm: 1.00 | dt: 1939.84ms | tok/sec: 270,274 | bf16_mfu: 0.00 | epoch: 1 pq: 6 rg: 60 | total time: 18.26m | eta: 63.3m
step 00573/02520 (22.74%) | loss: 3.371355 | lrm: 1.00 | dt: 1940.74ms | tok/sec: 270,148 | bf16_mfu: 0.00 | epoch: 1 pq: 6 rg: 61 | total time: 18.29m | eta: 63.2m
step 00574/02520 (22.78%) | loss: 3.364081 | lrm: 1.00 | dt: 1942.58ms | tok/sec: 269,893 | bf16_mfu: 0.00 | epoch: 1 pq: 6 rg: 62 | total time: 18.32m | eta: 63.2m
step 00575/02520 (22.82%) | loss: 3.357927 | lrm: 1.00 | dt: 1940.28ms | tok/sec: 270,212 | bf16_mfu: 0.00 | epoch: 1 pq: 6 rg: 63 | total time: 18.35m | eta: 63.2m
step 00576/02520 (22.86%) | loss: 3.358794 | lrm: 1.00 | dt: 1942.21ms | tok/sec: 269,944 | bf16_mfu: 0.00 | epoch: 1 pq: 6 rg: 64 | total time: 18.39m | eta: 63.1m
step 00577/02520 (22.90%) | loss: 3.354998 | lrm: 1.00 | dt: 1942.41ms | tok/sec: 269,915 | bf16_mfu: 0.00 | epoch: 1 pq: 6 rg: 65 | total time: 18.42m | eta: 63.1m
step 00578/02520 (22.94%) | loss: 3.350043 | lrm: 1.00 | dt: 1942.91ms | tok/sec: 269,847 | bf16_mfu: 0.00 | epoch: 1 pq: 6 rg: 66 | total time: 18.45m | eta: 63.1m
step 00579/02520 (22.98%) | loss: 3.355273 | lrm: 1.00 | dt: 1942.68ms | tok/sec: 269,878 | bf16_mfu: 0.00 | epoch: 1 pq: 6 rg: 67 | total time: 18.48m | eta: 63.1m
step 00580/02520 (23.02%) | loss: 3.350850 | lrm: 1.00 | dt: 1942.23ms | tok/sec: 269,940 | bf16_mfu: 0.00 | epoch: 1 pq: 6 rg: 68 | total time: 18.52m | eta: 63.0m
step 00581/02520 (23.06%) | loss: 3.347035 | lrm: 1.00 | dt: 1941.66ms | tok/sec: 270,020 | bf16_mfu: 0.00 | epoch: 1 pq: 6 rg: 68 | total time: 18.55m | eta: 63.0m
step 00582/02520 (23.10%) | loss: 3.335331 | lrm: 1.00 | dt: 1940.92ms | tok/sec: 270,122 | bf16_mfu: 0.00 | epoch: 1 pq: 6 rg: 69 | total time: 18.58m | eta: 63.0m
step 00583/02520 (23.13%) | loss: 3.340631 | lrm: 1.00 | dt: 1940.15ms | tok/sec: 270,230 | bf16_mfu: 0.00 | epoch: 1 pq: 6 rg: 70 | total time: 18.61m | eta: 62.9m
step 00584/02520 (23.17%) | loss: 3.339171 | lrm: 1.00 | dt: 1939.54ms | tok/sec: 270,315 | bf16_mfu: 0.00 | epoch: 1 pq: 6 rg: 71 | total time: 18.64m | eta: 62.9m
step 00585/02520 (23.21%) | loss: 3.346395 | lrm: 1.00 | dt: 1939.58ms | tok/sec: 270,309 | bf16_mfu: 0.00 | epoch: 1 pq: 6 rg: 72 | total time: 18.68m | eta: 62.9m
step 00586/02520 (23.25%) | loss: 3.360191 | lrm: 1.00 | dt: 1939.39ms | tok/sec: 270,337 | bf16_mfu: 0.00 | epoch: 1 pq: 6 rg: 73 | total time: 18.71m | eta: 62.8m
step 00587/02520 (23.29%) | loss: 3.353908 | lrm: 1.00 | dt: 1939.78ms | tok/sec: 270,281 | bf16_mfu: 0.00 | epoch: 1 pq: 6 rg: 74 | total time: 18.74m | eta: 62.8m
step 00588/02520 (23.33%) | loss: 3.353723 | lrm: 1.00 | dt: 1939.71ms | tok/sec: 270,292 | bf16_mfu: 0.00 | epoch: 1 pq: 6 rg: 75 | total time: 18.77m | eta: 62.8m
step 00589/02520 (23.37%) | loss: 3.352981 | lrm: 1.00 | dt: 1940.32ms | tok/sec: 270,206 | bf16_mfu: 0.00 | epoch: 1 pq: 6 rg: 76 | total time: 18.81m | eta: 62.7m
step 00590/02520 (23.41%) | loss: 3.354358 | lrm: 1.00 | dt: 1939.52ms | tok/sec: 270,318 | bf16_mfu: 0.00 | epoch: 1 pq: 6 rg: 77 | total time: 18.84m | eta: 62.7m
step 00591/02520 (23.45%) | loss: 3.363183 | lrm: 1.00 | dt: 1940.85ms | tok/sec: 270,133 | bf16_mfu: 0.00 | epoch: 1 pq: 6 rg: 78 | total time: 18.87m | eta: 62.7m
step 00592/02520 (23.49%) | loss: 3.348220 | lrm: 1.00 | dt: 1938.14ms | tok/sec: 270,510 | bf16_mfu: 0.00 | epoch: 1 pq: 6 rg: 79 | total time: 18.90m | eta: 62.6m
step 00593/02520 (23.53%) | loss: 3.346884 | lrm: 1.00 | dt: 1939.97ms | tok/sec: 270,255 | bf16_mfu: 0.00 | epoch: 1 pq: 6 rg: 80 | total time: 18.94m | eta: 62.6m
step 00594/02520 (23.57%) | loss: 3.347618 | lrm: 1.00 | dt: 1941.30ms | tok/sec: 270,070 | bf16_mfu: 0.00 | epoch: 1 pq: 6 rg: 81 | total time: 18.97m | eta: 62.6m
step 00595/02520 (23.61%) | loss: 3.351898 | lrm: 1.00 | dt: 1941.34ms | tok/sec: 270,065 | bf16_mfu: 0.00 | epoch: 1 pq: 7 rg: 0 | total time: 19.00m | eta: 62.5m
step 00596/02520 (23.65%) | loss: 3.346664 | lrm: 1.00 | dt: 1940.38ms | tok/sec: 270,198 | bf16_mfu: 0.00 | epoch: 1 pq: 7 rg: 1 | total time: 19.03m | eta: 62.5m
step 00597/02520 (23.69%) | loss: 3.354313 | lrm: 1.00 | dt: 1941.39ms | tok/sec: 270,057 | bf16_mfu: 0.00 | epoch: 1 pq: 7 rg: 2 | total time: 19.07m | eta: 62.5m
step 00598/02520 (23.73%) | loss: 3.349963 | lrm: 1.00 | dt: 1939.59ms | tok/sec: 270,308 | bf16_mfu: 0.00 | epoch: 1 pq: 7 rg: 3 | total time: 19.10m | eta: 62.4m
step 00599/02520 (23.77%) | loss: 3.341261 | lrm: 1.00 | dt: 1940.39ms | tok/sec: 270,197 | bf16_mfu: 0.00 | epoch: 1 pq: 7 rg: 4 | total time: 19.13m | eta: 62.4m
step 00600/02520 (23.81%) | loss: 3.334380 | lrm: 1.00 | dt: 1939.69ms | tok/sec: 270,295 | bf16_mfu: 0.00 | epoch: 1 pq: 7 rg: 5 | total time: 19.16m | eta: 62.4m
step 00601/02520 (23.85%) | loss: 3.343734 | lrm: 1.00 | dt: 1939.84ms | tok/sec: 270,273 | bf16_mfu: 0.00 | epoch: 1 pq: 7 rg: 6 | total time: 19.19m | eta: 62.3m
step 00602/02520 (23.89%) | loss: 3.356749 | lrm: 1.00 | dt: 1940.80ms | tok/sec: 270,140 | bf16_mfu: 0.00 | epoch: 1 pq: 7 rg: 7 | total time: 19.23m | eta: 62.3m
step 00603/02520 (23.93%) | loss: 3.352234 | lrm: 1.00 | dt: 1939.93ms | tok/sec: 270,260 | bf16_mfu: 0.00 | epoch: 1 pq: 7 rg: 8 | total time: 19.26m | eta: 62.3m
step 00604/02520 (23.97%) | loss: 3.339864 | lrm: 1.00 | dt: 1939.41ms | tok/sec: 270,333 | bf16_mfu: 0.00 | epoch: 1 pq: 7 rg: 9 | total time: 19.29m | eta: 62.2m
step 00605/02520 (24.01%) | loss: 3.338617 | lrm: 1.00 | dt: 1939.41ms | tok/sec: 270,334 | bf16_mfu: 0.00 | epoch: 1 pq: 7 rg: 10 | total time: 19.32m | eta: 62.2m
step 00606/02520 (24.05%) | loss: 3.348781 | lrm: 1.00 | dt: 1939.81ms | tok/sec: 270,277 | bf16_mfu: 0.00 | epoch: 1 pq: 7 rg: 11 | total time: 19.36m | eta: 62.2m
step 00607/02520 (24.09%) | loss: 3.356229 | lrm: 1.00 | dt: 1939.29ms | tok/sec: 270,349 | bf16_mfu: 0.00 | epoch: 1 pq: 7 rg: 12 | total time: 19.39m | eta: 62.1m
step 00608/02520 (24.13%) | loss: 3.341360 | lrm: 1.00 | dt: 1938.34ms | tok/sec: 270,483 | bf16_mfu: 0.00 | epoch: 1 pq: 7 rg: 13 | total time: 19.42m | eta: 62.1m
step 00609/02520 (24.17%) | loss: 3.355033 | lrm: 1.00 | dt: 1939.30ms | tok/sec: 270,349 | bf16_mfu: 0.00 | epoch: 1 pq: 7 rg: 14 | total time: 19.45m | eta: 62.1m
step 00610/02520 (24.21%) | loss: 3.363289 | lrm: 1.00 | dt: 1939.31ms | tok/sec: 270,347 | bf16_mfu: 0.00 | epoch: 1 pq: 7 rg: 15 | total time: 19.49m | eta: 62.0m
step 00611/02520 (24.25%) | loss: 3.365305 | lrm: 1.00 | dt: 1939.56ms | tok/sec: 270,312 | bf16_mfu: 0.00 | epoch: 1 pq: 7 rg: 16 | total time: 19.52m | eta: 62.0m
step 00612/02520 (24.29%) | loss: 3.352312 | lrm: 1.00 | dt: 1939.57ms | tok/sec: 270,311 | bf16_mfu: 0.00 | epoch: 1 pq: 7 rg: 16 | total time: 19.55m | eta: 62.0m
step 00613/02520 (24.33%) | loss: 3.352769 | lrm: 1.00 | dt: 1939.98ms | tok/sec: 270,254 | bf16_mfu: 0.00 | epoch: 1 pq: 7 rg: 17 | total time: 19.58m | eta: 61.9m
step 00614/02520 (24.37%) | loss: 3.358418 | lrm: 1.00 | dt: 1938.75ms | tok/sec: 270,425 | bf16_mfu: 0.00 | epoch: 1 pq: 7 rg: 18 | total time: 19.61m | eta: 61.9m
step 00615/02520 (24.40%) | loss: 3.364320 | lrm: 1.00 | dt: 1938.24ms | tok/sec: 270,496 | bf16_mfu: 0.00 | epoch: 1 pq: 7 rg: 19 | total time: 19.65m | eta: 61.9m
step 00616/02520 (24.44%) | loss: 3.366515 | lrm: 1.00 | dt: 1939.81ms | tok/sec: 270,278 | bf16_mfu: 0.00 | epoch: 1 pq: 7 rg: 20 | total time: 19.68m | eta: 61.8m
step 00617/02520 (24.48%) | loss: 3.363575 | lrm: 1.00 | dt: 1940.89ms | tok/sec: 270,128 | bf16_mfu: 0.00 | epoch: 1 pq: 7 rg: 21 | total time: 19.71m | eta: 61.8m
step 00618/02520 (24.52%) | loss: 3.349225 | lrm: 1.00 | dt: 1940.68ms | tok/sec: 270,156 | bf16_mfu: 0.00 | epoch: 1 pq: 7 rg: 22 | total time: 19.74m | eta: 61.8m
step 00619/02520 (24.56%) | loss: 3.349614 | lrm: 1.00 | dt: 1939.32ms | tok/sec: 270,346 | bf16_mfu: 0.00 | epoch: 1 pq: 7 rg: 23 | total time: 19.78m | eta: 61.7m
step 00620/02520 (24.60%) | loss: 3.350190 | lrm: 1.00 | dt: 1940.08ms | tok/sec: 270,239 | bf16_mfu: 0.00 | epoch: 1 pq: 7 rg: 24 | total time: 19.81m | eta: 61.7m
step 00621/02520 (24.64%) | loss: 3.345142 | lrm: 1.00 | dt: 1941.30ms | tok/sec: 270,071 | bf16_mfu: 0.00 | epoch: 1 pq: 7 rg: 25 | total time: 19.84m | eta: 61.7m
step 00622/02520 (24.68%) | loss: 3.360307 | lrm: 1.00 | dt: 1940.68ms | tok/sec: 270,156 | bf16_mfu: 0.00 | epoch: 1 pq: 7 rg: 26 | total time: 19.87m | eta: 61.6m
step 00623/02520 (24.72%) | loss: 3.359435 | lrm: 1.00 | dt: 1940.72ms | tok/sec: 270,151 | bf16_mfu: 0.00 | epoch: 1 pq: 7 rg: 27 | total time: 19.91m | eta: 61.6m
step 00624/02520 (24.76%) | loss: 3.365505 | lrm: 1.00 | dt: 1940.70ms | tok/sec: 270,153 | bf16_mfu: 0.00 | epoch: 1 pq: 7 rg: 28 | total time: 19.94m | eta: 61.6m
step 00625/02520 (24.80%) | loss: 3.361800 | lrm: 1.00 | dt: 1938.10ms | tok/sec: 270,517 | bf16_mfu: 0.00 | epoch: 1 pq: 7 rg: 29 | total time: 19.97m | eta: 61.5m
step 00626/02520 (24.84%) | loss: 3.361802 | lrm: 1.00 | dt: 1940.61ms | tok/sec: 270,166 | bf16_mfu: 0.00 | epoch: 1 pq: 7 rg: 30 | total time: 20.00m | eta: 61.5m
step 00627/02520 (24.88%) | loss: 3.360114 | lrm: 1.00 | dt: 1939.06ms | tok/sec: 270,382 | bf16_mfu: 0.00 | epoch: 1 pq: 7 rg: 31 | total time: 20.04m | eta: 61.5m
step 00628/02520 (24.92%) | loss: 3.351953 | lrm: 1.00 | dt: 1939.79ms | tok/sec: 270,280 | bf16_mfu: 0.00 | epoch: 1 pq: 7 rg: 32 | total time: 20.07m | eta: 61.4m
step 00629/02520 (24.96%) | loss: 3.349339 | lrm: 1.00 | dt: 1940.13ms | tok/sec: 270,232 | bf16_mfu: 0.00 | epoch: 1 pq: 7 rg: 33 | total time: 20.10m | eta: 61.4m
step 00630/02520 (25.00%) | loss: 3.339971 | lrm: 1.00 | dt: 1939.73ms | tok/sec: 270,289 | bf16_mfu: 0.00 | epoch: 1 pq: 7 rg: 34 | total time: 20.13m | eta: 61.4m
step 00631/02520 (25.04%) | loss: 3.334769 | lrm: 1.00 | dt: 1939.72ms | tok/sec: 270,290 | bf16_mfu: 0.00 | epoch: 1 pq: 7 rg: 35 | total time: 20.16m | eta: 61.3m
step 00632/02520 (25.08%) | loss: 3.341270 | lrm: 1.00 | dt: 1939.87ms | tok/sec: 270,269 | bf16_mfu: 0.00 | epoch: 1 pq: 7 rg: 36 | total time: 20.20m | eta: 61.3m
step 00633/02520 (25.12%) | loss: 3.336450 | lrm: 1.00 | dt: 1945.10ms | tok/sec: 269,542 | bf16_mfu: 0.00 | epoch: 1 pq: 7 rg: 37 | total time: 20.23m | eta: 61.3m
step 00634/02520 (25.16%) | loss: 3.340292 | lrm: 1.00 | dt: 1940.50ms | tok/sec: 270,181 | bf16_mfu: 0.00 | epoch: 1 pq: 7 rg: 38 | total time: 20.26m | eta: 61.2m
step 00635/02520 (25.20%) | loss: 3.346331 | lrm: 1.00 | dt: 1939.94ms | tok/sec: 270,259 | bf16_mfu: 0.00 | epoch: 1 pq: 7 rg: 39 | total time: 20.29m | eta: 61.2m
step 00636/02520 (25.24%) | loss: 3.349765 | lrm: 1.00 | dt: 1939.95ms | tok/sec: 270,258 | bf16_mfu: 0.00 | epoch: 1 pq: 7 rg: 40 | total time: 20.33m | eta: 61.2m
step 00637/02520 (25.28%) | loss: 3.344959 | lrm: 1.00 | dt: 1940.72ms | tok/sec: 270,150 | bf16_mfu: 0.00 | epoch: 1 pq: 7 rg: 41 | total time: 20.36m | eta: 61.1m
step 00638/02520 (25.32%) | loss: 3.331183 | lrm: 1.00 | dt: 1939.63ms | tok/sec: 270,302 | bf16_mfu: 0.00 | epoch: 1 pq: 7 rg: 42 | total time: 20.39m | eta: 61.1m
step 00639/02520 (25.36%) | loss: 3.337788 | lrm: 1.00 | dt: 1942.18ms | tok/sec: 269,948 | bf16_mfu: 0.00 | epoch: 1 pq: 7 rg: 43 | total time: 20.42m | eta: 61.1m
step 00640/02520 (25.40%) | loss: 3.334641 | lrm: 1.00 | dt: 1940.69ms | tok/sec: 270,155 | bf16_mfu: 0.00 | epoch: 1 pq: 7 rg: 44 | total time: 20.46m | eta: 61.0m
step 00641/02520 (25.44%) | loss: 3.339037 | lrm: 1.00 | dt: 1941.23ms | tok/sec: 270,080 | bf16_mfu: 0.00 | epoch: 1 pq: 7 rg: 45 | total time: 20.49m | eta: 61.0m
step 00642/02520 (25.48%) | loss: 3.342403 | lrm: 1.00 | dt: 1939.00ms | tok/sec: 270,390 | bf16_mfu: 0.00 | epoch: 1 pq: 7 rg: 46 | total time: 20.52m | eta: 61.0m
step 00643/02520 (25.52%) | loss: 3.342442 | lrm: 1.00 | dt: 1941.49ms | tok/sec: 270,044 | bf16_mfu: 0.00 | epoch: 1 pq: 7 rg: 47 | total time: 20.55m | eta: 60.9m
step 00644/02520 (25.56%) | loss: 3.336008 | lrm: 1.00 | dt: 1940.96ms | tok/sec: 270,117 | bf16_mfu: 0.00 | epoch: 1 pq: 7 rg: 48 | total time: 20.58m | eta: 60.9m
step 00645/02520 (25.60%) | loss: 3.335514 | lrm: 1.00 | dt: 1940.73ms | tok/sec: 270,150 | bf16_mfu: 0.00 | epoch: 1 pq: 7 rg: 49 | total time: 20.62m | eta: 60.9m
step 00646/02520 (25.63%) | loss: 3.330648 | lrm: 1.00 | dt: 1940.18ms | tok/sec: 270,227 | bf16_mfu: 0.00 | epoch: 1 pq: 7 rg: 49 | total time: 20.65m | eta: 60.8m
step 00647/02520 (25.67%) | loss: 3.322111 | lrm: 1.00 | dt: 1940.70ms | tok/sec: 270,153 | bf16_mfu: 0.00 | epoch: 1 pq: 7 rg: 50 | total time: 20.68m | eta: 60.8m
step 00648/02520 (25.71%) | loss: 3.337224 | lrm: 1.00 | dt: 1940.47ms | tok/sec: 270,186 | bf16_mfu: 0.00 | epoch: 1 pq: 7 rg: 51 | total time: 20.71m | eta: 60.8m
step 00649/02520 (25.75%) | loss: 3.354161 | lrm: 1.00 | dt: 1941.00ms | tok/sec: 270,111 | bf16_mfu: 0.00 | epoch: 1 pq: 7 rg: 52 | total time: 20.75m | eta: 60.7m
step 00650/02520 (25.79%) | loss: 3.354638 | lrm: 1.00 | dt: 1940.54ms | tok/sec: 270,176 | bf16_mfu: 0.00 | epoch: 1 pq: 7 rg: 53 | total time: 20.78m | eta: 60.7m
step 00651/02520 (25.83%) | loss: 3.357723 | lrm: 1.00 | dt: 1939.63ms | tok/sec: 270,302 | bf16_mfu: 0.00 | epoch: 1 pq: 7 rg: 54 | total time: 20.81m | eta: 60.7m
step 00652/02520 (25.87%) | loss: 3.344983 | lrm: 1.00 | dt: 1940.10ms | tok/sec: 270,237 | bf16_mfu: 0.00 | epoch: 1 pq: 7 rg: 55 | total time: 20.84m | eta: 60.6m
step 00653/02520 (25.91%) | loss: 3.341989 | lrm: 1.00 | dt: 1940.99ms | tok/sec: 270,113 | bf16_mfu: 0.00 | epoch: 1 pq: 7 rg: 56 | total time: 20.88m | eta: 60.6m
step 00654/02520 (25.95%) | loss: 3.336436 | lrm: 1.00 | dt: 1940.55ms | tok/sec: 270,175 | bf16_mfu: 0.00 | epoch: 1 pq: 7 rg: 57 | total time: 20.91m | eta: 60.6m
step 00655/02520 (25.99%) | loss: 3.339609 | lrm: 1.00 | dt: 1940.82ms | tok/sec: 270,136 | bf16_mfu: 0.00 | epoch: 1 pq: 7 rg: 58 | total time: 20.94m | eta: 60.5m
step 00656/02520 (26.03%) | loss: 3.345655 | lrm: 1.00 | dt: 1940.36ms | tok/sec: 270,201 | bf16_mfu: 0.00 | epoch: 1 pq: 7 rg: 59 | total time: 20.97m | eta: 60.5m
step 00657/02520 (26.07%) | loss: 3.350551 | lrm: 1.00 | dt: 1939.43ms | tok/sec: 270,330 | bf16_mfu: 0.00 | epoch: 1 pq: 7 rg: 60 | total time: 21.01m | eta: 60.5m
step 00658/02520 (26.11%) | loss: 3.360876 | lrm: 1.00 | dt: 1940.17ms | tok/sec: 270,227 | bf16_mfu: 0.00 | epoch: 1 pq: 7 rg: 61 | total time: 21.04m | eta: 60.5m
step 00659/02520 (26.15%) | loss: 3.364032 | lrm: 1.00 | dt: 1938.44ms | tok/sec: 270,469 | bf16_mfu: 0.00 | epoch: 1 pq: 7 rg: 62 | total time: 21.07m | eta: 60.4m
step 00660/02520 (26.19%) | loss: 3.361390 | lrm: 1.00 | dt: 1939.15ms | tok/sec: 270,369 | bf16_mfu: 0.00 | epoch: 1 pq: 7 rg: 63 | total time: 21.10m | eta: 60.4m
step 00661/02520 (26.23%) | loss: 3.355467 | lrm: 1.00 | dt: 1938.49ms | tok/sec: 270,462 | bf16_mfu: 0.00 | epoch: 1 pq: 7 rg: 64 | total time: 21.13m | eta: 60.4m
step 00662/02520 (26.27%) | loss: 3.355061 | lrm: 1.00 | dt: 1938.83ms | tok/sec: 270,415 | bf16_mfu: 0.00 | epoch: 1 pq: 7 rg: 65 | total time: 21.17m | eta: 60.3m
step 00663/02520 (26.31%) | loss: 3.348642 | lrm: 1.00 | dt: 1939.05ms | tok/sec: 270,383 | bf16_mfu: 0.00 | epoch: 1 pq: 7 rg: 66 | total time: 21.20m | eta: 60.3m
step 00664/02520 (26.35%) | loss: 3.347346 | lrm: 1.00 | dt: 1940.56ms | tok/sec: 270,173 | bf16_mfu: 0.00 | epoch: 1 pq: 7 rg: 67 | total time: 21.23m | eta: 60.3m
step 00665/02520 (26.39%) | loss: 3.336924 | lrm: 1.00 | dt: 1940.39ms | tok/sec: 270,197 | bf16_mfu: 0.00 | epoch: 1 pq: 7 rg: 68 | total time: 21.26m | eta: 60.2m
step 00666/02520 (26.43%) | loss: 3.342940 | lrm: 1.00 | dt: 1940.71ms | tok/sec: 270,152 | bf16_mfu: 0.00 | epoch: 1 pq: 7 rg: 69 | total time: 21.30m | eta: 60.2m
step 00667/02520 (26.47%) | loss: 3.337192 | lrm: 1.00 | dt: 1938.28ms | tok/sec: 270,491 | bf16_mfu: 0.00 | epoch: 1 pq: 7 rg: 70 | total time: 21.33m | eta: 60.2m
step 00668/02520 (26.51%) | loss: 3.335095 | lrm: 1.00 | dt: 1939.19ms | tok/sec: 270,364 | bf16_mfu: 0.00 | epoch: 1 pq: 7 rg: 71 | total time: 21.36m | eta: 60.1m
step 00669/02520 (26.55%) | loss: 3.328395 | lrm: 1.00 | dt: 1939.37ms | tok/sec: 270,339 | bf16_mfu: 0.00 | epoch: 1 pq: 7 rg: 72 | total time: 21.39m | eta: 60.1m
step 00670/02520 (26.59%) | loss: 3.322498 | lrm: 1.00 | dt: 1939.45ms | tok/sec: 270,327 | bf16_mfu: 0.00 | epoch: 1 pq: 7 rg: 73 | total time: 21.43m | eta: 60.1m
step 00671/02520 (26.63%) | loss: 3.321286 | lrm: 1.00 | dt: 1937.59ms | tok/sec: 270,587 | bf16_mfu: 0.00 | epoch: 1 pq: 7 rg: 74 | total time: 21.46m | eta: 60.0m
step 00672/02520 (26.67%) | loss: 3.338175 | lrm: 1.00 | dt: 1939.02ms | tok/sec: 270,388 | bf16_mfu: 0.00 | epoch: 1 pq: 7 rg: 75 | total time: 21.49m | eta: 60.0m
step 00673/02520 (26.71%) | loss: 3.335464 | lrm: 1.00 | dt: 1937.76ms | tok/sec: 270,563 | bf16_mfu: 0.00 | epoch: 1 pq: 7 rg: 76 | total time: 21.52m | eta: 60.0m
step 00674/02520 (26.75%) | loss: 3.337739 | lrm: 1.00 | dt: 1938.29ms | tok/sec: 270,489 | bf16_mfu: 0.00 | epoch: 1 pq: 7 rg: 77 | total time: 21.55m | eta: 59.9m
step 00675/02520 (26.79%) | loss: 3.342333 | lrm: 1.00 | dt: 1936.80ms | tok/sec: 270,698 | bf16_mfu: 0.00 | epoch: 1 pq: 7 rg: 78 | total time: 21.59m | eta: 59.9m
step 00676/02520 (26.83%) | loss: 3.349459 | lrm: 1.00 | dt: 1939.60ms | tok/sec: 270,307 | bf16_mfu: 0.00 | epoch: 1 pq: 7 rg: 79 | total time: 21.62m | eta: 59.9m
step 00677/02520 (26.87%) | loss: 3.350124 | lrm: 1.00 | dt: 1938.31ms | tok/sec: 270,486 | bf16_mfu: 0.00 | epoch: 1 pq: 7 rg: 80 | total time: 21.65m | eta: 59.8m
step 00678/02520 (26.90%) | loss: 3.341329 | lrm: 1.00 | dt: 1938.81ms | tok/sec: 270,416 | bf16_mfu: 0.00 | epoch: 1 pq: 7 rg: 81 | total time: 21.68m | eta: 59.8m
step 00679/02520 (26.94%) | loss: 3.342508 | lrm: 1.00 | dt: 1938.69ms | tok/sec: 270,434 | bf16_mfu: 0.00 | epoch: 1 pq: 7 rg: 81 | total time: 21.72m | eta: 59.8m
step 00680/02520 (26.98%) | loss: 3.346627 | lrm: 1.00 | dt: 1938.72ms | tok/sec: 270,429 | bf16_mfu: 0.00 | epoch: 1 pq: 8 rg: 1 | total time: 21.75m | eta: 59.7m
step 00681/02520 (27.02%) | loss: 3.334511 | lrm: 1.00 | dt: 1940.04ms | tok/sec: 270,246 | bf16_mfu: 0.00 | epoch: 1 pq: 8 rg: 1 | total time: 21.78m | eta: 59.7m
step 00682/02520 (27.06%) | loss: 3.332452 | lrm: 1.00 | dt: 1940.83ms | tok/sec: 270,135 | bf16_mfu: 0.00 | epoch: 1 pq: 8 rg: 2 | total time: 21.81m | eta: 59.7m
step 00683/02520 (27.10%) | loss: 3.341314 | lrm: 1.00 | dt: 1940.31ms | tok/sec: 270,207 | bf16_mfu: 0.00 | epoch: 1 pq: 8 rg: 3 | total time: 21.85m | eta: 59.6m
step 00684/02520 (27.14%) | loss: 3.339786 | lrm: 1.00 | dt: 1940.71ms | tok/sec: 270,152 | bf16_mfu: 0.00 | epoch: 1 pq: 8 rg: 4 | total time: 21.88m | eta: 59.6m
step 00685/02520 (27.18%) | loss: 3.338297 | lrm: 1.00 | dt: 1940.11ms | tok/sec: 270,236 | bf16_mfu: 0.00 | epoch: 1 pq: 8 rg: 5 | total time: 21.91m | eta: 59.6m
step 00686/02520 (27.22%) | loss: 3.325986 | lrm: 1.00 | dt: 1938.75ms | tok/sec: 270,425 | bf16_mfu: 0.00 | epoch: 1 pq: 8 rg: 6 | total time: 21.94m | eta: 59.5m
step 00687/02520 (27.26%) | loss: 3.328081 | lrm: 1.00 | dt: 1940.38ms | tok/sec: 270,199 | bf16_mfu: 0.00 | epoch: 1 pq: 8 rg: 7 | total time: 21.97m | eta: 59.5m
step 00688/02520 (27.30%) | loss: 3.336181 | lrm: 1.00 | dt: 1940.36ms | tok/sec: 270,201 | bf16_mfu: 0.00 | epoch: 1 pq: 8 rg: 8 | total time: 22.01m | eta: 59.5m
step 00689/02520 (27.34%) | loss: 3.316333 | lrm: 1.00 | dt: 1938.99ms | tok/sec: 270,391 | bf16_mfu: 0.00 | epoch: 1 pq: 8 rg: 9 | total time: 22.04m | eta: 59.4m
step 00690/02520 (27.38%) | loss: 3.315694 | lrm: 1.00 | dt: 1940.50ms | tok/sec: 270,182 | bf16_mfu: 0.00 | epoch: 1 pq: 8 rg: 10 | total time: 22.07m | eta: 59.4m
step 00691/02520 (27.42%) | loss: 3.324131 | lrm: 1.00 | dt: 1939.99ms | tok/sec: 270,252 | bf16_mfu: 0.00 | epoch: 1 pq: 8 rg: 11 | total time: 22.10m | eta: 59.4m
step 00692/02520 (27.46%) | loss: 3.325926 | lrm: 1.00 | dt: 1940.01ms | tok/sec: 270,250 | bf16_mfu: 0.00 | epoch: 1 pq: 8 rg: 12 | total time: 22.14m | eta: 59.3m
step 00693/02520 (27.50%) | loss: 3.318531 | lrm: 1.00 | dt: 1940.13ms | tok/sec: 270,233 | bf16_mfu: 0.00 | epoch: 1 pq: 8 rg: 13 | total time: 22.17m | eta: 59.3m
step 00694/02520 (27.54%) | loss: 3.315279 | lrm: 1.00 | dt: 1941.78ms | tok/sec: 270,004 | bf16_mfu: 0.00 | epoch: 1 pq: 8 rg: 14 | total time: 22.20m | eta: 59.3m
step 00695/02520 (27.58%) | loss: 3.322561 | lrm: 1.00 | dt: 1939.99ms | tok/sec: 270,252 | bf16_mfu: 0.00 | epoch: 1 pq: 8 rg: 15 | total time: 22.23m | eta: 59.2m
step 00696/02520 (27.62%) | loss: 3.328234 | lrm: 1.00 | dt: 1939.67ms | tok/sec: 270,297 | bf16_mfu: 0.00 | epoch: 1 pq: 8 rg: 16 | total time: 22.27m | eta: 59.2m
step 00697/02520 (27.66%) | loss: 3.321213 | lrm: 1.00 | dt: 1938.49ms | tok/sec: 270,461 | bf16_mfu: 0.00 | epoch: 1 pq: 8 rg: 17 | total time: 22.30m | eta: 59.2m
step 00698/02520 (27.70%) | loss: 3.312953 | lrm: 1.00 | dt: 1940.03ms | tok/sec: 270,247 | bf16_mfu: 0.00 | epoch: 1 pq: 8 rg: 18 | total time: 22.33m | eta: 59.1m
step 00699/02520 (27.74%) | loss: 3.330785 | lrm: 1.00 | dt: 1939.45ms | tok/sec: 270,328 | bf16_mfu: 0.00 | epoch: 1 pq: 8 rg: 19 | total time: 22.36m | eta: 59.1m
step 00700/02520 (27.78%) | loss: 3.330082 | lrm: 1.00 | dt: 1940.88ms | tok/sec: 270,129 | bf16_mfu: 0.00 | epoch: 1 pq: 8 rg: 20 | total time: 22.40m | eta: 59.1m
step 00701/02520 (27.82%) | loss: 3.331807 | lrm: 1.00 | dt: 1939.80ms | tok/sec: 270,279 | bf16_mfu: 0.00 | epoch: 1 pq: 8 rg: 21 | total time: 22.43m | eta: 59.0m
step 00702/02520 (27.86%) | loss: 3.326339 | lrm: 1.00 | dt: 1941.45ms | tok/sec: 270,049 | bf16_mfu: 0.00 | epoch: 1 pq: 8 rg: 22 | total time: 22.46m | eta: 59.0m
step 00703/02520 (27.90%) | loss: 3.329684 | lrm: 1.00 | dt: 1939.75ms | tok/sec: 270,286 | bf16_mfu: 0.00 | epoch: 1 pq: 8 rg: 23 | total time: 22.49m | eta: 59.0m
step 00704/02520 (27.94%) | loss: 3.330040 | lrm: 1.00 | dt: 1940.08ms | tok/sec: 270,240 | bf16_mfu: 0.00 | epoch: 1 pq: 8 rg: 24 | total time: 22.52m | eta: 58.9m
step 00705/02520 (27.98%) | loss: 3.328886 | lrm: 1.00 | dt: 1940.47ms | tok/sec: 270,186 | bf16_mfu: 0.00 | epoch: 1 pq: 8 rg: 25 | total time: 22.56m | eta: 58.9m
step 00706/02520 (28.02%) | loss: 3.322619 | lrm: 1.00 | dt: 1939.89ms | tok/sec: 270,266 | bf16_mfu: 0.00 | epoch: 1 pq: 8 rg: 25 | total time: 22.59m | eta: 58.9m
step 00707/02520 (28.06%) | loss: 3.317039 | lrm: 1.00 | dt: 1939.94ms | tok/sec: 270,259 | bf16_mfu: 0.00 | epoch: 1 pq: 8 rg: 26 | total time: 22.62m | eta: 58.8m
step 00708/02520 (28.10%) | loss: 3.326517 | lrm: 1.00 | dt: 1939.10ms | tok/sec: 270,376 | bf16_mfu: 0.00 | epoch: 1 pq: 8 rg: 27 | total time: 22.65m | eta: 58.8m
step 00709/02520 (28.13%) | loss: 3.325059 | lrm: 1.00 | dt: 1939.67ms | tok/sec: 270,296 | bf16_mfu: 0.00 | epoch: 1 pq: 8 rg: 28 | total time: 22.69m | eta: 58.8m
step 00710/02520 (28.17%) | loss: 3.330966 | lrm: 1.00 | dt: 1939.63ms | tok/sec: 270,302 | bf16_mfu: 0.00 | epoch: 1 pq: 8 rg: 29 | total time: 22.72m | eta: 58.7m
step 00711/02520 (28.21%) | loss: 3.332291 | lrm: 1.00 | dt: 1939.59ms | tok/sec: 270,307 | bf16_mfu: 0.00 | epoch: 1 pq: 8 rg: 30 | total time: 22.75m | eta: 58.7m
step 00712/02520 (28.25%) | loss: 3.325966 | lrm: 1.00 | dt: 1939.52ms | tok/sec: 270,318 | bf16_mfu: 0.00 | epoch: 1 pq: 8 rg: 31 | total time: 22.78m | eta: 58.7m
step 00713/02520 (28.29%) | loss: 3.321865 | lrm: 1.00 | dt: 1939.69ms | tok/sec: 270,295 | bf16_mfu: 0.00 | epoch: 1 pq: 8 rg: 32 | total time: 22.82m | eta: 58.6m
step 00714/02520 (28.33%) | loss: 3.327232 | lrm: 1.00 | dt: 1939.58ms | tok/sec: 270,310 | bf16_mfu: 0.00 | epoch: 1 pq: 8 rg: 33 | total time: 22.85m | eta: 58.6m
step 00715/02520 (28.37%) | loss: 3.322671 | lrm: 1.00 | dt: 1939.95ms | tok/sec: 270,258 | bf16_mfu: 0.00 | epoch: 1 pq: 8 rg: 34 | total time: 22.88m | eta: 58.6m
step 00716/02520 (28.41%) | loss: 3.322239 | lrm: 1.00 | dt: 1940.18ms | tok/sec: 270,226 | bf16_mfu: 0.00 | epoch: 1 pq: 8 rg: 35 | total time: 22.91m | eta: 58.5m
step 00717/02520 (28.45%) | loss: 3.329904 | lrm: 1.00 | dt: 1939.94ms | tok/sec: 270,260 | bf16_mfu: 0.00 | epoch: 1 pq: 8 rg: 36 | total time: 22.94m | eta: 58.5m
step 00718/02520 (28.49%) | loss: 3.334820 | lrm: 1.00 | dt: 1940.48ms | tok/sec: 270,185 | bf16_mfu: 0.00 | epoch: 1 pq: 8 rg: 37 | total time: 22.98m | eta: 58.5m
step 00719/02520 (28.53%) | loss: 3.337379 | lrm: 1.00 | dt: 1941.05ms | tok/sec: 270,104 | bf16_mfu: 0.00 | epoch: 1 pq: 8 rg: 38 | total time: 23.01m | eta: 58.4m
step 00720/02520 (28.57%) | loss: 3.330737 | lrm: 1.00 | dt: 1940.13ms | tok/sec: 270,233 | bf16_mfu: 0.00 | epoch: 1 pq: 8 rg: 39 | total time: 23.04m | eta: 58.4m
step 00721/02520 (28.61%) | loss: 3.320936 | lrm: 1.00 | dt: 1941.20ms | tok/sec: 270,085 | bf16_mfu: 0.00 | epoch: 1 pq: 8 rg: 40 | total time: 23.07m | eta: 58.4m
step 00722/02520 (28.65%) | loss: 3.314717 | lrm: 1.00 | dt: 1940.34ms | tok/sec: 270,203 | bf16_mfu: 0.00 | epoch: 1 pq: 8 rg: 41 | total time: 23.11m | eta: 58.4m
step 00723/02520 (28.69%) | loss: 3.302794 | lrm: 1.00 | dt: 1939.92ms | tok/sec: 270,262 | bf16_mfu: 0.00 | epoch: 1 pq: 8 rg: 42 | total time: 23.14m | eta: 58.3m
step 00724/02520 (28.73%) | loss: 3.295272 | lrm: 1.00 | dt: 1939.23ms | tok/sec: 270,359 | bf16_mfu: 0.00 | epoch: 1 pq: 8 rg: 43 | total time: 23.17m | eta: 58.3m
step 00725/02520 (28.77%) | loss: 3.296346 | lrm: 1.00 | dt: 1937.27ms | tok/sec: 270,632 | bf16_mfu: 0.00 | epoch: 1 pq: 8 rg: 44 | total time: 23.20m | eta: 58.3m
step 00726/02520 (28.81%) | loss: 3.300588 | lrm: 1.00 | dt: 1942.36ms | tok/sec: 269,923 | bf16_mfu: 0.00 | epoch: 1 pq: 8 rg: 45 | total time: 23.24m | eta: 58.2m
step 00727/02520 (28.85%) | loss: 3.297288 | lrm: 1.00 | dt: 1939.83ms | tok/sec: 270,275 | bf16_mfu: 0.00 | epoch: 1 pq: 8 rg: 46 | total time: 23.27m | eta: 58.2m
step 00728/02520 (28.89%) | loss: 3.308731 | lrm: 1.00 | dt: 1939.88ms | tok/sec: 270,268 | bf16_mfu: 0.00 | epoch: 1 pq: 8 rg: 47 | total time: 23.30m | eta: 58.2m
step 00729/02520 (28.93%) | loss: 3.308071 | lrm: 1.00 | dt: 1939.01ms | tok/sec: 270,388 | bf16_mfu: 0.00 | epoch: 1 pq: 8 rg: 48 | total time: 23.33m | eta: 58.1m
step 00730/02520 (28.97%) | loss: 3.319657 | lrm: 1.00 | dt: 1938.37ms | tok/sec: 270,478 | bf16_mfu: 0.00 | epoch: 1 pq: 8 rg: 49 | total time: 23.37m | eta: 58.1m
step 00731/02520 (29.01%) | loss: 3.331955 | lrm: 1.00 | dt: 1938.71ms | tok/sec: 270,430 | bf16_mfu: 0.00 | epoch: 1 pq: 8 rg: 50 | total time: 23.40m | eta: 58.1m
step 00732/02520 (29.05%) | loss: 3.325318 | lrm: 1.00 | dt: 1941.64ms | tok/sec: 270,022 | bf16_mfu: 0.00 | epoch: 1 pq: 8 rg: 51 | total time: 23.43m | eta: 58.0m
step 00733/02520 (29.09%) | loss: 3.326000 | lrm: 1.00 | dt: 1939.31ms | tok/sec: 270,347 | bf16_mfu: 0.00 | epoch: 1 pq: 8 rg: 52 | total time: 23.46m | eta: 58.0m
step 00734/02520 (29.13%) | loss: 3.322439 | lrm: 1.00 | dt: 1941.16ms | tok/sec: 270,090 | bf16_mfu: 0.00 | epoch: 1 pq: 8 rg: 53 | total time: 23.49m | eta: 58.0m
step 00735/02520 (29.17%) | loss: 3.318274 | lrm: 1.00 | dt: 1940.63ms | tok/sec: 270,163 | bf16_mfu: 0.00 | epoch: 1 pq: 8 rg: 54 | total time: 23.53m | eta: 57.9m
step 00736/02520 (29.21%) | loss: 3.301476 | lrm: 1.00 | dt: 1940.15ms | tok/sec: 270,230 | bf16_mfu: 0.00 | epoch: 1 pq: 8 rg: 55 | total time: 23.56m | eta: 57.9m
step 00737/02520 (29.25%) | loss: 3.312334 | lrm: 1.00 | dt: 1939.58ms | tok/sec: 270,310 | bf16_mfu: 0.00 | epoch: 1 pq: 8 rg: 56 | total time: 23.59m | eta: 57.9m
step 00738/02520 (29.29%) | loss: 3.298165 | lrm: 1.00 | dt: 1939.72ms | tok/sec: 270,290 | bf16_mfu: 0.00 | epoch: 1 pq: 8 rg: 57 | total time: 23.62m | eta: 57.8m
step 00739/02520 (29.33%) | loss: 3.304838 | lrm: 1.00 | dt: 1939.37ms | tok/sec: 270,338 | bf16_mfu: 0.00 | epoch: 1 pq: 8 rg: 57 | total time: 23.66m | eta: 57.8m
step 00740/02520 (29.37%) | loss: 3.304470 | lrm: 1.00 | dt: 1939.78ms | tok/sec: 270,281 | bf16_mfu: 0.00 | epoch: 1 pq: 8 rg: 58 | total time: 23.69m | eta: 57.8m
step 00741/02520 (29.40%) | loss: 3.307383 | lrm: 1.00 | dt: 1939.30ms | tok/sec: 270,348 | bf16_mfu: 0.00 | epoch: 1 pq: 8 rg: 59 | total time: 23.72m | eta: 57.7m
step 00742/02520 (29.44%) | loss: 3.316158 | lrm: 1.00 | dt: 1939.71ms | tok/sec: 270,292 | bf16_mfu: 0.00 | epoch: 1 pq: 8 rg: 60 | total time: 23.75m | eta: 57.7m
step 00743/02520 (29.48%) | loss: 3.311809 | lrm: 1.00 | dt: 1939.70ms | tok/sec: 270,293 | bf16_mfu: 0.00 | epoch: 1 pq: 8 rg: 61 | total time: 23.79m | eta: 57.7m
step 00744/02520 (29.52%) | loss: 3.306327 | lrm: 1.00 | dt: 1938.99ms | tok/sec: 270,392 | bf16_mfu: 0.00 | epoch: 1 pq: 8 rg: 62 | total time: 23.82m | eta: 57.6m
step 00745/02520 (29.56%) | loss: 3.320610 | lrm: 1.00 | dt: 1938.77ms | tok/sec: 270,422 | bf16_mfu: 0.00 | epoch: 1 pq: 8 rg: 63 | total time: 23.85m | eta: 57.6m
step 00746/02520 (29.60%) | loss: 3.319540 | lrm: 1.00 | dt: 1938.39ms | tok/sec: 270,476 | bf16_mfu: 0.00 | epoch: 1 pq: 8 rg: 64 | total time: 23.88m | eta: 57.6m
step 00747/02520 (29.64%) | loss: 3.312897 | lrm: 1.00 | dt: 1937.26ms | tok/sec: 270,633 | bf16_mfu: 0.00 | epoch: 1 pq: 8 rg: 65 | total time: 23.91m | eta: 57.5m
step 00748/02520 (29.68%) | loss: 3.309085 | lrm: 1.00 | dt: 1938.41ms | tok/sec: 270,472 | bf16_mfu: 0.00 | epoch: 1 pq: 8 rg: 66 | total time: 23.95m | eta: 57.5m
step 00749/02520 (29.72%) | loss: 3.294877 | lrm: 1.00 | dt: 1937.36ms | tok/sec: 270,619 | bf16_mfu: 0.00 | epoch: 1 pq: 8 rg: 67 | total time: 23.98m | eta: 57.5m
Step 00750 | Validation bpb: 1.004495
step 00750/02520 (29.76%) | loss: 3.288629 | lrm: 1.00 | dt: 1923.48ms | tok/sec: 272,572 | bf16_mfu: 0.00 | epoch: 1 pq: 8 rg: 68 | total time: 24.01m | eta: 57.4m
step 00751/02520 (29.80%) | loss: 3.286493 | lrm: 1.00 | dt: 1931.27ms | tok/sec: 271,473 | bf16_mfu: 0.00 | epoch: 1 pq: 8 rg: 69 | total time: 24.04m | eta: 57.4m
step 00752/02520 (29.84%) | loss: 3.294288 | lrm: 1.00 | dt: 1929.23ms | tok/sec: 271,760 | bf16_mfu: 0.00 | epoch: 1 pq: 8 rg: 70 | total time: 24.08m | eta: 57.4m
step 00753/02520 (29.88%) | loss: 3.293196 | lrm: 1.00 | dt: 1931.32ms | tok/sec: 271,465 | bf16_mfu: 0.00 | epoch: 1 pq: 8 rg: 71 | total time: 24.11m | eta: 57.3m
step 00754/02520 (29.92%) | loss: 3.277115 | lrm: 1.00 | dt: 1933.57ms | tok/sec: 271,150 | bf16_mfu: 0.00 | epoch: 1 pq: 8 rg: 72 | total time: 24.14m | eta: 57.3m
step 00755/02520 (29.96%) | loss: 3.275420 | lrm: 1.00 | dt: 1929.77ms | tok/sec: 271,684 | bf16_mfu: 0.00 | epoch: 1 pq: 8 rg: 73 | total time: 24.17m | eta: 57.3m
step 00756/02520 (30.00%) | loss: 3.286208 | lrm: 1.00 | dt: 1933.44ms | tok/sec: 271,168 | bf16_mfu: 0.00 | epoch: 1 pq: 8 rg: 74 | total time: 24.20m | eta: 57.2m
step 00757/02520 (30.04%) | loss: 3.295510 | lrm: 1.00 | dt: 1930.31ms | tok/sec: 271,607 | bf16_mfu: 0.00 | epoch: 1 pq: 8 rg: 75 | total time: 24.24m | eta: 57.2m
step 00758/02520 (30.08%) | loss: 3.294729 | lrm: 1.00 | dt: 1932.61ms | tok/sec: 271,284 | bf16_mfu: 0.00 | epoch: 1 pq: 8 rg: 76 | total time: 24.27m | eta: 57.2m
step 00759/02520 (30.12%) | loss: 3.296964 | lrm: 1.00 | dt: 1933.57ms | tok/sec: 271,149 | bf16_mfu: 0.00 | epoch: 1 pq: 8 rg: 77 | total time: 24.30m | eta: 57.1m
step 00760/02520 (30.16%) | loss: 3.295602 | lrm: 1.00 | dt: 1931.71ms | tok/sec: 271,410 | bf16_mfu: 0.00 | epoch: 1 pq: 8 rg: 78 | total time: 24.33m | eta: 57.1m
step 00761/02520 (30.20%) | loss: 3.289487 | lrm: 1.00 | dt: 1932.49ms | tok/sec: 271,302 | bf16_mfu: 0.00 | epoch: 1 pq: 8 rg: 79 | total time: 24.37m | eta: 57.1m
step 00762/02520 (30.24%) | loss: 3.292633 | lrm: 1.00 | dt: 1930.58ms | tok/sec: 271,569 | bf16_mfu: 0.00 | epoch: 1 pq: 8 rg: 80 | total time: 24.40m | eta: 57.0m
step 00763/02520 (30.28%) | loss: 3.283338 | lrm: 1.00 | dt: 1933.40ms | tok/sec: 271,173 | bf16_mfu: 0.00 | epoch: 1 pq: 8 rg: 81 | total time: 24.43m | eta: 57.0m
step 00764/02520 (30.32%) | loss: 3.286460 | lrm: 1.00 | dt: 1934.62ms | tok/sec: 271,003 | bf16_mfu: 0.00 | epoch: 1 pq: 9 rg: 0 | total time: 24.46m | eta: 57.0m
step 00765/02520 (30.36%) | loss: 3.283645 | lrm: 1.00 | dt: 1932.77ms | tok/sec: 271,262 | bf16_mfu: 0.00 | epoch: 1 pq: 9 rg: 1 | total time: 24.49m | eta: 56.9m
step 00766/02520 (30.40%) | loss: 3.287856 | lrm: 1.00 | dt: 1934.16ms | tok/sec: 271,066 | bf16_mfu: 0.00 | epoch: 1 pq: 9 rg: 2 | total time: 24.53m | eta: 56.9m
step 00767/02520 (30.44%) | loss: 3.276251 | lrm: 1.00 | dt: 1935.00ms | tok/sec: 270,949 | bf16_mfu: 0.00 | epoch: 1 pq: 9 rg: 3 | total time: 24.56m | eta: 56.9m
step 00768/02520 (30.48%) | loss: 3.265211 | lrm: 1.00 | dt: 1935.56ms | tok/sec: 270,871 | bf16_mfu: 0.00 | epoch: 1 pq: 9 rg: 4 | total time: 24.59m | eta: 56.8m
step 00769/02520 (30.52%) | loss: 3.252546 | lrm: 1.00 | dt: 1933.51ms | tok/sec: 271,158 | bf16_mfu: 0.00 | epoch: 1 pq: 9 rg: 5 | total time: 24.62m | eta: 56.8m
step 00770/02520 (30.56%) | loss: 3.260298 | lrm: 1.00 | dt: 1935.84ms | tok/sec: 270,832 | bf16_mfu: 0.00 | epoch: 1 pq: 9 rg: 6 | total time: 24.66m | eta: 56.8m
step 00771/02520 (30.60%) | loss: 3.264934 | lrm: 1.00 | dt: 1936.18ms | tok/sec: 270,785 | bf16_mfu: 0.00 | epoch: 1 pq: 9 rg: 6 | total time: 24.69m | eta: 56.7m
step 00772/02520 (30.63%) | loss: 3.265555 | lrm: 1.00 | dt: 1936.66ms | tok/sec: 270,717 | bf16_mfu: 0.00 | epoch: 1 pq: 9 rg: 7 | total time: 24.72m | eta: 56.7m
step 00773/02520 (30.67%) | loss: 3.274259 | lrm: 1.00 | dt: 1934.89ms | tok/sec: 270,964 | bf16_mfu: 0.00 | epoch: 1 pq: 9 rg: 8 | total time: 24.75m | eta: 56.7m
step 00774/02520 (30.71%) | loss: 3.270864 | lrm: 1.00 | dt: 1932.97ms | tok/sec: 271,234 | bf16_mfu: 0.00 | epoch: 1 pq: 9 rg: 9 | total time: 24.78m | eta: 56.6m
step 00775/02520 (30.75%) | loss: 3.279502 | lrm: 1.00 | dt: 1935.28ms | tok/sec: 270,910 | bf16_mfu: 0.00 | epoch: 1 pq: 9 rg: 10 | total time: 24.82m | eta: 56.6m
step 00776/02520 (30.79%) | loss: 3.286489 | lrm: 1.00 | dt: 1935.80ms | tok/sec: 270,837 | bf16_mfu: 0.00 | epoch: 1 pq: 9 rg: 11 | total time: 24.85m | eta: 56.6m
step 00777/02520 (30.83%) | loss: 3.298810 | lrm: 1.00 | dt: 1933.19ms | tok/sec: 271,203 | bf16_mfu: 0.00 | epoch: 1 pq: 9 rg: 12 | total time: 24.88m | eta: 56.5m
step 00778/02520 (30.87%) | loss: 3.307645 | lrm: 1.00 | dt: 1934.69ms | tok/sec: 270,993 | bf16_mfu: 0.00 | epoch: 1 pq: 9 rg: 13 | total time: 24.91m | eta: 56.5m
step 00779/02520 (30.91%) | loss: 3.309335 | lrm: 1.00 | dt: 1936.42ms | tok/sec: 270,751 | bf16_mfu: 0.00 | epoch: 1 pq: 9 rg: 14 | total time: 24.95m | eta: 56.5m
step 00780/02520 (30.95%) | loss: 3.313294 | lrm: 1.00 | dt: 1936.78ms | tok/sec: 270,701 | bf16_mfu: 0.00 | epoch: 1 pq: 9 rg: 15 | total time: 24.98m | eta: 56.4m
step 00781/02520 (30.99%) | loss: 3.310964 | lrm: 1.00 | dt: 1935.51ms | tok/sec: 270,877 | bf16_mfu: 0.00 | epoch: 1 pq: 9 rg: 16 | total time: 25.01m | eta: 56.4m
step 00782/02520 (31.03%) | loss: 3.299532 | lrm: 1.00 | dt: 1934.43ms | tok/sec: 271,030 | bf16_mfu: 0.00 | epoch: 1 pq: 9 rg: 17 | total time: 25.04m | eta: 56.4m
step 00783/02520 (31.07%) | loss: 3.288872 | lrm: 1.00 | dt: 1934.33ms | tok/sec: 271,044 | bf16_mfu: 0.00 | epoch: 1 pq: 9 rg: 18 | total time: 25.07m | eta: 56.3m
step 00784/02520 (31.11%) | loss: 3.283752 | lrm: 1.00 | dt: 1936.85ms | tok/sec: 270,691 | bf16_mfu: 0.00 | epoch: 1 pq: 9 rg: 19 | total time: 25.11m | eta: 56.3m
step 00785/02520 (31.15%) | loss: 3.284490 | lrm: 1.00 | dt: 1936.97ms | tok/sec: 270,674 | bf16_mfu: 0.00 | epoch: 1 pq: 9 rg: 20 | total time: 25.14m | eta: 56.3m
step 00786/02520 (31.19%) | loss: 3.286807 | lrm: 1.00 | dt: 1935.87ms | tok/sec: 270,827 | bf16_mfu: 0.00 | epoch: 1 pq: 9 rg: 21 | total time: 25.17m | eta: 56.2m
step 00787/02520 (31.23%) | loss: 3.285911 | lrm: 1.00 | dt: 1934.53ms | tok/sec: 271,015 | bf16_mfu: 0.00 | epoch: 1 pq: 9 rg: 22 | total time: 25.20m | eta: 56.2m
step 00788/02520 (31.27%) | loss: 3.291215 | lrm: 1.00 | dt: 1937.20ms | tok/sec: 270,642 | bf16_mfu: 0.00 | epoch: 1 pq: 9 rg: 23 | total time: 25.24m | eta: 56.2m
step 00789/02520 (31.31%) | loss: 3.299220 | lrm: 1.00 | dt: 1937.29ms | tok/sec: 270,629 | bf16_mfu: 0.00 | epoch: 1 pq: 9 rg: 24 | total time: 25.27m | eta: 56.1m
step 00790/02520 (31.35%) | loss: 3.294915 | lrm: 1.00 | dt: 1938.55ms | tok/sec: 270,454 | bf16_mfu: 0.00 | epoch: 1 pq: 9 rg: 25 | total time: 25.30m | eta: 56.1m
step 00791/02520 (31.39%) | loss: 3.308615 | lrm: 1.00 | dt: 1937.23ms | tok/sec: 270,637 | bf16_mfu: 0.00 | epoch: 1 pq: 9 rg: 26 | total time: 25.33m | eta: 56.1m
step 00792/02520 (31.43%) | loss: 3.313009 | lrm: 1.00 | dt: 1936.84ms | tok/sec: 270,692 | bf16_mfu: 0.00 | epoch: 1 pq: 9 rg: 27 | total time: 25.37m | eta: 56.1m
step 00793/02520 (31.47%) | loss: 3.309817 | lrm: 1.00 | dt: 1936.11ms | tok/sec: 270,794 | bf16_mfu: 0.00 | epoch: 1 pq: 9 rg: 28 | total time: 25.40m | eta: 56.0m
step 00794/02520 (31.51%) | loss: 3.296461 | lrm: 1.00 | dt: 1936.54ms | tok/sec: 270,734 | bf16_mfu: 0.00 | epoch: 1 pq: 9 rg: 29 | total time: 25.43m | eta: 56.0m
step 00795/02520 (31.55%) | loss: 3.289192 | lrm: 1.00 | dt: 1937.23ms | tok/sec: 270,638 | bf16_mfu: 0.00 | epoch: 1 pq: 9 rg: 30 | total time: 25.46m | eta: 56.0m
step 00796/02520 (31.59%) | loss: 3.287431 | lrm: 1.00 | dt: 1937.80ms | tok/sec: 270,558 | bf16_mfu: 0.00 | epoch: 1 pq: 9 rg: 31 | total time: 25.49m | eta: 55.9m
step 00797/02520 (31.63%) | loss: 3.298832 | lrm: 1.00 | dt: 1938.19ms | tok/sec: 270,503 | bf16_mfu: 0.00 | epoch: 1 pq: 9 rg: 32 | total time: 25.53m | eta: 55.9m
step 00798/02520 (31.67%) | loss: 3.289387 | lrm: 1.00 | dt: 1938.37ms | tok/sec: 270,479 | bf16_mfu: 0.00 | epoch: 1 pq: 9 rg: 33 | total time: 25.56m | eta: 55.9m
step 00799/02520 (31.71%) | loss: 3.289886 | lrm: 1.00 | dt: 1939.94ms | tok/sec: 270,260 | bf16_mfu: 0.00 | epoch: 1 pq: 9 rg: 33 | total time: 25.59m | eta: 55.8m
step 00800/02520 (31.75%) | loss: 3.292600 | lrm: 1.00 | dt: 1939.23ms | tok/sec: 270,358 | bf16_mfu: 0.00 | epoch: 1 pq: 9 rg: 34 | total time: 25.62m | eta: 55.8m
step 00801/02520 (31.79%) | loss: 3.286449 | lrm: 1.00 | dt: 1937.21ms | tok/sec: 270,640 | bf16_mfu: 0.00 | epoch: 1 pq: 9 rg: 35 | total time: 25.66m | eta: 55.8m
step 00802/02520 (31.83%) | loss: 3.282971 | lrm: 1.00 | dt: 1937.81ms | tok/sec: 270,557 | bf16_mfu: 0.00 | epoch: 1 pq: 9 rg: 36 | total time: 25.69m | eta: 55.7m
step 00803/02520 (31.87%) | loss: 3.282383 | lrm: 1.00 | dt: 1937.46ms | tok/sec: 270,606 | bf16_mfu: 0.00 | epoch: 1 pq: 9 rg: 37 | total time: 25.72m | eta: 55.7m
step 00804/02520 (31.90%) | loss: 3.274324 | lrm: 1.00 | dt: 1936.83ms | tok/sec: 270,694 | bf16_mfu: 0.00 | epoch: 1 pq: 9 rg: 38 | total time: 25.75m | eta: 55.7m
step 00805/02520 (31.94%) | loss: 3.272767 | lrm: 1.00 | dt: 1937.36ms | tok/sec: 270,619 | bf16_mfu: 0.00 | epoch: 1 pq: 9 rg: 39 | total time: 25.79m | eta: 55.6m
step 00806/02520 (31.98%) | loss: 3.272539 | lrm: 1.00 | dt: 1939.10ms | tok/sec: 270,376 | bf16_mfu: 0.00 | epoch: 1 pq: 9 rg: 40 | total time: 25.82m | eta: 55.6m
step 00807/02520 (32.02%) | loss: 3.273906 | lrm: 1.00 | dt: 1938.32ms | tok/sec: 270,485 | bf16_mfu: 0.00 | epoch: 1 pq: 9 rg: 41 | total time: 25.85m | eta: 55.6m
step 00808/02520 (32.06%) | loss: 3.277965 | lrm: 1.00 | dt: 1938.99ms | tok/sec: 270,392 | bf16_mfu: 0.00 | epoch: 1 pq: 9 rg: 42 | total time: 25.88m | eta: 55.5m
step 00809/02520 (32.10%) | loss: 3.270557 | lrm: 1.00 | dt: 1937.68ms | tok/sec: 270,574 | bf16_mfu: 0.00 | epoch: 1 pq: 9 rg: 43 | total time: 25.91m | eta: 55.5m
step 00810/02520 (32.14%) | loss: 3.270488 | lrm: 1.00 | dt: 1939.24ms | tok/sec: 270,357 | bf16_mfu: 0.00 | epoch: 1 pq: 9 rg: 44 | total time: 25.95m | eta: 55.5m
step 00811/02520 (32.18%) | loss: 3.273436 | lrm: 1.00 | dt: 1938.62ms | tok/sec: 270,443 | bf16_mfu: 0.00 | epoch: 1 pq: 9 rg: 45 | total time: 25.98m | eta: 55.4m
step 00812/02520 (32.22%) | loss: 3.279097 | lrm: 1.00 | dt: 1937.63ms | tok/sec: 270,582 | bf16_mfu: 0.00 | epoch: 1 pq: 9 rg: 46 | total time: 26.01m | eta: 55.4m
step 00813/02520 (32.26%) | loss: 3.279878 | lrm: 1.00 | dt: 1936.07ms | tok/sec: 270,799 | bf16_mfu: 0.00 | epoch: 1 pq: 9 rg: 47 | total time: 26.04m | eta: 55.4m
step 00814/02520 (32.30%) | loss: 3.287618 | lrm: 1.00 | dt: 1937.61ms | tok/sec: 270,585 | bf16_mfu: 0.00 | epoch: 1 pq: 9 rg: 48 | total time: 26.08m | eta: 55.3m
step 00815/02520 (32.34%) | loss: 3.290415 | lrm: 1.00 | dt: 1936.69ms | tok/sec: 270,713 | bf16_mfu: 0.00 | epoch: 1 pq: 9 rg: 49 | total time: 26.11m | eta: 55.3m
step 00816/02520 (32.38%) | loss: 3.288526 | lrm: 1.00 | dt: 1937.64ms | tok/sec: 270,580 | bf16_mfu: 0.00 | epoch: 1 pq: 9 rg: 50 | total time: 26.14m | eta: 55.3m
step 00817/02520 (32.42%) | loss: 3.291810 | lrm: 1.00 | dt: 1937.97ms | tok/sec: 270,534 | bf16_mfu: 0.00 | epoch: 1 pq: 9 rg: 51 | total time: 26.17m | eta: 55.2m
step 00818/02520 (32.46%) | loss: 3.291976 | lrm: 1.00 | dt: 1938.90ms | tok/sec: 270,405 | bf16_mfu: 0.00 | epoch: 1 pq: 9 rg: 52 | total time: 26.21m | eta: 55.2m
step 00819/02520 (32.50%) | loss: 3.289526 | lrm: 1.00 | dt: 1938.89ms | tok/sec: 270,406 | bf16_mfu: 0.00 | epoch: 1 pq: 9 rg: 53 | total time: 26.24m | eta: 55.2m
step 00820/02520 (32.54%) | loss: 3.275587 | lrm: 1.00 | dt: 1939.78ms | tok/sec: 270,281 | bf16_mfu: 0.00 | epoch: 1 pq: 9 rg: 54 | total time: 26.27m | eta: 55.1m
step 00821/02520 (32.58%) | loss: 3.270815 | lrm: 1.00 | dt: 1939.64ms | tok/sec: 270,302 | bf16_mfu: 0.00 | epoch: 1 pq: 9 rg: 55 | total time: 26.30m | eta: 55.1m
step 00822/02520 (32.62%) | loss: 3.271011 | lrm: 1.00 | dt: 1939.83ms | tok/sec: 270,274 | bf16_mfu: 0.00 | epoch: 1 pq: 9 rg: 56 | total time: 26.33m | eta: 55.1m
step 00823/02520 (32.66%) | loss: 3.262465 | lrm: 1.00 | dt: 1939.79ms | tok/sec: 270,280 | bf16_mfu: 0.00 | epoch: 1 pq: 9 rg: 57 | total time: 26.37m | eta: 55.0m
step 00824/02520 (32.70%) | loss: 3.261987 | lrm: 1.00 | dt: 1939.58ms | tok/sec: 270,309 | bf16_mfu: 0.00 | epoch: 1 pq: 9 rg: 58 | total time: 26.40m | eta: 55.0m
step 00825/02520 (32.74%) | loss: 3.257349 | lrm: 1.00 | dt: 1938.89ms | tok/sec: 270,405 | bf16_mfu: 0.00 | epoch: 1 pq: 9 rg: 59 | total time: 26.43m | eta: 55.0m
step 00826/02520 (32.78%) | loss: 3.253782 | lrm: 1.00 | dt: 1940.35ms | tok/sec: 270,203 | bf16_mfu: 0.00 | epoch: 1 pq: 9 rg: 60 | total time: 26.46m | eta: 54.9m
step 00827/02520 (32.82%) | loss: 3.264814 | lrm: 1.00 | dt: 1939.92ms | tok/sec: 270,263 | bf16_mfu: 0.00 | epoch: 1 pq: 9 rg: 61 | total time: 26.50m | eta: 54.9m
step 00828/02520 (32.86%) | loss: 3.282154 | lrm: 1.00 | dt: 1940.34ms | tok/sec: 270,203 | bf16_mfu: 0.00 | epoch: 1 pq: 9 rg: 62 | total time: 26.53m | eta: 54.9m
step 00829/02520 (32.90%) | loss: 3.287940 | lrm: 1.00 | dt: 1939.42ms | tok/sec: 270,332 | bf16_mfu: 0.00 | epoch: 1 pq: 9 rg: 63 | total time: 26.56m | eta: 54.8m
step 00830/02520 (32.94%) | loss: 3.280858 | lrm: 1.00 | dt: 1939.54ms | tok/sec: 270,315 | bf16_mfu: 0.00 | epoch: 1 pq: 9 rg: 64 | total time: 26.59m | eta: 54.8m
step 00831/02520 (32.98%) | loss: 3.269419 | lrm: 1.00 | dt: 1941.05ms | tok/sec: 270,106 | bf16_mfu: 0.00 | epoch: 1 pq: 9 rg: 65 | total time: 26.63m | eta: 54.8m
step 00832/02520 (33.02%) | loss: 3.266331 | lrm: 1.00 | dt: 1938.43ms | tok/sec: 270,470 | bf16_mfu: 0.00 | epoch: 1 pq: 9 rg: 66 | total time: 26.66m | eta: 54.7m
step 00833/02520 (33.06%) | loss: 3.273034 | lrm: 1.00 | dt: 1939.08ms | tok/sec: 270,379 | bf16_mfu: 0.00 | epoch: 1 pq: 9 rg: 67 | total time: 26.69m | eta: 54.7m
step 00834/02520 (33.10%) | loss: 3.259430 | lrm: 1.00 | dt: 1938.63ms | tok/sec: 270,442 | bf16_mfu: 0.00 | epoch: 1 pq: 9 rg: 67 | total time: 26.72m | eta: 54.7m
step 00835/02520 (33.13%) | loss: 3.258428 | lrm: 1.00 | dt: 1938.14ms | tok/sec: 270,511 | bf16_mfu: 0.00 | epoch: 1 pq: 9 rg: 68 | total time: 26.75m | eta: 54.6m
step 00836/02520 (33.17%) | loss: 3.264832 | lrm: 1.00 | dt: 1939.18ms | tok/sec: 270,365 | bf16_mfu: 0.00 | epoch: 1 pq: 9 rg: 69 | total time: 26.79m | eta: 54.6m
step 00837/02520 (33.21%) | loss: 3.262553 | lrm: 1.00 | dt: 1937.00ms | tok/sec: 270,670 | bf16_mfu: 0.00 | epoch: 1 pq: 9 rg: 70 | total time: 26.82m | eta: 54.6m
step 00838/02520 (33.25%) | loss: 3.261871 | lrm: 1.00 | dt: 1939.59ms | tok/sec: 270,307 | bf16_mfu: 0.00 | epoch: 1 pq: 9 rg: 71 | total time: 26.85m | eta: 54.5m
step 00839/02520 (33.29%) | loss: 3.265286 | lrm: 1.00 | dt: 1937.49ms | tok/sec: 270,602 | bf16_mfu: 0.00 | epoch: 1 pq: 9 rg: 72 | total time: 26.88m | eta: 54.5m
step 00840/02520 (33.33%) | loss: 3.265895 | lrm: 1.00 | dt: 1938.51ms | tok/sec: 270,458 | bf16_mfu: 0.00 | epoch: 1 pq: 9 rg: 73 | total time: 26.92m | eta: 54.5m
step 00841/02520 (33.37%) | loss: 3.274069 | lrm: 1.00 | dt: 1938.20ms | tok/sec: 270,503 | bf16_mfu: 0.00 | epoch: 1 pq: 9 rg: 74 | total time: 26.95m | eta: 54.4m
step 00842/02520 (33.41%) | loss: 3.275985 | lrm: 1.00 | dt: 1937.73ms | tok/sec: 270,567 | bf16_mfu: 0.00 | epoch: 1 pq: 9 rg: 75 | total time: 26.98m | eta: 54.4m
step 00843/02520 (33.45%) | loss: 3.273547 | lrm: 1.00 | dt: 1938.62ms | tok/sec: 270,443 | bf16_mfu: 0.00 | epoch: 1 pq: 9 rg: 76 | total time: 27.01m | eta: 54.4m
step 00844/02520 (33.49%) | loss: 3.274645 | lrm: 1.00 | dt: 1938.89ms | tok/sec: 270,406 | bf16_mfu: 0.00 | epoch: 1 pq: 9 rg: 77 | total time: 27.05m | eta: 54.4m
step 00845/02520 (33.53%) | loss: 3.276610 | lrm: 1.00 | dt: 1939.50ms | tok/sec: 270,321 | bf16_mfu: 0.00 | epoch: 1 pq: 9 rg: 78 | total time: 27.08m | eta: 54.3m
step 00846/02520 (33.57%) | loss: 3.262067 | lrm: 1.00 | dt: 1939.10ms | tok/sec: 270,377 | bf16_mfu: 0.00 | epoch: 1 pq: 9 rg: 79 | total time: 27.11m | eta: 54.3m
step 00847/02520 (33.61%) | loss: 3.276826 | lrm: 1.00 | dt: 1939.56ms | tok/sec: 270,312 | bf16_mfu: 0.00 | epoch: 1 pq: 9 rg: 80 | total time: 27.14m | eta: 54.3m
step 00848/02520 (33.65%) | loss: 3.288214 | lrm: 1.00 | dt: 1938.53ms | tok/sec: 270,457 | bf16_mfu: 0.00 | epoch: 1 pq: 9 rg: 81 | total time: 27.17m | eta: 54.2m
step 00849/02520 (33.69%) | loss: 3.283764 | lrm: 1.00 | dt: 1938.90ms | tok/sec: 270,405 | bf16_mfu: 0.00 | epoch: 1 pq: 9 rg: 82 | total time: 27.21m | eta: 54.2m
step 00850/02520 (33.73%) | loss: 3.284978 | lrm: 1.00 | dt: 1937.55ms | tok/sec: 270,593 | bf16_mfu: 0.00 | epoch: 1 pq: 10 rg: 0 | total time: 27.24m | eta: 54.2m
step 00851/02520 (33.77%) | loss: 3.290068 | lrm: 1.00 | dt: 1938.47ms | tok/sec: 270,464 | bf16_mfu: 0.00 | epoch: 1 pq: 10 rg: 1 | total time: 27.27m | eta: 54.1m
step 00852/02520 (33.81%) | loss: 3.295455 | lrm: 1.00 | dt: 1939.30ms | tok/sec: 270,348 | bf16_mfu: 0.00 | epoch: 1 pq: 10 rg: 2 | total time: 27.30m | eta: 54.1m
step 00853/02520 (33.85%) | loss: 3.296326 | lrm: 1.00 | dt: 1938.12ms | tok/sec: 270,513 | bf16_mfu: 0.00 | epoch: 1 pq: 10 rg: 3 | total time: 27.34m | eta: 54.1m
step 00854/02520 (33.89%) | loss: 3.294245 | lrm: 1.00 | dt: 1937.87ms | tok/sec: 270,548 | bf16_mfu: 0.00 | epoch: 1 pq: 10 rg: 4 | total time: 27.37m | eta: 54.0m
step 00855/02520 (33.93%) | loss: 3.286584 | lrm: 1.00 | dt: 1937.10ms | tok/sec: 270,655 | bf16_mfu: 0.00 | epoch: 1 pq: 10 rg: 5 | total time: 27.40m | eta: 54.0m
step 00856/02520 (33.97%) | loss: 3.282313 | lrm: 1.00 | dt: 1937.52ms | tok/sec: 270,597 | bf16_mfu: 0.00 | epoch: 1 pq: 10 rg: 6 | total time: 27.43m | eta: 54.0m
step 00857/02520 (34.01%) | loss: 3.281662 | lrm: 1.00 | dt: 1938.57ms | tok/sec: 270,451 | bf16_mfu: 0.00 | epoch: 1 pq: 10 rg: 7 | total time: 27.47m | eta: 53.9m
step 00858/02520 (34.05%) | loss: 3.279093 | lrm: 1.00 | dt: 1936.85ms | tok/sec: 270,690 | bf16_mfu: 0.00 | epoch: 1 pq: 10 rg: 8 | total time: 27.50m | eta: 53.9m
step 00859/02520 (34.09%) | loss: 3.283992 | lrm: 1.00 | dt: 1938.20ms | tok/sec: 270,501 | bf16_mfu: 0.00 | epoch: 1 pq: 10 rg: 9 | total time: 27.53m | eta: 53.9m
step 00860/02520 (34.13%) | loss: 3.286817 | lrm: 1.00 | dt: 1938.66ms | tok/sec: 270,437 | bf16_mfu: 0.00 | epoch: 1 pq: 10 rg: 10 | total time: 27.56m | eta: 53.8m
step 00861/02520 (34.17%) | loss: 3.294472 | lrm: 1.00 | dt: 1937.15ms | tok/sec: 270,649 | bf16_mfu: 0.00 | epoch: 1 pq: 10 rg: 11 | total time: 27.59m | eta: 53.8m
step 00862/02520 (34.21%) | loss: 3.297275 | lrm: 1.00 | dt: 1938.96ms | tok/sec: 270,395 | bf16_mfu: 0.00 | epoch: 1 pq: 10 rg: 12 | total time: 27.63m | eta: 53.8m
step 00863/02520 (34.25%) | loss: 3.292940 | lrm: 1.00 | dt: 1938.08ms | tok/sec: 270,519 | bf16_mfu: 0.00 | epoch: 1 pq: 10 rg: 13 | total time: 27.66m | eta: 53.7m
step 00864/02520 (34.29%) | loss: 3.280631 | lrm: 1.00 | dt: 1936.34ms | tok/sec: 270,762 | bf16_mfu: 0.00 | epoch: 1 pq: 10 rg: 14 | total time: 27.69m | eta: 53.7m
step 00865/02520 (34.33%) | loss: 3.279078 | lrm: 1.00 | dt: 1937.16ms | tok/sec: 270,647 | bf16_mfu: 0.00 | epoch: 1 pq: 10 rg: 15 | total time: 27.72m | eta: 53.7m
step 00866/02520 (34.37%) | loss: 3.266875 | lrm: 1.00 | dt: 1937.28ms | tok/sec: 270,631 | bf16_mfu: 0.00 | epoch: 1 pq: 10 rg: 16 | total time: 27.76m | eta: 53.6m
step 00867/02520 (34.40%) | loss: 3.262263 | lrm: 1.00 | dt: 1937.64ms | tok/sec: 270,581 | bf16_mfu: 0.00 | epoch: 1 pq: 10 rg: 17 | total time: 27.79m | eta: 53.6m
step 00868/02520 (34.44%) | loss: 3.257952 | lrm: 1.00 | dt: 1938.76ms | tok/sec: 270,424 | bf16_mfu: 0.00 | epoch: 1 pq: 10 rg: 18 | total time: 27.82m | eta: 53.6m
step 00869/02520 (34.48%) | loss: 3.253878 | lrm: 1.00 | dt: 1937.69ms | tok/sec: 270,573 | bf16_mfu: 0.00 | epoch: 1 pq: 10 rg: 18 | total time: 27.85m | eta: 53.5m
step 00870/02520 (34.52%) | loss: 3.253211 | lrm: 1.00 | dt: 1939.88ms | tok/sec: 270,268 | bf16_mfu: 0.00 | epoch: 1 pq: 10 rg: 19 | total time: 27.89m | eta: 53.5m
step 00871/02520 (34.56%) | loss: 3.255933 | lrm: 1.00 | dt: 1939.99ms | tok/sec: 270,252 | bf16_mfu: 0.00 | epoch: 1 pq: 10 rg: 20 | total time: 27.92m | eta: 53.5m
step 00872/02520 (34.60%) | loss: 3.255729 | lrm: 1.00 | dt: 1938.57ms | tok/sec: 270,451 | bf16_mfu: 0.00 | epoch: 1 pq: 10 rg: 21 | total time: 27.95m | eta: 53.4m
step 00873/02520 (34.64%) | loss: 3.259333 | lrm: 1.00 | dt: 1939.04ms | tok/sec: 270,386 | bf16_mfu: 0.00 | epoch: 1 pq: 10 rg: 22 | total time: 27.98m | eta: 53.4m
step 00874/02520 (34.68%) | loss: 3.259806 | lrm: 1.00 | dt: 1937.22ms | tok/sec: 270,638 | bf16_mfu: 0.00 | epoch: 1 pq: 10 rg: 23 | total time: 28.01m | eta: 53.4m
step 00875/02520 (34.72%) | loss: 3.258656 | lrm: 1.00 | dt: 1939.58ms | tok/sec: 270,309 | bf16_mfu: 0.00 | epoch: 1 pq: 10 rg: 24 | total time: 28.05m | eta: 53.3m
step 00876/02520 (34.76%) | loss: 3.264855 | lrm: 1.00 | dt: 1938.67ms | tok/sec: 270,437 | bf16_mfu: 0.00 | epoch: 1 pq: 10 rg: 25 | total time: 28.08m | eta: 53.3m
step 00877/02520 (34.80%) | loss: 3.268213 | lrm: 1.00 | dt: 1938.54ms | tok/sec: 270,455 | bf16_mfu: 0.00 | epoch: 1 pq: 10 rg: 26 | total time: 28.11m | eta: 53.3m
step 00878/02520 (34.84%) | loss: 3.288441 | lrm: 1.00 | dt: 1941.03ms | tok/sec: 270,108 | bf16_mfu: 0.00 | epoch: 1 pq: 10 rg: 27 | total time: 28.14m | eta: 53.2m
step 00879/02520 (34.88%) | loss: 3.283971 | lrm: 1.00 | dt: 1938.65ms | tok/sec: 270,439 | bf16_mfu: 0.00 | epoch: 1 pq: 10 rg: 28 | total time: 28.18m | eta: 53.2m
step 00880/02520 (34.92%) | loss: 3.282776 | lrm: 1.00 | dt: 1940.38ms | tok/sec: 270,198 | bf16_mfu: 0.00 | epoch: 1 pq: 10 rg: 29 | total time: 28.21m | eta: 53.2m
step 00881/02520 (34.96%) | loss: 3.292459 | lrm: 1.00 | dt: 1940.31ms | tok/sec: 270,208 | bf16_mfu: 0.00 | epoch: 1 pq: 10 rg: 30 | total time: 28.24m | eta: 53.1m
step 00882/02520 (35.00%) | loss: 3.291650 | lrm: 1.00 | dt: 1941.21ms | tok/sec: 270,083 | bf16_mfu: 0.00 | epoch: 1 pq: 10 rg: 31 | total time: 28.27m | eta: 53.1m
step 00883/02520 (35.04%) | loss: 3.287354 | lrm: 1.00 | dt: 1944.50ms | tok/sec: 269,626 | bf16_mfu: 0.00 | epoch: 1 pq: 10 rg: 32 | total time: 28.31m | eta: 53.1m
step 00884/02520 (35.08%) | loss: 3.273924 | lrm: 1.00 | dt: 1942.31ms | tok/sec: 269,930 | bf16_mfu: 0.00 | epoch: 1 pq: 10 rg: 33 | total time: 28.34m | eta: 53.0m
step 00885/02520 (35.12%) | loss: 3.264176 | lrm: 1.00 | dt: 1941.30ms | tok/sec: 270,070 | bf16_mfu: 0.00 | epoch: 1 pq: 10 rg: 34 | total time: 28.37m | eta: 53.0m
step 00886/02520 (35.16%) | loss: 3.260866 | lrm: 1.00 | dt: 1941.66ms | tok/sec: 270,020 | bf16_mfu: 0.00 | epoch: 1 pq: 10 rg: 35 | total time: 28.40m | eta: 53.0m
step 00887/02520 (35.20%) | loss: 3.267717 | lrm: 1.00 | dt: 1942.10ms | tok/sec: 269,959 | bf16_mfu: 0.00 | epoch: 1 pq: 10 rg: 36 | total time: 28.44m | eta: 52.9m
step 00888/02520 (35.24%) | loss: 3.268793 | lrm: 1.00 | dt: 1941.69ms | tok/sec: 270,015 | bf16_mfu: 0.00 | epoch: 1 pq: 10 rg: 37 | total time: 28.47m | eta: 52.9m
step 00889/02520 (35.28%) | loss: 3.265566 | lrm: 1.00 | dt: 1941.44ms | tok/sec: 270,051 | bf16_mfu: 0.00 | epoch: 1 pq: 10 rg: 38 | total time: 28.50m | eta: 52.9m
step 00890/02520 (35.32%) | loss: 3.273430 | lrm: 1.00 | dt: 1941.68ms | tok/sec: 270,017 | bf16_mfu: 0.00 | epoch: 1 pq: 10 rg: 39 | total time: 28.53m | eta: 52.8m
step 00891/02520 (35.36%) | loss: 3.281751 | lrm: 0.99 | dt: 1941.28ms | tok/sec: 270,073 | bf16_mfu: 0.00 | epoch: 1 pq: 10 rg: 40 | total time: 28.56m | eta: 52.8m
step 00892/02520 (35.40%) | loss: 3.278715 | lrm: 0.99 | dt: 1941.47ms | tok/sec: 270,046 | bf16_mfu: 0.00 | epoch: 1 pq: 10 rg: 41 | total time: 28.60m | eta: 52.8m
step 00893/02520 (35.44%) | loss: 3.274849 | lrm: 0.99 | dt: 1942.85ms | tok/sec: 269,854 | bf16_mfu: 0.00 | epoch: 1 pq: 10 rg: 42 | total time: 28.63m | eta: 52.8m
step 00894/02520 (35.48%) | loss: 3.278063 | lrm: 0.99 | dt: 1941.52ms | tok/sec: 270,040 | bf16_mfu: 0.00 | epoch: 1 pq: 10 rg: 43 | total time: 28.66m | eta: 52.7m
step 00895/02520 (35.52%) | loss: 3.276780 | lrm: 0.99 | dt: 1942.23ms | tok/sec: 269,941 | bf16_mfu: 0.00 | epoch: 1 pq: 10 rg: 44 | total time: 28.69m | eta: 52.7m
step 00896/02520 (35.56%) | loss: 3.280922 | lrm: 0.99 | dt: 1943.54ms | tok/sec: 269,759 | bf16_mfu: 0.00 | epoch: 1 pq: 10 rg: 45 | total time: 28.73m | eta: 52.7m
step 00897/02520 (35.60%) | loss: 3.281986 | lrm: 0.99 | dt: 1944.04ms | tok/sec: 269,689 | bf16_mfu: 0.00 | epoch: 1 pq: 10 rg: 46 | total time: 28.76m | eta: 52.6m
step 00898/02520 (35.63%) | loss: 3.267696 | lrm: 0.99 | dt: 1941.59ms | tok/sec: 270,030 | bf16_mfu: 0.00 | epoch: 1 pq: 10 rg: 47 | total time: 28.79m | eta: 52.6m
step 00899/02520 (35.67%) | loss: 3.276195 | lrm: 0.99 | dt: 1942.88ms | tok/sec: 269,850 | bf16_mfu: 0.00 | epoch: 1 pq: 10 rg: 47 | total time: 28.82m | eta: 52.6m
step 00900/02520 (35.71%) | loss: 3.279738 | lrm: 0.99 | dt: 1942.74ms | tok/sec: 269,870 | bf16_mfu: 0.00 | epoch: 1 pq: 10 rg: 48 | total time: 28.86m | eta: 52.5m
step 00901/02520 (35.75%) | loss: 3.282637 | lrm: 0.99 | dt: 1941.93ms | tok/sec: 269,983 | bf16_mfu: 0.00 | epoch: 1 pq: 10 rg: 49 | total time: 28.89m | eta: 52.5m
step 00902/02520 (35.79%) | loss: 3.286903 | lrm: 0.99 | dt: 1944.15ms | tok/sec: 269,675 | bf16_mfu: 0.00 | epoch: 1 pq: 10 rg: 50 | total time: 28.92m | eta: 52.5m
step 00903/02520 (35.83%) | loss: 3.290734 | lrm: 0.99 | dt: 1943.75ms | tok/sec: 269,730 | bf16_mfu: 0.00 | epoch: 1 pq: 10 rg: 51 | total time: 28.95m | eta: 52.4m
step 00904/02520 (35.87%) | loss: 3.287056 | lrm: 0.99 | dt: 1943.22ms | tok/sec: 269,804 | bf16_mfu: 0.00 | epoch: 1 pq: 10 rg: 52 | total time: 28.99m | eta: 52.4m
step 00905/02520 (35.91%) | loss: 3.287935 | lrm: 0.99 | dt: 1943.66ms | tok/sec: 269,743 | bf16_mfu: 0.00 | epoch: 1 pq: 10 rg: 53 | total time: 29.02m | eta: 52.4m
step 00906/02520 (35.95%) | loss: 3.279196 | lrm: 0.99 | dt: 1944.49ms | tok/sec: 269,627 | bf16_mfu: 0.00 | epoch: 1 pq: 10 rg: 54 | total time: 29.05m | eta: 52.3m
step 00907/02520 (35.99%) | loss: 3.284989 | lrm: 0.99 | dt: 1944.89ms | tok/sec: 269,571 | bf16_mfu: 0.00 | epoch: 1 pq: 10 rg: 55 | total time: 29.08m | eta: 52.3m
step 00908/02520 (36.03%) | loss: 3.285940 | lrm: 0.98 | dt: 1943.77ms | tok/sec: 269,727 | bf16_mfu: 0.00 | epoch: 1 pq: 10 rg: 56 | total time: 29.12m | eta: 52.3m
step 00909/02520 (36.07%) | loss: 3.288970 | lrm: 0.98 | dt: 1943.81ms | tok/sec: 269,721 | bf16_mfu: 0.00 | epoch: 1 pq: 10 rg: 57 | total time: 29.15m | eta: 52.2m
step 00910/02520 (36.11%) | loss: 3.295489 | lrm: 0.98 | dt: 1945.29ms | tok/sec: 269,516 | bf16_mfu: 0.00 | epoch: 1 pq: 10 rg: 58 | total time: 29.18m | eta: 52.2m
step 00911/02520 (36.15%) | loss: 3.289231 | lrm: 0.98 | dt: 1944.72ms | tok/sec: 269,596 | bf16_mfu: 0.00 | epoch: 1 pq: 10 rg: 59 | total time: 29.21m | eta: 52.2m
step 00912/02520 (36.19%) | loss: 3.292246 | lrm: 0.98 | dt: 1946.28ms | tok/sec: 269,379 | bf16_mfu: 0.00 | epoch: 1 pq: 10 rg: 60 | total time: 29.24m | eta: 52.1m
step 00913/02520 (36.23%) | loss: 3.296919 | lrm: 0.98 | dt: 1946.19ms | tok/sec: 269,392 | bf16_mfu: 0.00 | epoch: 1 pq: 10 rg: 61 | total time: 29.28m | eta: 52.1m
step 00914/02520 (36.27%) | loss: 3.281889 | lrm: 0.98 | dt: 1945.97ms | tok/sec: 269,422 | bf16_mfu: 0.00 | epoch: 1 pq: 10 rg: 62 | total time: 29.31m | eta: 52.1m
step 00915/02520 (36.31%) | loss: 3.272123 | lrm: 0.98 | dt: 1946.83ms | tok/sec: 269,303 | bf16_mfu: 0.00 | epoch: 1 pq: 10 rg: 63 | total time: 29.34m | eta: 52.0m
step 00916/02520 (36.35%) | loss: 3.270081 | lrm: 0.98 | dt: 1946.80ms | tok/sec: 269,308 | bf16_mfu: 0.00 | epoch: 1 pq: 10 rg: 64 | total time: 29.37m | eta: 52.0m
step 00917/02520 (36.39%) | loss: 3.266603 | lrm: 0.98 | dt: 1946.84ms | tok/sec: 269,302 | bf16_mfu: 0.00 | epoch: 1 pq: 10 rg: 65 | total time: 29.41m | eta: 52.0m
step 00918/02520 (36.43%) | loss: 3.273251 | lrm: 0.98 | dt: 1947.33ms | tok/sec: 269,233 | bf16_mfu: 0.00 | epoch: 1 pq: 10 rg: 66 | total time: 29.44m | eta: 51.9m
step 00919/02520 (36.47%) | loss: 3.269664 | lrm: 0.98 | dt: 1947.89ms | tok/sec: 269,157 | bf16_mfu: 0.00 | epoch: 1 pq: 10 rg: 67 | total time: 29.47m | eta: 51.9m
step 00920/02520 (36.51%) | loss: 3.276047 | lrm: 0.98 | dt: 1946.84ms | tok/sec: 269,302 | bf16_mfu: 0.00 | epoch: 1 pq: 10 rg: 68 | total time: 29.50m | eta: 51.9m
step 00921/02520 (36.55%) | loss: 3.284668 | lrm: 0.98 | dt: 1948.71ms | tok/sec: 269,043 | bf16_mfu: 0.00 | epoch: 1 pq: 10 rg: 69 | total time: 29.54m | eta: 51.8m
step 00922/02520 (36.59%) | loss: 3.274719 | lrm: 0.98 | dt: 1947.48ms | tok/sec: 269,213 | bf16_mfu: 0.00 | epoch: 1 pq: 10 rg: 70 | total time: 29.57m | eta: 51.8m
step 00923/02520 (36.63%) | loss: 3.279220 | lrm: 0.98 | dt: 1948.74ms | tok/sec: 269,039 | bf16_mfu: 0.00 | epoch: 1 pq: 10 rg: 71 | total time: 29.60m | eta: 51.8m
step 00924/02520 (36.67%) | loss: 3.274492 | lrm: 0.98 | dt: 1948.41ms | tok/sec: 269,085 | bf16_mfu: 0.00 | epoch: 1 pq: 10 rg: 72 | total time: 29.63m | eta: 51.7m
step 00925/02520 (36.71%) | loss: 3.272024 | lrm: 0.98 | dt: 1949.18ms | tok/sec: 268,978 | bf16_mfu: 0.00 | epoch: 1 pq: 10 rg: 73 | total time: 29.67m | eta: 51.7m
step 00926/02520 (36.75%) | loss: 3.263908 | lrm: 0.97 | dt: 1949.56ms | tok/sec: 268,926 | bf16_mfu: 0.00 | epoch: 1 pq: 10 rg: 74 | total time: 29.70m | eta: 51.7m
step 00927/02520 (36.79%) | loss: 3.263652 | lrm: 0.97 | dt: 1950.13ms | tok/sec: 268,848 | bf16_mfu: 0.00 | epoch: 1 pq: 10 rg: 75 | total time: 29.73m | eta: 51.6m
step 00928/02520 (36.83%) | loss: 3.261136 | lrm: 0.97 | dt: 1948.78ms | tok/sec: 269,034 | bf16_mfu: 0.00 | epoch: 1 pq: 10 rg: 76 | total time: 29.76m | eta: 51.6m
step 00929/02520 (36.87%) | loss: 3.267561 | lrm: 0.97 | dt: 1949.77ms | tok/sec: 268,897 | bf16_mfu: 0.00 | epoch: 1 pq: 10 rg: 76 | total time: 29.80m | eta: 51.6m
step 00930/02520 (36.90%) | loss: 3.271197 | lrm: 0.97 | dt: 1948.98ms | tok/sec: 269,005 | bf16_mfu: 0.00 | epoch: 1 pq: 10 rg: 77 | total time: 29.83m | eta: 51.6m
step 00931/02520 (36.94%) | loss: 3.266564 | lrm: 0.97 | dt: 1950.74ms | tok/sec: 268,764 | bf16_mfu: 0.00 | epoch: 1 pq: 10 rg: 78 | total time: 29.86m | eta: 51.5m
step 00932/02520 (36.98%) | loss: 3.281902 | lrm: 0.97 | dt: 1950.25ms | tok/sec: 268,831 | bf16_mfu: 0.00 | epoch: 1 pq: 10 rg: 79 | total time: 29.89m | eta: 51.5m
step 00933/02520 (37.02%) | loss: 3.273455 | lrm: 0.97 | dt: 1950.54ms | tok/sec: 268,791 | bf16_mfu: 0.00 | epoch: 1 pq: 10 rg: 80 | total time: 29.93m | eta: 51.5m
step 00934/02520 (37.06%) | loss: 3.274879 | lrm: 0.97 | dt: 1949.85ms | tok/sec: 268,886 | bf16_mfu: 0.00 | epoch: 1 pq: 10 rg: 81 | total time: 29.96m | eta: 51.4m
step 00935/02520 (37.10%) | loss: 3.276188 | lrm: 0.97 | dt: 1951.34ms | tok/sec: 268,680 | bf16_mfu: 0.00 | epoch: 1 pq: 10 rg: 82 | total time: 29.99m | eta: 51.4m
step 00936/02520 (37.14%) | loss: 3.280503 | lrm: 0.97 | dt: 1949.91ms | tok/sec: 268,877 | bf16_mfu: 0.00 | epoch: 1 pq: 11 rg: 0 | total time: 30.02m | eta: 51.4m
step 00937/02520 (37.18%) | loss: 3.278864 | lrm: 0.97 | dt: 1950.53ms | tok/sec: 268,792 | bf16_mfu: 0.00 | epoch: 1 pq: 11 rg: 1 | total time: 30.06m | eta: 51.3m
step 00938/02520 (37.22%) | loss: 3.277382 | lrm: 0.97 | dt: 1949.97ms | tok/sec: 268,869 | bf16_mfu: 0.00 | epoch: 1 pq: 11 rg: 2 | total time: 30.09m | eta: 51.3m
step 00939/02520 (37.26%) | loss: 3.275919 | lrm: 0.97 | dt: 1950.37ms | tok/sec: 268,814 | bf16_mfu: 0.00 | epoch: 1 pq: 11 rg: 3 | total time: 30.12m | eta: 51.3m
step 00940/02520 (37.30%) | loss: 3.277056 | lrm: 0.97 | dt: 1950.89ms | tok/sec: 268,742 | bf16_mfu: 0.00 | epoch: 1 pq: 11 rg: 4 | total time: 30.15m | eta: 51.2m
step 00941/02520 (37.34%) | loss: 3.276111 | lrm: 0.97 | dt: 1950.65ms | tok/sec: 268,776 | bf16_mfu: 0.00 | epoch: 1 pq: 11 rg: 5 | total time: 30.19m | eta: 51.2m
step 00942/02520 (37.38%) | loss: 3.273235 | lrm: 0.97 | dt: 1950.77ms | tok/sec: 268,759 | bf16_mfu: 0.00 | epoch: 1 pq: 11 rg: 6 | total time: 30.22m | eta: 51.2m
step 00943/02520 (37.42%) | loss: 3.278241 | lrm: 0.96 | dt: 1950.51ms | tok/sec: 268,795 | bf16_mfu: 0.00 | epoch: 1 pq: 11 rg: 7 | total time: 30.25m | eta: 51.1m
step 00944/02520 (37.46%) | loss: 3.269920 | lrm: 0.96 | dt: 1950.99ms | tok/sec: 268,728 | bf16_mfu: 0.00 | epoch: 1 pq: 11 rg: 8 | total time: 30.28m | eta: 51.1m
step 00945/02520 (37.50%) | loss: 3.269232 | lrm: 0.96 | dt: 1949.22ms | tok/sec: 268,973 | bf16_mfu: 0.00 | epoch: 1 pq: 11 rg: 9 | total time: 30.32m | eta: 51.1m
step 00946/02520 (37.54%) | loss: 3.266236 | lrm: 0.96 | dt: 1950.64ms | tok/sec: 268,777 | bf16_mfu: 0.00 | epoch: 1 pq: 11 rg: 10 | total time: 30.35m | eta: 51.0m
step 00947/02520 (37.58%) | loss: 3.275257 | lrm: 0.96 | dt: 1948.84ms | tok/sec: 269,025 | bf16_mfu: 0.00 | epoch: 1 pq: 11 rg: 11 | total time: 30.38m | eta: 51.0m
step 00948/02520 (37.62%) | loss: 3.270918 | lrm: 0.96 | dt: 1947.87ms | tok/sec: 269,160 | bf16_mfu: 0.00 | epoch: 1 pq: 11 rg: 12 | total time: 30.41m | eta: 51.0m
step 00949/02520 (37.66%) | loss: 3.272619 | lrm: 0.96 | dt: 1949.91ms | tok/sec: 268,877 | bf16_mfu: 0.00 | epoch: 1 pq: 11 rg: 13 | total time: 30.45m | eta: 50.9m
step 00950/02520 (37.70%) | loss: 3.266763 | lrm: 0.96 | dt: 1949.38ms | tok/sec: 268,951 | bf16_mfu: 0.00 | epoch: 1 pq: 11 rg: 14 | total time: 30.48m | eta: 50.9m
step 00951/02520 (37.74%) | loss: 3.257344 | lrm: 0.96 | dt: 1948.84ms | tok/sec: 269,026 | bf16_mfu: 0.00 | epoch: 1 pq: 11 rg: 15 | total time: 30.51m | eta: 50.9m
step 00952/02520 (37.78%) | loss: 3.241872 | lrm: 0.96 | dt: 1948.57ms | tok/sec: 269,063 | bf16_mfu: 0.00 | epoch: 1 pq: 11 rg: 16 | total time: 30.54m | eta: 50.8m
step 00953/02520 (37.82%) | loss: 3.237448 | lrm: 0.96 | dt: 1949.46ms | tok/sec: 268,939 | bf16_mfu: 0.00 | epoch: 1 pq: 11 rg: 17 | total time: 30.58m | eta: 50.8m
step 00954/02520 (37.86%) | loss: 3.244188 | lrm: 0.96 | dt: 1950.16ms | tok/sec: 268,844 | bf16_mfu: 0.00 | epoch: 1 pq: 11 rg: 18 | total time: 30.61m | eta: 50.8m
step 00955/02520 (37.90%) | loss: 3.252822 | lrm: 0.96 | dt: 1950.67ms | tok/sec: 268,773 | bf16_mfu: 0.00 | epoch: 1 pq: 11 rg: 19 | total time: 30.64m | eta: 50.7m
step 00956/02520 (37.94%) | loss: 3.265152 | lrm: 0.96 | dt: 1948.69ms | tok/sec: 269,046 | bf16_mfu: 0.00 | epoch: 1 pq: 11 rg: 19 | total time: 30.67m | eta: 50.7m
step 00957/02520 (37.98%) | loss: 3.270250 | lrm: 0.96 | dt: 1948.96ms | tok/sec: 269,008 | bf16_mfu: 0.00 | epoch: 1 pq: 11 rg: 20 | total time: 30.71m | eta: 50.7m
step 00958/02520 (38.02%) | loss: 3.259799 | lrm: 0.96 | dt: 1950.03ms | tok/sec: 268,861 | bf16_mfu: 0.00 | epoch: 1 pq: 11 rg: 21 | total time: 30.74m | eta: 50.6m
step 00959/02520 (38.06%) | loss: 3.265137 | lrm: 0.96 | dt: 1951.59ms | tok/sec: 268,646 | bf16_mfu: 0.00 | epoch: 1 pq: 11 rg: 22 | total time: 30.77m | eta: 50.6m
step 00960/02520 (38.10%) | loss: 3.254974 | lrm: 0.95 | dt: 1950.99ms | tok/sec: 268,729 | bf16_mfu: 0.00 | epoch: 1 pq: 11 rg: 23 | total time: 30.80m | eta: 50.6m
step 00961/02520 (38.13%) | loss: 3.259587 | lrm: 0.95 | dt: 1950.98ms | tok/sec: 268,730 | bf16_mfu: 0.00 | epoch: 1 pq: 11 rg: 24 | total time: 30.84m | eta: 50.6m
step 00962/02520 (38.17%) | loss: 3.255357 | lrm: 0.95 | dt: 1950.57ms | tok/sec: 268,787 | bf16_mfu: 0.00 | epoch: 1 pq: 11 rg: 25 | total time: 30.87m | eta: 50.5m
step 00963/02520 (38.21%) | loss: 3.241568 | lrm: 0.95 | dt: 1950.41ms | tok/sec: 268,808 | bf16_mfu: 0.00 | epoch: 1 pq: 11 rg: 26 | total time: 30.90m | eta: 50.5m
step 00964/02520 (38.25%) | loss: 3.251852 | lrm: 0.95 | dt: 1948.53ms | tok/sec: 269,068 | bf16_mfu: 0.00 | epoch: 1 pq: 11 rg: 27 | total time: 30.93m | eta: 50.5m
step 00965/02520 (38.29%) | loss: 3.246495 | lrm: 0.95 | dt: 1949.08ms | tok/sec: 268,992 | bf16_mfu: 0.00 | epoch: 1 pq: 11 rg: 28 | total time: 30.97m | eta: 50.4m
step 00966/02520 (38.33%) | loss: 3.247546 | lrm: 0.95 | dt: 1947.64ms | tok/sec: 269,191 | bf16_mfu: 0.00 | epoch: 1 pq: 11 rg: 29 | total time: 31.00m | eta: 50.4m
step 00967/02520 (38.37%) | loss: 3.247739 | lrm: 0.95 | dt: 1947.95ms | tok/sec: 269,148 | bf16_mfu: 0.00 | epoch: 1 pq: 11 rg: 30 | total time: 31.03m | eta: 50.4m
step 00968/02520 (38.41%) | loss: 3.232616 | lrm: 0.95 | dt: 1947.85ms | tok/sec: 269,161 | bf16_mfu: 0.00 | epoch: 1 pq: 11 rg: 31 | total time: 31.06m | eta: 50.3m
step 00969/02520 (38.45%) | loss: 3.233555 | lrm: 0.95 | dt: 1950.67ms | tok/sec: 268,773 | bf16_mfu: 0.00 | epoch: 1 pq: 11 rg: 32 | total time: 31.10m | eta: 50.3m
step 00970/02520 (38.49%) | loss: 3.224858 | lrm: 0.95 | dt: 1949.70ms | tok/sec: 268,906 | bf16_mfu: 0.00 | epoch: 1 pq: 11 rg: 33 | total time: 31.13m | eta: 50.3m
step 00971/02520 (38.53%) | loss: 3.237584 | lrm: 0.95 | dt: 1948.93ms | tok/sec: 269,013 | bf16_mfu: 0.00 | epoch: 1 pq: 11 rg: 34 | total time: 31.16m | eta: 50.2m
step 00972/02520 (38.57%) | loss: 3.241158 | lrm: 0.95 | dt: 1948.55ms | tok/sec: 269,065 | bf16_mfu: 0.00 | epoch: 1 pq: 11 rg: 35 | total time: 31.19m | eta: 50.2m
step 00973/02520 (38.61%) | loss: 3.237935 | lrm: 0.95 | dt: 1949.46ms | tok/sec: 268,940 | bf16_mfu: 0.00 | epoch: 1 pq: 11 rg: 36 | total time: 31.23m | eta: 50.2m
step 00974/02520 (38.65%) | loss: 3.237429 | lrm: 0.95 | dt: 1949.56ms | tok/sec: 268,926 | bf16_mfu: 0.00 | epoch: 1 pq: 11 rg: 37 | total time: 31.26m | eta: 50.1m
step 00975/02520 (38.69%) | loss: 3.245086 | lrm: 0.95 | dt: 1948.57ms | tok/sec: 269,063 | bf16_mfu: 0.00 | epoch: 1 pq: 11 rg: 38 | total time: 31.29m | eta: 50.1m
step 00976/02520 (38.73%) | loss: 3.248450 | lrm: 0.95 | dt: 1948.85ms | tok/sec: 269,024 | bf16_mfu: 0.00 | epoch: 1 pq: 11 rg: 39 | total time: 31.32m | eta: 50.1m
step 00977/02520 (38.77%) | loss: 3.238865 | lrm: 0.94 | dt: 1949.22ms | tok/sec: 268,972 | bf16_mfu: 0.00 | epoch: 1 pq: 11 rg: 40 | total time: 31.36m | eta: 50.0m
step 00978/02520 (38.81%) | loss: 3.247631 | lrm: 0.94 | dt: 1949.96ms | tok/sec: 268,871 | bf16_mfu: 0.00 | epoch: 1 pq: 11 rg: 41 | total time: 31.39m | eta: 50.0m
step 00979/02520 (38.85%) | loss: 3.239601 | lrm: 0.94 | dt: 1949.00ms | tok/sec: 269,003 | bf16_mfu: 0.00 | epoch: 1 pq: 11 rg: 42 | total time: 31.42m | eta: 50.0m
step 00980/02520 (38.89%) | loss: 3.242148 | lrm: 0.94 | dt: 1949.09ms | tok/sec: 268,991 | bf16_mfu: 0.00 | epoch: 1 pq: 11 rg: 43 | total time: 31.45m | eta: 49.9m
step 00981/02520 (38.93%) | loss: 3.237662 | lrm: 0.94 | dt: 1948.94ms | tok/sec: 269,011 | bf16_mfu: 0.00 | epoch: 1 pq: 11 rg: 44 | total time: 31.49m | eta: 49.9m
step 00982/02520 (38.97%) | loss: 3.242178 | lrm: 0.94 | dt: 1948.31ms | tok/sec: 269,098 | bf16_mfu: 0.00 | epoch: 1 pq: 11 rg: 45 | total time: 31.52m | eta: 49.9m
step 00983/02520 (39.01%) | loss: 3.239949 | lrm: 0.94 | dt: 1948.98ms | tok/sec: 269,006 | bf16_mfu: 0.00 | epoch: 1 pq: 11 rg: 46 | total time: 31.55m | eta: 49.8m
step 00984/02520 (39.05%) | loss: 3.230969 | lrm: 0.94 | dt: 1947.01ms | tok/sec: 269,278 | bf16_mfu: 0.00 | epoch: 1 pq: 11 rg: 47 | total time: 31.58m | eta: 49.8m
step 00985/02520 (39.09%) | loss: 3.223804 | lrm: 0.94 | dt: 1948.56ms | tok/sec: 269,063 | bf16_mfu: 0.00 | epoch: 1 pq: 11 rg: 48 | total time: 31.62m | eta: 49.8m
step 00986/02520 (39.13%) | loss: 3.219224 | lrm: 0.94 | dt: 1947.75ms | tok/sec: 269,175 | bf16_mfu: 0.00 | epoch: 1 pq: 11 rg: 49 | total time: 31.65m | eta: 49.7m
step 00987/02520 (39.17%) | loss: 3.201954 | lrm: 0.94 | dt: 1946.59ms | tok/sec: 269,336 | bf16_mfu: 0.00 | epoch: 1 pq: 11 rg: 50 | total time: 31.68m | eta: 49.7m
step 00988/02520 (39.21%) | loss: 3.211681 | lrm: 0.94 | dt: 1948.65ms | tok/sec: 269,052 | bf16_mfu: 0.00 | epoch: 1 pq: 11 rg: 51 | total time: 31.71m | eta: 49.7m
step 00989/02520 (39.25%) | loss: 3.200264 | lrm: 0.94 | dt: 1947.01ms | tok/sec: 269,278 | bf16_mfu: 0.00 | epoch: 1 pq: 11 rg: 52 | total time: 31.75m | eta: 49.6m
step 00990/02520 (39.29%) | loss: 3.214337 | lrm: 0.94 | dt: 1948.32ms | tok/sec: 269,097 | bf16_mfu: 0.00 | epoch: 1 pq: 11 rg: 53 | total time: 31.78m | eta: 49.6m
step 00991/02520 (39.33%) | loss: 3.222927 | lrm: 0.94 | dt: 1947.85ms | tok/sec: 269,162 | bf16_mfu: 0.00 | epoch: 1 pq: 11 rg: 54 | total time: 31.81m | eta: 49.6m
step 00992/02520 (39.37%) | loss: 3.218351 | lrm: 0.94 | dt: 1946.22ms | tok/sec: 269,388 | bf16_mfu: 0.00 | epoch: 1 pq: 11 rg: 55 | total time: 31.84m | eta: 49.5m
step 00993/02520 (39.40%) | loss: 3.225703 | lrm: 0.94 | dt: 1947.67ms | tok/sec: 269,187 | bf16_mfu: 0.00 | epoch: 1 pq: 11 rg: 55 | total time: 31.88m | eta: 49.5m
step 00994/02520 (39.44%) | loss: 3.246287 | lrm: 0.94 | dt: 1947.38ms | tok/sec: 269,226 | bf16_mfu: 0.00 | epoch: 1 pq: 11 rg: 56 | total time: 31.91m | eta: 49.5m
step 00995/02520 (39.48%) | loss: 3.242813 | lrm: 0.93 | dt: 1948.42ms | tok/sec: 269,084 | bf16_mfu: 0.00 | epoch: 1 pq: 11 rg: 57 | total time: 31.94m | eta: 49.5m
step 00996/02520 (39.52%) | loss: 3.233725 | lrm: 0.93 | dt: 1947.40ms | tok/sec: 269,224 | bf16_mfu: 0.00 | epoch: 1 pq: 11 rg: 58 | total time: 31.97m | eta: 49.4m
step 00997/02520 (39.56%) | loss: 3.227392 | lrm: 0.93 | dt: 1946.01ms | tok/sec: 269,416 | bf16_mfu: 0.00 | epoch: 1 pq: 11 rg: 59 | total time: 32.01m | eta: 49.4m
step 00998/02520 (39.60%) | loss: 3.215538 | lrm: 0.93 | dt: 1946.18ms | tok/sec: 269,393 | bf16_mfu: 0.00 | epoch: 1 pq: 11 rg: 60 | total time: 32.04m | eta: 49.4m
step 00999/02520 (39.64%) | loss: 3.207954 | lrm: 0.93 | dt: 1946.34ms | tok/sec: 269,371 | bf16_mfu: 0.00 | epoch: 1 pq: 11 rg: 61 | total time: 32.07m | eta: 49.3m
Step 01000 | Validation bpb: 0.983980
step 01000/02520 (39.68%) | loss: 3.204687 | lrm: 0.93 | dt: 1932.25ms | tok/sec: 271,335 | bf16_mfu: 0.00 | epoch: 1 pq: 11 rg: 62 | total time: 32.10m | eta: 49.3m
step 01001/02520 (39.72%) | loss: 3.199766 | lrm: 0.93 | dt: 1937.23ms | tok/sec: 270,638 | bf16_mfu: 0.00 | epoch: 1 pq: 11 rg: 63 | total time: 32.14m | eta: 49.3m
step 01002/02520 (39.76%) | loss: 3.200695 | lrm: 0.93 | dt: 1939.13ms | tok/sec: 270,372 | bf16_mfu: 0.00 | epoch: 1 pq: 11 rg: 64 | total time: 32.17m | eta: 49.2m
step 01003/02520 (39.80%) | loss: 3.207676 | lrm: 0.93 | dt: 1938.90ms | tok/sec: 270,404 | bf16_mfu: 0.00 | epoch: 1 pq: 11 rg: 65 | total time: 32.20m | eta: 49.2m
step 01004/02520 (39.84%) | loss: 3.201116 | lrm: 0.93 | dt: 1938.39ms | tok/sec: 270,476 | bf16_mfu: 0.00 | epoch: 1 pq: 11 rg: 66 | total time: 32.23m | eta: 49.2m
step 01005/02520 (39.88%) | loss: 3.199143 | lrm: 0.93 | dt: 1939.85ms | tok/sec: 270,271 | bf16_mfu: 0.00 | epoch: 1 pq: 11 rg: 67 | total time: 32.26m | eta: 49.1m
step 01006/02520 (39.92%) | loss: 3.195943 | lrm: 0.93 | dt: 1940.17ms | tok/sec: 270,227 | bf16_mfu: 0.00 | epoch: 1 pq: 11 rg: 68 | total time: 32.30m | eta: 49.1m
step 01007/02520 (39.96%) | loss: 3.186665 | lrm: 0.93 | dt: 1939.63ms | tok/sec: 270,303 | bf16_mfu: 0.00 | epoch: 1 pq: 11 rg: 69 | total time: 32.33m | eta: 49.1m
step 01008/02520 (40.00%) | loss: 3.193453 | lrm: 0.93 | dt: 1942.66ms | tok/sec: 269,881 | bf16_mfu: 0.00 | epoch: 1 pq: 11 rg: 70 | total time: 32.36m | eta: 49.0m
step 01009/02520 (40.04%) | loss: 3.202282 | lrm: 0.93 | dt: 1938.77ms | tok/sec: 270,422 | bf16_mfu: 0.00 | epoch: 1 pq: 11 rg: 71 | total time: 32.39m | eta: 49.0m
step 01010/02520 (40.08%) | loss: 3.200297 | lrm: 0.93 | dt: 1938.56ms | tok/sec: 270,452 | bf16_mfu: 0.00 | epoch: 1 pq: 11 rg: 72 | total time: 32.43m | eta: 49.0m
step 01011/02520 (40.12%) | loss: 3.198271 | lrm: 0.93 | dt: 1939.23ms | tok/sec: 270,358 | bf16_mfu: 0.00 | epoch: 1 pq: 11 rg: 73 | total time: 32.46m | eta: 48.9m
step 01012/02520 (40.16%) | loss: 3.206430 | lrm: 0.92 | dt: 1939.37ms | tok/sec: 270,338 | bf16_mfu: 0.00 | epoch: 1 pq: 11 rg: 74 | total time: 32.49m | eta: 48.9m
step 01013/02520 (40.20%) | loss: 3.201709 | lrm: 0.92 | dt: 1939.92ms | tok/sec: 270,262 | bf16_mfu: 0.00 | epoch: 1 pq: 11 rg: 75 | total time: 32.52m | eta: 48.9m
step 01014/02520 (40.24%) | loss: 3.195890 | lrm: 0.92 | dt: 1939.19ms | tok/sec: 270,364 | bf16_mfu: 0.00 | epoch: 1 pq: 11 rg: 76 | total time: 32.56m | eta: 48.8m
step 01015/02520 (40.28%) | loss: 3.193691 | lrm: 0.92 | dt: 1940.94ms | tok/sec: 270,120 | bf16_mfu: 0.00 | epoch: 1 pq: 11 rg: 77 | total time: 32.59m | eta: 48.8m
step 01016/02520 (40.32%) | loss: 3.202691 | lrm: 0.92 | dt: 1939.35ms | tok/sec: 270,342 | bf16_mfu: 0.00 | epoch: 1 pq: 11 rg: 78 | total time: 32.62m | eta: 48.8m
step 01017/02520 (40.36%) | loss: 3.201470 | lrm: 0.92 | dt: 1939.40ms | tok/sec: 270,335 | bf16_mfu: 0.00 | epoch: 1 pq: 11 rg: 79 | total time: 32.65m | eta: 48.7m
step 01018/02520 (40.40%) | loss: 3.185651 | lrm: 0.92 | dt: 1940.99ms | tok/sec: 270,114 | bf16_mfu: 0.00 | epoch: 1 pq: 11 rg: 80 | total time: 32.68m | eta: 48.7m
step 01019/02520 (40.44%) | loss: 3.188108 | lrm: 0.92 | dt: 1939.34ms | tok/sec: 270,343 | bf16_mfu: 0.00 | epoch: 1 pq: 11 rg: 81 | total time: 32.72m | eta: 48.7m
step 01020/02520 (40.48%) | loss: 3.200342 | lrm: 0.92 | dt: 1939.83ms | tok/sec: 270,274 | bf16_mfu: 0.00 | epoch: 1 pq: 12 rg: 0 | total time: 32.75m | eta: 48.6m
step 01021/02520 (40.52%) | loss: 3.199248 | lrm: 0.92 | dt: 1941.02ms | tok/sec: 270,110 | bf16_mfu: 0.00 | epoch: 1 pq: 12 rg: 1 | total time: 32.78m | eta: 48.6m
step 01022/02520 (40.56%) | loss: 3.201552 | lrm: 0.92 | dt: 1940.67ms | tok/sec: 270,158 | bf16_mfu: 0.00 | epoch: 1 pq: 12 rg: 2 | total time: 32.81m | eta: 48.6m
step 01023/02520 (40.60%) | loss: 3.197736 | lrm: 0.92 | dt: 1940.63ms | tok/sec: 270,163 | bf16_mfu: 0.00 | epoch: 1 pq: 12 rg: 3 | total time: 32.85m | eta: 48.5m
step 01024/02520 (40.63%) | loss: 3.200255 | lrm: 0.92 | dt: 1941.00ms | tok/sec: 270,112 | bf16_mfu: 0.00 | epoch: 1 pq: 12 rg: 4 | total time: 32.88m | eta: 48.5m
step 01025/02520 (40.67%) | loss: 3.206844 | lrm: 0.92 | dt: 1940.43ms | tok/sec: 270,191 | bf16_mfu: 0.00 | epoch: 1 pq: 12 rg: 5 | total time: 32.91m | eta: 48.5m
step 01026/02520 (40.71%) | loss: 3.202622 | lrm: 0.92 | dt: 1939.60ms | tok/sec: 270,306 | bf16_mfu: 0.00 | epoch: 1 pq: 12 rg: 6 | total time: 32.94m | eta: 48.4m
step 01027/02520 (40.75%) | loss: 3.194049 | lrm: 0.92 | dt: 1940.71ms | tok/sec: 270,152 | bf16_mfu: 0.00 | epoch: 1 pq: 12 rg: 7 | total time: 32.98m | eta: 48.4m
step 01028/02520 (40.79%) | loss: 3.194924 | lrm: 0.92 | dt: 1940.29ms | tok/sec: 270,211 | bf16_mfu: 0.00 | epoch: 1 pq: 12 rg: 7 | total time: 33.01m | eta: 48.4m
step 01029/02520 (40.83%) | loss: 3.192765 | lrm: 0.91 | dt: 1941.09ms | tok/sec: 270,099 | bf16_mfu: 0.00 | epoch: 1 pq: 12 rg: 8 | total time: 33.04m | eta: 48.3m
step 01030/02520 (40.87%) | loss: 3.181522 | lrm: 0.91 | dt: 1941.45ms | tok/sec: 270,050 | bf16_mfu: 0.00 | epoch: 1 pq: 12 rg: 9 | total time: 33.07m | eta: 48.3m
step 01031/02520 (40.91%) | loss: 3.188922 | lrm: 0.91 | dt: 1939.89ms | tok/sec: 270,266 | bf16_mfu: 0.00 | epoch: 1 pq: 12 rg: 10 | total time: 33.11m | eta: 48.3m
step 01032/02520 (40.95%) | loss: 3.198384 | lrm: 0.91 | dt: 1941.45ms | tok/sec: 270,049 | bf16_mfu: 0.00 | epoch: 1 pq: 12 rg: 11 | total time: 33.14m | eta: 48.2m
step 01033/02520 (40.99%) | loss: 3.193420 | lrm: 0.91 | dt: 1941.72ms | tok/sec: 270,012 | bf16_mfu: 0.00 | epoch: 1 pq: 12 rg: 12 | total time: 33.17m | eta: 48.2m
step 01034/02520 (41.03%) | loss: 3.195194 | lrm: 0.91 | dt: 1941.83ms | tok/sec: 269,996 | bf16_mfu: 0.00 | epoch: 1 pq: 12 rg: 13 | total time: 33.20m | eta: 48.2m
step 01035/02520 (41.07%) | loss: 3.190282 | lrm: 0.91 | dt: 1940.34ms | tok/sec: 270,204 | bf16_mfu: 0.00 | epoch: 1 pq: 12 rg: 14 | total time: 33.23m | eta: 48.1m
step 01036/02520 (41.11%) | loss: 3.195869 | lrm: 0.91 | dt: 1942.67ms | tok/sec: 269,879 | bf16_mfu: 0.00 | epoch: 1 pq: 12 rg: 15 | total time: 33.27m | eta: 48.1m
step 01037/02520 (41.15%) | loss: 3.201357 | lrm: 0.91 | dt: 1942.27ms | tok/sec: 269,936 | bf16_mfu: 0.00 | epoch: 1 pq: 12 rg: 16 | total time: 33.30m | eta: 48.1m
step 01038/02520 (41.19%) | loss: 3.197077 | lrm: 0.91 | dt: 1942.44ms | tok/sec: 269,911 | bf16_mfu: 0.00 | epoch: 1 pq: 12 rg: 17 | total time: 33.33m | eta: 48.1m
step 01039/02520 (41.23%) | loss: 3.195317 | lrm: 0.91 | dt: 1943.74ms | tok/sec: 269,731 | bf16_mfu: 0.00 | epoch: 1 pq: 12 rg: 18 | total time: 33.36m | eta: 48.0m
step 01040/02520 (41.27%) | loss: 3.187638 | lrm: 0.91 | dt: 1943.00ms | tok/sec: 269,833 | bf16_mfu: 0.00 | epoch: 1 pq: 12 rg: 19 | total time: 33.40m | eta: 48.0m
step 01041/02520 (41.31%) | loss: 3.191816 | lrm: 0.91 | dt: 1942.87ms | tok/sec: 269,852 | bf16_mfu: 0.00 | epoch: 1 pq: 12 rg: 20 | total time: 33.43m | eta: 48.0m
step 01042/02520 (41.35%) | loss: 3.191473 | lrm: 0.91 | dt: 1943.89ms | tok/sec: 269,710 | bf16_mfu: 0.00 | epoch: 1 pq: 12 rg: 21 | total time: 33.46m | eta: 47.9m
step 01043/02520 (41.39%) | loss: 3.186291 | lrm: 0.91 | dt: 1943.07ms | tok/sec: 269,825 | bf16_mfu: 0.00 | epoch: 1 pq: 12 rg: 22 | total time: 33.49m | eta: 47.9m
step 01044/02520 (41.43%) | loss: 3.201002 | lrm: 0.91 | dt: 1942.07ms | tok/sec: 269,963 | bf16_mfu: 0.00 | epoch: 1 pq: 12 rg: 23 | total time: 33.53m | eta: 47.9m
step 01045/02520 (41.47%) | loss: 3.200290 | lrm: 0.91 | dt: 1942.45ms | tok/sec: 269,910 | bf16_mfu: 0.00 | epoch: 1 pq: 12 rg: 24 | total time: 33.56m | eta: 47.8m
step 01046/02520 (41.51%) | loss: 3.205712 | lrm: 0.90 | dt: 1943.32ms | tok/sec: 269,789 | bf16_mfu: 0.00 | epoch: 1 pq: 12 rg: 25 | total time: 33.59m | eta: 47.8m
step 01047/02520 (41.55%) | loss: 3.200869 | lrm: 0.90 | dt: 1941.94ms | tok/sec: 269,981 | bf16_mfu: 0.00 | epoch: 1 pq: 12 rg: 26 | total time: 33.62m | eta: 47.8m
step 01048/02520 (41.59%) | loss: 3.208134 | lrm: 0.90 | dt: 1941.35ms | tok/sec: 270,063 | bf16_mfu: 0.00 | epoch: 1 pq: 12 rg: 27 | total time: 33.66m | eta: 47.7m
step 01049/02520 (41.63%) | loss: 3.208273 | lrm: 0.90 | dt: 1943.50ms | tok/sec: 269,764 | bf16_mfu: 0.00 | epoch: 1 pq: 12 rg: 28 | total time: 33.69m | eta: 47.7m
step 01050/02520 (41.67%) | loss: 3.212547 | lrm: 0.90 | dt: 1942.15ms | tok/sec: 269,952 | bf16_mfu: 0.00 | epoch: 1 pq: 12 rg: 29 | total time: 33.72m | eta: 47.7m
step 01051/02520 (41.71%) | loss: 3.201234 | lrm: 0.90 | dt: 1943.01ms | tok/sec: 269,833 | bf16_mfu: 0.00 | epoch: 1 pq: 12 rg: 30 | total time: 33.75m | eta: 47.6m
step 01052/02520 (41.75%) | loss: 3.202779 | lrm: 0.90 | dt: 1943.56ms | tok/sec: 269,756 | bf16_mfu: 0.00 | epoch: 1 pq: 12 rg: 31 | total time: 33.79m | eta: 47.6m
step 01053/02520 (41.79%) | loss: 3.197965 | lrm: 0.90 | dt: 1942.98ms | tok/sec: 269,837 | bf16_mfu: 0.00 | epoch: 1 pq: 12 rg: 32 | total time: 33.82m | eta: 47.6m
step 01054/02520 (41.83%) | loss: 3.204386 | lrm: 0.90 | dt: 1941.82ms | tok/sec: 269,998 | bf16_mfu: 0.00 | epoch: 1 pq: 12 rg: 33 | total time: 33.85m | eta: 47.5m
step 01055/02520 (41.87%) | loss: 3.215311 | lrm: 0.90 | dt: 1942.69ms | tok/sec: 269,876 | bf16_mfu: 0.00 | epoch: 1 pq: 12 rg: 34 | total time: 33.88m | eta: 47.5m
step 01056/02520 (41.90%) | loss: 3.212350 | lrm: 0.90 | dt: 1943.23ms | tok/sec: 269,802 | bf16_mfu: 0.00 | epoch: 1 pq: 12 rg: 35 | total time: 33.91m | eta: 47.5m
step 01057/02520 (41.94%) | loss: 3.211741 | lrm: 0.90 | dt: 1943.84ms | tok/sec: 269,718 | bf16_mfu: 0.00 | epoch: 1 pq: 12 rg: 35 | total time: 33.95m | eta: 47.4m
step 01058/02520 (41.98%) | loss: 3.216819 | lrm: 0.90 | dt: 1943.39ms | tok/sec: 269,780 | bf16_mfu: 0.00 | epoch: 1 pq: 12 rg: 36 | total time: 33.98m | eta: 47.4m
step 01059/02520 (42.02%) | loss: 3.210807 | lrm: 0.90 | dt: 1943.80ms | tok/sec: 269,723 | bf16_mfu: 0.00 | epoch: 1 pq: 12 rg: 37 | total time: 34.01m | eta: 47.4m
step 01060/02520 (42.06%) | loss: 3.206553 | lrm: 0.90 | dt: 1942.70ms | tok/sec: 269,876 | bf16_mfu: 0.00 | epoch: 1 pq: 12 rg: 38 | total time: 34.04m | eta: 47.3m
step 01061/02520 (42.10%) | loss: 3.192271 | lrm: 0.90 | dt: 1944.04ms | tok/sec: 269,689 | bf16_mfu: 0.00 | epoch: 1 pq: 12 rg: 39 | total time: 34.08m | eta: 47.3m
step 01062/02520 (42.14%) | loss: 3.199482 | lrm: 0.90 | dt: 1943.17ms | tok/sec: 269,810 | bf16_mfu: 0.00 | epoch: 1 pq: 12 rg: 40 | total time: 34.11m | eta: 47.3m
step 01063/02520 (42.18%) | loss: 3.204964 | lrm: 0.90 | dt: 1942.55ms | tok/sec: 269,896 | bf16_mfu: 0.00 | epoch: 1 pq: 12 rg: 41 | total time: 34.14m | eta: 47.2m
step 01064/02520 (42.22%) | loss: 3.200822 | lrm: 0.89 | dt: 1943.81ms | tok/sec: 269,722 | bf16_mfu: 0.00 | epoch: 1 pq: 12 rg: 42 | total time: 34.17m | eta: 47.2m
step 01065/02520 (42.26%) | loss: 3.206214 | lrm: 0.89 | dt: 1944.27ms | tok/sec: 269,658 | bf16_mfu: 0.00 | epoch: 1 pq: 12 rg: 43 | total time: 34.21m | eta: 47.2m
step 01066/02520 (42.30%) | loss: 3.197070 | lrm: 0.89 | dt: 1944.09ms | tok/sec: 269,682 | bf16_mfu: 0.00 | epoch: 1 pq: 12 rg: 44 | total time: 34.24m | eta: 47.1m
step 01067/02520 (42.34%) | loss: 3.189528 | lrm: 0.89 | dt: 1944.41ms | tok/sec: 269,637 | bf16_mfu: 0.00 | epoch: 1 pq: 12 rg: 45 | total time: 34.27m | eta: 47.1m
step 01068/02520 (42.38%) | loss: 3.188509 | lrm: 0.89 | dt: 1944.96ms | tok/sec: 269,562 | bf16_mfu: 0.00 | epoch: 1 pq: 12 rg: 46 | total time: 34.30m | eta: 47.1m
step 01069/02520 (42.42%) | loss: 3.194344 | lrm: 0.89 | dt: 1944.98ms | tok/sec: 269,559 | bf16_mfu: 0.00 | epoch: 1 pq: 12 rg: 47 | total time: 34.34m | eta: 47.0m
step 01070/02520 (42.46%) | loss: 3.196393 | lrm: 0.89 | dt: 1944.47ms | tok/sec: 269,629 | bf16_mfu: 0.00 | epoch: 1 pq: 12 rg: 48 | total time: 34.37m | eta: 47.0m
step 01071/02520 (42.50%) | loss: 3.198096 | lrm: 0.89 | dt: 1945.15ms | tok/sec: 269,536 | bf16_mfu: 0.00 | epoch: 1 pq: 12 rg: 49 | total time: 34.40m | eta: 47.0m
step 01072/02520 (42.54%) | loss: 3.194711 | lrm: 0.89 | dt: 1945.69ms | tok/sec: 269,461 | bf16_mfu: 0.00 | epoch: 1 pq: 12 rg: 50 | total time: 34.43m | eta: 46.9m
step 01073/02520 (42.58%) | loss: 3.186177 | lrm: 0.89 | dt: 1944.15ms | tok/sec: 269,674 | bf16_mfu: 0.00 | epoch: 1 pq: 12 rg: 51 | total time: 34.47m | eta: 46.9m
step 01074/02520 (42.62%) | loss: 3.188814 | lrm: 0.89 | dt: 1943.77ms | tok/sec: 269,727 | bf16_mfu: 0.00 | epoch: 1 pq: 12 rg: 52 | total time: 34.50m | eta: 46.9m
step 01075/02520 (42.66%) | loss: 3.199712 | lrm: 0.89 | dt: 1942.93ms | tok/sec: 269,844 | bf16_mfu: 0.00 | epoch: 1 pq: 12 rg: 53 | total time: 34.53m | eta: 46.9m
step 01076/02520 (42.70%) | loss: 3.196945 | lrm: 0.89 | dt: 1943.79ms | tok/sec: 269,724 | bf16_mfu: 0.00 | epoch: 1 pq: 12 rg: 54 | total time: 34.56m | eta: 46.8m
step 01077/02520 (42.74%) | loss: 3.206215 | lrm: 0.89 | dt: 1944.22ms | tok/sec: 269,664 | bf16_mfu: 0.00 | epoch: 1 pq: 12 rg: 55 | total time: 34.59m | eta: 46.8m
step 01078/02520 (42.78%) | loss: 3.210367 | lrm: 0.89 | dt: 1943.89ms | tok/sec: 269,710 | bf16_mfu: 0.00 | epoch: 1 pq: 12 rg: 56 | total time: 34.63m | eta: 46.8m
step 01079/02520 (42.82%) | loss: 3.203536 | lrm: 0.89 | dt: 1942.39ms | tok/sec: 269,919 | bf16_mfu: 0.00 | epoch: 1 pq: 12 rg: 57 | total time: 34.66m | eta: 46.7m
step 01080/02520 (42.86%) | loss: 3.210194 | lrm: 0.89 | dt: 1944.43ms | tok/sec: 269,635 | bf16_mfu: 0.00 | epoch: 1 pq: 12 rg: 58 | total time: 34.69m | eta: 46.7m
step 01081/02520 (42.90%) | loss: 3.203462 | lrm: 0.88 | dt: 1943.03ms | tok/sec: 269,829 | bf16_mfu: 0.00 | epoch: 1 pq: 12 rg: 59 | total time: 34.72m | eta: 46.7m
step 01082/02520 (42.94%) | loss: 3.205658 | lrm: 0.88 | dt: 1942.59ms | tok/sec: 269,891 | bf16_mfu: 0.00 | epoch: 1 pq: 12 rg: 60 | total time: 34.76m | eta: 46.6m
step 01083/02520 (42.98%) | loss: 3.206848 | lrm: 0.88 | dt: 1943.13ms | tok/sec: 269,816 | bf16_mfu: 0.00 | epoch: 1 pq: 12 rg: 61 | total time: 34.79m | eta: 46.6m
step 01084/02520 (43.02%) | loss: 3.202911 | lrm: 0.88 | dt: 1942.71ms | tok/sec: 269,874 | bf16_mfu: 0.00 | epoch: 1 pq: 12 rg: 62 | total time: 34.82m | eta: 46.6m
step 01085/02520 (43.06%) | loss: 3.203736 | lrm: 0.88 | dt: 1943.05ms | tok/sec: 269,827 | bf16_mfu: 0.00 | epoch: 1 pq: 12 rg: 63 | total time: 34.85m | eta: 46.5m
step 01086/02520 (43.10%) | loss: 3.196916 | lrm: 0.88 | dt: 1942.90ms | tok/sec: 269,848 | bf16_mfu: 0.00 | epoch: 1 pq: 12 rg: 64 | total time: 34.89m | eta: 46.5m
step 01087/02520 (43.13%) | loss: 3.205360 | lrm: 0.88 | dt: 1943.54ms | tok/sec: 269,759 | bf16_mfu: 0.00 | epoch: 1 pq: 12 rg: 65 | total time: 34.92m | eta: 46.5m
step 01088/02520 (43.17%) | loss: 3.203364 | lrm: 0.88 | dt: 1943.84ms | tok/sec: 269,717 | bf16_mfu: 0.00 | epoch: 1 pq: 12 rg: 66 | total time: 34.95m | eta: 46.4m
step 01089/02520 (43.21%) | loss: 3.209547 | lrm: 0.88 | dt: 1942.81ms | tok/sec: 269,861 | bf16_mfu: 0.00 | epoch: 1 pq: 12 rg: 67 | total time: 34.98m | eta: 46.4m
step 01090/02520 (43.25%) | loss: 3.208354 | lrm: 0.88 | dt: 1943.76ms | tok/sec: 269,729 | bf16_mfu: 0.00 | epoch: 1 pq: 12 rg: 68 | total time: 35.02m | eta: 46.4m
step 01091/02520 (43.29%) | loss: 3.217128 | lrm: 0.88 | dt: 1943.17ms | tok/sec: 269,811 | bf16_mfu: 0.00 | epoch: 1 pq: 12 rg: 68 | total time: 35.05m | eta: 46.3m
step 01092/02520 (43.33%) | loss: 3.220273 | lrm: 0.88 | dt: 1943.01ms | tok/sec: 269,833 | bf16_mfu: 0.00 | epoch: 1 pq: 12 rg: 70 | total time: 35.08m | eta: 46.3m
step 01093/02520 (43.37%) | loss: 3.222156 | lrm: 0.88 | dt: 1943.07ms | tok/sec: 269,824 | bf16_mfu: 0.00 | epoch: 1 pq: 12 rg: 70 | total time: 35.11m | eta: 46.3m
step 01094/02520 (43.41%) | loss: 3.235831 | lrm: 0.88 | dt: 1945.10ms | tok/sec: 269,542 | bf16_mfu: 0.00 | epoch: 1 pq: 12 rg: 72 | total time: 35.15m | eta: 46.2m
step 01095/02520 (43.45%) | loss: 3.237446 | lrm: 0.88 | dt: 1945.20ms | tok/sec: 269,529 | bf16_mfu: 0.00 | epoch: 1 pq: 12 rg: 72 | total time: 35.18m | eta: 46.2m
step 01096/02520 (43.49%) | loss: 3.233545 | lrm: 0.88 | dt: 1942.83ms | tok/sec: 269,857 | bf16_mfu: 0.00 | epoch: 1 pq: 12 rg: 74 | total time: 35.21m | eta: 46.2m
step 01097/02520 (43.53%) | loss: 3.230601 | lrm: 0.88 | dt: 1941.38ms | tok/sec: 270,060 | bf16_mfu: 0.00 | epoch: 1 pq: 12 rg: 74 | total time: 35.24m | eta: 46.1m
step 01098/02520 (43.57%) | loss: 3.241107 | lrm: 0.87 | dt: 1939.82ms | tok/sec: 270,277 | bf16_mfu: 0.00 | epoch: 1 pq: 12 rg: 75 | total time: 35.28m | eta: 46.1m
step 01099/02520 (43.61%) | loss: 3.243163 | lrm: 0.87 | dt: 1939.89ms | tok/sec: 270,266 | bf16_mfu: 0.00 | epoch: 1 pq: 12 rg: 76 | total time: 35.31m | eta: 46.1m
step 01100/02520 (43.65%) | loss: 3.228747 | lrm: 0.87 | dt: 1943.58ms | tok/sec: 269,753 | bf16_mfu: 0.00 | epoch: 1 pq: 12 rg: 77 | total time: 35.34m | eta: 46.0m
step 01101/02520 (43.69%) | loss: 3.224134 | lrm: 0.87 | dt: 1938.26ms | tok/sec: 270,493 | bf16_mfu: 0.00 | epoch: 1 pq: 12 rg: 78 | total time: 35.37m | eta: 46.0m
step 01102/02520 (43.73%) | loss: 3.224013 | lrm: 0.87 | dt: 1940.09ms | tok/sec: 270,239 | bf16_mfu: 0.00 | epoch: 1 pq: 12 rg: 79 | total time: 35.40m | eta: 46.0m
step 01103/02520 (43.77%) | loss: 3.214485 | lrm: 0.87 | dt: 1939.18ms | tok/sec: 270,365 | bf16_mfu: 0.00 | epoch: 1 pq: 12 rg: 80 | total time: 35.44m | eta: 45.9m
step 01104/02520 (43.81%) | loss: 3.211032 | lrm: 0.87 | dt: 1939.62ms | tok/sec: 270,305 | bf16_mfu: 0.00 | epoch: 1 pq: 12 rg: 81 | total time: 35.47m | eta: 45.9m
step 01105/02520 (43.85%) | loss: 3.212703 | lrm: 0.87 | dt: 1938.12ms | tok/sec: 270,513 | bf16_mfu: 0.00 | epoch: 1 pq: 13 rg: 0 | total time: 35.50m | eta: 45.9m
step 01106/02520 (43.89%) | loss: 3.207460 | lrm: 0.87 | dt: 1940.48ms | tok/sec: 270,185 | bf16_mfu: 0.00 | epoch: 1 pq: 13 rg: 1 | total time: 35.53m | eta: 45.8m
step 01107/02520 (43.93%) | loss: 3.205287 | lrm: 0.87 | dt: 1939.14ms | tok/sec: 270,371 | bf16_mfu: 0.00 | epoch: 1 pq: 13 rg: 2 | total time: 35.57m | eta: 45.8m
step 01108/02520 (43.97%) | loss: 3.203054 | lrm: 0.87 | dt: 1940.69ms | tok/sec: 270,155 | bf16_mfu: 0.00 | epoch: 1 pq: 13 rg: 3 | total time: 35.60m | eta: 45.8m
step 01109/02520 (44.01%) | loss: 3.220210 | lrm: 0.87 | dt: 1940.24ms | tok/sec: 270,218 | bf16_mfu: 0.00 | epoch: 1 pq: 13 rg: 4 | total time: 35.63m | eta: 45.7m
step 01110/02520 (44.05%) | loss: 3.218184 | lrm: 0.87 | dt: 1940.58ms | tok/sec: 270,170 | bf16_mfu: 0.00 | epoch: 1 pq: 13 rg: 5 | total time: 35.66m | eta: 45.7m
step 01111/02520 (44.09%) | loss: 3.212668 | lrm: 0.87 | dt: 1939.78ms | tok/sec: 270,282 | bf16_mfu: 0.00 | epoch: 1 pq: 13 rg: 6 | total time: 35.70m | eta: 45.7m
step 01112/02520 (44.13%) | loss: 3.212471 | lrm: 0.87 | dt: 1940.04ms | tok/sec: 270,246 | bf16_mfu: 0.00 | epoch: 1 pq: 13 rg: 7 | total time: 35.73m | eta: 45.6m
step 01113/02520 (44.17%) | loss: 3.214674 | lrm: 0.87 | dt: 1939.74ms | tok/sec: 270,288 | bf16_mfu: 0.00 | epoch: 1 pq: 13 rg: 8 | total time: 35.76m | eta: 45.6m
step 01114/02520 (44.21%) | loss: 3.207994 | lrm: 0.87 | dt: 1939.99ms | tok/sec: 270,252 | bf16_mfu: 0.00 | epoch: 1 pq: 13 rg: 9 | total time: 35.79m | eta: 45.6m
step 01115/02520 (44.25%) | loss: 3.203569 | lrm: 0.86 | dt: 1940.77ms | tok/sec: 270,144 | bf16_mfu: 0.00 | epoch: 1 pq: 13 rg: 10 | total time: 35.82m | eta: 45.6m
step 01116/02520 (44.29%) | loss: 3.203955 | lrm: 0.86 | dt: 1939.58ms | tok/sec: 270,310 | bf16_mfu: 0.00 | epoch: 1 pq: 13 rg: 11 | total time: 35.86m | eta: 45.5m
step 01117/02520 (44.33%) | loss: 3.206540 | lrm: 0.86 | dt: 1939.98ms | tok/sec: 270,254 | bf16_mfu: 0.00 | epoch: 1 pq: 13 rg: 12 | total time: 35.89m | eta: 45.5m
step 01118/02520 (44.37%) | loss: 3.201139 | lrm: 0.86 | dt: 1939.24ms | tok/sec: 270,358 | bf16_mfu: 0.00 | epoch: 1 pq: 13 rg: 13 | total time: 35.92m | eta: 45.5m
step 01119/02520 (44.40%) | loss: 3.199610 | lrm: 0.86 | dt: 1939.78ms | tok/sec: 270,281 | bf16_mfu: 0.00 | epoch: 1 pq: 13 rg: 14 | total time: 35.95m | eta: 45.4m
step 01120/02520 (44.44%) | loss: 3.188714 | lrm: 0.86 | dt: 1939.79ms | tok/sec: 270,281 | bf16_mfu: 0.00 | epoch: 1 pq: 13 rg: 15 | total time: 35.99m | eta: 45.4m
step 01121/02520 (44.48%) | loss: 3.188391 | lrm: 0.86 | dt: 1939.56ms | tok/sec: 270,312 | bf16_mfu: 0.00 | epoch: 1 pq: 13 rg: 16 | total time: 36.02m | eta: 45.4m
step 01122/02520 (44.52%) | loss: 3.189646 | lrm: 0.86 | dt: 1939.38ms | tok/sec: 270,337 | bf16_mfu: 0.00 | epoch: 1 pq: 13 rg: 17 | total time: 36.05m | eta: 45.3m
step 01123/02520 (44.56%) | loss: 3.195246 | lrm: 0.86 | dt: 1939.83ms | tok/sec: 270,275 | bf16_mfu: 0.00 | epoch: 1 pq: 13 rg: 18 | total time: 36.08m | eta: 45.3m
step 01124/02520 (44.60%) | loss: 3.196635 | lrm: 0.86 | dt: 1940.92ms | tok/sec: 270,123 | bf16_mfu: 0.00 | epoch: 1 pq: 13 rg: 19 | total time: 36.12m | eta: 45.3m
step 01125/02520 (44.64%) | loss: 3.204441 | lrm: 0.86 | dt: 1940.40ms | tok/sec: 270,195 | bf16_mfu: 0.00 | epoch: 1 pq: 13 rg: 19 | total time: 36.15m | eta: 45.2m
step 01126/02520 (44.68%) | loss: 3.200065 | lrm: 0.86 | dt: 1939.30ms | tok/sec: 270,349 | bf16_mfu: 0.00 | epoch: 1 pq: 13 rg: 20 | total time: 36.18m | eta: 45.2m
step 01127/02520 (44.72%) | loss: 3.198986 | lrm: 0.86 | dt: 1940.79ms | tok/sec: 270,141 | bf16_mfu: 0.00 | epoch: 1 pq: 13 rg: 21 | total time: 36.21m | eta: 45.2m
step 01128/02520 (44.76%) | loss: 3.185510 | lrm: 0.86 | dt: 1940.58ms | tok/sec: 270,170 | bf16_mfu: 0.00 | epoch: 1 pq: 13 rg: 22 | total time: 36.25m | eta: 45.1m
step 01129/02520 (44.80%) | loss: 3.189465 | lrm: 0.86 | dt: 1939.13ms | tok/sec: 270,372 | bf16_mfu: 0.00 | epoch: 1 pq: 13 rg: 23 | total time: 36.28m | eta: 45.1m
step 01130/02520 (44.84%) | loss: 3.190852 | lrm: 0.86 | dt: 1939.93ms | tok/sec: 270,261 | bf16_mfu: 0.00 | epoch: 1 pq: 13 rg: 24 | total time: 36.31m | eta: 45.1m
step 01131/02520 (44.88%) | loss: 3.192519 | lrm: 0.86 | dt: 1940.90ms | tok/sec: 270,126 | bf16_mfu: 0.00 | epoch: 1 pq: 13 rg: 25 | total time: 36.34m | eta: 45.0m
step 01132/02520 (44.92%) | loss: 3.195502 | lrm: 0.86 | dt: 1938.97ms | tok/sec: 270,395 | bf16_mfu: 0.00 | epoch: 1 pq: 13 rg: 26 | total time: 36.37m | eta: 45.0m
step 01133/02520 (44.96%) | loss: 3.189164 | lrm: 0.85 | dt: 1940.28ms | tok/sec: 270,212 | bf16_mfu: 0.00 | epoch: 1 pq: 13 rg: 27 | total time: 36.41m | eta: 45.0m
step 01134/02520 (45.00%) | loss: 3.191518 | lrm: 0.85 | dt: 1938.52ms | tok/sec: 270,457 | bf16_mfu: 0.00 | epoch: 1 pq: 13 rg: 28 | total time: 36.44m | eta: 44.9m
step 01135/02520 (45.04%) | loss: 3.196018 | lrm: 0.85 | dt: 1939.55ms | tok/sec: 270,314 | bf16_mfu: 0.00 | epoch: 1 pq: 13 rg: 29 | total time: 36.47m | eta: 44.9m
step 01136/02520 (45.08%) | loss: 3.196619 | lrm: 0.85 | dt: 1938.78ms | tok/sec: 270,422 | bf16_mfu: 0.00 | epoch: 1 pq: 13 rg: 30 | total time: 36.50m | eta: 44.9m
step 01137/02520 (45.12%) | loss: 3.197554 | lrm: 0.85 | dt: 1940.65ms | tok/sec: 270,161 | bf16_mfu: 0.00 | epoch: 1 pq: 13 rg: 31 | total time: 36.54m | eta: 44.8m
step 01138/02520 (45.16%) | loss: 3.198331 | lrm: 0.85 | dt: 1939.68ms | tok/sec: 270,296 | bf16_mfu: 0.00 | epoch: 1 pq: 13 rg: 32 | total time: 36.57m | eta: 44.8m
step 01139/02520 (45.20%) | loss: 3.189442 | lrm: 0.85 | dt: 1940.31ms | tok/sec: 270,208 | bf16_mfu: 0.00 | epoch: 1 pq: 13 rg: 33 | total time: 36.60m | eta: 44.8m
step 01140/02520 (45.24%) | loss: 3.192076 | lrm: 0.85 | dt: 1939.93ms | tok/sec: 270,261 | bf16_mfu: 0.00 | epoch: 1 pq: 13 rg: 34 | total time: 36.63m | eta: 44.7m
step 01141/02520 (45.28%) | loss: 3.190389 | lrm: 0.85 | dt: 1940.90ms | tok/sec: 270,125 | bf16_mfu: 0.00 | epoch: 1 pq: 13 rg: 35 | total time: 36.67m | eta: 44.7m
step 01142/02520 (45.32%) | loss: 3.193727 | lrm: 0.85 | dt: 1941.12ms | tok/sec: 270,095 | bf16_mfu: 0.00 | epoch: 1 pq: 13 rg: 36 | total time: 36.70m | eta: 44.7m
step 01143/02520 (45.36%) | loss: 3.188894 | lrm: 0.85 | dt: 1940.26ms | tok/sec: 270,215 | bf16_mfu: 0.00 | epoch: 1 pq: 13 rg: 37 | total time: 36.73m | eta: 44.6m
step 01144/02520 (45.40%) | loss: 3.187019 | lrm: 0.85 | dt: 1939.30ms | tok/sec: 270,349 | bf16_mfu: 0.00 | epoch: 1 pq: 13 rg: 38 | total time: 36.76m | eta: 44.6m
step 01145/02520 (45.44%) | loss: 3.181420 | lrm: 0.85 | dt: 1939.07ms | tok/sec: 270,381 | bf16_mfu: 0.00 | epoch: 1 pq: 13 rg: 39 | total time: 36.79m | eta: 44.6m
step 01146/02520 (45.48%) | loss: 3.177228 | lrm: 0.85 | dt: 1939.93ms | tok/sec: 270,261 | bf16_mfu: 0.00 | epoch: 1 pq: 13 rg: 40 | total time: 36.83m | eta: 44.5m
step 01147/02520 (45.52%) | loss: 3.178743 | lrm: 0.85 | dt: 1940.25ms | tok/sec: 270,217 | bf16_mfu: 0.00 | epoch: 1 pq: 13 rg: 41 | total time: 36.86m | eta: 44.5m
step 01148/02520 (45.56%) | loss: 3.179338 | lrm: 0.85 | dt: 1940.58ms | tok/sec: 270,171 | bf16_mfu: 0.00 | epoch: 1 pq: 13 rg: 42 | total time: 36.89m | eta: 44.5m
step 01149/02520 (45.60%) | loss: 3.184233 | lrm: 0.85 | dt: 1941.16ms | tok/sec: 270,090 | bf16_mfu: 0.00 | epoch: 1 pq: 13 rg: 43 | total time: 36.92m | eta: 44.4m
step 01150/02520 (45.63%) | loss: 3.181653 | lrm: 0.84 | dt: 1940.82ms | tok/sec: 270,137 | bf16_mfu: 0.00 | epoch: 1 pq: 13 rg: 44 | total time: 36.96m | eta: 44.4m
step 01151/02520 (45.67%) | loss: 3.182944 | lrm: 0.84 | dt: 1939.13ms | tok/sec: 270,372 | bf16_mfu: 0.00 | epoch: 1 pq: 13 rg: 45 | total time: 36.99m | eta: 44.4m
step 01152/02520 (45.71%) | loss: 3.177309 | lrm: 0.84 | dt: 1940.88ms | tok/sec: 270,128 | bf16_mfu: 0.00 | epoch: 1 pq: 13 rg: 46 | total time: 37.02m | eta: 44.3m
step 01153/02520 (45.75%) | loss: 3.171764 | lrm: 0.84 | dt: 1940.73ms | tok/sec: 270,149 | bf16_mfu: 0.00 | epoch: 1 pq: 13 rg: 47 | total time: 37.05m | eta: 44.3m
step 01154/02520 (45.79%) | loss: 3.163214 | lrm: 0.84 | dt: 1938.93ms | tok/sec: 270,400 | bf16_mfu: 0.00 | epoch: 1 pq: 13 rg: 48 | total time: 37.09m | eta: 44.3m
step 01155/02520 (45.83%) | loss: 3.155325 | lrm: 0.84 | dt: 1939.60ms | tok/sec: 270,307 | bf16_mfu: 0.00 | epoch: 1 pq: 13 rg: 49 | total time: 37.12m | eta: 44.2m
step 01156/02520 (45.87%) | loss: 3.158518 | lrm: 0.84 | dt: 1937.68ms | tok/sec: 270,575 | bf16_mfu: 0.00 | epoch: 1 pq: 13 rg: 50 | total time: 37.15m | eta: 44.2m
step 01157/02520 (45.91%) | loss: 3.164162 | lrm: 0.84 | dt: 1939.19ms | tok/sec: 270,364 | bf16_mfu: 0.00 | epoch: 1 pq: 13 rg: 51 | total time: 37.18m | eta: 44.2m
step 01158/02520 (45.95%) | loss: 3.157329 | lrm: 0.84 | dt: 1939.15ms | tok/sec: 270,369 | bf16_mfu: 0.00 | epoch: 1 pq: 13 rg: 52 | total time: 37.21m | eta: 44.2m
step 01159/02520 (45.99%) | loss: 3.150147 | lrm: 0.84 | dt: 1938.64ms | tok/sec: 270,441 | bf16_mfu: 0.00 | epoch: 1 pq: 13 rg: 53 | total time: 37.25m | eta: 44.1m
step 01160/02520 (46.03%) | loss: 3.161863 | lrm: 0.84 | dt: 1938.79ms | tok/sec: 270,419 | bf16_mfu: 0.00 | epoch: 1 pq: 13 rg: 54 | total time: 37.28m | eta: 44.1m
step 01161/02520 (46.07%) | loss: 3.155303 | lrm: 0.84 | dt: 1939.45ms | tok/sec: 270,327 | bf16_mfu: 0.00 | epoch: 1 pq: 13 rg: 55 | total time: 37.31m | eta: 44.1m
step 01162/02520 (46.11%) | loss: 3.151980 | lrm: 0.84 | dt: 1939.82ms | tok/sec: 270,276 | bf16_mfu: 0.00 | epoch: 1 pq: 13 rg: 55 | total time: 37.34m | eta: 44.0m
step 01163/02520 (46.15%) | loss: 3.151891 | lrm: 0.84 | dt: 1940.48ms | tok/sec: 270,185 | bf16_mfu: 0.00 | epoch: 1 pq: 13 rg: 56 | total time: 37.38m | eta: 44.0m
step 01164/02520 (46.19%) | loss: 3.139972 | lrm: 0.84 | dt: 1938.71ms | tok/sec: 270,431 | bf16_mfu: 0.00 | epoch: 1 pq: 13 rg: 57 | total time: 37.41m | eta: 44.0m
step 01165/02520 (46.23%) | loss: 3.146178 | lrm: 0.84 | dt: 1941.28ms | tok/sec: 270,073 | bf16_mfu: 0.00 | epoch: 1 pq: 13 rg: 58 | total time: 37.44m | eta: 43.9m
step 01166/02520 (46.27%) | loss: 3.139831 | lrm: 0.84 | dt: 1940.34ms | tok/sec: 270,204 | bf16_mfu: 0.00 | epoch: 1 pq: 13 rg: 59 | total time: 37.47m | eta: 43.9m
step 01167/02520 (46.31%) | loss: 3.143443 | lrm: 0.83 | dt: 1940.31ms | tok/sec: 270,208 | bf16_mfu: 0.00 | epoch: 1 pq: 13 rg: 60 | total time: 37.51m | eta: 43.9m
step 01168/02520 (46.35%) | loss: 3.137660 | lrm: 0.83 | dt: 1939.70ms | tok/sec: 270,293 | bf16_mfu: 0.00 | epoch: 1 pq: 13 rg: 61 | total time: 37.54m | eta: 43.8m
step 01169/02520 (46.39%) | loss: 3.142152 | lrm: 0.83 | dt: 1940.33ms | tok/sec: 270,205 | bf16_mfu: 0.00 | epoch: 1 pq: 13 rg: 62 | total time: 37.57m | eta: 43.8m
step 01170/02520 (46.43%) | loss: 3.150762 | lrm: 0.83 | dt: 1940.79ms | tok/sec: 270,141 | bf16_mfu: 0.00 | epoch: 1 pq: 13 rg: 63 | total time: 37.60m | eta: 43.8m
step 01171/02520 (46.47%) | loss: 3.153821 | lrm: 0.83 | dt: 1940.32ms | tok/sec: 270,206 | bf16_mfu: 0.00 | epoch: 1 pq: 13 rg: 64 | total time: 37.64m | eta: 43.7m
step 01172/02520 (46.51%) | loss: 3.154497 | lrm: 0.83 | dt: 1939.68ms | tok/sec: 270,295 | bf16_mfu: 0.00 | epoch: 1 pq: 13 rg: 65 | total time: 37.67m | eta: 43.7m
step 01173/02520 (46.55%) | loss: 3.151182 | lrm: 0.83 | dt: 1940.57ms | tok/sec: 270,171 | bf16_mfu: 0.00 | epoch: 1 pq: 13 rg: 66 | total time: 37.70m | eta: 43.7m
step 01174/02520 (46.59%) | loss: 3.155187 | lrm: 0.83 | dt: 1940.47ms | tok/sec: 270,185 | bf16_mfu: 0.00 | epoch: 1 pq: 13 rg: 67 | total time: 37.73m | eta: 43.6m
step 01175/02520 (46.63%) | loss: 3.160437 | lrm: 0.83 | dt: 1940.74ms | tok/sec: 270,147 | bf16_mfu: 0.00 | epoch: 1 pq: 13 rg: 68 | total time: 37.76m | eta: 43.6m
step 01176/02520 (46.67%) | loss: 3.171171 | lrm: 0.83 | dt: 1938.66ms | tok/sec: 270,438 | bf16_mfu: 0.00 | epoch: 1 pq: 13 rg: 69 | total time: 37.80m | eta: 43.6m
step 01177/02520 (46.71%) | loss: 3.168626 | lrm: 0.83 | dt: 1938.96ms | tok/sec: 270,395 | bf16_mfu: 0.00 | epoch: 1 pq: 13 rg: 70 | total time: 37.83m | eta: 43.5m
step 01178/02520 (46.75%) | loss: 3.173451 | lrm: 0.83 | dt: 1939.33ms | tok/sec: 270,344 | bf16_mfu: 0.00 | epoch: 1 pq: 13 rg: 71 | total time: 37.86m | eta: 43.5m
step 01179/02520 (46.79%) | loss: 3.179731 | lrm: 0.83 | dt: 1939.35ms | tok/sec: 270,341 | bf16_mfu: 0.00 | epoch: 1 pq: 13 rg: 72 | total time: 37.89m | eta: 43.5m
step 01180/02520 (46.83%) | loss: 3.174103 | lrm: 0.83 | dt: 1939.12ms | tok/sec: 270,373 | bf16_mfu: 0.00 | epoch: 1 pq: 13 rg: 73 | total time: 37.93m | eta: 43.4m
step 01181/02520 (46.87%) | loss: 3.180740 | lrm: 0.83 | dt: 1939.28ms | tok/sec: 270,351 | bf16_mfu: 0.00 | epoch: 1 pq: 13 rg: 74 | total time: 37.96m | eta: 43.4m
step 01182/02520 (46.90%) | loss: 3.176050 | lrm: 0.83 | dt: 1938.70ms | tok/sec: 270,432 | bf16_mfu: 0.00 | epoch: 1 pq: 13 rg: 75 | total time: 37.99m | eta: 43.4m
step 01183/02520 (46.94%) | loss: 3.182162 | lrm: 0.83 | dt: 1941.01ms | tok/sec: 270,110 | bf16_mfu: 0.00 | epoch: 1 pq: 13 rg: 76 | total time: 38.02m | eta: 43.3m
step 01184/02520 (46.98%) | loss: 3.172368 | lrm: 0.82 | dt: 1939.97ms | tok/sec: 270,255 | bf16_mfu: 0.00 | epoch: 1 pq: 13 rg: 77 | total time: 38.06m | eta: 43.3m
step 01185/02520 (47.02%) | loss: 3.159151 | lrm: 0.82 | dt: 1939.97ms | tok/sec: 270,255 | bf16_mfu: 0.00 | epoch: 1 pq: 13 rg: 78 | total time: 38.09m | eta: 43.3m
step 01186/02520 (47.06%) | loss: 3.146956 | lrm: 0.82 | dt: 1939.75ms | tok/sec: 270,286 | bf16_mfu: 0.00 | epoch: 1 pq: 13 rg: 79 | total time: 38.12m | eta: 43.2m
step 01187/02520 (47.10%) | loss: 3.150859 | lrm: 0.82 | dt: 1940.34ms | tok/sec: 270,204 | bf16_mfu: 0.00 | epoch: 1 pq: 13 rg: 80 | total time: 38.15m | eta: 43.2m
step 01188/02520 (47.14%) | loss: 3.155883 | lrm: 0.82 | dt: 1941.26ms | tok/sec: 270,076 | bf16_mfu: 0.00 | epoch: 1 pq: 13 rg: 81 | total time: 38.18m | eta: 43.2m
step 01189/02520 (47.18%) | loss: 3.158443 | lrm: 0.82 | dt: 1942.22ms | tok/sec: 269,943 | bf16_mfu: 0.00 | epoch: 1 pq: 13 rg: 82 | total time: 38.22m | eta: 43.1m
step 01190/02520 (47.22%) | loss: 3.164277 | lrm: 0.82 | dt: 1941.38ms | tok/sec: 270,058 | bf16_mfu: 0.00 | epoch: 1 pq: 14 rg: 0 | total time: 38.25m | eta: 43.1m
step 01191/02520 (47.26%) | loss: 3.161545 | lrm: 0.82 | dt: 1942.02ms | tok/sec: 269,970 | bf16_mfu: 0.00 | epoch: 1 pq: 14 rg: 1 | total time: 38.28m | eta: 43.1m
step 01192/02520 (47.30%) | loss: 3.163991 | lrm: 0.82 | dt: 1941.60ms | tok/sec: 270,029 | bf16_mfu: 0.00 | epoch: 1 pq: 14 rg: 2 | total time: 38.31m | eta: 43.0m
step 01193/02520 (47.34%) | loss: 3.169902 | lrm: 0.82 | dt: 1943.10ms | tok/sec: 269,820 | bf16_mfu: 0.00 | epoch: 1 pq: 14 rg: 3 | total time: 38.35m | eta: 43.0m
step 01194/02520 (47.38%) | loss: 3.157701 | lrm: 0.82 | dt: 1940.97ms | tok/sec: 270,116 | bf16_mfu: 0.00 | epoch: 1 pq: 14 rg: 4 | total time: 38.38m | eta: 43.0m
step 01195/02520 (47.42%) | loss: 3.159249 | lrm: 0.82 | dt: 1940.76ms | tok/sec: 270,145 | bf16_mfu: 0.00 | epoch: 1 pq: 14 rg: 5 | total time: 38.41m | eta: 42.9m
step 01196/02520 (47.46%) | loss: 3.150367 | lrm: 0.82 | dt: 1940.65ms | tok/sec: 270,161 | bf16_mfu: 0.00 | epoch: 1 pq: 14 rg: 6 | total time: 38.44m | eta: 42.9m
step 01197/02520 (47.50%) | loss: 3.145696 | lrm: 0.82 | dt: 1941.58ms | tok/sec: 270,031 | bf16_mfu: 0.00 | epoch: 1 pq: 14 rg: 7 | total time: 38.48m | eta: 42.9m
step 01198/02520 (47.54%) | loss: 3.143058 | lrm: 0.82 | dt: 1940.50ms | tok/sec: 270,182 | bf16_mfu: 0.00 | epoch: 1 pq: 14 rg: 8 | total time: 38.51m | eta: 42.9m
step 01199/02520 (47.58%) | loss: 3.148541 | lrm: 0.82 | dt: 1941.21ms | tok/sec: 270,083 | bf16_mfu: 0.00 | epoch: 1 pq: 14 rg: 9 | total time: 38.54m | eta: 42.8m
step 01200/02520 (47.62%) | loss: 3.154311 | lrm: 0.82 | dt: 1941.32ms | tok/sec: 270,067 | bf16_mfu: 0.00 | epoch: 1 pq: 14 rg: 10 | total time: 38.57m | eta: 42.8m
step 01201/02520 (47.66%) | loss: 3.158220 | lrm: 0.81 | dt: 1939.11ms | tok/sec: 270,375 | bf16_mfu: 0.00 | epoch: 1 pq: 14 rg: 11 | total time: 38.61m | eta: 42.8m
step 01202/02520 (47.70%) | loss: 3.156437 | lrm: 0.81 | dt: 1939.83ms | tok/sec: 270,274 | bf16_mfu: 0.00 | epoch: 1 pq: 14 rg: 12 | total time: 38.64m | eta: 42.7m
step 01203/02520 (47.74%) | loss: 3.153860 | lrm: 0.81 | dt: 1940.31ms | tok/sec: 270,208 | bf16_mfu: 0.00 | epoch: 1 pq: 14 rg: 13 | total time: 38.67m | eta: 42.7m
step 01204/02520 (47.78%) | loss: 3.161501 | lrm: 0.81 | dt: 1940.26ms | tok/sec: 270,215 | bf16_mfu: 0.00 | epoch: 1 pq: 14 rg: 13 | total time: 38.70m | eta: 42.7m
step 01205/02520 (47.82%) | loss: 3.171273 | lrm: 0.81 | dt: 1941.92ms | tok/sec: 269,984 | bf16_mfu: 0.00 | epoch: 1 pq: 14 rg: 15 | total time: 38.73m | eta: 42.6m
step 01206/02520 (47.86%) | loss: 3.162051 | lrm: 0.81 | dt: 1940.74ms | tok/sec: 270,148 | bf16_mfu: 0.00 | epoch: 1 pq: 14 rg: 16 | total time: 38.77m | eta: 42.6m
step 01207/02520 (47.90%) | loss: 3.166511 | lrm: 0.81 | dt: 1940.69ms | tok/sec: 270,155 | bf16_mfu: 0.00 | epoch: 1 pq: 14 rg: 16 | total time: 38.80m | eta: 42.6m
step 01208/02520 (47.94%) | loss: 3.168999 | lrm: 0.81 | dt: 1940.91ms | tok/sec: 270,124 | bf16_mfu: 0.00 | epoch: 1 pq: 14 rg: 17 | total time: 38.83m | eta: 42.5m
step 01209/02520 (47.98%) | loss: 3.175525 | lrm: 0.81 | dt: 1940.94ms | tok/sec: 270,120 | bf16_mfu: 0.00 | epoch: 1 pq: 14 rg: 18 | total time: 38.86m | eta: 42.5m
step 01210/02520 (48.02%) | loss: 3.185292 | lrm: 0.81 | dt: 1940.68ms | tok/sec: 270,156 | bf16_mfu: 0.00 | epoch: 1 pq: 14 rg: 19 | total time: 38.90m | eta: 42.5m
step 01211/02520 (48.06%) | loss: 3.188557 | lrm: 0.81 | dt: 1941.49ms | tok/sec: 270,043 | bf16_mfu: 0.00 | epoch: 1 pq: 14 rg: 20 | total time: 38.93m | eta: 42.4m
step 01212/02520 (48.10%) | loss: 3.169068 | lrm: 0.81 | dt: 1941.96ms | tok/sec: 269,979 | bf16_mfu: 0.00 | epoch: 1 pq: 14 rg: 21 | total time: 38.96m | eta: 42.4m
step 01213/02520 (48.13%) | loss: 3.173553 | lrm: 0.81 | dt: 1942.93ms | tok/sec: 269,844 | bf16_mfu: 0.00 | epoch: 1 pq: 14 rg: 22 | total time: 38.99m | eta: 42.4m
step 01214/02520 (48.17%) | loss: 3.175095 | lrm: 0.81 | dt: 1942.37ms | tok/sec: 269,922 | bf16_mfu: 0.00 | epoch: 1 pq: 14 rg: 23 | total time: 39.03m | eta: 42.3m
step 01215/02520 (48.21%) | loss: 3.177695 | lrm: 0.81 | dt: 1943.46ms | tok/sec: 269,769 | bf16_mfu: 0.00 | epoch: 1 pq: 14 rg: 24 | total time: 39.06m | eta: 42.3m
step 01216/02520 (48.25%) | loss: 3.184117 | lrm: 0.81 | dt: 1943.26ms | tok/sec: 269,798 | bf16_mfu: 0.00 | epoch: 1 pq: 14 rg: 25 | total time: 39.09m | eta: 42.3m
step 01217/02520 (48.29%) | loss: 3.182567 | lrm: 0.81 | dt: 1941.63ms | tok/sec: 270,024 | bf16_mfu: 0.00 | epoch: 1 pq: 14 rg: 26 | total time: 39.12m | eta: 42.2m
step 01218/02520 (48.33%) | loss: 3.173823 | lrm: 0.81 | dt: 1939.83ms | tok/sec: 270,274 | bf16_mfu: 0.00 | epoch: 1 pq: 14 rg: 27 | total time: 39.16m | eta: 42.2m
step 01219/02520 (48.37%) | loss: 3.173824 | lrm: 0.80 | dt: 1940.10ms | tok/sec: 270,237 | bf16_mfu: 0.00 | epoch: 1 pq: 14 rg: 28 | total time: 39.19m | eta: 42.2m
step 01220/02520 (48.41%) | loss: 3.178249 | lrm: 0.80 | dt: 1941.03ms | tok/sec: 270,107 | bf16_mfu: 0.00 | epoch: 1 pq: 14 rg: 29 | total time: 39.22m | eta: 42.1m
step 01221/02520 (48.45%) | loss: 3.171610 | lrm: 0.80 | dt: 1942.02ms | tok/sec: 269,970 | bf16_mfu: 0.00 | epoch: 1 pq: 14 rg: 30 | total time: 39.25m | eta: 42.1m
step 01222/02520 (48.49%) | loss: 3.162634 | lrm: 0.80 | dt: 1940.58ms | tok/sec: 270,170 | bf16_mfu: 0.00 | epoch: 1 pq: 14 rg: 31 | total time: 39.28m | eta: 42.1m
step 01223/02520 (48.53%) | loss: 3.155834 | lrm: 0.80 | dt: 1940.22ms | tok/sec: 270,220 | bf16_mfu: 0.00 | epoch: 1 pq: 14 rg: 32 | total time: 39.32m | eta: 42.0m
step 01224/02520 (48.57%) | loss: 3.153230 | lrm: 0.80 | dt: 1941.08ms | tok/sec: 270,101 | bf16_mfu: 0.00 | epoch: 1 pq: 14 rg: 33 | total time: 39.35m | eta: 42.0m
step 01225/02520 (48.61%) | loss: 3.150296 | lrm: 0.80 | dt: 1940.73ms | tok/sec: 270,150 | bf16_mfu: 0.00 | epoch: 1 pq: 14 rg: 34 | total time: 39.38m | eta: 42.0m
step 01226/02520 (48.65%) | loss: 3.145095 | lrm: 0.80 | dt: 1941.32ms | tok/sec: 270,067 | bf16_mfu: 0.00 | epoch: 1 pq: 14 rg: 35 | total time: 39.41m | eta: 41.9m
step 01227/02520 (48.69%) | loss: 3.137370 | lrm: 0.80 | dt: 1940.96ms | tok/sec: 270,117 | bf16_mfu: 0.00 | epoch: 1 pq: 14 rg: 36 | total time: 39.45m | eta: 41.9m
step 01228/02520 (48.73%) | loss: 3.147146 | lrm: 0.80 | dt: 1940.80ms | tok/sec: 270,140 | bf16_mfu: 0.00 | epoch: 1 pq: 14 rg: 37 | total time: 39.48m | eta: 41.9m
step 01229/02520 (48.77%) | loss: 3.139802 | lrm: 0.80 | dt: 1941.14ms | tok/sec: 270,092 | bf16_mfu: 0.00 | epoch: 1 pq: 14 rg: 38 | total time: 39.51m | eta: 41.8m
step 01230/02520 (48.81%) | loss: 3.143081 | lrm: 0.80 | dt: 1941.80ms | tok/sec: 270,000 | bf16_mfu: 0.00 | epoch: 1 pq: 14 rg: 39 | total time: 39.54m | eta: 41.8m
step 01231/02520 (48.85%) | loss: 3.142056 | lrm: 0.80 | dt: 1942.28ms | tok/sec: 269,934 | bf16_mfu: 0.00 | epoch: 1 pq: 14 rg: 40 | total time: 39.58m | eta: 41.8m
step 01232/02520 (48.89%) | loss: 3.145040 | lrm: 0.80 | dt: 1940.26ms | tok/sec: 270,215 | bf16_mfu: 0.00 | epoch: 1 pq: 14 rg: 41 | total time: 39.61m | eta: 41.7m
step 01233/02520 (48.93%) | loss: 3.147443 | lrm: 0.80 | dt: 1939.50ms | tok/sec: 270,320 | bf16_mfu: 0.00 | epoch: 1 pq: 14 rg: 42 | total time: 39.64m | eta: 41.7m
step 01234/02520 (48.97%) | loss: 3.145174 | lrm: 0.80 | dt: 1940.95ms | tok/sec: 270,118 | bf16_mfu: 0.00 | epoch: 1 pq: 14 rg: 43 | total time: 39.67m | eta: 41.7m
step 01235/02520 (49.01%) | loss: 3.130213 | lrm: 0.80 | dt: 1939.74ms | tok/sec: 270,287 | bf16_mfu: 0.00 | epoch: 1 pq: 14 rg: 44 | total time: 39.71m | eta: 41.7m
step 01236/02520 (49.05%) | loss: 3.132620 | lrm: 0.79 | dt: 1940.50ms | tok/sec: 270,181 | bf16_mfu: 0.00 | epoch: 1 pq: 14 rg: 45 | total time: 39.74m | eta: 41.6m
step 01237/02520 (49.09%) | loss: 3.139935 | lrm: 0.79 | dt: 1939.90ms | tok/sec: 270,265 | bf16_mfu: 0.00 | epoch: 1 pq: 14 rg: 46 | total time: 39.77m | eta: 41.6m
step 01238/02520 (49.13%) | loss: 3.139974 | lrm: 0.79 | dt: 1940.11ms | tok/sec: 270,236 | bf16_mfu: 0.00 | epoch: 1 pq: 14 rg: 47 | total time: 39.80m | eta: 41.6m
step 01239/02520 (49.17%) | loss: 3.131723 | lrm: 0.79 | dt: 1939.13ms | tok/sec: 270,372 | bf16_mfu: 0.00 | epoch: 1 pq: 14 rg: 48 | total time: 39.83m | eta: 41.5m
step 01240/02520 (49.21%) | loss: 3.134145 | lrm: 0.79 | dt: 1939.91ms | tok/sec: 270,263 | bf16_mfu: 0.00 | epoch: 1 pq: 14 rg: 49 | total time: 39.87m | eta: 41.5m
step 01241/02520 (49.25%) | loss: 3.133022 | lrm: 0.79 | dt: 1939.60ms | tok/sec: 270,307 | bf16_mfu: 0.00 | epoch: 1 pq: 14 rg: 50 | total time: 39.90m | eta: 41.5m
step 01242/02520 (49.29%) | loss: 3.126707 | lrm: 0.79 | dt: 1940.22ms | tok/sec: 270,220 | bf16_mfu: 0.00 | epoch: 1 pq: 14 rg: 51 | total time: 39.93m | eta: 41.4m
step 01243/02520 (49.33%) | loss: 3.114090 | lrm: 0.79 | dt: 1939.26ms | tok/sec: 270,354 | bf16_mfu: 0.00 | epoch: 1 pq: 14 rg: 51 | total time: 39.96m | eta: 41.4m
step 01244/02520 (49.37%) | loss: 3.115760 | lrm: 0.79 | dt: 1939.90ms | tok/sec: 270,265 | bf16_mfu: 0.00 | epoch: 1 pq: 14 rg: 52 | total time: 40.00m | eta: 41.4m
step 01245/02520 (49.40%) | loss: 3.114625 | lrm: 0.79 | dt: 1941.17ms | tok/sec: 270,089 | bf16_mfu: 0.00 | epoch: 1 pq: 14 rg: 53 | total time: 40.03m | eta: 41.3m
step 01246/02520 (49.44%) | loss: 3.119356 | lrm: 0.79 | dt: 1940.30ms | tok/sec: 270,210 | bf16_mfu: 0.00 | epoch: 1 pq: 14 rg: 54 | total time: 40.06m | eta: 41.3m
step 01247/02520 (49.48%) | loss: 3.130802 | lrm: 0.79 | dt: 1940.93ms | tok/sec: 270,122 | bf16_mfu: 0.00 | epoch: 1 pq: 14 rg: 55 | total time: 40.09m | eta: 41.3m
step 01248/02520 (49.52%) | loss: 3.144112 | lrm: 0.79 | dt: 1941.41ms | tok/sec: 270,054 | bf16_mfu: 0.00 | epoch: 1 pq: 14 rg: 56 | total time: 40.13m | eta: 41.2m
step 01249/02520 (49.56%) | loss: 3.141452 | lrm: 0.79 | dt: 1940.74ms | tok/sec: 270,148 | bf16_mfu: 0.00 | epoch: 1 pq: 14 rg: 57 | total time: 40.16m | eta: 41.2m
Step 01250 | Validation bpb: 0.958913
step 01250/02520 (49.60%) | loss: 3.146735 | lrm: 0.79 | dt: 1926.72ms | tok/sec: 272,113 | bf16_mfu: 0.00 | epoch: 1 pq: 14 rg: 58 | total time: 40.19m | eta: 41.2m
step 01251/02520 (49.64%) | loss: 3.150031 | lrm: 0.79 | dt: 1933.15ms | tok/sec: 271,208 | bf16_mfu: 0.00 | epoch: 1 pq: 14 rg: 59 | total time: 40.22m | eta: 41.1m
step 01252/02520 (49.68%) | loss: 3.142643 | lrm: 0.79 | dt: 1931.61ms | tok/sec: 271,425 | bf16_mfu: 0.00 | epoch: 1 pq: 14 rg: 60 | total time: 40.25m | eta: 41.1m
step 01253/02520 (49.72%) | loss: 3.142900 | lrm: 0.78 | dt: 1934.46ms | tok/sec: 271,025 | bf16_mfu: 0.00 | epoch: 1 pq: 14 rg: 61 | total time: 40.29m | eta: 41.1m
step 01254/02520 (49.76%) | loss: 3.143667 | lrm: 0.78 | dt: 1935.14ms | tok/sec: 270,930 | bf16_mfu: 0.00 | epoch: 1 pq: 14 rg: 62 | total time: 40.32m | eta: 41.0m
step 01255/02520 (49.80%) | loss: 3.143633 | lrm: 0.78 | dt: 1932.99ms | tok/sec: 271,231 | bf16_mfu: 0.00 | epoch: 1 pq: 14 rg: 63 | total time: 40.35m | eta: 41.0m
step 01256/02520 (49.84%) | loss: 3.134975 | lrm: 0.78 | dt: 1934.24ms | tok/sec: 271,057 | bf16_mfu: 0.00 | epoch: 1 pq: 14 rg: 64 | total time: 40.38m | eta: 41.0m
step 01257/02520 (49.88%) | loss: 3.140631 | lrm: 0.78 | dt: 1937.15ms | tok/sec: 270,649 | bf16_mfu: 0.00 | epoch: 1 pq: 14 rg: 65 | total time: 40.42m | eta: 40.9m
step 01258/02520 (49.92%) | loss: 3.143385 | lrm: 0.78 | dt: 1935.05ms | tok/sec: 270,943 | bf16_mfu: 0.00 | epoch: 1 pq: 14 rg: 66 | total time: 40.45m | eta: 40.9m
step 01259/02520 (49.96%) | loss: 3.151149 | lrm: 0.78 | dt: 1934.77ms | tok/sec: 270,981 | bf16_mfu: 0.00 | epoch: 1 pq: 14 rg: 67 | total time: 40.48m | eta: 40.9m
step 01260/02520 (50.00%) | loss: 3.142186 | lrm: 0.78 | dt: 1935.82ms | tok/sec: 270,835 | bf16_mfu: 0.00 | epoch: 1 pq: 14 rg: 68 | total time: 40.51m | eta: 40.8m
step 01261/02520 (50.04%) | loss: 3.149864 | lrm: 0.78 | dt: 1936.68ms | tok/sec: 270,714 | bf16_mfu: 0.00 | epoch: 1 pq: 14 rg: 69 | total time: 40.54m | eta: 40.8m
step 01262/02520 (50.08%) | loss: 3.150727 | lrm: 0.78 | dt: 1936.49ms | tok/sec: 270,741 | bf16_mfu: 0.00 | epoch: 1 pq: 14 rg: 70 | total time: 40.58m | eta: 40.8m
step 01263/02520 (50.12%) | loss: 3.139215 | lrm: 0.78 | dt: 1938.01ms | tok/sec: 270,529 | bf16_mfu: 0.00 | epoch: 1 pq: 14 rg: 71 | total time: 40.61m | eta: 40.7m
step 01264/02520 (50.16%) | loss: 3.128392 | lrm: 0.78 | dt: 1937.92ms | tok/sec: 270,541 | bf16_mfu: 0.00 | epoch: 1 pq: 14 rg: 72 | total time: 40.64m | eta: 40.7m
step 01265/02520 (50.20%) | loss: 3.129574 | lrm: 0.78 | dt: 1936.18ms | tok/sec: 270,784 | bf16_mfu: 0.00 | epoch: 1 pq: 14 rg: 73 | total time: 40.67m | eta: 40.7m
step 01266/02520 (50.24%) | loss: 3.124690 | lrm: 0.78 | dt: 1936.44ms | tok/sec: 270,747 | bf16_mfu: 0.00 | epoch: 1 pq: 14 rg: 74 | total time: 40.71m | eta: 40.6m
step 01267/02520 (50.28%) | loss: 3.124093 | lrm: 0.78 | dt: 1937.03ms | tok/sec: 270,665 | bf16_mfu: 0.00 | epoch: 1 pq: 14 rg: 75 | total time: 40.74m | eta: 40.6m
step 01268/02520 (50.32%) | loss: 3.126722 | lrm: 0.78 | dt: 1937.39ms | tok/sec: 270,616 | bf16_mfu: 0.00 | epoch: 1 pq: 14 rg: 76 | total time: 40.77m | eta: 40.6m
step 01269/02520 (50.36%) | loss: 3.126386 | lrm: 0.78 | dt: 1939.03ms | tok/sec: 270,386 | bf16_mfu: 0.00 | epoch: 1 pq: 14 rg: 77 | total time: 40.80m | eta: 40.5m
step 01270/02520 (50.40%) | loss: 3.126300 | lrm: 0.77 | dt: 1937.45ms | tok/sec: 270,607 | bf16_mfu: 0.00 | epoch: 1 pq: 14 rg: 78 | total time: 40.84m | eta: 40.5m
step 01271/02520 (50.44%) | loss: 3.121750 | lrm: 0.77 | dt: 1938.34ms | tok/sec: 270,482 | bf16_mfu: 0.00 | epoch: 1 pq: 14 rg: 79 | total time: 40.87m | eta: 40.5m
step 01272/02520 (50.48%) | loss: 3.120915 | lrm: 0.77 | dt: 1939.16ms | tok/sec: 270,368 | bf16_mfu: 0.00 | epoch: 1 pq: 14 rg: 80 | total time: 40.90m | eta: 40.4m
step 01273/02520 (50.52%) | loss: 3.133053 | lrm: 0.77 | dt: 1937.53ms | tok/sec: 270,596 | bf16_mfu: 0.00 | epoch: 1 pq: 14 rg: 81 | total time: 40.93m | eta: 40.4m
step 01274/02520 (50.56%) | loss: 3.138016 | lrm: 0.77 | dt: 1935.78ms | tok/sec: 270,840 | bf16_mfu: 0.00 | epoch: 1 pq: 14 rg: 82 | total time: 40.96m | eta: 40.4m
step 01275/02520 (50.60%) | loss: 3.143581 | lrm: 0.77 | dt: 1935.61ms | tok/sec: 270,864 | bf16_mfu: 0.00 | epoch: 1 pq: 15 rg: 0 | total time: 41.00m | eta: 40.3m
step 01276/02520 (50.63%) | loss: 3.148533 | lrm: 0.77 | dt: 1937.72ms | tok/sec: 270,569 | bf16_mfu: 0.00 | epoch: 1 pq: 15 rg: 1 | total time: 41.03m | eta: 40.3m
step 01277/02520 (50.67%) | loss: 3.137442 | lrm: 0.77 | dt: 1938.44ms | tok/sec: 270,468 | bf16_mfu: 0.00 | epoch: 1 pq: 15 rg: 2 | total time: 41.06m | eta: 40.3m
step 01278/02520 (50.71%) | loss: 3.125803 | lrm: 0.77 | dt: 1938.61ms | tok/sec: 270,445 | bf16_mfu: 0.00 | epoch: 1 pq: 15 rg: 3 | total time: 41.09m | eta: 40.3m
step 01279/02520 (50.75%) | loss: 3.117542 | lrm: 0.77 | dt: 1939.26ms | tok/sec: 270,355 | bf16_mfu: 0.00 | epoch: 1 pq: 15 rg: 4 | total time: 41.13m | eta: 40.2m
step 01280/02520 (50.79%) | loss: 3.112533 | lrm: 0.77 | dt: 1939.01ms | tok/sec: 270,389 | bf16_mfu: 0.00 | epoch: 1 pq: 15 rg: 5 | total time: 41.16m | eta: 40.2m
step 01281/02520 (50.83%) | loss: 3.111810 | lrm: 0.77 | dt: 1939.94ms | tok/sec: 270,260 | bf16_mfu: 0.00 | epoch: 1 pq: 15 rg: 5 | total time: 41.19m | eta: 40.2m
step 01282/02520 (50.87%) | loss: 3.115041 | lrm: 0.77 | dt: 1939.15ms | tok/sec: 270,369 | bf16_mfu: 0.00 | epoch: 1 pq: 15 rg: 6 | total time: 41.22m | eta: 40.1m
step 01283/02520 (50.91%) | loss: 3.105723 | lrm: 0.77 | dt: 1939.99ms | tok/sec: 270,253 | bf16_mfu: 0.00 | epoch: 1 pq: 15 rg: 7 | total time: 41.26m | eta: 40.1m
step 01284/02520 (50.95%) | loss: 3.109235 | lrm: 0.77 | dt: 1940.22ms | tok/sec: 270,220 | bf16_mfu: 0.00 | epoch: 1 pq: 15 rg: 8 | total time: 41.29m | eta: 40.1m
step 01285/02520 (50.99%) | loss: 3.120923 | lrm: 0.77 | dt: 1940.14ms | tok/sec: 270,232 | bf16_mfu: 0.00 | epoch: 1 pq: 15 rg: 9 | total time: 41.32m | eta: 40.0m
step 01286/02520 (51.03%) | loss: 3.127780 | lrm: 0.77 | dt: 1939.31ms | tok/sec: 270,347 | bf16_mfu: 0.00 | epoch: 1 pq: 15 rg: 10 | total time: 41.35m | eta: 40.0m
step 01287/02520 (51.07%) | loss: 3.114683 | lrm: 0.77 | dt: 1939.82ms | tok/sec: 270,276 | bf16_mfu: 0.00 | epoch: 1 pq: 15 rg: 11 | total time: 41.38m | eta: 40.0m
step 01288/02520 (51.11%) | loss: 3.108131 | lrm: 0.76 | dt: 1940.94ms | tok/sec: 270,120 | bf16_mfu: 0.00 | epoch: 1 pq: 15 rg: 12 | total time: 41.42m | eta: 39.9m
step 01289/02520 (51.15%) | loss: 3.115882 | lrm: 0.76 | dt: 1941.24ms | tok/sec: 270,078 | bf16_mfu: 0.00 | epoch: 1 pq: 15 rg: 13 | total time: 41.45m | eta: 39.9m
step 01290/02520 (51.19%) | loss: 3.116837 | lrm: 0.76 | dt: 1939.52ms | tok/sec: 270,318 | bf16_mfu: 0.00 | epoch: 1 pq: 15 rg: 14 | total time: 41.48m | eta: 39.9m
step 01291/02520 (51.23%) | loss: 3.123132 | lrm: 0.76 | dt: 1940.74ms | tok/sec: 270,148 | bf16_mfu: 0.00 | epoch: 1 pq: 15 rg: 15 | total time: 41.51m | eta: 39.8m
step 01292/02520 (51.27%) | loss: 3.122292 | lrm: 0.76 | dt: 1940.21ms | tok/sec: 270,222 | bf16_mfu: 0.00 | epoch: 1 pq: 15 rg: 16 | total time: 41.55m | eta: 39.8m
step 01293/02520 (51.31%) | loss: 3.123333 | lrm: 0.76 | dt: 1939.40ms | tok/sec: 270,334 | bf16_mfu: 0.00 | epoch: 1 pq: 15 rg: 17 | total time: 41.58m | eta: 39.8m
step 01294/02520 (51.35%) | loss: 3.120324 | lrm: 0.76 | dt: 1939.25ms | tok/sec: 270,356 | bf16_mfu: 0.00 | epoch: 1 pq: 15 rg: 18 | total time: 41.61m | eta: 39.7m
step 01295/02520 (51.39%) | loss: 3.114571 | lrm: 0.76 | dt: 1939.45ms | tok/sec: 270,328 | bf16_mfu: 0.00 | epoch: 1 pq: 15 rg: 19 | total time: 41.64m | eta: 39.7m
step 01296/02520 (51.43%) | loss: 3.123688 | lrm: 0.76 | dt: 1938.42ms | tok/sec: 270,471 | bf16_mfu: 0.00 | epoch: 1 pq: 15 rg: 20 | total time: 41.68m | eta: 39.7m
step 01297/02520 (51.47%) | loss: 3.125410 | lrm: 0.76 | dt: 1939.00ms | tok/sec: 270,390 | bf16_mfu: 0.00 | epoch: 1 pq: 15 rg: 21 | total time: 41.71m | eta: 39.6m
step 01298/02520 (51.51%) | loss: 3.124764 | lrm: 0.76 | dt: 1939.73ms | tok/sec: 270,288 | bf16_mfu: 0.00 | epoch: 1 pq: 15 rg: 22 | total time: 41.74m | eta: 39.6m
step 01299/02520 (51.55%) | loss: 3.129517 | lrm: 0.76 | dt: 1939.35ms | tok/sec: 270,342 | bf16_mfu: 0.00 | epoch: 1 pq: 15 rg: 23 | total time: 41.77m | eta: 39.6m
step 01300/02520 (51.59%) | loss: 3.128931 | lrm: 0.76 | dt: 1938.84ms | tok/sec: 270,413 | bf16_mfu: 0.00 | epoch: 1 pq: 15 rg: 24 | total time: 41.81m | eta: 39.5m
step 01301/02520 (51.63%) | loss: 3.124190 | lrm: 0.76 | dt: 1937.40ms | tok/sec: 270,614 | bf16_mfu: 0.00 | epoch: 1 pq: 15 rg: 25 | total time: 41.84m | eta: 39.5m
step 01302/02520 (51.67%) | loss: 3.124674 | lrm: 0.76 | dt: 1937.25ms | tok/sec: 270,635 | bf16_mfu: 0.00 | epoch: 1 pq: 15 rg: 26 | total time: 41.87m | eta: 39.5m
step 01303/02520 (51.71%) | loss: 3.121311 | lrm: 0.76 | dt: 1936.80ms | tok/sec: 270,698 | bf16_mfu: 0.00 | epoch: 1 pq: 15 rg: 27 | total time: 41.90m | eta: 39.4m
step 01304/02520 (51.75%) | loss: 3.112643 | lrm: 0.76 | dt: 1937.54ms | tok/sec: 270,595 | bf16_mfu: 0.00 | epoch: 1 pq: 15 rg: 28 | total time: 41.93m | eta: 39.4m
step 01305/02520 (51.79%) | loss: 3.118516 | lrm: 0.75 | dt: 1938.49ms | tok/sec: 270,461 | bf16_mfu: 0.00 | epoch: 1 pq: 15 rg: 29 | total time: 41.97m | eta: 39.4m
step 01306/02520 (51.83%) | loss: 3.127269 | lrm: 0.75 | dt: 1938.13ms | tok/sec: 270,512 | bf16_mfu: 0.00 | epoch: 1 pq: 15 rg: 30 | total time: 42.00m | eta: 39.3m
step 01307/02520 (51.87%) | loss: 3.127071 | lrm: 0.75 | dt: 1938.41ms | tok/sec: 270,473 | bf16_mfu: 0.00 | epoch: 1 pq: 15 rg: 31 | total time: 42.03m | eta: 39.3m
step 01308/02520 (51.90%) | loss: 3.123467 | lrm: 0.75 | dt: 1938.96ms | tok/sec: 270,396 | bf16_mfu: 0.00 | epoch: 1 pq: 15 rg: 32 | total time: 42.06m | eta: 39.3m
step 01309/02520 (51.94%) | loss: 3.124707 | lrm: 0.75 | dt: 1940.64ms | tok/sec: 270,162 | bf16_mfu: 0.00 | epoch: 1 pq: 15 rg: 33 | total time: 42.10m | eta: 39.2m
step 01310/02520 (51.98%) | loss: 3.128174 | lrm: 0.75 | dt: 1940.83ms | tok/sec: 270,135 | bf16_mfu: 0.00 | epoch: 1 pq: 15 rg: 34 | total time: 42.13m | eta: 39.2m
step 01311/02520 (52.02%) | loss: 3.125848 | lrm: 0.75 | dt: 1940.02ms | tok/sec: 270,249 | bf16_mfu: 0.00 | epoch: 1 pq: 15 rg: 35 | total time: 42.16m | eta: 39.2m
step 01312/02520 (52.06%) | loss: 3.113925 | lrm: 0.75 | dt: 1939.53ms | tok/sec: 270,317 | bf16_mfu: 0.00 | epoch: 1 pq: 15 rg: 36 | total time: 42.19m | eta: 39.1m
step 01313/02520 (52.10%) | loss: 3.125846 | lrm: 0.75 | dt: 1940.54ms | tok/sec: 270,175 | bf16_mfu: 0.00 | epoch: 1 pq: 15 rg: 37 | total time: 42.23m | eta: 39.1m
step 01314/02520 (52.14%) | loss: 3.131932 | lrm: 0.75 | dt: 1940.31ms | tok/sec: 270,208 | bf16_mfu: 0.00 | epoch: 1 pq: 15 rg: 38 | total time: 42.26m | eta: 39.1m
step 01315/02520 (52.18%) | loss: 3.137735 | lrm: 0.75 | dt: 1940.06ms | tok/sec: 270,243 | bf16_mfu: 0.00 | epoch: 1 pq: 15 rg: 38 | total time: 42.29m | eta: 39.0m
step 01316/02520 (52.22%) | loss: 3.133167 | lrm: 0.75 | dt: 1940.84ms | tok/sec: 270,134 | bf16_mfu: 0.00 | epoch: 1 pq: 15 rg: 39 | total time: 42.32m | eta: 39.0m
step 01317/02520 (52.26%) | loss: 3.133742 | lrm: 0.75 | dt: 1940.28ms | tok/sec: 270,212 | bf16_mfu: 0.00 | epoch: 1 pq: 15 rg: 40 | total time: 42.35m | eta: 39.0m
step 01318/02520 (52.30%) | loss: 3.136663 | lrm: 0.75 | dt: 1940.50ms | tok/sec: 270,182 | bf16_mfu: 0.00 | epoch: 1 pq: 15 rg: 41 | total time: 42.39m | eta: 39.0m
step 01319/02520 (52.34%) | loss: 3.142717 | lrm: 0.75 | dt: 1940.78ms | tok/sec: 270,143 | bf16_mfu: 0.00 | epoch: 1 pq: 15 rg: 42 | total time: 42.42m | eta: 38.9m
step 01320/02520 (52.38%) | loss: 3.141750 | lrm: 0.75 | dt: 1940.46ms | tok/sec: 270,186 | bf16_mfu: 0.00 | epoch: 1 pq: 15 rg: 43 | total time: 42.45m | eta: 38.9m
step 01321/02520 (52.42%) | loss: 3.136781 | lrm: 0.75 | dt: 1940.06ms | tok/sec: 270,243 | bf16_mfu: 0.00 | epoch: 1 pq: 15 rg: 44 | total time: 42.48m | eta: 38.9m
step 01322/02520 (52.46%) | loss: 3.137942 | lrm: 0.74 | dt: 1940.48ms | tok/sec: 270,185 | bf16_mfu: 0.00 | epoch: 1 pq: 15 rg: 45 | total time: 42.52m | eta: 38.8m
step 01323/02520 (52.50%) | loss: 3.131248 | lrm: 0.74 | dt: 1940.15ms | tok/sec: 270,230 | bf16_mfu: 0.00 | epoch: 1 pq: 15 rg: 46 | total time: 42.55m | eta: 38.8m
step 01324/02520 (52.54%) | loss: 3.128532 | lrm: 0.74 | dt: 1939.97ms | tok/sec: 270,255 | bf16_mfu: 0.00 | epoch: 1 pq: 15 rg: 47 | total time: 42.58m | eta: 38.8m
step 01325/02520 (52.58%) | loss: 3.129070 | lrm: 0.74 | dt: 1940.48ms | tok/sec: 270,184 | bf16_mfu: 0.00 | epoch: 1 pq: 15 rg: 48 | total time: 42.61m | eta: 38.7m
step 01326/02520 (52.62%) | loss: 3.128414 | lrm: 0.74 | dt: 1939.91ms | tok/sec: 270,264 | bf16_mfu: 0.00 | epoch: 1 pq: 15 rg: 49 | total time: 42.65m | eta: 38.7m
step 01327/02520 (52.66%) | loss: 3.115441 | lrm: 0.74 | dt: 1939.51ms | tok/sec: 270,319 | bf16_mfu: 0.00 | epoch: 1 pq: 15 rg: 50 | total time: 42.68m | eta: 38.7m
step 01328/02520 (52.70%) | loss: 3.128586 | lrm: 0.74 | dt: 1939.58ms | tok/sec: 270,310 | bf16_mfu: 0.00 | epoch: 1 pq: 15 rg: 51 | total time: 42.71m | eta: 38.6m
step 01329/02520 (52.74%) | loss: 3.129403 | lrm: 0.74 | dt: 1940.62ms | tok/sec: 270,165 | bf16_mfu: 0.00 | epoch: 1 pq: 15 rg: 52 | total time: 42.74m | eta: 38.6m
step 01330/02520 (52.78%) | loss: 3.129116 | lrm: 0.74 | dt: 1940.86ms | tok/sec: 270,132 | bf16_mfu: 0.00 | epoch: 1 pq: 15 rg: 53 | total time: 42.77m | eta: 38.6m
step 01331/02520 (52.82%) | loss: 3.137102 | lrm: 0.74 | dt: 1939.86ms | tok/sec: 270,271 | bf16_mfu: 0.00 | epoch: 1 pq: 15 rg: 54 | total time: 42.81m | eta: 38.5m
step 01332/02520 (52.86%) | loss: 3.133622 | lrm: 0.74 | dt: 1939.92ms | tok/sec: 270,262 | bf16_mfu: 0.00 | epoch: 1 pq: 15 rg: 55 | total time: 42.84m | eta: 38.5m
step 01333/02520 (52.90%) | loss: 3.133679 | lrm: 0.74 | dt: 1939.62ms | tok/sec: 270,304 | bf16_mfu: 0.00 | epoch: 1 pq: 15 rg: 56 | total time: 42.87m | eta: 38.5m
step 01334/02520 (52.94%) | loss: 3.130181 | lrm: 0.74 | dt: 1939.45ms | tok/sec: 270,328 | bf16_mfu: 0.00 | epoch: 1 pq: 15 rg: 57 | total time: 42.90m | eta: 38.4m
step 01335/02520 (52.98%) | loss: 3.129239 | lrm: 0.74 | dt: 1940.13ms | tok/sec: 270,233 | bf16_mfu: 0.00 | epoch: 1 pq: 15 rg: 58 | total time: 42.94m | eta: 38.4m
step 01336/02520 (53.02%) | loss: 3.134589 | lrm: 0.74 | dt: 1940.78ms | tok/sec: 270,142 | bf16_mfu: 0.00 | epoch: 1 pq: 15 rg: 59 | total time: 42.97m | eta: 38.4m
step 01337/02520 (53.06%) | loss: 3.136111 | lrm: 0.74 | dt: 1940.71ms | tok/sec: 270,153 | bf16_mfu: 0.00 | epoch: 1 pq: 15 rg: 60 | total time: 43.00m | eta: 38.3m
step 01338/02520 (53.10%) | loss: 3.134364 | lrm: 0.74 | dt: 1941.22ms | tok/sec: 270,081 | bf16_mfu: 0.00 | epoch: 1 pq: 15 rg: 61 | total time: 43.03m | eta: 38.3m
step 01339/02520 (53.13%) | loss: 3.127797 | lrm: 0.73 | dt: 1940.94ms | tok/sec: 270,121 | bf16_mfu: 0.00 | epoch: 1 pq: 15 rg: 62 | total time: 43.07m | eta: 38.3m
step 01340/02520 (53.17%) | loss: 3.115776 | lrm: 0.73 | dt: 1939.07ms | tok/sec: 270,381 | bf16_mfu: 0.00 | epoch: 1 pq: 15 rg: 63 | total time: 43.10m | eta: 38.2m
step 01341/02520 (53.21%) | loss: 3.109457 | lrm: 0.73 | dt: 1940.87ms | tok/sec: 270,129 | bf16_mfu: 0.00 | epoch: 1 pq: 15 rg: 64 | total time: 43.13m | eta: 38.2m
step 01342/02520 (53.25%) | loss: 3.117243 | lrm: 0.73 | dt: 1941.58ms | tok/sec: 270,031 | bf16_mfu: 0.00 | epoch: 1 pq: 15 rg: 65 | total time: 43.16m | eta: 38.2m
step 01343/02520 (53.29%) | loss: 3.121177 | lrm: 0.73 | dt: 1941.81ms | tok/sec: 269,999 | bf16_mfu: 0.00 | epoch: 1 pq: 15 rg: 66 | total time: 43.20m | eta: 38.1m
step 01344/02520 (53.33%) | loss: 3.118878 | lrm: 0.73 | dt: 1940.84ms | tok/sec: 270,134 | bf16_mfu: 0.00 | epoch: 1 pq: 15 rg: 67 | total time: 43.23m | eta: 38.1m
step 01345/02520 (53.37%) | loss: 3.127271 | lrm: 0.73 | dt: 1941.65ms | tok/sec: 270,022 | bf16_mfu: 0.00 | epoch: 1 pq: 15 rg: 68 | total time: 43.26m | eta: 38.1m
step 01346/02520 (53.41%) | loss: 3.119201 | lrm: 0.73 | dt: 1941.41ms | tok/sec: 270,055 | bf16_mfu: 0.00 | epoch: 1 pq: 15 rg: 69 | total time: 43.29m | eta: 38.0m
step 01347/02520 (53.45%) | loss: 3.119934 | lrm: 0.73 | dt: 1940.93ms | tok/sec: 270,121 | bf16_mfu: 0.00 | epoch: 1 pq: 15 rg: 70 | total time: 43.32m | eta: 38.0m
step 01348/02520 (53.49%) | loss: 3.116668 | lrm: 0.73 | dt: 1941.41ms | tok/sec: 270,055 | bf16_mfu: 0.00 | epoch: 1 pq: 15 rg: 71 | total time: 43.36m | eta: 38.0m
step 01349/02520 (53.53%) | loss: 3.113080 | lrm: 0.73 | dt: 1941.57ms | tok/sec: 270,033 | bf16_mfu: 0.00 | epoch: 1 pq: 15 rg: 72 | total time: 43.39m | eta: 37.9m
step 01350/02520 (53.57%) | loss: 3.112349 | lrm: 0.73 | dt: 1941.76ms | tok/sec: 270,006 | bf16_mfu: 0.00 | epoch: 1 pq: 15 rg: 73 | total time: 43.42m | eta: 37.9m
step 01351/02520 (53.61%) | loss: 3.108694 | lrm: 0.73 | dt: 1939.74ms | tok/sec: 270,287 | bf16_mfu: 0.00 | epoch: 1 pq: 15 rg: 74 | total time: 43.45m | eta: 37.9m
step 01352/02520 (53.65%) | loss: 3.110662 | lrm: 0.73 | dt: 1939.38ms | tok/sec: 270,338 | bf16_mfu: 0.00 | epoch: 1 pq: 15 rg: 74 | total time: 43.49m | eta: 37.8m
step 01353/02520 (53.69%) | loss: 3.101018 | lrm: 0.73 | dt: 1939.13ms | tok/sec: 270,372 | bf16_mfu: 0.00 | epoch: 1 pq: 15 rg: 75 | total time: 43.52m | eta: 37.8m
step 01354/02520 (53.73%) | loss: 3.109263 | lrm: 0.73 | dt: 1939.33ms | tok/sec: 270,345 | bf16_mfu: 0.00 | epoch: 1 pq: 15 rg: 76 | total time: 43.55m | eta: 37.8m
step 01355/02520 (53.77%) | loss: 3.114851 | lrm: 0.73 | dt: 1940.05ms | tok/sec: 270,245 | bf16_mfu: 0.00 | epoch: 1 pq: 15 rg: 77 | total time: 43.58m | eta: 37.8m
step 01356/02520 (53.81%) | loss: 3.116680 | lrm: 0.73 | dt: 1939.94ms | tok/sec: 270,259 | bf16_mfu: 0.00 | epoch: 1 pq: 15 rg: 78 | total time: 43.62m | eta: 37.7m
step 01357/02520 (53.85%) | loss: 3.113561 | lrm: 0.72 | dt: 1939.94ms | tok/sec: 270,259 | bf16_mfu: 0.00 | epoch: 1 pq: 15 rg: 79 | total time: 43.65m | eta: 37.7m
step 01358/02520 (53.89%) | loss: 3.126737 | lrm: 0.72 | dt: 1940.59ms | tok/sec: 270,168 | bf16_mfu: 0.00 | epoch: 1 pq: 15 rg: 80 | total time: 43.68m | eta: 37.7m
step 01359/02520 (53.93%) | loss: 3.136992 | lrm: 0.72 | dt: 1939.84ms | tok/sec: 270,273 | bf16_mfu: 0.00 | epoch: 1 pq: 15 rg: 81 | total time: 43.71m | eta: 37.6m
step 01360/02520 (53.97%) | loss: 3.128441 | lrm: 0.72 | dt: 1939.97ms | tok/sec: 270,255 | bf16_mfu: 0.00 | epoch: 1 pq: 15 rg: 82 | total time: 43.75m | eta: 37.6m
step 01361/02520 (54.01%) | loss: 3.117874 | lrm: 0.72 | dt: 1940.14ms | tok/sec: 270,232 | bf16_mfu: 0.00 | epoch: 1 pq: 16 rg: 0 | total time: 43.78m | eta: 37.6m
step 01362/02520 (54.05%) | loss: 3.112957 | lrm: 0.72 | dt: 1940.37ms | tok/sec: 270,200 | bf16_mfu: 0.00 | epoch: 1 pq: 16 rg: 1 | total time: 43.81m | eta: 37.5m
step 01363/02520 (54.09%) | loss: 3.107734 | lrm: 0.72 | dt: 1940.73ms | tok/sec: 270,150 | bf16_mfu: 0.00 | epoch: 1 pq: 16 rg: 2 | total time: 43.84m | eta: 37.5m
step 01364/02520 (54.13%) | loss: 3.107810 | lrm: 0.72 | dt: 1940.30ms | tok/sec: 270,209 | bf16_mfu: 0.00 | epoch: 1 pq: 16 rg: 3 | total time: 43.87m | eta: 37.5m
step 01365/02520 (54.17%) | loss: 3.106680 | lrm: 0.72 | dt: 1940.66ms | tok/sec: 270,159 | bf16_mfu: 0.00 | epoch: 1 pq: 16 rg: 4 | total time: 43.91m | eta: 37.4m
step 01366/02520 (54.21%) | loss: 3.106486 | lrm: 0.72 | dt: 1940.08ms | tok/sec: 270,240 | bf16_mfu: 0.00 | epoch: 1 pq: 16 rg: 5 | total time: 43.94m | eta: 37.4m
step 01367/02520 (54.25%) | loss: 3.119539 | lrm: 0.72 | dt: 1940.75ms | tok/sec: 270,147 | bf16_mfu: 0.00 | epoch: 1 pq: 16 rg: 6 | total time: 43.97m | eta: 37.4m
step 01368/02520 (54.29%) | loss: 3.121123 | lrm: 0.72 | dt: 1939.05ms | tok/sec: 270,384 | bf16_mfu: 0.00 | epoch: 1 pq: 16 rg: 7 | total time: 44.00m | eta: 37.3m
step 01369/02520 (54.33%) | loss: 3.126591 | lrm: 0.72 | dt: 1938.21ms | tok/sec: 270,501 | bf16_mfu: 0.00 | epoch: 1 pq: 16 rg: 8 | total time: 44.04m | eta: 37.3m
step 01370/02520 (54.37%) | loss: 3.125737 | lrm: 0.72 | dt: 1939.47ms | tok/sec: 270,325 | bf16_mfu: 0.00 | epoch: 1 pq: 16 rg: 9 | total time: 44.07m | eta: 37.3m
step 01371/02520 (54.40%) | loss: 3.124082 | lrm: 0.72 | dt: 1939.08ms | tok/sec: 270,379 | bf16_mfu: 0.00 | epoch: 1 pq: 16 rg: 10 | total time: 44.10m | eta: 37.2m
step 01372/02520 (54.44%) | loss: 3.114673 | lrm: 0.72 | dt: 1941.07ms | tok/sec: 270,101 | bf16_mfu: 0.00 | epoch: 1 pq: 16 rg: 11 | total time: 44.13m | eta: 37.2m
step 01373/02520 (54.48%) | loss: 3.108818 | lrm: 0.72 | dt: 1939.27ms | tok/sec: 270,353 | bf16_mfu: 0.00 | epoch: 1 pq: 16 rg: 12 | total time: 44.17m | eta: 37.2m
step 01374/02520 (54.52%) | loss: 3.105589 | lrm: 0.71 | dt: 1938.44ms | tok/sec: 270,468 | bf16_mfu: 0.00 | epoch: 1 pq: 16 rg: 13 | total time: 44.20m | eta: 37.1m
step 01375/02520 (54.56%) | loss: 3.113803 | lrm: 0.71 | dt: 1939.98ms | tok/sec: 270,253 | bf16_mfu: 0.00 | epoch: 1 pq: 16 rg: 14 | total time: 44.23m | eta: 37.1m
step 01376/02520 (54.60%) | loss: 3.115768 | lrm: 0.71 | dt: 1940.38ms | tok/sec: 270,199 | bf16_mfu: 0.00 | epoch: 1 pq: 16 rg: 15 | total time: 44.26m | eta: 37.1m
step 01377/02520 (54.64%) | loss: 3.118965 | lrm: 0.71 | dt: 1940.08ms | tok/sec: 270,241 | bf16_mfu: 0.00 | epoch: 1 pq: 16 rg: 16 | total time: 44.29m | eta: 37.0m
step 01378/02520 (54.68%) | loss: 3.114425 | lrm: 0.71 | dt: 1939.40ms | tok/sec: 270,334 | bf16_mfu: 0.00 | epoch: 1 pq: 16 rg: 17 | total time: 44.33m | eta: 37.0m
step 01379/02520 (54.72%) | loss: 3.116472 | lrm: 0.71 | dt: 1939.88ms | tok/sec: 270,267 | bf16_mfu: 0.00 | epoch: 1 pq: 16 rg: 18 | total time: 44.36m | eta: 37.0m
step 01380/02520 (54.76%) | loss: 3.124427 | lrm: 0.71 | dt: 1941.07ms | tok/sec: 270,102 | bf16_mfu: 0.00 | epoch: 1 pq: 16 rg: 19 | total time: 44.39m | eta: 36.9m
step 01381/02520 (54.80%) | loss: 3.121361 | lrm: 0.71 | dt: 1941.55ms | tok/sec: 270,035 | bf16_mfu: 0.00 | epoch: 1 pq: 16 rg: 20 | total time: 44.42m | eta: 36.9m
step 01382/02520 (54.84%) | loss: 3.108746 | lrm: 0.71 | dt: 1939.56ms | tok/sec: 270,312 | bf16_mfu: 0.00 | epoch: 1 pq: 16 rg: 21 | total time: 44.46m | eta: 36.9m
step 01383/02520 (54.88%) | loss: 3.114958 | lrm: 0.71 | dt: 1940.19ms | tok/sec: 270,225 | bf16_mfu: 0.00 | epoch: 1 pq: 16 rg: 22 | total time: 44.49m | eta: 36.8m
step 01384/02520 (54.92%) | loss: 3.110737 | lrm: 0.71 | dt: 1939.01ms | tok/sec: 270,389 | bf16_mfu: 0.00 | epoch: 1 pq: 16 rg: 23 | total time: 44.52m | eta: 36.8m
step 01385/02520 (54.96%) | loss: 3.110744 | lrm: 0.71 | dt: 1938.77ms | tok/sec: 270,422 | bf16_mfu: 0.00 | epoch: 1 pq: 16 rg: 24 | total time: 44.55m | eta: 36.8m
step 01386/02520 (55.00%) | loss: 3.112302 | lrm: 0.71 | dt: 1938.81ms | tok/sec: 270,418 | bf16_mfu: 0.00 | epoch: 1 pq: 16 rg: 25 | total time: 44.59m | eta: 36.7m
step 01387/02520 (55.04%) | loss: 3.129714 | lrm: 0.71 | dt: 1939.89ms | tok/sec: 270,267 | bf16_mfu: 0.00 | epoch: 1 pq: 16 rg: 26 | total time: 44.62m | eta: 36.7m
step 01388/02520 (55.08%) | loss: 3.131407 | lrm: 0.71 | dt: 1940.04ms | tok/sec: 270,246 | bf16_mfu: 0.00 | epoch: 1 pq: 16 rg: 27 | total time: 44.65m | eta: 36.7m
step 01389/02520 (55.12%) | loss: 3.133475 | lrm: 0.71 | dt: 1940.00ms | tok/sec: 270,251 | bf16_mfu: 0.00 | epoch: 1 pq: 16 rg: 28 | total time: 44.68m | eta: 36.6m
step 01390/02520 (55.16%) | loss: 3.128555 | lrm: 0.71 | dt: 1939.53ms | tok/sec: 270,316 | bf16_mfu: 0.00 | epoch: 1 pq: 16 rg: 29 | total time: 44.72m | eta: 36.6m
step 01391/02520 (55.20%) | loss: 3.132356 | lrm: 0.70 | dt: 1941.80ms | tok/sec: 270,001 | bf16_mfu: 0.00 | epoch: 1 pq: 16 rg: 30 | total time: 44.75m | eta: 36.6m
step 01392/02520 (55.24%) | loss: 3.130013 | lrm: 0.70 | dt: 1940.80ms | tok/sec: 270,140 | bf16_mfu: 0.00 | epoch: 1 pq: 16 rg: 30 | total time: 44.78m | eta: 36.5m
step 01393/02520 (55.28%) | loss: 3.130291 | lrm: 0.70 | dt: 1940.19ms | tok/sec: 270,225 | bf16_mfu: 0.00 | epoch: 1 pq: 16 rg: 31 | total time: 44.81m | eta: 36.5m
step 01394/02520 (55.32%) | loss: 3.130063 | lrm: 0.70 | dt: 1940.54ms | tok/sec: 270,176 | bf16_mfu: 0.00 | epoch: 1 pq: 16 rg: 32 | total time: 44.84m | eta: 36.5m
step 01395/02520 (55.36%) | loss: 3.115589 | lrm: 0.70 | dt: 1940.20ms | tok/sec: 270,223 | bf16_mfu: 0.00 | epoch: 1 pq: 16 rg: 33 | total time: 44.88m | eta: 36.5m
step 01396/02520 (55.40%) | loss: 3.107023 | lrm: 0.70 | dt: 1940.39ms | tok/sec: 270,197 | bf16_mfu: 0.00 | epoch: 1 pq: 16 rg: 34 | total time: 44.91m | eta: 36.4m
step 01397/02520 (55.44%) | loss: 3.099553 | lrm: 0.70 | dt: 1940.26ms | tok/sec: 270,215 | bf16_mfu: 0.00 | epoch: 1 pq: 16 rg: 35 | total time: 44.94m | eta: 36.4m
step 01398/02520 (55.48%) | loss: 3.100015 | lrm: 0.70 | dt: 1939.87ms | tok/sec: 270,269 | bf16_mfu: 0.00 | epoch: 1 pq: 16 rg: 36 | total time: 44.97m | eta: 36.4m
step 01399/02520 (55.52%) | loss: 3.094177 | lrm: 0.70 | dt: 1939.53ms | tok/sec: 270,316 | bf16_mfu: 0.00 | epoch: 1 pq: 16 rg: 37 | total time: 45.01m | eta: 36.3m
step 01400/02520 (55.56%) | loss: 3.086938 | lrm: 0.70 | dt: 1939.66ms | tok/sec: 270,298 | bf16_mfu: 0.00 | epoch: 1 pq: 16 rg: 38 | total time: 45.04m | eta: 36.3m
step 01401/02520 (55.60%) | loss: 3.090021 | lrm: 0.70 | dt: 1939.62ms | tok/sec: 270,303 | bf16_mfu: 0.00 | epoch: 1 pq: 16 rg: 39 | total time: 45.07m | eta: 36.3m
step 01402/02520 (55.63%) | loss: 3.094127 | lrm: 0.70 | dt: 1939.63ms | tok/sec: 270,303 | bf16_mfu: 0.00 | epoch: 1 pq: 16 rg: 40 | total time: 45.10m | eta: 36.2m
step 01403/02520 (55.67%) | loss: 3.092376 | lrm: 0.70 | dt: 1939.15ms | tok/sec: 270,370 | bf16_mfu: 0.00 | epoch: 1 pq: 16 rg: 41 | total time: 45.14m | eta: 36.2m
step 01404/02520 (55.71%) | loss: 3.082129 | lrm: 0.70 | dt: 1939.46ms | tok/sec: 270,326 | bf16_mfu: 0.00 | epoch: 1 pq: 16 rg: 42 | total time: 45.17m | eta: 36.2m
step 01405/02520 (55.75%) | loss: 3.082722 | lrm: 0.70 | dt: 1940.45ms | tok/sec: 270,188 | bf16_mfu: 0.00 | epoch: 1 pq: 16 rg: 43 | total time: 45.20m | eta: 36.1m
step 01406/02520 (55.79%) | loss: 3.098932 | lrm: 0.70 | dt: 1939.91ms | tok/sec: 270,264 | bf16_mfu: 0.00 | epoch: 1 pq: 16 rg: 44 | total time: 45.23m | eta: 36.1m
step 01407/02520 (55.83%) | loss: 3.094167 | lrm: 0.70 | dt: 1939.58ms | tok/sec: 270,310 | bf16_mfu: 0.00 | epoch: 1 pq: 16 rg: 45 | total time: 45.26m | eta: 36.1m
step 01408/02520 (55.87%) | loss: 3.107444 | lrm: 0.69 | dt: 1940.42ms | tok/sec: 270,193 | bf16_mfu: 0.00 | epoch: 1 pq: 16 rg: 46 | total time: 45.30m | eta: 36.0m
step 01409/02520 (55.91%) | loss: 3.114142 | lrm: 0.69 | dt: 1941.19ms | tok/sec: 270,086 | bf16_mfu: 0.00 | epoch: 1 pq: 16 rg: 47 | total time: 45.33m | eta: 36.0m
step 01410/02520 (55.95%) | loss: 3.110384 | lrm: 0.69 | dt: 1941.23ms | tok/sec: 270,080 | bf16_mfu: 0.00 | epoch: 1 pq: 16 rg: 48 | total time: 45.36m | eta: 36.0m
step 01411/02520 (55.99%) | loss: 3.108606 | lrm: 0.69 | dt: 1940.32ms | tok/sec: 270,207 | bf16_mfu: 0.00 | epoch: 1 pq: 16 rg: 49 | total time: 45.39m | eta: 35.9m
step 01412/02520 (56.03%) | loss: 3.118669 | lrm: 0.69 | dt: 1940.28ms | tok/sec: 270,212 | bf16_mfu: 0.00 | epoch: 1 pq: 16 rg: 50 | total time: 45.43m | eta: 35.9m
step 01413/02520 (56.07%) | loss: 3.110485 | lrm: 0.69 | dt: 1941.03ms | tok/sec: 270,108 | bf16_mfu: 0.00 | epoch: 1 pq: 16 rg: 51 | total time: 45.46m | eta: 35.9m
step 01414/02520 (56.11%) | loss: 3.096831 | lrm: 0.69 | dt: 1941.17ms | tok/sec: 270,087 | bf16_mfu: 0.00 | epoch: 1 pq: 16 rg: 52 | total time: 45.49m | eta: 35.8m
step 01415/02520 (56.15%) | loss: 3.097842 | lrm: 0.69 | dt: 1939.83ms | tok/sec: 270,274 | bf16_mfu: 0.00 | epoch: 1 pq: 16 rg: 53 | total time: 45.52m | eta: 35.8m
step 01416/02520 (56.19%) | loss: 3.086726 | lrm: 0.69 | dt: 1940.05ms | tok/sec: 270,244 | bf16_mfu: 0.00 | epoch: 1 pq: 16 rg: 54 | total time: 45.56m | eta: 35.8m
step 01417/02520 (56.23%) | loss: 3.101750 | lrm: 0.69 | dt: 1942.11ms | tok/sec: 269,957 | bf16_mfu: 0.00 | epoch: 1 pq: 16 rg: 55 | total time: 45.59m | eta: 35.7m
step 01418/02520 (56.27%) | loss: 3.113462 | lrm: 0.69 | dt: 1941.76ms | tok/sec: 270,006 | bf16_mfu: 0.00 | epoch: 1 pq: 16 rg: 56 | total time: 45.62m | eta: 35.7m
step 01419/02520 (56.31%) | loss: 3.113078 | lrm: 0.69 | dt: 1941.68ms | tok/sec: 270,017 | bf16_mfu: 0.00 | epoch: 1 pq: 16 rg: 56 | total time: 45.65m | eta: 35.7m
step 01420/02520 (56.35%) | loss: 3.107842 | lrm: 0.69 | dt: 1940.83ms | tok/sec: 270,136 | bf16_mfu: 0.00 | epoch: 1 pq: 16 rg: 57 | total time: 45.69m | eta: 35.6m
step 01421/02520 (56.39%) | loss: 3.114794 | lrm: 0.69 | dt: 1940.55ms | tok/sec: 270,175 | bf16_mfu: 0.00 | epoch: 1 pq: 16 rg: 58 | total time: 45.72m | eta: 35.6m
step 01422/02520 (56.43%) | loss: 3.116204 | lrm: 0.69 | dt: 1940.89ms | tok/sec: 270,127 | bf16_mfu: 0.00 | epoch: 1 pq: 16 rg: 59 | total time: 45.75m | eta: 35.6m
step 01423/02520 (56.47%) | loss: 3.117088 | lrm: 0.69 | dt: 1940.30ms | tok/sec: 270,209 | bf16_mfu: 0.00 | epoch: 1 pq: 16 rg: 60 | total time: 45.78m | eta: 35.5m
step 01424/02520 (56.51%) | loss: 3.122403 | lrm: 0.69 | dt: 1939.60ms | tok/sec: 270,307 | bf16_mfu: 0.00 | epoch: 1 pq: 16 rg: 61 | total time: 45.81m | eta: 35.5m
step 01425/02520 (56.55%) | loss: 3.106794 | lrm: 0.69 | dt: 1940.70ms | tok/sec: 270,154 | bf16_mfu: 0.00 | epoch: 1 pq: 16 rg: 62 | total time: 45.85m | eta: 35.5m
step 01426/02520 (56.59%) | loss: 3.096771 | lrm: 0.68 | dt: 1939.64ms | tok/sec: 270,302 | bf16_mfu: 0.00 | epoch: 1 pq: 16 rg: 63 | total time: 45.88m | eta: 35.4m
step 01427/02520 (56.63%) | loss: 3.096584 | lrm: 0.68 | dt: 1940.51ms | tok/sec: 270,179 | bf16_mfu: 0.00 | epoch: 1 pq: 16 rg: 64 | total time: 45.91m | eta: 35.4m
step 01428/02520 (56.67%) | loss: 3.094025 | lrm: 0.68 | dt: 1940.38ms | tok/sec: 270,198 | bf16_mfu: 0.00 | epoch: 1 pq: 16 rg: 65 | total time: 45.94m | eta: 35.4m
step 01429/02520 (56.71%) | loss: 3.093082 | lrm: 0.68 | dt: 1940.38ms | tok/sec: 270,199 | bf16_mfu: 0.00 | epoch: 1 pq: 16 rg: 66 | total time: 45.98m | eta: 35.3m
step 01430/02520 (56.75%) | loss: 3.093819 | lrm: 0.68 | dt: 1940.64ms | tok/sec: 270,162 | bf16_mfu: 0.00 | epoch: 1 pq: 16 rg: 67 | total time: 46.01m | eta: 35.3m
step 01431/02520 (56.79%) | loss: 3.090003 | lrm: 0.68 | dt: 1940.87ms | tok/sec: 270,130 | bf16_mfu: 0.00 | epoch: 1 pq: 16 rg: 68 | total time: 46.04m | eta: 35.3m
step 01432/02520 (56.83%) | loss: 3.089909 | lrm: 0.68 | dt: 1940.29ms | tok/sec: 270,210 | bf16_mfu: 0.00 | epoch: 1 pq: 16 rg: 69 | total time: 46.07m | eta: 35.3m
step 01433/02520 (56.87%) | loss: 3.098241 | lrm: 0.68 | dt: 1940.33ms | tok/sec: 270,205 | bf16_mfu: 0.00 | epoch: 1 pq: 16 rg: 70 | total time: 46.11m | eta: 35.2m
step 01434/02520 (56.90%) | loss: 3.105270 | lrm: 0.68 | dt: 1939.45ms | tok/sec: 270,327 | bf16_mfu: 0.00 | epoch: 1 pq: 16 rg: 71 | total time: 46.14m | eta: 35.2m
step 01435/02520 (56.94%) | loss: 3.100938 | lrm: 0.68 | dt: 1939.03ms | tok/sec: 270,386 | bf16_mfu: 0.00 | epoch: 1 pq: 16 rg: 72 | total time: 46.17m | eta: 35.2m
step 01436/02520 (56.98%) | loss: 3.101213 | lrm: 0.68 | dt: 1940.44ms | tok/sec: 270,190 | bf16_mfu: 0.00 | epoch: 1 pq: 16 rg: 73 | total time: 46.20m | eta: 35.1m
step 01437/02520 (57.02%) | loss: 3.098825 | lrm: 0.68 | dt: 1941.28ms | tok/sec: 270,073 | bf16_mfu: 0.00 | epoch: 1 pq: 16 rg: 74 | total time: 46.24m | eta: 35.1m
step 01438/02520 (57.06%) | loss: 3.078090 | lrm: 0.68 | dt: 1940.66ms | tok/sec: 270,159 | bf16_mfu: 0.00 | epoch: 1 pq: 16 rg: 75 | total time: 46.27m | eta: 35.1m
step 01439/02520 (57.10%) | loss: 3.077412 | lrm: 0.68 | dt: 1940.35ms | tok/sec: 270,203 | bf16_mfu: 0.00 | epoch: 1 pq: 16 rg: 76 | total time: 46.30m | eta: 35.0m
step 01440/02520 (57.14%) | loss: 3.082320 | lrm: 0.68 | dt: 1939.08ms | tok/sec: 270,379 | bf16_mfu: 0.00 | epoch: 1 pq: 16 rg: 77 | total time: 46.33m | eta: 35.0m
step 01441/02520 (57.18%) | loss: 3.075964 | lrm: 0.68 | dt: 1938.11ms | tok/sec: 270,514 | bf16_mfu: 0.00 | epoch: 1 pq: 16 rg: 78 | total time: 46.36m | eta: 35.0m
step 01442/02520 (57.22%) | loss: 3.077008 | lrm: 0.68 | dt: 1939.79ms | tok/sec: 270,281 | bf16_mfu: 0.00 | epoch: 1 pq: 16 rg: 79 | total time: 46.40m | eta: 34.9m
step 01443/02520 (57.26%) | loss: 3.083179 | lrm: 0.67 | dt: 1939.97ms | tok/sec: 270,256 | bf16_mfu: 0.00 | epoch: 1 pq: 16 rg: 80 | total time: 46.43m | eta: 34.9m
step 01444/02520 (57.30%) | loss: 3.075373 | lrm: 0.67 | dt: 1939.61ms | tok/sec: 270,306 | bf16_mfu: 0.00 | epoch: 1 pq: 16 rg: 81 | total time: 46.46m | eta: 34.9m
step 01445/02520 (57.34%) | loss: 3.056089 | lrm: 0.67 | dt: 1939.44ms | tok/sec: 270,329 | bf16_mfu: 0.00 | epoch: 1 pq: 16 rg: 82 | total time: 46.49m | eta: 34.8m
step 01446/02520 (57.38%) | loss: 3.055783 | lrm: 0.67 | dt: 1938.48ms | tok/sec: 270,463 | bf16_mfu: 0.00 | epoch: 1 pq: 16 rg: 82 | total time: 46.53m | eta: 34.8m
step 01447/02520 (57.42%) | loss: 3.066818 | lrm: 0.67 | dt: 1938.82ms | tok/sec: 270,415 | bf16_mfu: 0.00 | epoch: 1 pq: 17 rg: 0 | total time: 46.56m | eta: 34.8m
step 01448/02520 (57.46%) | loss: 3.079632 | lrm: 0.67 | dt: 1939.36ms | tok/sec: 270,341 | bf16_mfu: 0.00 | epoch: 1 pq: 17 rg: 1 | total time: 46.59m | eta: 34.7m
step 01449/02520 (57.50%) | loss: 3.078067 | lrm: 0.67 | dt: 1938.26ms | tok/sec: 270,494 | bf16_mfu: 0.00 | epoch: 1 pq: 17 rg: 2 | total time: 46.62m | eta: 34.7m
step 01450/02520 (57.54%) | loss: 3.076569 | lrm: 0.67 | dt: 1940.23ms | tok/sec: 270,219 | bf16_mfu: 0.00 | epoch: 1 pq: 17 rg: 3 | total time: 46.66m | eta: 34.7m
step 01451/02520 (57.58%) | loss: 3.076200 | lrm: 0.67 | dt: 1939.60ms | tok/sec: 270,307 | bf16_mfu: 0.00 | epoch: 1 pq: 17 rg: 4 | total time: 46.69m | eta: 34.6m
step 01452/02520 (57.62%) | loss: 3.078186 | lrm: 0.67 | dt: 1939.96ms | tok/sec: 270,256 | bf16_mfu: 0.00 | epoch: 1 pq: 17 rg: 5 | total time: 46.72m | eta: 34.6m
step 01453/02520 (57.66%) | loss: 3.076799 | lrm: 0.67 | dt: 1940.85ms | tok/sec: 270,133 | bf16_mfu: 0.00 | epoch: 1 pq: 17 rg: 6 | total time: 46.75m | eta: 34.6m
step 01454/02520 (57.70%) | loss: 3.081735 | lrm: 0.67 | dt: 1939.60ms | tok/sec: 270,306 | bf16_mfu: 0.00 | epoch: 1 pq: 17 rg: 7 | total time: 46.78m | eta: 34.5m
step 01455/02520 (57.74%) | loss: 3.087749 | lrm: 0.67 | dt: 1940.70ms | tok/sec: 270,153 | bf16_mfu: 0.00 | epoch: 1 pq: 17 rg: 8 | total time: 46.82m | eta: 34.5m
step 01456/02520 (57.78%) | loss: 3.091945 | lrm: 0.67 | dt: 1939.75ms | tok/sec: 270,285 | bf16_mfu: 0.00 | epoch: 1 pq: 17 rg: 9 | total time: 46.85m | eta: 34.5m
step 01457/02520 (57.82%) | loss: 3.087634 | lrm: 0.67 | dt: 1939.70ms | tok/sec: 270,293 | bf16_mfu: 0.00 | epoch: 1 pq: 17 rg: 10 | total time: 46.88m | eta: 34.4m
step 01458/02520 (57.86%) | loss: 3.084989 | lrm: 0.67 | dt: 1940.21ms | tok/sec: 270,222 | bf16_mfu: 0.00 | epoch: 1 pq: 17 rg: 11 | total time: 46.91m | eta: 34.4m
step 01459/02520 (57.90%) | loss: 3.077032 | lrm: 0.67 | dt: 1939.42ms | tok/sec: 270,332 | bf16_mfu: 0.00 | epoch: 1 pq: 17 rg: 12 | total time: 46.95m | eta: 34.4m
step 01460/02520 (57.94%) | loss: 3.077294 | lrm: 0.66 | dt: 1940.68ms | tok/sec: 270,157 | bf16_mfu: 0.00 | epoch: 1 pq: 17 rg: 13 | total time: 46.98m | eta: 34.3m
step 01461/02520 (57.98%) | loss: 3.078218 | lrm: 0.66 | dt: 1939.91ms | tok/sec: 270,264 | bf16_mfu: 0.00 | epoch: 1 pq: 17 rg: 14 | total time: 47.01m | eta: 34.3m
step 01462/02520 (58.02%) | loss: 3.078118 | lrm: 0.66 | dt: 1940.58ms | tok/sec: 270,170 | bf16_mfu: 0.00 | epoch: 1 pq: 17 rg: 15 | total time: 47.04m | eta: 34.3m
step 01463/02520 (58.06%) | loss: 3.082116 | lrm: 0.66 | dt: 1940.93ms | tok/sec: 270,122 | bf16_mfu: 0.00 | epoch: 1 pq: 17 rg: 16 | total time: 47.08m | eta: 34.2m
step 01464/02520 (58.10%) | loss: 3.102129 | lrm: 0.66 | dt: 1941.08ms | tok/sec: 270,100 | bf16_mfu: 0.00 | epoch: 1 pq: 17 rg: 17 | total time: 47.11m | eta: 34.2m
step 01465/02520 (58.13%) | loss: 3.092284 | lrm: 0.66 | dt: 1940.33ms | tok/sec: 270,205 | bf16_mfu: 0.00 | epoch: 1 pq: 17 rg: 18 | total time: 47.14m | eta: 34.2m
step 01466/02520 (58.17%) | loss: 3.091029 | lrm: 0.66 | dt: 1939.94ms | tok/sec: 270,259 | bf16_mfu: 0.00 | epoch: 1 pq: 17 rg: 19 | total time: 47.17m | eta: 34.1m
step 01467/02520 (58.21%) | loss: 3.099475 | lrm: 0.66 | dt: 1940.11ms | tok/sec: 270,236 | bf16_mfu: 0.00 | epoch: 1 pq: 17 rg: 20 | total time: 47.20m | eta: 34.1m
step 01468/02520 (58.25%) | loss: 3.111375 | lrm: 0.66 | dt: 1941.15ms | tok/sec: 270,090 | bf16_mfu: 0.00 | epoch: 1 pq: 17 rg: 21 | total time: 47.24m | eta: 34.1m
step 01469/02520 (58.29%) | loss: 3.106653 | lrm: 0.66 | dt: 1940.86ms | tok/sec: 270,131 | bf16_mfu: 0.00 | epoch: 1 pq: 17 rg: 22 | total time: 47.27m | eta: 34.1m
step 01470/02520 (58.33%) | loss: 3.108029 | lrm: 0.66 | dt: 1939.80ms | tok/sec: 270,279 | bf16_mfu: 0.00 | epoch: 1 pq: 17 rg: 23 | total time: 47.30m | eta: 34.0m
step 01471/02520 (58.37%) | loss: 3.108312 | lrm: 0.66 | dt: 1939.69ms | tok/sec: 270,294 | bf16_mfu: 0.00 | epoch: 1 pq: 17 rg: 24 | total time: 47.33m | eta: 34.0m
step 01472/02520 (58.41%) | loss: 3.109815 | lrm: 0.66 | dt: 1939.77ms | tok/sec: 270,283 | bf16_mfu: 0.00 | epoch: 1 pq: 17 rg: 25 | total time: 47.37m | eta: 34.0m
step 01473/02520 (58.45%) | loss: 3.110287 | lrm: 0.66 | dt: 1941.09ms | tok/sec: 270,100 | bf16_mfu: 0.00 | epoch: 1 pq: 17 rg: 26 | total time: 47.40m | eta: 33.9m
step 01474/02520 (58.49%) | loss: 3.103477 | lrm: 0.66 | dt: 1939.00ms | tok/sec: 270,391 | bf16_mfu: 0.00 | epoch: 1 pq: 17 rg: 27 | total time: 47.43m | eta: 33.9m
step 01475/02520 (58.53%) | loss: 3.110095 | lrm: 0.66 | dt: 1940.52ms | tok/sec: 270,179 | bf16_mfu: 0.00 | epoch: 1 pq: 17 rg: 28 | total time: 47.46m | eta: 33.9m
step 01476/02520 (58.57%) | loss: 3.120061 | lrm: 0.66 | dt: 1941.58ms | tok/sec: 270,032 | bf16_mfu: 0.00 | epoch: 1 pq: 17 rg: 29 | total time: 47.50m | eta: 33.8m
step 01477/02520 (58.61%) | loss: 3.119913 | lrm: 0.65 | dt: 1941.25ms | tok/sec: 270,076 | bf16_mfu: 0.00 | epoch: 1 pq: 17 rg: 30 | total time: 47.53m | eta: 33.8m
step 01478/02520 (58.65%) | loss: 3.112761 | lrm: 0.65 | dt: 1941.45ms | tok/sec: 270,050 | bf16_mfu: 0.00 | epoch: 1 pq: 17 rg: 30 | total time: 47.56m | eta: 33.8m
step 01479/02520 (58.69%) | loss: 3.115072 | lrm: 0.65 | dt: 1941.08ms | tok/sec: 270,101 | bf16_mfu: 0.00 | epoch: 1 pq: 17 rg: 31 | total time: 47.59m | eta: 33.7m
step 01480/02520 (58.73%) | loss: 3.117723 | lrm: 0.65 | dt: 1941.04ms | tok/sec: 270,107 | bf16_mfu: 0.00 | epoch: 1 pq: 17 rg: 32 | total time: 47.63m | eta: 33.7m
step 01481/02520 (58.77%) | loss: 3.113055 | lrm: 0.65 | dt: 1942.26ms | tok/sec: 269,936 | bf16_mfu: 0.00 | epoch: 1 pq: 17 rg: 33 | total time: 47.66m | eta: 33.7m
step 01482/02520 (58.81%) | loss: 3.109810 | lrm: 0.65 | dt: 1942.51ms | tok/sec: 269,902 | bf16_mfu: 0.00 | epoch: 1 pq: 17 rg: 34 | total time: 47.69m | eta: 33.6m
step 01483/02520 (58.85%) | loss: 3.109672 | lrm: 0.65 | dt: 1942.51ms | tok/sec: 269,902 | bf16_mfu: 0.00 | epoch: 1 pq: 17 rg: 35 | total time: 47.72m | eta: 33.6m
step 01484/02520 (58.89%) | loss: 3.106893 | lrm: 0.65 | dt: 1941.94ms | tok/sec: 269,981 | bf16_mfu: 0.00 | epoch: 1 pq: 17 rg: 36 | total time: 47.75m | eta: 33.6m
step 01485/02520 (58.93%) | loss: 3.109869 | lrm: 0.65 | dt: 1941.34ms | tok/sec: 270,065 | bf16_mfu: 0.00 | epoch: 1 pq: 17 rg: 37 | total time: 47.79m | eta: 33.5m
step 01486/02520 (58.97%) | loss: 3.107677 | lrm: 0.65 | dt: 1941.26ms | tok/sec: 270,075 | bf16_mfu: 0.00 | epoch: 1 pq: 17 rg: 38 | total time: 47.82m | eta: 33.5m
step 01487/02520 (59.01%) | loss: 3.098976 | lrm: 0.65 | dt: 1941.04ms | tok/sec: 270,106 | bf16_mfu: 0.00 | epoch: 1 pq: 17 rg: 39 | total time: 47.85m | eta: 33.5m
step 01488/02520 (59.05%) | loss: 3.077494 | lrm: 0.65 | dt: 1940.68ms | tok/sec: 270,157 | bf16_mfu: 0.00 | epoch: 1 pq: 17 rg: 40 | total time: 47.88m | eta: 33.4m
step 01489/02520 (59.09%) | loss: 3.093300 | lrm: 0.65 | dt: 1942.55ms | tok/sec: 269,897 | bf16_mfu: 0.00 | epoch: 1 pq: 17 rg: 41 | total time: 47.92m | eta: 33.4m
step 01490/02520 (59.13%) | loss: 3.089346 | lrm: 0.65 | dt: 1941.95ms | tok/sec: 269,979 | bf16_mfu: 0.00 | epoch: 1 pq: 17 rg: 42 | total time: 47.95m | eta: 33.4m
step 01491/02520 (59.17%) | loss: 3.085632 | lrm: 0.65 | dt: 1940.60ms | tok/sec: 270,167 | bf16_mfu: 0.00 | epoch: 1 pq: 17 rg: 43 | total time: 47.98m | eta: 33.3m
step 01492/02520 (59.21%) | loss: 3.078145 | lrm: 0.65 | dt: 1942.17ms | tok/sec: 269,949 | bf16_mfu: 0.00 | epoch: 1 pq: 17 rg: 44 | total time: 48.01m | eta: 33.3m
step 01493/02520 (59.25%) | loss: 3.075901 | lrm: 0.65 | dt: 1941.53ms | tok/sec: 270,038 | bf16_mfu: 0.00 | epoch: 1 pq: 17 rg: 45 | total time: 48.05m | eta: 33.3m
step 01494/02520 (59.29%) | loss: 3.075826 | lrm: 0.65 | dt: 1942.38ms | tok/sec: 269,920 | bf16_mfu: 0.00 | epoch: 1 pq: 17 rg: 46 | total time: 48.08m | eta: 33.2m
step 01495/02520 (59.33%) | loss: 3.074051 | lrm: 0.64 | dt: 1942.86ms | tok/sec: 269,853 | bf16_mfu: 0.00 | epoch: 1 pq: 17 rg: 47 | total time: 48.11m | eta: 33.2m
step 01496/02520 (59.37%) | loss: 3.070067 | lrm: 0.64 | dt: 1942.54ms | tok/sec: 269,897 | bf16_mfu: 0.00 | epoch: 1 pq: 17 rg: 48 | total time: 48.14m | eta: 33.2m
step 01497/02520 (59.40%) | loss: 3.064494 | lrm: 0.64 | dt: 1941.43ms | tok/sec: 270,052 | bf16_mfu: 0.00 | epoch: 1 pq: 17 rg: 49 | total time: 48.18m | eta: 33.1m
step 01498/02520 (59.44%) | loss: 3.063539 | lrm: 0.64 | dt: 1941.20ms | tok/sec: 270,084 | bf16_mfu: 0.00 | epoch: 1 pq: 17 rg: 50 | total time: 48.21m | eta: 33.1m
step 01499/02520 (59.48%) | loss: 3.052875 | lrm: 0.64 | dt: 1939.97ms | tok/sec: 270,255 | bf16_mfu: 0.00 | epoch: 1 pq: 17 rg: 51 | total time: 48.24m | eta: 33.1m
Step 01500 | Validation bpb: 0.938388
step 01500/02520 (59.52%) | loss: 3.065439 | lrm: 0.64 | dt: 1927.50ms | tok/sec: 272,004 | bf16_mfu: 0.00 | epoch: 1 pq: 17 rg: 52 | total time: 48.27m | eta: 33.0m
step 01501/02520 (59.56%) | loss: 3.073006 | lrm: 0.64 | dt: 1933.71ms | tok/sec: 271,130 | bf16_mfu: 0.00 | epoch: 1 pq: 17 rg: 53 | total time: 48.30m | eta: 33.0m
step 01502/02520 (59.60%) | loss: 3.080203 | lrm: 0.64 | dt: 1935.17ms | tok/sec: 270,926 | bf16_mfu: 0.00 | epoch: 1 pq: 17 rg: 54 | total time: 48.34m | eta: 33.0m
step 01503/02520 (59.64%) | loss: 3.070787 | lrm: 0.64 | dt: 1934.76ms | tok/sec: 270,983 | bf16_mfu: 0.00 | epoch: 1 pq: 17 rg: 55 | total time: 48.37m | eta: 32.9m
step 01504/02520 (59.68%) | loss: 3.073026 | lrm: 0.64 | dt: 1934.51ms | tok/sec: 271,018 | bf16_mfu: 0.00 | epoch: 1 pq: 17 rg: 56 | total time: 48.40m | eta: 32.9m
step 01505/02520 (59.72%) | loss: 3.077256 | lrm: 0.64 | dt: 1935.42ms | tok/sec: 270,890 | bf16_mfu: 0.00 | epoch: 1 pq: 17 rg: 57 | total time: 48.43m | eta: 32.9m
step 01506/02520 (59.76%) | loss: 3.083296 | lrm: 0.64 | dt: 1936.19ms | tok/sec: 270,782 | bf16_mfu: 0.00 | epoch: 1 pq: 17 rg: 58 | total time: 48.47m | eta: 32.9m
step 01507/02520 (59.80%) | loss: 3.085215 | lrm: 0.64 | dt: 1936.49ms | tok/sec: 270,741 | bf16_mfu: 0.00 | epoch: 1 pq: 17 rg: 59 | total time: 48.50m | eta: 32.8m
step 01508/02520 (59.84%) | loss: 3.076486 | lrm: 0.64 | dt: 1936.30ms | tok/sec: 270,767 | bf16_mfu: 0.00 | epoch: 1 pq: 17 rg: 60 | total time: 48.53m | eta: 32.8m
step 01509/02520 (59.88%) | loss: 3.085643 | lrm: 0.64 | dt: 1935.54ms | tok/sec: 270,873 | bf16_mfu: 0.00 | epoch: 1 pq: 17 rg: 60 | total time: 48.56m | eta: 32.8m
step 01510/02520 (59.92%) | loss: 3.096274 | lrm: 0.64 | dt: 1937.43ms | tok/sec: 270,610 | bf16_mfu: 0.00 | epoch: 1 pq: 17 rg: 61 | total time: 48.60m | eta: 32.7m
step 01511/02520 (59.96%) | loss: 3.095422 | lrm: 0.64 | dt: 1937.95ms | tok/sec: 270,537 | bf16_mfu: 0.00 | epoch: 1 pq: 17 rg: 62 | total time: 48.63m | eta: 32.7m
step 01512/02520 (60.00%) | loss: 3.088978 | lrm: 0.63 | dt: 1939.45ms | tok/sec: 270,328 | bf16_mfu: 0.00 | epoch: 1 pq: 17 rg: 63 | total time: 48.66m | eta: 32.7m
step 01513/02520 (60.04%) | loss: 3.087324 | lrm: 0.63 | dt: 1938.39ms | tok/sec: 270,476 | bf16_mfu: 0.00 | epoch: 1 pq: 17 rg: 64 | total time: 48.69m | eta: 32.6m
step 01514/02520 (60.08%) | loss: 3.081684 | lrm: 0.63 | dt: 1939.70ms | tok/sec: 270,293 | bf16_mfu: 0.00 | epoch: 1 pq: 17 rg: 65 | total time: 48.72m | eta: 32.6m
step 01515/02520 (60.12%) | loss: 3.079981 | lrm: 0.63 | dt: 1940.02ms | tok/sec: 270,249 | bf16_mfu: 0.00 | epoch: 1 pq: 17 rg: 66 | total time: 48.76m | eta: 32.6m
step 01516/02520 (60.16%) | loss: 3.071150 | lrm: 0.63 | dt: 1940.90ms | tok/sec: 270,126 | bf16_mfu: 0.00 | epoch: 1 pq: 17 rg: 67 | total time: 48.79m | eta: 32.5m
step 01517/02520 (60.20%) | loss: 3.063130 | lrm: 0.63 | dt: 1941.32ms | tok/sec: 270,067 | bf16_mfu: 0.00 | epoch: 1 pq: 17 rg: 68 | total time: 48.82m | eta: 32.5m
step 01518/02520 (60.24%) | loss: 3.062529 | lrm: 0.63 | dt: 1940.76ms | tok/sec: 270,145 | bf16_mfu: 0.00 | epoch: 1 pq: 17 rg: 69 | total time: 48.85m | eta: 32.5m
step 01519/02520 (60.28%) | loss: 3.070834 | lrm: 0.63 | dt: 1941.65ms | tok/sec: 270,021 | bf16_mfu: 0.00 | epoch: 1 pq: 17 rg: 70 | total time: 48.89m | eta: 32.4m
step 01520/02520 (60.32%) | loss: 3.067831 | lrm: 0.63 | dt: 1941.48ms | tok/sec: 270,046 | bf16_mfu: 0.00 | epoch: 1 pq: 17 rg: 71 | total time: 48.92m | eta: 32.4m
step 01521/02520 (60.36%) | loss: 3.073528 | lrm: 0.63 | dt: 1941.27ms | tok/sec: 270,074 | bf16_mfu: 0.00 | epoch: 1 pq: 17 rg: 72 | total time: 48.95m | eta: 32.4m
step 01522/02520 (60.40%) | loss: 3.069244 | lrm: 0.63 | dt: 1941.28ms | tok/sec: 270,073 | bf16_mfu: 0.00 | epoch: 1 pq: 17 rg: 73 | total time: 48.98m | eta: 32.3m
step 01523/02520 (60.44%) | loss: 3.068836 | lrm: 0.63 | dt: 1941.71ms | tok/sec: 270,014 | bf16_mfu: 0.00 | epoch: 1 pq: 17 rg: 74 | total time: 49.02m | eta: 32.3m
step 01524/02520 (60.48%) | loss: 3.074533 | lrm: 0.63 | dt: 1942.86ms | tok/sec: 269,853 | bf16_mfu: 0.00 | epoch: 1 pq: 17 rg: 75 | total time: 49.05m | eta: 32.3m
step 01525/02520 (60.52%) | loss: 3.063246 | lrm: 0.63 | dt: 1942.69ms | tok/sec: 269,877 | bf16_mfu: 0.00 | epoch: 1 pq: 17 rg: 76 | total time: 49.08m | eta: 32.2m
step 01526/02520 (60.56%) | loss: 3.062059 | lrm: 0.63 | dt: 1942.34ms | tok/sec: 269,926 | bf16_mfu: 0.00 | epoch: 1 pq: 17 rg: 77 | total time: 49.11m | eta: 32.2m
step 01527/02520 (60.60%) | loss: 3.072692 | lrm: 0.63 | dt: 1943.30ms | tok/sec: 269,792 | bf16_mfu: 0.00 | epoch: 1 pq: 17 rg: 78 | total time: 49.15m | eta: 32.2m
step 01528/02520 (60.63%) | loss: 3.077953 | lrm: 0.63 | dt: 1943.92ms | tok/sec: 269,706 | bf16_mfu: 0.00 | epoch: 1 pq: 17 rg: 79 | total time: 49.18m | eta: 32.1m
step 01529/02520 (60.67%) | loss: 3.082159 | lrm: 0.62 | dt: 1943.97ms | tok/sec: 269,700 | bf16_mfu: 0.00 | epoch: 1 pq: 17 rg: 80 | total time: 49.21m | eta: 32.1m
step 01530/02520 (60.71%) | loss: 3.083430 | lrm: 0.62 | dt: 1944.34ms | tok/sec: 269,648 | bf16_mfu: 0.00 | epoch: 1 pq: 17 rg: 81 | total time: 49.24m | eta: 32.1m
step 01531/02520 (60.75%) | loss: 3.093539 | lrm: 0.62 | dt: 1945.31ms | tok/sec: 269,513 | bf16_mfu: 0.00 | epoch: 1 pq: 17 rg: 82 | total time: 49.27m | eta: 32.0m
step 01532/02520 (60.79%) | loss: 3.097313 | lrm: 0.62 | dt: 1946.55ms | tok/sec: 269,342 | bf16_mfu: 0.00 | epoch: 1 pq: 18 rg: 0 | total time: 49.31m | eta: 32.0m
step 01533/02520 (60.83%) | loss: 3.093996 | lrm: 0.62 | dt: 1945.69ms | tok/sec: 269,461 | bf16_mfu: 0.00 | epoch: 1 pq: 18 rg: 1 | total time: 49.34m | eta: 32.0m
step 01534/02520 (60.87%) | loss: 3.096866 | lrm: 0.62 | dt: 1943.70ms | tok/sec: 269,737 | bf16_mfu: 0.00 | epoch: 1 pq: 18 rg: 2 | total time: 49.37m | eta: 31.9m
step 01535/02520 (60.91%) | loss: 3.101748 | lrm: 0.62 | dt: 1944.59ms | tok/sec: 269,613 | bf16_mfu: 0.00 | epoch: 1 pq: 18 rg: 2 | total time: 49.40m | eta: 31.9m
step 01536/02520 (60.95%) | loss: 3.094251 | lrm: 0.62 | dt: 1944.73ms | tok/sec: 269,593 | bf16_mfu: 0.00 | epoch: 1 pq: 18 rg: 3 | total time: 49.44m | eta: 31.9m
step 01537/02520 (60.99%) | loss: 3.082090 | lrm: 0.62 | dt: 1945.81ms | tok/sec: 269,445 | bf16_mfu: 0.00 | epoch: 1 pq: 18 rg: 4 | total time: 49.47m | eta: 31.8m
step 01538/02520 (61.03%) | loss: 3.083362 | lrm: 0.62 | dt: 1945.73ms | tok/sec: 269,455 | bf16_mfu: 0.00 | epoch: 1 pq: 18 rg: 5 | total time: 49.50m | eta: 31.8m
step 01539/02520 (61.07%) | loss: 3.085655 | lrm: 0.62 | dt: 1945.82ms | tok/sec: 269,443 | bf16_mfu: 0.00 | epoch: 1 pq: 18 rg: 6 | total time: 49.53m | eta: 31.8m
step 01540/02520 (61.11%) | loss: 3.088557 | lrm: 0.62 | dt: 1946.68ms | tok/sec: 269,324 | bf16_mfu: 0.00 | epoch: 1 pq: 18 rg: 7 | total time: 49.57m | eta: 31.7m
step 01541/02520 (61.15%) | loss: 3.073840 | lrm: 0.62 | dt: 1945.78ms | tok/sec: 269,448 | bf16_mfu: 0.00 | epoch: 1 pq: 18 rg: 8 | total time: 49.60m | eta: 31.7m
step 01542/02520 (61.19%) | loss: 3.067662 | lrm: 0.62 | dt: 1947.30ms | tok/sec: 269,238 | bf16_mfu: 0.00 | epoch: 1 pq: 18 rg: 9 | total time: 49.63m | eta: 31.7m
step 01543/02520 (61.23%) | loss: 3.063868 | lrm: 0.62 | dt: 1947.71ms | tok/sec: 269,181 | bf16_mfu: 0.00 | epoch: 1 pq: 18 rg: 10 | total time: 49.66m | eta: 31.7m
step 01544/02520 (61.27%) | loss: 3.051432 | lrm: 0.62 | dt: 1947.47ms | tok/sec: 269,214 | bf16_mfu: 0.00 | epoch: 1 pq: 18 rg: 11 | total time: 49.70m | eta: 31.6m
step 01545/02520 (61.31%) | loss: 3.060892 | lrm: 0.62 | dt: 1948.41ms | tok/sec: 269,084 | bf16_mfu: 0.00 | epoch: 1 pq: 18 rg: 12 | total time: 49.73m | eta: 31.6m
step 01546/02520 (61.35%) | loss: 3.062993 | lrm: 0.61 | dt: 1948.77ms | tok/sec: 269,034 | bf16_mfu: 0.00 | epoch: 1 pq: 18 rg: 13 | total time: 49.76m | eta: 31.6m
step 01547/02520 (61.39%) | loss: 3.065528 | lrm: 0.61 | dt: 1949.23ms | tok/sec: 268,971 | bf16_mfu: 0.00 | epoch: 1 pq: 18 rg: 14 | total time: 49.79m | eta: 31.5m
step 01548/02520 (61.43%) | loss: 3.070321 | lrm: 0.61 | dt: 1948.79ms | tok/sec: 269,032 | bf16_mfu: 0.00 | epoch: 1 pq: 18 rg: 15 | total time: 49.83m | eta: 31.5m
step 01549/02520 (61.47%) | loss: 3.072607 | lrm: 0.61 | dt: 1948.64ms | tok/sec: 269,053 | bf16_mfu: 0.00 | epoch: 1 pq: 18 rg: 16 | total time: 49.86m | eta: 31.5m
step 01550/02520 (61.51%) | loss: 3.085854 | lrm: 0.61 | dt: 1949.02ms | tok/sec: 269,000 | bf16_mfu: 0.00 | epoch: 1 pq: 18 rg: 17 | total time: 49.89m | eta: 31.4m
step 01551/02520 (61.55%) | loss: 3.091229 | lrm: 0.61 | dt: 1949.29ms | tok/sec: 268,964 | bf16_mfu: 0.00 | epoch: 1 pq: 18 rg: 18 | total time: 49.92m | eta: 31.4m
step 01552/02520 (61.59%) | loss: 3.082212 | lrm: 0.61 | dt: 1949.67ms | tok/sec: 268,911 | bf16_mfu: 0.00 | epoch: 1 pq: 18 rg: 19 | total time: 49.96m | eta: 31.4m
step 01553/02520 (61.63%) | loss: 3.088632 | lrm: 0.61 | dt: 1949.83ms | tok/sec: 268,889 | bf16_mfu: 0.00 | epoch: 1 pq: 18 rg: 20 | total time: 49.99m | eta: 31.3m
step 01554/02520 (61.67%) | loss: 3.081361 | lrm: 0.61 | dt: 1950.23ms | tok/sec: 268,833 | bf16_mfu: 0.00 | epoch: 1 pq: 18 rg: 21 | total time: 50.02m | eta: 31.3m
step 01555/02520 (61.71%) | loss: 3.077734 | lrm: 0.61 | dt: 1950.40ms | tok/sec: 268,810 | bf16_mfu: 0.00 | epoch: 1 pq: 18 rg: 22 | total time: 50.05m | eta: 31.3m
step 01556/02520 (61.75%) | loss: 3.086926 | lrm: 0.61 | dt: 1949.19ms | tok/sec: 268,976 | bf16_mfu: 0.00 | epoch: 1 pq: 18 rg: 23 | total time: 50.09m | eta: 31.2m
step 01557/02520 (61.79%) | loss: 3.082944 | lrm: 0.61 | dt: 1950.39ms | tok/sec: 268,812 | bf16_mfu: 0.00 | epoch: 1 pq: 18 rg: 24 | total time: 50.12m | eta: 31.2m
step 01558/02520 (61.83%) | loss: 3.073369 | lrm: 0.61 | dt: 1950.23ms | tok/sec: 268,833 | bf16_mfu: 0.00 | epoch: 1 pq: 18 rg: 25 | total time: 50.15m | eta: 31.2m
step 01559/02520 (61.87%) | loss: 3.078204 | lrm: 0.61 | dt: 1950.34ms | tok/sec: 268,818 | bf16_mfu: 0.00 | epoch: 1 pq: 18 rg: 26 | total time: 50.18m | eta: 31.1m
step 01560/02520 (61.90%) | loss: 3.075151 | lrm: 0.61 | dt: 1949.81ms | tok/sec: 268,892 | bf16_mfu: 0.00 | epoch: 1 pq: 18 rg: 27 | total time: 50.22m | eta: 31.1m
step 01561/02520 (61.94%) | loss: 3.074759 | lrm: 0.61 | dt: 1949.75ms | tok/sec: 268,900 | bf16_mfu: 0.00 | epoch: 1 pq: 18 rg: 28 | total time: 50.25m | eta: 31.1m
step 01562/02520 (61.98%) | loss: 3.068513 | lrm: 0.61 | dt: 1950.62ms | tok/sec: 268,779 | bf16_mfu: 0.00 | epoch: 1 pq: 18 rg: 29 | total time: 50.28m | eta: 31.0m
step 01563/02520 (62.02%) | loss: 3.074826 | lrm: 0.61 | dt: 1951.94ms | tok/sec: 268,598 | bf16_mfu: 0.00 | epoch: 1 pq: 18 rg: 30 | total time: 50.31m | eta: 31.0m
step 01564/02520 (62.06%) | loss: 3.074187 | lrm: 0.60 | dt: 1951.38ms | tok/sec: 268,674 | bf16_mfu: 0.00 | epoch: 1 pq: 18 rg: 31 | total time: 50.35m | eta: 31.0m
step 01565/02520 (62.10%) | loss: 3.071000 | lrm: 0.60 | dt: 1950.67ms | tok/sec: 268,773 | bf16_mfu: 0.00 | epoch: 1 pq: 18 rg: 32 | total time: 50.38m | eta: 30.9m
step 01566/02520 (62.14%) | loss: 3.082749 | lrm: 0.60 | dt: 1950.17ms | tok/sec: 268,842 | bf16_mfu: 0.00 | epoch: 1 pq: 18 rg: 32 | total time: 50.41m | eta: 30.9m
step 01567/02520 (62.18%) | loss: 3.086370 | lrm: 0.60 | dt: 1950.75ms | tok/sec: 268,762 | bf16_mfu: 0.00 | epoch: 1 pq: 18 rg: 33 | total time: 50.44m | eta: 30.9m
step 01568/02520 (62.22%) | loss: 3.081267 | lrm: 0.60 | dt: 1953.15ms | tok/sec: 268,432 | bf16_mfu: 0.00 | epoch: 1 pq: 18 rg: 34 | total time: 50.48m | eta: 30.8m
step 01569/02520 (62.26%) | loss: 3.076624 | lrm: 0.60 | dt: 1949.33ms | tok/sec: 268,958 | bf16_mfu: 0.00 | epoch: 1 pq: 18 rg: 35 | total time: 50.51m | eta: 30.8m
step 01570/02520 (62.30%) | loss: 3.080314 | lrm: 0.60 | dt: 1950.56ms | tok/sec: 268,788 | bf16_mfu: 0.00 | epoch: 1 pq: 18 rg: 36 | total time: 50.54m | eta: 30.8m
step 01571/02520 (62.34%) | loss: 3.085166 | lrm: 0.60 | dt: 1950.76ms | tok/sec: 268,760 | bf16_mfu: 0.00 | epoch: 1 pq: 18 rg: 37 | total time: 50.57m | eta: 30.7m
step 01572/02520 (62.38%) | loss: 3.075427 | lrm: 0.60 | dt: 1951.03ms | tok/sec: 268,723 | bf16_mfu: 0.00 | epoch: 1 pq: 18 rg: 38 | total time: 50.61m | eta: 30.7m
step 01573/02520 (62.42%) | loss: 3.079901 | lrm: 0.60 | dt: 1950.84ms | tok/sec: 268,750 | bf16_mfu: 0.00 | epoch: 1 pq: 18 rg: 39 | total time: 50.64m | eta: 30.7m
step 01574/02520 (62.46%) | loss: 3.081842 | lrm: 0.60 | dt: 1950.31ms | tok/sec: 268,823 | bf16_mfu: 0.00 | epoch: 1 pq: 18 rg: 40 | total time: 50.67m | eta: 30.6m
step 01575/02520 (62.50%) | loss: 3.074827 | lrm: 0.60 | dt: 1950.71ms | tok/sec: 268,767 | bf16_mfu: 0.00 | epoch: 1 pq: 18 rg: 41 | total time: 50.70m | eta: 30.6m
step 01576/02520 (62.54%) | loss: 3.070206 | lrm: 0.60 | dt: 1952.08ms | tok/sec: 268,578 | bf16_mfu: 0.00 | epoch: 1 pq: 18 rg: 42 | total time: 50.74m | eta: 30.6m
step 01577/02520 (62.58%) | loss: 3.058580 | lrm: 0.60 | dt: 1952.24ms | tok/sec: 268,557 | bf16_mfu: 0.00 | epoch: 1 pq: 18 rg: 43 | total time: 50.77m | eta: 30.6m
step 01578/02520 (62.62%) | loss: 3.057281 | lrm: 0.60 | dt: 1953.45ms | tok/sec: 268,390 | bf16_mfu: 0.00 | epoch: 1 pq: 18 rg: 44 | total time: 50.80m | eta: 30.5m
step 01579/02520 (62.66%) | loss: 3.070921 | lrm: 0.60 | dt: 1951.34ms | tok/sec: 268,681 | bf16_mfu: 0.00 | epoch: 1 pq: 18 rg: 45 | total time: 50.83m | eta: 30.5m
step 01580/02520 (62.70%) | loss: 3.080669 | lrm: 0.60 | dt: 1952.75ms | tok/sec: 268,487 | bf16_mfu: 0.00 | epoch: 1 pq: 18 rg: 46 | total time: 50.87m | eta: 30.5m
step 01581/02520 (62.74%) | loss: 3.057177 | lrm: 0.59 | dt: 1951.43ms | tok/sec: 268,669 | bf16_mfu: 0.00 | epoch: 1 pq: 18 rg: 47 | total time: 50.90m | eta: 30.4m
step 01582/02520 (62.78%) | loss: 3.044664 | lrm: 0.59 | dt: 1951.11ms | tok/sec: 268,712 | bf16_mfu: 0.00 | epoch: 1 pq: 18 rg: 48 | total time: 50.93m | eta: 30.4m
step 01583/02520 (62.82%) | loss: 3.053399 | lrm: 0.59 | dt: 1952.19ms | tok/sec: 268,564 | bf16_mfu: 0.00 | epoch: 1 pq: 18 rg: 49 | total time: 50.96m | eta: 30.4m
step 01584/02520 (62.86%) | loss: 3.054187 | lrm: 0.59 | dt: 1952.16ms | tok/sec: 268,567 | bf16_mfu: 0.00 | epoch: 1 pq: 18 rg: 50 | total time: 51.00m | eta: 30.3m
step 01585/02520 (62.90%) | loss: 3.058288 | lrm: 0.59 | dt: 1952.01ms | tok/sec: 268,588 | bf16_mfu: 0.00 | epoch: 1 pq: 18 rg: 51 | total time: 51.03m | eta: 30.3m
step 01586/02520 (62.94%) | loss: 3.066035 | lrm: 0.59 | dt: 1951.95ms | tok/sec: 268,597 | bf16_mfu: 0.00 | epoch: 1 pq: 18 rg: 52 | total time: 51.06m | eta: 30.3m
step 01587/02520 (62.98%) | loss: 3.077750 | lrm: 0.59 | dt: 1951.52ms | tok/sec: 268,656 | bf16_mfu: 0.00 | epoch: 1 pq: 18 rg: 53 | total time: 51.09m | eta: 30.2m
step 01588/02520 (63.02%) | loss: 3.067782 | lrm: 0.59 | dt: 1951.15ms | tok/sec: 268,707 | bf16_mfu: 0.00 | epoch: 1 pq: 18 rg: 54 | total time: 51.13m | eta: 30.2m
step 01589/02520 (63.06%) | loss: 3.062448 | lrm: 0.59 | dt: 1952.18ms | tok/sec: 268,565 | bf16_mfu: 0.00 | epoch: 1 pq: 18 rg: 55 | total time: 51.16m | eta: 30.2m
step 01590/02520 (63.10%) | loss: 3.062094 | lrm: 0.59 | dt: 1951.02ms | tok/sec: 268,724 | bf16_mfu: 0.00 | epoch: 1 pq: 18 rg: 56 | total time: 51.19m | eta: 30.1m
step 01591/02520 (63.13%) | loss: 3.050218 | lrm: 0.59 | dt: 1951.87ms | tok/sec: 268,608 | bf16_mfu: 0.00 | epoch: 1 pq: 18 rg: 57 | total time: 51.22m | eta: 30.1m
step 01592/02520 (63.17%) | loss: 3.034479 | lrm: 0.59 | dt: 1951.24ms | tok/sec: 268,694 | bf16_mfu: 0.00 | epoch: 1 pq: 18 rg: 58 | total time: 51.26m | eta: 30.1m
step 01593/02520 (63.21%) | loss: 3.055044 | lrm: 0.59 | dt: 1951.73ms | tok/sec: 268,627 | bf16_mfu: 0.00 | epoch: 1 pq: 18 rg: 59 | total time: 51.29m | eta: 30.0m
step 01594/02520 (63.25%) | loss: 3.056368 | lrm: 0.59 | dt: 1952.51ms | tok/sec: 268,520 | bf16_mfu: 0.00 | epoch: 1 pq: 18 rg: 60 | total time: 51.32m | eta: 30.0m
step 01595/02520 (63.29%) | loss: 3.048550 | lrm: 0.59 | dt: 1951.23ms | tok/sec: 268,696 | bf16_mfu: 0.00 | epoch: 1 pq: 18 rg: 61 | total time: 51.35m | eta: 30.0m
step 01596/02520 (63.33%) | loss: 3.061066 | lrm: 0.59 | dt: 1951.12ms | tok/sec: 268,711 | bf16_mfu: 0.00 | epoch: 1 pq: 18 rg: 62 | total time: 51.39m | eta: 29.9m
step 01597/02520 (63.37%) | loss: 3.062022 | lrm: 0.59 | dt: 1951.16ms | tok/sec: 268,705 | bf16_mfu: 0.00 | epoch: 1 pq: 18 rg: 63 | total time: 51.42m | eta: 29.9m
step 01598/02520 (63.41%) | loss: 3.063814 | lrm: 0.58 | dt: 1950.71ms | tok/sec: 268,768 | bf16_mfu: 0.00 | epoch: 1 pq: 18 rg: 64 | total time: 51.45m | eta: 29.9m
step 01599/02520 (63.45%) | loss: 3.052891 | lrm: 0.58 | dt: 1952.32ms | tok/sec: 268,545 | bf16_mfu: 0.00 | epoch: 1 pq: 18 rg: 65 | total time: 51.48m | eta: 29.8m
step 01600/02520 (63.49%) | loss: 3.055267 | lrm: 0.58 | dt: 1952.80ms | tok/sec: 268,479 | bf16_mfu: 0.00 | epoch: 1 pq: 18 rg: 66 | total time: 51.52m | eta: 29.8m
step 01601/02520 (63.53%) | loss: 3.045513 | lrm: 0.58 | dt: 1951.41ms | tok/sec: 268,672 | bf16_mfu: 0.00 | epoch: 1 pq: 18 rg: 66 | total time: 51.55m | eta: 29.8m
step 01602/02520 (63.57%) | loss: 3.031057 | lrm: 0.58 | dt: 1951.58ms | tok/sec: 268,647 | bf16_mfu: 0.00 | epoch: 1 pq: 18 rg: 67 | total time: 51.58m | eta: 29.7m
step 01603/02520 (63.61%) | loss: 3.041532 | lrm: 0.58 | dt: 1950.79ms | tok/sec: 268,756 | bf16_mfu: 0.00 | epoch: 1 pq: 18 rg: 68 | total time: 51.61m | eta: 29.7m
step 01604/02520 (63.65%) | loss: 3.049162 | lrm: 0.58 | dt: 1950.93ms | tok/sec: 268,737 | bf16_mfu: 0.00 | epoch: 1 pq: 18 rg: 69 | total time: 51.65m | eta: 29.7m
step 01605/02520 (63.69%) | loss: 3.049972 | lrm: 0.58 | dt: 1950.49ms | tok/sec: 268,797 | bf16_mfu: 0.00 | epoch: 1 pq: 18 rg: 70 | total time: 51.68m | eta: 29.6m
step 01606/02520 (63.73%) | loss: 3.062367 | lrm: 0.58 | dt: 1949.95ms | tok/sec: 268,872 | bf16_mfu: 0.00 | epoch: 1 pq: 18 rg: 71 | total time: 51.71m | eta: 29.6m
step 01607/02520 (63.77%) | loss: 3.073640 | lrm: 0.58 | dt: 1949.95ms | tok/sec: 268,872 | bf16_mfu: 0.00 | epoch: 1 pq: 18 rg: 72 | total time: 51.74m | eta: 29.6m
step 01608/02520 (63.81%) | loss: 3.065840 | lrm: 0.58 | dt: 1950.88ms | tok/sec: 268,744 | bf16_mfu: 0.00 | epoch: 1 pq: 18 rg: 73 | total time: 51.78m | eta: 29.5m
step 01609/02520 (63.85%) | loss: 3.074520 | lrm: 0.58 | dt: 1950.83ms | tok/sec: 268,751 | bf16_mfu: 0.00 | epoch: 1 pq: 18 rg: 74 | total time: 51.81m | eta: 29.5m
step 01610/02520 (63.89%) | loss: 3.067210 | lrm: 0.58 | dt: 1950.11ms | tok/sec: 268,849 | bf16_mfu: 0.00 | epoch: 1 pq: 18 rg: 75 | total time: 51.84m | eta: 29.5m
step 01611/02520 (63.93%) | loss: 3.071909 | lrm: 0.58 | dt: 1951.30ms | tok/sec: 268,686 | bf16_mfu: 0.00 | epoch: 1 pq: 18 rg: 76 | total time: 51.87m | eta: 29.5m
step 01612/02520 (63.97%) | loss: 3.057047 | lrm: 0.58 | dt: 1951.55ms | tok/sec: 268,652 | bf16_mfu: 0.00 | epoch: 1 pq: 18 rg: 77 | total time: 51.91m | eta: 29.4m
step 01613/02520 (64.01%) | loss: 3.054250 | lrm: 0.58 | dt: 1949.30ms | tok/sec: 268,962 | bf16_mfu: 0.00 | epoch: 1 pq: 18 rg: 78 | total time: 51.94m | eta: 29.4m
step 01614/02520 (64.05%) | loss: 3.052960 | lrm: 0.58 | dt: 1949.21ms | tok/sec: 268,974 | bf16_mfu: 0.00 | epoch: 1 pq: 18 rg: 79 | total time: 51.97m | eta: 29.4m
step 01615/02520 (64.09%) | loss: 3.043417 | lrm: 0.57 | dt: 1950.05ms | tok/sec: 268,859 | bf16_mfu: 0.00 | epoch: 1 pq: 18 rg: 80 | total time: 52.00m | eta: 29.3m
step 01616/02520 (64.13%) | loss: 3.048545 | lrm: 0.57 | dt: 1949.75ms | tok/sec: 268,900 | bf16_mfu: 0.00 | epoch: 1 pq: 18 rg: 81 | total time: 52.04m | eta: 29.3m
step 01617/02520 (64.17%) | loss: 3.052066 | lrm: 0.57 | dt: 1948.59ms | tok/sec: 269,060 | bf16_mfu: 0.00 | epoch: 1 pq: 18 rg: 82 | total time: 52.07m | eta: 29.3m
step 01618/02520 (64.21%) | loss: 3.051511 | lrm: 0.57 | dt: 1949.33ms | tok/sec: 268,957 | bf16_mfu: 0.00 | epoch: 1 pq: 19 rg: 0 | total time: 52.10m | eta: 29.2m
step 01619/02520 (64.25%) | loss: 3.043264 | lrm: 0.57 | dt: 1949.47ms | tok/sec: 268,939 | bf16_mfu: 0.00 | epoch: 1 pq: 19 rg: 1 | total time: 52.13m | eta: 29.2m
step 01620/02520 (64.29%) | loss: 3.026734 | lrm: 0.57 | dt: 1948.88ms | tok/sec: 269,020 | bf16_mfu: 0.00 | epoch: 1 pq: 19 rg: 2 | total time: 52.17m | eta: 29.2m
step 01621/02520 (64.33%) | loss: 3.015204 | lrm: 0.57 | dt: 1949.94ms | tok/sec: 268,873 | bf16_mfu: 0.00 | epoch: 1 pq: 19 rg: 3 | total time: 52.20m | eta: 29.1m
step 01622/02520 (64.37%) | loss: 3.021309 | lrm: 0.57 | dt: 1950.76ms | tok/sec: 268,761 | bf16_mfu: 0.00 | epoch: 1 pq: 19 rg: 4 | total time: 52.23m | eta: 29.1m
step 01623/02520 (64.40%) | loss: 3.027671 | lrm: 0.57 | dt: 1951.06ms | tok/sec: 268,719 | bf16_mfu: 0.00 | epoch: 1 pq: 19 rg: 5 | total time: 52.26m | eta: 29.1m
step 01624/02520 (64.44%) | loss: 3.032357 | lrm: 0.57 | dt: 1950.75ms | tok/sec: 268,762 | bf16_mfu: 0.00 | epoch: 1 pq: 19 rg: 6 | total time: 52.30m | eta: 29.0m
step 01625/02520 (64.48%) | loss: 3.029482 | lrm: 0.57 | dt: 1950.69ms | tok/sec: 268,770 | bf16_mfu: 0.00 | epoch: 1 pq: 19 rg: 7 | total time: 52.33m | eta: 29.0m
step 01626/02520 (64.52%) | loss: 3.020472 | lrm: 0.57 | dt: 1950.25ms | tok/sec: 268,831 | bf16_mfu: 0.00 | epoch: 1 pq: 19 rg: 8 | total time: 52.36m | eta: 29.0m
step 01627/02520 (64.56%) | loss: 3.019540 | lrm: 0.57 | dt: 1951.10ms | tok/sec: 268,714 | bf16_mfu: 0.00 | epoch: 1 pq: 19 rg: 9 | total time: 52.39m | eta: 28.9m
step 01628/02520 (64.60%) | loss: 3.017855 | lrm: 0.57 | dt: 1950.32ms | tok/sec: 268,820 | bf16_mfu: 0.00 | epoch: 1 pq: 19 rg: 10 | total time: 52.43m | eta: 28.9m
step 01629/02520 (64.64%) | loss: 3.014515 | lrm: 0.57 | dt: 1949.81ms | tok/sec: 268,891 | bf16_mfu: 0.00 | epoch: 1 pq: 19 rg: 11 | total time: 52.46m | eta: 28.9m
step 01630/02520 (64.68%) | loss: 3.018612 | lrm: 0.57 | dt: 1949.18ms | tok/sec: 268,978 | bf16_mfu: 0.00 | epoch: 1 pq: 19 rg: 12 | total time: 52.49m | eta: 28.8m
step 01631/02520 (64.72%) | loss: 3.016645 | lrm: 0.57 | dt: 1950.15ms | tok/sec: 268,845 | bf16_mfu: 0.00 | epoch: 1 pq: 19 rg: 13 | total time: 52.52m | eta: 28.8m
step 01632/02520 (64.76%) | loss: 3.009867 | lrm: 0.57 | dt: 1950.18ms | tok/sec: 268,841 | bf16_mfu: 0.00 | epoch: 1 pq: 19 rg: 14 | total time: 52.56m | eta: 28.8m
step 01633/02520 (64.80%) | loss: 3.013328 | lrm: 0.56 | dt: 1949.92ms | tok/sec: 268,877 | bf16_mfu: 0.00 | epoch: 1 pq: 19 rg: 15 | total time: 52.59m | eta: 28.7m
step 01634/02520 (64.84%) | loss: 3.019105 | lrm: 0.56 | dt: 1950.33ms | tok/sec: 268,820 | bf16_mfu: 0.00 | epoch: 1 pq: 19 rg: 16 | total time: 52.62m | eta: 28.7m
step 01635/02520 (64.88%) | loss: 3.019289 | lrm: 0.56 | dt: 1950.31ms | tok/sec: 268,822 | bf16_mfu: 0.00 | epoch: 1 pq: 19 rg: 17 | total time: 52.65m | eta: 28.7m
step 01636/02520 (64.92%) | loss: 3.030137 | lrm: 0.56 | dt: 1948.89ms | tok/sec: 269,019 | bf16_mfu: 0.00 | epoch: 1 pq: 19 rg: 18 | total time: 52.69m | eta: 28.6m
step 01637/02520 (64.96%) | loss: 3.025170 | lrm: 0.56 | dt: 1949.68ms | tok/sec: 268,909 | bf16_mfu: 0.00 | epoch: 1 pq: 19 rg: 19 | total time: 52.72m | eta: 28.6m
step 01638/02520 (65.00%) | loss: 3.035008 | lrm: 0.56 | dt: 1949.19ms | tok/sec: 268,977 | bf16_mfu: 0.00 | epoch: 1 pq: 19 rg: 20 | total time: 52.75m | eta: 28.6m
step 01639/02520 (65.04%) | loss: 3.046376 | lrm: 0.56 | dt: 1950.13ms | tok/sec: 268,848 | bf16_mfu: 0.00 | epoch: 1 pq: 19 rg: 21 | total time: 52.78m | eta: 28.5m
step 01640/02520 (65.08%) | loss: 3.039476 | lrm: 0.56 | dt: 1950.53ms | tok/sec: 268,793 | bf16_mfu: 0.00 | epoch: 1 pq: 19 rg: 22 | total time: 52.82m | eta: 28.5m
step 01641/02520 (65.12%) | loss: 3.040188 | lrm: 0.56 | dt: 1949.46ms | tok/sec: 268,940 | bf16_mfu: 0.00 | epoch: 1 pq: 19 rg: 23 | total time: 52.85m | eta: 28.5m
step 01642/02520 (65.16%) | loss: 3.045366 | lrm: 0.56 | dt: 1949.83ms | tok/sec: 268,889 | bf16_mfu: 0.00 | epoch: 1 pq: 19 rg: 23 | total time: 52.88m | eta: 28.5m
step 01643/02520 (65.20%) | loss: 3.043177 | lrm: 0.56 | dt: 1949.27ms | tok/sec: 268,966 | bf16_mfu: 0.00 | epoch: 1 pq: 19 rg: 24 | total time: 52.91m | eta: 28.4m
step 01644/02520 (65.24%) | loss: 3.037282 | lrm: 0.56 | dt: 1949.40ms | tok/sec: 268,947 | bf16_mfu: 0.00 | epoch: 1 pq: 19 rg: 25 | total time: 52.95m | eta: 28.4m
step 01645/02520 (65.28%) | loss: 3.030547 | lrm: 0.56 | dt: 1950.23ms | tok/sec: 268,833 | bf16_mfu: 0.00 | epoch: 1 pq: 19 rg: 26 | total time: 52.98m | eta: 28.4m
step 01646/02520 (65.32%) | loss: 3.025098 | lrm: 0.56 | dt: 1949.64ms | tok/sec: 268,915 | bf16_mfu: 0.00 | epoch: 1 pq: 19 rg: 27 | total time: 53.01m | eta: 28.3m
step 01647/02520 (65.36%) | loss: 3.034637 | lrm: 0.56 | dt: 1948.70ms | tok/sec: 269,044 | bf16_mfu: 0.00 | epoch: 1 pq: 19 rg: 28 | total time: 53.04m | eta: 28.3m
step 01648/02520 (65.40%) | loss: 3.036035 | lrm: 0.56 | dt: 1949.96ms | tok/sec: 268,871 | bf16_mfu: 0.00 | epoch: 1 pq: 19 rg: 29 | total time: 53.08m | eta: 28.3m
step 01649/02520 (65.44%) | loss: 3.043312 | lrm: 0.56 | dt: 1950.68ms | tok/sec: 268,772 | bf16_mfu: 0.00 | epoch: 1 pq: 19 rg: 30 | total time: 53.11m | eta: 28.2m
step 01650/02520 (65.48%) | loss: 3.052948 | lrm: 0.55 | dt: 1948.59ms | tok/sec: 269,060 | bf16_mfu: 0.00 | epoch: 1 pq: 19 rg: 31 | total time: 53.14m | eta: 28.2m
step 01651/02520 (65.52%) | loss: 3.053349 | lrm: 0.55 | dt: 1950.51ms | tok/sec: 268,794 | bf16_mfu: 0.00 | epoch: 1 pq: 19 rg: 32 | total time: 53.17m | eta: 28.2m
step 01652/02520 (65.56%) | loss: 3.058154 | lrm: 0.55 | dt: 1949.32ms | tok/sec: 268,958 | bf16_mfu: 0.00 | epoch: 1 pq: 19 rg: 33 | total time: 53.21m | eta: 28.1m
step 01653/02520 (65.60%) | loss: 3.066127 | lrm: 0.55 | dt: 1950.14ms | tok/sec: 268,846 | bf16_mfu: 0.00 | epoch: 1 pq: 19 rg: 34 | total time: 53.24m | eta: 28.1m
step 01654/02520 (65.63%) | loss: 3.063065 | lrm: 0.55 | dt: 1949.64ms | tok/sec: 268,915 | bf16_mfu: 0.00 | epoch: 1 pq: 19 rg: 35 | total time: 53.27m | eta: 28.1m
step 01655/02520 (65.67%) | loss: 3.061879 | lrm: 0.55 | dt: 1948.66ms | tok/sec: 269,050 | bf16_mfu: 0.00 | epoch: 1 pq: 19 rg: 36 | total time: 53.30m | eta: 28.0m
step 01656/02520 (65.71%) | loss: 3.059803 | lrm: 0.55 | dt: 1948.91ms | tok/sec: 269,015 | bf16_mfu: 0.00 | epoch: 1 pq: 19 rg: 37 | total time: 53.34m | eta: 28.0m
step 01657/02520 (65.75%) | loss: 3.056187 | lrm: 0.55 | dt: 1948.20ms | tok/sec: 269,114 | bf16_mfu: 0.00 | epoch: 1 pq: 19 rg: 38 | total time: 53.37m | eta: 28.0m
step 01658/02520 (65.79%) | loss: 3.041937 | lrm: 0.55 | dt: 1949.95ms | tok/sec: 268,872 | bf16_mfu: 0.00 | epoch: 1 pq: 19 rg: 39 | total time: 53.40m | eta: 27.9m
step 01659/02520 (65.83%) | loss: 3.026581 | lrm: 0.55 | dt: 1949.93ms | tok/sec: 268,875 | bf16_mfu: 0.00 | epoch: 1 pq: 19 rg: 40 | total time: 53.43m | eta: 27.9m
step 01660/02520 (65.87%) | loss: 3.027873 | lrm: 0.55 | dt: 1951.03ms | tok/sec: 268,723 | bf16_mfu: 0.00 | epoch: 1 pq: 19 rg: 41 | total time: 53.47m | eta: 27.9m
step 01661/02520 (65.91%) | loss: 3.015875 | lrm: 0.55 | dt: 1948.75ms | tok/sec: 269,038 | bf16_mfu: 0.00 | epoch: 1 pq: 19 rg: 42 | total time: 53.50m | eta: 27.8m
step 01662/02520 (65.95%) | loss: 3.019880 | lrm: 0.55 | dt: 1948.22ms | tok/sec: 269,111 | bf16_mfu: 0.00 | epoch: 1 pq: 19 rg: 43 | total time: 53.53m | eta: 27.8m
step 01663/02520 (65.99%) | loss: 3.018576 | lrm: 0.55 | dt: 1948.05ms | tok/sec: 269,134 | bf16_mfu: 0.00 | epoch: 1 pq: 19 rg: 44 | total time: 53.56m | eta: 27.8m
step 01664/02520 (66.03%) | loss: 3.038993 | lrm: 0.55 | dt: 1948.31ms | tok/sec: 269,098 | bf16_mfu: 0.00 | epoch: 1 pq: 19 rg: 45 | total time: 53.60m | eta: 27.7m
step 01665/02520 (66.07%) | loss: 3.033031 | lrm: 0.55 | dt: 1948.36ms | tok/sec: 269,091 | bf16_mfu: 0.00 | epoch: 1 pq: 19 rg: 46 | total time: 53.63m | eta: 27.7m
step 01666/02520 (66.11%) | loss: 3.032489 | lrm: 0.55 | dt: 1947.56ms | tok/sec: 269,202 | bf16_mfu: 0.00 | epoch: 1 pq: 19 rg: 47 | total time: 53.66m | eta: 27.7m
step 01667/02520 (66.15%) | loss: 3.040224 | lrm: 0.54 | dt: 1948.37ms | tok/sec: 269,091 | bf16_mfu: 0.00 | epoch: 1 pq: 19 rg: 48 | total time: 53.69m | eta: 27.6m
step 01668/02520 (66.19%) | loss: 3.038291 | lrm: 0.54 | dt: 1947.58ms | tok/sec: 269,199 | bf16_mfu: 0.00 | epoch: 1 pq: 19 rg: 49 | total time: 53.73m | eta: 27.6m
step 01669/02520 (66.23%) | loss: 3.042441 | lrm: 0.54 | dt: 1947.88ms | tok/sec: 269,158 | bf16_mfu: 0.00 | epoch: 1 pq: 19 rg: 50 | total time: 53.76m | eta: 27.6m
step 01670/02520 (66.27%) | loss: 3.035952 | lrm: 0.54 | dt: 1946.15ms | tok/sec: 269,397 | bf16_mfu: 0.00 | epoch: 1 pq: 19 rg: 50 | total time: 53.79m | eta: 27.5m
step 01671/02520 (66.31%) | loss: 3.036191 | lrm: 0.54 | dt: 1948.28ms | tok/sec: 269,102 | bf16_mfu: 0.00 | epoch: 1 pq: 19 rg: 51 | total time: 53.82m | eta: 27.5m
step 01672/02520 (66.35%) | loss: 3.032946 | lrm: 0.54 | dt: 1948.50ms | tok/sec: 269,072 | bf16_mfu: 0.00 | epoch: 1 pq: 19 rg: 52 | total time: 53.86m | eta: 27.5m
step 01673/02520 (66.39%) | loss: 3.034354 | lrm: 0.54 | dt: 1946.48ms | tok/sec: 269,352 | bf16_mfu: 0.00 | epoch: 1 pq: 19 rg: 53 | total time: 53.89m | eta: 27.4m
step 01674/02520 (66.43%) | loss: 3.035307 | lrm: 0.54 | dt: 1946.16ms | tok/sec: 269,395 | bf16_mfu: 0.00 | epoch: 1 pq: 19 rg: 54 | total time: 53.92m | eta: 27.4m
step 01675/02520 (66.47%) | loss: 3.037767 | lrm: 0.54 | dt: 1947.49ms | tok/sec: 269,212 | bf16_mfu: 0.00 | epoch: 1 pq: 19 rg: 55 | total time: 53.95m | eta: 27.4m
step 01676/02520 (66.51%) | loss: 3.038825 | lrm: 0.54 | dt: 1948.07ms | tok/sec: 269,132 | bf16_mfu: 0.00 | epoch: 1 pq: 19 rg: 56 | total time: 53.99m | eta: 27.3m
step 01677/02520 (66.55%) | loss: 3.039750 | lrm: 0.54 | dt: 1948.29ms | tok/sec: 269,101 | bf16_mfu: 0.00 | epoch: 1 pq: 19 rg: 57 | total time: 54.02m | eta: 27.3m
step 01678/02520 (66.59%) | loss: 3.037772 | lrm: 0.54 | dt: 1947.88ms | tok/sec: 269,158 | bf16_mfu: 0.00 | epoch: 1 pq: 19 rg: 58 | total time: 54.05m | eta: 27.3m
step 01679/02520 (66.63%) | loss: 3.035968 | lrm: 0.54 | dt: 1946.97ms | tok/sec: 269,284 | bf16_mfu: 0.00 | epoch: 1 pq: 19 rg: 59 | total time: 54.08m | eta: 27.3m
step 01680/02520 (66.67%) | loss: 3.039073 | lrm: 0.54 | dt: 1946.56ms | tok/sec: 269,340 | bf16_mfu: 0.00 | epoch: 1 pq: 19 rg: 60 | total time: 54.12m | eta: 27.2m
step 01681/02520 (66.71%) | loss: 3.026894 | lrm: 0.54 | dt: 1947.30ms | tok/sec: 269,238 | bf16_mfu: 0.00 | epoch: 1 pq: 19 rg: 61 | total time: 54.15m | eta: 27.2m
step 01682/02520 (66.75%) | loss: 3.011443 | lrm: 0.54 | dt: 1945.76ms | tok/sec: 269,451 | bf16_mfu: 0.00 | epoch: 1 pq: 19 rg: 62 | total time: 54.18m | eta: 27.2m
step 01683/02520 (66.79%) | loss: 3.007996 | lrm: 0.54 | dt: 1945.19ms | tok/sec: 269,530 | bf16_mfu: 0.00 | epoch: 1 pq: 19 rg: 63 | total time: 54.21m | eta: 27.1m
step 01684/02520 (66.83%) | loss: 2.996684 | lrm: 0.53 | dt: 1946.99ms | tok/sec: 269,280 | bf16_mfu: 0.00 | epoch: 1 pq: 19 rg: 64 | total time: 54.25m | eta: 27.1m
step 01685/02520 (66.87%) | loss: 2.998486 | lrm: 0.53 | dt: 1947.23ms | tok/sec: 269,247 | bf16_mfu: 0.00 | epoch: 1 pq: 19 rg: 65 | total time: 54.28m | eta: 27.1m
step 01686/02520 (66.90%) | loss: 2.997961 | lrm: 0.53 | dt: 1946.68ms | tok/sec: 269,323 | bf16_mfu: 0.00 | epoch: 1 pq: 19 rg: 66 | total time: 54.31m | eta: 27.0m
step 01687/02520 (66.94%) | loss: 3.009783 | lrm: 0.53 | dt: 1946.98ms | tok/sec: 269,282 | bf16_mfu: 0.00 | epoch: 1 pq: 19 rg: 67 | total time: 54.34m | eta: 27.0m
step 01688/02520 (66.98%) | loss: 3.014529 | lrm: 0.53 | dt: 1946.21ms | tok/sec: 269,389 | bf16_mfu: 0.00 | epoch: 1 pq: 19 rg: 68 | total time: 54.38m | eta: 27.0m
step 01689/02520 (67.02%) | loss: 3.016647 | lrm: 0.53 | dt: 1945.37ms | tok/sec: 269,506 | bf16_mfu: 0.00 | epoch: 1 pq: 19 rg: 69 | total time: 54.41m | eta: 26.9m
step 01690/02520 (67.06%) | loss: 3.018996 | lrm: 0.53 | dt: 1947.10ms | tok/sec: 269,266 | bf16_mfu: 0.00 | epoch: 1 pq: 19 rg: 70 | total time: 54.44m | eta: 26.9m
step 01691/02520 (67.10%) | loss: 3.013614 | lrm: 0.53 | dt: 1948.55ms | tok/sec: 269,065 | bf16_mfu: 0.00 | epoch: 1 pq: 19 rg: 71 | total time: 54.47m | eta: 26.9m
step 01692/02520 (67.14%) | loss: 3.012606 | lrm: 0.53 | dt: 1945.40ms | tok/sec: 269,501 | bf16_mfu: 0.00 | epoch: 1 pq: 19 rg: 72 | total time: 54.51m | eta: 26.8m
step 01693/02520 (67.18%) | loss: 2.994005 | lrm: 0.53 | dt: 1947.01ms | tok/sec: 269,278 | bf16_mfu: 0.00 | epoch: 1 pq: 19 rg: 73 | total time: 54.54m | eta: 26.8m
step 01694/02520 (67.22%) | loss: 2.996126 | lrm: 0.53 | dt: 1947.18ms | tok/sec: 269,255 | bf16_mfu: 0.00 | epoch: 1 pq: 19 rg: 74 | total time: 54.57m | eta: 26.8m
step 01695/02520 (67.26%) | loss: 2.979166 | lrm: 0.53 | dt: 1947.01ms | tok/sec: 269,278 | bf16_mfu: 0.00 | epoch: 1 pq: 19 rg: 75 | total time: 54.60m | eta: 26.7m
step 01696/02520 (67.30%) | loss: 2.978551 | lrm: 0.53 | dt: 1946.83ms | tok/sec: 269,303 | bf16_mfu: 0.00 | epoch: 1 pq: 19 rg: 76 | total time: 54.64m | eta: 26.7m
step 01697/02520 (67.34%) | loss: 2.980296 | lrm: 0.53 | dt: 1946.60ms | tok/sec: 269,335 | bf16_mfu: 0.00 | epoch: 1 pq: 19 rg: 77 | total time: 54.67m | eta: 26.7m
step 01698/02520 (67.38%) | loss: 2.984630 | lrm: 0.53 | dt: 1946.17ms | tok/sec: 269,394 | bf16_mfu: 0.00 | epoch: 1 pq: 19 rg: 78 | total time: 54.70m | eta: 26.6m
step 01699/02520 (67.42%) | loss: 2.989500 | lrm: 0.53 | dt: 1946.38ms | tok/sec: 269,365 | bf16_mfu: 0.00 | epoch: 1 pq: 19 rg: 79 | total time: 54.73m | eta: 26.6m
step 01700/02520 (67.46%) | loss: 3.002812 | lrm: 0.53 | dt: 1946.73ms | tok/sec: 269,316 | bf16_mfu: 0.00 | epoch: 1 pq: 19 rg: 80 | total time: 54.77m | eta: 26.6m
step 01701/02520 (67.50%) | loss: 3.008625 | lrm: 0.53 | dt: 1945.81ms | tok/sec: 269,444 | bf16_mfu: 0.00 | epoch: 1 pq: 19 rg: 80 | total time: 54.80m | eta: 26.5m
step 01702/02520 (67.54%) | loss: 3.007187 | lrm: 0.52 | dt: 1946.18ms | tok/sec: 269,393 | bf16_mfu: 0.00 | epoch: 1 pq: 19 rg: 81 | total time: 54.83m | eta: 26.5m
step 01703/02520 (67.58%) | loss: 3.003678 | lrm: 0.52 | dt: 1947.21ms | tok/sec: 269,250 | bf16_mfu: 0.00 | epoch: 1 pq: 20 rg: 0 | total time: 54.86m | eta: 26.5m
step 01704/02520 (67.62%) | loss: 3.017800 | lrm: 0.52 | dt: 1946.79ms | tok/sec: 269,308 | bf16_mfu: 0.00 | epoch: 1 pq: 20 rg: 1 | total time: 54.89m | eta: 26.4m
step 01705/02520 (67.66%) | loss: 3.034404 | lrm: 0.52 | dt: 1946.36ms | tok/sec: 269,367 | bf16_mfu: 0.00 | epoch: 1 pq: 20 rg: 2 | total time: 54.93m | eta: 26.4m
step 01706/02520 (67.70%) | loss: 3.024932 | lrm: 0.52 | dt: 1946.35ms | tok/sec: 269,369 | bf16_mfu: 0.00 | epoch: 1 pq: 20 rg: 3 | total time: 54.96m | eta: 26.4m
step 01707/02520 (67.74%) | loss: 3.018802 | lrm: 0.52 | dt: 1945.57ms | tok/sec: 269,477 | bf16_mfu: 0.00 | epoch: 1 pq: 20 rg: 4 | total time: 54.99m | eta: 26.3m
step 01708/02520 (67.78%) | loss: 3.017738 | lrm: 0.52 | dt: 1946.21ms | tok/sec: 269,389 | bf16_mfu: 0.00 | epoch: 1 pq: 20 rg: 5 | total time: 55.02m | eta: 26.3m
step 01709/02520 (67.82%) | loss: 3.022361 | lrm: 0.52 | dt: 1946.80ms | tok/sec: 269,307 | bf16_mfu: 0.00 | epoch: 1 pq: 20 rg: 6 | total time: 55.06m | eta: 26.3m
step 01710/02520 (67.86%) | loss: 3.009650 | lrm: 0.52 | dt: 1947.49ms | tok/sec: 269,211 | bf16_mfu: 0.00 | epoch: 1 pq: 20 rg: 7 | total time: 55.09m | eta: 26.2m
step 01711/02520 (67.90%) | loss: 3.016968 | lrm: 0.52 | dt: 1947.00ms | tok/sec: 269,279 | bf16_mfu: 0.00 | epoch: 1 pq: 20 rg: 8 | total time: 55.12m | eta: 26.2m
step 01712/02520 (67.94%) | loss: 3.007747 | lrm: 0.52 | dt: 1947.22ms | tok/sec: 269,249 | bf16_mfu: 0.00 | epoch: 1 pq: 20 rg: 9 | total time: 55.15m | eta: 26.2m
step 01713/02520 (67.98%) | loss: 3.012650 | lrm: 0.52 | dt: 1945.48ms | tok/sec: 269,489 | bf16_mfu: 0.00 | epoch: 1 pq: 20 rg: 10 | total time: 55.19m | eta: 26.2m
step 01714/02520 (68.02%) | loss: 3.015342 | lrm: 0.52 | dt: 1946.44ms | tok/sec: 269,356 | bf16_mfu: 0.00 | epoch: 1 pq: 20 rg: 11 | total time: 55.22m | eta: 26.1m
step 01715/02520 (68.06%) | loss: 3.025533 | lrm: 0.52 | dt: 1946.58ms | tok/sec: 269,338 | bf16_mfu: 0.00 | epoch: 1 pq: 20 rg: 12 | total time: 55.25m | eta: 26.1m
step 01716/02520 (68.10%) | loss: 3.019466 | lrm: 0.52 | dt: 1945.38ms | tok/sec: 269,504 | bf16_mfu: 0.00 | epoch: 1 pq: 20 rg: 13 | total time: 55.28m | eta: 26.1m
step 01717/02520 (68.13%) | loss: 3.012642 | lrm: 0.52 | dt: 1946.60ms | tok/sec: 269,334 | bf16_mfu: 0.00 | epoch: 1 pq: 20 rg: 14 | total time: 55.32m | eta: 26.0m
step 01718/02520 (68.17%) | loss: 3.007995 | lrm: 0.52 | dt: 1946.35ms | tok/sec: 269,369 | bf16_mfu: 0.00 | epoch: 1 pq: 20 rg: 15 | total time: 55.35m | eta: 26.0m
step 01719/02520 (68.21%) | loss: 3.007682 | lrm: 0.51 | dt: 1945.68ms | tok/sec: 269,463 | bf16_mfu: 0.00 | epoch: 1 pq: 20 rg: 16 | total time: 55.38m | eta: 26.0m
step 01720/02520 (68.25%) | loss: 3.012915 | lrm: 0.51 | dt: 1946.37ms | tok/sec: 269,367 | bf16_mfu: 0.00 | epoch: 1 pq: 20 rg: 17 | total time: 55.41m | eta: 25.9m
step 01721/02520 (68.29%) | loss: 3.011029 | lrm: 0.51 | dt: 1946.90ms | tok/sec: 269,293 | bf16_mfu: 0.00 | epoch: 1 pq: 20 rg: 18 | total time: 55.45m | eta: 25.9m
step 01722/02520 (68.33%) | loss: 3.015977 | lrm: 0.51 | dt: 1946.21ms | tok/sec: 269,389 | bf16_mfu: 0.00 | epoch: 1 pq: 20 rg: 19 | total time: 55.48m | eta: 25.9m
step 01723/02520 (68.37%) | loss: 3.019711 | lrm: 0.51 | dt: 1946.96ms | tok/sec: 269,285 | bf16_mfu: 0.00 | epoch: 1 pq: 20 rg: 20 | total time: 55.51m | eta: 25.8m
step 01724/02520 (68.41%) | loss: 3.012147 | lrm: 0.51 | dt: 1947.56ms | tok/sec: 269,203 | bf16_mfu: 0.00 | epoch: 1 pq: 20 rg: 21 | total time: 55.54m | eta: 25.8m
step 01725/02520 (68.45%) | loss: 3.007635 | lrm: 0.51 | dt: 1947.05ms | tok/sec: 269,272 | bf16_mfu: 0.00 | epoch: 1 pq: 20 rg: 22 | total time: 55.58m | eta: 25.8m
step 01726/02520 (68.49%) | loss: 3.013159 | lrm: 0.51 | dt: 1946.06ms | tok/sec: 269,409 | bf16_mfu: 0.00 | epoch: 1 pq: 20 rg: 23 | total time: 55.61m | eta: 25.7m
step 01727/02520 (68.53%) | loss: 3.002779 | lrm: 0.51 | dt: 1945.49ms | tok/sec: 269,488 | bf16_mfu: 0.00 | epoch: 1 pq: 20 rg: 24 | total time: 55.64m | eta: 25.7m
step 01728/02520 (68.57%) | loss: 3.012131 | lrm: 0.51 | dt: 1944.36ms | tok/sec: 269,644 | bf16_mfu: 0.00 | epoch: 1 pq: 20 rg: 25 | total time: 55.67m | eta: 25.7m
step 01729/02520 (68.61%) | loss: 3.023734 | lrm: 0.51 | dt: 1944.74ms | tok/sec: 269,592 | bf16_mfu: 0.00 | epoch: 1 pq: 20 rg: 26 | total time: 55.71m | eta: 25.6m
step 01730/02520 (68.65%) | loss: 3.022237 | lrm: 0.51 | dt: 1946.24ms | tok/sec: 269,384 | bf16_mfu: 0.00 | epoch: 1 pq: 20 rg: 27 | total time: 55.74m | eta: 25.6m
step 01731/02520 (68.69%) | loss: 3.021367 | lrm: 0.51 | dt: 1945.07ms | tok/sec: 269,547 | bf16_mfu: 0.00 | epoch: 1 pq: 20 rg: 28 | total time: 55.77m | eta: 25.6m
step 01732/02520 (68.73%) | loss: 3.011848 | lrm: 0.51 | dt: 1945.94ms | tok/sec: 269,425 | bf16_mfu: 0.00 | epoch: 1 pq: 20 rg: 29 | total time: 55.80m | eta: 25.5m
step 01733/02520 (68.77%) | loss: 3.006086 | lrm: 0.51 | dt: 1946.10ms | tok/sec: 269,404 | bf16_mfu: 0.00 | epoch: 1 pq: 20 rg: 30 | total time: 55.84m | eta: 25.5m
step 01734/02520 (68.81%) | loss: 3.014892 | lrm: 0.51 | dt: 1946.50ms | tok/sec: 269,349 | bf16_mfu: 0.00 | epoch: 1 pq: 20 rg: 30 | total time: 55.87m | eta: 25.5m
step 01735/02520 (68.85%) | loss: 3.015666 | lrm: 0.51 | dt: 1947.38ms | tok/sec: 269,227 | bf16_mfu: 0.00 | epoch: 1 pq: 20 rg: 31 | total time: 55.90m | eta: 25.4m
step 01736/02520 (68.89%) | loss: 3.004673 | lrm: 0.50 | dt: 1946.94ms | tok/sec: 269,287 | bf16_mfu: 0.00 | epoch: 1 pq: 20 rg: 32 | total time: 55.93m | eta: 25.4m
step 01737/02520 (68.93%) | loss: 2.995595 | lrm: 0.50 | dt: 1947.38ms | tok/sec: 269,227 | bf16_mfu: 0.00 | epoch: 1 pq: 20 rg: 33 | total time: 55.97m | eta: 25.4m
step 01738/02520 (68.97%) | loss: 2.991952 | lrm: 0.50 | dt: 1945.14ms | tok/sec: 269,537 | bf16_mfu: 0.00 | epoch: 1 pq: 20 rg: 34 | total time: 56.00m | eta: 25.3m
step 01739/02520 (69.01%) | loss: 3.001740 | lrm: 0.50 | dt: 1945.27ms | tok/sec: 269,519 | bf16_mfu: 0.00 | epoch: 1 pq: 20 rg: 35 | total time: 56.03m | eta: 25.3m
step 01740/02520 (69.05%) | loss: 2.992028 | lrm: 0.50 | dt: 1944.29ms | tok/sec: 269,654 | bf16_mfu: 0.00 | epoch: 1 pq: 20 rg: 36 | total time: 56.06m | eta: 25.3m
step 01741/02520 (69.09%) | loss: 2.993684 | lrm: 0.50 | dt: 1944.80ms | tok/sec: 269,584 | bf16_mfu: 0.00 | epoch: 1 pq: 20 rg: 37 | total time: 56.10m | eta: 25.2m
step 01742/02520 (69.13%) | loss: 2.996441 | lrm: 0.50 | dt: 1944.43ms | tok/sec: 269,636 | bf16_mfu: 0.00 | epoch: 1 pq: 20 rg: 38 | total time: 56.13m | eta: 25.2m
step 01743/02520 (69.17%) | loss: 2.984479 | lrm: 0.50 | dt: 1943.87ms | tok/sec: 269,713 | bf16_mfu: 0.00 | epoch: 1 pq: 20 rg: 39 | total time: 56.16m | eta: 25.2m
step 01744/02520 (69.21%) | loss: 2.981196 | lrm: 0.50 | dt: 1944.62ms | tok/sec: 269,610 | bf16_mfu: 0.00 | epoch: 1 pq: 20 rg: 40 | total time: 56.19m | eta: 25.1m
step 01745/02520 (69.25%) | loss: 2.996219 | lrm: 0.50 | dt: 1944.12ms | tok/sec: 269,679 | bf16_mfu: 0.00 | epoch: 1 pq: 20 rg: 41 | total time: 56.22m | eta: 25.1m
step 01746/02520 (69.29%) | loss: 2.989212 | lrm: 0.50 | dt: 1945.06ms | tok/sec: 269,548 | bf16_mfu: 0.00 | epoch: 1 pq: 20 rg: 42 | total time: 56.26m | eta: 25.1m
step 01747/02520 (69.33%) | loss: 2.991904 | lrm: 0.50 | dt: 1944.77ms | tok/sec: 269,588 | bf16_mfu: 0.00 | epoch: 1 pq: 20 rg: 43 | total time: 56.29m | eta: 25.0m
step 01748/02520 (69.37%) | loss: 2.995247 | lrm: 0.50 | dt: 1945.58ms | tok/sec: 269,476 | bf16_mfu: 0.00 | epoch: 1 pq: 20 rg: 44 | total time: 56.32m | eta: 25.0m
step 01749/02520 (69.40%) | loss: 3.007012 | lrm: 0.50 | dt: 1945.61ms | tok/sec: 269,472 | bf16_mfu: 0.00 | epoch: 1 pq: 20 rg: 45 | total time: 56.35m | eta: 25.0m
Step 01750 | Validation bpb: 0.917233
step 01750/02520 (69.44%) | loss: 3.003969 | lrm: 0.50 | dt: 1930.21ms | tok/sec: 271,622 | bf16_mfu: 0.00 | epoch: 1 pq: 20 rg: 46 | total time: 56.39m | eta: 25.0m
step 01751/02520 (69.48%) | loss: 3.001521 | lrm: 0.50 | dt: 1933.78ms | tok/sec: 271,120 | bf16_mfu: 0.00 | epoch: 1 pq: 20 rg: 47 | total time: 56.42m | eta: 24.9m
step 01752/02520 (69.52%) | loss: 3.003177 | lrm: 0.50 | dt: 1935.25ms | tok/sec: 270,915 | bf16_mfu: 0.00 | epoch: 1 pq: 20 rg: 48 | total time: 56.45m | eta: 24.9m
step 01753/02520 (69.56%) | loss: 3.017687 | lrm: 0.49 | dt: 1936.72ms | tok/sec: 270,709 | bf16_mfu: 0.00 | epoch: 1 pq: 20 rg: 49 | total time: 56.48m | eta: 24.9m
step 01754/02520 (69.60%) | loss: 3.001655 | lrm: 0.49 | dt: 1938.02ms | tok/sec: 270,527 | bf16_mfu: 0.00 | epoch: 1 pq: 20 rg: 50 | total time: 56.52m | eta: 24.8m
step 01755/02520 (69.64%) | loss: 3.005404 | lrm: 0.49 | dt: 1936.75ms | tok/sec: 270,704 | bf16_mfu: 0.00 | epoch: 1 pq: 20 rg: 51 | total time: 56.55m | eta: 24.8m
step 01756/02520 (69.68%) | loss: 2.996363 | lrm: 0.49 | dt: 1936.98ms | tok/sec: 270,673 | bf16_mfu: 0.00 | epoch: 1 pq: 20 rg: 52 | total time: 56.58m | eta: 24.8m
step 01757/02520 (69.72%) | loss: 2.993746 | lrm: 0.49 | dt: 1936.33ms | tok/sec: 270,763 | bf16_mfu: 0.00 | epoch: 1 pq: 20 rg: 53 | total time: 56.61m | eta: 24.7m
step 01758/02520 (69.76%) | loss: 2.988135 | lrm: 0.49 | dt: 1936.55ms | tok/sec: 270,733 | bf16_mfu: 0.00 | epoch: 1 pq: 20 rg: 54 | total time: 56.64m | eta: 24.7m
step 01759/02520 (69.80%) | loss: 2.992274 | lrm: 0.49 | dt: 1936.76ms | tok/sec: 270,704 | bf16_mfu: 0.00 | epoch: 1 pq: 20 rg: 55 | total time: 56.68m | eta: 24.7m
step 01760/02520 (69.84%) | loss: 3.006042 | lrm: 0.49 | dt: 1937.72ms | tok/sec: 270,569 | bf16_mfu: 0.00 | epoch: 1 pq: 20 rg: 56 | total time: 56.71m | eta: 24.6m
step 01761/02520 (69.88%) | loss: 3.000049 | lrm: 0.49 | dt: 1939.04ms | tok/sec: 270,385 | bf16_mfu: 0.00 | epoch: 1 pq: 20 rg: 57 | total time: 56.74m | eta: 24.6m
step 01762/02520 (69.92%) | loss: 3.007912 | lrm: 0.49 | dt: 1939.86ms | tok/sec: 270,270 | bf16_mfu: 0.00 | epoch: 1 pq: 20 rg: 58 | total time: 56.77m | eta: 24.6m
step 01763/02520 (69.96%) | loss: 3.010645 | lrm: 0.49 | dt: 1939.95ms | tok/sec: 270,258 | bf16_mfu: 0.00 | epoch: 1 pq: 20 rg: 59 | total time: 56.81m | eta: 24.5m
step 01764/02520 (70.00%) | loss: 3.014922 | lrm: 0.49 | dt: 1939.19ms | tok/sec: 270,363 | bf16_mfu: 0.00 | epoch: 1 pq: 20 rg: 60 | total time: 56.84m | eta: 24.5m
step 01765/02520 (70.04%) | loss: 3.007787 | lrm: 0.49 | dt: 1939.74ms | tok/sec: 270,287 | bf16_mfu: 0.00 | epoch: 1 pq: 20 rg: 61 | total time: 56.87m | eta: 24.5m
step 01766/02520 (70.08%) | loss: 3.015708 | lrm: 0.49 | dt: 1939.62ms | tok/sec: 270,304 | bf16_mfu: 0.00 | epoch: 1 pq: 20 rg: 62 | total time: 56.90m | eta: 24.4m
step 01767/02520 (70.12%) | loss: 3.021373 | lrm: 0.49 | dt: 1940.49ms | tok/sec: 270,183 | bf16_mfu: 0.00 | epoch: 1 pq: 20 rg: 63 | total time: 56.94m | eta: 24.4m
step 01768/02520 (70.16%) | loss: 3.019076 | lrm: 0.49 | dt: 1940.41ms | tok/sec: 270,194 | bf16_mfu: 0.00 | epoch: 1 pq: 20 rg: 64 | total time: 56.97m | eta: 24.4m
step 01769/02520 (70.20%) | loss: 3.016547 | lrm: 0.49 | dt: 1939.42ms | tok/sec: 270,331 | bf16_mfu: 0.00 | epoch: 1 pq: 20 rg: 65 | total time: 57.00m | eta: 24.3m
step 01770/02520 (70.24%) | loss: 3.011980 | lrm: 0.48 | dt: 1940.07ms | tok/sec: 270,242 | bf16_mfu: 0.00 | epoch: 1 pq: 20 rg: 66 | total time: 57.03m | eta: 24.3m
step 01771/02520 (70.28%) | loss: 3.013251 | lrm: 0.48 | dt: 1939.35ms | tok/sec: 270,342 | bf16_mfu: 0.00 | epoch: 1 pq: 20 rg: 67 | total time: 57.06m | eta: 24.3m
step 01772/02520 (70.32%) | loss: 3.009574 | lrm: 0.48 | dt: 1940.16ms | tok/sec: 270,229 | bf16_mfu: 0.00 | epoch: 1 pq: 20 rg: 68 | total time: 57.10m | eta: 24.2m
step 01773/02520 (70.36%) | loss: 3.011643 | lrm: 0.48 | dt: 1940.42ms | tok/sec: 270,193 | bf16_mfu: 0.00 | epoch: 1 pq: 20 rg: 68 | total time: 57.13m | eta: 24.2m
step 01774/02520 (70.40%) | loss: 3.025865 | lrm: 0.48 | dt: 1940.43ms | tok/sec: 270,191 | bf16_mfu: 0.00 | epoch: 1 pq: 20 rg: 69 | total time: 57.16m | eta: 24.2m
step 01775/02520 (70.44%) | loss: 3.019162 | lrm: 0.48 | dt: 1940.79ms | tok/sec: 270,141 | bf16_mfu: 0.00 | epoch: 1 pq: 20 rg: 70 | total time: 57.19m | eta: 24.1m
step 01776/02520 (70.48%) | loss: 3.007814 | lrm: 0.48 | dt: 1942.10ms | tok/sec: 269,958 | bf16_mfu: 0.00 | epoch: 1 pq: 20 rg: 71 | total time: 57.23m | eta: 24.1m
step 01777/02520 (70.52%) | loss: 3.007799 | lrm: 0.48 | dt: 1941.45ms | tok/sec: 270,049 | bf16_mfu: 0.00 | epoch: 1 pq: 20 rg: 72 | total time: 57.26m | eta: 24.1m
step 01778/02520 (70.56%) | loss: 2.995679 | lrm: 0.48 | dt: 1940.19ms | tok/sec: 270,225 | bf16_mfu: 0.00 | epoch: 1 pq: 20 rg: 73 | total time: 57.29m | eta: 24.0m
step 01779/02520 (70.60%) | loss: 2.992983 | lrm: 0.48 | dt: 1940.16ms | tok/sec: 270,229 | bf16_mfu: 0.00 | epoch: 1 pq: 20 rg: 74 | total time: 57.32m | eta: 24.0m
step 01780/02520 (70.63%) | loss: 2.991288 | lrm: 0.48 | dt: 1940.46ms | tok/sec: 270,187 | bf16_mfu: 0.00 | epoch: 1 pq: 20 rg: 75 | total time: 57.36m | eta: 24.0m
step 01781/02520 (70.67%) | loss: 3.001284 | lrm: 0.48 | dt: 1940.35ms | tok/sec: 270,202 | bf16_mfu: 0.00 | epoch: 1 pq: 20 rg: 76 | total time: 57.39m | eta: 23.9m
step 01782/02520 (70.71%) | loss: 3.003677 | lrm: 0.48 | dt: 1940.31ms | tok/sec: 270,208 | bf16_mfu: 0.00 | epoch: 1 pq: 20 rg: 77 | total time: 57.42m | eta: 23.9m
step 01783/02520 (70.75%) | loss: 3.013076 | lrm: 0.48 | dt: 1940.00ms | tok/sec: 270,251 | bf16_mfu: 0.00 | epoch: 1 pq: 20 rg: 78 | total time: 57.45m | eta: 23.9m
step 01784/02520 (70.79%) | loss: 3.019387 | lrm: 0.48 | dt: 1940.32ms | tok/sec: 270,207 | bf16_mfu: 0.00 | epoch: 1 pq: 20 rg: 79 | total time: 57.49m | eta: 23.8m
step 01785/02520 (70.83%) | loss: 3.023223 | lrm: 0.48 | dt: 1941.97ms | tok/sec: 269,977 | bf16_mfu: 0.00 | epoch: 1 pq: 20 rg: 80 | total time: 57.52m | eta: 23.8m
step 01786/02520 (70.87%) | loss: 3.017365 | lrm: 0.48 | dt: 1940.63ms | tok/sec: 270,163 | bf16_mfu: 0.00 | epoch: 1 pq: 20 rg: 81 | total time: 57.55m | eta: 23.8m
step 01787/02520 (70.91%) | loss: 3.005588 | lrm: 0.48 | dt: 1940.19ms | tok/sec: 270,224 | bf16_mfu: 0.00 | epoch: 1 pq: 20 rg: 82 | total time: 57.58m | eta: 23.8m
step 01788/02520 (70.95%) | loss: 3.014854 | lrm: 0.47 | dt: 1939.93ms | tok/sec: 270,261 | bf16_mfu: 0.00 | epoch: 1 pq: 20 rg: 83 | total time: 57.61m | eta: 23.7m
step 01789/02520 (70.99%) | loss: 3.014402 | lrm: 0.47 | dt: 1940.24ms | tok/sec: 270,217 | bf16_mfu: 0.00 | epoch: 1 pq: 21 rg: 0 | total time: 57.65m | eta: 23.7m
step 01790/02520 (71.03%) | loss: 3.015584 | lrm: 0.47 | dt: 1940.19ms | tok/sec: 270,225 | bf16_mfu: 0.00 | epoch: 1 pq: 21 rg: 1 | total time: 57.68m | eta: 23.7m
step 01791/02520 (71.07%) | loss: 3.019283 | lrm: 0.47 | dt: 1940.17ms | tok/sec: 270,227 | bf16_mfu: 0.00 | epoch: 1 pq: 21 rg: 2 | total time: 57.71m | eta: 23.6m
step 01792/02520 (71.11%) | loss: 3.005946 | lrm: 0.47 | dt: 1940.62ms | tok/sec: 270,164 | bf16_mfu: 0.00 | epoch: 1 pq: 21 rg: 3 | total time: 57.74m | eta: 23.6m
step 01793/02520 (71.15%) | loss: 3.007265 | lrm: 0.47 | dt: 1940.67ms | tok/sec: 270,158 | bf16_mfu: 0.00 | epoch: 1 pq: 21 rg: 4 | total time: 57.78m | eta: 23.6m
step 01794/02520 (71.19%) | loss: 3.004909 | lrm: 0.47 | dt: 1939.29ms | tok/sec: 270,350 | bf16_mfu: 0.00 | epoch: 1 pq: 21 rg: 5 | total time: 57.81m | eta: 23.5m
step 01795/02520 (71.23%) | loss: 2.999525 | lrm: 0.47 | dt: 1938.30ms | tok/sec: 270,488 | bf16_mfu: 0.00 | epoch: 1 pq: 21 rg: 6 | total time: 57.84m | eta: 23.5m
step 01796/02520 (71.27%) | loss: 3.003988 | lrm: 0.47 | dt: 1939.57ms | tok/sec: 270,310 | bf16_mfu: 0.00 | epoch: 1 pq: 21 rg: 7 | total time: 57.87m | eta: 23.5m
step 01797/02520 (71.31%) | loss: 3.003947 | lrm: 0.47 | dt: 1940.40ms | tok/sec: 270,195 | bf16_mfu: 0.00 | epoch: 1 pq: 21 rg: 8 | total time: 57.91m | eta: 23.4m
step 01798/02520 (71.35%) | loss: 3.007000 | lrm: 0.47 | dt: 1940.86ms | tok/sec: 270,131 | bf16_mfu: 0.00 | epoch: 1 pq: 21 rg: 9 | total time: 57.94m | eta: 23.4m
step 01799/02520 (71.39%) | loss: 3.007332 | lrm: 0.47 | dt: 1940.59ms | tok/sec: 270,169 | bf16_mfu: 0.00 | epoch: 1 pq: 21 rg: 10 | total time: 57.97m | eta: 23.4m
step 01800/02520 (71.43%) | loss: 2.996190 | lrm: 0.47 | dt: 1941.08ms | tok/sec: 270,101 | bf16_mfu: 0.00 | epoch: 1 pq: 21 rg: 11 | total time: 58.00m | eta: 23.3m
step 01801/02520 (71.47%) | loss: 3.005054 | lrm: 0.47 | dt: 1941.24ms | tok/sec: 270,078 | bf16_mfu: 0.00 | epoch: 1 pq: 21 rg: 12 | total time: 58.04m | eta: 23.3m
step 01802/02520 (71.51%) | loss: 3.012901 | lrm: 0.47 | dt: 1941.27ms | tok/sec: 270,075 | bf16_mfu: 0.00 | epoch: 1 pq: 21 rg: 13 | total time: 58.07m | eta: 23.3m
step 01803/02520 (71.55%) | loss: 3.009167 | lrm: 0.47 | dt: 1942.33ms | tok/sec: 269,927 | bf16_mfu: 0.00 | epoch: 1 pq: 21 rg: 14 | total time: 58.10m | eta: 23.2m
step 01804/02520 (71.59%) | loss: 3.014675 | lrm: 0.47 | dt: 1942.70ms | tok/sec: 269,875 | bf16_mfu: 0.00 | epoch: 1 pq: 21 rg: 15 | total time: 58.13m | eta: 23.2m
step 01805/02520 (71.63%) | loss: 3.017056 | lrm: 0.46 | dt: 1940.49ms | tok/sec: 270,184 | bf16_mfu: 0.00 | epoch: 1 pq: 21 rg: 16 | total time: 58.16m | eta: 23.2m
step 01806/02520 (71.67%) | loss: 3.013026 | lrm: 0.46 | dt: 1942.26ms | tok/sec: 269,936 | bf16_mfu: 0.00 | epoch: 1 pq: 21 rg: 17 | total time: 58.20m | eta: 23.1m
step 01807/02520 (71.71%) | loss: 3.013221 | lrm: 0.46 | dt: 1941.58ms | tok/sec: 270,032 | bf16_mfu: 0.00 | epoch: 1 pq: 21 rg: 18 | total time: 58.23m | eta: 23.1m
step 01808/02520 (71.75%) | loss: 3.016550 | lrm: 0.46 | dt: 1943.49ms | tok/sec: 269,765 | bf16_mfu: 0.00 | epoch: 1 pq: 21 rg: 19 | total time: 58.26m | eta: 23.1m
step 01809/02520 (71.79%) | loss: 3.015938 | lrm: 0.46 | dt: 1942.63ms | tok/sec: 269,885 | bf16_mfu: 0.00 | epoch: 1 pq: 21 rg: 20 | total time: 58.29m | eta: 23.0m
step 01810/02520 (71.83%) | loss: 3.009293 | lrm: 0.46 | dt: 1942.17ms | tok/sec: 269,949 | bf16_mfu: 0.00 | epoch: 1 pq: 21 rg: 20 | total time: 58.33m | eta: 23.0m
step 01811/02520 (71.87%) | loss: 3.000739 | lrm: 0.46 | dt: 1942.66ms | tok/sec: 269,882 | bf16_mfu: 0.00 | epoch: 1 pq: 21 rg: 21 | total time: 58.36m | eta: 23.0m
step 01812/02520 (71.90%) | loss: 3.010430 | lrm: 0.46 | dt: 1943.14ms | tok/sec: 269,815 | bf16_mfu: 0.00 | epoch: 1 pq: 21 rg: 22 | total time: 58.39m | eta: 22.9m
step 01813/02520 (71.94%) | loss: 3.010396 | lrm: 0.46 | dt: 1942.15ms | tok/sec: 269,952 | bf16_mfu: 0.00 | epoch: 1 pq: 21 rg: 23 | total time: 58.42m | eta: 22.9m
step 01814/02520 (71.98%) | loss: 3.009299 | lrm: 0.46 | dt: 1941.74ms | tok/sec: 270,009 | bf16_mfu: 0.00 | epoch: 1 pq: 21 rg: 24 | total time: 58.46m | eta: 22.9m
step 01815/02520 (72.02%) | loss: 3.003832 | lrm: 0.46 | dt: 1942.15ms | tok/sec: 269,952 | bf16_mfu: 0.00 | epoch: 1 pq: 21 rg: 25 | total time: 58.49m | eta: 22.8m
step 01816/02520 (72.06%) | loss: 3.013644 | lrm: 0.46 | dt: 1944.18ms | tok/sec: 269,669 | bf16_mfu: 0.00 | epoch: 1 pq: 21 rg: 26 | total time: 58.52m | eta: 22.8m
step 01817/02520 (72.10%) | loss: 3.015662 | lrm: 0.46 | dt: 1942.50ms | tok/sec: 269,903 | bf16_mfu: 0.00 | epoch: 1 pq: 21 rg: 27 | total time: 58.55m | eta: 22.8m
step 01818/02520 (72.14%) | loss: 3.012350 | lrm: 0.46 | dt: 1943.27ms | tok/sec: 269,797 | bf16_mfu: 0.00 | epoch: 1 pq: 21 rg: 28 | total time: 58.59m | eta: 22.7m
step 01819/02520 (72.18%) | loss: 3.006081 | lrm: 0.46 | dt: 1944.29ms | tok/sec: 269,655 | bf16_mfu: 0.00 | epoch: 1 pq: 21 rg: 29 | total time: 58.62m | eta: 22.7m
step 01820/02520 (72.22%) | loss: 3.004529 | lrm: 0.46 | dt: 1942.41ms | tok/sec: 269,916 | bf16_mfu: 0.00 | epoch: 1 pq: 21 rg: 30 | total time: 58.65m | eta: 22.7m
step 01821/02520 (72.26%) | loss: 2.985442 | lrm: 0.46 | dt: 1942.05ms | tok/sec: 269,965 | bf16_mfu: 0.00 | epoch: 1 pq: 21 rg: 31 | total time: 58.68m | eta: 22.7m
step 01822/02520 (72.30%) | loss: 2.987986 | lrm: 0.45 | dt: 1941.15ms | tok/sec: 270,091 | bf16_mfu: 0.00 | epoch: 1 pq: 21 rg: 32 | total time: 58.71m | eta: 22.6m
step 01823/02520 (72.34%) | loss: 2.985359 | lrm: 0.45 | dt: 1941.32ms | tok/sec: 270,067 | bf16_mfu: 0.00 | epoch: 1 pq: 21 rg: 33 | total time: 58.75m | eta: 22.6m
step 01824/02520 (72.38%) | loss: 2.988636 | lrm: 0.45 | dt: 1942.46ms | tok/sec: 269,909 | bf16_mfu: 0.00 | epoch: 1 pq: 21 rg: 34 | total time: 58.78m | eta: 22.6m
step 01825/02520 (72.42%) | loss: 2.983692 | lrm: 0.45 | dt: 1942.52ms | tok/sec: 269,900 | bf16_mfu: 0.00 | epoch: 1 pq: 21 rg: 35 | total time: 58.81m | eta: 22.5m
step 01826/02520 (72.46%) | loss: 2.984772 | lrm: 0.45 | dt: 1943.41ms | tok/sec: 269,777 | bf16_mfu: 0.00 | epoch: 1 pq: 21 rg: 36 | total time: 58.84m | eta: 22.5m
step 01827/02520 (72.50%) | loss: 2.989738 | lrm: 0.45 | dt: 1944.18ms | tok/sec: 269,671 | bf16_mfu: 0.00 | epoch: 1 pq: 21 rg: 37 | total time: 58.88m | eta: 22.5m
step 01828/02520 (72.54%) | loss: 2.984988 | lrm: 0.45 | dt: 1943.56ms | tok/sec: 269,756 | bf16_mfu: 0.00 | epoch: 1 pq: 21 rg: 38 | total time: 58.91m | eta: 22.4m
step 01829/02520 (72.58%) | loss: 2.988412 | lrm: 0.45 | dt: 1943.37ms | tok/sec: 269,783 | bf16_mfu: 0.00 | epoch: 1 pq: 21 rg: 39 | total time: 58.94m | eta: 22.4m
step 01830/02520 (72.62%) | loss: 2.987335 | lrm: 0.45 | dt: 1945.37ms | tok/sec: 269,504 | bf16_mfu: 0.00 | epoch: 1 pq: 21 rg: 40 | total time: 58.97m | eta: 22.4m
step 01831/02520 (72.66%) | loss: 2.992530 | lrm: 0.45 | dt: 1943.69ms | tok/sec: 269,738 | bf16_mfu: 0.00 | epoch: 1 pq: 21 rg: 41 | total time: 59.01m | eta: 22.3m
step 01832/02520 (72.70%) | loss: 2.997744 | lrm: 0.45 | dt: 1943.98ms | tok/sec: 269,697 | bf16_mfu: 0.00 | epoch: 1 pq: 21 rg: 42 | total time: 59.04m | eta: 22.3m
step 01833/02520 (72.74%) | loss: 3.002553 | lrm: 0.45 | dt: 1943.81ms | tok/sec: 269,722 | bf16_mfu: 0.00 | epoch: 1 pq: 21 rg: 43 | total time: 59.07m | eta: 22.3m
step 01834/02520 (72.78%) | loss: 2.997478 | lrm: 0.45 | dt: 1942.32ms | tok/sec: 269,928 | bf16_mfu: 0.00 | epoch: 1 pq: 21 rg: 44 | total time: 59.10m | eta: 22.2m
step 01835/02520 (72.82%) | loss: 2.993019 | lrm: 0.45 | dt: 1942.97ms | tok/sec: 269,839 | bf16_mfu: 0.00 | epoch: 1 pq: 21 rg: 45 | total time: 59.14m | eta: 22.2m
step 01836/02520 (72.86%) | loss: 2.988200 | lrm: 0.45 | dt: 1943.26ms | tok/sec: 269,798 | bf16_mfu: 0.00 | epoch: 1 pq: 21 rg: 46 | total time: 59.17m | eta: 22.2m
step 01837/02520 (72.90%) | loss: 2.979145 | lrm: 0.45 | dt: 1943.56ms | tok/sec: 269,756 | bf16_mfu: 0.00 | epoch: 1 pq: 21 rg: 47 | total time: 59.20m | eta: 22.1m
step 01838/02520 (72.94%) | loss: 2.980439 | lrm: 0.45 | dt: 1943.88ms | tok/sec: 269,711 | bf16_mfu: 0.00 | epoch: 1 pq: 21 rg: 48 | total time: 59.23m | eta: 22.1m
step 01839/02520 (72.98%) | loss: 2.983482 | lrm: 0.44 | dt: 1943.50ms | tok/sec: 269,765 | bf16_mfu: 0.00 | epoch: 1 pq: 21 rg: 49 | total time: 59.27m | eta: 22.1m
step 01840/02520 (73.02%) | loss: 2.982764 | lrm: 0.44 | dt: 1939.59ms | tok/sec: 270,308 | bf16_mfu: 0.00 | epoch: 1 pq: 21 rg: 50 | total time: 59.30m | eta: 22.0m
step 01841/02520 (73.06%) | loss: 2.985711 | lrm: 0.44 | dt: 1941.27ms | tok/sec: 270,074 | bf16_mfu: 0.00 | epoch: 1 pq: 21 rg: 51 | total time: 59.33m | eta: 22.0m
step 01842/02520 (73.10%) | loss: 2.984073 | lrm: 0.44 | dt: 1941.83ms | tok/sec: 269,997 | bf16_mfu: 0.00 | epoch: 1 pq: 21 rg: 52 | total time: 59.36m | eta: 22.0m
step 01843/02520 (73.13%) | loss: 2.987872 | lrm: 0.44 | dt: 1942.30ms | tok/sec: 269,931 | bf16_mfu: 0.00 | epoch: 1 pq: 21 rg: 52 | total time: 59.40m | eta: 21.9m
step 01844/02520 (73.17%) | loss: 2.993644 | lrm: 0.44 | dt: 1942.08ms | tok/sec: 269,962 | bf16_mfu: 0.00 | epoch: 1 pq: 21 rg: 53 | total time: 59.43m | eta: 21.9m
step 01845/02520 (73.21%) | loss: 2.982095 | lrm: 0.44 | dt: 1943.40ms | tok/sec: 269,778 | bf16_mfu: 0.00 | epoch: 1 pq: 21 rg: 54 | total time: 59.46m | eta: 21.9m
step 01846/02520 (73.25%) | loss: 2.985909 | lrm: 0.44 | dt: 1943.03ms | tok/sec: 269,829 | bf16_mfu: 0.00 | epoch: 1 pq: 21 rg: 55 | total time: 59.49m | eta: 21.8m
step 01847/02520 (73.29%) | loss: 2.979102 | lrm: 0.44 | dt: 1942.38ms | tok/sec: 269,920 | bf16_mfu: 0.00 | epoch: 1 pq: 21 rg: 56 | total time: 59.52m | eta: 21.8m
step 01848/02520 (73.33%) | loss: 2.983755 | lrm: 0.44 | dt: 1942.49ms | tok/sec: 269,905 | bf16_mfu: 0.00 | epoch: 1 pq: 21 rg: 57 | total time: 59.56m | eta: 21.8m
step 01849/02520 (73.37%) | loss: 2.976032 | lrm: 0.44 | dt: 1941.40ms | tok/sec: 270,056 | bf16_mfu: 0.00 | epoch: 1 pq: 21 rg: 58 | total time: 59.59m | eta: 21.7m
step 01850/02520 (73.41%) | loss: 2.975533 | lrm: 0.44 | dt: 1941.55ms | tok/sec: 270,035 | bf16_mfu: 0.00 | epoch: 1 pq: 21 rg: 59 | total time: 59.62m | eta: 21.7m
step 01851/02520 (73.45%) | loss: 2.984905 | lrm: 0.44 | dt: 1943.21ms | tok/sec: 269,805 | bf16_mfu: 0.00 | epoch: 1 pq: 21 rg: 60 | total time: 59.65m | eta: 21.7m
step 01852/02520 (73.49%) | loss: 2.984669 | lrm: 0.44 | dt: 1944.17ms | tok/sec: 269,671 | bf16_mfu: 0.00 | epoch: 1 pq: 21 rg: 61 | total time: 59.69m | eta: 21.6m
step 01853/02520 (73.53%) | loss: 2.982992 | lrm: 0.44 | dt: 1944.06ms | tok/sec: 269,686 | bf16_mfu: 0.00 | epoch: 1 pq: 21 rg: 62 | total time: 59.72m | eta: 21.6m
step 01854/02520 (73.57%) | loss: 2.978506 | lrm: 0.44 | dt: 1943.46ms | tok/sec: 269,770 | bf16_mfu: 0.00 | epoch: 1 pq: 21 rg: 63 | total time: 59.75m | eta: 21.6m
step 01855/02520 (73.61%) | loss: 2.987127 | lrm: 0.44 | dt: 1943.31ms | tok/sec: 269,791 | bf16_mfu: 0.00 | epoch: 1 pq: 21 rg: 64 | total time: 59.78m | eta: 21.5m
step 01856/02520 (73.65%) | loss: 2.983307 | lrm: 0.44 | dt: 1942.51ms | tok/sec: 269,902 | bf16_mfu: 0.00 | epoch: 1 pq: 21 rg: 65 | total time: 59.82m | eta: 21.5m
step 01857/02520 (73.69%) | loss: 2.969261 | lrm: 0.43 | dt: 1941.67ms | tok/sec: 270,019 | bf16_mfu: 0.00 | epoch: 1 pq: 21 rg: 66 | total time: 59.85m | eta: 21.5m
step 01858/02520 (73.73%) | loss: 2.974256 | lrm: 0.43 | dt: 1941.16ms | tok/sec: 270,089 | bf16_mfu: 0.00 | epoch: 1 pq: 21 rg: 67 | total time: 59.88m | eta: 21.5m
step 01859/02520 (73.77%) | loss: 2.971844 | lrm: 0.43 | dt: 1942.22ms | tok/sec: 269,942 | bf16_mfu: 0.00 | epoch: 1 pq: 21 rg: 68 | total time: 59.91m | eta: 21.4m
step 01860/02520 (73.81%) | loss: 2.962380 | lrm: 0.43 | dt: 1943.13ms | tok/sec: 269,816 | bf16_mfu: 0.00 | epoch: 1 pq: 21 rg: 69 | total time: 59.95m | eta: 21.4m
step 01861/02520 (73.85%) | loss: 2.960606 | lrm: 0.43 | dt: 1942.17ms | tok/sec: 269,949 | bf16_mfu: 0.00 | epoch: 1 pq: 21 rg: 70 | total time: 59.98m | eta: 21.4m
step 01862/02520 (73.89%) | loss: 2.969228 | lrm: 0.43 | dt: 1943.23ms | tok/sec: 269,802 | bf16_mfu: 0.00 | epoch: 1 pq: 21 rg: 71 | total time: 60.01m | eta: 21.3m
step 01863/02520 (73.93%) | loss: 2.969367 | lrm: 0.43 | dt: 1942.58ms | tok/sec: 269,891 | bf16_mfu: 0.00 | epoch: 1 pq: 21 rg: 72 | total time: 60.04m | eta: 21.3m
step 01864/02520 (73.97%) | loss: 2.966401 | lrm: 0.43 | dt: 1942.59ms | tok/sec: 269,891 | bf16_mfu: 0.00 | epoch: 1 pq: 21 rg: 73 | total time: 60.07m | eta: 21.3m
step 01865/02520 (74.01%) | loss: 2.974515 | lrm: 0.43 | dt: 1942.99ms | tok/sec: 269,835 | bf16_mfu: 0.00 | epoch: 1 pq: 21 rg: 74 | total time: 60.11m | eta: 21.2m
step 01866/02520 (74.05%) | loss: 2.973326 | lrm: 0.43 | dt: 1942.87ms | tok/sec: 269,852 | bf16_mfu: 0.00 | epoch: 1 pq: 21 rg: 75 | total time: 60.14m | eta: 21.2m
step 01867/02520 (74.09%) | loss: 2.965804 | lrm: 0.43 | dt: 1943.12ms | tok/sec: 269,817 | bf16_mfu: 0.00 | epoch: 1 pq: 21 rg: 76 | total time: 60.17m | eta: 21.2m
step 01868/02520 (74.13%) | loss: 2.968360 | lrm: 0.43 | dt: 1943.79ms | tok/sec: 269,724 | bf16_mfu: 0.00 | epoch: 1 pq: 21 rg: 77 | total time: 60.20m | eta: 21.1m
step 01869/02520 (74.17%) | loss: 2.963030 | lrm: 0.43 | dt: 1942.67ms | tok/sec: 269,880 | bf16_mfu: 0.00 | epoch: 1 pq: 21 rg: 78 | total time: 60.24m | eta: 21.1m
step 01870/02520 (74.21%) | loss: 2.969049 | lrm: 0.43 | dt: 1942.78ms | tok/sec: 269,864 | bf16_mfu: 0.00 | epoch: 1 pq: 21 rg: 79 | total time: 60.27m | eta: 21.1m
step 01871/02520 (74.25%) | loss: 2.966805 | lrm: 0.43 | dt: 1942.07ms | tok/sec: 269,963 | bf16_mfu: 0.00 | epoch: 1 pq: 21 rg: 80 | total time: 60.30m | eta: 21.0m
step 01872/02520 (74.29%) | loss: 2.949027 | lrm: 0.43 | dt: 1942.39ms | tok/sec: 269,918 | bf16_mfu: 0.00 | epoch: 1 pq: 21 rg: 81 | total time: 60.33m | eta: 21.0m
step 01873/02520 (74.33%) | loss: 2.954526 | lrm: 0.43 | dt: 1943.04ms | tok/sec: 269,828 | bf16_mfu: 0.00 | epoch: 1 pq: 21 rg: 81 | total time: 60.37m | eta: 21.0m
step 01874/02520 (74.37%) | loss: 2.954253 | lrm: 0.42 | dt: 1943.49ms | tok/sec: 269,765 | bf16_mfu: 0.00 | epoch: 1 pq: 21 rg: 82 | total time: 60.40m | eta: 20.9m
step 01875/02520 (74.40%) | loss: 2.951328 | lrm: 0.42 | dt: 1941.40ms | tok/sec: 270,056 | bf16_mfu: 0.00 | epoch: 1 pq: 22 rg: 0 | total time: 60.43m | eta: 20.9m
step 01876/02520 (74.44%) | loss: 2.962665 | lrm: 0.42 | dt: 1943.58ms | tok/sec: 269,753 | bf16_mfu: 0.00 | epoch: 1 pq: 22 rg: 1 | total time: 60.46m | eta: 20.9m
step 01877/02520 (74.48%) | loss: 2.969560 | lrm: 0.42 | dt: 1940.76ms | tok/sec: 270,146 | bf16_mfu: 0.00 | epoch: 1 pq: 22 rg: 2 | total time: 60.50m | eta: 20.8m
step 01878/02520 (74.52%) | loss: 2.957504 | lrm: 0.42 | dt: 1941.15ms | tok/sec: 270,090 | bf16_mfu: 0.00 | epoch: 1 pq: 22 rg: 3 | total time: 60.53m | eta: 20.8m
step 01879/02520 (74.56%) | loss: 2.959257 | lrm: 0.42 | dt: 1941.09ms | tok/sec: 270,099 | bf16_mfu: 0.00 | epoch: 1 pq: 22 rg: 4 | total time: 60.56m | eta: 20.8m
step 01880/02520 (74.60%) | loss: 2.959758 | lrm: 0.42 | dt: 1941.88ms | tok/sec: 269,989 | bf16_mfu: 0.00 | epoch: 1 pq: 22 rg: 5 | total time: 60.59m | eta: 20.7m
step 01881/02520 (74.64%) | loss: 2.957275 | lrm: 0.42 | dt: 1941.27ms | tok/sec: 270,075 | bf16_mfu: 0.00 | epoch: 1 pq: 22 rg: 6 | total time: 60.63m | eta: 20.7m
step 01882/02520 (74.68%) | loss: 2.948537 | lrm: 0.42 | dt: 1943.11ms | tok/sec: 269,818 | bf16_mfu: 0.00 | epoch: 1 pq: 22 rg: 7 | total time: 60.66m | eta: 20.7m
step 01883/02520 (74.72%) | loss: 2.948482 | lrm: 0.42 | dt: 1943.35ms | tok/sec: 269,785 | bf16_mfu: 0.00 | epoch: 1 pq: 22 rg: 8 | total time: 60.69m | eta: 20.6m
step 01884/02520 (74.76%) | loss: 2.938698 | lrm: 0.42 | dt: 1943.83ms | tok/sec: 269,719 | bf16_mfu: 0.00 | epoch: 1 pq: 22 rg: 9 | total time: 60.72m | eta: 20.6m
step 01885/02520 (74.80%) | loss: 2.932607 | lrm: 0.42 | dt: 1943.07ms | tok/sec: 269,824 | bf16_mfu: 0.00 | epoch: 1 pq: 22 rg: 10 | total time: 60.75m | eta: 20.6m
step 01886/02520 (74.84%) | loss: 2.941143 | lrm: 0.42 | dt: 1942.74ms | tok/sec: 269,870 | bf16_mfu: 0.00 | epoch: 1 pq: 22 rg: 11 | total time: 60.79m | eta: 20.5m
step 01887/02520 (74.88%) | loss: 2.935350 | lrm: 0.42 | dt: 1943.58ms | tok/sec: 269,753 | bf16_mfu: 0.00 | epoch: 1 pq: 22 rg: 12 | total time: 60.82m | eta: 20.5m
step 01888/02520 (74.92%) | loss: 2.942096 | lrm: 0.42 | dt: 1942.37ms | tok/sec: 269,921 | bf16_mfu: 0.00 | epoch: 1 pq: 22 rg: 13 | total time: 60.85m | eta: 20.5m
step 01889/02520 (74.96%) | loss: 2.946733 | lrm: 0.42 | dt: 1943.83ms | tok/sec: 269,718 | bf16_mfu: 0.00 | epoch: 1 pq: 22 rg: 14 | total time: 60.88m | eta: 20.4m
step 01890/02520 (75.00%) | loss: 2.948106 | lrm: 0.42 | dt: 1943.68ms | tok/sec: 269,739 | bf16_mfu: 0.00 | epoch: 1 pq: 22 rg: 15 | total time: 60.92m | eta: 20.4m
step 01891/02520 (75.04%) | loss: 2.960467 | lrm: 0.41 | dt: 1942.17ms | tok/sec: 269,949 | bf16_mfu: 0.00 | epoch: 1 pq: 22 rg: 16 | total time: 60.95m | eta: 20.4m
step 01892/02520 (75.08%) | loss: 2.965010 | lrm: 0.41 | dt: 1941.36ms | tok/sec: 270,061 | bf16_mfu: 0.00 | epoch: 1 pq: 22 rg: 17 | total time: 60.98m | eta: 20.3m
step 01893/02520 (75.12%) | loss: 2.970795 | lrm: 0.41 | dt: 1942.19ms | tok/sec: 269,946 | bf16_mfu: 0.00 | epoch: 1 pq: 22 rg: 18 | total time: 61.01m | eta: 20.3m
step 01894/02520 (75.16%) | loss: 2.965933 | lrm: 0.41 | dt: 1943.46ms | tok/sec: 269,771 | bf16_mfu: 0.00 | epoch: 1 pq: 22 rg: 19 | total time: 61.05m | eta: 20.3m
step 01895/02520 (75.20%) | loss: 2.971264 | lrm: 0.41 | dt: 1942.60ms | tok/sec: 269,890 | bf16_mfu: 0.00 | epoch: 1 pq: 22 rg: 20 | total time: 61.08m | eta: 20.3m
step 01896/02520 (75.24%) | loss: 2.964432 | lrm: 0.41 | dt: 1943.38ms | tok/sec: 269,781 | bf16_mfu: 0.00 | epoch: 1 pq: 22 rg: 21 | total time: 61.11m | eta: 20.2m
step 01897/02520 (75.28%) | loss: 2.956769 | lrm: 0.41 | dt: 1943.65ms | tok/sec: 269,744 | bf16_mfu: 0.00 | epoch: 1 pq: 22 rg: 22 | total time: 61.14m | eta: 20.2m
step 01898/02520 (75.32%) | loss: 2.961954 | lrm: 0.41 | dt: 1942.72ms | tok/sec: 269,873 | bf16_mfu: 0.00 | epoch: 1 pq: 22 rg: 23 | total time: 61.18m | eta: 20.2m
step 01899/02520 (75.36%) | loss: 2.958237 | lrm: 0.41 | dt: 1943.42ms | tok/sec: 269,776 | bf16_mfu: 0.00 | epoch: 1 pq: 22 rg: 24 | total time: 61.21m | eta: 20.1m
step 01900/02520 (75.40%) | loss: 2.951911 | lrm: 0.41 | dt: 1942.64ms | tok/sec: 269,884 | bf16_mfu: 0.00 | epoch: 1 pq: 22 rg: 25 | total time: 61.24m | eta: 20.1m
step 01901/02520 (75.44%) | loss: 2.963647 | lrm: 0.41 | dt: 1942.04ms | tok/sec: 269,967 | bf16_mfu: 0.00 | epoch: 1 pq: 22 rg: 26 | total time: 61.27m | eta: 20.1m
step 01902/02520 (75.48%) | loss: 2.965980 | lrm: 0.41 | dt: 1941.99ms | tok/sec: 269,974 | bf16_mfu: 0.00 | epoch: 1 pq: 22 rg: 27 | total time: 61.31m | eta: 20.0m
step 01903/02520 (75.52%) | loss: 2.972158 | lrm: 0.41 | dt: 1942.09ms | tok/sec: 269,960 | bf16_mfu: 0.00 | epoch: 1 pq: 22 rg: 28 | total time: 61.34m | eta: 20.0m
step 01904/02520 (75.56%) | loss: 2.968095 | lrm: 0.41 | dt: 1942.53ms | tok/sec: 269,898 | bf16_mfu: 0.00 | epoch: 1 pq: 22 rg: 29 | total time: 61.37m | eta: 20.0m
step 01905/02520 (75.60%) | loss: 2.975767 | lrm: 0.41 | dt: 1942.43ms | tok/sec: 269,913 | bf16_mfu: 0.00 | epoch: 1 pq: 22 rg: 30 | total time: 61.40m | eta: 19.9m
step 01906/02520 (75.63%) | loss: 2.978928 | lrm: 0.41 | dt: 1941.35ms | tok/sec: 270,063 | bf16_mfu: 0.00 | epoch: 1 pq: 22 rg: 31 | total time: 61.43m | eta: 19.9m
step 01907/02520 (75.67%) | loss: 2.976530 | lrm: 0.41 | dt: 1941.72ms | tok/sec: 270,011 | bf16_mfu: 0.00 | epoch: 1 pq: 22 rg: 32 | total time: 61.47m | eta: 19.9m
step 01908/02520 (75.71%) | loss: 2.978234 | lrm: 0.40 | dt: 1942.96ms | tok/sec: 269,839 | bf16_mfu: 0.00 | epoch: 1 pq: 22 rg: 33 | total time: 61.50m | eta: 19.8m
step 01909/02520 (75.75%) | loss: 2.975257 | lrm: 0.40 | dt: 1943.28ms | tok/sec: 269,795 | bf16_mfu: 0.00 | epoch: 1 pq: 22 rg: 34 | total time: 61.53m | eta: 19.8m
step 01910/02520 (75.79%) | loss: 2.968339 | lrm: 0.40 | dt: 1941.88ms | tok/sec: 269,989 | bf16_mfu: 0.00 | epoch: 1 pq: 22 rg: 35 | total time: 61.56m | eta: 19.8m
step 01911/02520 (75.83%) | loss: 2.964948 | lrm: 0.40 | dt: 1942.61ms | tok/sec: 269,887 | bf16_mfu: 0.00 | epoch: 1 pq: 22 rg: 36 | total time: 61.60m | eta: 19.7m
step 01912/02520 (75.87%) | loss: 2.971239 | lrm: 0.40 | dt: 1942.79ms | tok/sec: 269,863 | bf16_mfu: 0.00 | epoch: 1 pq: 22 rg: 37 | total time: 61.63m | eta: 19.7m
step 01913/02520 (75.91%) | loss: 2.961328 | lrm: 0.40 | dt: 1943.32ms | tok/sec: 269,789 | bf16_mfu: 0.00 | epoch: 1 pq: 22 rg: 38 | total time: 61.66m | eta: 19.7m
step 01914/02520 (75.95%) | loss: 2.970384 | lrm: 0.40 | dt: 1941.25ms | tok/sec: 270,078 | bf16_mfu: 0.00 | epoch: 1 pq: 22 rg: 39 | total time: 61.69m | eta: 19.6m
step 01915/02520 (75.99%) | loss: 2.971104 | lrm: 0.40 | dt: 1942.31ms | tok/sec: 269,929 | bf16_mfu: 0.00 | epoch: 1 pq: 22 rg: 40 | total time: 61.73m | eta: 19.6m
step 01916/02520 (76.03%) | loss: 2.968609 | lrm: 0.40 | dt: 1942.31ms | tok/sec: 269,929 | bf16_mfu: 0.00 | epoch: 1 pq: 22 rg: 41 | total time: 61.76m | eta: 19.6m
step 01917/02520 (76.07%) | loss: 2.970789 | lrm: 0.40 | dt: 1942.61ms | tok/sec: 269,888 | bf16_mfu: 0.00 | epoch: 1 pq: 22 rg: 42 | total time: 61.79m | eta: 19.5m
step 01918/02520 (76.11%) | loss: 2.962176 | lrm: 0.40 | dt: 1942.81ms | tok/sec: 269,860 | bf16_mfu: 0.00 | epoch: 1 pq: 22 rg: 42 | total time: 61.82m | eta: 19.5m
step 01919/02520 (76.15%) | loss: 2.956066 | lrm: 0.40 | dt: 1944.05ms | tok/sec: 269,687 | bf16_mfu: 0.00 | epoch: 1 pq: 22 rg: 43 | total time: 61.86m | eta: 19.5m
step 01920/02520 (76.19%) | loss: 2.959630 | lrm: 0.40 | dt: 1944.13ms | tok/sec: 269,677 | bf16_mfu: 0.00 | epoch: 1 pq: 22 rg: 44 | total time: 61.89m | eta: 19.4m
step 01921/02520 (76.23%) | loss: 2.968236 | lrm: 0.40 | dt: 1942.93ms | tok/sec: 269,843 | bf16_mfu: 0.00 | epoch: 1 pq: 22 rg: 45 | total time: 61.92m | eta: 19.4m
step 01922/02520 (76.27%) | loss: 2.963919 | lrm: 0.40 | dt: 1943.39ms | tok/sec: 269,779 | bf16_mfu: 0.00 | epoch: 1 pq: 22 rg: 46 | total time: 61.95m | eta: 19.4m
step 01923/02520 (76.31%) | loss: 2.961407 | lrm: 0.40 | dt: 1942.05ms | tok/sec: 269,965 | bf16_mfu: 0.00 | epoch: 1 pq: 22 rg: 47 | total time: 61.99m | eta: 19.3m
step 01924/02520 (76.35%) | loss: 2.957987 | lrm: 0.40 | dt: 1942.74ms | tok/sec: 269,870 | bf16_mfu: 0.00 | epoch: 1 pq: 22 rg: 48 | total time: 62.02m | eta: 19.3m
step 01925/02520 (76.39%) | loss: 2.945344 | lrm: 0.40 | dt: 1943.04ms | tok/sec: 269,828 | bf16_mfu: 0.00 | epoch: 1 pq: 22 rg: 49 | total time: 62.05m | eta: 19.3m
step 01926/02520 (76.43%) | loss: 2.938140 | lrm: 0.39 | dt: 1943.55ms | tok/sec: 269,757 | bf16_mfu: 0.00 | epoch: 1 pq: 22 rg: 50 | total time: 62.08m | eta: 19.2m
step 01927/02520 (76.47%) | loss: 2.927468 | lrm: 0.39 | dt: 1943.00ms | tok/sec: 269,833 | bf16_mfu: 0.00 | epoch: 1 pq: 22 rg: 51 | total time: 62.11m | eta: 19.2m
step 01928/02520 (76.51%) | loss: 2.935936 | lrm: 0.39 | dt: 1943.56ms | tok/sec: 269,756 | bf16_mfu: 0.00 | epoch: 1 pq: 22 rg: 52 | total time: 62.15m | eta: 19.2m
step 01929/02520 (76.55%) | loss: 2.938796 | lrm: 0.39 | dt: 1942.66ms | tok/sec: 269,881 | bf16_mfu: 0.00 | epoch: 1 pq: 22 rg: 53 | total time: 62.18m | eta: 19.1m
step 01930/02520 (76.59%) | loss: 2.951751 | lrm: 0.39 | dt: 1943.41ms | tok/sec: 269,776 | bf16_mfu: 0.00 | epoch: 1 pq: 22 rg: 54 | total time: 62.21m | eta: 19.1m
step 01931/02520 (76.63%) | loss: 2.948525 | lrm: 0.39 | dt: 1943.71ms | tok/sec: 269,736 | bf16_mfu: 0.00 | epoch: 1 pq: 22 rg: 55 | total time: 62.24m | eta: 19.1m
step 01932/02520 (76.67%) | loss: 2.954497 | lrm: 0.39 | dt: 1943.57ms | tok/sec: 269,754 | bf16_mfu: 0.00 | epoch: 1 pq: 22 rg: 56 | total time: 62.28m | eta: 19.1m
step 01933/02520 (76.71%) | loss: 2.949275 | lrm: 0.39 | dt: 1943.39ms | tok/sec: 269,780 | bf16_mfu: 0.00 | epoch: 1 pq: 22 rg: 57 | total time: 62.31m | eta: 19.0m
step 01934/02520 (76.75%) | loss: 2.962912 | lrm: 0.39 | dt: 1941.93ms | tok/sec: 269,983 | bf16_mfu: 0.00 | epoch: 1 pq: 22 rg: 58 | total time: 62.34m | eta: 19.0m
step 01935/02520 (76.79%) | loss: 2.952637 | lrm: 0.39 | dt: 1942.14ms | tok/sec: 269,953 | bf16_mfu: 0.00 | epoch: 1 pq: 22 rg: 59 | total time: 62.37m | eta: 19.0m
step 01936/02520 (76.83%) | loss: 2.965263 | lrm: 0.39 | dt: 1943.56ms | tok/sec: 269,756 | bf16_mfu: 0.00 | epoch: 1 pq: 22 rg: 60 | total time: 62.41m | eta: 18.9m
step 01937/02520 (76.87%) | loss: 2.965741 | lrm: 0.39 | dt: 1942.98ms | tok/sec: 269,837 | bf16_mfu: 0.00 | epoch: 1 pq: 22 rg: 61 | total time: 62.44m | eta: 18.9m
step 01938/02520 (76.90%) | loss: 2.975686 | lrm: 0.39 | dt: 1942.26ms | tok/sec: 269,936 | bf16_mfu: 0.00 | epoch: 1 pq: 22 rg: 62 | total time: 62.47m | eta: 18.9m
step 01939/02520 (76.94%) | loss: 2.982685 | lrm: 0.39 | dt: 1941.82ms | tok/sec: 269,998 | bf16_mfu: 0.00 | epoch: 1 pq: 22 rg: 63 | total time: 62.50m | eta: 18.8m
step 01940/02520 (76.98%) | loss: 2.976132 | lrm: 0.39 | dt: 1941.61ms | tok/sec: 270,027 | bf16_mfu: 0.00 | epoch: 1 pq: 22 rg: 64 | total time: 62.54m | eta: 18.8m
step 01941/02520 (77.02%) | loss: 2.980063 | lrm: 0.39 | dt: 1941.37ms | tok/sec: 270,060 | bf16_mfu: 0.00 | epoch: 1 pq: 22 rg: 65 | total time: 62.57m | eta: 18.8m
step 01942/02520 (77.06%) | loss: 2.981629 | lrm: 0.39 | dt: 1941.83ms | tok/sec: 269,996 | bf16_mfu: 0.00 | epoch: 1 pq: 22 rg: 66 | total time: 62.60m | eta: 18.7m
step 01943/02520 (77.10%) | loss: 2.981534 | lrm: 0.38 | dt: 1942.50ms | tok/sec: 269,903 | bf16_mfu: 0.00 | epoch: 1 pq: 22 rg: 67 | total time: 62.63m | eta: 18.7m
step 01944/02520 (77.14%) | loss: 2.973770 | lrm: 0.38 | dt: 1941.95ms | tok/sec: 269,979 | bf16_mfu: 0.00 | epoch: 1 pq: 22 rg: 68 | total time: 62.67m | eta: 18.7m
step 01945/02520 (77.18%) | loss: 2.971494 | lrm: 0.38 | dt: 1941.25ms | tok/sec: 270,077 | bf16_mfu: 0.00 | epoch: 1 pq: 22 rg: 69 | total time: 62.70m | eta: 18.6m
step 01946/02520 (77.22%) | loss: 2.973239 | lrm: 0.38 | dt: 1942.12ms | tok/sec: 269,956 | bf16_mfu: 0.00 | epoch: 1 pq: 22 rg: 70 | total time: 62.73m | eta: 18.6m
step 01947/02520 (77.26%) | loss: 2.968823 | lrm: 0.38 | dt: 1942.40ms | tok/sec: 269,918 | bf16_mfu: 0.00 | epoch: 1 pq: 22 rg: 71 | total time: 62.76m | eta: 18.6m
step 01948/02520 (77.30%) | loss: 2.966165 | lrm: 0.38 | dt: 1941.55ms | tok/sec: 270,035 | bf16_mfu: 0.00 | epoch: 1 pq: 22 rg: 72 | total time: 62.79m | eta: 18.5m
step 01949/02520 (77.34%) | loss: 2.975594 | lrm: 0.38 | dt: 1941.66ms | tok/sec: 270,020 | bf16_mfu: 0.00 | epoch: 1 pq: 22 rg: 73 | total time: 62.83m | eta: 18.5m
step 01950/02520 (77.38%) | loss: 2.972498 | lrm: 0.38 | dt: 1942.90ms | tok/sec: 269,848 | bf16_mfu: 0.00 | epoch: 1 pq: 22 rg: 74 | total time: 62.86m | eta: 18.5m
step 01951/02520 (77.42%) | loss: 2.979777 | lrm: 0.38 | dt: 1941.27ms | tok/sec: 270,075 | bf16_mfu: 0.00 | epoch: 1 pq: 22 rg: 75 | total time: 62.89m | eta: 18.4m
step 01952/02520 (77.46%) | loss: 2.985936 | lrm: 0.38 | dt: 1940.78ms | tok/sec: 270,143 | bf16_mfu: 0.00 | epoch: 1 pq: 22 rg: 76 | total time: 62.92m | eta: 18.4m
step 01953/02520 (77.50%) | loss: 2.975688 | lrm: 0.38 | dt: 1940.40ms | tok/sec: 270,195 | bf16_mfu: 0.00 | epoch: 1 pq: 22 rg: 77 | total time: 62.96m | eta: 18.4m
step 01954/02520 (77.54%) | loss: 2.979914 | lrm: 0.38 | dt: 1941.38ms | tok/sec: 270,059 | bf16_mfu: 0.00 | epoch: 1 pq: 22 rg: 78 | total time: 62.99m | eta: 18.3m
step 01955/02520 (77.58%) | loss: 2.968952 | lrm: 0.38 | dt: 1941.44ms | tok/sec: 270,050 | bf16_mfu: 0.00 | epoch: 1 pq: 22 rg: 79 | total time: 63.02m | eta: 18.3m
step 01956/02520 (77.62%) | loss: 2.973341 | lrm: 0.38 | dt: 1941.28ms | tok/sec: 270,072 | bf16_mfu: 0.00 | epoch: 1 pq: 22 rg: 79 | total time: 63.05m | eta: 18.3m
step 01957/02520 (77.66%) | loss: 2.967271 | lrm: 0.38 | dt: 1941.64ms | tok/sec: 270,023 | bf16_mfu: 0.00 | epoch: 1 pq: 22 rg: 80 | total time: 63.09m | eta: 18.2m
step 01958/02520 (77.70%) | loss: 2.965273 | lrm: 0.38 | dt: 1941.67ms | tok/sec: 270,019 | bf16_mfu: 0.00 | epoch: 1 pq: 22 rg: 81 | total time: 63.12m | eta: 18.2m
step 01959/02520 (77.74%) | loss: 2.962271 | lrm: 0.38 | dt: 1940.92ms | tok/sec: 270,123 | bf16_mfu: 0.00 | epoch: 1 pq: 22 rg: 82 | total time: 63.15m | eta: 18.2m
step 01960/02520 (77.78%) | loss: 2.956240 | lrm: 0.37 | dt: 1942.06ms | tok/sec: 269,964 | bf16_mfu: 0.00 | epoch: 1 pq: 22 rg: 83 | total time: 63.18m | eta: 18.1m
step 01961/02520 (77.82%) | loss: 2.952392 | lrm: 0.37 | dt: 1942.69ms | tok/sec: 269,876 | bf16_mfu: 0.00 | epoch: 1 pq: 23 rg: 0 | total time: 63.22m | eta: 18.1m
step 01962/02520 (77.86%) | loss: 2.949051 | lrm: 0.37 | dt: 1941.69ms | tok/sec: 270,015 | bf16_mfu: 0.00 | epoch: 1 pq: 23 rg: 1 | total time: 63.25m | eta: 18.1m
step 01963/02520 (77.90%) | loss: 2.945787 | lrm: 0.37 | dt: 1942.53ms | tok/sec: 269,899 | bf16_mfu: 0.00 | epoch: 1 pq: 23 rg: 2 | total time: 63.28m | eta: 18.0m
step 01964/02520 (77.94%) | loss: 2.939320 | lrm: 0.37 | dt: 1941.25ms | tok/sec: 270,076 | bf16_mfu: 0.00 | epoch: 1 pq: 23 rg: 3 | total time: 63.31m | eta: 18.0m
step 01965/02520 (77.98%) | loss: 2.931076 | lrm: 0.37 | dt: 1940.82ms | tok/sec: 270,137 | bf16_mfu: 0.00 | epoch: 1 pq: 23 rg: 4 | total time: 63.34m | eta: 18.0m
step 01966/02520 (78.02%) | loss: 2.932263 | lrm: 0.37 | dt: 1941.53ms | tok/sec: 270,039 | bf16_mfu: 0.00 | epoch: 1 pq: 23 rg: 5 | total time: 63.38m | eta: 18.0m
step 01967/02520 (78.06%) | loss: 2.933970 | lrm: 0.37 | dt: 1940.66ms | tok/sec: 270,159 | bf16_mfu: 0.00 | epoch: 1 pq: 23 rg: 6 | total time: 63.41m | eta: 17.9m
step 01968/02520 (78.10%) | loss: 2.932976 | lrm: 0.37 | dt: 1940.89ms | tok/sec: 270,127 | bf16_mfu: 0.00 | epoch: 1 pq: 23 rg: 7 | total time: 63.44m | eta: 17.9m
step 01969/02520 (78.13%) | loss: 2.936042 | lrm: 0.37 | dt: 1940.80ms | tok/sec: 270,140 | bf16_mfu: 0.00 | epoch: 1 pq: 23 rg: 8 | total time: 63.47m | eta: 17.9m
step 01970/02520 (78.17%) | loss: 2.938419 | lrm: 0.37 | dt: 1941.50ms | tok/sec: 270,042 | bf16_mfu: 0.00 | epoch: 1 pq: 23 rg: 9 | total time: 63.51m | eta: 17.8m
step 01971/02520 (78.21%) | loss: 2.947022 | lrm: 0.37 | dt: 1943.37ms | tok/sec: 269,782 | bf16_mfu: 0.00 | epoch: 1 pq: 23 rg: 10 | total time: 63.54m | eta: 17.8m
step 01972/02520 (78.25%) | loss: 2.940003 | lrm: 0.37 | dt: 1941.61ms | tok/sec: 270,027 | bf16_mfu: 0.00 | epoch: 1 pq: 23 rg: 11 | total time: 63.57m | eta: 17.8m
step 01973/02520 (78.29%) | loss: 2.932889 | lrm: 0.37 | dt: 1941.32ms | tok/sec: 270,068 | bf16_mfu: 0.00 | epoch: 1 pq: 23 rg: 12 | total time: 63.60m | eta: 17.7m
step 01974/02520 (78.33%) | loss: 2.943146 | lrm: 0.37 | dt: 1941.93ms | tok/sec: 269,982 | bf16_mfu: 0.00 | epoch: 1 pq: 23 rg: 13 | total time: 63.64m | eta: 17.7m
step 01975/02520 (78.37%) | loss: 2.948891 | lrm: 0.37 | dt: 1942.45ms | tok/sec: 269,911 | bf16_mfu: 0.00 | epoch: 1 pq: 23 rg: 14 | total time: 63.67m | eta: 17.7m
step 01976/02520 (78.41%) | loss: 2.958200 | lrm: 0.37 | dt: 1941.63ms | tok/sec: 270,023 | bf16_mfu: 0.00 | epoch: 1 pq: 23 rg: 15 | total time: 63.70m | eta: 17.6m
step 01977/02520 (78.45%) | loss: 2.959385 | lrm: 0.36 | dt: 1940.38ms | tok/sec: 270,198 | bf16_mfu: 0.00 | epoch: 1 pq: 23 rg: 16 | total time: 63.73m | eta: 17.6m
step 01978/02520 (78.49%) | loss: 2.954645 | lrm: 0.36 | dt: 1940.73ms | tok/sec: 270,150 | bf16_mfu: 0.00 | epoch: 1 pq: 23 rg: 17 | total time: 63.77m | eta: 17.6m
step 01979/02520 (78.53%) | loss: 2.952337 | lrm: 0.36 | dt: 1939.08ms | tok/sec: 270,379 | bf16_mfu: 0.00 | epoch: 1 pq: 23 rg: 18 | total time: 63.80m | eta: 17.5m
step 01980/02520 (78.57%) | loss: 2.942095 | lrm: 0.36 | dt: 1940.28ms | tok/sec: 270,212 | bf16_mfu: 0.00 | epoch: 1 pq: 23 rg: 19 | total time: 63.83m | eta: 17.5m
step 01981/02520 (78.61%) | loss: 2.944235 | lrm: 0.36 | dt: 1940.08ms | tok/sec: 270,240 | bf16_mfu: 0.00 | epoch: 1 pq: 23 rg: 20 | total time: 63.86m | eta: 17.5m
step 01982/02520 (78.65%) | loss: 2.939222 | lrm: 0.36 | dt: 1940.00ms | tok/sec: 270,252 | bf16_mfu: 0.00 | epoch: 1 pq: 23 rg: 21 | total time: 63.89m | eta: 17.4m
step 01983/02520 (78.69%) | loss: 2.939109 | lrm: 0.36 | dt: 1940.55ms | tok/sec: 270,175 | bf16_mfu: 0.00 | epoch: 1 pq: 23 rg: 22 | total time: 63.93m | eta: 17.4m
step 01984/02520 (78.73%) | loss: 2.947466 | lrm: 0.36 | dt: 1940.36ms | tok/sec: 270,200 | bf16_mfu: 0.00 | epoch: 1 pq: 23 rg: 23 | total time: 63.96m | eta: 17.4m
step 01985/02520 (78.77%) | loss: 2.945941 | lrm: 0.36 | dt: 1942.06ms | tok/sec: 269,965 | bf16_mfu: 0.00 | epoch: 1 pq: 23 rg: 24 | total time: 63.99m | eta: 17.3m
step 01986/02520 (78.81%) | loss: 2.944036 | lrm: 0.36 | dt: 1942.36ms | tok/sec: 269,922 | bf16_mfu: 0.00 | epoch: 1 pq: 23 rg: 25 | total time: 64.02m | eta: 17.3m
step 01987/02520 (78.85%) | loss: 2.951633 | lrm: 0.36 | dt: 1941.43ms | tok/sec: 270,052 | bf16_mfu: 0.00 | epoch: 1 pq: 23 rg: 26 | total time: 64.06m | eta: 17.3m
step 01988/02520 (78.89%) | loss: 2.965349 | lrm: 0.36 | dt: 1941.89ms | tok/sec: 269,988 | bf16_mfu: 0.00 | epoch: 1 pq: 23 rg: 26 | total time: 64.09m | eta: 17.2m
step 01989/02520 (78.93%) | loss: 2.959172 | lrm: 0.36 | dt: 1942.91ms | tok/sec: 269,846 | bf16_mfu: 0.00 | epoch: 1 pq: 23 rg: 27 | total time: 64.12m | eta: 17.2m
step 01990/02520 (78.97%) | loss: 2.952260 | lrm: 0.36 | dt: 1944.11ms | tok/sec: 269,679 | bf16_mfu: 0.00 | epoch: 1 pq: 23 rg: 28 | total time: 64.15m | eta: 17.2m
step 01991/02520 (79.01%) | loss: 2.951350 | lrm: 0.36 | dt: 1942.58ms | tok/sec: 269,892 | bf16_mfu: 0.00 | epoch: 1 pq: 23 rg: 29 | total time: 64.19m | eta: 17.1m
step 01992/02520 (79.05%) | loss: 2.963058 | lrm: 0.36 | dt: 1941.99ms | tok/sec: 269,974 | bf16_mfu: 0.00 | epoch: 1 pq: 23 rg: 30 | total time: 64.22m | eta: 17.1m
step 01993/02520 (79.09%) | loss: 2.964575 | lrm: 0.36 | dt: 1941.31ms | tok/sec: 270,069 | bf16_mfu: 0.00 | epoch: 1 pq: 23 rg: 31 | total time: 64.25m | eta: 17.1m
step 01994/02520 (79.13%) | loss: 2.957153 | lrm: 0.36 | dt: 1943.03ms | tok/sec: 269,829 | bf16_mfu: 0.00 | epoch: 1 pq: 23 rg: 32 | total time: 64.28m | eta: 17.0m
step 01995/02520 (79.17%) | loss: 2.967786 | lrm: 0.35 | dt: 1942.94ms | tok/sec: 269,843 | bf16_mfu: 0.00 | epoch: 1 pq: 23 rg: 33 | total time: 64.32m | eta: 17.0m
step 01996/02520 (79.21%) | loss: 2.971790 | lrm: 0.35 | dt: 1942.41ms | tok/sec: 269,916 | bf16_mfu: 0.00 | epoch: 1 pq: 23 rg: 34 | total time: 64.35m | eta: 17.0m
step 01997/02520 (79.25%) | loss: 2.966000 | lrm: 0.35 | dt: 1944.37ms | tok/sec: 269,643 | bf16_mfu: 0.00 | epoch: 1 pq: 23 rg: 35 | total time: 64.38m | eta: 16.9m
step 01998/02520 (79.29%) | loss: 2.942695 | lrm: 0.35 | dt: 1942.07ms | tok/sec: 269,963 | bf16_mfu: 0.00 | epoch: 1 pq: 23 rg: 36 | total time: 64.41m | eta: 16.9m
step 01999/02520 (79.33%) | loss: 2.944802 | lrm: 0.35 | dt: 1941.37ms | tok/sec: 270,060 | bf16_mfu: 0.00 | epoch: 1 pq: 23 rg: 37 | total time: 64.45m | eta: 16.9m
Step 02000 | Validation bpb: 0.898812
step 02000/02520 (79.37%) | loss: 2.939464 | lrm: 0.35 | dt: 1928.74ms | tok/sec: 271,829 | bf16_mfu: 0.00 | epoch: 1 pq: 23 rg: 38 | total time: 64.48m | eta: 16.8m
step 02001/02520 (79.40%) | loss: 2.937373 | lrm: 0.35 | dt: 1931.93ms | tok/sec: 271,379 | bf16_mfu: 0.00 | epoch: 1 pq: 23 rg: 39 | total time: 64.51m | eta: 16.8m
step 02002/02520 (79.44%) | loss: 2.944227 | lrm: 0.35 | dt: 1933.70ms | tok/sec: 271,131 | bf16_mfu: 0.00 | epoch: 1 pq: 23 rg: 40 | total time: 64.54m | eta: 16.8m
step 02003/02520 (79.48%) | loss: 2.957244 | lrm: 0.35 | dt: 1934.92ms | tok/sec: 270,960 | bf16_mfu: 0.00 | epoch: 1 pq: 23 rg: 41 | total time: 64.57m | eta: 16.8m
step 02004/02520 (79.52%) | loss: 2.962406 | lrm: 0.35 | dt: 1935.55ms | tok/sec: 270,872 | bf16_mfu: 0.00 | epoch: 1 pq: 23 rg: 42 | total time: 64.61m | eta: 16.7m
step 02005/02520 (79.56%) | loss: 2.962104 | lrm: 0.35 | dt: 1934.62ms | tok/sec: 271,003 | bf16_mfu: 0.00 | epoch: 1 pq: 23 rg: 43 | total time: 64.64m | eta: 16.7m
step 02006/02520 (79.60%) | loss: 2.956411 | lrm: 0.35 | dt: 1936.73ms | tok/sec: 270,707 | bf16_mfu: 0.00 | epoch: 1 pq: 23 rg: 44 | total time: 64.67m | eta: 16.7m
step 02007/02520 (79.64%) | loss: 2.950906 | lrm: 0.35 | dt: 1937.49ms | tok/sec: 270,601 | bf16_mfu: 0.00 | epoch: 1 pq: 23 rg: 45 | total time: 64.70m | eta: 16.6m
step 02008/02520 (79.68%) | loss: 2.954689 | lrm: 0.35 | dt: 1937.09ms | tok/sec: 270,657 | bf16_mfu: 0.00 | epoch: 1 pq: 23 rg: 46 | total time: 64.74m | eta: 16.6m
step 02009/02520 (79.72%) | loss: 2.946011 | lrm: 0.35 | dt: 1937.41ms | tok/sec: 270,612 | bf16_mfu: 0.00 | epoch: 1 pq: 23 rg: 47 | total time: 64.77m | eta: 16.6m
step 02010/02520 (79.76%) | loss: 2.948950 | lrm: 0.35 | dt: 1935.46ms | tok/sec: 270,885 | bf16_mfu: 0.00 | epoch: 1 pq: 23 rg: 48 | total time: 64.80m | eta: 16.5m
step 02011/02520 (79.80%) | loss: 2.956539 | lrm: 0.35 | dt: 1935.95ms | tok/sec: 270,816 | bf16_mfu: 0.00 | epoch: 1 pq: 23 rg: 49 | total time: 64.83m | eta: 16.5m
step 02012/02520 (79.84%) | loss: 2.955211 | lrm: 0.34 | dt: 1936.18ms | tok/sec: 270,785 | bf16_mfu: 0.00 | epoch: 1 pq: 23 rg: 50 | total time: 64.86m | eta: 16.5m
step 02013/02520 (79.88%) | loss: 2.950870 | lrm: 0.34 | dt: 1937.23ms | tok/sec: 270,637 | bf16_mfu: 0.00 | epoch: 1 pq: 23 rg: 51 | total time: 64.90m | eta: 16.4m
step 02014/02520 (79.92%) | loss: 2.956660 | lrm: 0.34 | dt: 1938.47ms | tok/sec: 270,465 | bf16_mfu: 0.00 | epoch: 1 pq: 23 rg: 52 | total time: 64.93m | eta: 16.4m
step 02015/02520 (79.96%) | loss: 2.956653 | lrm: 0.34 | dt: 1938.98ms | tok/sec: 270,393 | bf16_mfu: 0.00 | epoch: 1 pq: 23 rg: 53 | total time: 64.96m | eta: 16.4m
step 02016/02520 (80.00%) | loss: 2.955997 | lrm: 0.34 | dt: 1939.18ms | tok/sec: 270,365 | bf16_mfu: 0.00 | epoch: 1 pq: 23 rg: 54 | total time: 64.99m | eta: 16.3m
step 02017/02520 (80.04%) | loss: 2.945494 | lrm: 0.34 | dt: 1938.75ms | tok/sec: 270,425 | bf16_mfu: 0.00 | epoch: 1 pq: 23 rg: 55 | total time: 65.03m | eta: 16.3m
step 02018/02520 (80.08%) | loss: 2.941795 | lrm: 0.34 | dt: 1939.66ms | tok/sec: 270,298 | bf16_mfu: 0.00 | epoch: 1 pq: 23 rg: 56 | total time: 65.06m | eta: 16.3m
step 02019/02520 (80.12%) | loss: 2.947400 | lrm: 0.34 | dt: 1938.55ms | tok/sec: 270,453 | bf16_mfu: 0.00 | epoch: 1 pq: 23 rg: 57 | total time: 65.09m | eta: 16.2m
step 02020/02520 (80.16%) | loss: 2.948433 | lrm: 0.34 | dt: 1938.26ms | tok/sec: 270,493 | bf16_mfu: 0.00 | epoch: 1 pq: 23 rg: 58 | total time: 65.12m | eta: 16.2m
step 02021/02520 (80.20%) | loss: 2.935802 | lrm: 0.34 | dt: 1937.16ms | tok/sec: 270,648 | bf16_mfu: 0.00 | epoch: 1 pq: 23 rg: 58 | total time: 65.16m | eta: 16.2m
step 02022/02520 (80.24%) | loss: 2.944489 | lrm: 0.34 | dt: 1939.56ms | tok/sec: 270,313 | bf16_mfu: 0.00 | epoch: 1 pq: 23 rg: 59 | total time: 65.19m | eta: 16.1m
step 02023/02520 (80.28%) | loss: 2.940516 | lrm: 0.34 | dt: 1938.25ms | tok/sec: 270,496 | bf16_mfu: 0.00 | epoch: 1 pq: 23 rg: 60 | total time: 65.22m | eta: 16.1m
step 02024/02520 (80.32%) | loss: 2.945420 | lrm: 0.34 | dt: 1938.43ms | tok/sec: 270,470 | bf16_mfu: 0.00 | epoch: 1 pq: 23 rg: 61 | total time: 65.25m | eta: 16.1m
step 02025/02520 (80.36%) | loss: 2.936846 | lrm: 0.34 | dt: 1938.77ms | tok/sec: 270,423 | bf16_mfu: 0.00 | epoch: 1 pq: 23 rg: 62 | total time: 65.28m | eta: 16.0m
step 02026/02520 (80.40%) | loss: 2.929527 | lrm: 0.34 | dt: 1938.56ms | tok/sec: 270,452 | bf16_mfu: 0.00 | epoch: 1 pq: 23 rg: 63 | total time: 65.32m | eta: 16.0m
step 02027/02520 (80.44%) | loss: 2.929922 | lrm: 0.34 | dt: 1939.15ms | tok/sec: 270,370 | bf16_mfu: 0.00 | epoch: 1 pq: 23 rg: 64 | total time: 65.35m | eta: 16.0m
step 02028/02520 (80.48%) | loss: 2.935898 | lrm: 0.34 | dt: 1940.00ms | tok/sec: 270,251 | bf16_mfu: 0.00 | epoch: 1 pq: 23 rg: 65 | total time: 65.38m | eta: 15.9m
step 02029/02520 (80.52%) | loss: 2.932535 | lrm: 0.33 | dt: 1940.67ms | tok/sec: 270,158 | bf16_mfu: 0.00 | epoch: 1 pq: 23 rg: 66 | total time: 65.41m | eta: 15.9m
step 02030/02520 (80.56%) | loss: 2.925948 | lrm: 0.33 | dt: 1940.68ms | tok/sec: 270,156 | bf16_mfu: 0.00 | epoch: 1 pq: 23 rg: 67 | total time: 65.45m | eta: 15.9m
step 02031/02520 (80.60%) | loss: 2.929311 | lrm: 0.33 | dt: 1940.37ms | tok/sec: 270,200 | bf16_mfu: 0.00 | epoch: 1 pq: 23 rg: 68 | total time: 65.48m | eta: 15.8m
step 02032/02520 (80.63%) | loss: 2.927557 | lrm: 0.33 | dt: 1940.09ms | tok/sec: 270,238 | bf16_mfu: 0.00 | epoch: 1 pq: 23 rg: 69 | total time: 65.51m | eta: 15.8m
step 02033/02520 (80.67%) | loss: 2.926826 | lrm: 0.33 | dt: 1940.62ms | tok/sec: 270,165 | bf16_mfu: 0.00 | epoch: 1 pq: 23 rg: 70 | total time: 65.54m | eta: 15.8m
step 02034/02520 (80.71%) | loss: 2.932013 | lrm: 0.33 | dt: 1942.01ms | tok/sec: 269,971 | bf16_mfu: 0.00 | epoch: 1 pq: 23 rg: 71 | total time: 65.58m | eta: 15.7m
step 02035/02520 (80.75%) | loss: 2.938471 | lrm: 0.33 | dt: 1939.84ms | tok/sec: 270,273 | bf16_mfu: 0.00 | epoch: 1 pq: 23 rg: 72 | total time: 65.61m | eta: 15.7m
step 02036/02520 (80.79%) | loss: 2.943694 | lrm: 0.33 | dt: 1939.11ms | tok/sec: 270,375 | bf16_mfu: 0.00 | epoch: 1 pq: 23 rg: 73 | total time: 65.64m | eta: 15.7m
step 02037/02520 (80.83%) | loss: 2.946929 | lrm: 0.33 | dt: 1938.80ms | tok/sec: 270,418 | bf16_mfu: 0.00 | epoch: 1 pq: 23 rg: 74 | total time: 65.67m | eta: 15.6m
step 02038/02520 (80.87%) | loss: 2.937873 | lrm: 0.33 | dt: 1939.94ms | tok/sec: 270,259 | bf16_mfu: 0.00 | epoch: 1 pq: 23 rg: 75 | total time: 65.70m | eta: 15.6m
step 02039/02520 (80.91%) | loss: 2.945943 | lrm: 0.33 | dt: 1940.20ms | tok/sec: 270,223 | bf16_mfu: 0.00 | epoch: 1 pq: 23 rg: 76 | total time: 65.74m | eta: 15.6m
step 02040/02520 (80.95%) | loss: 2.955895 | lrm: 0.33 | dt: 1940.23ms | tok/sec: 270,219 | bf16_mfu: 0.00 | epoch: 1 pq: 23 rg: 77 | total time: 65.77m | eta: 15.6m
step 02041/02520 (80.99%) | loss: 2.948352 | lrm: 0.33 | dt: 1939.88ms | tok/sec: 270,267 | bf16_mfu: 0.00 | epoch: 1 pq: 23 rg: 78 | total time: 65.80m | eta: 15.5m
step 02042/02520 (81.03%) | loss: 2.948107 | lrm: 0.33 | dt: 1939.95ms | tok/sec: 270,259 | bf16_mfu: 0.00 | epoch: 1 pq: 23 rg: 79 | total time: 65.83m | eta: 15.5m
step 02043/02520 (81.07%) | loss: 2.933215 | lrm: 0.33 | dt: 1940.16ms | tok/sec: 270,228 | bf16_mfu: 0.00 | epoch: 1 pq: 23 rg: 80 | total time: 65.87m | eta: 15.5m
step 02044/02520 (81.11%) | loss: 2.941827 | lrm: 0.33 | dt: 1940.36ms | tok/sec: 270,201 | bf16_mfu: 0.00 | epoch: 1 pq: 23 rg: 81 | total time: 65.90m | eta: 15.4m
step 02045/02520 (81.15%) | loss: 2.947123 | lrm: 0.33 | dt: 1939.96ms | tok/sec: 270,256 | bf16_mfu: 0.00 | epoch: 1 pq: 23 rg: 82 | total time: 65.93m | eta: 15.4m
step 02046/02520 (81.19%) | loss: 2.952959 | lrm: 0.32 | dt: 1940.72ms | tok/sec: 270,151 | bf16_mfu: 0.00 | epoch: 1 pq: 24 rg: 0 | total time: 65.96m | eta: 15.4m
step 02047/02520 (81.23%) | loss: 2.953796 | lrm: 0.32 | dt: 1939.91ms | tok/sec: 270,264 | bf16_mfu: 0.00 | epoch: 1 pq: 24 rg: 1 | total time: 66.00m | eta: 15.3m
step 02048/02520 (81.27%) | loss: 2.953975 | lrm: 0.32 | dt: 1940.03ms | tok/sec: 270,247 | bf16_mfu: 0.00 | epoch: 1 pq: 24 rg: 2 | total time: 66.03m | eta: 15.3m
step 02049/02520 (81.31%) | loss: 2.949902 | lrm: 0.32 | dt: 1941.01ms | tok/sec: 270,111 | bf16_mfu: 0.00 | epoch: 1 pq: 24 rg: 3 | total time: 66.06m | eta: 15.3m
step 02050/02520 (81.35%) | loss: 2.951455 | lrm: 0.32 | dt: 1941.52ms | tok/sec: 270,039 | bf16_mfu: 0.00 | epoch: 1 pq: 24 rg: 4 | total time: 66.09m | eta: 15.2m
step 02051/02520 (81.39%) | loss: 2.951091 | lrm: 0.32 | dt: 1940.26ms | tok/sec: 270,215 | bf16_mfu: 0.00 | epoch: 1 pq: 24 rg: 5 | total time: 66.13m | eta: 15.2m
step 02052/02520 (81.43%) | loss: 2.949403 | lrm: 0.32 | dt: 1940.10ms | tok/sec: 270,238 | bf16_mfu: 0.00 | epoch: 1 pq: 24 rg: 5 | total time: 66.16m | eta: 15.2m
step 02053/02520 (81.47%) | loss: 2.949137 | lrm: 0.32 | dt: 1941.50ms | tok/sec: 270,042 | bf16_mfu: 0.00 | epoch: 1 pq: 24 rg: 6 | total time: 66.19m | eta: 15.1m
step 02054/02520 (81.51%) | loss: 2.946746 | lrm: 0.32 | dt: 1938.06ms | tok/sec: 270,521 | bf16_mfu: 0.00 | epoch: 1 pq: 24 rg: 7 | total time: 66.22m | eta: 15.1m
step 02055/02520 (81.55%) | loss: 2.942878 | lrm: 0.32 | dt: 1940.39ms | tok/sec: 270,197 | bf16_mfu: 0.00 | epoch: 1 pq: 24 rg: 8 | total time: 66.25m | eta: 15.1m
step 02056/02520 (81.59%) | loss: 2.944033 | lrm: 0.32 | dt: 1940.40ms | tok/sec: 270,195 | bf16_mfu: 0.00 | epoch: 1 pq: 24 rg: 9 | total time: 66.29m | eta: 15.0m
step 02057/02520 (81.63%) | loss: 2.954608 | lrm: 0.32 | dt: 1941.03ms | tok/sec: 270,107 | bf16_mfu: 0.00 | epoch: 1 pq: 24 rg: 10 | total time: 66.32m | eta: 15.0m
step 02058/02520 (81.67%) | loss: 2.951947 | lrm: 0.32 | dt: 1941.35ms | tok/sec: 270,063 | bf16_mfu: 0.00 | epoch: 1 pq: 24 rg: 11 | total time: 66.35m | eta: 15.0m
step 02059/02520 (81.71%) | loss: 2.942941 | lrm: 0.32 | dt: 1942.94ms | tok/sec: 269,843 | bf16_mfu: 0.00 | epoch: 1 pq: 24 rg: 12 | total time: 66.38m | eta: 14.9m
step 02060/02520 (81.75%) | loss: 2.937615 | lrm: 0.32 | dt: 1942.59ms | tok/sec: 269,891 | bf16_mfu: 0.00 | epoch: 1 pq: 24 rg: 13 | total time: 66.42m | eta: 14.9m
step 02061/02520 (81.79%) | loss: 2.945019 | lrm: 0.32 | dt: 1941.40ms | tok/sec: 270,056 | bf16_mfu: 0.00 | epoch: 1 pq: 24 rg: 14 | total time: 66.45m | eta: 14.9m
step 02062/02520 (81.83%) | loss: 2.945057 | lrm: 0.32 | dt: 1942.12ms | tok/sec: 269,956 | bf16_mfu: 0.00 | epoch: 1 pq: 24 rg: 15 | total time: 66.48m | eta: 14.8m
step 02063/02520 (81.87%) | loss: 2.943499 | lrm: 0.32 | dt: 1941.49ms | tok/sec: 270,044 | bf16_mfu: 0.00 | epoch: 1 pq: 24 rg: 16 | total time: 66.51m | eta: 14.8m
step 02064/02520 (81.90%) | loss: 2.944415 | lrm: 0.31 | dt: 1941.46ms | tok/sec: 270,048 | bf16_mfu: 0.00 | epoch: 1 pq: 24 rg: 17 | total time: 66.55m | eta: 14.8m
step 02065/02520 (81.94%) | loss: 2.937926 | lrm: 0.31 | dt: 1941.23ms | tok/sec: 270,079 | bf16_mfu: 0.00 | epoch: 1 pq: 24 rg: 18 | total time: 66.58m | eta: 14.7m
step 02066/02520 (81.98%) | loss: 2.935198 | lrm: 0.31 | dt: 1940.24ms | tok/sec: 270,217 | bf16_mfu: 0.00 | epoch: 1 pq: 24 rg: 19 | total time: 66.61m | eta: 14.7m
step 02067/02520 (82.02%) | loss: 2.928923 | lrm: 0.31 | dt: 1940.52ms | tok/sec: 270,178 | bf16_mfu: 0.00 | epoch: 1 pq: 24 rg: 20 | total time: 66.64m | eta: 14.7m
step 02068/02520 (82.06%) | loss: 2.944438 | lrm: 0.31 | dt: 1941.44ms | tok/sec: 270,050 | bf16_mfu: 0.00 | epoch: 1 pq: 24 rg: 21 | total time: 66.67m | eta: 14.6m
step 02069/02520 (82.10%) | loss: 2.930896 | lrm: 0.31 | dt: 1940.64ms | tok/sec: 270,161 | bf16_mfu: 0.00 | epoch: 1 pq: 24 rg: 22 | total time: 66.71m | eta: 14.6m
step 02070/02520 (82.14%) | loss: 2.936213 | lrm: 0.31 | dt: 1941.49ms | tok/sec: 270,044 | bf16_mfu: 0.00 | epoch: 1 pq: 24 rg: 23 | total time: 66.74m | eta: 14.6m
step 02071/02520 (82.18%) | loss: 2.951885 | lrm: 0.31 | dt: 1939.65ms | tok/sec: 270,300 | bf16_mfu: 0.00 | epoch: 1 pq: 24 rg: 24 | total time: 66.77m | eta: 14.5m
step 02072/02520 (82.22%) | loss: 2.948189 | lrm: 0.31 | dt: 1940.31ms | tok/sec: 270,208 | bf16_mfu: 0.00 | epoch: 1 pq: 24 rg: 25 | total time: 66.80m | eta: 14.5m
step 02073/02520 (82.26%) | loss: 2.943339 | lrm: 0.31 | dt: 1941.24ms | tok/sec: 270,078 | bf16_mfu: 0.00 | epoch: 1 pq: 24 rg: 26 | total time: 66.84m | eta: 14.5m
step 02074/02520 (82.30%) | loss: 2.937400 | lrm: 0.31 | dt: 1941.19ms | tok/sec: 270,085 | bf16_mfu: 0.00 | epoch: 1 pq: 24 rg: 27 | total time: 66.87m | eta: 14.4m
step 02075/02520 (82.34%) | loss: 2.936899 | lrm: 0.31 | dt: 1941.62ms | tok/sec: 270,025 | bf16_mfu: 0.00 | epoch: 1 pq: 24 rg: 28 | total time: 66.90m | eta: 14.4m
step 02076/02520 (82.38%) | loss: 2.941924 | lrm: 0.31 | dt: 1943.09ms | tok/sec: 269,822 | bf16_mfu: 0.00 | epoch: 1 pq: 24 rg: 29 | total time: 66.93m | eta: 14.4m
step 02077/02520 (82.42%) | loss: 2.944007 | lrm: 0.31 | dt: 1941.12ms | tok/sec: 270,095 | bf16_mfu: 0.00 | epoch: 1 pq: 24 rg: 30 | total time: 66.97m | eta: 14.4m
step 02078/02520 (82.46%) | loss: 2.946483 | lrm: 0.31 | dt: 1941.76ms | tok/sec: 270,006 | bf16_mfu: 0.00 | epoch: 1 pq: 24 rg: 31 | total time: 67.00m | eta: 14.3m
step 02079/02520 (82.50%) | loss: 2.951094 | lrm: 0.31 | dt: 1941.48ms | tok/sec: 270,046 | bf16_mfu: 0.00 | epoch: 1 pq: 24 rg: 32 | total time: 67.03m | eta: 14.3m
step 02080/02520 (82.54%) | loss: 2.951809 | lrm: 0.31 | dt: 1941.27ms | tok/sec: 270,074 | bf16_mfu: 0.00 | epoch: 1 pq: 24 rg: 32 | total time: 67.06m | eta: 14.3m
step 02081/02520 (82.58%) | loss: 2.945581 | lrm: 0.30 | dt: 1941.32ms | tok/sec: 270,067 | bf16_mfu: 0.00 | epoch: 1 pq: 24 rg: 33 | total time: 67.10m | eta: 14.2m
step 02082/02520 (82.62%) | loss: 2.948468 | lrm: 0.30 | dt: 1940.57ms | tok/sec: 270,172 | bf16_mfu: 0.00 | epoch: 1 pq: 24 rg: 34 | total time: 67.13m | eta: 14.2m
step 02083/02520 (82.66%) | loss: 2.935876 | lrm: 0.30 | dt: 1940.65ms | tok/sec: 270,160 | bf16_mfu: 0.00 | epoch: 1 pq: 24 rg: 35 | total time: 67.16m | eta: 14.2m
step 02084/02520 (82.70%) | loss: 2.926735 | lrm: 0.30 | dt: 1941.03ms | tok/sec: 270,107 | bf16_mfu: 0.00 | epoch: 1 pq: 24 rg: 36 | total time: 67.19m | eta: 14.1m
step 02085/02520 (82.74%) | loss: 2.934241 | lrm: 0.30 | dt: 1940.07ms | tok/sec: 270,241 | bf16_mfu: 0.00 | epoch: 1 pq: 24 rg: 37 | total time: 67.22m | eta: 14.1m
step 02086/02520 (82.78%) | loss: 2.947765 | lrm: 0.30 | dt: 1940.46ms | tok/sec: 270,187 | bf16_mfu: 0.00 | epoch: 1 pq: 24 rg: 38 | total time: 67.26m | eta: 14.1m
step 02087/02520 (82.82%) | loss: 2.935719 | lrm: 0.30 | dt: 1941.54ms | tok/sec: 270,036 | bf16_mfu: 0.00 | epoch: 1 pq: 24 rg: 39 | total time: 67.29m | eta: 14.0m
step 02088/02520 (82.86%) | loss: 2.952345 | lrm: 0.30 | dt: 1940.63ms | tok/sec: 270,163 | bf16_mfu: 0.00 | epoch: 1 pq: 24 rg: 40 | total time: 67.32m | eta: 14.0m
step 02089/02520 (82.90%) | loss: 2.944673 | lrm: 0.30 | dt: 1943.24ms | tok/sec: 269,800 | bf16_mfu: 0.00 | epoch: 1 pq: 24 rg: 41 | total time: 67.35m | eta: 14.0m
step 02090/02520 (82.94%) | loss: 2.933168 | lrm: 0.30 | dt: 1942.54ms | tok/sec: 269,897 | bf16_mfu: 0.00 | epoch: 1 pq: 24 rg: 42 | total time: 67.39m | eta: 13.9m
step 02091/02520 (82.98%) | loss: 2.937098 | lrm: 0.30 | dt: 1942.95ms | tok/sec: 269,840 | bf16_mfu: 0.00 | epoch: 1 pq: 24 rg: 43 | total time: 67.42m | eta: 13.9m
step 02092/02520 (83.02%) | loss: 2.937768 | lrm: 0.30 | dt: 1941.60ms | tok/sec: 270,029 | bf16_mfu: 0.00 | epoch: 1 pq: 24 rg: 44 | total time: 67.45m | eta: 13.9m
step 02093/02520 (83.06%) | loss: 2.928937 | lrm: 0.30 | dt: 1940.52ms | tok/sec: 270,179 | bf16_mfu: 0.00 | epoch: 1 pq: 24 rg: 45 | total time: 67.48m | eta: 13.8m
step 02094/02520 (83.10%) | loss: 2.935491 | lrm: 0.30 | dt: 1940.64ms | tok/sec: 270,162 | bf16_mfu: 0.00 | epoch: 1 pq: 24 rg: 46 | total time: 67.52m | eta: 13.8m
step 02095/02520 (83.13%) | loss: 2.935528 | lrm: 0.30 | dt: 1940.01ms | tok/sec: 270,250 | bf16_mfu: 0.00 | epoch: 1 pq: 24 rg: 47 | total time: 67.55m | eta: 13.8m
step 02096/02520 (83.17%) | loss: 2.939212 | lrm: 0.30 | dt: 1940.03ms | tok/sec: 270,247 | bf16_mfu: 0.00 | epoch: 1 pq: 24 rg: 48 | total time: 67.58m | eta: 13.7m
step 02097/02520 (83.21%) | loss: 2.944299 | lrm: 0.30 | dt: 1940.91ms | tok/sec: 270,125 | bf16_mfu: 0.00 | epoch: 1 pq: 24 rg: 49 | total time: 67.61m | eta: 13.7m
step 02098/02520 (83.25%) | loss: 2.938320 | lrm: 0.29 | dt: 1939.78ms | tok/sec: 270,282 | bf16_mfu: 0.00 | epoch: 1 pq: 24 rg: 50 | total time: 67.65m | eta: 13.7m
step 02099/02520 (83.29%) | loss: 2.928036 | lrm: 0.29 | dt: 1939.96ms | tok/sec: 270,257 | bf16_mfu: 0.00 | epoch: 1 pq: 24 rg: 51 | total time: 67.68m | eta: 13.6m
step 02100/02520 (83.33%) | loss: 2.930939 | lrm: 0.29 | dt: 1939.57ms | tok/sec: 270,311 | bf16_mfu: 0.00 | epoch: 1 pq: 24 rg: 52 | total time: 67.71m | eta: 13.6m
step 02101/02520 (83.37%) | loss: 2.930472 | lrm: 0.29 | dt: 1938.35ms | tok/sec: 270,482 | bf16_mfu: 0.00 | epoch: 1 pq: 24 rg: 53 | total time: 67.74m | eta: 13.6m
step 02102/02520 (83.41%) | loss: 2.936415 | lrm: 0.29 | dt: 1939.68ms | tok/sec: 270,295 | bf16_mfu: 0.00 | epoch: 1 pq: 24 rg: 54 | total time: 67.77m | eta: 13.5m
step 02103/02520 (83.45%) | loss: 2.937775 | lrm: 0.29 | dt: 1940.58ms | tok/sec: 270,171 | bf16_mfu: 0.00 | epoch: 1 pq: 24 rg: 55 | total time: 67.81m | eta: 13.5m
step 02104/02520 (83.49%) | loss: 2.932844 | lrm: 0.29 | dt: 1940.54ms | tok/sec: 270,175 | bf16_mfu: 0.00 | epoch: 1 pq: 24 rg: 56 | total time: 67.84m | eta: 13.5m
step 02105/02520 (83.53%) | loss: 2.927351 | lrm: 0.29 | dt: 1938.84ms | tok/sec: 270,413 | bf16_mfu: 0.00 | epoch: 1 pq: 24 rg: 57 | total time: 67.87m | eta: 13.4m
step 02106/02520 (83.57%) | loss: 2.919787 | lrm: 0.29 | dt: 1939.39ms | tok/sec: 270,336 | bf16_mfu: 0.00 | epoch: 1 pq: 24 rg: 58 | total time: 67.90m | eta: 13.4m
step 02107/02520 (83.61%) | loss: 2.923185 | lrm: 0.29 | dt: 1941.76ms | tok/sec: 270,005 | bf16_mfu: 0.00 | epoch: 1 pq: 24 rg: 59 | total time: 67.94m | eta: 13.4m
step 02108/02520 (83.65%) | loss: 2.914655 | lrm: 0.29 | dt: 1942.23ms | tok/sec: 269,941 | bf16_mfu: 0.00 | epoch: 1 pq: 24 rg: 60 | total time: 67.97m | eta: 13.3m
step 02109/02520 (83.69%) | loss: 2.928673 | lrm: 0.29 | dt: 1941.69ms | tok/sec: 270,016 | bf16_mfu: 0.00 | epoch: 1 pq: 24 rg: 61 | total time: 68.00m | eta: 13.3m
step 02110/02520 (83.73%) | loss: 2.930830 | lrm: 0.29 | dt: 1942.15ms | tok/sec: 269,953 | bf16_mfu: 0.00 | epoch: 1 pq: 24 rg: 62 | total time: 68.03m | eta: 13.3m
step 02111/02520 (83.77%) | loss: 2.923544 | lrm: 0.29 | dt: 1942.27ms | tok/sec: 269,935 | bf16_mfu: 0.00 | epoch: 1 pq: 24 rg: 63 | total time: 68.07m | eta: 13.3m
step 02112/02520 (83.81%) | loss: 2.935162 | lrm: 0.29 | dt: 1942.21ms | tok/sec: 269,944 | bf16_mfu: 0.00 | epoch: 1 pq: 24 rg: 64 | total time: 68.10m | eta: 13.2m
step 02113/02520 (83.85%) | loss: 2.929390 | lrm: 0.29 | dt: 1942.48ms | tok/sec: 269,906 | bf16_mfu: 0.00 | epoch: 1 pq: 24 rg: 65 | total time: 68.13m | eta: 13.2m
step 02114/02520 (83.89%) | loss: 2.920521 | lrm: 0.29 | dt: 1942.42ms | tok/sec: 269,915 | bf16_mfu: 0.00 | epoch: 1 pq: 24 rg: 66 | total time: 68.16m | eta: 13.2m
step 02115/02520 (83.93%) | loss: 2.921250 | lrm: 0.28 | dt: 1941.99ms | tok/sec: 269,974 | bf16_mfu: 0.00 | epoch: 1 pq: 24 rg: 67 | total time: 68.20m | eta: 13.1m
step 02116/02520 (83.97%) | loss: 2.920915 | lrm: 0.28 | dt: 1943.88ms | tok/sec: 269,711 | bf16_mfu: 0.00 | epoch: 1 pq: 24 rg: 67 | total time: 68.23m | eta: 13.1m
step 02117/02520 (84.01%) | loss: 2.919999 | lrm: 0.28 | dt: 1943.45ms | tok/sec: 269,771 | bf16_mfu: 0.00 | epoch: 1 pq: 24 rg: 68 | total time: 68.26m | eta: 13.1m
step 02118/02520 (84.05%) | loss: 2.918071 | lrm: 0.28 | dt: 1942.63ms | tok/sec: 269,886 | bf16_mfu: 0.00 | epoch: 1 pq: 24 rg: 69 | total time: 68.29m | eta: 13.0m
step 02119/02520 (84.09%) | loss: 2.928860 | lrm: 0.28 | dt: 1942.19ms | tok/sec: 269,946 | bf16_mfu: 0.00 | epoch: 1 pq: 24 rg: 70 | total time: 68.33m | eta: 13.0m
step 02120/02520 (84.13%) | loss: 2.925388 | lrm: 0.28 | dt: 1942.25ms | tok/sec: 269,938 | bf16_mfu: 0.00 | epoch: 1 pq: 24 rg: 71 | total time: 68.36m | eta: 13.0m
step 02121/02520 (84.17%) | loss: 2.929282 | lrm: 0.28 | dt: 1942.25ms | tok/sec: 269,938 | bf16_mfu: 0.00 | epoch: 1 pq: 24 rg: 72 | total time: 68.39m | eta: 12.9m
step 02122/02520 (84.21%) | loss: 2.919279 | lrm: 0.28 | dt: 1941.13ms | tok/sec: 270,094 | bf16_mfu: 0.00 | epoch: 1 pq: 24 rg: 73 | total time: 68.42m | eta: 12.9m
step 02123/02520 (84.25%) | loss: 2.920244 | lrm: 0.28 | dt: 1942.47ms | tok/sec: 269,907 | bf16_mfu: 0.00 | epoch: 1 pq: 24 rg: 74 | total time: 68.45m | eta: 12.9m
step 02124/02520 (84.29%) | loss: 2.914112 | lrm: 0.28 | dt: 1942.05ms | tok/sec: 269,966 | bf16_mfu: 0.00 | epoch: 1 pq: 24 rg: 75 | total time: 68.49m | eta: 12.8m
step 02125/02520 (84.33%) | loss: 2.911946 | lrm: 0.28 | dt: 1941.17ms | tok/sec: 270,088 | bf16_mfu: 0.00 | epoch: 1 pq: 24 rg: 76 | total time: 68.52m | eta: 12.8m
step 02126/02520 (84.37%) | loss: 2.914663 | lrm: 0.28 | dt: 1942.46ms | tok/sec: 269,909 | bf16_mfu: 0.00 | epoch: 1 pq: 24 rg: 77 | total time: 68.55m | eta: 12.8m
step 02127/02520 (84.40%) | loss: 2.914881 | lrm: 0.28 | dt: 1944.74ms | tok/sec: 269,592 | bf16_mfu: 0.00 | epoch: 1 pq: 24 rg: 78 | total time: 68.58m | eta: 12.7m
step 02128/02520 (84.44%) | loss: 2.922638 | lrm: 0.28 | dt: 1943.13ms | tok/sec: 269,816 | bf16_mfu: 0.00 | epoch: 1 pq: 24 rg: 79 | total time: 68.62m | eta: 12.7m
step 02129/02520 (84.48%) | loss: 2.912484 | lrm: 0.28 | dt: 1943.58ms | tok/sec: 269,753 | bf16_mfu: 0.00 | epoch: 1 pq: 24 rg: 80 | total time: 68.65m | eta: 12.7m
step 02130/02520 (84.52%) | loss: 2.907913 | lrm: 0.28 | dt: 1942.71ms | tok/sec: 269,874 | bf16_mfu: 0.00 | epoch: 1 pq: 24 rg: 81 | total time: 68.68m | eta: 12.6m
step 02131/02520 (84.56%) | loss: 2.909801 | lrm: 0.28 | dt: 1941.54ms | tok/sec: 270,037 | bf16_mfu: 0.00 | epoch: 1 pq: 24 rg: 82 | total time: 68.71m | eta: 12.6m
step 02132/02520 (84.60%) | loss: 2.903112 | lrm: 0.28 | dt: 1942.49ms | tok/sec: 269,905 | bf16_mfu: 0.00 | epoch: 1 pq: 25 rg: 0 | total time: 68.75m | eta: 12.6m
step 02133/02520 (84.64%) | loss: 2.904356 | lrm: 0.27 | dt: 1942.75ms | tok/sec: 269,869 | bf16_mfu: 0.00 | epoch: 1 pq: 25 rg: 1 | total time: 68.78m | eta: 12.5m
step 02134/02520 (84.68%) | loss: 2.899705 | lrm: 0.27 | dt: 1943.64ms | tok/sec: 269,745 | bf16_mfu: 0.00 | epoch: 1 pq: 25 rg: 2 | total time: 68.81m | eta: 12.5m
step 02135/02520 (84.72%) | loss: 2.898955 | lrm: 0.27 | dt: 1943.06ms | tok/sec: 269,825 | bf16_mfu: 0.00 | epoch: 1 pq: 25 rg: 3 | total time: 68.84m | eta: 12.5m
step 02136/02520 (84.76%) | loss: 2.903476 | lrm: 0.27 | dt: 1942.79ms | tok/sec: 269,863 | bf16_mfu: 0.00 | epoch: 1 pq: 25 rg: 4 | total time: 68.88m | eta: 12.4m
step 02137/02520 (84.80%) | loss: 2.909961 | lrm: 0.27 | dt: 1942.10ms | tok/sec: 269,958 | bf16_mfu: 0.00 | epoch: 1 pq: 25 rg: 5 | total time: 68.91m | eta: 12.4m
step 02138/02520 (84.84%) | loss: 2.912028 | lrm: 0.27 | dt: 1941.20ms | tok/sec: 270,084 | bf16_mfu: 0.00 | epoch: 1 pq: 25 rg: 6 | total time: 68.94m | eta: 12.4m
step 02139/02520 (84.88%) | loss: 2.908374 | lrm: 0.27 | dt: 1940.75ms | tok/sec: 270,147 | bf16_mfu: 0.00 | epoch: 1 pq: 25 rg: 7 | total time: 68.97m | eta: 12.3m
step 02140/02520 (84.92%) | loss: 2.895408 | lrm: 0.27 | dt: 1942.94ms | tok/sec: 269,842 | bf16_mfu: 0.00 | epoch: 1 pq: 25 rg: 8 | total time: 69.00m | eta: 12.3m
step 02141/02520 (84.96%) | loss: 2.911567 | lrm: 0.27 | dt: 1941.67ms | tok/sec: 270,018 | bf16_mfu: 0.00 | epoch: 1 pq: 25 rg: 9 | total time: 69.04m | eta: 12.3m
step 02142/02520 (85.00%) | loss: 2.906586 | lrm: 0.27 | dt: 1942.79ms | tok/sec: 269,863 | bf16_mfu: 0.00 | epoch: 1 pq: 25 rg: 10 | total time: 69.07m | eta: 12.2m
step 02143/02520 (85.04%) | loss: 2.904324 | lrm: 0.27 | dt: 1943.36ms | tok/sec: 269,783 | bf16_mfu: 0.00 | epoch: 1 pq: 25 rg: 10 | total time: 69.10m | eta: 12.2m
step 02144/02520 (85.08%) | loss: 2.896128 | lrm: 0.27 | dt: 1942.48ms | tok/sec: 269,906 | bf16_mfu: 0.00 | epoch: 1 pq: 25 rg: 11 | total time: 69.13m | eta: 12.2m
step 02145/02520 (85.12%) | loss: 2.881937 | lrm: 0.27 | dt: 1942.74ms | tok/sec: 269,870 | bf16_mfu: 0.00 | epoch: 1 pq: 25 rg: 12 | total time: 69.17m | eta: 12.1m
step 02146/02520 (85.16%) | loss: 2.889031 | lrm: 0.27 | dt: 1942.25ms | tok/sec: 269,938 | bf16_mfu: 0.00 | epoch: 1 pq: 25 rg: 13 | total time: 69.20m | eta: 12.1m
step 02147/02520 (85.20%) | loss: 2.891232 | lrm: 0.27 | dt: 1942.14ms | tok/sec: 269,954 | bf16_mfu: 0.00 | epoch: 1 pq: 25 rg: 14 | total time: 69.23m | eta: 12.1m
step 02148/02520 (85.24%) | loss: 2.901668 | lrm: 0.27 | dt: 1941.47ms | tok/sec: 270,047 | bf16_mfu: 0.00 | epoch: 1 pq: 25 rg: 15 | total time: 69.26m | eta: 12.1m
step 02149/02520 (85.28%) | loss: 2.907971 | lrm: 0.27 | dt: 1941.72ms | tok/sec: 270,012 | bf16_mfu: 0.00 | epoch: 1 pq: 25 rg: 16 | total time: 69.30m | eta: 12.0m
step 02150/02520 (85.32%) | loss: 2.912277 | lrm: 0.26 | dt: 1943.05ms | tok/sec: 269,827 | bf16_mfu: 0.00 | epoch: 1 pq: 25 rg: 17 | total time: 69.33m | eta: 12.0m
step 02151/02520 (85.36%) | loss: 2.899715 | lrm: 0.26 | dt: 1943.77ms | tok/sec: 269,726 | bf16_mfu: 0.00 | epoch: 1 pq: 25 rg: 18 | total time: 69.36m | eta: 12.0m
step 02152/02520 (85.40%) | loss: 2.901564 | lrm: 0.26 | dt: 1944.25ms | tok/sec: 269,660 | bf16_mfu: 0.00 | epoch: 1 pq: 25 rg: 19 | total time: 69.39m | eta: 11.9m
step 02153/02520 (85.44%) | loss: 2.895131 | lrm: 0.26 | dt: 1944.67ms | tok/sec: 269,602 | bf16_mfu: 0.00 | epoch: 1 pq: 25 rg: 20 | total time: 69.43m | eta: 11.9m
step 02154/02520 (85.48%) | loss: 2.889554 | lrm: 0.26 | dt: 1944.51ms | tok/sec: 269,624 | bf16_mfu: 0.00 | epoch: 1 pq: 25 rg: 21 | total time: 69.46m | eta: 11.9m
step 02155/02520 (85.52%) | loss: 2.886856 | lrm: 0.26 | dt: 1945.32ms | tok/sec: 269,512 | bf16_mfu: 0.00 | epoch: 1 pq: 25 rg: 22 | total time: 69.49m | eta: 11.8m
step 02156/02520 (85.56%) | loss: 2.886558 | lrm: 0.26 | dt: 1945.89ms | tok/sec: 269,433 | bf16_mfu: 0.00 | epoch: 1 pq: 25 rg: 23 | total time: 69.52m | eta: 11.8m
step 02157/02520 (85.60%) | loss: 2.888831 | lrm: 0.26 | dt: 1943.29ms | tok/sec: 269,793 | bf16_mfu: 0.00 | epoch: 1 pq: 25 rg: 24 | total time: 69.56m | eta: 11.8m
step 02158/02520 (85.63%) | loss: 2.893981 | lrm: 0.26 | dt: 1945.39ms | tok/sec: 269,502 | bf16_mfu: 0.00 | epoch: 1 pq: 25 rg: 25 | total time: 69.59m | eta: 11.7m
step 02159/02520 (85.67%) | loss: 2.895281 | lrm: 0.26 | dt: 1943.94ms | tok/sec: 269,703 | bf16_mfu: 0.00 | epoch: 1 pq: 25 rg: 26 | total time: 69.62m | eta: 11.7m
step 02160/02520 (85.71%) | loss: 2.895985 | lrm: 0.26 | dt: 1944.61ms | tok/sec: 269,610 | bf16_mfu: 0.00 | epoch: 1 pq: 25 rg: 27 | total time: 69.65m | eta: 11.7m
step 02161/02520 (85.75%) | loss: 2.876503 | lrm: 0.26 | dt: 1943.76ms | tok/sec: 269,728 | bf16_mfu: 0.00 | epoch: 1 pq: 25 rg: 28 | total time: 69.69m | eta: 11.6m
step 02162/02520 (85.79%) | loss: 2.879460 | lrm: 0.26 | dt: 1944.79ms | tok/sec: 269,585 | bf16_mfu: 0.00 | epoch: 1 pq: 25 rg: 29 | total time: 69.72m | eta: 11.6m
step 02163/02520 (85.83%) | loss: 2.892244 | lrm: 0.26 | dt: 1944.89ms | tok/sec: 269,572 | bf16_mfu: 0.00 | epoch: 1 pq: 25 rg: 30 | total time: 69.75m | eta: 11.6m
step 02164/02520 (85.87%) | loss: 2.897839 | lrm: 0.26 | dt: 1944.70ms | tok/sec: 269,598 | bf16_mfu: 0.00 | epoch: 1 pq: 25 rg: 31 | total time: 69.78m | eta: 11.5m
step 02165/02520 (85.91%) | loss: 2.901204 | lrm: 0.26 | dt: 1944.49ms | tok/sec: 269,627 | bf16_mfu: 0.00 | epoch: 1 pq: 25 rg: 32 | total time: 69.81m | eta: 11.5m
step 02166/02520 (85.95%) | loss: 2.909328 | lrm: 0.26 | dt: 1944.63ms | tok/sec: 269,607 | bf16_mfu: 0.00 | epoch: 1 pq: 25 rg: 33 | total time: 69.85m | eta: 11.5m
step 02167/02520 (85.99%) | loss: 2.904516 | lrm: 0.25 | dt: 1943.96ms | tok/sec: 269,701 | bf16_mfu: 0.00 | epoch: 1 pq: 25 rg: 33 | total time: 69.88m | eta: 11.4m
step 02168/02520 (86.03%) | loss: 2.907408 | lrm: 0.25 | dt: 1944.66ms | tok/sec: 269,604 | bf16_mfu: 0.00 | epoch: 1 pq: 25 rg: 34 | total time: 69.91m | eta: 11.4m
step 02169/02520 (86.07%) | loss: 2.906630 | lrm: 0.25 | dt: 1944.14ms | tok/sec: 269,676 | bf16_mfu: 0.00 | epoch: 1 pq: 25 rg: 35 | total time: 69.94m | eta: 11.4m
step 02170/02520 (86.11%) | loss: 2.907608 | lrm: 0.25 | dt: 1942.73ms | tok/sec: 269,872 | bf16_mfu: 0.00 | epoch: 1 pq: 25 rg: 36 | total time: 69.98m | eta: 11.3m
step 02171/02520 (86.15%) | loss: 2.912322 | lrm: 0.25 | dt: 1943.87ms | tok/sec: 269,713 | bf16_mfu: 0.00 | epoch: 1 pq: 25 rg: 37 | total time: 70.01m | eta: 11.3m
step 02172/02520 (86.19%) | loss: 2.916524 | lrm: 0.25 | dt: 1943.67ms | tok/sec: 269,741 | bf16_mfu: 0.00 | epoch: 1 pq: 25 rg: 38 | total time: 70.04m | eta: 11.3m
step 02173/02520 (86.23%) | loss: 2.925584 | lrm: 0.25 | dt: 1944.33ms | tok/sec: 269,649 | bf16_mfu: 0.00 | epoch: 1 pq: 25 rg: 39 | total time: 70.07m | eta: 11.2m
step 02174/02520 (86.27%) | loss: 2.928350 | lrm: 0.25 | dt: 1944.88ms | tok/sec: 269,573 | bf16_mfu: 0.00 | epoch: 1 pq: 25 rg: 40 | total time: 70.11m | eta: 11.2m
step 02175/02520 (86.31%) | loss: 2.931765 | lrm: 0.25 | dt: 1943.10ms | tok/sec: 269,820 | bf16_mfu: 0.00 | epoch: 1 pq: 25 rg: 41 | total time: 70.14m | eta: 11.2m
step 02176/02520 (86.35%) | loss: 2.921386 | lrm: 0.25 | dt: 1944.35ms | tok/sec: 269,646 | bf16_mfu: 0.00 | epoch: 1 pq: 25 rg: 42 | total time: 70.17m | eta: 11.1m
step 02177/02520 (86.39%) | loss: 2.907675 | lrm: 0.25 | dt: 1944.05ms | tok/sec: 269,688 | bf16_mfu: 0.00 | epoch: 1 pq: 25 rg: 43 | total time: 70.20m | eta: 11.1m
step 02178/02520 (86.43%) | loss: 2.909846 | lrm: 0.25 | dt: 1943.62ms | tok/sec: 269,748 | bf16_mfu: 0.00 | epoch: 1 pq: 25 rg: 44 | total time: 70.24m | eta: 11.1m
step 02179/02520 (86.47%) | loss: 2.912330 | lrm: 0.25 | dt: 1944.95ms | tok/sec: 269,563 | bf16_mfu: 0.00 | epoch: 1 pq: 25 rg: 45 | total time: 70.27m | eta: 11.0m
step 02180/02520 (86.51%) | loss: 2.915451 | lrm: 0.25 | dt: 1943.96ms | tok/sec: 269,701 | bf16_mfu: 0.00 | epoch: 1 pq: 25 rg: 46 | total time: 70.30m | eta: 11.0m
step 02181/02520 (86.55%) | loss: 2.917886 | lrm: 0.25 | dt: 1944.16ms | tok/sec: 269,673 | bf16_mfu: 0.00 | epoch: 1 pq: 25 rg: 47 | total time: 70.33m | eta: 11.0m
step 02182/02520 (86.59%) | loss: 2.913842 | lrm: 0.25 | dt: 1945.87ms | tok/sec: 269,436 | bf16_mfu: 0.00 | epoch: 1 pq: 25 rg: 48 | total time: 70.37m | eta: 11.0m
step 02183/02520 (86.63%) | loss: 2.920421 | lrm: 0.25 | dt: 1945.28ms | tok/sec: 269,517 | bf16_mfu: 0.00 | epoch: 1 pq: 25 rg: 49 | total time: 70.40m | eta: 10.9m
step 02184/02520 (86.67%) | loss: 2.917580 | lrm: 0.24 | dt: 1945.23ms | tok/sec: 269,525 | bf16_mfu: 0.00 | epoch: 1 pq: 25 rg: 50 | total time: 70.43m | eta: 10.9m
step 02185/02520 (86.71%) | loss: 2.920487 | lrm: 0.24 | dt: 1945.64ms | tok/sec: 269,467 | bf16_mfu: 0.00 | epoch: 1 pq: 25 rg: 51 | total time: 70.46m | eta: 10.9m
step 02186/02520 (86.75%) | loss: 2.909221 | lrm: 0.24 | dt: 1946.35ms | tok/sec: 269,369 | bf16_mfu: 0.00 | epoch: 1 pq: 25 rg: 52 | total time: 70.50m | eta: 10.8m
step 02187/02520 (86.79%) | loss: 2.899869 | lrm: 0.24 | dt: 1946.50ms | tok/sec: 269,349 | bf16_mfu: 0.00 | epoch: 1 pq: 25 rg: 53 | total time: 70.53m | eta: 10.8m
step 02188/02520 (86.83%) | loss: 2.894826 | lrm: 0.24 | dt: 1945.27ms | tok/sec: 269,519 | bf16_mfu: 0.00 | epoch: 1 pq: 25 rg: 54 | total time: 70.56m | eta: 10.8m
step 02189/02520 (86.87%) | loss: 2.891309 | lrm: 0.24 | dt: 1946.44ms | tok/sec: 269,358 | bf16_mfu: 0.00 | epoch: 1 pq: 25 rg: 55 | total time: 70.59m | eta: 10.7m
step 02190/02520 (86.90%) | loss: 2.901833 | lrm: 0.24 | dt: 1946.20ms | tok/sec: 269,390 | bf16_mfu: 0.00 | epoch: 1 pq: 25 rg: 56 | total time: 70.63m | eta: 10.7m
step 02191/02520 (86.94%) | loss: 2.906634 | lrm: 0.24 | dt: 1946.83ms | tok/sec: 269,303 | bf16_mfu: 0.00 | epoch: 1 pq: 25 rg: 57 | total time: 70.66m | eta: 10.7m
step 02192/02520 (86.98%) | loss: 2.909337 | lrm: 0.24 | dt: 1947.39ms | tok/sec: 269,225 | bf16_mfu: 0.00 | epoch: 1 pq: 25 rg: 58 | total time: 70.69m | eta: 10.6m
step 02193/02520 (87.02%) | loss: 2.915993 | lrm: 0.24 | dt: 1946.95ms | tok/sec: 269,287 | bf16_mfu: 0.00 | epoch: 1 pq: 25 rg: 59 | total time: 70.72m | eta: 10.6m
step 02194/02520 (87.06%) | loss: 2.917133 | lrm: 0.24 | dt: 1946.55ms | tok/sec: 269,342 | bf16_mfu: 0.00 | epoch: 1 pq: 25 rg: 60 | total time: 70.75m | eta: 10.6m
step 02195/02520 (87.10%) | loss: 2.920539 | lrm: 0.24 | dt: 1947.41ms | tok/sec: 269,223 | bf16_mfu: 0.00 | epoch: 1 pq: 25 rg: 61 | total time: 70.79m | eta: 10.5m
step 02196/02520 (87.14%) | loss: 2.915752 | lrm: 0.24 | dt: 1948.15ms | tok/sec: 269,120 | bf16_mfu: 0.00 | epoch: 1 pq: 25 rg: 62 | total time: 70.82m | eta: 10.5m
step 02197/02520 (87.18%) | loss: 2.914425 | lrm: 0.24 | dt: 1948.85ms | tok/sec: 269,023 | bf16_mfu: 0.00 | epoch: 1 pq: 25 rg: 63 | total time: 70.85m | eta: 10.5m
step 02198/02520 (87.22%) | loss: 2.919476 | lrm: 0.24 | dt: 1948.28ms | tok/sec: 269,103 | bf16_mfu: 0.00 | epoch: 1 pq: 25 rg: 64 | total time: 70.88m | eta: 10.4m
step 02199/02520 (87.26%) | loss: 2.920725 | lrm: 0.24 | dt: 1949.71ms | tok/sec: 268,905 | bf16_mfu: 0.00 | epoch: 1 pq: 25 rg: 65 | total time: 70.92m | eta: 10.4m
step 02200/02520 (87.30%) | loss: 2.930869 | lrm: 0.24 | dt: 1949.77ms | tok/sec: 268,897 | bf16_mfu: 0.00 | epoch: 1 pq: 25 rg: 66 | total time: 70.95m | eta: 10.4m
step 02201/02520 (87.34%) | loss: 2.934895 | lrm: 0.24 | dt: 1948.50ms | tok/sec: 269,073 | bf16_mfu: 0.00 | epoch: 1 pq: 25 rg: 66 | total time: 70.98m | eta: 10.3m
step 02202/02520 (87.38%) | loss: 2.937585 | lrm: 0.23 | dt: 1949.09ms | tok/sec: 268,990 | bf16_mfu: 0.00 | epoch: 1 pq: 25 rg: 67 | total time: 71.01m | eta: 10.3m
step 02203/02520 (87.42%) | loss: 2.941378 | lrm: 0.23 | dt: 1949.45ms | tok/sec: 268,942 | bf16_mfu: 0.00 | epoch: 1 pq: 25 rg: 68 | total time: 71.05m | eta: 10.3m
step 02204/02520 (87.46%) | loss: 2.940670 | lrm: 0.23 | dt: 1950.14ms | tok/sec: 268,846 | bf16_mfu: 0.00 | epoch: 1 pq: 25 rg: 69 | total time: 71.08m | eta: 10.2m
step 02205/02520 (87.50%) | loss: 2.947648 | lrm: 0.23 | dt: 1951.05ms | tok/sec: 268,721 | bf16_mfu: 0.00 | epoch: 1 pq: 25 rg: 70 | total time: 71.11m | eta: 10.2m
step 02206/02520 (87.54%) | loss: 2.938874 | lrm: 0.23 | dt: 1950.62ms | tok/sec: 268,779 | bf16_mfu: 0.00 | epoch: 1 pq: 25 rg: 71 | total time: 71.14m | eta: 10.2m
step 02207/02520 (87.58%) | loss: 2.936127 | lrm: 0.23 | dt: 1951.69ms | tok/sec: 268,632 | bf16_mfu: 0.00 | epoch: 1 pq: 25 rg: 72 | total time: 71.18m | eta: 10.1m
step 02208/02520 (87.62%) | loss: 2.933914 | lrm: 0.23 | dt: 1951.35ms | tok/sec: 268,679 | bf16_mfu: 0.00 | epoch: 1 pq: 25 rg: 73 | total time: 71.21m | eta: 10.1m
step 02209/02520 (87.66%) | loss: 2.939007 | lrm: 0.23 | dt: 1951.94ms | tok/sec: 268,598 | bf16_mfu: 0.00 | epoch: 1 pq: 25 rg: 74 | total time: 71.24m | eta: 10.1m
step 02210/02520 (87.70%) | loss: 2.940534 | lrm: 0.23 | dt: 1952.13ms | tok/sec: 268,572 | bf16_mfu: 0.00 | epoch: 1 pq: 25 rg: 75 | total time: 71.27m | eta: 10.0m
step 02211/02520 (87.74%) | loss: 2.940964 | lrm: 0.23 | dt: 1952.45ms | tok/sec: 268,527 | bf16_mfu: 0.00 | epoch: 1 pq: 25 rg: 76 | total time: 71.31m | eta: 10.0m
step 02212/02520 (87.78%) | loss: 2.945703 | lrm: 0.23 | dt: 1953.93ms | tok/sec: 268,325 | bf16_mfu: 0.00 | epoch: 1 pq: 25 rg: 77 | total time: 71.34m | eta: 10.0m
step 02213/02520 (87.82%) | loss: 2.942733 | lrm: 0.23 | dt: 1952.78ms | tok/sec: 268,482 | bf16_mfu: 0.00 | epoch: 1 pq: 25 rg: 78 | total time: 71.37m | eta: 9.9m
step 02214/02520 (87.86%) | loss: 2.938196 | lrm: 0.23 | dt: 1954.15ms | tok/sec: 268,294 | bf16_mfu: 0.00 | epoch: 1 pq: 25 rg: 79 | total time: 71.41m | eta: 9.9m
step 02215/02520 (87.90%) | loss: 2.939466 | lrm: 0.23 | dt: 1954.32ms | tok/sec: 268,271 | bf16_mfu: 0.00 | epoch: 1 pq: 25 rg: 80 | total time: 71.44m | eta: 9.9m
step 02216/02520 (87.94%) | loss: 2.932038 | lrm: 0.23 | dt: 1953.99ms | tok/sec: 268,317 | bf16_mfu: 0.00 | epoch: 1 pq: 25 rg: 81 | total time: 71.47m | eta: 9.8m
step 02217/02520 (87.98%) | loss: 2.934756 | lrm: 0.23 | dt: 1954.01ms | tok/sec: 268,313 | bf16_mfu: 0.00 | epoch: 1 pq: 25 rg: 82 | total time: 71.50m | eta: 9.8m
step 02218/02520 (88.02%) | loss: 2.924783 | lrm: 0.23 | dt: 1953.72ms | tok/sec: 268,353 | bf16_mfu: 0.00 | epoch: 1 pq: 26 rg: 0 | total time: 71.54m | eta: 9.8m
step 02219/02520 (88.06%) | loss: 2.912723 | lrm: 0.22 | dt: 1958.16ms | tok/sec: 267,744 | bf16_mfu: 0.00 | epoch: 1 pq: 26 rg: 1 | total time: 71.57m | eta: 9.8m
step 02220/02520 (88.10%) | loss: 2.913599 | lrm: 0.22 | dt: 1953.60ms | tok/sec: 268,370 | bf16_mfu: 0.00 | epoch: 1 pq: 26 rg: 2 | total time: 71.60m | eta: 9.7m
step 02221/02520 (88.13%) | loss: 2.915248 | lrm: 0.22 | dt: 1954.24ms | tok/sec: 268,282 | bf16_mfu: 0.00 | epoch: 1 pq: 26 rg: 3 | total time: 71.63m | eta: 9.7m
step 02222/02520 (88.17%) | loss: 2.911954 | lrm: 0.22 | dt: 1954.01ms | tok/sec: 268,314 | bf16_mfu: 0.00 | epoch: 1 pq: 26 rg: 4 | total time: 71.67m | eta: 9.7m
step 02223/02520 (88.21%) | loss: 2.905034 | lrm: 0.22 | dt: 1954.08ms | tok/sec: 268,304 | bf16_mfu: 0.00 | epoch: 1 pq: 26 rg: 5 | total time: 71.70m | eta: 9.6m
step 02224/02520 (88.25%) | loss: 2.902612 | lrm: 0.22 | dt: 1954.74ms | tok/sec: 268,213 | bf16_mfu: 0.00 | epoch: 1 pq: 26 rg: 6 | total time: 71.73m | eta: 9.6m
step 02225/02520 (88.29%) | loss: 2.909291 | lrm: 0.22 | dt: 1954.51ms | tok/sec: 268,245 | bf16_mfu: 0.00 | epoch: 1 pq: 26 rg: 7 | total time: 71.76m | eta: 9.6m
step 02226/02520 (88.33%) | loss: 2.898984 | lrm: 0.22 | dt: 1954.59ms | tok/sec: 268,234 | bf16_mfu: 0.00 | epoch: 1 pq: 26 rg: 8 | total time: 71.80m | eta: 9.5m
step 02227/02520 (88.37%) | loss: 2.886981 | lrm: 0.22 | dt: 1954.77ms | tok/sec: 268,210 | bf16_mfu: 0.00 | epoch: 1 pq: 26 rg: 9 | total time: 71.83m | eta: 9.5m
step 02228/02520 (88.41%) | loss: 2.889121 | lrm: 0.22 | dt: 1955.43ms | tok/sec: 268,118 | bf16_mfu: 0.00 | epoch: 1 pq: 26 rg: 10 | total time: 71.86m | eta: 9.5m
step 02229/02520 (88.45%) | loss: 2.898774 | lrm: 0.22 | dt: 1956.09ms | tok/sec: 268,028 | bf16_mfu: 0.00 | epoch: 1 pq: 26 rg: 11 | total time: 71.89m | eta: 9.4m
step 02230/02520 (88.49%) | loss: 2.891831 | lrm: 0.22 | dt: 1955.75ms | tok/sec: 268,074 | bf16_mfu: 0.00 | epoch: 1 pq: 26 rg: 12 | total time: 71.93m | eta: 9.4m
step 02231/02520 (88.53%) | loss: 2.891018 | lrm: 0.22 | dt: 1955.67ms | tok/sec: 268,085 | bf16_mfu: 0.00 | epoch: 1 pq: 26 rg: 13 | total time: 71.96m | eta: 9.4m
step 02232/02520 (88.57%) | loss: 2.883389 | lrm: 0.22 | dt: 1956.50ms | tok/sec: 267,972 | bf16_mfu: 0.00 | epoch: 1 pq: 26 rg: 14 | total time: 71.99m | eta: 9.3m
step 02233/02520 (88.61%) | loss: 2.874770 | lrm: 0.22 | dt: 1956.39ms | tok/sec: 267,987 | bf16_mfu: 0.00 | epoch: 1 pq: 26 rg: 14 | total time: 72.02m | eta: 9.3m
step 02234/02520 (88.65%) | loss: 2.876878 | lrm: 0.22 | dt: 1956.49ms | tok/sec: 267,974 | bf16_mfu: 0.00 | epoch: 1 pq: 26 rg: 15 | total time: 72.06m | eta: 9.3m
step 02235/02520 (88.69%) | loss: 2.875345 | lrm: 0.22 | dt: 1954.95ms | tok/sec: 268,184 | bf16_mfu: 0.00 | epoch: 1 pq: 26 rg: 16 | total time: 72.09m | eta: 9.2m
step 02236/02520 (88.73%) | loss: 2.871208 | lrm: 0.21 | dt: 1955.44ms | tok/sec: 268,117 | bf16_mfu: 0.00 | epoch: 1 pq: 26 rg: 17 | total time: 72.12m | eta: 9.2m
step 02237/02520 (88.77%) | loss: 2.868270 | lrm: 0.21 | dt: 1957.49ms | tok/sec: 267,837 | bf16_mfu: 0.00 | epoch: 1 pq: 26 rg: 18 | total time: 72.15m | eta: 9.2m
step 02238/02520 (88.81%) | loss: 2.879122 | lrm: 0.21 | dt: 1957.98ms | tok/sec: 267,769 | bf16_mfu: 0.00 | epoch: 1 pq: 26 rg: 19 | total time: 72.19m | eta: 9.1m
step 02239/02520 (88.85%) | loss: 2.881521 | lrm: 0.21 | dt: 1957.25ms | tok/sec: 267,870 | bf16_mfu: 0.00 | epoch: 1 pq: 26 rg: 20 | total time: 72.22m | eta: 9.1m
step 02240/02520 (88.89%) | loss: 2.885465 | lrm: 0.21 | dt: 1955.77ms | tok/sec: 268,072 | bf16_mfu: 0.00 | epoch: 1 pq: 26 rg: 21 | total time: 72.25m | eta: 9.1m
step 02241/02520 (88.93%) | loss: 2.887044 | lrm: 0.21 | dt: 1956.06ms | tok/sec: 268,033 | bf16_mfu: 0.00 | epoch: 1 pq: 26 rg: 22 | total time: 72.28m | eta: 9.0m
step 02242/02520 (88.97%) | loss: 2.886733 | lrm: 0.21 | dt: 1955.39ms | tok/sec: 268,124 | bf16_mfu: 0.00 | epoch: 1 pq: 26 rg: 23 | total time: 72.32m | eta: 9.0m
step 02243/02520 (89.01%) | loss: 2.878678 | lrm: 0.21 | dt: 1954.71ms | tok/sec: 268,218 | bf16_mfu: 0.00 | epoch: 1 pq: 26 rg: 24 | total time: 72.35m | eta: 9.0m
step 02244/02520 (89.05%) | loss: 2.879029 | lrm: 0.21 | dt: 1955.75ms | tok/sec: 268,074 | bf16_mfu: 0.00 | epoch: 1 pq: 26 rg: 25 | total time: 72.38m | eta: 8.9m
step 02245/02520 (89.09%) | loss: 2.872492 | lrm: 0.21 | dt: 1955.48ms | tok/sec: 268,111 | bf16_mfu: 0.00 | epoch: 1 pq: 26 rg: 26 | total time: 72.42m | eta: 8.9m
step 02246/02520 (89.13%) | loss: 2.877441 | lrm: 0.21 | dt: 1955.64ms | tok/sec: 268,089 | bf16_mfu: 0.00 | epoch: 1 pq: 26 rg: 27 | total time: 72.45m | eta: 8.9m
step 02247/02520 (89.17%) | loss: 2.888385 | lrm: 0.21 | dt: 1956.44ms | tok/sec: 267,980 | bf16_mfu: 0.00 | epoch: 1 pq: 26 rg: 28 | total time: 72.48m | eta: 8.8m
step 02248/02520 (89.21%) | loss: 2.897705 | lrm: 0.21 | dt: 1954.53ms | tok/sec: 268,243 | bf16_mfu: 0.00 | epoch: 1 pq: 26 rg: 29 | total time: 72.51m | eta: 8.8m
step 02249/02520 (89.25%) | loss: 2.912108 | lrm: 0.21 | dt: 1953.62ms | tok/sec: 268,366 | bf16_mfu: 0.00 | epoch: 1 pq: 26 rg: 30 | total time: 72.55m | eta: 8.8m
Step 02250 | Validation bpb: 0.882800
step 02250/02520 (89.29%) | loss: 2.902187 | lrm: 0.21 | dt: 1933.97ms | tok/sec: 271,093 | bf16_mfu: 0.00 | epoch: 1 pq: 26 rg: 31 | total time: 72.58m | eta: 8.7m
step 02251/02520 (89.33%) | loss: 2.896565 | lrm: 0.21 | dt: 1941.85ms | tok/sec: 269,994 | bf16_mfu: 0.00 | epoch: 1 pq: 26 rg: 32 | total time: 72.61m | eta: 8.7m
step 02252/02520 (89.37%) | loss: 2.887849 | lrm: 0.21 | dt: 1942.19ms | tok/sec: 269,947 | bf16_mfu: 0.00 | epoch: 1 pq: 26 rg: 33 | total time: 72.64m | eta: 8.7m
step 02253/02520 (89.40%) | loss: 2.883606 | lrm: 0.20 | dt: 1942.15ms | tok/sec: 269,952 | bf16_mfu: 0.00 | epoch: 1 pq: 26 rg: 34 | total time: 72.67m | eta: 8.7m
step 02254/02520 (89.44%) | loss: 2.877000 | lrm: 0.20 | dt: 1942.14ms | tok/sec: 269,953 | bf16_mfu: 0.00 | epoch: 1 pq: 26 rg: 35 | total time: 72.71m | eta: 8.6m
step 02255/02520 (89.48%) | loss: 2.875653 | lrm: 0.20 | dt: 1942.32ms | tok/sec: 269,928 | bf16_mfu: 0.00 | epoch: 1 pq: 26 rg: 36 | total time: 72.74m | eta: 8.6m
step 02256/02520 (89.52%) | loss: 2.873672 | lrm: 0.20 | dt: 1941.80ms | tok/sec: 270,001 | bf16_mfu: 0.00 | epoch: 1 pq: 26 rg: 37 | total time: 72.77m | eta: 8.6m
step 02257/02520 (89.56%) | loss: 2.877957 | lrm: 0.20 | dt: 1942.96ms | tok/sec: 269,839 | bf16_mfu: 0.00 | epoch: 1 pq: 26 rg: 38 | total time: 72.80m | eta: 8.5m
step 02258/02520 (89.60%) | loss: 2.885787 | lrm: 0.20 | dt: 1943.89ms | tok/sec: 269,710 | bf16_mfu: 0.00 | epoch: 1 pq: 26 rg: 39 | total time: 72.84m | eta: 8.5m
step 02259/02520 (89.64%) | loss: 2.877135 | lrm: 0.20 | dt: 1944.58ms | tok/sec: 269,615 | bf16_mfu: 0.00 | epoch: 1 pq: 26 rg: 40 | total time: 72.87m | eta: 8.5m
step 02260/02520 (89.68%) | loss: 2.877192 | lrm: 0.20 | dt: 1944.21ms | tok/sec: 269,666 | bf16_mfu: 0.00 | epoch: 1 pq: 26 rg: 41 | total time: 72.90m | eta: 8.4m
step 02261/02520 (89.72%) | loss: 2.873674 | lrm: 0.20 | dt: 1943.66ms | tok/sec: 269,742 | bf16_mfu: 0.00 | epoch: 1 pq: 26 rg: 42 | total time: 72.93m | eta: 8.4m
step 02262/02520 (89.76%) | loss: 2.877616 | lrm: 0.20 | dt: 1944.22ms | tok/sec: 269,664 | bf16_mfu: 0.00 | epoch: 1 pq: 26 rg: 43 | total time: 72.97m | eta: 8.4m
step 02263/02520 (89.80%) | loss: 2.879866 | lrm: 0.20 | dt: 1943.80ms | tok/sec: 269,723 | bf16_mfu: 0.00 | epoch: 1 pq: 26 rg: 44 | total time: 73.00m | eta: 8.3m
step 02264/02520 (89.84%) | loss: 2.887679 | lrm: 0.20 | dt: 1945.09ms | tok/sec: 269,544 | bf16_mfu: 0.00 | epoch: 1 pq: 26 rg: 45 | total time: 73.03m | eta: 8.3m
step 02265/02520 (89.88%) | loss: 2.897392 | lrm: 0.20 | dt: 1944.71ms | tok/sec: 269,596 | bf16_mfu: 0.00 | epoch: 1 pq: 26 rg: 46 | total time: 73.06m | eta: 8.3m
step 02266/02520 (89.92%) | loss: 2.909099 | lrm: 0.20 | dt: 1945.24ms | tok/sec: 269,524 | bf16_mfu: 0.00 | epoch: 1 pq: 26 rg: 47 | total time: 73.10m | eta: 8.2m
step 02267/02520 (89.96%) | loss: 2.896880 | lrm: 0.20 | dt: 1945.61ms | tok/sec: 269,472 | bf16_mfu: 0.00 | epoch: 1 pq: 26 rg: 48 | total time: 73.13m | eta: 8.2m
step 02268/02520 (90.00%) | loss: 2.901751 | lrm: 0.20 | dt: 1944.81ms | tok/sec: 269,582 | bf16_mfu: 0.00 | epoch: 1 pq: 26 rg: 49 | total time: 73.16m | eta: 8.2m
step 02269/02520 (90.04%) | loss: 2.902613 | lrm: 0.20 | dt: 1945.77ms | tok/sec: 269,450 | bf16_mfu: 0.00 | epoch: 1 pq: 26 rg: 49 | total time: 73.19m | eta: 8.1m
step 02270/02520 (90.08%) | loss: 2.903078 | lrm: 0.19 | dt: 1946.36ms | tok/sec: 269,368 | bf16_mfu: 0.00 | epoch: 1 pq: 26 rg: 50 | total time: 73.23m | eta: 8.1m
step 02271/02520 (90.12%) | loss: 2.908115 | lrm: 0.19 | dt: 1947.11ms | tok/sec: 269,264 | bf16_mfu: 0.00 | epoch: 1 pq: 26 rg: 51 | total time: 73.26m | eta: 8.1m
step 02272/02520 (90.16%) | loss: 2.913292 | lrm: 0.19 | dt: 1947.69ms | tok/sec: 269,184 | bf16_mfu: 0.00 | epoch: 1 pq: 26 rg: 52 | total time: 73.29m | eta: 8.0m
step 02273/02520 (90.20%) | loss: 2.915952 | lrm: 0.19 | dt: 1946.94ms | tok/sec: 269,288 | bf16_mfu: 0.00 | epoch: 1 pq: 26 rg: 53 | total time: 73.32m | eta: 8.0m
step 02274/02520 (90.24%) | loss: 2.911960 | lrm: 0.19 | dt: 1946.38ms | tok/sec: 269,366 | bf16_mfu: 0.00 | epoch: 1 pq: 26 rg: 54 | total time: 73.36m | eta: 8.0m
step 02275/02520 (90.28%) | loss: 2.918366 | lrm: 0.19 | dt: 1945.53ms | tok/sec: 269,483 | bf16_mfu: 0.00 | epoch: 1 pq: 26 rg: 55 | total time: 73.39m | eta: 7.9m
step 02276/02520 (90.32%) | loss: 2.908913 | lrm: 0.19 | dt: 1946.42ms | tok/sec: 269,359 | bf16_mfu: 0.00 | epoch: 1 pq: 26 rg: 56 | total time: 73.42m | eta: 7.9m
step 02277/02520 (90.36%) | loss: 2.914005 | lrm: 0.19 | dt: 1947.90ms | tok/sec: 269,156 | bf16_mfu: 0.00 | epoch: 1 pq: 26 rg: 57 | total time: 73.45m | eta: 7.9m
step 02278/02520 (90.40%) | loss: 2.914397 | lrm: 0.19 | dt: 1947.13ms | tok/sec: 269,262 | bf16_mfu: 0.00 | epoch: 1 pq: 26 rg: 58 | total time: 73.49m | eta: 7.8m
step 02279/02520 (90.44%) | loss: 2.888794 | lrm: 0.19 | dt: 1945.79ms | tok/sec: 269,447 | bf16_mfu: 0.00 | epoch: 1 pq: 26 rg: 59 | total time: 73.52m | eta: 7.8m
step 02280/02520 (90.48%) | loss: 2.878945 | lrm: 0.19 | dt: 1946.54ms | tok/sec: 269,343 | bf16_mfu: 0.00 | epoch: 1 pq: 26 rg: 60 | total time: 73.55m | eta: 7.8m
step 02281/02520 (90.52%) | loss: 2.881280 | lrm: 0.19 | dt: 1946.25ms | tok/sec: 269,382 | bf16_mfu: 0.00 | epoch: 1 pq: 26 rg: 61 | total time: 73.58m | eta: 7.7m
step 02282/02520 (90.56%) | loss: 2.885817 | lrm: 0.19 | dt: 1944.99ms | tok/sec: 269,558 | bf16_mfu: 0.00 | epoch: 1 pq: 26 rg: 62 | total time: 73.62m | eta: 7.7m
step 02283/02520 (90.60%) | loss: 2.882166 | lrm: 0.19 | dt: 1949.01ms | tok/sec: 269,002 | bf16_mfu: 0.00 | epoch: 1 pq: 26 rg: 63 | total time: 73.65m | eta: 7.7m
step 02284/02520 (90.63%) | loss: 2.874945 | lrm: 0.19 | dt: 1947.17ms | tok/sec: 269,256 | bf16_mfu: 0.00 | epoch: 1 pq: 26 rg: 64 | total time: 73.68m | eta: 7.6m
step 02285/02520 (90.67%) | loss: 2.870807 | lrm: 0.19 | dt: 1947.14ms | tok/sec: 269,260 | bf16_mfu: 0.00 | epoch: 1 pq: 26 rg: 65 | total time: 73.71m | eta: 7.6m
step 02286/02520 (90.71%) | loss: 2.888286 | lrm: 0.19 | dt: 1946.45ms | tok/sec: 269,356 | bf16_mfu: 0.00 | epoch: 1 pq: 26 rg: 66 | total time: 73.74m | eta: 7.6m
step 02287/02520 (90.75%) | loss: 2.897106 | lrm: 0.19 | dt: 1945.28ms | tok/sec: 269,517 | bf16_mfu: 0.00 | epoch: 1 pq: 26 rg: 67 | total time: 73.78m | eta: 7.5m
step 02288/02520 (90.79%) | loss: 2.895815 | lrm: 0.18 | dt: 1948.79ms | tok/sec: 269,032 | bf16_mfu: 0.00 | epoch: 1 pq: 26 rg: 68 | total time: 73.81m | eta: 7.5m
step 02289/02520 (90.83%) | loss: 2.902038 | lrm: 0.18 | dt: 1946.56ms | tok/sec: 269,341 | bf16_mfu: 0.00 | epoch: 1 pq: 26 rg: 69 | total time: 73.84m | eta: 7.5m
step 02290/02520 (90.87%) | loss: 2.898129 | lrm: 0.18 | dt: 1947.21ms | tok/sec: 269,251 | bf16_mfu: 0.00 | epoch: 1 pq: 26 rg: 70 | total time: 73.87m | eta: 7.5m
step 02291/02520 (90.91%) | loss: 2.905009 | lrm: 0.18 | dt: 1947.58ms | tok/sec: 269,200 | bf16_mfu: 0.00 | epoch: 1 pq: 26 rg: 71 | total time: 73.91m | eta: 7.4m
step 02292/02520 (90.95%) | loss: 2.907357 | lrm: 0.18 | dt: 1947.09ms | tok/sec: 269,267 | bf16_mfu: 0.00 | epoch: 1 pq: 26 rg: 72 | total time: 73.94m | eta: 7.4m
step 02293/02520 (90.99%) | loss: 2.917852 | lrm: 0.18 | dt: 1946.38ms | tok/sec: 269,366 | bf16_mfu: 0.00 | epoch: 1 pq: 26 rg: 73 | total time: 73.97m | eta: 7.4m
step 02294/02520 (91.03%) | loss: 2.909533 | lrm: 0.18 | dt: 1946.45ms | tok/sec: 269,356 | bf16_mfu: 0.00 | epoch: 1 pq: 26 rg: 74 | total time: 74.00m | eta: 7.3m
step 02295/02520 (91.07%) | loss: 2.901584 | lrm: 0.18 | dt: 1946.42ms | tok/sec: 269,360 | bf16_mfu: 0.00 | epoch: 1 pq: 26 rg: 75 | total time: 74.04m | eta: 7.3m
step 02296/02520 (91.11%) | loss: 2.908393 | lrm: 0.18 | dt: 1946.35ms | tok/sec: 269,370 | bf16_mfu: 0.00 | epoch: 1 pq: 26 rg: 76 | total time: 74.07m | eta: 7.3m
step 02297/02520 (91.15%) | loss: 2.923627 | lrm: 0.18 | dt: 1946.94ms | tok/sec: 269,288 | bf16_mfu: 0.00 | epoch: 1 pq: 26 rg: 77 | total time: 74.10m | eta: 7.2m
step 02298/02520 (91.19%) | loss: 2.917268 | lrm: 0.18 | dt: 1947.61ms | tok/sec: 269,194 | bf16_mfu: 0.00 | epoch: 1 pq: 26 rg: 78 | total time: 74.13m | eta: 7.2m
step 02299/02520 (91.23%) | loss: 2.905952 | lrm: 0.18 | dt: 1947.97ms | tok/sec: 269,146 | bf16_mfu: 0.00 | epoch: 1 pq: 26 rg: 79 | total time: 74.17m | eta: 7.2m
step 02300/02520 (91.27%) | loss: 2.908374 | lrm: 0.18 | dt: 1947.13ms | tok/sec: 269,262 | bf16_mfu: 0.00 | epoch: 1 pq: 26 rg: 80 | total time: 74.20m | eta: 7.1m
step 02301/02520 (91.31%) | loss: 2.910922 | lrm: 0.18 | dt: 1945.41ms | tok/sec: 269,500 | bf16_mfu: 0.00 | epoch: 1 pq: 26 rg: 80 | total time: 74.23m | eta: 7.1m
step 02302/02520 (91.35%) | loss: 2.904313 | lrm: 0.18 | dt: 1947.12ms | tok/sec: 269,263 | bf16_mfu: 0.00 | epoch: 1 pq: 26 rg: 81 | total time: 74.26m | eta: 7.1m
step 02303/02520 (91.39%) | loss: 2.900340 | lrm: 0.18 | dt: 1947.27ms | tok/sec: 269,243 | bf16_mfu: 0.00 | epoch: 1 pq: 26 rg: 82 | total time: 74.30m | eta: 7.0m
step 02304/02520 (91.43%) | loss: 2.901656 | lrm: 0.18 | dt: 1948.24ms | tok/sec: 269,109 | bf16_mfu: 0.00 | epoch: 1 pq: 27 rg: 0 | total time: 74.33m | eta: 7.0m
step 02305/02520 (91.47%) | loss: 2.894826 | lrm: 0.17 | dt: 1948.34ms | tok/sec: 269,094 | bf16_mfu: 0.00 | epoch: 1 pq: 27 rg: 1 | total time: 74.36m | eta: 7.0m
step 02306/02520 (91.51%) | loss: 2.896568 | lrm: 0.17 | dt: 1946.77ms | tok/sec: 269,311 | bf16_mfu: 0.00 | epoch: 1 pq: 27 rg: 2 | total time: 74.39m | eta: 6.9m
step 02307/02520 (91.55%) | loss: 2.899843 | lrm: 0.17 | dt: 1946.94ms | tok/sec: 269,288 | bf16_mfu: 0.00 | epoch: 1 pq: 27 rg: 3 | total time: 74.43m | eta: 6.9m
step 02308/02520 (91.59%) | loss: 2.896992 | lrm: 0.17 | dt: 1947.81ms | tok/sec: 269,167 | bf16_mfu: 0.00 | epoch: 1 pq: 27 rg: 4 | total time: 74.46m | eta: 6.9m
step 02309/02520 (91.63%) | loss: 2.901639 | lrm: 0.17 | dt: 1948.14ms | tok/sec: 269,122 | bf16_mfu: 0.00 | epoch: 1 pq: 27 rg: 5 | total time: 74.49m | eta: 6.8m
step 02310/02520 (91.67%) | loss: 2.908318 | lrm: 0.17 | dt: 1946.84ms | tok/sec: 269,302 | bf16_mfu: 0.00 | epoch: 1 pq: 27 rg: 6 | total time: 74.52m | eta: 6.8m
step 02311/02520 (91.71%) | loss: 2.910086 | lrm: 0.17 | dt: 1947.22ms | tok/sec: 269,250 | bf16_mfu: 0.00 | epoch: 1 pq: 27 rg: 7 | total time: 74.56m | eta: 6.8m
step 02312/02520 (91.75%) | loss: 2.895558 | lrm: 0.17 | dt: 1947.67ms | tok/sec: 269,186 | bf16_mfu: 0.00 | epoch: 1 pq: 27 rg: 8 | total time: 74.59m | eta: 6.7m
step 02313/02520 (91.79%) | loss: 2.891157 | lrm: 0.17 | dt: 1948.01ms | tok/sec: 269,140 | bf16_mfu: 0.00 | epoch: 1 pq: 27 rg: 9 | total time: 74.62m | eta: 6.7m
step 02314/02520 (91.83%) | loss: 2.898677 | lrm: 0.17 | dt: 1946.84ms | tok/sec: 269,301 | bf16_mfu: 0.00 | epoch: 1 pq: 27 rg: 10 | total time: 74.65m | eta: 6.7m
step 02315/02520 (91.87%) | loss: 2.893391 | lrm: 0.17 | dt: 1947.50ms | tok/sec: 269,210 | bf16_mfu: 0.00 | epoch: 1 pq: 27 rg: 11 | total time: 74.69m | eta: 6.6m
step 02316/02520 (91.90%) | loss: 2.898272 | lrm: 0.17 | dt: 1947.40ms | tok/sec: 269,224 | bf16_mfu: 0.00 | epoch: 1 pq: 27 rg: 12 | total time: 74.72m | eta: 6.6m
step 02317/02520 (91.94%) | loss: 2.883666 | lrm: 0.17 | dt: 1947.45ms | tok/sec: 269,217 | bf16_mfu: 0.00 | epoch: 1 pq: 27 rg: 13 | total time: 74.75m | eta: 6.6m
step 02318/02520 (91.98%) | loss: 2.879220 | lrm: 0.17 | dt: 1948.18ms | tok/sec: 269,116 | bf16_mfu: 0.00 | epoch: 1 pq: 27 rg: 14 | total time: 74.78m | eta: 6.5m
step 02319/02520 (92.02%) | loss: 2.877639 | lrm: 0.17 | dt: 1947.83ms | tok/sec: 269,165 | bf16_mfu: 0.00 | epoch: 1 pq: 27 rg: 15 | total time: 74.82m | eta: 6.5m
step 02320/02520 (92.06%) | loss: 2.879587 | lrm: 0.17 | dt: 1948.46ms | tok/sec: 269,078 | bf16_mfu: 0.00 | epoch: 1 pq: 27 rg: 16 | total time: 74.85m | eta: 6.5m
step 02321/02520 (92.10%) | loss: 2.877533 | lrm: 0.17 | dt: 1948.67ms | tok/sec: 269,049 | bf16_mfu: 0.00 | epoch: 1 pq: 27 rg: 17 | total time: 74.88m | eta: 6.4m
step 02322/02520 (92.14%) | loss: 2.884262 | lrm: 0.16 | dt: 1947.24ms | tok/sec: 269,246 | bf16_mfu: 0.00 | epoch: 1 pq: 27 rg: 18 | total time: 74.91m | eta: 6.4m
step 02323/02520 (92.18%) | loss: 2.885291 | lrm: 0.16 | dt: 1946.89ms | tok/sec: 269,294 | bf16_mfu: 0.00 | epoch: 1 pq: 27 rg: 19 | total time: 74.95m | eta: 6.4m
step 02324/02520 (92.22%) | loss: 2.889040 | lrm: 0.16 | dt: 1948.11ms | tok/sec: 269,125 | bf16_mfu: 0.00 | epoch: 1 pq: 27 rg: 20 | total time: 74.98m | eta: 6.4m
step 02325/02520 (92.26%) | loss: 2.888133 | lrm: 0.16 | dt: 1946.37ms | tok/sec: 269,367 | bf16_mfu: 0.00 | epoch: 1 pq: 27 rg: 21 | total time: 75.01m | eta: 6.3m
step 02326/02520 (92.30%) | loss: 2.878153 | lrm: 0.16 | dt: 1947.38ms | tok/sec: 269,226 | bf16_mfu: 0.00 | epoch: 1 pq: 27 rg: 22 | total time: 75.04m | eta: 6.3m
step 02327/02520 (92.34%) | loss: 2.885240 | lrm: 0.16 | dt: 1945.95ms | tok/sec: 269,424 | bf16_mfu: 0.00 | epoch: 1 pq: 27 rg: 23 | total time: 75.08m | eta: 6.3m
step 02328/02520 (92.38%) | loss: 2.894389 | lrm: 0.16 | dt: 1945.92ms | tok/sec: 269,429 | bf16_mfu: 0.00 | epoch: 1 pq: 27 rg: 24 | total time: 75.11m | eta: 6.2m
step 02329/02520 (92.42%) | loss: 2.890691 | lrm: 0.16 | dt: 1946.26ms | tok/sec: 269,382 | bf16_mfu: 0.00 | epoch: 1 pq: 27 rg: 25 | total time: 75.14m | eta: 6.2m
step 02330/02520 (92.46%) | loss: 2.885163 | lrm: 0.16 | dt: 1947.46ms | tok/sec: 269,216 | bf16_mfu: 0.00 | epoch: 1 pq: 27 rg: 26 | total time: 75.17m | eta: 6.2m
step 02331/02520 (92.50%) | loss: 2.888025 | lrm: 0.16 | dt: 1945.74ms | tok/sec: 269,453 | bf16_mfu: 0.00 | epoch: 1 pq: 27 rg: 26 | total time: 75.21m | eta: 6.1m
step 02332/02520 (92.54%) | loss: 2.885544 | lrm: 0.16 | dt: 1946.01ms | tok/sec: 269,416 | bf16_mfu: 0.00 | epoch: 1 pq: 27 rg: 27 | total time: 75.24m | eta: 6.1m
step 02333/02520 (92.58%) | loss: 2.874553 | lrm: 0.16 | dt: 1946.18ms | tok/sec: 269,393 | bf16_mfu: 0.00 | epoch: 1 pq: 27 rg: 28 | total time: 75.27m | eta: 6.1m
step 02334/02520 (92.62%) | loss: 2.864497 | lrm: 0.16 | dt: 1946.31ms | tok/sec: 269,375 | bf16_mfu: 0.00 | epoch: 1 pq: 27 rg: 29 | total time: 75.30m | eta: 6.0m
step 02335/02520 (92.66%) | loss: 2.872075 | lrm: 0.16 | dt: 1945.93ms | tok/sec: 269,428 | bf16_mfu: 0.00 | epoch: 1 pq: 27 rg: 30 | total time: 75.34m | eta: 6.0m
step 02336/02520 (92.70%) | loss: 2.872421 | lrm: 0.16 | dt: 1945.68ms | tok/sec: 269,463 | bf16_mfu: 0.00 | epoch: 1 pq: 27 rg: 31 | total time: 75.37m | eta: 6.0m
step 02337/02520 (92.74%) | loss: 2.871340 | lrm: 0.16 | dt: 1947.26ms | tok/sec: 269,243 | bf16_mfu: 0.00 | epoch: 1 pq: 27 rg: 32 | total time: 75.40m | eta: 5.9m
step 02338/02520 (92.78%) | loss: 2.876121 | lrm: 0.16 | dt: 1947.44ms | tok/sec: 269,218 | bf16_mfu: 0.00 | epoch: 1 pq: 27 rg: 33 | total time: 75.43m | eta: 5.9m
step 02339/02520 (92.82%) | loss: 2.870830 | lrm: 0.15 | dt: 1947.25ms | tok/sec: 269,245 | bf16_mfu: 0.00 | epoch: 1 pq: 27 rg: 34 | total time: 75.46m | eta: 5.9m
step 02340/02520 (92.86%) | loss: 2.874312 | lrm: 0.15 | dt: 1947.30ms | tok/sec: 269,238 | bf16_mfu: 0.00 | epoch: 1 pq: 27 rg: 35 | total time: 75.50m | eta: 5.8m
step 02341/02520 (92.90%) | loss: 2.875511 | lrm: 0.15 | dt: 1947.29ms | tok/sec: 269,240 | bf16_mfu: 0.00 | epoch: 1 pq: 27 rg: 36 | total time: 75.53m | eta: 5.8m
step 02342/02520 (92.94%) | loss: 2.884940 | lrm: 0.15 | dt: 1948.01ms | tok/sec: 269,140 | bf16_mfu: 0.00 | epoch: 1 pq: 27 rg: 37 | total time: 75.56m | eta: 5.8m
step 02343/02520 (92.98%) | loss: 2.884998 | lrm: 0.15 | dt: 1946.71ms | tok/sec: 269,319 | bf16_mfu: 0.00 | epoch: 1 pq: 27 rg: 38 | total time: 75.59m | eta: 5.7m
step 02344/02520 (93.02%) | loss: 2.878499 | lrm: 0.15 | dt: 1945.32ms | tok/sec: 269,512 | bf16_mfu: 0.00 | epoch: 1 pq: 27 rg: 39 | total time: 75.63m | eta: 5.7m
step 02345/02520 (93.06%) | loss: 2.883591 | lrm: 0.15 | dt: 1945.35ms | tok/sec: 269,508 | bf16_mfu: 0.00 | epoch: 1 pq: 27 rg: 40 | total time: 75.66m | eta: 5.7m
step 02346/02520 (93.10%) | loss: 2.889573 | lrm: 0.15 | dt: 1945.66ms | tok/sec: 269,465 | bf16_mfu: 0.00 | epoch: 1 pq: 27 rg: 41 | total time: 75.69m | eta: 5.6m
step 02347/02520 (93.13%) | loss: 2.902915 | lrm: 0.15 | dt: 1946.14ms | tok/sec: 269,398 | bf16_mfu: 0.00 | epoch: 1 pq: 27 rg: 42 | total time: 75.72m | eta: 5.6m
step 02348/02520 (93.17%) | loss: 2.889972 | lrm: 0.15 | dt: 1946.70ms | tok/sec: 269,320 | bf16_mfu: 0.00 | epoch: 1 pq: 27 rg: 43 | total time: 75.76m | eta: 5.6m
step 02349/02520 (93.21%) | loss: 2.890468 | lrm: 0.15 | dt: 1946.86ms | tok/sec: 269,299 | bf16_mfu: 0.00 | epoch: 1 pq: 27 rg: 44 | total time: 75.79m | eta: 5.5m
step 02350/02520 (93.25%) | loss: 2.885764 | lrm: 0.15 | dt: 1947.58ms | tok/sec: 269,199 | bf16_mfu: 0.00 | epoch: 1 pq: 27 rg: 45 | total time: 75.82m | eta: 5.5m
step 02351/02520 (93.29%) | loss: 2.887223 | lrm: 0.15 | dt: 1947.92ms | tok/sec: 269,152 | bf16_mfu: 0.00 | epoch: 1 pq: 27 rg: 46 | total time: 75.85m | eta: 5.5m
step 02352/02520 (93.33%) | loss: 2.886342 | lrm: 0.15 | dt: 1948.37ms | tok/sec: 269,090 | bf16_mfu: 0.00 | epoch: 1 pq: 27 rg: 47 | total time: 75.89m | eta: 5.4m
step 02353/02520 (93.37%) | loss: 2.883669 | lrm: 0.15 | dt: 1947.72ms | tok/sec: 269,179 | bf16_mfu: 0.00 | epoch: 1 pq: 27 rg: 48 | total time: 75.92m | eta: 5.4m
step 02354/02520 (93.41%) | loss: 2.883262 | lrm: 0.15 | dt: 1946.99ms | tok/sec: 269,281 | bf16_mfu: 0.00 | epoch: 1 pq: 27 rg: 49 | total time: 75.95m | eta: 5.4m
step 02355/02520 (93.45%) | loss: 2.878553 | lrm: 0.15 | dt: 1948.52ms | tok/sec: 269,070 | bf16_mfu: 0.00 | epoch: 1 pq: 27 rg: 50 | total time: 75.98m | eta: 5.3m
step 02356/02520 (93.49%) | loss: 2.877689 | lrm: 0.15 | dt: 1945.64ms | tok/sec: 269,468 | bf16_mfu: 0.00 | epoch: 1 pq: 27 rg: 51 | total time: 76.02m | eta: 5.3m
step 02357/02520 (93.53%) | loss: 2.892381 | lrm: 0.14 | dt: 1946.99ms | tok/sec: 269,281 | bf16_mfu: 0.00 | epoch: 1 pq: 27 rg: 52 | total time: 76.05m | eta: 5.3m
step 02358/02520 (93.57%) | loss: 2.884014 | lrm: 0.14 | dt: 1947.53ms | tok/sec: 269,206 | bf16_mfu: 0.00 | epoch: 1 pq: 27 rg: 53 | total time: 76.08m | eta: 5.2m
step 02359/02520 (93.61%) | loss: 2.879074 | lrm: 0.14 | dt: 1945.57ms | tok/sec: 269,477 | bf16_mfu: 0.00 | epoch: 1 pq: 27 rg: 54 | total time: 76.11m | eta: 5.2m
step 02360/02520 (93.65%) | loss: 2.879286 | lrm: 0.14 | dt: 1944.82ms | tok/sec: 269,582 | bf16_mfu: 0.00 | epoch: 1 pq: 27 rg: 54 | total time: 76.15m | eta: 5.2m
step 02361/02520 (93.69%) | loss: 2.885100 | lrm: 0.14 | dt: 1946.38ms | tok/sec: 269,365 | bf16_mfu: 0.00 | epoch: 1 pq: 27 rg: 55 | total time: 76.18m | eta: 5.2m
step 02362/02520 (93.73%) | loss: 2.886671 | lrm: 0.14 | dt: 1944.85ms | tok/sec: 269,578 | bf16_mfu: 0.00 | epoch: 1 pq: 27 rg: 56 | total time: 76.21m | eta: 5.1m
step 02363/02520 (93.77%) | loss: 2.888801 | lrm: 0.14 | dt: 1946.79ms | tok/sec: 269,309 | bf16_mfu: 0.00 | epoch: 1 pq: 27 rg: 57 | total time: 76.24m | eta: 5.1m
step 02364/02520 (93.81%) | loss: 2.881464 | lrm: 0.14 | dt: 1945.79ms | tok/sec: 269,447 | bf16_mfu: 0.00 | epoch: 1 pq: 27 rg: 58 | total time: 76.28m | eta: 5.1m
step 02365/02520 (93.85%) | loss: 2.864188 | lrm: 0.14 | dt: 1945.02ms | tok/sec: 269,554 | bf16_mfu: 0.00 | epoch: 1 pq: 27 rg: 59 | total time: 76.31m | eta: 5.0m
step 02366/02520 (93.89%) | loss: 2.873110 | lrm: 0.14 | dt: 1946.09ms | tok/sec: 269,405 | bf16_mfu: 0.00 | epoch: 1 pq: 27 rg: 60 | total time: 76.34m | eta: 5.0m
step 02367/02520 (93.93%) | loss: 2.876769 | lrm: 0.14 | dt: 1945.48ms | tok/sec: 269,490 | bf16_mfu: 0.00 | epoch: 1 pq: 27 rg: 61 | total time: 76.37m | eta: 5.0m
step 02368/02520 (93.97%) | loss: 2.866307 | lrm: 0.14 | dt: 1945.52ms | tok/sec: 269,484 | bf16_mfu: 0.00 | epoch: 1 pq: 27 rg: 62 | total time: 76.41m | eta: 4.9m
step 02369/02520 (94.01%) | loss: 2.875769 | lrm: 0.14 | dt: 1946.09ms | tok/sec: 269,405 | bf16_mfu: 0.00 | epoch: 1 pq: 27 rg: 63 | total time: 76.44m | eta: 4.9m
step 02370/02520 (94.05%) | loss: 2.866472 | lrm: 0.14 | dt: 1945.93ms | tok/sec: 269,428 | bf16_mfu: 0.00 | epoch: 1 pq: 27 rg: 64 | total time: 76.47m | eta: 4.9m
step 02371/02520 (94.09%) | loss: 2.853726 | lrm: 0.14 | dt: 1946.52ms | tok/sec: 269,346 | bf16_mfu: 0.00 | epoch: 1 pq: 27 rg: 65 | total time: 76.50m | eta: 4.8m
step 02372/02520 (94.13%) | loss: 2.839187 | lrm: 0.14 | dt: 1945.57ms | tok/sec: 269,477 | bf16_mfu: 0.00 | epoch: 1 pq: 27 rg: 66 | total time: 76.54m | eta: 4.8m
step 02373/02520 (94.17%) | loss: 2.840708 | lrm: 0.14 | dt: 1946.64ms | tok/sec: 269,330 | bf16_mfu: 0.00 | epoch: 1 pq: 27 rg: 67 | total time: 76.57m | eta: 4.8m
step 02374/02520 (94.21%) | loss: 2.842914 | lrm: 0.13 | dt: 1946.97ms | tok/sec: 269,284 | bf16_mfu: 0.00 | epoch: 1 pq: 27 rg: 68 | total time: 76.60m | eta: 4.7m
step 02375/02520 (94.25%) | loss: 2.853723 | lrm: 0.13 | dt: 1946.74ms | tok/sec: 269,315 | bf16_mfu: 0.00 | epoch: 1 pq: 27 rg: 69 | total time: 76.63m | eta: 4.7m
step 02376/02520 (94.29%) | loss: 2.854806 | lrm: 0.13 | dt: 1945.75ms | tok/sec: 269,453 | bf16_mfu: 0.00 | epoch: 1 pq: 27 rg: 70 | total time: 76.67m | eta: 4.7m
step 02377/02520 (94.33%) | loss: 2.843739 | lrm: 0.13 | dt: 1946.42ms | tok/sec: 269,359 | bf16_mfu: 0.00 | epoch: 1 pq: 27 rg: 71 | total time: 76.70m | eta: 4.6m
step 02378/02520 (94.37%) | loss: 2.850257 | lrm: 0.13 | dt: 1945.15ms | tok/sec: 269,535 | bf16_mfu: 0.00 | epoch: 1 pq: 27 rg: 72 | total time: 76.73m | eta: 4.6m
step 02379/02520 (94.40%) | loss: 2.859163 | lrm: 0.13 | dt: 1945.90ms | tok/sec: 269,431 | bf16_mfu: 0.00 | epoch: 1 pq: 27 rg: 73 | total time: 76.76m | eta: 4.6m
step 02380/02520 (94.44%) | loss: 2.841828 | lrm: 0.13 | dt: 1946.21ms | tok/sec: 269,389 | bf16_mfu: 0.00 | epoch: 1 pq: 27 rg: 74 | total time: 76.79m | eta: 4.5m
step 02381/02520 (94.48%) | loss: 2.829250 | lrm: 0.13 | dt: 1945.10ms | tok/sec: 269,543 | bf16_mfu: 0.00 | epoch: 1 pq: 27 rg: 75 | total time: 76.83m | eta: 4.5m
step 02382/02520 (94.52%) | loss: 2.831486 | lrm: 0.13 | dt: 1946.80ms | tok/sec: 269,308 | bf16_mfu: 0.00 | epoch: 1 pq: 27 rg: 76 | total time: 76.86m | eta: 4.5m
step 02383/02520 (94.56%) | loss: 2.823100 | lrm: 0.13 | dt: 1946.04ms | tok/sec: 269,413 | bf16_mfu: 0.00 | epoch: 1 pq: 27 rg: 77 | total time: 76.89m | eta: 4.4m
step 02384/02520 (94.60%) | loss: 2.824608 | lrm: 0.13 | dt: 1946.51ms | tok/sec: 269,347 | bf16_mfu: 0.00 | epoch: 1 pq: 27 rg: 78 | total time: 76.92m | eta: 4.4m
step 02385/02520 (94.64%) | loss: 2.818325 | lrm: 0.13 | dt: 1946.48ms | tok/sec: 269,352 | bf16_mfu: 0.00 | epoch: 1 pq: 27 rg: 79 | total time: 76.96m | eta: 4.4m
step 02386/02520 (94.68%) | loss: 2.815715 | lrm: 0.13 | dt: 1947.00ms | tok/sec: 269,279 | bf16_mfu: 0.00 | epoch: 1 pq: 27 rg: 80 | total time: 76.99m | eta: 4.3m
step 02387/02520 (94.72%) | loss: 2.825538 | lrm: 0.13 | dt: 1945.56ms | tok/sec: 269,478 | bf16_mfu: 0.00 | epoch: 1 pq: 27 rg: 81 | total time: 77.02m | eta: 4.3m
step 02388/02520 (94.76%) | loss: 2.833407 | lrm: 0.13 | dt: 1945.02ms | tok/sec: 269,553 | bf16_mfu: 0.00 | epoch: 1 pq: 28 rg: 0 | total time: 77.05m | eta: 4.3m
step 02389/02520 (94.80%) | loss: 2.832335 | lrm: 0.13 | dt: 1946.12ms | tok/sec: 269,402 | bf16_mfu: 0.00 | epoch: 1 pq: 28 rg: 1 | total time: 77.09m | eta: 4.2m
step 02390/02520 (94.84%) | loss: 2.843834 | lrm: 0.13 | dt: 1945.41ms | tok/sec: 269,499 | bf16_mfu: 0.00 | epoch: 1 pq: 28 rg: 2 | total time: 77.12m | eta: 4.2m
step 02391/02520 (94.88%) | loss: 2.833651 | lrm: 0.12 | dt: 1946.56ms | tok/sec: 269,341 | bf16_mfu: 0.00 | epoch: 1 pq: 28 rg: 3 | total time: 77.15m | eta: 4.2m
step 02392/02520 (94.92%) | loss: 2.826367 | lrm: 0.12 | dt: 1946.98ms | tok/sec: 269,282 | bf16_mfu: 0.00 | epoch: 1 pq: 28 rg: 4 | total time: 77.18m | eta: 4.1m
step 02393/02520 (94.96%) | loss: 2.834065 | lrm: 0.12 | dt: 1946.86ms | tok/sec: 269,299 | bf16_mfu: 0.00 | epoch: 1 pq: 28 rg: 5 | total time: 77.22m | eta: 4.1m
step 02394/02520 (95.00%) | loss: 2.842013 | lrm: 0.12 | dt: 1945.63ms | tok/sec: 269,468 | bf16_mfu: 0.00 | epoch: 1 pq: 28 rg: 6 | total time: 77.25m | eta: 4.1m
step 02395/02520 (95.04%) | loss: 2.839005 | lrm: 0.12 | dt: 1946.49ms | tok/sec: 269,351 | bf16_mfu: 0.00 | epoch: 1 pq: 28 rg: 7 | total time: 77.28m | eta: 4.1m
step 02396/02520 (95.08%) | loss: 2.827596 | lrm: 0.12 | dt: 1946.08ms | tok/sec: 269,407 | bf16_mfu: 0.00 | epoch: 1 pq: 28 rg: 8 | total time: 77.31m | eta: 4.0m
step 02397/02520 (95.12%) | loss: 2.833775 | lrm: 0.12 | dt: 1945.93ms | tok/sec: 269,428 | bf16_mfu: 0.00 | epoch: 1 pq: 28 rg: 8 | total time: 77.35m | eta: 4.0m
step 02398/02520 (95.16%) | loss: 2.835952 | lrm: 0.12 | dt: 1946.04ms | tok/sec: 269,412 | bf16_mfu: 0.00 | epoch: 1 pq: 28 rg: 9 | total time: 77.38m | eta: 4.0m
step 02399/02520 (95.20%) | loss: 2.828885 | lrm: 0.12 | dt: 1945.40ms | tok/sec: 269,501 | bf16_mfu: 0.00 | epoch: 1 pq: 28 rg: 10 | total time: 77.41m | eta: 3.9m
step 02400/02520 (95.24%) | loss: 2.827055 | lrm: 0.12 | dt: 1946.06ms | tok/sec: 269,409 | bf16_mfu: 0.00 | epoch: 1 pq: 28 rg: 11 | total time: 77.44m | eta: 3.9m
step 02401/02520 (95.28%) | loss: 2.825518 | lrm: 0.12 | dt: 1945.12ms | tok/sec: 269,539 | bf16_mfu: 0.00 | epoch: 1 pq: 28 rg: 12 | total time: 77.48m | eta: 3.9m
step 02402/02520 (95.32%) | loss: 2.819941 | lrm: 0.12 | dt: 1946.76ms | tok/sec: 269,313 | bf16_mfu: 0.00 | epoch: 1 pq: 28 rg: 13 | total time: 77.51m | eta: 3.8m
step 02403/02520 (95.36%) | loss: 2.820017 | lrm: 0.12 | dt: 1944.84ms | tok/sec: 269,579 | bf16_mfu: 0.00 | epoch: 1 pq: 28 rg: 14 | total time: 77.54m | eta: 3.8m
step 02404/02520 (95.40%) | loss: 2.822897 | lrm: 0.12 | dt: 1944.24ms | tok/sec: 269,662 | bf16_mfu: 0.00 | epoch: 1 pq: 28 rg: 15 | total time: 77.57m | eta: 3.8m
step 02405/02520 (95.44%) | loss: 2.821295 | lrm: 0.12 | dt: 1946.60ms | tok/sec: 269,335 | bf16_mfu: 0.00 | epoch: 1 pq: 28 rg: 16 | total time: 77.61m | eta: 3.7m
step 02406/02520 (95.48%) | loss: 2.812781 | lrm: 0.12 | dt: 1945.95ms | tok/sec: 269,425 | bf16_mfu: 0.00 | epoch: 1 pq: 28 rg: 17 | total time: 77.64m | eta: 3.7m
step 02407/02520 (95.52%) | loss: 2.824088 | lrm: 0.12 | dt: 1945.26ms | tok/sec: 269,521 | bf16_mfu: 0.00 | epoch: 1 pq: 28 rg: 18 | total time: 77.67m | eta: 3.7m
step 02408/02520 (95.56%) | loss: 2.814724 | lrm: 0.11 | dt: 1944.88ms | tok/sec: 269,573 | bf16_mfu: 0.00 | epoch: 1 pq: 28 rg: 19 | total time: 77.70m | eta: 3.6m
step 02409/02520 (95.60%) | loss: 2.821044 | lrm: 0.11 | dt: 1945.34ms | tok/sec: 269,509 | bf16_mfu: 0.00 | epoch: 1 pq: 28 rg: 20 | total time: 77.74m | eta: 3.6m
step 02410/02520 (95.63%) | loss: 2.803725 | lrm: 0.11 | dt: 1945.66ms | tok/sec: 269,464 | bf16_mfu: 0.00 | epoch: 1 pq: 28 rg: 21 | total time: 77.77m | eta: 3.6m
step 02411/02520 (95.67%) | loss: 2.811433 | lrm: 0.11 | dt: 1944.28ms | tok/sec: 269,656 | bf16_mfu: 0.00 | epoch: 1 pq: 28 rg: 22 | total time: 77.80m | eta: 3.5m
step 02412/02520 (95.71%) | loss: 2.826959 | lrm: 0.11 | dt: 1944.51ms | tok/sec: 269,624 | bf16_mfu: 0.00 | epoch: 1 pq: 28 rg: 23 | total time: 77.83m | eta: 3.5m
step 02413/02520 (95.75%) | loss: 2.831220 | lrm: 0.11 | dt: 1945.37ms | tok/sec: 269,505 | bf16_mfu: 0.00 | epoch: 1 pq: 28 rg: 24 | total time: 77.87m | eta: 3.5m
step 02414/02520 (95.79%) | loss: 2.840447 | lrm: 0.11 | dt: 1944.73ms | tok/sec: 269,594 | bf16_mfu: 0.00 | epoch: 1 pq: 28 rg: 25 | total time: 77.90m | eta: 3.4m
step 02415/02520 (95.83%) | loss: 2.846632 | lrm: 0.11 | dt: 1944.15ms | tok/sec: 269,675 | bf16_mfu: 0.00 | epoch: 1 pq: 28 rg: 26 | total time: 77.93m | eta: 3.4m
step 02416/02520 (95.87%) | loss: 2.853940 | lrm: 0.11 | dt: 1944.68ms | tok/sec: 269,601 | bf16_mfu: 0.00 | epoch: 1 pq: 28 rg: 27 | total time: 77.96m | eta: 3.4m
step 02417/02520 (95.91%) | loss: 2.855363 | lrm: 0.11 | dt: 1946.27ms | tok/sec: 269,381 | bf16_mfu: 0.00 | epoch: 1 pq: 28 rg: 28 | total time: 77.99m | eta: 3.3m
step 02418/02520 (95.95%) | loss: 2.866430 | lrm: 0.11 | dt: 1942.74ms | tok/sec: 269,869 | bf16_mfu: 0.00 | epoch: 1 pq: 28 rg: 29 | total time: 78.03m | eta: 3.3m
step 02419/02520 (95.99%) | loss: 2.866926 | lrm: 0.11 | dt: 1944.12ms | tok/sec: 269,679 | bf16_mfu: 0.00 | epoch: 1 pq: 28 rg: 30 | total time: 78.06m | eta: 3.3m
step 02420/02520 (96.03%) | loss: 2.859818 | lrm: 0.11 | dt: 1944.51ms | tok/sec: 269,625 | bf16_mfu: 0.00 | epoch: 1 pq: 28 rg: 31 | total time: 78.09m | eta: 3.2m
step 02421/02520 (96.07%) | loss: 2.857425 | lrm: 0.11 | dt: 1945.66ms | tok/sec: 269,465 | bf16_mfu: 0.00 | epoch: 1 pq: 28 rg: 32 | total time: 78.12m | eta: 3.2m
step 02422/02520 (96.11%) | loss: 2.861514 | lrm: 0.11 | dt: 1945.56ms | tok/sec: 269,478 | bf16_mfu: 0.00 | epoch: 1 pq: 28 rg: 33 | total time: 78.16m | eta: 3.2m
step 02423/02520 (96.15%) | loss: 2.860292 | lrm: 0.11 | dt: 1945.15ms | tok/sec: 269,536 | bf16_mfu: 0.00 | epoch: 1 pq: 28 rg: 34 | total time: 78.19m | eta: 3.1m
step 02424/02520 (96.19%) | loss: 2.864901 | lrm: 0.11 | dt: 1943.91ms | tok/sec: 269,707 | bf16_mfu: 0.00 | epoch: 1 pq: 28 rg: 35 | total time: 78.22m | eta: 3.1m
step 02425/02520 (96.23%) | loss: 2.852541 | lrm: 0.11 | dt: 1944.65ms | tok/sec: 269,605 | bf16_mfu: 0.00 | epoch: 1 pq: 28 rg: 35 | total time: 78.25m | eta: 3.1m
step 02426/02520 (96.27%) | loss: 2.859928 | lrm: 0.10 | dt: 1944.98ms | tok/sec: 269,558 | bf16_mfu: 0.00 | epoch: 1 pq: 28 rg: 36 | total time: 78.29m | eta: 3.0m
step 02427/02520 (96.31%) | loss: 2.857804 | lrm: 0.10 | dt: 1944.86ms | tok/sec: 269,575 | bf16_mfu: 0.00 | epoch: 1 pq: 28 rg: 37 | total time: 78.32m | eta: 3.0m
step 02428/02520 (96.35%) | loss: 2.852254 | lrm: 0.10 | dt: 1945.54ms | tok/sec: 269,482 | bf16_mfu: 0.00 | epoch: 1 pq: 28 rg: 38 | total time: 78.35m | eta: 3.0m
step 02429/02520 (96.39%) | loss: 2.854052 | lrm: 0.10 | dt: 1945.18ms | tok/sec: 269,531 | bf16_mfu: 0.00 | epoch: 1 pq: 28 rg: 39 | total time: 78.38m | eta: 2.9m
step 02430/02520 (96.43%) | loss: 2.846949 | lrm: 0.10 | dt: 1944.23ms | tok/sec: 269,663 | bf16_mfu: 0.00 | epoch: 1 pq: 28 rg: 40 | total time: 78.42m | eta: 2.9m
step 02431/02520 (96.47%) | loss: 2.844579 | lrm: 0.10 | dt: 1944.11ms | tok/sec: 269,680 | bf16_mfu: 0.00 | epoch: 1 pq: 28 rg: 41 | total time: 78.45m | eta: 2.9m
step 02432/02520 (96.51%) | loss: 2.853589 | lrm: 0.10 | dt: 1945.38ms | tok/sec: 269,504 | bf16_mfu: 0.00 | epoch: 1 pq: 28 rg: 42 | total time: 78.48m | eta: 2.9m
step 02433/02520 (96.55%) | loss: 2.848325 | lrm: 0.10 | dt: 1944.21ms | tok/sec: 269,665 | bf16_mfu: 0.00 | epoch: 1 pq: 28 rg: 43 | total time: 78.51m | eta: 2.8m
step 02434/02520 (96.59%) | loss: 2.850038 | lrm: 0.10 | dt: 1945.13ms | tok/sec: 269,538 | bf16_mfu: 0.00 | epoch: 1 pq: 28 rg: 44 | total time: 78.55m | eta: 2.8m
step 02435/02520 (96.63%) | loss: 2.862317 | lrm: 0.10 | dt: 1945.05ms | tok/sec: 269,549 | bf16_mfu: 0.00 | epoch: 1 pq: 28 rg: 45 | total time: 78.58m | eta: 2.8m
step 02436/02520 (96.67%) | loss: 2.871944 | lrm: 0.10 | dt: 1943.55ms | tok/sec: 269,758 | bf16_mfu: 0.00 | epoch: 1 pq: 28 rg: 46 | total time: 78.61m | eta: 2.7m
step 02437/02520 (96.71%) | loss: 2.871455 | lrm: 0.10 | dt: 1947.34ms | tok/sec: 269,232 | bf16_mfu: 0.00 | epoch: 1 pq: 28 rg: 47 | total time: 78.64m | eta: 2.7m
step 02438/02520 (96.75%) | loss: 2.851262 | lrm: 0.10 | dt: 1945.05ms | tok/sec: 269,549 | bf16_mfu: 0.00 | epoch: 1 pq: 28 rg: 48 | total time: 78.68m | eta: 2.7m
step 02439/02520 (96.79%) | loss: 2.841676 | lrm: 0.10 | dt: 1945.36ms | tok/sec: 269,507 | bf16_mfu: 0.00 | epoch: 1 pq: 28 rg: 49 | total time: 78.71m | eta: 2.6m
step 02440/02520 (96.83%) | loss: 2.845357 | lrm: 0.10 | dt: 1945.37ms | tok/sec: 269,504 | bf16_mfu: 0.00 | epoch: 1 pq: 28 rg: 50 | total time: 78.74m | eta: 2.6m
step 02441/02520 (96.87%) | loss: 2.844183 | lrm: 0.10 | dt: 1945.20ms | tok/sec: 269,529 | bf16_mfu: 0.00 | epoch: 1 pq: 28 rg: 51 | total time: 78.77m | eta: 2.6m
step 02442/02520 (96.90%) | loss: 2.839439 | lrm: 0.10 | dt: 1945.51ms | tok/sec: 269,486 | bf16_mfu: 0.00 | epoch: 1 pq: 28 rg: 52 | total time: 78.81m | eta: 2.5m
step 02443/02520 (96.94%) | loss: 2.843646 | lrm: 0.09 | dt: 1945.30ms | tok/sec: 269,515 | bf16_mfu: 0.00 | epoch: 1 pq: 28 rg: 53 | total time: 78.84m | eta: 2.5m
step 02444/02520 (96.98%) | loss: 2.835993 | lrm: 0.09 | dt: 1945.36ms | tok/sec: 269,507 | bf16_mfu: 0.00 | epoch: 1 pq: 28 rg: 54 | total time: 78.87m | eta: 2.5m
step 02445/02520 (97.02%) | loss: 2.838874 | lrm: 0.09 | dt: 1945.48ms | tok/sec: 269,490 | bf16_mfu: 0.00 | epoch: 1 pq: 28 rg: 55 | total time: 78.90m | eta: 2.4m
step 02446/02520 (97.06%) | loss: 2.831233 | lrm: 0.09 | dt: 1944.67ms | tok/sec: 269,602 | bf16_mfu: 0.00 | epoch: 1 pq: 28 rg: 56 | total time: 78.93m | eta: 2.4m
step 02447/02520 (97.10%) | loss: 2.843914 | lrm: 0.09 | dt: 1944.16ms | tok/sec: 269,673 | bf16_mfu: 0.00 | epoch: 1 pq: 28 rg: 57 | total time: 78.97m | eta: 2.4m
step 02448/02520 (97.14%) | loss: 2.845112 | lrm: 0.09 | dt: 1944.53ms | tok/sec: 269,622 | bf16_mfu: 0.00 | epoch: 1 pq: 28 rg: 58 | total time: 79.00m | eta: 2.3m
step 02449/02520 (97.18%) | loss: 2.846866 | lrm: 0.09 | dt: 1945.86ms | tok/sec: 269,437 | bf16_mfu: 0.00 | epoch: 1 pq: 28 rg: 59 | total time: 79.03m | eta: 2.3m
step 02450/02520 (97.22%) | loss: 2.848392 | lrm: 0.09 | dt: 1944.99ms | tok/sec: 269,557 | bf16_mfu: 0.00 | epoch: 1 pq: 28 rg: 60 | total time: 79.06m | eta: 2.3m
step 02451/02520 (97.26%) | loss: 2.850037 | lrm: 0.09 | dt: 1945.36ms | tok/sec: 269,506 | bf16_mfu: 0.00 | epoch: 1 pq: 28 rg: 61 | total time: 79.10m | eta: 2.2m
step 02452/02520 (97.30%) | loss: 2.845823 | lrm: 0.09 | dt: 1946.63ms | tok/sec: 269,331 | bf16_mfu: 0.00 | epoch: 1 pq: 28 rg: 62 | total time: 79.13m | eta: 2.2m
step 02453/02520 (97.34%) | loss: 2.849138 | lrm: 0.09 | dt: 1945.70ms | tok/sec: 269,459 | bf16_mfu: 0.00 | epoch: 1 pq: 28 rg: 63 | total time: 79.16m | eta: 2.2m
step 02454/02520 (97.38%) | loss: 2.861088 | lrm: 0.09 | dt: 1945.85ms | tok/sec: 269,439 | bf16_mfu: 0.00 | epoch: 1 pq: 28 rg: 64 | total time: 79.19m | eta: 2.1m
step 02455/02520 (97.42%) | loss: 2.861622 | lrm: 0.09 | dt: 1945.88ms | tok/sec: 269,435 | bf16_mfu: 0.00 | epoch: 1 pq: 28 rg: 65 | total time: 79.23m | eta: 2.1m
step 02456/02520 (97.46%) | loss: 2.864317 | lrm: 0.09 | dt: 1947.32ms | tok/sec: 269,235 | bf16_mfu: 0.00 | epoch: 1 pq: 28 rg: 66 | total time: 79.26m | eta: 2.1m
step 02457/02520 (97.50%) | loss: 2.862251 | lrm: 0.09 | dt: 1945.41ms | tok/sec: 269,499 | bf16_mfu: 0.00 | epoch: 1 pq: 28 rg: 66 | total time: 79.29m | eta: 2.0m
step 02458/02520 (97.54%) | loss: 2.862449 | lrm: 0.09 | dt: 1946.11ms | tok/sec: 269,402 | bf16_mfu: 0.00 | epoch: 1 pq: 28 rg: 67 | total time: 79.32m | eta: 2.0m
step 02459/02520 (97.58%) | loss: 2.867497 | lrm: 0.09 | dt: 1946.56ms | tok/sec: 269,341 | bf16_mfu: 0.00 | epoch: 1 pq: 28 rg: 68 | total time: 79.36m | eta: 2.0m
step 02460/02520 (97.62%) | loss: 2.861758 | lrm: 0.08 | dt: 1945.66ms | tok/sec: 269,464 | bf16_mfu: 0.00 | epoch: 1 pq: 28 rg: 69 | total time: 79.39m | eta: 1.9m
step 02461/02520 (97.66%) | loss: 2.855751 | lrm: 0.08 | dt: 1946.62ms | tok/sec: 269,331 | bf16_mfu: 0.00 | epoch: 1 pq: 28 rg: 70 | total time: 79.42m | eta: 1.9m
step 02462/02520 (97.70%) | loss: 2.850402 | lrm: 0.08 | dt: 1946.01ms | tok/sec: 269,416 | bf16_mfu: 0.00 | epoch: 1 pq: 28 rg: 71 | total time: 79.45m | eta: 1.9m
step 02463/02520 (97.74%) | loss: 2.843994 | lrm: 0.08 | dt: 1947.05ms | tok/sec: 269,272 | bf16_mfu: 0.00 | epoch: 1 pq: 28 rg: 72 | total time: 79.49m | eta: 1.8m
step 02464/02520 (97.78%) | loss: 2.858286 | lrm: 0.08 | dt: 1946.86ms | tok/sec: 269,299 | bf16_mfu: 0.00 | epoch: 1 pq: 28 rg: 73 | total time: 79.52m | eta: 1.8m
step 02465/02520 (97.82%) | loss: 2.862866 | lrm: 0.08 | dt: 1946.77ms | tok/sec: 269,311 | bf16_mfu: 0.00 | epoch: 1 pq: 28 rg: 74 | total time: 79.55m | eta: 1.8m
step 02466/02520 (97.86%) | loss: 2.868267 | lrm: 0.08 | dt: 1944.32ms | tok/sec: 269,651 | bf16_mfu: 0.00 | epoch: 1 pq: 28 rg: 75 | total time: 79.58m | eta: 1.7m
step 02467/02520 (97.90%) | loss: 2.869280 | lrm: 0.08 | dt: 1946.97ms | tok/sec: 269,283 | bf16_mfu: 0.00 | epoch: 1 pq: 28 rg: 76 | total time: 79.62m | eta: 1.7m
step 02468/02520 (97.94%) | loss: 2.873476 | lrm: 0.08 | dt: 1946.92ms | tok/sec: 269,290 | bf16_mfu: 0.00 | epoch: 1 pq: 28 rg: 77 | total time: 79.65m | eta: 1.7m
step 02469/02520 (97.98%) | loss: 2.873762 | lrm: 0.08 | dt: 1947.06ms | tok/sec: 269,272 | bf16_mfu: 0.00 | epoch: 1 pq: 28 rg: 78 | total time: 79.68m | eta: 1.7m
step 02470/02520 (98.02%) | loss: 2.878673 | lrm: 0.08 | dt: 1945.33ms | tok/sec: 269,510 | bf16_mfu: 0.00 | epoch: 1 pq: 28 rg: 79 | total time: 79.71m | eta: 1.6m
step 02471/02520 (98.06%) | loss: 2.877028 | lrm: 0.08 | dt: 1946.00ms | tok/sec: 269,418 | bf16_mfu: 0.00 | epoch: 1 pq: 28 rg: 80 | total time: 79.75m | eta: 1.6m
step 02472/02520 (98.10%) | loss: 2.877568 | lrm: 0.08 | dt: 1946.09ms | tok/sec: 269,406 | bf16_mfu: 0.00 | epoch: 1 pq: 28 rg: 81 | total time: 79.78m | eta: 1.6m
step 02473/02520 (98.13%) | loss: 2.877990 | lrm: 0.08 | dt: 1945.17ms | tok/sec: 269,533 | bf16_mfu: 0.00 | epoch: 1 pq: 28 rg: 82 | total time: 79.81m | eta: 1.5m
step 02474/02520 (98.17%) | loss: 2.876309 | lrm: 0.08 | dt: 1946.48ms | tok/sec: 269,351 | bf16_mfu: 0.00 | epoch: 1 pq: 29 rg: 0 | total time: 79.84m | eta: 1.5m
step 02475/02520 (98.21%) | loss: 2.878948 | lrm: 0.08 | dt: 1946.83ms | tok/sec: 269,303 | bf16_mfu: 0.00 | epoch: 1 pq: 29 rg: 1 | total time: 79.88m | eta: 1.5m
step 02476/02520 (98.25%) | loss: 2.876850 | lrm: 0.08 | dt: 1945.71ms | tok/sec: 269,458 | bf16_mfu: 0.00 | epoch: 1 pq: 29 rg: 2 | total time: 79.91m | eta: 1.4m
step 02477/02520 (98.29%) | loss: 2.880595 | lrm: 0.07 | dt: 1946.58ms | tok/sec: 269,338 | bf16_mfu: 0.00 | epoch: 1 pq: 29 rg: 3 | total time: 79.94m | eta: 1.4m
step 02478/02520 (98.33%) | loss: 2.862679 | lrm: 0.07 | dt: 1946.75ms | tok/sec: 269,313 | bf16_mfu: 0.00 | epoch: 1 pq: 29 rg: 4 | total time: 79.97m | eta: 1.4m
step 02479/02520 (98.37%) | loss: 2.855107 | lrm: 0.07 | dt: 1945.40ms | tok/sec: 269,501 | bf16_mfu: 0.00 | epoch: 1 pq: 29 rg: 5 | total time: 80.01m | eta: 1.3m
step 02480/02520 (98.41%) | loss: 2.858100 | lrm: 0.07 | dt: 1945.00ms | tok/sec: 269,557 | bf16_mfu: 0.00 | epoch: 1 pq: 29 rg: 6 | total time: 80.04m | eta: 1.3m
step 02481/02520 (98.45%) | loss: 2.858629 | lrm: 0.07 | dt: 1944.91ms | tok/sec: 269,569 | bf16_mfu: 0.00 | epoch: 1 pq: 29 rg: 7 | total time: 80.07m | eta: 1.3m
step 02482/02520 (98.49%) | loss: 2.864682 | lrm: 0.07 | dt: 1944.78ms | tok/sec: 269,586 | bf16_mfu: 0.00 | epoch: 1 pq: 29 rg: 8 | total time: 80.10m | eta: 1.2m
step 02483/02520 (98.53%) | loss: 2.864129 | lrm: 0.07 | dt: 1944.87ms | tok/sec: 269,574 | bf16_mfu: 0.00 | epoch: 1 pq: 29 rg: 9 | total time: 80.13m | eta: 1.2m
step 02484/02520 (98.57%) | loss: 2.864364 | lrm: 0.07 | dt: 1945.50ms | tok/sec: 269,487 | bf16_mfu: 0.00 | epoch: 1 pq: 29 rg: 10 | total time: 80.17m | eta: 1.2m
step 02485/02520 (98.61%) | loss: 2.862688 | lrm: 0.07 | dt: 1945.37ms | tok/sec: 269,504 | bf16_mfu: 0.00 | epoch: 1 pq: 29 rg: 11 | total time: 80.20m | eta: 1.1m
step 02486/02520 (98.65%) | loss: 2.863999 | lrm: 0.07 | dt: 1944.43ms | tok/sec: 269,635 | bf16_mfu: 0.00 | epoch: 1 pq: 29 rg: 12 | total time: 80.23m | eta: 1.1m
step 02487/02520 (98.69%) | loss: 2.865218 | lrm: 0.07 | dt: 1944.56ms | tok/sec: 269,617 | bf16_mfu: 0.00 | epoch: 1 pq: 29 rg: 13 | total time: 80.26m | eta: 1.1m
step 02488/02520 (98.73%) | loss: 2.870340 | lrm: 0.07 | dt: 1945.35ms | tok/sec: 269,508 | bf16_mfu: 0.00 | epoch: 1 pq: 29 rg: 14 | total time: 80.30m | eta: 1.0m
step 02489/02520 (98.77%) | loss: 2.873668 | lrm: 0.07 | dt: 1944.44ms | tok/sec: 269,634 | bf16_mfu: 0.00 | epoch: 1 pq: 29 rg: 15 | total time: 80.33m | eta: 1.0m
step 02490/02520 (98.81%) | loss: 2.872888 | lrm: 0.07 | dt: 1943.26ms | tok/sec: 269,797 | bf16_mfu: 0.00 | epoch: 1 pq: 29 rg: 16 | total time: 80.36m | eta: 1.0m
step 02491/02520 (98.85%) | loss: 2.869427 | lrm: 0.07 | dt: 1942.78ms | tok/sec: 269,864 | bf16_mfu: 0.00 | epoch: 1 pq: 29 rg: 16 | total time: 80.39m | eta: 0.9m
step 02492/02520 (98.89%) | loss: 2.856884 | lrm: 0.07 | dt: 1943.64ms | tok/sec: 269,744 | bf16_mfu: 0.00 | epoch: 1 pq: 29 rg: 17 | total time: 80.43m | eta: 0.9m
step 02493/02520 (98.93%) | loss: 2.846693 | lrm: 0.07 | dt: 1944.03ms | tok/sec: 269,691 | bf16_mfu: 0.00 | epoch: 1 pq: 29 rg: 18 | total time: 80.46m | eta: 0.9m
step 02494/02520 (98.97%) | loss: 2.843771 | lrm: 0.07 | dt: 1944.82ms | tok/sec: 269,582 | bf16_mfu: 0.00 | epoch: 1 pq: 29 rg: 19 | total time: 80.49m | eta: 0.8m
step 02495/02520 (99.01%) | loss: 2.854007 | lrm: 0.06 | dt: 1943.69ms | tok/sec: 269,739 | bf16_mfu: 0.00 | epoch: 1 pq: 29 rg: 20 | total time: 80.52m | eta: 0.8m
step 02496/02520 (99.05%) | loss: 2.860012 | lrm: 0.06 | dt: 1943.04ms | tok/sec: 269,829 | bf16_mfu: 0.00 | epoch: 1 pq: 29 rg: 21 | total time: 80.56m | eta: 0.8m
step 02497/02520 (99.09%) | loss: 2.855399 | lrm: 0.06 | dt: 1942.99ms | tok/sec: 269,835 | bf16_mfu: 0.00 | epoch: 1 pq: 29 rg: 22 | total time: 80.59m | eta: 0.7m
step 02498/02520 (99.13%) | loss: 2.850361 | lrm: 0.06 | dt: 1943.62ms | tok/sec: 269,748 | bf16_mfu: 0.00 | epoch: 1 pq: 29 rg: 23 | total time: 80.62m | eta: 0.7m
step 02499/02520 (99.17%) | loss: 2.859211 | lrm: 0.06 | dt: 1944.70ms | tok/sec: 269,598 | bf16_mfu: 0.00 | epoch: 1 pq: 29 rg: 24 | total time: 80.65m | eta: 0.7m
Step 02500 | Validation bpb: 0.871184
step 02500/02520 (99.21%) | loss: 2.845412 | lrm: 0.06 | dt: 1933.80ms | tok/sec: 271,117 | bf16_mfu: 0.00 | epoch: 1 pq: 29 rg: 25 | total time: 80.69m | eta: 0.6m
step 02501/02520 (99.25%) | loss: 2.861470 | lrm: 0.06 | dt: 1934.51ms | tok/sec: 271,018 | bf16_mfu: 0.00 | epoch: 1 pq: 29 rg: 26 | total time: 80.72m | eta: 0.6m
step 02502/02520 (99.29%) | loss: 2.868591 | lrm: 0.06 | dt: 1933.72ms | tok/sec: 271,129 | bf16_mfu: 0.00 | epoch: 1 pq: 29 rg: 27 | total time: 80.75m | eta: 0.6m
step 02503/02520 (99.33%) | loss: 2.856739 | lrm: 0.06 | dt: 1936.93ms | tok/sec: 270,679 | bf16_mfu: 0.00 | epoch: 1 pq: 29 rg: 28 | total time: 80.78m | eta: 0.6m
step 02504/02520 (99.37%) | loss: 2.862698 | lrm: 0.06 | dt: 1937.09ms | tok/sec: 270,658 | bf16_mfu: 0.00 | epoch: 1 pq: 29 rg: 29 | total time: 80.81m | eta: 0.5m
step 02505/02520 (99.40%) | loss: 2.856088 | lrm: 0.06 | dt: 1937.54ms | tok/sec: 270,594 | bf16_mfu: 0.00 | epoch: 1 pq: 29 rg: 30 | total time: 80.85m | eta: 0.5m
step 02506/02520 (99.44%) | loss: 2.857396 | lrm: 0.06 | dt: 1938.22ms | tok/sec: 270,499 | bf16_mfu: 0.00 | epoch: 1 pq: 29 rg: 31 | total time: 80.88m | eta: 0.5m
step 02507/02520 (99.48%) | loss: 2.858449 | lrm: 0.06 | dt: 1938.06ms | tok/sec: 270,521 | bf16_mfu: 0.00 | epoch: 1 pq: 29 rg: 32 | total time: 80.91m | eta: 0.4m
step 02508/02520 (99.52%) | loss: 2.844233 | lrm: 0.06 | dt: 1937.58ms | tok/sec: 270,589 | bf16_mfu: 0.00 | epoch: 1 pq: 29 rg: 33 | total time: 80.94m | eta: 0.4m
step 02509/02520 (99.56%) | loss: 2.843336 | lrm: 0.06 | dt: 1937.22ms | tok/sec: 270,638 | bf16_mfu: 0.00 | epoch: 1 pq: 29 rg: 34 | total time: 80.98m | eta: 0.4m
step 02510/02520 (99.60%) | loss: 2.837604 | lrm: 0.06 | dt: 1936.96ms | tok/sec: 270,675 | bf16_mfu: 0.00 | epoch: 1 pq: 29 rg: 35 | total time: 81.01m | eta: 0.3m
step 02511/02520 (99.64%) | loss: 2.843277 | lrm: 0.06 | dt: 1938.71ms | tok/sec: 270,431 | bf16_mfu: 0.00 | epoch: 1 pq: 29 rg: 36 | total time: 81.04m | eta: 0.3m
step 02512/02520 (99.68%) | loss: 2.851935 | lrm: 0.05 | dt: 1939.23ms | tok/sec: 270,358 | bf16_mfu: 0.00 | epoch: 1 pq: 29 rg: 37 | total time: 81.07m | eta: 0.3m
step 02513/02520 (99.72%) | loss: 2.851444 | lrm: 0.05 | dt: 1938.90ms | tok/sec: 270,405 | bf16_mfu: 0.00 | epoch: 1 pq: 29 rg: 38 | total time: 81.11m | eta: 0.2m
step 02514/02520 (99.76%) | loss: 2.852375 | lrm: 0.05 | dt: 1939.17ms | tok/sec: 270,367 | bf16_mfu: 0.00 | epoch: 1 pq: 29 rg: 39 | total time: 81.14m | eta: 0.2m
step 02515/02520 (99.80%) | loss: 2.856031 | lrm: 0.05 | dt: 1939.79ms | tok/sec: 270,280 | bf16_mfu: 0.00 | epoch: 1 pq: 29 rg: 40 | total time: 81.17m | eta: 0.2m
step 02516/02520 (99.84%) | loss: 2.851193 | lrm: 0.05 | dt: 1940.82ms | tok/sec: 270,136 | bf16_mfu: 0.00 | epoch: 1 pq: 29 rg: 41 | total time: 81.20m | eta: 0.1m
step 02517/02520 (99.88%) | loss: 2.841395 | lrm: 0.05 | dt: 1940.41ms | tok/sec: 270,194 | bf16_mfu: 0.00 | epoch: 1 pq: 29 rg: 42 | total time: 81.23m | eta: 0.1m
step 02518/02520 (99.92%) | loss: 2.853687 | lrm: 0.05 | dt: 1939.11ms | tok/sec: 270,375 | bf16_mfu: 0.00 | epoch: 1 pq: 29 rg: 43 | total time: 81.27m | eta: 0.1m
step 02519/02520 (99.96%) | loss: 2.853345 | lrm: 0.05 | dt: 1940.13ms | tok/sec: 270,233 | bf16_mfu: 0.00 | epoch: 1 pq: 29 rg: 43 | total time: 81.30m | eta: 0.0m
Step 02520 | Validation bpb: 0.870567
Evaluating: hellaswag_zeroshot (0-shot, type: multiple_choice)... accuracy: 0.3600 | centered: 0.1467 | time: 2.07s
Evaluating: jeopardy (10-shot, type: language_modeling)... accuracy: 0.0040 | centered: 0.0040 | time: 2.08s
Evaluating: bigbench_qa_wikidata (10-shot, type: language_modeling)... accuracy: 0.2380 | centered: 0.2380 | time: 1.97s
Evaluating: arc_easy (10-shot, type: multiple_choice)... accuracy: 0.5420 | centered: 0.3893 | time: 3.05s
Evaluating: arc_challenge (10-shot, type: multiple_choice)... accuracy: 0.2740 | centered: 0.0320 | time: 3.31s
Evaluating: copa (0-shot, type: multiple_choice)... accuracy: 0.5500 | centered: 0.1000 | time: 0.36s
Evaluating: commonsense_qa (10-shot, type: multiple_choice)... accuracy: 0.2220 | centered: 0.0275 | time: 3.71s
Evaluating: piqa (10-shot, type: multiple_choice)... accuracy: 0.6660 | centered: 0.3320 | time: 2.33s
Evaluating: openbook_qa (0-shot, type: multiple_choice)... accuracy: 0.3080 | centered: 0.0773 | time: 1.87s
Evaluating: lambada_openai (0-shot, type: language_modeling)... accuracy: 0.2840 | centered: 0.2840 | time: 1.87s
Evaluating: hellaswag (10-shot, type: multiple_choice)... accuracy: 0.3500 | centered: 0.1333 | time: 5.90s
Evaluating: winograd (0-shot, type: schema)... accuracy: 0.5641 | centered: 0.1282 | time: 0.98s
Evaluating: winogrande (0-shot, type: schema)... accuracy: 0.5460 | centered: 0.0920 | time: 1.80s
Evaluating: bigbench_dyck_languages (10-shot, type: language_modeling)... accuracy: 0.0540 | centered: 0.0540 | time: 2.18s
Evaluating: agi_eval_lsat_ar (3-shot, type: multiple_choice)... accuracy: 0.2261 | centered: 0.0326 | time: 2.62s
Evaluating: bigbench_cs_algorithms (10-shot, type: language_modeling)... accuracy: 0.4640 | centered: 0.4640 | time: 2.10s
Evaluating: bigbench_operators (10-shot, type: language_modeling)... accuracy: 0.0952 | centered: 0.0952 | time: 0.88s
Evaluating: bigbench_repeat_copy_logic (10-shot, type: language_modeling)... accuracy: 0.0000 | centered: 0.0000 | time: 0.13s
Evaluating: squad (10-shot, type: language_modeling)... accuracy: 0.1940 | centered: 0.1940 | time: 5.63s
Evaluating: coqa (0-shot, type: language_modeling)... accuracy: 0.1780 | centered: 0.1780 | time: 2.16s
Evaluating: boolq (10-shot, type: multiple_choice)... accuracy: 0.5600 | centered: -0.1579 | time: 5.83s
Evaluating: bigbench_language_identification (10-shot, type: multiple_choice)... accuracy: 0.2860 | centered: 0.2145 | time: 10.39s
Step 02520 | CORE metric: 0.1390
2026-09-21 21:11:16,857 - nanochat.checkpoint_manager - [32m[1mINFO[0m - Saved model parameters to: /home/neo/.cache/nanochat/base_checkpoints/looped_L6s_lr2.0_h1.0_s2/model_002520.pt
2026-09-21 21:11:16,857 - nanochat.checkpoint_manager - [32m[1mINFO[0m - Saved metadata to: /home/neo/.cache/nanochat/base_checkpoints/looped_L6s_lr2.0_h1.0_s2/meta_002520.json
Peak memory usage: 27901.55MiB
Total training time: 81.30m
Minimum validation bpb: 0.870567
Appended results row to results/looped_results.csv (diverged=0), log: results/logs/looped_L6s_lr2.0_h1.0_s2_20260921_193715.jsonl
