
                                                       █████                █████
                                                      ░░███                ░░███
     ████████    ██████   ████████    ██████   ██████  ░███████    ██████  ███████
    ░░███░░███  ░░░░░███ ░░███░░███  ███░░███ ███░░███ ░███░░███  ░░░░░███░░░███░
     ░███ ░███   ███████  ░███ ░███ ░███ ░███░███ ░░░  ░███ ░███   ███████  ░███
     ░███ ░███  ███░░███  ░███ ░███ ░███ ░███░███  ███ ░███ ░███  ███░░███  ░███ ███
     ████ █████░░████████ ████ █████░░██████ ░░██████  ████ █████░░███████  ░░█████
    ░░░░ ░░░░░  ░░░░░░░░ ░░░░ ░░░░░  ░░░░░░   ░░░░░░  ░░░░ ░░░░░  ░░░░░░░░   ░░░░░
    
Autodetected device type: cuda
2026-09-21 07:53:24,979 - nanochat.common - [32m[1mINFO[0m - Distributed world size: 1
2026-09-21 07:53:24,979 - nanochat.common - [33m[1mWARNING[0m - Peak flops undefined for: NVIDIA RTX PRO 6000 Blackwell Workstation Edition, MFU will show as 0%
GPU: NVIDIA RTX PRO 6000 Blackwell Workstation Edition | Peak FLOPS (BF16): inf
COMPUTE_DTYPE: torch.bfloat16 (auto-detected: CUDA SM 120 (bf16 supported))
!!!!!!!!!!!!!!!!!!!!!!!!!!!!!!!!!!!!!!!!!!!!!!!!!!!!!!!!!!!!!!!!!!!!!!!!!!!!!!!!
WARNING: Flash Attention 3 not available, using PyTorch SDPA fallback
WARNING: Training will be less efficient without FA3
!!!!!!!!!!!!!!!!!!!!!!!!!!!!!!!!!!!!!!!!!!!!!!!!!!!!!!!!!!!!!!!!!!!!!!!!!!!!!!!!
Vocab size: 32,768
Model config:
{
  "sequence_len": 2048,
  "vocab_size": 32768,
  "n_layer": 8,
  "n_head": 6,
  "n_kv_head": 6,
  "n_embd": 768,
  "window_pattern": "L",
  "n_prelude": 2,
  "n_core": 4,
  "n_coda": 2,
  "n_loop": 2
}
Parameter counts:
wte                     : 25,165,824
value_embeds            : 100,663,296
lm_head                 : 25,165,824
transformer_matrices    : 56,623,392
scalars                 : 42
total                   : 207,618,378
unique_layers           : 8
effective_layers        : 12
Estimated FLOPs per token: 8.870980e+08
Horizon and derived hyperparameters use reference layout 12: 110,100,912 scaling params (this model: 81,789,216)
Auto-computed optimal batch size: 524,288 tokens
Scaling the LR for the AdamW parameters ∝1/√(768/768) = 1.000000
Calculated number of iterations from target data:param ratio: 2,520
Total number of training tokens: 1,321,205,760
Tokens : Scaling params ratio: 16.15
Total training FLOPs estimate: 1.172039e+18
Parameter table:
  unique block params                     : 56,623,392
  lm_head                                 : 25,165,824
  wte                                     : 25,165,824
  value embed params (lookups, no FLOPs)  : 100,663,296
  scalars                                 : 42
  unique layers U                         : 8
  effective layers E                      : 12
  FLOPs per token                         : 887,098,032
Tokens / micro-batch / rank: 32 x 2048 = 65,536
Tokens / micro-batch: 65,536
Total batch size 524,288 => gradient accumulation steps: 8
Step 00000 | Validation bpb: 3.171208
step 00000/02520 (0.00%) | loss: 10.397303 | lrm: 0.03 | dt: 3154.76ms | tok/sec: 166,189 | bf16_mfu: 0.00 | epoch: 1 pq: 0 rg: 1 | total time: 0.00m
step 00001/02520 (0.04%) | loss: 10.384845 | lrm: 0.05 | dt: 1925.54ms | tok/sec: 272,280 | bf16_mfu: 0.00 | epoch: 1 pq: 0 rg: 2 | total time: 0.00m
step 00002/02520 (0.08%) | loss: 10.362432 | lrm: 0.07 | dt: 1937.92ms | tok/sec: 270,542 | bf16_mfu: 0.00 | epoch: 1 pq: 0 rg: 3 | total time: 0.00m
step 00003/02520 (0.12%) | loss: 10.327365 | lrm: 0.10 | dt: 1938.73ms | tok/sec: 270,428 | bf16_mfu: 0.00 | epoch: 1 pq: 0 rg: 4 | total time: 0.00m
step 00004/02520 (0.16%) | loss: 10.274154 | lrm: 0.12 | dt: 1936.70ms | tok/sec: 270,712 | bf16_mfu: 0.00 | epoch: 1 pq: 0 rg: 5 | total time: 0.00m
step 00005/02520 (0.20%) | loss: 10.181767 | lrm: 0.15 | dt: 1933.66ms | tok/sec: 271,136 | bf16_mfu: 0.00 | epoch: 1 pq: 0 rg: 6 | total time: 0.00m
step 00006/02520 (0.24%) | loss: 10.019300 | lrm: 0.17 | dt: 1934.97ms | tok/sec: 270,954 | bf16_mfu: 0.00 | epoch: 1 pq: 0 rg: 7 | total time: 0.00m
step 00007/02520 (0.28%) | loss: 9.744451 | lrm: 0.20 | dt: 1937.51ms | tok/sec: 270,599 | bf16_mfu: 0.00 | epoch: 1 pq: 0 rg: 8 | total time: 0.00m
step 00008/02520 (0.32%) | loss: 9.466278 | lrm: 0.23 | dt: 1932.71ms | tok/sec: 271,270 | bf16_mfu: 0.00 | epoch: 1 pq: 0 rg: 10 | total time: 0.00m
step 00009/02520 (0.36%) | loss: 9.214208 | lrm: 0.25 | dt: 1934.38ms | tok/sec: 271,036 | bf16_mfu: 0.00 | epoch: 1 pq: 0 rg: 11 | total time: 0.00m
step 00010/02520 (0.40%) | loss: 8.982323 | lrm: 0.28 | dt: 1938.16ms | tok/sec: 270,508 | bf16_mfu: 0.00 | epoch: 1 pq: 0 rg: 12 | total time: 0.00m
step 00011/02520 (0.44%) | loss: 8.765615 | lrm: 0.30 | dt: 1939.71ms | tok/sec: 270,291 | bf16_mfu: 0.00 | epoch: 1 pq: 0 rg: 13 | total time: 0.03m | eta: 81.1m
step 00012/02520 (0.48%) | loss: 8.561419 | lrm: 0.33 | dt: 1943.93ms | tok/sec: 269,704 | bf16_mfu: 0.00 | epoch: 1 pq: 0 rg: 14 | total time: 0.06m | eta: 81.2m
step 00013/02520 (0.52%) | loss: 8.356506 | lrm: 0.35 | dt: 1945.78ms | tok/sec: 269,448 | bf16_mfu: 0.00 | epoch: 1 pq: 0 rg: 15 | total time: 0.10m | eta: 81.2m
step 00014/02520 (0.56%) | loss: 8.164395 | lrm: 0.38 | dt: 1948.06ms | tok/sec: 269,133 | bf16_mfu: 0.00 | epoch: 1 pq: 0 rg: 16 | total time: 0.13m | eta: 81.2m
step 00015/02520 (0.60%) | loss: 7.973332 | lrm: 0.40 | dt: 1948.65ms | tok/sec: 269,051 | bf16_mfu: 0.00 | epoch: 1 pq: 0 rg: 17 | total time: 0.16m | eta: 81.2m
step 00016/02520 (0.63%) | loss: 7.788631 | lrm: 0.42 | dt: 1950.68ms | tok/sec: 268,771 | bf16_mfu: 0.00 | epoch: 1 pq: 0 rg: 18 | total time: 0.19m | eta: 81.2m
step 00017/02520 (0.67%) | loss: 7.627875 | lrm: 0.45 | dt: 1952.43ms | tok/sec: 268,530 | bf16_mfu: 0.00 | epoch: 1 pq: 0 rg: 19 | total time: 0.23m | eta: 81.2m
step 00018/02520 (0.71%) | loss: 7.480748 | lrm: 0.47 | dt: 1952.85ms | tok/sec: 268,473 | bf16_mfu: 0.00 | epoch: 1 pq: 0 rg: 20 | total time: 0.26m | eta: 81.2m
step 00019/02520 (0.75%) | loss: 7.348556 | lrm: 0.50 | dt: 1954.34ms | tok/sec: 268,267 | bf16_mfu: 0.00 | epoch: 1 pq: 0 rg: 21 | total time: 0.29m | eta: 81.2m
step 00020/02520 (0.79%) | loss: 7.225487 | lrm: 0.53 | dt: 1956.18ms | tok/sec: 268,016 | bf16_mfu: 0.00 | epoch: 1 pq: 0 rg: 22 | total time: 0.32m | eta: 81.2m
step 00021/02520 (0.83%) | loss: 7.104268 | lrm: 0.55 | dt: 1956.14ms | tok/sec: 268,021 | bf16_mfu: 0.00 | epoch: 1 pq: 0 rg: 23 | total time: 0.36m | eta: 81.2m
step 00022/02520 (0.87%) | loss: 7.002339 | lrm: 0.57 | dt: 1957.66ms | tok/sec: 267,814 | bf16_mfu: 0.00 | epoch: 1 pq: 0 rg: 24 | total time: 0.39m | eta: 81.2m
step 00023/02520 (0.91%) | loss: 6.898345 | lrm: 0.60 | dt: 1957.79ms | tok/sec: 267,796 | bf16_mfu: 0.00 | epoch: 1 pq: 0 rg: 26 | total time: 0.42m | eta: 81.2m
step 00024/02520 (0.95%) | loss: 6.802397 | lrm: 0.62 | dt: 1958.60ms | tok/sec: 267,684 | bf16_mfu: 0.00 | epoch: 1 pq: 0 rg: 27 | total time: 0.46m | eta: 81.2m
step 00025/02520 (0.99%) | loss: 6.714287 | lrm: 0.65 | dt: 1960.15ms | tok/sec: 267,474 | bf16_mfu: 0.00 | epoch: 1 pq: 0 rg: 28 | total time: 0.49m | eta: 81.2m
step 00026/02520 (1.03%) | loss: 6.633706 | lrm: 0.68 | dt: 1959.61ms | tok/sec: 267,547 | bf16_mfu: 0.00 | epoch: 1 pq: 0 rg: 29 | total time: 0.52m | eta: 81.2m
step 00027/02520 (1.07%) | loss: 6.552561 | lrm: 0.70 | dt: 1959.35ms | tok/sec: 267,582 | bf16_mfu: 0.00 | epoch: 1 pq: 0 rg: 30 | total time: 0.55m | eta: 81.1m
step 00028/02520 (1.11%) | loss: 6.484070 | lrm: 0.72 | dt: 1961.29ms | tok/sec: 267,317 | bf16_mfu: 0.00 | epoch: 1 pq: 0 rg: 31 | total time: 0.59m | eta: 81.1m
step 00029/02520 (1.15%) | loss: 6.430511 | lrm: 0.75 | dt: 1962.83ms | tok/sec: 267,108 | bf16_mfu: 0.00 | epoch: 1 pq: 0 rg: 32 | total time: 0.62m | eta: 81.1m
step 00030/02520 (1.19%) | loss: 6.371073 | lrm: 0.78 | dt: 1962.45ms | tok/sec: 267,159 | bf16_mfu: 0.00 | epoch: 1 pq: 0 rg: 33 | total time: 0.65m | eta: 81.1m
step 00031/02520 (1.23%) | loss: 6.320141 | lrm: 0.80 | dt: 1964.11ms | tok/sec: 266,934 | bf16_mfu: 0.00 | epoch: 1 pq: 0 rg: 34 | total time: 0.68m | eta: 81.1m
step 00032/02520 (1.27%) | loss: 6.263845 | lrm: 0.82 | dt: 1962.92ms | tok/sec: 267,095 | bf16_mfu: 0.00 | epoch: 1 pq: 0 rg: 35 | total time: 0.72m | eta: 81.1m
step 00033/02520 (1.31%) | loss: 6.214386 | lrm: 0.85 | dt: 1963.68ms | tok/sec: 266,992 | bf16_mfu: 0.00 | epoch: 1 pq: 0 rg: 36 | total time: 0.75m | eta: 81.1m
step 00034/02520 (1.35%) | loss: 6.162641 | lrm: 0.88 | dt: 1961.97ms | tok/sec: 267,225 | bf16_mfu: 0.00 | epoch: 1 pq: 0 rg: 37 | total time: 0.78m | eta: 81.0m
step 00035/02520 (1.39%) | loss: 6.118088 | lrm: 0.90 | dt: 1963.68ms | tok/sec: 266,993 | bf16_mfu: 0.00 | epoch: 1 pq: 0 rg: 38 | total time: 0.82m | eta: 81.0m
step 00036/02520 (1.43%) | loss: 6.080880 | lrm: 0.93 | dt: 1965.68ms | tok/sec: 266,720 | bf16_mfu: 0.00 | epoch: 1 pq: 0 rg: 39 | total time: 0.85m | eta: 81.0m
step 00037/02520 (1.47%) | loss: 6.042865 | lrm: 0.95 | dt: 1965.48ms | tok/sec: 266,747 | bf16_mfu: 0.00 | epoch: 1 pq: 0 rg: 40 | total time: 0.88m | eta: 81.0m
step 00038/02520 (1.51%) | loss: 6.003911 | lrm: 0.97 | dt: 1966.29ms | tok/sec: 266,637 | bf16_mfu: 0.00 | epoch: 1 pq: 0 rg: 41 | total time: 0.91m | eta: 81.0m
step 00039/02520 (1.55%) | loss: 5.961734 | lrm: 1.00 | dt: 1968.63ms | tok/sec: 266,321 | bf16_mfu: 0.00 | epoch: 1 pq: 0 rg: 42 | total time: 0.95m | eta: 80.9m
step 00040/02520 (1.59%) | loss: 5.924950 | lrm: 1.00 | dt: 1965.90ms | tok/sec: 266,690 | bf16_mfu: 0.00 | epoch: 1 pq: 0 rg: 43 | total time: 0.98m | eta: 80.9m
step 00041/02520 (1.63%) | loss: 5.889575 | lrm: 1.00 | dt: 1965.02ms | tok/sec: 266,810 | bf16_mfu: 0.00 | epoch: 1 pq: 0 rg: 44 | total time: 1.01m | eta: 80.9m
step 00042/02520 (1.67%) | loss: 5.867769 | lrm: 1.00 | dt: 1967.02ms | tok/sec: 266,539 | bf16_mfu: 0.00 | epoch: 1 pq: 0 rg: 44 | total time: 1.04m | eta: 80.9m
step 00043/02520 (1.71%) | loss: 5.841526 | lrm: 1.00 | dt: 1967.01ms | tok/sec: 266,541 | bf16_mfu: 0.00 | epoch: 1 pq: 0 rg: 45 | total time: 1.08m | eta: 80.9m
step 00044/02520 (1.75%) | loss: 5.800272 | lrm: 1.00 | dt: 1967.65ms | tok/sec: 266,454 | bf16_mfu: 0.00 | epoch: 1 pq: 0 rg: 46 | total time: 1.11m | eta: 80.8m
step 00045/02520 (1.79%) | loss: 5.762938 | lrm: 1.00 | dt: 1966.04ms | tok/sec: 266,672 | bf16_mfu: 0.00 | epoch: 1 pq: 0 rg: 47 | total time: 1.14m | eta: 80.8m
step 00046/02520 (1.83%) | loss: 5.731245 | lrm: 1.00 | dt: 1968.10ms | tok/sec: 266,393 | bf16_mfu: 0.00 | epoch: 1 pq: 0 rg: 48 | total time: 1.18m | eta: 80.8m
step 00047/02520 (1.87%) | loss: 5.698273 | lrm: 1.00 | dt: 1969.17ms | tok/sec: 266,248 | bf16_mfu: 0.00 | epoch: 1 pq: 0 rg: 49 | total time: 1.21m | eta: 80.8m
step 00048/02520 (1.90%) | loss: 5.663614 | lrm: 1.00 | dt: 1969.64ms | tok/sec: 266,184 | bf16_mfu: 0.00 | epoch: 1 pq: 0 rg: 50 | total time: 1.24m | eta: 80.7m
step 00049/02520 (1.94%) | loss: 5.632569 | lrm: 1.00 | dt: 1970.49ms | tok/sec: 266,069 | bf16_mfu: 0.00 | epoch: 1 pq: 0 rg: 51 | total time: 1.27m | eta: 80.7m
step 00050/02520 (1.98%) | loss: 5.602180 | lrm: 1.00 | dt: 1970.05ms | tok/sec: 266,129 | bf16_mfu: 0.00 | epoch: 1 pq: 0 rg: 52 | total time: 1.31m | eta: 80.7m
step 00051/02520 (2.02%) | loss: 5.567727 | lrm: 1.00 | dt: 1970.54ms | tok/sec: 266,063 | bf16_mfu: 0.00 | epoch: 1 pq: 0 rg: 53 | total time: 1.34m | eta: 80.7m
step 00052/02520 (2.06%) | loss: 5.542050 | lrm: 1.00 | dt: 1971.07ms | tok/sec: 265,990 | bf16_mfu: 0.00 | epoch: 1 pq: 0 rg: 54 | total time: 1.37m | eta: 80.7m
step 00053/02520 (2.10%) | loss: 5.508470 | lrm: 1.00 | dt: 1969.63ms | tok/sec: 266,186 | bf16_mfu: 0.00 | epoch: 1 pq: 0 rg: 55 | total time: 1.41m | eta: 80.6m
step 00054/02520 (2.14%) | loss: 5.475678 | lrm: 1.00 | dt: 1971.33ms | tok/sec: 265,956 | bf16_mfu: 0.00 | epoch: 1 pq: 0 rg: 56 | total time: 1.44m | eta: 80.6m
step 00055/02520 (2.18%) | loss: 5.456416 | lrm: 1.00 | dt: 1970.11ms | tok/sec: 266,121 | bf16_mfu: 0.00 | epoch: 1 pq: 0 rg: 57 | total time: 1.47m | eta: 80.6m
step 00056/02520 (2.22%) | loss: 5.430654 | lrm: 1.00 | dt: 1971.29ms | tok/sec: 265,961 | bf16_mfu: 0.00 | epoch: 1 pq: 0 rg: 58 | total time: 1.50m | eta: 80.6m
step 00057/02520 (2.26%) | loss: 5.402060 | lrm: 1.00 | dt: 1970.64ms | tok/sec: 266,049 | bf16_mfu: 0.00 | epoch: 1 pq: 0 rg: 59 | total time: 1.54m | eta: 80.5m
step 00058/02520 (2.30%) | loss: 5.376169 | lrm: 1.00 | dt: 1971.25ms | tok/sec: 265,967 | bf16_mfu: 0.00 | epoch: 1 pq: 0 rg: 60 | total time: 1.57m | eta: 80.5m
step 00059/02520 (2.34%) | loss: 5.356814 | lrm: 1.00 | dt: 1969.26ms | tok/sec: 266,236 | bf16_mfu: 0.00 | epoch: 1 pq: 0 rg: 61 | total time: 1.60m | eta: 80.5m
step 00060/02520 (2.38%) | loss: 5.318969 | lrm: 1.00 | dt: 1970.46ms | tok/sec: 266,073 | bf16_mfu: 0.00 | epoch: 1 pq: 0 rg: 62 | total time: 1.64m | eta: 80.5m
step 00061/02520 (2.42%) | loss: 5.284855 | lrm: 1.00 | dt: 1971.52ms | tok/sec: 265,930 | bf16_mfu: 0.00 | epoch: 1 pq: 0 rg: 63 | total time: 1.67m | eta: 80.4m
step 00062/02520 (2.46%) | loss: 5.259257 | lrm: 1.00 | dt: 1971.96ms | tok/sec: 265,871 | bf16_mfu: 0.00 | epoch: 1 pq: 0 rg: 64 | total time: 1.70m | eta: 80.4m
step 00063/02520 (2.50%) | loss: 5.227576 | lrm: 1.00 | dt: 1972.15ms | tok/sec: 265,845 | bf16_mfu: 0.00 | epoch: 1 pq: 0 rg: 65 | total time: 1.73m | eta: 80.4m
step 00064/02520 (2.54%) | loss: 5.207918 | lrm: 1.00 | dt: 1971.47ms | tok/sec: 265,937 | bf16_mfu: 0.00 | epoch: 1 pq: 0 rg: 66 | total time: 1.77m | eta: 80.4m
step 00065/02520 (2.58%) | loss: 5.180644 | lrm: 1.00 | dt: 1970.93ms | tok/sec: 266,010 | bf16_mfu: 0.00 | epoch: 1 pq: 0 rg: 67 | total time: 1.80m | eta: 80.3m
step 00066/02520 (2.62%) | loss: 5.155578 | lrm: 1.00 | dt: 1969.70ms | tok/sec: 266,176 | bf16_mfu: 0.00 | epoch: 1 pq: 0 rg: 68 | total time: 1.83m | eta: 80.3m
step 00067/02520 (2.66%) | loss: 5.130253 | lrm: 1.00 | dt: 1971.14ms | tok/sec: 265,981 | bf16_mfu: 0.00 | epoch: 1 pq: 0 rg: 69 | total time: 1.87m | eta: 80.3m
step 00068/02520 (2.70%) | loss: 5.105851 | lrm: 1.00 | dt: 1971.94ms | tok/sec: 265,874 | bf16_mfu: 0.00 | epoch: 1 pq: 0 rg: 70 | total time: 1.90m | eta: 80.2m
step 00069/02520 (2.74%) | loss: 5.080741 | lrm: 1.00 | dt: 1972.34ms | tok/sec: 265,820 | bf16_mfu: 0.00 | epoch: 1 pq: 0 rg: 71 | total time: 1.93m | eta: 80.2m
step 00070/02520 (2.78%) | loss: 5.057593 | lrm: 1.00 | dt: 1971.13ms | tok/sec: 265,983 | bf16_mfu: 0.00 | epoch: 1 pq: 0 rg: 72 | total time: 1.96m | eta: 80.2m
step 00071/02520 (2.82%) | loss: 5.037450 | lrm: 1.00 | dt: 1971.90ms | tok/sec: 265,879 | bf16_mfu: 0.00 | epoch: 1 pq: 0 rg: 73 | total time: 2.00m | eta: 80.2m
step 00072/02520 (2.86%) | loss: 5.028843 | lrm: 1.00 | dt: 1971.48ms | tok/sec: 265,935 | bf16_mfu: 0.00 | epoch: 1 pq: 0 rg: 74 | total time: 2.03m | eta: 80.1m
step 00073/02520 (2.90%) | loss: 5.001274 | lrm: 1.00 | dt: 1972.75ms | tok/sec: 265,764 | bf16_mfu: 0.00 | epoch: 1 pq: 0 rg: 74 | total time: 2.06m | eta: 80.1m
step 00074/02520 (2.94%) | loss: 4.973979 | lrm: 1.00 | dt: 1972.90ms | tok/sec: 265,744 | bf16_mfu: 0.00 | epoch: 1 pq: 0 rg: 75 | total time: 2.10m | eta: 80.1m
step 00075/02520 (2.98%) | loss: 4.945845 | lrm: 1.00 | dt: 1973.07ms | tok/sec: 265,722 | bf16_mfu: 0.00 | epoch: 1 pq: 0 rg: 76 | total time: 2.13m | eta: 80.1m
step 00076/02520 (3.02%) | loss: 4.921348 | lrm: 1.00 | dt: 1971.59ms | tok/sec: 265,920 | bf16_mfu: 0.00 | epoch: 1 pq: 0 rg: 77 | total time: 2.16m | eta: 80.0m
step 00077/02520 (3.06%) | loss: 4.913868 | lrm: 1.00 | dt: 1972.55ms | tok/sec: 265,791 | bf16_mfu: 0.00 | epoch: 1 pq: 0 rg: 78 | total time: 2.19m | eta: 80.0m
step 00078/02520 (3.10%) | loss: 4.891088 | lrm: 1.00 | dt: 1971.84ms | tok/sec: 265,887 | bf16_mfu: 0.00 | epoch: 1 pq: 0 rg: 79 | total time: 2.23m | eta: 80.0m
step 00079/02520 (3.13%) | loss: 4.871670 | lrm: 1.00 | dt: 1973.16ms | tok/sec: 265,709 | bf16_mfu: 0.00 | epoch: 1 pq: 0 rg: 80 | total time: 2.26m | eta: 79.9m
step 00080/02520 (3.17%) | loss: 4.847080 | lrm: 1.00 | dt: 1972.36ms | tok/sec: 265,817 | bf16_mfu: 0.00 | epoch: 1 pq: 0 rg: 81 | total time: 2.29m | eta: 79.9m
step 00081/02520 (3.21%) | loss: 4.834761 | lrm: 1.00 | dt: 1971.29ms | tok/sec: 265,962 | bf16_mfu: 0.00 | epoch: 1 pq: 0 rg: 82 | total time: 2.33m | eta: 79.9m
step 00082/02520 (3.25%) | loss: 4.820827 | lrm: 1.00 | dt: 1971.57ms | tok/sec: 265,923 | bf16_mfu: 0.00 | epoch: 1 pq: 0 rg: 83 | total time: 2.36m | eta: 79.9m
step 00083/02520 (3.29%) | loss: 4.801695 | lrm: 1.00 | dt: 1971.59ms | tok/sec: 265,921 | bf16_mfu: 0.00 | epoch: 1 pq: 1 rg: 0 | total time: 2.39m | eta: 79.8m
step 00084/02520 (3.33%) | loss: 4.782337 | lrm: 1.00 | dt: 1971.21ms | tok/sec: 265,972 | bf16_mfu: 0.00 | epoch: 1 pq: 1 rg: 1 | total time: 2.42m | eta: 79.8m
step 00085/02520 (3.37%) | loss: 4.760982 | lrm: 1.00 | dt: 1972.82ms | tok/sec: 265,755 | bf16_mfu: 0.00 | epoch: 1 pq: 1 rg: 2 | total time: 2.46m | eta: 79.8m
step 00086/02520 (3.41%) | loss: 4.742600 | lrm: 1.00 | dt: 1972.26ms | tok/sec: 265,831 | bf16_mfu: 0.00 | epoch: 1 pq: 1 rg: 3 | total time: 2.49m | eta: 79.7m
step 00087/02520 (3.45%) | loss: 4.725260 | lrm: 1.00 | dt: 1972.67ms | tok/sec: 265,776 | bf16_mfu: 0.00 | epoch: 1 pq: 1 rg: 4 | total time: 2.52m | eta: 79.7m
step 00088/02520 (3.49%) | loss: 4.710743 | lrm: 1.00 | dt: 1973.41ms | tok/sec: 265,676 | bf16_mfu: 0.00 | epoch: 1 pq: 1 rg: 5 | total time: 2.56m | eta: 79.7m
step 00089/02520 (3.53%) | loss: 4.695727 | lrm: 1.00 | dt: 1972.19ms | tok/sec: 265,840 | bf16_mfu: 0.00 | epoch: 1 pq: 1 rg: 6 | total time: 2.59m | eta: 79.7m
step 00090/02520 (3.57%) | loss: 4.676022 | lrm: 1.00 | dt: 1972.74ms | tok/sec: 265,765 | bf16_mfu: 0.00 | epoch: 1 pq: 1 rg: 7 | total time: 2.62m | eta: 79.6m
step 00091/02520 (3.61%) | loss: 4.651353 | lrm: 1.00 | dt: 1973.80ms | tok/sec: 265,624 | bf16_mfu: 0.00 | epoch: 1 pq: 1 rg: 8 | total time: 2.65m | eta: 79.6m
step 00092/02520 (3.65%) | loss: 4.639837 | lrm: 1.00 | dt: 1971.27ms | tok/sec: 265,964 | bf16_mfu: 0.00 | epoch: 1 pq: 1 rg: 9 | total time: 2.69m | eta: 79.6m
step 00093/02520 (3.69%) | loss: 4.627995 | lrm: 1.00 | dt: 1973.10ms | tok/sec: 265,717 | bf16_mfu: 0.00 | epoch: 1 pq: 1 rg: 10 | total time: 2.72m | eta: 79.5m
step 00094/02520 (3.73%) | loss: 4.613589 | lrm: 1.00 | dt: 1971.34ms | tok/sec: 265,955 | bf16_mfu: 0.00 | epoch: 1 pq: 1 rg: 11 | total time: 2.75m | eta: 79.5m
step 00095/02520 (3.77%) | loss: 4.590862 | lrm: 1.00 | dt: 1972.27ms | tok/sec: 265,830 | bf16_mfu: 0.00 | epoch: 1 pq: 1 rg: 12 | total time: 2.79m | eta: 79.5m
step 00096/02520 (3.81%) | loss: 4.580081 | lrm: 1.00 | dt: 1971.74ms | tok/sec: 265,901 | bf16_mfu: 0.00 | epoch: 1 pq: 1 rg: 13 | total time: 2.82m | eta: 79.4m
step 00097/02520 (3.85%) | loss: 4.556131 | lrm: 1.00 | dt: 1973.74ms | tok/sec: 265,632 | bf16_mfu: 0.00 | epoch: 1 pq: 1 rg: 14 | total time: 2.85m | eta: 79.4m
step 00098/02520 (3.89%) | loss: 4.545147 | lrm: 1.00 | dt: 1974.47ms | tok/sec: 265,534 | bf16_mfu: 0.00 | epoch: 1 pq: 1 rg: 15 | total time: 2.88m | eta: 79.4m
step 00099/02520 (3.93%) | loss: 4.534214 | lrm: 1.00 | dt: 1975.82ms | tok/sec: 265,352 | bf16_mfu: 0.00 | epoch: 1 pq: 1 rg: 16 | total time: 2.92m | eta: 79.4m
step 00100/02520 (3.97%) | loss: 4.509213 | lrm: 1.00 | dt: 1973.25ms | tok/sec: 265,697 | bf16_mfu: 0.00 | epoch: 1 pq: 1 rg: 17 | total time: 2.95m | eta: 79.3m
step 00101/02520 (4.01%) | loss: 4.503786 | lrm: 1.00 | dt: 1973.04ms | tok/sec: 265,725 | bf16_mfu: 0.00 | epoch: 1 pq: 1 rg: 18 | total time: 2.98m | eta: 79.3m
step 00102/02520 (4.05%) | loss: 4.490100 | lrm: 1.00 | dt: 1972.66ms | tok/sec: 265,776 | bf16_mfu: 0.00 | epoch: 1 pq: 1 rg: 19 | total time: 3.02m | eta: 79.3m
step 00103/02520 (4.09%) | loss: 4.480111 | lrm: 1.00 | dt: 1972.86ms | tok/sec: 265,750 | bf16_mfu: 0.00 | epoch: 1 pq: 1 rg: 20 | total time: 3.05m | eta: 79.2m
step 00104/02520 (4.13%) | loss: 4.467816 | lrm: 1.00 | dt: 1972.46ms | tok/sec: 265,803 | bf16_mfu: 0.00 | epoch: 1 pq: 1 rg: 21 | total time: 3.08m | eta: 79.2m
step 00105/02520 (4.17%) | loss: 4.454233 | lrm: 1.00 | dt: 1971.73ms | tok/sec: 265,901 | bf16_mfu: 0.00 | epoch: 1 pq: 1 rg: 22 | total time: 3.11m | eta: 79.2m
step 00106/02520 (4.21%) | loss: 4.433913 | lrm: 1.00 | dt: 1972.92ms | tok/sec: 265,741 | bf16_mfu: 0.00 | epoch: 1 pq: 1 rg: 23 | total time: 3.15m | eta: 79.1m
step 00107/02520 (4.25%) | loss: 4.416730 | lrm: 1.00 | dt: 1973.91ms | tok/sec: 265,609 | bf16_mfu: 0.00 | epoch: 1 pq: 1 rg: 24 | total time: 3.18m | eta: 79.1m
step 00108/02520 (4.29%) | loss: 4.403501 | lrm: 1.00 | dt: 1973.79ms | tok/sec: 265,625 | bf16_mfu: 0.00 | epoch: 1 pq: 1 rg: 25 | total time: 3.21m | eta: 79.1m
step 00109/02520 (4.33%) | loss: 4.385751 | lrm: 1.00 | dt: 1973.98ms | tok/sec: 265,599 | bf16_mfu: 0.00 | epoch: 1 pq: 1 rg: 26 | total time: 3.25m | eta: 79.1m
step 00110/02520 (4.37%) | loss: 4.356821 | lrm: 1.00 | dt: 1973.71ms | tok/sec: 265,635 | bf16_mfu: 0.00 | epoch: 1 pq: 1 rg: 26 | total time: 3.28m | eta: 79.0m
step 00111/02520 (4.40%) | loss: 4.335635 | lrm: 1.00 | dt: 1973.37ms | tok/sec: 265,680 | bf16_mfu: 0.00 | epoch: 1 pq: 1 rg: 27 | total time: 3.31m | eta: 79.0m
step 00112/02520 (4.44%) | loss: 4.325046 | lrm: 1.00 | dt: 1971.79ms | tok/sec: 265,895 | bf16_mfu: 0.00 | epoch: 1 pq: 1 rg: 28 | total time: 3.34m | eta: 79.0m
step 00113/02520 (4.48%) | loss: 4.309352 | lrm: 1.00 | dt: 1973.99ms | tok/sec: 265,598 | bf16_mfu: 0.00 | epoch: 1 pq: 1 rg: 29 | total time: 3.38m | eta: 78.9m
step 00114/02520 (4.52%) | loss: 4.304436 | lrm: 1.00 | dt: 1972.61ms | tok/sec: 265,784 | bf16_mfu: 0.00 | epoch: 1 pq: 1 rg: 30 | total time: 3.41m | eta: 78.9m
step 00115/02520 (4.56%) | loss: 4.291489 | lrm: 1.00 | dt: 1971.56ms | tok/sec: 265,925 | bf16_mfu: 0.00 | epoch: 1 pq: 1 rg: 31 | total time: 3.44m | eta: 78.9m
step 00116/02520 (4.60%) | loss: 4.277934 | lrm: 1.00 | dt: 1973.13ms | tok/sec: 265,713 | bf16_mfu: 0.00 | epoch: 1 pq: 1 rg: 32 | total time: 3.48m | eta: 78.8m
step 00117/02520 (4.64%) | loss: 4.264212 | lrm: 1.00 | dt: 1972.84ms | tok/sec: 265,752 | bf16_mfu: 0.00 | epoch: 1 pq: 1 rg: 33 | total time: 3.51m | eta: 78.8m
step 00118/02520 (4.68%) | loss: 4.251102 | lrm: 1.00 | dt: 1971.12ms | tok/sec: 265,985 | bf16_mfu: 0.00 | epoch: 1 pq: 1 rg: 34 | total time: 3.54m | eta: 78.8m
step 00119/02520 (4.72%) | loss: 4.238234 | lrm: 1.00 | dt: 1972.91ms | tok/sec: 265,743 | bf16_mfu: 0.00 | epoch: 1 pq: 1 rg: 35 | total time: 3.57m | eta: 78.7m
step 00120/02520 (4.76%) | loss: 4.217599 | lrm: 1.00 | dt: 1972.40ms | tok/sec: 265,812 | bf16_mfu: 0.00 | epoch: 1 pq: 1 rg: 36 | total time: 3.61m | eta: 78.7m
step 00121/02520 (4.80%) | loss: 4.192346 | lrm: 1.00 | dt: 1972.52ms | tok/sec: 265,795 | bf16_mfu: 0.00 | epoch: 1 pq: 1 rg: 37 | total time: 3.64m | eta: 78.7m
step 00122/02520 (4.84%) | loss: 4.190334 | lrm: 1.00 | dt: 1972.66ms | tok/sec: 265,777 | bf16_mfu: 0.00 | epoch: 1 pq: 1 rg: 38 | total time: 3.67m | eta: 78.7m
step 00123/02520 (4.88%) | loss: 4.177545 | lrm: 1.00 | dt: 1972.72ms | tok/sec: 265,768 | bf16_mfu: 0.00 | epoch: 1 pq: 1 rg: 39 | total time: 3.71m | eta: 78.6m
step 00124/02520 (4.92%) | loss: 4.168346 | lrm: 1.00 | dt: 1972.38ms | tok/sec: 265,815 | bf16_mfu: 0.00 | epoch: 1 pq: 1 rg: 40 | total time: 3.74m | eta: 78.6m
step 00125/02520 (4.96%) | loss: 4.156699 | lrm: 1.00 | dt: 1971.58ms | tok/sec: 265,922 | bf16_mfu: 0.00 | epoch: 1 pq: 1 rg: 41 | total time: 3.77m | eta: 78.6m
step 00126/02520 (5.00%) | loss: 4.131377 | lrm: 1.00 | dt: 1972.09ms | tok/sec: 265,853 | bf16_mfu: 0.00 | epoch: 1 pq: 1 rg: 42 | total time: 3.81m | eta: 78.5m
step 00127/02520 (5.04%) | loss: 4.114345 | lrm: 1.00 | dt: 1972.30ms | tok/sec: 265,825 | bf16_mfu: 0.00 | epoch: 1 pq: 1 rg: 43 | total time: 3.84m | eta: 78.5m
step 00128/02520 (5.08%) | loss: 4.113736 | lrm: 1.00 | dt: 1972.27ms | tok/sec: 265,829 | bf16_mfu: 0.00 | epoch: 1 pq: 1 rg: 44 | total time: 3.87m | eta: 78.5m
step 00129/02520 (5.12%) | loss: 4.112105 | lrm: 1.00 | dt: 1973.13ms | tok/sec: 265,713 | bf16_mfu: 0.00 | epoch: 1 pq: 1 rg: 45 | total time: 3.90m | eta: 78.4m
step 00130/02520 (5.16%) | loss: 4.107283 | lrm: 1.00 | dt: 1973.84ms | tok/sec: 265,618 | bf16_mfu: 0.00 | epoch: 1 pq: 1 rg: 46 | total time: 3.94m | eta: 78.4m
step 00131/02520 (5.20%) | loss: 4.091149 | lrm: 1.00 | dt: 1973.03ms | tok/sec: 265,727 | bf16_mfu: 0.00 | epoch: 1 pq: 1 rg: 47 | total time: 3.97m | eta: 78.4m
step 00132/02520 (5.24%) | loss: 4.085089 | lrm: 1.00 | dt: 1970.93ms | tok/sec: 266,010 | bf16_mfu: 0.00 | epoch: 1 pq: 1 rg: 48 | total time: 4.00m | eta: 78.3m
step 00133/02520 (5.28%) | loss: 4.081136 | lrm: 1.00 | dt: 1971.36ms | tok/sec: 265,951 | bf16_mfu: 0.00 | epoch: 1 pq: 1 rg: 49 | total time: 4.04m | eta: 78.3m
step 00134/02520 (5.32%) | loss: 4.070157 | lrm: 1.00 | dt: 1970.83ms | tok/sec: 266,024 | bf16_mfu: 0.00 | epoch: 1 pq: 1 rg: 50 | total time: 4.07m | eta: 78.3m
step 00135/02520 (5.36%) | loss: 4.063036 | lrm: 1.00 | dt: 1971.85ms | tok/sec: 265,886 | bf16_mfu: 0.00 | epoch: 1 pq: 1 rg: 51 | total time: 4.10m | eta: 78.2m
step 00136/02520 (5.40%) | loss: 4.049067 | lrm: 1.00 | dt: 1970.58ms | tok/sec: 266,057 | bf16_mfu: 0.00 | epoch: 1 pq: 1 rg: 52 | total time: 4.13m | eta: 78.2m
step 00137/02520 (5.44%) | loss: 4.042158 | lrm: 1.00 | dt: 1972.40ms | tok/sec: 265,812 | bf16_mfu: 0.00 | epoch: 1 pq: 1 rg: 53 | total time: 4.17m | eta: 78.2m
step 00138/02520 (5.48%) | loss: 4.030582 | lrm: 1.00 | dt: 1971.48ms | tok/sec: 265,936 | bf16_mfu: 0.00 | epoch: 1 pq: 1 rg: 54 | total time: 4.20m | eta: 78.1m
step 00139/02520 (5.52%) | loss: 4.018531 | lrm: 1.00 | dt: 1970.10ms | tok/sec: 266,122 | bf16_mfu: 0.00 | epoch: 1 pq: 1 rg: 55 | total time: 4.23m | eta: 78.1m
step 00140/02520 (5.56%) | loss: 4.002461 | lrm: 1.00 | dt: 1970.91ms | tok/sec: 266,013 | bf16_mfu: 0.00 | epoch: 1 pq: 1 rg: 56 | total time: 4.27m | eta: 78.1m
step 00141/02520 (5.60%) | loss: 3.998272 | lrm: 1.00 | dt: 1970.34ms | tok/sec: 266,090 | bf16_mfu: 0.00 | epoch: 1 pq: 1 rg: 57 | total time: 4.30m | eta: 78.1m
step 00142/02520 (5.63%) | loss: 3.990282 | lrm: 1.00 | dt: 1971.09ms | tok/sec: 265,988 | bf16_mfu: 0.00 | epoch: 1 pq: 1 rg: 57 | total time: 4.33m | eta: 78.0m
step 00143/02520 (5.67%) | loss: 3.982925 | lrm: 1.00 | dt: 1970.64ms | tok/sec: 266,049 | bf16_mfu: 0.00 | epoch: 1 pq: 1 rg: 58 | total time: 4.36m | eta: 78.0m
step 00144/02520 (5.71%) | loss: 3.986895 | lrm: 1.00 | dt: 1971.57ms | tok/sec: 265,924 | bf16_mfu: 0.00 | epoch: 1 pq: 1 rg: 59 | total time: 4.40m | eta: 78.0m
step 00145/02520 (5.75%) | loss: 3.972747 | lrm: 1.00 | dt: 1970.63ms | tok/sec: 266,051 | bf16_mfu: 0.00 | epoch: 1 pq: 1 rg: 60 | total time: 4.43m | eta: 77.9m
step 00146/02520 (5.79%) | loss: 3.972377 | lrm: 1.00 | dt: 1970.84ms | tok/sec: 266,022 | bf16_mfu: 0.00 | epoch: 1 pq: 1 rg: 61 | total time: 4.46m | eta: 77.9m
step 00147/02520 (5.83%) | loss: 3.980377 | lrm: 1.00 | dt: 1971.82ms | tok/sec: 265,890 | bf16_mfu: 0.00 | epoch: 1 pq: 1 rg: 62 | total time: 4.50m | eta: 77.9m
step 00148/02520 (5.87%) | loss: 3.973118 | lrm: 1.00 | dt: 1971.60ms | tok/sec: 265,920 | bf16_mfu: 0.00 | epoch: 1 pq: 1 rg: 63 | total time: 4.53m | eta: 77.8m
step 00149/02520 (5.91%) | loss: 3.957119 | lrm: 1.00 | dt: 1971.84ms | tok/sec: 265,887 | bf16_mfu: 0.00 | epoch: 1 pq: 1 rg: 64 | total time: 4.56m | eta: 77.8m
step 00150/02520 (5.95%) | loss: 3.957298 | lrm: 1.00 | dt: 1971.01ms | tok/sec: 265,999 | bf16_mfu: 0.00 | epoch: 1 pq: 1 rg: 65 | total time: 4.59m | eta: 77.8m
step 00151/02520 (5.99%) | loss: 3.947165 | lrm: 1.00 | dt: 1971.07ms | tok/sec: 265,991 | bf16_mfu: 0.00 | epoch: 1 pq: 1 rg: 66 | total time: 4.63m | eta: 77.7m
step 00152/02520 (6.03%) | loss: 3.938228 | lrm: 1.00 | dt: 1970.55ms | tok/sec: 266,062 | bf16_mfu: 0.00 | epoch: 1 pq: 1 rg: 67 | total time: 4.66m | eta: 77.7m
step 00153/02520 (6.07%) | loss: 3.933153 | lrm: 1.00 | dt: 1970.87ms | tok/sec: 266,019 | bf16_mfu: 0.00 | epoch: 1 pq: 1 rg: 68 | total time: 4.69m | eta: 77.7m
step 00154/02520 (6.11%) | loss: 3.931730 | lrm: 1.00 | dt: 1969.09ms | tok/sec: 266,258 | bf16_mfu: 0.00 | epoch: 1 pq: 1 rg: 69 | total time: 4.73m | eta: 77.6m
step 00155/02520 (6.15%) | loss: 3.919869 | lrm: 1.00 | dt: 1970.30ms | tok/sec: 266,095 | bf16_mfu: 0.00 | epoch: 1 pq: 1 rg: 70 | total time: 4.76m | eta: 77.6m
step 00156/02520 (6.19%) | loss: 3.904572 | lrm: 1.00 | dt: 1968.95ms | tok/sec: 266,277 | bf16_mfu: 0.00 | epoch: 1 pq: 1 rg: 71 | total time: 4.79m | eta: 77.6m
step 00157/02520 (6.23%) | loss: 3.890273 | lrm: 1.00 | dt: 1969.08ms | tok/sec: 266,260 | bf16_mfu: 0.00 | epoch: 1 pq: 1 rg: 72 | total time: 4.82m | eta: 77.5m
step 00158/02520 (6.27%) | loss: 3.874658 | lrm: 1.00 | dt: 1970.08ms | tok/sec: 266,125 | bf16_mfu: 0.00 | epoch: 1 pq: 1 rg: 73 | total time: 4.86m | eta: 77.5m
step 00159/02520 (6.31%) | loss: 3.880730 | lrm: 1.00 | dt: 1968.33ms | tok/sec: 266,361 | bf16_mfu: 0.00 | epoch: 1 pq: 1 rg: 74 | total time: 4.89m | eta: 77.5m
step 00160/02520 (6.35%) | loss: 3.878680 | lrm: 1.00 | dt: 1968.79ms | tok/sec: 266,299 | bf16_mfu: 0.00 | epoch: 1 pq: 1 rg: 75 | total time: 4.92m | eta: 77.4m
step 00161/02520 (6.39%) | loss: 3.873897 | lrm: 1.00 | dt: 1967.29ms | tok/sec: 266,502 | bf16_mfu: 0.00 | epoch: 1 pq: 1 rg: 76 | total time: 4.95m | eta: 77.4m
step 00162/02520 (6.43%) | loss: 3.863014 | lrm: 1.00 | dt: 1967.84ms | tok/sec: 266,428 | bf16_mfu: 0.00 | epoch: 1 pq: 1 rg: 77 | total time: 4.99m | eta: 77.4m
step 00163/02520 (6.47%) | loss: 3.853577 | lrm: 1.00 | dt: 1967.22ms | tok/sec: 266,512 | bf16_mfu: 0.00 | epoch: 1 pq: 1 rg: 78 | total time: 5.02m | eta: 77.3m
step 00164/02520 (6.51%) | loss: 3.837987 | lrm: 1.00 | dt: 1968.13ms | tok/sec: 266,388 | bf16_mfu: 0.00 | epoch: 1 pq: 1 rg: 79 | total time: 5.05m | eta: 77.3m
step 00165/02520 (6.55%) | loss: 3.839617 | lrm: 1.00 | dt: 1966.78ms | tok/sec: 266,571 | bf16_mfu: 0.00 | epoch: 1 pq: 1 rg: 80 | total time: 5.09m | eta: 77.3m
step 00166/02520 (6.59%) | loss: 3.837432 | lrm: 1.00 | dt: 1966.95ms | tok/sec: 266,548 | bf16_mfu: 0.00 | epoch: 1 pq: 1 rg: 81 | total time: 5.12m | eta: 77.2m
step 00167/02520 (6.63%) | loss: 3.831617 | lrm: 1.00 | dt: 1968.03ms | tok/sec: 266,401 | bf16_mfu: 0.00 | epoch: 1 pq: 1 rg: 82 | total time: 5.15m | eta: 77.2m
step 00168/02520 (6.67%) | loss: 3.829203 | lrm: 1.00 | dt: 1966.88ms | tok/sec: 266,557 | bf16_mfu: 0.00 | epoch: 1 pq: 1 rg: 83 | total time: 5.18m | eta: 77.2m
step 00169/02520 (6.71%) | loss: 3.812072 | lrm: 1.00 | dt: 1966.97ms | tok/sec: 266,546 | bf16_mfu: 0.00 | epoch: 1 pq: 2 rg: 0 | total time: 5.22m | eta: 77.1m
step 00170/02520 (6.75%) | loss: 3.801714 | lrm: 1.00 | dt: 1965.96ms | tok/sec: 266,683 | bf16_mfu: 0.00 | epoch: 1 pq: 2 rg: 1 | total time: 5.25m | eta: 77.1m
step 00171/02520 (6.79%) | loss: 3.790227 | lrm: 1.00 | dt: 1965.92ms | tok/sec: 266,688 | bf16_mfu: 0.00 | epoch: 1 pq: 2 rg: 2 | total time: 5.28m | eta: 77.1m
step 00172/02520 (6.83%) | loss: 3.790588 | lrm: 1.00 | dt: 1965.65ms | tok/sec: 266,724 | bf16_mfu: 0.00 | epoch: 1 pq: 2 rg: 3 | total time: 5.32m | eta: 77.0m
step 00173/02520 (6.87%) | loss: 3.809431 | lrm: 1.00 | dt: 1966.07ms | tok/sec: 266,667 | bf16_mfu: 0.00 | epoch: 1 pq: 2 rg: 4 | total time: 5.35m | eta: 77.0m
step 00174/02520 (6.90%) | loss: 3.791991 | lrm: 1.00 | dt: 1965.54ms | tok/sec: 266,739 | bf16_mfu: 0.00 | epoch: 1 pq: 2 rg: 5 | total time: 5.38m | eta: 77.0m
step 00175/02520 (6.94%) | loss: 3.786352 | lrm: 1.00 | dt: 1965.98ms | tok/sec: 266,679 | bf16_mfu: 0.00 | epoch: 1 pq: 2 rg: 6 | total time: 5.41m | eta: 76.9m
step 00176/02520 (6.98%) | loss: 3.785454 | lrm: 1.00 | dt: 1963.79ms | tok/sec: 266,977 | bf16_mfu: 0.00 | epoch: 1 pq: 2 rg: 7 | total time: 5.45m | eta: 76.9m
step 00177/02520 (7.02%) | loss: 3.790467 | lrm: 1.00 | dt: 1965.10ms | tok/sec: 266,799 | bf16_mfu: 0.00 | epoch: 1 pq: 2 rg: 8 | total time: 5.48m | eta: 76.9m
step 00178/02520 (7.06%) | loss: 3.780872 | lrm: 1.00 | dt: 1964.64ms | tok/sec: 266,862 | bf16_mfu: 0.00 | epoch: 1 pq: 2 rg: 9 | total time: 5.51m | eta: 76.8m
step 00179/02520 (7.10%) | loss: 3.778029 | lrm: 1.00 | dt: 1965.07ms | tok/sec: 266,803 | bf16_mfu: 0.00 | epoch: 1 pq: 2 rg: 10 | total time: 5.54m | eta: 76.8m
step 00180/02520 (7.14%) | loss: 3.763579 | lrm: 1.00 | dt: 1964.32ms | tok/sec: 266,905 | bf16_mfu: 0.00 | epoch: 1 pq: 2 rg: 10 | total time: 5.58m | eta: 76.8m
step 00181/02520 (7.18%) | loss: 3.777375 | lrm: 1.00 | dt: 1964.43ms | tok/sec: 266,890 | bf16_mfu: 0.00 | epoch: 1 pq: 2 rg: 11 | total time: 5.61m | eta: 76.7m
step 00182/02520 (7.22%) | loss: 3.754324 | lrm: 1.00 | dt: 1962.99ms | tok/sec: 267,085 | bf16_mfu: 0.00 | epoch: 1 pq: 2 rg: 12 | total time: 5.64m | eta: 76.7m
step 00183/02520 (7.26%) | loss: 3.752886 | lrm: 1.00 | dt: 1962.05ms | tok/sec: 267,213 | bf16_mfu: 0.00 | epoch: 1 pq: 2 rg: 13 | total time: 5.68m | eta: 76.7m
step 00184/02520 (7.30%) | loss: 3.756919 | lrm: 1.00 | dt: 1963.98ms | tok/sec: 266,951 | bf16_mfu: 0.00 | epoch: 1 pq: 2 rg: 14 | total time: 5.71m | eta: 76.6m
step 00185/02520 (7.34%) | loss: 3.757984 | lrm: 1.00 | dt: 1963.35ms | tok/sec: 267,038 | bf16_mfu: 0.00 | epoch: 1 pq: 2 rg: 15 | total time: 5.74m | eta: 76.6m
step 00186/02520 (7.38%) | loss: 3.757878 | lrm: 1.00 | dt: 1963.30ms | tok/sec: 267,044 | bf16_mfu: 0.00 | epoch: 1 pq: 2 rg: 16 | total time: 5.77m | eta: 76.6m
step 00187/02520 (7.42%) | loss: 3.755016 | lrm: 1.00 | dt: 1963.00ms | tok/sec: 267,085 | bf16_mfu: 0.00 | epoch: 1 pq: 2 rg: 17 | total time: 5.81m | eta: 76.5m
step 00188/02520 (7.46%) | loss: 3.757392 | lrm: 1.00 | dt: 1961.99ms | tok/sec: 267,222 | bf16_mfu: 0.00 | epoch: 1 pq: 2 rg: 18 | total time: 5.84m | eta: 76.5m
step 00189/02520 (7.50%) | loss: 3.756156 | lrm: 1.00 | dt: 1961.12ms | tok/sec: 267,340 | bf16_mfu: 0.00 | epoch: 1 pq: 2 rg: 19 | total time: 5.87m | eta: 76.5m
step 00190/02520 (7.54%) | loss: 3.766658 | lrm: 1.00 | dt: 1961.86ms | tok/sec: 267,240 | bf16_mfu: 0.00 | epoch: 1 pq: 2 rg: 20 | total time: 5.90m | eta: 76.4m
step 00191/02520 (7.58%) | loss: 3.764521 | lrm: 1.00 | dt: 1962.22ms | tok/sec: 267,190 | bf16_mfu: 0.00 | epoch: 1 pq: 2 rg: 21 | total time: 5.94m | eta: 76.4m
step 00192/02520 (7.62%) | loss: 3.767772 | lrm: 1.00 | dt: 1960.82ms | tok/sec: 267,381 | bf16_mfu: 0.00 | epoch: 1 pq: 2 rg: 22 | total time: 5.97m | eta: 76.4m
step 00193/02520 (7.66%) | loss: 3.767290 | lrm: 1.00 | dt: 1962.20ms | tok/sec: 267,194 | bf16_mfu: 0.00 | epoch: 1 pq: 2 rg: 23 | total time: 6.00m | eta: 76.3m
step 00194/02520 (7.70%) | loss: 3.765943 | lrm: 1.00 | dt: 1962.17ms | tok/sec: 267,197 | bf16_mfu: 0.00 | epoch: 1 pq: 2 rg: 24 | total time: 6.04m | eta: 76.3m
step 00195/02520 (7.74%) | loss: 3.756797 | lrm: 1.00 | dt: 1962.87ms | tok/sec: 267,102 | bf16_mfu: 0.00 | epoch: 1 pq: 2 rg: 25 | total time: 6.07m | eta: 76.3m
step 00196/02520 (7.78%) | loss: 3.754402 | lrm: 1.00 | dt: 1961.76ms | tok/sec: 267,253 | bf16_mfu: 0.00 | epoch: 1 pq: 2 rg: 26 | total time: 6.10m | eta: 76.2m
step 00197/02520 (7.82%) | loss: 3.746965 | lrm: 1.00 | dt: 1961.70ms | tok/sec: 267,262 | bf16_mfu: 0.00 | epoch: 1 pq: 2 rg: 27 | total time: 6.13m | eta: 76.2m
step 00198/02520 (7.86%) | loss: 3.745961 | lrm: 1.00 | dt: 1961.51ms | tok/sec: 267,288 | bf16_mfu: 0.00 | epoch: 1 pq: 2 rg: 28 | total time: 6.17m | eta: 76.2m
step 00199/02520 (7.90%) | loss: 3.744241 | lrm: 1.00 | dt: 1961.47ms | tok/sec: 267,293 | bf16_mfu: 0.00 | epoch: 1 pq: 2 rg: 29 | total time: 6.20m | eta: 76.1m
step 00200/02520 (7.94%) | loss: 3.749690 | lrm: 1.00 | dt: 1962.08ms | tok/sec: 267,210 | bf16_mfu: 0.00 | epoch: 1 pq: 2 rg: 30 | total time: 6.23m | eta: 76.1m
step 00201/02520 (7.98%) | loss: 3.745187 | lrm: 1.00 | dt: 1962.81ms | tok/sec: 267,111 | bf16_mfu: 0.00 | epoch: 1 pq: 2 rg: 31 | total time: 6.26m | eta: 76.1m
step 00202/02520 (8.02%) | loss: 3.746296 | lrm: 1.00 | dt: 1963.37ms | tok/sec: 267,035 | bf16_mfu: 0.00 | epoch: 1 pq: 2 rg: 32 | total time: 6.30m | eta: 76.0m
step 00203/02520 (8.06%) | loss: 3.747790 | lrm: 1.00 | dt: 1963.19ms | tok/sec: 267,059 | bf16_mfu: 0.00 | epoch: 1 pq: 2 rg: 33 | total time: 6.33m | eta: 76.0m
step 00204/02520 (8.10%) | loss: 3.746288 | lrm: 1.00 | dt: 1961.92ms | tok/sec: 267,232 | bf16_mfu: 0.00 | epoch: 1 pq: 2 rg: 34 | total time: 6.36m | eta: 76.0m
step 00205/02520 (8.13%) | loss: 3.751585 | lrm: 1.00 | dt: 1961.09ms | tok/sec: 267,345 | bf16_mfu: 0.00 | epoch: 1 pq: 2 rg: 35 | total time: 6.40m | eta: 75.9m
step 00206/02520 (8.17%) | loss: 3.737461 | lrm: 1.00 | dt: 1960.99ms | tok/sec: 267,359 | bf16_mfu: 0.00 | epoch: 1 pq: 2 rg: 36 | total time: 6.43m | eta: 75.9m
step 00207/02520 (8.21%) | loss: 3.739210 | lrm: 1.00 | dt: 1960.94ms | tok/sec: 267,365 | bf16_mfu: 0.00 | epoch: 1 pq: 2 rg: 37 | total time: 6.46m | eta: 75.9m
step 00208/02520 (8.25%) | loss: 3.743626 | lrm: 1.00 | dt: 1961.77ms | tok/sec: 267,252 | bf16_mfu: 0.00 | epoch: 1 pq: 2 rg: 38 | total time: 6.49m | eta: 75.8m
step 00209/02520 (8.29%) | loss: 3.733181 | lrm: 1.00 | dt: 1960.88ms | tok/sec: 267,374 | bf16_mfu: 0.00 | epoch: 1 pq: 2 rg: 38 | total time: 6.53m | eta: 75.8m
step 00210/02520 (8.33%) | loss: 3.723251 | lrm: 1.00 | dt: 1960.71ms | tok/sec: 267,396 | bf16_mfu: 0.00 | epoch: 1 pq: 2 rg: 39 | total time: 6.56m | eta: 75.7m
step 00211/02520 (8.37%) | loss: 3.727318 | lrm: 1.00 | dt: 1960.56ms | tok/sec: 267,416 | bf16_mfu: 0.00 | epoch: 1 pq: 2 rg: 40 | total time: 6.59m | eta: 75.7m
step 00212/02520 (8.41%) | loss: 3.721584 | lrm: 1.00 | dt: 1959.66ms | tok/sec: 267,539 | bf16_mfu: 0.00 | epoch: 1 pq: 2 rg: 41 | total time: 6.62m | eta: 75.7m
step 00213/02520 (8.45%) | loss: 3.721705 | lrm: 1.00 | dt: 1961.33ms | tok/sec: 267,312 | bf16_mfu: 0.00 | epoch: 1 pq: 2 rg: 42 | total time: 6.66m | eta: 75.6m
step 00214/02520 (8.49%) | loss: 3.717008 | lrm: 1.00 | dt: 1959.80ms | tok/sec: 267,520 | bf16_mfu: 0.00 | epoch: 1 pq: 2 rg: 43 | total time: 6.69m | eta: 75.6m
step 00215/02520 (8.53%) | loss: 3.712392 | lrm: 1.00 | dt: 1960.33ms | tok/sec: 267,449 | bf16_mfu: 0.00 | epoch: 1 pq: 2 rg: 44 | total time: 6.72m | eta: 75.6m
step 00216/02520 (8.57%) | loss: 3.705688 | lrm: 1.00 | dt: 1960.56ms | tok/sec: 267,417 | bf16_mfu: 0.00 | epoch: 1 pq: 2 rg: 45 | total time: 6.75m | eta: 75.5m
step 00217/02520 (8.61%) | loss: 3.699801 | lrm: 1.00 | dt: 1960.23ms | tok/sec: 267,461 | bf16_mfu: 0.00 | epoch: 1 pq: 2 rg: 46 | total time: 6.79m | eta: 75.5m
step 00218/02520 (8.65%) | loss: 3.693000 | lrm: 1.00 | dt: 1960.30ms | tok/sec: 267,452 | bf16_mfu: 0.00 | epoch: 1 pq: 2 rg: 47 | total time: 6.82m | eta: 75.5m
step 00219/02520 (8.69%) | loss: 3.695716 | lrm: 1.00 | dt: 1960.79ms | tok/sec: 267,386 | bf16_mfu: 0.00 | epoch: 1 pq: 2 rg: 48 | total time: 6.85m | eta: 75.4m
step 00220/02520 (8.73%) | loss: 3.692701 | lrm: 1.00 | dt: 1961.13ms | tok/sec: 267,340 | bf16_mfu: 0.00 | epoch: 1 pq: 2 rg: 49 | total time: 6.89m | eta: 75.4m
step 00221/02520 (8.77%) | loss: 3.686420 | lrm: 1.00 | dt: 1962.92ms | tok/sec: 267,095 | bf16_mfu: 0.00 | epoch: 1 pq: 2 rg: 50 | total time: 6.92m | eta: 75.4m
step 00222/02520 (8.81%) | loss: 3.692359 | lrm: 1.00 | dt: 1962.49ms | tok/sec: 267,154 | bf16_mfu: 0.00 | epoch: 1 pq: 2 rg: 51 | total time: 6.95m | eta: 75.3m
step 00223/02520 (8.85%) | loss: 3.683426 | lrm: 1.00 | dt: 1961.74ms | tok/sec: 267,257 | bf16_mfu: 0.00 | epoch: 1 pq: 2 rg: 52 | total time: 6.98m | eta: 75.3m
step 00224/02520 (8.89%) | loss: 3.685039 | lrm: 1.00 | dt: 1962.61ms | tok/sec: 267,137 | bf16_mfu: 0.00 | epoch: 1 pq: 2 rg: 53 | total time: 7.02m | eta: 75.3m
step 00225/02520 (8.93%) | loss: 3.683896 | lrm: 1.00 | dt: 1961.10ms | tok/sec: 267,343 | bf16_mfu: 0.00 | epoch: 1 pq: 2 rg: 54 | total time: 7.05m | eta: 75.2m
step 00226/02520 (8.97%) | loss: 3.679183 | lrm: 1.00 | dt: 1960.88ms | tok/sec: 267,374 | bf16_mfu: 0.00 | epoch: 1 pq: 2 rg: 55 | total time: 7.08m | eta: 75.2m
step 00227/02520 (9.01%) | loss: 3.663257 | lrm: 1.00 | dt: 1959.65ms | tok/sec: 267,542 | bf16_mfu: 0.00 | epoch: 1 pq: 2 rg: 56 | total time: 7.11m | eta: 75.2m
step 00228/02520 (9.05%) | loss: 3.661147 | lrm: 1.00 | dt: 1958.85ms | tok/sec: 267,651 | bf16_mfu: 0.00 | epoch: 1 pq: 2 rg: 57 | total time: 7.15m | eta: 75.1m
step 00229/02520 (9.09%) | loss: 3.658476 | lrm: 1.00 | dt: 1960.19ms | tok/sec: 267,468 | bf16_mfu: 0.00 | epoch: 1 pq: 2 rg: 58 | total time: 7.18m | eta: 75.1m
step 00230/02520 (9.13%) | loss: 3.662234 | lrm: 1.00 | dt: 1960.36ms | tok/sec: 267,444 | bf16_mfu: 0.00 | epoch: 1 pq: 2 rg: 59 | total time: 7.21m | eta: 75.1m
step 00231/02520 (9.17%) | loss: 3.662510 | lrm: 1.00 | dt: 1958.81ms | tok/sec: 267,656 | bf16_mfu: 0.00 | epoch: 1 pq: 2 rg: 60 | total time: 7.24m | eta: 75.0m
step 00232/02520 (9.21%) | loss: 3.659788 | lrm: 1.00 | dt: 1958.60ms | tok/sec: 267,685 | bf16_mfu: 0.00 | epoch: 1 pq: 2 rg: 61 | total time: 7.28m | eta: 75.0m
step 00233/02520 (9.25%) | loss: 3.673352 | lrm: 1.00 | dt: 1958.51ms | tok/sec: 267,697 | bf16_mfu: 0.00 | epoch: 1 pq: 2 rg: 62 | total time: 7.31m | eta: 75.0m
step 00234/02520 (9.29%) | loss: 3.661210 | lrm: 1.00 | dt: 1958.42ms | tok/sec: 267,709 | bf16_mfu: 0.00 | epoch: 1 pq: 2 rg: 63 | total time: 7.34m | eta: 74.9m
step 00235/02520 (9.33%) | loss: 3.651814 | lrm: 1.00 | dt: 1958.42ms | tok/sec: 267,709 | bf16_mfu: 0.00 | epoch: 1 pq: 2 rg: 64 | total time: 7.38m | eta: 74.9m
step 00236/02520 (9.37%) | loss: 3.663571 | lrm: 1.00 | dt: 1959.81ms | tok/sec: 267,520 | bf16_mfu: 0.00 | epoch: 1 pq: 2 rg: 65 | total time: 7.41m | eta: 74.9m
step 00237/02520 (9.40%) | loss: 3.661068 | lrm: 1.00 | dt: 1958.56ms | tok/sec: 267,690 | bf16_mfu: 0.00 | epoch: 1 pq: 2 rg: 66 | total time: 7.44m | eta: 74.8m
step 00238/02520 (9.44%) | loss: 3.657231 | lrm: 1.00 | dt: 1959.71ms | tok/sec: 267,532 | bf16_mfu: 0.00 | epoch: 1 pq: 2 rg: 67 | total time: 7.47m | eta: 74.8m
step 00239/02520 (9.48%) | loss: 3.659007 | lrm: 1.00 | dt: 1960.46ms | tok/sec: 267,431 | bf16_mfu: 0.00 | epoch: 1 pq: 2 rg: 68 | total time: 7.51m | eta: 74.8m
step 00240/02520 (9.52%) | loss: 3.646920 | lrm: 1.00 | dt: 1960.48ms | tok/sec: 267,428 | bf16_mfu: 0.00 | epoch: 1 pq: 2 rg: 69 | total time: 7.54m | eta: 74.7m
step 00241/02520 (9.56%) | loss: 3.643243 | lrm: 1.00 | dt: 1959.46ms | tok/sec: 267,567 | bf16_mfu: 0.00 | epoch: 1 pq: 2 rg: 70 | total time: 7.57m | eta: 74.7m
step 00242/02520 (9.60%) | loss: 3.632475 | lrm: 1.00 | dt: 1959.35ms | tok/sec: 267,583 | bf16_mfu: 0.00 | epoch: 1 pq: 2 rg: 71 | total time: 7.60m | eta: 74.7m
step 00243/02520 (9.64%) | loss: 3.642891 | lrm: 1.00 | dt: 1959.40ms | tok/sec: 267,576 | bf16_mfu: 0.00 | epoch: 1 pq: 2 rg: 72 | total time: 7.64m | eta: 74.6m
step 00244/02520 (9.68%) | loss: 3.641446 | lrm: 1.00 | dt: 1959.67ms | tok/sec: 267,538 | bf16_mfu: 0.00 | epoch: 1 pq: 2 rg: 72 | total time: 7.67m | eta: 74.6m
step 00245/02520 (9.72%) | loss: 3.642836 | lrm: 1.00 | dt: 1960.04ms | tok/sec: 267,488 | bf16_mfu: 0.00 | epoch: 1 pq: 2 rg: 73 | total time: 7.70m | eta: 74.6m
step 00246/02520 (9.76%) | loss: 3.633331 | lrm: 1.00 | dt: 1959.82ms | tok/sec: 267,518 | bf16_mfu: 0.00 | epoch: 1 pq: 2 rg: 74 | total time: 7.73m | eta: 74.5m
step 00247/02520 (9.80%) | loss: 3.632095 | lrm: 1.00 | dt: 1957.92ms | tok/sec: 267,777 | bf16_mfu: 0.00 | epoch: 1 pq: 2 rg: 75 | total time: 7.77m | eta: 74.5m
step 00248/02520 (9.84%) | loss: 3.623304 | lrm: 1.00 | dt: 1958.69ms | tok/sec: 267,672 | bf16_mfu: 0.00 | epoch: 1 pq: 2 rg: 76 | total time: 7.80m | eta: 74.5m
step 00249/02520 (9.88%) | loss: 3.613356 | lrm: 1.00 | dt: 1955.98ms | tok/sec: 268,043 | bf16_mfu: 0.00 | epoch: 1 pq: 2 rg: 77 | total time: 7.83m | eta: 74.4m
Step 00250 | Validation bpb: 1.097942
step 00250/02520 (9.92%) | loss: 3.616195 | lrm: 1.00 | dt: 1946.38ms | tok/sec: 269,366 | bf16_mfu: 0.00 | epoch: 1 pq: 2 rg: 78 | total time: 7.86m | eta: 74.4m
step 00251/02520 (9.96%) | loss: 3.611100 | lrm: 1.00 | dt: 1950.32ms | tok/sec: 268,821 | bf16_mfu: 0.00 | epoch: 1 pq: 2 rg: 79 | total time: 7.90m | eta: 74.4m
step 00252/02520 (10.00%) | loss: 3.597516 | lrm: 1.00 | dt: 1950.59ms | tok/sec: 268,783 | bf16_mfu: 0.00 | epoch: 1 pq: 2 rg: 80 | total time: 7.93m | eta: 74.3m
step 00253/02520 (10.04%) | loss: 3.599108 | lrm: 1.00 | dt: 1950.66ms | tok/sec: 268,774 | bf16_mfu: 0.00 | epoch: 1 pq: 2 rg: 81 | total time: 7.96m | eta: 74.3m
step 00254/02520 (10.08%) | loss: 3.600410 | lrm: 1.00 | dt: 1954.14ms | tok/sec: 268,296 | bf16_mfu: 0.00 | epoch: 1 pq: 2 rg: 82 | total time: 7.99m | eta: 74.2m
step 00255/02520 (10.12%) | loss: 3.602211 | lrm: 1.00 | dt: 1950.11ms | tok/sec: 268,850 | bf16_mfu: 0.00 | epoch: 1 pq: 3 rg: 0 | total time: 8.03m | eta: 74.2m
step 00256/02520 (10.16%) | loss: 3.603099 | lrm: 1.00 | dt: 1950.29ms | tok/sec: 268,825 | bf16_mfu: 0.00 | epoch: 1 pq: 3 rg: 1 | total time: 8.06m | eta: 74.2m
step 00257/02520 (10.20%) | loss: 3.600578 | lrm: 1.00 | dt: 1949.81ms | tok/sec: 268,892 | bf16_mfu: 0.00 | epoch: 1 pq: 3 rg: 2 | total time: 8.09m | eta: 74.1m
step 00258/02520 (10.24%) | loss: 3.598000 | lrm: 1.00 | dt: 1951.53ms | tok/sec: 268,655 | bf16_mfu: 0.00 | epoch: 1 pq: 3 rg: 3 | total time: 8.12m | eta: 74.1m
step 00259/02520 (10.28%) | loss: 3.601487 | lrm: 1.00 | dt: 1951.20ms | tok/sec: 268,700 | bf16_mfu: 0.00 | epoch: 1 pq: 3 rg: 4 | total time: 8.16m | eta: 74.1m
step 00260/02520 (10.32%) | loss: 3.601602 | lrm: 1.00 | dt: 1951.88ms | tok/sec: 268,607 | bf16_mfu: 0.00 | epoch: 1 pq: 3 rg: 5 | total time: 8.19m | eta: 74.0m
step 00261/02520 (10.36%) | loss: 3.597384 | lrm: 1.00 | dt: 1951.60ms | tok/sec: 268,645 | bf16_mfu: 0.00 | epoch: 1 pq: 3 rg: 6 | total time: 8.22m | eta: 74.0m
step 00262/02520 (10.40%) | loss: 3.586747 | lrm: 1.00 | dt: 1951.57ms | tok/sec: 268,648 | bf16_mfu: 0.00 | epoch: 1 pq: 3 rg: 7 | total time: 8.26m | eta: 74.0m
step 00263/02520 (10.44%) | loss: 3.584950 | lrm: 1.00 | dt: 1950.80ms | tok/sec: 268,754 | bf16_mfu: 0.00 | epoch: 1 pq: 3 rg: 8 | total time: 8.29m | eta: 73.9m
step 00264/02520 (10.48%) | loss: 3.581883 | lrm: 1.00 | dt: 1952.34ms | tok/sec: 268,543 | bf16_mfu: 0.00 | epoch: 1 pq: 3 rg: 9 | total time: 8.32m | eta: 73.9m
step 00265/02520 (10.52%) | loss: 3.584669 | lrm: 1.00 | dt: 1951.00ms | tok/sec: 268,727 | bf16_mfu: 0.00 | epoch: 1 pq: 3 rg: 10 | total time: 8.35m | eta: 73.9m
step 00266/02520 (10.56%) | loss: 3.582087 | lrm: 1.00 | dt: 1951.28ms | tok/sec: 268,688 | bf16_mfu: 0.00 | epoch: 1 pq: 3 rg: 11 | total time: 8.39m | eta: 73.8m
step 00267/02520 (10.60%) | loss: 3.578868 | lrm: 1.00 | dt: 1951.54ms | tok/sec: 268,652 | bf16_mfu: 0.00 | epoch: 1 pq: 3 rg: 12 | total time: 8.42m | eta: 73.8m
step 00268/02520 (10.63%) | loss: 3.579386 | lrm: 1.00 | dt: 1952.01ms | tok/sec: 268,588 | bf16_mfu: 0.00 | epoch: 1 pq: 3 rg: 13 | total time: 8.45m | eta: 73.8m
step 00269/02520 (10.67%) | loss: 3.575304 | lrm: 1.00 | dt: 1952.67ms | tok/sec: 268,497 | bf16_mfu: 0.00 | epoch: 1 pq: 3 rg: 14 | total time: 8.48m | eta: 73.7m
step 00270/02520 (10.71%) | loss: 3.563664 | lrm: 1.00 | dt: 1951.71ms | tok/sec: 268,629 | bf16_mfu: 0.00 | epoch: 1 pq: 3 rg: 15 | total time: 8.52m | eta: 73.7m
step 00271/02520 (10.75%) | loss: 3.564543 | lrm: 1.00 | dt: 1951.68ms | tok/sec: 268,633 | bf16_mfu: 0.00 | epoch: 1 pq: 3 rg: 15 | total time: 8.55m | eta: 73.7m
step 00272/02520 (10.79%) | loss: 3.569213 | lrm: 1.00 | dt: 1951.85ms | tok/sec: 268,610 | bf16_mfu: 0.00 | epoch: 1 pq: 3 rg: 16 | total time: 8.58m | eta: 73.6m
step 00273/02520 (10.83%) | loss: 3.575175 | lrm: 1.00 | dt: 1951.77ms | tok/sec: 268,621 | bf16_mfu: 0.00 | epoch: 1 pq: 3 rg: 17 | total time: 8.61m | eta: 73.6m
step 00274/02520 (10.87%) | loss: 3.574310 | lrm: 1.00 | dt: 1952.37ms | tok/sec: 268,539 | bf16_mfu: 0.00 | epoch: 1 pq: 3 rg: 18 | total time: 8.65m | eta: 73.6m
step 00275/02520 (10.91%) | loss: 3.580193 | lrm: 1.00 | dt: 1951.88ms | tok/sec: 268,606 | bf16_mfu: 0.00 | epoch: 1 pq: 3 rg: 19 | total time: 8.68m | eta: 73.5m
step 00276/02520 (10.95%) | loss: 3.577046 | lrm: 1.00 | dt: 1953.99ms | tok/sec: 268,316 | bf16_mfu: 0.00 | epoch: 1 pq: 3 rg: 20 | total time: 8.71m | eta: 73.5m
step 00277/02520 (10.99%) | loss: 3.567146 | lrm: 1.00 | dt: 1952.69ms | tok/sec: 268,495 | bf16_mfu: 0.00 | epoch: 1 pq: 3 rg: 21 | total time: 8.74m | eta: 73.4m
step 00278/02520 (11.03%) | loss: 3.564460 | lrm: 1.00 | dt: 1953.30ms | tok/sec: 268,411 | bf16_mfu: 0.00 | epoch: 1 pq: 3 rg: 22 | total time: 8.78m | eta: 73.4m
step 00279/02520 (11.07%) | loss: 3.565858 | lrm: 1.00 | dt: 1952.30ms | tok/sec: 268,549 | bf16_mfu: 0.00 | epoch: 1 pq: 3 rg: 23 | total time: 8.81m | eta: 73.4m
step 00280/02520 (11.11%) | loss: 3.567368 | lrm: 1.00 | dt: 1952.42ms | tok/sec: 268,532 | bf16_mfu: 0.00 | epoch: 1 pq: 3 rg: 24 | total time: 8.84m | eta: 73.3m
step 00281/02520 (11.15%) | loss: 3.555672 | lrm: 1.00 | dt: 1952.08ms | tok/sec: 268,579 | bf16_mfu: 0.00 | epoch: 1 pq: 3 rg: 25 | total time: 8.87m | eta: 73.3m
step 00282/02520 (11.19%) | loss: 3.554807 | lrm: 1.00 | dt: 1952.89ms | tok/sec: 268,467 | bf16_mfu: 0.00 | epoch: 1 pq: 3 rg: 26 | total time: 8.91m | eta: 73.3m
step 00283/02520 (11.23%) | loss: 3.557822 | lrm: 1.00 | dt: 1951.85ms | tok/sec: 268,610 | bf16_mfu: 0.00 | epoch: 1 pq: 3 rg: 27 | total time: 8.94m | eta: 73.2m
step 00284/02520 (11.27%) | loss: 3.566315 | lrm: 1.00 | dt: 1952.11ms | tok/sec: 268,575 | bf16_mfu: 0.00 | epoch: 1 pq: 3 rg: 28 | total time: 8.97m | eta: 73.2m
step 00285/02520 (11.31%) | loss: 3.559797 | lrm: 1.00 | dt: 1951.57ms | tok/sec: 268,649 | bf16_mfu: 0.00 | epoch: 1 pq: 3 rg: 29 | total time: 9.00m | eta: 73.2m
step 00286/02520 (11.35%) | loss: 3.564670 | lrm: 1.00 | dt: 1953.61ms | tok/sec: 268,368 | bf16_mfu: 0.00 | epoch: 1 pq: 3 rg: 30 | total time: 9.04m | eta: 73.1m
step 00287/02520 (11.39%) | loss: 3.574558 | lrm: 1.00 | dt: 1952.26ms | tok/sec: 268,554 | bf16_mfu: 0.00 | epoch: 1 pq: 3 rg: 31 | total time: 9.07m | eta: 73.1m
step 00288/02520 (11.43%) | loss: 3.562213 | lrm: 1.00 | dt: 1952.67ms | tok/sec: 268,497 | bf16_mfu: 0.00 | epoch: 1 pq: 3 rg: 32 | total time: 9.10m | eta: 73.1m
step 00289/02520 (11.47%) | loss: 3.567422 | lrm: 1.00 | dt: 1952.43ms | tok/sec: 268,531 | bf16_mfu: 0.00 | epoch: 1 pq: 3 rg: 33 | total time: 9.13m | eta: 73.0m
step 00290/02520 (11.51%) | loss: 3.564191 | lrm: 1.00 | dt: 1953.38ms | tok/sec: 268,400 | bf16_mfu: 0.00 | epoch: 1 pq: 3 rg: 34 | total time: 9.17m | eta: 73.0m
step 00291/02520 (11.55%) | loss: 3.564385 | lrm: 1.00 | dt: 1953.09ms | tok/sec: 268,440 | bf16_mfu: 0.00 | epoch: 1 pq: 3 rg: 35 | total time: 9.20m | eta: 73.0m
step 00292/02520 (11.59%) | loss: 3.565387 | lrm: 1.00 | dt: 1953.07ms | tok/sec: 268,442 | bf16_mfu: 0.00 | epoch: 1 pq: 3 rg: 36 | total time: 9.23m | eta: 72.9m
step 00293/02520 (11.63%) | loss: 3.566512 | lrm: 1.00 | dt: 1952.44ms | tok/sec: 268,529 | bf16_mfu: 0.00 | epoch: 1 pq: 3 rg: 37 | total time: 9.26m | eta: 72.9m
step 00294/02520 (11.67%) | loss: 3.562282 | lrm: 1.00 | dt: 1952.33ms | tok/sec: 268,545 | bf16_mfu: 0.00 | epoch: 1 pq: 3 rg: 38 | total time: 9.30m | eta: 72.9m
step 00295/02520 (11.71%) | loss: 3.557425 | lrm: 1.00 | dt: 1953.39ms | tok/sec: 268,399 | bf16_mfu: 0.00 | epoch: 1 pq: 3 rg: 39 | total time: 9.33m | eta: 72.8m
step 00296/02520 (11.75%) | loss: 3.555737 | lrm: 1.00 | dt: 1952.29ms | tok/sec: 268,550 | bf16_mfu: 0.00 | epoch: 1 pq: 3 rg: 40 | total time: 9.36m | eta: 72.8m
step 00297/02520 (11.79%) | loss: 3.545398 | lrm: 1.00 | dt: 1952.28ms | tok/sec: 268,551 | bf16_mfu: 0.00 | epoch: 1 pq: 3 rg: 41 | total time: 9.39m | eta: 72.8m
step 00298/02520 (11.83%) | loss: 3.546164 | lrm: 1.00 | dt: 1952.38ms | tok/sec: 268,537 | bf16_mfu: 0.00 | epoch: 1 pq: 3 rg: 42 | total time: 9.43m | eta: 72.7m
step 00299/02520 (11.87%) | loss: 3.532776 | lrm: 1.00 | dt: 1951.08ms | tok/sec: 268,717 | bf16_mfu: 0.00 | epoch: 1 pq: 3 rg: 43 | total time: 9.46m | eta: 72.7m
step 00300/02520 (11.90%) | loss: 3.536615 | lrm: 1.00 | dt: 1954.20ms | tok/sec: 268,287 | bf16_mfu: 0.00 | epoch: 1 pq: 3 rg: 44 | total time: 9.49m | eta: 72.7m
step 00301/02520 (11.94%) | loss: 3.538498 | lrm: 1.00 | dt: 1951.62ms | tok/sec: 268,642 | bf16_mfu: 0.00 | epoch: 1 pq: 3 rg: 45 | total time: 9.52m | eta: 72.6m
step 00302/02520 (11.98%) | loss: 3.530256 | lrm: 1.00 | dt: 1952.41ms | tok/sec: 268,534 | bf16_mfu: 0.00 | epoch: 1 pq: 3 rg: 46 | total time: 9.56m | eta: 72.6m
step 00303/02520 (12.02%) | loss: 3.539755 | lrm: 1.00 | dt: 1953.57ms | tok/sec: 268,374 | bf16_mfu: 0.00 | epoch: 1 pq: 3 rg: 47 | total time: 9.59m | eta: 72.6m
step 00304/02520 (12.06%) | loss: 3.531715 | lrm: 1.00 | dt: 1952.24ms | tok/sec: 268,557 | bf16_mfu: 0.00 | epoch: 1 pq: 3 rg: 48 | total time: 9.62m | eta: 72.5m
step 00305/02520 (12.10%) | loss: 3.524852 | lrm: 1.00 | dt: 1953.23ms | tok/sec: 268,421 | bf16_mfu: 0.00 | epoch: 1 pq: 3 rg: 49 | total time: 9.65m | eta: 72.5m
step 00306/02520 (12.14%) | loss: 3.524398 | lrm: 1.00 | dt: 1952.64ms | tok/sec: 268,501 | bf16_mfu: 0.00 | epoch: 1 pq: 3 rg: 49 | total time: 9.69m | eta: 72.5m
step 00307/02520 (12.18%) | loss: 3.530544 | lrm: 1.00 | dt: 1953.36ms | tok/sec: 268,403 | bf16_mfu: 0.00 | epoch: 1 pq: 3 rg: 50 | total time: 9.72m | eta: 72.4m
step 00308/02520 (12.22%) | loss: 3.524308 | lrm: 1.00 | dt: 1953.45ms | tok/sec: 268,391 | bf16_mfu: 0.00 | epoch: 1 pq: 3 rg: 51 | total time: 9.75m | eta: 72.4m
step 00309/02520 (12.26%) | loss: 3.521582 | lrm: 1.00 | dt: 1954.66ms | tok/sec: 268,224 | bf16_mfu: 0.00 | epoch: 1 pq: 3 rg: 52 | total time: 9.78m | eta: 72.4m
step 00310/02520 (12.30%) | loss: 3.533968 | lrm: 1.00 | dt: 1952.14ms | tok/sec: 268,571 | bf16_mfu: 0.00 | epoch: 1 pq: 3 rg: 53 | total time: 9.82m | eta: 72.3m
step 00311/02520 (12.34%) | loss: 3.530186 | lrm: 1.00 | dt: 1953.55ms | tok/sec: 268,376 | bf16_mfu: 0.00 | epoch: 1 pq: 3 rg: 54 | total time: 9.85m | eta: 72.3m
step 00312/02520 (12.38%) | loss: 3.529987 | lrm: 1.00 | dt: 1952.54ms | tok/sec: 268,516 | bf16_mfu: 0.00 | epoch: 1 pq: 3 rg: 55 | total time: 9.88m | eta: 72.3m
step 00313/02520 (12.42%) | loss: 3.522543 | lrm: 1.00 | dt: 1952.74ms | tok/sec: 268,488 | bf16_mfu: 0.00 | epoch: 1 pq: 3 rg: 56 | total time: 9.91m | eta: 72.2m
step 00314/02520 (12.46%) | loss: 3.516715 | lrm: 1.00 | dt: 1952.64ms | tok/sec: 268,502 | bf16_mfu: 0.00 | epoch: 1 pq: 3 rg: 57 | total time: 9.95m | eta: 72.2m
step 00315/02520 (12.50%) | loss: 3.515228 | lrm: 1.00 | dt: 1953.26ms | tok/sec: 268,417 | bf16_mfu: 0.00 | epoch: 1 pq: 3 rg: 58 | total time: 9.98m | eta: 72.1m
step 00316/02520 (12.54%) | loss: 3.520216 | lrm: 1.00 | dt: 1952.64ms | tok/sec: 268,501 | bf16_mfu: 0.00 | epoch: 1 pq: 3 rg: 59 | total time: 10.01m | eta: 72.1m
step 00317/02520 (12.58%) | loss: 3.518882 | lrm: 1.00 | dt: 1952.83ms | tok/sec: 268,475 | bf16_mfu: 0.00 | epoch: 1 pq: 3 rg: 60 | total time: 10.04m | eta: 72.1m
step 00318/02520 (12.62%) | loss: 3.516016 | lrm: 1.00 | dt: 1952.44ms | tok/sec: 268,529 | bf16_mfu: 0.00 | epoch: 1 pq: 3 rg: 61 | total time: 10.08m | eta: 72.0m
step 00319/02520 (12.66%) | loss: 3.525740 | lrm: 1.00 | dt: 1952.50ms | tok/sec: 268,520 | bf16_mfu: 0.00 | epoch: 1 pq: 3 rg: 62 | total time: 10.11m | eta: 72.0m
step 00320/02520 (12.70%) | loss: 3.527332 | lrm: 1.00 | dt: 1951.23ms | tok/sec: 268,695 | bf16_mfu: 0.00 | epoch: 1 pq: 3 rg: 63 | total time: 10.14m | eta: 72.0m
step 00321/02520 (12.74%) | loss: 3.530727 | lrm: 1.00 | dt: 1951.77ms | tok/sec: 268,621 | bf16_mfu: 0.00 | epoch: 1 pq: 3 rg: 64 | total time: 10.18m | eta: 71.9m
step 00322/02520 (12.78%) | loss: 3.529667 | lrm: 1.00 | dt: 1952.08ms | tok/sec: 268,578 | bf16_mfu: 0.00 | epoch: 1 pq: 3 rg: 65 | total time: 10.21m | eta: 71.9m
step 00323/02520 (12.82%) | loss: 3.529895 | lrm: 1.00 | dt: 1951.69ms | tok/sec: 268,633 | bf16_mfu: 0.00 | epoch: 1 pq: 3 rg: 66 | total time: 10.24m | eta: 71.9m
step 00324/02520 (12.86%) | loss: 3.529604 | lrm: 1.00 | dt: 1951.37ms | tok/sec: 268,676 | bf16_mfu: 0.00 | epoch: 1 pq: 3 rg: 67 | total time: 10.27m | eta: 71.8m
step 00325/02520 (12.90%) | loss: 3.523276 | lrm: 1.00 | dt: 1952.64ms | tok/sec: 268,502 | bf16_mfu: 0.00 | epoch: 1 pq: 3 rg: 68 | total time: 10.31m | eta: 71.8m
step 00326/02520 (12.94%) | loss: 3.527818 | lrm: 1.00 | dt: 1951.88ms | tok/sec: 268,606 | bf16_mfu: 0.00 | epoch: 1 pq: 3 rg: 69 | total time: 10.34m | eta: 71.8m
step 00327/02520 (12.98%) | loss: 3.519259 | lrm: 1.00 | dt: 1951.41ms | tok/sec: 268,671 | bf16_mfu: 0.00 | epoch: 1 pq: 3 rg: 70 | total time: 10.37m | eta: 71.7m
step 00328/02520 (13.02%) | loss: 3.509810 | lrm: 1.00 | dt: 1950.53ms | tok/sec: 268,792 | bf16_mfu: 0.00 | epoch: 1 pq: 3 rg: 71 | total time: 10.40m | eta: 71.7m
step 00329/02520 (13.06%) | loss: 3.501763 | lrm: 1.00 | dt: 1952.12ms | tok/sec: 268,573 | bf16_mfu: 0.00 | epoch: 1 pq: 3 rg: 72 | total time: 10.44m | eta: 71.7m
step 00330/02520 (13.10%) | loss: 3.504100 | lrm: 1.00 | dt: 1952.73ms | tok/sec: 268,489 | bf16_mfu: 0.00 | epoch: 1 pq: 3 rg: 73 | total time: 10.47m | eta: 71.6m
step 00331/02520 (13.13%) | loss: 3.511964 | lrm: 1.00 | dt: 1951.96ms | tok/sec: 268,596 | bf16_mfu: 0.00 | epoch: 1 pq: 3 rg: 73 | total time: 10.50m | eta: 71.6m
step 00332/02520 (13.17%) | loss: 3.514112 | lrm: 1.00 | dt: 1951.16ms | tok/sec: 268,705 | bf16_mfu: 0.00 | epoch: 1 pq: 3 rg: 74 | total time: 10.53m | eta: 71.6m
step 00333/02520 (13.21%) | loss: 3.512476 | lrm: 1.00 | dt: 1951.25ms | tok/sec: 268,692 | bf16_mfu: 0.00 | epoch: 1 pq: 3 rg: 75 | total time: 10.57m | eta: 71.5m
step 00334/02520 (13.25%) | loss: 3.511336 | lrm: 1.00 | dt: 1952.13ms | tok/sec: 268,572 | bf16_mfu: 0.00 | epoch: 1 pq: 3 rg: 76 | total time: 10.60m | eta: 71.5m
step 00335/02520 (13.29%) | loss: 3.503475 | lrm: 1.00 | dt: 1950.45ms | tok/sec: 268,803 | bf16_mfu: 0.00 | epoch: 1 pq: 3 rg: 77 | total time: 10.63m | eta: 71.5m
step 00336/02520 (13.33%) | loss: 3.501629 | lrm: 1.00 | dt: 1950.87ms | tok/sec: 268,746 | bf16_mfu: 0.00 | epoch: 1 pq: 3 rg: 78 | total time: 10.66m | eta: 71.4m
step 00337/02520 (13.37%) | loss: 3.504305 | lrm: 1.00 | dt: 1949.82ms | tok/sec: 268,890 | bf16_mfu: 0.00 | epoch: 1 pq: 3 rg: 79 | total time: 10.70m | eta: 71.4m
step 00338/02520 (13.41%) | loss: 3.503569 | lrm: 1.00 | dt: 1949.77ms | tok/sec: 268,896 | bf16_mfu: 0.00 | epoch: 1 pq: 3 rg: 80 | total time: 10.73m | eta: 71.4m
step 00339/02520 (13.45%) | loss: 3.501160 | lrm: 1.00 | dt: 1949.16ms | tok/sec: 268,981 | bf16_mfu: 0.00 | epoch: 1 pq: 3 rg: 81 | total time: 10.76m | eta: 71.3m
step 00340/02520 (13.49%) | loss: 3.510780 | lrm: 1.00 | dt: 1949.91ms | tok/sec: 268,877 | bf16_mfu: 0.00 | epoch: 1 pq: 4 rg: 0 | total time: 10.79m | eta: 71.3m
step 00341/02520 (13.53%) | loss: 3.519687 | lrm: 1.00 | dt: 1948.80ms | tok/sec: 269,031 | bf16_mfu: 0.00 | epoch: 1 pq: 4 rg: 1 | total time: 10.83m | eta: 71.3m
step 00342/02520 (13.57%) | loss: 3.512657 | lrm: 1.00 | dt: 1950.94ms | tok/sec: 268,735 | bf16_mfu: 0.00 | epoch: 1 pq: 4 rg: 2 | total time: 10.86m | eta: 71.2m
step 00343/02520 (13.61%) | loss: 3.505258 | lrm: 1.00 | dt: 1950.05ms | tok/sec: 268,859 | bf16_mfu: 0.00 | epoch: 1 pq: 4 rg: 3 | total time: 10.89m | eta: 71.2m
step 00344/02520 (13.65%) | loss: 3.507296 | lrm: 1.00 | dt: 1950.63ms | tok/sec: 268,778 | bf16_mfu: 0.00 | epoch: 1 pq: 4 rg: 4 | total time: 10.92m | eta: 71.2m
step 00345/02520 (13.69%) | loss: 3.499852 | lrm: 1.00 | dt: 1949.16ms | tok/sec: 268,981 | bf16_mfu: 0.00 | epoch: 1 pq: 4 rg: 5 | total time: 10.96m | eta: 71.1m
step 00346/02520 (13.73%) | loss: 3.508580 | lrm: 1.00 | dt: 1951.33ms | tok/sec: 268,682 | bf16_mfu: 0.00 | epoch: 1 pq: 4 rg: 6 | total time: 10.99m | eta: 71.1m
step 00347/02520 (13.77%) | loss: 3.501369 | lrm: 1.00 | dt: 1948.16ms | tok/sec: 269,119 | bf16_mfu: 0.00 | epoch: 1 pq: 4 rg: 7 | total time: 11.02m | eta: 71.1m
step 00348/02520 (13.81%) | loss: 3.489228 | lrm: 1.00 | dt: 1948.36ms | tok/sec: 269,092 | bf16_mfu: 0.00 | epoch: 1 pq: 4 rg: 8 | total time: 11.05m | eta: 71.0m
step 00349/02520 (13.85%) | loss: 3.487198 | lrm: 1.00 | dt: 1948.27ms | tok/sec: 269,103 | bf16_mfu: 0.00 | epoch: 1 pq: 4 rg: 9 | total time: 11.09m | eta: 71.0m
step 00350/02520 (13.89%) | loss: 3.486642 | lrm: 1.00 | dt: 1948.64ms | tok/sec: 269,053 | bf16_mfu: 0.00 | epoch: 1 pq: 4 rg: 10 | total time: 11.12m | eta: 71.0m
step 00351/02520 (13.93%) | loss: 3.484222 | lrm: 1.00 | dt: 1949.44ms | tok/sec: 268,942 | bf16_mfu: 0.00 | epoch: 1 pq: 4 rg: 11 | total time: 11.15m | eta: 70.9m
step 00352/02520 (13.97%) | loss: 3.487667 | lrm: 1.00 | dt: 1949.87ms | tok/sec: 268,883 | bf16_mfu: 0.00 | epoch: 1 pq: 4 rg: 12 | total time: 11.18m | eta: 70.9m
step 00353/02520 (14.01%) | loss: 3.486766 | lrm: 1.00 | dt: 1950.22ms | tok/sec: 268,835 | bf16_mfu: 0.00 | epoch: 1 pq: 4 rg: 13 | total time: 11.22m | eta: 70.9m
step 00354/02520 (14.05%) | loss: 3.488748 | lrm: 1.00 | dt: 1949.79ms | tok/sec: 268,894 | bf16_mfu: 0.00 | epoch: 1 pq: 4 rg: 14 | total time: 11.25m | eta: 70.8m
step 00355/02520 (14.09%) | loss: 3.481422 | lrm: 1.00 | dt: 1949.39ms | tok/sec: 268,950 | bf16_mfu: 0.00 | epoch: 1 pq: 4 rg: 15 | total time: 11.28m | eta: 70.8m
step 00356/02520 (14.13%) | loss: 3.480340 | lrm: 1.00 | dt: 1949.43ms | tok/sec: 268,943 | bf16_mfu: 0.00 | epoch: 1 pq: 4 rg: 16 | total time: 11.31m | eta: 70.8m
step 00357/02520 (14.17%) | loss: 3.455525 | lrm: 1.00 | dt: 1949.80ms | tok/sec: 268,892 | bf16_mfu: 0.00 | epoch: 1 pq: 4 rg: 17 | total time: 11.35m | eta: 70.7m
step 00358/02520 (14.21%) | loss: 3.464024 | lrm: 1.00 | dt: 1949.94ms | tok/sec: 268,874 | bf16_mfu: 0.00 | epoch: 1 pq: 4 rg: 18 | total time: 11.38m | eta: 70.7m
step 00359/02520 (14.25%) | loss: 3.469389 | lrm: 1.00 | dt: 1947.91ms | tok/sec: 269,153 | bf16_mfu: 0.00 | epoch: 1 pq: 4 rg: 18 | total time: 11.41m | eta: 70.7m
step 00360/02520 (14.29%) | loss: 3.467189 | lrm: 1.00 | dt: 1948.43ms | tok/sec: 269,081 | bf16_mfu: 0.00 | epoch: 1 pq: 4 rg: 19 | total time: 11.44m | eta: 70.6m
step 00361/02520 (14.33%) | loss: 3.480185 | lrm: 1.00 | dt: 1948.34ms | tok/sec: 269,094 | bf16_mfu: 0.00 | epoch: 1 pq: 4 rg: 20 | total time: 11.48m | eta: 70.6m
step 00362/02520 (14.37%) | loss: 3.482896 | lrm: 1.00 | dt: 1949.84ms | tok/sec: 268,888 | bf16_mfu: 0.00 | epoch: 1 pq: 4 rg: 21 | total time: 11.51m | eta: 70.5m
step 00363/02520 (14.40%) | loss: 3.480710 | lrm: 1.00 | dt: 1948.32ms | tok/sec: 269,097 | bf16_mfu: 0.00 | epoch: 1 pq: 4 rg: 22 | total time: 11.54m | eta: 70.5m
step 00364/02520 (14.44%) | loss: 3.477949 | lrm: 1.00 | dt: 1950.32ms | tok/sec: 268,820 | bf16_mfu: 0.00 | epoch: 1 pq: 4 rg: 23 | total time: 11.57m | eta: 70.5m
step 00365/02520 (14.48%) | loss: 3.466829 | lrm: 1.00 | dt: 1950.72ms | tok/sec: 268,766 | bf16_mfu: 0.00 | epoch: 1 pq: 4 rg: 24 | total time: 11.61m | eta: 70.4m
step 00366/02520 (14.52%) | loss: 3.473037 | lrm: 1.00 | dt: 1950.88ms | tok/sec: 268,744 | bf16_mfu: 0.00 | epoch: 1 pq: 4 rg: 25 | total time: 11.64m | eta: 70.4m
step 00367/02520 (14.56%) | loss: 3.460221 | lrm: 1.00 | dt: 1951.23ms | tok/sec: 268,696 | bf16_mfu: 0.00 | epoch: 1 pq: 4 rg: 26 | total time: 11.67m | eta: 70.4m
step 00368/02520 (14.60%) | loss: 3.463835 | lrm: 1.00 | dt: 1949.68ms | tok/sec: 268,910 | bf16_mfu: 0.00 | epoch: 1 pq: 4 rg: 27 | total time: 11.70m | eta: 70.3m
step 00369/02520 (14.64%) | loss: 3.452216 | lrm: 1.00 | dt: 1950.89ms | tok/sec: 268,742 | bf16_mfu: 0.00 | epoch: 1 pq: 4 rg: 28 | total time: 11.74m | eta: 70.3m
step 00370/02520 (14.68%) | loss: 3.452963 | lrm: 1.00 | dt: 1950.64ms | tok/sec: 268,777 | bf16_mfu: 0.00 | epoch: 1 pq: 4 rg: 29 | total time: 11.77m | eta: 70.3m
step 00371/02520 (14.72%) | loss: 3.450432 | lrm: 1.00 | dt: 1949.66ms | tok/sec: 268,912 | bf16_mfu: 0.00 | epoch: 1 pq: 4 rg: 30 | total time: 11.80m | eta: 70.2m
step 00372/02520 (14.76%) | loss: 3.436521 | lrm: 1.00 | dt: 1949.59ms | tok/sec: 268,921 | bf16_mfu: 0.00 | epoch: 1 pq: 4 rg: 31 | total time: 11.83m | eta: 70.2m
step 00373/02520 (14.80%) | loss: 3.438107 | lrm: 1.00 | dt: 1949.44ms | tok/sec: 268,942 | bf16_mfu: 0.00 | epoch: 1 pq: 4 rg: 32 | total time: 11.87m | eta: 70.2m
step 00374/02520 (14.84%) | loss: 3.441323 | lrm: 1.00 | dt: 1949.00ms | tok/sec: 269,003 | bf16_mfu: 0.00 | epoch: 1 pq: 4 rg: 33 | total time: 11.90m | eta: 70.1m
step 00375/02520 (14.88%) | loss: 3.436150 | lrm: 1.00 | dt: 1950.95ms | tok/sec: 268,734 | bf16_mfu: 0.00 | epoch: 1 pq: 4 rg: 34 | total time: 11.93m | eta: 70.1m
step 00376/02520 (14.92%) | loss: 3.437717 | lrm: 1.00 | dt: 1950.21ms | tok/sec: 268,836 | bf16_mfu: 0.00 | epoch: 1 pq: 4 rg: 35 | total time: 11.96m | eta: 70.1m
step 00377/02520 (14.96%) | loss: 3.435760 | lrm: 1.00 | dt: 1948.47ms | tok/sec: 269,076 | bf16_mfu: 0.00 | epoch: 1 pq: 4 rg: 36 | total time: 12.00m | eta: 70.0m
step 00378/02520 (15.00%) | loss: 3.433735 | lrm: 1.00 | dt: 1948.18ms | tok/sec: 269,116 | bf16_mfu: 0.00 | epoch: 1 pq: 4 rg: 37 | total time: 12.03m | eta: 70.0m
step 00379/02520 (15.04%) | loss: 3.441736 | lrm: 1.00 | dt: 1948.23ms | tok/sec: 269,110 | bf16_mfu: 0.00 | epoch: 1 pq: 4 rg: 38 | total time: 12.06m | eta: 70.0m
step 00380/02520 (15.08%) | loss: 3.454620 | lrm: 1.00 | dt: 1948.98ms | tok/sec: 269,007 | bf16_mfu: 0.00 | epoch: 1 pq: 4 rg: 39 | total time: 12.09m | eta: 69.9m
step 00381/02520 (15.12%) | loss: 3.458218 | lrm: 1.00 | dt: 1948.56ms | tok/sec: 269,064 | bf16_mfu: 0.00 | epoch: 1 pq: 4 rg: 40 | total time: 12.13m | eta: 69.9m
step 00382/02520 (15.16%) | loss: 3.449701 | lrm: 1.00 | dt: 1949.08ms | tok/sec: 268,992 | bf16_mfu: 0.00 | epoch: 1 pq: 4 rg: 41 | total time: 12.16m | eta: 69.9m
step 00383/02520 (15.20%) | loss: 3.446931 | lrm: 1.00 | dt: 1949.62ms | tok/sec: 268,917 | bf16_mfu: 0.00 | epoch: 1 pq: 4 rg: 42 | total time: 12.19m | eta: 69.8m
step 00384/02520 (15.24%) | loss: 3.455864 | lrm: 1.00 | dt: 1948.85ms | tok/sec: 269,024 | bf16_mfu: 0.00 | epoch: 1 pq: 4 rg: 43 | total time: 12.22m | eta: 69.8m
step 00385/02520 (15.28%) | loss: 3.464162 | lrm: 1.00 | dt: 1947.55ms | tok/sec: 269,204 | bf16_mfu: 0.00 | epoch: 1 pq: 4 rg: 44 | total time: 12.25m | eta: 69.8m
step 00386/02520 (15.32%) | loss: 3.472843 | lrm: 1.00 | dt: 1948.26ms | tok/sec: 269,105 | bf16_mfu: 0.00 | epoch: 1 pq: 4 rg: 45 | total time: 12.29m | eta: 69.7m
step 00387/02520 (15.36%) | loss: 3.464780 | lrm: 1.00 | dt: 1948.89ms | tok/sec: 269,019 | bf16_mfu: 0.00 | epoch: 1 pq: 4 rg: 46 | total time: 12.32m | eta: 69.7m
step 00388/02520 (15.40%) | loss: 3.462425 | lrm: 1.00 | dt: 1948.90ms | tok/sec: 269,017 | bf16_mfu: 0.00 | epoch: 1 pq: 4 rg: 47 | total time: 12.35m | eta: 69.7m
step 00389/02520 (15.44%) | loss: 3.455359 | lrm: 1.00 | dt: 1949.41ms | tok/sec: 268,947 | bf16_mfu: 0.00 | epoch: 1 pq: 4 rg: 48 | total time: 12.38m | eta: 69.6m
step 00390/02520 (15.48%) | loss: 3.455639 | lrm: 1.00 | dt: 1950.20ms | tok/sec: 268,838 | bf16_mfu: 0.00 | epoch: 1 pq: 4 rg: 49 | total time: 12.42m | eta: 69.6m
step 00391/02520 (15.52%) | loss: 3.459795 | lrm: 1.00 | dt: 1950.09ms | tok/sec: 268,852 | bf16_mfu: 0.00 | epoch: 1 pq: 4 rg: 50 | total time: 12.45m | eta: 69.6m
step 00392/02520 (15.56%) | loss: 3.465651 | lrm: 1.00 | dt: 1950.58ms | tok/sec: 268,786 | bf16_mfu: 0.00 | epoch: 1 pq: 4 rg: 51 | total time: 12.48m | eta: 69.5m
step 00393/02520 (15.60%) | loss: 3.462705 | lrm: 1.00 | dt: 1948.37ms | tok/sec: 269,091 | bf16_mfu: 0.00 | epoch: 1 pq: 4 rg: 52 | total time: 12.51m | eta: 69.5m
step 00394/02520 (15.63%) | loss: 3.465651 | lrm: 1.00 | dt: 1949.75ms | tok/sec: 268,900 | bf16_mfu: 0.00 | epoch: 1 pq: 4 rg: 53 | total time: 12.55m | eta: 69.5m
step 00395/02520 (15.67%) | loss: 3.451973 | lrm: 1.00 | dt: 1949.53ms | tok/sec: 268,931 | bf16_mfu: 0.00 | epoch: 1 pq: 4 rg: 54 | total time: 12.58m | eta: 69.4m
step 00396/02520 (15.71%) | loss: 3.457096 | lrm: 1.00 | dt: 1949.56ms | tok/sec: 268,926 | bf16_mfu: 0.00 | epoch: 1 pq: 4 rg: 55 | total time: 12.61m | eta: 69.4m
step 00397/02520 (15.75%) | loss: 3.453068 | lrm: 1.00 | dt: 1946.93ms | tok/sec: 269,290 | bf16_mfu: 0.00 | epoch: 1 pq: 4 rg: 55 | total time: 12.64m | eta: 69.4m
step 00398/02520 (15.79%) | loss: 3.445642 | lrm: 1.00 | dt: 1948.68ms | tok/sec: 269,047 | bf16_mfu: 0.00 | epoch: 1 pq: 4 rg: 56 | total time: 12.68m | eta: 69.3m
step 00399/02520 (15.83%) | loss: 3.453585 | lrm: 1.00 | dt: 1946.31ms | tok/sec: 269,375 | bf16_mfu: 0.00 | epoch: 1 pq: 4 rg: 57 | total time: 12.71m | eta: 69.3m
step 00400/02520 (15.87%) | loss: 3.450941 | lrm: 1.00 | dt: 1946.99ms | tok/sec: 269,281 | bf16_mfu: 0.00 | epoch: 1 pq: 4 rg: 58 | total time: 12.74m | eta: 69.3m
step 00401/02520 (15.91%) | loss: 3.453854 | lrm: 1.00 | dt: 1947.63ms | tok/sec: 269,192 | bf16_mfu: 0.00 | epoch: 1 pq: 4 rg: 59 | total time: 12.77m | eta: 69.2m
step 00402/02520 (15.95%) | loss: 3.458220 | lrm: 1.00 | dt: 1946.91ms | tok/sec: 269,292 | bf16_mfu: 0.00 | epoch: 1 pq: 4 rg: 60 | total time: 12.81m | eta: 69.2m
step 00403/02520 (15.99%) | loss: 3.447675 | lrm: 1.00 | dt: 1947.54ms | tok/sec: 269,205 | bf16_mfu: 0.00 | epoch: 1 pq: 4 rg: 61 | total time: 12.84m | eta: 69.2m
step 00404/02520 (16.03%) | loss: 3.451259 | lrm: 1.00 | dt: 1948.10ms | tok/sec: 269,127 | bf16_mfu: 0.00 | epoch: 1 pq: 4 rg: 62 | total time: 12.87m | eta: 69.1m
step 00405/02520 (16.07%) | loss: 3.446133 | lrm: 1.00 | dt: 1947.60ms | tok/sec: 269,197 | bf16_mfu: 0.00 | epoch: 1 pq: 4 rg: 63 | total time: 12.90m | eta: 69.1m
step 00406/02520 (16.11%) | loss: 3.440148 | lrm: 1.00 | dt: 1947.48ms | tok/sec: 269,214 | bf16_mfu: 0.00 | epoch: 1 pq: 4 rg: 64 | total time: 12.94m | eta: 69.1m
step 00407/02520 (16.15%) | loss: 3.450113 | lrm: 1.00 | dt: 1947.25ms | tok/sec: 269,245 | bf16_mfu: 0.00 | epoch: 1 pq: 4 rg: 65 | total time: 12.97m | eta: 69.0m
step 00408/02520 (16.19%) | loss: 3.460375 | lrm: 1.00 | dt: 1948.31ms | tok/sec: 269,098 | bf16_mfu: 0.00 | epoch: 1 pq: 4 rg: 66 | total time: 13.00m | eta: 69.0m
step 00409/02520 (16.23%) | loss: 3.456778 | lrm: 1.00 | dt: 1948.76ms | tok/sec: 269,036 | bf16_mfu: 0.00 | epoch: 1 pq: 4 rg: 67 | total time: 13.03m | eta: 69.0m
step 00410/02520 (16.27%) | loss: 3.455193 | lrm: 1.00 | dt: 1950.18ms | tok/sec: 268,840 | bf16_mfu: 0.00 | epoch: 1 pq: 4 rg: 68 | total time: 13.07m | eta: 68.9m
step 00411/02520 (16.31%) | loss: 3.459553 | lrm: 1.00 | dt: 1947.63ms | tok/sec: 269,192 | bf16_mfu: 0.00 | epoch: 1 pq: 4 rg: 69 | total time: 13.10m | eta: 68.9m
step 00412/02520 (16.35%) | loss: 3.452778 | lrm: 1.00 | dt: 1948.54ms | tok/sec: 269,067 | bf16_mfu: 0.00 | epoch: 1 pq: 4 rg: 70 | total time: 13.13m | eta: 68.9m
step 00413/02520 (16.39%) | loss: 3.444799 | lrm: 1.00 | dt: 1948.15ms | tok/sec: 269,121 | bf16_mfu: 0.00 | epoch: 1 pq: 4 rg: 71 | total time: 13.16m | eta: 68.8m
step 00414/02520 (16.43%) | loss: 3.436473 | lrm: 1.00 | dt: 1947.45ms | tok/sec: 269,217 | bf16_mfu: 0.00 | epoch: 1 pq: 4 rg: 72 | total time: 13.20m | eta: 68.8m
step 00415/02520 (16.47%) | loss: 3.432071 | lrm: 1.00 | dt: 1948.28ms | tok/sec: 269,102 | bf16_mfu: 0.00 | epoch: 1 pq: 4 rg: 73 | total time: 13.23m | eta: 68.8m
step 00416/02520 (16.51%) | loss: 3.415448 | lrm: 1.00 | dt: 1948.03ms | tok/sec: 269,137 | bf16_mfu: 0.00 | epoch: 1 pq: 4 rg: 74 | total time: 13.26m | eta: 68.7m
step 00417/02520 (16.55%) | loss: 3.412298 | lrm: 1.00 | dt: 1947.80ms | tok/sec: 269,169 | bf16_mfu: 0.00 | epoch: 1 pq: 4 rg: 75 | total time: 13.29m | eta: 68.7m
step 00418/02520 (16.59%) | loss: 3.420232 | lrm: 1.00 | dt: 1949.81ms | tok/sec: 268,892 | bf16_mfu: 0.00 | epoch: 1 pq: 4 rg: 76 | total time: 13.33m | eta: 68.7m
step 00419/02520 (16.63%) | loss: 3.427903 | lrm: 1.00 | dt: 1947.00ms | tok/sec: 269,280 | bf16_mfu: 0.00 | epoch: 1 pq: 4 rg: 77 | total time: 13.36m | eta: 68.6m
step 00420/02520 (16.67%) | loss: 3.424091 | lrm: 1.00 | dt: 1947.99ms | tok/sec: 269,143 | bf16_mfu: 0.00 | epoch: 1 pq: 4 rg: 78 | total time: 13.39m | eta: 68.6m
step 00421/02520 (16.71%) | loss: 3.431586 | lrm: 1.00 | dt: 1947.53ms | tok/sec: 269,206 | bf16_mfu: 0.00 | epoch: 1 pq: 4 rg: 79 | total time: 13.42m | eta: 68.6m
step 00422/02520 (16.75%) | loss: 3.424090 | lrm: 1.00 | dt: 1946.66ms | tok/sec: 269,327 | bf16_mfu: 0.00 | epoch: 1 pq: 4 rg: 80 | total time: 13.46m | eta: 68.5m
step 00423/02520 (16.79%) | loss: 3.427366 | lrm: 1.00 | dt: 1948.49ms | tok/sec: 269,073 | bf16_mfu: 0.00 | epoch: 1 pq: 4 rg: 81 | total time: 13.49m | eta: 68.5m
step 00424/02520 (16.83%) | loss: 3.436123 | lrm: 1.00 | dt: 1946.84ms | tok/sec: 269,301 | bf16_mfu: 0.00 | epoch: 1 pq: 5 rg: 0 | total time: 13.52m | eta: 68.5m
step 00425/02520 (16.87%) | loss: 3.438319 | lrm: 1.00 | dt: 1947.89ms | tok/sec: 269,156 | bf16_mfu: 0.00 | epoch: 1 pq: 5 rg: 1 | total time: 13.55m | eta: 68.4m
step 00426/02520 (16.90%) | loss: 3.439108 | lrm: 1.00 | dt: 1947.18ms | tok/sec: 269,255 | bf16_mfu: 0.00 | epoch: 1 pq: 5 rg: 2 | total time: 13.59m | eta: 68.4m
step 00427/02520 (16.94%) | loss: 3.435489 | lrm: 1.00 | dt: 1946.55ms | tok/sec: 269,341 | bf16_mfu: 0.00 | epoch: 1 pq: 5 rg: 3 | total time: 13.62m | eta: 68.4m
step 00428/02520 (16.98%) | loss: 3.436088 | lrm: 1.00 | dt: 1947.00ms | tok/sec: 269,280 | bf16_mfu: 0.00 | epoch: 1 pq: 5 rg: 4 | total time: 13.65m | eta: 68.3m
step 00429/02520 (17.02%) | loss: 3.430691 | lrm: 1.00 | dt: 1946.05ms | tok/sec: 269,411 | bf16_mfu: 0.00 | epoch: 1 pq: 5 rg: 4 | total time: 13.68m | eta: 68.3m
step 00430/02520 (17.06%) | loss: 3.436065 | lrm: 1.00 | dt: 1944.93ms | tok/sec: 269,566 | bf16_mfu: 0.00 | epoch: 1 pq: 5 rg: 5 | total time: 13.72m | eta: 68.3m
step 00431/02520 (17.10%) | loss: 3.430829 | lrm: 1.00 | dt: 1945.98ms | tok/sec: 269,421 | bf16_mfu: 0.00 | epoch: 1 pq: 5 rg: 6 | total time: 13.75m | eta: 68.2m
step 00432/02520 (17.14%) | loss: 3.430058 | lrm: 1.00 | dt: 1945.95ms | tok/sec: 269,425 | bf16_mfu: 0.00 | epoch: 1 pq: 5 rg: 7 | total time: 13.78m | eta: 68.2m
step 00433/02520 (17.18%) | loss: 3.420719 | lrm: 1.00 | dt: 1945.04ms | tok/sec: 269,551 | bf16_mfu: 0.00 | epoch: 1 pq: 5 rg: 8 | total time: 13.81m | eta: 68.2m
step 00434/02520 (17.22%) | loss: 3.419761 | lrm: 1.00 | dt: 1944.69ms | tok/sec: 269,599 | bf16_mfu: 0.00 | epoch: 1 pq: 5 rg: 9 | total time: 13.85m | eta: 68.1m
step 00435/02520 (17.26%) | loss: 3.420005 | lrm: 1.00 | dt: 1946.24ms | tok/sec: 269,385 | bf16_mfu: 0.00 | epoch: 1 pq: 5 rg: 10 | total time: 13.88m | eta: 68.1m
step 00436/02520 (17.30%) | loss: 3.426287 | lrm: 1.00 | dt: 1944.48ms | tok/sec: 269,628 | bf16_mfu: 0.00 | epoch: 1 pq: 5 rg: 11 | total time: 13.91m | eta: 68.1m
step 00437/02520 (17.34%) | loss: 3.422831 | lrm: 1.00 | dt: 1945.05ms | tok/sec: 269,549 | bf16_mfu: 0.00 | epoch: 1 pq: 5 rg: 12 | total time: 13.94m | eta: 68.0m
step 00438/02520 (17.38%) | loss: 3.407297 | lrm: 1.00 | dt: 1945.43ms | tok/sec: 269,497 | bf16_mfu: 0.00 | epoch: 1 pq: 5 rg: 13 | total time: 13.98m | eta: 68.0m
step 00439/02520 (17.42%) | loss: 3.411374 | lrm: 1.00 | dt: 1947.62ms | tok/sec: 269,194 | bf16_mfu: 0.00 | epoch: 1 pq: 5 rg: 14 | total time: 14.01m | eta: 67.9m
step 00440/02520 (17.46%) | loss: 3.404457 | lrm: 1.00 | dt: 1945.01ms | tok/sec: 269,556 | bf16_mfu: 0.00 | epoch: 1 pq: 5 rg: 15 | total time: 14.04m | eta: 67.9m
step 00441/02520 (17.50%) | loss: 3.406719 | lrm: 1.00 | dt: 1944.66ms | tok/sec: 269,604 | bf16_mfu: 0.00 | epoch: 1 pq: 5 rg: 16 | total time: 14.07m | eta: 67.9m
step 00442/02520 (17.54%) | loss: 3.408047 | lrm: 1.00 | dt: 1944.96ms | tok/sec: 269,562 | bf16_mfu: 0.00 | epoch: 1 pq: 5 rg: 17 | total time: 14.11m | eta: 67.8m
step 00443/02520 (17.58%) | loss: 3.412798 | lrm: 1.00 | dt: 1945.58ms | tok/sec: 269,476 | bf16_mfu: 0.00 | epoch: 1 pq: 5 rg: 18 | total time: 14.14m | eta: 67.8m
step 00444/02520 (17.62%) | loss: 3.400779 | lrm: 1.00 | dt: 1945.46ms | tok/sec: 269,492 | bf16_mfu: 0.00 | epoch: 1 pq: 5 rg: 19 | total time: 14.17m | eta: 67.8m
step 00445/02520 (17.66%) | loss: 3.387280 | lrm: 1.00 | dt: 1945.89ms | tok/sec: 269,433 | bf16_mfu: 0.00 | epoch: 1 pq: 5 rg: 20 | total time: 14.20m | eta: 67.7m
step 00446/02520 (17.70%) | loss: 3.387612 | lrm: 1.00 | dt: 1946.23ms | tok/sec: 269,386 | bf16_mfu: 0.00 | epoch: 1 pq: 5 rg: 21 | total time: 14.23m | eta: 67.7m
step 00447/02520 (17.74%) | loss: 3.385481 | lrm: 1.00 | dt: 1946.12ms | tok/sec: 269,401 | bf16_mfu: 0.00 | epoch: 1 pq: 5 rg: 22 | total time: 14.27m | eta: 67.7m
step 00448/02520 (17.78%) | loss: 3.378280 | lrm: 1.00 | dt: 1945.05ms | tok/sec: 269,550 | bf16_mfu: 0.00 | epoch: 1 pq: 5 rg: 23 | total time: 14.30m | eta: 67.6m
step 00449/02520 (17.82%) | loss: 3.382667 | lrm: 1.00 | dt: 1945.73ms | tok/sec: 269,455 | bf16_mfu: 0.00 | epoch: 1 pq: 5 rg: 24 | total time: 14.33m | eta: 67.6m
step 00450/02520 (17.86%) | loss: 3.389430 | lrm: 1.00 | dt: 1944.95ms | tok/sec: 269,563 | bf16_mfu: 0.00 | epoch: 1 pq: 5 rg: 25 | total time: 14.36m | eta: 67.6m
step 00451/02520 (17.90%) | loss: 3.398051 | lrm: 1.00 | dt: 1944.96ms | tok/sec: 269,562 | bf16_mfu: 0.00 | epoch: 1 pq: 5 rg: 26 | total time: 14.40m | eta: 67.5m
step 00452/02520 (17.94%) | loss: 3.403207 | lrm: 1.00 | dt: 1945.66ms | tok/sec: 269,465 | bf16_mfu: 0.00 | epoch: 1 pq: 5 rg: 27 | total time: 14.43m | eta: 67.5m
step 00453/02520 (17.98%) | loss: 3.414498 | lrm: 1.00 | dt: 1945.40ms | tok/sec: 269,501 | bf16_mfu: 0.00 | epoch: 1 pq: 5 rg: 28 | total time: 14.46m | eta: 67.5m
step 00454/02520 (18.02%) | loss: 3.419829 | lrm: 1.00 | dt: 1945.12ms | tok/sec: 269,540 | bf16_mfu: 0.00 | epoch: 1 pq: 5 rg: 29 | total time: 14.49m | eta: 67.4m
step 00455/02520 (18.06%) | loss: 3.407643 | lrm: 1.00 | dt: 1945.56ms | tok/sec: 269,479 | bf16_mfu: 0.00 | epoch: 1 pq: 5 rg: 29 | total time: 14.53m | eta: 67.4m
step 00456/02520 (18.10%) | loss: 3.406504 | lrm: 1.00 | dt: 1944.66ms | tok/sec: 269,603 | bf16_mfu: 0.00 | epoch: 1 pq: 5 rg: 30 | total time: 14.56m | eta: 67.4m
step 00457/02520 (18.13%) | loss: 3.405440 | lrm: 1.00 | dt: 1945.35ms | tok/sec: 269,508 | bf16_mfu: 0.00 | epoch: 1 pq: 5 rg: 31 | total time: 14.59m | eta: 67.3m
step 00458/02520 (18.17%) | loss: 3.412325 | lrm: 1.00 | dt: 1944.92ms | tok/sec: 269,567 | bf16_mfu: 0.00 | epoch: 1 pq: 5 rg: 32 | total time: 14.62m | eta: 67.3m
step 00459/02520 (18.21%) | loss: 3.408428 | lrm: 1.00 | dt: 1945.88ms | tok/sec: 269,435 | bf16_mfu: 0.00 | epoch: 1 pq: 5 rg: 33 | total time: 14.66m | eta: 67.3m
step 00460/02520 (18.25%) | loss: 3.398626 | lrm: 1.00 | dt: 1945.77ms | tok/sec: 269,450 | bf16_mfu: 0.00 | epoch: 1 pq: 5 rg: 34 | total time: 14.69m | eta: 67.2m
step 00461/02520 (18.29%) | loss: 3.397584 | lrm: 1.00 | dt: 1946.54ms | tok/sec: 269,343 | bf16_mfu: 0.00 | epoch: 1 pq: 5 rg: 35 | total time: 14.72m | eta: 67.2m
step 00462/02520 (18.33%) | loss: 3.389381 | lrm: 1.00 | dt: 1945.71ms | tok/sec: 269,458 | bf16_mfu: 0.00 | epoch: 1 pq: 5 rg: 36 | total time: 14.75m | eta: 67.2m
step 00463/02520 (18.37%) | loss: 3.394497 | lrm: 1.00 | dt: 1947.52ms | tok/sec: 269,207 | bf16_mfu: 0.00 | epoch: 1 pq: 5 rg: 37 | total time: 14.79m | eta: 67.1m
step 00464/02520 (18.41%) | loss: 3.391874 | lrm: 1.00 | dt: 1948.23ms | tok/sec: 269,109 | bf16_mfu: 0.00 | epoch: 1 pq: 5 rg: 38 | total time: 14.82m | eta: 67.1m
step 00465/02520 (18.45%) | loss: 3.396994 | lrm: 1.00 | dt: 1945.64ms | tok/sec: 269,468 | bf16_mfu: 0.00 | epoch: 1 pq: 5 rg: 39 | total time: 14.85m | eta: 67.1m
step 00466/02520 (18.49%) | loss: 3.400778 | lrm: 1.00 | dt: 1947.46ms | tok/sec: 269,215 | bf16_mfu: 0.00 | epoch: 1 pq: 5 rg: 40 | total time: 14.88m | eta: 67.0m
step 00467/02520 (18.53%) | loss: 3.398821 | lrm: 1.00 | dt: 1946.21ms | tok/sec: 269,389 | bf16_mfu: 0.00 | epoch: 1 pq: 5 rg: 41 | total time: 14.92m | eta: 67.0m
step 00468/02520 (18.57%) | loss: 3.397185 | lrm: 1.00 | dt: 1946.32ms | tok/sec: 269,373 | bf16_mfu: 0.00 | epoch: 1 pq: 5 rg: 42 | total time: 14.95m | eta: 67.0m
step 00469/02520 (18.61%) | loss: 3.407254 | lrm: 1.00 | dt: 1947.97ms | tok/sec: 269,146 | bf16_mfu: 0.00 | epoch: 1 pq: 5 rg: 43 | total time: 14.98m | eta: 66.9m
step 00470/02520 (18.65%) | loss: 3.399115 | lrm: 1.00 | dt: 1946.90ms | tok/sec: 269,294 | bf16_mfu: 0.00 | epoch: 1 pq: 5 rg: 44 | total time: 15.01m | eta: 66.9m
step 00471/02520 (18.69%) | loss: 3.392346 | lrm: 1.00 | dt: 1946.90ms | tok/sec: 269,294 | bf16_mfu: 0.00 | epoch: 1 pq: 5 rg: 45 | total time: 15.05m | eta: 66.9m
step 00472/02520 (18.73%) | loss: 3.384061 | lrm: 1.00 | dt: 1948.93ms | tok/sec: 269,013 | bf16_mfu: 0.00 | epoch: 1 pq: 5 rg: 46 | total time: 15.08m | eta: 66.8m
step 00473/02520 (18.77%) | loss: 3.383843 | lrm: 1.00 | dt: 1947.95ms | tok/sec: 269,148 | bf16_mfu: 0.00 | epoch: 1 pq: 5 rg: 47 | total time: 15.11m | eta: 66.8m
step 00474/02520 (18.81%) | loss: 3.398359 | lrm: 1.00 | dt: 1948.13ms | tok/sec: 269,123 | bf16_mfu: 0.00 | epoch: 1 pq: 5 rg: 48 | total time: 15.14m | eta: 66.8m
step 00475/02520 (18.85%) | loss: 3.399208 | lrm: 1.00 | dt: 1945.51ms | tok/sec: 269,486 | bf16_mfu: 0.00 | epoch: 1 pq: 5 rg: 49 | total time: 15.18m | eta: 66.7m
step 00476/02520 (18.89%) | loss: 3.396076 | lrm: 1.00 | dt: 1947.24ms | tok/sec: 269,246 | bf16_mfu: 0.00 | epoch: 1 pq: 5 rg: 50 | total time: 15.21m | eta: 66.7m
step 00477/02520 (18.93%) | loss: 3.398183 | lrm: 1.00 | dt: 1947.70ms | tok/sec: 269,182 | bf16_mfu: 0.00 | epoch: 1 pq: 5 rg: 51 | total time: 15.24m | eta: 66.7m
step 00478/02520 (18.97%) | loss: 3.395328 | lrm: 1.00 | dt: 1947.85ms | tok/sec: 269,161 | bf16_mfu: 0.00 | epoch: 1 pq: 5 rg: 52 | total time: 15.27m | eta: 66.6m
step 00479/02520 (19.01%) | loss: 3.391925 | lrm: 1.00 | dt: 1947.32ms | tok/sec: 269,235 | bf16_mfu: 0.00 | epoch: 1 pq: 5 rg: 53 | total time: 15.31m | eta: 66.6m
step 00480/02520 (19.05%) | loss: 3.374057 | lrm: 1.00 | dt: 1949.06ms | tok/sec: 268,994 | bf16_mfu: 0.00 | epoch: 1 pq: 5 rg: 54 | total time: 15.34m | eta: 66.6m
step 00481/02520 (19.09%) | loss: 3.377959 | lrm: 1.00 | dt: 1947.55ms | tok/sec: 269,204 | bf16_mfu: 0.00 | epoch: 1 pq: 5 rg: 55 | total time: 15.37m | eta: 66.5m
step 00482/02520 (19.13%) | loss: 3.376881 | lrm: 1.00 | dt: 1950.41ms | tok/sec: 268,809 | bf16_mfu: 0.00 | epoch: 1 pq: 5 rg: 56 | total time: 15.40m | eta: 66.5m
step 00483/02520 (19.17%) | loss: 3.377227 | lrm: 1.00 | dt: 1948.62ms | tok/sec: 269,055 | bf16_mfu: 0.00 | epoch: 1 pq: 5 rg: 57 | total time: 15.44m | eta: 66.5m
step 00484/02520 (19.21%) | loss: 3.363866 | lrm: 1.00 | dt: 1948.96ms | tok/sec: 269,009 | bf16_mfu: 0.00 | epoch: 1 pq: 5 rg: 58 | total time: 15.47m | eta: 66.4m
step 00485/02520 (19.25%) | loss: 3.354351 | lrm: 1.00 | dt: 1947.69ms | tok/sec: 269,184 | bf16_mfu: 0.00 | epoch: 1 pq: 5 rg: 59 | total time: 15.50m | eta: 66.4m
step 00486/02520 (19.29%) | loss: 3.354896 | lrm: 1.00 | dt: 1947.89ms | tok/sec: 269,157 | bf16_mfu: 0.00 | epoch: 1 pq: 5 rg: 60 | total time: 15.53m | eta: 66.4m
step 00487/02520 (19.33%) | loss: 3.339575 | lrm: 1.00 | dt: 1947.93ms | tok/sec: 269,151 | bf16_mfu: 0.00 | epoch: 1 pq: 5 rg: 61 | total time: 15.57m | eta: 66.3m
step 00488/02520 (19.37%) | loss: 3.357407 | lrm: 1.00 | dt: 1947.71ms | tok/sec: 269,182 | bf16_mfu: 0.00 | epoch: 1 pq: 5 rg: 61 | total time: 15.60m | eta: 66.3m
step 00489/02520 (19.40%) | loss: 3.356114 | lrm: 1.00 | dt: 1947.65ms | tok/sec: 269,190 | bf16_mfu: 0.00 | epoch: 1 pq: 5 rg: 62 | total time: 15.63m | eta: 66.3m
step 00490/02520 (19.44%) | loss: 3.356375 | lrm: 1.00 | dt: 1946.65ms | tok/sec: 269,328 | bf16_mfu: 0.00 | epoch: 1 pq: 5 rg: 63 | total time: 15.66m | eta: 66.2m
step 00491/02520 (19.48%) | loss: 3.358042 | lrm: 1.00 | dt: 1947.65ms | tok/sec: 269,189 | bf16_mfu: 0.00 | epoch: 1 pq: 5 rg: 64 | total time: 15.69m | eta: 66.2m
step 00492/02520 (19.52%) | loss: 3.355154 | lrm: 1.00 | dt: 1947.47ms | tok/sec: 269,214 | bf16_mfu: 0.00 | epoch: 1 pq: 5 rg: 65 | total time: 15.73m | eta: 66.2m
step 00493/02520 (19.56%) | loss: 3.358307 | lrm: 1.00 | dt: 1949.21ms | tok/sec: 268,975 | bf16_mfu: 0.00 | epoch: 1 pq: 5 rg: 66 | total time: 15.76m | eta: 66.1m
step 00494/02520 (19.60%) | loss: 3.358500 | lrm: 1.00 | dt: 1948.02ms | tok/sec: 269,139 | bf16_mfu: 0.00 | epoch: 1 pq: 5 rg: 67 | total time: 15.79m | eta: 66.1m
step 00495/02520 (19.64%) | loss: 3.351081 | lrm: 1.00 | dt: 1947.43ms | tok/sec: 269,220 | bf16_mfu: 0.00 | epoch: 1 pq: 5 rg: 68 | total time: 15.82m | eta: 66.1m
step 00496/02520 (19.68%) | loss: 3.354254 | lrm: 1.00 | dt: 1946.46ms | tok/sec: 269,354 | bf16_mfu: 0.00 | epoch: 1 pq: 5 rg: 69 | total time: 15.86m | eta: 66.0m
step 00497/02520 (19.72%) | loss: 3.365982 | lrm: 1.00 | dt: 1947.06ms | tok/sec: 269,271 | bf16_mfu: 0.00 | epoch: 1 pq: 5 rg: 70 | total time: 15.89m | eta: 66.0m
step 00498/02520 (19.76%) | loss: 3.363537 | lrm: 1.00 | dt: 1947.08ms | tok/sec: 269,269 | bf16_mfu: 0.00 | epoch: 1 pq: 5 rg: 71 | total time: 15.92m | eta: 66.0m
step 00499/02520 (19.80%) | loss: 3.369892 | lrm: 1.00 | dt: 1946.84ms | tok/sec: 269,301 | bf16_mfu: 0.00 | epoch: 1 pq: 5 rg: 72 | total time: 15.95m | eta: 65.9m
Step 00500 | Validation bpb: 1.022456
step 00500/02520 (19.84%) | loss: 3.378594 | lrm: 1.00 | dt: 1933.42ms | tok/sec: 271,170 | bf16_mfu: 0.00 | epoch: 1 pq: 5 rg: 73 | total time: 15.99m | eta: 65.9m
step 00501/02520 (19.88%) | loss: 3.370695 | lrm: 1.00 | dt: 1936.38ms | tok/sec: 270,756 | bf16_mfu: 0.00 | epoch: 1 pq: 5 rg: 74 | total time: 16.02m | eta: 65.9m
step 00502/02520 (19.92%) | loss: 3.367758 | lrm: 1.00 | dt: 1940.87ms | tok/sec: 270,130 | bf16_mfu: 0.00 | epoch: 1 pq: 5 rg: 75 | total time: 16.05m | eta: 65.8m
step 00503/02520 (19.96%) | loss: 3.358148 | lrm: 1.00 | dt: 1939.18ms | tok/sec: 270,365 | bf16_mfu: 0.00 | epoch: 1 pq: 5 rg: 76 | total time: 16.08m | eta: 65.8m
step 00504/02520 (20.00%) | loss: 3.354329 | lrm: 1.00 | dt: 1938.89ms | tok/sec: 270,406 | bf16_mfu: 0.00 | epoch: 1 pq: 5 rg: 77 | total time: 16.12m | eta: 65.8m
step 00505/02520 (20.04%) | loss: 3.359962 | lrm: 1.00 | dt: 1939.04ms | tok/sec: 270,384 | bf16_mfu: 0.00 | epoch: 1 pq: 5 rg: 78 | total time: 16.15m | eta: 65.7m
step 00506/02520 (20.08%) | loss: 3.350340 | lrm: 1.00 | dt: 1940.49ms | tok/sec: 270,182 | bf16_mfu: 0.00 | epoch: 1 pq: 5 rg: 79 | total time: 16.18m | eta: 65.7m
step 00507/02520 (20.12%) | loss: 3.350588 | lrm: 1.00 | dt: 1940.69ms | tok/sec: 270,155 | bf16_mfu: 0.00 | epoch: 1 pq: 5 rg: 80 | total time: 16.21m | eta: 65.7m
step 00508/02520 (20.16%) | loss: 3.352250 | lrm: 1.00 | dt: 1940.12ms | tok/sec: 270,234 | bf16_mfu: 0.00 | epoch: 1 pq: 5 rg: 81 | total time: 16.25m | eta: 65.6m
step 00509/02520 (20.20%) | loss: 3.361613 | lrm: 1.00 | dt: 1942.19ms | tok/sec: 269,946 | bf16_mfu: 0.00 | epoch: 1 pq: 5 rg: 82 | total time: 16.28m | eta: 65.6m
step 00510/02520 (20.24%) | loss: 3.348702 | lrm: 1.00 | dt: 1941.91ms | tok/sec: 269,985 | bf16_mfu: 0.00 | epoch: 1 pq: 6 rg: 0 | total time: 16.31m | eta: 65.6m
step 00511/02520 (20.28%) | loss: 3.346021 | lrm: 1.00 | dt: 1942.91ms | tok/sec: 269,846 | bf16_mfu: 0.00 | epoch: 1 pq: 6 rg: 1 | total time: 16.34m | eta: 65.5m
step 00512/02520 (20.32%) | loss: 3.349903 | lrm: 1.00 | dt: 1942.94ms | tok/sec: 269,842 | bf16_mfu: 0.00 | epoch: 1 pq: 6 rg: 2 | total time: 16.37m | eta: 65.5m
step 00513/02520 (20.36%) | loss: 3.339963 | lrm: 1.00 | dt: 1943.29ms | tok/sec: 269,794 | bf16_mfu: 0.00 | epoch: 1 pq: 6 rg: 3 | total time: 16.41m | eta: 65.5m
step 00514/02520 (20.40%) | loss: 3.341281 | lrm: 1.00 | dt: 1941.92ms | tok/sec: 269,983 | bf16_mfu: 0.00 | epoch: 1 pq: 6 rg: 4 | total time: 16.44m | eta: 65.4m
step 00515/02520 (20.44%) | loss: 3.344376 | lrm: 1.00 | dt: 1943.44ms | tok/sec: 269,773 | bf16_mfu: 0.00 | epoch: 1 pq: 6 rg: 5 | total time: 16.47m | eta: 65.4m
step 00516/02520 (20.48%) | loss: 3.347051 | lrm: 1.00 | dt: 1942.78ms | tok/sec: 269,864 | bf16_mfu: 0.00 | epoch: 1 pq: 6 rg: 6 | total time: 16.50m | eta: 65.4m
step 00517/02520 (20.52%) | loss: 3.337675 | lrm: 1.00 | dt: 1945.03ms | tok/sec: 269,552 | bf16_mfu: 0.00 | epoch: 1 pq: 6 rg: 7 | total time: 16.54m | eta: 65.3m
step 00518/02520 (20.56%) | loss: 3.332644 | lrm: 1.00 | dt: 1945.64ms | tok/sec: 269,468 | bf16_mfu: 0.00 | epoch: 1 pq: 6 rg: 8 | total time: 16.57m | eta: 65.3m
step 00519/02520 (20.60%) | loss: 3.337425 | lrm: 1.00 | dt: 1945.07ms | tok/sec: 269,547 | bf16_mfu: 0.00 | epoch: 1 pq: 6 rg: 9 | total time: 16.60m | eta: 65.3m
step 00520/02520 (20.63%) | loss: 3.331421 | lrm: 1.00 | dt: 1945.15ms | tok/sec: 269,535 | bf16_mfu: 0.00 | epoch: 1 pq: 6 rg: 9 | total time: 16.63m | eta: 65.2m
step 00521/02520 (20.67%) | loss: 3.336588 | lrm: 1.00 | dt: 1944.80ms | tok/sec: 269,584 | bf16_mfu: 0.00 | epoch: 1 pq: 6 rg: 10 | total time: 16.67m | eta: 65.2m
step 00522/02520 (20.71%) | loss: 3.330387 | lrm: 1.00 | dt: 1946.52ms | tok/sec: 269,345 | bf16_mfu: 0.00 | epoch: 1 pq: 6 rg: 11 | total time: 16.70m | eta: 65.2m
step 00523/02520 (20.75%) | loss: 3.336283 | lrm: 1.00 | dt: 1945.76ms | tok/sec: 269,451 | bf16_mfu: 0.00 | epoch: 1 pq: 6 rg: 12 | total time: 16.73m | eta: 65.1m
step 00524/02520 (20.79%) | loss: 3.339748 | lrm: 1.00 | dt: 1946.08ms | tok/sec: 269,407 | bf16_mfu: 0.00 | epoch: 1 pq: 6 rg: 13 | total time: 16.76m | eta: 65.1m
step 00525/02520 (20.83%) | loss: 3.346417 | lrm: 1.00 | dt: 1947.57ms | tok/sec: 269,201 | bf16_mfu: 0.00 | epoch: 1 pq: 6 rg: 14 | total time: 16.80m | eta: 65.1m
step 00526/02520 (20.87%) | loss: 3.330822 | lrm: 1.00 | dt: 1945.91ms | tok/sec: 269,431 | bf16_mfu: 0.00 | epoch: 1 pq: 6 rg: 15 | total time: 16.83m | eta: 65.0m
step 00527/02520 (20.91%) | loss: 3.319602 | lrm: 1.00 | dt: 1947.17ms | tok/sec: 269,256 | bf16_mfu: 0.00 | epoch: 1 pq: 6 rg: 16 | total time: 16.86m | eta: 65.0m
step 00528/02520 (20.95%) | loss: 3.323348 | lrm: 1.00 | dt: 1947.04ms | tok/sec: 269,274 | bf16_mfu: 0.00 | epoch: 1 pq: 6 rg: 17 | total time: 16.89m | eta: 65.0m
step 00529/02520 (20.99%) | loss: 3.329841 | lrm: 1.00 | dt: 1947.18ms | tok/sec: 269,254 | bf16_mfu: 0.00 | epoch: 1 pq: 6 rg: 18 | total time: 16.93m | eta: 64.9m
step 00530/02520 (21.03%) | loss: 3.335783 | lrm: 1.00 | dt: 1945.73ms | tok/sec: 269,455 | bf16_mfu: 0.00 | epoch: 1 pq: 6 rg: 19 | total time: 16.96m | eta: 64.9m
step 00531/02520 (21.07%) | loss: 3.331942 | lrm: 1.00 | dt: 1948.09ms | tok/sec: 269,129 | bf16_mfu: 0.00 | epoch: 1 pq: 6 rg: 20 | total time: 16.99m | eta: 64.9m
step 00532/02520 (21.11%) | loss: 3.341533 | lrm: 1.00 | dt: 1947.37ms | tok/sec: 269,229 | bf16_mfu: 0.00 | epoch: 1 pq: 6 rg: 21 | total time: 17.02m | eta: 64.8m
step 00533/02520 (21.15%) | loss: 3.328709 | lrm: 1.00 | dt: 1947.05ms | tok/sec: 269,273 | bf16_mfu: 0.00 | epoch: 1 pq: 6 rg: 22 | total time: 17.06m | eta: 64.8m
step 00534/02520 (21.19%) | loss: 3.338264 | lrm: 1.00 | dt: 1948.33ms | tok/sec: 269,096 | bf16_mfu: 0.00 | epoch: 1 pq: 6 rg: 23 | total time: 17.09m | eta: 64.8m
step 00535/02520 (21.23%) | loss: 3.337559 | lrm: 1.00 | dt: 1946.56ms | tok/sec: 269,340 | bf16_mfu: 0.00 | epoch: 1 pq: 6 rg: 24 | total time: 17.12m | eta: 64.7m
step 00536/02520 (21.27%) | loss: 3.340494 | lrm: 1.00 | dt: 1949.00ms | tok/sec: 269,003 | bf16_mfu: 0.00 | epoch: 1 pq: 6 rg: 25 | total time: 17.15m | eta: 64.7m
step 00537/02520 (21.31%) | loss: 3.344449 | lrm: 1.00 | dt: 1948.97ms | tok/sec: 269,007 | bf16_mfu: 0.00 | epoch: 1 pq: 6 rg: 26 | total time: 17.19m | eta: 64.7m
step 00538/02520 (21.35%) | loss: 3.336401 | lrm: 1.00 | dt: 1948.90ms | tok/sec: 269,017 | bf16_mfu: 0.00 | epoch: 1 pq: 6 rg: 27 | total time: 17.22m | eta: 64.6m
step 00539/02520 (21.39%) | loss: 3.336011 | lrm: 1.00 | dt: 1948.81ms | tok/sec: 269,029 | bf16_mfu: 0.00 | epoch: 1 pq: 6 rg: 28 | total time: 17.25m | eta: 64.6m
step 00540/02520 (21.43%) | loss: 3.326541 | lrm: 1.00 | dt: 1947.73ms | tok/sec: 269,178 | bf16_mfu: 0.00 | epoch: 1 pq: 6 rg: 29 | total time: 17.28m | eta: 64.6m
step 00541/02520 (21.47%) | loss: 3.312426 | lrm: 1.00 | dt: 1948.70ms | tok/sec: 269,045 | bf16_mfu: 0.00 | epoch: 1 pq: 6 rg: 30 | total time: 17.32m | eta: 64.5m
step 00542/02520 (21.51%) | loss: 3.315505 | lrm: 1.00 | dt: 1949.41ms | tok/sec: 268,946 | bf16_mfu: 0.00 | epoch: 1 pq: 6 rg: 31 | total time: 17.35m | eta: 64.5m
step 00543/02520 (21.55%) | loss: 3.317648 | lrm: 1.00 | dt: 1950.01ms | tok/sec: 268,864 | bf16_mfu: 0.00 | epoch: 1 pq: 6 rg: 32 | total time: 17.38m | eta: 64.5m
step 00544/02520 (21.59%) | loss: 3.318987 | lrm: 1.00 | dt: 1949.87ms | tok/sec: 268,883 | bf16_mfu: 0.00 | epoch: 1 pq: 6 rg: 33 | total time: 17.41m | eta: 64.4m
step 00545/02520 (21.63%) | loss: 3.323260 | lrm: 1.00 | dt: 1951.11ms | tok/sec: 268,713 | bf16_mfu: 0.00 | epoch: 1 pq: 6 rg: 34 | total time: 17.45m | eta: 64.4m
step 00546/02520 (21.67%) | loss: 3.336371 | lrm: 1.00 | dt: 1950.67ms | tok/sec: 268,773 | bf16_mfu: 0.00 | epoch: 1 pq: 6 rg: 34 | total time: 17.48m | eta: 64.4m
step 00547/02520 (21.71%) | loss: 3.335577 | lrm: 1.00 | dt: 1951.96ms | tok/sec: 268,595 | bf16_mfu: 0.00 | epoch: 1 pq: 6 rg: 35 | total time: 17.51m | eta: 64.3m
step 00548/02520 (21.75%) | loss: 3.334257 | lrm: 1.00 | dt: 1951.59ms | tok/sec: 268,646 | bf16_mfu: 0.00 | epoch: 1 pq: 6 rg: 36 | total time: 17.54m | eta: 64.3m
step 00549/02520 (21.79%) | loss: 3.326796 | lrm: 1.00 | dt: 1952.77ms | tok/sec: 268,484 | bf16_mfu: 0.00 | epoch: 1 pq: 6 rg: 37 | total time: 17.58m | eta: 64.3m
step 00550/02520 (21.83%) | loss: 3.320067 | lrm: 1.00 | dt: 1951.49ms | tok/sec: 268,660 | bf16_mfu: 0.00 | epoch: 1 pq: 6 rg: 38 | total time: 17.61m | eta: 64.2m
step 00551/02520 (21.87%) | loss: 3.318487 | lrm: 1.00 | dt: 1951.55ms | tok/sec: 268,652 | bf16_mfu: 0.00 | epoch: 1 pq: 6 rg: 39 | total time: 17.64m | eta: 64.2m
step 00552/02520 (21.90%) | loss: 3.322510 | lrm: 1.00 | dt: 1950.99ms | tok/sec: 268,729 | bf16_mfu: 0.00 | epoch: 1 pq: 6 rg: 40 | total time: 17.67m | eta: 64.2m
step 00553/02520 (21.94%) | loss: 3.318364 | lrm: 1.00 | dt: 1952.87ms | tok/sec: 268,471 | bf16_mfu: 0.00 | epoch: 1 pq: 6 rg: 41 | total time: 17.71m | eta: 64.1m
step 00554/02520 (21.98%) | loss: 3.313689 | lrm: 1.00 | dt: 1951.61ms | tok/sec: 268,644 | bf16_mfu: 0.00 | epoch: 1 pq: 6 rg: 42 | total time: 17.74m | eta: 64.1m
step 00555/02520 (22.02%) | loss: 3.321689 | lrm: 1.00 | dt: 1951.82ms | tok/sec: 268,615 | bf16_mfu: 0.00 | epoch: 1 pq: 6 rg: 43 | total time: 17.77m | eta: 64.1m
step 00556/02520 (22.06%) | loss: 3.314851 | lrm: 1.00 | dt: 1952.55ms | tok/sec: 268,514 | bf16_mfu: 0.00 | epoch: 1 pq: 6 rg: 44 | total time: 17.80m | eta: 64.0m
step 00557/02520 (22.10%) | loss: 3.317502 | lrm: 1.00 | dt: 1955.72ms | tok/sec: 268,079 | bf16_mfu: 0.00 | epoch: 1 pq: 6 rg: 45 | total time: 17.84m | eta: 64.0m
step 00558/02520 (22.14%) | loss: 3.306811 | lrm: 1.00 | dt: 1953.12ms | tok/sec: 268,436 | bf16_mfu: 0.00 | epoch: 1 pq: 6 rg: 46 | total time: 17.87m | eta: 64.0m
step 00559/02520 (22.18%) | loss: 3.311850 | lrm: 1.00 | dt: 1953.38ms | tok/sec: 268,400 | bf16_mfu: 0.00 | epoch: 1 pq: 6 rg: 47 | total time: 17.90m | eta: 63.9m
step 00560/02520 (22.22%) | loss: 3.323823 | lrm: 1.00 | dt: 1953.87ms | tok/sec: 268,332 | bf16_mfu: 0.00 | epoch: 1 pq: 6 rg: 48 | total time: 17.93m | eta: 63.9m
step 00561/02520 (22.26%) | loss: 3.322846 | lrm: 1.00 | dt: 1954.03ms | tok/sec: 268,311 | bf16_mfu: 0.00 | epoch: 1 pq: 6 rg: 49 | total time: 17.97m | eta: 63.9m
step 00562/02520 (22.30%) | loss: 3.311969 | lrm: 1.00 | dt: 1954.02ms | tok/sec: 268,312 | bf16_mfu: 0.00 | epoch: 1 pq: 6 rg: 50 | total time: 18.00m | eta: 63.8m
step 00563/02520 (22.34%) | loss: 3.309755 | lrm: 1.00 | dt: 1954.29ms | tok/sec: 268,275 | bf16_mfu: 0.00 | epoch: 1 pq: 6 rg: 51 | total time: 18.03m | eta: 63.8m
step 00564/02520 (22.38%) | loss: 3.312935 | lrm: 1.00 | dt: 1954.94ms | tok/sec: 268,185 | bf16_mfu: 0.00 | epoch: 1 pq: 6 rg: 52 | total time: 18.06m | eta: 63.8m
step 00565/02520 (22.42%) | loss: 3.318306 | lrm: 1.00 | dt: 1954.90ms | tok/sec: 268,192 | bf16_mfu: 0.00 | epoch: 1 pq: 6 rg: 53 | total time: 18.10m | eta: 63.7m
step 00566/02520 (22.46%) | loss: 3.327675 | lrm: 1.00 | dt: 1953.86ms | tok/sec: 268,334 | bf16_mfu: 0.00 | epoch: 1 pq: 6 rg: 54 | total time: 18.13m | eta: 63.7m
step 00567/02520 (22.50%) | loss: 3.321820 | lrm: 1.00 | dt: 1954.98ms | tok/sec: 268,180 | bf16_mfu: 0.00 | epoch: 1 pq: 6 rg: 55 | total time: 18.16m | eta: 63.7m
step 00568/02520 (22.54%) | loss: 3.325850 | lrm: 1.00 | dt: 1956.21ms | tok/sec: 268,011 | bf16_mfu: 0.00 | epoch: 1 pq: 6 rg: 56 | total time: 18.19m | eta: 63.6m
step 00569/02520 (22.58%) | loss: 3.318715 | lrm: 1.00 | dt: 1956.72ms | tok/sec: 267,942 | bf16_mfu: 0.00 | epoch: 1 pq: 6 rg: 57 | total time: 18.23m | eta: 63.6m
step 00570/02520 (22.62%) | loss: 3.321416 | lrm: 1.00 | dt: 1956.54ms | tok/sec: 267,966 | bf16_mfu: 0.00 | epoch: 1 pq: 6 rg: 58 | total time: 18.26m | eta: 63.6m
step 00571/02520 (22.66%) | loss: 3.327969 | lrm: 1.00 | dt: 1954.79ms | tok/sec: 268,206 | bf16_mfu: 0.00 | epoch: 1 pq: 6 rg: 59 | total time: 18.29m | eta: 63.6m
step 00572/02520 (22.70%) | loss: 3.330017 | lrm: 1.00 | dt: 1956.39ms | tok/sec: 267,987 | bf16_mfu: 0.00 | epoch: 1 pq: 6 rg: 60 | total time: 18.32m | eta: 63.5m
step 00573/02520 (22.74%) | loss: 3.334339 | lrm: 1.00 | dt: 1953.84ms | tok/sec: 268,337 | bf16_mfu: 0.00 | epoch: 1 pq: 6 rg: 61 | total time: 18.36m | eta: 63.5m
step 00574/02520 (22.78%) | loss: 3.325072 | lrm: 1.00 | dt: 1954.85ms | tok/sec: 268,198 | bf16_mfu: 0.00 | epoch: 1 pq: 6 rg: 62 | total time: 18.39m | eta: 63.5m
step 00575/02520 (22.82%) | loss: 3.318448 | lrm: 1.00 | dt: 1954.13ms | tok/sec: 268,297 | bf16_mfu: 0.00 | epoch: 1 pq: 6 rg: 63 | total time: 18.42m | eta: 63.4m
step 00576/02520 (22.86%) | loss: 3.318127 | lrm: 1.00 | dt: 1955.11ms | tok/sec: 268,162 | bf16_mfu: 0.00 | epoch: 1 pq: 6 rg: 64 | total time: 18.46m | eta: 63.4m
step 00577/02520 (22.90%) | loss: 3.314108 | lrm: 1.00 | dt: 1952.88ms | tok/sec: 268,468 | bf16_mfu: 0.00 | epoch: 1 pq: 6 rg: 65 | total time: 18.49m | eta: 63.4m
step 00578/02520 (22.94%) | loss: 3.309816 | lrm: 1.00 | dt: 1954.39ms | tok/sec: 268,261 | bf16_mfu: 0.00 | epoch: 1 pq: 6 rg: 66 | total time: 18.52m | eta: 63.3m
step 00579/02520 (22.98%) | loss: 3.316193 | lrm: 1.00 | dt: 1954.50ms | tok/sec: 268,246 | bf16_mfu: 0.00 | epoch: 1 pq: 6 rg: 67 | total time: 18.55m | eta: 63.3m
step 00580/02520 (23.02%) | loss: 3.312861 | lrm: 1.00 | dt: 1954.51ms | tok/sec: 268,245 | bf16_mfu: 0.00 | epoch: 1 pq: 6 rg: 68 | total time: 18.59m | eta: 63.3m
step 00581/02520 (23.06%) | loss: 3.309716 | lrm: 1.00 | dt: 1954.46ms | tok/sec: 268,252 | bf16_mfu: 0.00 | epoch: 1 pq: 6 rg: 68 | total time: 18.62m | eta: 63.2m
step 00582/02520 (23.10%) | loss: 3.298015 | lrm: 1.00 | dt: 1955.96ms | tok/sec: 268,047 | bf16_mfu: 0.00 | epoch: 1 pq: 6 rg: 69 | total time: 18.65m | eta: 63.2m
step 00583/02520 (23.13%) | loss: 3.304084 | lrm: 1.00 | dt: 1954.67ms | tok/sec: 268,223 | bf16_mfu: 0.00 | epoch: 1 pq: 6 rg: 70 | total time: 18.68m | eta: 63.2m
step 00584/02520 (23.17%) | loss: 3.301975 | lrm: 1.00 | dt: 1954.94ms | tok/sec: 268,185 | bf16_mfu: 0.00 | epoch: 1 pq: 6 rg: 71 | total time: 18.72m | eta: 63.1m
step 00585/02520 (23.21%) | loss: 3.309380 | lrm: 1.00 | dt: 1953.95ms | tok/sec: 268,321 | bf16_mfu: 0.00 | epoch: 1 pq: 6 rg: 72 | total time: 18.75m | eta: 63.1m
step 00586/02520 (23.25%) | loss: 3.323053 | lrm: 1.00 | dt: 1952.32ms | tok/sec: 268,546 | bf16_mfu: 0.00 | epoch: 1 pq: 6 rg: 73 | total time: 18.78m | eta: 63.1m
step 00587/02520 (23.29%) | loss: 3.316660 | lrm: 1.00 | dt: 1954.93ms | tok/sec: 268,187 | bf16_mfu: 0.00 | epoch: 1 pq: 6 rg: 74 | total time: 18.81m | eta: 63.0m
step 00588/02520 (23.33%) | loss: 3.316697 | lrm: 1.00 | dt: 1954.26ms | tok/sec: 268,279 | bf16_mfu: 0.00 | epoch: 1 pq: 6 rg: 75 | total time: 18.85m | eta: 63.0m
step 00589/02520 (23.37%) | loss: 3.315400 | lrm: 1.00 | dt: 1954.56ms | tok/sec: 268,237 | bf16_mfu: 0.00 | epoch: 1 pq: 6 rg: 76 | total time: 18.88m | eta: 63.0m
step 00590/02520 (23.41%) | loss: 3.316691 | lrm: 1.00 | dt: 1954.90ms | tok/sec: 268,191 | bf16_mfu: 0.00 | epoch: 1 pq: 6 rg: 77 | total time: 18.91m | eta: 62.9m
step 00591/02520 (23.45%) | loss: 3.324562 | lrm: 1.00 | dt: 1955.42ms | tok/sec: 268,120 | bf16_mfu: 0.00 | epoch: 1 pq: 6 rg: 78 | total time: 18.94m | eta: 62.9m
step 00592/02520 (23.49%) | loss: 3.309141 | lrm: 1.00 | dt: 1954.91ms | tok/sec: 268,190 | bf16_mfu: 0.00 | epoch: 1 pq: 6 rg: 79 | total time: 18.98m | eta: 62.9m
step 00593/02520 (23.53%) | loss: 3.307735 | lrm: 1.00 | dt: 1954.94ms | tok/sec: 268,186 | bf16_mfu: 0.00 | epoch: 1 pq: 6 rg: 80 | total time: 19.01m | eta: 62.8m
step 00594/02520 (23.57%) | loss: 3.310180 | lrm: 1.00 | dt: 1958.31ms | tok/sec: 267,724 | bf16_mfu: 0.00 | epoch: 1 pq: 6 rg: 81 | total time: 19.04m | eta: 62.8m
step 00595/02520 (23.61%) | loss: 3.317390 | lrm: 1.00 | dt: 1957.72ms | tok/sec: 267,805 | bf16_mfu: 0.00 | epoch: 1 pq: 7 rg: 0 | total time: 19.07m | eta: 62.8m
step 00596/02520 (23.65%) | loss: 3.312571 | lrm: 1.00 | dt: 1957.07ms | tok/sec: 267,894 | bf16_mfu: 0.00 | epoch: 1 pq: 7 rg: 1 | total time: 19.11m | eta: 62.7m
step 00597/02520 (23.69%) | loss: 3.319475 | lrm: 1.00 | dt: 1957.79ms | tok/sec: 267,796 | bf16_mfu: 0.00 | epoch: 1 pq: 7 rg: 2 | total time: 19.14m | eta: 62.7m
step 00598/02520 (23.73%) | loss: 3.314804 | lrm: 1.00 | dt: 1959.62ms | tok/sec: 267,546 | bf16_mfu: 0.00 | epoch: 1 pq: 7 rg: 3 | total time: 19.17m | eta: 62.7m
step 00599/02520 (23.77%) | loss: 3.305305 | lrm: 1.00 | dt: 1957.06ms | tok/sec: 267,895 | bf16_mfu: 0.00 | epoch: 1 pq: 7 rg: 4 | total time: 19.20m | eta: 62.6m
step 00600/02520 (23.81%) | loss: 3.298516 | lrm: 1.00 | dt: 1956.92ms | tok/sec: 267,914 | bf16_mfu: 0.00 | epoch: 1 pq: 7 rg: 5 | total time: 19.24m | eta: 62.6m
step 00601/02520 (23.85%) | loss: 3.307627 | lrm: 1.00 | dt: 1956.27ms | tok/sec: 268,004 | bf16_mfu: 0.00 | epoch: 1 pq: 7 rg: 6 | total time: 19.27m | eta: 62.6m
step 00602/02520 (23.89%) | loss: 3.320374 | lrm: 1.00 | dt: 1956.58ms | tok/sec: 267,961 | bf16_mfu: 0.00 | epoch: 1 pq: 7 rg: 7 | total time: 19.30m | eta: 62.5m
step 00603/02520 (23.93%) | loss: 3.315688 | lrm: 1.00 | dt: 1956.69ms | tok/sec: 267,946 | bf16_mfu: 0.00 | epoch: 1 pq: 7 rg: 8 | total time: 19.34m | eta: 62.5m
step 00604/02520 (23.97%) | loss: 3.303497 | lrm: 1.00 | dt: 1956.52ms | tok/sec: 267,968 | bf16_mfu: 0.00 | epoch: 1 pq: 7 rg: 9 | total time: 19.37m | eta: 62.5m
step 00605/02520 (24.01%) | loss: 3.300847 | lrm: 1.00 | dt: 1957.45ms | tok/sec: 267,842 | bf16_mfu: 0.00 | epoch: 1 pq: 7 rg: 10 | total time: 19.40m | eta: 62.4m
step 00606/02520 (24.05%) | loss: 3.311283 | lrm: 1.00 | dt: 1957.49ms | tok/sec: 267,836 | bf16_mfu: 0.00 | epoch: 1 pq: 7 rg: 11 | total time: 19.43m | eta: 62.4m
step 00607/02520 (24.09%) | loss: 3.318479 | lrm: 1.00 | dt: 1956.84ms | tok/sec: 267,925 | bf16_mfu: 0.00 | epoch: 1 pq: 7 rg: 12 | total time: 19.47m | eta: 62.4m
step 00608/02520 (24.13%) | loss: 3.304043 | lrm: 1.00 | dt: 1955.68ms | tok/sec: 268,084 | bf16_mfu: 0.00 | epoch: 1 pq: 7 rg: 13 | total time: 19.50m | eta: 62.3m
step 00609/02520 (24.17%) | loss: 3.318574 | lrm: 1.00 | dt: 1955.20ms | tok/sec: 268,150 | bf16_mfu: 0.00 | epoch: 1 pq: 7 rg: 14 | total time: 19.53m | eta: 62.3m
step 00610/02520 (24.21%) | loss: 3.326705 | lrm: 1.00 | dt: 1954.89ms | tok/sec: 268,192 | bf16_mfu: 0.00 | epoch: 1 pq: 7 rg: 15 | total time: 19.56m | eta: 62.3m
step 00611/02520 (24.25%) | loss: 3.329301 | lrm: 1.00 | dt: 1955.26ms | tok/sec: 268,142 | bf16_mfu: 0.00 | epoch: 1 pq: 7 rg: 16 | total time: 19.60m | eta: 62.2m
step 00612/02520 (24.29%) | loss: 3.316898 | lrm: 1.00 | dt: 1955.08ms | tok/sec: 268,166 | bf16_mfu: 0.00 | epoch: 1 pq: 7 rg: 16 | total time: 19.63m | eta: 62.2m
step 00613/02520 (24.33%) | loss: 3.317710 | lrm: 1.00 | dt: 1955.01ms | tok/sec: 268,177 | bf16_mfu: 0.00 | epoch: 1 pq: 7 rg: 17 | total time: 19.66m | eta: 62.2m
step 00614/02520 (24.37%) | loss: 3.323382 | lrm: 1.00 | dt: 1956.16ms | tok/sec: 268,019 | bf16_mfu: 0.00 | epoch: 1 pq: 7 rg: 18 | total time: 19.69m | eta: 62.1m
step 00615/02520 (24.40%) | loss: 3.329064 | lrm: 1.00 | dt: 1956.83ms | tok/sec: 267,926 | bf16_mfu: 0.00 | epoch: 1 pq: 7 rg: 19 | total time: 19.73m | eta: 62.1m
step 00616/02520 (24.44%) | loss: 3.331310 | lrm: 1.00 | dt: 1956.35ms | tok/sec: 267,992 | bf16_mfu: 0.00 | epoch: 1 pq: 7 rg: 20 | total time: 19.76m | eta: 62.1m
step 00617/02520 (24.48%) | loss: 3.328847 | lrm: 1.00 | dt: 1956.13ms | tok/sec: 268,022 | bf16_mfu: 0.00 | epoch: 1 pq: 7 rg: 21 | total time: 19.79m | eta: 62.0m
step 00618/02520 (24.52%) | loss: 3.314603 | lrm: 1.00 | dt: 1955.93ms | tok/sec: 268,050 | bf16_mfu: 0.00 | epoch: 1 pq: 7 rg: 22 | total time: 19.82m | eta: 62.0m
step 00619/02520 (24.56%) | loss: 3.314273 | lrm: 1.00 | dt: 1955.41ms | tok/sec: 268,121 | bf16_mfu: 0.00 | epoch: 1 pq: 7 rg: 23 | total time: 19.86m | eta: 62.0m
step 00620/02520 (24.60%) | loss: 3.315238 | lrm: 1.00 | dt: 1956.95ms | tok/sec: 267,910 | bf16_mfu: 0.00 | epoch: 1 pq: 7 rg: 24 | total time: 19.89m | eta: 62.0m
step 00621/02520 (24.64%) | loss: 3.310739 | lrm: 1.00 | dt: 1955.90ms | tok/sec: 268,054 | bf16_mfu: 0.00 | epoch: 1 pq: 7 rg: 25 | total time: 19.92m | eta: 61.9m
step 00622/02520 (24.68%) | loss: 3.324581 | lrm: 1.00 | dt: 1956.53ms | tok/sec: 267,968 | bf16_mfu: 0.00 | epoch: 1 pq: 7 rg: 26 | total time: 19.95m | eta: 61.9m
step 00623/02520 (24.72%) | loss: 3.322218 | lrm: 1.00 | dt: 1956.59ms | tok/sec: 267,960 | bf16_mfu: 0.00 | epoch: 1 pq: 7 rg: 27 | total time: 19.99m | eta: 61.9m
step 00624/02520 (24.76%) | loss: 3.326264 | lrm: 1.00 | dt: 1958.57ms | tok/sec: 267,689 | bf16_mfu: 0.00 | epoch: 1 pq: 7 rg: 28 | total time: 20.02m | eta: 61.8m
step 00625/02520 (24.80%) | loss: 3.322086 | lrm: 1.00 | dt: 1957.65ms | tok/sec: 267,814 | bf16_mfu: 0.00 | epoch: 1 pq: 7 rg: 29 | total time: 20.05m | eta: 61.8m
step 00626/02520 (24.84%) | loss: 3.322361 | lrm: 1.00 | dt: 1956.61ms | tok/sec: 267,957 | bf16_mfu: 0.00 | epoch: 1 pq: 7 rg: 30 | total time: 20.09m | eta: 61.8m
step 00627/02520 (24.88%) | loss: 3.321187 | lrm: 1.00 | dt: 1957.81ms | tok/sec: 267,792 | bf16_mfu: 0.00 | epoch: 1 pq: 7 rg: 31 | total time: 20.12m | eta: 61.7m
step 00628/02520 (24.92%) | loss: 3.312823 | lrm: 1.00 | dt: 1956.39ms | tok/sec: 267,988 | bf16_mfu: 0.00 | epoch: 1 pq: 7 rg: 32 | total time: 20.15m | eta: 61.7m
step 00629/02520 (24.96%) | loss: 3.309850 | lrm: 1.00 | dt: 1955.56ms | tok/sec: 268,101 | bf16_mfu: 0.00 | epoch: 1 pq: 7 rg: 33 | total time: 20.18m | eta: 61.7m
step 00630/02520 (25.00%) | loss: 3.300332 | lrm: 1.00 | dt: 1955.11ms | tok/sec: 268,162 | bf16_mfu: 0.00 | epoch: 1 pq: 7 rg: 34 | total time: 20.22m | eta: 61.6m
step 00631/02520 (25.04%) | loss: 3.294792 | lrm: 1.00 | dt: 1956.72ms | tok/sec: 267,942 | bf16_mfu: 0.00 | epoch: 1 pq: 7 rg: 35 | total time: 20.25m | eta: 61.6m
step 00632/02520 (25.08%) | loss: 3.300916 | lrm: 1.00 | dt: 1954.42ms | tok/sec: 268,258 | bf16_mfu: 0.00 | epoch: 1 pq: 7 rg: 36 | total time: 20.28m | eta: 61.6m
step 00633/02520 (25.12%) | loss: 3.296360 | lrm: 1.00 | dt: 1954.65ms | tok/sec: 268,226 | bf16_mfu: 0.00 | epoch: 1 pq: 7 rg: 37 | total time: 20.31m | eta: 61.5m
step 00634/02520 (25.16%) | loss: 3.300741 | lrm: 1.00 | dt: 1954.14ms | tok/sec: 268,295 | bf16_mfu: 0.00 | epoch: 1 pq: 7 rg: 38 | total time: 20.35m | eta: 61.5m
step 00635/02520 (25.20%) | loss: 3.306856 | lrm: 1.00 | dt: 1955.01ms | tok/sec: 268,177 | bf16_mfu: 0.00 | epoch: 1 pq: 7 rg: 39 | total time: 20.38m | eta: 61.5m
step 00636/02520 (25.24%) | loss: 3.310477 | lrm: 1.00 | dt: 1954.51ms | tok/sec: 268,245 | bf16_mfu: 0.00 | epoch: 1 pq: 7 rg: 40 | total time: 20.41m | eta: 61.4m
step 00637/02520 (25.28%) | loss: 3.304914 | lrm: 1.00 | dt: 1954.81ms | tok/sec: 268,203 | bf16_mfu: 0.00 | epoch: 1 pq: 7 rg: 41 | total time: 20.44m | eta: 61.4m
step 00638/02520 (25.32%) | loss: 3.291170 | lrm: 1.00 | dt: 1955.17ms | tok/sec: 268,154 | bf16_mfu: 0.00 | epoch: 1 pq: 7 rg: 42 | total time: 20.48m | eta: 61.4m
step 00639/02520 (25.36%) | loss: 3.298036 | lrm: 1.00 | dt: 1956.51ms | tok/sec: 267,970 | bf16_mfu: 0.00 | epoch: 1 pq: 7 rg: 43 | total time: 20.51m | eta: 61.3m
step 00640/02520 (25.40%) | loss: 3.295791 | lrm: 1.00 | dt: 1956.00ms | tok/sec: 268,040 | bf16_mfu: 0.00 | epoch: 1 pq: 7 rg: 44 | total time: 20.54m | eta: 61.3m
step 00641/02520 (25.44%) | loss: 3.299845 | lrm: 1.00 | dt: 1955.62ms | tok/sec: 268,092 | bf16_mfu: 0.00 | epoch: 1 pq: 7 rg: 45 | total time: 20.57m | eta: 61.3m
step 00642/02520 (25.48%) | loss: 3.303578 | lrm: 1.00 | dt: 1955.99ms | tok/sec: 268,042 | bf16_mfu: 0.00 | epoch: 1 pq: 7 rg: 46 | total time: 20.61m | eta: 61.2m
step 00643/02520 (25.52%) | loss: 3.303777 | lrm: 1.00 | dt: 1955.11ms | tok/sec: 268,162 | bf16_mfu: 0.00 | epoch: 1 pq: 7 rg: 47 | total time: 20.64m | eta: 61.2m
step 00644/02520 (25.56%) | loss: 3.297182 | lrm: 1.00 | dt: 1956.20ms | tok/sec: 268,013 | bf16_mfu: 0.00 | epoch: 1 pq: 7 rg: 48 | total time: 20.67m | eta: 61.2m
step 00645/02520 (25.60%) | loss: 3.297279 | lrm: 1.00 | dt: 1954.96ms | tok/sec: 268,183 | bf16_mfu: 0.00 | epoch: 1 pq: 7 rg: 49 | total time: 20.70m | eta: 61.1m
step 00646/02520 (25.63%) | loss: 3.292729 | lrm: 1.00 | dt: 1955.13ms | tok/sec: 268,160 | bf16_mfu: 0.00 | epoch: 1 pq: 7 rg: 49 | total time: 20.74m | eta: 61.1m
step 00647/02520 (25.67%) | loss: 3.284521 | lrm: 1.00 | dt: 1953.38ms | tok/sec: 268,400 | bf16_mfu: 0.00 | epoch: 1 pq: 7 rg: 50 | total time: 20.77m | eta: 61.1m
step 00648/02520 (25.71%) | loss: 3.300095 | lrm: 1.00 | dt: 1954.32ms | tok/sec: 268,271 | bf16_mfu: 0.00 | epoch: 1 pq: 7 rg: 51 | total time: 20.80m | eta: 61.0m
step 00649/02520 (25.75%) | loss: 3.317321 | lrm: 1.00 | dt: 1955.13ms | tok/sec: 268,159 | bf16_mfu: 0.00 | epoch: 1 pq: 7 rg: 52 | total time: 20.83m | eta: 61.0m
step 00650/02520 (25.79%) | loss: 3.317632 | lrm: 1.00 | dt: 1952.79ms | tok/sec: 268,481 | bf16_mfu: 0.00 | epoch: 1 pq: 7 rg: 53 | total time: 20.87m | eta: 61.0m
step 00651/02520 (25.83%) | loss: 3.320714 | lrm: 1.00 | dt: 1952.74ms | tok/sec: 268,488 | bf16_mfu: 0.00 | epoch: 1 pq: 7 rg: 54 | total time: 20.90m | eta: 60.9m
step 00652/02520 (25.87%) | loss: 3.308059 | lrm: 1.00 | dt: 1954.89ms | tok/sec: 268,193 | bf16_mfu: 0.00 | epoch: 1 pq: 7 rg: 55 | total time: 20.93m | eta: 60.9m
step 00653/02520 (25.91%) | loss: 3.304919 | lrm: 1.00 | dt: 1953.15ms | tok/sec: 268,432 | bf16_mfu: 0.00 | epoch: 1 pq: 7 rg: 56 | total time: 20.96m | eta: 60.9m
step 00654/02520 (25.95%) | loss: 3.299654 | lrm: 1.00 | dt: 1954.68ms | tok/sec: 268,222 | bf16_mfu: 0.00 | epoch: 1 pq: 7 rg: 57 | total time: 21.00m | eta: 60.8m
step 00655/02520 (25.99%) | loss: 3.303097 | lrm: 1.00 | dt: 1953.19ms | tok/sec: 268,426 | bf16_mfu: 0.00 | epoch: 1 pq: 7 rg: 58 | total time: 21.03m | eta: 60.8m
step 00656/02520 (26.03%) | loss: 3.309383 | lrm: 1.00 | dt: 1954.59ms | tok/sec: 268,233 | bf16_mfu: 0.00 | epoch: 1 pq: 7 rg: 59 | total time: 21.06m | eta: 60.8m
step 00657/02520 (26.07%) | loss: 3.315571 | lrm: 1.00 | dt: 1953.99ms | tok/sec: 268,316 | bf16_mfu: 0.00 | epoch: 1 pq: 7 rg: 60 | total time: 21.10m | eta: 60.7m
step 00658/02520 (26.11%) | loss: 3.326366 | lrm: 1.00 | dt: 1954.09ms | tok/sec: 268,303 | bf16_mfu: 0.00 | epoch: 1 pq: 7 rg: 61 | total time: 21.13m | eta: 60.7m
step 00659/02520 (26.15%) | loss: 3.330121 | lrm: 1.00 | dt: 1955.76ms | tok/sec: 268,074 | bf16_mfu: 0.00 | epoch: 1 pq: 7 rg: 62 | total time: 21.16m | eta: 60.7m
step 00660/02520 (26.19%) | loss: 3.327496 | lrm: 1.00 | dt: 1954.15ms | tok/sec: 268,295 | bf16_mfu: 0.00 | epoch: 1 pq: 7 rg: 63 | total time: 21.19m | eta: 60.6m
step 00661/02520 (26.23%) | loss: 3.321139 | lrm: 1.00 | dt: 1954.10ms | tok/sec: 268,301 | bf16_mfu: 0.00 | epoch: 1 pq: 7 rg: 64 | total time: 21.23m | eta: 60.6m
step 00662/02520 (26.27%) | loss: 3.319747 | lrm: 1.00 | dt: 1953.42ms | tok/sec: 268,394 | bf16_mfu: 0.00 | epoch: 1 pq: 7 rg: 65 | total time: 21.26m | eta: 60.6m
step 00663/02520 (26.31%) | loss: 3.313126 | lrm: 1.00 | dt: 1954.09ms | tok/sec: 268,302 | bf16_mfu: 0.00 | epoch: 1 pq: 7 rg: 66 | total time: 21.29m | eta: 60.5m
step 00664/02520 (26.35%) | loss: 3.310809 | lrm: 1.00 | dt: 1953.23ms | tok/sec: 268,421 | bf16_mfu: 0.00 | epoch: 1 pq: 7 rg: 67 | total time: 21.32m | eta: 60.5m
step 00665/02520 (26.39%) | loss: 3.299590 | lrm: 1.00 | dt: 1955.25ms | tok/sec: 268,143 | bf16_mfu: 0.00 | epoch: 1 pq: 7 rg: 68 | total time: 21.36m | eta: 60.5m
step 00666/02520 (26.43%) | loss: 3.305082 | lrm: 1.00 | dt: 1955.20ms | tok/sec: 268,150 | bf16_mfu: 0.00 | epoch: 1 pq: 7 rg: 69 | total time: 21.39m | eta: 60.4m
step 00667/02520 (26.47%) | loss: 3.298175 | lrm: 1.00 | dt: 1951.99ms | tok/sec: 268,591 | bf16_mfu: 0.00 | epoch: 1 pq: 7 rg: 70 | total time: 21.42m | eta: 60.4m
step 00668/02520 (26.51%) | loss: 3.296260 | lrm: 1.00 | dt: 1953.11ms | tok/sec: 268,437 | bf16_mfu: 0.00 | epoch: 1 pq: 7 rg: 71 | total time: 21.45m | eta: 60.4m
step 00669/02520 (26.55%) | loss: 3.288942 | lrm: 1.00 | dt: 1953.55ms | tok/sec: 268,376 | bf16_mfu: 0.00 | epoch: 1 pq: 7 rg: 72 | total time: 21.49m | eta: 60.3m
step 00670/02520 (26.59%) | loss: 3.283812 | lrm: 1.00 | dt: 1952.53ms | tok/sec: 268,516 | bf16_mfu: 0.00 | epoch: 1 pq: 7 rg: 73 | total time: 21.52m | eta: 60.3m
step 00671/02520 (26.63%) | loss: 3.283253 | lrm: 1.00 | dt: 1952.59ms | tok/sec: 268,508 | bf16_mfu: 0.00 | epoch: 1 pq: 7 rg: 74 | total time: 21.55m | eta: 60.3m
step 00672/02520 (26.67%) | loss: 3.299985 | lrm: 1.00 | dt: 1951.54ms | tok/sec: 268,653 | bf16_mfu: 0.00 | epoch: 1 pq: 7 rg: 75 | total time: 21.58m | eta: 60.3m
step 00673/02520 (26.71%) | loss: 3.297079 | lrm: 1.00 | dt: 1952.34ms | tok/sec: 268,543 | bf16_mfu: 0.00 | epoch: 1 pq: 7 rg: 76 | total time: 21.62m | eta: 60.2m
step 00674/02520 (26.75%) | loss: 3.298315 | lrm: 1.00 | dt: 1954.28ms | tok/sec: 268,276 | bf16_mfu: 0.00 | epoch: 1 pq: 7 rg: 77 | total time: 21.65m | eta: 60.2m
step 00675/02520 (26.79%) | loss: 3.302868 | lrm: 1.00 | dt: 1954.16ms | tok/sec: 268,293 | bf16_mfu: 0.00 | epoch: 1 pq: 7 rg: 78 | total time: 21.68m | eta: 60.2m
step 00676/02520 (26.83%) | loss: 3.309635 | lrm: 1.00 | dt: 1954.50ms | tok/sec: 268,246 | bf16_mfu: 0.00 | epoch: 1 pq: 7 rg: 79 | total time: 21.71m | eta: 60.1m
step 00677/02520 (26.87%) | loss: 3.310425 | lrm: 1.00 | dt: 1953.96ms | tok/sec: 268,320 | bf16_mfu: 0.00 | epoch: 1 pq: 7 rg: 80 | total time: 21.75m | eta: 60.1m
step 00678/02520 (26.90%) | loss: 3.302337 | lrm: 1.00 | dt: 1953.08ms | tok/sec: 268,441 | bf16_mfu: 0.00 | epoch: 1 pq: 7 rg: 81 | total time: 21.78m | eta: 60.1m
step 00679/02520 (26.94%) | loss: 3.305003 | lrm: 1.00 | dt: 1951.31ms | tok/sec: 268,684 | bf16_mfu: 0.00 | epoch: 1 pq: 7 rg: 81 | total time: 21.81m | eta: 60.0m
step 00680/02520 (26.98%) | loss: 3.309524 | lrm: 1.00 | dt: 1952.56ms | tok/sec: 268,513 | bf16_mfu: 0.00 | epoch: 1 pq: 8 rg: 1 | total time: 21.84m | eta: 60.0m
step 00681/02520 (27.02%) | loss: 3.297006 | lrm: 1.00 | dt: 1952.79ms | tok/sec: 268,482 | bf16_mfu: 0.00 | epoch: 1 pq: 8 rg: 1 | total time: 21.88m | eta: 60.0m
step 00682/02520 (27.06%) | loss: 3.295410 | lrm: 1.00 | dt: 1952.88ms | tok/sec: 268,468 | bf16_mfu: 0.00 | epoch: 1 pq: 8 rg: 2 | total time: 21.91m | eta: 59.9m
step 00683/02520 (27.10%) | loss: 3.304850 | lrm: 1.00 | dt: 1952.89ms | tok/sec: 268,468 | bf16_mfu: 0.00 | epoch: 1 pq: 8 rg: 3 | total time: 21.94m | eta: 59.9m
step 00684/02520 (27.14%) | loss: 3.303445 | lrm: 1.00 | dt: 1952.41ms | tok/sec: 268,533 | bf16_mfu: 0.00 | epoch: 1 pq: 8 rg: 4 | total time: 21.97m | eta: 59.9m
step 00685/02520 (27.18%) | loss: 3.301477 | lrm: 1.00 | dt: 1952.89ms | tok/sec: 268,468 | bf16_mfu: 0.00 | epoch: 1 pq: 8 rg: 5 | total time: 22.01m | eta: 59.8m
step 00686/02520 (27.22%) | loss: 3.288677 | lrm: 1.00 | dt: 1953.33ms | tok/sec: 268,407 | bf16_mfu: 0.00 | epoch: 1 pq: 8 rg: 6 | total time: 22.04m | eta: 59.8m
step 00687/02520 (27.26%) | loss: 3.290236 | lrm: 1.00 | dt: 1953.74ms | tok/sec: 268,350 | bf16_mfu: 0.00 | epoch: 1 pq: 8 rg: 7 | total time: 22.07m | eta: 59.8m
step 00688/02520 (27.30%) | loss: 3.297938 | lrm: 1.00 | dt: 1952.34ms | tok/sec: 268,542 | bf16_mfu: 0.00 | epoch: 1 pq: 8 rg: 8 | total time: 22.10m | eta: 59.7m
step 00689/02520 (27.34%) | loss: 3.278697 | lrm: 1.00 | dt: 1954.88ms | tok/sec: 268,195 | bf16_mfu: 0.00 | epoch: 1 pq: 8 rg: 9 | total time: 22.14m | eta: 59.7m
step 00690/02520 (27.38%) | loss: 3.278358 | lrm: 1.00 | dt: 1954.14ms | tok/sec: 268,296 | bf16_mfu: 0.00 | epoch: 1 pq: 8 rg: 10 | total time: 22.17m | eta: 59.7m
step 00691/02520 (27.42%) | loss: 3.287349 | lrm: 1.00 | dt: 1955.31ms | tok/sec: 268,134 | bf16_mfu: 0.00 | epoch: 1 pq: 8 rg: 11 | total time: 22.20m | eta: 59.6m
step 00692/02520 (27.46%) | loss: 3.290251 | lrm: 1.00 | dt: 1954.59ms | tok/sec: 268,234 | bf16_mfu: 0.00 | epoch: 1 pq: 8 rg: 12 | total time: 22.23m | eta: 59.6m
step 00693/02520 (27.50%) | loss: 3.282846 | lrm: 1.00 | dt: 1954.34ms | tok/sec: 268,268 | bf16_mfu: 0.00 | epoch: 1 pq: 8 rg: 13 | total time: 22.27m | eta: 59.6m
step 00694/02520 (27.54%) | loss: 3.279621 | lrm: 1.00 | dt: 1954.79ms | tok/sec: 268,206 | bf16_mfu: 0.00 | epoch: 1 pq: 8 rg: 14 | total time: 22.30m | eta: 59.5m
step 00695/02520 (27.58%) | loss: 3.286665 | lrm: 1.00 | dt: 1953.92ms | tok/sec: 268,326 | bf16_mfu: 0.00 | epoch: 1 pq: 8 rg: 15 | total time: 22.33m | eta: 59.5m
step 00696/02520 (27.62%) | loss: 3.290822 | lrm: 1.00 | dt: 1953.24ms | tok/sec: 268,420 | bf16_mfu: 0.00 | epoch: 1 pq: 8 rg: 16 | total time: 22.36m | eta: 59.5m
step 00697/02520 (27.66%) | loss: 3.284133 | lrm: 1.00 | dt: 1953.89ms | tok/sec: 268,329 | bf16_mfu: 0.00 | epoch: 1 pq: 8 rg: 17 | total time: 22.40m | eta: 59.4m
step 00698/02520 (27.70%) | loss: 3.275896 | lrm: 1.00 | dt: 1953.39ms | tok/sec: 268,398 | bf16_mfu: 0.00 | epoch: 1 pq: 8 rg: 18 | total time: 22.43m | eta: 59.4m
step 00699/02520 (27.74%) | loss: 3.293627 | lrm: 1.00 | dt: 1952.76ms | tok/sec: 268,486 | bf16_mfu: 0.00 | epoch: 1 pq: 8 rg: 19 | total time: 22.46m | eta: 59.4m
step 00700/02520 (27.78%) | loss: 3.293357 | lrm: 1.00 | dt: 1954.08ms | tok/sec: 268,303 | bf16_mfu: 0.00 | epoch: 1 pq: 8 rg: 20 | total time: 22.50m | eta: 59.3m
step 00701/02520 (27.82%) | loss: 3.294554 | lrm: 1.00 | dt: 1953.07ms | tok/sec: 268,442 | bf16_mfu: 0.00 | epoch: 1 pq: 8 rg: 21 | total time: 22.53m | eta: 59.3m
step 00702/02520 (27.86%) | loss: 3.288418 | lrm: 1.00 | dt: 1952.91ms | tok/sec: 268,464 | bf16_mfu: 0.00 | epoch: 1 pq: 8 rg: 22 | total time: 22.56m | eta: 59.3m
step 00703/02520 (27.90%) | loss: 3.292399 | lrm: 1.00 | dt: 1953.19ms | tok/sec: 268,426 | bf16_mfu: 0.00 | epoch: 1 pq: 8 rg: 23 | total time: 22.59m | eta: 59.2m
step 00704/02520 (27.94%) | loss: 3.292736 | lrm: 1.00 | dt: 1951.83ms | tok/sec: 268,613 | bf16_mfu: 0.00 | epoch: 1 pq: 8 rg: 24 | total time: 22.63m | eta: 59.2m
step 00705/02520 (27.98%) | loss: 3.291985 | lrm: 1.00 | dt: 1951.23ms | tok/sec: 268,695 | bf16_mfu: 0.00 | epoch: 1 pq: 8 rg: 25 | total time: 22.66m | eta: 59.2m
step 00706/02520 (28.02%) | loss: 3.285495 | lrm: 1.00 | dt: 1951.44ms | tok/sec: 268,666 | bf16_mfu: 0.00 | epoch: 1 pq: 8 rg: 25 | total time: 22.69m | eta: 59.1m
step 00707/02520 (28.06%) | loss: 3.280130 | lrm: 1.00 | dt: 1950.37ms | tok/sec: 268,814 | bf16_mfu: 0.00 | epoch: 1 pq: 8 rg: 26 | total time: 22.72m | eta: 59.1m
step 00708/02520 (28.10%) | loss: 3.290052 | lrm: 1.00 | dt: 1950.99ms | tok/sec: 268,728 | bf16_mfu: 0.00 | epoch: 1 pq: 8 rg: 27 | total time: 22.76m | eta: 59.1m
step 00709/02520 (28.13%) | loss: 3.287911 | lrm: 1.00 | dt: 1951.28ms | tok/sec: 268,689 | bf16_mfu: 0.00 | epoch: 1 pq: 8 rg: 28 | total time: 22.79m | eta: 59.0m
step 00710/02520 (28.17%) | loss: 3.293656 | lrm: 1.00 | dt: 1950.68ms | tok/sec: 268,772 | bf16_mfu: 0.00 | epoch: 1 pq: 8 rg: 29 | total time: 22.82m | eta: 59.0m
step 00711/02520 (28.21%) | loss: 3.294300 | lrm: 1.00 | dt: 1952.11ms | tok/sec: 268,575 | bf16_mfu: 0.00 | epoch: 1 pq: 8 rg: 30 | total time: 22.85m | eta: 59.0m
step 00712/02520 (28.25%) | loss: 3.287875 | lrm: 1.00 | dt: 1950.72ms | tok/sec: 268,766 | bf16_mfu: 0.00 | epoch: 1 pq: 8 rg: 31 | total time: 22.89m | eta: 58.9m
step 00713/02520 (28.29%) | loss: 3.283395 | lrm: 1.00 | dt: 1950.60ms | tok/sec: 268,782 | bf16_mfu: 0.00 | epoch: 1 pq: 8 rg: 32 | total time: 22.92m | eta: 58.9m
step 00714/02520 (28.33%) | loss: 3.288730 | lrm: 1.00 | dt: 1949.67ms | tok/sec: 268,911 | bf16_mfu: 0.00 | epoch: 1 pq: 8 rg: 33 | total time: 22.95m | eta: 58.9m
step 00715/02520 (28.37%) | loss: 3.284768 | lrm: 1.00 | dt: 1950.08ms | tok/sec: 268,854 | bf16_mfu: 0.00 | epoch: 1 pq: 8 rg: 34 | total time: 22.98m | eta: 58.8m
step 00716/02520 (28.41%) | loss: 3.284112 | lrm: 1.00 | dt: 1949.90ms | tok/sec: 268,879 | bf16_mfu: 0.00 | epoch: 1 pq: 8 rg: 35 | total time: 23.02m | eta: 58.8m
step 00717/02520 (28.45%) | loss: 3.292384 | lrm: 1.00 | dt: 1950.79ms | tok/sec: 268,756 | bf16_mfu: 0.00 | epoch: 1 pq: 8 rg: 36 | total time: 23.05m | eta: 58.8m
step 00718/02520 (28.49%) | loss: 3.297797 | lrm: 1.00 | dt: 1949.94ms | tok/sec: 268,874 | bf16_mfu: 0.00 | epoch: 1 pq: 8 rg: 37 | total time: 23.08m | eta: 58.7m
step 00719/02520 (28.53%) | loss: 3.300163 | lrm: 1.00 | dt: 1950.79ms | tok/sec: 268,756 | bf16_mfu: 0.00 | epoch: 1 pq: 8 rg: 38 | total time: 23.11m | eta: 58.7m
step 00720/02520 (28.57%) | loss: 3.293354 | lrm: 1.00 | dt: 1951.05ms | tok/sec: 268,721 | bf16_mfu: 0.00 | epoch: 1 pq: 8 rg: 39 | total time: 23.15m | eta: 58.7m
step 00721/02520 (28.61%) | loss: 3.282819 | lrm: 1.00 | dt: 1950.68ms | tok/sec: 268,772 | bf16_mfu: 0.00 | epoch: 1 pq: 8 rg: 40 | total time: 23.18m | eta: 58.6m
step 00722/02520 (28.65%) | loss: 3.276564 | lrm: 1.00 | dt: 1951.13ms | tok/sec: 268,709 | bf16_mfu: 0.00 | epoch: 1 pq: 8 rg: 41 | total time: 23.21m | eta: 58.6m
step 00723/02520 (28.69%) | loss: 3.263955 | lrm: 1.00 | dt: 1950.63ms | tok/sec: 268,778 | bf16_mfu: 0.00 | epoch: 1 pq: 8 rg: 42 | total time: 23.24m | eta: 58.6m
step 00724/02520 (28.73%) | loss: 3.257305 | lrm: 1.00 | dt: 1951.38ms | tok/sec: 268,675 | bf16_mfu: 0.00 | epoch: 1 pq: 8 rg: 43 | total time: 23.28m | eta: 58.5m
step 00725/02520 (28.77%) | loss: 3.258076 | lrm: 1.00 | dt: 1950.79ms | tok/sec: 268,757 | bf16_mfu: 0.00 | epoch: 1 pq: 8 rg: 44 | total time: 23.31m | eta: 58.5m
step 00726/02520 (28.81%) | loss: 3.262251 | lrm: 1.00 | dt: 1950.92ms | tok/sec: 268,738 | bf16_mfu: 0.00 | epoch: 1 pq: 8 rg: 45 | total time: 23.34m | eta: 58.5m
step 00727/02520 (28.85%) | loss: 3.258386 | lrm: 1.00 | dt: 1951.67ms | tok/sec: 268,635 | bf16_mfu: 0.00 | epoch: 1 pq: 8 rg: 46 | total time: 23.37m | eta: 58.4m
step 00728/02520 (28.89%) | loss: 3.270583 | lrm: 1.00 | dt: 1952.05ms | tok/sec: 268,583 | bf16_mfu: 0.00 | epoch: 1 pq: 8 rg: 47 | total time: 23.41m | eta: 58.4m
step 00729/02520 (28.93%) | loss: 3.270597 | lrm: 1.00 | dt: 1951.43ms | tok/sec: 268,669 | bf16_mfu: 0.00 | epoch: 1 pq: 8 rg: 48 | total time: 23.44m | eta: 58.4m
step 00730/02520 (28.97%) | loss: 3.280933 | lrm: 1.00 | dt: 1950.58ms | tok/sec: 268,785 | bf16_mfu: 0.00 | epoch: 1 pq: 8 rg: 49 | total time: 23.47m | eta: 58.4m
step 00731/02520 (29.01%) | loss: 3.293276 | lrm: 1.00 | dt: 1950.51ms | tok/sec: 268,794 | bf16_mfu: 0.00 | epoch: 1 pq: 8 rg: 50 | total time: 23.50m | eta: 58.3m
step 00732/02520 (29.05%) | loss: 3.286280 | lrm: 1.00 | dt: 1951.41ms | tok/sec: 268,671 | bf16_mfu: 0.00 | epoch: 1 pq: 8 rg: 51 | total time: 23.54m | eta: 58.3m
step 00733/02520 (29.09%) | loss: 3.286241 | lrm: 1.00 | dt: 1950.35ms | tok/sec: 268,816 | bf16_mfu: 0.00 | epoch: 1 pq: 8 rg: 52 | total time: 23.57m | eta: 58.3m
step 00734/02520 (29.13%) | loss: 3.282583 | lrm: 1.00 | dt: 1950.76ms | tok/sec: 268,760 | bf16_mfu: 0.00 | epoch: 1 pq: 8 rg: 53 | total time: 23.60m | eta: 58.2m
step 00735/02520 (29.17%) | loss: 3.278768 | lrm: 1.00 | dt: 1950.75ms | tok/sec: 268,761 | bf16_mfu: 0.00 | epoch: 1 pq: 8 rg: 54 | total time: 23.63m | eta: 58.2m
step 00736/02520 (29.21%) | loss: 3.262696 | lrm: 1.00 | dt: 1951.37ms | tok/sec: 268,676 | bf16_mfu: 0.00 | epoch: 1 pq: 8 rg: 55 | total time: 23.67m | eta: 58.2m
step 00737/02520 (29.25%) | loss: 3.273556 | lrm: 1.00 | dt: 1950.86ms | tok/sec: 268,747 | bf16_mfu: 0.00 | epoch: 1 pq: 8 rg: 56 | total time: 23.70m | eta: 58.1m
step 00738/02520 (29.29%) | loss: 3.259950 | lrm: 1.00 | dt: 1951.05ms | tok/sec: 268,720 | bf16_mfu: 0.00 | epoch: 1 pq: 8 rg: 57 | total time: 23.73m | eta: 58.1m
step 00739/02520 (29.33%) | loss: 3.268116 | lrm: 1.00 | dt: 1950.91ms | tok/sec: 268,739 | bf16_mfu: 0.00 | epoch: 1 pq: 8 rg: 57 | total time: 23.76m | eta: 58.1m
step 00740/02520 (29.37%) | loss: 3.268015 | lrm: 1.00 | dt: 1951.35ms | tok/sec: 268,679 | bf16_mfu: 0.00 | epoch: 1 pq: 8 rg: 58 | total time: 23.80m | eta: 58.0m
step 00741/02520 (29.40%) | loss: 3.270840 | lrm: 1.00 | dt: 1952.87ms | tok/sec: 268,470 | bf16_mfu: 0.00 | epoch: 1 pq: 8 rg: 59 | total time: 23.83m | eta: 58.0m
step 00742/02520 (29.44%) | loss: 3.278675 | lrm: 1.00 | dt: 1950.03ms | tok/sec: 268,861 | bf16_mfu: 0.00 | epoch: 1 pq: 8 rg: 60 | total time: 23.86m | eta: 58.0m
step 00743/02520 (29.48%) | loss: 3.274168 | lrm: 1.00 | dt: 1951.29ms | tok/sec: 268,687 | bf16_mfu: 0.00 | epoch: 1 pq: 8 rg: 61 | total time: 23.89m | eta: 57.9m
step 00744/02520 (29.52%) | loss: 3.268423 | lrm: 1.00 | dt: 1950.39ms | tok/sec: 268,811 | bf16_mfu: 0.00 | epoch: 1 pq: 8 rg: 62 | total time: 23.93m | eta: 57.9m
step 00745/02520 (29.56%) | loss: 3.284020 | lrm: 1.00 | dt: 1951.45ms | tok/sec: 268,666 | bf16_mfu: 0.00 | epoch: 1 pq: 8 rg: 63 | total time: 23.96m | eta: 57.9m
step 00746/02520 (29.60%) | loss: 3.283645 | lrm: 1.00 | dt: 1950.74ms | tok/sec: 268,763 | bf16_mfu: 0.00 | epoch: 1 pq: 8 rg: 64 | total time: 23.99m | eta: 57.8m
step 00747/02520 (29.64%) | loss: 3.276997 | lrm: 1.00 | dt: 1953.19ms | tok/sec: 268,426 | bf16_mfu: 0.00 | epoch: 1 pq: 8 rg: 65 | total time: 24.02m | eta: 57.8m
step 00748/02520 (29.68%) | loss: 3.273138 | lrm: 1.00 | dt: 1953.95ms | tok/sec: 268,322 | bf16_mfu: 0.00 | epoch: 1 pq: 8 rg: 66 | total time: 24.06m | eta: 57.8m
step 00749/02520 (29.72%) | loss: 3.258784 | lrm: 1.00 | dt: 1952.06ms | tok/sec: 268,581 | bf16_mfu: 0.00 | epoch: 1 pq: 8 rg: 67 | total time: 24.09m | eta: 57.7m
Step 00750 | Validation bpb: 0.994250
step 00750/02520 (29.76%) | loss: 3.253098 | lrm: 1.00 | dt: 1937.14ms | tok/sec: 270,650 | bf16_mfu: 0.00 | epoch: 1 pq: 8 rg: 68 | total time: 24.12m | eta: 57.7m
step 00751/02520 (29.80%) | loss: 3.250940 | lrm: 1.00 | dt: 1942.21ms | tok/sec: 269,944 | bf16_mfu: 0.00 | epoch: 1 pq: 8 rg: 69 | total time: 24.15m | eta: 57.7m
step 00752/02520 (29.84%) | loss: 3.258509 | lrm: 1.00 | dt: 1943.89ms | tok/sec: 269,710 | bf16_mfu: 0.00 | epoch: 1 pq: 8 rg: 70 | total time: 24.19m | eta: 57.6m
step 00753/02520 (29.88%) | loss: 3.256097 | lrm: 1.00 | dt: 1943.62ms | tok/sec: 269,748 | bf16_mfu: 0.00 | epoch: 1 pq: 8 rg: 71 | total time: 24.22m | eta: 57.6m
step 00754/02520 (29.92%) | loss: 3.239869 | lrm: 1.00 | dt: 1943.84ms | tok/sec: 269,717 | bf16_mfu: 0.00 | epoch: 1 pq: 8 rg: 72 | total time: 24.25m | eta: 57.6m
step 00755/02520 (29.96%) | loss: 3.237377 | lrm: 1.00 | dt: 1942.31ms | tok/sec: 269,930 | bf16_mfu: 0.00 | epoch: 1 pq: 8 rg: 73 | total time: 24.28m | eta: 57.5m
step 00756/02520 (30.00%) | loss: 3.248131 | lrm: 1.00 | dt: 1942.84ms | tok/sec: 269,856 | bf16_mfu: 0.00 | epoch: 1 pq: 8 rg: 74 | total time: 24.32m | eta: 57.5m
step 00757/02520 (30.04%) | loss: 3.257405 | lrm: 1.00 | dt: 1942.70ms | tok/sec: 269,875 | bf16_mfu: 0.00 | epoch: 1 pq: 8 rg: 75 | total time: 24.35m | eta: 57.5m
step 00758/02520 (30.08%) | loss: 3.257211 | lrm: 1.00 | dt: 1941.79ms | tok/sec: 270,002 | bf16_mfu: 0.00 | epoch: 1 pq: 8 rg: 76 | total time: 24.38m | eta: 57.4m
step 00759/02520 (30.12%) | loss: 3.259386 | lrm: 1.00 | dt: 1945.09ms | tok/sec: 269,544 | bf16_mfu: 0.00 | epoch: 1 pq: 8 rg: 77 | total time: 24.41m | eta: 57.4m
step 00760/02520 (30.16%) | loss: 3.258106 | lrm: 1.00 | dt: 1943.83ms | tok/sec: 269,718 | bf16_mfu: 0.00 | epoch: 1 pq: 8 rg: 78 | total time: 24.44m | eta: 57.4m
step 00761/02520 (30.20%) | loss: 3.252604 | lrm: 1.00 | dt: 1943.12ms | tok/sec: 269,817 | bf16_mfu: 0.00 | epoch: 1 pq: 8 rg: 79 | total time: 24.48m | eta: 57.3m
step 00762/02520 (30.24%) | loss: 3.255486 | lrm: 1.00 | dt: 1943.93ms | tok/sec: 269,704 | bf16_mfu: 0.00 | epoch: 1 pq: 8 rg: 80 | total time: 24.51m | eta: 57.3m
step 00763/02520 (30.28%) | loss: 3.244323 | lrm: 1.00 | dt: 1944.46ms | tok/sec: 269,631 | bf16_mfu: 0.00 | epoch: 1 pq: 8 rg: 81 | total time: 24.54m | eta: 57.3m
step 00764/02520 (30.32%) | loss: 3.245030 | lrm: 1.00 | dt: 1945.01ms | tok/sec: 269,555 | bf16_mfu: 0.00 | epoch: 1 pq: 9 rg: 0 | total time: 24.57m | eta: 57.2m
step 00765/02520 (30.36%) | loss: 3.240279 | lrm: 1.00 | dt: 1945.01ms | tok/sec: 269,555 | bf16_mfu: 0.00 | epoch: 1 pq: 9 rg: 1 | total time: 24.61m | eta: 57.2m
step 00766/02520 (30.40%) | loss: 3.243852 | lrm: 1.00 | dt: 1943.67ms | tok/sec: 269,741 | bf16_mfu: 0.00 | epoch: 1 pq: 9 rg: 2 | total time: 24.64m | eta: 57.2m
step 00767/02520 (30.44%) | loss: 3.232319 | lrm: 1.00 | dt: 1943.06ms | tok/sec: 269,826 | bf16_mfu: 0.00 | epoch: 1 pq: 9 rg: 3 | total time: 24.67m | eta: 57.1m
step 00768/02520 (30.48%) | loss: 3.221866 | lrm: 1.00 | dt: 1946.05ms | tok/sec: 269,410 | bf16_mfu: 0.00 | epoch: 1 pq: 9 rg: 4 | total time: 24.70m | eta: 57.1m
step 00769/02520 (30.52%) | loss: 3.210078 | lrm: 1.00 | dt: 1944.75ms | tok/sec: 269,592 | bf16_mfu: 0.00 | epoch: 1 pq: 9 rg: 5 | total time: 24.74m | eta: 57.1m
step 00770/02520 (30.56%) | loss: 3.219642 | lrm: 1.00 | dt: 1944.44ms | tok/sec: 269,633 | bf16_mfu: 0.00 | epoch: 1 pq: 9 rg: 6 | total time: 24.77m | eta: 57.0m
step 00771/02520 (30.60%) | loss: 3.225524 | lrm: 1.00 | dt: 1943.73ms | tok/sec: 269,733 | bf16_mfu: 0.00 | epoch: 1 pq: 9 rg: 6 | total time: 24.80m | eta: 57.0m
step 00772/02520 (30.63%) | loss: 3.226865 | lrm: 1.00 | dt: 1943.24ms | tok/sec: 269,801 | bf16_mfu: 0.00 | epoch: 1 pq: 9 rg: 7 | total time: 24.83m | eta: 57.0m
step 00773/02520 (30.67%) | loss: 3.235745 | lrm: 1.00 | dt: 1945.60ms | tok/sec: 269,474 | bf16_mfu: 0.00 | epoch: 1 pq: 9 rg: 8 | total time: 24.87m | eta: 56.9m
step 00774/02520 (30.71%) | loss: 3.232255 | lrm: 1.00 | dt: 1946.01ms | tok/sec: 269,416 | bf16_mfu: 0.00 | epoch: 1 pq: 9 rg: 9 | total time: 24.90m | eta: 56.9m
step 00775/02520 (30.75%) | loss: 3.240981 | lrm: 1.00 | dt: 1945.62ms | tok/sec: 269,471 | bf16_mfu: 0.00 | epoch: 1 pq: 9 rg: 10 | total time: 24.93m | eta: 56.9m
step 00776/02520 (30.79%) | loss: 3.247792 | lrm: 1.00 | dt: 1944.11ms | tok/sec: 269,680 | bf16_mfu: 0.00 | epoch: 1 pq: 9 rg: 11 | total time: 24.96m | eta: 56.8m
step 00777/02520 (30.83%) | loss: 3.260102 | lrm: 1.00 | dt: 1945.55ms | tok/sec: 269,480 | bf16_mfu: 0.00 | epoch: 1 pq: 9 rg: 12 | total time: 25.00m | eta: 56.8m
step 00778/02520 (30.87%) | loss: 3.268614 | lrm: 1.00 | dt: 1944.98ms | tok/sec: 269,560 | bf16_mfu: 0.00 | epoch: 1 pq: 9 rg: 13 | total time: 25.03m | eta: 56.8m
step 00779/02520 (30.91%) | loss: 3.270037 | lrm: 1.00 | dt: 1943.61ms | tok/sec: 269,750 | bf16_mfu: 0.00 | epoch: 1 pq: 9 rg: 14 | total time: 25.06m | eta: 56.7m
step 00780/02520 (30.95%) | loss: 3.274393 | lrm: 1.00 | dt: 1944.56ms | tok/sec: 269,617 | bf16_mfu: 0.00 | epoch: 1 pq: 9 rg: 15 | total time: 25.09m | eta: 56.7m
step 00781/02520 (30.99%) | loss: 3.272338 | lrm: 1.00 | dt: 1943.76ms | tok/sec: 269,728 | bf16_mfu: 0.00 | epoch: 1 pq: 9 rg: 16 | total time: 25.13m | eta: 56.7m
step 00782/02520 (31.03%) | loss: 3.261260 | lrm: 1.00 | dt: 1945.12ms | tok/sec: 269,539 | bf16_mfu: 0.00 | epoch: 1 pq: 9 rg: 17 | total time: 25.16m | eta: 56.6m
step 00783/02520 (31.07%) | loss: 3.250449 | lrm: 1.00 | dt: 1943.82ms | tok/sec: 269,720 | bf16_mfu: 0.00 | epoch: 1 pq: 9 rg: 18 | total time: 25.19m | eta: 56.6m
step 00784/02520 (31.11%) | loss: 3.245641 | lrm: 1.00 | dt: 1944.34ms | tok/sec: 269,647 | bf16_mfu: 0.00 | epoch: 1 pq: 9 rg: 19 | total time: 25.22m | eta: 56.6m
step 00785/02520 (31.15%) | loss: 3.246285 | lrm: 1.00 | dt: 1944.17ms | tok/sec: 269,671 | bf16_mfu: 0.00 | epoch: 1 pq: 9 rg: 20 | total time: 25.25m | eta: 56.5m
step 00786/02520 (31.19%) | loss: 3.248254 | lrm: 1.00 | dt: 1945.08ms | tok/sec: 269,546 | bf16_mfu: 0.00 | epoch: 1 pq: 9 rg: 21 | total time: 25.29m | eta: 56.5m
step 00787/02520 (31.23%) | loss: 3.247496 | lrm: 1.00 | dt: 1944.20ms | tok/sec: 269,667 | bf16_mfu: 0.00 | epoch: 1 pq: 9 rg: 22 | total time: 25.32m | eta: 56.5m
step 00788/02520 (31.27%) | loss: 3.252776 | lrm: 1.00 | dt: 1943.15ms | tok/sec: 269,812 | bf16_mfu: 0.00 | epoch: 1 pq: 9 rg: 23 | total time: 25.35m | eta: 56.4m
step 00789/02520 (31.31%) | loss: 3.261592 | lrm: 1.00 | dt: 1944.08ms | tok/sec: 269,684 | bf16_mfu: 0.00 | epoch: 1 pq: 9 rg: 24 | total time: 25.38m | eta: 56.4m
step 00790/02520 (31.35%) | loss: 3.257429 | lrm: 1.00 | dt: 1944.45ms | tok/sec: 269,633 | bf16_mfu: 0.00 | epoch: 1 pq: 9 rg: 25 | total time: 25.42m | eta: 56.4m
step 00791/02520 (31.39%) | loss: 3.271104 | lrm: 1.00 | dt: 1945.52ms | tok/sec: 269,485 | bf16_mfu: 0.00 | epoch: 1 pq: 9 rg: 26 | total time: 25.45m | eta: 56.3m
step 00792/02520 (31.43%) | loss: 3.275197 | lrm: 1.00 | dt: 1943.79ms | tok/sec: 269,724 | bf16_mfu: 0.00 | epoch: 1 pq: 9 rg: 27 | total time: 25.48m | eta: 56.3m
step 00793/02520 (31.47%) | loss: 3.272117 | lrm: 1.00 | dt: 1944.71ms | tok/sec: 269,596 | bf16_mfu: 0.00 | epoch: 1 pq: 9 rg: 28 | total time: 25.51m | eta: 56.3m
step 00794/02520 (31.51%) | loss: 3.259007 | lrm: 1.00 | dt: 1943.92ms | tok/sec: 269,705 | bf16_mfu: 0.00 | epoch: 1 pq: 9 rg: 29 | total time: 25.55m | eta: 56.2m
step 00795/02520 (31.55%) | loss: 3.251494 | lrm: 1.00 | dt: 1945.07ms | tok/sec: 269,546 | bf16_mfu: 0.00 | epoch: 1 pq: 9 rg: 30 | total time: 25.58m | eta: 56.2m
step 00796/02520 (31.59%) | loss: 3.249917 | lrm: 1.00 | dt: 1943.22ms | tok/sec: 269,803 | bf16_mfu: 0.00 | epoch: 1 pq: 9 rg: 31 | total time: 25.61m | eta: 56.2m
step 00797/02520 (31.63%) | loss: 3.261736 | lrm: 1.00 | dt: 1944.37ms | tok/sec: 269,644 | bf16_mfu: 0.00 | epoch: 1 pq: 9 rg: 32 | total time: 25.64m | eta: 56.1m
step 00798/02520 (31.67%) | loss: 3.252287 | lrm: 1.00 | dt: 1944.19ms | tok/sec: 269,669 | bf16_mfu: 0.00 | epoch: 1 pq: 9 rg: 33 | total time: 25.68m | eta: 56.1m
step 00799/02520 (31.71%) | loss: 3.252309 | lrm: 1.00 | dt: 1945.83ms | tok/sec: 269,441 | bf16_mfu: 0.00 | epoch: 1 pq: 9 rg: 33 | total time: 25.71m | eta: 56.1m
step 00800/02520 (31.75%) | loss: 3.255101 | lrm: 1.00 | dt: 1947.61ms | tok/sec: 269,195 | bf16_mfu: 0.00 | epoch: 1 pq: 9 rg: 34 | total time: 25.74m | eta: 56.0m
step 00801/02520 (31.79%) | loss: 3.249044 | lrm: 1.00 | dt: 1945.85ms | tok/sec: 269,439 | bf16_mfu: 0.00 | epoch: 1 pq: 9 rg: 35 | total time: 25.77m | eta: 56.0m
step 00802/02520 (31.83%) | loss: 3.245407 | lrm: 1.00 | dt: 1946.12ms | tok/sec: 269,401 | bf16_mfu: 0.00 | epoch: 1 pq: 9 rg: 36 | total time: 25.81m | eta: 56.0m
step 00803/02520 (31.87%) | loss: 3.244600 | lrm: 1.00 | dt: 1946.73ms | tok/sec: 269,317 | bf16_mfu: 0.00 | epoch: 1 pq: 9 rg: 37 | total time: 25.84m | eta: 55.9m
step 00804/02520 (31.90%) | loss: 3.236902 | lrm: 1.00 | dt: 1946.06ms | tok/sec: 269,409 | bf16_mfu: 0.00 | epoch: 1 pq: 9 rg: 38 | total time: 25.87m | eta: 55.9m
step 00805/02520 (31.94%) | loss: 3.235648 | lrm: 1.00 | dt: 1946.26ms | tok/sec: 269,382 | bf16_mfu: 0.00 | epoch: 1 pq: 9 rg: 39 | total time: 25.90m | eta: 55.9m
step 00806/02520 (31.98%) | loss: 3.235780 | lrm: 1.00 | dt: 1947.51ms | tok/sec: 269,209 | bf16_mfu: 0.00 | epoch: 1 pq: 9 rg: 40 | total time: 25.94m | eta: 55.8m
step 00807/02520 (32.02%) | loss: 3.236861 | lrm: 1.00 | dt: 1945.63ms | tok/sec: 269,469 | bf16_mfu: 0.00 | epoch: 1 pq: 9 rg: 41 | total time: 25.97m | eta: 55.8m
step 00808/02520 (32.06%) | loss: 3.240099 | lrm: 1.00 | dt: 1946.27ms | tok/sec: 269,380 | bf16_mfu: 0.00 | epoch: 1 pq: 9 rg: 42 | total time: 26.00m | eta: 55.8m
step 00809/02520 (32.10%) | loss: 3.231693 | lrm: 1.00 | dt: 1945.49ms | tok/sec: 269,488 | bf16_mfu: 0.00 | epoch: 1 pq: 9 rg: 43 | total time: 26.03m | eta: 55.7m
step 00810/02520 (32.14%) | loss: 3.231710 | lrm: 1.00 | dt: 1944.91ms | tok/sec: 269,569 | bf16_mfu: 0.00 | epoch: 1 pq: 9 rg: 44 | total time: 26.07m | eta: 55.7m
step 00811/02520 (32.18%) | loss: 3.234598 | lrm: 1.00 | dt: 1948.92ms | tok/sec: 269,014 | bf16_mfu: 0.00 | epoch: 1 pq: 9 rg: 45 | total time: 26.10m | eta: 55.7m
step 00812/02520 (32.22%) | loss: 3.239959 | lrm: 1.00 | dt: 1944.72ms | tok/sec: 269,595 | bf16_mfu: 0.00 | epoch: 1 pq: 9 rg: 46 | total time: 26.13m | eta: 55.6m
step 00813/02520 (32.26%) | loss: 3.240518 | lrm: 1.00 | dt: 1945.25ms | tok/sec: 269,522 | bf16_mfu: 0.00 | epoch: 1 pq: 9 rg: 47 | total time: 26.16m | eta: 55.6m
step 00814/02520 (32.30%) | loss: 3.249296 | lrm: 1.00 | dt: 1944.51ms | tok/sec: 269,624 | bf16_mfu: 0.00 | epoch: 1 pq: 9 rg: 48 | total time: 26.20m | eta: 55.6m
step 00815/02520 (32.34%) | loss: 3.251550 | lrm: 1.00 | dt: 1945.82ms | tok/sec: 269,443 | bf16_mfu: 0.00 | epoch: 1 pq: 9 rg: 49 | total time: 26.23m | eta: 55.6m
step 00816/02520 (32.38%) | loss: 3.249019 | lrm: 1.00 | dt: 1945.41ms | tok/sec: 269,500 | bf16_mfu: 0.00 | epoch: 1 pq: 9 rg: 50 | total time: 26.26m | eta: 55.5m
step 00817/02520 (32.42%) | loss: 3.252153 | lrm: 1.00 | dt: 1945.15ms | tok/sec: 269,536 | bf16_mfu: 0.00 | epoch: 1 pq: 9 rg: 51 | total time: 26.29m | eta: 55.5m
step 00818/02520 (32.46%) | loss: 3.252578 | lrm: 1.00 | dt: 1946.15ms | tok/sec: 269,397 | bf16_mfu: 0.00 | epoch: 1 pq: 9 rg: 52 | total time: 26.32m | eta: 55.5m
step 00819/02520 (32.50%) | loss: 3.250855 | lrm: 1.00 | dt: 1945.92ms | tok/sec: 269,428 | bf16_mfu: 0.00 | epoch: 1 pq: 9 rg: 53 | total time: 26.36m | eta: 55.4m
step 00820/02520 (32.54%) | loss: 3.236131 | lrm: 1.00 | dt: 1943.96ms | tok/sec: 269,700 | bf16_mfu: 0.00 | epoch: 1 pq: 9 rg: 54 | total time: 26.39m | eta: 55.4m
step 00821/02520 (32.58%) | loss: 3.231102 | lrm: 1.00 | dt: 1945.89ms | tok/sec: 269,434 | bf16_mfu: 0.00 | epoch: 1 pq: 9 rg: 55 | total time: 26.42m | eta: 55.4m
step 00822/02520 (32.62%) | loss: 3.231569 | lrm: 1.00 | dt: 1946.13ms | tok/sec: 269,400 | bf16_mfu: 0.00 | epoch: 1 pq: 9 rg: 56 | total time: 26.45m | eta: 55.3m
step 00823/02520 (32.66%) | loss: 3.223290 | lrm: 1.00 | dt: 1944.96ms | tok/sec: 269,562 | bf16_mfu: 0.00 | epoch: 1 pq: 9 rg: 57 | total time: 26.49m | eta: 55.3m
step 00824/02520 (32.70%) | loss: 3.222731 | lrm: 1.00 | dt: 1946.05ms | tok/sec: 269,410 | bf16_mfu: 0.00 | epoch: 1 pq: 9 rg: 58 | total time: 26.52m | eta: 55.3m
step 00825/02520 (32.74%) | loss: 3.218200 | lrm: 1.00 | dt: 1945.36ms | tok/sec: 269,507 | bf16_mfu: 0.00 | epoch: 1 pq: 9 rg: 59 | total time: 26.55m | eta: 55.2m
step 00826/02520 (32.78%) | loss: 3.214895 | lrm: 1.00 | dt: 1946.58ms | tok/sec: 269,338 | bf16_mfu: 0.00 | epoch: 1 pq: 9 rg: 60 | total time: 26.58m | eta: 55.2m
step 00827/02520 (32.82%) | loss: 3.226512 | lrm: 1.00 | dt: 1945.88ms | tok/sec: 269,434 | bf16_mfu: 0.00 | epoch: 1 pq: 9 rg: 61 | total time: 26.62m | eta: 55.2m
step 00828/02520 (32.86%) | loss: 3.243869 | lrm: 1.00 | dt: 1946.36ms | tok/sec: 269,368 | bf16_mfu: 0.00 | epoch: 1 pq: 9 rg: 62 | total time: 26.65m | eta: 55.1m
step 00829/02520 (32.90%) | loss: 3.250223 | lrm: 1.00 | dt: 1946.23ms | tok/sec: 269,386 | bf16_mfu: 0.00 | epoch: 1 pq: 9 rg: 63 | total time: 26.68m | eta: 55.1m
step 00830/02520 (32.94%) | loss: 3.242314 | lrm: 1.00 | dt: 1946.98ms | tok/sec: 269,282 | bf16_mfu: 0.00 | epoch: 1 pq: 9 rg: 64 | total time: 26.71m | eta: 55.1m
step 00831/02520 (32.98%) | loss: 3.230104 | lrm: 1.00 | dt: 1944.95ms | tok/sec: 269,564 | bf16_mfu: 0.00 | epoch: 1 pq: 9 rg: 65 | total time: 26.75m | eta: 55.0m
step 00832/02520 (33.02%) | loss: 3.227467 | lrm: 1.00 | dt: 1945.70ms | tok/sec: 269,460 | bf16_mfu: 0.00 | epoch: 1 pq: 9 rg: 66 | total time: 26.78m | eta: 55.0m
step 00833/02520 (33.06%) | loss: 3.233911 | lrm: 1.00 | dt: 1945.50ms | tok/sec: 269,486 | bf16_mfu: 0.00 | epoch: 1 pq: 9 rg: 67 | total time: 26.81m | eta: 55.0m
step 00834/02520 (33.10%) | loss: 3.220743 | lrm: 1.00 | dt: 1944.29ms | tok/sec: 269,654 | bf16_mfu: 0.00 | epoch: 1 pq: 9 rg: 67 | total time: 26.84m | eta: 54.9m
step 00835/02520 (33.13%) | loss: 3.219870 | lrm: 1.00 | dt: 1946.06ms | tok/sec: 269,409 | bf16_mfu: 0.00 | epoch: 1 pq: 9 rg: 68 | total time: 26.88m | eta: 54.9m
step 00836/02520 (33.17%) | loss: 3.226641 | lrm: 1.00 | dt: 1947.46ms | tok/sec: 269,216 | bf16_mfu: 0.00 | epoch: 1 pq: 9 rg: 69 | total time: 26.91m | eta: 54.9m
step 00837/02520 (33.21%) | loss: 3.223720 | lrm: 1.00 | dt: 1948.11ms | tok/sec: 269,127 | bf16_mfu: 0.00 | epoch: 1 pq: 9 rg: 70 | total time: 26.94m | eta: 54.8m
step 00838/02520 (33.25%) | loss: 3.222540 | lrm: 1.00 | dt: 1947.48ms | tok/sec: 269,214 | bf16_mfu: 0.00 | epoch: 1 pq: 9 rg: 71 | total time: 26.97m | eta: 54.8m
step 00839/02520 (33.29%) | loss: 3.225661 | lrm: 1.00 | dt: 1947.40ms | tok/sec: 269,224 | bf16_mfu: 0.00 | epoch: 1 pq: 9 rg: 72 | total time: 27.01m | eta: 54.8m
step 00840/02520 (33.33%) | loss: 3.226619 | lrm: 1.00 | dt: 1945.68ms | tok/sec: 269,462 | bf16_mfu: 0.00 | epoch: 1 pq: 9 rg: 73 | total time: 27.04m | eta: 54.7m
step 00841/02520 (33.37%) | loss: 3.234495 | lrm: 1.00 | dt: 1945.73ms | tok/sec: 269,455 | bf16_mfu: 0.00 | epoch: 1 pq: 9 rg: 74 | total time: 27.07m | eta: 54.7m
step 00842/02520 (33.41%) | loss: 3.236245 | lrm: 1.00 | dt: 1947.93ms | tok/sec: 269,150 | bf16_mfu: 0.00 | epoch: 1 pq: 9 rg: 75 | total time: 27.10m | eta: 54.7m
step 00843/02520 (33.45%) | loss: 3.234228 | lrm: 1.00 | dt: 1946.70ms | tok/sec: 269,321 | bf16_mfu: 0.00 | epoch: 1 pq: 9 rg: 76 | total time: 27.14m | eta: 54.6m
step 00844/02520 (33.49%) | loss: 3.234803 | lrm: 1.00 | dt: 1946.77ms | tok/sec: 269,311 | bf16_mfu: 0.00 | epoch: 1 pq: 9 rg: 77 | total time: 27.17m | eta: 54.6m
step 00845/02520 (33.53%) | loss: 3.237138 | lrm: 1.00 | dt: 1946.47ms | tok/sec: 269,353 | bf16_mfu: 0.00 | epoch: 1 pq: 9 rg: 78 | total time: 27.20m | eta: 54.6m
step 00846/02520 (33.57%) | loss: 3.222755 | lrm: 1.00 | dt: 1948.32ms | tok/sec: 269,097 | bf16_mfu: 0.00 | epoch: 1 pq: 9 rg: 79 | total time: 27.23m | eta: 54.5m
step 00847/02520 (33.61%) | loss: 3.237524 | lrm: 1.00 | dt: 1946.70ms | tok/sec: 269,321 | bf16_mfu: 0.00 | epoch: 1 pq: 9 rg: 80 | total time: 27.27m | eta: 54.5m
step 00848/02520 (33.65%) | loss: 3.249297 | lrm: 1.00 | dt: 1948.93ms | tok/sec: 269,012 | bf16_mfu: 0.00 | epoch: 1 pq: 9 rg: 81 | total time: 27.30m | eta: 54.5m
step 00849/02520 (33.69%) | loss: 3.244609 | lrm: 1.00 | dt: 1948.79ms | tok/sec: 269,032 | bf16_mfu: 0.00 | epoch: 1 pq: 9 rg: 82 | total time: 27.33m | eta: 54.4m
step 00850/02520 (33.73%) | loss: 3.245003 | lrm: 1.00 | dt: 1946.16ms | tok/sec: 269,395 | bf16_mfu: 0.00 | epoch: 1 pq: 10 rg: 0 | total time: 27.36m | eta: 54.4m
step 00851/02520 (33.77%) | loss: 3.249765 | lrm: 1.00 | dt: 1947.45ms | tok/sec: 269,217 | bf16_mfu: 0.00 | epoch: 1 pq: 10 rg: 1 | total time: 27.40m | eta: 54.4m
step 00852/02520 (33.81%) | loss: 3.256506 | lrm: 1.00 | dt: 1947.81ms | tok/sec: 269,168 | bf16_mfu: 0.00 | epoch: 1 pq: 10 rg: 2 | total time: 27.43m | eta: 54.3m
step 00853/02520 (33.85%) | loss: 3.258140 | lrm: 1.00 | dt: 1946.47ms | tok/sec: 269,352 | bf16_mfu: 0.00 | epoch: 1 pq: 10 rg: 3 | total time: 27.46m | eta: 54.3m
step 00854/02520 (33.89%) | loss: 3.256745 | lrm: 1.00 | dt: 1946.97ms | tok/sec: 269,283 | bf16_mfu: 0.00 | epoch: 1 pq: 10 rg: 4 | total time: 27.49m | eta: 54.3m
step 00855/02520 (33.93%) | loss: 3.249712 | lrm: 1.00 | dt: 1945.88ms | tok/sec: 269,435 | bf16_mfu: 0.00 | epoch: 1 pq: 10 rg: 5 | total time: 27.53m | eta: 54.2m
step 00856/02520 (33.97%) | loss: 3.245905 | lrm: 1.00 | dt: 1946.69ms | tok/sec: 269,322 | bf16_mfu: 0.00 | epoch: 1 pq: 10 rg: 6 | total time: 27.56m | eta: 54.2m
step 00857/02520 (34.01%) | loss: 3.245732 | lrm: 1.00 | dt: 1945.71ms | tok/sec: 269,458 | bf16_mfu: 0.00 | epoch: 1 pq: 10 rg: 7 | total time: 27.59m | eta: 54.2m
step 00858/02520 (34.05%) | loss: 3.243566 | lrm: 1.00 | dt: 1946.65ms | tok/sec: 269,328 | bf16_mfu: 0.00 | epoch: 1 pq: 10 rg: 8 | total time: 27.62m | eta: 54.1m
step 00859/02520 (34.09%) | loss: 3.247955 | lrm: 1.00 | dt: 1944.85ms | tok/sec: 269,578 | bf16_mfu: 0.00 | epoch: 1 pq: 10 rg: 9 | total time: 27.65m | eta: 54.1m
step 00860/02520 (34.13%) | loss: 3.250488 | lrm: 1.00 | dt: 1944.55ms | tok/sec: 269,619 | bf16_mfu: 0.00 | epoch: 1 pq: 10 rg: 10 | total time: 27.69m | eta: 54.1m
step 00861/02520 (34.17%) | loss: 3.258707 | lrm: 1.00 | dt: 1944.46ms | tok/sec: 269,631 | bf16_mfu: 0.00 | epoch: 1 pq: 10 rg: 11 | total time: 27.72m | eta: 54.0m
step 00862/02520 (34.21%) | loss: 3.260656 | lrm: 1.00 | dt: 1947.42ms | tok/sec: 269,221 | bf16_mfu: 0.00 | epoch: 1 pq: 10 rg: 12 | total time: 27.75m | eta: 54.0m
step 00863/02520 (34.25%) | loss: 3.256540 | lrm: 1.00 | dt: 1947.84ms | tok/sec: 269,163 | bf16_mfu: 0.00 | epoch: 1 pq: 10 rg: 13 | total time: 27.78m | eta: 54.0m
step 00864/02520 (34.29%) | loss: 3.243615 | lrm: 1.00 | dt: 1947.85ms | tok/sec: 269,162 | bf16_mfu: 0.00 | epoch: 1 pq: 10 rg: 14 | total time: 27.82m | eta: 53.9m
step 00865/02520 (34.33%) | loss: 3.241307 | lrm: 1.00 | dt: 1948.88ms | tok/sec: 269,019 | bf16_mfu: 0.00 | epoch: 1 pq: 10 rg: 15 | total time: 27.85m | eta: 53.9m
step 00866/02520 (34.37%) | loss: 3.227716 | lrm: 1.00 | dt: 1947.88ms | tok/sec: 269,157 | bf16_mfu: 0.00 | epoch: 1 pq: 10 rg: 16 | total time: 27.88m | eta: 53.9m
step 00867/02520 (34.40%) | loss: 3.222331 | lrm: 1.00 | dt: 1948.81ms | tok/sec: 269,030 | bf16_mfu: 0.00 | epoch: 1 pq: 10 rg: 17 | total time: 27.91m | eta: 53.8m
step 00868/02520 (34.44%) | loss: 3.219053 | lrm: 1.00 | dt: 1947.62ms | tok/sec: 269,194 | bf16_mfu: 0.00 | epoch: 1 pq: 10 rg: 18 | total time: 27.95m | eta: 53.8m
step 00869/02520 (34.48%) | loss: 3.216247 | lrm: 1.00 | dt: 1946.02ms | tok/sec: 269,415 | bf16_mfu: 0.00 | epoch: 1 pq: 10 rg: 18 | total time: 27.98m | eta: 53.8m
step 00870/02520 (34.52%) | loss: 3.216948 | lrm: 1.00 | dt: 1947.25ms | tok/sec: 269,244 | bf16_mfu: 0.00 | epoch: 1 pq: 10 rg: 19 | total time: 28.01m | eta: 53.7m
step 00871/02520 (34.56%) | loss: 3.219700 | lrm: 1.00 | dt: 1947.14ms | tok/sec: 269,260 | bf16_mfu: 0.00 | epoch: 1 pq: 10 rg: 20 | total time: 28.04m | eta: 53.7m
step 00872/02520 (34.60%) | loss: 3.220245 | lrm: 1.00 | dt: 1947.21ms | tok/sec: 269,250 | bf16_mfu: 0.00 | epoch: 1 pq: 10 rg: 21 | total time: 28.08m | eta: 53.7m
step 00873/02520 (34.64%) | loss: 3.223426 | lrm: 1.00 | dt: 1947.27ms | tok/sec: 269,242 | bf16_mfu: 0.00 | epoch: 1 pq: 10 rg: 22 | total time: 28.11m | eta: 53.6m
step 00874/02520 (34.68%) | loss: 3.223582 | lrm: 1.00 | dt: 1947.19ms | tok/sec: 269,253 | bf16_mfu: 0.00 | epoch: 1 pq: 10 rg: 23 | total time: 28.14m | eta: 53.6m
step 00875/02520 (34.72%) | loss: 3.221535 | lrm: 1.00 | dt: 1947.57ms | tok/sec: 269,201 | bf16_mfu: 0.00 | epoch: 1 pq: 10 rg: 24 | total time: 28.17m | eta: 53.6m
step 00876/02520 (34.76%) | loss: 3.227136 | lrm: 1.00 | dt: 1946.59ms | tok/sec: 269,337 | bf16_mfu: 0.00 | epoch: 1 pq: 10 rg: 25 | total time: 28.21m | eta: 53.5m
step 00877/02520 (34.80%) | loss: 3.230156 | lrm: 1.00 | dt: 1947.73ms | tok/sec: 269,178 | bf16_mfu: 0.00 | epoch: 1 pq: 10 rg: 26 | total time: 28.24m | eta: 53.5m
step 00878/02520 (34.84%) | loss: 3.250657 | lrm: 1.00 | dt: 1945.96ms | tok/sec: 269,424 | bf16_mfu: 0.00 | epoch: 1 pq: 10 rg: 27 | total time: 28.27m | eta: 53.5m
step 00879/02520 (34.88%) | loss: 3.246056 | lrm: 1.00 | dt: 1945.78ms | tok/sec: 269,449 | bf16_mfu: 0.00 | epoch: 1 pq: 10 rg: 28 | total time: 28.30m | eta: 53.4m
step 00880/02520 (34.92%) | loss: 3.244944 | lrm: 1.00 | dt: 1946.11ms | tok/sec: 269,403 | bf16_mfu: 0.00 | epoch: 1 pq: 10 rg: 29 | total time: 28.34m | eta: 53.4m
step 00881/02520 (34.96%) | loss: 3.255262 | lrm: 1.00 | dt: 1946.82ms | tok/sec: 269,305 | bf16_mfu: 0.00 | epoch: 1 pq: 10 rg: 30 | total time: 28.37m | eta: 53.4m
step 00882/02520 (35.00%) | loss: 3.254399 | lrm: 1.00 | dt: 1944.86ms | tok/sec: 269,576 | bf16_mfu: 0.00 | epoch: 1 pq: 10 rg: 31 | total time: 28.40m | eta: 53.4m
step 00883/02520 (35.04%) | loss: 3.250179 | lrm: 1.00 | dt: 1944.81ms | tok/sec: 269,583 | bf16_mfu: 0.00 | epoch: 1 pq: 10 rg: 32 | total time: 28.43m | eta: 53.3m
step 00884/02520 (35.08%) | loss: 3.236796 | lrm: 1.00 | dt: 1945.81ms | tok/sec: 269,445 | bf16_mfu: 0.00 | epoch: 1 pq: 10 rg: 33 | total time: 28.47m | eta: 53.3m
step 00885/02520 (35.12%) | loss: 3.226447 | lrm: 1.00 | dt: 1945.79ms | tok/sec: 269,447 | bf16_mfu: 0.00 | epoch: 1 pq: 10 rg: 34 | total time: 28.50m | eta: 53.3m
step 00886/02520 (35.16%) | loss: 3.222617 | lrm: 1.00 | dt: 1945.67ms | tok/sec: 269,463 | bf16_mfu: 0.00 | epoch: 1 pq: 10 rg: 35 | total time: 28.53m | eta: 53.2m
step 00887/02520 (35.20%) | loss: 3.228601 | lrm: 1.00 | dt: 1944.03ms | tok/sec: 269,691 | bf16_mfu: 0.00 | epoch: 1 pq: 10 rg: 36 | total time: 28.56m | eta: 53.2m
step 00888/02520 (35.24%) | loss: 3.230063 | lrm: 1.00 | dt: 1946.36ms | tok/sec: 269,369 | bf16_mfu: 0.00 | epoch: 1 pq: 10 rg: 37 | total time: 28.60m | eta: 53.2m
step 00889/02520 (35.28%) | loss: 3.227336 | lrm: 1.00 | dt: 1946.75ms | tok/sec: 269,315 | bf16_mfu: 0.00 | epoch: 1 pq: 10 rg: 38 | total time: 28.63m | eta: 53.1m
step 00890/02520 (35.32%) | loss: 3.234635 | lrm: 1.00 | dt: 1947.10ms | tok/sec: 269,266 | bf16_mfu: 0.00 | epoch: 1 pq: 10 rg: 39 | total time: 28.66m | eta: 53.1m
step 00891/02520 (35.36%) | loss: 3.242771 | lrm: 0.99 | dt: 1946.19ms | tok/sec: 269,391 | bf16_mfu: 0.00 | epoch: 1 pq: 10 rg: 40 | total time: 28.69m | eta: 53.1m
step 00892/02520 (35.40%) | loss: 3.239938 | lrm: 0.99 | dt: 1947.01ms | tok/sec: 269,278 | bf16_mfu: 0.00 | epoch: 1 pq: 10 rg: 41 | total time: 28.73m | eta: 53.0m
step 00893/02520 (35.44%) | loss: 3.236131 | lrm: 0.99 | dt: 1946.28ms | tok/sec: 269,380 | bf16_mfu: 0.00 | epoch: 1 pq: 10 rg: 42 | total time: 28.76m | eta: 53.0m
step 00894/02520 (35.48%) | loss: 3.239779 | lrm: 0.99 | dt: 1946.38ms | tok/sec: 269,365 | bf16_mfu: 0.00 | epoch: 1 pq: 10 rg: 43 | total time: 28.79m | eta: 53.0m
step 00895/02520 (35.52%) | loss: 3.239183 | lrm: 0.99 | dt: 1945.50ms | tok/sec: 269,487 | bf16_mfu: 0.00 | epoch: 1 pq: 10 rg: 44 | total time: 28.82m | eta: 52.9m
step 00896/02520 (35.56%) | loss: 3.243641 | lrm: 0.99 | dt: 1946.48ms | tok/sec: 269,352 | bf16_mfu: 0.00 | epoch: 1 pq: 10 rg: 45 | total time: 28.86m | eta: 52.9m
step 00897/02520 (35.60%) | loss: 3.244975 | lrm: 0.99 | dt: 1946.40ms | tok/sec: 269,362 | bf16_mfu: 0.00 | epoch: 1 pq: 10 rg: 46 | total time: 28.89m | eta: 52.9m
step 00898/02520 (35.63%) | loss: 3.230876 | lrm: 0.99 | dt: 1946.47ms | tok/sec: 269,353 | bf16_mfu: 0.00 | epoch: 1 pq: 10 rg: 47 | total time: 28.92m | eta: 52.8m
step 00899/02520 (35.67%) | loss: 3.238303 | lrm: 0.99 | dt: 1946.75ms | tok/sec: 269,314 | bf16_mfu: 0.00 | epoch: 1 pq: 10 rg: 47 | total time: 28.95m | eta: 52.8m
step 00900/02520 (35.71%) | loss: 3.240833 | lrm: 0.99 | dt: 1946.79ms | tok/sec: 269,308 | bf16_mfu: 0.00 | epoch: 1 pq: 10 rg: 48 | total time: 28.99m | eta: 52.8m
step 00901/02520 (35.75%) | loss: 3.243551 | lrm: 0.99 | dt: 1947.27ms | tok/sec: 269,242 | bf16_mfu: 0.00 | epoch: 1 pq: 10 rg: 49 | total time: 29.02m | eta: 52.7m
step 00902/02520 (35.79%) | loss: 3.248005 | lrm: 0.99 | dt: 1947.32ms | tok/sec: 269,235 | bf16_mfu: 0.00 | epoch: 1 pq: 10 rg: 50 | total time: 29.05m | eta: 52.7m
step 00903/02520 (35.83%) | loss: 3.251311 | lrm: 0.99 | dt: 1946.81ms | tok/sec: 269,305 | bf16_mfu: 0.00 | epoch: 1 pq: 10 rg: 51 | total time: 29.08m | eta: 52.7m
step 00904/02520 (35.87%) | loss: 3.248010 | lrm: 0.99 | dt: 1947.88ms | tok/sec: 269,158 | bf16_mfu: 0.00 | epoch: 1 pq: 10 rg: 52 | total time: 29.11m | eta: 52.6m
step 00905/02520 (35.91%) | loss: 3.249478 | lrm: 0.99 | dt: 1946.90ms | tok/sec: 269,293 | bf16_mfu: 0.00 | epoch: 1 pq: 10 rg: 53 | total time: 29.15m | eta: 52.6m
step 00906/02520 (35.95%) | loss: 3.240925 | lrm: 0.99 | dt: 1944.50ms | tok/sec: 269,626 | bf16_mfu: 0.00 | epoch: 1 pq: 10 rg: 54 | total time: 29.18m | eta: 52.6m
step 00907/02520 (35.99%) | loss: 3.246940 | lrm: 0.99 | dt: 1946.30ms | tok/sec: 269,376 | bf16_mfu: 0.00 | epoch: 1 pq: 10 rg: 55 | total time: 29.21m | eta: 52.5m
step 00908/02520 (36.03%) | loss: 3.247749 | lrm: 0.98 | dt: 1945.09ms | tok/sec: 269,544 | bf16_mfu: 0.00 | epoch: 1 pq: 10 rg: 56 | total time: 29.24m | eta: 52.5m
step 00909/02520 (36.07%) | loss: 3.250327 | lrm: 0.98 | dt: 1946.67ms | tok/sec: 269,325 | bf16_mfu: 0.00 | epoch: 1 pq: 10 rg: 57 | total time: 29.28m | eta: 52.5m
step 00910/02520 (36.11%) | loss: 3.256002 | lrm: 0.98 | dt: 1946.83ms | tok/sec: 269,303 | bf16_mfu: 0.00 | epoch: 1 pq: 10 rg: 58 | total time: 29.31m | eta: 52.4m
step 00911/02520 (36.15%) | loss: 3.250004 | lrm: 0.98 | dt: 1945.50ms | tok/sec: 269,487 | bf16_mfu: 0.00 | epoch: 1 pq: 10 rg: 59 | total time: 29.34m | eta: 52.4m
step 00912/02520 (36.19%) | loss: 3.253210 | lrm: 0.98 | dt: 1946.31ms | tok/sec: 269,374 | bf16_mfu: 0.00 | epoch: 1 pq: 10 rg: 60 | total time: 29.37m | eta: 52.4m
step 00913/02520 (36.23%) | loss: 3.257837 | lrm: 0.98 | dt: 1945.89ms | tok/sec: 269,432 | bf16_mfu: 0.00 | epoch: 1 pq: 10 rg: 61 | total time: 29.41m | eta: 52.3m
step 00914/02520 (36.27%) | loss: 3.243699 | lrm: 0.98 | dt: 1946.71ms | tok/sec: 269,320 | bf16_mfu: 0.00 | epoch: 1 pq: 10 rg: 62 | total time: 29.44m | eta: 52.3m
step 00915/02520 (36.31%) | loss: 3.234337 | lrm: 0.98 | dt: 1946.31ms | tok/sec: 269,375 | bf16_mfu: 0.00 | epoch: 1 pq: 10 rg: 63 | total time: 29.47m | eta: 52.3m
step 00916/02520 (36.35%) | loss: 3.232418 | lrm: 0.98 | dt: 1946.90ms | tok/sec: 269,294 | bf16_mfu: 0.00 | epoch: 1 pq: 10 rg: 64 | total time: 29.50m | eta: 52.2m
step 00917/02520 (36.39%) | loss: 3.228836 | lrm: 0.98 | dt: 1946.11ms | tok/sec: 269,403 | bf16_mfu: 0.00 | epoch: 1 pq: 10 rg: 65 | total time: 29.54m | eta: 52.2m
step 00918/02520 (36.43%) | loss: 3.235107 | lrm: 0.98 | dt: 1946.90ms | tok/sec: 269,294 | bf16_mfu: 0.00 | epoch: 1 pq: 10 rg: 66 | total time: 29.57m | eta: 52.2m
step 00919/02520 (36.47%) | loss: 3.230964 | lrm: 0.98 | dt: 1947.08ms | tok/sec: 269,268 | bf16_mfu: 0.00 | epoch: 1 pq: 10 rg: 67 | total time: 29.60m | eta: 52.1m
step 00920/02520 (36.51%) | loss: 3.237466 | lrm: 0.98 | dt: 1945.43ms | tok/sec: 269,496 | bf16_mfu: 0.00 | epoch: 1 pq: 10 rg: 68 | total time: 29.63m | eta: 52.1m
step 00921/02520 (36.55%) | loss: 3.246895 | lrm: 0.98 | dt: 1945.80ms | tok/sec: 269,446 | bf16_mfu: 0.00 | epoch: 1 pq: 10 rg: 69 | total time: 29.67m | eta: 52.1m
step 00922/02520 (36.59%) | loss: 3.237275 | lrm: 0.98 | dt: 1945.77ms | tok/sec: 269,450 | bf16_mfu: 0.00 | epoch: 1 pq: 10 rg: 70 | total time: 29.70m | eta: 52.0m
step 00923/02520 (36.63%) | loss: 3.242052 | lrm: 0.98 | dt: 1945.54ms | tok/sec: 269,481 | bf16_mfu: 0.00 | epoch: 1 pq: 10 rg: 71 | total time: 29.73m | eta: 52.0m
step 00924/02520 (36.67%) | loss: 3.236578 | lrm: 0.98 | dt: 1945.50ms | tok/sec: 269,487 | bf16_mfu: 0.00 | epoch: 1 pq: 10 rg: 72 | total time: 29.76m | eta: 52.0m
step 00925/02520 (36.71%) | loss: 3.234460 | lrm: 0.98 | dt: 1945.11ms | tok/sec: 269,541 | bf16_mfu: 0.00 | epoch: 1 pq: 10 rg: 73 | total time: 29.80m | eta: 51.9m
step 00926/02520 (36.75%) | loss: 3.225993 | lrm: 0.97 | dt: 1947.49ms | tok/sec: 269,212 | bf16_mfu: 0.00 | epoch: 1 pq: 10 rg: 74 | total time: 29.83m | eta: 51.9m
step 00927/02520 (36.79%) | loss: 3.225228 | lrm: 0.97 | dt: 1947.82ms | tok/sec: 269,166 | bf16_mfu: 0.00 | epoch: 1 pq: 10 rg: 75 | total time: 29.86m | eta: 51.9m
step 00928/02520 (36.83%) | loss: 3.223351 | lrm: 0.97 | dt: 1948.37ms | tok/sec: 269,089 | bf16_mfu: 0.00 | epoch: 1 pq: 10 rg: 76 | total time: 29.89m | eta: 51.8m
step 00929/02520 (36.87%) | loss: 3.229678 | lrm: 0.97 | dt: 1947.64ms | tok/sec: 269,190 | bf16_mfu: 0.00 | epoch: 1 pq: 10 rg: 76 | total time: 29.93m | eta: 51.8m
step 00930/02520 (36.90%) | loss: 3.232757 | lrm: 0.97 | dt: 1947.58ms | tok/sec: 269,199 | bf16_mfu: 0.00 | epoch: 1 pq: 10 rg: 77 | total time: 29.96m | eta: 51.8m
step 00931/02520 (36.94%) | loss: 3.228494 | lrm: 0.97 | dt: 1948.21ms | tok/sec: 269,112 | bf16_mfu: 0.00 | epoch: 1 pq: 10 rg: 78 | total time: 29.99m | eta: 51.7m
step 00932/02520 (36.98%) | loss: 3.243574 | lrm: 0.97 | dt: 1947.44ms | tok/sec: 269,219 | bf16_mfu: 0.00 | epoch: 1 pq: 10 rg: 79 | total time: 30.02m | eta: 51.7m
step 00933/02520 (37.02%) | loss: 3.234813 | lrm: 0.97 | dt: 1948.75ms | tok/sec: 269,037 | bf16_mfu: 0.00 | epoch: 1 pq: 10 rg: 80 | total time: 30.06m | eta: 51.7m
step 00934/02520 (37.06%) | loss: 3.236563 | lrm: 0.97 | dt: 1948.37ms | tok/sec: 269,090 | bf16_mfu: 0.00 | epoch: 1 pq: 10 rg: 81 | total time: 30.09m | eta: 51.6m
step 00935/02520 (37.10%) | loss: 3.237489 | lrm: 0.97 | dt: 1948.64ms | tok/sec: 269,052 | bf16_mfu: 0.00 | epoch: 1 pq: 10 rg: 82 | total time: 30.12m | eta: 51.6m
step 00936/02520 (37.14%) | loss: 3.241989 | lrm: 0.97 | dt: 1949.36ms | tok/sec: 268,953 | bf16_mfu: 0.00 | epoch: 1 pq: 11 rg: 0 | total time: 30.15m | eta: 51.6m
step 00937/02520 (37.18%) | loss: 3.239768 | lrm: 0.97 | dt: 1949.72ms | tok/sec: 268,903 | bf16_mfu: 0.00 | epoch: 1 pq: 11 rg: 1 | total time: 30.19m | eta: 51.5m
step 00938/02520 (37.22%) | loss: 3.237932 | lrm: 0.97 | dt: 1948.33ms | tok/sec: 269,096 | bf16_mfu: 0.00 | epoch: 1 pq: 11 rg: 2 | total time: 30.22m | eta: 51.5m
step 00939/02520 (37.26%) | loss: 3.236610 | lrm: 0.97 | dt: 1947.48ms | tok/sec: 269,213 | bf16_mfu: 0.00 | epoch: 1 pq: 11 rg: 3 | total time: 30.25m | eta: 51.5m
step 00940/02520 (37.30%) | loss: 3.237598 | lrm: 0.97 | dt: 1948.37ms | tok/sec: 269,090 | bf16_mfu: 0.00 | epoch: 1 pq: 11 rg: 4 | total time: 30.28m | eta: 51.4m
step 00941/02520 (37.34%) | loss: 3.236950 | lrm: 0.97 | dt: 1949.20ms | tok/sec: 268,976 | bf16_mfu: 0.00 | epoch: 1 pq: 11 rg: 5 | total time: 30.32m | eta: 51.4m
step 00942/02520 (37.38%) | loss: 3.234665 | lrm: 0.97 | dt: 1947.85ms | tok/sec: 269,161 | bf16_mfu: 0.00 | epoch: 1 pq: 11 rg: 6 | total time: 30.35m | eta: 51.4m
step 00943/02520 (37.42%) | loss: 3.240241 | lrm: 0.96 | dt: 1947.97ms | tok/sec: 269,146 | bf16_mfu: 0.00 | epoch: 1 pq: 11 rg: 7 | total time: 30.38m | eta: 51.4m
step 00944/02520 (37.46%) | loss: 3.232392 | lrm: 0.96 | dt: 1946.81ms | tok/sec: 269,305 | bf16_mfu: 0.00 | epoch: 1 pq: 11 rg: 8 | total time: 30.41m | eta: 51.3m
step 00945/02520 (37.50%) | loss: 3.232266 | lrm: 0.96 | dt: 1947.35ms | tok/sec: 269,231 | bf16_mfu: 0.00 | epoch: 1 pq: 11 rg: 9 | total time: 30.45m | eta: 51.3m
step 00946/02520 (37.54%) | loss: 3.228883 | lrm: 0.96 | dt: 1948.27ms | tok/sec: 269,104 | bf16_mfu: 0.00 | epoch: 1 pq: 11 rg: 10 | total time: 30.48m | eta: 51.3m
step 00947/02520 (37.58%) | loss: 3.237990 | lrm: 0.96 | dt: 1948.86ms | tok/sec: 269,023 | bf16_mfu: 0.00 | epoch: 1 pq: 11 rg: 11 | total time: 30.51m | eta: 51.2m
step 00948/02520 (37.62%) | loss: 3.233851 | lrm: 0.96 | dt: 1947.55ms | tok/sec: 269,204 | bf16_mfu: 0.00 | epoch: 1 pq: 11 rg: 12 | total time: 30.54m | eta: 51.2m
step 00949/02520 (37.66%) | loss: 3.235509 | lrm: 0.96 | dt: 1947.25ms | tok/sec: 269,245 | bf16_mfu: 0.00 | epoch: 1 pq: 11 rg: 13 | total time: 30.58m | eta: 51.2m
step 00950/02520 (37.70%) | loss: 3.229451 | lrm: 0.96 | dt: 1945.32ms | tok/sec: 269,511 | bf16_mfu: 0.00 | epoch: 1 pq: 11 rg: 14 | total time: 30.61m | eta: 51.1m
step 00951/02520 (37.74%) | loss: 3.218931 | lrm: 0.96 | dt: 1946.77ms | tok/sec: 269,311 | bf16_mfu: 0.00 | epoch: 1 pq: 11 rg: 15 | total time: 30.64m | eta: 51.1m
step 00952/02520 (37.78%) | loss: 3.203392 | lrm: 0.96 | dt: 1945.93ms | tok/sec: 269,427 | bf16_mfu: 0.00 | epoch: 1 pq: 11 rg: 16 | total time: 30.67m | eta: 51.1m
step 00953/02520 (37.82%) | loss: 3.199171 | lrm: 0.96 | dt: 1946.76ms | tok/sec: 269,313 | bf16_mfu: 0.00 | epoch: 1 pq: 11 rg: 17 | total time: 30.71m | eta: 51.0m
step 00954/02520 (37.86%) | loss: 3.206287 | lrm: 0.96 | dt: 1945.52ms | tok/sec: 269,485 | bf16_mfu: 0.00 | epoch: 1 pq: 11 rg: 18 | total time: 30.74m | eta: 51.0m
step 00955/02520 (37.90%) | loss: 3.215349 | lrm: 0.96 | dt: 1946.42ms | tok/sec: 269,359 | bf16_mfu: 0.00 | epoch: 1 pq: 11 rg: 19 | total time: 30.77m | eta: 51.0m
step 00956/02520 (37.94%) | loss: 3.227501 | lrm: 0.96 | dt: 1946.51ms | tok/sec: 269,347 | bf16_mfu: 0.00 | epoch: 1 pq: 11 rg: 19 | total time: 30.80m | eta: 50.9m
step 00957/02520 (37.98%) | loss: 3.232730 | lrm: 0.96 | dt: 1946.46ms | tok/sec: 269,354 | bf16_mfu: 0.00 | epoch: 1 pq: 11 rg: 20 | total time: 30.83m | eta: 50.9m
step 00958/02520 (38.02%) | loss: 3.222295 | lrm: 0.96 | dt: 1945.58ms | tok/sec: 269,476 | bf16_mfu: 0.00 | epoch: 1 pq: 11 rg: 21 | total time: 30.87m | eta: 50.9m
step 00959/02520 (38.06%) | loss: 3.227687 | lrm: 0.96 | dt: 1945.82ms | tok/sec: 269,443 | bf16_mfu: 0.00 | epoch: 1 pq: 11 rg: 22 | total time: 30.90m | eta: 50.8m
step 00960/02520 (38.10%) | loss: 3.218228 | lrm: 0.95 | dt: 1945.02ms | tok/sec: 269,553 | bf16_mfu: 0.00 | epoch: 1 pq: 11 rg: 23 | total time: 30.93m | eta: 50.8m
step 00961/02520 (38.13%) | loss: 3.222606 | lrm: 0.95 | dt: 1946.74ms | tok/sec: 269,315 | bf16_mfu: 0.00 | epoch: 1 pq: 11 rg: 24 | total time: 30.96m | eta: 50.8m
step 00962/02520 (38.17%) | loss: 3.217983 | lrm: 0.95 | dt: 1944.96ms | tok/sec: 269,562 | bf16_mfu: 0.00 | epoch: 1 pq: 11 rg: 25 | total time: 31.00m | eta: 50.7m
step 00963/02520 (38.21%) | loss: 3.203855 | lrm: 0.95 | dt: 1945.59ms | tok/sec: 269,475 | bf16_mfu: 0.00 | epoch: 1 pq: 11 rg: 26 | total time: 31.03m | eta: 50.7m
step 00964/02520 (38.25%) | loss: 3.213962 | lrm: 0.95 | dt: 1946.79ms | tok/sec: 269,308 | bf16_mfu: 0.00 | epoch: 1 pq: 11 rg: 27 | total time: 31.06m | eta: 50.7m
step 00965/02520 (38.29%) | loss: 3.208637 | lrm: 0.95 | dt: 1947.04ms | tok/sec: 269,273 | bf16_mfu: 0.00 | epoch: 1 pq: 11 rg: 28 | total time: 31.09m | eta: 50.6m
step 00966/02520 (38.33%) | loss: 3.209886 | lrm: 0.95 | dt: 1946.57ms | tok/sec: 269,338 | bf16_mfu: 0.00 | epoch: 1 pq: 11 rg: 29 | total time: 31.13m | eta: 50.6m
step 00967/02520 (38.37%) | loss: 3.210229 | lrm: 0.95 | dt: 1945.42ms | tok/sec: 269,497 | bf16_mfu: 0.00 | epoch: 1 pq: 11 rg: 30 | total time: 31.16m | eta: 50.6m
step 00968/02520 (38.41%) | loss: 3.194758 | lrm: 0.95 | dt: 1946.28ms | tok/sec: 269,379 | bf16_mfu: 0.00 | epoch: 1 pq: 11 rg: 31 | total time: 31.19m | eta: 50.5m
step 00969/02520 (38.45%) | loss: 3.195548 | lrm: 0.95 | dt: 1945.42ms | tok/sec: 269,498 | bf16_mfu: 0.00 | epoch: 1 pq: 11 rg: 32 | total time: 31.22m | eta: 50.5m
step 00970/02520 (38.49%) | loss: 3.185712 | lrm: 0.95 | dt: 1946.93ms | tok/sec: 269,290 | bf16_mfu: 0.00 | epoch: 1 pq: 11 rg: 33 | total time: 31.26m | eta: 50.5m
step 00971/02520 (38.53%) | loss: 3.197791 | lrm: 0.95 | dt: 1947.29ms | tok/sec: 269,239 | bf16_mfu: 0.00 | epoch: 1 pq: 11 rg: 34 | total time: 31.29m | eta: 50.4m
step 00972/02520 (38.57%) | loss: 3.201938 | lrm: 0.95 | dt: 1945.68ms | tok/sec: 269,462 | bf16_mfu: 0.00 | epoch: 1 pq: 11 rg: 35 | total time: 31.32m | eta: 50.4m
step 00973/02520 (38.61%) | loss: 3.198510 | lrm: 0.95 | dt: 1946.80ms | tok/sec: 269,307 | bf16_mfu: 0.00 | epoch: 1 pq: 11 rg: 36 | total time: 31.35m | eta: 50.4m
step 00974/02520 (38.65%) | loss: 3.197961 | lrm: 0.95 | dt: 1945.76ms | tok/sec: 269,451 | bf16_mfu: 0.00 | epoch: 1 pq: 11 rg: 37 | total time: 31.39m | eta: 50.3m
step 00975/02520 (38.69%) | loss: 3.205999 | lrm: 0.95 | dt: 1945.84ms | tok/sec: 269,440 | bf16_mfu: 0.00 | epoch: 1 pq: 11 rg: 38 | total time: 31.42m | eta: 50.3m
step 00976/02520 (38.73%) | loss: 3.209483 | lrm: 0.95 | dt: 1946.97ms | tok/sec: 269,284 | bf16_mfu: 0.00 | epoch: 1 pq: 11 rg: 39 | total time: 31.45m | eta: 50.3m
step 00977/02520 (38.77%) | loss: 3.199323 | lrm: 0.94 | dt: 1947.99ms | tok/sec: 269,143 | bf16_mfu: 0.00 | epoch: 1 pq: 11 rg: 40 | total time: 31.48m | eta: 50.2m
step 00978/02520 (38.81%) | loss: 3.208712 | lrm: 0.94 | dt: 1946.48ms | tok/sec: 269,352 | bf16_mfu: 0.00 | epoch: 1 pq: 11 rg: 41 | total time: 31.52m | eta: 50.2m
step 00979/02520 (38.85%) | loss: 3.200378 | lrm: 0.94 | dt: 1946.65ms | tok/sec: 269,327 | bf16_mfu: 0.00 | epoch: 1 pq: 11 rg: 42 | total time: 31.55m | eta: 50.2m
step 00980/02520 (38.89%) | loss: 3.203525 | lrm: 0.94 | dt: 1947.30ms | tok/sec: 269,238 | bf16_mfu: 0.00 | epoch: 1 pq: 11 rg: 43 | total time: 31.58m | eta: 50.1m
step 00981/02520 (38.93%) | loss: 3.199565 | lrm: 0.94 | dt: 1944.70ms | tok/sec: 269,598 | bf16_mfu: 0.00 | epoch: 1 pq: 11 rg: 44 | total time: 31.61m | eta: 50.1m
step 00982/02520 (38.97%) | loss: 3.203329 | lrm: 0.94 | dt: 1946.46ms | tok/sec: 269,355 | bf16_mfu: 0.00 | epoch: 1 pq: 11 rg: 45 | total time: 31.65m | eta: 50.1m
step 00983/02520 (39.01%) | loss: 3.200597 | lrm: 0.94 | dt: 1945.36ms | tok/sec: 269,506 | bf16_mfu: 0.00 | epoch: 1 pq: 11 rg: 46 | total time: 31.68m | eta: 50.0m
step 00984/02520 (39.05%) | loss: 3.192109 | lrm: 0.94 | dt: 1947.19ms | tok/sec: 269,253 | bf16_mfu: 0.00 | epoch: 1 pq: 11 rg: 47 | total time: 31.71m | eta: 50.0m
step 00985/02520 (39.09%) | loss: 3.184472 | lrm: 0.94 | dt: 1946.02ms | tok/sec: 269,415 | bf16_mfu: 0.00 | epoch: 1 pq: 11 rg: 48 | total time: 31.74m | eta: 50.0m
step 00986/02520 (39.13%) | loss: 3.180253 | lrm: 0.94 | dt: 1946.65ms | tok/sec: 269,327 | bf16_mfu: 0.00 | epoch: 1 pq: 11 rg: 49 | total time: 31.78m | eta: 49.9m
step 00987/02520 (39.17%) | loss: 3.162901 | lrm: 0.94 | dt: 1945.43ms | tok/sec: 269,496 | bf16_mfu: 0.00 | epoch: 1 pq: 11 rg: 50 | total time: 31.81m | eta: 49.9m
step 00988/02520 (39.21%) | loss: 3.172226 | lrm: 0.94 | dt: 1946.32ms | tok/sec: 269,373 | bf16_mfu: 0.00 | epoch: 1 pq: 11 rg: 51 | total time: 31.84m | eta: 49.9m
step 00989/02520 (39.25%) | loss: 3.160369 | lrm: 0.94 | dt: 1946.66ms | tok/sec: 269,326 | bf16_mfu: 0.00 | epoch: 1 pq: 11 rg: 52 | total time: 31.87m | eta: 49.8m
step 00990/02520 (39.29%) | loss: 3.174570 | lrm: 0.94 | dt: 1946.47ms | tok/sec: 269,353 | bf16_mfu: 0.00 | epoch: 1 pq: 11 rg: 53 | total time: 31.91m | eta: 49.8m
step 00991/02520 (39.33%) | loss: 3.184419 | lrm: 0.94 | dt: 1946.70ms | tok/sec: 269,322 | bf16_mfu: 0.00 | epoch: 1 pq: 11 rg: 54 | total time: 31.94m | eta: 49.8m
step 00992/02520 (39.37%) | loss: 3.179365 | lrm: 0.94 | dt: 1947.02ms | tok/sec: 269,276 | bf16_mfu: 0.00 | epoch: 1 pq: 11 rg: 55 | total time: 31.97m | eta: 49.7m
step 00993/02520 (39.40%) | loss: 3.186708 | lrm: 0.94 | dt: 1945.98ms | tok/sec: 269,421 | bf16_mfu: 0.00 | epoch: 1 pq: 11 rg: 55 | total time: 32.00m | eta: 49.7m
step 00994/02520 (39.44%) | loss: 3.206812 | lrm: 0.94 | dt: 1946.66ms | tok/sec: 269,326 | bf16_mfu: 0.00 | epoch: 1 pq: 11 rg: 56 | total time: 32.04m | eta: 49.7m
step 00995/02520 (39.48%) | loss: 3.204047 | lrm: 0.93 | dt: 1948.23ms | tok/sec: 269,109 | bf16_mfu: 0.00 | epoch: 1 pq: 11 rg: 57 | total time: 32.07m | eta: 49.6m
step 00996/02520 (39.52%) | loss: 3.194815 | lrm: 0.93 | dt: 1948.38ms | tok/sec: 269,089 | bf16_mfu: 0.00 | epoch: 1 pq: 11 rg: 58 | total time: 32.10m | eta: 49.6m
step 00997/02520 (39.56%) | loss: 3.189165 | lrm: 0.93 | dt: 1948.81ms | tok/sec: 269,030 | bf16_mfu: 0.00 | epoch: 1 pq: 11 rg: 59 | total time: 32.13m | eta: 49.6m
step 00998/02520 (39.60%) | loss: 3.177588 | lrm: 0.93 | dt: 1948.77ms | tok/sec: 269,035 | bf16_mfu: 0.00 | epoch: 1 pq: 11 rg: 60 | total time: 32.16m | eta: 49.5m
step 00999/02520 (39.64%) | loss: 3.170161 | lrm: 0.93 | dt: 1946.87ms | tok/sec: 269,297 | bf16_mfu: 0.00 | epoch: 1 pq: 11 rg: 61 | total time: 32.20m | eta: 49.5m
Step 01000 | Validation bpb: 0.972213
step 01000/02520 (39.68%) | loss: 3.167419 | lrm: 0.93 | dt: 1933.31ms | tok/sec: 271,186 | bf16_mfu: 0.00 | epoch: 1 pq: 11 rg: 62 | total time: 32.23m | eta: 49.5m
step 01001/02520 (39.72%) | loss: 3.162595 | lrm: 0.93 | dt: 1938.15ms | tok/sec: 270,509 | bf16_mfu: 0.00 | epoch: 1 pq: 11 rg: 63 | total time: 32.26m | eta: 49.5m
step 01002/02520 (39.76%) | loss: 3.162825 | lrm: 0.93 | dt: 1937.45ms | tok/sec: 270,607 | bf16_mfu: 0.00 | epoch: 1 pq: 11 rg: 64 | total time: 32.29m | eta: 49.4m
step 01003/02520 (39.80%) | loss: 3.170108 | lrm: 0.93 | dt: 1937.31ms | tok/sec: 270,626 | bf16_mfu: 0.00 | epoch: 1 pq: 11 rg: 65 | total time: 32.33m | eta: 49.4m
step 01004/02520 (39.84%) | loss: 3.162728 | lrm: 0.93 | dt: 1938.03ms | tok/sec: 270,526 | bf16_mfu: 0.00 | epoch: 1 pq: 11 rg: 66 | total time: 32.36m | eta: 49.4m
step 01005/02520 (39.88%) | loss: 3.160300 | lrm: 0.93 | dt: 1938.16ms | tok/sec: 270,508 | bf16_mfu: 0.00 | epoch: 1 pq: 11 rg: 67 | total time: 32.39m | eta: 49.3m
step 01006/02520 (39.92%) | loss: 3.157365 | lrm: 0.93 | dt: 1939.18ms | tok/sec: 270,365 | bf16_mfu: 0.00 | epoch: 1 pq: 11 rg: 68 | total time: 32.42m | eta: 49.3m
step 01007/02520 (39.96%) | loss: 3.148760 | lrm: 0.93 | dt: 1938.59ms | tok/sec: 270,448 | bf16_mfu: 0.00 | epoch: 1 pq: 11 rg: 69 | total time: 32.46m | eta: 49.3m
step 01008/02520 (40.00%) | loss: 3.155743 | lrm: 0.93 | dt: 1940.40ms | tok/sec: 270,195 | bf16_mfu: 0.00 | epoch: 1 pq: 11 rg: 70 | total time: 32.49m | eta: 49.2m
step 01009/02520 (40.04%) | loss: 3.164303 | lrm: 0.93 | dt: 1939.96ms | tok/sec: 270,257 | bf16_mfu: 0.00 | epoch: 1 pq: 11 rg: 71 | total time: 32.52m | eta: 49.2m
step 01010/02520 (40.08%) | loss: 3.162531 | lrm: 0.93 | dt: 1939.43ms | tok/sec: 270,330 | bf16_mfu: 0.00 | epoch: 1 pq: 11 rg: 72 | total time: 32.55m | eta: 49.2m
step 01011/02520 (40.12%) | loss: 3.159717 | lrm: 0.93 | dt: 1939.16ms | tok/sec: 270,369 | bf16_mfu: 0.00 | epoch: 1 pq: 11 rg: 73 | total time: 32.59m | eta: 49.1m
step 01012/02520 (40.16%) | loss: 3.168106 | lrm: 0.92 | dt: 1940.02ms | tok/sec: 270,248 | bf16_mfu: 0.00 | epoch: 1 pq: 11 rg: 74 | total time: 32.62m | eta: 49.1m
step 01013/02520 (40.20%) | loss: 3.164108 | lrm: 0.92 | dt: 1939.21ms | tok/sec: 270,362 | bf16_mfu: 0.00 | epoch: 1 pq: 11 rg: 75 | total time: 32.65m | eta: 49.1m
step 01014/02520 (40.24%) | loss: 3.158612 | lrm: 0.92 | dt: 1941.77ms | tok/sec: 270,005 | bf16_mfu: 0.00 | epoch: 1 pq: 11 rg: 76 | total time: 32.68m | eta: 49.0m
step 01015/02520 (40.28%) | loss: 3.156243 | lrm: 0.92 | dt: 1940.03ms | tok/sec: 270,247 | bf16_mfu: 0.00 | epoch: 1 pq: 11 rg: 77 | total time: 32.71m | eta: 49.0m
step 01016/02520 (40.32%) | loss: 3.165224 | lrm: 0.92 | dt: 1940.80ms | tok/sec: 270,139 | bf16_mfu: 0.00 | epoch: 1 pq: 11 rg: 78 | total time: 32.75m | eta: 49.0m
step 01017/02520 (40.36%) | loss: 3.164243 | lrm: 0.92 | dt: 1939.56ms | tok/sec: 270,312 | bf16_mfu: 0.00 | epoch: 1 pq: 11 rg: 79 | total time: 32.78m | eta: 48.9m
step 01018/02520 (40.40%) | loss: 3.148214 | lrm: 0.92 | dt: 1940.73ms | tok/sec: 270,149 | bf16_mfu: 0.00 | epoch: 1 pq: 11 rg: 80 | total time: 32.81m | eta: 48.9m
step 01019/02520 (40.44%) | loss: 3.149824 | lrm: 0.92 | dt: 1938.80ms | tok/sec: 270,419 | bf16_mfu: 0.00 | epoch: 1 pq: 11 rg: 81 | total time: 32.84m | eta: 48.9m
step 01020/02520 (40.48%) | loss: 3.162017 | lrm: 0.92 | dt: 1939.91ms | tok/sec: 270,263 | bf16_mfu: 0.00 | epoch: 1 pq: 12 rg: 0 | total time: 32.88m | eta: 48.8m
step 01021/02520 (40.52%) | loss: 3.160609 | lrm: 0.92 | dt: 1939.30ms | tok/sec: 270,348 | bf16_mfu: 0.00 | epoch: 1 pq: 12 rg: 1 | total time: 32.91m | eta: 48.8m
step 01022/02520 (40.56%) | loss: 3.161847 | lrm: 0.92 | dt: 1940.16ms | tok/sec: 270,229 | bf16_mfu: 0.00 | epoch: 1 pq: 12 rg: 2 | total time: 32.94m | eta: 48.8m
step 01023/02520 (40.60%) | loss: 3.158756 | lrm: 0.92 | dt: 1937.91ms | tok/sec: 270,543 | bf16_mfu: 0.00 | epoch: 1 pq: 12 rg: 3 | total time: 32.97m | eta: 48.7m
step 01024/02520 (40.63%) | loss: 3.162353 | lrm: 0.92 | dt: 1939.65ms | tok/sec: 270,299 | bf16_mfu: 0.00 | epoch: 1 pq: 12 rg: 4 | total time: 33.01m | eta: 48.7m
step 01025/02520 (40.67%) | loss: 3.169345 | lrm: 0.92 | dt: 1941.65ms | tok/sec: 270,022 | bf16_mfu: 0.00 | epoch: 1 pq: 12 rg: 5 | total time: 33.04m | eta: 48.7m
step 01026/02520 (40.71%) | loss: 3.165015 | lrm: 0.92 | dt: 1941.67ms | tok/sec: 270,018 | bf16_mfu: 0.00 | epoch: 1 pq: 12 rg: 6 | total time: 33.07m | eta: 48.6m
step 01027/02520 (40.75%) | loss: 3.156973 | lrm: 0.92 | dt: 1942.23ms | tok/sec: 269,940 | bf16_mfu: 0.00 | epoch: 1 pq: 12 rg: 7 | total time: 33.10m | eta: 48.6m
step 01028/02520 (40.79%) | loss: 3.158214 | lrm: 0.92 | dt: 1942.57ms | tok/sec: 269,893 | bf16_mfu: 0.00 | epoch: 1 pq: 12 rg: 7 | total time: 33.13m | eta: 48.6m
step 01029/02520 (40.83%) | loss: 3.155333 | lrm: 0.91 | dt: 1941.26ms | tok/sec: 270,076 | bf16_mfu: 0.00 | epoch: 1 pq: 12 rg: 8 | total time: 33.17m | eta: 48.5m
step 01030/02520 (40.87%) | loss: 3.143801 | lrm: 0.91 | dt: 1943.08ms | tok/sec: 269,823 | bf16_mfu: 0.00 | epoch: 1 pq: 12 rg: 9 | total time: 33.20m | eta: 48.5m
step 01031/02520 (40.91%) | loss: 3.151778 | lrm: 0.91 | dt: 1943.25ms | tok/sec: 269,799 | bf16_mfu: 0.00 | epoch: 1 pq: 12 rg: 10 | total time: 33.23m | eta: 48.5m
step 01032/02520 (40.95%) | loss: 3.161024 | lrm: 0.91 | dt: 1943.93ms | tok/sec: 269,705 | bf16_mfu: 0.00 | epoch: 1 pq: 12 rg: 11 | total time: 33.26m | eta: 48.4m
step 01033/02520 (40.99%) | loss: 3.156447 | lrm: 0.91 | dt: 1942.94ms | tok/sec: 269,842 | bf16_mfu: 0.00 | epoch: 1 pq: 12 rg: 12 | total time: 33.30m | eta: 48.4m
step 01034/02520 (41.03%) | loss: 3.157389 | lrm: 0.91 | dt: 1943.53ms | tok/sec: 269,761 | bf16_mfu: 0.00 | epoch: 1 pq: 12 rg: 13 | total time: 33.33m | eta: 48.4m
step 01035/02520 (41.07%) | loss: 3.152188 | lrm: 0.91 | dt: 1943.75ms | tok/sec: 269,730 | bf16_mfu: 0.00 | epoch: 1 pq: 12 rg: 14 | total time: 33.36m | eta: 48.3m
step 01036/02520 (41.11%) | loss: 3.156989 | lrm: 0.91 | dt: 1944.20ms | tok/sec: 269,667 | bf16_mfu: 0.00 | epoch: 1 pq: 12 rg: 15 | total time: 33.39m | eta: 48.3m
step 01037/02520 (41.15%) | loss: 3.162371 | lrm: 0.91 | dt: 1944.08ms | tok/sec: 269,685 | bf16_mfu: 0.00 | epoch: 1 pq: 12 rg: 16 | total time: 33.43m | eta: 48.3m
step 01038/02520 (41.19%) | loss: 3.157585 | lrm: 0.91 | dt: 1944.44ms | tok/sec: 269,634 | bf16_mfu: 0.00 | epoch: 1 pq: 12 rg: 17 | total time: 33.46m | eta: 48.2m
step 01039/02520 (41.23%) | loss: 3.155720 | lrm: 0.91 | dt: 1944.07ms | tok/sec: 269,686 | bf16_mfu: 0.00 | epoch: 1 pq: 12 rg: 18 | total time: 33.49m | eta: 48.2m
step 01040/02520 (41.27%) | loss: 3.148435 | lrm: 0.91 | dt: 1943.71ms | tok/sec: 269,735 | bf16_mfu: 0.00 | epoch: 1 pq: 12 rg: 19 | total time: 33.52m | eta: 48.2m
step 01041/02520 (41.31%) | loss: 3.152519 | lrm: 0.91 | dt: 1942.07ms | tok/sec: 269,963 | bf16_mfu: 0.00 | epoch: 1 pq: 12 rg: 20 | total time: 33.56m | eta: 48.1m
step 01042/02520 (41.35%) | loss: 3.151295 | lrm: 0.91 | dt: 1943.42ms | tok/sec: 269,775 | bf16_mfu: 0.00 | epoch: 1 pq: 12 rg: 21 | total time: 33.59m | eta: 48.1m
step 01043/02520 (41.39%) | loss: 3.145858 | lrm: 0.91 | dt: 1944.33ms | tok/sec: 269,649 | bf16_mfu: 0.00 | epoch: 1 pq: 12 rg: 22 | total time: 33.62m | eta: 48.1m
step 01044/02520 (41.43%) | loss: 3.160685 | lrm: 0.91 | dt: 1943.30ms | tok/sec: 269,792 | bf16_mfu: 0.00 | epoch: 1 pq: 12 rg: 23 | total time: 33.65m | eta: 48.0m
step 01045/02520 (41.47%) | loss: 3.160274 | lrm: 0.91 | dt: 1943.68ms | tok/sec: 269,740 | bf16_mfu: 0.00 | epoch: 1 pq: 12 rg: 24 | total time: 33.69m | eta: 48.0m
step 01046/02520 (41.51%) | loss: 3.166328 | lrm: 0.90 | dt: 1944.30ms | tok/sec: 269,654 | bf16_mfu: 0.00 | epoch: 1 pq: 12 rg: 25 | total time: 33.72m | eta: 48.0m
step 01047/02520 (41.55%) | loss: 3.161282 | lrm: 0.90 | dt: 1943.06ms | tok/sec: 269,825 | bf16_mfu: 0.00 | epoch: 1 pq: 12 rg: 26 | total time: 33.75m | eta: 47.9m
step 01048/02520 (41.59%) | loss: 3.169163 | lrm: 0.90 | dt: 1944.03ms | tok/sec: 269,691 | bf16_mfu: 0.00 | epoch: 1 pq: 12 rg: 27 | total time: 33.78m | eta: 47.9m
step 01049/02520 (41.63%) | loss: 3.169745 | lrm: 0.90 | dt: 1942.88ms | tok/sec: 269,851 | bf16_mfu: 0.00 | epoch: 1 pq: 12 rg: 28 | total time: 33.82m | eta: 47.9m
step 01050/02520 (41.67%) | loss: 3.174528 | lrm: 0.90 | dt: 1943.51ms | tok/sec: 269,763 | bf16_mfu: 0.00 | epoch: 1 pq: 12 rg: 29 | total time: 33.85m | eta: 47.8m
step 01051/02520 (41.71%) | loss: 3.163170 | lrm: 0.90 | dt: 1943.07ms | tok/sec: 269,824 | bf16_mfu: 0.00 | epoch: 1 pq: 12 rg: 30 | total time: 33.88m | eta: 47.8m
step 01052/02520 (41.75%) | loss: 3.164565 | lrm: 0.90 | dt: 1943.37ms | tok/sec: 269,782 | bf16_mfu: 0.00 | epoch: 1 pq: 12 rg: 31 | total time: 33.91m | eta: 47.8m
step 01053/02520 (41.79%) | loss: 3.160648 | lrm: 0.90 | dt: 1944.33ms | tok/sec: 269,650 | bf16_mfu: 0.00 | epoch: 1 pq: 12 rg: 32 | total time: 33.94m | eta: 47.7m
step 01054/02520 (41.83%) | loss: 3.166612 | lrm: 0.90 | dt: 1943.28ms | tok/sec: 269,795 | bf16_mfu: 0.00 | epoch: 1 pq: 12 rg: 33 | total time: 33.98m | eta: 47.7m
step 01055/02520 (41.87%) | loss: 3.178102 | lrm: 0.90 | dt: 1944.08ms | tok/sec: 269,684 | bf16_mfu: 0.00 | epoch: 1 pq: 12 rg: 34 | total time: 34.01m | eta: 47.7m
step 01056/02520 (41.90%) | loss: 3.174348 | lrm: 0.90 | dt: 1944.36ms | tok/sec: 269,646 | bf16_mfu: 0.00 | epoch: 1 pq: 12 rg: 35 | total time: 34.04m | eta: 47.6m
step 01057/02520 (41.94%) | loss: 3.173513 | lrm: 0.90 | dt: 1945.32ms | tok/sec: 269,513 | bf16_mfu: 0.00 | epoch: 1 pq: 12 rg: 35 | total time: 34.07m | eta: 47.6m
step 01058/02520 (41.98%) | loss: 3.179427 | lrm: 0.90 | dt: 1943.84ms | tok/sec: 269,717 | bf16_mfu: 0.00 | epoch: 1 pq: 12 rg: 36 | total time: 34.11m | eta: 47.6m
step 01059/02520 (42.02%) | loss: 3.174268 | lrm: 0.90 | dt: 1944.08ms | tok/sec: 269,684 | bf16_mfu: 0.00 | epoch: 1 pq: 12 rg: 37 | total time: 34.14m | eta: 47.5m
step 01060/02520 (42.06%) | loss: 3.170324 | lrm: 0.90 | dt: 1946.73ms | tok/sec: 269,317 | bf16_mfu: 0.00 | epoch: 1 pq: 12 rg: 38 | total time: 34.17m | eta: 47.5m
step 01061/02520 (42.10%) | loss: 3.156295 | lrm: 0.90 | dt: 1944.38ms | tok/sec: 269,642 | bf16_mfu: 0.00 | epoch: 1 pq: 12 rg: 39 | total time: 34.20m | eta: 47.5m
step 01062/02520 (42.14%) | loss: 3.163538 | lrm: 0.90 | dt: 1944.91ms | tok/sec: 269,569 | bf16_mfu: 0.00 | epoch: 1 pq: 12 rg: 40 | total time: 34.24m | eta: 47.4m
step 01063/02520 (42.18%) | loss: 3.168546 | lrm: 0.90 | dt: 1942.94ms | tok/sec: 269,843 | bf16_mfu: 0.00 | epoch: 1 pq: 12 rg: 41 | total time: 34.27m | eta: 47.4m
step 01064/02520 (42.22%) | loss: 3.163831 | lrm: 0.89 | dt: 1944.72ms | tok/sec: 269,594 | bf16_mfu: 0.00 | epoch: 1 pq: 12 rg: 42 | total time: 34.30m | eta: 47.4m
step 01065/02520 (42.26%) | loss: 3.169201 | lrm: 0.89 | dt: 1944.71ms | tok/sec: 269,596 | bf16_mfu: 0.00 | epoch: 1 pq: 12 rg: 43 | total time: 34.33m | eta: 47.4m
step 01066/02520 (42.30%) | loss: 3.159232 | lrm: 0.89 | dt: 1945.68ms | tok/sec: 269,461 | bf16_mfu: 0.00 | epoch: 1 pq: 12 rg: 44 | total time: 34.37m | eta: 47.3m
step 01067/02520 (42.34%) | loss: 3.152269 | lrm: 0.89 | dt: 1945.06ms | tok/sec: 269,548 | bf16_mfu: 0.00 | epoch: 1 pq: 12 rg: 45 | total time: 34.40m | eta: 47.3m
step 01068/02520 (42.38%) | loss: 3.151611 | lrm: 0.89 | dt: 1945.18ms | tok/sec: 269,531 | bf16_mfu: 0.00 | epoch: 1 pq: 12 rg: 46 | total time: 34.43m | eta: 47.3m
step 01069/02520 (42.42%) | loss: 3.158396 | lrm: 0.89 | dt: 1945.08ms | tok/sec: 269,545 | bf16_mfu: 0.00 | epoch: 1 pq: 12 rg: 47 | total time: 34.46m | eta: 47.2m
step 01070/02520 (42.46%) | loss: 3.160083 | lrm: 0.89 | dt: 1947.89ms | tok/sec: 269,156 | bf16_mfu: 0.00 | epoch: 1 pq: 12 rg: 48 | total time: 34.50m | eta: 47.2m
step 01071/02520 (42.50%) | loss: 3.161427 | lrm: 0.89 | dt: 1945.84ms | tok/sec: 269,440 | bf16_mfu: 0.00 | epoch: 1 pq: 12 rg: 49 | total time: 34.53m | eta: 47.2m
step 01072/02520 (42.54%) | loss: 3.157795 | lrm: 0.89 | dt: 1947.27ms | tok/sec: 269,242 | bf16_mfu: 0.00 | epoch: 1 pq: 12 rg: 50 | total time: 34.56m | eta: 47.1m
step 01073/02520 (42.58%) | loss: 3.148825 | lrm: 0.89 | dt: 1947.84ms | tok/sec: 269,163 | bf16_mfu: 0.00 | epoch: 1 pq: 12 rg: 51 | total time: 34.59m | eta: 47.1m
step 01074/02520 (42.62%) | loss: 3.150648 | lrm: 0.89 | dt: 1947.82ms | tok/sec: 269,166 | bf16_mfu: 0.00 | epoch: 1 pq: 12 rg: 52 | total time: 34.63m | eta: 47.1m
step 01075/02520 (42.66%) | loss: 3.161278 | lrm: 0.89 | dt: 1947.94ms | tok/sec: 269,149 | bf16_mfu: 0.00 | epoch: 1 pq: 12 rg: 53 | total time: 34.66m | eta: 47.0m
step 01076/02520 (42.70%) | loss: 3.157917 | lrm: 0.89 | dt: 1947.39ms | tok/sec: 269,226 | bf16_mfu: 0.00 | epoch: 1 pq: 12 rg: 54 | total time: 34.69m | eta: 47.0m
step 01077/02520 (42.74%) | loss: 3.166712 | lrm: 0.89 | dt: 1946.26ms | tok/sec: 269,381 | bf16_mfu: 0.00 | epoch: 1 pq: 12 rg: 55 | total time: 34.72m | eta: 47.0m
step 01078/02520 (42.78%) | loss: 3.170770 | lrm: 0.89 | dt: 1947.89ms | tok/sec: 269,156 | bf16_mfu: 0.00 | epoch: 1 pq: 12 rg: 56 | total time: 34.76m | eta: 46.9m
step 01079/02520 (42.82%) | loss: 3.164095 | lrm: 0.89 | dt: 1947.30ms | tok/sec: 269,238 | bf16_mfu: 0.00 | epoch: 1 pq: 12 rg: 57 | total time: 34.79m | eta: 46.9m
step 01080/02520 (42.86%) | loss: 3.170661 | lrm: 0.89 | dt: 1946.83ms | tok/sec: 269,303 | bf16_mfu: 0.00 | epoch: 1 pq: 12 rg: 58 | total time: 34.82m | eta: 46.9m
step 01081/02520 (42.90%) | loss: 3.163607 | lrm: 0.88 | dt: 1946.46ms | tok/sec: 269,354 | bf16_mfu: 0.00 | epoch: 1 pq: 12 rg: 59 | total time: 34.85m | eta: 46.8m
step 01082/02520 (42.94%) | loss: 3.165089 | lrm: 0.88 | dt: 1946.25ms | tok/sec: 269,383 | bf16_mfu: 0.00 | epoch: 1 pq: 12 rg: 60 | total time: 34.89m | eta: 46.8m
step 01083/02520 (42.98%) | loss: 3.166333 | lrm: 0.88 | dt: 1946.05ms | tok/sec: 269,411 | bf16_mfu: 0.00 | epoch: 1 pq: 12 rg: 61 | total time: 34.92m | eta: 46.8m
step 01084/02520 (43.02%) | loss: 3.161726 | lrm: 0.88 | dt: 1946.87ms | tok/sec: 269,297 | bf16_mfu: 0.00 | epoch: 1 pq: 12 rg: 62 | total time: 34.95m | eta: 46.7m
step 01085/02520 (43.06%) | loss: 3.162277 | lrm: 0.88 | dt: 1946.53ms | tok/sec: 269,344 | bf16_mfu: 0.00 | epoch: 1 pq: 12 rg: 63 | total time: 34.98m | eta: 46.7m
step 01086/02520 (43.10%) | loss: 3.155842 | lrm: 0.88 | dt: 1945.96ms | tok/sec: 269,423 | bf16_mfu: 0.00 | epoch: 1 pq: 12 rg: 64 | total time: 35.01m | eta: 46.7m
step 01087/02520 (43.13%) | loss: 3.164412 | lrm: 0.88 | dt: 1945.62ms | tok/sec: 269,471 | bf16_mfu: 0.00 | epoch: 1 pq: 12 rg: 65 | total time: 35.05m | eta: 46.6m
step 01088/02520 (43.17%) | loss: 3.162482 | lrm: 0.88 | dt: 1945.63ms | tok/sec: 269,470 | bf16_mfu: 0.00 | epoch: 1 pq: 12 rg: 66 | total time: 35.08m | eta: 46.6m
step 01089/02520 (43.21%) | loss: 3.168924 | lrm: 0.88 | dt: 1945.22ms | tok/sec: 269,526 | bf16_mfu: 0.00 | epoch: 1 pq: 12 rg: 67 | total time: 35.11m | eta: 46.6m
step 01090/02520 (43.25%) | loss: 3.168814 | lrm: 0.88 | dt: 1946.44ms | tok/sec: 269,357 | bf16_mfu: 0.00 | epoch: 1 pq: 12 rg: 68 | total time: 35.14m | eta: 46.5m
step 01091/02520 (43.29%) | loss: 3.177936 | lrm: 0.88 | dt: 1945.36ms | tok/sec: 269,507 | bf16_mfu: 0.00 | epoch: 1 pq: 12 rg: 68 | total time: 35.18m | eta: 46.5m
step 01092/02520 (43.33%) | loss: 3.181199 | lrm: 0.88 | dt: 1946.85ms | tok/sec: 269,300 | bf16_mfu: 0.00 | epoch: 1 pq: 12 rg: 70 | total time: 35.21m | eta: 46.5m
step 01093/02520 (43.37%) | loss: 3.183404 | lrm: 0.88 | dt: 1946.08ms | tok/sec: 269,406 | bf16_mfu: 0.00 | epoch: 1 pq: 12 rg: 70 | total time: 35.24m | eta: 46.4m
step 01094/02520 (43.41%) | loss: 3.197355 | lrm: 0.88 | dt: 1946.92ms | tok/sec: 269,290 | bf16_mfu: 0.00 | epoch: 1 pq: 12 rg: 72 | total time: 35.27m | eta: 46.4m
step 01095/02520 (43.45%) | loss: 3.199070 | lrm: 0.88 | dt: 1945.37ms | tok/sec: 269,505 | bf16_mfu: 0.00 | epoch: 1 pq: 12 rg: 72 | total time: 35.31m | eta: 46.4m
step 01096/02520 (43.49%) | loss: 3.195316 | lrm: 0.88 | dt: 1946.87ms | tok/sec: 269,297 | bf16_mfu: 0.00 | epoch: 1 pq: 12 rg: 74 | total time: 35.34m | eta: 46.3m
step 01097/02520 (43.53%) | loss: 3.191787 | lrm: 0.88 | dt: 1946.52ms | tok/sec: 269,346 | bf16_mfu: 0.00 | epoch: 1 pq: 12 rg: 74 | total time: 35.37m | eta: 46.3m
step 01098/02520 (43.57%) | loss: 3.201978 | lrm: 0.87 | dt: 1945.03ms | tok/sec: 269,552 | bf16_mfu: 0.00 | epoch: 1 pq: 12 rg: 75 | total time: 35.40m | eta: 46.3m
step 01099/02520 (43.61%) | loss: 3.204431 | lrm: 0.87 | dt: 1945.91ms | tok/sec: 269,430 | bf16_mfu: 0.00 | epoch: 1 pq: 12 rg: 76 | total time: 35.44m | eta: 46.2m
step 01100/02520 (43.65%) | loss: 3.189948 | lrm: 0.87 | dt: 1946.88ms | tok/sec: 269,296 | bf16_mfu: 0.00 | epoch: 1 pq: 12 rg: 77 | total time: 35.47m | eta: 46.2m
step 01101/02520 (43.69%) | loss: 3.186140 | lrm: 0.87 | dt: 1945.36ms | tok/sec: 269,506 | bf16_mfu: 0.00 | epoch: 1 pq: 12 rg: 78 | total time: 35.50m | eta: 46.2m
step 01102/02520 (43.73%) | loss: 3.186788 | lrm: 0.87 | dt: 1944.53ms | tok/sec: 269,622 | bf16_mfu: 0.00 | epoch: 1 pq: 12 rg: 79 | total time: 35.53m | eta: 46.1m
step 01103/02520 (43.77%) | loss: 3.177861 | lrm: 0.87 | dt: 1946.54ms | tok/sec: 269,343 | bf16_mfu: 0.00 | epoch: 1 pq: 12 rg: 80 | total time: 35.57m | eta: 46.1m
step 01104/02520 (43.81%) | loss: 3.174517 | lrm: 0.87 | dt: 1946.46ms | tok/sec: 269,355 | bf16_mfu: 0.00 | epoch: 1 pq: 12 rg: 81 | total time: 35.60m | eta: 46.1m
step 01105/02520 (43.85%) | loss: 3.175885 | lrm: 0.87 | dt: 1945.02ms | tok/sec: 269,554 | bf16_mfu: 0.00 | epoch: 1 pq: 13 rg: 0 | total time: 35.63m | eta: 46.0m
step 01106/02520 (43.89%) | loss: 3.171211 | lrm: 0.87 | dt: 1943.02ms | tok/sec: 269,831 | bf16_mfu: 0.00 | epoch: 1 pq: 13 rg: 1 | total time: 35.66m | eta: 46.0m
step 01107/02520 (43.93%) | loss: 3.168514 | lrm: 0.87 | dt: 1944.24ms | tok/sec: 269,662 | bf16_mfu: 0.00 | epoch: 1 pq: 13 rg: 2 | total time: 35.70m | eta: 46.0m
step 01108/02520 (43.97%) | loss: 3.166573 | lrm: 0.87 | dt: 1945.06ms | tok/sec: 269,548 | bf16_mfu: 0.00 | epoch: 1 pq: 13 rg: 3 | total time: 35.73m | eta: 45.9m
step 01109/02520 (44.01%) | loss: 3.183672 | lrm: 0.87 | dt: 1943.91ms | tok/sec: 269,707 | bf16_mfu: 0.00 | epoch: 1 pq: 13 rg: 4 | total time: 35.76m | eta: 45.9m
step 01110/02520 (44.05%) | loss: 3.181335 | lrm: 0.87 | dt: 1946.05ms | tok/sec: 269,411 | bf16_mfu: 0.00 | epoch: 1 pq: 13 rg: 5 | total time: 35.79m | eta: 45.9m
step 01111/02520 (44.09%) | loss: 3.175366 | lrm: 0.87 | dt: 1945.30ms | tok/sec: 269,515 | bf16_mfu: 0.00 | epoch: 1 pq: 13 rg: 6 | total time: 35.83m | eta: 45.8m
step 01112/02520 (44.13%) | loss: 3.174918 | lrm: 0.87 | dt: 1945.72ms | tok/sec: 269,456 | bf16_mfu: 0.00 | epoch: 1 pq: 13 rg: 7 | total time: 35.86m | eta: 45.8m
step 01113/02520 (44.17%) | loss: 3.176983 | lrm: 0.87 | dt: 1944.15ms | tok/sec: 269,674 | bf16_mfu: 0.00 | epoch: 1 pq: 13 rg: 8 | total time: 35.89m | eta: 45.8m
step 01114/02520 (44.21%) | loss: 3.170297 | lrm: 0.87 | dt: 1943.88ms | tok/sec: 269,712 | bf16_mfu: 0.00 | epoch: 1 pq: 13 rg: 9 | total time: 35.92m | eta: 45.7m
step 01115/02520 (44.25%) | loss: 3.165276 | lrm: 0.86 | dt: 1946.52ms | tok/sec: 269,345 | bf16_mfu: 0.00 | epoch: 1 pq: 13 rg: 10 | total time: 35.96m | eta: 45.7m
step 01116/02520 (44.29%) | loss: 3.165454 | lrm: 0.86 | dt: 1945.39ms | tok/sec: 269,502 | bf16_mfu: 0.00 | epoch: 1 pq: 13 rg: 11 | total time: 35.99m | eta: 45.7m
step 01117/02520 (44.33%) | loss: 3.167383 | lrm: 0.86 | dt: 1945.70ms | tok/sec: 269,460 | bf16_mfu: 0.00 | epoch: 1 pq: 13 rg: 12 | total time: 36.02m | eta: 45.7m
step 01118/02520 (44.37%) | loss: 3.162602 | lrm: 0.86 | dt: 1944.69ms | tok/sec: 269,599 | bf16_mfu: 0.00 | epoch: 1 pq: 13 rg: 13 | total time: 36.05m | eta: 45.6m
step 01119/02520 (44.40%) | loss: 3.161900 | lrm: 0.86 | dt: 1944.94ms | tok/sec: 269,565 | bf16_mfu: 0.00 | epoch: 1 pq: 13 rg: 14 | total time: 36.08m | eta: 45.6m
step 01120/02520 (44.44%) | loss: 3.151182 | lrm: 0.86 | dt: 1945.48ms | tok/sec: 269,490 | bf16_mfu: 0.00 | epoch: 1 pq: 13 rg: 15 | total time: 36.12m | eta: 45.6m
step 01121/02520 (44.48%) | loss: 3.150394 | lrm: 0.86 | dt: 1946.94ms | tok/sec: 269,287 | bf16_mfu: 0.00 | epoch: 1 pq: 13 rg: 16 | total time: 36.15m | eta: 45.5m
step 01122/02520 (44.52%) | loss: 3.151558 | lrm: 0.86 | dt: 1948.01ms | tok/sec: 269,140 | bf16_mfu: 0.00 | epoch: 1 pq: 13 rg: 17 | total time: 36.18m | eta: 45.5m
step 01123/02520 (44.56%) | loss: 3.157426 | lrm: 0.86 | dt: 1946.75ms | tok/sec: 269,314 | bf16_mfu: 0.00 | epoch: 1 pq: 13 rg: 18 | total time: 36.21m | eta: 45.5m
step 01124/02520 (44.60%) | loss: 3.158645 | lrm: 0.86 | dt: 1946.71ms | tok/sec: 269,319 | bf16_mfu: 0.00 | epoch: 1 pq: 13 rg: 19 | total time: 36.25m | eta: 45.4m
step 01125/02520 (44.64%) | loss: 3.165947 | lrm: 0.86 | dt: 1946.62ms | tok/sec: 269,333 | bf16_mfu: 0.00 | epoch: 1 pq: 13 rg: 19 | total time: 36.28m | eta: 45.4m
step 01126/02520 (44.68%) | loss: 3.162136 | lrm: 0.86 | dt: 1947.01ms | tok/sec: 269,277 | bf16_mfu: 0.00 | epoch: 1 pq: 13 rg: 20 | total time: 36.31m | eta: 45.4m
step 01127/02520 (44.72%) | loss: 3.160585 | lrm: 0.86 | dt: 1946.14ms | tok/sec: 269,399 | bf16_mfu: 0.00 | epoch: 1 pq: 13 rg: 21 | total time: 36.34m | eta: 45.3m
step 01128/02520 (44.76%) | loss: 3.146222 | lrm: 0.86 | dt: 1946.91ms | tok/sec: 269,292 | bf16_mfu: 0.00 | epoch: 1 pq: 13 rg: 22 | total time: 36.38m | eta: 45.3m
step 01129/02520 (44.80%) | loss: 3.149736 | lrm: 0.86 | dt: 1945.29ms | tok/sec: 269,516 | bf16_mfu: 0.00 | epoch: 1 pq: 13 rg: 23 | total time: 36.41m | eta: 45.3m
step 01130/02520 (44.84%) | loss: 3.150449 | lrm: 0.86 | dt: 1946.62ms | tok/sec: 269,332 | bf16_mfu: 0.00 | epoch: 1 pq: 13 rg: 24 | total time: 36.44m | eta: 45.2m
step 01131/02520 (44.88%) | loss: 3.152583 | lrm: 0.86 | dt: 1946.32ms | tok/sec: 269,373 | bf16_mfu: 0.00 | epoch: 1 pq: 13 rg: 25 | total time: 36.47m | eta: 45.2m
step 01132/02520 (44.92%) | loss: 3.155622 | lrm: 0.86 | dt: 1946.40ms | tok/sec: 269,362 | bf16_mfu: 0.00 | epoch: 1 pq: 13 rg: 26 | total time: 36.51m | eta: 45.2m
step 01133/02520 (44.96%) | loss: 3.150177 | lrm: 0.85 | dt: 1945.21ms | tok/sec: 269,528 | bf16_mfu: 0.00 | epoch: 1 pq: 13 rg: 27 | total time: 36.54m | eta: 45.1m
step 01134/02520 (45.00%) | loss: 3.152992 | lrm: 0.85 | dt: 1947.30ms | tok/sec: 269,238 | bf16_mfu: 0.00 | epoch: 1 pq: 13 rg: 28 | total time: 36.57m | eta: 45.1m
step 01135/02520 (45.04%) | loss: 3.158085 | lrm: 0.85 | dt: 1946.54ms | tok/sec: 269,343 | bf16_mfu: 0.00 | epoch: 1 pq: 13 rg: 29 | total time: 36.60m | eta: 45.1m
step 01136/02520 (45.08%) | loss: 3.158681 | lrm: 0.85 | dt: 1948.03ms | tok/sec: 269,137 | bf16_mfu: 0.00 | epoch: 1 pq: 13 rg: 30 | total time: 36.64m | eta: 45.0m
step 01137/02520 (45.12%) | loss: 3.158997 | lrm: 0.85 | dt: 1946.30ms | tok/sec: 269,377 | bf16_mfu: 0.00 | epoch: 1 pq: 13 rg: 31 | total time: 36.67m | eta: 45.0m
step 01138/02520 (45.16%) | loss: 3.159477 | lrm: 0.85 | dt: 1946.36ms | tok/sec: 269,368 | bf16_mfu: 0.00 | epoch: 1 pq: 13 rg: 32 | total time: 36.70m | eta: 45.0m
step 01139/02520 (45.20%) | loss: 3.149884 | lrm: 0.85 | dt: 1946.77ms | tok/sec: 269,311 | bf16_mfu: 0.00 | epoch: 1 pq: 13 rg: 33 | total time: 36.73m | eta: 44.9m
step 01140/02520 (45.24%) | loss: 3.152052 | lrm: 0.85 | dt: 1947.68ms | tok/sec: 269,185 | bf16_mfu: 0.00 | epoch: 1 pq: 13 rg: 34 | total time: 36.77m | eta: 44.9m
step 01141/02520 (45.28%) | loss: 3.149518 | lrm: 0.85 | dt: 1947.01ms | tok/sec: 269,278 | bf16_mfu: 0.00 | epoch: 1 pq: 13 rg: 35 | total time: 36.80m | eta: 44.9m
step 01142/02520 (45.32%) | loss: 3.152655 | lrm: 0.85 | dt: 1946.82ms | tok/sec: 269,304 | bf16_mfu: 0.00 | epoch: 1 pq: 13 rg: 36 | total time: 36.83m | eta: 44.8m
step 01143/02520 (45.36%) | loss: 3.148578 | lrm: 0.85 | dt: 1948.69ms | tok/sec: 269,045 | bf16_mfu: 0.00 | epoch: 1 pq: 13 rg: 37 | total time: 36.86m | eta: 44.8m
step 01144/02520 (45.40%) | loss: 3.147729 | lrm: 0.85 | dt: 1945.83ms | tok/sec: 269,441 | bf16_mfu: 0.00 | epoch: 1 pq: 13 rg: 38 | total time: 36.90m | eta: 44.8m
step 01145/02520 (45.44%) | loss: 3.142636 | lrm: 0.85 | dt: 1946.66ms | tok/sec: 269,326 | bf16_mfu: 0.00 | epoch: 1 pq: 13 rg: 39 | total time: 36.93m | eta: 44.7m
step 01146/02520 (45.48%) | loss: 3.137996 | lrm: 0.85 | dt: 1945.34ms | tok/sec: 269,509 | bf16_mfu: 0.00 | epoch: 1 pq: 13 rg: 40 | total time: 36.96m | eta: 44.7m
step 01147/02520 (45.52%) | loss: 3.139720 | lrm: 0.85 | dt: 1945.37ms | tok/sec: 269,505 | bf16_mfu: 0.00 | epoch: 1 pq: 13 rg: 41 | total time: 36.99m | eta: 44.7m
step 01148/02520 (45.56%) | loss: 3.140175 | lrm: 0.85 | dt: 1946.93ms | tok/sec: 269,289 | bf16_mfu: 0.00 | epoch: 1 pq: 13 rg: 42 | total time: 37.03m | eta: 44.6m
step 01149/02520 (45.60%) | loss: 3.145102 | lrm: 0.85 | dt: 1947.81ms | tok/sec: 269,167 | bf16_mfu: 0.00 | epoch: 1 pq: 13 rg: 43 | total time: 37.06m | eta: 44.6m
step 01150/02520 (45.63%) | loss: 3.142800 | lrm: 0.84 | dt: 1946.74ms | tok/sec: 269,315 | bf16_mfu: 0.00 | epoch: 1 pq: 13 rg: 44 | total time: 37.09m | eta: 44.6m
step 01151/02520 (45.67%) | loss: 3.144453 | lrm: 0.84 | dt: 1946.24ms | tok/sec: 269,385 | bf16_mfu: 0.00 | epoch: 1 pq: 13 rg: 45 | total time: 37.12m | eta: 44.5m
step 01152/02520 (45.71%) | loss: 3.138899 | lrm: 0.84 | dt: 1946.21ms | tok/sec: 269,388 | bf16_mfu: 0.00 | epoch: 1 pq: 13 rg: 46 | total time: 37.16m | eta: 44.5m
step 01153/02520 (45.75%) | loss: 3.133137 | lrm: 0.84 | dt: 1945.65ms | tok/sec: 269,466 | bf16_mfu: 0.00 | epoch: 1 pq: 13 rg: 47 | total time: 37.19m | eta: 44.5m
step 01154/02520 (45.79%) | loss: 3.124871 | lrm: 0.84 | dt: 1946.81ms | tok/sec: 269,306 | bf16_mfu: 0.00 | epoch: 1 pq: 13 rg: 48 | total time: 37.22m | eta: 44.4m
step 01155/02520 (45.83%) | loss: 3.117095 | lrm: 0.84 | dt: 1947.01ms | tok/sec: 269,278 | bf16_mfu: 0.00 | epoch: 1 pq: 13 rg: 49 | total time: 37.25m | eta: 44.4m
step 01156/02520 (45.87%) | loss: 3.120219 | lrm: 0.84 | dt: 1946.97ms | tok/sec: 269,284 | bf16_mfu: 0.00 | epoch: 1 pq: 13 rg: 50 | total time: 37.29m | eta: 44.4m
step 01157/02520 (45.91%) | loss: 3.125911 | lrm: 0.84 | dt: 1947.40ms | tok/sec: 269,224 | bf16_mfu: 0.00 | epoch: 1 pq: 13 rg: 51 | total time: 37.32m | eta: 44.3m
step 01158/02520 (45.95%) | loss: 3.119662 | lrm: 0.84 | dt: 1946.45ms | tok/sec: 269,356 | bf16_mfu: 0.00 | epoch: 1 pq: 13 rg: 52 | total time: 37.35m | eta: 44.3m
step 01159/02520 (45.99%) | loss: 3.112296 | lrm: 0.84 | dt: 1946.21ms | tok/sec: 269,388 | bf16_mfu: 0.00 | epoch: 1 pq: 13 rg: 53 | total time: 37.38m | eta: 44.3m
step 01160/02520 (46.03%) | loss: 3.124382 | lrm: 0.84 | dt: 1946.56ms | tok/sec: 269,341 | bf16_mfu: 0.00 | epoch: 1 pq: 13 rg: 54 | total time: 37.42m | eta: 44.2m
step 01161/02520 (46.07%) | loss: 3.117316 | lrm: 0.84 | dt: 1947.30ms | tok/sec: 269,238 | bf16_mfu: 0.00 | epoch: 1 pq: 13 rg: 55 | total time: 37.45m | eta: 44.2m
step 01162/02520 (46.11%) | loss: 3.114027 | lrm: 0.84 | dt: 1945.96ms | tok/sec: 269,423 | bf16_mfu: 0.00 | epoch: 1 pq: 13 rg: 55 | total time: 37.48m | eta: 44.2m
step 01163/02520 (46.15%) | loss: 3.113996 | lrm: 0.84 | dt: 1948.04ms | tok/sec: 269,136 | bf16_mfu: 0.00 | epoch: 1 pq: 13 rg: 56 | total time: 37.51m | eta: 44.1m
step 01164/02520 (46.19%) | loss: 3.102390 | lrm: 0.84 | dt: 1946.74ms | tok/sec: 269,315 | bf16_mfu: 0.00 | epoch: 1 pq: 13 rg: 57 | total time: 37.54m | eta: 44.1m
step 01165/02520 (46.23%) | loss: 3.108676 | lrm: 0.84 | dt: 1948.40ms | tok/sec: 269,085 | bf16_mfu: 0.00 | epoch: 1 pq: 13 rg: 58 | total time: 37.58m | eta: 44.1m
step 01166/02520 (46.27%) | loss: 3.102221 | lrm: 0.84 | dt: 1947.47ms | tok/sec: 269,214 | bf16_mfu: 0.00 | epoch: 1 pq: 13 rg: 59 | total time: 37.61m | eta: 44.1m
step 01167/02520 (46.31%) | loss: 3.105959 | lrm: 0.83 | dt: 1948.04ms | tok/sec: 269,135 | bf16_mfu: 0.00 | epoch: 1 pq: 13 rg: 60 | total time: 37.64m | eta: 44.0m
step 01168/02520 (46.35%) | loss: 3.099834 | lrm: 0.83 | dt: 1947.42ms | tok/sec: 269,221 | bf16_mfu: 0.00 | epoch: 1 pq: 13 rg: 61 | total time: 37.67m | eta: 44.0m
step 01169/02520 (46.39%) | loss: 3.103669 | lrm: 0.83 | dt: 1947.56ms | tok/sec: 269,203 | bf16_mfu: 0.00 | epoch: 1 pq: 13 rg: 62 | total time: 37.71m | eta: 44.0m
step 01170/02520 (46.43%) | loss: 3.112396 | lrm: 0.83 | dt: 1946.41ms | tok/sec: 269,361 | bf16_mfu: 0.00 | epoch: 1 pq: 13 rg: 63 | total time: 37.74m | eta: 43.9m
step 01171/02520 (46.47%) | loss: 3.114681 | lrm: 0.83 | dt: 1947.96ms | tok/sec: 269,147 | bf16_mfu: 0.00 | epoch: 1 pq: 13 rg: 64 | total time: 37.77m | eta: 43.9m
step 01172/02520 (46.51%) | loss: 3.116154 | lrm: 0.83 | dt: 1948.78ms | tok/sec: 269,033 | bf16_mfu: 0.00 | epoch: 1 pq: 13 rg: 65 | total time: 37.80m | eta: 43.9m
step 01173/02520 (46.55%) | loss: 3.112803 | lrm: 0.83 | dt: 1949.62ms | tok/sec: 268,918 | bf16_mfu: 0.00 | epoch: 1 pq: 13 rg: 66 | total time: 37.84m | eta: 43.8m
step 01174/02520 (46.59%) | loss: 3.116291 | lrm: 0.83 | dt: 1949.18ms | tok/sec: 268,978 | bf16_mfu: 0.00 | epoch: 1 pq: 13 rg: 67 | total time: 37.87m | eta: 43.8m
step 01175/02520 (46.63%) | loss: 3.121363 | lrm: 0.83 | dt: 1948.38ms | tok/sec: 269,088 | bf16_mfu: 0.00 | epoch: 1 pq: 13 rg: 68 | total time: 37.90m | eta: 43.8m
step 01176/02520 (46.67%) | loss: 3.132513 | lrm: 0.83 | dt: 1949.14ms | tok/sec: 268,984 | bf16_mfu: 0.00 | epoch: 1 pq: 13 rg: 69 | total time: 37.93m | eta: 43.7m
step 01177/02520 (46.71%) | loss: 3.129441 | lrm: 0.83 | dt: 1950.18ms | tok/sec: 268,840 | bf16_mfu: 0.00 | epoch: 1 pq: 13 rg: 70 | total time: 37.97m | eta: 43.7m
step 01178/02520 (46.75%) | loss: 3.134243 | lrm: 0.83 | dt: 1948.15ms | tok/sec: 269,120 | bf16_mfu: 0.00 | epoch: 1 pq: 13 rg: 71 | total time: 38.00m | eta: 43.7m
step 01179/02520 (46.79%) | loss: 3.141136 | lrm: 0.83 | dt: 1949.82ms | tok/sec: 268,889 | bf16_mfu: 0.00 | epoch: 1 pq: 13 rg: 72 | total time: 38.03m | eta: 43.6m
step 01180/02520 (46.83%) | loss: 3.135181 | lrm: 0.83 | dt: 1949.34ms | tok/sec: 268,956 | bf16_mfu: 0.00 | epoch: 1 pq: 13 rg: 73 | total time: 38.06m | eta: 43.6m
step 01181/02520 (46.87%) | loss: 3.141945 | lrm: 0.83 | dt: 1948.83ms | tok/sec: 269,027 | bf16_mfu: 0.00 | epoch: 1 pq: 13 rg: 74 | total time: 38.10m | eta: 43.6m
step 01182/02520 (46.90%) | loss: 3.136539 | lrm: 0.83 | dt: 1950.13ms | tok/sec: 268,848 | bf16_mfu: 0.00 | epoch: 1 pq: 13 rg: 75 | total time: 38.13m | eta: 43.5m
step 01183/02520 (46.94%) | loss: 3.142833 | lrm: 0.83 | dt: 1951.50ms | tok/sec: 268,658 | bf16_mfu: 0.00 | epoch: 1 pq: 13 rg: 76 | total time: 38.16m | eta: 43.5m
step 01184/02520 (46.98%) | loss: 3.132892 | lrm: 0.82 | dt: 1950.27ms | tok/sec: 268,827 | bf16_mfu: 0.00 | epoch: 1 pq: 13 rg: 77 | total time: 38.19m | eta: 43.5m
step 01185/02520 (47.02%) | loss: 3.120105 | lrm: 0.82 | dt: 1950.37ms | tok/sec: 268,815 | bf16_mfu: 0.00 | epoch: 1 pq: 13 rg: 78 | total time: 38.23m | eta: 43.4m
step 01186/02520 (47.06%) | loss: 3.107857 | lrm: 0.82 | dt: 1950.16ms | tok/sec: 268,844 | bf16_mfu: 0.00 | epoch: 1 pq: 13 rg: 79 | total time: 38.26m | eta: 43.4m
step 01187/02520 (47.10%) | loss: 3.111714 | lrm: 0.82 | dt: 1950.12ms | tok/sec: 268,848 | bf16_mfu: 0.00 | epoch: 1 pq: 13 rg: 80 | total time: 38.29m | eta: 43.4m
step 01188/02520 (47.14%) | loss: 3.117819 | lrm: 0.82 | dt: 1949.29ms | tok/sec: 268,963 | bf16_mfu: 0.00 | epoch: 1 pq: 13 rg: 81 | total time: 38.32m | eta: 43.3m
step 01189/02520 (47.18%) | loss: 3.120944 | lrm: 0.82 | dt: 1950.47ms | tok/sec: 268,800 | bf16_mfu: 0.00 | epoch: 1 pq: 13 rg: 82 | total time: 38.36m | eta: 43.3m
step 01190/02520 (47.22%) | loss: 3.126652 | lrm: 0.82 | dt: 1947.60ms | tok/sec: 269,196 | bf16_mfu: 0.00 | epoch: 1 pq: 14 rg: 0 | total time: 38.39m | eta: 43.3m
step 01191/02520 (47.26%) | loss: 3.123930 | lrm: 0.82 | dt: 1950.05ms | tok/sec: 268,858 | bf16_mfu: 0.00 | epoch: 1 pq: 14 rg: 1 | total time: 38.42m | eta: 43.2m
step 01192/02520 (47.30%) | loss: 3.125681 | lrm: 0.82 | dt: 1949.46ms | tok/sec: 268,940 | bf16_mfu: 0.00 | epoch: 1 pq: 14 rg: 2 | total time: 38.45m | eta: 43.2m
step 01193/02520 (47.34%) | loss: 3.130926 | lrm: 0.82 | dt: 1949.67ms | tok/sec: 268,910 | bf16_mfu: 0.00 | epoch: 1 pq: 14 rg: 3 | total time: 38.49m | eta: 43.2m
step 01194/02520 (47.38%) | loss: 3.119364 | lrm: 0.82 | dt: 1949.80ms | tok/sec: 268,892 | bf16_mfu: 0.00 | epoch: 1 pq: 14 rg: 4 | total time: 38.52m | eta: 43.1m
step 01195/02520 (47.42%) | loss: 3.120836 | lrm: 0.82 | dt: 1950.29ms | tok/sec: 268,825 | bf16_mfu: 0.00 | epoch: 1 pq: 14 rg: 5 | total time: 38.55m | eta: 43.1m
step 01196/02520 (47.46%) | loss: 3.112324 | lrm: 0.82 | dt: 1950.40ms | tok/sec: 268,811 | bf16_mfu: 0.00 | epoch: 1 pq: 14 rg: 6 | total time: 38.58m | eta: 43.1m
step 01197/02520 (47.50%) | loss: 3.108070 | lrm: 0.82 | dt: 1950.33ms | tok/sec: 268,819 | bf16_mfu: 0.00 | epoch: 1 pq: 14 rg: 7 | total time: 38.62m | eta: 43.0m
step 01198/02520 (47.54%) | loss: 3.105434 | lrm: 0.82 | dt: 1949.89ms | tok/sec: 268,880 | bf16_mfu: 0.00 | epoch: 1 pq: 14 rg: 8 | total time: 38.65m | eta: 43.0m
step 01199/02520 (47.58%) | loss: 3.110700 | lrm: 0.82 | dt: 1952.20ms | tok/sec: 268,563 | bf16_mfu: 0.00 | epoch: 1 pq: 14 rg: 9 | total time: 38.68m | eta: 43.0m
step 01200/02520 (47.62%) | loss: 3.116747 | lrm: 0.82 | dt: 1950.63ms | tok/sec: 268,778 | bf16_mfu: 0.00 | epoch: 1 pq: 14 rg: 10 | total time: 38.71m | eta: 42.9m
step 01201/02520 (47.66%) | loss: 3.120027 | lrm: 0.81 | dt: 1950.59ms | tok/sec: 268,784 | bf16_mfu: 0.00 | epoch: 1 pq: 14 rg: 11 | total time: 38.75m | eta: 42.9m
step 01202/02520 (47.70%) | loss: 3.117721 | lrm: 0.81 | dt: 1950.58ms | tok/sec: 268,785 | bf16_mfu: 0.00 | epoch: 1 pq: 14 rg: 12 | total time: 38.78m | eta: 42.9m
step 01203/02520 (47.74%) | loss: 3.114997 | lrm: 0.81 | dt: 1950.40ms | tok/sec: 268,810 | bf16_mfu: 0.00 | epoch: 1 pq: 14 rg: 13 | total time: 38.81m | eta: 42.8m
step 01204/02520 (47.78%) | loss: 3.121971 | lrm: 0.81 | dt: 1951.11ms | tok/sec: 268,712 | bf16_mfu: 0.00 | epoch: 1 pq: 14 rg: 13 | total time: 38.84m | eta: 42.8m
step 01205/02520 (47.82%) | loss: 3.131697 | lrm: 0.81 | dt: 1952.34ms | tok/sec: 268,543 | bf16_mfu: 0.00 | epoch: 1 pq: 14 rg: 15 | total time: 38.88m | eta: 42.8m
step 01206/02520 (47.86%) | loss: 3.122566 | lrm: 0.81 | dt: 1952.25ms | tok/sec: 268,555 | bf16_mfu: 0.00 | epoch: 1 pq: 14 rg: 16 | total time: 38.91m | eta: 42.7m
step 01207/02520 (47.90%) | loss: 3.127414 | lrm: 0.81 | dt: 1952.93ms | tok/sec: 268,461 | bf16_mfu: 0.00 | epoch: 1 pq: 14 rg: 16 | total time: 38.94m | eta: 42.7m
step 01208/02520 (47.94%) | loss: 3.130653 | lrm: 0.81 | dt: 1951.93ms | tok/sec: 268,599 | bf16_mfu: 0.00 | epoch: 1 pq: 14 rg: 17 | total time: 38.97m | eta: 42.7m
step 01209/02520 (47.98%) | loss: 3.136561 | lrm: 0.81 | dt: 1952.75ms | tok/sec: 268,486 | bf16_mfu: 0.00 | epoch: 1 pq: 14 rg: 18 | total time: 39.01m | eta: 42.7m
step 01210/02520 (48.02%) | loss: 3.146590 | lrm: 0.81 | dt: 1950.91ms | tok/sec: 268,740 | bf16_mfu: 0.00 | epoch: 1 pq: 14 rg: 19 | total time: 39.04m | eta: 42.6m
step 01211/02520 (48.06%) | loss: 3.149775 | lrm: 0.81 | dt: 1953.97ms | tok/sec: 268,319 | bf16_mfu: 0.00 | epoch: 1 pq: 14 rg: 20 | total time: 39.07m | eta: 42.6m
step 01212/02520 (48.10%) | loss: 3.130956 | lrm: 0.81 | dt: 1953.48ms | tok/sec: 268,386 | bf16_mfu: 0.00 | epoch: 1 pq: 14 rg: 21 | total time: 39.10m | eta: 42.6m
step 01213/02520 (48.13%) | loss: 3.135883 | lrm: 0.81 | dt: 1953.42ms | tok/sec: 268,395 | bf16_mfu: 0.00 | epoch: 1 pq: 14 rg: 22 | total time: 39.14m | eta: 42.5m
step 01214/02520 (48.17%) | loss: 3.137324 | lrm: 0.81 | dt: 1957.65ms | tok/sec: 267,814 | bf16_mfu: 0.00 | epoch: 1 pq: 14 rg: 23 | total time: 39.17m | eta: 42.5m
step 01215/02520 (48.21%) | loss: 3.139903 | lrm: 0.81 | dt: 1954.21ms | tok/sec: 268,286 | bf16_mfu: 0.00 | epoch: 1 pq: 14 rg: 24 | total time: 39.20m | eta: 42.5m
step 01216/02520 (48.25%) | loss: 3.146740 | lrm: 0.81 | dt: 1953.75ms | tok/sec: 268,350 | bf16_mfu: 0.00 | epoch: 1 pq: 14 rg: 25 | total time: 39.24m | eta: 42.4m
step 01217/02520 (48.29%) | loss: 3.145017 | lrm: 0.81 | dt: 1953.70ms | tok/sec: 268,356 | bf16_mfu: 0.00 | epoch: 1 pq: 14 rg: 26 | total time: 39.27m | eta: 42.4m
step 01218/02520 (48.33%) | loss: 3.136691 | lrm: 0.81 | dt: 1953.69ms | tok/sec: 268,357 | bf16_mfu: 0.00 | epoch: 1 pq: 14 rg: 27 | total time: 39.30m | eta: 42.4m
step 01219/02520 (48.37%) | loss: 3.136217 | lrm: 0.80 | dt: 1953.97ms | tok/sec: 268,319 | bf16_mfu: 0.00 | epoch: 1 pq: 14 rg: 28 | total time: 39.33m | eta: 42.3m
step 01220/02520 (48.41%) | loss: 3.140226 | lrm: 0.80 | dt: 1954.70ms | tok/sec: 268,219 | bf16_mfu: 0.00 | epoch: 1 pq: 14 rg: 29 | total time: 39.37m | eta: 42.3m
step 01221/02520 (48.45%) | loss: 3.134111 | lrm: 0.80 | dt: 1953.17ms | tok/sec: 268,429 | bf16_mfu: 0.00 | epoch: 1 pq: 14 rg: 30 | total time: 39.40m | eta: 42.3m
step 01222/02520 (48.49%) | loss: 3.124972 | lrm: 0.80 | dt: 1954.47ms | tok/sec: 268,250 | bf16_mfu: 0.00 | epoch: 1 pq: 14 rg: 31 | total time: 39.43m | eta: 42.2m
step 01223/02520 (48.53%) | loss: 3.118346 | lrm: 0.80 | dt: 1953.72ms | tok/sec: 268,353 | bf16_mfu: 0.00 | epoch: 1 pq: 14 rg: 32 | total time: 39.46m | eta: 42.2m
step 01224/02520 (48.57%) | loss: 3.116263 | lrm: 0.80 | dt: 1954.33ms | tok/sec: 268,269 | bf16_mfu: 0.00 | epoch: 1 pq: 14 rg: 33 | total time: 39.50m | eta: 42.2m
step 01225/02520 (48.61%) | loss: 3.113250 | lrm: 0.80 | dt: 1955.96ms | tok/sec: 268,046 | bf16_mfu: 0.00 | epoch: 1 pq: 14 rg: 34 | total time: 39.53m | eta: 42.1m
step 01226/02520 (48.65%) | loss: 3.108068 | lrm: 0.80 | dt: 1955.46ms | tok/sec: 268,114 | bf16_mfu: 0.00 | epoch: 1 pq: 14 rg: 35 | total time: 39.56m | eta: 42.1m
step 01227/02520 (48.69%) | loss: 3.100107 | lrm: 0.80 | dt: 1954.48ms | tok/sec: 268,249 | bf16_mfu: 0.00 | epoch: 1 pq: 14 rg: 36 | total time: 39.59m | eta: 42.1m
step 01228/02520 (48.73%) | loss: 3.109395 | lrm: 0.80 | dt: 1956.89ms | tok/sec: 267,918 | bf16_mfu: 0.00 | epoch: 1 pq: 14 rg: 37 | total time: 39.63m | eta: 42.0m
step 01229/02520 (48.77%) | loss: 3.101079 | lrm: 0.80 | dt: 1955.44ms | tok/sec: 268,117 | bf16_mfu: 0.00 | epoch: 1 pq: 14 rg: 38 | total time: 39.66m | eta: 42.0m
step 01230/02520 (48.81%) | loss: 3.104345 | lrm: 0.80 | dt: 1955.90ms | tok/sec: 268,054 | bf16_mfu: 0.00 | epoch: 1 pq: 14 rg: 39 | total time: 39.69m | eta: 42.0m
step 01231/02520 (48.85%) | loss: 3.103330 | lrm: 0.80 | dt: 1956.81ms | tok/sec: 267,930 | bf16_mfu: 0.00 | epoch: 1 pq: 14 rg: 40 | total time: 39.72m | eta: 41.9m
step 01232/02520 (48.89%) | loss: 3.106119 | lrm: 0.80 | dt: 1954.67ms | tok/sec: 268,223 | bf16_mfu: 0.00 | epoch: 1 pq: 14 rg: 41 | total time: 39.76m | eta: 41.9m
step 01233/02520 (48.93%) | loss: 3.108664 | lrm: 0.80 | dt: 1955.23ms | tok/sec: 268,146 | bf16_mfu: 0.00 | epoch: 1 pq: 14 rg: 42 | total time: 39.79m | eta: 41.9m
step 01234/02520 (48.97%) | loss: 3.106724 | lrm: 0.80 | dt: 1955.85ms | tok/sec: 268,062 | bf16_mfu: 0.00 | epoch: 1 pq: 14 rg: 43 | total time: 39.82m | eta: 41.8m
step 01235/02520 (49.01%) | loss: 3.091368 | lrm: 0.80 | dt: 1956.25ms | tok/sec: 268,006 | bf16_mfu: 0.00 | epoch: 1 pq: 14 rg: 44 | total time: 39.85m | eta: 41.8m
step 01236/02520 (49.05%) | loss: 3.094057 | lrm: 0.79 | dt: 1957.47ms | tok/sec: 267,839 | bf16_mfu: 0.00 | epoch: 1 pq: 14 rg: 45 | total time: 39.89m | eta: 41.8m
step 01237/02520 (49.09%) | loss: 3.100599 | lrm: 0.79 | dt: 1957.59ms | tok/sec: 267,822 | bf16_mfu: 0.00 | epoch: 1 pq: 14 rg: 46 | total time: 39.92m | eta: 41.7m
step 01238/02520 (49.13%) | loss: 3.101132 | lrm: 0.79 | dt: 1958.12ms | tok/sec: 267,751 | bf16_mfu: 0.00 | epoch: 1 pq: 14 rg: 47 | total time: 39.95m | eta: 41.7m
step 01239/02520 (49.17%) | loss: 3.093560 | lrm: 0.79 | dt: 1957.89ms | tok/sec: 267,782 | bf16_mfu: 0.00 | epoch: 1 pq: 14 rg: 48 | total time: 39.98m | eta: 41.7m
step 01240/02520 (49.21%) | loss: 3.095693 | lrm: 0.79 | dt: 1957.84ms | tok/sec: 267,789 | bf16_mfu: 0.00 | epoch: 1 pq: 14 rg: 49 | total time: 40.02m | eta: 41.6m
step 01241/02520 (49.25%) | loss: 3.094584 | lrm: 0.79 | dt: 1958.35ms | tok/sec: 267,719 | bf16_mfu: 0.00 | epoch: 1 pq: 14 rg: 50 | total time: 40.05m | eta: 41.6m
step 01242/02520 (49.29%) | loss: 3.088879 | lrm: 0.79 | dt: 1958.41ms | tok/sec: 267,711 | bf16_mfu: 0.00 | epoch: 1 pq: 14 rg: 51 | total time: 40.08m | eta: 41.6m
step 01243/02520 (49.33%) | loss: 3.076246 | lrm: 0.79 | dt: 1959.45ms | tok/sec: 267,568 | bf16_mfu: 0.00 | epoch: 1 pq: 14 rg: 51 | total time: 40.12m | eta: 41.5m
step 01244/02520 (49.37%) | loss: 3.077425 | lrm: 0.79 | dt: 1959.23ms | tok/sec: 267,598 | bf16_mfu: 0.00 | epoch: 1 pq: 14 rg: 52 | total time: 40.15m | eta: 41.5m
step 01245/02520 (49.40%) | loss: 3.075693 | lrm: 0.79 | dt: 1959.50ms | tok/sec: 267,562 | bf16_mfu: 0.00 | epoch: 1 pq: 14 rg: 53 | total time: 40.18m | eta: 41.5m
step 01246/02520 (49.44%) | loss: 3.080499 | lrm: 0.79 | dt: 1960.71ms | tok/sec: 267,397 | bf16_mfu: 0.00 | epoch: 1 pq: 14 rg: 54 | total time: 40.21m | eta: 41.4m
step 01247/02520 (49.48%) | loss: 3.092182 | lrm: 0.79 | dt: 1960.41ms | tok/sec: 267,438 | bf16_mfu: 0.00 | epoch: 1 pq: 14 rg: 55 | total time: 40.25m | eta: 41.4m
step 01248/02520 (49.52%) | loss: 3.105697 | lrm: 0.79 | dt: 1960.91ms | tok/sec: 267,369 | bf16_mfu: 0.00 | epoch: 1 pq: 14 rg: 56 | total time: 40.28m | eta: 41.4m
step 01249/02520 (49.56%) | loss: 3.103425 | lrm: 0.79 | dt: 1958.74ms | tok/sec: 267,665 | bf16_mfu: 0.00 | epoch: 1 pq: 14 rg: 57 | total time: 40.31m | eta: 41.4m
Step 01250 | Validation bpb: 0.947966
step 01250/02520 (49.60%) | loss: 3.108744 | lrm: 0.79 | dt: 1943.37ms | tok/sec: 269,782 | bf16_mfu: 0.00 | epoch: 1 pq: 14 rg: 58 | total time: 40.34m | eta: 41.3m
step 01251/02520 (49.64%) | loss: 3.112275 | lrm: 0.79 | dt: 1948.98ms | tok/sec: 269,006 | bf16_mfu: 0.00 | epoch: 1 pq: 14 rg: 59 | total time: 40.38m | eta: 41.3m
step 01252/02520 (49.68%) | loss: 3.105171 | lrm: 0.79 | dt: 1949.67ms | tok/sec: 268,910 | bf16_mfu: 0.00 | epoch: 1 pq: 14 rg: 60 | total time: 40.41m | eta: 41.3m
step 01253/02520 (49.72%) | loss: 3.105695 | lrm: 0.78 | dt: 1948.98ms | tok/sec: 269,005 | bf16_mfu: 0.00 | epoch: 1 pq: 14 rg: 61 | total time: 40.44m | eta: 41.2m
step 01254/02520 (49.76%) | loss: 3.106753 | lrm: 0.78 | dt: 1949.79ms | tok/sec: 268,894 | bf16_mfu: 0.00 | epoch: 1 pq: 14 rg: 62 | total time: 40.47m | eta: 41.2m
step 01255/02520 (49.80%) | loss: 3.107319 | lrm: 0.78 | dt: 1949.68ms | tok/sec: 268,909 | bf16_mfu: 0.00 | epoch: 1 pq: 14 rg: 63 | total time: 40.51m | eta: 41.2m
step 01256/02520 (49.84%) | loss: 3.098218 | lrm: 0.78 | dt: 1949.46ms | tok/sec: 268,939 | bf16_mfu: 0.00 | epoch: 1 pq: 14 rg: 64 | total time: 40.54m | eta: 41.1m
step 01257/02520 (49.88%) | loss: 3.103963 | lrm: 0.78 | dt: 1949.01ms | tok/sec: 269,002 | bf16_mfu: 0.00 | epoch: 1 pq: 14 rg: 65 | total time: 40.57m | eta: 41.1m
step 01258/02520 (49.92%) | loss: 3.107243 | lrm: 0.78 | dt: 1951.09ms | tok/sec: 268,715 | bf16_mfu: 0.00 | epoch: 1 pq: 14 rg: 66 | total time: 40.60m | eta: 41.1m
step 01259/02520 (49.96%) | loss: 3.115172 | lrm: 0.78 | dt: 1950.64ms | tok/sec: 268,777 | bf16_mfu: 0.00 | epoch: 1 pq: 14 rg: 67 | total time: 40.64m | eta: 41.0m
step 01260/02520 (50.00%) | loss: 3.105926 | lrm: 0.78 | dt: 1949.86ms | tok/sec: 268,884 | bf16_mfu: 0.00 | epoch: 1 pq: 14 rg: 68 | total time: 40.67m | eta: 41.0m
step 01261/02520 (50.04%) | loss: 3.113137 | lrm: 0.78 | dt: 1951.18ms | tok/sec: 268,702 | bf16_mfu: 0.00 | epoch: 1 pq: 14 rg: 69 | total time: 40.70m | eta: 41.0m
step 01262/02520 (50.08%) | loss: 3.113802 | lrm: 0.78 | dt: 1951.25ms | tok/sec: 268,692 | bf16_mfu: 0.00 | epoch: 1 pq: 14 rg: 70 | total time: 40.73m | eta: 40.9m
step 01263/02520 (50.12%) | loss: 3.102193 | lrm: 0.78 | dt: 1950.75ms | tok/sec: 268,762 | bf16_mfu: 0.00 | epoch: 1 pq: 14 rg: 71 | total time: 40.77m | eta: 40.9m
step 01264/02520 (50.16%) | loss: 3.091168 | lrm: 0.78 | dt: 1951.82ms | tok/sec: 268,615 | bf16_mfu: 0.00 | epoch: 1 pq: 14 rg: 72 | total time: 40.80m | eta: 40.9m
step 01265/02520 (50.20%) | loss: 3.092132 | lrm: 0.78 | dt: 1950.63ms | tok/sec: 268,778 | bf16_mfu: 0.00 | epoch: 1 pq: 14 rg: 73 | total time: 40.83m | eta: 40.8m
step 01266/02520 (50.24%) | loss: 3.087094 | lrm: 0.78 | dt: 1952.28ms | tok/sec: 268,551 | bf16_mfu: 0.00 | epoch: 1 pq: 14 rg: 74 | total time: 40.86m | eta: 40.8m
step 01267/02520 (50.28%) | loss: 3.085728 | lrm: 0.78 | dt: 1952.21ms | tok/sec: 268,561 | bf16_mfu: 0.00 | epoch: 1 pq: 14 rg: 75 | total time: 40.90m | eta: 40.8m
step 01268/02520 (50.32%) | loss: 3.088683 | lrm: 0.78 | dt: 1950.99ms | tok/sec: 268,728 | bf16_mfu: 0.00 | epoch: 1 pq: 14 rg: 76 | total time: 40.93m | eta: 40.7m
step 01269/02520 (50.36%) | loss: 3.088787 | lrm: 0.78 | dt: 1952.12ms | tok/sec: 268,574 | bf16_mfu: 0.00 | epoch: 1 pq: 14 rg: 77 | total time: 40.96m | eta: 40.7m
step 01270/02520 (50.40%) | loss: 3.088475 | lrm: 0.77 | dt: 1951.55ms | tok/sec: 268,651 | bf16_mfu: 0.00 | epoch: 1 pq: 14 rg: 78 | total time: 40.99m | eta: 40.7m
step 01271/02520 (50.44%) | loss: 3.083837 | lrm: 0.77 | dt: 1951.99ms | tok/sec: 268,590 | bf16_mfu: 0.00 | epoch: 1 pq: 14 rg: 79 | total time: 41.03m | eta: 40.6m
step 01272/02520 (50.48%) | loss: 3.082483 | lrm: 0.77 | dt: 1951.66ms | tok/sec: 268,636 | bf16_mfu: 0.00 | epoch: 1 pq: 14 rg: 80 | total time: 41.06m | eta: 40.6m
step 01273/02520 (50.52%) | loss: 3.094064 | lrm: 0.77 | dt: 1950.93ms | tok/sec: 268,736 | bf16_mfu: 0.00 | epoch: 1 pq: 14 rg: 81 | total time: 41.09m | eta: 40.6m
step 01274/02520 (50.56%) | loss: 3.098939 | lrm: 0.77 | dt: 1952.01ms | tok/sec: 268,589 | bf16_mfu: 0.00 | epoch: 1 pq: 14 rg: 82 | total time: 41.12m | eta: 40.5m
step 01275/02520 (50.60%) | loss: 3.105121 | lrm: 0.77 | dt: 1951.65ms | tok/sec: 268,638 | bf16_mfu: 0.00 | epoch: 1 pq: 15 rg: 0 | total time: 41.16m | eta: 40.5m
step 01276/02520 (50.63%) | loss: 3.110286 | lrm: 0.77 | dt: 1951.60ms | tok/sec: 268,645 | bf16_mfu: 0.00 | epoch: 1 pq: 15 rg: 1 | total time: 41.19m | eta: 40.5m
step 01277/02520 (50.67%) | loss: 3.098945 | lrm: 0.77 | dt: 1956.16ms | tok/sec: 268,018 | bf16_mfu: 0.00 | epoch: 1 pq: 15 rg: 2 | total time: 41.22m | eta: 40.4m
step 01278/02520 (50.71%) | loss: 3.087297 | lrm: 0.77 | dt: 1952.53ms | tok/sec: 268,516 | bf16_mfu: 0.00 | epoch: 1 pq: 15 rg: 3 | total time: 41.25m | eta: 40.4m
step 01279/02520 (50.75%) | loss: 3.078074 | lrm: 0.77 | dt: 1952.15ms | tok/sec: 268,569 | bf16_mfu: 0.00 | epoch: 1 pq: 15 rg: 4 | total time: 41.29m | eta: 40.4m
step 01280/02520 (50.79%) | loss: 3.072572 | lrm: 0.77 | dt: 1952.75ms | tok/sec: 268,487 | bf16_mfu: 0.00 | epoch: 1 pq: 15 rg: 5 | total time: 41.32m | eta: 40.3m
step 01281/02520 (50.83%) | loss: 3.071308 | lrm: 0.77 | dt: 1953.04ms | tok/sec: 268,447 | bf16_mfu: 0.00 | epoch: 1 pq: 15 rg: 5 | total time: 41.35m | eta: 40.3m
step 01282/02520 (50.87%) | loss: 3.074922 | lrm: 0.77 | dt: 1952.58ms | tok/sec: 268,510 | bf16_mfu: 0.00 | epoch: 1 pq: 15 rg: 6 | total time: 41.38m | eta: 40.3m
step 01283/02520 (50.91%) | loss: 3.066080 | lrm: 0.77 | dt: 1953.62ms | tok/sec: 268,367 | bf16_mfu: 0.00 | epoch: 1 pq: 15 rg: 7 | total time: 41.42m | eta: 40.2m
step 01284/02520 (50.95%) | loss: 3.069931 | lrm: 0.77 | dt: 1953.86ms | tok/sec: 268,334 | bf16_mfu: 0.00 | epoch: 1 pq: 15 rg: 8 | total time: 41.45m | eta: 40.2m
step 01285/02520 (50.99%) | loss: 3.081357 | lrm: 0.77 | dt: 1954.46ms | tok/sec: 268,252 | bf16_mfu: 0.00 | epoch: 1 pq: 15 rg: 9 | total time: 41.48m | eta: 40.2m
step 01286/02520 (51.03%) | loss: 3.087952 | lrm: 0.77 | dt: 1953.93ms | tok/sec: 268,324 | bf16_mfu: 0.00 | epoch: 1 pq: 15 rg: 10 | total time: 41.51m | eta: 40.1m
step 01287/02520 (51.07%) | loss: 3.074979 | lrm: 0.77 | dt: 1952.76ms | tok/sec: 268,485 | bf16_mfu: 0.00 | epoch: 1 pq: 15 rg: 11 | total time: 41.55m | eta: 40.1m
step 01288/02520 (51.11%) | loss: 3.068352 | lrm: 0.76 | dt: 1953.81ms | tok/sec: 268,341 | bf16_mfu: 0.00 | epoch: 1 pq: 15 rg: 12 | total time: 41.58m | eta: 40.1m
step 01289/02520 (51.15%) | loss: 3.076143 | lrm: 0.76 | dt: 1952.77ms | tok/sec: 268,483 | bf16_mfu: 0.00 | epoch: 1 pq: 15 rg: 13 | total time: 41.61m | eta: 40.1m
step 01290/02520 (51.19%) | loss: 3.077564 | lrm: 0.76 | dt: 1950.64ms | tok/sec: 268,777 | bf16_mfu: 0.00 | epoch: 1 pq: 15 rg: 14 | total time: 41.64m | eta: 40.0m
step 01291/02520 (51.23%) | loss: 3.084128 | lrm: 0.76 | dt: 1953.70ms | tok/sec: 268,355 | bf16_mfu: 0.00 | epoch: 1 pq: 15 rg: 15 | total time: 41.68m | eta: 40.0m
step 01292/02520 (51.27%) | loss: 3.083700 | lrm: 0.76 | dt: 1953.71ms | tok/sec: 268,355 | bf16_mfu: 0.00 | epoch: 1 pq: 15 rg: 16 | total time: 41.71m | eta: 40.0m
step 01293/02520 (51.31%) | loss: 3.084278 | lrm: 0.76 | dt: 1953.87ms | tok/sec: 268,333 | bf16_mfu: 0.00 | epoch: 1 pq: 15 rg: 17 | total time: 41.74m | eta: 39.9m
step 01294/02520 (51.35%) | loss: 3.080882 | lrm: 0.76 | dt: 1955.12ms | tok/sec: 268,161 | bf16_mfu: 0.00 | epoch: 1 pq: 15 rg: 18 | total time: 41.78m | eta: 39.9m
step 01295/02520 (51.39%) | loss: 3.074991 | lrm: 0.76 | dt: 1954.31ms | tok/sec: 268,272 | bf16_mfu: 0.00 | epoch: 1 pq: 15 rg: 19 | total time: 41.81m | eta: 39.9m
step 01296/02520 (51.43%) | loss: 3.084386 | lrm: 0.76 | dt: 1952.96ms | tok/sec: 268,457 | bf16_mfu: 0.00 | epoch: 1 pq: 15 rg: 20 | total time: 41.84m | eta: 39.8m
step 01297/02520 (51.47%) | loss: 3.086757 | lrm: 0.76 | dt: 1952.78ms | tok/sec: 268,483 | bf16_mfu: 0.00 | epoch: 1 pq: 15 rg: 21 | total time: 41.87m | eta: 39.8m
step 01298/02520 (51.51%) | loss: 3.086515 | lrm: 0.76 | dt: 1952.93ms | tok/sec: 268,462 | bf16_mfu: 0.00 | epoch: 1 pq: 15 rg: 22 | total time: 41.91m | eta: 39.8m
step 01299/02520 (51.55%) | loss: 3.091189 | lrm: 0.76 | dt: 1952.96ms | tok/sec: 268,458 | bf16_mfu: 0.00 | epoch: 1 pq: 15 rg: 23 | total time: 41.94m | eta: 39.7m
step 01300/02520 (51.59%) | loss: 3.090816 | lrm: 0.76 | dt: 1952.38ms | tok/sec: 268,537 | bf16_mfu: 0.00 | epoch: 1 pq: 15 rg: 24 | total time: 41.97m | eta: 39.7m
step 01301/02520 (51.63%) | loss: 3.085842 | lrm: 0.76 | dt: 1952.68ms | tok/sec: 268,496 | bf16_mfu: 0.00 | epoch: 1 pq: 15 rg: 25 | total time: 42.00m | eta: 39.7m
step 01302/02520 (51.67%) | loss: 3.086262 | lrm: 0.76 | dt: 1953.21ms | tok/sec: 268,423 | bf16_mfu: 0.00 | epoch: 1 pq: 15 rg: 26 | total time: 42.04m | eta: 39.6m
step 01303/02520 (51.71%) | loss: 3.083156 | lrm: 0.76 | dt: 1952.03ms | tok/sec: 268,585 | bf16_mfu: 0.00 | epoch: 1 pq: 15 rg: 27 | total time: 42.07m | eta: 39.6m
step 01304/02520 (51.75%) | loss: 3.074438 | lrm: 0.76 | dt: 1952.21ms | tok/sec: 268,561 | bf16_mfu: 0.00 | epoch: 1 pq: 15 rg: 28 | total time: 42.10m | eta: 39.6m
step 01305/02520 (51.79%) | loss: 3.080345 | lrm: 0.75 | dt: 1952.49ms | tok/sec: 268,522 | bf16_mfu: 0.00 | epoch: 1 pq: 15 rg: 29 | total time: 42.13m | eta: 39.5m
step 01306/02520 (51.83%) | loss: 3.088766 | lrm: 0.75 | dt: 1953.64ms | tok/sec: 268,364 | bf16_mfu: 0.00 | epoch: 1 pq: 15 rg: 30 | total time: 42.17m | eta: 39.5m
step 01307/02520 (51.87%) | loss: 3.088045 | lrm: 0.75 | dt: 1954.27ms | tok/sec: 268,278 | bf16_mfu: 0.00 | epoch: 1 pq: 15 rg: 31 | total time: 42.20m | eta: 39.5m
step 01308/02520 (51.90%) | loss: 3.084460 | lrm: 0.75 | dt: 1953.52ms | tok/sec: 268,381 | bf16_mfu: 0.00 | epoch: 1 pq: 15 rg: 32 | total time: 42.23m | eta: 39.4m
step 01309/02520 (51.94%) | loss: 3.085311 | lrm: 0.75 | dt: 1952.69ms | tok/sec: 268,495 | bf16_mfu: 0.00 | epoch: 1 pq: 15 rg: 33 | total time: 42.26m | eta: 39.4m
step 01310/02520 (51.98%) | loss: 3.088513 | lrm: 0.75 | dt: 1952.42ms | tok/sec: 268,532 | bf16_mfu: 0.00 | epoch: 1 pq: 15 rg: 34 | total time: 42.30m | eta: 39.4m
step 01311/02520 (52.02%) | loss: 3.086203 | lrm: 0.75 | dt: 1951.23ms | tok/sec: 268,696 | bf16_mfu: 0.00 | epoch: 1 pq: 15 rg: 35 | total time: 42.33m | eta: 39.3m
step 01312/02520 (52.06%) | loss: 3.073982 | lrm: 0.75 | dt: 1951.82ms | tok/sec: 268,614 | bf16_mfu: 0.00 | epoch: 1 pq: 15 rg: 36 | total time: 42.36m | eta: 39.3m
step 01313/02520 (52.10%) | loss: 3.087191 | lrm: 0.75 | dt: 1951.30ms | tok/sec: 268,686 | bf16_mfu: 0.00 | epoch: 1 pq: 15 rg: 37 | total time: 42.39m | eta: 39.3m
step 01314/02520 (52.14%) | loss: 3.092708 | lrm: 0.75 | dt: 1951.43ms | tok/sec: 268,668 | bf16_mfu: 0.00 | epoch: 1 pq: 15 rg: 38 | total time: 42.43m | eta: 39.2m
step 01315/02520 (52.18%) | loss: 3.098781 | lrm: 0.75 | dt: 1951.63ms | tok/sec: 268,640 | bf16_mfu: 0.00 | epoch: 1 pq: 15 rg: 38 | total time: 42.46m | eta: 39.2m
step 01316/02520 (52.22%) | loss: 3.094765 | lrm: 0.75 | dt: 1951.18ms | tok/sec: 268,702 | bf16_mfu: 0.00 | epoch: 1 pq: 15 rg: 39 | total time: 42.49m | eta: 39.2m
step 01317/02520 (52.26%) | loss: 3.095069 | lrm: 0.75 | dt: 1952.50ms | tok/sec: 268,521 | bf16_mfu: 0.00 | epoch: 1 pq: 15 rg: 40 | total time: 42.52m | eta: 39.1m
step 01318/02520 (52.30%) | loss: 3.098328 | lrm: 0.75 | dt: 1951.54ms | tok/sec: 268,653 | bf16_mfu: 0.00 | epoch: 1 pq: 15 rg: 41 | total time: 42.56m | eta: 39.1m
step 01319/02520 (52.34%) | loss: 3.104769 | lrm: 0.75 | dt: 1950.77ms | tok/sec: 268,759 | bf16_mfu: 0.00 | epoch: 1 pq: 15 rg: 42 | total time: 42.59m | eta: 39.1m
step 01320/02520 (52.38%) | loss: 3.104251 | lrm: 0.75 | dt: 1950.86ms | tok/sec: 268,747 | bf16_mfu: 0.00 | epoch: 1 pq: 15 rg: 43 | total time: 42.62m | eta: 39.0m
step 01321/02520 (52.42%) | loss: 3.098754 | lrm: 0.75 | dt: 1952.17ms | tok/sec: 268,567 | bf16_mfu: 0.00 | epoch: 1 pq: 15 rg: 44 | total time: 42.65m | eta: 39.0m
step 01322/02520 (52.46%) | loss: 3.100189 | lrm: 0.74 | dt: 1951.61ms | tok/sec: 268,644 | bf16_mfu: 0.00 | epoch: 1 pq: 15 rg: 45 | total time: 42.69m | eta: 39.0m
step 01323/02520 (52.50%) | loss: 3.093526 | lrm: 0.74 | dt: 1952.23ms | tok/sec: 268,558 | bf16_mfu: 0.00 | epoch: 1 pq: 15 rg: 46 | total time: 42.72m | eta: 38.9m
step 01324/02520 (52.54%) | loss: 3.090833 | lrm: 0.74 | dt: 1952.66ms | tok/sec: 268,499 | bf16_mfu: 0.00 | epoch: 1 pq: 15 rg: 47 | total time: 42.75m | eta: 38.9m
step 01325/02520 (52.58%) | loss: 3.091145 | lrm: 0.74 | dt: 1952.00ms | tok/sec: 268,590 | bf16_mfu: 0.00 | epoch: 1 pq: 15 rg: 48 | total time: 42.78m | eta: 38.9m
step 01326/02520 (52.62%) | loss: 3.089931 | lrm: 0.74 | dt: 1951.37ms | tok/sec: 268,676 | bf16_mfu: 0.00 | epoch: 1 pq: 15 rg: 49 | total time: 42.82m | eta: 38.8m
step 01327/02520 (52.66%) | loss: 3.076822 | lrm: 0.74 | dt: 1952.72ms | tok/sec: 268,491 | bf16_mfu: 0.00 | epoch: 1 pq: 15 rg: 50 | total time: 42.85m | eta: 38.8m
step 01328/02520 (52.70%) | loss: 3.089488 | lrm: 0.74 | dt: 1952.89ms | tok/sec: 268,467 | bf16_mfu: 0.00 | epoch: 1 pq: 15 rg: 51 | total time: 42.88m | eta: 38.8m
step 01329/02520 (52.74%) | loss: 3.090885 | lrm: 0.74 | dt: 1952.09ms | tok/sec: 268,577 | bf16_mfu: 0.00 | epoch: 1 pq: 15 rg: 52 | total time: 42.91m | eta: 38.7m
step 01330/02520 (52.78%) | loss: 3.090663 | lrm: 0.74 | dt: 1950.99ms | tok/sec: 268,728 | bf16_mfu: 0.00 | epoch: 1 pq: 15 rg: 53 | total time: 42.95m | eta: 38.7m
step 01331/02520 (52.82%) | loss: 3.098165 | lrm: 0.74 | dt: 1951.20ms | tok/sec: 268,699 | bf16_mfu: 0.00 | epoch: 1 pq: 15 rg: 54 | total time: 42.98m | eta: 38.7m
step 01332/02520 (52.86%) | loss: 3.094819 | lrm: 0.74 | dt: 1951.05ms | tok/sec: 268,720 | bf16_mfu: 0.00 | epoch: 1 pq: 15 rg: 55 | total time: 43.01m | eta: 38.7m
step 01333/02520 (52.90%) | loss: 3.095015 | lrm: 0.74 | dt: 1951.06ms | tok/sec: 268,719 | bf16_mfu: 0.00 | epoch: 1 pq: 15 rg: 56 | total time: 43.04m | eta: 38.6m
step 01334/02520 (52.94%) | loss: 3.091909 | lrm: 0.74 | dt: 1950.70ms | tok/sec: 268,768 | bf16_mfu: 0.00 | epoch: 1 pq: 15 rg: 57 | total time: 43.08m | eta: 38.6m
step 01335/02520 (52.98%) | loss: 3.091029 | lrm: 0.74 | dt: 1951.00ms | tok/sec: 268,728 | bf16_mfu: 0.00 | epoch: 1 pq: 15 rg: 58 | total time: 43.11m | eta: 38.6m
step 01336/02520 (53.02%) | loss: 3.096040 | lrm: 0.74 | dt: 1950.66ms | tok/sec: 268,774 | bf16_mfu: 0.00 | epoch: 1 pq: 15 rg: 59 | total time: 43.14m | eta: 38.5m
step 01337/02520 (53.06%) | loss: 3.097126 | lrm: 0.74 | dt: 1948.79ms | tok/sec: 269,032 | bf16_mfu: 0.00 | epoch: 1 pq: 15 rg: 60 | total time: 43.17m | eta: 38.5m
step 01338/02520 (53.10%) | loss: 3.095682 | lrm: 0.74 | dt: 1949.46ms | tok/sec: 268,940 | bf16_mfu: 0.00 | epoch: 1 pq: 15 rg: 61 | total time: 43.21m | eta: 38.5m
step 01339/02520 (53.13%) | loss: 3.089507 | lrm: 0.73 | dt: 1949.60ms | tok/sec: 268,920 | bf16_mfu: 0.00 | epoch: 1 pq: 15 rg: 62 | total time: 43.24m | eta: 38.4m
step 01340/02520 (53.17%) | loss: 3.077568 | lrm: 0.73 | dt: 1950.30ms | tok/sec: 268,824 | bf16_mfu: 0.00 | epoch: 1 pq: 15 rg: 63 | total time: 43.27m | eta: 38.4m
step 01341/02520 (53.21%) | loss: 3.071842 | lrm: 0.73 | dt: 1950.99ms | tok/sec: 268,729 | bf16_mfu: 0.00 | epoch: 1 pq: 15 rg: 64 | total time: 43.30m | eta: 38.4m
step 01342/02520 (53.25%) | loss: 3.080165 | lrm: 0.73 | dt: 1950.02ms | tok/sec: 268,863 | bf16_mfu: 0.00 | epoch: 1 pq: 15 rg: 65 | total time: 43.34m | eta: 38.3m
step 01343/02520 (53.29%) | loss: 3.083008 | lrm: 0.73 | dt: 1949.73ms | tok/sec: 268,903 | bf16_mfu: 0.00 | epoch: 1 pq: 15 rg: 66 | total time: 43.37m | eta: 38.3m
step 01344/02520 (53.33%) | loss: 3.079946 | lrm: 0.73 | dt: 1948.85ms | tok/sec: 269,024 | bf16_mfu: 0.00 | epoch: 1 pq: 15 rg: 67 | total time: 43.40m | eta: 38.3m
step 01345/02520 (53.37%) | loss: 3.089103 | lrm: 0.73 | dt: 1948.71ms | tok/sec: 269,043 | bf16_mfu: 0.00 | epoch: 1 pq: 15 rg: 68 | total time: 43.43m | eta: 38.2m
step 01346/02520 (53.41%) | loss: 3.081458 | lrm: 0.73 | dt: 1948.86ms | tok/sec: 269,022 | bf16_mfu: 0.00 | epoch: 1 pq: 15 rg: 69 | total time: 43.47m | eta: 38.2m
step 01347/02520 (53.45%) | loss: 3.081856 | lrm: 0.73 | dt: 1950.56ms | tok/sec: 268,788 | bf16_mfu: 0.00 | epoch: 1 pq: 15 rg: 70 | total time: 43.50m | eta: 38.2m
step 01348/02520 (53.49%) | loss: 3.078224 | lrm: 0.73 | dt: 1949.70ms | tok/sec: 268,906 | bf16_mfu: 0.00 | epoch: 1 pq: 15 rg: 71 | total time: 43.53m | eta: 38.1m
step 01349/02520 (53.53%) | loss: 3.074806 | lrm: 0.73 | dt: 1949.57ms | tok/sec: 268,924 | bf16_mfu: 0.00 | epoch: 1 pq: 15 rg: 72 | total time: 43.56m | eta: 38.1m
step 01350/02520 (53.57%) | loss: 3.074501 | lrm: 0.73 | dt: 1949.12ms | tok/sec: 268,986 | bf16_mfu: 0.00 | epoch: 1 pq: 15 rg: 73 | total time: 43.60m | eta: 38.1m
step 01351/02520 (53.61%) | loss: 3.070460 | lrm: 0.73 | dt: 1949.54ms | tok/sec: 268,928 | bf16_mfu: 0.00 | epoch: 1 pq: 15 rg: 74 | total time: 43.63m | eta: 38.0m
step 01352/02520 (53.65%) | loss: 3.072590 | lrm: 0.73 | dt: 1947.42ms | tok/sec: 269,222 | bf16_mfu: 0.00 | epoch: 1 pq: 15 rg: 74 | total time: 43.66m | eta: 38.0m
step 01353/02520 (53.69%) | loss: 3.062229 | lrm: 0.73 | dt: 1948.24ms | tok/sec: 269,107 | bf16_mfu: 0.00 | epoch: 1 pq: 15 rg: 75 | total time: 43.69m | eta: 38.0m
step 01354/02520 (53.73%) | loss: 3.071414 | lrm: 0.73 | dt: 1949.92ms | tok/sec: 268,876 | bf16_mfu: 0.00 | epoch: 1 pq: 15 rg: 76 | total time: 43.73m | eta: 37.9m
step 01355/02520 (53.77%) | loss: 3.076927 | lrm: 0.73 | dt: 1948.68ms | tok/sec: 269,047 | bf16_mfu: 0.00 | epoch: 1 pq: 15 rg: 77 | total time: 43.76m | eta: 37.9m
step 01356/02520 (53.81%) | loss: 3.078251 | lrm: 0.73 | dt: 1949.53ms | tok/sec: 268,930 | bf16_mfu: 0.00 | epoch: 1 pq: 15 rg: 78 | total time: 43.79m | eta: 37.9m
step 01357/02520 (53.85%) | loss: 3.075089 | lrm: 0.72 | dt: 1948.99ms | tok/sec: 269,004 | bf16_mfu: 0.00 | epoch: 1 pq: 15 rg: 79 | total time: 43.82m | eta: 37.8m
step 01358/02520 (53.89%) | loss: 3.088006 | lrm: 0.72 | dt: 1949.50ms | tok/sec: 268,934 | bf16_mfu: 0.00 | epoch: 1 pq: 15 rg: 80 | total time: 43.86m | eta: 37.8m
step 01359/02520 (53.93%) | loss: 3.097943 | lrm: 0.72 | dt: 1948.88ms | tok/sec: 269,019 | bf16_mfu: 0.00 | epoch: 1 pq: 15 rg: 81 | total time: 43.89m | eta: 37.8m
step 01360/02520 (53.97%) | loss: 3.088724 | lrm: 0.72 | dt: 1951.12ms | tok/sec: 268,710 | bf16_mfu: 0.00 | epoch: 1 pq: 15 rg: 82 | total time: 43.92m | eta: 37.7m
step 01361/02520 (54.01%) | loss: 3.078203 | lrm: 0.72 | dt: 1949.96ms | tok/sec: 268,870 | bf16_mfu: 0.00 | epoch: 1 pq: 16 rg: 0 | total time: 43.95m | eta: 37.7m
step 01362/02520 (54.05%) | loss: 3.073550 | lrm: 0.72 | dt: 1949.34ms | tok/sec: 268,956 | bf16_mfu: 0.00 | epoch: 1 pq: 16 rg: 1 | total time: 43.99m | eta: 37.7m
step 01363/02520 (54.09%) | loss: 3.068610 | lrm: 0.72 | dt: 1950.58ms | tok/sec: 268,786 | bf16_mfu: 0.00 | epoch: 1 pq: 16 rg: 2 | total time: 44.02m | eta: 37.6m
step 01364/02520 (54.13%) | loss: 3.068830 | lrm: 0.72 | dt: 1949.52ms | tok/sec: 268,931 | bf16_mfu: 0.00 | epoch: 1 pq: 16 rg: 3 | total time: 44.05m | eta: 37.6m
step 01365/02520 (54.17%) | loss: 3.067344 | lrm: 0.72 | dt: 1950.80ms | tok/sec: 268,755 | bf16_mfu: 0.00 | epoch: 1 pq: 16 rg: 4 | total time: 44.08m | eta: 37.6m
step 01366/02520 (54.21%) | loss: 3.066938 | lrm: 0.72 | dt: 1950.21ms | tok/sec: 268,837 | bf16_mfu: 0.00 | epoch: 1 pq: 16 rg: 5 | total time: 44.12m | eta: 37.5m
step 01367/02520 (54.25%) | loss: 3.079733 | lrm: 0.72 | dt: 1951.08ms | tok/sec: 268,716 | bf16_mfu: 0.00 | epoch: 1 pq: 16 rg: 6 | total time: 44.15m | eta: 37.5m
step 01368/02520 (54.29%) | loss: 3.081645 | lrm: 0.72 | dt: 1951.05ms | tok/sec: 268,720 | bf16_mfu: 0.00 | epoch: 1 pq: 16 rg: 7 | total time: 44.18m | eta: 37.5m
step 01369/02520 (54.33%) | loss: 3.086616 | lrm: 0.72 | dt: 1953.90ms | tok/sec: 268,328 | bf16_mfu: 0.00 | epoch: 1 pq: 16 rg: 8 | total time: 44.21m | eta: 37.4m
step 01370/02520 (54.37%) | loss: 3.085693 | lrm: 0.72 | dt: 1950.06ms | tok/sec: 268,856 | bf16_mfu: 0.00 | epoch: 1 pq: 16 rg: 9 | total time: 44.25m | eta: 37.4m
step 01371/02520 (54.40%) | loss: 3.084436 | lrm: 0.72 | dt: 1950.63ms | tok/sec: 268,778 | bf16_mfu: 0.00 | epoch: 1 pq: 16 rg: 10 | total time: 44.28m | eta: 37.4m
step 01372/02520 (54.44%) | loss: 3.074091 | lrm: 0.72 | dt: 1948.26ms | tok/sec: 269,106 | bf16_mfu: 0.00 | epoch: 1 pq: 16 rg: 11 | total time: 44.31m | eta: 37.3m
step 01373/02520 (54.48%) | loss: 3.067771 | lrm: 0.72 | dt: 1950.95ms | tok/sec: 268,734 | bf16_mfu: 0.00 | epoch: 1 pq: 16 rg: 12 | total time: 44.34m | eta: 37.3m
step 01374/02520 (54.52%) | loss: 3.064443 | lrm: 0.71 | dt: 1950.29ms | tok/sec: 268,825 | bf16_mfu: 0.00 | epoch: 1 pq: 16 rg: 13 | total time: 44.38m | eta: 37.3m
step 01375/02520 (54.56%) | loss: 3.074076 | lrm: 0.71 | dt: 1952.02ms | tok/sec: 268,587 | bf16_mfu: 0.00 | epoch: 1 pq: 16 rg: 14 | total time: 44.41m | eta: 37.3m
step 01376/02520 (54.60%) | loss: 3.076863 | lrm: 0.71 | dt: 1950.54ms | tok/sec: 268,791 | bf16_mfu: 0.00 | epoch: 1 pq: 16 rg: 15 | total time: 44.44m | eta: 37.2m
step 01377/02520 (54.64%) | loss: 3.080120 | lrm: 0.71 | dt: 1948.96ms | tok/sec: 269,009 | bf16_mfu: 0.00 | epoch: 1 pq: 16 rg: 16 | total time: 44.47m | eta: 37.2m
step 01378/02520 (54.68%) | loss: 3.076149 | lrm: 0.71 | dt: 1949.07ms | tok/sec: 268,993 | bf16_mfu: 0.00 | epoch: 1 pq: 16 rg: 17 | total time: 44.51m | eta: 37.2m
step 01379/02520 (54.72%) | loss: 3.077546 | lrm: 0.71 | dt: 1949.95ms | tok/sec: 268,873 | bf16_mfu: 0.00 | epoch: 1 pq: 16 rg: 18 | total time: 44.54m | eta: 37.1m
step 01380/02520 (54.76%) | loss: 3.085376 | lrm: 0.71 | dt: 1949.25ms | tok/sec: 268,969 | bf16_mfu: 0.00 | epoch: 1 pq: 16 rg: 19 | total time: 44.57m | eta: 37.1m
step 01381/02520 (54.80%) | loss: 3.083142 | lrm: 0.71 | dt: 1950.12ms | tok/sec: 268,849 | bf16_mfu: 0.00 | epoch: 1 pq: 16 rg: 20 | total time: 44.60m | eta: 37.1m
step 01382/02520 (54.84%) | loss: 3.070255 | lrm: 0.71 | dt: 1950.85ms | tok/sec: 268,748 | bf16_mfu: 0.00 | epoch: 1 pq: 16 rg: 21 | total time: 44.64m | eta: 37.0m
step 01383/02520 (54.88%) | loss: 3.076229 | lrm: 0.71 | dt: 1949.37ms | tok/sec: 268,952 | bf16_mfu: 0.00 | epoch: 1 pq: 16 rg: 22 | total time: 44.67m | eta: 37.0m
step 01384/02520 (54.92%) | loss: 3.072300 | lrm: 0.71 | dt: 1949.60ms | tok/sec: 268,920 | bf16_mfu: 0.00 | epoch: 1 pq: 16 rg: 23 | total time: 44.70m | eta: 37.0m
step 01385/02520 (54.96%) | loss: 3.072317 | lrm: 0.71 | dt: 1949.48ms | tok/sec: 268,937 | bf16_mfu: 0.00 | epoch: 1 pq: 16 rg: 24 | total time: 44.73m | eta: 36.9m
step 01386/02520 (55.00%) | loss: 3.073821 | lrm: 0.71 | dt: 1950.18ms | tok/sec: 268,841 | bf16_mfu: 0.00 | epoch: 1 pq: 16 rg: 25 | total time: 44.77m | eta: 36.9m
step 01387/02520 (55.04%) | loss: 3.091072 | lrm: 0.71 | dt: 1950.14ms | tok/sec: 268,846 | bf16_mfu: 0.00 | epoch: 1 pq: 16 rg: 26 | total time: 44.80m | eta: 36.9m
step 01388/02520 (55.08%) | loss: 3.092247 | lrm: 0.71 | dt: 1951.14ms | tok/sec: 268,708 | bf16_mfu: 0.00 | epoch: 1 pq: 16 rg: 27 | total time: 44.83m | eta: 36.8m
step 01389/02520 (55.12%) | loss: 3.093920 | lrm: 0.71 | dt: 1949.76ms | tok/sec: 268,899 | bf16_mfu: 0.00 | epoch: 1 pq: 16 rg: 28 | total time: 44.86m | eta: 36.8m
step 01390/02520 (55.16%) | loss: 3.088964 | lrm: 0.71 | dt: 1949.52ms | tok/sec: 268,931 | bf16_mfu: 0.00 | epoch: 1 pq: 16 rg: 29 | total time: 44.90m | eta: 36.8m
step 01391/02520 (55.20%) | loss: 3.093125 | lrm: 0.70 | dt: 1949.12ms | tok/sec: 268,986 | bf16_mfu: 0.00 | epoch: 1 pq: 16 rg: 30 | total time: 44.93m | eta: 36.7m
step 01392/02520 (55.24%) | loss: 3.091251 | lrm: 0.70 | dt: 1949.02ms | tok/sec: 269,000 | bf16_mfu: 0.00 | epoch: 1 pq: 16 rg: 30 | total time: 44.96m | eta: 36.7m
step 01393/02520 (55.28%) | loss: 3.091557 | lrm: 0.70 | dt: 1951.09ms | tok/sec: 268,715 | bf16_mfu: 0.00 | epoch: 1 pq: 16 rg: 31 | total time: 44.99m | eta: 36.7m
step 01394/02520 (55.32%) | loss: 3.090931 | lrm: 0.70 | dt: 1949.37ms | tok/sec: 268,952 | bf16_mfu: 0.00 | epoch: 1 pq: 16 rg: 32 | total time: 45.03m | eta: 36.6m
step 01395/02520 (55.36%) | loss: 3.076036 | lrm: 0.70 | dt: 1949.11ms | tok/sec: 268,988 | bf16_mfu: 0.00 | epoch: 1 pq: 16 rg: 33 | total time: 45.06m | eta: 36.6m
step 01396/02520 (55.40%) | loss: 3.067225 | lrm: 0.70 | dt: 1949.06ms | tok/sec: 268,994 | bf16_mfu: 0.00 | epoch: 1 pq: 16 rg: 34 | total time: 45.09m | eta: 36.6m
step 01397/02520 (55.44%) | loss: 3.059941 | lrm: 0.70 | dt: 1949.75ms | tok/sec: 268,899 | bf16_mfu: 0.00 | epoch: 1 pq: 16 rg: 35 | total time: 45.12m | eta: 36.5m
step 01398/02520 (55.48%) | loss: 3.060401 | lrm: 0.70 | dt: 1949.79ms | tok/sec: 268,894 | bf16_mfu: 0.00 | epoch: 1 pq: 16 rg: 36 | total time: 45.16m | eta: 36.5m
step 01399/02520 (55.52%) | loss: 3.054637 | lrm: 0.70 | dt: 1949.51ms | tok/sec: 268,933 | bf16_mfu: 0.00 | epoch: 1 pq: 16 rg: 37 | total time: 45.19m | eta: 36.5m
step 01400/02520 (55.56%) | loss: 3.047869 | lrm: 0.70 | dt: 1950.24ms | tok/sec: 268,832 | bf16_mfu: 0.00 | epoch: 1 pq: 16 rg: 38 | total time: 45.22m | eta: 36.4m
step 01401/02520 (55.60%) | loss: 3.050479 | lrm: 0.70 | dt: 1948.85ms | tok/sec: 269,023 | bf16_mfu: 0.00 | epoch: 1 pq: 16 rg: 39 | total time: 45.25m | eta: 36.4m
step 01402/02520 (55.63%) | loss: 3.053772 | lrm: 0.70 | dt: 1948.93ms | tok/sec: 269,013 | bf16_mfu: 0.00 | epoch: 1 pq: 16 rg: 40 | total time: 45.29m | eta: 36.4m
step 01403/02520 (55.67%) | loss: 3.052009 | lrm: 0.70 | dt: 1951.29ms | tok/sec: 268,687 | bf16_mfu: 0.00 | epoch: 1 pq: 16 rg: 41 | total time: 45.32m | eta: 36.3m
step 01404/02520 (55.71%) | loss: 3.042226 | lrm: 0.70 | dt: 1951.20ms | tok/sec: 268,700 | bf16_mfu: 0.00 | epoch: 1 pq: 16 rg: 42 | total time: 45.35m | eta: 36.3m
step 01405/02520 (55.75%) | loss: 3.043178 | lrm: 0.70 | dt: 1951.15ms | tok/sec: 268,707 | bf16_mfu: 0.00 | epoch: 1 pq: 16 rg: 43 | total time: 45.38m | eta: 36.3m
step 01406/02520 (55.79%) | loss: 3.059008 | lrm: 0.70 | dt: 1951.00ms | tok/sec: 268,727 | bf16_mfu: 0.00 | epoch: 1 pq: 16 rg: 44 | total time: 45.42m | eta: 36.2m
step 01407/02520 (55.83%) | loss: 3.054255 | lrm: 0.70 | dt: 1951.22ms | tok/sec: 268,697 | bf16_mfu: 0.00 | epoch: 1 pq: 16 rg: 45 | total time: 45.45m | eta: 36.2m
step 01408/02520 (55.87%) | loss: 3.067862 | lrm: 0.69 | dt: 1949.02ms | tok/sec: 269,001 | bf16_mfu: 0.00 | epoch: 1 pq: 16 rg: 46 | total time: 45.48m | eta: 36.2m
step 01409/02520 (55.91%) | loss: 3.074790 | lrm: 0.69 | dt: 1949.79ms | tok/sec: 268,894 | bf16_mfu: 0.00 | epoch: 1 pq: 16 rg: 47 | total time: 45.51m | eta: 36.1m
step 01410/02520 (55.95%) | loss: 3.070573 | lrm: 0.69 | dt: 1950.28ms | tok/sec: 268,827 | bf16_mfu: 0.00 | epoch: 1 pq: 16 rg: 48 | total time: 45.55m | eta: 36.1m
step 01411/02520 (55.99%) | loss: 3.069332 | lrm: 0.69 | dt: 1949.96ms | tok/sec: 268,871 | bf16_mfu: 0.00 | epoch: 1 pq: 16 rg: 49 | total time: 45.58m | eta: 36.1m
step 01412/02520 (56.03%) | loss: 3.079572 | lrm: 0.69 | dt: 1950.63ms | tok/sec: 268,778 | bf16_mfu: 0.00 | epoch: 1 pq: 16 rg: 50 | total time: 45.61m | eta: 36.0m
step 01413/02520 (56.07%) | loss: 3.071319 | lrm: 0.69 | dt: 1949.93ms | tok/sec: 268,875 | bf16_mfu: 0.00 | epoch: 1 pq: 16 rg: 51 | total time: 45.64m | eta: 36.0m
step 01414/02520 (56.11%) | loss: 3.057531 | lrm: 0.69 | dt: 1950.24ms | tok/sec: 268,832 | bf16_mfu: 0.00 | epoch: 1 pq: 16 rg: 52 | total time: 45.68m | eta: 36.0m
step 01415/02520 (56.15%) | loss: 3.057904 | lrm: 0.69 | dt: 1949.59ms | tok/sec: 268,922 | bf16_mfu: 0.00 | epoch: 1 pq: 16 rg: 53 | total time: 45.71m | eta: 35.9m
step 01416/02520 (56.19%) | loss: 3.046437 | lrm: 0.69 | dt: 1951.00ms | tok/sec: 268,728 | bf16_mfu: 0.00 | epoch: 1 pq: 16 rg: 54 | total time: 45.74m | eta: 35.9m
step 01417/02520 (56.23%) | loss: 3.061844 | lrm: 0.69 | dt: 1949.21ms | tok/sec: 268,974 | bf16_mfu: 0.00 | epoch: 1 pq: 16 rg: 55 | total time: 45.77m | eta: 35.9m
step 01418/02520 (56.27%) | loss: 3.073429 | lrm: 0.69 | dt: 1949.92ms | tok/sec: 268,876 | bf16_mfu: 0.00 | epoch: 1 pq: 16 rg: 56 | total time: 45.81m | eta: 35.9m
step 01419/02520 (56.31%) | loss: 3.072170 | lrm: 0.69 | dt: 1949.51ms | tok/sec: 268,933 | bf16_mfu: 0.00 | epoch: 1 pq: 16 rg: 56 | total time: 45.84m | eta: 35.8m
step 01420/02520 (56.35%) | loss: 3.067096 | lrm: 0.69 | dt: 1949.40ms | tok/sec: 268,948 | bf16_mfu: 0.00 | epoch: 1 pq: 16 rg: 57 | total time: 45.87m | eta: 35.8m
step 01421/02520 (56.39%) | loss: 3.074127 | lrm: 0.69 | dt: 1947.97ms | tok/sec: 269,146 | bf16_mfu: 0.00 | epoch: 1 pq: 16 rg: 58 | total time: 45.90m | eta: 35.8m
step 01422/02520 (56.43%) | loss: 3.076204 | lrm: 0.69 | dt: 1949.02ms | tok/sec: 269,000 | bf16_mfu: 0.00 | epoch: 1 pq: 16 rg: 59 | total time: 45.94m | eta: 35.7m
step 01423/02520 (56.47%) | loss: 3.077008 | lrm: 0.69 | dt: 1949.01ms | tok/sec: 269,002 | bf16_mfu: 0.00 | epoch: 1 pq: 16 rg: 60 | total time: 45.97m | eta: 35.7m
step 01424/02520 (56.51%) | loss: 3.082850 | lrm: 0.69 | dt: 1948.16ms | tok/sec: 269,119 | bf16_mfu: 0.00 | epoch: 1 pq: 16 rg: 61 | total time: 46.00m | eta: 35.7m
step 01425/02520 (56.55%) | loss: 3.068312 | lrm: 0.69 | dt: 1948.32ms | tok/sec: 269,097 | bf16_mfu: 0.00 | epoch: 1 pq: 16 rg: 62 | total time: 46.03m | eta: 35.6m
step 01426/02520 (56.59%) | loss: 3.058665 | lrm: 0.68 | dt: 1948.00ms | tok/sec: 269,141 | bf16_mfu: 0.00 | epoch: 1 pq: 16 rg: 63 | total time: 46.07m | eta: 35.6m
step 01427/02520 (56.63%) | loss: 3.059053 | lrm: 0.68 | dt: 1947.77ms | tok/sec: 269,173 | bf16_mfu: 0.00 | epoch: 1 pq: 16 rg: 64 | total time: 46.10m | eta: 35.6m
step 01428/02520 (56.67%) | loss: 3.056541 | lrm: 0.68 | dt: 1947.87ms | tok/sec: 269,159 | bf16_mfu: 0.00 | epoch: 1 pq: 16 rg: 65 | total time: 46.13m | eta: 35.5m
step 01429/02520 (56.71%) | loss: 3.055588 | lrm: 0.68 | dt: 1947.82ms | tok/sec: 269,166 | bf16_mfu: 0.00 | epoch: 1 pq: 16 rg: 66 | total time: 46.16m | eta: 35.5m
step 01430/02520 (56.75%) | loss: 3.056927 | lrm: 0.68 | dt: 1947.76ms | tok/sec: 269,174 | bf16_mfu: 0.00 | epoch: 1 pq: 16 rg: 67 | total time: 46.20m | eta: 35.5m
step 01431/02520 (56.79%) | loss: 3.052251 | lrm: 0.68 | dt: 1947.06ms | tok/sec: 269,272 | bf16_mfu: 0.00 | epoch: 1 pq: 16 rg: 68 | total time: 46.23m | eta: 35.4m
step 01432/02520 (56.83%) | loss: 3.052487 | lrm: 0.68 | dt: 1948.04ms | tok/sec: 269,136 | bf16_mfu: 0.00 | epoch: 1 pq: 16 rg: 69 | total time: 46.26m | eta: 35.4m
step 01433/02520 (56.87%) | loss: 3.060781 | lrm: 0.68 | dt: 1948.31ms | tok/sec: 269,099 | bf16_mfu: 0.00 | epoch: 1 pq: 16 rg: 70 | total time: 46.29m | eta: 35.4m
step 01434/02520 (56.90%) | loss: 3.067468 | lrm: 0.68 | dt: 1947.96ms | tok/sec: 269,146 | bf16_mfu: 0.00 | epoch: 1 pq: 16 rg: 71 | total time: 46.33m | eta: 35.3m
step 01435/02520 (56.94%) | loss: 3.063359 | lrm: 0.68 | dt: 1948.28ms | tok/sec: 269,103 | bf16_mfu: 0.00 | epoch: 1 pq: 16 rg: 72 | total time: 46.36m | eta: 35.3m
step 01436/02520 (56.98%) | loss: 3.064276 | lrm: 0.68 | dt: 1947.39ms | tok/sec: 269,226 | bf16_mfu: 0.00 | epoch: 1 pq: 16 rg: 73 | total time: 46.39m | eta: 35.3m
step 01437/02520 (57.02%) | loss: 3.061429 | lrm: 0.68 | dt: 1947.68ms | tok/sec: 269,185 | bf16_mfu: 0.00 | epoch: 1 pq: 16 rg: 74 | total time: 46.42m | eta: 35.2m
step 01438/02520 (57.06%) | loss: 3.041115 | lrm: 0.68 | dt: 1946.88ms | tok/sec: 269,296 | bf16_mfu: 0.00 | epoch: 1 pq: 16 rg: 75 | total time: 46.46m | eta: 35.2m
step 01439/02520 (57.10%) | loss: 3.040599 | lrm: 0.68 | dt: 1950.35ms | tok/sec: 268,817 | bf16_mfu: 0.00 | epoch: 1 pq: 16 rg: 76 | total time: 46.49m | eta: 35.2m
step 01440/02520 (57.14%) | loss: 3.044987 | lrm: 0.68 | dt: 1951.64ms | tok/sec: 268,639 | bf16_mfu: 0.00 | epoch: 1 pq: 16 rg: 77 | total time: 46.52m | eta: 35.1m
step 01441/02520 (57.18%) | loss: 3.038823 | lrm: 0.68 | dt: 1947.92ms | tok/sec: 269,152 | bf16_mfu: 0.00 | epoch: 1 pq: 16 rg: 78 | total time: 46.55m | eta: 35.1m
step 01442/02520 (57.22%) | loss: 3.039399 | lrm: 0.68 | dt: 1947.13ms | tok/sec: 269,261 | bf16_mfu: 0.00 | epoch: 1 pq: 16 rg: 79 | total time: 46.59m | eta: 35.1m
step 01443/02520 (57.26%) | loss: 3.045356 | lrm: 0.67 | dt: 1946.50ms | tok/sec: 269,349 | bf16_mfu: 0.00 | epoch: 1 pq: 16 rg: 80 | total time: 46.62m | eta: 35.0m
step 01444/02520 (57.30%) | loss: 3.037128 | lrm: 0.67 | dt: 1948.39ms | tok/sec: 269,088 | bf16_mfu: 0.00 | epoch: 1 pq: 16 rg: 81 | total time: 46.65m | eta: 35.0m
step 01445/02520 (57.34%) | loss: 3.017292 | lrm: 0.67 | dt: 1947.85ms | tok/sec: 269,161 | bf16_mfu: 0.00 | epoch: 1 pq: 16 rg: 82 | total time: 46.68m | eta: 35.0m
step 01446/02520 (57.38%) | loss: 3.017568 | lrm: 0.67 | dt: 1948.67ms | tok/sec: 269,049 | bf16_mfu: 0.00 | epoch: 1 pq: 16 rg: 82 | total time: 46.72m | eta: 34.9m
step 01447/02520 (57.42%) | loss: 3.028703 | lrm: 0.67 | dt: 1947.22ms | tok/sec: 269,249 | bf16_mfu: 0.00 | epoch: 1 pq: 17 rg: 0 | total time: 46.75m | eta: 34.9m
step 01448/02520 (57.46%) | loss: 3.041740 | lrm: 0.67 | dt: 1947.03ms | tok/sec: 269,275 | bf16_mfu: 0.00 | epoch: 1 pq: 17 rg: 1 | total time: 46.78m | eta: 34.9m
step 01449/02520 (57.50%) | loss: 3.040952 | lrm: 0.67 | dt: 1948.14ms | tok/sec: 269,122 | bf16_mfu: 0.00 | epoch: 1 pq: 17 rg: 2 | total time: 46.81m | eta: 34.8m
step 01450/02520 (57.54%) | loss: 3.039800 | lrm: 0.67 | dt: 1947.14ms | tok/sec: 269,260 | bf16_mfu: 0.00 | epoch: 1 pq: 17 rg: 3 | total time: 46.85m | eta: 34.8m
step 01451/02520 (57.58%) | loss: 3.039571 | lrm: 0.67 | dt: 1947.16ms | tok/sec: 269,257 | bf16_mfu: 0.00 | epoch: 1 pq: 17 rg: 4 | total time: 46.88m | eta: 34.8m
step 01452/02520 (57.62%) | loss: 3.041680 | lrm: 0.67 | dt: 1947.93ms | tok/sec: 269,150 | bf16_mfu: 0.00 | epoch: 1 pq: 17 rg: 5 | total time: 46.91m | eta: 34.7m
step 01453/02520 (57.66%) | loss: 3.040049 | lrm: 0.67 | dt: 1947.09ms | tok/sec: 269,267 | bf16_mfu: 0.00 | epoch: 1 pq: 17 rg: 6 | total time: 46.94m | eta: 34.7m
step 01454/02520 (57.70%) | loss: 3.045025 | lrm: 0.67 | dt: 1948.85ms | tok/sec: 269,023 | bf16_mfu: 0.00 | epoch: 1 pq: 17 rg: 7 | total time: 46.98m | eta: 34.7m
step 01455/02520 (57.74%) | loss: 3.051059 | lrm: 0.67 | dt: 1947.97ms | tok/sec: 269,145 | bf16_mfu: 0.00 | epoch: 1 pq: 17 rg: 8 | total time: 47.01m | eta: 34.6m
step 01456/02520 (57.78%) | loss: 3.056407 | lrm: 0.67 | dt: 1948.38ms | tok/sec: 269,088 | bf16_mfu: 0.00 | epoch: 1 pq: 17 rg: 9 | total time: 47.04m | eta: 34.6m
step 01457/02520 (57.82%) | loss: 3.051969 | lrm: 0.67 | dt: 1949.71ms | tok/sec: 268,905 | bf16_mfu: 0.00 | epoch: 1 pq: 17 rg: 10 | total time: 47.07m | eta: 34.6m
step 01458/02520 (57.86%) | loss: 3.049619 | lrm: 0.67 | dt: 1949.12ms | tok/sec: 268,986 | bf16_mfu: 0.00 | epoch: 1 pq: 17 rg: 11 | total time: 47.11m | eta: 34.5m
step 01459/02520 (57.90%) | loss: 3.041546 | lrm: 0.67 | dt: 1948.97ms | tok/sec: 269,007 | bf16_mfu: 0.00 | epoch: 1 pq: 17 rg: 12 | total time: 47.14m | eta: 34.5m
step 01460/02520 (57.94%) | loss: 3.041729 | lrm: 0.66 | dt: 1948.46ms | tok/sec: 269,078 | bf16_mfu: 0.00 | epoch: 1 pq: 17 rg: 13 | total time: 47.17m | eta: 34.5m
step 01461/02520 (57.98%) | loss: 3.042261 | lrm: 0.66 | dt: 1949.10ms | tok/sec: 268,989 | bf16_mfu: 0.00 | epoch: 1 pq: 17 rg: 14 | total time: 47.20m | eta: 34.5m
step 01462/02520 (58.02%) | loss: 3.041984 | lrm: 0.66 | dt: 1952.24ms | tok/sec: 268,556 | bf16_mfu: 0.00 | epoch: 1 pq: 17 rg: 15 | total time: 47.24m | eta: 34.4m
step 01463/02520 (58.06%) | loss: 3.046149 | lrm: 0.66 | dt: 1949.24ms | tok/sec: 268,970 | bf16_mfu: 0.00 | epoch: 1 pq: 17 rg: 16 | total time: 47.27m | eta: 34.4m
step 01464/02520 (58.10%) | loss: 3.065754 | lrm: 0.66 | dt: 1948.36ms | tok/sec: 269,091 | bf16_mfu: 0.00 | epoch: 1 pq: 17 rg: 17 | total time: 47.30m | eta: 34.4m
step 01465/02520 (58.13%) | loss: 3.056407 | lrm: 0.66 | dt: 1947.66ms | tok/sec: 269,188 | bf16_mfu: 0.00 | epoch: 1 pq: 17 rg: 18 | total time: 47.33m | eta: 34.3m
step 01466/02520 (58.17%) | loss: 3.055081 | lrm: 0.66 | dt: 1948.43ms | tok/sec: 269,082 | bf16_mfu: 0.00 | epoch: 1 pq: 17 rg: 19 | total time: 47.37m | eta: 34.3m
step 01467/02520 (58.21%) | loss: 3.063501 | lrm: 0.66 | dt: 1948.64ms | tok/sec: 269,053 | bf16_mfu: 0.00 | epoch: 1 pq: 17 rg: 20 | total time: 47.40m | eta: 34.3m
step 01468/02520 (58.25%) | loss: 3.075538 | lrm: 0.66 | dt: 1948.96ms | tok/sec: 269,009 | bf16_mfu: 0.00 | epoch: 1 pq: 17 rg: 21 | total time: 47.43m | eta: 34.2m
step 01469/02520 (58.29%) | loss: 3.070999 | lrm: 0.66 | dt: 1948.34ms | tok/sec: 269,094 | bf16_mfu: 0.00 | epoch: 1 pq: 17 rg: 22 | total time: 47.46m | eta: 34.2m
step 01470/02520 (58.33%) | loss: 3.072259 | lrm: 0.66 | dt: 1947.50ms | tok/sec: 269,210 | bf16_mfu: 0.00 | epoch: 1 pq: 17 rg: 23 | total time: 47.49m | eta: 34.2m
step 01471/02520 (58.37%) | loss: 3.072423 | lrm: 0.66 | dt: 1948.80ms | tok/sec: 269,030 | bf16_mfu: 0.00 | epoch: 1 pq: 17 rg: 24 | total time: 47.53m | eta: 34.1m
step 01472/02520 (58.41%) | loss: 3.074557 | lrm: 0.66 | dt: 1949.28ms | tok/sec: 268,964 | bf16_mfu: 0.00 | epoch: 1 pq: 17 rg: 25 | total time: 47.56m | eta: 34.1m
step 01473/02520 (58.45%) | loss: 3.074831 | lrm: 0.66 | dt: 1949.11ms | tok/sec: 268,987 | bf16_mfu: 0.00 | epoch: 1 pq: 17 rg: 26 | total time: 47.59m | eta: 34.1m
step 01474/02520 (58.49%) | loss: 3.067957 | lrm: 0.66 | dt: 1949.60ms | tok/sec: 268,921 | bf16_mfu: 0.00 | epoch: 1 pq: 17 rg: 27 | total time: 47.62m | eta: 34.0m
step 01475/02520 (58.53%) | loss: 3.073711 | lrm: 0.66 | dt: 1949.32ms | tok/sec: 268,959 | bf16_mfu: 0.00 | epoch: 1 pq: 17 rg: 28 | total time: 47.66m | eta: 34.0m
step 01476/02520 (58.57%) | loss: 3.085418 | lrm: 0.66 | dt: 1949.11ms | tok/sec: 268,987 | bf16_mfu: 0.00 | epoch: 1 pq: 17 rg: 29 | total time: 47.69m | eta: 34.0m
step 01477/02520 (58.61%) | loss: 3.085045 | lrm: 0.65 | dt: 1947.66ms | tok/sec: 269,188 | bf16_mfu: 0.00 | epoch: 1 pq: 17 rg: 30 | total time: 47.72m | eta: 33.9m
step 01478/02520 (58.65%) | loss: 3.077146 | lrm: 0.65 | dt: 1947.91ms | tok/sec: 269,154 | bf16_mfu: 0.00 | epoch: 1 pq: 17 rg: 30 | total time: 47.75m | eta: 33.9m
step 01479/02520 (58.69%) | loss: 3.079565 | lrm: 0.65 | dt: 1949.40ms | tok/sec: 268,947 | bf16_mfu: 0.00 | epoch: 1 pq: 17 rg: 31 | total time: 47.79m | eta: 33.9m
step 01480/02520 (58.73%) | loss: 3.082687 | lrm: 0.65 | dt: 1948.68ms | tok/sec: 269,048 | bf16_mfu: 0.00 | epoch: 1 pq: 17 rg: 32 | total time: 47.82m | eta: 33.8m
step 01481/02520 (58.77%) | loss: 3.077920 | lrm: 0.65 | dt: 1950.08ms | tok/sec: 268,854 | bf16_mfu: 0.00 | epoch: 1 pq: 17 rg: 33 | total time: 47.85m | eta: 33.8m
step 01482/02520 (58.81%) | loss: 3.074654 | lrm: 0.65 | dt: 1949.92ms | tok/sec: 268,877 | bf16_mfu: 0.00 | epoch: 1 pq: 17 rg: 34 | total time: 47.88m | eta: 33.8m
step 01483/02520 (58.85%) | loss: 3.074078 | lrm: 0.65 | dt: 1948.27ms | tok/sec: 269,104 | bf16_mfu: 0.00 | epoch: 1 pq: 17 rg: 35 | total time: 47.92m | eta: 33.7m
step 01484/02520 (58.89%) | loss: 3.070861 | lrm: 0.65 | dt: 1948.70ms | tok/sec: 269,045 | bf16_mfu: 0.00 | epoch: 1 pq: 17 rg: 36 | total time: 47.95m | eta: 33.7m
step 01485/02520 (58.93%) | loss: 3.074143 | lrm: 0.65 | dt: 1949.94ms | tok/sec: 268,874 | bf16_mfu: 0.00 | epoch: 1 pq: 17 rg: 37 | total time: 47.98m | eta: 33.7m
step 01486/02520 (58.97%) | loss: 3.071890 | lrm: 0.65 | dt: 1985.17ms | tok/sec: 264,102 | bf16_mfu: 0.00 | epoch: 1 pq: 17 rg: 38 | total time: 48.02m | eta: 33.6m
step 01487/02520 (59.01%) | loss: 3.062524 | lrm: 0.65 | dt: 1963.82ms | tok/sec: 266,974 | bf16_mfu: 0.00 | epoch: 1 pq: 17 rg: 39 | total time: 48.05m | eta: 33.6m
step 01488/02520 (59.05%) | loss: 3.041014 | lrm: 0.65 | dt: 1963.89ms | tok/sec: 266,963 | bf16_mfu: 0.00 | epoch: 1 pq: 17 rg: 40 | total time: 48.08m | eta: 33.6m
step 01489/02520 (59.09%) | loss: 3.055990 | lrm: 0.65 | dt: 1967.28ms | tok/sec: 266,503 | bf16_mfu: 0.00 | epoch: 1 pq: 17 rg: 41 | total time: 48.11m | eta: 33.5m
step 01490/02520 (59.13%) | loss: 3.051585 | lrm: 0.65 | dt: 1969.66ms | tok/sec: 266,181 | bf16_mfu: 0.00 | epoch: 1 pq: 17 rg: 42 | total time: 48.15m | eta: 33.5m
step 01491/02520 (59.17%) | loss: 3.047250 | lrm: 0.65 | dt: 1970.60ms | tok/sec: 266,054 | bf16_mfu: 0.00 | epoch: 1 pq: 17 rg: 43 | total time: 48.18m | eta: 33.5m
step 01492/02520 (59.21%) | loss: 3.040416 | lrm: 0.65 | dt: 2001.04ms | tok/sec: 262,007 | bf16_mfu: 0.00 | epoch: 1 pq: 17 rg: 44 | total time: 48.21m | eta: 33.4m
step 01493/02520 (59.25%) | loss: 3.037753 | lrm: 0.65 | dt: 2001.66ms | tok/sec: 261,926 | bf16_mfu: 0.00 | epoch: 1 pq: 17 rg: 45 | total time: 48.25m | eta: 33.4m
step 01494/02520 (59.29%) | loss: 3.038077 | lrm: 0.65 | dt: 2000.12ms | tok/sec: 262,128 | bf16_mfu: 0.00 | epoch: 1 pq: 17 rg: 46 | total time: 48.28m | eta: 33.4m
step 01495/02520 (59.33%) | loss: 3.036093 | lrm: 0.64 | dt: 1990.36ms | tok/sec: 263,414 | bf16_mfu: 0.00 | epoch: 1 pq: 17 rg: 47 | total time: 48.31m | eta: 33.3m
step 01496/02520 (59.37%) | loss: 3.032598 | lrm: 0.64 | dt: 2010.63ms | tok/sec: 260,757 | bf16_mfu: 0.00 | epoch: 1 pq: 17 rg: 48 | total time: 48.35m | eta: 33.3m
step 01497/02520 (59.40%) | loss: 3.026743 | lrm: 0.64 | dt: 1989.69ms | tok/sec: 263,501 | bf16_mfu: 0.00 | epoch: 1 pq: 17 rg: 49 | total time: 48.38m | eta: 33.3m
step 01498/02520 (59.44%) | loss: 3.025907 | lrm: 0.64 | dt: 1977.40ms | tok/sec: 265,140 | bf16_mfu: 0.00 | epoch: 1 pq: 17 rg: 50 | total time: 48.41m | eta: 33.3m
step 01499/02520 (59.48%) | loss: 3.015556 | lrm: 0.64 | dt: 1978.41ms | tok/sec: 265,005 | bf16_mfu: 0.00 | epoch: 1 pq: 17 rg: 51 | total time: 48.45m | eta: 33.2m
Step 01500 | Validation bpb: 0.926226
step 01500/02520 (59.52%) | loss: 3.028356 | lrm: 0.64 | dt: 1963.38ms | tok/sec: 267,033 | bf16_mfu: 0.00 | epoch: 1 pq: 17 rg: 52 | total time: 48.48m | eta: 33.2m
step 01501/02520 (59.56%) | loss: 3.036063 | lrm: 0.64 | dt: 1964.55ms | tok/sec: 266,874 | bf16_mfu: 0.00 | epoch: 1 pq: 17 rg: 53 | total time: 48.51m | eta: 33.2m
step 01502/02520 (59.60%) | loss: 3.043432 | lrm: 0.64 | dt: 1967.77ms | tok/sec: 266,437 | bf16_mfu: 0.00 | epoch: 1 pq: 17 rg: 54 | total time: 48.54m | eta: 33.1m
step 01503/02520 (59.64%) | loss: 3.033438 | lrm: 0.64 | dt: 1965.58ms | tok/sec: 266,733 | bf16_mfu: 0.00 | epoch: 1 pq: 17 rg: 55 | total time: 48.58m | eta: 33.1m
step 01504/02520 (59.68%) | loss: 3.035868 | lrm: 0.64 | dt: 1965.47ms | tok/sec: 266,748 | bf16_mfu: 0.00 | epoch: 1 pq: 17 rg: 56 | total time: 48.61m | eta: 33.1m
step 01505/02520 (59.72%) | loss: 3.040721 | lrm: 0.64 | dt: 1963.84ms | tok/sec: 266,971 | bf16_mfu: 0.00 | epoch: 1 pq: 17 rg: 57 | total time: 48.64m | eta: 33.0m
step 01506/02520 (59.76%) | loss: 3.046855 | lrm: 0.64 | dt: 1964.99ms | tok/sec: 266,814 | bf16_mfu: 0.00 | epoch: 1 pq: 17 rg: 58 | total time: 48.67m | eta: 33.0m
step 01507/02520 (59.80%) | loss: 3.048872 | lrm: 0.64 | dt: 1965.32ms | tok/sec: 266,770 | bf16_mfu: 0.00 | epoch: 1 pq: 17 rg: 59 | total time: 48.71m | eta: 33.0m
step 01508/02520 (59.84%) | loss: 3.040548 | lrm: 0.64 | dt: 1966.53ms | tok/sec: 266,605 | bf16_mfu: 0.00 | epoch: 1 pq: 17 rg: 60 | total time: 48.74m | eta: 32.9m
step 01509/02520 (59.88%) | loss: 3.049951 | lrm: 0.64 | dt: 1972.79ms | tok/sec: 265,760 | bf16_mfu: 0.00 | epoch: 1 pq: 17 rg: 60 | total time: 48.77m | eta: 32.9m
step 01510/02520 (59.92%) | loss: 3.059995 | lrm: 0.64 | dt: 1969.37ms | tok/sec: 266,221 | bf16_mfu: 0.00 | epoch: 1 pq: 17 rg: 61 | total time: 48.81m | eta: 32.9m
step 01511/02520 (59.96%) | loss: 3.059335 | lrm: 0.64 | dt: 1967.59ms | tok/sec: 266,461 | bf16_mfu: 0.00 | epoch: 1 pq: 17 rg: 62 | total time: 48.84m | eta: 32.8m
step 01512/02520 (60.00%) | loss: 3.052439 | lrm: 0.63 | dt: 1969.50ms | tok/sec: 266,203 | bf16_mfu: 0.00 | epoch: 1 pq: 17 rg: 63 | total time: 48.87m | eta: 32.8m
step 01513/02520 (60.04%) | loss: 3.050291 | lrm: 0.63 | dt: 1971.04ms | tok/sec: 265,995 | bf16_mfu: 0.00 | epoch: 1 pq: 17 rg: 64 | total time: 48.90m | eta: 32.8m
step 01514/02520 (60.08%) | loss: 3.043994 | lrm: 0.63 | dt: 1968.80ms | tok/sec: 266,298 | bf16_mfu: 0.00 | epoch: 1 pq: 17 rg: 65 | total time: 48.94m | eta: 32.7m
step 01515/02520 (60.12%) | loss: 3.041974 | lrm: 0.63 | dt: 1965.33ms | tok/sec: 266,769 | bf16_mfu: 0.00 | epoch: 1 pq: 17 rg: 66 | total time: 48.97m | eta: 32.7m
step 01516/02520 (60.16%) | loss: 3.033782 | lrm: 0.63 | dt: 1968.36ms | tok/sec: 266,357 | bf16_mfu: 0.00 | epoch: 1 pq: 17 rg: 67 | total time: 49.00m | eta: 32.7m
step 01517/02520 (60.20%) | loss: 3.025990 | lrm: 0.63 | dt: 1968.96ms | tok/sec: 266,276 | bf16_mfu: 0.00 | epoch: 1 pq: 17 rg: 68 | total time: 49.04m | eta: 32.6m
step 01518/02520 (60.24%) | loss: 3.024991 | lrm: 0.63 | dt: 1970.19ms | tok/sec: 266,109 | bf16_mfu: 0.00 | epoch: 1 pq: 17 rg: 69 | total time: 49.07m | eta: 32.6m
step 01519/02520 (60.28%) | loss: 3.033145 | lrm: 0.63 | dt: 1972.83ms | tok/sec: 265,754 | bf16_mfu: 0.00 | epoch: 1 pq: 17 rg: 70 | total time: 49.10m | eta: 32.6m
step 01520/02520 (60.32%) | loss: 3.030388 | lrm: 0.63 | dt: 1976.37ms | tok/sec: 265,278 | bf16_mfu: 0.00 | epoch: 1 pq: 17 rg: 71 | total time: 49.13m | eta: 32.5m
step 01521/02520 (60.36%) | loss: 3.035519 | lrm: 0.63 | dt: 1972.95ms | tok/sec: 265,738 | bf16_mfu: 0.00 | epoch: 1 pq: 17 rg: 72 | total time: 49.17m | eta: 32.5m
step 01522/02520 (60.40%) | loss: 3.031216 | lrm: 0.63 | dt: 1970.87ms | tok/sec: 266,019 | bf16_mfu: 0.00 | epoch: 1 pq: 17 rg: 73 | total time: 49.20m | eta: 32.5m
step 01523/02520 (60.44%) | loss: 3.030539 | lrm: 0.63 | dt: 1972.00ms | tok/sec: 265,865 | bf16_mfu: 0.00 | epoch: 1 pq: 17 rg: 74 | total time: 49.23m | eta: 32.4m
step 01524/02520 (60.48%) | loss: 3.036221 | lrm: 0.63 | dt: 1970.30ms | tok/sec: 266,095 | bf16_mfu: 0.00 | epoch: 1 pq: 17 rg: 75 | total time: 49.27m | eta: 32.4m
step 01525/02520 (60.52%) | loss: 3.024979 | lrm: 0.63 | dt: 1967.41ms | tok/sec: 266,486 | bf16_mfu: 0.00 | epoch: 1 pq: 17 rg: 76 | total time: 49.30m | eta: 32.4m
step 01526/02520 (60.56%) | loss: 3.023829 | lrm: 0.63 | dt: 1968.89ms | tok/sec: 266,286 | bf16_mfu: 0.00 | epoch: 1 pq: 17 rg: 77 | total time: 49.33m | eta: 32.3m
step 01527/02520 (60.60%) | loss: 3.034031 | lrm: 0.63 | dt: 1970.79ms | tok/sec: 266,029 | bf16_mfu: 0.00 | epoch: 1 pq: 17 rg: 78 | total time: 49.36m | eta: 32.3m
step 01528/02520 (60.63%) | loss: 3.039294 | lrm: 0.63 | dt: 1969.41ms | tok/sec: 266,215 | bf16_mfu: 0.00 | epoch: 1 pq: 17 rg: 79 | total time: 49.40m | eta: 32.3m
step 01529/02520 (60.67%) | loss: 3.042734 | lrm: 0.62 | dt: 1972.11ms | tok/sec: 265,851 | bf16_mfu: 0.00 | epoch: 1 pq: 17 rg: 80 | total time: 49.43m | eta: 32.2m
step 01530/02520 (60.71%) | loss: 3.044216 | lrm: 0.62 | dt: 1976.49ms | tok/sec: 265,262 | bf16_mfu: 0.00 | epoch: 1 pq: 17 rg: 81 | total time: 49.46m | eta: 32.2m
step 01531/02520 (60.75%) | loss: 3.054338 | lrm: 0.62 | dt: 1972.73ms | tok/sec: 265,768 | bf16_mfu: 0.00 | epoch: 1 pq: 17 rg: 82 | total time: 49.50m | eta: 32.2m
step 01532/02520 (60.79%) | loss: 3.057779 | lrm: 0.62 | dt: 1970.51ms | tok/sec: 266,066 | bf16_mfu: 0.00 | epoch: 1 pq: 18 rg: 0 | total time: 49.53m | eta: 32.2m
step 01533/02520 (60.83%) | loss: 3.054063 | lrm: 0.62 | dt: 1971.48ms | tok/sec: 265,936 | bf16_mfu: 0.00 | epoch: 1 pq: 18 rg: 1 | total time: 49.56m | eta: 32.1m
step 01534/02520 (60.87%) | loss: 3.056664 | lrm: 0.62 | dt: 1970.82ms | tok/sec: 266,025 | bf16_mfu: 0.00 | epoch: 1 pq: 18 rg: 2 | total time: 49.59m | eta: 32.1m
step 01535/02520 (60.91%) | loss: 3.061248 | lrm: 0.62 | dt: 1969.02ms | tok/sec: 266,267 | bf16_mfu: 0.00 | epoch: 1 pq: 18 rg: 2 | total time: 49.63m | eta: 32.1m
step 01536/02520 (60.95%) | loss: 3.053658 | lrm: 0.62 | dt: 1969.69ms | tok/sec: 266,178 | bf16_mfu: 0.00 | epoch: 1 pq: 18 rg: 3 | total time: 49.66m | eta: 32.0m
step 01537/02520 (60.99%) | loss: 3.042372 | lrm: 0.62 | dt: 1971.93ms | tok/sec: 265,875 | bf16_mfu: 0.00 | epoch: 1 pq: 18 rg: 4 | total time: 49.69m | eta: 32.0m
step 01538/02520 (61.03%) | loss: 3.043256 | lrm: 0.62 | dt: 1971.05ms | tok/sec: 265,994 | bf16_mfu: 0.00 | epoch: 1 pq: 18 rg: 5 | total time: 49.73m | eta: 32.0m
step 01539/02520 (61.07%) | loss: 3.045553 | lrm: 0.62 | dt: 1974.83ms | tok/sec: 265,484 | bf16_mfu: 0.00 | epoch: 1 pq: 18 rg: 6 | total time: 49.76m | eta: 31.9m
step 01540/02520 (61.11%) | loss: 3.048326 | lrm: 0.62 | dt: 1975.55ms | tok/sec: 265,388 | bf16_mfu: 0.00 | epoch: 1 pq: 18 rg: 7 | total time: 49.79m | eta: 31.9m
step 01541/02520 (61.15%) | loss: 3.034105 | lrm: 0.62 | dt: 1975.09ms | tok/sec: 265,450 | bf16_mfu: 0.00 | epoch: 1 pq: 18 rg: 8 | total time: 49.82m | eta: 31.9m
step 01542/02520 (61.19%) | loss: 3.028488 | lrm: 0.62 | dt: 1970.56ms | tok/sec: 266,060 | bf16_mfu: 0.00 | epoch: 1 pq: 18 rg: 9 | total time: 49.86m | eta: 31.8m
step 01543/02520 (61.23%) | loss: 3.024837 | lrm: 0.62 | dt: 1971.99ms | tok/sec: 265,867 | bf16_mfu: 0.00 | epoch: 1 pq: 18 rg: 10 | total time: 49.89m | eta: 31.8m
step 01544/02520 (61.27%) | loss: 3.011976 | lrm: 0.62 | dt: 1971.90ms | tok/sec: 265,880 | bf16_mfu: 0.00 | epoch: 1 pq: 18 rg: 11 | total time: 49.92m | eta: 31.8m
step 01545/02520 (61.31%) | loss: 3.021669 | lrm: 0.62 | dt: 1970.53ms | tok/sec: 266,064 | bf16_mfu: 0.00 | epoch: 1 pq: 18 rg: 12 | total time: 49.96m | eta: 31.7m
step 01546/02520 (61.35%) | loss: 3.024236 | lrm: 0.61 | dt: 1971.83ms | tok/sec: 265,889 | bf16_mfu: 0.00 | epoch: 1 pq: 18 rg: 13 | total time: 49.99m | eta: 31.7m
step 01547/02520 (61.39%) | loss: 3.027724 | lrm: 0.61 | dt: 1973.07ms | tok/sec: 265,722 | bf16_mfu: 0.00 | epoch: 1 pq: 18 rg: 14 | total time: 50.02m | eta: 31.7m
step 01548/02520 (61.43%) | loss: 3.032536 | lrm: 0.61 | dt: 1973.73ms | tok/sec: 265,632 | bf16_mfu: 0.00 | epoch: 1 pq: 18 rg: 15 | total time: 50.05m | eta: 31.6m
step 01549/02520 (61.47%) | loss: 3.035078 | lrm: 0.61 | dt: 1971.64ms | tok/sec: 265,915 | bf16_mfu: 0.00 | epoch: 1 pq: 18 rg: 16 | total time: 50.09m | eta: 31.6m
step 01550/02520 (61.51%) | loss: 3.048596 | lrm: 0.61 | dt: 1972.97ms | tok/sec: 265,734 | bf16_mfu: 0.00 | epoch: 1 pq: 18 rg: 17 | total time: 50.12m | eta: 31.6m
step 01551/02520 (61.55%) | loss: 3.053698 | lrm: 0.61 | dt: 1974.37ms | tok/sec: 265,546 | bf16_mfu: 0.00 | epoch: 1 pq: 18 rg: 18 | total time: 50.15m | eta: 31.5m
step 01552/02520 (61.59%) | loss: 3.044323 | lrm: 0.61 | dt: 1970.91ms | tok/sec: 266,012 | bf16_mfu: 0.00 | epoch: 1 pq: 18 rg: 19 | total time: 50.19m | eta: 31.5m
step 01553/02520 (61.63%) | loss: 3.050852 | lrm: 0.61 | dt: 1970.80ms | tok/sec: 266,027 | bf16_mfu: 0.00 | epoch: 1 pq: 18 rg: 20 | total time: 50.22m | eta: 31.5m
step 01554/02520 (61.67%) | loss: 3.043713 | lrm: 0.61 | dt: 1971.49ms | tok/sec: 265,934 | bf16_mfu: 0.00 | epoch: 1 pq: 18 rg: 21 | total time: 50.25m | eta: 31.4m
step 01555/02520 (61.71%) | loss: 3.039914 | lrm: 0.61 | dt: 1970.79ms | tok/sec: 266,029 | bf16_mfu: 0.00 | epoch: 1 pq: 18 rg: 22 | total time: 50.28m | eta: 31.4m
step 01556/02520 (61.75%) | loss: 3.049305 | lrm: 0.61 | dt: 1973.23ms | tok/sec: 265,700 | bf16_mfu: 0.00 | epoch: 1 pq: 18 rg: 23 | total time: 50.32m | eta: 31.4m
step 01557/02520 (61.79%) | loss: 3.045093 | lrm: 0.61 | dt: 1974.00ms | tok/sec: 265,597 | bf16_mfu: 0.00 | epoch: 1 pq: 18 rg: 24 | total time: 50.35m | eta: 31.3m
step 01558/02520 (61.83%) | loss: 3.036036 | lrm: 0.61 | dt: 1974.23ms | tok/sec: 265,566 | bf16_mfu: 0.00 | epoch: 1 pq: 18 rg: 25 | total time: 50.38m | eta: 31.3m
step 01559/02520 (61.87%) | loss: 3.041068 | lrm: 0.61 | dt: 1972.88ms | tok/sec: 265,748 | bf16_mfu: 0.00 | epoch: 1 pq: 18 rg: 26 | total time: 50.42m | eta: 31.3m
step 01560/02520 (61.90%) | loss: 3.037593 | lrm: 0.61 | dt: 1976.55ms | tok/sec: 265,254 | bf16_mfu: 0.00 | epoch: 1 pq: 18 rg: 27 | total time: 50.45m | eta: 31.2m
step 01561/02520 (61.94%) | loss: 3.036282 | lrm: 0.61 | dt: 1975.35ms | tok/sec: 265,415 | bf16_mfu: 0.00 | epoch: 1 pq: 18 rg: 28 | total time: 50.48m | eta: 31.2m
step 01562/02520 (61.98%) | loss: 3.030154 | lrm: 0.61 | dt: 1975.48ms | tok/sec: 265,398 | bf16_mfu: 0.00 | epoch: 1 pq: 18 rg: 29 | total time: 50.51m | eta: 31.2m
step 01563/02520 (62.02%) | loss: 3.036323 | lrm: 0.61 | dt: 1974.24ms | tok/sec: 265,564 | bf16_mfu: 0.00 | epoch: 1 pq: 18 rg: 30 | total time: 50.55m | eta: 31.1m
step 01564/02520 (62.06%) | loss: 3.035528 | lrm: 0.60 | dt: 1973.00ms | tok/sec: 265,731 | bf16_mfu: 0.00 | epoch: 1 pq: 18 rg: 31 | total time: 50.58m | eta: 31.1m
step 01565/02520 (62.10%) | loss: 3.032818 | lrm: 0.60 | dt: 1975.64ms | tok/sec: 265,376 | bf16_mfu: 0.00 | epoch: 1 pq: 18 rg: 32 | total time: 50.61m | eta: 31.1m
step 01566/02520 (62.14%) | loss: 3.045311 | lrm: 0.60 | dt: 1975.63ms | tok/sec: 265,378 | bf16_mfu: 0.00 | epoch: 1 pq: 18 rg: 32 | total time: 50.65m | eta: 31.1m
step 01567/02520 (62.18%) | loss: 3.049028 | lrm: 0.60 | dt: 1975.36ms | tok/sec: 265,413 | bf16_mfu: 0.00 | epoch: 1 pq: 18 rg: 33 | total time: 50.68m | eta: 31.0m
step 01568/02520 (62.22%) | loss: 3.044475 | lrm: 0.60 | dt: 1974.38ms | tok/sec: 265,545 | bf16_mfu: 0.00 | epoch: 1 pq: 18 rg: 34 | total time: 50.71m | eta: 31.0m
step 01569/02520 (62.26%) | loss: 3.039639 | lrm: 0.60 | dt: 1973.32ms | tok/sec: 265,687 | bf16_mfu: 0.00 | epoch: 1 pq: 18 rg: 35 | total time: 50.74m | eta: 31.0m
step 01570/02520 (62.30%) | loss: 3.043045 | lrm: 0.60 | dt: 1974.12ms | tok/sec: 265,579 | bf16_mfu: 0.00 | epoch: 1 pq: 18 rg: 36 | total time: 50.78m | eta: 30.9m
step 01571/02520 (62.34%) | loss: 3.048284 | lrm: 0.60 | dt: 1975.32ms | tok/sec: 265,418 | bf16_mfu: 0.00 | epoch: 1 pq: 18 rg: 37 | total time: 50.81m | eta: 30.9m
step 01572/02520 (62.38%) | loss: 3.038601 | lrm: 0.60 | dt: 1974.94ms | tok/sec: 265,470 | bf16_mfu: 0.00 | epoch: 1 pq: 18 rg: 38 | total time: 50.84m | eta: 30.9m
step 01573/02520 (62.42%) | loss: 3.043002 | lrm: 0.60 | dt: 1971.86ms | tok/sec: 265,885 | bf16_mfu: 0.00 | epoch: 1 pq: 18 rg: 39 | total time: 50.88m | eta: 30.8m
step 01574/02520 (62.46%) | loss: 3.045548 | lrm: 0.60 | dt: 1973.23ms | tok/sec: 265,700 | bf16_mfu: 0.00 | epoch: 1 pq: 18 rg: 40 | total time: 50.91m | eta: 30.8m
step 01575/02520 (62.50%) | loss: 3.038956 | lrm: 0.60 | dt: 1975.67ms | tok/sec: 265,371 | bf16_mfu: 0.00 | epoch: 1 pq: 18 rg: 41 | total time: 50.94m | eta: 30.8m
step 01576/02520 (62.54%) | loss: 3.034579 | lrm: 0.60 | dt: 1973.33ms | tok/sec: 265,686 | bf16_mfu: 0.00 | epoch: 1 pq: 18 rg: 42 | total time: 50.98m | eta: 30.7m
step 01577/02520 (62.58%) | loss: 3.022626 | lrm: 0.60 | dt: 1973.44ms | tok/sec: 265,671 | bf16_mfu: 0.00 | epoch: 1 pq: 18 rg: 43 | total time: 51.01m | eta: 30.7m
step 01578/02520 (62.62%) | loss: 3.020260 | lrm: 0.60 | dt: 1971.49ms | tok/sec: 265,935 | bf16_mfu: 0.00 | epoch: 1 pq: 18 rg: 44 | total time: 51.04m | eta: 30.7m
step 01579/02520 (62.66%) | loss: 3.033600 | lrm: 0.60 | dt: 1974.47ms | tok/sec: 265,533 | bf16_mfu: 0.00 | epoch: 1 pq: 18 rg: 45 | total time: 51.07m | eta: 30.6m
step 01580/02520 (62.70%) | loss: 3.043546 | lrm: 0.60 | dt: 1971.43ms | tok/sec: 265,942 | bf16_mfu: 0.00 | epoch: 1 pq: 18 rg: 46 | total time: 51.11m | eta: 30.6m
step 01581/02520 (62.74%) | loss: 3.019678 | lrm: 0.59 | dt: 1975.01ms | tok/sec: 265,460 | bf16_mfu: 0.00 | epoch: 1 pq: 18 rg: 47 | total time: 51.14m | eta: 30.6m
step 01582/02520 (62.78%) | loss: 3.007638 | lrm: 0.59 | dt: 1973.74ms | tok/sec: 265,632 | bf16_mfu: 0.00 | epoch: 1 pq: 18 rg: 48 | total time: 51.17m | eta: 30.5m
step 01583/02520 (62.82%) | loss: 3.016962 | lrm: 0.59 | dt: 1971.40ms | tok/sec: 265,947 | bf16_mfu: 0.00 | epoch: 1 pq: 18 rg: 49 | total time: 51.21m | eta: 30.5m
step 01584/02520 (62.86%) | loss: 3.017298 | lrm: 0.59 | dt: 1970.99ms | tok/sec: 266,001 | bf16_mfu: 0.00 | epoch: 1 pq: 18 rg: 50 | total time: 51.24m | eta: 30.5m
step 01585/02520 (62.90%) | loss: 3.020993 | lrm: 0.59 | dt: 1971.46ms | tok/sec: 265,938 | bf16_mfu: 0.00 | epoch: 1 pq: 18 rg: 51 | total time: 51.27m | eta: 30.4m
step 01586/02520 (62.94%) | loss: 3.028666 | lrm: 0.59 | dt: 1973.64ms | tok/sec: 265,644 | bf16_mfu: 0.00 | epoch: 1 pq: 18 rg: 52 | total time: 51.30m | eta: 30.4m
step 01587/02520 (62.98%) | loss: 3.040018 | lrm: 0.59 | dt: 1971.30ms | tok/sec: 265,960 | bf16_mfu: 0.00 | epoch: 1 pq: 18 rg: 53 | total time: 51.34m | eta: 30.4m
step 01588/02520 (63.02%) | loss: 3.029950 | lrm: 0.59 | dt: 1974.63ms | tok/sec: 265,511 | bf16_mfu: 0.00 | epoch: 1 pq: 18 rg: 54 | total time: 51.37m | eta: 30.3m
step 01589/02520 (63.06%) | loss: 3.024737 | lrm: 0.59 | dt: 1974.67ms | tok/sec: 265,506 | bf16_mfu: 0.00 | epoch: 1 pq: 18 rg: 55 | total time: 51.40m | eta: 30.3m
step 01590/02520 (63.10%) | loss: 3.024987 | lrm: 0.59 | dt: 1973.29ms | tok/sec: 265,692 | bf16_mfu: 0.00 | epoch: 1 pq: 18 rg: 56 | total time: 51.44m | eta: 30.3m
step 01591/02520 (63.13%) | loss: 3.012712 | lrm: 0.59 | dt: 1976.68ms | tok/sec: 265,236 | bf16_mfu: 0.00 | epoch: 1 pq: 18 rg: 57 | total time: 51.47m | eta: 30.2m
step 01592/02520 (63.17%) | loss: 2.996225 | lrm: 0.59 | dt: 1976.80ms | tok/sec: 265,220 | bf16_mfu: 0.00 | epoch: 1 pq: 18 rg: 58 | total time: 51.50m | eta: 30.2m
step 01593/02520 (63.21%) | loss: 3.016567 | lrm: 0.59 | dt: 1971.72ms | tok/sec: 265,904 | bf16_mfu: 0.00 | epoch: 1 pq: 18 rg: 59 | total time: 51.53m | eta: 30.2m
step 01594/02520 (63.25%) | loss: 3.017603 | lrm: 0.59 | dt: 1972.35ms | tok/sec: 265,818 | bf16_mfu: 0.00 | epoch: 1 pq: 18 rg: 60 | total time: 51.57m | eta: 30.1m
step 01595/02520 (63.29%) | loss: 3.009457 | lrm: 0.59 | dt: 1973.11ms | tok/sec: 265,716 | bf16_mfu: 0.00 | epoch: 1 pq: 18 rg: 61 | total time: 51.60m | eta: 30.1m
step 01596/02520 (63.33%) | loss: 3.022598 | lrm: 0.59 | dt: 1975.68ms | tok/sec: 265,371 | bf16_mfu: 0.00 | epoch: 1 pq: 18 rg: 62 | total time: 51.63m | eta: 30.1m
step 01597/02520 (63.37%) | loss: 3.023460 | lrm: 0.59 | dt: 1972.39ms | tok/sec: 265,813 | bf16_mfu: 0.00 | epoch: 1 pq: 18 rg: 63 | total time: 51.67m | eta: 30.0m
step 01598/02520 (63.41%) | loss: 3.025391 | lrm: 0.58 | dt: 1973.57ms | tok/sec: 265,655 | bf16_mfu: 0.00 | epoch: 1 pq: 18 rg: 64 | total time: 51.70m | eta: 30.0m
step 01599/02520 (63.45%) | loss: 3.015035 | lrm: 0.58 | dt: 1972.44ms | tok/sec: 265,806 | bf16_mfu: 0.00 | epoch: 1 pq: 18 rg: 65 | total time: 51.73m | eta: 30.0m
step 01600/02520 (63.49%) | loss: 3.017695 | lrm: 0.58 | dt: 1974.58ms | tok/sec: 265,519 | bf16_mfu: 0.00 | epoch: 1 pq: 18 rg: 66 | total time: 51.76m | eta: 30.0m
step 01601/02520 (63.53%) | loss: 3.008106 | lrm: 0.58 | dt: 1975.28ms | tok/sec: 265,425 | bf16_mfu: 0.00 | epoch: 1 pq: 18 rg: 66 | total time: 51.80m | eta: 29.9m
step 01602/02520 (63.57%) | loss: 2.993969 | lrm: 0.58 | dt: 1975.73ms | tok/sec: 265,364 | bf16_mfu: 0.00 | epoch: 1 pq: 18 rg: 67 | total time: 51.83m | eta: 29.9m
step 01603/02520 (63.61%) | loss: 3.004989 | lrm: 0.58 | dt: 1972.14ms | tok/sec: 265,847 | bf16_mfu: 0.00 | epoch: 1 pq: 18 rg: 68 | total time: 51.86m | eta: 29.9m
step 01604/02520 (63.65%) | loss: 3.013007 | lrm: 0.58 | dt: 1970.66ms | tok/sec: 266,046 | bf16_mfu: 0.00 | epoch: 1 pq: 18 rg: 69 | total time: 51.90m | eta: 29.8m
step 01605/02520 (63.69%) | loss: 3.013758 | lrm: 0.58 | dt: 1971.70ms | tok/sec: 265,905 | bf16_mfu: 0.00 | epoch: 1 pq: 18 rg: 70 | total time: 51.93m | eta: 29.8m
step 01606/02520 (63.73%) | loss: 3.026080 | lrm: 0.58 | dt: 1973.05ms | tok/sec: 265,724 | bf16_mfu: 0.00 | epoch: 1 pq: 18 rg: 71 | total time: 51.96m | eta: 29.8m
step 01607/02520 (63.77%) | loss: 3.038045 | lrm: 0.58 | dt: 1974.15ms | tok/sec: 265,576 | bf16_mfu: 0.00 | epoch: 1 pq: 18 rg: 72 | total time: 51.99m | eta: 29.7m
step 01608/02520 (63.81%) | loss: 3.029739 | lrm: 0.58 | dt: 1973.52ms | tok/sec: 265,661 | bf16_mfu: 0.00 | epoch: 1 pq: 18 rg: 73 | total time: 52.03m | eta: 29.7m
step 01609/02520 (63.85%) | loss: 3.038339 | lrm: 0.58 | dt: 1973.34ms | tok/sec: 265,686 | bf16_mfu: 0.00 | epoch: 1 pq: 18 rg: 74 | total time: 52.06m | eta: 29.7m
step 01610/02520 (63.89%) | loss: 3.031357 | lrm: 0.58 | dt: 1974.53ms | tok/sec: 265,525 | bf16_mfu: 0.00 | epoch: 1 pq: 18 rg: 75 | total time: 52.09m | eta: 29.6m
step 01611/02520 (63.93%) | loss: 3.035776 | lrm: 0.58 | dt: 1974.38ms | tok/sec: 265,546 | bf16_mfu: 0.00 | epoch: 1 pq: 18 rg: 76 | total time: 52.13m | eta: 29.6m
step 01612/02520 (63.97%) | loss: 3.020248 | lrm: 0.58 | dt: 1975.65ms | tok/sec: 265,374 | bf16_mfu: 0.00 | epoch: 1 pq: 18 rg: 77 | total time: 52.16m | eta: 29.6m
step 01613/02520 (64.01%) | loss: 3.016974 | lrm: 0.58 | dt: 1973.04ms | tok/sec: 265,725 | bf16_mfu: 0.00 | epoch: 1 pq: 18 rg: 78 | total time: 52.19m | eta: 29.5m
step 01614/02520 (64.05%) | loss: 3.016323 | lrm: 0.58 | dt: 1971.28ms | tok/sec: 265,963 | bf16_mfu: 0.00 | epoch: 1 pq: 18 rg: 79 | total time: 52.22m | eta: 29.5m
step 01615/02520 (64.09%) | loss: 3.006808 | lrm: 0.57 | dt: 1972.78ms | tok/sec: 265,760 | bf16_mfu: 0.00 | epoch: 1 pq: 18 rg: 80 | total time: 52.26m | eta: 29.5m
step 01616/02520 (64.13%) | loss: 3.011867 | lrm: 0.57 | dt: 1971.62ms | tok/sec: 265,917 | bf16_mfu: 0.00 | epoch: 1 pq: 18 rg: 81 | total time: 52.29m | eta: 29.4m
step 01617/02520 (64.17%) | loss: 3.015543 | lrm: 0.57 | dt: 1974.20ms | tok/sec: 265,569 | bf16_mfu: 0.00 | epoch: 1 pq: 18 rg: 82 | total time: 52.32m | eta: 29.4m
step 01618/02520 (64.21%) | loss: 3.014886 | lrm: 0.57 | dt: 1973.43ms | tok/sec: 265,673 | bf16_mfu: 0.00 | epoch: 1 pq: 19 rg: 0 | total time: 52.36m | eta: 29.4m
step 01619/02520 (64.25%) | loss: 3.006988 | lrm: 0.57 | dt: 1973.39ms | tok/sec: 265,678 | bf16_mfu: 0.00 | epoch: 1 pq: 19 rg: 1 | total time: 52.39m | eta: 29.3m
step 01620/02520 (64.29%) | loss: 2.990361 | lrm: 0.57 | dt: 1976.84ms | tok/sec: 265,215 | bf16_mfu: 0.00 | epoch: 1 pq: 19 rg: 2 | total time: 52.42m | eta: 29.3m
step 01621/02520 (64.33%) | loss: 2.978724 | lrm: 0.57 | dt: 1975.56ms | tok/sec: 265,386 | bf16_mfu: 0.00 | epoch: 1 pq: 19 rg: 3 | total time: 52.46m | eta: 29.3m
step 01622/02520 (64.37%) | loss: 2.984910 | lrm: 0.57 | dt: 1976.68ms | tok/sec: 265,236 | bf16_mfu: 0.00 | epoch: 1 pq: 19 rg: 4 | total time: 52.49m | eta: 29.2m
step 01623/02520 (64.40%) | loss: 2.991060 | lrm: 0.57 | dt: 1972.48ms | tok/sec: 265,801 | bf16_mfu: 0.00 | epoch: 1 pq: 19 rg: 5 | total time: 52.52m | eta: 29.2m
step 01624/02520 (64.44%) | loss: 2.995425 | lrm: 0.57 | dt: 1973.25ms | tok/sec: 265,697 | bf16_mfu: 0.00 | epoch: 1 pq: 19 rg: 6 | total time: 52.55m | eta: 29.2m
step 01625/02520 (64.48%) | loss: 2.992579 | lrm: 0.57 | dt: 1973.27ms | tok/sec: 265,695 | bf16_mfu: 0.00 | epoch: 1 pq: 19 rg: 7 | total time: 52.59m | eta: 29.1m
step 01626/02520 (64.52%) | loss: 2.983571 | lrm: 0.57 | dt: 1976.07ms | tok/sec: 265,318 | bf16_mfu: 0.00 | epoch: 1 pq: 19 rg: 8 | total time: 52.62m | eta: 29.1m
step 01627/02520 (64.56%) | loss: 2.982729 | lrm: 0.57 | dt: 1976.68ms | tok/sec: 265,236 | bf16_mfu: 0.00 | epoch: 1 pq: 19 rg: 9 | total time: 52.65m | eta: 29.1m
step 01628/02520 (64.60%) | loss: 2.981854 | lrm: 0.57 | dt: 1974.55ms | tok/sec: 265,523 | bf16_mfu: 0.00 | epoch: 1 pq: 19 rg: 10 | total time: 52.69m | eta: 29.0m
step 01629/02520 (64.64%) | loss: 2.978308 | lrm: 0.57 | dt: 1974.88ms | tok/sec: 265,477 | bf16_mfu: 0.00 | epoch: 1 pq: 19 rg: 11 | total time: 52.72m | eta: 29.0m
step 01630/02520 (64.68%) | loss: 2.982627 | lrm: 0.57 | dt: 1973.81ms | tok/sec: 265,622 | bf16_mfu: 0.00 | epoch: 1 pq: 19 rg: 12 | total time: 52.75m | eta: 29.0m
step 01631/02520 (64.72%) | loss: 2.980689 | lrm: 0.57 | dt: 1976.13ms | tok/sec: 265,310 | bf16_mfu: 0.00 | epoch: 1 pq: 19 rg: 13 | total time: 52.78m | eta: 28.9m
step 01632/02520 (64.76%) | loss: 2.974242 | lrm: 0.57 | dt: 1976.67ms | tok/sec: 265,238 | bf16_mfu: 0.00 | epoch: 1 pq: 19 rg: 14 | total time: 52.82m | eta: 28.9m
step 01633/02520 (64.80%) | loss: 2.977341 | lrm: 0.56 | dt: 1975.59ms | tok/sec: 265,383 | bf16_mfu: 0.00 | epoch: 1 pq: 19 rg: 15 | total time: 52.85m | eta: 28.9m
step 01634/02520 (64.84%) | loss: 2.983435 | lrm: 0.56 | dt: 1975.25ms | tok/sec: 265,428 | bf16_mfu: 0.00 | epoch: 1 pq: 19 rg: 16 | total time: 52.88m | eta: 28.9m
step 01635/02520 (64.88%) | loss: 2.983105 | lrm: 0.56 | dt: 1974.50ms | tok/sec: 265,528 | bf16_mfu: 0.00 | epoch: 1 pq: 19 rg: 17 | total time: 52.92m | eta: 28.8m
step 01636/02520 (64.92%) | loss: 2.993629 | lrm: 0.56 | dt: 1974.30ms | tok/sec: 265,555 | bf16_mfu: 0.00 | epoch: 1 pq: 19 rg: 18 | total time: 52.95m | eta: 28.8m
step 01637/02520 (64.96%) | loss: 2.988310 | lrm: 0.56 | dt: 1974.66ms | tok/sec: 265,508 | bf16_mfu: 0.00 | epoch: 1 pq: 19 rg: 19 | total time: 52.98m | eta: 28.8m
step 01638/02520 (65.00%) | loss: 2.998379 | lrm: 0.56 | dt: 1974.77ms | tok/sec: 265,493 | bf16_mfu: 0.00 | epoch: 1 pq: 19 rg: 20 | total time: 53.01m | eta: 28.7m
step 01639/02520 (65.04%) | loss: 3.009135 | lrm: 0.56 | dt: 1974.35ms | tok/sec: 265,550 | bf16_mfu: 0.00 | epoch: 1 pq: 19 rg: 21 | total time: 53.05m | eta: 28.7m
step 01640/02520 (65.08%) | loss: 3.002786 | lrm: 0.56 | dt: 1973.55ms | tok/sec: 265,656 | bf16_mfu: 0.00 | epoch: 1 pq: 19 rg: 22 | total time: 53.08m | eta: 28.7m
step 01641/02520 (65.12%) | loss: 3.003756 | lrm: 0.56 | dt: 1973.76ms | tok/sec: 265,629 | bf16_mfu: 0.00 | epoch: 1 pq: 19 rg: 23 | total time: 53.11m | eta: 28.6m
step 01642/02520 (65.16%) | loss: 3.009005 | lrm: 0.56 | dt: 1975.07ms | tok/sec: 265,452 | bf16_mfu: 0.00 | epoch: 1 pq: 19 rg: 23 | total time: 53.15m | eta: 28.6m
step 01643/02520 (65.20%) | loss: 3.006403 | lrm: 0.56 | dt: 1974.42ms | tok/sec: 265,540 | bf16_mfu: 0.00 | epoch: 1 pq: 19 rg: 24 | total time: 53.18m | eta: 28.6m
step 01644/02520 (65.24%) | loss: 2.999935 | lrm: 0.56 | dt: 1975.37ms | tok/sec: 265,412 | bf16_mfu: 0.00 | epoch: 1 pq: 19 rg: 25 | total time: 53.21m | eta: 28.5m
step 01645/02520 (65.28%) | loss: 2.992802 | lrm: 0.56 | dt: 1975.81ms | tok/sec: 265,353 | bf16_mfu: 0.00 | epoch: 1 pq: 19 rg: 26 | total time: 53.25m | eta: 28.5m
step 01646/02520 (65.32%) | loss: 2.987057 | lrm: 0.56 | dt: 1972.93ms | tok/sec: 265,741 | bf16_mfu: 0.00 | epoch: 1 pq: 19 rg: 27 | total time: 53.28m | eta: 28.5m
step 01647/02520 (65.36%) | loss: 2.997167 | lrm: 0.56 | dt: 1974.53ms | tok/sec: 265,526 | bf16_mfu: 0.00 | epoch: 1 pq: 19 rg: 28 | total time: 53.31m | eta: 28.4m
step 01648/02520 (65.40%) | loss: 2.998762 | lrm: 0.56 | dt: 1975.91ms | tok/sec: 265,340 | bf16_mfu: 0.00 | epoch: 1 pq: 19 rg: 29 | total time: 53.34m | eta: 28.4m
step 01649/02520 (65.44%) | loss: 3.005453 | lrm: 0.56 | dt: 1973.03ms | tok/sec: 265,726 | bf16_mfu: 0.00 | epoch: 1 pq: 19 rg: 30 | total time: 53.38m | eta: 28.4m
step 01650/02520 (65.48%) | loss: 3.015064 | lrm: 0.55 | dt: 1971.62ms | tok/sec: 265,917 | bf16_mfu: 0.00 | epoch: 1 pq: 19 rg: 31 | total time: 53.41m | eta: 28.3m
step 01651/02520 (65.52%) | loss: 3.015487 | lrm: 0.55 | dt: 1971.68ms | tok/sec: 265,909 | bf16_mfu: 0.00 | epoch: 1 pq: 19 rg: 32 | total time: 53.44m | eta: 28.3m
step 01652/02520 (65.56%) | loss: 3.020638 | lrm: 0.55 | dt: 1974.36ms | tok/sec: 265,548 | bf16_mfu: 0.00 | epoch: 1 pq: 19 rg: 33 | total time: 53.48m | eta: 28.3m
step 01653/02520 (65.60%) | loss: 3.029228 | lrm: 0.55 | dt: 1975.65ms | tok/sec: 265,375 | bf16_mfu: 0.00 | epoch: 1 pq: 19 rg: 34 | total time: 53.51m | eta: 28.2m
step 01654/02520 (65.63%) | loss: 3.025998 | lrm: 0.55 | dt: 1974.83ms | tok/sec: 265,484 | bf16_mfu: 0.00 | epoch: 1 pq: 19 rg: 35 | total time: 53.54m | eta: 28.2m
step 01655/02520 (65.67%) | loss: 3.024844 | lrm: 0.55 | dt: 1974.81ms | tok/sec: 265,487 | bf16_mfu: 0.00 | epoch: 1 pq: 19 rg: 36 | total time: 53.57m | eta: 28.2m
step 01656/02520 (65.71%) | loss: 3.022449 | lrm: 0.55 | dt: 1974.45ms | tok/sec: 265,536 | bf16_mfu: 0.00 | epoch: 1 pq: 19 rg: 37 | total time: 53.61m | eta: 28.1m
step 01657/02520 (65.75%) | loss: 3.019143 | lrm: 0.55 | dt: 1972.59ms | tok/sec: 265,787 | bf16_mfu: 0.00 | epoch: 1 pq: 19 rg: 38 | total time: 53.64m | eta: 28.1m
step 01658/02520 (65.79%) | loss: 3.004787 | lrm: 0.55 | dt: 1972.74ms | tok/sec: 265,766 | bf16_mfu: 0.00 | epoch: 1 pq: 19 rg: 39 | total time: 53.67m | eta: 28.1m
step 01659/02520 (65.83%) | loss: 2.989610 | lrm: 0.55 | dt: 1971.83ms | tok/sec: 265,888 | bf16_mfu: 0.00 | epoch: 1 pq: 19 rg: 40 | total time: 53.71m | eta: 28.0m
step 01660/02520 (65.87%) | loss: 2.990829 | lrm: 0.55 | dt: 1972.55ms | tok/sec: 265,792 | bf16_mfu: 0.00 | epoch: 1 pq: 19 rg: 41 | total time: 53.74m | eta: 28.0m
step 01661/02520 (65.91%) | loss: 2.979424 | lrm: 0.55 | dt: 1970.96ms | tok/sec: 266,006 | bf16_mfu: 0.00 | epoch: 1 pq: 19 rg: 42 | total time: 53.77m | eta: 28.0m
step 01662/02520 (65.95%) | loss: 2.984213 | lrm: 0.55 | dt: 1973.47ms | tok/sec: 265,667 | bf16_mfu: 0.00 | epoch: 1 pq: 19 rg: 43 | total time: 53.80m | eta: 27.9m
step 01663/02520 (65.99%) | loss: 2.982552 | lrm: 0.55 | dt: 1975.63ms | tok/sec: 265,377 | bf16_mfu: 0.00 | epoch: 1 pq: 19 rg: 44 | total time: 53.84m | eta: 27.9m
step 01664/02520 (66.03%) | loss: 3.002606 | lrm: 0.55 | dt: 1977.02ms | tok/sec: 265,191 | bf16_mfu: 0.00 | epoch: 1 pq: 19 rg: 45 | total time: 53.87m | eta: 27.9m
step 01665/02520 (66.07%) | loss: 2.996232 | lrm: 0.55 | dt: 1974.11ms | tok/sec: 265,581 | bf16_mfu: 0.00 | epoch: 1 pq: 19 rg: 46 | total time: 53.90m | eta: 27.8m
step 01666/02520 (66.11%) | loss: 2.995400 | lrm: 0.55 | dt: 1971.03ms | tok/sec: 265,996 | bf16_mfu: 0.00 | epoch: 1 pq: 19 rg: 47 | total time: 53.94m | eta: 27.8m
step 01667/02520 (66.15%) | loss: 3.003190 | lrm: 0.54 | dt: 1971.53ms | tok/sec: 265,929 | bf16_mfu: 0.00 | epoch: 1 pq: 19 rg: 48 | total time: 53.97m | eta: 27.8m
step 01668/02520 (66.19%) | loss: 3.001388 | lrm: 0.54 | dt: 1972.90ms | tok/sec: 265,745 | bf16_mfu: 0.00 | epoch: 1 pq: 19 rg: 49 | total time: 54.00m | eta: 27.7m
step 01669/02520 (66.23%) | loss: 3.005326 | lrm: 0.54 | dt: 1972.93ms | tok/sec: 265,740 | bf16_mfu: 0.00 | epoch: 1 pq: 19 rg: 50 | total time: 54.03m | eta: 27.7m
step 01670/02520 (66.27%) | loss: 2.998765 | lrm: 0.54 | dt: 1970.79ms | tok/sec: 266,029 | bf16_mfu: 0.00 | epoch: 1 pq: 19 rg: 50 | total time: 54.07m | eta: 27.7m
step 01671/02520 (66.31%) | loss: 2.998886 | lrm: 0.54 | dt: 1970.42ms | tok/sec: 266,079 | bf16_mfu: 0.00 | epoch: 1 pq: 19 rg: 51 | total time: 54.10m | eta: 27.7m
step 01672/02520 (66.35%) | loss: 2.995385 | lrm: 0.54 | dt: 1972.46ms | tok/sec: 265,804 | bf16_mfu: 0.00 | epoch: 1 pq: 19 rg: 52 | total time: 54.13m | eta: 27.6m
step 01673/02520 (66.39%) | loss: 2.996799 | lrm: 0.54 | dt: 1973.62ms | tok/sec: 265,647 | bf16_mfu: 0.00 | epoch: 1 pq: 19 rg: 53 | total time: 54.17m | eta: 27.6m
step 01674/02520 (66.43%) | loss: 2.997674 | lrm: 0.54 | dt: 1975.99ms | tok/sec: 265,329 | bf16_mfu: 0.00 | epoch: 1 pq: 19 rg: 54 | total time: 54.20m | eta: 27.6m
step 01675/02520 (66.47%) | loss: 3.000211 | lrm: 0.54 | dt: 1971.36ms | tok/sec: 265,952 | bf16_mfu: 0.00 | epoch: 1 pq: 19 rg: 55 | total time: 54.23m | eta: 27.5m
step 01676/02520 (66.51%) | loss: 3.001477 | lrm: 0.54 | dt: 1975.40ms | tok/sec: 265,408 | bf16_mfu: 0.00 | epoch: 1 pq: 19 rg: 56 | total time: 54.26m | eta: 27.5m
step 01677/02520 (66.55%) | loss: 3.002308 | lrm: 0.54 | dt: 1972.89ms | tok/sec: 265,746 | bf16_mfu: 0.00 | epoch: 1 pq: 19 rg: 57 | total time: 54.30m | eta: 27.5m
step 01678/02520 (66.59%) | loss: 3.000131 | lrm: 0.54 | dt: 1972.75ms | tok/sec: 265,765 | bf16_mfu: 0.00 | epoch: 1 pq: 19 rg: 58 | total time: 54.33m | eta: 27.4m
step 01679/02520 (66.63%) | loss: 2.998807 | lrm: 0.54 | dt: 1974.25ms | tok/sec: 265,562 | bf16_mfu: 0.00 | epoch: 1 pq: 19 rg: 59 | total time: 54.36m | eta: 27.4m
step 01680/02520 (66.67%) | loss: 3.002108 | lrm: 0.54 | dt: 1972.31ms | tok/sec: 265,824 | bf16_mfu: 0.00 | epoch: 1 pq: 19 rg: 60 | total time: 54.40m | eta: 27.4m
step 01681/02520 (66.71%) | loss: 2.989423 | lrm: 0.54 | dt: 1972.53ms | tok/sec: 265,794 | bf16_mfu: 0.00 | epoch: 1 pq: 19 rg: 61 | total time: 54.43m | eta: 27.3m
step 01682/02520 (66.75%) | loss: 2.973902 | lrm: 0.54 | dt: 1974.28ms | tok/sec: 265,559 | bf16_mfu: 0.00 | epoch: 1 pq: 19 rg: 62 | total time: 54.46m | eta: 27.3m
step 01683/02520 (66.79%) | loss: 2.970830 | lrm: 0.54 | dt: 1976.30ms | tok/sec: 265,287 | bf16_mfu: 0.00 | epoch: 1 pq: 19 rg: 63 | total time: 54.49m | eta: 27.3m
step 01684/02520 (66.83%) | loss: 2.959812 | lrm: 0.53 | dt: 1977.83ms | tok/sec: 265,082 | bf16_mfu: 0.00 | epoch: 1 pq: 19 rg: 64 | total time: 54.53m | eta: 27.2m
step 01685/02520 (66.87%) | loss: 2.961222 | lrm: 0.53 | dt: 1974.27ms | tok/sec: 265,560 | bf16_mfu: 0.00 | epoch: 1 pq: 19 rg: 65 | total time: 54.56m | eta: 27.2m
step 01686/02520 (66.90%) | loss: 2.960770 | lrm: 0.53 | dt: 1974.63ms | tok/sec: 265,511 | bf16_mfu: 0.00 | epoch: 1 pq: 19 rg: 66 | total time: 54.59m | eta: 27.2m
step 01687/02520 (66.94%) | loss: 2.972504 | lrm: 0.53 | dt: 1973.57ms | tok/sec: 265,654 | bf16_mfu: 0.00 | epoch: 1 pq: 19 rg: 67 | total time: 54.63m | eta: 27.1m
step 01688/02520 (66.98%) | loss: 2.977266 | lrm: 0.53 | dt: 1973.71ms | tok/sec: 265,635 | bf16_mfu: 0.00 | epoch: 1 pq: 19 rg: 68 | total time: 54.66m | eta: 27.1m
step 01689/02520 (67.02%) | loss: 2.979795 | lrm: 0.53 | dt: 1976.21ms | tok/sec: 265,299 | bf16_mfu: 0.00 | epoch: 1 pq: 19 rg: 69 | total time: 54.69m | eta: 27.1m
step 01690/02520 (67.06%) | loss: 2.982102 | lrm: 0.53 | dt: 1973.25ms | tok/sec: 265,697 | bf16_mfu: 0.00 | epoch: 1 pq: 19 rg: 70 | total time: 54.73m | eta: 27.0m
step 01691/02520 (67.10%) | loss: 2.977163 | lrm: 0.53 | dt: 1970.62ms | tok/sec: 266,051 | bf16_mfu: 0.00 | epoch: 1 pq: 19 rg: 71 | total time: 54.76m | eta: 27.0m
step 01692/02520 (67.14%) | loss: 2.976762 | lrm: 0.53 | dt: 1972.80ms | tok/sec: 265,758 | bf16_mfu: 0.00 | epoch: 1 pq: 19 rg: 72 | total time: 54.79m | eta: 27.0m
step 01693/02520 (67.18%) | loss: 2.958477 | lrm: 0.53 | dt: 1976.77ms | tok/sec: 265,224 | bf16_mfu: 0.00 | epoch: 1 pq: 19 rg: 73 | total time: 54.82m | eta: 26.9m
step 01694/02520 (67.22%) | loss: 2.960941 | lrm: 0.53 | dt: 1975.76ms | tok/sec: 265,359 | bf16_mfu: 0.00 | epoch: 1 pq: 19 rg: 74 | total time: 54.86m | eta: 26.9m
step 01695/02520 (67.26%) | loss: 2.943574 | lrm: 0.53 | dt: 1974.41ms | tok/sec: 265,541 | bf16_mfu: 0.00 | epoch: 1 pq: 19 rg: 75 | total time: 54.89m | eta: 26.9m
step 01696/02520 (67.30%) | loss: 2.942173 | lrm: 0.53 | dt: 1974.54ms | tok/sec: 265,524 | bf16_mfu: 0.00 | epoch: 1 pq: 19 rg: 76 | total time: 54.92m | eta: 26.8m
step 01697/02520 (67.34%) | loss: 2.943870 | lrm: 0.53 | dt: 1973.30ms | tok/sec: 265,690 | bf16_mfu: 0.00 | epoch: 1 pq: 19 rg: 77 | total time: 54.96m | eta: 26.8m
step 01698/02520 (67.38%) | loss: 2.948415 | lrm: 0.53 | dt: 1974.17ms | tok/sec: 265,573 | bf16_mfu: 0.00 | epoch: 1 pq: 19 rg: 78 | total time: 54.99m | eta: 26.8m
step 01699/02520 (67.42%) | loss: 2.952796 | lrm: 0.53 | dt: 1972.40ms | tok/sec: 265,812 | bf16_mfu: 0.00 | epoch: 1 pq: 19 rg: 79 | total time: 55.02m | eta: 26.7m
step 01700/02520 (67.46%) | loss: 2.966105 | lrm: 0.53 | dt: 1974.02ms | tok/sec: 265,594 | bf16_mfu: 0.00 | epoch: 1 pq: 19 rg: 80 | total time: 55.05m | eta: 26.7m
step 01701/02520 (67.50%) | loss: 2.971871 | lrm: 0.53 | dt: 1972.15ms | tok/sec: 265,846 | bf16_mfu: 0.00 | epoch: 1 pq: 19 rg: 80 | total time: 55.09m | eta: 26.7m
step 01702/02520 (67.54%) | loss: 2.970887 | lrm: 0.52 | dt: 1973.13ms | tok/sec: 265,713 | bf16_mfu: 0.00 | epoch: 1 pq: 19 rg: 81 | total time: 55.12m | eta: 26.6m
step 01703/02520 (67.58%) | loss: 2.966740 | lrm: 0.52 | dt: 1977.42ms | tok/sec: 265,136 | bf16_mfu: 0.00 | epoch: 1 pq: 20 rg: 0 | total time: 55.15m | eta: 26.6m
step 01704/02520 (67.62%) | loss: 2.980881 | lrm: 0.52 | dt: 1974.97ms | tok/sec: 265,465 | bf16_mfu: 0.00 | epoch: 1 pq: 20 rg: 1 | total time: 55.19m | eta: 26.6m
step 01705/02520 (67.66%) | loss: 2.996968 | lrm: 0.52 | dt: 1973.66ms | tok/sec: 265,642 | bf16_mfu: 0.00 | epoch: 1 pq: 20 rg: 2 | total time: 55.22m | eta: 26.6m
step 01706/02520 (67.70%) | loss: 2.987625 | lrm: 0.52 | dt: 1974.82ms | tok/sec: 265,486 | bf16_mfu: 0.00 | epoch: 1 pq: 20 rg: 3 | total time: 55.25m | eta: 26.5m
step 01707/02520 (67.74%) | loss: 2.980819 | lrm: 0.52 | dt: 1975.45ms | tok/sec: 265,401 | bf16_mfu: 0.00 | epoch: 1 pq: 20 rg: 4 | total time: 55.28m | eta: 26.5m
step 01708/02520 (67.78%) | loss: 2.980021 | lrm: 0.52 | dt: 1973.58ms | tok/sec: 265,653 | bf16_mfu: 0.00 | epoch: 1 pq: 20 rg: 5 | total time: 55.32m | eta: 26.5m
step 01709/02520 (67.82%) | loss: 2.984911 | lrm: 0.52 | dt: 1971.59ms | tok/sec: 265,922 | bf16_mfu: 0.00 | epoch: 1 pq: 20 rg: 6 | total time: 55.35m | eta: 26.4m
step 01710/02520 (67.86%) | loss: 2.972030 | lrm: 0.52 | dt: 1973.30ms | tok/sec: 265,690 | bf16_mfu: 0.00 | epoch: 1 pq: 20 rg: 7 | total time: 55.38m | eta: 26.4m
step 01711/02520 (67.90%) | loss: 2.978789 | lrm: 0.52 | dt: 1974.72ms | tok/sec: 265,500 | bf16_mfu: 0.00 | epoch: 1 pq: 20 rg: 8 | total time: 55.42m | eta: 26.4m
step 01712/02520 (67.94%) | loss: 2.969379 | lrm: 0.52 | dt: 1975.69ms | tok/sec: 265,368 | bf16_mfu: 0.00 | epoch: 1 pq: 20 rg: 9 | total time: 55.45m | eta: 26.3m
step 01713/02520 (67.98%) | loss: 2.974398 | lrm: 0.52 | dt: 1976.41ms | tok/sec: 265,272 | bf16_mfu: 0.00 | epoch: 1 pq: 20 rg: 10 | total time: 55.48m | eta: 26.3m
step 01714/02520 (68.02%) | loss: 2.977080 | lrm: 0.52 | dt: 1976.28ms | tok/sec: 265,289 | bf16_mfu: 0.00 | epoch: 1 pq: 20 rg: 11 | total time: 55.52m | eta: 26.3m
step 01715/02520 (68.06%) | loss: 2.987322 | lrm: 0.52 | dt: 1974.37ms | tok/sec: 265,546 | bf16_mfu: 0.00 | epoch: 1 pq: 20 rg: 12 | total time: 55.55m | eta: 26.2m
step 01716/02520 (68.10%) | loss: 2.981843 | lrm: 0.52 | dt: 1972.63ms | tok/sec: 265,781 | bf16_mfu: 0.00 | epoch: 1 pq: 20 rg: 13 | total time: 55.58m | eta: 26.2m
step 01717/02520 (68.13%) | loss: 2.974731 | lrm: 0.52 | dt: 1975.30ms | tok/sec: 265,422 | bf16_mfu: 0.00 | epoch: 1 pq: 20 rg: 14 | total time: 55.61m | eta: 26.2m
step 01718/02520 (68.17%) | loss: 2.969231 | lrm: 0.52 | dt: 1972.07ms | tok/sec: 265,856 | bf16_mfu: 0.00 | epoch: 1 pq: 20 rg: 15 | total time: 55.65m | eta: 26.1m
step 01719/02520 (68.21%) | loss: 2.969008 | lrm: 0.51 | dt: 1974.03ms | tok/sec: 265,593 | bf16_mfu: 0.00 | epoch: 1 pq: 20 rg: 16 | total time: 55.68m | eta: 26.1m
step 01720/02520 (68.25%) | loss: 2.974147 | lrm: 0.51 | dt: 1974.35ms | tok/sec: 265,549 | bf16_mfu: 0.00 | epoch: 1 pq: 20 rg: 17 | total time: 55.71m | eta: 26.1m
step 01721/02520 (68.29%) | loss: 2.972901 | lrm: 0.51 | dt: 1975.62ms | tok/sec: 265,378 | bf16_mfu: 0.00 | epoch: 1 pq: 20 rg: 18 | total time: 55.75m | eta: 26.0m
step 01722/02520 (68.33%) | loss: 2.978242 | lrm: 0.51 | dt: 1973.51ms | tok/sec: 265,662 | bf16_mfu: 0.00 | epoch: 1 pq: 20 rg: 19 | total time: 55.78m | eta: 26.0m
step 01723/02520 (68.37%) | loss: 2.981999 | lrm: 0.51 | dt: 1974.61ms | tok/sec: 265,514 | bf16_mfu: 0.00 | epoch: 1 pq: 20 rg: 20 | total time: 55.81m | eta: 26.0m
step 01724/02520 (68.41%) | loss: 2.974456 | lrm: 0.51 | dt: 1980.38ms | tok/sec: 264,741 | bf16_mfu: 0.00 | epoch: 1 pq: 20 rg: 21 | total time: 55.84m | eta: 25.9m
step 01725/02520 (68.45%) | loss: 2.970105 | lrm: 0.51 | dt: 1977.23ms | tok/sec: 265,163 | bf16_mfu: 0.00 | epoch: 1 pq: 20 rg: 22 | total time: 55.88m | eta: 25.9m
step 01726/02520 (68.49%) | loss: 2.975295 | lrm: 0.51 | dt: 1974.71ms | tok/sec: 265,500 | bf16_mfu: 0.00 | epoch: 1 pq: 20 rg: 23 | total time: 55.91m | eta: 25.9m
step 01727/02520 (68.53%) | loss: 2.964668 | lrm: 0.51 | dt: 1974.81ms | tok/sec: 265,487 | bf16_mfu: 0.00 | epoch: 1 pq: 20 rg: 24 | total time: 55.94m | eta: 25.8m
step 01728/02520 (68.57%) | loss: 2.973976 | lrm: 0.51 | dt: 1971.74ms | tok/sec: 265,901 | bf16_mfu: 0.00 | epoch: 1 pq: 20 rg: 25 | total time: 55.98m | eta: 25.8m
step 01729/02520 (68.61%) | loss: 2.985241 | lrm: 0.51 | dt: 1974.29ms | tok/sec: 265,557 | bf16_mfu: 0.00 | epoch: 1 pq: 20 rg: 26 | total time: 56.01m | eta: 25.8m
step 01730/02520 (68.65%) | loss: 2.984345 | lrm: 0.51 | dt: 1974.09ms | tok/sec: 265,585 | bf16_mfu: 0.00 | epoch: 1 pq: 20 rg: 27 | total time: 56.04m | eta: 25.7m
step 01731/02520 (68.69%) | loss: 2.983633 | lrm: 0.51 | dt: 1974.72ms | tok/sec: 265,500 | bf16_mfu: 0.00 | epoch: 1 pq: 20 rg: 28 | total time: 56.07m | eta: 25.7m
step 01732/02520 (68.73%) | loss: 2.974359 | lrm: 0.51 | dt: 1974.27ms | tok/sec: 265,560 | bf16_mfu: 0.00 | epoch: 1 pq: 20 rg: 29 | total time: 56.11m | eta: 25.7m
step 01733/02520 (68.77%) | loss: 2.969138 | lrm: 0.51 | dt: 1973.65ms | tok/sec: 265,644 | bf16_mfu: 0.00 | epoch: 1 pq: 20 rg: 30 | total time: 56.14m | eta: 25.6m
step 01734/02520 (68.81%) | loss: 2.978393 | lrm: 0.51 | dt: 1977.75ms | tok/sec: 265,092 | bf16_mfu: 0.00 | epoch: 1 pq: 20 rg: 30 | total time: 56.17m | eta: 25.6m
step 01735/02520 (68.85%) | loss: 2.979402 | lrm: 0.51 | dt: 1976.65ms | tok/sec: 265,241 | bf16_mfu: 0.00 | epoch: 1 pq: 20 rg: 31 | total time: 56.21m | eta: 25.6m
step 01736/02520 (68.89%) | loss: 2.968362 | lrm: 0.50 | dt: 1975.25ms | tok/sec: 265,428 | bf16_mfu: 0.00 | epoch: 1 pq: 20 rg: 32 | total time: 56.24m | eta: 25.5m
step 01737/02520 (68.93%) | loss: 2.959071 | lrm: 0.50 | dt: 1972.95ms | tok/sec: 265,738 | bf16_mfu: 0.00 | epoch: 1 pq: 20 rg: 33 | total time: 56.27m | eta: 25.5m
step 01738/02520 (68.97%) | loss: 2.955531 | lrm: 0.50 | dt: 1972.49ms | tok/sec: 265,800 | bf16_mfu: 0.00 | epoch: 1 pq: 20 rg: 34 | total time: 56.30m | eta: 25.5m
step 01739/02520 (69.01%) | loss: 2.964899 | lrm: 0.50 | dt: 1971.57ms | tok/sec: 265,923 | bf16_mfu: 0.00 | epoch: 1 pq: 20 rg: 35 | total time: 56.34m | eta: 25.4m
step 01740/02520 (69.05%) | loss: 2.955314 | lrm: 0.50 | dt: 1972.83ms | tok/sec: 265,753 | bf16_mfu: 0.00 | epoch: 1 pq: 20 rg: 36 | total time: 56.37m | eta: 25.4m
step 01741/02520 (69.09%) | loss: 2.956945 | lrm: 0.50 | dt: 1975.07ms | tok/sec: 265,452 | bf16_mfu: 0.00 | epoch: 1 pq: 20 rg: 37 | total time: 56.40m | eta: 25.4m
step 01742/02520 (69.13%) | loss: 2.960060 | lrm: 0.50 | dt: 1973.19ms | tok/sec: 265,706 | bf16_mfu: 0.00 | epoch: 1 pq: 20 rg: 38 | total time: 56.44m | eta: 25.4m
step 01743/02520 (69.17%) | loss: 2.947970 | lrm: 0.50 | dt: 1972.30ms | tok/sec: 265,825 | bf16_mfu: 0.00 | epoch: 1 pq: 20 rg: 39 | total time: 56.47m | eta: 25.3m
step 01744/02520 (69.21%) | loss: 2.944304 | lrm: 0.50 | dt: 1976.33ms | tok/sec: 265,283 | bf16_mfu: 0.00 | epoch: 1 pq: 20 rg: 40 | total time: 56.50m | eta: 25.3m
step 01745/02520 (69.25%) | loss: 2.958988 | lrm: 0.50 | dt: 1975.43ms | tok/sec: 265,403 | bf16_mfu: 0.00 | epoch: 1 pq: 20 rg: 41 | total time: 56.54m | eta: 25.3m
step 01746/02520 (69.29%) | loss: 2.951676 | lrm: 0.50 | dt: 1972.40ms | tok/sec: 265,812 | bf16_mfu: 0.00 | epoch: 1 pq: 20 rg: 42 | total time: 56.57m | eta: 25.2m
step 01747/02520 (69.33%) | loss: 2.954897 | lrm: 0.50 | dt: 1971.84ms | tok/sec: 265,887 | bf16_mfu: 0.00 | epoch: 1 pq: 20 rg: 43 | total time: 56.60m | eta: 25.2m
step 01748/02520 (69.37%) | loss: 2.958191 | lrm: 0.50 | dt: 1972.11ms | tok/sec: 265,851 | bf16_mfu: 0.00 | epoch: 1 pq: 20 rg: 44 | total time: 56.63m | eta: 25.2m
step 01749/02520 (69.40%) | loss: 2.970670 | lrm: 0.50 | dt: 1971.35ms | tok/sec: 265,954 | bf16_mfu: 0.00 | epoch: 1 pq: 20 rg: 45 | total time: 56.67m | eta: 25.1m
Step 01750 | Validation bpb: 0.906237
step 01750/02520 (69.44%) | loss: 2.967951 | lrm: 0.50 | dt: 1957.50ms | tok/sec: 267,835 | bf16_mfu: 0.00 | epoch: 1 pq: 20 rg: 46 | total time: 56.70m | eta: 25.1m
step 01751/02520 (69.48%) | loss: 2.965027 | lrm: 0.50 | dt: 1963.00ms | tok/sec: 267,084 | bf16_mfu: 0.00 | epoch: 1 pq: 20 rg: 47 | total time: 56.73m | eta: 25.1m
step 01752/02520 (69.52%) | loss: 2.966248 | lrm: 0.50 | dt: 1963.33ms | tok/sec: 267,040 | bf16_mfu: 0.00 | epoch: 1 pq: 20 rg: 48 | total time: 56.76m | eta: 25.0m
step 01753/02520 (69.56%) | loss: 2.980352 | lrm: 0.49 | dt: 1965.96ms | tok/sec: 266,682 | bf16_mfu: 0.00 | epoch: 1 pq: 20 rg: 49 | total time: 56.80m | eta: 25.0m
step 01754/02520 (69.60%) | loss: 2.964105 | lrm: 0.49 | dt: 1965.18ms | tok/sec: 266,788 | bf16_mfu: 0.00 | epoch: 1 pq: 20 rg: 50 | total time: 56.83m | eta: 25.0m
step 01755/02520 (69.64%) | loss: 2.967196 | lrm: 0.49 | dt: 1966.45ms | tok/sec: 266,616 | bf16_mfu: 0.00 | epoch: 1 pq: 20 rg: 51 | total time: 56.86m | eta: 24.9m
step 01756/02520 (69.68%) | loss: 2.957250 | lrm: 0.49 | dt: 1971.22ms | tok/sec: 265,971 | bf16_mfu: 0.00 | epoch: 1 pq: 20 rg: 52 | total time: 56.90m | eta: 24.9m
step 01757/02520 (69.72%) | loss: 2.955332 | lrm: 0.49 | dt: 1968.94ms | tok/sec: 266,279 | bf16_mfu: 0.00 | epoch: 1 pq: 20 rg: 53 | total time: 56.93m | eta: 24.9m
step 01758/02520 (69.76%) | loss: 2.949803 | lrm: 0.49 | dt: 1964.58ms | tok/sec: 266,870 | bf16_mfu: 0.00 | epoch: 1 pq: 20 rg: 54 | total time: 56.96m | eta: 24.8m
step 01759/02520 (69.80%) | loss: 2.954387 | lrm: 0.49 | dt: 1964.54ms | tok/sec: 266,876 | bf16_mfu: 0.00 | epoch: 1 pq: 20 rg: 55 | total time: 56.99m | eta: 24.8m
step 01760/02520 (69.84%) | loss: 2.967556 | lrm: 0.49 | dt: 1968.11ms | tok/sec: 266,391 | bf16_mfu: 0.00 | epoch: 1 pq: 20 rg: 56 | total time: 57.03m | eta: 24.8m
step 01761/02520 (69.88%) | loss: 2.962120 | lrm: 0.49 | dt: 1965.99ms | tok/sec: 266,678 | bf16_mfu: 0.00 | epoch: 1 pq: 20 rg: 57 | total time: 57.06m | eta: 24.7m
step 01762/02520 (69.92%) | loss: 2.969824 | lrm: 0.49 | dt: 1966.19ms | tok/sec: 266,652 | bf16_mfu: 0.00 | epoch: 1 pq: 20 rg: 58 | total time: 57.09m | eta: 24.7m
step 01763/02520 (69.96%) | loss: 2.972423 | lrm: 0.49 | dt: 1967.16ms | tok/sec: 266,520 | bf16_mfu: 0.00 | epoch: 1 pq: 20 rg: 59 | total time: 57.13m | eta: 24.7m
step 01764/02520 (70.00%) | loss: 2.976228 | lrm: 0.49 | dt: 1967.54ms | tok/sec: 266,469 | bf16_mfu: 0.00 | epoch: 1 pq: 20 rg: 60 | total time: 57.16m | eta: 24.6m
step 01765/02520 (70.04%) | loss: 2.968820 | lrm: 0.49 | dt: 1966.29ms | tok/sec: 266,638 | bf16_mfu: 0.00 | epoch: 1 pq: 20 rg: 61 | total time: 57.19m | eta: 24.6m
step 01766/02520 (70.08%) | loss: 2.976292 | lrm: 0.49 | dt: 1967.67ms | tok/sec: 266,451 | bf16_mfu: 0.00 | epoch: 1 pq: 20 rg: 62 | total time: 57.22m | eta: 24.6m
step 01767/02520 (70.12%) | loss: 2.982841 | lrm: 0.49 | dt: 1971.16ms | tok/sec: 265,979 | bf16_mfu: 0.00 | epoch: 1 pq: 20 rg: 63 | total time: 57.26m | eta: 24.5m
step 01768/02520 (70.16%) | loss: 2.980570 | lrm: 0.49 | dt: 1967.22ms | tok/sec: 266,512 | bf16_mfu: 0.00 | epoch: 1 pq: 20 rg: 64 | total time: 57.29m | eta: 24.5m
step 01769/02520 (70.20%) | loss: 2.978255 | lrm: 0.49 | dt: 1966.48ms | tok/sec: 266,612 | bf16_mfu: 0.00 | epoch: 1 pq: 20 rg: 65 | total time: 57.32m | eta: 24.5m
step 01770/02520 (70.24%) | loss: 2.973122 | lrm: 0.48 | dt: 1969.06ms | tok/sec: 266,263 | bf16_mfu: 0.00 | epoch: 1 pq: 20 rg: 66 | total time: 57.35m | eta: 24.4m
step 01771/02520 (70.28%) | loss: 2.975039 | lrm: 0.48 | dt: 1969.77ms | tok/sec: 266,166 | bf16_mfu: 0.00 | epoch: 1 pq: 20 rg: 67 | total time: 57.39m | eta: 24.4m
step 01772/02520 (70.32%) | loss: 2.971096 | lrm: 0.48 | dt: 1969.81ms | tok/sec: 266,161 | bf16_mfu: 0.00 | epoch: 1 pq: 20 rg: 68 | total time: 57.42m | eta: 24.4m
step 01773/02520 (70.36%) | loss: 2.973208 | lrm: 0.48 | dt: 1969.23ms | tok/sec: 266,240 | bf16_mfu: 0.00 | epoch: 1 pq: 20 rg: 68 | total time: 57.45m | eta: 24.3m
step 01774/02520 (70.40%) | loss: 2.986903 | lrm: 0.48 | dt: 1970.82ms | tok/sec: 266,025 | bf16_mfu: 0.00 | epoch: 1 pq: 20 rg: 69 | total time: 57.49m | eta: 24.3m
step 01775/02520 (70.44%) | loss: 2.980085 | lrm: 0.48 | dt: 1970.39ms | tok/sec: 266,083 | bf16_mfu: 0.00 | epoch: 1 pq: 20 rg: 70 | total time: 57.52m | eta: 24.3m
step 01776/02520 (70.48%) | loss: 2.969743 | lrm: 0.48 | dt: 1971.53ms | tok/sec: 265,929 | bf16_mfu: 0.00 | epoch: 1 pq: 20 rg: 71 | total time: 57.55m | eta: 24.2m
step 01777/02520 (70.52%) | loss: 2.970592 | lrm: 0.48 | dt: 1974.33ms | tok/sec: 265,552 | bf16_mfu: 0.00 | epoch: 1 pq: 20 rg: 72 | total time: 57.58m | eta: 24.2m
step 01778/02520 (70.56%) | loss: 2.957333 | lrm: 0.48 | dt: 1971.66ms | tok/sec: 265,912 | bf16_mfu: 0.00 | epoch: 1 pq: 20 rg: 73 | total time: 57.62m | eta: 24.2m
step 01779/02520 (70.60%) | loss: 2.954357 | lrm: 0.48 | dt: 1973.78ms | tok/sec: 265,625 | bf16_mfu: 0.00 | epoch: 1 pq: 20 rg: 74 | total time: 57.65m | eta: 24.1m
step 01780/02520 (70.63%) | loss: 2.952911 | lrm: 0.48 | dt: 1973.25ms | tok/sec: 265,698 | bf16_mfu: 0.00 | epoch: 1 pq: 20 rg: 75 | total time: 57.68m | eta: 24.1m
step 01781/02520 (70.67%) | loss: 2.962460 | lrm: 0.48 | dt: 1973.22ms | tok/sec: 265,701 | bf16_mfu: 0.00 | epoch: 1 pq: 20 rg: 76 | total time: 57.72m | eta: 24.1m
step 01782/02520 (70.71%) | loss: 2.964572 | lrm: 0.48 | dt: 1969.83ms | tok/sec: 266,159 | bf16_mfu: 0.00 | epoch: 1 pq: 20 rg: 77 | total time: 57.75m | eta: 24.1m
step 01783/02520 (70.75%) | loss: 2.973736 | lrm: 0.48 | dt: 1970.18ms | tok/sec: 266,111 | bf16_mfu: 0.00 | epoch: 1 pq: 20 rg: 78 | total time: 57.78m | eta: 24.0m
step 01784/02520 (70.79%) | loss: 2.980494 | lrm: 0.48 | dt: 1971.05ms | tok/sec: 265,994 | bf16_mfu: 0.00 | epoch: 1 pq: 20 rg: 79 | total time: 57.81m | eta: 24.0m
step 01785/02520 (70.83%) | loss: 2.984498 | lrm: 0.48 | dt: 1975.00ms | tok/sec: 265,462 | bf16_mfu: 0.00 | epoch: 1 pq: 20 rg: 80 | total time: 57.85m | eta: 24.0m
step 01786/02520 (70.87%) | loss: 2.978634 | lrm: 0.48 | dt: 1970.70ms | tok/sec: 266,041 | bf16_mfu: 0.00 | epoch: 1 pq: 20 rg: 81 | total time: 57.88m | eta: 23.9m
step 01787/02520 (70.91%) | loss: 2.966859 | lrm: 0.48 | dt: 1974.33ms | tok/sec: 265,552 | bf16_mfu: 0.00 | epoch: 1 pq: 20 rg: 82 | total time: 57.91m | eta: 23.9m
step 01788/02520 (70.95%) | loss: 2.975810 | lrm: 0.47 | dt: 1975.57ms | tok/sec: 265,385 | bf16_mfu: 0.00 | epoch: 1 pq: 20 rg: 83 | total time: 57.95m | eta: 23.9m
step 01789/02520 (70.99%) | loss: 2.975563 | lrm: 0.47 | dt: 1971.81ms | tok/sec: 265,891 | bf16_mfu: 0.00 | epoch: 1 pq: 21 rg: 0 | total time: 57.98m | eta: 23.8m
step 01790/02520 (71.03%) | loss: 2.976998 | lrm: 0.47 | dt: 1971.09ms | tok/sec: 265,988 | bf16_mfu: 0.00 | epoch: 1 pq: 21 rg: 1 | total time: 58.01m | eta: 23.8m
step 01791/02520 (71.07%) | loss: 2.980434 | lrm: 0.47 | dt: 1973.17ms | tok/sec: 265,708 | bf16_mfu: 0.00 | epoch: 1 pq: 21 rg: 2 | total time: 58.05m | eta: 23.8m
step 01792/02520 (71.11%) | loss: 2.967495 | lrm: 0.47 | dt: 1973.93ms | tok/sec: 265,605 | bf16_mfu: 0.00 | epoch: 1 pq: 21 rg: 3 | total time: 58.08m | eta: 23.7m
step 01793/02520 (71.15%) | loss: 2.969376 | lrm: 0.47 | dt: 1972.41ms | tok/sec: 265,810 | bf16_mfu: 0.00 | epoch: 1 pq: 21 rg: 4 | total time: 58.11m | eta: 23.7m
step 01794/02520 (71.19%) | loss: 2.967086 | lrm: 0.47 | dt: 1972.31ms | tok/sec: 265,824 | bf16_mfu: 0.00 | epoch: 1 pq: 21 rg: 5 | total time: 58.14m | eta: 23.7m
step 01795/02520 (71.23%) | loss: 2.961905 | lrm: 0.47 | dt: 1974.43ms | tok/sec: 265,539 | bf16_mfu: 0.00 | epoch: 1 pq: 21 rg: 6 | total time: 58.18m | eta: 23.6m
step 01796/02520 (71.27%) | loss: 2.966187 | lrm: 0.47 | dt: 1973.19ms | tok/sec: 265,705 | bf16_mfu: 0.00 | epoch: 1 pq: 21 rg: 7 | total time: 58.21m | eta: 23.6m
step 01797/02520 (71.31%) | loss: 2.966603 | lrm: 0.47 | dt: 1974.71ms | tok/sec: 265,501 | bf16_mfu: 0.00 | epoch: 1 pq: 21 rg: 8 | total time: 58.24m | eta: 23.6m
step 01798/02520 (71.35%) | loss: 2.969728 | lrm: 0.47 | dt: 1976.14ms | tok/sec: 265,309 | bf16_mfu: 0.00 | epoch: 1 pq: 21 rg: 9 | total time: 58.28m | eta: 23.5m
step 01799/02520 (71.39%) | loss: 2.970270 | lrm: 0.47 | dt: 1974.26ms | tok/sec: 265,561 | bf16_mfu: 0.00 | epoch: 1 pq: 21 rg: 10 | total time: 58.31m | eta: 23.5m
step 01800/02520 (71.43%) | loss: 2.958708 | lrm: 0.47 | dt: 1974.12ms | tok/sec: 265,580 | bf16_mfu: 0.00 | epoch: 1 pq: 21 rg: 11 | total time: 58.34m | eta: 23.5m
step 01801/02520 (71.47%) | loss: 2.967457 | lrm: 0.47 | dt: 1975.91ms | tok/sec: 265,340 | bf16_mfu: 0.00 | epoch: 1 pq: 21 rg: 12 | total time: 58.37m | eta: 23.4m
step 01802/02520 (71.51%) | loss: 2.974917 | lrm: 0.47 | dt: 1974.58ms | tok/sec: 265,519 | bf16_mfu: 0.00 | epoch: 1 pq: 21 rg: 13 | total time: 58.41m | eta: 23.4m
step 01803/02520 (71.55%) | loss: 2.971056 | lrm: 0.47 | dt: 1974.75ms | tok/sec: 265,496 | bf16_mfu: 0.00 | epoch: 1 pq: 21 rg: 14 | total time: 58.44m | eta: 23.4m
step 01804/02520 (71.59%) | loss: 2.976530 | lrm: 0.47 | dt: 1974.06ms | tok/sec: 265,588 | bf16_mfu: 0.00 | epoch: 1 pq: 21 rg: 15 | total time: 58.47m | eta: 23.3m
step 01805/02520 (71.63%) | loss: 2.979765 | lrm: 0.46 | dt: 1974.40ms | tok/sec: 265,543 | bf16_mfu: 0.00 | epoch: 1 pq: 21 rg: 16 | total time: 58.51m | eta: 23.3m
step 01806/02520 (71.67%) | loss: 2.975612 | lrm: 0.46 | dt: 1973.88ms | tok/sec: 265,612 | bf16_mfu: 0.00 | epoch: 1 pq: 21 rg: 17 | total time: 58.54m | eta: 23.3m
step 01807/02520 (71.71%) | loss: 2.975809 | lrm: 0.46 | dt: 1975.63ms | tok/sec: 265,377 | bf16_mfu: 0.00 | epoch: 1 pq: 21 rg: 18 | total time: 58.57m | eta: 23.2m
step 01808/02520 (71.75%) | loss: 2.979580 | lrm: 0.46 | dt: 1977.86ms | tok/sec: 265,078 | bf16_mfu: 0.00 | epoch: 1 pq: 21 rg: 19 | total time: 58.60m | eta: 23.2m
step 01809/02520 (71.79%) | loss: 2.978986 | lrm: 0.46 | dt: 1977.10ms | tok/sec: 265,180 | bf16_mfu: 0.00 | epoch: 1 pq: 21 rg: 20 | total time: 58.64m | eta: 23.2m
step 01810/02520 (71.83%) | loss: 2.972525 | lrm: 0.46 | dt: 1976.03ms | tok/sec: 265,323 | bf16_mfu: 0.00 | epoch: 1 pq: 21 rg: 20 | total time: 58.67m | eta: 23.1m
step 01811/02520 (71.87%) | loss: 2.964096 | lrm: 0.46 | dt: 1976.99ms | tok/sec: 265,195 | bf16_mfu: 0.00 | epoch: 1 pq: 21 rg: 21 | total time: 58.70m | eta: 23.1m
step 01812/02520 (71.90%) | loss: 2.974042 | lrm: 0.46 | dt: 1978.66ms | tok/sec: 264,971 | bf16_mfu: 0.00 | epoch: 1 pq: 21 rg: 22 | total time: 58.74m | eta: 23.1m
step 01813/02520 (71.94%) | loss: 2.973835 | lrm: 0.46 | dt: 1976.63ms | tok/sec: 265,242 | bf16_mfu: 0.00 | epoch: 1 pq: 21 rg: 23 | total time: 58.77m | eta: 23.0m
step 01814/02520 (71.98%) | loss: 2.972698 | lrm: 0.46 | dt: 1976.33ms | tok/sec: 265,283 | bf16_mfu: 0.00 | epoch: 1 pq: 21 rg: 24 | total time: 58.80m | eta: 23.0m
step 01815/02520 (72.02%) | loss: 2.967327 | lrm: 0.46 | dt: 1977.33ms | tok/sec: 265,148 | bf16_mfu: 0.00 | epoch: 1 pq: 21 rg: 25 | total time: 58.84m | eta: 23.0m
step 01816/02520 (72.06%) | loss: 2.976948 | lrm: 0.46 | dt: 1980.09ms | tok/sec: 264,779 | bf16_mfu: 0.00 | epoch: 1 pq: 21 rg: 26 | total time: 58.87m | eta: 22.9m
step 01817/02520 (72.10%) | loss: 2.978821 | lrm: 0.46 | dt: 1979.59ms | tok/sec: 264,846 | bf16_mfu: 0.00 | epoch: 1 pq: 21 rg: 27 | total time: 58.90m | eta: 22.9m
step 01818/02520 (72.14%) | loss: 2.975231 | lrm: 0.46 | dt: 1981.17ms | tok/sec: 264,635 | bf16_mfu: 0.00 | epoch: 1 pq: 21 rg: 28 | total time: 58.93m | eta: 22.9m
step 01819/02520 (72.18%) | loss: 2.968823 | lrm: 0.46 | dt: 1978.67ms | tok/sec: 264,969 | bf16_mfu: 0.00 | epoch: 1 pq: 21 rg: 29 | total time: 58.97m | eta: 22.9m
step 01820/02520 (72.22%) | loss: 2.967903 | lrm: 0.46 | dt: 1976.43ms | tok/sec: 265,270 | bf16_mfu: 0.00 | epoch: 1 pq: 21 rg: 30 | total time: 59.00m | eta: 22.8m
step 01821/02520 (72.26%) | loss: 2.948683 | lrm: 0.46 | dt: 1978.59ms | tok/sec: 264,981 | bf16_mfu: 0.00 | epoch: 1 pq: 21 rg: 31 | total time: 59.03m | eta: 22.8m
step 01822/02520 (72.30%) | loss: 2.951381 | lrm: 0.45 | dt: 1979.52ms | tok/sec: 264,856 | bf16_mfu: 0.00 | epoch: 1 pq: 21 rg: 32 | total time: 59.07m | eta: 22.8m
step 01823/02520 (72.34%) | loss: 2.948204 | lrm: 0.45 | dt: 1979.99ms | tok/sec: 264,793 | bf16_mfu: 0.00 | epoch: 1 pq: 21 rg: 33 | total time: 59.10m | eta: 22.7m
step 01824/02520 (72.38%) | loss: 2.951683 | lrm: 0.45 | dt: 1979.02ms | tok/sec: 264,923 | bf16_mfu: 0.00 | epoch: 1 pq: 21 rg: 34 | total time: 59.13m | eta: 22.7m
step 01825/02520 (72.42%) | loss: 2.946370 | lrm: 0.45 | dt: 1981.19ms | tok/sec: 264,633 | bf16_mfu: 0.00 | epoch: 1 pq: 21 rg: 35 | total time: 59.17m | eta: 22.7m
step 01826/02520 (72.46%) | loss: 2.947299 | lrm: 0.45 | dt: 1979.96ms | tok/sec: 264,796 | bf16_mfu: 0.00 | epoch: 1 pq: 21 rg: 36 | total time: 59.20m | eta: 22.6m
step 01827/02520 (72.50%) | loss: 2.952111 | lrm: 0.45 | dt: 1980.73ms | tok/sec: 264,694 | bf16_mfu: 0.00 | epoch: 1 pq: 21 rg: 37 | total time: 59.23m | eta: 22.6m
step 01828/02520 (72.54%) | loss: 2.947674 | lrm: 0.45 | dt: 1982.46ms | tok/sec: 264,463 | bf16_mfu: 0.00 | epoch: 1 pq: 21 rg: 38 | total time: 59.26m | eta: 22.6m
step 01829/02520 (72.58%) | loss: 2.951427 | lrm: 0.45 | dt: 1981.64ms | tok/sec: 264,572 | bf16_mfu: 0.00 | epoch: 1 pq: 21 rg: 39 | total time: 59.30m | eta: 22.5m
step 01830/02520 (72.62%) | loss: 2.950907 | lrm: 0.45 | dt: 1982.45ms | tok/sec: 264,464 | bf16_mfu: 0.00 | epoch: 1 pq: 21 rg: 40 | total time: 59.33m | eta: 22.5m
step 01831/02520 (72.66%) | loss: 2.956192 | lrm: 0.45 | dt: 1982.62ms | tok/sec: 264,441 | bf16_mfu: 0.00 | epoch: 1 pq: 21 rg: 41 | total time: 59.36m | eta: 22.5m
step 01832/02520 (72.70%) | loss: 2.961074 | lrm: 0.45 | dt: 1984.19ms | tok/sec: 264,233 | bf16_mfu: 0.00 | epoch: 1 pq: 21 rg: 42 | total time: 59.40m | eta: 22.4m
step 01833/02520 (72.74%) | loss: 2.965881 | lrm: 0.45 | dt: 1984.97ms | tok/sec: 264,129 | bf16_mfu: 0.00 | epoch: 1 pq: 21 rg: 43 | total time: 59.43m | eta: 22.4m
step 01834/02520 (72.78%) | loss: 2.960444 | lrm: 0.45 | dt: 1984.96ms | tok/sec: 264,130 | bf16_mfu: 0.00 | epoch: 1 pq: 21 rg: 44 | total time: 59.46m | eta: 22.4m
step 01835/02520 (72.82%) | loss: 2.956467 | lrm: 0.45 | dt: 1983.24ms | tok/sec: 264,358 | bf16_mfu: 0.00 | epoch: 1 pq: 21 rg: 45 | total time: 59.50m | eta: 22.3m
step 01836/02520 (72.86%) | loss: 2.950991 | lrm: 0.45 | dt: 1983.84ms | tok/sec: 264,279 | bf16_mfu: 0.00 | epoch: 1 pq: 21 rg: 46 | total time: 59.53m | eta: 22.3m
step 01837/02520 (72.90%) | loss: 2.941377 | lrm: 0.45 | dt: 1982.39ms | tok/sec: 264,473 | bf16_mfu: 0.00 | epoch: 1 pq: 21 rg: 47 | total time: 59.56m | eta: 22.3m
step 01838/02520 (72.94%) | loss: 2.942208 | lrm: 0.45 | dt: 1985.39ms | tok/sec: 264,073 | bf16_mfu: 0.00 | epoch: 1 pq: 21 rg: 48 | total time: 59.59m | eta: 22.2m
step 01839/02520 (72.98%) | loss: 2.945274 | lrm: 0.44 | dt: 1985.47ms | tok/sec: 264,062 | bf16_mfu: 0.00 | epoch: 1 pq: 21 rg: 49 | total time: 59.63m | eta: 22.2m
step 01840/02520 (73.02%) | loss: 2.944309 | lrm: 0.44 | dt: 1985.80ms | tok/sec: 264,019 | bf16_mfu: 0.00 | epoch: 1 pq: 21 rg: 50 | total time: 59.66m | eta: 22.2m
step 01841/02520 (73.06%) | loss: 2.947094 | lrm: 0.44 | dt: 1982.50ms | tok/sec: 264,458 | bf16_mfu: 0.00 | epoch: 1 pq: 21 rg: 51 | total time: 59.69m | eta: 22.1m
step 01842/02520 (73.10%) | loss: 2.945845 | lrm: 0.44 | dt: 1987.02ms | tok/sec: 263,856 | bf16_mfu: 0.00 | epoch: 1 pq: 21 rg: 52 | total time: 59.73m | eta: 22.1m
step 01843/02520 (73.13%) | loss: 2.949807 | lrm: 0.44 | dt: 1984.24ms | tok/sec: 264,225 | bf16_mfu: 0.00 | epoch: 1 pq: 21 rg: 52 | total time: 59.76m | eta: 22.1m
step 01844/02520 (73.17%) | loss: 2.955600 | lrm: 0.44 | dt: 1983.77ms | tok/sec: 264,288 | bf16_mfu: 0.00 | epoch: 1 pq: 21 rg: 53 | total time: 59.79m | eta: 22.0m
step 01845/02520 (73.21%) | loss: 2.944600 | lrm: 0.44 | dt: 1985.65ms | tok/sec: 264,039 | bf16_mfu: 0.00 | epoch: 1 pq: 21 rg: 54 | total time: 59.83m | eta: 22.0m
step 01846/02520 (73.25%) | loss: 2.948394 | lrm: 0.44 | dt: 1983.30ms | tok/sec: 264,351 | bf16_mfu: 0.00 | epoch: 1 pq: 21 rg: 55 | total time: 59.86m | eta: 22.0m
step 01847/02520 (73.29%) | loss: 2.941436 | lrm: 0.44 | dt: 1983.27ms | tok/sec: 264,355 | bf16_mfu: 0.00 | epoch: 1 pq: 21 rg: 56 | total time: 59.89m | eta: 21.9m
step 01848/02520 (73.33%) | loss: 2.946183 | lrm: 0.44 | dt: 1985.35ms | tok/sec: 264,078 | bf16_mfu: 0.00 | epoch: 1 pq: 21 rg: 57 | total time: 59.93m | eta: 21.9m
step 01849/02520 (73.37%) | loss: 2.938001 | lrm: 0.44 | dt: 1989.24ms | tok/sec: 263,562 | bf16_mfu: 0.00 | epoch: 1 pq: 21 rg: 58 | total time: 59.96m | eta: 21.9m
step 01850/02520 (73.41%) | loss: 2.937406 | lrm: 0.44 | dt: 1985.39ms | tok/sec: 264,073 | bf16_mfu: 0.00 | epoch: 1 pq: 21 rg: 59 | total time: 59.99m | eta: 21.8m
step 01851/02520 (73.45%) | loss: 2.946422 | lrm: 0.44 | dt: 1984.18ms | tok/sec: 264,233 | bf16_mfu: 0.00 | epoch: 1 pq: 21 rg: 60 | total time: 60.02m | eta: 21.8m
step 01852/02520 (73.49%) | loss: 2.946449 | lrm: 0.44 | dt: 1984.29ms | tok/sec: 264,219 | bf16_mfu: 0.00 | epoch: 1 pq: 21 rg: 61 | total time: 60.06m | eta: 21.8m
step 01853/02520 (73.53%) | loss: 2.944837 | lrm: 0.44 | dt: 1984.06ms | tok/sec: 264,250 | bf16_mfu: 0.00 | epoch: 1 pq: 21 rg: 62 | total time: 60.09m | eta: 21.7m
step 01854/02520 (73.57%) | loss: 2.940704 | lrm: 0.44 | dt: 1984.50ms | tok/sec: 264,191 | bf16_mfu: 0.00 | epoch: 1 pq: 21 rg: 63 | total time: 60.12m | eta: 21.7m
step 01855/02520 (73.61%) | loss: 2.949804 | lrm: 0.44 | dt: 1987.02ms | tok/sec: 263,856 | bf16_mfu: 0.00 | epoch: 1 pq: 21 rg: 64 | total time: 60.16m | eta: 21.7m
step 01856/02520 (73.65%) | loss: 2.946101 | lrm: 0.44 | dt: 1985.13ms | tok/sec: 264,107 | bf16_mfu: 0.00 | epoch: 1 pq: 21 rg: 65 | total time: 60.19m | eta: 21.7m
step 01857/02520 (73.69%) | loss: 2.932127 | lrm: 0.43 | dt: 1985.66ms | tok/sec: 264,036 | bf16_mfu: 0.00 | epoch: 1 pq: 21 rg: 66 | total time: 60.22m | eta: 21.6m
step 01858/02520 (73.73%) | loss: 2.937496 | lrm: 0.43 | dt: 1988.34ms | tok/sec: 263,681 | bf16_mfu: 0.00 | epoch: 1 pq: 21 rg: 67 | total time: 60.26m | eta: 21.6m
step 01859/02520 (73.77%) | loss: 2.935014 | lrm: 0.43 | dt: 1989.25ms | tok/sec: 263,560 | bf16_mfu: 0.00 | epoch: 1 pq: 21 rg: 68 | total time: 60.29m | eta: 21.6m
step 01860/02520 (73.81%) | loss: 2.925180 | lrm: 0.43 | dt: 1991.33ms | tok/sec: 263,285 | bf16_mfu: 0.00 | epoch: 1 pq: 21 rg: 69 | total time: 60.32m | eta: 21.5m
step 01861/02520 (73.85%) | loss: 2.923035 | lrm: 0.43 | dt: 1987.92ms | tok/sec: 263,737 | bf16_mfu: 0.00 | epoch: 1 pq: 21 rg: 70 | total time: 60.36m | eta: 21.5m
step 01862/02520 (73.89%) | loss: 2.931391 | lrm: 0.43 | dt: 1987.19ms | tok/sec: 263,833 | bf16_mfu: 0.00 | epoch: 1 pq: 21 rg: 71 | total time: 60.39m | eta: 21.5m
step 01863/02520 (73.93%) | loss: 2.931699 | lrm: 0.43 | dt: 1987.23ms | tok/sec: 263,827 | bf16_mfu: 0.00 | epoch: 1 pq: 21 rg: 72 | total time: 60.42m | eta: 21.4m
step 01864/02520 (73.97%) | loss: 2.929199 | lrm: 0.43 | dt: 1987.06ms | tok/sec: 263,851 | bf16_mfu: 0.00 | epoch: 1 pq: 21 rg: 73 | total time: 60.46m | eta: 21.4m
step 01865/02520 (74.01%) | loss: 2.937267 | lrm: 0.43 | dt: 1989.19ms | tok/sec: 263,568 | bf16_mfu: 0.00 | epoch: 1 pq: 21 rg: 74 | total time: 60.49m | eta: 21.4m
step 01866/02520 (74.05%) | loss: 2.935473 | lrm: 0.43 | dt: 1987.39ms | tok/sec: 263,807 | bf16_mfu: 0.00 | epoch: 1 pq: 21 rg: 75 | total time: 60.52m | eta: 21.3m
step 01867/02520 (74.09%) | loss: 2.928274 | lrm: 0.43 | dt: 1984.30ms | tok/sec: 264,218 | bf16_mfu: 0.00 | epoch: 1 pq: 21 rg: 76 | total time: 60.55m | eta: 21.3m
step 01868/02520 (74.13%) | loss: 2.930850 | lrm: 0.43 | dt: 1988.47ms | tok/sec: 263,664 | bf16_mfu: 0.00 | epoch: 1 pq: 21 rg: 77 | total time: 60.59m | eta: 21.3m
step 01869/02520 (74.17%) | loss: 2.925390 | lrm: 0.43 | dt: 1991.19ms | tok/sec: 263,303 | bf16_mfu: 0.00 | epoch: 1 pq: 21 rg: 78 | total time: 60.62m | eta: 21.2m
step 01870/02520 (74.21%) | loss: 2.931871 | lrm: 0.43 | dt: 1989.32ms | tok/sec: 263,551 | bf16_mfu: 0.00 | epoch: 1 pq: 21 rg: 79 | total time: 60.65m | eta: 21.2m
step 01871/02520 (74.25%) | loss: 2.929487 | lrm: 0.43 | dt: 1987.47ms | tok/sec: 263,797 | bf16_mfu: 0.00 | epoch: 1 pq: 21 rg: 80 | total time: 60.69m | eta: 21.2m
step 01872/02520 (74.29%) | loss: 2.912571 | lrm: 0.43 | dt: 1985.43ms | tok/sec: 264,067 | bf16_mfu: 0.00 | epoch: 1 pq: 21 rg: 81 | total time: 60.72m | eta: 21.1m
step 01873/02520 (74.33%) | loss: 2.918281 | lrm: 0.43 | dt: 1985.61ms | tok/sec: 264,043 | bf16_mfu: 0.00 | epoch: 1 pq: 21 rg: 81 | total time: 60.75m | eta: 21.1m
step 01874/02520 (74.37%) | loss: 2.918429 | lrm: 0.42 | dt: 1987.92ms | tok/sec: 263,737 | bf16_mfu: 0.00 | epoch: 1 pq: 21 rg: 82 | total time: 60.79m | eta: 21.1m
step 01875/02520 (74.40%) | loss: 2.915546 | lrm: 0.42 | dt: 1984.92ms | tok/sec: 264,135 | bf16_mfu: 0.00 | epoch: 1 pq: 22 rg: 0 | total time: 60.82m | eta: 21.0m
step 01876/02520 (74.44%) | loss: 2.926539 | lrm: 0.42 | dt: 1985.38ms | tok/sec: 264,074 | bf16_mfu: 0.00 | epoch: 1 pq: 22 rg: 1 | total time: 60.85m | eta: 21.0m
step 01877/02520 (74.48%) | loss: 2.933536 | lrm: 0.42 | dt: 1988.26ms | tok/sec: 263,692 | bf16_mfu: 0.00 | epoch: 1 pq: 22 rg: 2 | total time: 60.89m | eta: 21.0m
step 01878/02520 (74.52%) | loss: 2.921569 | lrm: 0.42 | dt: 1987.51ms | tok/sec: 263,791 | bf16_mfu: 0.00 | epoch: 1 pq: 22 rg: 3 | total time: 60.92m | eta: 20.9m
step 01879/02520 (74.56%) | loss: 2.923244 | lrm: 0.42 | dt: 1989.38ms | tok/sec: 263,543 | bf16_mfu: 0.00 | epoch: 1 pq: 22 rg: 4 | total time: 60.95m | eta: 20.9m
step 01880/02520 (74.60%) | loss: 2.923274 | lrm: 0.42 | dt: 1987.60ms | tok/sec: 263,779 | bf16_mfu: 0.00 | epoch: 1 pq: 22 rg: 5 | total time: 60.99m | eta: 20.9m
step 01881/02520 (74.64%) | loss: 2.920898 | lrm: 0.42 | dt: 1986.11ms | tok/sec: 263,977 | bf16_mfu: 0.00 | epoch: 1 pq: 22 rg: 6 | total time: 61.02m | eta: 20.8m
step 01882/02520 (74.68%) | loss: 2.911734 | lrm: 0.42 | dt: 1984.67ms | tok/sec: 264,168 | bf16_mfu: 0.00 | epoch: 1 pq: 22 rg: 7 | total time: 61.05m | eta: 20.8m
step 01883/02520 (74.72%) | loss: 2.911032 | lrm: 0.42 | dt: 1985.25ms | tok/sec: 264,091 | bf16_mfu: 0.00 | epoch: 1 pq: 22 rg: 8 | total time: 61.08m | eta: 20.8m
step 01884/02520 (74.76%) | loss: 2.901448 | lrm: 0.42 | dt: 1987.08ms | tok/sec: 263,848 | bf16_mfu: 0.00 | epoch: 1 pq: 22 rg: 9 | total time: 61.12m | eta: 20.7m
step 01885/02520 (74.80%) | loss: 2.894794 | lrm: 0.42 | dt: 1984.81ms | tok/sec: 264,149 | bf16_mfu: 0.00 | epoch: 1 pq: 22 rg: 10 | total time: 61.15m | eta: 20.7m
step 01886/02520 (74.84%) | loss: 2.903066 | lrm: 0.42 | dt: 1982.17ms | tok/sec: 264,501 | bf16_mfu: 0.00 | epoch: 1 pq: 22 rg: 11 | total time: 61.18m | eta: 20.7m
step 01887/02520 (74.88%) | loss: 2.897713 | lrm: 0.42 | dt: 1982.88ms | tok/sec: 264,406 | bf16_mfu: 0.00 | epoch: 1 pq: 22 rg: 12 | total time: 61.22m | eta: 20.6m
step 01888/02520 (74.92%) | loss: 2.903892 | lrm: 0.42 | dt: 1981.77ms | tok/sec: 264,555 | bf16_mfu: 0.00 | epoch: 1 pq: 22 rg: 13 | total time: 61.25m | eta: 20.6m
step 01889/02520 (74.96%) | loss: 2.908662 | lrm: 0.42 | dt: 1986.38ms | tok/sec: 263,941 | bf16_mfu: 0.00 | epoch: 1 pq: 22 rg: 14 | total time: 61.28m | eta: 20.6m
step 01890/02520 (75.00%) | loss: 2.910289 | lrm: 0.42 | dt: 1986.80ms | tok/sec: 263,886 | bf16_mfu: 0.00 | epoch: 1 pq: 22 rg: 15 | total time: 61.32m | eta: 20.5m
step 01891/02520 (75.04%) | loss: 2.922995 | lrm: 0.41 | dt: 1984.17ms | tok/sec: 264,235 | bf16_mfu: 0.00 | epoch: 1 pq: 22 rg: 16 | total time: 61.35m | eta: 20.5m
step 01892/02520 (75.08%) | loss: 2.927683 | lrm: 0.41 | dt: 1983.98ms | tok/sec: 264,260 | bf16_mfu: 0.00 | epoch: 1 pq: 22 rg: 17 | total time: 61.38m | eta: 20.5m
step 01893/02520 (75.12%) | loss: 2.933762 | lrm: 0.41 | dt: 1981.68ms | tok/sec: 264,567 | bf16_mfu: 0.00 | epoch: 1 pq: 22 rg: 18 | total time: 61.42m | eta: 20.4m
step 01894/02520 (75.16%) | loss: 2.929116 | lrm: 0.41 | dt: 1982.22ms | tok/sec: 264,495 | bf16_mfu: 0.00 | epoch: 1 pq: 22 rg: 19 | total time: 61.45m | eta: 20.4m
step 01895/02520 (75.20%) | loss: 2.934668 | lrm: 0.41 | dt: 1979.54ms | tok/sec: 264,853 | bf16_mfu: 0.00 | epoch: 1 pq: 22 rg: 20 | total time: 61.48m | eta: 20.4m
step 01896/02520 (75.24%) | loss: 2.927861 | lrm: 0.41 | dt: 1979.07ms | tok/sec: 264,915 | bf16_mfu: 0.00 | epoch: 1 pq: 22 rg: 21 | total time: 61.51m | eta: 20.4m
step 01897/02520 (75.28%) | loss: 2.920330 | lrm: 0.41 | dt: 1980.14ms | tok/sec: 264,773 | bf16_mfu: 0.00 | epoch: 1 pq: 22 rg: 22 | total time: 61.55m | eta: 20.3m
step 01898/02520 (75.32%) | loss: 2.925631 | lrm: 0.41 | dt: 1981.93ms | tok/sec: 264,534 | bf16_mfu: 0.00 | epoch: 1 pq: 22 rg: 23 | total time: 61.58m | eta: 20.3m
step 01899/02520 (75.36%) | loss: 2.922073 | lrm: 0.41 | dt: 1985.89ms | tok/sec: 264,006 | bf16_mfu: 0.00 | epoch: 1 pq: 22 rg: 24 | total time: 61.61m | eta: 20.3m
step 01900/02520 (75.40%) | loss: 2.915704 | lrm: 0.41 | dt: 1989.64ms | tok/sec: 263,509 | bf16_mfu: 0.00 | epoch: 1 pq: 22 rg: 25 | total time: 61.65m | eta: 20.2m
step 01901/02520 (75.44%) | loss: 2.927393 | lrm: 0.41 | dt: 1983.49ms | tok/sec: 264,325 | bf16_mfu: 0.00 | epoch: 1 pq: 22 rg: 26 | total time: 61.68m | eta: 20.2m
step 01902/02520 (75.48%) | loss: 2.929929 | lrm: 0.41 | dt: 1983.14ms | tok/sec: 264,373 | bf16_mfu: 0.00 | epoch: 1 pq: 22 rg: 27 | total time: 61.71m | eta: 20.2m
step 01903/02520 (75.52%) | loss: 2.935526 | lrm: 0.41 | dt: 1981.88ms | tok/sec: 264,540 | bf16_mfu: 0.00 | epoch: 1 pq: 22 rg: 28 | total time: 61.75m | eta: 20.1m
step 01904/02520 (75.56%) | loss: 2.931498 | lrm: 0.41 | dt: 1982.04ms | tok/sec: 264,519 | bf16_mfu: 0.00 | epoch: 1 pq: 22 rg: 29 | total time: 61.78m | eta: 20.1m
step 01905/02520 (75.60%) | loss: 2.939371 | lrm: 0.41 | dt: 1978.94ms | tok/sec: 264,933 | bf16_mfu: 0.00 | epoch: 1 pq: 22 rg: 30 | total time: 61.81m | eta: 20.1m
step 01906/02520 (75.63%) | loss: 2.942449 | lrm: 0.41 | dt: 1977.92ms | tok/sec: 265,070 | bf16_mfu: 0.00 | epoch: 1 pq: 22 rg: 31 | total time: 61.84m | eta: 20.0m
step 01907/02520 (75.67%) | loss: 2.940230 | lrm: 0.41 | dt: 1978.51ms | tok/sec: 264,990 | bf16_mfu: 0.00 | epoch: 1 pq: 22 rg: 32 | total time: 61.88m | eta: 20.0m
step 01908/02520 (75.71%) | loss: 2.941768 | lrm: 0.40 | dt: 1978.44ms | tok/sec: 265,000 | bf16_mfu: 0.00 | epoch: 1 pq: 22 rg: 33 | total time: 61.91m | eta: 20.0m
step 01909/02520 (75.75%) | loss: 2.938970 | lrm: 0.40 | dt: 1983.02ms | tok/sec: 264,389 | bf16_mfu: 0.00 | epoch: 1 pq: 22 rg: 34 | total time: 61.94m | eta: 19.9m
step 01910/02520 (75.79%) | loss: 2.931731 | lrm: 0.40 | dt: 1986.70ms | tok/sec: 263,899 | bf16_mfu: 0.00 | epoch: 1 pq: 22 rg: 35 | total time: 61.98m | eta: 19.9m
step 01911/02520 (75.83%) | loss: 2.927968 | lrm: 0.40 | dt: 1981.09ms | tok/sec: 264,645 | bf16_mfu: 0.00 | epoch: 1 pq: 22 rg: 36 | total time: 62.01m | eta: 19.9m
step 01912/02520 (75.87%) | loss: 2.933744 | lrm: 0.40 | dt: 1980.31ms | tok/sec: 264,751 | bf16_mfu: 0.00 | epoch: 1 pq: 22 rg: 37 | total time: 62.04m | eta: 19.8m
step 01913/02520 (75.91%) | loss: 2.924085 | lrm: 0.40 | dt: 1980.73ms | tok/sec: 264,694 | bf16_mfu: 0.00 | epoch: 1 pq: 22 rg: 38 | total time: 62.08m | eta: 19.8m
step 01914/02520 (75.95%) | loss: 2.932944 | lrm: 0.40 | dt: 1979.68ms | tok/sec: 264,834 | bf16_mfu: 0.00 | epoch: 1 pq: 22 rg: 39 | total time: 62.11m | eta: 19.8m
step 01915/02520 (75.99%) | loss: 2.933760 | lrm: 0.40 | dt: 1978.45ms | tok/sec: 264,999 | bf16_mfu: 0.00 | epoch: 1 pq: 22 rg: 40 | total time: 62.14m | eta: 19.7m
step 01916/02520 (76.03%) | loss: 2.931198 | lrm: 0.40 | dt: 1977.59ms | tok/sec: 265,114 | bf16_mfu: 0.00 | epoch: 1 pq: 22 rg: 41 | total time: 62.17m | eta: 19.7m
step 01917/02520 (76.07%) | loss: 2.933091 | lrm: 0.40 | dt: 1979.23ms | tok/sec: 264,894 | bf16_mfu: 0.00 | epoch: 1 pq: 22 rg: 42 | total time: 62.21m | eta: 19.7m
step 01918/02520 (76.11%) | loss: 2.924515 | lrm: 0.40 | dt: 1977.42ms | tok/sec: 265,137 | bf16_mfu: 0.00 | epoch: 1 pq: 22 rg: 42 | total time: 62.24m | eta: 19.6m
step 01919/02520 (76.15%) | loss: 2.918036 | lrm: 0.40 | dt: 1982.82ms | tok/sec: 264,415 | bf16_mfu: 0.00 | epoch: 1 pq: 22 rg: 43 | total time: 62.27m | eta: 19.6m
step 01920/02520 (76.19%) | loss: 2.921472 | lrm: 0.40 | dt: 1988.39ms | tok/sec: 263,674 | bf16_mfu: 0.00 | epoch: 1 pq: 22 rg: 44 | total time: 62.31m | eta: 19.6m
step 01921/02520 (76.23%) | loss: 2.930263 | lrm: 0.40 | dt: 1979.48ms | tok/sec: 264,861 | bf16_mfu: 0.00 | epoch: 1 pq: 22 rg: 45 | total time: 62.34m | eta: 19.5m
step 01922/02520 (76.27%) | loss: 2.925753 | lrm: 0.40 | dt: 1979.74ms | tok/sec: 264,826 | bf16_mfu: 0.00 | epoch: 1 pq: 22 rg: 46 | total time: 62.37m | eta: 19.5m
step 01923/02520 (76.31%) | loss: 2.922922 | lrm: 0.40 | dt: 1981.31ms | tok/sec: 264,617 | bf16_mfu: 0.00 | epoch: 1 pq: 22 rg: 47 | total time: 62.41m | eta: 19.5m
step 01924/02520 (76.35%) | loss: 2.919610 | lrm: 0.40 | dt: 1979.32ms | tok/sec: 264,882 | bf16_mfu: 0.00 | epoch: 1 pq: 22 rg: 48 | total time: 62.44m | eta: 19.4m
step 01925/02520 (76.39%) | loss: 2.907141 | lrm: 0.40 | dt: 1980.03ms | tok/sec: 264,787 | bf16_mfu: 0.00 | epoch: 1 pq: 22 rg: 49 | total time: 62.47m | eta: 19.4m
step 01926/02520 (76.43%) | loss: 2.899766 | lrm: 0.39 | dt: 1979.47ms | tok/sec: 264,863 | bf16_mfu: 0.00 | epoch: 1 pq: 22 rg: 50 | total time: 62.50m | eta: 19.4m
step 01927/02520 (76.47%) | loss: 2.888400 | lrm: 0.39 | dt: 1978.42ms | tok/sec: 265,003 | bf16_mfu: 0.00 | epoch: 1 pq: 22 rg: 51 | total time: 62.54m | eta: 19.3m
step 01928/02520 (76.51%) | loss: 2.896148 | lrm: 0.39 | dt: 1979.93ms | tok/sec: 264,801 | bf16_mfu: 0.00 | epoch: 1 pq: 22 rg: 52 | total time: 62.57m | eta: 19.3m
step 01929/02520 (76.55%) | loss: 2.899236 | lrm: 0.39 | dt: 1982.21ms | tok/sec: 264,497 | bf16_mfu: 0.00 | epoch: 1 pq: 22 rg: 53 | total time: 62.60m | eta: 19.3m
step 01930/02520 (76.59%) | loss: 2.912190 | lrm: 0.39 | dt: 1987.72ms | tok/sec: 263,763 | bf16_mfu: 0.00 | epoch: 1 pq: 22 rg: 54 | total time: 62.64m | eta: 19.2m
step 01931/02520 (76.63%) | loss: 2.909269 | lrm: 0.39 | dt: 1982.89ms | tok/sec: 264,405 | bf16_mfu: 0.00 | epoch: 1 pq: 22 rg: 55 | total time: 62.67m | eta: 19.2m
step 01932/02520 (76.67%) | loss: 2.915083 | lrm: 0.39 | dt: 1981.87ms | tok/sec: 264,542 | bf16_mfu: 0.00 | epoch: 1 pq: 22 rg: 56 | total time: 62.70m | eta: 19.2m
step 01933/02520 (76.71%) | loss: 2.910117 | lrm: 0.39 | dt: 1983.03ms | tok/sec: 264,386 | bf16_mfu: 0.00 | epoch: 1 pq: 22 rg: 57 | total time: 62.74m | eta: 19.2m
step 01934/02520 (76.75%) | loss: 2.923345 | lrm: 0.39 | dt: 1978.33ms | tok/sec: 265,015 | bf16_mfu: 0.00 | epoch: 1 pq: 22 rg: 58 | total time: 62.77m | eta: 19.1m
step 01935/02520 (76.79%) | loss: 2.913483 | lrm: 0.39 | dt: 1979.93ms | tok/sec: 264,800 | bf16_mfu: 0.00 | epoch: 1 pq: 22 rg: 59 | total time: 62.80m | eta: 19.1m
step 01936/02520 (76.83%) | loss: 2.926128 | lrm: 0.39 | dt: 1981.75ms | tok/sec: 264,558 | bf16_mfu: 0.00 | epoch: 1 pq: 22 rg: 60 | total time: 62.84m | eta: 19.1m
step 01937/02520 (76.87%) | loss: 2.926571 | lrm: 0.39 | dt: 1981.14ms | tok/sec: 264,639 | bf16_mfu: 0.00 | epoch: 1 pq: 22 rg: 61 | total time: 62.87m | eta: 19.0m
step 01938/02520 (76.90%) | loss: 2.937010 | lrm: 0.39 | dt: 1981.46ms | tok/sec: 264,597 | bf16_mfu: 0.00 | epoch: 1 pq: 22 rg: 62 | total time: 62.90m | eta: 19.0m
step 01939/02520 (76.94%) | loss: 2.943747 | lrm: 0.39 | dt: 1982.02ms | tok/sec: 264,521 | bf16_mfu: 0.00 | epoch: 1 pq: 22 rg: 63 | total time: 62.93m | eta: 19.0m
step 01940/02520 (76.98%) | loss: 2.937089 | lrm: 0.39 | dt: 1987.21ms | tok/sec: 263,831 | bf16_mfu: 0.00 | epoch: 1 pq: 22 rg: 64 | total time: 62.97m | eta: 18.9m
step 01941/02520 (77.02%) | loss: 2.941055 | lrm: 0.39 | dt: 1984.36ms | tok/sec: 264,209 | bf16_mfu: 0.00 | epoch: 1 pq: 22 rg: 65 | total time: 63.00m | eta: 18.9m
step 01942/02520 (77.06%) | loss: 2.943294 | lrm: 0.39 | dt: 1980.53ms | tok/sec: 264,720 | bf16_mfu: 0.00 | epoch: 1 pq: 22 rg: 66 | total time: 63.03m | eta: 18.9m
step 01943/02520 (77.10%) | loss: 2.943075 | lrm: 0.38 | dt: 1981.26ms | tok/sec: 264,623 | bf16_mfu: 0.00 | epoch: 1 pq: 22 rg: 67 | total time: 63.07m | eta: 18.8m
step 01944/02520 (77.14%) | loss: 2.935203 | lrm: 0.38 | dt: 1979.16ms | tok/sec: 264,904 | bf16_mfu: 0.00 | epoch: 1 pq: 22 rg: 68 | total time: 63.10m | eta: 18.8m
step 01945/02520 (77.18%) | loss: 2.933186 | lrm: 0.38 | dt: 1980.86ms | tok/sec: 264,676 | bf16_mfu: 0.00 | epoch: 1 pq: 22 rg: 69 | total time: 63.13m | eta: 18.8m
step 01946/02520 (77.22%) | loss: 2.935081 | lrm: 0.38 | dt: 1981.16ms | tok/sec: 264,636 | bf16_mfu: 0.00 | epoch: 1 pq: 22 rg: 70 | total time: 63.17m | eta: 18.7m
step 01947/02520 (77.26%) | loss: 2.930775 | lrm: 0.38 | dt: 1980.86ms | tok/sec: 264,677 | bf16_mfu: 0.00 | epoch: 1 pq: 22 rg: 71 | total time: 63.20m | eta: 18.7m
step 01948/02520 (77.30%) | loss: 2.928261 | lrm: 0.38 | dt: 1979.09ms | tok/sec: 264,914 | bf16_mfu: 0.00 | epoch: 1 pq: 22 rg: 72 | total time: 63.23m | eta: 18.7m
step 01949/02520 (77.34%) | loss: 2.937345 | lrm: 0.38 | dt: 1979.62ms | tok/sec: 264,842 | bf16_mfu: 0.00 | epoch: 1 pq: 22 rg: 73 | total time: 63.26m | eta: 18.6m
step 01950/02520 (77.38%) | loss: 2.934616 | lrm: 0.38 | dt: 1986.82ms | tok/sec: 263,882 | bf16_mfu: 0.00 | epoch: 1 pq: 22 rg: 74 | total time: 63.30m | eta: 18.6m
step 01951/02520 (77.42%) | loss: 2.942126 | lrm: 0.38 | dt: 1984.57ms | tok/sec: 264,182 | bf16_mfu: 0.00 | epoch: 1 pq: 22 rg: 75 | total time: 63.33m | eta: 18.6m
step 01952/02520 (77.46%) | loss: 2.948230 | lrm: 0.38 | dt: 1980.88ms | tok/sec: 264,674 | bf16_mfu: 0.00 | epoch: 1 pq: 22 rg: 76 | total time: 63.36m | eta: 18.5m
step 01953/02520 (77.50%) | loss: 2.937828 | lrm: 0.38 | dt: 1982.96ms | tok/sec: 264,396 | bf16_mfu: 0.00 | epoch: 1 pq: 22 rg: 77 | total time: 63.40m | eta: 18.5m
step 01954/02520 (77.54%) | loss: 2.942186 | lrm: 0.38 | dt: 1982.27ms | tok/sec: 264,489 | bf16_mfu: 0.00 | epoch: 1 pq: 22 rg: 78 | total time: 63.43m | eta: 18.5m
step 01955/02520 (77.58%) | loss: 2.931053 | lrm: 0.38 | dt: 1982.17ms | tok/sec: 264,502 | bf16_mfu: 0.00 | epoch: 1 pq: 22 rg: 79 | total time: 63.46m | eta: 18.4m
step 01956/02520 (77.62%) | loss: 2.935750 | lrm: 0.38 | dt: 1982.36ms | tok/sec: 264,476 | bf16_mfu: 0.00 | epoch: 1 pq: 22 rg: 79 | total time: 63.50m | eta: 18.4m
step 01957/02520 (77.66%) | loss: 2.929912 | lrm: 0.38 | dt: 1979.30ms | tok/sec: 264,886 | bf16_mfu: 0.00 | epoch: 1 pq: 22 rg: 80 | total time: 63.53m | eta: 18.4m
step 01958/02520 (77.70%) | loss: 2.928234 | lrm: 0.38 | dt: 1978.75ms | tok/sec: 264,959 | bf16_mfu: 0.00 | epoch: 1 pq: 22 rg: 81 | total time: 63.56m | eta: 18.3m
step 01959/02520 (77.74%) | loss: 2.925187 | lrm: 0.38 | dt: 1980.39ms | tok/sec: 264,739 | bf16_mfu: 0.00 | epoch: 1 pq: 22 rg: 82 | total time: 63.59m | eta: 18.3m
step 01960/02520 (77.78%) | loss: 2.918582 | lrm: 0.37 | dt: 1984.85ms | tok/sec: 264,144 | bf16_mfu: 0.00 | epoch: 1 pq: 22 rg: 83 | total time: 63.63m | eta: 18.3m
step 01961/02520 (77.82%) | loss: 2.914883 | lrm: 0.37 | dt: 1984.43ms | tok/sec: 264,200 | bf16_mfu: 0.00 | epoch: 1 pq: 23 rg: 0 | total time: 63.66m | eta: 18.2m
step 01962/02520 (77.86%) | loss: 2.911489 | lrm: 0.37 | dt: 1983.19ms | tok/sec: 264,366 | bf16_mfu: 0.00 | epoch: 1 pq: 23 rg: 1 | total time: 63.69m | eta: 18.2m
step 01963/02520 (77.90%) | loss: 2.907754 | lrm: 0.37 | dt: 1985.16ms | tok/sec: 264,103 | bf16_mfu: 0.00 | epoch: 1 pq: 23 rg: 2 | total time: 63.73m | eta: 18.2m
step 01964/02520 (77.94%) | loss: 2.901017 | lrm: 0.37 | dt: 1982.94ms | tok/sec: 264,399 | bf16_mfu: 0.00 | epoch: 1 pq: 23 rg: 3 | total time: 63.76m | eta: 18.1m
step 01965/02520 (77.98%) | loss: 2.892941 | lrm: 0.37 | dt: 1981.16ms | tok/sec: 264,636 | bf16_mfu: 0.00 | epoch: 1 pq: 23 rg: 4 | total time: 63.79m | eta: 18.1m
step 01966/02520 (78.02%) | loss: 2.893856 | lrm: 0.37 | dt: 1979.22ms | tok/sec: 264,896 | bf16_mfu: 0.00 | epoch: 1 pq: 23 rg: 5 | total time: 63.83m | eta: 18.1m
step 01967/02520 (78.06%) | loss: 2.896157 | lrm: 0.37 | dt: 1980.56ms | tok/sec: 264,717 | bf16_mfu: 0.00 | epoch: 1 pq: 23 rg: 6 | total time: 63.86m | eta: 18.0m
step 01968/02520 (78.10%) | loss: 2.895227 | lrm: 0.37 | dt: 1981.72ms | tok/sec: 264,562 | bf16_mfu: 0.00 | epoch: 1 pq: 23 rg: 7 | total time: 63.89m | eta: 18.0m
step 01969/02520 (78.13%) | loss: 2.898401 | lrm: 0.37 | dt: 1981.66ms | tok/sec: 264,569 | bf16_mfu: 0.00 | epoch: 1 pq: 23 rg: 8 | total time: 63.93m | eta: 18.0m
step 01970/02520 (78.17%) | loss: 2.900847 | lrm: 0.37 | dt: 1984.34ms | tok/sec: 264,212 | bf16_mfu: 0.00 | epoch: 1 pq: 23 rg: 9 | total time: 63.96m | eta: 17.9m
step 01971/02520 (78.21%) | loss: 2.910353 | lrm: 0.37 | dt: 1985.16ms | tok/sec: 264,103 | bf16_mfu: 0.00 | epoch: 1 pq: 23 rg: 10 | total time: 63.99m | eta: 17.9m
step 01972/02520 (78.25%) | loss: 2.903529 | lrm: 0.37 | dt: 1983.01ms | tok/sec: 264,390 | bf16_mfu: 0.00 | epoch: 1 pq: 23 rg: 11 | total time: 64.02m | eta: 17.9m
step 01973/02520 (78.29%) | loss: 2.896248 | lrm: 0.37 | dt: 1983.93ms | tok/sec: 264,266 | bf16_mfu: 0.00 | epoch: 1 pq: 23 rg: 12 | total time: 64.06m | eta: 17.8m
step 01974/02520 (78.33%) | loss: 2.906357 | lrm: 0.37 | dt: 1982.01ms | tok/sec: 264,523 | bf16_mfu: 0.00 | epoch: 1 pq: 23 rg: 13 | total time: 64.09m | eta: 17.8m
step 01975/02520 (78.37%) | loss: 2.912283 | lrm: 0.37 | dt: 1980.34ms | tok/sec: 264,746 | bf16_mfu: 0.00 | epoch: 1 pq: 23 rg: 14 | total time: 64.12m | eta: 17.8m
step 01976/02520 (78.41%) | loss: 2.921373 | lrm: 0.37 | dt: 1979.21ms | tok/sec: 264,897 | bf16_mfu: 0.00 | epoch: 1 pq: 23 rg: 15 | total time: 64.16m | eta: 17.8m
step 01977/02520 (78.45%) | loss: 2.922695 | lrm: 0.36 | dt: 1980.88ms | tok/sec: 264,673 | bf16_mfu: 0.00 | epoch: 1 pq: 23 rg: 16 | total time: 64.19m | eta: 17.7m
step 01978/02520 (78.49%) | loss: 2.918776 | lrm: 0.36 | dt: 1980.30ms | tok/sec: 264,751 | bf16_mfu: 0.00 | epoch: 1 pq: 23 rg: 17 | total time: 64.22m | eta: 17.7m
step 01979/02520 (78.53%) | loss: 2.917014 | lrm: 0.36 | dt: 1979.77ms | tok/sec: 264,822 | bf16_mfu: 0.00 | epoch: 1 pq: 23 rg: 18 | total time: 64.26m | eta: 17.7m
step 01980/02520 (78.57%) | loss: 2.907045 | lrm: 0.36 | dt: 1983.30ms | tok/sec: 264,351 | bf16_mfu: 0.00 | epoch: 1 pq: 23 rg: 19 | total time: 64.29m | eta: 17.6m
step 01981/02520 (78.61%) | loss: 2.908597 | lrm: 0.36 | dt: 1985.15ms | tok/sec: 264,104 | bf16_mfu: 0.00 | epoch: 1 pq: 23 rg: 20 | total time: 64.32m | eta: 17.6m
step 01982/02520 (78.65%) | loss: 2.903605 | lrm: 0.36 | dt: 1984.01ms | tok/sec: 264,256 | bf16_mfu: 0.00 | epoch: 1 pq: 23 rg: 21 | total time: 64.35m | eta: 17.6m
step 01983/02520 (78.69%) | loss: 2.902919 | lrm: 0.36 | dt: 1982.21ms | tok/sec: 264,496 | bf16_mfu: 0.00 | epoch: 1 pq: 23 rg: 22 | total time: 64.39m | eta: 17.5m
step 01984/02520 (78.73%) | loss: 2.911266 | lrm: 0.36 | dt: 1978.37ms | tok/sec: 265,009 | bf16_mfu: 0.00 | epoch: 1 pq: 23 rg: 23 | total time: 64.42m | eta: 17.5m
step 01985/02520 (78.77%) | loss: 2.909975 | lrm: 0.36 | dt: 1977.19ms | tok/sec: 265,167 | bf16_mfu: 0.00 | epoch: 1 pq: 23 rg: 24 | total time: 64.45m | eta: 17.5m
step 01986/02520 (78.81%) | loss: 2.907741 | lrm: 0.36 | dt: 1979.85ms | tok/sec: 264,812 | bf16_mfu: 0.00 | epoch: 1 pq: 23 rg: 25 | total time: 64.49m | eta: 17.4m
step 01987/02520 (78.85%) | loss: 2.914932 | lrm: 0.36 | dt: 1980.07ms | tok/sec: 264,783 | bf16_mfu: 0.00 | epoch: 1 pq: 23 rg: 26 | total time: 64.52m | eta: 17.4m
step 01988/02520 (78.89%) | loss: 2.928466 | lrm: 0.36 | dt: 1980.16ms | tok/sec: 264,770 | bf16_mfu: 0.00 | epoch: 1 pq: 23 rg: 26 | total time: 64.55m | eta: 17.4m
step 01989/02520 (78.93%) | loss: 2.921724 | lrm: 0.36 | dt: 1979.67ms | tok/sec: 264,835 | bf16_mfu: 0.00 | epoch: 1 pq: 23 rg: 27 | total time: 64.59m | eta: 17.3m
step 01990/02520 (78.97%) | loss: 2.914712 | lrm: 0.36 | dt: 1978.57ms | tok/sec: 264,983 | bf16_mfu: 0.00 | epoch: 1 pq: 23 rg: 28 | total time: 64.62m | eta: 17.3m
step 01991/02520 (79.01%) | loss: 2.914027 | lrm: 0.36 | dt: 1982.56ms | tok/sec: 264,449 | bf16_mfu: 0.00 | epoch: 1 pq: 23 rg: 29 | total time: 64.65m | eta: 17.3m
step 01992/02520 (79.05%) | loss: 2.925342 | lrm: 0.36 | dt: 1981.89ms | tok/sec: 264,539 | bf16_mfu: 0.00 | epoch: 1 pq: 23 rg: 30 | total time: 64.68m | eta: 17.2m
step 01993/02520 (79.09%) | loss: 2.927077 | lrm: 0.36 | dt: 1981.04ms | tok/sec: 264,652 | bf16_mfu: 0.00 | epoch: 1 pq: 23 rg: 31 | total time: 64.72m | eta: 17.2m
step 01994/02520 (79.13%) | loss: 2.919482 | lrm: 0.36 | dt: 1977.77ms | tok/sec: 265,090 | bf16_mfu: 0.00 | epoch: 1 pq: 23 rg: 32 | total time: 64.75m | eta: 17.2m
step 01995/02520 (79.17%) | loss: 2.929993 | lrm: 0.35 | dt: 1977.24ms | tok/sec: 265,161 | bf16_mfu: 0.00 | epoch: 1 pq: 23 rg: 33 | total time: 64.78m | eta: 17.1m
step 01996/02520 (79.21%) | loss: 2.933941 | lrm: 0.35 | dt: 1978.88ms | tok/sec: 264,941 | bf16_mfu: 0.00 | epoch: 1 pq: 23 rg: 34 | total time: 64.82m | eta: 17.1m
step 01997/02520 (79.25%) | loss: 2.928303 | lrm: 0.35 | dt: 1977.15ms | tok/sec: 265,173 | bf16_mfu: 0.00 | epoch: 1 pq: 23 rg: 35 | total time: 64.85m | eta: 17.1m
step 01998/02520 (79.29%) | loss: 2.905031 | lrm: 0.35 | dt: 1976.37ms | tok/sec: 265,277 | bf16_mfu: 0.00 | epoch: 1 pq: 23 rg: 36 | total time: 64.88m | eta: 17.0m
step 01999/02520 (79.33%) | loss: 2.907166 | lrm: 0.35 | dt: 1976.80ms | tok/sec: 265,220 | bf16_mfu: 0.00 | epoch: 1 pq: 23 rg: 37 | total time: 64.92m | eta: 17.0m
Step 02000 | Validation bpb: 0.887087
step 02000/02520 (79.37%) | loss: 2.901997 | lrm: 0.35 | dt: 1965.49ms | tok/sec: 266,747 | bf16_mfu: 0.00 | epoch: 1 pq: 23 rg: 38 | total time: 64.95m | eta: 17.0m
step 02001/02520 (79.40%) | loss: 2.900287 | lrm: 0.35 | dt: 1968.68ms | tok/sec: 266,313 | bf16_mfu: 0.00 | epoch: 1 pq: 23 rg: 39 | total time: 64.98m | eta: 16.9m
step 02002/02520 (79.44%) | loss: 2.907150 | lrm: 0.35 | dt: 1971.15ms | tok/sec: 265,980 | bf16_mfu: 0.00 | epoch: 1 pq: 23 rg: 40 | total time: 65.01m | eta: 16.9m
step 02003/02520 (79.48%) | loss: 2.919989 | lrm: 0.35 | dt: 1974.31ms | tok/sec: 265,554 | bf16_mfu: 0.00 | epoch: 1 pq: 23 rg: 41 | total time: 65.05m | eta: 16.9m
step 02004/02520 (79.52%) | loss: 2.924971 | lrm: 0.35 | dt: 1972.10ms | tok/sec: 265,853 | bf16_mfu: 0.00 | epoch: 1 pq: 23 rg: 42 | total time: 65.08m | eta: 16.8m
step 02005/02520 (79.56%) | loss: 2.924568 | lrm: 0.35 | dt: 1968.68ms | tok/sec: 266,314 | bf16_mfu: 0.00 | epoch: 1 pq: 23 rg: 43 | total time: 65.11m | eta: 16.8m
step 02006/02520 (79.60%) | loss: 2.918372 | lrm: 0.35 | dt: 1969.51ms | tok/sec: 266,202 | bf16_mfu: 0.00 | epoch: 1 pq: 23 rg: 44 | total time: 65.15m | eta: 16.8m
step 02007/02520 (79.64%) | loss: 2.912987 | lrm: 0.35 | dt: 1970.80ms | tok/sec: 266,028 | bf16_mfu: 0.00 | epoch: 1 pq: 23 rg: 45 | total time: 65.18m | eta: 16.7m
step 02008/02520 (79.68%) | loss: 2.916357 | lrm: 0.35 | dt: 1970.19ms | tok/sec: 266,110 | bf16_mfu: 0.00 | epoch: 1 pq: 23 rg: 46 | total time: 65.21m | eta: 16.7m
step 02009/02520 (79.72%) | loss: 2.907326 | lrm: 0.35 | dt: 1970.11ms | tok/sec: 266,120 | bf16_mfu: 0.00 | epoch: 1 pq: 23 rg: 47 | total time: 65.24m | eta: 16.7m
step 02010/02520 (79.76%) | loss: 2.910924 | lrm: 0.35 | dt: 1970.26ms | tok/sec: 266,101 | bf16_mfu: 0.00 | epoch: 1 pq: 23 rg: 48 | total time: 65.28m | eta: 16.6m
step 02011/02520 (79.80%) | loss: 2.918327 | lrm: 0.35 | dt: 1971.58ms | tok/sec: 265,923 | bf16_mfu: 0.00 | epoch: 1 pq: 23 rg: 49 | total time: 65.31m | eta: 16.6m
step 02012/02520 (79.84%) | loss: 2.917281 | lrm: 0.34 | dt: 1972.24ms | tok/sec: 265,833 | bf16_mfu: 0.00 | epoch: 1 pq: 23 rg: 50 | total time: 65.34m | eta: 16.6m
step 02013/02520 (79.88%) | loss: 2.911873 | lrm: 0.34 | dt: 1975.75ms | tok/sec: 265,361 | bf16_mfu: 0.00 | epoch: 1 pq: 23 rg: 51 | total time: 65.38m | eta: 16.5m
step 02014/02520 (79.92%) | loss: 2.917588 | lrm: 0.34 | dt: 1974.65ms | tok/sec: 265,509 | bf16_mfu: 0.00 | epoch: 1 pq: 23 rg: 52 | total time: 65.41m | eta: 16.5m
step 02015/02520 (79.96%) | loss: 2.917643 | lrm: 0.34 | dt: 1969.79ms | tok/sec: 266,164 | bf16_mfu: 0.00 | epoch: 1 pq: 23 rg: 53 | total time: 65.44m | eta: 16.5m
step 02016/02520 (80.00%) | loss: 2.917160 | lrm: 0.34 | dt: 1971.11ms | tok/sec: 265,986 | bf16_mfu: 0.00 | epoch: 1 pq: 23 rg: 54 | total time: 65.47m | eta: 16.5m
step 02017/02520 (80.04%) | loss: 2.906887 | lrm: 0.34 | dt: 1972.97ms | tok/sec: 265,735 | bf16_mfu: 0.00 | epoch: 1 pq: 23 rg: 55 | total time: 65.51m | eta: 16.4m
step 02018/02520 (80.08%) | loss: 2.903466 | lrm: 0.34 | dt: 1975.40ms | tok/sec: 265,407 | bf16_mfu: 0.00 | epoch: 1 pq: 23 rg: 56 | total time: 65.54m | eta: 16.4m
step 02019/02520 (80.12%) | loss: 2.909439 | lrm: 0.34 | dt: 1973.17ms | tok/sec: 265,707 | bf16_mfu: 0.00 | epoch: 1 pq: 23 rg: 57 | total time: 65.57m | eta: 16.4m
step 02020/02520 (80.16%) | loss: 2.910645 | lrm: 0.34 | dt: 1973.22ms | tok/sec: 265,702 | bf16_mfu: 0.00 | epoch: 1 pq: 23 rg: 58 | total time: 65.61m | eta: 16.3m
step 02021/02520 (80.20%) | loss: 2.897950 | lrm: 0.34 | dt: 1974.59ms | tok/sec: 265,517 | bf16_mfu: 0.00 | epoch: 1 pq: 23 rg: 58 | total time: 65.64m | eta: 16.3m
step 02022/02520 (80.24%) | loss: 2.907066 | lrm: 0.34 | dt: 1974.21ms | tok/sec: 265,568 | bf16_mfu: 0.00 | epoch: 1 pq: 23 rg: 59 | total time: 65.67m | eta: 16.3m
step 02023/02520 (80.28%) | loss: 2.903065 | lrm: 0.34 | dt: 1976.44ms | tok/sec: 265,268 | bf16_mfu: 0.00 | epoch: 1 pq: 23 rg: 60 | total time: 65.70m | eta: 16.2m
step 02024/02520 (80.32%) | loss: 2.908536 | lrm: 0.34 | dt: 1979.38ms | tok/sec: 264,875 | bf16_mfu: 0.00 | epoch: 1 pq: 23 rg: 61 | total time: 65.74m | eta: 16.2m
step 02025/02520 (80.36%) | loss: 2.900046 | lrm: 0.34 | dt: 1975.44ms | tok/sec: 265,402 | bf16_mfu: 0.00 | epoch: 1 pq: 23 rg: 62 | total time: 65.77m | eta: 16.2m
step 02026/02520 (80.40%) | loss: 2.892673 | lrm: 0.34 | dt: 1974.43ms | tok/sec: 265,538 | bf16_mfu: 0.00 | epoch: 1 pq: 23 rg: 63 | total time: 65.80m | eta: 16.1m
step 02027/02520 (80.44%) | loss: 2.892740 | lrm: 0.34 | dt: 1975.18ms | tok/sec: 265,437 | bf16_mfu: 0.00 | epoch: 1 pq: 23 rg: 64 | total time: 65.84m | eta: 16.1m
step 02028/02520 (80.48%) | loss: 2.898563 | lrm: 0.34 | dt: 1977.75ms | tok/sec: 265,093 | bf16_mfu: 0.00 | epoch: 1 pq: 23 rg: 65 | total time: 65.87m | eta: 16.1m
step 02029/02520 (80.52%) | loss: 2.895395 | lrm: 0.33 | dt: 1974.81ms | tok/sec: 265,487 | bf16_mfu: 0.00 | epoch: 1 pq: 23 rg: 66 | total time: 65.90m | eta: 16.0m
step 02030/02520 (80.56%) | loss: 2.888496 | lrm: 0.33 | dt: 1975.20ms | tok/sec: 265,435 | bf16_mfu: 0.00 | epoch: 1 pq: 23 rg: 67 | total time: 65.93m | eta: 16.0m
step 02031/02520 (80.60%) | loss: 2.891218 | lrm: 0.33 | dt: 1976.46ms | tok/sec: 265,266 | bf16_mfu: 0.00 | epoch: 1 pq: 23 rg: 68 | total time: 65.97m | eta: 16.0m
step 02032/02520 (80.63%) | loss: 2.889772 | lrm: 0.33 | dt: 1975.97ms | tok/sec: 265,332 | bf16_mfu: 0.00 | epoch: 1 pq: 23 rg: 69 | total time: 66.00m | eta: 15.9m
step 02033/02520 (80.67%) | loss: 2.888960 | lrm: 0.33 | dt: 1977.24ms | tok/sec: 265,161 | bf16_mfu: 0.00 | epoch: 1 pq: 23 rg: 70 | total time: 66.03m | eta: 15.9m
step 02034/02520 (80.71%) | loss: 2.894199 | lrm: 0.33 | dt: 1974.59ms | tok/sec: 265,517 | bf16_mfu: 0.00 | epoch: 1 pq: 23 rg: 71 | total time: 66.07m | eta: 15.9m
step 02035/02520 (80.75%) | loss: 2.901067 | lrm: 0.33 | dt: 1978.13ms | tok/sec: 265,041 | bf16_mfu: 0.00 | epoch: 1 pq: 23 rg: 72 | total time: 66.10m | eta: 15.8m
step 02036/02520 (80.79%) | loss: 2.906907 | lrm: 0.33 | dt: 1976.20ms | tok/sec: 265,301 | bf16_mfu: 0.00 | epoch: 1 pq: 23 rg: 73 | total time: 66.13m | eta: 15.8m
step 02037/02520 (80.83%) | loss: 2.909941 | lrm: 0.33 | dt: 1975.95ms | tok/sec: 265,334 | bf16_mfu: 0.00 | epoch: 1 pq: 23 rg: 74 | total time: 66.17m | eta: 15.8m
step 02038/02520 (80.87%) | loss: 2.900698 | lrm: 0.33 | dt: 1977.27ms | tok/sec: 265,157 | bf16_mfu: 0.00 | epoch: 1 pq: 23 rg: 75 | total time: 66.20m | eta: 15.7m
step 02039/02520 (80.91%) | loss: 2.908784 | lrm: 0.33 | dt: 1974.89ms | tok/sec: 265,477 | bf16_mfu: 0.00 | epoch: 1 pq: 23 rg: 76 | total time: 66.23m | eta: 15.7m
step 02040/02520 (80.95%) | loss: 2.918189 | lrm: 0.33 | dt: 1975.89ms | tok/sec: 265,342 | bf16_mfu: 0.00 | epoch: 1 pq: 23 rg: 77 | total time: 66.26m | eta: 15.7m
step 02041/02520 (80.99%) | loss: 2.910219 | lrm: 0.33 | dt: 1975.24ms | tok/sec: 265,429 | bf16_mfu: 0.00 | epoch: 1 pq: 23 rg: 78 | total time: 66.30m | eta: 15.6m
step 02042/02520 (81.03%) | loss: 2.909254 | lrm: 0.33 | dt: 1975.59ms | tok/sec: 265,383 | bf16_mfu: 0.00 | epoch: 1 pq: 23 rg: 79 | total time: 66.33m | eta: 15.6m
step 02043/02520 (81.07%) | loss: 2.894254 | lrm: 0.33 | dt: 1975.37ms | tok/sec: 265,412 | bf16_mfu: 0.00 | epoch: 1 pq: 23 rg: 80 | total time: 66.36m | eta: 15.6m
step 02044/02520 (81.11%) | loss: 2.902339 | lrm: 0.33 | dt: 1979.05ms | tok/sec: 264,919 | bf16_mfu: 0.00 | epoch: 1 pq: 23 rg: 81 | total time: 66.40m | eta: 15.5m
step 02045/02520 (81.15%) | loss: 2.907928 | lrm: 0.33 | dt: 1981.30ms | tok/sec: 264,617 | bf16_mfu: 0.00 | epoch: 1 pq: 23 rg: 82 | total time: 66.43m | eta: 15.5m
step 02046/02520 (81.19%) | loss: 2.913361 | lrm: 0.32 | dt: 1976.16ms | tok/sec: 265,306 | bf16_mfu: 0.00 | epoch: 1 pq: 24 rg: 0 | total time: 66.46m | eta: 15.5m
step 02047/02520 (81.23%) | loss: 2.914156 | lrm: 0.32 | dt: 1977.15ms | tok/sec: 265,173 | bf16_mfu: 0.00 | epoch: 1 pq: 24 rg: 1 | total time: 66.49m | eta: 15.4m
step 02048/02520 (81.27%) | loss: 2.914231 | lrm: 0.32 | dt: 1978.03ms | tok/sec: 265,056 | bf16_mfu: 0.00 | epoch: 1 pq: 24 rg: 2 | total time: 66.53m | eta: 15.4m
step 02049/02520 (81.31%) | loss: 2.910248 | lrm: 0.32 | dt: 1976.30ms | tok/sec: 265,287 | bf16_mfu: 0.00 | epoch: 1 pq: 24 rg: 3 | total time: 66.56m | eta: 15.4m
step 02050/02520 (81.35%) | loss: 2.912090 | lrm: 0.32 | dt: 1976.17ms | tok/sec: 265,305 | bf16_mfu: 0.00 | epoch: 1 pq: 24 rg: 4 | total time: 66.59m | eta: 15.3m
step 02051/02520 (81.39%) | loss: 2.912243 | lrm: 0.32 | dt: 1976.59ms | tok/sec: 265,249 | bf16_mfu: 0.00 | epoch: 1 pq: 24 rg: 5 | total time: 66.63m | eta: 15.3m
step 02052/02520 (81.43%) | loss: 2.910457 | lrm: 0.32 | dt: 1976.71ms | tok/sec: 265,232 | bf16_mfu: 0.00 | epoch: 1 pq: 24 rg: 5 | total time: 66.66m | eta: 15.3m
step 02053/02520 (81.47%) | loss: 2.910389 | lrm: 0.32 | dt: 1975.08ms | tok/sec: 265,451 | bf16_mfu: 0.00 | epoch: 1 pq: 24 rg: 6 | total time: 66.69m | eta: 15.2m
step 02054/02520 (81.51%) | loss: 2.908108 | lrm: 0.32 | dt: 1981.54ms | tok/sec: 264,586 | bf16_mfu: 0.00 | epoch: 1 pq: 24 rg: 7 | total time: 66.73m | eta: 15.2m
step 02055/02520 (81.55%) | loss: 2.904586 | lrm: 0.32 | dt: 1985.47ms | tok/sec: 264,062 | bf16_mfu: 0.00 | epoch: 1 pq: 24 rg: 8 | total time: 66.76m | eta: 15.2m
step 02056/02520 (81.59%) | loss: 2.905955 | lrm: 0.32 | dt: 1977.72ms | tok/sec: 265,096 | bf16_mfu: 0.00 | epoch: 1 pq: 24 rg: 9 | total time: 66.79m | eta: 15.1m
step 02057/02520 (81.63%) | loss: 2.916713 | lrm: 0.32 | dt: 1979.36ms | tok/sec: 264,877 | bf16_mfu: 0.00 | epoch: 1 pq: 24 rg: 10 | total time: 66.82m | eta: 15.1m
step 02058/02520 (81.67%) | loss: 2.913971 | lrm: 0.32 | dt: 1978.87ms | tok/sec: 264,943 | bf16_mfu: 0.00 | epoch: 1 pq: 24 rg: 11 | total time: 66.86m | eta: 15.1m
step 02059/02520 (81.71%) | loss: 2.905064 | lrm: 0.32 | dt: 1978.16ms | tok/sec: 265,038 | bf16_mfu: 0.00 | epoch: 1 pq: 24 rg: 12 | total time: 66.89m | eta: 15.0m
step 02060/02520 (81.75%) | loss: 2.899971 | lrm: 0.32 | dt: 1978.30ms | tok/sec: 265,019 | bf16_mfu: 0.00 | epoch: 1 pq: 24 rg: 13 | total time: 66.92m | eta: 15.0m
step 02061/02520 (81.79%) | loss: 2.907823 | lrm: 0.32 | dt: 1977.67ms | tok/sec: 265,103 | bf16_mfu: 0.00 | epoch: 1 pq: 24 rg: 14 | total time: 66.96m | eta: 15.0m
step 02062/02520 (81.83%) | loss: 2.907392 | lrm: 0.32 | dt: 1978.36ms | tok/sec: 265,011 | bf16_mfu: 0.00 | epoch: 1 pq: 24 rg: 15 | total time: 66.99m | eta: 15.0m
step 02063/02520 (81.87%) | loss: 2.906134 | lrm: 0.32 | dt: 1978.16ms | tok/sec: 265,038 | bf16_mfu: 0.00 | epoch: 1 pq: 24 rg: 16 | total time: 67.02m | eta: 14.9m
step 02064/02520 (81.90%) | loss: 2.907091 | lrm: 0.31 | dt: 1981.98ms | tok/sec: 264,527 | bf16_mfu: 0.00 | epoch: 1 pq: 24 rg: 17 | total time: 67.06m | eta: 14.9m
step 02065/02520 (81.94%) | loss: 2.899813 | lrm: 0.31 | dt: 1984.14ms | tok/sec: 264,239 | bf16_mfu: 0.00 | epoch: 1 pq: 24 rg: 18 | total time: 67.09m | eta: 14.9m
step 02066/02520 (81.98%) | loss: 2.897473 | lrm: 0.31 | dt: 1979.75ms | tok/sec: 264,825 | bf16_mfu: 0.00 | epoch: 1 pq: 24 rg: 19 | total time: 67.12m | eta: 14.8m
step 02067/02520 (82.02%) | loss: 2.891261 | lrm: 0.31 | dt: 1980.73ms | tok/sec: 264,694 | bf16_mfu: 0.00 | epoch: 1 pq: 24 rg: 20 | total time: 67.15m | eta: 14.8m
step 02068/02520 (82.06%) | loss: 2.906823 | lrm: 0.31 | dt: 1981.38ms | tok/sec: 264,607 | bf16_mfu: 0.00 | epoch: 1 pq: 24 rg: 21 | total time: 67.19m | eta: 14.8m
step 02069/02520 (82.10%) | loss: 2.893443 | lrm: 0.31 | dt: 1979.94ms | tok/sec: 264,799 | bf16_mfu: 0.00 | epoch: 1 pq: 24 rg: 22 | total time: 67.22m | eta: 14.7m
step 02070/02520 (82.14%) | loss: 2.898684 | lrm: 0.31 | dt: 1979.43ms | tok/sec: 264,868 | bf16_mfu: 0.00 | epoch: 1 pq: 24 rg: 23 | total time: 67.25m | eta: 14.7m
step 02071/02520 (82.18%) | loss: 2.913918 | lrm: 0.31 | dt: 1978.00ms | tok/sec: 265,060 | bf16_mfu: 0.00 | epoch: 1 pq: 24 rg: 24 | total time: 67.29m | eta: 14.7m
step 02072/02520 (82.22%) | loss: 2.909887 | lrm: 0.31 | dt: 1978.43ms | tok/sec: 265,001 | bf16_mfu: 0.00 | epoch: 1 pq: 24 rg: 25 | total time: 67.32m | eta: 14.6m
step 02073/02520 (82.26%) | loss: 2.904744 | lrm: 0.31 | dt: 1978.96ms | tok/sec: 264,931 | bf16_mfu: 0.00 | epoch: 1 pq: 24 rg: 26 | total time: 67.35m | eta: 14.6m
step 02074/02520 (82.30%) | loss: 2.898784 | lrm: 0.31 | dt: 1982.69ms | tok/sec: 264,433 | bf16_mfu: 0.00 | epoch: 1 pq: 24 rg: 27 | total time: 67.39m | eta: 14.6m
step 02075/02520 (82.34%) | loss: 2.898145 | lrm: 0.31 | dt: 1985.90ms | tok/sec: 264,005 | bf16_mfu: 0.00 | epoch: 1 pq: 24 rg: 28 | total time: 67.42m | eta: 14.5m
step 02076/02520 (82.38%) | loss: 2.903675 | lrm: 0.31 | dt: 1980.23ms | tok/sec: 264,760 | bf16_mfu: 0.00 | epoch: 1 pq: 24 rg: 29 | total time: 67.45m | eta: 14.5m
step 02077/02520 (82.42%) | loss: 2.905456 | lrm: 0.31 | dt: 1979.02ms | tok/sec: 264,923 | bf16_mfu: 0.00 | epoch: 1 pq: 24 rg: 30 | total time: 67.48m | eta: 14.5m
step 02078/02520 (82.46%) | loss: 2.908264 | lrm: 0.31 | dt: 1979.51ms | tok/sec: 264,856 | bf16_mfu: 0.00 | epoch: 1 pq: 24 rg: 31 | total time: 67.52m | eta: 14.4m
step 02079/02520 (82.50%) | loss: 2.913062 | lrm: 0.31 | dt: 1978.50ms | tok/sec: 264,992 | bf16_mfu: 0.00 | epoch: 1 pq: 24 rg: 32 | total time: 67.55m | eta: 14.4m
step 02080/02520 (82.54%) | loss: 2.913884 | lrm: 0.31 | dt: 1977.06ms | tok/sec: 265,186 | bf16_mfu: 0.00 | epoch: 1 pq: 24 rg: 32 | total time: 67.58m | eta: 14.4m
step 02081/02520 (82.58%) | loss: 2.907838 | lrm: 0.30 | dt: 1975.36ms | tok/sec: 265,413 | bf16_mfu: 0.00 | epoch: 1 pq: 24 rg: 33 | total time: 67.62m | eta: 14.3m
step 02082/02520 (82.62%) | loss: 2.910727 | lrm: 0.30 | dt: 1978.33ms | tok/sec: 265,015 | bf16_mfu: 0.00 | epoch: 1 pq: 24 rg: 34 | total time: 67.65m | eta: 14.3m
step 02083/02520 (82.66%) | loss: 2.898258 | lrm: 0.30 | dt: 1977.26ms | tok/sec: 265,158 | bf16_mfu: 0.00 | epoch: 1 pq: 24 rg: 35 | total time: 67.68m | eta: 14.3m
step 02084/02520 (82.70%) | loss: 2.889695 | lrm: 0.30 | dt: 1978.85ms | tok/sec: 264,945 | bf16_mfu: 0.00 | epoch: 1 pq: 24 rg: 36 | total time: 67.72m | eta: 14.2m
step 02085/02520 (82.74%) | loss: 2.896935 | lrm: 0.30 | dt: 1982.83ms | tok/sec: 264,413 | bf16_mfu: 0.00 | epoch: 1 pq: 24 rg: 37 | total time: 67.75m | eta: 14.2m
step 02086/02520 (82.78%) | loss: 2.910879 | lrm: 0.30 | dt: 1981.19ms | tok/sec: 264,632 | bf16_mfu: 0.00 | epoch: 1 pq: 24 rg: 38 | total time: 67.78m | eta: 14.2m
step 02087/02520 (82.82%) | loss: 2.898974 | lrm: 0.30 | dt: 1978.81ms | tok/sec: 264,951 | bf16_mfu: 0.00 | epoch: 1 pq: 24 rg: 39 | total time: 67.81m | eta: 14.1m
step 02088/02520 (82.86%) | loss: 2.915502 | lrm: 0.30 | dt: 1978.84ms | tok/sec: 264,946 | bf16_mfu: 0.00 | epoch: 1 pq: 24 rg: 40 | total time: 67.85m | eta: 14.1m
step 02089/02520 (82.90%) | loss: 2.907972 | lrm: 0.30 | dt: 1978.98ms | tok/sec: 264,927 | bf16_mfu: 0.00 | epoch: 1 pq: 24 rg: 41 | total time: 67.88m | eta: 14.1m
step 02090/02520 (82.94%) | loss: 2.896380 | lrm: 0.30 | dt: 1975.03ms | tok/sec: 265,457 | bf16_mfu: 0.00 | epoch: 1 pq: 24 rg: 42 | total time: 67.91m | eta: 14.0m
step 02091/02520 (82.98%) | loss: 2.899965 | lrm: 0.30 | dt: 1975.56ms | tok/sec: 265,387 | bf16_mfu: 0.00 | epoch: 1 pq: 24 rg: 43 | total time: 67.95m | eta: 14.0m
step 02092/02520 (83.02%) | loss: 2.900667 | lrm: 0.30 | dt: 1979.74ms | tok/sec: 264,826 | bf16_mfu: 0.00 | epoch: 1 pq: 24 rg: 44 | total time: 67.98m | eta: 14.0m
step 02093/02520 (83.06%) | loss: 2.891805 | lrm: 0.30 | dt: 1977.93ms | tok/sec: 265,068 | bf16_mfu: 0.00 | epoch: 1 pq: 24 rg: 45 | total time: 68.01m | eta: 13.9m
step 02094/02520 (83.10%) | loss: 2.898766 | lrm: 0.30 | dt: 1980.05ms | tok/sec: 264,785 | bf16_mfu: 0.00 | epoch: 1 pq: 24 rg: 46 | total time: 68.05m | eta: 13.9m
step 02095/02520 (83.13%) | loss: 2.898228 | lrm: 0.30 | dt: 1982.81ms | tok/sec: 264,416 | bf16_mfu: 0.00 | epoch: 1 pq: 24 rg: 47 | total time: 68.08m | eta: 13.9m
step 02096/02520 (83.17%) | loss: 2.901872 | lrm: 0.30 | dt: 1982.34ms | tok/sec: 264,478 | bf16_mfu: 0.00 | epoch: 1 pq: 24 rg: 48 | total time: 68.11m | eta: 13.8m
step 02097/02520 (83.21%) | loss: 2.907006 | lrm: 0.30 | dt: 1980.18ms | tok/sec: 264,768 | bf16_mfu: 0.00 | epoch: 1 pq: 24 rg: 49 | total time: 68.14m | eta: 13.8m
step 02098/02520 (83.25%) | loss: 2.900743 | lrm: 0.29 | dt: 1979.06ms | tok/sec: 264,917 | bf16_mfu: 0.00 | epoch: 1 pq: 24 rg: 50 | total time: 68.18m | eta: 13.8m
step 02099/02520 (83.29%) | loss: 2.890611 | lrm: 0.29 | dt: 1977.58ms | tok/sec: 265,115 | bf16_mfu: 0.00 | epoch: 1 pq: 24 rg: 51 | total time: 68.21m | eta: 13.7m
step 02100/02520 (83.33%) | loss: 2.893484 | lrm: 0.29 | dt: 1976.90ms | tok/sec: 265,207 | bf16_mfu: 0.00 | epoch: 1 pq: 24 rg: 52 | total time: 68.24m | eta: 13.7m
step 02101/02520 (83.37%) | loss: 2.893476 | lrm: 0.29 | dt: 1975.69ms | tok/sec: 265,369 | bf16_mfu: 0.00 | epoch: 1 pq: 24 rg: 53 | total time: 68.28m | eta: 13.7m
step 02102/02520 (83.41%) | loss: 2.899588 | lrm: 0.29 | dt: 1979.52ms | tok/sec: 264,856 | bf16_mfu: 0.00 | epoch: 1 pq: 24 rg: 54 | total time: 68.31m | eta: 13.6m
step 02103/02520 (83.45%) | loss: 2.900779 | lrm: 0.29 | dt: 1977.42ms | tok/sec: 265,137 | bf16_mfu: 0.00 | epoch: 1 pq: 24 rg: 55 | total time: 68.34m | eta: 13.6m
step 02104/02520 (83.49%) | loss: 2.895999 | lrm: 0.29 | dt: 1978.40ms | tok/sec: 265,005 | bf16_mfu: 0.00 | epoch: 1 pq: 24 rg: 56 | total time: 68.37m | eta: 13.6m
step 02105/02520 (83.53%) | loss: 2.890126 | lrm: 0.29 | dt: 1982.53ms | tok/sec: 264,453 | bf16_mfu: 0.00 | epoch: 1 pq: 24 rg: 57 | total time: 68.41m | eta: 13.6m
step 02106/02520 (83.57%) | loss: 2.882543 | lrm: 0.29 | dt: 1979.43ms | tok/sec: 264,868 | bf16_mfu: 0.00 | epoch: 1 pq: 24 rg: 58 | total time: 68.44m | eta: 13.5m
step 02107/02520 (83.61%) | loss: 2.885480 | lrm: 0.29 | dt: 1979.05ms | tok/sec: 264,919 | bf16_mfu: 0.00 | epoch: 1 pq: 24 rg: 59 | total time: 68.47m | eta: 13.5m
step 02108/02520 (83.65%) | loss: 2.877012 | lrm: 0.29 | dt: 1978.92ms | tok/sec: 264,935 | bf16_mfu: 0.00 | epoch: 1 pq: 24 rg: 60 | total time: 68.51m | eta: 13.5m
step 02109/02520 (83.69%) | loss: 2.890693 | lrm: 0.29 | dt: 1976.94ms | tok/sec: 265,202 | bf16_mfu: 0.00 | epoch: 1 pq: 24 rg: 61 | total time: 68.54m | eta: 13.4m
step 02110/02520 (83.73%) | loss: 2.892387 | lrm: 0.29 | dt: 1975.38ms | tok/sec: 265,411 | bf16_mfu: 0.00 | epoch: 1 pq: 24 rg: 62 | total time: 68.57m | eta: 13.4m
step 02111/02520 (83.77%) | loss: 2.885480 | lrm: 0.29 | dt: 1978.79ms | tok/sec: 264,954 | bf16_mfu: 0.00 | epoch: 1 pq: 24 rg: 63 | total time: 68.61m | eta: 13.4m
step 02112/02520 (83.81%) | loss: 2.896745 | lrm: 0.29 | dt: 1980.94ms | tok/sec: 264,665 | bf16_mfu: 0.00 | epoch: 1 pq: 24 rg: 64 | total time: 68.64m | eta: 13.3m
step 02113/02520 (83.85%) | loss: 2.891487 | lrm: 0.29 | dt: 1976.82ms | tok/sec: 265,217 | bf16_mfu: 0.00 | epoch: 1 pq: 24 rg: 65 | total time: 68.67m | eta: 13.3m
step 02114/02520 (83.89%) | loss: 2.882452 | lrm: 0.29 | dt: 1977.89ms | tok/sec: 265,074 | bf16_mfu: 0.00 | epoch: 1 pq: 24 rg: 66 | total time: 68.70m | eta: 13.3m
step 02115/02520 (83.93%) | loss: 2.882840 | lrm: 0.28 | dt: 1981.97ms | tok/sec: 264,529 | bf16_mfu: 0.00 | epoch: 1 pq: 24 rg: 67 | total time: 68.74m | eta: 13.2m
step 02116/02520 (83.97%) | loss: 2.882476 | lrm: 0.28 | dt: 1982.29ms | tok/sec: 264,486 | bf16_mfu: 0.00 | epoch: 1 pq: 24 rg: 67 | total time: 68.77m | eta: 13.2m
step 02117/02520 (84.01%) | loss: 2.880679 | lrm: 0.28 | dt: 1977.11ms | tok/sec: 265,178 | bf16_mfu: 0.00 | epoch: 1 pq: 24 rg: 68 | total time: 68.80m | eta: 13.2m
step 02118/02520 (84.05%) | loss: 2.878678 | lrm: 0.28 | dt: 1976.24ms | tok/sec: 265,295 | bf16_mfu: 0.00 | epoch: 1 pq: 24 rg: 69 | total time: 68.84m | eta: 13.1m
step 02119/02520 (84.09%) | loss: 2.889345 | lrm: 0.28 | dt: 1977.92ms | tok/sec: 265,071 | bf16_mfu: 0.00 | epoch: 1 pq: 24 rg: 70 | total time: 68.87m | eta: 13.1m
step 02120/02520 (84.13%) | loss: 2.885631 | lrm: 0.28 | dt: 1978.44ms | tok/sec: 265,000 | bf16_mfu: 0.00 | epoch: 1 pq: 24 rg: 71 | total time: 68.90m | eta: 13.1m
step 02121/02520 (84.17%) | loss: 2.889570 | lrm: 0.28 | dt: 1979.55ms | tok/sec: 264,852 | bf16_mfu: 0.00 | epoch: 1 pq: 24 rg: 72 | total time: 68.94m | eta: 13.0m
step 02122/02520 (84.21%) | loss: 2.879629 | lrm: 0.28 | dt: 1981.59ms | tok/sec: 264,579 | bf16_mfu: 0.00 | epoch: 1 pq: 24 rg: 73 | total time: 68.97m | eta: 13.0m
step 02123/02520 (84.25%) | loss: 2.880389 | lrm: 0.28 | dt: 1978.72ms | tok/sec: 264,963 | bf16_mfu: 0.00 | epoch: 1 pq: 24 rg: 74 | total time: 69.00m | eta: 13.0m
step 02124/02520 (84.29%) | loss: 2.874646 | lrm: 0.28 | dt: 1977.21ms | tok/sec: 265,165 | bf16_mfu: 0.00 | epoch: 1 pq: 24 rg: 75 | total time: 69.03m | eta: 12.9m
step 02125/02520 (84.33%) | loss: 2.872657 | lrm: 0.28 | dt: 1980.82ms | tok/sec: 264,681 | bf16_mfu: 0.00 | epoch: 1 pq: 24 rg: 76 | total time: 69.07m | eta: 12.9m
step 02126/02520 (84.37%) | loss: 2.875389 | lrm: 0.28 | dt: 1982.01ms | tok/sec: 264,523 | bf16_mfu: 0.00 | epoch: 1 pq: 24 rg: 77 | total time: 69.10m | eta: 12.9m
step 02127/02520 (84.40%) | loss: 2.875889 | lrm: 0.28 | dt: 1978.26ms | tok/sec: 265,025 | bf16_mfu: 0.00 | epoch: 1 pq: 24 rg: 78 | total time: 69.13m | eta: 12.8m
step 02128/02520 (84.44%) | loss: 2.884250 | lrm: 0.28 | dt: 1978.71ms | tok/sec: 264,964 | bf16_mfu: 0.00 | epoch: 1 pq: 24 rg: 79 | total time: 69.17m | eta: 12.8m
step 02129/02520 (84.48%) | loss: 2.874534 | lrm: 0.28 | dt: 1976.89ms | tok/sec: 265,208 | bf16_mfu: 0.00 | epoch: 1 pq: 24 rg: 80 | total time: 69.20m | eta: 12.8m
step 02130/02520 (84.52%) | loss: 2.870098 | lrm: 0.28 | dt: 1978.34ms | tok/sec: 265,013 | bf16_mfu: 0.00 | epoch: 1 pq: 24 rg: 81 | total time: 69.23m | eta: 12.7m
step 02131/02520 (84.56%) | loss: 2.872351 | lrm: 0.28 | dt: 1980.04ms | tok/sec: 264,787 | bf16_mfu: 0.00 | epoch: 1 pq: 24 rg: 82 | total time: 69.27m | eta: 12.7m
step 02132/02520 (84.60%) | loss: 2.865694 | lrm: 0.28 | dt: 1981.29ms | tok/sec: 264,619 | bf16_mfu: 0.00 | epoch: 1 pq: 25 rg: 0 | total time: 69.30m | eta: 12.7m
step 02133/02520 (84.64%) | loss: 2.866671 | lrm: 0.27 | dt: 1979.23ms | tok/sec: 264,895 | bf16_mfu: 0.00 | epoch: 1 pq: 25 rg: 1 | total time: 69.33m | eta: 12.6m
step 02134/02520 (84.68%) | loss: 2.862340 | lrm: 0.27 | dt: 1980.41ms | tok/sec: 264,737 | bf16_mfu: 0.00 | epoch: 1 pq: 25 rg: 2 | total time: 69.36m | eta: 12.6m
step 02135/02520 (84.72%) | loss: 2.861529 | lrm: 0.27 | dt: 1980.13ms | tok/sec: 264,775 | bf16_mfu: 0.00 | epoch: 1 pq: 25 rg: 3 | total time: 69.40m | eta: 12.6m
step 02136/02520 (84.76%) | loss: 2.866004 | lrm: 0.27 | dt: 1979.68ms | tok/sec: 264,835 | bf16_mfu: 0.00 | epoch: 1 pq: 25 rg: 4 | total time: 69.43m | eta: 12.5m
step 02137/02520 (84.80%) | loss: 2.872621 | lrm: 0.27 | dt: 1978.91ms | tok/sec: 264,937 | bf16_mfu: 0.00 | epoch: 1 pq: 25 rg: 5 | total time: 69.46m | eta: 12.5m
step 02138/02520 (84.84%) | loss: 2.874957 | lrm: 0.27 | dt: 1976.46ms | tok/sec: 265,266 | bf16_mfu: 0.00 | epoch: 1 pq: 25 rg: 6 | total time: 69.50m | eta: 12.5m
step 02139/02520 (84.88%) | loss: 2.870696 | lrm: 0.27 | dt: 1978.63ms | tok/sec: 264,975 | bf16_mfu: 0.00 | epoch: 1 pq: 25 rg: 7 | total time: 69.53m | eta: 12.4m
step 02140/02520 (84.92%) | loss: 2.857331 | lrm: 0.27 | dt: 1977.17ms | tok/sec: 265,171 | bf16_mfu: 0.00 | epoch: 1 pq: 25 rg: 8 | total time: 69.56m | eta: 12.4m
step 02141/02520 (84.96%) | loss: 2.873943 | lrm: 0.27 | dt: 1978.57ms | tok/sec: 264,982 | bf16_mfu: 0.00 | epoch: 1 pq: 25 rg: 9 | total time: 69.60m | eta: 12.4m
step 02142/02520 (85.00%) | loss: 2.868674 | lrm: 0.27 | dt: 1978.40ms | tok/sec: 265,006 | bf16_mfu: 0.00 | epoch: 1 pq: 25 rg: 10 | total time: 69.63m | eta: 12.3m
step 02143/02520 (85.04%) | loss: 2.866545 | lrm: 0.27 | dt: 1977.62ms | tok/sec: 265,111 | bf16_mfu: 0.00 | epoch: 1 pq: 25 rg: 10 | total time: 69.66m | eta: 12.3m
step 02144/02520 (85.08%) | loss: 2.858237 | lrm: 0.27 | dt: 1979.27ms | tok/sec: 264,889 | bf16_mfu: 0.00 | epoch: 1 pq: 25 rg: 11 | total time: 69.69m | eta: 12.3m
step 02145/02520 (85.12%) | loss: 2.843879 | lrm: 0.27 | dt: 1979.81ms | tok/sec: 264,817 | bf16_mfu: 0.00 | epoch: 1 pq: 25 rg: 12 | total time: 69.73m | eta: 12.2m
step 02146/02520 (85.16%) | loss: 2.851037 | lrm: 0.27 | dt: 1982.62ms | tok/sec: 264,442 | bf16_mfu: 0.00 | epoch: 1 pq: 25 rg: 13 | total time: 69.76m | eta: 12.2m
step 02147/02520 (85.20%) | loss: 2.853669 | lrm: 0.27 | dt: 1979.45ms | tok/sec: 264,865 | bf16_mfu: 0.00 | epoch: 1 pq: 25 rg: 14 | total time: 69.79m | eta: 12.2m
step 02148/02520 (85.24%) | loss: 2.864158 | lrm: 0.27 | dt: 1977.07ms | tok/sec: 265,184 | bf16_mfu: 0.00 | epoch: 1 pq: 25 rg: 15 | total time: 69.83m | eta: 12.1m
step 02149/02520 (85.28%) | loss: 2.870448 | lrm: 0.27 | dt: 1976.91ms | tok/sec: 265,205 | bf16_mfu: 0.00 | epoch: 1 pq: 25 rg: 16 | total time: 69.86m | eta: 12.1m
step 02150/02520 (85.32%) | loss: 2.874563 | lrm: 0.26 | dt: 1975.46ms | tok/sec: 265,400 | bf16_mfu: 0.00 | epoch: 1 pq: 25 rg: 17 | total time: 69.89m | eta: 12.1m
step 02151/02520 (85.36%) | loss: 2.862176 | lrm: 0.26 | dt: 1975.52ms | tok/sec: 265,392 | bf16_mfu: 0.00 | epoch: 1 pq: 25 rg: 18 | total time: 69.92m | eta: 12.1m
step 02152/02520 (85.40%) | loss: 2.864120 | lrm: 0.26 | dt: 1978.78ms | tok/sec: 264,954 | bf16_mfu: 0.00 | epoch: 1 pq: 25 rg: 19 | total time: 69.96m | eta: 12.0m
step 02153/02520 (85.44%) | loss: 2.858060 | lrm: 0.26 | dt: 1977.64ms | tok/sec: 265,108 | bf16_mfu: 0.00 | epoch: 1 pq: 25 rg: 20 | total time: 69.99m | eta: 12.0m
step 02154/02520 (85.48%) | loss: 2.852304 | lrm: 0.26 | dt: 1978.18ms | tok/sec: 265,035 | bf16_mfu: 0.00 | epoch: 1 pq: 25 rg: 21 | total time: 70.02m | eta: 12.0m
step 02155/02520 (85.52%) | loss: 2.849358 | lrm: 0.26 | dt: 1976.02ms | tok/sec: 265,325 | bf16_mfu: 0.00 | epoch: 1 pq: 25 rg: 22 | total time: 70.06m | eta: 11.9m
step 02156/02520 (85.56%) | loss: 2.848524 | lrm: 0.26 | dt: 1981.61ms | tok/sec: 264,576 | bf16_mfu: 0.00 | epoch: 1 pq: 25 rg: 23 | total time: 70.09m | eta: 11.9m
step 02157/02520 (85.60%) | loss: 2.851399 | lrm: 0.26 | dt: 1978.27ms | tok/sec: 265,023 | bf16_mfu: 0.00 | epoch: 1 pq: 25 rg: 24 | total time: 70.12m | eta: 11.9m
step 02158/02520 (85.63%) | loss: 2.856311 | lrm: 0.26 | dt: 1975.54ms | tok/sec: 265,389 | bf16_mfu: 0.00 | epoch: 1 pq: 25 rg: 25 | total time: 70.16m | eta: 11.8m
step 02159/02520 (85.67%) | loss: 2.857717 | lrm: 0.26 | dt: 1977.28ms | tok/sec: 265,156 | bf16_mfu: 0.00 | epoch: 1 pq: 25 rg: 26 | total time: 70.19m | eta: 11.8m
step 02160/02520 (85.71%) | loss: 2.858137 | lrm: 0.26 | dt: 1976.60ms | tok/sec: 265,247 | bf16_mfu: 0.00 | epoch: 1 pq: 25 rg: 27 | total time: 70.22m | eta: 11.8m
step 02161/02520 (85.75%) | loss: 2.838908 | lrm: 0.26 | dt: 1975.87ms | tok/sec: 265,344 | bf16_mfu: 0.00 | epoch: 1 pq: 25 rg: 28 | total time: 70.25m | eta: 11.7m
step 02162/02520 (85.79%) | loss: 2.841893 | lrm: 0.26 | dt: 1976.94ms | tok/sec: 265,201 | bf16_mfu: 0.00 | epoch: 1 pq: 25 rg: 29 | total time: 70.29m | eta: 11.7m
step 02163/02520 (85.83%) | loss: 2.854509 | lrm: 0.26 | dt: 1976.82ms | tok/sec: 265,217 | bf16_mfu: 0.00 | epoch: 1 pq: 25 rg: 30 | total time: 70.32m | eta: 11.7m
step 02164/02520 (85.87%) | loss: 2.860461 | lrm: 0.26 | dt: 1975.59ms | tok/sec: 265,382 | bf16_mfu: 0.00 | epoch: 1 pq: 25 rg: 31 | total time: 70.35m | eta: 11.6m
step 02165/02520 (85.91%) | loss: 2.863875 | lrm: 0.26 | dt: 1976.59ms | tok/sec: 265,248 | bf16_mfu: 0.00 | epoch: 1 pq: 25 rg: 32 | total time: 70.39m | eta: 11.6m
step 02166/02520 (85.95%) | loss: 2.872040 | lrm: 0.26 | dt: 1982.02ms | tok/sec: 264,522 | bf16_mfu: 0.00 | epoch: 1 pq: 25 rg: 33 | total time: 70.42m | eta: 11.6m
step 02167/02520 (85.99%) | loss: 2.867103 | lrm: 0.25 | dt: 1979.43ms | tok/sec: 264,868 | bf16_mfu: 0.00 | epoch: 1 pq: 25 rg: 33 | total time: 70.45m | eta: 11.5m
step 02168/02520 (86.03%) | loss: 2.869557 | lrm: 0.25 | dt: 1976.48ms | tok/sec: 265,263 | bf16_mfu: 0.00 | epoch: 1 pq: 25 rg: 34 | total time: 70.49m | eta: 11.5m
step 02169/02520 (86.07%) | loss: 2.869036 | lrm: 0.25 | dt: 1976.32ms | tok/sec: 265,285 | bf16_mfu: 0.00 | epoch: 1 pq: 25 rg: 35 | total time: 70.52m | eta: 11.5m
step 02170/02520 (86.11%) | loss: 2.870130 | lrm: 0.25 | dt: 1975.56ms | tok/sec: 265,386 | bf16_mfu: 0.00 | epoch: 1 pq: 25 rg: 36 | total time: 70.55m | eta: 11.4m
step 02171/02520 (86.15%) | loss: 2.874625 | lrm: 0.25 | dt: 1976.45ms | tok/sec: 265,267 | bf16_mfu: 0.00 | epoch: 1 pq: 25 rg: 37 | total time: 70.58m | eta: 11.4m
step 02172/02520 (86.19%) | loss: 2.878859 | lrm: 0.25 | dt: 1976.81ms | tok/sec: 265,219 | bf16_mfu: 0.00 | epoch: 1 pq: 25 rg: 38 | total time: 70.62m | eta: 11.4m
step 02173/02520 (86.23%) | loss: 2.887764 | lrm: 0.25 | dt: 1978.20ms | tok/sec: 265,032 | bf16_mfu: 0.00 | epoch: 1 pq: 25 rg: 39 | total time: 70.65m | eta: 11.3m
step 02174/02520 (86.27%) | loss: 2.890436 | lrm: 0.25 | dt: 1978.76ms | tok/sec: 264,958 | bf16_mfu: 0.00 | epoch: 1 pq: 25 rg: 40 | total time: 70.68m | eta: 11.3m
step 02175/02520 (86.31%) | loss: 2.894083 | lrm: 0.25 | dt: 1975.60ms | tok/sec: 265,381 | bf16_mfu: 0.00 | epoch: 1 pq: 25 rg: 41 | total time: 70.72m | eta: 11.3m
step 02176/02520 (86.35%) | loss: 2.884101 | lrm: 0.25 | dt: 1981.64ms | tok/sec: 264,573 | bf16_mfu: 0.00 | epoch: 1 pq: 25 rg: 42 | total time: 70.75m | eta: 11.2m
step 02177/02520 (86.39%) | loss: 2.870170 | lrm: 0.25 | dt: 1981.38ms | tok/sec: 264,607 | bf16_mfu: 0.00 | epoch: 1 pq: 25 rg: 43 | total time: 70.78m | eta: 11.2m
step 02178/02520 (86.43%) | loss: 2.872808 | lrm: 0.25 | dt: 1977.93ms | tok/sec: 265,068 | bf16_mfu: 0.00 | epoch: 1 pq: 25 rg: 44 | total time: 70.81m | eta: 11.2m
step 02179/02520 (86.47%) | loss: 2.875620 | lrm: 0.25 | dt: 1976.82ms | tok/sec: 265,217 | bf16_mfu: 0.00 | epoch: 1 pq: 25 rg: 45 | total time: 70.85m | eta: 11.1m
step 02180/02520 (86.51%) | loss: 2.879002 | lrm: 0.25 | dt: 1977.30ms | tok/sec: 265,154 | bf16_mfu: 0.00 | epoch: 1 pq: 25 rg: 46 | total time: 70.88m | eta: 11.1m
step 02181/02520 (86.55%) | loss: 2.881012 | lrm: 0.25 | dt: 1976.87ms | tok/sec: 265,210 | bf16_mfu: 0.00 | epoch: 1 pq: 25 rg: 47 | total time: 70.91m | eta: 11.1m
step 02182/02520 (86.59%) | loss: 2.876729 | lrm: 0.25 | dt: 1977.45ms | tok/sec: 265,133 | bf16_mfu: 0.00 | epoch: 1 pq: 25 rg: 48 | total time: 70.95m | eta: 11.0m
step 02183/02520 (86.63%) | loss: 2.883225 | lrm: 0.25 | dt: 1978.63ms | tok/sec: 264,975 | bf16_mfu: 0.00 | epoch: 1 pq: 25 rg: 49 | total time: 70.98m | eta: 11.0m
step 02184/02520 (86.67%) | loss: 2.880483 | lrm: 0.24 | dt: 1978.00ms | tok/sec: 265,060 | bf16_mfu: 0.00 | epoch: 1 pq: 25 rg: 50 | total time: 71.01m | eta: 11.0m
step 02185/02520 (86.71%) | loss: 2.883701 | lrm: 0.24 | dt: 1976.70ms | tok/sec: 265,233 | bf16_mfu: 0.00 | epoch: 1 pq: 25 rg: 51 | total time: 71.05m | eta: 10.9m
step 02186/02520 (86.75%) | loss: 2.871985 | lrm: 0.24 | dt: 1979.55ms | tok/sec: 264,852 | bf16_mfu: 0.00 | epoch: 1 pq: 25 rg: 52 | total time: 71.08m | eta: 10.9m
step 02187/02520 (86.79%) | loss: 2.862398 | lrm: 0.24 | dt: 1979.80ms | tok/sec: 264,819 | bf16_mfu: 0.00 | epoch: 1 pq: 25 rg: 53 | total time: 71.11m | eta: 10.9m
step 02188/02520 (86.83%) | loss: 2.856805 | lrm: 0.24 | dt: 1977.54ms | tok/sec: 265,120 | bf16_mfu: 0.00 | epoch: 1 pq: 25 rg: 54 | total time: 71.14m | eta: 10.8m
step 02189/02520 (86.87%) | loss: 2.853812 | lrm: 0.24 | dt: 1978.05ms | tok/sec: 265,053 | bf16_mfu: 0.00 | epoch: 1 pq: 25 rg: 55 | total time: 71.18m | eta: 10.8m
step 02190/02520 (86.90%) | loss: 2.863977 | lrm: 0.24 | dt: 1978.07ms | tok/sec: 265,050 | bf16_mfu: 0.00 | epoch: 1 pq: 25 rg: 56 | total time: 71.21m | eta: 10.8m
step 02191/02520 (86.94%) | loss: 2.868547 | lrm: 0.24 | dt: 1978.62ms | tok/sec: 264,976 | bf16_mfu: 0.00 | epoch: 1 pq: 25 rg: 57 | total time: 71.24m | eta: 10.7m
step 02192/02520 (86.98%) | loss: 2.871483 | lrm: 0.24 | dt: 1978.81ms | tok/sec: 264,950 | bf16_mfu: 0.00 | epoch: 1 pq: 25 rg: 58 | total time: 71.28m | eta: 10.7m
step 02193/02520 (87.02%) | loss: 2.877748 | lrm: 0.24 | dt: 1979.11ms | tok/sec: 264,910 | bf16_mfu: 0.00 | epoch: 1 pq: 25 rg: 59 | total time: 71.31m | eta: 10.7m
step 02194/02520 (87.06%) | loss: 2.879150 | lrm: 0.24 | dt: 1975.78ms | tok/sec: 265,357 | bf16_mfu: 0.00 | epoch: 1 pq: 25 rg: 60 | total time: 71.34m | eta: 10.6m
step 02195/02520 (87.10%) | loss: 2.883208 | lrm: 0.24 | dt: 1976.61ms | tok/sec: 265,245 | bf16_mfu: 0.00 | epoch: 1 pq: 25 rg: 61 | total time: 71.38m | eta: 10.6m
step 02196/02520 (87.14%) | loss: 2.877990 | lrm: 0.24 | dt: 1979.44ms | tok/sec: 264,867 | bf16_mfu: 0.00 | epoch: 1 pq: 25 rg: 62 | total time: 71.41m | eta: 10.6m
step 02197/02520 (87.18%) | loss: 2.876367 | lrm: 0.24 | dt: 1979.00ms | tok/sec: 264,925 | bf16_mfu: 0.00 | epoch: 1 pq: 25 rg: 63 | total time: 71.44m | eta: 10.6m
step 02198/02520 (87.22%) | loss: 2.881736 | lrm: 0.24 | dt: 1979.12ms | tok/sec: 264,909 | bf16_mfu: 0.00 | epoch: 1 pq: 25 rg: 64 | total time: 71.47m | eta: 10.5m
step 02199/02520 (87.26%) | loss: 2.883044 | lrm: 0.24 | dt: 1976.74ms | tok/sec: 265,228 | bf16_mfu: 0.00 | epoch: 1 pq: 25 rg: 65 | total time: 71.51m | eta: 10.5m
step 02200/02520 (87.30%) | loss: 2.892672 | lrm: 0.24 | dt: 1979.22ms | tok/sec: 264,896 | bf16_mfu: 0.00 | epoch: 1 pq: 25 rg: 66 | total time: 71.54m | eta: 10.5m
step 02201/02520 (87.34%) | loss: 2.897125 | lrm: 0.24 | dt: 1976.85ms | tok/sec: 265,213 | bf16_mfu: 0.00 | epoch: 1 pq: 25 rg: 66 | total time: 71.57m | eta: 10.4m
step 02202/02520 (87.38%) | loss: 2.899994 | lrm: 0.23 | dt: 1976.67ms | tok/sec: 265,237 | bf16_mfu: 0.00 | epoch: 1 pq: 25 rg: 67 | total time: 71.61m | eta: 10.4m
step 02203/02520 (87.42%) | loss: 2.903917 | lrm: 0.23 | dt: 1978.42ms | tok/sec: 265,003 | bf16_mfu: 0.00 | epoch: 1 pq: 25 rg: 68 | total time: 71.64m | eta: 10.4m
step 02204/02520 (87.46%) | loss: 2.902961 | lrm: 0.23 | dt: 1973.75ms | tok/sec: 265,630 | bf16_mfu: 0.00 | epoch: 1 pq: 25 rg: 69 | total time: 71.67m | eta: 10.3m
step 02205/02520 (87.50%) | loss: 2.910038 | lrm: 0.23 | dt: 1976.16ms | tok/sec: 265,306 | bf16_mfu: 0.00 | epoch: 1 pq: 25 rg: 70 | total time: 71.70m | eta: 10.3m
step 02206/02520 (87.54%) | loss: 2.900886 | lrm: 0.23 | dt: 1976.91ms | tok/sec: 265,206 | bf16_mfu: 0.00 | epoch: 1 pq: 25 rg: 71 | total time: 71.74m | eta: 10.3m
step 02207/02520 (87.58%) | loss: 2.898419 | lrm: 0.23 | dt: 1977.03ms | tok/sec: 265,189 | bf16_mfu: 0.00 | epoch: 1 pq: 25 rg: 72 | total time: 71.77m | eta: 10.2m
step 02208/02520 (87.62%) | loss: 2.896509 | lrm: 0.23 | dt: 1978.46ms | tok/sec: 264,998 | bf16_mfu: 0.00 | epoch: 1 pq: 25 rg: 73 | total time: 71.80m | eta: 10.2m
step 02209/02520 (87.66%) | loss: 2.901539 | lrm: 0.23 | dt: 1978.01ms | tok/sec: 265,058 | bf16_mfu: 0.00 | epoch: 1 pq: 25 rg: 74 | total time: 71.84m | eta: 10.2m
step 02210/02520 (87.70%) | loss: 2.902850 | lrm: 0.23 | dt: 1979.01ms | tok/sec: 264,923 | bf16_mfu: 0.00 | epoch: 1 pq: 25 rg: 75 | total time: 71.87m | eta: 10.1m
step 02211/02520 (87.74%) | loss: 2.903220 | lrm: 0.23 | dt: 1976.70ms | tok/sec: 265,233 | bf16_mfu: 0.00 | epoch: 1 pq: 25 rg: 76 | total time: 71.90m | eta: 10.1m
step 02212/02520 (87.78%) | loss: 2.907907 | lrm: 0.23 | dt: 1977.16ms | tok/sec: 265,172 | bf16_mfu: 0.00 | epoch: 1 pq: 25 rg: 77 | total time: 71.94m | eta: 10.1m
step 02213/02520 (87.82%) | loss: 2.904715 | lrm: 0.23 | dt: 1979.32ms | tok/sec: 264,883 | bf16_mfu: 0.00 | epoch: 1 pq: 25 rg: 78 | total time: 71.97m | eta: 10.0m
step 02214/02520 (87.86%) | loss: 2.899953 | lrm: 0.23 | dt: 1976.30ms | tok/sec: 265,287 | bf16_mfu: 0.00 | epoch: 1 pq: 25 rg: 79 | total time: 72.00m | eta: 10.0m
step 02215/02520 (87.90%) | loss: 2.900528 | lrm: 0.23 | dt: 1975.57ms | tok/sec: 265,385 | bf16_mfu: 0.00 | epoch: 1 pq: 25 rg: 80 | total time: 72.03m | eta: 10.0m
step 02216/02520 (87.94%) | loss: 2.894023 | lrm: 0.23 | dt: 1977.55ms | tok/sec: 265,120 | bf16_mfu: 0.00 | epoch: 1 pq: 25 rg: 81 | total time: 72.07m | eta: 9.9m
step 02217/02520 (87.98%) | loss: 2.897049 | lrm: 0.23 | dt: 1977.94ms | tok/sec: 265,067 | bf16_mfu: 0.00 | epoch: 1 pq: 25 rg: 82 | total time: 72.10m | eta: 9.9m
step 02218/02520 (88.02%) | loss: 2.886985 | lrm: 0.23 | dt: 1979.98ms | tok/sec: 264,794 | bf16_mfu: 0.00 | epoch: 1 pq: 26 rg: 0 | total time: 72.13m | eta: 9.9m
step 02219/02520 (88.06%) | loss: 2.874654 | lrm: 0.22 | dt: 1978.68ms | tok/sec: 264,968 | bf16_mfu: 0.00 | epoch: 1 pq: 26 rg: 1 | total time: 72.17m | eta: 9.8m
step 02220/02520 (88.10%) | loss: 2.875601 | lrm: 0.22 | dt: 1980.03ms | tok/sec: 264,787 | bf16_mfu: 0.00 | epoch: 1 pq: 26 rg: 2 | total time: 72.20m | eta: 9.8m
step 02221/02520 (88.13%) | loss: 2.877193 | lrm: 0.22 | dt: 1978.02ms | tok/sec: 265,057 | bf16_mfu: 0.00 | epoch: 1 pq: 26 rg: 3 | total time: 72.23m | eta: 9.8m
step 02222/02520 (88.17%) | loss: 2.873889 | lrm: 0.22 | dt: 1977.37ms | tok/sec: 265,144 | bf16_mfu: 0.00 | epoch: 1 pq: 26 rg: 4 | total time: 72.27m | eta: 9.7m
step 02223/02520 (88.21%) | loss: 2.866493 | lrm: 0.22 | dt: 1978.70ms | tok/sec: 264,966 | bf16_mfu: 0.00 | epoch: 1 pq: 26 rg: 5 | total time: 72.30m | eta: 9.7m
step 02224/02520 (88.25%) | loss: 2.864143 | lrm: 0.22 | dt: 1976.91ms | tok/sec: 265,206 | bf16_mfu: 0.00 | epoch: 1 pq: 26 rg: 6 | total time: 72.33m | eta: 9.7m
step 02225/02520 (88.29%) | loss: 2.870721 | lrm: 0.22 | dt: 1980.36ms | tok/sec: 264,743 | bf16_mfu: 0.00 | epoch: 1 pq: 26 rg: 7 | total time: 72.36m | eta: 9.6m
step 02226/02520 (88.33%) | loss: 2.860356 | lrm: 0.22 | dt: 1977.01ms | tok/sec: 265,192 | bf16_mfu: 0.00 | epoch: 1 pq: 26 rg: 8 | total time: 72.40m | eta: 9.6m
step 02227/02520 (88.37%) | loss: 2.848562 | lrm: 0.22 | dt: 1978.31ms | tok/sec: 265,017 | bf16_mfu: 0.00 | epoch: 1 pq: 26 rg: 9 | total time: 72.43m | eta: 9.6m
step 02228/02520 (88.41%) | loss: 2.850401 | lrm: 0.22 | dt: 1980.97ms | tok/sec: 264,662 | bf16_mfu: 0.00 | epoch: 1 pq: 26 rg: 10 | total time: 72.46m | eta: 9.5m
step 02229/02520 (88.45%) | loss: 2.860523 | lrm: 0.22 | dt: 1979.21ms | tok/sec: 264,897 | bf16_mfu: 0.00 | epoch: 1 pq: 26 rg: 11 | total time: 72.50m | eta: 9.5m
step 02230/02520 (88.49%) | loss: 2.853412 | lrm: 0.22 | dt: 1979.94ms | tok/sec: 264,800 | bf16_mfu: 0.00 | epoch: 1 pq: 26 rg: 12 | total time: 72.53m | eta: 9.5m
step 02231/02520 (88.53%) | loss: 2.852489 | lrm: 0.22 | dt: 1978.81ms | tok/sec: 264,950 | bf16_mfu: 0.00 | epoch: 1 pq: 26 rg: 13 | total time: 72.56m | eta: 9.4m
step 02232/02520 (88.57%) | loss: 2.844763 | lrm: 0.22 | dt: 1977.91ms | tok/sec: 265,071 | bf16_mfu: 0.00 | epoch: 1 pq: 26 rg: 14 | total time: 72.60m | eta: 9.4m
step 02233/02520 (88.61%) | loss: 2.835634 | lrm: 0.22 | dt: 1979.56ms | tok/sec: 264,851 | bf16_mfu: 0.00 | epoch: 1 pq: 26 rg: 14 | total time: 72.63m | eta: 9.4m
step 02234/02520 (88.65%) | loss: 2.837809 | lrm: 0.22 | dt: 1977.26ms | tok/sec: 265,159 | bf16_mfu: 0.00 | epoch: 1 pq: 26 rg: 15 | total time: 72.66m | eta: 9.3m
step 02235/02520 (88.69%) | loss: 2.836186 | lrm: 0.22 | dt: 1977.04ms | tok/sec: 265,188 | bf16_mfu: 0.00 | epoch: 1 pq: 26 rg: 16 | total time: 72.69m | eta: 9.3m
step 02236/02520 (88.73%) | loss: 2.832125 | lrm: 0.21 | dt: 1976.29ms | tok/sec: 265,288 | bf16_mfu: 0.00 | epoch: 1 pq: 26 rg: 17 | total time: 72.73m | eta: 9.3m
step 02237/02520 (88.77%) | loss: 2.829278 | lrm: 0.21 | dt: 1980.08ms | tok/sec: 264,781 | bf16_mfu: 0.00 | epoch: 1 pq: 26 rg: 18 | total time: 72.76m | eta: 9.2m
step 02238/02520 (88.81%) | loss: 2.840060 | lrm: 0.21 | dt: 1981.71ms | tok/sec: 264,563 | bf16_mfu: 0.00 | epoch: 1 pq: 26 rg: 19 | total time: 72.79m | eta: 9.2m
step 02239/02520 (88.85%) | loss: 2.842088 | lrm: 0.21 | dt: 1982.49ms | tok/sec: 264,459 | bf16_mfu: 0.00 | epoch: 1 pq: 26 rg: 20 | total time: 72.83m | eta: 9.2m
step 02240/02520 (88.89%) | loss: 2.846513 | lrm: 0.21 | dt: 1979.65ms | tok/sec: 264,838 | bf16_mfu: 0.00 | epoch: 1 pq: 26 rg: 21 | total time: 72.86m | eta: 9.1m
step 02241/02520 (88.93%) | loss: 2.848723 | lrm: 0.21 | dt: 1977.84ms | tok/sec: 265,080 | bf16_mfu: 0.00 | epoch: 1 pq: 26 rg: 22 | total time: 72.89m | eta: 9.1m
step 02242/02520 (88.97%) | loss: 2.848543 | lrm: 0.21 | dt: 1979.60ms | tok/sec: 264,844 | bf16_mfu: 0.00 | epoch: 1 pq: 26 rg: 23 | total time: 72.93m | eta: 9.1m
step 02243/02520 (89.01%) | loss: 2.839878 | lrm: 0.21 | dt: 1980.11ms | tok/sec: 264,776 | bf16_mfu: 0.00 | epoch: 1 pq: 26 rg: 24 | total time: 72.96m | eta: 9.1m
step 02244/02520 (89.05%) | loss: 2.840138 | lrm: 0.21 | dt: 1976.70ms | tok/sec: 265,233 | bf16_mfu: 0.00 | epoch: 1 pq: 26 rg: 25 | total time: 72.99m | eta: 9.0m
step 02245/02520 (89.09%) | loss: 2.833243 | lrm: 0.21 | dt: 1977.41ms | tok/sec: 265,138 | bf16_mfu: 0.00 | epoch: 1 pq: 26 rg: 26 | total time: 73.02m | eta: 9.0m
step 02246/02520 (89.13%) | loss: 2.838098 | lrm: 0.21 | dt: 1979.13ms | tok/sec: 264,907 | bf16_mfu: 0.00 | epoch: 1 pq: 26 rg: 27 | total time: 73.06m | eta: 9.0m
step 02247/02520 (89.17%) | loss: 2.848646 | lrm: 0.21 | dt: 1979.75ms | tok/sec: 264,824 | bf16_mfu: 0.00 | epoch: 1 pq: 26 rg: 28 | total time: 73.09m | eta: 8.9m
step 02248/02520 (89.21%) | loss: 2.858248 | lrm: 0.21 | dt: 1982.00ms | tok/sec: 264,525 | bf16_mfu: 0.00 | epoch: 1 pq: 26 rg: 29 | total time: 73.12m | eta: 8.9m
step 02249/02520 (89.25%) | loss: 2.872497 | lrm: 0.21 | dt: 1979.89ms | tok/sec: 264,806 | bf16_mfu: 0.00 | epoch: 1 pq: 26 rg: 30 | total time: 73.16m | eta: 8.9m
Step 02250 | Validation bpb: 0.871242
step 02250/02520 (89.29%) | loss: 2.862810 | lrm: 0.21 | dt: 1966.90ms | tok/sec: 266,555 | bf16_mfu: 0.00 | epoch: 1 pq: 26 rg: 31 | total time: 73.19m | eta: 8.8m
step 02251/02520 (89.33%) | loss: 2.857382 | lrm: 0.21 | dt: 1970.01ms | tok/sec: 266,134 | bf16_mfu: 0.00 | epoch: 1 pq: 26 rg: 32 | total time: 73.22m | eta: 8.8m
step 02252/02520 (89.37%) | loss: 2.848591 | lrm: 0.21 | dt: 1967.88ms | tok/sec: 266,422 | bf16_mfu: 0.00 | epoch: 1 pq: 26 rg: 33 | total time: 73.25m | eta: 8.8m
step 02253/02520 (89.40%) | loss: 2.844803 | lrm: 0.20 | dt: 1969.36ms | tok/sec: 266,222 | bf16_mfu: 0.00 | epoch: 1 pq: 26 rg: 34 | total time: 73.29m | eta: 8.7m
step 02254/02520 (89.44%) | loss: 2.838360 | lrm: 0.20 | dt: 1972.90ms | tok/sec: 265,745 | bf16_mfu: 0.00 | epoch: 1 pq: 26 rg: 35 | total time: 73.32m | eta: 8.7m
step 02255/02520 (89.48%) | loss: 2.836959 | lrm: 0.20 | dt: 1970.50ms | tok/sec: 266,068 | bf16_mfu: 0.00 | epoch: 1 pq: 26 rg: 36 | total time: 73.35m | eta: 8.7m
step 02256/02520 (89.52%) | loss: 2.835327 | lrm: 0.20 | dt: 1971.52ms | tok/sec: 265,930 | bf16_mfu: 0.00 | epoch: 1 pq: 26 rg: 37 | total time: 73.39m | eta: 8.6m
step 02257/02520 (89.56%) | loss: 2.840112 | lrm: 0.20 | dt: 1976.68ms | tok/sec: 265,236 | bf16_mfu: 0.00 | epoch: 1 pq: 26 rg: 38 | total time: 73.42m | eta: 8.6m
step 02258/02520 (89.60%) | loss: 2.847874 | lrm: 0.20 | dt: 1989.19ms | tok/sec: 263,568 | bf16_mfu: 0.00 | epoch: 1 pq: 26 rg: 39 | total time: 73.45m | eta: 8.6m
step 02259/02520 (89.64%) | loss: 2.839855 | lrm: 0.20 | dt: 1983.55ms | tok/sec: 264,317 | bf16_mfu: 0.00 | epoch: 1 pq: 26 rg: 40 | total time: 73.48m | eta: 8.5m
step 02260/02520 (89.68%) | loss: 2.839830 | lrm: 0.20 | dt: 1959.29ms | tok/sec: 267,590 | bf16_mfu: 0.00 | epoch: 1 pq: 26 rg: 41 | total time: 73.52m | eta: 8.5m
step 02261/02520 (89.72%) | loss: 2.836247 | lrm: 0.20 | dt: 1966.39ms | tok/sec: 266,624 | bf16_mfu: 0.00 | epoch: 1 pq: 26 rg: 42 | total time: 73.55m | eta: 8.5m
step 02262/02520 (89.76%) | loss: 2.840682 | lrm: 0.20 | dt: 1962.28ms | tok/sec: 267,183 | bf16_mfu: 0.00 | epoch: 1 pq: 26 rg: 43 | total time: 73.58m | eta: 8.4m
step 02263/02520 (89.80%) | loss: 2.843021 | lrm: 0.20 | dt: 1961.60ms | tok/sec: 267,276 | bf16_mfu: 0.00 | epoch: 1 pq: 26 rg: 44 | total time: 73.62m | eta: 8.4m
step 02264/02520 (89.84%) | loss: 2.850325 | lrm: 0.20 | dt: 1962.65ms | tok/sec: 267,133 | bf16_mfu: 0.00 | epoch: 1 pq: 26 rg: 45 | total time: 73.65m | eta: 8.4m
step 02265/02520 (89.88%) | loss: 2.859828 | lrm: 0.20 | dt: 1962.70ms | tok/sec: 267,125 | bf16_mfu: 0.00 | epoch: 1 pq: 26 rg: 46 | total time: 73.68m | eta: 8.3m
step 02266/02520 (89.92%) | loss: 2.871509 | lrm: 0.20 | dt: 1962.32ms | tok/sec: 267,177 | bf16_mfu: 0.00 | epoch: 1 pq: 26 rg: 47 | total time: 73.71m | eta: 8.3m
step 02267/02520 (89.96%) | loss: 2.859213 | lrm: 0.20 | dt: 1962.78ms | tok/sec: 267,114 | bf16_mfu: 0.00 | epoch: 1 pq: 26 rg: 48 | total time: 73.75m | eta: 8.3m
step 02268/02520 (90.00%) | loss: 2.863374 | lrm: 0.20 | dt: 1962.66ms | tok/sec: 267,131 | bf16_mfu: 0.00 | epoch: 1 pq: 26 rg: 49 | total time: 73.78m | eta: 8.2m
step 02269/02520 (90.04%) | loss: 2.864231 | lrm: 0.20 | dt: 1963.43ms | tok/sec: 267,026 | bf16_mfu: 0.00 | epoch: 1 pq: 26 rg: 49 | total time: 73.81m | eta: 8.2m
step 02270/02520 (90.08%) | loss: 2.864775 | lrm: 0.19 | dt: 1963.33ms | tok/sec: 267,040 | bf16_mfu: 0.00 | epoch: 1 pq: 26 rg: 50 | total time: 73.84m | eta: 8.2m
step 02271/02520 (90.12%) | loss: 2.869448 | lrm: 0.19 | dt: 1964.99ms | tok/sec: 266,814 | bf16_mfu: 0.00 | epoch: 1 pq: 26 rg: 51 | total time: 73.88m | eta: 8.1m
step 02272/02520 (90.16%) | loss: 2.874739 | lrm: 0.19 | dt: 1965.20ms | tok/sec: 266,785 | bf16_mfu: 0.00 | epoch: 1 pq: 26 rg: 52 | total time: 73.91m | eta: 8.1m
step 02273/02520 (90.20%) | loss: 2.876839 | lrm: 0.19 | dt: 1965.31ms | tok/sec: 266,770 | bf16_mfu: 0.00 | epoch: 1 pq: 26 rg: 53 | total time: 73.94m | eta: 8.1m
step 02274/02520 (90.24%) | loss: 2.873266 | lrm: 0.19 | dt: 1978.06ms | tok/sec: 265,052 | bf16_mfu: 0.00 | epoch: 1 pq: 26 rg: 54 | total time: 73.98m | eta: 8.0m
step 02275/02520 (90.28%) | loss: 2.879664 | lrm: 0.19 | dt: 1961.59ms | tok/sec: 267,277 | bf16_mfu: 0.00 | epoch: 1 pq: 26 rg: 55 | total time: 74.01m | eta: 8.0m
step 02276/02520 (90.32%) | loss: 2.870014 | lrm: 0.19 | dt: 1960.96ms | tok/sec: 267,363 | bf16_mfu: 0.00 | epoch: 1 pq: 26 rg: 56 | total time: 74.04m | eta: 8.0m
step 02277/02520 (90.36%) | loss: 2.874857 | lrm: 0.19 | dt: 1949.61ms | tok/sec: 268,918 | bf16_mfu: 0.00 | epoch: 1 pq: 26 rg: 57 | total time: 74.07m | eta: 7.9m
step 02278/02520 (90.40%) | loss: 2.875144 | lrm: 0.19 | dt: 1947.68ms | tok/sec: 269,185 | bf16_mfu: 0.00 | epoch: 1 pq: 26 rg: 58 | total time: 74.11m | eta: 7.9m
step 02279/02520 (90.44%) | loss: 2.849469 | lrm: 0.19 | dt: 1947.85ms | tok/sec: 269,162 | bf16_mfu: 0.00 | epoch: 1 pq: 26 rg: 59 | total time: 74.14m | eta: 7.9m
step 02280/02520 (90.48%) | loss: 2.839651 | lrm: 0.19 | dt: 1948.57ms | tok/sec: 269,063 | bf16_mfu: 0.00 | epoch: 1 pq: 26 rg: 60 | total time: 74.17m | eta: 7.8m
step 02281/02520 (90.52%) | loss: 2.842143 | lrm: 0.19 | dt: 1947.61ms | tok/sec: 269,195 | bf16_mfu: 0.00 | epoch: 1 pq: 26 rg: 61 | total time: 74.20m | eta: 7.8m
step 02282/02520 (90.56%) | loss: 2.846571 | lrm: 0.19 | dt: 1949.04ms | tok/sec: 268,997 | bf16_mfu: 0.00 | epoch: 1 pq: 26 rg: 62 | total time: 74.24m | eta: 7.8m
step 02283/02520 (90.60%) | loss: 2.843018 | lrm: 0.19 | dt: 1949.71ms | tok/sec: 268,905 | bf16_mfu: 0.00 | epoch: 1 pq: 26 rg: 63 | total time: 74.27m | eta: 7.7m
step 02284/02520 (90.63%) | loss: 2.835126 | lrm: 0.19 | dt: 1949.94ms | tok/sec: 268,874 | bf16_mfu: 0.00 | epoch: 1 pq: 26 rg: 64 | total time: 74.30m | eta: 7.7m
step 02285/02520 (90.67%) | loss: 2.831486 | lrm: 0.19 | dt: 1948.63ms | tok/sec: 269,054 | bf16_mfu: 0.00 | epoch: 1 pq: 26 rg: 65 | total time: 74.33m | eta: 7.7m
step 02286/02520 (90.71%) | loss: 2.849035 | lrm: 0.19 | dt: 1949.02ms | tok/sec: 269,000 | bf16_mfu: 0.00 | epoch: 1 pq: 26 rg: 66 | total time: 74.37m | eta: 7.6m
step 02287/02520 (90.75%) | loss: 2.858565 | lrm: 0.19 | dt: 1952.58ms | tok/sec: 268,510 | bf16_mfu: 0.00 | epoch: 1 pq: 26 rg: 67 | total time: 74.40m | eta: 7.6m
step 02288/02520 (90.79%) | loss: 2.857452 | lrm: 0.18 | dt: 1949.57ms | tok/sec: 268,924 | bf16_mfu: 0.00 | epoch: 1 pq: 26 rg: 68 | total time: 74.43m | eta: 7.6m
step 02289/02520 (90.83%) | loss: 2.863673 | lrm: 0.18 | dt: 1950.41ms | tok/sec: 268,808 | bf16_mfu: 0.00 | epoch: 1 pq: 26 rg: 69 | total time: 74.46m | eta: 7.5m
step 02290/02520 (90.87%) | loss: 2.860569 | lrm: 0.18 | dt: 1948.81ms | tok/sec: 269,029 | bf16_mfu: 0.00 | epoch: 1 pq: 26 rg: 70 | total time: 74.50m | eta: 7.5m
step 02291/02520 (90.91%) | loss: 2.866676 | lrm: 0.18 | dt: 1949.89ms | tok/sec: 268,881 | bf16_mfu: 0.00 | epoch: 1 pq: 26 rg: 71 | total time: 74.53m | eta: 7.5m
step 02292/02520 (90.95%) | loss: 2.868963 | lrm: 0.18 | dt: 1949.64ms | tok/sec: 268,915 | bf16_mfu: 0.00 | epoch: 1 pq: 26 rg: 72 | total time: 74.56m | eta: 7.4m
step 02293/02520 (90.99%) | loss: 2.879349 | lrm: 0.18 | dt: 1949.43ms | tok/sec: 268,943 | bf16_mfu: 0.00 | epoch: 1 pq: 26 rg: 73 | total time: 74.59m | eta: 7.4m
step 02294/02520 (91.03%) | loss: 2.871241 | lrm: 0.18 | dt: 1949.90ms | tok/sec: 268,879 | bf16_mfu: 0.00 | epoch: 1 pq: 26 rg: 74 | total time: 74.63m | eta: 7.4m
step 02295/02520 (91.07%) | loss: 2.863779 | lrm: 0.18 | dt: 1951.17ms | tok/sec: 268,703 | bf16_mfu: 0.00 | epoch: 1 pq: 26 rg: 75 | total time: 74.66m | eta: 7.4m
step 02296/02520 (91.11%) | loss: 2.870808 | lrm: 0.18 | dt: 1951.23ms | tok/sec: 268,696 | bf16_mfu: 0.00 | epoch: 1 pq: 26 rg: 76 | total time: 74.69m | eta: 7.3m
step 02297/02520 (91.15%) | loss: 2.886201 | lrm: 0.18 | dt: 1951.62ms | tok/sec: 268,642 | bf16_mfu: 0.00 | epoch: 1 pq: 26 rg: 77 | total time: 74.72m | eta: 7.3m
step 02298/02520 (91.19%) | loss: 2.879806 | lrm: 0.18 | dt: 1951.52ms | tok/sec: 268,656 | bf16_mfu: 0.00 | epoch: 1 pq: 26 rg: 78 | total time: 74.76m | eta: 7.3m
step 02299/02520 (91.23%) | loss: 2.868036 | lrm: 0.18 | dt: 1949.91ms | tok/sec: 268,878 | bf16_mfu: 0.00 | epoch: 1 pq: 26 rg: 79 | total time: 74.79m | eta: 7.2m
step 02300/02520 (91.27%) | loss: 2.870565 | lrm: 0.18 | dt: 1950.69ms | tok/sec: 268,770 | bf16_mfu: 0.00 | epoch: 1 pq: 26 rg: 80 | total time: 74.82m | eta: 7.2m
step 02301/02520 (91.31%) | loss: 2.873309 | lrm: 0.18 | dt: 1951.30ms | tok/sec: 268,685 | bf16_mfu: 0.00 | epoch: 1 pq: 26 rg: 80 | total time: 74.85m | eta: 7.2m
step 02302/02520 (91.35%) | loss: 2.867382 | lrm: 0.18 | dt: 1950.13ms | tok/sec: 268,847 | bf16_mfu: 0.00 | epoch: 1 pq: 26 rg: 81 | total time: 74.89m | eta: 7.1m
step 02303/02520 (91.39%) | loss: 2.863353 | lrm: 0.18 | dt: 1949.10ms | tok/sec: 268,989 | bf16_mfu: 0.00 | epoch: 1 pq: 26 rg: 82 | total time: 74.92m | eta: 7.1m
step 02304/02520 (91.43%) | loss: 2.864384 | lrm: 0.18 | dt: 1949.65ms | tok/sec: 268,914 | bf16_mfu: 0.00 | epoch: 1 pq: 27 rg: 0 | total time: 74.95m | eta: 7.1m
step 02305/02520 (91.47%) | loss: 2.857514 | lrm: 0.17 | dt: 1949.14ms | tok/sec: 268,984 | bf16_mfu: 0.00 | epoch: 1 pq: 27 rg: 1 | total time: 74.98m | eta: 7.0m
step 02306/02520 (91.51%) | loss: 2.859226 | lrm: 0.17 | dt: 1949.22ms | tok/sec: 268,973 | bf16_mfu: 0.00 | epoch: 1 pq: 27 rg: 2 | total time: 75.02m | eta: 7.0m
step 02307/02520 (91.55%) | loss: 2.862746 | lrm: 0.17 | dt: 1948.72ms | tok/sec: 269,042 | bf16_mfu: 0.00 | epoch: 1 pq: 27 rg: 3 | total time: 75.05m | eta: 7.0m
step 02308/02520 (91.59%) | loss: 2.860146 | lrm: 0.17 | dt: 1948.78ms | tok/sec: 269,033 | bf16_mfu: 0.00 | epoch: 1 pq: 27 rg: 4 | total time: 75.08m | eta: 6.9m
step 02309/02520 (91.63%) | loss: 2.863707 | lrm: 0.17 | dt: 1950.38ms | tok/sec: 268,812 | bf16_mfu: 0.00 | epoch: 1 pq: 27 rg: 5 | total time: 75.11m | eta: 6.9m
step 02310/02520 (91.67%) | loss: 2.870288 | lrm: 0.17 | dt: 1949.25ms | tok/sec: 268,968 | bf16_mfu: 0.00 | epoch: 1 pq: 27 rg: 6 | total time: 75.15m | eta: 6.9m
step 02311/02520 (91.71%) | loss: 2.871901 | lrm: 0.17 | dt: 1950.65ms | tok/sec: 268,775 | bf16_mfu: 0.00 | epoch: 1 pq: 27 rg: 7 | total time: 75.18m | eta: 6.8m
step 02312/02520 (91.75%) | loss: 2.856616 | lrm: 0.17 | dt: 1951.06ms | tok/sec: 268,719 | bf16_mfu: 0.00 | epoch: 1 pq: 27 rg: 8 | total time: 75.21m | eta: 6.8m
step 02313/02520 (91.79%) | loss: 2.852316 | lrm: 0.17 | dt: 1948.92ms | tok/sec: 269,014 | bf16_mfu: 0.00 | epoch: 1 pq: 27 rg: 9 | total time: 75.24m | eta: 6.8m
step 02314/02520 (91.83%) | loss: 2.859981 | lrm: 0.17 | dt: 1950.20ms | tok/sec: 268,838 | bf16_mfu: 0.00 | epoch: 1 pq: 27 rg: 10 | total time: 75.28m | eta: 6.7m
step 02315/02520 (91.87%) | loss: 2.854456 | lrm: 0.17 | dt: 1950.22ms | tok/sec: 268,835 | bf16_mfu: 0.00 | epoch: 1 pq: 27 rg: 11 | total time: 75.31m | eta: 6.7m
step 02316/02520 (91.90%) | loss: 2.858579 | lrm: 0.17 | dt: 1950.46ms | tok/sec: 268,802 | bf16_mfu: 0.00 | epoch: 1 pq: 27 rg: 12 | total time: 75.34m | eta: 6.7m
step 02317/02520 (91.94%) | loss: 2.844209 | lrm: 0.17 | dt: 1950.93ms | tok/sec: 268,737 | bf16_mfu: 0.00 | epoch: 1 pq: 27 rg: 13 | total time: 75.37m | eta: 6.6m
step 02318/02520 (91.98%) | loss: 2.839843 | lrm: 0.17 | dt: 1950.68ms | tok/sec: 268,771 | bf16_mfu: 0.00 | epoch: 1 pq: 27 rg: 14 | total time: 75.41m | eta: 6.6m
step 02319/02520 (92.02%) | loss: 2.838723 | lrm: 0.17 | dt: 1950.62ms | tok/sec: 268,780 | bf16_mfu: 0.00 | epoch: 1 pq: 27 rg: 15 | total time: 75.44m | eta: 6.6m
step 02320/02520 (92.06%) | loss: 2.840871 | lrm: 0.17 | dt: 1950.38ms | tok/sec: 268,813 | bf16_mfu: 0.00 | epoch: 1 pq: 27 rg: 16 | total time: 75.47m | eta: 6.5m
step 02321/02520 (92.10%) | loss: 2.839754 | lrm: 0.17 | dt: 1949.82ms | tok/sec: 268,890 | bf16_mfu: 0.00 | epoch: 1 pq: 27 rg: 17 | total time: 75.50m | eta: 6.5m
step 02322/02520 (92.14%) | loss: 2.846202 | lrm: 0.16 | dt: 1950.08ms | tok/sec: 268,854 | bf16_mfu: 0.00 | epoch: 1 pq: 27 rg: 18 | total time: 75.54m | eta: 6.5m
step 02323/02520 (92.18%) | loss: 2.846946 | lrm: 0.16 | dt: 1949.40ms | tok/sec: 268,948 | bf16_mfu: 0.00 | epoch: 1 pq: 27 rg: 19 | total time: 75.57m | eta: 6.4m
step 02324/02520 (92.22%) | loss: 2.850838 | lrm: 0.16 | dt: 1949.51ms | tok/sec: 268,933 | bf16_mfu: 0.00 | epoch: 1 pq: 27 rg: 20 | total time: 75.60m | eta: 6.4m
step 02325/02520 (92.26%) | loss: 2.849422 | lrm: 0.16 | dt: 1948.90ms | tok/sec: 269,016 | bf16_mfu: 0.00 | epoch: 1 pq: 27 rg: 21 | total time: 75.63m | eta: 6.4m
step 02326/02520 (92.30%) | loss: 2.839631 | lrm: 0.16 | dt: 1949.33ms | tok/sec: 268,957 | bf16_mfu: 0.00 | epoch: 1 pq: 27 rg: 22 | total time: 75.67m | eta: 6.3m
step 02327/02520 (92.34%) | loss: 2.846905 | lrm: 0.16 | dt: 1948.42ms | tok/sec: 269,084 | bf16_mfu: 0.00 | epoch: 1 pq: 27 rg: 23 | total time: 75.70m | eta: 6.3m
step 02328/02520 (92.38%) | loss: 2.856236 | lrm: 0.16 | dt: 1949.20ms | tok/sec: 268,975 | bf16_mfu: 0.00 | epoch: 1 pq: 27 rg: 24 | total time: 75.73m | eta: 6.3m
step 02329/02520 (92.42%) | loss: 2.852922 | lrm: 0.16 | dt: 1950.23ms | tok/sec: 268,833 | bf16_mfu: 0.00 | epoch: 1 pq: 27 rg: 25 | total time: 75.76m | eta: 6.2m
step 02330/02520 (92.46%) | loss: 2.847139 | lrm: 0.16 | dt: 1948.38ms | tok/sec: 269,089 | bf16_mfu: 0.00 | epoch: 1 pq: 27 rg: 26 | total time: 75.80m | eta: 6.2m
step 02331/02520 (92.50%) | loss: 2.849769 | lrm: 0.16 | dt: 1949.41ms | tok/sec: 268,946 | bf16_mfu: 0.00 | epoch: 1 pq: 27 rg: 26 | total time: 75.83m | eta: 6.2m
step 02332/02520 (92.54%) | loss: 2.847370 | lrm: 0.16 | dt: 1949.98ms | tok/sec: 268,869 | bf16_mfu: 0.00 | epoch: 1 pq: 27 rg: 27 | total time: 75.86m | eta: 6.1m
step 02333/02520 (92.58%) | loss: 2.836547 | lrm: 0.16 | dt: 1948.89ms | tok/sec: 269,019 | bf16_mfu: 0.00 | epoch: 1 pq: 27 rg: 28 | total time: 75.89m | eta: 6.1m
step 02334/02520 (92.62%) | loss: 2.826143 | lrm: 0.16 | dt: 1950.11ms | tok/sec: 268,850 | bf16_mfu: 0.00 | epoch: 1 pq: 27 rg: 29 | total time: 75.93m | eta: 6.1m
step 02335/02520 (92.66%) | loss: 2.833517 | lrm: 0.16 | dt: 1949.66ms | tok/sec: 268,912 | bf16_mfu: 0.00 | epoch: 1 pq: 27 rg: 30 | total time: 75.96m | eta: 6.0m
step 02336/02520 (92.70%) | loss: 2.834147 | lrm: 0.16 | dt: 1950.76ms | tok/sec: 268,761 | bf16_mfu: 0.00 | epoch: 1 pq: 27 rg: 31 | total time: 75.99m | eta: 6.0m
step 02337/02520 (92.74%) | loss: 2.832930 | lrm: 0.16 | dt: 1949.47ms | tok/sec: 268,938 | bf16_mfu: 0.00 | epoch: 1 pq: 27 rg: 32 | total time: 76.02m | eta: 6.0m
step 02338/02520 (92.78%) | loss: 2.837552 | lrm: 0.16 | dt: 1949.90ms | tok/sec: 268,879 | bf16_mfu: 0.00 | epoch: 1 pq: 27 rg: 33 | total time: 76.06m | eta: 5.9m
step 02339/02520 (92.82%) | loss: 2.832438 | lrm: 0.15 | dt: 1950.08ms | tok/sec: 268,854 | bf16_mfu: 0.00 | epoch: 1 pq: 27 rg: 34 | total time: 76.09m | eta: 5.9m
step 02340/02520 (92.86%) | loss: 2.835982 | lrm: 0.15 | dt: 1949.72ms | tok/sec: 268,904 | bf16_mfu: 0.00 | epoch: 1 pq: 27 rg: 35 | total time: 76.12m | eta: 5.9m
step 02341/02520 (92.90%) | loss: 2.837462 | lrm: 0.15 | dt: 1949.34ms | tok/sec: 268,956 | bf16_mfu: 0.00 | epoch: 1 pq: 27 rg: 36 | total time: 76.15m | eta: 5.8m
step 02342/02520 (92.94%) | loss: 2.847259 | lrm: 0.15 | dt: 1950.13ms | tok/sec: 268,847 | bf16_mfu: 0.00 | epoch: 1 pq: 27 rg: 37 | total time: 76.19m | eta: 5.8m
step 02343/02520 (92.98%) | loss: 2.847759 | lrm: 0.15 | dt: 1949.93ms | tok/sec: 268,875 | bf16_mfu: 0.00 | epoch: 1 pq: 27 rg: 38 | total time: 76.22m | eta: 5.8m
step 02344/02520 (93.02%) | loss: 2.840979 | lrm: 0.15 | dt: 1950.82ms | tok/sec: 268,753 | bf16_mfu: 0.00 | epoch: 1 pq: 27 rg: 39 | total time: 76.25m | eta: 5.7m
step 02345/02520 (93.06%) | loss: 2.846036 | lrm: 0.15 | dt: 1949.40ms | tok/sec: 268,948 | bf16_mfu: 0.00 | epoch: 1 pq: 27 rg: 40 | total time: 76.28m | eta: 5.7m
step 02346/02520 (93.10%) | loss: 2.852157 | lrm: 0.15 | dt: 1949.82ms | tok/sec: 268,890 | bf16_mfu: 0.00 | epoch: 1 pq: 27 rg: 41 | total time: 76.32m | eta: 5.7m
step 02347/02520 (93.13%) | loss: 2.865790 | lrm: 0.15 | dt: 1949.33ms | tok/sec: 268,958 | bf16_mfu: 0.00 | epoch: 1 pq: 27 rg: 42 | total time: 76.35m | eta: 5.7m
step 02348/02520 (93.17%) | loss: 2.852857 | lrm: 0.15 | dt: 1950.62ms | tok/sec: 268,780 | bf16_mfu: 0.00 | epoch: 1 pq: 27 rg: 43 | total time: 76.38m | eta: 5.6m
step 02349/02520 (93.21%) | loss: 2.853192 | lrm: 0.15 | dt: 1950.94ms | tok/sec: 268,736 | bf16_mfu: 0.00 | epoch: 1 pq: 27 rg: 44 | total time: 76.41m | eta: 5.6m
step 02350/02520 (93.25%) | loss: 2.848930 | lrm: 0.15 | dt: 1949.34ms | tok/sec: 268,957 | bf16_mfu: 0.00 | epoch: 1 pq: 27 rg: 45 | total time: 76.45m | eta: 5.6m
step 02351/02520 (93.29%) | loss: 2.850444 | lrm: 0.15 | dt: 1949.29ms | tok/sec: 268,963 | bf16_mfu: 0.00 | epoch: 1 pq: 27 rg: 46 | total time: 76.48m | eta: 5.5m
step 02352/02520 (93.33%) | loss: 2.849213 | lrm: 0.15 | dt: 1950.37ms | tok/sec: 268,814 | bf16_mfu: 0.00 | epoch: 1 pq: 27 rg: 47 | total time: 76.51m | eta: 5.5m
step 02353/02520 (93.37%) | loss: 2.846567 | lrm: 0.15 | dt: 1950.04ms | tok/sec: 268,860 | bf16_mfu: 0.00 | epoch: 1 pq: 27 rg: 48 | total time: 76.54m | eta: 5.5m
step 02354/02520 (93.41%) | loss: 2.846068 | lrm: 0.15 | dt: 1950.25ms | tok/sec: 268,830 | bf16_mfu: 0.00 | epoch: 1 pq: 27 rg: 49 | total time: 76.58m | eta: 5.4m
step 02355/02520 (93.45%) | loss: 2.841559 | lrm: 0.15 | dt: 1950.44ms | tok/sec: 268,805 | bf16_mfu: 0.00 | epoch: 1 pq: 27 rg: 50 | total time: 76.61m | eta: 5.4m
step 02356/02520 (93.49%) | loss: 2.840975 | lrm: 0.15 | dt: 1949.50ms | tok/sec: 268,934 | bf16_mfu: 0.00 | epoch: 1 pq: 27 rg: 51 | total time: 76.64m | eta: 5.4m
step 02357/02520 (93.53%) | loss: 2.854949 | lrm: 0.14 | dt: 1949.76ms | tok/sec: 268,898 | bf16_mfu: 0.00 | epoch: 1 pq: 27 rg: 52 | total time: 76.67m | eta: 5.3m
step 02358/02520 (93.57%) | loss: 2.846420 | lrm: 0.14 | dt: 1949.20ms | tok/sec: 268,976 | bf16_mfu: 0.00 | epoch: 1 pq: 27 rg: 53 | total time: 76.71m | eta: 5.3m
step 02359/02520 (93.61%) | loss: 2.841282 | lrm: 0.14 | dt: 1949.25ms | tok/sec: 268,969 | bf16_mfu: 0.00 | epoch: 1 pq: 27 rg: 54 | total time: 76.74m | eta: 5.3m
step 02360/02520 (93.65%) | loss: 2.841285 | lrm: 0.14 | dt: 1950.29ms | tok/sec: 268,826 | bf16_mfu: 0.00 | epoch: 1 pq: 27 rg: 54 | total time: 76.77m | eta: 5.2m
step 02361/02520 (93.69%) | loss: 2.846908 | lrm: 0.14 | dt: 1950.43ms | tok/sec: 268,806 | bf16_mfu: 0.00 | epoch: 1 pq: 27 rg: 55 | total time: 76.80m | eta: 5.2m
step 02362/02520 (93.73%) | loss: 2.848280 | lrm: 0.14 | dt: 1949.93ms | tok/sec: 268,875 | bf16_mfu: 0.00 | epoch: 1 pq: 27 rg: 56 | total time: 76.84m | eta: 5.2m
step 02363/02520 (93.77%) | loss: 2.851206 | lrm: 0.14 | dt: 1949.78ms | tok/sec: 268,895 | bf16_mfu: 0.00 | epoch: 1 pq: 27 rg: 57 | total time: 76.87m | eta: 5.1m
step 02364/02520 (93.81%) | loss: 2.844079 | lrm: 0.14 | dt: 1950.61ms | tok/sec: 268,781 | bf16_mfu: 0.00 | epoch: 1 pq: 27 rg: 58 | total time: 76.90m | eta: 5.1m
step 02365/02520 (93.85%) | loss: 2.826449 | lrm: 0.14 | dt: 1949.00ms | tok/sec: 269,003 | bf16_mfu: 0.00 | epoch: 1 pq: 27 rg: 59 | total time: 76.93m | eta: 5.1m
step 02366/02520 (93.89%) | loss: 2.835272 | lrm: 0.14 | dt: 1948.08ms | tok/sec: 269,130 | bf16_mfu: 0.00 | epoch: 1 pq: 27 rg: 60 | total time: 76.97m | eta: 5.0m
step 02367/02520 (93.93%) | loss: 2.838890 | lrm: 0.14 | dt: 1949.14ms | tok/sec: 268,984 | bf16_mfu: 0.00 | epoch: 1 pq: 27 rg: 61 | total time: 77.00m | eta: 5.0m
step 02368/02520 (93.97%) | loss: 2.828635 | lrm: 0.14 | dt: 1950.02ms | tok/sec: 268,862 | bf16_mfu: 0.00 | epoch: 1 pq: 27 rg: 62 | total time: 77.03m | eta: 5.0m
step 02369/02520 (94.01%) | loss: 2.838018 | lrm: 0.14 | dt: 1950.34ms | tok/sec: 268,818 | bf16_mfu: 0.00 | epoch: 1 pq: 27 rg: 63 | total time: 77.06m | eta: 4.9m
step 02370/02520 (94.05%) | loss: 2.829025 | lrm: 0.14 | dt: 1948.74ms | tok/sec: 269,038 | bf16_mfu: 0.00 | epoch: 1 pq: 27 rg: 64 | total time: 77.10m | eta: 4.9m
step 02371/02520 (94.09%) | loss: 2.816146 | lrm: 0.14 | dt: 1950.42ms | tok/sec: 268,808 | bf16_mfu: 0.00 | epoch: 1 pq: 27 rg: 65 | total time: 77.13m | eta: 4.9m
step 02372/02520 (94.13%) | loss: 2.801113 | lrm: 0.14 | dt: 1950.36ms | tok/sec: 268,816 | bf16_mfu: 0.00 | epoch: 1 pq: 27 rg: 66 | total time: 77.16m | eta: 4.8m
step 02373/02520 (94.17%) | loss: 2.802424 | lrm: 0.14 | dt: 1950.24ms | tok/sec: 268,832 | bf16_mfu: 0.00 | epoch: 1 pq: 27 rg: 67 | total time: 77.19m | eta: 4.8m
step 02374/02520 (94.21%) | loss: 2.804807 | lrm: 0.13 | dt: 1951.04ms | tok/sec: 268,721 | bf16_mfu: 0.00 | epoch: 1 pq: 27 rg: 68 | total time: 77.23m | eta: 4.8m
step 02375/02520 (94.25%) | loss: 2.815672 | lrm: 0.13 | dt: 1950.81ms | tok/sec: 268,754 | bf16_mfu: 0.00 | epoch: 1 pq: 27 rg: 69 | total time: 77.26m | eta: 4.7m
step 02376/02520 (94.29%) | loss: 2.816395 | lrm: 0.13 | dt: 1950.68ms | tok/sec: 268,772 | bf16_mfu: 0.00 | epoch: 1 pq: 27 rg: 70 | total time: 77.29m | eta: 4.7m
step 02377/02520 (94.33%) | loss: 2.805033 | lrm: 0.13 | dt: 1950.51ms | tok/sec: 268,794 | bf16_mfu: 0.00 | epoch: 1 pq: 27 rg: 71 | total time: 77.32m | eta: 4.7m
step 02378/02520 (94.37%) | loss: 2.811350 | lrm: 0.13 | dt: 1949.30ms | tok/sec: 268,961 | bf16_mfu: 0.00 | epoch: 1 pq: 27 rg: 72 | total time: 77.36m | eta: 4.6m
step 02379/02520 (94.40%) | loss: 2.820606 | lrm: 0.13 | dt: 1952.29ms | tok/sec: 268,550 | bf16_mfu: 0.00 | epoch: 1 pq: 27 rg: 73 | total time: 77.39m | eta: 4.6m
step 02380/02520 (94.44%) | loss: 2.803059 | lrm: 0.13 | dt: 1949.38ms | tok/sec: 268,951 | bf16_mfu: 0.00 | epoch: 1 pq: 27 rg: 74 | total time: 77.42m | eta: 4.6m
step 02381/02520 (94.48%) | loss: 2.790950 | lrm: 0.13 | dt: 1949.89ms | tok/sec: 268,880 | bf16_mfu: 0.00 | epoch: 1 pq: 27 rg: 75 | total time: 77.45m | eta: 4.5m
step 02382/02520 (94.52%) | loss: 2.794038 | lrm: 0.13 | dt: 1951.13ms | tok/sec: 268,710 | bf16_mfu: 0.00 | epoch: 1 pq: 27 rg: 76 | total time: 77.49m | eta: 4.5m
step 02383/02520 (94.56%) | loss: 2.785184 | lrm: 0.13 | dt: 1950.74ms | tok/sec: 268,763 | bf16_mfu: 0.00 | epoch: 1 pq: 27 rg: 77 | total time: 77.52m | eta: 4.5m
step 02384/02520 (94.60%) | loss: 2.787231 | lrm: 0.13 | dt: 1950.43ms | tok/sec: 268,806 | bf16_mfu: 0.00 | epoch: 1 pq: 27 rg: 78 | total time: 77.55m | eta: 4.4m
step 02385/02520 (94.64%) | loss: 2.780593 | lrm: 0.13 | dt: 1950.93ms | tok/sec: 268,736 | bf16_mfu: 0.00 | epoch: 1 pq: 27 rg: 79 | total time: 77.58m | eta: 4.4m
step 02386/02520 (94.68%) | loss: 2.778100 | lrm: 0.13 | dt: 1950.78ms | tok/sec: 268,757 | bf16_mfu: 0.00 | epoch: 1 pq: 27 rg: 80 | total time: 77.62m | eta: 4.4m
step 02387/02520 (94.72%) | loss: 2.787699 | lrm: 0.13 | dt: 1950.68ms | tok/sec: 268,772 | bf16_mfu: 0.00 | epoch: 1 pq: 27 rg: 81 | total time: 77.65m | eta: 4.3m
step 02388/02520 (94.76%) | loss: 2.795432 | lrm: 0.13 | dt: 1951.70ms | tok/sec: 268,631 | bf16_mfu: 0.00 | epoch: 1 pq: 28 rg: 0 | total time: 77.68m | eta: 4.3m
step 02389/02520 (94.80%) | loss: 2.794546 | lrm: 0.13 | dt: 1951.23ms | tok/sec: 268,695 | bf16_mfu: 0.00 | epoch: 1 pq: 28 rg: 1 | total time: 77.71m | eta: 4.3m
step 02390/02520 (94.84%) | loss: 2.805921 | lrm: 0.13 | dt: 1952.06ms | tok/sec: 268,581 | bf16_mfu: 0.00 | epoch: 1 pq: 28 rg: 2 | total time: 77.75m | eta: 4.2m
step 02391/02520 (94.88%) | loss: 2.795651 | lrm: 0.12 | dt: 1949.15ms | tok/sec: 268,982 | bf16_mfu: 0.00 | epoch: 1 pq: 28 rg: 3 | total time: 77.78m | eta: 4.2m
step 02392/02520 (94.92%) | loss: 2.788339 | lrm: 0.12 | dt: 1950.69ms | tok/sec: 268,770 | bf16_mfu: 0.00 | epoch: 1 pq: 28 rg: 4 | total time: 77.81m | eta: 4.2m
step 02393/02520 (94.96%) | loss: 2.795669 | lrm: 0.12 | dt: 1950.33ms | tok/sec: 268,820 | bf16_mfu: 0.00 | epoch: 1 pq: 28 rg: 5 | total time: 77.84m | eta: 4.1m
step 02394/02520 (95.00%) | loss: 2.803284 | lrm: 0.12 | dt: 1973.49ms | tok/sec: 265,665 | bf16_mfu: 0.00 | epoch: 1 pq: 28 rg: 6 | total time: 77.88m | eta: 4.1m
step 02395/02520 (95.04%) | loss: 2.800138 | lrm: 0.12 | dt: 1965.30ms | tok/sec: 266,772 | bf16_mfu: 0.00 | epoch: 1 pq: 28 rg: 7 | total time: 77.91m | eta: 4.1m
step 02396/02520 (95.08%) | loss: 2.788795 | lrm: 0.12 | dt: 1972.22ms | tok/sec: 265,836 | bf16_mfu: 0.00 | epoch: 1 pq: 28 rg: 8 | total time: 77.94m | eta: 4.1m
step 02397/02520 (95.12%) | loss: 2.794954 | lrm: 0.12 | dt: 1967.77ms | tok/sec: 266,437 | bf16_mfu: 0.00 | epoch: 1 pq: 28 rg: 8 | total time: 77.98m | eta: 4.0m
step 02398/02520 (95.16%) | loss: 2.797039 | lrm: 0.12 | dt: 1968.80ms | tok/sec: 266,297 | bf16_mfu: 0.00 | epoch: 1 pq: 28 rg: 9 | total time: 78.01m | eta: 4.0m
step 02399/02520 (95.20%) | loss: 2.790101 | lrm: 0.12 | dt: 1968.58ms | tok/sec: 266,328 | bf16_mfu: 0.00 | epoch: 1 pq: 28 rg: 10 | total time: 78.04m | eta: 4.0m
step 02400/02520 (95.24%) | loss: 2.788636 | lrm: 0.12 | dt: 1969.49ms | tok/sec: 266,205 | bf16_mfu: 0.00 | epoch: 1 pq: 28 rg: 11 | total time: 78.07m | eta: 3.9m
step 02401/02520 (95.28%) | loss: 2.786706 | lrm: 0.12 | dt: 1969.47ms | tok/sec: 266,208 | bf16_mfu: 0.00 | epoch: 1 pq: 28 rg: 12 | total time: 78.11m | eta: 3.9m
step 02402/02520 (95.32%) | loss: 2.781221 | lrm: 0.12 | dt: 1969.44ms | tok/sec: 266,212 | bf16_mfu: 0.00 | epoch: 1 pq: 28 rg: 13 | total time: 78.14m | eta: 3.9m
step 02403/02520 (95.36%) | loss: 2.781062 | lrm: 0.12 | dt: 1970.35ms | tok/sec: 266,088 | bf16_mfu: 0.00 | epoch: 1 pq: 28 rg: 14 | total time: 78.17m | eta: 3.8m
step 02404/02520 (95.40%) | loss: 2.784168 | lrm: 0.12 | dt: 1968.80ms | tok/sec: 266,298 | bf16_mfu: 0.00 | epoch: 1 pq: 28 rg: 15 | total time: 78.20m | eta: 3.8m
step 02405/02520 (95.44%) | loss: 2.782463 | lrm: 0.12 | dt: 1968.87ms | tok/sec: 266,288 | bf16_mfu: 0.00 | epoch: 1 pq: 28 rg: 16 | total time: 78.24m | eta: 3.8m
step 02406/02520 (95.48%) | loss: 2.775001 | lrm: 0.12 | dt: 1968.52ms | tok/sec: 266,336 | bf16_mfu: 0.00 | epoch: 1 pq: 28 rg: 17 | total time: 78.27m | eta: 3.7m
step 02407/02520 (95.52%) | loss: 2.786453 | lrm: 0.12 | dt: 1966.80ms | tok/sec: 266,568 | bf16_mfu: 0.00 | epoch: 1 pq: 28 rg: 18 | total time: 78.30m | eta: 3.7m
step 02408/02520 (95.56%) | loss: 2.776931 | lrm: 0.11 | dt: 1968.11ms | tok/sec: 266,392 | bf16_mfu: 0.00 | epoch: 1 pq: 28 rg: 19 | total time: 78.34m | eta: 3.7m
step 02409/02520 (95.60%) | loss: 2.783352 | lrm: 0.11 | dt: 1968.65ms | tok/sec: 266,319 | bf16_mfu: 0.00 | epoch: 1 pq: 28 rg: 20 | total time: 78.37m | eta: 3.6m
step 02410/02520 (95.63%) | loss: 2.766461 | lrm: 0.11 | dt: 1975.81ms | tok/sec: 265,353 | bf16_mfu: 0.00 | epoch: 1 pq: 28 rg: 21 | total time: 78.40m | eta: 3.6m
step 02411/02520 (95.67%) | loss: 2.774292 | lrm: 0.11 | dt: 1963.60ms | tok/sec: 267,003 | bf16_mfu: 0.00 | epoch: 1 pq: 28 rg: 22 | total time: 78.43m | eta: 3.6m
step 02412/02520 (95.71%) | loss: 2.789735 | lrm: 0.11 | dt: 1952.67ms | tok/sec: 268,497 | bf16_mfu: 0.00 | epoch: 1 pq: 28 rg: 23 | total time: 78.47m | eta: 3.5m
step 02413/02520 (95.75%) | loss: 2.794151 | lrm: 0.11 | dt: 1948.95ms | tok/sec: 269,010 | bf16_mfu: 0.00 | epoch: 1 pq: 28 rg: 24 | total time: 78.50m | eta: 3.5m
step 02414/02520 (95.79%) | loss: 2.803071 | lrm: 0.11 | dt: 1950.27ms | tok/sec: 268,828 | bf16_mfu: 0.00 | epoch: 1 pq: 28 rg: 25 | total time: 78.53m | eta: 3.5m
step 02415/02520 (95.83%) | loss: 2.809154 | lrm: 0.11 | dt: 1949.74ms | tok/sec: 268,901 | bf16_mfu: 0.00 | epoch: 1 pq: 28 rg: 26 | total time: 78.56m | eta: 3.4m
step 02416/02520 (95.87%) | loss: 2.816689 | lrm: 0.11 | dt: 1950.03ms | tok/sec: 268,861 | bf16_mfu: 0.00 | epoch: 1 pq: 28 rg: 27 | total time: 78.60m | eta: 3.4m
step 02417/02520 (95.91%) | loss: 2.817835 | lrm: 0.11 | dt: 1948.84ms | tok/sec: 269,025 | bf16_mfu: 0.00 | epoch: 1 pq: 28 rg: 28 | total time: 78.63m | eta: 3.4m
step 02418/02520 (95.95%) | loss: 2.828542 | lrm: 0.11 | dt: 1950.34ms | tok/sec: 268,818 | bf16_mfu: 0.00 | epoch: 1 pq: 28 rg: 29 | total time: 78.66m | eta: 3.3m
step 02419/02520 (95.99%) | loss: 2.829043 | lrm: 0.11 | dt: 1948.72ms | tok/sec: 269,042 | bf16_mfu: 0.00 | epoch: 1 pq: 28 rg: 30 | total time: 78.69m | eta: 3.3m
step 02420/02520 (96.03%) | loss: 2.821792 | lrm: 0.11 | dt: 1951.35ms | tok/sec: 268,679 | bf16_mfu: 0.00 | epoch: 1 pq: 28 rg: 31 | total time: 78.73m | eta: 3.3m
step 02421/02520 (96.07%) | loss: 2.819444 | lrm: 0.11 | dt: 1950.41ms | tok/sec: 268,808 | bf16_mfu: 0.00 | epoch: 1 pq: 28 rg: 32 | total time: 78.76m | eta: 3.2m
step 02422/02520 (96.11%) | loss: 2.822994 | lrm: 0.11 | dt: 1949.33ms | tok/sec: 268,958 | bf16_mfu: 0.00 | epoch: 1 pq: 28 rg: 33 | total time: 78.79m | eta: 3.2m
step 02423/02520 (96.15%) | loss: 2.821490 | lrm: 0.11 | dt: 1948.58ms | tok/sec: 269,062 | bf16_mfu: 0.00 | epoch: 1 pq: 28 rg: 34 | total time: 78.82m | eta: 3.2m
step 02424/02520 (96.19%) | loss: 2.826294 | lrm: 0.11 | dt: 1948.75ms | tok/sec: 269,038 | bf16_mfu: 0.00 | epoch: 1 pq: 28 rg: 35 | total time: 78.86m | eta: 3.1m
step 02425/02520 (96.23%) | loss: 2.813891 | lrm: 0.11 | dt: 1950.27ms | tok/sec: 268,828 | bf16_mfu: 0.00 | epoch: 1 pq: 28 rg: 35 | total time: 78.89m | eta: 3.1m
step 02426/02520 (96.27%) | loss: 2.821429 | lrm: 0.10 | dt: 1949.84ms | tok/sec: 268,888 | bf16_mfu: 0.00 | epoch: 1 pq: 28 rg: 36 | total time: 78.92m | eta: 3.1m
step 02427/02520 (96.31%) | loss: 2.819463 | lrm: 0.10 | dt: 1948.20ms | tok/sec: 269,113 | bf16_mfu: 0.00 | epoch: 1 pq: 28 rg: 37 | total time: 78.95m | eta: 3.0m
step 02428/02520 (96.35%) | loss: 2.813711 | lrm: 0.10 | dt: 1949.45ms | tok/sec: 268,941 | bf16_mfu: 0.00 | epoch: 1 pq: 28 rg: 38 | total time: 78.99m | eta: 3.0m
step 02429/02520 (96.39%) | loss: 2.815551 | lrm: 0.10 | dt: 1950.21ms | tok/sec: 268,836 | bf16_mfu: 0.00 | epoch: 1 pq: 28 rg: 39 | total time: 79.02m | eta: 3.0m
step 02430/02520 (96.43%) | loss: 2.809231 | lrm: 0.10 | dt: 1948.97ms | tok/sec: 269,008 | bf16_mfu: 0.00 | epoch: 1 pq: 28 rg: 40 | total time: 79.05m | eta: 2.9m
step 02431/02520 (96.47%) | loss: 2.807252 | lrm: 0.10 | dt: 1949.27ms | tok/sec: 268,965 | bf16_mfu: 0.00 | epoch: 1 pq: 28 rg: 41 | total time: 79.08m | eta: 2.9m
step 02432/02520 (96.51%) | loss: 2.815762 | lrm: 0.10 | dt: 1948.48ms | tok/sec: 269,075 | bf16_mfu: 0.00 | epoch: 1 pq: 28 rg: 42 | total time: 79.12m | eta: 2.9m
step 02433/02520 (96.55%) | loss: 2.810378 | lrm: 0.10 | dt: 1950.17ms | tok/sec: 268,841 | bf16_mfu: 0.00 | epoch: 1 pq: 28 rg: 43 | total time: 79.15m | eta: 2.8m
step 02434/02520 (96.59%) | loss: 2.811838 | lrm: 0.10 | dt: 1953.28ms | tok/sec: 268,414 | bf16_mfu: 0.00 | epoch: 1 pq: 28 rg: 44 | total time: 79.18m | eta: 2.8m
step 02435/02520 (96.63%) | loss: 2.823767 | lrm: 0.10 | dt: 1949.68ms | tok/sec: 268,909 | bf16_mfu: 0.00 | epoch: 1 pq: 28 rg: 45 | total time: 79.21m | eta: 2.8m
step 02436/02520 (96.67%) | loss: 2.833315 | lrm: 0.10 | dt: 1951.21ms | tok/sec: 268,699 | bf16_mfu: 0.00 | epoch: 1 pq: 28 rg: 46 | total time: 79.25m | eta: 2.7m
step 02437/02520 (96.71%) | loss: 2.832513 | lrm: 0.10 | dt: 1951.60ms | tok/sec: 268,645 | bf16_mfu: 0.00 | epoch: 1 pq: 28 rg: 47 | total time: 79.28m | eta: 2.7m
step 02438/02520 (96.75%) | loss: 2.812622 | lrm: 0.10 | dt: 1951.58ms | tok/sec: 268,648 | bf16_mfu: 0.00 | epoch: 1 pq: 28 rg: 48 | total time: 79.31m | eta: 2.7m
step 02439/02520 (96.79%) | loss: 2.803300 | lrm: 0.10 | dt: 1950.57ms | tok/sec: 268,787 | bf16_mfu: 0.00 | epoch: 1 pq: 28 rg: 49 | total time: 79.34m | eta: 2.6m
step 02440/02520 (96.83%) | loss: 2.807088 | lrm: 0.10 | dt: 1950.63ms | tok/sec: 268,778 | bf16_mfu: 0.00 | epoch: 1 pq: 28 rg: 50 | total time: 79.38m | eta: 2.6m
step 02441/02520 (96.87%) | loss: 2.806048 | lrm: 0.10 | dt: 1951.50ms | tok/sec: 268,658 | bf16_mfu: 0.00 | epoch: 1 pq: 28 rg: 51 | total time: 79.41m | eta: 2.6m
step 02442/02520 (96.90%) | loss: 2.800762 | lrm: 0.10 | dt: 1952.35ms | tok/sec: 268,541 | bf16_mfu: 0.00 | epoch: 1 pq: 28 rg: 52 | total time: 79.44m | eta: 2.5m
step 02443/02520 (96.94%) | loss: 2.804595 | lrm: 0.09 | dt: 1951.76ms | tok/sec: 268,623 | bf16_mfu: 0.00 | epoch: 1 pq: 28 rg: 53 | total time: 79.47m | eta: 2.5m
step 02444/02520 (96.98%) | loss: 2.797055 | lrm: 0.09 | dt: 1953.15ms | tok/sec: 268,431 | bf16_mfu: 0.00 | epoch: 1 pq: 28 rg: 54 | total time: 79.51m | eta: 2.5m
step 02445/02520 (97.02%) | loss: 2.799124 | lrm: 0.09 | dt: 1952.40ms | tok/sec: 268,535 | bf16_mfu: 0.00 | epoch: 1 pq: 28 rg: 55 | total time: 79.54m | eta: 2.4m
step 02446/02520 (97.06%) | loss: 2.791562 | lrm: 0.09 | dt: 1951.14ms | tok/sec: 268,708 | bf16_mfu: 0.00 | epoch: 1 pq: 28 rg: 56 | total time: 79.57m | eta: 2.4m
step 02447/02520 (97.10%) | loss: 2.804983 | lrm: 0.09 | dt: 1952.66ms | tok/sec: 268,499 | bf16_mfu: 0.00 | epoch: 1 pq: 28 rg: 57 | total time: 79.60m | eta: 2.4m
step 02448/02520 (97.14%) | loss: 2.805863 | lrm: 0.09 | dt: 1951.79ms | tok/sec: 268,619 | bf16_mfu: 0.00 | epoch: 1 pq: 28 rg: 58 | total time: 79.64m | eta: 2.4m
step 02449/02520 (97.18%) | loss: 2.807538 | lrm: 0.09 | dt: 1952.59ms | tok/sec: 268,508 | bf16_mfu: 0.00 | epoch: 1 pq: 28 rg: 59 | total time: 79.67m | eta: 2.3m
step 02450/02520 (97.22%) | loss: 2.809181 | lrm: 0.09 | dt: 1953.69ms | tok/sec: 268,357 | bf16_mfu: 0.00 | epoch: 1 pq: 28 rg: 60 | total time: 79.70m | eta: 2.3m
step 02451/02520 (97.26%) | loss: 2.810717 | lrm: 0.09 | dt: 1953.71ms | tok/sec: 268,355 | bf16_mfu: 0.00 | epoch: 1 pq: 28 rg: 61 | total time: 79.73m | eta: 2.3m
step 02452/02520 (97.30%) | loss: 2.805921 | lrm: 0.09 | dt: 1953.83ms | tok/sec: 268,338 | bf16_mfu: 0.00 | epoch: 1 pq: 28 rg: 62 | total time: 79.77m | eta: 2.2m
step 02453/02520 (97.34%) | loss: 2.809966 | lrm: 0.09 | dt: 1953.50ms | tok/sec: 268,383 | bf16_mfu: 0.00 | epoch: 1 pq: 28 rg: 63 | total time: 79.80m | eta: 2.2m
step 02454/02520 (97.38%) | loss: 2.821853 | lrm: 0.09 | dt: 1952.26ms | tok/sec: 268,554 | bf16_mfu: 0.00 | epoch: 1 pq: 28 rg: 64 | total time: 79.83m | eta: 2.2m
step 02455/02520 (97.42%) | loss: 2.822109 | lrm: 0.09 | dt: 1953.38ms | tok/sec: 268,400 | bf16_mfu: 0.00 | epoch: 1 pq: 28 rg: 65 | total time: 79.87m | eta: 2.1m
step 02456/02520 (97.46%) | loss: 2.824961 | lrm: 0.09 | dt: 1954.14ms | tok/sec: 268,296 | bf16_mfu: 0.00 | epoch: 1 pq: 28 rg: 66 | total time: 79.90m | eta: 2.1m
step 02457/02520 (97.50%) | loss: 2.823280 | lrm: 0.09 | dt: 1952.42ms | tok/sec: 268,532 | bf16_mfu: 0.00 | epoch: 1 pq: 28 rg: 66 | total time: 79.93m | eta: 2.1m
step 02458/02520 (97.54%) | loss: 2.823473 | lrm: 0.09 | dt: 1953.05ms | tok/sec: 268,446 | bf16_mfu: 0.00 | epoch: 1 pq: 28 rg: 67 | total time: 79.96m | eta: 2.0m
step 02459/02520 (97.58%) | loss: 2.828564 | lrm: 0.09 | dt: 1952.30ms | tok/sec: 268,548 | bf16_mfu: 0.00 | epoch: 1 pq: 28 rg: 68 | total time: 80.00m | eta: 2.0m
step 02460/02520 (97.62%) | loss: 2.823236 | lrm: 0.08 | dt: 1950.15ms | tok/sec: 268,845 | bf16_mfu: 0.00 | epoch: 1 pq: 28 rg: 69 | total time: 80.03m | eta: 2.0m
step 02461/02520 (97.66%) | loss: 2.817868 | lrm: 0.08 | dt: 1952.18ms | tok/sec: 268,564 | bf16_mfu: 0.00 | epoch: 1 pq: 28 rg: 70 | total time: 80.06m | eta: 1.9m
step 02462/02520 (97.70%) | loss: 2.812830 | lrm: 0.08 | dt: 1952.62ms | tok/sec: 268,505 | bf16_mfu: 0.00 | epoch: 1 pq: 28 rg: 71 | total time: 80.09m | eta: 1.9m
step 02463/02520 (97.74%) | loss: 2.806083 | lrm: 0.08 | dt: 1952.55ms | tok/sec: 268,513 | bf16_mfu: 0.00 | epoch: 1 pq: 28 rg: 72 | total time: 80.13m | eta: 1.9m
step 02464/02520 (97.78%) | loss: 2.820187 | lrm: 0.08 | dt: 1953.73ms | tok/sec: 268,351 | bf16_mfu: 0.00 | epoch: 1 pq: 28 rg: 73 | total time: 80.16m | eta: 1.8m
step 02465/02520 (97.82%) | loss: 2.824610 | lrm: 0.08 | dt: 1954.81ms | tok/sec: 268,203 | bf16_mfu: 0.00 | epoch: 1 pq: 28 rg: 74 | total time: 80.19m | eta: 1.8m
step 02466/02520 (97.86%) | loss: 2.829788 | lrm: 0.08 | dt: 1955.66ms | tok/sec: 268,087 | bf16_mfu: 0.00 | epoch: 1 pq: 28 rg: 75 | total time: 80.22m | eta: 1.8m
step 02467/02520 (97.90%) | loss: 2.830991 | lrm: 0.08 | dt: 1955.70ms | tok/sec: 268,082 | bf16_mfu: 0.00 | epoch: 1 pq: 28 rg: 76 | total time: 80.26m | eta: 1.7m
step 02468/02520 (97.94%) | loss: 2.835507 | lrm: 0.08 | dt: 1954.44ms | tok/sec: 268,254 | bf16_mfu: 0.00 | epoch: 1 pq: 28 rg: 77 | total time: 80.29m | eta: 1.7m
step 02469/02520 (97.98%) | loss: 2.835852 | lrm: 0.08 | dt: 1955.87ms | tok/sec: 268,059 | bf16_mfu: 0.00 | epoch: 1 pq: 28 rg: 78 | total time: 80.32m | eta: 1.7m
step 02470/02520 (98.02%) | loss: 2.840681 | lrm: 0.08 | dt: 1955.92ms | tok/sec: 268,051 | bf16_mfu: 0.00 | epoch: 1 pq: 28 rg: 79 | total time: 80.35m | eta: 1.6m
step 02471/02520 (98.06%) | loss: 2.838016 | lrm: 0.08 | dt: 1959.13ms | tok/sec: 267,613 | bf16_mfu: 0.00 | epoch: 1 pq: 28 rg: 80 | total time: 80.39m | eta: 1.6m
step 02472/02520 (98.10%) | loss: 2.838525 | lrm: 0.08 | dt: 1955.27ms | tok/sec: 268,140 | bf16_mfu: 0.00 | epoch: 1 pq: 28 rg: 81 | total time: 80.42m | eta: 1.6m
step 02473/02520 (98.13%) | loss: 2.839372 | lrm: 0.08 | dt: 1956.75ms | tok/sec: 267,938 | bf16_mfu: 0.00 | epoch: 1 pq: 28 rg: 82 | total time: 80.45m | eta: 1.5m
step 02474/02520 (98.17%) | loss: 2.837500 | lrm: 0.08 | dt: 1956.65ms | tok/sec: 267,951 | bf16_mfu: 0.00 | epoch: 1 pq: 29 rg: 0 | total time: 80.48m | eta: 1.5m
step 02475/02520 (98.21%) | loss: 2.840479 | lrm: 0.08 | dt: 1956.31ms | tok/sec: 267,997 | bf16_mfu: 0.00 | epoch: 1 pq: 29 rg: 1 | total time: 80.52m | eta: 1.5m
step 02476/02520 (98.25%) | loss: 2.838302 | lrm: 0.08 | dt: 1957.21ms | tok/sec: 267,875 | bf16_mfu: 0.00 | epoch: 1 pq: 29 rg: 2 | total time: 80.55m | eta: 1.4m
step 02477/02520 (98.29%) | loss: 2.841816 | lrm: 0.07 | dt: 1956.43ms | tok/sec: 267,981 | bf16_mfu: 0.00 | epoch: 1 pq: 29 rg: 3 | total time: 80.58m | eta: 1.4m
step 02478/02520 (98.33%) | loss: 2.824220 | lrm: 0.07 | dt: 1955.98ms | tok/sec: 268,043 | bf16_mfu: 0.00 | epoch: 1 pq: 29 rg: 4 | total time: 80.61m | eta: 1.4m
step 02479/02520 (98.37%) | loss: 2.816592 | lrm: 0.07 | dt: 1957.60ms | tok/sec: 267,821 | bf16_mfu: 0.00 | epoch: 1 pq: 29 rg: 5 | total time: 80.65m | eta: 1.3m
step 02480/02520 (98.41%) | loss: 2.818844 | lrm: 0.07 | dt: 1956.06ms | tok/sec: 268,033 | bf16_mfu: 0.00 | epoch: 1 pq: 29 rg: 6 | total time: 80.68m | eta: 1.3m
step 02481/02520 (98.45%) | loss: 2.819671 | lrm: 0.07 | dt: 1956.37ms | tok/sec: 267,990 | bf16_mfu: 0.00 | epoch: 1 pq: 29 rg: 7 | total time: 80.71m | eta: 1.3m
step 02482/02520 (98.49%) | loss: 2.826464 | lrm: 0.07 | dt: 1957.70ms | tok/sec: 267,808 | bf16_mfu: 0.00 | epoch: 1 pq: 29 rg: 8 | total time: 80.74m | eta: 1.2m
step 02483/02520 (98.53%) | loss: 2.825923 | lrm: 0.07 | dt: 1956.53ms | tok/sec: 267,968 | bf16_mfu: 0.00 | epoch: 1 pq: 29 rg: 9 | total time: 80.78m | eta: 1.2m
step 02484/02520 (98.57%) | loss: 2.825834 | lrm: 0.07 | dt: 1957.85ms | tok/sec: 267,787 | bf16_mfu: 0.00 | epoch: 1 pq: 29 rg: 10 | total time: 80.81m | eta: 1.2m
step 02485/02520 (98.61%) | loss: 2.823316 | lrm: 0.07 | dt: 1957.45ms | tok/sec: 267,842 | bf16_mfu: 0.00 | epoch: 1 pq: 29 rg: 11 | total time: 80.84m | eta: 1.1m
step 02486/02520 (98.65%) | loss: 2.824360 | lrm: 0.07 | dt: 1958.89ms | tok/sec: 267,645 | bf16_mfu: 0.00 | epoch: 1 pq: 29 rg: 12 | total time: 80.88m | eta: 1.1m
step 02487/02520 (98.69%) | loss: 2.825987 | lrm: 0.07 | dt: 1959.64ms | tok/sec: 267,542 | bf16_mfu: 0.00 | epoch: 1 pq: 29 rg: 13 | total time: 80.91m | eta: 1.1m
step 02488/02520 (98.73%) | loss: 2.831101 | lrm: 0.07 | dt: 1959.23ms | tok/sec: 267,598 | bf16_mfu: 0.00 | epoch: 1 pq: 29 rg: 14 | total time: 80.94m | eta: 1.0m
step 02489/02520 (98.77%) | loss: 2.834352 | lrm: 0.07 | dt: 1959.30ms | tok/sec: 267,589 | bf16_mfu: 0.00 | epoch: 1 pq: 29 rg: 15 | total time: 80.97m | eta: 1.0m
step 02490/02520 (98.81%) | loss: 2.834049 | lrm: 0.07 | dt: 1958.92ms | tok/sec: 267,640 | bf16_mfu: 0.00 | epoch: 1 pq: 29 rg: 16 | total time: 81.01m | eta: 1.0m
step 02491/02520 (98.85%) | loss: 2.830435 | lrm: 0.07 | dt: 1959.52ms | tok/sec: 267,559 | bf16_mfu: 0.00 | epoch: 1 pq: 29 rg: 16 | total time: 81.04m | eta: 0.9m
step 02492/02520 (98.89%) | loss: 2.818069 | lrm: 0.07 | dt: 1960.61ms | tok/sec: 267,410 | bf16_mfu: 0.00 | epoch: 1 pq: 29 rg: 17 | total time: 81.07m | eta: 0.9m
step 02493/02520 (98.93%) | loss: 2.807618 | lrm: 0.07 | dt: 1960.40ms | tok/sec: 267,438 | bf16_mfu: 0.00 | epoch: 1 pq: 29 rg: 18 | total time: 81.10m | eta: 0.9m
step 02494/02520 (98.97%) | loss: 2.804959 | lrm: 0.07 | dt: 1959.95ms | tok/sec: 267,501 | bf16_mfu: 0.00 | epoch: 1 pq: 29 rg: 19 | total time: 81.14m | eta: 0.8m
step 02495/02520 (99.01%) | loss: 2.815329 | lrm: 0.06 | dt: 1959.80ms | tok/sec: 267,520 | bf16_mfu: 0.00 | epoch: 1 pq: 29 rg: 20 | total time: 81.17m | eta: 0.8m
step 02496/02520 (99.05%) | loss: 2.821273 | lrm: 0.06 | dt: 1960.48ms | tok/sec: 267,427 | bf16_mfu: 0.00 | epoch: 1 pq: 29 rg: 21 | total time: 81.20m | eta: 0.8m
step 02497/02520 (99.09%) | loss: 2.817208 | lrm: 0.06 | dt: 1960.83ms | tok/sec: 267,380 | bf16_mfu: 0.00 | epoch: 1 pq: 29 rg: 22 | total time: 81.23m | eta: 0.8m
step 02498/02520 (99.13%) | loss: 2.812171 | lrm: 0.06 | dt: 1960.53ms | tok/sec: 267,421 | bf16_mfu: 0.00 | epoch: 1 pq: 29 rg: 23 | total time: 81.27m | eta: 0.7m
step 02499/02520 (99.17%) | loss: 2.820919 | lrm: 0.06 | dt: 1960.46ms | tok/sec: 267,430 | bf16_mfu: 0.00 | epoch: 1 pq: 29 rg: 24 | total time: 81.30m | eta: 0.7m
Step 02500 | Validation bpb: 0.859632
step 02500/02520 (99.21%) | loss: 2.807499 | lrm: 0.06 | dt: 1946.00ms | tok/sec: 269,418 | bf16_mfu: 0.00 | epoch: 1 pq: 29 rg: 25 | total time: 81.33m | eta: 0.7m
step 02501/02520 (99.25%) | loss: 2.823341 | lrm: 0.06 | dt: 1948.33ms | tok/sec: 269,096 | bf16_mfu: 0.00 | epoch: 1 pq: 29 rg: 26 | total time: 81.37m | eta: 0.6m
step 02502/02520 (99.29%) | loss: 2.830827 | lrm: 0.06 | dt: 1950.36ms | tok/sec: 268,816 | bf16_mfu: 0.00 | epoch: 1 pq: 29 rg: 27 | total time: 81.40m | eta: 0.6m
step 02503/02520 (99.33%) | loss: 2.818481 | lrm: 0.06 | dt: 1949.91ms | tok/sec: 268,878 | bf16_mfu: 0.00 | epoch: 1 pq: 29 rg: 28 | total time: 81.43m | eta: 0.6m
step 02504/02520 (99.37%) | loss: 2.824240 | lrm: 0.06 | dt: 1950.70ms | tok/sec: 268,768 | bf16_mfu: 0.00 | epoch: 1 pq: 29 rg: 29 | total time: 81.46m | eta: 0.5m
step 02505/02520 (99.40%) | loss: 2.817791 | lrm: 0.06 | dt: 1950.98ms | tok/sec: 268,730 | bf16_mfu: 0.00 | epoch: 1 pq: 29 rg: 30 | total time: 81.50m | eta: 0.5m
step 02506/02520 (99.44%) | loss: 2.818682 | lrm: 0.06 | dt: 1952.10ms | tok/sec: 268,576 | bf16_mfu: 0.00 | epoch: 1 pq: 29 rg: 31 | total time: 81.53m | eta: 0.5m
step 02507/02520 (99.48%) | loss: 2.819772 | lrm: 0.06 | dt: 1952.11ms | tok/sec: 268,575 | bf16_mfu: 0.00 | epoch: 1 pq: 29 rg: 32 | total time: 81.56m | eta: 0.4m
step 02508/02520 (99.52%) | loss: 2.805684 | lrm: 0.06 | dt: 1950.89ms | tok/sec: 268,742 | bf16_mfu: 0.00 | epoch: 1 pq: 29 rg: 33 | total time: 81.59m | eta: 0.4m
step 02509/02520 (99.56%) | loss: 2.804783 | lrm: 0.06 | dt: 1951.65ms | tok/sec: 268,638 | bf16_mfu: 0.00 | epoch: 1 pq: 29 rg: 34 | total time: 81.63m | eta: 0.4m
step 02510/02520 (99.60%) | loss: 2.799004 | lrm: 0.06 | dt: 1954.04ms | tok/sec: 268,309 | bf16_mfu: 0.00 | epoch: 1 pq: 29 rg: 35 | total time: 81.66m | eta: 0.3m
step 02511/02520 (99.64%) | loss: 2.804112 | lrm: 0.06 | dt: 1953.32ms | tok/sec: 268,408 | bf16_mfu: 0.00 | epoch: 1 pq: 29 rg: 36 | total time: 81.69m | eta: 0.3m
step 02512/02520 (99.68%) | loss: 2.813209 | lrm: 0.05 | dt: 1953.25ms | tok/sec: 268,417 | bf16_mfu: 0.00 | epoch: 1 pq: 29 rg: 37 | total time: 81.72m | eta: 0.3m
step 02513/02520 (99.72%) | loss: 2.812064 | lrm: 0.05 | dt: 1953.47ms | tok/sec: 268,388 | bf16_mfu: 0.00 | epoch: 1 pq: 29 rg: 38 | total time: 81.76m | eta: 0.2m
step 02514/02520 (99.76%) | loss: 2.813097 | lrm: 0.05 | dt: 1953.93ms | tok/sec: 268,324 | bf16_mfu: 0.00 | epoch: 1 pq: 29 rg: 39 | total time: 81.79m | eta: 0.2m
step 02515/02520 (99.80%) | loss: 2.816654 | lrm: 0.05 | dt: 1953.35ms | tok/sec: 268,405 | bf16_mfu: 0.00 | epoch: 1 pq: 29 rg: 40 | total time: 81.82m | eta: 0.2m
step 02516/02520 (99.84%) | loss: 2.811890 | lrm: 0.05 | dt: 1953.28ms | tok/sec: 268,413 | bf16_mfu: 0.00 | epoch: 1 pq: 29 rg: 41 | total time: 81.85m | eta: 0.1m
step 02517/02520 (99.88%) | loss: 2.802278 | lrm: 0.05 | dt: 1955.12ms | tok/sec: 268,161 | bf16_mfu: 0.00 | epoch: 1 pq: 29 rg: 42 | total time: 81.89m | eta: 0.1m
step 02518/02520 (99.92%) | loss: 2.814719 | lrm: 0.05 | dt: 1953.92ms | tok/sec: 268,326 | bf16_mfu: 0.00 | epoch: 1 pq: 29 rg: 43 | total time: 81.92m | eta: 0.1m
step 02519/02520 (99.96%) | loss: 2.814705 | lrm: 0.05 | dt: 1953.88ms | tok/sec: 268,332 | bf16_mfu: 0.00 | epoch: 1 pq: 29 rg: 43 | total time: 81.95m | eta: 0.0m
Step 02520 | Validation bpb: 0.859014
Evaluating: hellaswag_zeroshot (0-shot, type: multiple_choice)... accuracy: 0.3720 | centered: 0.1627 | time: 2.04s
Evaluating: jeopardy (10-shot, type: language_modeling)... accuracy: 0.0080 | centered: 0.0080 | time: 2.10s
Evaluating: bigbench_qa_wikidata (10-shot, type: language_modeling)... accuracy: 0.2640 | centered: 0.2640 | time: 1.97s
Evaluating: arc_easy (10-shot, type: multiple_choice)... accuracy: 0.5540 | centered: 0.4053 | time: 3.04s
Evaluating: arc_challenge (10-shot, type: multiple_choice)... accuracy: 0.2780 | centered: 0.0373 | time: 3.32s
Evaluating: copa (0-shot, type: multiple_choice)... accuracy: 0.5500 | centered: 0.1000 | time: 0.36s
Evaluating: commonsense_qa (10-shot, type: multiple_choice)... accuracy: 0.2940 | centered: 0.1175 | time: 3.71s
Evaluating: piqa (10-shot, type: multiple_choice)... accuracy: 0.6960 | centered: 0.3920 | time: 2.30s
Evaluating: openbook_qa (0-shot, type: multiple_choice)... accuracy: 0.3180 | centered: 0.0907 | time: 1.94s
Evaluating: lambada_openai (0-shot, type: language_modeling)... accuracy: 0.3120 | centered: 0.3120 | time: 1.89s
Evaluating: hellaswag (10-shot, type: multiple_choice)... accuracy: 0.3400 | centered: 0.1200 | time: 5.81s
Evaluating: winograd (0-shot, type: schema)... accuracy: 0.5568 | centered: 0.1136 | time: 0.98s
Evaluating: winogrande (0-shot, type: schema)... accuracy: 0.5400 | centered: 0.0800 | time: 1.80s
Evaluating: bigbench_dyck_languages (10-shot, type: language_modeling)... accuracy: 0.0500 | centered: 0.0500 | time: 2.24s
Evaluating: agi_eval_lsat_ar (3-shot, type: multiple_choice)... accuracy: 0.2435 | centered: 0.0543 | time: 2.55s
Evaluating: bigbench_cs_algorithms (10-shot, type: language_modeling)... accuracy: 0.4500 | centered: 0.4500 | time: 2.14s
Evaluating: bigbench_operators (10-shot, type: language_modeling)... accuracy: 0.1048 | centered: 0.1048 | time: 0.88s
Evaluating: bigbench_repeat_copy_logic (10-shot, type: language_modeling)... accuracy: 0.0312 | centered: 0.0312 | time: 0.13s
Evaluating: squad (10-shot, type: language_modeling)... accuracy: 0.1940 | centered: 0.1940 | time: 5.55s
Evaluating: coqa (0-shot, type: language_modeling)... accuracy: 0.1660 | centered: 0.1660 | time: 2.23s
Evaluating: boolq (10-shot, type: multiple_choice)... accuracy: 0.5480 | centered: -0.1895 | time: 5.78s
Evaluating: bigbench_language_identification (10-shot, type: multiple_choice)... accuracy: 0.2600 | centered: 0.1859 | time: 10.32s
Step 02520 | CORE metric: 0.1477
2026-09-21 09:28:10,489 - nanochat.checkpoint_manager - [32m[1mINFO[0m - Saved model parameters to: /home/neo/.cache/nanochat/base_checkpoints/looped_L8_lr2.0_h1.0_s1/model_002520.pt
2026-09-21 09:28:10,489 - nanochat.checkpoint_manager - [32m[1mINFO[0m - Saved metadata to: /home/neo/.cache/nanochat/base_checkpoints/looped_L8_lr2.0_h1.0_s1/meta_002520.json
Peak memory usage: 28188.88MiB
Total training time: 81.95m
Minimum validation bpb: 0.859014
Appended results row to results/looped_results.csv (diverged=0), log: results/logs/looped_L8_lr2.0_h1.0_s1_20260921_075325.jsonl
