
                                                       █████                █████
                                                      ░░███                ░░███
     ████████    ██████   ████████    ██████   ██████  ░███████    ██████  ███████
    ░░███░░███  ░░░░░███ ░░███░░███  ███░░███ ███░░███ ░███░░███  ░░░░░███░░░███░
     ░███ ░███   ███████  ░███ ░███ ░███ ░███░███ ░░░  ░███ ░███   ███████  ░███
     ░███ ░███  ███░░███  ░███ ░███ ░███ ░███░███  ███ ░███ ░███  ███░░███  ░███ ███
     ████ █████░░████████ ████ █████░░██████ ░░██████  ████ █████░░███████  ░░█████
    ░░░░ ░░░░░  ░░░░░░░░ ░░░░ ░░░░░  ░░░░░░   ░░░░░░  ░░░░ ░░░░░  ░░░░░░░░   ░░░░░
    
Autodetected device type: cuda
2026-09-27 15:18:18,853 - nanochat.common - [32m[1mINFO[0m - Distributed world size: 1
2026-09-27 15:18:18,853 - nanochat.common - [33m[1mWARNING[0m - Peak flops undefined for: NVIDIA RTX PRO 6000 Blackwell Workstation Edition, MFU will show as 0%
GPU: NVIDIA RTX PRO 6000 Blackwell Workstation Edition | Peak FLOPS (BF16): inf
COMPUTE_DTYPE: torch.bfloat16 (auto-detected: CUDA SM 120 (bf16 supported))
!!!!!!!!!!!!!!!!!!!!!!!!!!!!!!!!!!!!!!!!!!!!!!!!!!!!!!!!!!!!!!!!!!!!!!!!!!!!!!!!
WARNING: Flash Attention 3 not available, using PyTorch SDPA fallback
WARNING: Training will be less efficient without FA3
!!!!!!!!!!!!!!!!!!!!!!!!!!!!!!!!!!!!!!!!!!!!!!!!!!!!!!!!!!!!!!!!!!!!!!!!!!!!!!!!
Vocab size: 32,768
Model config:
{
  "sequence_len": 2048,
  "vocab_size": 32768,
  "n_layer": 8,
  "n_head": 6,
  "n_kv_head": 6,
  "n_embd": 768,
  "window_pattern": "L",
  "n_prelude": 8,
  "n_core": 0,
  "n_coda": 0,
  "n_loop": 1
}
Parameter counts:
wte                     : 25,165,824
value_embeds            : 100,663,296
lm_head                 : 25,165,824
transformer_matrices    : 56,623,392
scalars                 : 42
total                   : 207,618,378
unique_layers           : 8
effective_layers        : 8
Estimated FLOPs per token: 6.417304e+08
Horizon and derived hyperparameters use reference layout 12: 110,100,912 scaling params (this model: 81,789,216)
Auto-computed optimal batch size: 524,288 tokens
Scaling the LR for the AdamW parameters ∝1/√(768/768) = 1.000000
Calculated number of iterations from target data:param ratio: 2,520
Total number of training tokens: 1,321,205,760
Tokens : Scaling params ratio: 16.15
Total training FLOPs estimate: 8.478579e+17
Parameter table:
  unique block params                     : 56,623,392
  lm_head                                 : 25,165,824
  wte                                     : 25,165,824
  value embed params (lookups, no FLOPs)  : 100,663,296
  scalars                                 : 42
  unique layers U                         : 8
  effective layers E                      : 8
  FLOPs per token                         : 641,730,384
Tokens / micro-batch / rank: 32 x 2048 = 65,536
Tokens / micro-batch: 65,536
Total batch size 524,288 => gradient accumulation steps: 8
Step 00000 | Validation bpb: 3.171081
step 00000/02520 (0.00%) | loss: 10.397022 | lrm: 0.03 | dt: 19698.01ms | tok/sec: 26,616 | bf16_mfu: 0.00 | epoch: 1 pq: 0 rg: 1 | total time: 0.00m
step 00001/02520 (0.04%) | loss: 10.384681 | lrm: 0.05 | dt: 1377.92ms | tok/sec: 380,493 | bf16_mfu: 0.00 | epoch: 1 pq: 0 rg: 2 | total time: 0.00m
step 00002/02520 (0.08%) | loss: 10.362558 | lrm: 0.07 | dt: 1388.95ms | tok/sec: 377,470 | bf16_mfu: 0.00 | epoch: 1 pq: 0 rg: 3 | total time: 0.00m
step 00003/02520 (0.12%) | loss: 10.328530 | lrm: 0.10 | dt: 1393.26ms | tok/sec: 376,302 | bf16_mfu: 0.00 | epoch: 1 pq: 0 rg: 4 | total time: 0.00m
step 00004/02520 (0.16%) | loss: 10.278942 | lrm: 0.12 | dt: 1395.29ms | tok/sec: 375,756 | bf16_mfu: 0.00 | epoch: 1 pq: 0 rg: 5 | total time: 0.00m
step 00005/02520 (0.20%) | loss: 10.201225 | lrm: 0.15 | dt: 1401.51ms | tok/sec: 374,088 | bf16_mfu: 0.00 | epoch: 1 pq: 0 rg: 6 | total time: 0.00m
step 00006/02520 (0.24%) | loss: 10.082744 | lrm: 0.17 | dt: 1389.86ms | tok/sec: 377,222 | bf16_mfu: 0.00 | epoch: 1 pq: 0 rg: 7 | total time: 0.00m
step 00007/02520 (0.28%) | loss: 9.887741 | lrm: 0.20 | dt: 1392.68ms | tok/sec: 376,459 | bf16_mfu: 0.00 | epoch: 1 pq: 0 rg: 8 | total time: 0.00m
step 00008/02520 (0.32%) | loss: 9.588170 | lrm: 0.23 | dt: 1395.14ms | tok/sec: 375,795 | bf16_mfu: 0.00 | epoch: 1 pq: 0 rg: 10 | total time: 0.00m
step 00009/02520 (0.36%) | loss: 9.350563 | lrm: 0.25 | dt: 1394.50ms | tok/sec: 375,969 | bf16_mfu: 0.00 | epoch: 1 pq: 0 rg: 11 | total time: 0.00m
step 00010/02520 (0.40%) | loss: 9.105685 | lrm: 0.28 | dt: 1396.31ms | tok/sec: 375,482 | bf16_mfu: 0.00 | epoch: 1 pq: 0 rg: 12 | total time: 0.00m
step 00011/02520 (0.44%) | loss: 8.856064 | lrm: 0.30 | dt: 1400.11ms | tok/sec: 374,461 | bf16_mfu: 0.00 | epoch: 1 pq: 0 rg: 13 | total time: 0.02m | eta: 58.5m
step 00012/02520 (0.48%) | loss: 8.624697 | lrm: 0.33 | dt: 1403.87ms | tok/sec: 373,459 | bf16_mfu: 0.00 | epoch: 1 pq: 0 rg: 14 | total time: 0.05m | eta: 58.6m
step 00013/02520 (0.52%) | loss: 8.409846 | lrm: 0.35 | dt: 1404.75ms | tok/sec: 373,224 | bf16_mfu: 0.00 | epoch: 1 pq: 0 rg: 15 | total time: 0.07m | eta: 58.6m
step 00014/02520 (0.56%) | loss: 8.214368 | lrm: 0.38 | dt: 1414.33ms | tok/sec: 370,696 | bf16_mfu: 0.00 | epoch: 1 pq: 0 rg: 16 | total time: 0.09m | eta: 58.7m
step 00015/02520 (0.60%) | loss: 8.019296 | lrm: 0.40 | dt: 1412.22ms | tok/sec: 371,249 | bf16_mfu: 0.00 | epoch: 1 pq: 0 rg: 17 | total time: 0.12m | eta: 58.7m
step 00016/02520 (0.63%) | loss: 7.829307 | lrm: 0.42 | dt: 1418.23ms | tok/sec: 369,677 | bf16_mfu: 0.00 | epoch: 1 pq: 0 rg: 18 | total time: 0.14m | eta: 58.8m
step 00017/02520 (0.67%) | loss: 7.663464 | lrm: 0.45 | dt: 1425.49ms | tok/sec: 367,794 | bf16_mfu: 0.00 | epoch: 1 pq: 0 rg: 19 | total time: 0.16m | eta: 58.9m
step 00018/02520 (0.71%) | loss: 7.511686 | lrm: 0.47 | dt: 1415.32ms | tok/sec: 370,438 | bf16_mfu: 0.00 | epoch: 1 pq: 0 rg: 20 | total time: 0.19m | eta: 58.9m
step 00019/02520 (0.75%) | loss: 7.375553 | lrm: 0.50 | dt: 1418.88ms | tok/sec: 369,509 | bf16_mfu: 0.00 | epoch: 1 pq: 0 rg: 21 | total time: 0.21m | eta: 58.9m
step 00020/02520 (0.79%) | loss: 7.248565 | lrm: 0.53 | dt: 1421.09ms | tok/sec: 368,933 | bf16_mfu: 0.00 | epoch: 1 pq: 0 rg: 22 | total time: 0.24m | eta: 58.9m
step 00021/02520 (0.83%) | loss: 7.122761 | lrm: 0.55 | dt: 1422.32ms | tok/sec: 368,613 | bf16_mfu: 0.00 | epoch: 1 pq: 0 rg: 23 | total time: 0.26m | eta: 58.9m
step 00022/02520 (0.87%) | loss: 7.017459 | lrm: 0.57 | dt: 1425.13ms | tok/sec: 367,887 | bf16_mfu: 0.00 | epoch: 1 pq: 0 rg: 24 | total time: 0.28m | eta: 58.9m
step 00023/02520 (0.91%) | loss: 6.910964 | lrm: 0.60 | dt: 1430.47ms | tok/sec: 366,513 | bf16_mfu: 0.00 | epoch: 1 pq: 0 rg: 26 | total time: 0.31m | eta: 58.9m
step 00024/02520 (0.95%) | loss: 6.813636 | lrm: 0.62 | dt: 1443.43ms | tok/sec: 363,222 | bf16_mfu: 0.00 | epoch: 1 pq: 0 rg: 27 | total time: 0.33m | eta: 59.0m
step 00025/02520 (0.99%) | loss: 6.724041 | lrm: 0.65 | dt: 1441.04ms | tok/sec: 363,825 | bf16_mfu: 0.00 | epoch: 1 pq: 0 rg: 28 | total time: 0.35m | eta: 59.0m
step 00026/02520 (1.03%) | loss: 6.643070 | lrm: 0.68 | dt: 1450.02ms | tok/sec: 361,572 | bf16_mfu: 0.00 | epoch: 1 pq: 0 rg: 29 | total time: 0.38m | eta: 59.1m
step 00027/02520 (1.07%) | loss: 6.562276 | lrm: 0.70 | dt: 1443.75ms | tok/sec: 363,142 | bf16_mfu: 0.00 | epoch: 1 pq: 0 rg: 30 | total time: 0.40m | eta: 59.1m
step 00028/02520 (1.11%) | loss: 6.494474 | lrm: 0.72 | dt: 1432.70ms | tok/sec: 365,944 | bf16_mfu: 0.00 | epoch: 1 pq: 0 rg: 31 | total time: 0.43m | eta: 59.1m
step 00029/02520 (1.15%) | loss: 6.441035 | lrm: 0.75 | dt: 1451.75ms | tok/sec: 361,141 | bf16_mfu: 0.00 | epoch: 1 pq: 0 rg: 32 | total time: 0.45m | eta: 59.2m
step 00030/02520 (1.19%) | loss: 6.383417 | lrm: 0.78 | dt: 1434.38ms | tok/sec: 365,516 | bf16_mfu: 0.00 | epoch: 1 pq: 0 rg: 33 | total time: 0.48m | eta: 59.2m
step 00031/02520 (1.23%) | loss: 6.334160 | lrm: 0.80 | dt: 1450.68ms | tok/sec: 361,409 | bf16_mfu: 0.00 | epoch: 1 pq: 0 rg: 34 | total time: 0.50m | eta: 59.2m
step 00032/02520 (1.27%) | loss: 6.282077 | lrm: 0.82 | dt: 1435.57ms | tok/sec: 365,213 | bf16_mfu: 0.00 | epoch: 1 pq: 0 rg: 35 | total time: 0.52m | eta: 59.2m
step 00033/02520 (1.31%) | loss: 6.236624 | lrm: 0.85 | dt: 1423.10ms | tok/sec: 368,413 | bf16_mfu: 0.00 | epoch: 1 pq: 0 rg: 36 | total time: 0.55m | eta: 59.1m
step 00034/02520 (1.35%) | loss: 6.191358 | lrm: 0.88 | dt: 1425.66ms | tok/sec: 367,750 | bf16_mfu: 0.00 | epoch: 1 pq: 0 rg: 37 | total time: 0.57m | eta: 59.1m
step 00035/02520 (1.39%) | loss: 6.152096 | lrm: 0.90 | dt: 1411.45ms | tok/sec: 371,452 | bf16_mfu: 0.00 | epoch: 1 pq: 0 rg: 38 | total time: 0.59m | eta: 59.1m
step 00036/02520 (1.43%) | loss: 6.120089 | lrm: 0.93 | dt: 1411.48ms | tok/sec: 371,446 | bf16_mfu: 0.00 | epoch: 1 pq: 0 rg: 39 | total time: 0.62m | eta: 59.0m
step 00037/02520 (1.47%) | loss: 6.086647 | lrm: 0.95 | dt: 1422.07ms | tok/sec: 368,679 | bf16_mfu: 0.00 | epoch: 1 pq: 0 rg: 40 | total time: 0.64m | eta: 59.0m
step 00038/02520 (1.51%) | loss: 6.054905 | lrm: 0.97 | dt: 1412.72ms | tok/sec: 371,118 | bf16_mfu: 0.00 | epoch: 1 pq: 0 rg: 41 | total time: 0.67m | eta: 59.0m
step 00039/02520 (1.55%) | loss: 6.018343 | lrm: 1.00 | dt: 1413.66ms | tok/sec: 370,871 | bf16_mfu: 0.00 | epoch: 1 pq: 0 rg: 42 | total time: 0.69m | eta: 58.9m
step 00040/02520 (1.59%) | loss: 5.987471 | lrm: 1.00 | dt: 1414.62ms | tok/sec: 370,621 | bf16_mfu: 0.00 | epoch: 1 pq: 0 rg: 43 | total time: 0.71m | eta: 58.9m
step 00041/02520 (1.63%) | loss: 5.960989 | lrm: 1.00 | dt: 1416.60ms | tok/sec: 370,104 | bf16_mfu: 0.00 | epoch: 1 pq: 0 rg: 44 | total time: 0.74m | eta: 58.8m
step 00042/02520 (1.67%) | loss: 5.946144 | lrm: 1.00 | dt: 1425.48ms | tok/sec: 367,796 | bf16_mfu: 0.00 | epoch: 1 pq: 0 rg: 44 | total time: 0.76m | eta: 58.8m
step 00043/02520 (1.71%) | loss: 5.926953 | lrm: 1.00 | dt: 1417.67ms | tok/sec: 369,822 | bf16_mfu: 0.00 | epoch: 1 pq: 0 rg: 45 | total time: 0.78m | eta: 58.8m
step 00044/02520 (1.75%) | loss: 5.894152 | lrm: 1.00 | dt: 1439.06ms | tok/sec: 364,326 | bf16_mfu: 0.00 | epoch: 1 pq: 0 rg: 46 | total time: 0.81m | eta: 58.8m
step 00045/02520 (1.79%) | loss: 5.865267 | lrm: 1.00 | dt: 1424.02ms | tok/sec: 368,174 | bf16_mfu: 0.00 | epoch: 1 pq: 0 rg: 47 | total time: 0.83m | eta: 58.8m
step 00046/02520 (1.83%) | loss: 5.842151 | lrm: 1.00 | dt: 1423.46ms | tok/sec: 368,320 | bf16_mfu: 0.00 | epoch: 1 pq: 0 rg: 48 | total time: 0.85m | eta: 58.7m
step 00047/02520 (1.87%) | loss: 5.817461 | lrm: 1.00 | dt: 1444.66ms | tok/sec: 362,913 | bf16_mfu: 0.00 | epoch: 1 pq: 0 rg: 49 | total time: 0.88m | eta: 58.7m
step 00048/02520 (1.90%) | loss: 5.790850 | lrm: 1.00 | dt: 1431.43ms | tok/sec: 366,268 | bf16_mfu: 0.00 | epoch: 1 pq: 0 rg: 50 | total time: 0.90m | eta: 58.7m
step 00049/02520 (1.94%) | loss: 5.766564 | lrm: 1.00 | dt: 1427.93ms | tok/sec: 367,167 | bf16_mfu: 0.00 | epoch: 1 pq: 0 rg: 51 | total time: 0.93m | eta: 58.7m
step 00050/02520 (1.98%) | loss: 5.742788 | lrm: 1.00 | dt: 1424.03ms | tok/sec: 368,171 | bf16_mfu: 0.00 | epoch: 1 pq: 0 rg: 52 | total time: 0.95m | eta: 58.7m
step 00051/02520 (2.02%) | loss: 5.714721 | lrm: 1.00 | dt: 1425.64ms | tok/sec: 367,757 | bf16_mfu: 0.00 | epoch: 1 pq: 0 rg: 53 | total time: 0.97m | eta: 58.6m
step 00052/02520 (2.06%) | loss: 5.695926 | lrm: 1.00 | dt: 1430.96ms | tok/sec: 366,389 | bf16_mfu: 0.00 | epoch: 1 pq: 0 rg: 54 | total time: 1.00m | eta: 58.6m
step 00053/02520 (2.10%) | loss: 5.668815 | lrm: 1.00 | dt: 1430.52ms | tok/sec: 366,500 | bf16_mfu: 0.00 | epoch: 1 pq: 0 rg: 55 | total time: 1.02m | eta: 58.6m
step 00054/02520 (2.14%) | loss: 5.640764 | lrm: 1.00 | dt: 1430.29ms | tok/sec: 366,561 | bf16_mfu: 0.00 | epoch: 1 pq: 0 rg: 56 | total time: 1.05m | eta: 58.6m
step 00055/02520 (2.18%) | loss: 5.626415 | lrm: 1.00 | dt: 1447.04ms | tok/sec: 362,317 | bf16_mfu: 0.00 | epoch: 1 pq: 0 rg: 57 | total time: 1.07m | eta: 58.6m
step 00056/02520 (2.22%) | loss: 5.607555 | lrm: 1.00 | dt: 1445.39ms | tok/sec: 362,730 | bf16_mfu: 0.00 | epoch: 1 pq: 0 rg: 58 | total time: 1.09m | eta: 58.6m
step 00057/02520 (2.26%) | loss: 5.585116 | lrm: 1.00 | dt: 1451.52ms | tok/sec: 361,199 | bf16_mfu: 0.00 | epoch: 1 pq: 0 rg: 59 | total time: 1.12m | eta: 58.6m
step 00058/02520 (2.30%) | loss: 5.563329 | lrm: 1.00 | dt: 1455.97ms | tok/sec: 360,094 | bf16_mfu: 0.00 | epoch: 1 pq: 0 rg: 60 | total time: 1.14m | eta: 58.6m
step 00059/02520 (2.34%) | loss: 5.547531 | lrm: 1.00 | dt: 1448.59ms | tok/sec: 361,930 | bf16_mfu: 0.00 | epoch: 1 pq: 0 rg: 61 | total time: 1.17m | eta: 58.6m
step 00060/02520 (2.38%) | loss: 5.515078 | lrm: 1.00 | dt: 1441.57ms | tok/sec: 363,693 | bf16_mfu: 0.00 | epoch: 1 pq: 0 rg: 62 | total time: 1.19m | eta: 58.6m
step 00061/02520 (2.42%) | loss: 5.486907 | lrm: 1.00 | dt: 1432.50ms | tok/sec: 365,995 | bf16_mfu: 0.00 | epoch: 1 pq: 0 rg: 63 | total time: 1.21m | eta: 58.5m
step 00062/02520 (2.46%) | loss: 5.467392 | lrm: 1.00 | dt: 1438.23ms | tok/sec: 364,537 | bf16_mfu: 0.00 | epoch: 1 pq: 0 rg: 64 | total time: 1.24m | eta: 58.5m
step 00063/02520 (2.50%) | loss: 5.440952 | lrm: 1.00 | dt: 1444.18ms | tok/sec: 363,036 | bf16_mfu: 0.00 | epoch: 1 pq: 0 rg: 65 | total time: 1.26m | eta: 58.5m
step 00064/02520 (2.54%) | loss: 5.426439 | lrm: 1.00 | dt: 1434.59ms | tok/sec: 365,461 | bf16_mfu: 0.00 | epoch: 1 pq: 0 rg: 66 | total time: 1.29m | eta: 58.5m
step 00065/02520 (2.58%) | loss: 5.402272 | lrm: 1.00 | dt: 1439.90ms | tok/sec: 364,113 | bf16_mfu: 0.00 | epoch: 1 pq: 0 rg: 67 | total time: 1.31m | eta: 58.5m
step 00066/02520 (2.62%) | loss: 5.381458 | lrm: 1.00 | dt: 1464.90ms | tok/sec: 357,899 | bf16_mfu: 0.00 | epoch: 1 pq: 0 rg: 68 | total time: 1.33m | eta: 58.5m
step 00067/02520 (2.66%) | loss: 5.359655 | lrm: 1.00 | dt: 1461.85ms | tok/sec: 358,646 | bf16_mfu: 0.00 | epoch: 1 pq: 0 rg: 69 | total time: 1.36m | eta: 58.5m
step 00068/02520 (2.70%) | loss: 5.338770 | lrm: 1.00 | dt: 1463.48ms | tok/sec: 358,247 | bf16_mfu: 0.00 | epoch: 1 pq: 0 rg: 70 | total time: 1.38m | eta: 58.5m
step 00069/02520 (2.74%) | loss: 5.318571 | lrm: 1.00 | dt: 1473.09ms | tok/sec: 355,909 | bf16_mfu: 0.00 | epoch: 1 pq: 0 rg: 71 | total time: 1.41m | eta: 58.5m
step 00070/02520 (2.78%) | loss: 5.299753 | lrm: 1.00 | dt: 1466.69ms | tok/sec: 357,463 | bf16_mfu: 0.00 | epoch: 1 pq: 0 rg: 72 | total time: 1.43m | eta: 58.5m
step 00071/02520 (2.82%) | loss: 5.281995 | lrm: 1.00 | dt: 1476.69ms | tok/sec: 355,042 | bf16_mfu: 0.00 | epoch: 1 pq: 0 rg: 73 | total time: 1.46m | eta: 58.5m
step 00072/02520 (2.86%) | loss: 5.275229 | lrm: 1.00 | dt: 1466.49ms | tok/sec: 357,512 | bf16_mfu: 0.00 | epoch: 1 pq: 0 rg: 74 | total time: 1.48m | eta: 58.5m
step 00073/02520 (2.90%) | loss: 5.250420 | lrm: 1.00 | dt: 1473.73ms | tok/sec: 355,755 | bf16_mfu: 0.00 | epoch: 1 pq: 0 rg: 74 | total time: 1.51m | eta: 58.5m
step 00074/02520 (2.94%) | loss: 5.225549 | lrm: 1.00 | dt: 1484.97ms | tok/sec: 353,064 | bf16_mfu: 0.00 | epoch: 1 pq: 0 rg: 75 | total time: 1.53m | eta: 58.5m
step 00075/02520 (2.98%) | loss: 5.199864 | lrm: 1.00 | dt: 1489.77ms | tok/sec: 351,924 | bf16_mfu: 0.00 | epoch: 1 pq: 0 rg: 76 | total time: 1.56m | eta: 58.5m
step 00076/02520 (3.02%) | loss: 5.176464 | lrm: 1.00 | dt: 1508.37ms | tok/sec: 347,584 | bf16_mfu: 0.00 | epoch: 1 pq: 0 rg: 77 | total time: 1.58m | eta: 58.5m
step 00077/02520 (3.06%) | loss: 5.169126 | lrm: 1.00 | dt: 1514.70ms | tok/sec: 346,134 | bf16_mfu: 0.00 | epoch: 1 pq: 0 rg: 78 | total time: 1.61m | eta: 58.6m
step 00078/02520 (3.10%) | loss: 5.147354 | lrm: 1.00 | dt: 1517.10ms | tok/sec: 345,585 | bf16_mfu: 0.00 | epoch: 1 pq: 0 rg: 79 | total time: 1.63m | eta: 58.6m
step 00079/02520 (3.13%) | loss: 5.131103 | lrm: 1.00 | dt: 1502.94ms | tok/sec: 348,841 | bf16_mfu: 0.00 | epoch: 1 pq: 0 rg: 80 | total time: 1.66m | eta: 58.6m
step 00080/02520 (3.17%) | loss: 5.109666 | lrm: 1.00 | dt: 1513.26ms | tok/sec: 346,462 | bf16_mfu: 0.00 | epoch: 1 pq: 0 rg: 81 | total time: 1.68m | eta: 58.6m
step 00081/02520 (3.21%) | loss: 5.101787 | lrm: 1.00 | dt: 1508.30ms | tok/sec: 347,602 | bf16_mfu: 0.00 | epoch: 1 pq: 0 rg: 82 | total time: 1.71m | eta: 58.6m
step 00082/02520 (3.25%) | loss: 5.089516 | lrm: 1.00 | dt: 1511.12ms | tok/sec: 346,952 | bf16_mfu: 0.00 | epoch: 1 pq: 0 rg: 83 | total time: 1.73m | eta: 58.6m
step 00083/02520 (3.29%) | loss: 5.071897 | lrm: 1.00 | dt: 1511.98ms | tok/sec: 346,756 | bf16_mfu: 0.00 | epoch: 1 pq: 1 rg: 0 | total time: 1.76m | eta: 58.6m
step 00084/02520 (3.33%) | loss: 5.055129 | lrm: 1.00 | dt: 1509.68ms | tok/sec: 347,285 | bf16_mfu: 0.00 | epoch: 1 pq: 1 rg: 1 | total time: 1.78m | eta: 58.7m
step 00085/02520 (3.37%) | loss: 5.035152 | lrm: 1.00 | dt: 1511.53ms | tok/sec: 346,859 | bf16_mfu: 0.00 | epoch: 1 pq: 1 rg: 2 | total time: 1.81m | eta: 58.7m
step 00086/02520 (3.41%) | loss: 5.019506 | lrm: 1.00 | dt: 1512.10ms | tok/sec: 346,728 | bf16_mfu: 0.00 | epoch: 1 pq: 1 rg: 3 | total time: 1.83m | eta: 58.7m
step 00087/02520 (3.45%) | loss: 5.004352 | lrm: 1.00 | dt: 1518.75ms | tok/sec: 345,209 | bf16_mfu: 0.00 | epoch: 1 pq: 1 rg: 4 | total time: 1.86m | eta: 58.7m
step 00088/02520 (3.49%) | loss: 4.993158 | lrm: 1.00 | dt: 1519.13ms | tok/sec: 345,124 | bf16_mfu: 0.00 | epoch: 1 pq: 1 rg: 5 | total time: 1.88m | eta: 58.7m
step 00089/02520 (3.53%) | loss: 4.981889 | lrm: 1.00 | dt: 1510.08ms | tok/sec: 347,191 | bf16_mfu: 0.00 | epoch: 1 pq: 1 rg: 6 | total time: 1.91m | eta: 58.7m
step 00090/02520 (3.57%) | loss: 4.964274 | lrm: 1.00 | dt: 1512.50ms | tok/sec: 346,637 | bf16_mfu: 0.00 | epoch: 1 pq: 1 rg: 7 | total time: 1.93m | eta: 58.7m
step 00091/02520 (3.61%) | loss: 4.943221 | lrm: 1.00 | dt: 1514.02ms | tok/sec: 346,288 | bf16_mfu: 0.00 | epoch: 1 pq: 1 rg: 8 | total time: 1.96m | eta: 58.7m
step 00092/02520 (3.65%) | loss: 4.934145 | lrm: 1.00 | dt: 1521.54ms | tok/sec: 344,577 | bf16_mfu: 0.00 | epoch: 1 pq: 1 rg: 9 | total time: 1.98m | eta: 58.7m
step 00093/02520 (3.69%) | loss: 4.924588 | lrm: 1.00 | dt: 1519.43ms | tok/sec: 345,055 | bf16_mfu: 0.00 | epoch: 1 pq: 1 rg: 10 | total time: 2.01m | eta: 58.8m
step 00094/02520 (3.73%) | loss: 4.911981 | lrm: 1.00 | dt: 1513.32ms | tok/sec: 346,448 | bf16_mfu: 0.00 | epoch: 1 pq: 1 rg: 11 | total time: 2.03m | eta: 58.8m
step 00095/02520 (3.77%) | loss: 4.890639 | lrm: 1.00 | dt: 1513.57ms | tok/sec: 346,392 | bf16_mfu: 0.00 | epoch: 1 pq: 1 rg: 12 | total time: 2.06m | eta: 58.8m
step 00096/02520 (3.81%) | loss: 4.880982 | lrm: 1.00 | dt: 1493.35ms | tok/sec: 351,081 | bf16_mfu: 0.00 | epoch: 1 pq: 1 rg: 13 | total time: 2.08m | eta: 58.8m
step 00097/02520 (3.85%) | loss: 4.859533 | lrm: 1.00 | dt: 1486.56ms | tok/sec: 352,684 | bf16_mfu: 0.00 | epoch: 1 pq: 1 rg: 14 | total time: 2.11m | eta: 58.7m
step 00098/02520 (3.89%) | loss: 4.850204 | lrm: 1.00 | dt: 1488.56ms | tok/sec: 352,211 | bf16_mfu: 0.00 | epoch: 1 pq: 1 rg: 15 | total time: 2.13m | eta: 58.7m
step 00099/02520 (3.93%) | loss: 4.841544 | lrm: 1.00 | dt: 1491.53ms | tok/sec: 351,510 | bf16_mfu: 0.00 | epoch: 1 pq: 1 rg: 16 | total time: 2.16m | eta: 58.7m
step 00100/02520 (3.97%) | loss: 4.816646 | lrm: 1.00 | dt: 1482.05ms | tok/sec: 353,757 | bf16_mfu: 0.00 | epoch: 1 pq: 1 rg: 17 | total time: 2.18m | eta: 58.7m
step 00101/02520 (4.01%) | loss: 4.810701 | lrm: 1.00 | dt: 1474.84ms | tok/sec: 355,488 | bf16_mfu: 0.00 | epoch: 1 pq: 1 rg: 18 | total time: 2.21m | eta: 58.7m
step 00102/02520 (4.05%) | loss: 4.799295 | lrm: 1.00 | dt: 1487.72ms | tok/sec: 352,410 | bf16_mfu: 0.00 | epoch: 1 pq: 1 rg: 19 | total time: 2.23m | eta: 58.7m
step 00103/02520 (4.09%) | loss: 4.791583 | lrm: 1.00 | dt: 1484.76ms | tok/sec: 353,113 | bf16_mfu: 0.00 | epoch: 1 pq: 1 rg: 20 | total time: 2.26m | eta: 58.7m
step 00104/02520 (4.13%) | loss: 4.779925 | lrm: 1.00 | dt: 1480.03ms | tok/sec: 354,241 | bf16_mfu: 0.00 | epoch: 1 pq: 1 rg: 21 | total time: 2.28m | eta: 58.7m
step 00105/02520 (4.17%) | loss: 4.768299 | lrm: 1.00 | dt: 1477.61ms | tok/sec: 354,820 | bf16_mfu: 0.00 | epoch: 1 pq: 1 rg: 22 | total time: 2.31m | eta: 58.7m
step 00106/02520 (4.21%) | loss: 4.752598 | lrm: 1.00 | dt: 1485.44ms | tok/sec: 352,950 | bf16_mfu: 0.00 | epoch: 1 pq: 1 rg: 23 | total time: 2.33m | eta: 58.6m
step 00107/02520 (4.25%) | loss: 4.743277 | lrm: 1.00 | dt: 1482.81ms | tok/sec: 353,578 | bf16_mfu: 0.00 | epoch: 1 pq: 1 rg: 24 | total time: 2.36m | eta: 58.6m
step 00108/02520 (4.29%) | loss: 4.734381 | lrm: 1.00 | dt: 1476.70ms | tok/sec: 355,039 | bf16_mfu: 0.00 | epoch: 1 pq: 1 rg: 25 | total time: 2.38m | eta: 58.6m
step 00109/02520 (4.33%) | loss: 4.718238 | lrm: 1.00 | dt: 1476.99ms | tok/sec: 354,969 | bf16_mfu: 0.00 | epoch: 1 pq: 1 rg: 26 | total time: 2.41m | eta: 58.6m
step 00110/02520 (4.37%) | loss: 4.696904 | lrm: 1.00 | dt: 1478.21ms | tok/sec: 354,677 | bf16_mfu: 0.00 | epoch: 1 pq: 1 rg: 26 | total time: 2.43m | eta: 58.6m
step 00111/02520 (4.40%) | loss: 4.676874 | lrm: 1.00 | dt: 1491.26ms | tok/sec: 351,575 | bf16_mfu: 0.00 | epoch: 1 pq: 1 rg: 27 | total time: 2.46m | eta: 58.6m
step 00112/02520 (4.44%) | loss: 4.668215 | lrm: 1.00 | dt: 1485.66ms | tok/sec: 352,900 | bf16_mfu: 0.00 | epoch: 1 pq: 1 rg: 28 | total time: 2.48m | eta: 58.6m
step 00113/02520 (4.48%) | loss: 4.654514 | lrm: 1.00 | dt: 1484.89ms | tok/sec: 353,082 | bf16_mfu: 0.00 | epoch: 1 pq: 1 rg: 29 | total time: 2.50m | eta: 58.5m
step 00114/02520 (4.52%) | loss: 4.649008 | lrm: 1.00 | dt: 1480.48ms | tok/sec: 354,134 | bf16_mfu: 0.00 | epoch: 1 pq: 1 rg: 30 | total time: 2.53m | eta: 58.5m
step 00115/02520 (4.56%) | loss: 4.634958 | lrm: 1.00 | dt: 1479.00ms | tok/sec: 354,487 | bf16_mfu: 0.00 | epoch: 1 pq: 1 rg: 31 | total time: 2.55m | eta: 58.5m
step 00116/02520 (4.60%) | loss: 4.620787 | lrm: 1.00 | dt: 1479.89ms | tok/sec: 354,275 | bf16_mfu: 0.00 | epoch: 1 pq: 1 rg: 32 | total time: 2.58m | eta: 58.5m
step 00117/02520 (4.64%) | loss: 4.606914 | lrm: 1.00 | dt: 1480.84ms | tok/sec: 354,048 | bf16_mfu: 0.00 | epoch: 1 pq: 1 rg: 33 | total time: 2.60m | eta: 58.5m
step 00118/02520 (4.68%) | loss: 4.600296 | lrm: 1.00 | dt: 1482.32ms | tok/sec: 353,694 | bf16_mfu: 0.00 | epoch: 1 pq: 1 rg: 34 | total time: 2.63m | eta: 58.5m
step 00119/02520 (4.72%) | loss: 4.586927 | lrm: 1.00 | dt: 1481.79ms | tok/sec: 353,820 | bf16_mfu: 0.00 | epoch: 1 pq: 1 rg: 35 | total time: 2.65m | eta: 58.4m
step 00120/02520 (4.76%) | loss: 4.564480 | lrm: 1.00 | dt: 1483.57ms | tok/sec: 353,395 | bf16_mfu: 0.00 | epoch: 1 pq: 1 rg: 36 | total time: 2.68m | eta: 58.4m
step 00121/02520 (4.80%) | loss: 4.538235 | lrm: 1.00 | dt: 1486.13ms | tok/sec: 352,786 | bf16_mfu: 0.00 | epoch: 1 pq: 1 rg: 37 | total time: 2.70m | eta: 58.4m
step 00122/02520 (4.84%) | loss: 4.537897 | lrm: 1.00 | dt: 1482.09ms | tok/sec: 353,750 | bf16_mfu: 0.00 | epoch: 1 pq: 1 rg: 38 | total time: 2.73m | eta: 58.4m
step 00123/02520 (4.88%) | loss: 4.525191 | lrm: 1.00 | dt: 1484.34ms | tok/sec: 353,213 | bf16_mfu: 0.00 | epoch: 1 pq: 1 rg: 39 | total time: 2.75m | eta: 58.4m
step 00124/02520 (4.92%) | loss: 4.513817 | lrm: 1.00 | dt: 1486.64ms | tok/sec: 352,666 | bf16_mfu: 0.00 | epoch: 1 pq: 1 rg: 40 | total time: 2.78m | eta: 58.4m
step 00125/02520 (4.96%) | loss: 4.501858 | lrm: 1.00 | dt: 1486.46ms | tok/sec: 352,709 | bf16_mfu: 0.00 | epoch: 1 pq: 1 rg: 41 | total time: 2.80m | eta: 58.3m
2026-09-27 15:22:31,360 - nanochat.checkpoint_manager - [32m[1mINFO[0m - Saved model parameters to: /home/neo/.cache/nanochat/base_checkpoints/looped_B8_lr1_lr1_h1.0_s0/model_000126.pt
2026-09-27 15:22:31,840 - nanochat.checkpoint_manager - [32m[1mINFO[0m - Saved optimizer state to: /home/neo/.cache/nanochat/base_checkpoints/looped_B8_lr1_lr1_h1.0_s0/optim_000126_rank0.pt
2026-09-27 15:22:31,841 - nanochat.checkpoint_manager - [32m[1mINFO[0m - Saved metadata to: /home/neo/.cache/nanochat/base_checkpoints/looped_B8_lr1_lr1_h1.0_s0/meta_000126.json
step 00126/02520 (5.00%) | loss: 4.476403 | lrm: 1.00 | dt: 1469.19ms | tok/sec: 356,856 | bf16_mfu: 0.00 | epoch: 1 pq: 1 rg: 42 | total time: 2.83m | eta: 58.3m
step 00127/02520 (5.04%) | loss: 4.459395 | lrm: 1.00 | dt: 1484.57ms | tok/sec: 353,157 | bf16_mfu: 0.00 | epoch: 1 pq: 1 rg: 43 | total time: 2.85m | eta: 58.3m
step 00128/02520 (5.08%) | loss: 4.453932 | lrm: 1.00 | dt: 1480.66ms | tok/sec: 354,091 | bf16_mfu: 0.00 | epoch: 1 pq: 1 rg: 44 | total time: 2.88m | eta: 58.3m
step 00129/02520 (5.12%) | loss: 4.450829 | lrm: 1.00 | dt: 1481.35ms | tok/sec: 353,926 | bf16_mfu: 0.00 | epoch: 1 pq: 1 rg: 45 | total time: 2.90m | eta: 58.3m
step 00130/02520 (5.16%) | loss: 4.442242 | lrm: 1.00 | dt: 1483.13ms | tok/sec: 353,500 | bf16_mfu: 0.00 | epoch: 1 pq: 1 rg: 46 | total time: 2.92m | eta: 58.3m
step 00131/02520 (5.20%) | loss: 4.426953 | lrm: 1.00 | dt: 1470.74ms | tok/sec: 356,479 | bf16_mfu: 0.00 | epoch: 1 pq: 1 rg: 47 | total time: 2.95m | eta: 58.2m
step 00132/02520 (5.24%) | loss: 4.415148 | lrm: 1.00 | dt: 1460.83ms | tok/sec: 358,896 | bf16_mfu: 0.00 | epoch: 1 pq: 1 rg: 48 | total time: 2.97m | eta: 58.2m
step 00133/02520 (5.28%) | loss: 4.406694 | lrm: 1.00 | dt: 1463.10ms | tok/sec: 358,339 | bf16_mfu: 0.00 | epoch: 1 pq: 1 rg: 49 | total time: 3.00m | eta: 58.2m
step 00134/02520 (5.32%) | loss: 4.396357 | lrm: 1.00 | dt: 1458.49ms | tok/sec: 359,471 | bf16_mfu: 0.00 | epoch: 1 pq: 1 rg: 50 | total time: 3.02m | eta: 58.2m
step 00135/02520 (5.36%) | loss: 4.385315 | lrm: 1.00 | dt: 1458.39ms | tok/sec: 359,498 | bf16_mfu: 0.00 | epoch: 1 pq: 1 rg: 51 | total time: 3.05m | eta: 58.1m
step 00136/02520 (5.40%) | loss: 4.367750 | lrm: 1.00 | dt: 1458.47ms | tok/sec: 359,479 | bf16_mfu: 0.00 | epoch: 1 pq: 1 rg: 52 | total time: 3.07m | eta: 58.1m
step 00137/02520 (5.44%) | loss: 4.357608 | lrm: 1.00 | dt: 1459.32ms | tok/sec: 359,267 | bf16_mfu: 0.00 | epoch: 1 pq: 1 rg: 53 | total time: 3.10m | eta: 58.1m
step 00138/02520 (5.48%) | loss: 4.345383 | lrm: 1.00 | dt: 1466.76ms | tok/sec: 357,446 | bf16_mfu: 0.00 | epoch: 1 pq: 1 rg: 54 | total time: 3.12m | eta: 58.1m
step 00139/02520 (5.52%) | loss: 4.331282 | lrm: 1.00 | dt: 1462.83ms | tok/sec: 358,407 | bf16_mfu: 0.00 | epoch: 1 pq: 1 rg: 55 | total time: 3.14m | eta: 58.0m
step 00140/02520 (5.56%) | loss: 4.312946 | lrm: 1.00 | dt: 1463.98ms | tok/sec: 358,124 | bf16_mfu: 0.00 | epoch: 1 pq: 1 rg: 56 | total time: 3.17m | eta: 58.0m
step 00141/02520 (5.60%) | loss: 4.306014 | lrm: 1.00 | dt: 1462.97ms | tok/sec: 358,373 | bf16_mfu: 0.00 | epoch: 1 pq: 1 rg: 57 | total time: 3.19m | eta: 58.0m
step 00142/02520 (5.63%) | loss: 4.294499 | lrm: 1.00 | dt: 1456.87ms | tok/sec: 359,872 | bf16_mfu: 0.00 | epoch: 1 pq: 1 rg: 57 | total time: 3.22m | eta: 58.0m
step 00143/02520 (5.67%) | loss: 4.282002 | lrm: 1.00 | dt: 1461.49ms | tok/sec: 358,734 | bf16_mfu: 0.00 | epoch: 1 pq: 1 rg: 58 | total time: 3.24m | eta: 57.9m
step 00144/02520 (5.71%) | loss: 4.279825 | lrm: 1.00 | dt: 1463.72ms | tok/sec: 358,187 | bf16_mfu: 0.00 | epoch: 1 pq: 1 rg: 59 | total time: 3.27m | eta: 57.9m
step 00145/02520 (5.75%) | loss: 4.262709 | lrm: 1.00 | dt: 1460.34ms | tok/sec: 359,016 | bf16_mfu: 0.00 | epoch: 1 pq: 1 rg: 60 | total time: 3.29m | eta: 57.9m
step 00146/02520 (5.79%) | loss: 4.260884 | lrm: 1.00 | dt: 1459.83ms | tok/sec: 359,144 | bf16_mfu: 0.00 | epoch: 1 pq: 1 rg: 61 | total time: 3.31m | eta: 57.9m
step 00147/02520 (5.83%) | loss: 4.265240 | lrm: 1.00 | dt: 1462.36ms | tok/sec: 358,520 | bf16_mfu: 0.00 | epoch: 1 pq: 1 rg: 62 | total time: 3.34m | eta: 57.8m
step 00148/02520 (5.87%) | loss: 4.250521 | lrm: 1.00 | dt: 1460.59ms | tok/sec: 358,957 | bf16_mfu: 0.00 | epoch: 1 pq: 1 rg: 63 | total time: 3.36m | eta: 57.8m
step 00149/02520 (5.91%) | loss: 4.230456 | lrm: 1.00 | dt: 1460.61ms | tok/sec: 358,951 | bf16_mfu: 0.00 | epoch: 1 pq: 1 rg: 64 | total time: 3.39m | eta: 57.8m
step 00150/02520 (5.95%) | loss: 4.227052 | lrm: 1.00 | dt: 1460.17ms | tok/sec: 359,058 | bf16_mfu: 0.00 | epoch: 1 pq: 1 rg: 65 | total time: 3.41m | eta: 57.8m
step 00151/02520 (5.99%) | loss: 4.216750 | lrm: 1.00 | dt: 1460.39ms | tok/sec: 359,004 | bf16_mfu: 0.00 | epoch: 1 pq: 1 rg: 66 | total time: 3.44m | eta: 57.7m
step 00152/02520 (6.03%) | loss: 4.204358 | lrm: 1.00 | dt: 1461.74ms | tok/sec: 358,674 | bf16_mfu: 0.00 | epoch: 1 pq: 1 rg: 67 | total time: 3.46m | eta: 57.7m
step 00153/02520 (6.07%) | loss: 4.193194 | lrm: 1.00 | dt: 1464.63ms | tok/sec: 357,965 | bf16_mfu: 0.00 | epoch: 1 pq: 1 rg: 68 | total time: 3.49m | eta: 57.7m
step 00154/02520 (6.11%) | loss: 4.188364 | lrm: 1.00 | dt: 1460.21ms | tok/sec: 359,049 | bf16_mfu: 0.00 | epoch: 1 pq: 1 rg: 69 | total time: 3.51m | eta: 57.7m
step 00155/02520 (6.15%) | loss: 4.171891 | lrm: 1.00 | dt: 1462.73ms | tok/sec: 358,430 | bf16_mfu: 0.00 | epoch: 1 pq: 1 rg: 70 | total time: 3.53m | eta: 57.6m
step 00156/02520 (6.19%) | loss: 4.153560 | lrm: 1.00 | dt: 1460.80ms | tok/sec: 358,903 | bf16_mfu: 0.00 | epoch: 1 pq: 1 rg: 71 | total time: 3.56m | eta: 57.6m
step 00157/02520 (6.23%) | loss: 4.134846 | lrm: 1.00 | dt: 1459.98ms | tok/sec: 359,106 | bf16_mfu: 0.00 | epoch: 1 pq: 1 rg: 72 | total time: 3.58m | eta: 57.6m
step 00158/02520 (6.27%) | loss: 4.113113 | lrm: 1.00 | dt: 1458.96ms | tok/sec: 359,357 | bf16_mfu: 0.00 | epoch: 1 pq: 1 rg: 73 | total time: 3.61m | eta: 57.6m
step 00159/02520 (6.31%) | loss: 4.112829 | lrm: 1.00 | dt: 1459.37ms | tok/sec: 359,256 | bf16_mfu: 0.00 | epoch: 1 pq: 1 rg: 74 | total time: 3.63m | eta: 57.5m
step 00160/02520 (6.35%) | loss: 4.104717 | lrm: 1.00 | dt: 1457.93ms | tok/sec: 359,611 | bf16_mfu: 0.00 | epoch: 1 pq: 1 rg: 75 | total time: 3.66m | eta: 57.5m
step 00161/02520 (6.39%) | loss: 4.095587 | lrm: 1.00 | dt: 1460.07ms | tok/sec: 359,082 | bf16_mfu: 0.00 | epoch: 1 pq: 1 rg: 76 | total time: 3.68m | eta: 57.5m
step 00162/02520 (6.43%) | loss: 4.079922 | lrm: 1.00 | dt: 1460.09ms | tok/sec: 359,080 | bf16_mfu: 0.00 | epoch: 1 pq: 1 rg: 77 | total time: 3.70m | eta: 57.5m
step 00163/02520 (6.47%) | loss: 4.065311 | lrm: 1.00 | dt: 1460.44ms | tok/sec: 358,993 | bf16_mfu: 0.00 | epoch: 1 pq: 1 rg: 78 | total time: 3.73m | eta: 57.4m
step 00164/02520 (6.51%) | loss: 4.045400 | lrm: 1.00 | dt: 1460.46ms | tok/sec: 358,987 | bf16_mfu: 0.00 | epoch: 1 pq: 1 rg: 79 | total time: 3.75m | eta: 57.4m
step 00165/02520 (6.55%) | loss: 4.042785 | lrm: 1.00 | dt: 1463.06ms | tok/sec: 358,349 | bf16_mfu: 0.00 | epoch: 1 pq: 1 rg: 80 | total time: 3.78m | eta: 57.4m
step 00166/02520 (6.59%) | loss: 4.035927 | lrm: 1.00 | dt: 1462.52ms | tok/sec: 358,482 | bf16_mfu: 0.00 | epoch: 1 pq: 1 rg: 81 | total time: 3.80m | eta: 57.4m
step 00167/02520 (6.63%) | loss: 4.026962 | lrm: 1.00 | dt: 1467.71ms | tok/sec: 357,215 | bf16_mfu: 0.00 | epoch: 1 pq: 1 rg: 82 | total time: 3.83m | eta: 57.3m
step 00168/02520 (6.67%) | loss: 4.020252 | lrm: 1.00 | dt: 1461.82ms | tok/sec: 358,654 | bf16_mfu: 0.00 | epoch: 1 pq: 1 rg: 83 | total time: 3.85m | eta: 57.3m
step 00169/02520 (6.71%) | loss: 3.999289 | lrm: 1.00 | dt: 1462.45ms | tok/sec: 358,500 | bf16_mfu: 0.00 | epoch: 1 pq: 2 rg: 0 | total time: 3.87m | eta: 57.3m
step 00170/02520 (6.75%) | loss: 3.983687 | lrm: 1.00 | dt: 1468.81ms | tok/sec: 356,947 | bf16_mfu: 0.00 | epoch: 1 pq: 2 rg: 1 | total time: 3.90m | eta: 57.3m
step 00171/02520 (6.79%) | loss: 3.969129 | lrm: 1.00 | dt: 1462.06ms | tok/sec: 358,594 | bf16_mfu: 0.00 | epoch: 1 pq: 2 rg: 2 | total time: 3.92m | eta: 57.2m
step 00172/02520 (6.83%) | loss: 3.965945 | lrm: 1.00 | dt: 1463.11ms | tok/sec: 358,337 | bf16_mfu: 0.00 | epoch: 1 pq: 2 rg: 3 | total time: 3.95m | eta: 57.2m
step 00173/02520 (6.87%) | loss: 3.979468 | lrm: 1.00 | dt: 1462.54ms | tok/sec: 358,478 | bf16_mfu: 0.00 | epoch: 1 pq: 2 rg: 4 | total time: 3.97m | eta: 57.2m
step 00174/02520 (6.90%) | loss: 3.959518 | lrm: 1.00 | dt: 1463.02ms | tok/sec: 358,360 | bf16_mfu: 0.00 | epoch: 1 pq: 2 rg: 5 | total time: 4.00m | eta: 57.2m
step 00175/02520 (6.94%) | loss: 3.950553 | lrm: 1.00 | dt: 1461.41ms | tok/sec: 358,755 | bf16_mfu: 0.00 | epoch: 1 pq: 2 rg: 6 | total time: 4.02m | eta: 57.1m
step 00176/02520 (6.98%) | loss: 3.945376 | lrm: 1.00 | dt: 1460.40ms | tok/sec: 359,003 | bf16_mfu: 0.00 | epoch: 1 pq: 2 rg: 7 | total time: 4.05m | eta: 57.1m
step 00177/02520 (7.02%) | loss: 3.945760 | lrm: 1.00 | dt: 1462.09ms | tok/sec: 358,587 | bf16_mfu: 0.00 | epoch: 1 pq: 2 rg: 8 | total time: 4.07m | eta: 57.1m
step 00178/02520 (7.06%) | loss: 3.931948 | lrm: 1.00 | dt: 1461.60ms | tok/sec: 358,707 | bf16_mfu: 0.00 | epoch: 1 pq: 2 rg: 9 | total time: 4.09m | eta: 57.1m
step 00179/02520 (7.10%) | loss: 3.927204 | lrm: 1.00 | dt: 1462.91ms | tok/sec: 358,387 | bf16_mfu: 0.00 | epoch: 1 pq: 2 rg: 10 | total time: 4.12m | eta: 57.1m
step 00180/02520 (7.14%) | loss: 3.909525 | lrm: 1.00 | dt: 1461.93ms | tok/sec: 358,626 | bf16_mfu: 0.00 | epoch: 1 pq: 2 rg: 10 | total time: 4.14m | eta: 57.0m
step 00181/02520 (7.18%) | loss: 3.920330 | lrm: 1.00 | dt: 1463.86ms | tok/sec: 358,153 | bf16_mfu: 0.00 | epoch: 1 pq: 2 rg: 11 | total time: 4.17m | eta: 57.0m
step 00182/02520 (7.22%) | loss: 3.894421 | lrm: 1.00 | dt: 1471.32ms | tok/sec: 356,338 | bf16_mfu: 0.00 | epoch: 1 pq: 2 rg: 12 | total time: 4.19m | eta: 57.0m
step 00183/02520 (7.26%) | loss: 3.889258 | lrm: 1.00 | dt: 1465.37ms | tok/sec: 357,784 | bf16_mfu: 0.00 | epoch: 1 pq: 2 rg: 13 | total time: 4.22m | eta: 57.0m
step 00184/02520 (7.30%) | loss: 3.889321 | lrm: 1.00 | dt: 1468.08ms | tok/sec: 357,125 | bf16_mfu: 0.00 | epoch: 1 pq: 2 rg: 14 | total time: 4.24m | eta: 56.9m
step 00185/02520 (7.34%) | loss: 3.888859 | lrm: 1.00 | dt: 1467.34ms | tok/sec: 357,305 | bf16_mfu: 0.00 | epoch: 1 pq: 2 rg: 15 | total time: 4.27m | eta: 56.9m
step 00186/02520 (7.38%) | loss: 3.887069 | lrm: 1.00 | dt: 1464.07ms | tok/sec: 358,102 | bf16_mfu: 0.00 | epoch: 1 pq: 2 rg: 16 | total time: 4.29m | eta: 56.9m
step 00187/02520 (7.42%) | loss: 3.881831 | lrm: 1.00 | dt: 1462.99ms | tok/sec: 358,368 | bf16_mfu: 0.00 | epoch: 1 pq: 2 rg: 17 | total time: 4.31m | eta: 56.9m
step 00188/02520 (7.46%) | loss: 3.881444 | lrm: 1.00 | dt: 1466.50ms | tok/sec: 357,509 | bf16_mfu: 0.00 | epoch: 1 pq: 2 rg: 18 | total time: 4.34m | eta: 56.8m
step 00189/02520 (7.50%) | loss: 3.878643 | lrm: 1.00 | dt: 1466.22ms | tok/sec: 357,577 | bf16_mfu: 0.00 | epoch: 1 pq: 2 rg: 19 | total time: 4.36m | eta: 56.8m
step 00190/02520 (7.54%) | loss: 3.888046 | lrm: 1.00 | dt: 1463.27ms | tok/sec: 358,299 | bf16_mfu: 0.00 | epoch: 1 pq: 2 rg: 20 | total time: 4.39m | eta: 56.8m
step 00191/02520 (7.58%) | loss: 3.883959 | lrm: 1.00 | dt: 1462.90ms | tok/sec: 358,388 | bf16_mfu: 0.00 | epoch: 1 pq: 2 rg: 21 | total time: 4.41m | eta: 56.8m
step 00192/02520 (7.62%) | loss: 3.883840 | lrm: 1.00 | dt: 1463.06ms | tok/sec: 358,349 | bf16_mfu: 0.00 | epoch: 1 pq: 2 rg: 22 | total time: 4.44m | eta: 56.7m
step 00193/02520 (7.66%) | loss: 3.876985 | lrm: 1.00 | dt: 1462.82ms | tok/sec: 358,409 | bf16_mfu: 0.00 | epoch: 1 pq: 2 rg: 23 | total time: 4.46m | eta: 56.7m
step 00194/02520 (7.70%) | loss: 3.872869 | lrm: 1.00 | dt: 1461.59ms | tok/sec: 358,711 | bf16_mfu: 0.00 | epoch: 1 pq: 2 rg: 24 | total time: 4.48m | eta: 56.7m
step 00195/02520 (7.74%) | loss: 3.861370 | lrm: 1.00 | dt: 1461.80ms | tok/sec: 358,658 | bf16_mfu: 0.00 | epoch: 1 pq: 2 rg: 25 | total time: 4.51m | eta: 56.7m
step 00196/02520 (7.78%) | loss: 3.855827 | lrm: 1.00 | dt: 1461.32ms | tok/sec: 358,776 | bf16_mfu: 0.00 | epoch: 1 pq: 2 rg: 26 | total time: 4.53m | eta: 56.6m
step 00197/02520 (7.82%) | loss: 3.847146 | lrm: 1.00 | dt: 1462.24ms | tok/sec: 358,552 | bf16_mfu: 0.00 | epoch: 1 pq: 2 rg: 27 | total time: 4.56m | eta: 56.6m
step 00198/02520 (7.86%) | loss: 3.844980 | lrm: 1.00 | dt: 1471.86ms | tok/sec: 356,207 | bf16_mfu: 0.00 | epoch: 1 pq: 2 rg: 28 | total time: 4.58m | eta: 56.6m
step 00199/02520 (7.90%) | loss: 3.840747 | lrm: 1.00 | dt: 1471.99ms | tok/sec: 356,176 | bf16_mfu: 0.00 | epoch: 1 pq: 2 rg: 29 | total time: 4.61m | eta: 56.6m
step 00200/02520 (7.94%) | loss: 3.842293 | lrm: 1.00 | dt: 1463.61ms | tok/sec: 358,215 | bf16_mfu: 0.00 | epoch: 1 pq: 2 rg: 30 | total time: 4.63m | eta: 56.6m
step 00201/02520 (7.98%) | loss: 3.835638 | lrm: 1.00 | dt: 1463.42ms | tok/sec: 358,263 | bf16_mfu: 0.00 | epoch: 1 pq: 2 rg: 31 | total time: 4.66m | eta: 56.5m
step 00202/02520 (8.02%) | loss: 3.835929 | lrm: 1.00 | dt: 1470.64ms | tok/sec: 356,503 | bf16_mfu: 0.00 | epoch: 1 pq: 2 rg: 32 | total time: 4.68m | eta: 56.5m
step 00203/02520 (8.06%) | loss: 3.836922 | lrm: 1.00 | dt: 1464.55ms | tok/sec: 357,986 | bf16_mfu: 0.00 | epoch: 1 pq: 2 rg: 33 | total time: 4.70m | eta: 56.5m
step 00204/02520 (8.10%) | loss: 3.835639 | lrm: 1.00 | dt: 1465.15ms | tok/sec: 357,840 | bf16_mfu: 0.00 | epoch: 1 pq: 2 rg: 34 | total time: 4.73m | eta: 56.5m
step 00205/02520 (8.13%) | loss: 3.839823 | lrm: 1.00 | dt: 1466.53ms | tok/sec: 357,502 | bf16_mfu: 0.00 | epoch: 1 pq: 2 rg: 35 | total time: 4.75m | eta: 56.4m
step 00206/02520 (8.17%) | loss: 3.824800 | lrm: 1.00 | dt: 1463.71ms | tok/sec: 358,190 | bf16_mfu: 0.00 | epoch: 1 pq: 2 rg: 36 | total time: 4.78m | eta: 56.4m
step 00207/02520 (8.21%) | loss: 3.825505 | lrm: 1.00 | dt: 1463.31ms | tok/sec: 358,289 | bf16_mfu: 0.00 | epoch: 1 pq: 2 rg: 37 | total time: 4.80m | eta: 56.4m
step 00208/02520 (8.25%) | loss: 3.829363 | lrm: 1.00 | dt: 1466.11ms | tok/sec: 357,604 | bf16_mfu: 0.00 | epoch: 1 pq: 2 rg: 38 | total time: 4.83m | eta: 56.4m
step 00209/02520 (8.29%) | loss: 3.817125 | lrm: 1.00 | dt: 1465.19ms | tok/sec: 357,830 | bf16_mfu: 0.00 | epoch: 1 pq: 2 rg: 38 | total time: 4.85m | eta: 56.3m
step 00210/02520 (8.33%) | loss: 3.806228 | lrm: 1.00 | dt: 1464.31ms | tok/sec: 358,043 | bf16_mfu: 0.00 | epoch: 1 pq: 2 rg: 39 | total time: 4.88m | eta: 56.3m
step 00211/02520 (8.37%) | loss: 3.809827 | lrm: 1.00 | dt: 1465.37ms | tok/sec: 357,786 | bf16_mfu: 0.00 | epoch: 1 pq: 2 rg: 40 | total time: 4.90m | eta: 56.3m
step 00212/02520 (8.41%) | loss: 3.802057 | lrm: 1.00 | dt: 1464.82ms | tok/sec: 357,920 | bf16_mfu: 0.00 | epoch: 1 pq: 2 rg: 41 | total time: 4.92m | eta: 56.3m
step 00213/02520 (8.45%) | loss: 3.801250 | lrm: 1.00 | dt: 1461.34ms | tok/sec: 358,770 | bf16_mfu: 0.00 | epoch: 1 pq: 2 rg: 42 | total time: 4.95m | eta: 56.2m
step 00214/02520 (8.49%) | loss: 3.796132 | lrm: 1.00 | dt: 1459.81ms | tok/sec: 359,147 | bf16_mfu: 0.00 | epoch: 1 pq: 2 rg: 43 | total time: 4.97m | eta: 56.2m
step 00215/02520 (8.53%) | loss: 3.789874 | lrm: 1.00 | dt: 1460.68ms | tok/sec: 358,934 | bf16_mfu: 0.00 | epoch: 1 pq: 2 rg: 44 | total time: 5.00m | eta: 56.2m
step 00216/02520 (8.57%) | loss: 3.780968 | lrm: 1.00 | dt: 1461.20ms | tok/sec: 358,806 | bf16_mfu: 0.00 | epoch: 1 pq: 2 rg: 45 | total time: 5.02m | eta: 56.2m
step 00217/02520 (8.61%) | loss: 3.775147 | lrm: 1.00 | dt: 1471.52ms | tok/sec: 356,290 | bf16_mfu: 0.00 | epoch: 1 pq: 2 rg: 46 | total time: 5.05m | eta: 56.1m
step 00218/02520 (8.65%) | loss: 3.767068 | lrm: 1.00 | dt: 1468.66ms | tok/sec: 356,982 | bf16_mfu: 0.00 | epoch: 1 pq: 2 rg: 47 | total time: 5.07m | eta: 56.1m
step 00219/02520 (8.69%) | loss: 3.767392 | lrm: 1.00 | dt: 1459.08ms | tok/sec: 359,327 | bf16_mfu: 0.00 | epoch: 1 pq: 2 rg: 48 | total time: 5.10m | eta: 56.1m
step 00220/02520 (8.73%) | loss: 3.761472 | lrm: 1.00 | dt: 1458.73ms | tok/sec: 359,413 | bf16_mfu: 0.00 | epoch: 1 pq: 2 rg: 49 | total time: 5.12m | eta: 56.1m
step 00221/02520 (8.77%) | loss: 3.752116 | lrm: 1.00 | dt: 1458.56ms | tok/sec: 359,456 | bf16_mfu: 0.00 | epoch: 1 pq: 2 rg: 50 | total time: 5.14m | eta: 56.0m
step 00222/02520 (8.81%) | loss: 3.757154 | lrm: 1.00 | dt: 1458.97ms | tok/sec: 359,355 | bf16_mfu: 0.00 | epoch: 1 pq: 2 rg: 51 | total time: 5.17m | eta: 56.0m
step 00223/02520 (8.85%) | loss: 3.747688 | lrm: 1.00 | dt: 1458.67ms | tok/sec: 359,429 | bf16_mfu: 0.00 | epoch: 1 pq: 2 rg: 52 | total time: 5.19m | eta: 56.0m
step 00224/02520 (8.89%) | loss: 3.747288 | lrm: 1.00 | dt: 1459.68ms | tok/sec: 359,181 | bf16_mfu: 0.00 | epoch: 1 pq: 2 rg: 53 | total time: 5.22m | eta: 56.0m
step 00225/02520 (8.93%) | loss: 3.745770 | lrm: 1.00 | dt: 1469.58ms | tok/sec: 356,761 | bf16_mfu: 0.00 | epoch: 1 pq: 2 rg: 54 | total time: 5.24m | eta: 55.9m
step 00226/02520 (8.97%) | loss: 3.740866 | lrm: 1.00 | dt: 1468.29ms | tok/sec: 357,074 | bf16_mfu: 0.00 | epoch: 1 pq: 2 rg: 55 | total time: 5.27m | eta: 55.9m
step 00227/02520 (9.01%) | loss: 3.723954 | lrm: 1.00 | dt: 1461.09ms | tok/sec: 358,834 | bf16_mfu: 0.00 | epoch: 1 pq: 2 rg: 56 | total time: 5.29m | eta: 55.9m
step 00228/02520 (9.05%) | loss: 3.721617 | lrm: 1.00 | dt: 1460.92ms | tok/sec: 358,874 | bf16_mfu: 0.00 | epoch: 1 pq: 2 rg: 57 | total time: 5.31m | eta: 55.9m
step 00229/02520 (9.09%) | loss: 3.717957 | lrm: 1.00 | dt: 1459.76ms | tok/sec: 359,160 | bf16_mfu: 0.00 | epoch: 1 pq: 2 rg: 58 | total time: 5.34m | eta: 55.8m
step 00230/02520 (9.13%) | loss: 3.719061 | lrm: 1.00 | dt: 1459.89ms | tok/sec: 359,128 | bf16_mfu: 0.00 | epoch: 1 pq: 2 rg: 59 | total time: 5.36m | eta: 55.8m
step 00231/02520 (9.17%) | loss: 3.716583 | lrm: 1.00 | dt: 1459.85ms | tok/sec: 359,137 | bf16_mfu: 0.00 | epoch: 1 pq: 2 rg: 60 | total time: 5.39m | eta: 55.8m
step 00232/02520 (9.21%) | loss: 3.712703 | lrm: 1.00 | dt: 1460.14ms | tok/sec: 359,065 | bf16_mfu: 0.00 | epoch: 1 pq: 2 rg: 61 | total time: 5.41m | eta: 55.8m
step 00233/02520 (9.25%) | loss: 3.726300 | lrm: 1.00 | dt: 1460.77ms | tok/sec: 358,912 | bf16_mfu: 0.00 | epoch: 1 pq: 2 rg: 62 | total time: 5.44m | eta: 55.7m
step 00234/02520 (9.29%) | loss: 3.714966 | lrm: 1.00 | dt: 1459.39ms | tok/sec: 359,252 | bf16_mfu: 0.00 | epoch: 1 pq: 2 rg: 63 | total time: 5.46m | eta: 55.7m
step 00235/02520 (9.33%) | loss: 3.705614 | lrm: 1.00 | dt: 1459.63ms | tok/sec: 359,191 | bf16_mfu: 0.00 | epoch: 1 pq: 2 rg: 64 | total time: 5.48m | eta: 55.7m
step 00236/02520 (9.37%) | loss: 3.716113 | lrm: 1.00 | dt: 1460.22ms | tok/sec: 359,046 | bf16_mfu: 0.00 | epoch: 1 pq: 2 rg: 65 | total time: 5.51m | eta: 55.7m
step 00237/02520 (9.40%) | loss: 3.712050 | lrm: 1.00 | dt: 1459.38ms | tok/sec: 359,254 | bf16_mfu: 0.00 | epoch: 1 pq: 2 rg: 66 | total time: 5.53m | eta: 55.6m
step 00238/02520 (9.44%) | loss: 3.706747 | lrm: 1.00 | dt: 1459.61ms | tok/sec: 359,197 | bf16_mfu: 0.00 | epoch: 1 pq: 2 rg: 67 | total time: 5.56m | eta: 55.6m
step 00239/02520 (9.48%) | loss: 3.711031 | lrm: 1.00 | dt: 1459.17ms | tok/sec: 359,304 | bf16_mfu: 0.00 | epoch: 1 pq: 2 rg: 68 | total time: 5.58m | eta: 55.6m
step 00240/02520 (9.52%) | loss: 3.700184 | lrm: 1.00 | dt: 1459.85ms | tok/sec: 359,138 | bf16_mfu: 0.00 | epoch: 1 pq: 2 rg: 69 | total time: 5.61m | eta: 55.6m
step 00241/02520 (9.56%) | loss: 3.694371 | lrm: 1.00 | dt: 1460.73ms | tok/sec: 358,921 | bf16_mfu: 0.00 | epoch: 1 pq: 2 rg: 70 | total time: 5.63m | eta: 55.6m
step 00242/02520 (9.60%) | loss: 3.682898 | lrm: 1.00 | dt: 1460.18ms | tok/sec: 359,056 | bf16_mfu: 0.00 | epoch: 1 pq: 2 rg: 71 | total time: 5.65m | eta: 55.5m
step 00243/02520 (9.64%) | loss: 3.693419 | lrm: 1.00 | dt: 1459.01ms | tok/sec: 359,345 | bf16_mfu: 0.00 | epoch: 1 pq: 2 rg: 72 | total time: 5.68m | eta: 55.5m
step 00244/02520 (9.68%) | loss: 3.689573 | lrm: 1.00 | dt: 1460.63ms | tok/sec: 358,945 | bf16_mfu: 0.00 | epoch: 1 pq: 2 rg: 72 | total time: 5.70m | eta: 55.5m
step 00245/02520 (9.72%) | loss: 3.690843 | lrm: 1.00 | dt: 1459.78ms | tok/sec: 359,154 | bf16_mfu: 0.00 | epoch: 1 pq: 2 rg: 73 | total time: 5.73m | eta: 55.5m
step 00246/02520 (9.76%) | loss: 3.680619 | lrm: 1.00 | dt: 1459.17ms | tok/sec: 359,305 | bf16_mfu: 0.00 | epoch: 1 pq: 2 rg: 74 | total time: 5.75m | eta: 55.4m
step 00247/02520 (9.80%) | loss: 3.679133 | lrm: 1.00 | dt: 1463.12ms | tok/sec: 358,336 | bf16_mfu: 0.00 | epoch: 1 pq: 2 rg: 75 | total time: 5.78m | eta: 55.4m
step 00248/02520 (9.84%) | loss: 3.670761 | lrm: 1.00 | dt: 1470.41ms | tok/sec: 356,558 | bf16_mfu: 0.00 | epoch: 1 pq: 2 rg: 76 | total time: 5.80m | eta: 55.4m
step 00249/02520 (9.88%) | loss: 3.660777 | lrm: 1.00 | dt: 1459.13ms | tok/sec: 359,314 | bf16_mfu: 0.00 | epoch: 1 pq: 2 rg: 77 | total time: 5.83m | eta: 55.4m
Step 00250 | Validation bpb: 1.112227
step 00250/02520 (9.92%) | loss: 3.663176 | lrm: 1.00 | dt: 1443.18ms | tok/sec: 363,286 | bf16_mfu: 0.00 | epoch: 1 pq: 2 rg: 78 | total time: 5.85m | eta: 55.3m
step 00251/02520 (9.96%) | loss: 3.658507 | lrm: 1.00 | dt: 1450.15ms | tok/sec: 361,539 | bf16_mfu: 0.00 | epoch: 1 pq: 2 rg: 79 | total time: 5.87m | eta: 55.3m
2026-09-27 15:26:20,766 - nanochat.checkpoint_manager - [32m[1mINFO[0m - Saved model parameters to: /home/neo/.cache/nanochat/base_checkpoints/looped_B8_lr1_lr1_h1.0_s0/model_000252.pt
2026-09-27 15:26:21,227 - nanochat.checkpoint_manager - [32m[1mINFO[0m - Saved optimizer state to: /home/neo/.cache/nanochat/base_checkpoints/looped_B8_lr1_lr1_h1.0_s0/optim_000252_rank0.pt
2026-09-27 15:26:21,227 - nanochat.checkpoint_manager - [32m[1mINFO[0m - Saved metadata to: /home/neo/.cache/nanochat/base_checkpoints/looped_B8_lr1_lr1_h1.0_s0/meta_000252.json
step 00252/02520 (10.00%) | loss: 3.646293 | lrm: 1.00 | dt: 1434.02ms | tok/sec: 365,606 | bf16_mfu: 0.00 | epoch: 1 pq: 2 rg: 80 | total time: 5.90m | eta: 55.3m
step 00253/02520 (10.04%) | loss: 3.648519 | lrm: 1.00 | dt: 1450.06ms | tok/sec: 361,562 | bf16_mfu: 0.00 | epoch: 1 pq: 2 rg: 81 | total time: 5.92m | eta: 55.2m
step 00254/02520 (10.08%) | loss: 3.649512 | lrm: 1.00 | dt: 1448.96ms | tok/sec: 361,837 | bf16_mfu: 0.00 | epoch: 1 pq: 2 rg: 82 | total time: 5.95m | eta: 55.2m
step 00255/02520 (10.12%) | loss: 3.650162 | lrm: 1.00 | dt: 1451.12ms | tok/sec: 361,298 | bf16_mfu: 0.00 | epoch: 1 pq: 3 rg: 0 | total time: 5.97m | eta: 55.2m
step 00256/02520 (10.16%) | loss: 3.649555 | lrm: 1.00 | dt: 1449.59ms | tok/sec: 361,681 | bf16_mfu: 0.00 | epoch: 1 pq: 3 rg: 1 | total time: 5.99m | eta: 55.2m
step 00257/02520 (10.20%) | loss: 3.646654 | lrm: 1.00 | dt: 1451.43ms | tok/sec: 361,222 | bf16_mfu: 0.00 | epoch: 1 pq: 3 rg: 2 | total time: 6.02m | eta: 55.1m
step 00258/02520 (10.24%) | loss: 3.643978 | lrm: 1.00 | dt: 1450.09ms | tok/sec: 361,555 | bf16_mfu: 0.00 | epoch: 1 pq: 3 rg: 3 | total time: 6.04m | eta: 55.1m
step 00259/02520 (10.28%) | loss: 3.646798 | lrm: 1.00 | dt: 1467.13ms | tok/sec: 357,357 | bf16_mfu: 0.00 | epoch: 1 pq: 3 rg: 4 | total time: 6.07m | eta: 55.1m
step 00260/02520 (10.32%) | loss: 3.646257 | lrm: 1.00 | dt: 1482.30ms | tok/sec: 353,699 | bf16_mfu: 0.00 | epoch: 1 pq: 3 rg: 5 | total time: 6.09m | eta: 55.1m
step 00261/02520 (10.36%) | loss: 3.640695 | lrm: 1.00 | dt: 1470.05ms | tok/sec: 356,645 | bf16_mfu: 0.00 | epoch: 1 pq: 3 rg: 6 | total time: 6.12m | eta: 55.0m
step 00262/02520 (10.40%) | loss: 3.629593 | lrm: 1.00 | dt: 1467.04ms | tok/sec: 357,378 | bf16_mfu: 0.00 | epoch: 1 pq: 3 rg: 7 | total time: 6.14m | eta: 55.0m
step 00263/02520 (10.44%) | loss: 3.627620 | lrm: 1.00 | dt: 1467.50ms | tok/sec: 357,266 | bf16_mfu: 0.00 | epoch: 1 pq: 3 rg: 8 | total time: 6.17m | eta: 55.0m
step 00264/02520 (10.48%) | loss: 3.623876 | lrm: 1.00 | dt: 1491.53ms | tok/sec: 351,511 | bf16_mfu: 0.00 | epoch: 1 pq: 3 rg: 9 | total time: 6.19m | eta: 55.0m
step 00265/02520 (10.52%) | loss: 3.623102 | lrm: 1.00 | dt: 1476.34ms | tok/sec: 355,126 | bf16_mfu: 0.00 | epoch: 1 pq: 3 rg: 10 | total time: 6.21m | eta: 55.0m
step 00266/02520 (10.56%) | loss: 3.619245 | lrm: 1.00 | dt: 1466.91ms | tok/sec: 357,409 | bf16_mfu: 0.00 | epoch: 1 pq: 3 rg: 11 | total time: 6.24m | eta: 54.9m
step 00267/02520 (10.60%) | loss: 3.615046 | lrm: 1.00 | dt: 1486.51ms | tok/sec: 352,697 | bf16_mfu: 0.00 | epoch: 1 pq: 3 rg: 12 | total time: 6.26m | eta: 54.9m
step 00268/02520 (10.63%) | loss: 3.613622 | lrm: 1.00 | dt: 1482.14ms | tok/sec: 353,736 | bf16_mfu: 0.00 | epoch: 1 pq: 3 rg: 13 | total time: 6.29m | eta: 54.9m
step 00269/02520 (10.67%) | loss: 3.608362 | lrm: 1.00 | dt: 1455.51ms | tok/sec: 360,208 | bf16_mfu: 0.00 | epoch: 1 pq: 3 rg: 14 | total time: 6.31m | eta: 54.9m
step 00270/02520 (10.71%) | loss: 3.597762 | lrm: 1.00 | dt: 1454.03ms | tok/sec: 360,574 | bf16_mfu: 0.00 | epoch: 1 pq: 3 rg: 15 | total time: 6.34m | eta: 54.8m
step 00271/02520 (10.75%) | loss: 3.598545 | lrm: 1.00 | dt: 1452.99ms | tok/sec: 360,833 | bf16_mfu: 0.00 | epoch: 1 pq: 3 rg: 15 | total time: 6.36m | eta: 54.8m
step 00272/02520 (10.79%) | loss: 3.601879 | lrm: 1.00 | dt: 1456.12ms | tok/sec: 360,058 | bf16_mfu: 0.00 | epoch: 1 pq: 3 rg: 16 | total time: 6.39m | eta: 54.8m
step 00273/02520 (10.83%) | loss: 3.606023 | lrm: 1.00 | dt: 1481.46ms | tok/sec: 353,898 | bf16_mfu: 0.00 | epoch: 1 pq: 3 rg: 17 | total time: 6.41m | eta: 54.8m
step 00274/02520 (10.87%) | loss: 3.602849 | lrm: 1.00 | dt: 1474.28ms | tok/sec: 355,622 | bf16_mfu: 0.00 | epoch: 1 pq: 3 rg: 18 | total time: 6.43m | eta: 54.7m
step 00275/02520 (10.91%) | loss: 3.608626 | lrm: 1.00 | dt: 1472.83ms | tok/sec: 355,974 | bf16_mfu: 0.00 | epoch: 1 pq: 3 rg: 19 | total time: 6.46m | eta: 54.7m
step 00276/02520 (10.95%) | loss: 3.604837 | lrm: 1.00 | dt: 1484.07ms | tok/sec: 353,278 | bf16_mfu: 0.00 | epoch: 1 pq: 3 rg: 20 | total time: 6.48m | eta: 54.7m
step 00277/02520 (10.99%) | loss: 3.594896 | lrm: 1.00 | dt: 1486.60ms | tok/sec: 352,676 | bf16_mfu: 0.00 | epoch: 1 pq: 3 rg: 21 | total time: 6.51m | eta: 54.7m
step 00278/02520 (11.03%) | loss: 3.592083 | lrm: 1.00 | dt: 1492.79ms | tok/sec: 351,213 | bf16_mfu: 0.00 | epoch: 1 pq: 3 rg: 22 | total time: 6.53m | eta: 54.7m
step 00279/02520 (11.07%) | loss: 3.591865 | lrm: 1.00 | dt: 1460.52ms | tok/sec: 358,974 | bf16_mfu: 0.00 | epoch: 1 pq: 3 rg: 23 | total time: 6.56m | eta: 54.6m
step 00280/02520 (11.11%) | loss: 3.593482 | lrm: 1.00 | dt: 1466.37ms | tok/sec: 357,542 | bf16_mfu: 0.00 | epoch: 1 pq: 3 rg: 24 | total time: 6.58m | eta: 54.6m
step 00281/02520 (11.15%) | loss: 3.581666 | lrm: 1.00 | dt: 1455.53ms | tok/sec: 360,203 | bf16_mfu: 0.00 | epoch: 1 pq: 3 rg: 25 | total time: 6.61m | eta: 54.6m
step 00282/02520 (11.19%) | loss: 3.580959 | lrm: 1.00 | dt: 1468.70ms | tok/sec: 356,975 | bf16_mfu: 0.00 | epoch: 1 pq: 3 rg: 26 | total time: 6.63m | eta: 54.6m
step 00283/02520 (11.23%) | loss: 3.584298 | lrm: 1.00 | dt: 1490.50ms | tok/sec: 351,753 | bf16_mfu: 0.00 | epoch: 1 pq: 3 rg: 27 | total time: 6.66m | eta: 54.5m
step 00284/02520 (11.27%) | loss: 3.591832 | lrm: 1.00 | dt: 1487.53ms | tok/sec: 352,455 | bf16_mfu: 0.00 | epoch: 1 pq: 3 rg: 28 | total time: 6.68m | eta: 54.5m
step 00285/02520 (11.31%) | loss: 3.585571 | lrm: 1.00 | dt: 1482.64ms | tok/sec: 353,617 | bf16_mfu: 0.00 | epoch: 1 pq: 3 rg: 29 | total time: 6.71m | eta: 54.5m
step 00286/02520 (11.35%) | loss: 3.589439 | lrm: 1.00 | dt: 1489.66ms | tok/sec: 351,951 | bf16_mfu: 0.00 | epoch: 1 pq: 3 rg: 30 | total time: 6.73m | eta: 54.5m
step 00287/02520 (11.39%) | loss: 3.599853 | lrm: 1.00 | dt: 1488.33ms | tok/sec: 352,266 | bf16_mfu: 0.00 | epoch: 1 pq: 3 rg: 31 | total time: 6.76m | eta: 54.5m
step 00288/02520 (11.43%) | loss: 3.587550 | lrm: 1.00 | dt: 1465.16ms | tok/sec: 357,835 | bf16_mfu: 0.00 | epoch: 1 pq: 3 rg: 32 | total time: 6.78m | eta: 54.4m
step 00289/02520 (11.47%) | loss: 3.593696 | lrm: 1.00 | dt: 1455.54ms | tok/sec: 360,202 | bf16_mfu: 0.00 | epoch: 1 pq: 3 rg: 33 | total time: 6.80m | eta: 54.4m
step 00290/02520 (11.51%) | loss: 3.592846 | lrm: 1.00 | dt: 1463.77ms | tok/sec: 358,176 | bf16_mfu: 0.00 | epoch: 1 pq: 3 rg: 34 | total time: 6.83m | eta: 54.4m
step 00291/02520 (11.55%) | loss: 3.592967 | lrm: 1.00 | dt: 1465.43ms | tok/sec: 357,769 | bf16_mfu: 0.00 | epoch: 1 pq: 3 rg: 35 | total time: 6.85m | eta: 54.4m
step 00292/02520 (11.59%) | loss: 3.591879 | lrm: 1.00 | dt: 1464.98ms | tok/sec: 357,879 | bf16_mfu: 0.00 | epoch: 1 pq: 3 rg: 36 | total time: 6.88m | eta: 54.3m
step 00293/02520 (11.63%) | loss: 3.591711 | lrm: 1.00 | dt: 1457.19ms | tok/sec: 359,793 | bf16_mfu: 0.00 | epoch: 1 pq: 3 rg: 37 | total time: 6.90m | eta: 54.3m
step 00294/02520 (11.67%) | loss: 3.586859 | lrm: 1.00 | dt: 1460.20ms | tok/sec: 359,052 | bf16_mfu: 0.00 | epoch: 1 pq: 3 rg: 38 | total time: 6.93m | eta: 54.3m
step 00295/02520 (11.71%) | loss: 3.581777 | lrm: 1.00 | dt: 1476.76ms | tok/sec: 355,026 | bf16_mfu: 0.00 | epoch: 1 pq: 3 rg: 39 | total time: 6.95m | eta: 54.3m
step 00296/02520 (11.75%) | loss: 3.579389 | lrm: 1.00 | dt: 1465.34ms | tok/sec: 357,791 | bf16_mfu: 0.00 | epoch: 1 pq: 3 rg: 40 | total time: 6.97m | eta: 54.2m
step 00297/02520 (11.79%) | loss: 3.569653 | lrm: 1.00 | dt: 1481.90ms | tok/sec: 353,793 | bf16_mfu: 0.00 | epoch: 1 pq: 3 rg: 41 | total time: 7.00m | eta: 54.2m
step 00298/02520 (11.83%) | loss: 3.570426 | lrm: 1.00 | dt: 1459.79ms | tok/sec: 359,153 | bf16_mfu: 0.00 | epoch: 1 pq: 3 rg: 42 | total time: 7.02m | eta: 54.2m
step 00299/02520 (11.87%) | loss: 3.555291 | lrm: 1.00 | dt: 1485.25ms | tok/sec: 352,995 | bf16_mfu: 0.00 | epoch: 1 pq: 3 rg: 43 | total time: 7.05m | eta: 54.2m
step 00300/02520 (11.90%) | loss: 3.557859 | lrm: 1.00 | dt: 1478.99ms | tok/sec: 354,490 | bf16_mfu: 0.00 | epoch: 1 pq: 3 rg: 44 | total time: 7.07m | eta: 54.1m
step 00301/02520 (11.94%) | loss: 3.559300 | lrm: 1.00 | dt: 1459.43ms | tok/sec: 359,240 | bf16_mfu: 0.00 | epoch: 1 pq: 3 rg: 45 | total time: 7.10m | eta: 54.1m
step 00302/02520 (11.98%) | loss: 3.551706 | lrm: 1.00 | dt: 1474.02ms | tok/sec: 355,686 | bf16_mfu: 0.00 | epoch: 1 pq: 3 rg: 46 | total time: 7.12m | eta: 54.1m
step 00303/02520 (12.02%) | loss: 3.559809 | lrm: 1.00 | dt: 1465.50ms | tok/sec: 357,752 | bf16_mfu: 0.00 | epoch: 1 pq: 3 rg: 47 | total time: 7.15m | eta: 54.1m
step 00304/02520 (12.06%) | loss: 3.550478 | lrm: 1.00 | dt: 1478.46ms | tok/sec: 354,618 | bf16_mfu: 0.00 | epoch: 1 pq: 3 rg: 48 | total time: 7.17m | eta: 54.1m
step 00305/02520 (12.10%) | loss: 3.543964 | lrm: 1.00 | dt: 1457.43ms | tok/sec: 359,735 | bf16_mfu: 0.00 | epoch: 1 pq: 3 rg: 49 | total time: 7.20m | eta: 54.0m
step 00306/02520 (12.14%) | loss: 3.542150 | lrm: 1.00 | dt: 1458.03ms | tok/sec: 359,586 | bf16_mfu: 0.00 | epoch: 1 pq: 3 rg: 49 | total time: 7.22m | eta: 54.0m
step 00307/02520 (12.18%) | loss: 3.546788 | lrm: 1.00 | dt: 1457.24ms | tok/sec: 359,781 | bf16_mfu: 0.00 | epoch: 1 pq: 3 rg: 50 | total time: 7.24m | eta: 54.0m
step 00308/02520 (12.22%) | loss: 3.539145 | lrm: 1.00 | dt: 1468.57ms | tok/sec: 357,004 | bf16_mfu: 0.00 | epoch: 1 pq: 3 rg: 51 | total time: 7.27m | eta: 54.0m
step 00309/02520 (12.26%) | loss: 3.536984 | lrm: 1.00 | dt: 1475.25ms | tok/sec: 355,388 | bf16_mfu: 0.00 | epoch: 1 pq: 3 rg: 52 | total time: 7.29m | eta: 53.9m
step 00310/02520 (12.30%) | loss: 3.550473 | lrm: 1.00 | dt: 1462.18ms | tok/sec: 358,565 | bf16_mfu: 0.00 | epoch: 1 pq: 3 rg: 53 | total time: 7.32m | eta: 53.9m
step 00311/02520 (12.34%) | loss: 3.546980 | lrm: 1.00 | dt: 1467.69ms | tok/sec: 357,220 | bf16_mfu: 0.00 | epoch: 1 pq: 3 rg: 54 | total time: 7.34m | eta: 53.9m
step 00312/02520 (12.38%) | loss: 3.547732 | lrm: 1.00 | dt: 1481.06ms | tok/sec: 353,995 | bf16_mfu: 0.00 | epoch: 1 pq: 3 rg: 55 | total time: 7.37m | eta: 53.9m
step 00313/02520 (12.42%) | loss: 3.541290 | lrm: 1.00 | dt: 1470.09ms | tok/sec: 356,636 | bf16_mfu: 0.00 | epoch: 1 pq: 3 rg: 56 | total time: 7.39m | eta: 53.8m
step 00314/02520 (12.46%) | loss: 3.536592 | lrm: 1.00 | dt: 1457.81ms | tok/sec: 359,641 | bf16_mfu: 0.00 | epoch: 1 pq: 3 rg: 57 | total time: 7.42m | eta: 53.8m
step 00315/02520 (12.50%) | loss: 3.534099 | lrm: 1.00 | dt: 1460.08ms | tok/sec: 359,081 | bf16_mfu: 0.00 | epoch: 1 pq: 3 rg: 58 | total time: 7.44m | eta: 53.8m
step 00316/02520 (12.54%) | loss: 3.539353 | lrm: 1.00 | dt: 1472.76ms | tok/sec: 355,991 | bf16_mfu: 0.00 | epoch: 1 pq: 3 rg: 59 | total time: 7.46m | eta: 53.8m
step 00317/02520 (12.58%) | loss: 3.538199 | lrm: 1.00 | dt: 1461.41ms | tok/sec: 358,755 | bf16_mfu: 0.00 | epoch: 1 pq: 3 rg: 60 | total time: 7.49m | eta: 53.7m
step 00318/02520 (12.62%) | loss: 3.535168 | lrm: 1.00 | dt: 1495.91ms | tok/sec: 350,480 | bf16_mfu: 0.00 | epoch: 1 pq: 3 rg: 61 | total time: 7.51m | eta: 53.7m
step 00319/02520 (12.66%) | loss: 3.544448 | lrm: 1.00 | dt: 1466.02ms | tok/sec: 357,625 | bf16_mfu: 0.00 | epoch: 1 pq: 3 rg: 62 | total time: 7.54m | eta: 53.7m
step 00320/02520 (12.70%) | loss: 3.545814 | lrm: 1.00 | dt: 1464.03ms | tok/sec: 358,113 | bf16_mfu: 0.00 | epoch: 1 pq: 3 rg: 63 | total time: 7.56m | eta: 53.7m
step 00321/02520 (12.74%) | loss: 3.549000 | lrm: 1.00 | dt: 1462.39ms | tok/sec: 358,515 | bf16_mfu: 0.00 | epoch: 1 pq: 3 rg: 64 | total time: 7.59m | eta: 53.6m
step 00322/02520 (12.78%) | loss: 3.548020 | lrm: 1.00 | dt: 1457.98ms | tok/sec: 359,598 | bf16_mfu: 0.00 | epoch: 1 pq: 3 rg: 65 | total time: 7.61m | eta: 53.6m
step 00323/02520 (12.82%) | loss: 3.546783 | lrm: 1.00 | dt: 1479.11ms | tok/sec: 354,462 | bf16_mfu: 0.00 | epoch: 1 pq: 3 rg: 66 | total time: 7.64m | eta: 53.6m
step 00324/02520 (12.86%) | loss: 3.545962 | lrm: 1.00 | dt: 1473.73ms | tok/sec: 355,755 | bf16_mfu: 0.00 | epoch: 1 pq: 3 rg: 67 | total time: 7.66m | eta: 53.6m
step 00325/02520 (12.90%) | loss: 3.539026 | lrm: 1.00 | dt: 1457.95ms | tok/sec: 359,605 | bf16_mfu: 0.00 | epoch: 1 pq: 3 rg: 68 | total time: 7.68m | eta: 53.5m
step 00326/02520 (12.94%) | loss: 3.542180 | lrm: 1.00 | dt: 1475.35ms | tok/sec: 355,364 | bf16_mfu: 0.00 | epoch: 1 pq: 3 rg: 69 | total time: 7.71m | eta: 53.5m
step 00327/02520 (12.98%) | loss: 3.533510 | lrm: 1.00 | dt: 1460.07ms | tok/sec: 359,083 | bf16_mfu: 0.00 | epoch: 1 pq: 3 rg: 70 | total time: 7.73m | eta: 53.5m
step 00328/02520 (13.02%) | loss: 3.524849 | lrm: 1.00 | dt: 1482.09ms | tok/sec: 353,750 | bf16_mfu: 0.00 | epoch: 1 pq: 3 rg: 71 | total time: 7.76m | eta: 53.5m
step 00329/02520 (13.06%) | loss: 3.517561 | lrm: 1.00 | dt: 1471.29ms | tok/sec: 356,345 | bf16_mfu: 0.00 | epoch: 1 pq: 3 rg: 72 | total time: 7.78m | eta: 53.5m
step 00330/02520 (13.10%) | loss: 3.519368 | lrm: 1.00 | dt: 1462.83ms | tok/sec: 358,407 | bf16_mfu: 0.00 | epoch: 1 pq: 3 rg: 73 | total time: 7.81m | eta: 53.4m
step 00331/02520 (13.13%) | loss: 3.526346 | lrm: 1.00 | dt: 1457.66ms | tok/sec: 359,678 | bf16_mfu: 0.00 | epoch: 1 pq: 3 rg: 73 | total time: 7.83m | eta: 53.4m
step 00332/02520 (13.17%) | loss: 3.527815 | lrm: 1.00 | dt: 1458.43ms | tok/sec: 359,487 | bf16_mfu: 0.00 | epoch: 1 pq: 3 rg: 74 | total time: 7.86m | eta: 53.4m
step 00333/02520 (13.21%) | loss: 3.526241 | lrm: 1.00 | dt: 1459.64ms | tok/sec: 359,189 | bf16_mfu: 0.00 | epoch: 1 pq: 3 rg: 75 | total time: 7.88m | eta: 53.4m
step 00334/02520 (13.25%) | loss: 3.525276 | lrm: 1.00 | dt: 1459.01ms | tok/sec: 359,345 | bf16_mfu: 0.00 | epoch: 1 pq: 3 rg: 76 | total time: 7.90m | eta: 53.3m
step 00335/02520 (13.29%) | loss: 3.517263 | lrm: 1.00 | dt: 1458.06ms | tok/sec: 359,578 | bf16_mfu: 0.00 | epoch: 1 pq: 3 rg: 77 | total time: 7.93m | eta: 53.3m
step 00336/02520 (13.33%) | loss: 3.514538 | lrm: 1.00 | dt: 1459.49ms | tok/sec: 359,226 | bf16_mfu: 0.00 | epoch: 1 pq: 3 rg: 78 | total time: 7.95m | eta: 53.3m
step 00337/02520 (13.37%) | loss: 3.515980 | lrm: 1.00 | dt: 1458.06ms | tok/sec: 359,579 | bf16_mfu: 0.00 | epoch: 1 pq: 3 rg: 79 | total time: 7.98m | eta: 53.3m
step 00338/02520 (13.41%) | loss: 3.515201 | lrm: 1.00 | dt: 1456.11ms | tok/sec: 360,060 | bf16_mfu: 0.00 | epoch: 1 pq: 3 rg: 80 | total time: 8.00m | eta: 53.2m
step 00339/02520 (13.45%) | loss: 3.513019 | lrm: 1.00 | dt: 1458.11ms | tok/sec: 359,567 | bf16_mfu: 0.00 | epoch: 1 pq: 3 rg: 81 | total time: 8.03m | eta: 53.2m
step 00340/02520 (13.49%) | loss: 3.521981 | lrm: 1.00 | dt: 1466.13ms | tok/sec: 357,600 | bf16_mfu: 0.00 | epoch: 1 pq: 4 rg: 0 | total time: 8.05m | eta: 53.2m
step 00341/02520 (13.53%) | loss: 3.530142 | lrm: 1.00 | dt: 1456.88ms | tok/sec: 359,870 | bf16_mfu: 0.00 | epoch: 1 pq: 4 rg: 1 | total time: 8.07m | eta: 53.2m
step 00342/02520 (13.57%) | loss: 3.521795 | lrm: 1.00 | dt: 1473.18ms | tok/sec: 355,889 | bf16_mfu: 0.00 | epoch: 1 pq: 4 rg: 2 | total time: 8.10m | eta: 53.1m
step 00343/02520 (13.61%) | loss: 3.513030 | lrm: 1.00 | dt: 1487.30ms | tok/sec: 352,509 | bf16_mfu: 0.00 | epoch: 1 pq: 4 rg: 3 | total time: 8.12m | eta: 53.1m
step 00344/02520 (13.65%) | loss: 3.513497 | lrm: 1.00 | dt: 1453.51ms | tok/sec: 360,705 | bf16_mfu: 0.00 | epoch: 1 pq: 4 rg: 4 | total time: 8.15m | eta: 53.1m
step 00345/02520 (13.69%) | loss: 3.506187 | lrm: 1.00 | dt: 1460.15ms | tok/sec: 359,063 | bf16_mfu: 0.00 | epoch: 1 pq: 4 rg: 5 | total time: 8.17m | eta: 53.1m
step 00346/02520 (13.73%) | loss: 3.514499 | lrm: 1.00 | dt: 1472.51ms | tok/sec: 356,049 | bf16_mfu: 0.00 | epoch: 1 pq: 4 rg: 6 | total time: 8.20m | eta: 53.0m
step 00347/02520 (13.77%) | loss: 3.506771 | lrm: 1.00 | dt: 1487.19ms | tok/sec: 352,535 | bf16_mfu: 0.00 | epoch: 1 pq: 4 rg: 7 | total time: 8.22m | eta: 53.0m
step 00348/02520 (13.81%) | loss: 3.495305 | lrm: 1.00 | dt: 1476.44ms | tok/sec: 355,103 | bf16_mfu: 0.00 | epoch: 1 pq: 4 rg: 8 | total time: 8.25m | eta: 53.0m
step 00349/02520 (13.85%) | loss: 3.493342 | lrm: 1.00 | dt: 1483.65ms | tok/sec: 353,378 | bf16_mfu: 0.00 | epoch: 1 pq: 4 rg: 9 | total time: 8.27m | eta: 53.0m
step 00350/02520 (13.89%) | loss: 3.492338 | lrm: 1.00 | dt: 1496.68ms | tok/sec: 350,300 | bf16_mfu: 0.00 | epoch: 1 pq: 4 rg: 10 | total time: 8.30m | eta: 52.9m
step 00351/02520 (13.93%) | loss: 3.490281 | lrm: 1.00 | dt: 1490.44ms | tok/sec: 351,767 | bf16_mfu: 0.00 | epoch: 1 pq: 4 rg: 11 | total time: 8.32m | eta: 52.9m
step 00352/02520 (13.97%) | loss: 3.494930 | lrm: 1.00 | dt: 1491.23ms | tok/sec: 351,581 | bf16_mfu: 0.00 | epoch: 1 pq: 4 rg: 12 | total time: 8.35m | eta: 52.9m
step 00353/02520 (14.01%) | loss: 3.494205 | lrm: 1.00 | dt: 1490.07ms | tok/sec: 351,853 | bf16_mfu: 0.00 | epoch: 1 pq: 4 rg: 13 | total time: 8.37m | eta: 52.9m
step 00354/02520 (14.05%) | loss: 3.495850 | lrm: 1.00 | dt: 1485.73ms | tok/sec: 352,882 | bf16_mfu: 0.00 | epoch: 1 pq: 4 rg: 14 | total time: 8.40m | eta: 52.9m
step 00355/02520 (14.09%) | loss: 3.489503 | lrm: 1.00 | dt: 1486.98ms | tok/sec: 352,584 | bf16_mfu: 0.00 | epoch: 1 pq: 4 rg: 15 | total time: 8.42m | eta: 52.8m
step 00356/02520 (14.13%) | loss: 3.487201 | lrm: 1.00 | dt: 1486.35ms | tok/sec: 352,735 | bf16_mfu: 0.00 | epoch: 1 pq: 4 rg: 16 | total time: 8.44m | eta: 52.8m
step 00357/02520 (14.17%) | loss: 3.460983 | lrm: 1.00 | dt: 1482.57ms | tok/sec: 353,633 | bf16_mfu: 0.00 | epoch: 1 pq: 4 rg: 17 | total time: 8.47m | eta: 52.8m
step 00358/02520 (14.21%) | loss: 3.468845 | lrm: 1.00 | dt: 1482.62ms | tok/sec: 353,621 | bf16_mfu: 0.00 | epoch: 1 pq: 4 rg: 18 | total time: 8.49m | eta: 52.8m
step 00359/02520 (14.25%) | loss: 3.474189 | lrm: 1.00 | dt: 1481.63ms | tok/sec: 353,859 | bf16_mfu: 0.00 | epoch: 1 pq: 4 rg: 18 | total time: 8.52m | eta: 52.8m
step 00360/02520 (14.29%) | loss: 3.471375 | lrm: 1.00 | dt: 1483.98ms | tok/sec: 353,298 | bf16_mfu: 0.00 | epoch: 1 pq: 4 rg: 19 | total time: 8.54m | eta: 52.7m
step 00361/02520 (14.33%) | loss: 3.484284 | lrm: 1.00 | dt: 1482.77ms | tok/sec: 353,586 | bf16_mfu: 0.00 | epoch: 1 pq: 4 rg: 20 | total time: 8.57m | eta: 52.7m
step 00362/02520 (14.37%) | loss: 3.487180 | lrm: 1.00 | dt: 1481.71ms | tok/sec: 353,839 | bf16_mfu: 0.00 | epoch: 1 pq: 4 rg: 21 | total time: 8.59m | eta: 52.7m
step 00363/02520 (14.40%) | loss: 3.484528 | lrm: 1.00 | dt: 1485.44ms | tok/sec: 352,952 | bf16_mfu: 0.00 | epoch: 1 pq: 4 rg: 22 | total time: 8.62m | eta: 52.7m
step 00364/02520 (14.44%) | loss: 3.482823 | lrm: 1.00 | dt: 1483.45ms | tok/sec: 353,425 | bf16_mfu: 0.00 | epoch: 1 pq: 4 rg: 23 | total time: 8.64m | eta: 52.6m
step 00365/02520 (14.48%) | loss: 3.472189 | lrm: 1.00 | dt: 1484.12ms | tok/sec: 353,265 | bf16_mfu: 0.00 | epoch: 1 pq: 4 rg: 24 | total time: 8.67m | eta: 52.6m
step 00366/02520 (14.52%) | loss: 3.477727 | lrm: 1.00 | dt: 1482.85ms | tok/sec: 353,567 | bf16_mfu: 0.00 | epoch: 1 pq: 4 rg: 25 | total time: 8.69m | eta: 52.6m
step 00367/02520 (14.56%) | loss: 3.464538 | lrm: 1.00 | dt: 1482.85ms | tok/sec: 353,568 | bf16_mfu: 0.00 | epoch: 1 pq: 4 rg: 26 | total time: 8.72m | eta: 52.6m
step 00368/02520 (14.60%) | loss: 3.467587 | lrm: 1.00 | dt: 1480.99ms | tok/sec: 354,011 | bf16_mfu: 0.00 | epoch: 1 pq: 4 rg: 27 | total time: 8.74m | eta: 52.5m
step 00369/02520 (14.64%) | loss: 3.455865 | lrm: 1.00 | dt: 1482.28ms | tok/sec: 353,703 | bf16_mfu: 0.00 | epoch: 1 pq: 4 rg: 28 | total time: 8.77m | eta: 52.5m
step 00370/02520 (14.68%) | loss: 3.456234 | lrm: 1.00 | dt: 1484.84ms | tok/sec: 353,092 | bf16_mfu: 0.00 | epoch: 1 pq: 4 rg: 29 | total time: 8.79m | eta: 52.5m
step 00371/02520 (14.72%) | loss: 3.453012 | lrm: 1.00 | dt: 1492.28ms | tok/sec: 351,333 | bf16_mfu: 0.00 | epoch: 1 pq: 4 rg: 30 | total time: 8.82m | eta: 52.5m
step 00372/02520 (14.76%) | loss: 3.438297 | lrm: 1.00 | dt: 1483.53ms | tok/sec: 353,405 | bf16_mfu: 0.00 | epoch: 1 pq: 4 rg: 31 | total time: 8.84m | eta: 52.5m
step 00373/02520 (14.80%) | loss: 3.439713 | lrm: 1.00 | dt: 1493.53ms | tok/sec: 351,039 | bf16_mfu: 0.00 | epoch: 1 pq: 4 rg: 32 | total time: 8.87m | eta: 52.4m
step 00374/02520 (14.84%) | loss: 3.443562 | lrm: 1.00 | dt: 1482.67ms | tok/sec: 353,610 | bf16_mfu: 0.00 | epoch: 1 pq: 4 rg: 33 | total time: 8.89m | eta: 52.4m
step 00375/02520 (14.88%) | loss: 3.438395 | lrm: 1.00 | dt: 1483.18ms | tok/sec: 353,488 | bf16_mfu: 0.00 | epoch: 1 pq: 4 rg: 34 | total time: 8.91m | eta: 52.4m
step 00376/02520 (14.92%) | loss: 3.439201 | lrm: 1.00 | dt: 1489.14ms | tok/sec: 352,074 | bf16_mfu: 0.00 | epoch: 1 pq: 4 rg: 35 | total time: 8.94m | eta: 52.4m
step 00377/02520 (14.96%) | loss: 3.437619 | lrm: 1.00 | dt: 1488.17ms | tok/sec: 352,304 | bf16_mfu: 0.00 | epoch: 1 pq: 4 rg: 36 | total time: 8.96m | eta: 52.3m
2026-09-27 15:29:26,980 - nanochat.checkpoint_manager - [32m[1mINFO[0m - Saved model parameters to: /home/neo/.cache/nanochat/base_checkpoints/looped_B8_lr1_lr1_h1.0_s0/model_000378.pt
2026-09-27 15:29:27,464 - nanochat.checkpoint_manager - [32m[1mINFO[0m - Saved optimizer state to: /home/neo/.cache/nanochat/base_checkpoints/looped_B8_lr1_lr1_h1.0_s0/optim_000378_rank0.pt
2026-09-27 15:29:27,465 - nanochat.checkpoint_manager - [32m[1mINFO[0m - Saved metadata to: /home/neo/.cache/nanochat/base_checkpoints/looped_B8_lr1_lr1_h1.0_s0/meta_000378.json
step 00378/02520 (15.00%) | loss: 3.435686 | lrm: 1.00 | dt: 1466.21ms | tok/sec: 357,580 | bf16_mfu: 0.00 | epoch: 1 pq: 4 rg: 37 | total time: 8.99m | eta: 52.3m
step 00379/02520 (15.04%) | loss: 3.442788 | lrm: 1.00 | dt: 1480.06ms | tok/sec: 354,234 | bf16_mfu: 0.00 | epoch: 1 pq: 4 rg: 38 | total time: 9.01m | eta: 52.3m
step 00380/02520 (15.08%) | loss: 3.454389 | lrm: 1.00 | dt: 1479.37ms | tok/sec: 354,398 | bf16_mfu: 0.00 | epoch: 1 pq: 4 rg: 39 | total time: 9.04m | eta: 52.3m
step 00381/02520 (15.12%) | loss: 3.459149 | lrm: 1.00 | dt: 1484.19ms | tok/sec: 353,248 | bf16_mfu: 0.00 | epoch: 1 pq: 4 rg: 40 | total time: 9.06m | eta: 52.3m
step 00382/02520 (15.16%) | loss: 3.452717 | lrm: 1.00 | dt: 1485.98ms | tok/sec: 352,823 | bf16_mfu: 0.00 | epoch: 1 pq: 4 rg: 41 | total time: 9.09m | eta: 52.2m
step 00383/02520 (15.20%) | loss: 3.450469 | lrm: 1.00 | dt: 1482.00ms | tok/sec: 353,770 | bf16_mfu: 0.00 | epoch: 1 pq: 4 rg: 42 | total time: 9.11m | eta: 52.2m
step 00384/02520 (15.24%) | loss: 3.459225 | lrm: 1.00 | dt: 1482.10ms | tok/sec: 353,747 | bf16_mfu: 0.00 | epoch: 1 pq: 4 rg: 43 | total time: 9.14m | eta: 52.2m
step 00385/02520 (15.28%) | loss: 3.467075 | lrm: 1.00 | dt: 1479.53ms | tok/sec: 354,361 | bf16_mfu: 0.00 | epoch: 1 pq: 4 rg: 44 | total time: 9.16m | eta: 52.2m
step 00386/02520 (15.32%) | loss: 3.474920 | lrm: 1.00 | dt: 1480.94ms | tok/sec: 354,022 | bf16_mfu: 0.00 | epoch: 1 pq: 4 rg: 45 | total time: 9.19m | eta: 52.1m
step 00387/02520 (15.36%) | loss: 3.466640 | lrm: 1.00 | dt: 1480.23ms | tok/sec: 354,194 | bf16_mfu: 0.00 | epoch: 1 pq: 4 rg: 46 | total time: 9.21m | eta: 52.1m
step 00388/02520 (15.40%) | loss: 3.464464 | lrm: 1.00 | dt: 1483.44ms | tok/sec: 353,426 | bf16_mfu: 0.00 | epoch: 1 pq: 4 rg: 47 | total time: 9.24m | eta: 52.1m
step 00389/02520 (15.44%) | loss: 3.457558 | lrm: 1.00 | dt: 1486.97ms | tok/sec: 352,587 | bf16_mfu: 0.00 | epoch: 1 pq: 4 rg: 48 | total time: 9.26m | eta: 52.1m
step 00390/02520 (15.48%) | loss: 3.458165 | lrm: 1.00 | dt: 1487.32ms | tok/sec: 352,504 | bf16_mfu: 0.00 | epoch: 1 pq: 4 rg: 49 | total time: 9.29m | eta: 52.0m
step 00391/02520 (15.52%) | loss: 3.462144 | lrm: 1.00 | dt: 1484.12ms | tok/sec: 353,266 | bf16_mfu: 0.00 | epoch: 1 pq: 4 rg: 50 | total time: 9.31m | eta: 52.0m
step 00392/02520 (15.56%) | loss: 3.468139 | lrm: 1.00 | dt: 1492.22ms | tok/sec: 351,346 | bf16_mfu: 0.00 | epoch: 1 pq: 4 rg: 51 | total time: 9.34m | eta: 52.0m
step 00393/02520 (15.60%) | loss: 3.464575 | lrm: 1.00 | dt: 1488.34ms | tok/sec: 352,263 | bf16_mfu: 0.00 | epoch: 1 pq: 4 rg: 52 | total time: 9.36m | eta: 52.0m
step 00394/02520 (15.63%) | loss: 3.467193 | lrm: 1.00 | dt: 1502.70ms | tok/sec: 348,896 | bf16_mfu: 0.00 | epoch: 1 pq: 4 rg: 53 | total time: 9.38m | eta: 52.0m
step 00395/02520 (15.67%) | loss: 3.453257 | lrm: 1.00 | dt: 1504.25ms | tok/sec: 348,536 | bf16_mfu: 0.00 | epoch: 1 pq: 4 rg: 54 | total time: 9.41m | eta: 51.9m
step 00396/02520 (15.71%) | loss: 3.459515 | lrm: 1.00 | dt: 1498.08ms | tok/sec: 349,973 | bf16_mfu: 0.00 | epoch: 1 pq: 4 rg: 55 | total time: 9.44m | eta: 51.9m
step 00397/02520 (15.75%) | loss: 3.454611 | lrm: 1.00 | dt: 1491.86ms | tok/sec: 351,433 | bf16_mfu: 0.00 | epoch: 1 pq: 4 rg: 55 | total time: 9.46m | eta: 51.9m
step 00398/02520 (15.79%) | loss: 3.446675 | lrm: 1.00 | dt: 1496.67ms | tok/sec: 350,302 | bf16_mfu: 0.00 | epoch: 1 pq: 4 rg: 56 | total time: 9.48m | eta: 51.9m
step 00399/02520 (15.83%) | loss: 3.453991 | lrm: 1.00 | dt: 1491.10ms | tok/sec: 351,611 | bf16_mfu: 0.00 | epoch: 1 pq: 4 rg: 57 | total time: 9.51m | eta: 51.9m
step 00400/02520 (15.87%) | loss: 3.452466 | lrm: 1.00 | dt: 1495.83ms | tok/sec: 350,500 | bf16_mfu: 0.00 | epoch: 1 pq: 4 rg: 58 | total time: 9.53m | eta: 51.8m
step 00401/02520 (15.91%) | loss: 3.455981 | lrm: 1.00 | dt: 1481.96ms | tok/sec: 353,779 | bf16_mfu: 0.00 | epoch: 1 pq: 4 rg: 59 | total time: 9.56m | eta: 51.8m
step 00402/02520 (15.95%) | loss: 3.460703 | lrm: 1.00 | dt: 1482.74ms | tok/sec: 353,593 | bf16_mfu: 0.00 | epoch: 1 pq: 4 rg: 60 | total time: 9.58m | eta: 51.8m
step 00403/02520 (15.99%) | loss: 3.450410 | lrm: 1.00 | dt: 1481.27ms | tok/sec: 353,945 | bf16_mfu: 0.00 | epoch: 1 pq: 4 rg: 61 | total time: 9.61m | eta: 51.8m
step 00404/02520 (16.03%) | loss: 3.453890 | lrm: 1.00 | dt: 1471.76ms | tok/sec: 356,232 | bf16_mfu: 0.00 | epoch: 1 pq: 4 rg: 62 | total time: 9.63m | eta: 51.7m
step 00405/02520 (16.07%) | loss: 3.448690 | lrm: 1.00 | dt: 1452.85ms | tok/sec: 360,869 | bf16_mfu: 0.00 | epoch: 1 pq: 4 rg: 63 | total time: 9.66m | eta: 51.7m
step 00406/02520 (16.11%) | loss: 3.442877 | lrm: 1.00 | dt: 1456.38ms | tok/sec: 359,993 | bf16_mfu: 0.00 | epoch: 1 pq: 4 rg: 64 | total time: 9.68m | eta: 51.7m
step 00407/02520 (16.15%) | loss: 3.452627 | lrm: 1.00 | dt: 1456.94ms | tok/sec: 359,854 | bf16_mfu: 0.00 | epoch: 1 pq: 4 rg: 65 | total time: 9.71m | eta: 51.7m
step 00408/02520 (16.19%) | loss: 3.462825 | lrm: 1.00 | dt: 1457.07ms | tok/sec: 359,824 | bf16_mfu: 0.00 | epoch: 1 pq: 4 rg: 66 | total time: 9.73m | eta: 51.6m
step 00409/02520 (16.23%) | loss: 3.459017 | lrm: 1.00 | dt: 1456.57ms | tok/sec: 359,946 | bf16_mfu: 0.00 | epoch: 1 pq: 4 rg: 67 | total time: 9.75m | eta: 51.6m
step 00410/02520 (16.27%) | loss: 3.458111 | lrm: 1.00 | dt: 1454.84ms | tok/sec: 360,376 | bf16_mfu: 0.00 | epoch: 1 pq: 4 rg: 68 | total time: 9.78m | eta: 51.6m
step 00411/02520 (16.31%) | loss: 3.463600 | lrm: 1.00 | dt: 1455.00ms | tok/sec: 360,335 | bf16_mfu: 0.00 | epoch: 1 pq: 4 rg: 69 | total time: 9.80m | eta: 51.6m
step 00412/02520 (16.35%) | loss: 3.457176 | lrm: 1.00 | dt: 1456.00ms | tok/sec: 360,088 | bf16_mfu: 0.00 | epoch: 1 pq: 4 rg: 70 | total time: 9.83m | eta: 51.5m
step 00413/02520 (16.39%) | loss: 3.448652 | lrm: 1.00 | dt: 1473.37ms | tok/sec: 355,842 | bf16_mfu: 0.00 | epoch: 1 pq: 4 rg: 71 | total time: 9.85m | eta: 51.5m
step 00414/02520 (16.43%) | loss: 3.440610 | lrm: 1.00 | dt: 1457.05ms | tok/sec: 359,828 | bf16_mfu: 0.00 | epoch: 1 pq: 4 rg: 72 | total time: 9.88m | eta: 51.5m
step 00415/02520 (16.47%) | loss: 3.436403 | lrm: 1.00 | dt: 1495.67ms | tok/sec: 350,536 | bf16_mfu: 0.00 | epoch: 1 pq: 4 rg: 73 | total time: 9.90m | eta: 51.5m
step 00416/02520 (16.51%) | loss: 3.419235 | lrm: 1.00 | dt: 1485.88ms | tok/sec: 352,847 | bf16_mfu: 0.00 | epoch: 1 pq: 4 rg: 74 | total time: 9.93m | eta: 51.4m
step 00417/02520 (16.55%) | loss: 3.416377 | lrm: 1.00 | dt: 1488.62ms | tok/sec: 352,196 | bf16_mfu: 0.00 | epoch: 1 pq: 4 rg: 75 | total time: 9.95m | eta: 51.4m
step 00418/02520 (16.59%) | loss: 3.423599 | lrm: 1.00 | dt: 1509.55ms | tok/sec: 347,314 | bf16_mfu: 0.00 | epoch: 1 pq: 4 rg: 76 | total time: 9.98m | eta: 51.4m
step 00419/02520 (16.63%) | loss: 3.430720 | lrm: 1.00 | dt: 1523.58ms | tok/sec: 344,115 | bf16_mfu: 0.00 | epoch: 1 pq: 4 rg: 77 | total time: 10.00m | eta: 51.4m
step 00420/02520 (16.67%) | loss: 3.426589 | lrm: 1.00 | dt: 1501.83ms | tok/sec: 349,099 | bf16_mfu: 0.00 | epoch: 1 pq: 4 rg: 78 | total time: 10.03m | eta: 51.4m
step 00421/02520 (16.71%) | loss: 3.433299 | lrm: 1.00 | dt: 1477.26ms | tok/sec: 354,905 | bf16_mfu: 0.00 | epoch: 1 pq: 4 rg: 79 | total time: 10.05m | eta: 51.3m
step 00422/02520 (16.75%) | loss: 3.425212 | lrm: 1.00 | dt: 1478.13ms | tok/sec: 354,697 | bf16_mfu: 0.00 | epoch: 1 pq: 4 rg: 80 | total time: 10.08m | eta: 51.3m
step 00423/02520 (16.79%) | loss: 3.427268 | lrm: 1.00 | dt: 1461.93ms | tok/sec: 358,627 | bf16_mfu: 0.00 | epoch: 1 pq: 4 rg: 81 | total time: 10.10m | eta: 51.3m
step 00424/02520 (16.83%) | loss: 3.435692 | lrm: 1.00 | dt: 1452.22ms | tok/sec: 361,025 | bf16_mfu: 0.00 | epoch: 1 pq: 5 rg: 0 | total time: 10.12m | eta: 51.3m
step 00425/02520 (16.87%) | loss: 3.438431 | lrm: 1.00 | dt: 1454.05ms | tok/sec: 360,570 | bf16_mfu: 0.00 | epoch: 1 pq: 5 rg: 1 | total time: 10.15m | eta: 51.2m
step 00426/02520 (16.90%) | loss: 3.438911 | lrm: 1.00 | dt: 1455.01ms | tok/sec: 360,331 | bf16_mfu: 0.00 | epoch: 1 pq: 5 rg: 2 | total time: 10.17m | eta: 51.2m
step 00427/02520 (16.94%) | loss: 3.436261 | lrm: 1.00 | dt: 1452.28ms | tok/sec: 361,011 | bf16_mfu: 0.00 | epoch: 1 pq: 5 rg: 3 | total time: 10.20m | eta: 51.2m
step 00428/02520 (16.98%) | loss: 3.437815 | lrm: 1.00 | dt: 1454.59ms | tok/sec: 360,438 | bf16_mfu: 0.00 | epoch: 1 pq: 5 rg: 4 | total time: 10.22m | eta: 51.2m
step 00429/02520 (17.02%) | loss: 3.433091 | lrm: 1.00 | dt: 1456.49ms | tok/sec: 359,967 | bf16_mfu: 0.00 | epoch: 1 pq: 5 rg: 4 | total time: 10.25m | eta: 51.1m
step 00430/02520 (17.06%) | loss: 3.437634 | lrm: 1.00 | dt: 1455.12ms | tok/sec: 360,306 | bf16_mfu: 0.00 | epoch: 1 pq: 5 rg: 5 | total time: 10.27m | eta: 51.1m
step 00431/02520 (17.10%) | loss: 3.432570 | lrm: 1.00 | dt: 1481.82ms | tok/sec: 353,812 | bf16_mfu: 0.00 | epoch: 1 pq: 5 rg: 6 | total time: 10.29m | eta: 51.1m
step 00432/02520 (17.14%) | loss: 3.431118 | lrm: 1.00 | dt: 1460.30ms | tok/sec: 359,028 | bf16_mfu: 0.00 | epoch: 1 pq: 5 rg: 7 | total time: 10.32m | eta: 51.1m
step 00433/02520 (17.18%) | loss: 3.422160 | lrm: 1.00 | dt: 1454.83ms | tok/sec: 360,376 | bf16_mfu: 0.00 | epoch: 1 pq: 5 rg: 8 | total time: 10.34m | eta: 51.0m
step 00434/02520 (17.22%) | loss: 3.420793 | lrm: 1.00 | dt: 1453.69ms | tok/sec: 360,659 | bf16_mfu: 0.00 | epoch: 1 pq: 5 rg: 9 | total time: 10.37m | eta: 51.0m
step 00435/02520 (17.26%) | loss: 3.421349 | lrm: 1.00 | dt: 1458.67ms | tok/sec: 359,428 | bf16_mfu: 0.00 | epoch: 1 pq: 5 rg: 10 | total time: 10.39m | eta: 51.0m
step 00436/02520 (17.30%) | loss: 3.426668 | lrm: 1.00 | dt: 1455.97ms | tok/sec: 360,096 | bf16_mfu: 0.00 | epoch: 1 pq: 5 rg: 11 | total time: 10.42m | eta: 51.0m
step 00437/02520 (17.34%) | loss: 3.423334 | lrm: 1.00 | dt: 1460.67ms | tok/sec: 358,935 | bf16_mfu: 0.00 | epoch: 1 pq: 5 rg: 12 | total time: 10.44m | eta: 50.9m
step 00438/02520 (17.38%) | loss: 3.408322 | lrm: 1.00 | dt: 1461.68ms | tok/sec: 358,688 | bf16_mfu: 0.00 | epoch: 1 pq: 5 rg: 13 | total time: 10.46m | eta: 50.9m
step 00439/02520 (17.42%) | loss: 3.413211 | lrm: 1.00 | dt: 1457.22ms | tok/sec: 359,785 | bf16_mfu: 0.00 | epoch: 1 pq: 5 rg: 14 | total time: 10.49m | eta: 50.9m
step 00440/02520 (17.46%) | loss: 3.407213 | lrm: 1.00 | dt: 1473.89ms | tok/sec: 355,718 | bf16_mfu: 0.00 | epoch: 1 pq: 5 rg: 15 | total time: 10.51m | eta: 50.9m
step 00441/02520 (17.50%) | loss: 3.410059 | lrm: 1.00 | dt: 1463.80ms | tok/sec: 358,169 | bf16_mfu: 0.00 | epoch: 1 pq: 5 rg: 16 | total time: 10.54m | eta: 50.8m
step 00442/02520 (17.54%) | loss: 3.410865 | lrm: 1.00 | dt: 1465.26ms | tok/sec: 357,813 | bf16_mfu: 0.00 | epoch: 1 pq: 5 rg: 17 | total time: 10.56m | eta: 50.8m
step 00443/02520 (17.58%) | loss: 3.415245 | lrm: 1.00 | dt: 1510.91ms | tok/sec: 347,001 | bf16_mfu: 0.00 | epoch: 1 pq: 5 rg: 18 | total time: 10.59m | eta: 50.8m
step 00444/02520 (17.62%) | loss: 3.402572 | lrm: 1.00 | dt: 1492.77ms | tok/sec: 351,219 | bf16_mfu: 0.00 | epoch: 1 pq: 5 rg: 19 | total time: 10.61m | eta: 50.8m
step 00445/02520 (17.66%) | loss: 3.389265 | lrm: 1.00 | dt: 1487.23ms | tok/sec: 352,527 | bf16_mfu: 0.00 | epoch: 1 pq: 5 rg: 20 | total time: 10.64m | eta: 50.7m
step 00446/02520 (17.70%) | loss: 3.389433 | lrm: 1.00 | dt: 1471.17ms | tok/sec: 356,374 | bf16_mfu: 0.00 | epoch: 1 pq: 5 rg: 21 | total time: 10.66m | eta: 50.7m
step 00447/02520 (17.74%) | loss: 3.385991 | lrm: 1.00 | dt: 1472.22ms | tok/sec: 356,121 | bf16_mfu: 0.00 | epoch: 1 pq: 5 rg: 22 | total time: 10.69m | eta: 50.7m
step 00448/02520 (17.78%) | loss: 3.378510 | lrm: 1.00 | dt: 1487.53ms | tok/sec: 352,455 | bf16_mfu: 0.00 | epoch: 1 pq: 5 rg: 23 | total time: 10.71m | eta: 50.7m
step 00449/02520 (17.82%) | loss: 3.383404 | lrm: 1.00 | dt: 1509.78ms | tok/sec: 347,261 | bf16_mfu: 0.00 | epoch: 1 pq: 5 rg: 24 | total time: 10.74m | eta: 50.6m
step 00450/02520 (17.86%) | loss: 3.389938 | lrm: 1.00 | dt: 1514.53ms | tok/sec: 346,171 | bf16_mfu: 0.00 | epoch: 1 pq: 5 rg: 25 | total time: 10.76m | eta: 50.6m
step 00451/02520 (17.90%) | loss: 3.399219 | lrm: 1.00 | dt: 1513.96ms | tok/sec: 346,301 | bf16_mfu: 0.00 | epoch: 1 pq: 5 rg: 26 | total time: 10.79m | eta: 50.6m
step 00452/02520 (17.94%) | loss: 3.404061 | lrm: 1.00 | dt: 1492.99ms | tok/sec: 351,167 | bf16_mfu: 0.00 | epoch: 1 pq: 5 rg: 27 | total time: 10.81m | eta: 50.6m
step 00453/02520 (17.98%) | loss: 3.415442 | lrm: 1.00 | dt: 1466.24ms | tok/sec: 357,573 | bf16_mfu: 0.00 | epoch: 1 pq: 5 rg: 28 | total time: 10.84m | eta: 50.6m
step 00454/02520 (18.02%) | loss: 3.420184 | lrm: 1.00 | dt: 1474.62ms | tok/sec: 355,540 | bf16_mfu: 0.00 | epoch: 1 pq: 5 rg: 29 | total time: 10.86m | eta: 50.5m
step 00455/02520 (18.06%) | loss: 3.407343 | lrm: 1.00 | dt: 1488.91ms | tok/sec: 352,128 | bf16_mfu: 0.00 | epoch: 1 pq: 5 rg: 29 | total time: 10.89m | eta: 50.5m
step 00456/02520 (18.10%) | loss: 3.406087 | lrm: 1.00 | dt: 1500.13ms | tok/sec: 349,495 | bf16_mfu: 0.00 | epoch: 1 pq: 5 rg: 30 | total time: 10.91m | eta: 50.5m
step 00457/02520 (18.13%) | loss: 3.404352 | lrm: 1.00 | dt: 1474.04ms | tok/sec: 355,681 | bf16_mfu: 0.00 | epoch: 1 pq: 5 rg: 31 | total time: 10.93m | eta: 50.5m
step 00458/02520 (18.17%) | loss: 3.411391 | lrm: 1.00 | dt: 1484.63ms | tok/sec: 353,144 | bf16_mfu: 0.00 | epoch: 1 pq: 5 rg: 32 | total time: 10.96m | eta: 50.4m
step 00459/02520 (18.21%) | loss: 3.407318 | lrm: 1.00 | dt: 1453.85ms | tok/sec: 360,620 | bf16_mfu: 0.00 | epoch: 1 pq: 5 rg: 33 | total time: 10.98m | eta: 50.4m
step 00460/02520 (18.25%) | loss: 3.397725 | lrm: 1.00 | dt: 1455.09ms | tok/sec: 360,312 | bf16_mfu: 0.00 | epoch: 1 pq: 5 rg: 34 | total time: 11.01m | eta: 50.4m
step 00461/02520 (18.29%) | loss: 3.397465 | lrm: 1.00 | dt: 1451.36ms | tok/sec: 361,239 | bf16_mfu: 0.00 | epoch: 1 pq: 5 rg: 35 | total time: 11.03m | eta: 50.4m
step 00462/02520 (18.33%) | loss: 3.388945 | lrm: 1.00 | dt: 1453.03ms | tok/sec: 360,824 | bf16_mfu: 0.00 | epoch: 1 pq: 5 rg: 36 | total time: 11.06m | eta: 50.3m
step 00463/02520 (18.37%) | loss: 3.393902 | lrm: 1.00 | dt: 1454.80ms | tok/sec: 360,384 | bf16_mfu: 0.00 | epoch: 1 pq: 5 rg: 37 | total time: 11.08m | eta: 50.3m
step 00464/02520 (18.41%) | loss: 3.390965 | lrm: 1.00 | dt: 1455.64ms | tok/sec: 360,176 | bf16_mfu: 0.00 | epoch: 1 pq: 5 rg: 38 | total time: 11.10m | eta: 50.3m
step 00465/02520 (18.45%) | loss: 3.395246 | lrm: 1.00 | dt: 1468.98ms | tok/sec: 356,905 | bf16_mfu: 0.00 | epoch: 1 pq: 5 rg: 39 | total time: 11.13m | eta: 50.3m
step 00466/02520 (18.49%) | loss: 3.399013 | lrm: 1.00 | dt: 1494.26ms | tok/sec: 350,868 | bf16_mfu: 0.00 | epoch: 1 pq: 5 rg: 40 | total time: 11.15m | eta: 50.2m
step 00467/02520 (18.53%) | loss: 3.398068 | lrm: 1.00 | dt: 1486.34ms | tok/sec: 352,736 | bf16_mfu: 0.00 | epoch: 1 pq: 5 rg: 41 | total time: 11.18m | eta: 50.2m
step 00468/02520 (18.57%) | loss: 3.396182 | lrm: 1.00 | dt: 1479.45ms | tok/sec: 354,379 | bf16_mfu: 0.00 | epoch: 1 pq: 5 rg: 42 | total time: 11.20m | eta: 50.2m
step 00469/02520 (18.61%) | loss: 3.406277 | lrm: 1.00 | dt: 1461.08ms | tok/sec: 358,834 | bf16_mfu: 0.00 | epoch: 1 pq: 5 rg: 43 | total time: 11.23m | eta: 50.2m
step 00470/02520 (18.65%) | loss: 3.398466 | lrm: 1.00 | dt: 1462.42ms | tok/sec: 358,505 | bf16_mfu: 0.00 | epoch: 1 pq: 5 rg: 44 | total time: 11.25m | eta: 50.1m
step 00471/02520 (18.69%) | loss: 3.391399 | lrm: 1.00 | dt: 1477.51ms | tok/sec: 354,845 | bf16_mfu: 0.00 | epoch: 1 pq: 5 rg: 45 | total time: 11.28m | eta: 50.1m
step 00472/02520 (18.73%) | loss: 3.382499 | lrm: 1.00 | dt: 1464.40ms | tok/sec: 358,023 | bf16_mfu: 0.00 | epoch: 1 pq: 5 rg: 46 | total time: 11.30m | eta: 50.1m
step 00473/02520 (18.77%) | loss: 3.381827 | lrm: 1.00 | dt: 1467.25ms | tok/sec: 357,327 | bf16_mfu: 0.00 | epoch: 1 pq: 5 rg: 47 | total time: 11.33m | eta: 50.1m
step 00474/02520 (18.81%) | loss: 3.395392 | lrm: 1.00 | dt: 1473.88ms | tok/sec: 355,719 | bf16_mfu: 0.00 | epoch: 1 pq: 5 rg: 48 | total time: 11.35m | eta: 50.0m
step 00475/02520 (18.85%) | loss: 3.396132 | lrm: 1.00 | dt: 1468.94ms | tok/sec: 356,915 | bf16_mfu: 0.00 | epoch: 1 pq: 5 rg: 49 | total time: 11.37m | eta: 50.0m
step 00476/02520 (18.89%) | loss: 3.393333 | lrm: 1.00 | dt: 1464.01ms | tok/sec: 358,117 | bf16_mfu: 0.00 | epoch: 1 pq: 5 rg: 50 | total time: 11.40m | eta: 50.0m
step 00477/02520 (18.93%) | loss: 3.394922 | lrm: 1.00 | dt: 1474.97ms | tok/sec: 355,457 | bf16_mfu: 0.00 | epoch: 1 pq: 5 rg: 51 | total time: 11.42m | eta: 50.0m
step 00478/02520 (18.97%) | loss: 3.391069 | lrm: 1.00 | dt: 1477.08ms | tok/sec: 354,948 | bf16_mfu: 0.00 | epoch: 1 pq: 5 rg: 52 | total time: 11.45m | eta: 50.0m
step 00479/02520 (19.01%) | loss: 3.386852 | lrm: 1.00 | dt: 1479.83ms | tok/sec: 354,290 | bf16_mfu: 0.00 | epoch: 1 pq: 5 rg: 53 | total time: 11.47m | eta: 49.9m
step 00480/02520 (19.05%) | loss: 3.368956 | lrm: 1.00 | dt: 1493.63ms | tok/sec: 351,016 | bf16_mfu: 0.00 | epoch: 1 pq: 5 rg: 54 | total time: 11.50m | eta: 49.9m
step 00481/02520 (19.09%) | loss: 3.373769 | lrm: 1.00 | dt: 1458.55ms | tok/sec: 359,457 | bf16_mfu: 0.00 | epoch: 1 pq: 5 rg: 55 | total time: 11.52m | eta: 49.9m
step 00482/02520 (19.13%) | loss: 3.372514 | lrm: 1.00 | dt: 1463.75ms | tok/sec: 358,182 | bf16_mfu: 0.00 | epoch: 1 pq: 5 rg: 56 | total time: 11.55m | eta: 49.9m
step 00483/02520 (19.17%) | loss: 3.373199 | lrm: 1.00 | dt: 1453.39ms | tok/sec: 360,735 | bf16_mfu: 0.00 | epoch: 1 pq: 5 rg: 57 | total time: 11.57m | eta: 49.8m
step 00484/02520 (19.21%) | loss: 3.360455 | lrm: 1.00 | dt: 1478.57ms | tok/sec: 354,592 | bf16_mfu: 0.00 | epoch: 1 pq: 5 rg: 58 | total time: 11.60m | eta: 49.8m
step 00485/02520 (19.25%) | loss: 3.351812 | lrm: 1.00 | dt: 1477.77ms | tok/sec: 354,782 | bf16_mfu: 0.00 | epoch: 1 pq: 5 rg: 59 | total time: 11.62m | eta: 49.8m
step 00486/02520 (19.29%) | loss: 3.353225 | lrm: 1.00 | dt: 1473.99ms | tok/sec: 355,693 | bf16_mfu: 0.00 | epoch: 1 pq: 5 rg: 60 | total time: 11.64m | eta: 49.8m
step 00487/02520 (19.33%) | loss: 3.337538 | lrm: 1.00 | dt: 1474.19ms | tok/sec: 355,644 | bf16_mfu: 0.00 | epoch: 1 pq: 5 rg: 61 | total time: 11.67m | eta: 49.7m
step 00488/02520 (19.37%) | loss: 3.355243 | lrm: 1.00 | dt: 1482.00ms | tok/sec: 353,770 | bf16_mfu: 0.00 | epoch: 1 pq: 5 rg: 61 | total time: 11.69m | eta: 49.7m
step 00489/02520 (19.40%) | loss: 3.353494 | lrm: 1.00 | dt: 1474.21ms | tok/sec: 355,640 | bf16_mfu: 0.00 | epoch: 1 pq: 5 rg: 62 | total time: 11.72m | eta: 49.7m
step 00490/02520 (19.44%) | loss: 3.353946 | lrm: 1.00 | dt: 1484.02ms | tok/sec: 353,287 | bf16_mfu: 0.00 | epoch: 1 pq: 5 rg: 63 | total time: 11.74m | eta: 49.7m
step 00491/02520 (19.48%) | loss: 3.355562 | lrm: 1.00 | dt: 1477.46ms | tok/sec: 354,857 | bf16_mfu: 0.00 | epoch: 1 pq: 5 rg: 64 | total time: 11.77m | eta: 49.6m
step 00492/02520 (19.52%) | loss: 3.352680 | lrm: 1.00 | dt: 1476.85ms | tok/sec: 355,004 | bf16_mfu: 0.00 | epoch: 1 pq: 5 rg: 65 | total time: 11.79m | eta: 49.6m
step 00493/02520 (19.56%) | loss: 3.356942 | lrm: 1.00 | dt: 1455.15ms | tok/sec: 360,298 | bf16_mfu: 0.00 | epoch: 1 pq: 5 rg: 66 | total time: 11.82m | eta: 49.6m
step 00494/02520 (19.60%) | loss: 3.356498 | lrm: 1.00 | dt: 1455.82ms | tok/sec: 360,132 | bf16_mfu: 0.00 | epoch: 1 pq: 5 rg: 67 | total time: 11.84m | eta: 49.6m
step 00495/02520 (19.64%) | loss: 3.348802 | lrm: 1.00 | dt: 1452.27ms | tok/sec: 361,012 | bf16_mfu: 0.00 | epoch: 1 pq: 5 rg: 68 | total time: 11.87m | eta: 49.5m
step 00496/02520 (19.68%) | loss: 3.352067 | lrm: 1.00 | dt: 1453.52ms | tok/sec: 360,702 | bf16_mfu: 0.00 | epoch: 1 pq: 5 rg: 69 | total time: 11.89m | eta: 49.5m
step 00497/02520 (19.72%) | loss: 3.363037 | lrm: 1.00 | dt: 1452.67ms | tok/sec: 360,912 | bf16_mfu: 0.00 | epoch: 1 pq: 5 rg: 70 | total time: 11.91m | eta: 49.5m
step 00498/02520 (19.76%) | loss: 3.361068 | lrm: 1.00 | dt: 1452.62ms | tok/sec: 360,926 | bf16_mfu: 0.00 | epoch: 1 pq: 5 rg: 71 | total time: 11.94m | eta: 49.5m
step 00499/02520 (19.80%) | loss: 3.366756 | lrm: 1.00 | dt: 1453.64ms | tok/sec: 360,673 | bf16_mfu: 0.00 | epoch: 1 pq: 5 rg: 72 | total time: 11.96m | eta: 49.4m
Step 00500 | Validation bpb: 1.022948
step 00500/02520 (19.84%) | loss: 3.376428 | lrm: 1.00 | dt: 1438.07ms | tok/sec: 364,578 | bf16_mfu: 0.00 | epoch: 1 pq: 5 rg: 73 | total time: 11.99m | eta: 49.4m
step 00501/02520 (19.88%) | loss: 3.369388 | lrm: 1.00 | dt: 1443.34ms | tok/sec: 363,247 | bf16_mfu: 0.00 | epoch: 1 pq: 5 rg: 74 | total time: 12.01m | eta: 49.4m
step 00502/02520 (19.92%) | loss: 3.366704 | lrm: 1.00 | dt: 1443.57ms | tok/sec: 363,189 | bf16_mfu: 0.00 | epoch: 1 pq: 5 rg: 75 | total time: 12.03m | eta: 49.4m
step 00503/02520 (19.96%) | loss: 3.357301 | lrm: 1.00 | dt: 1443.28ms | tok/sec: 363,262 | bf16_mfu: 0.00 | epoch: 1 pq: 5 rg: 76 | total time: 12.06m | eta: 49.3m
2026-09-27 15:33:17,373 - nanochat.checkpoint_manager - [32m[1mINFO[0m - Saved model parameters to: /home/neo/.cache/nanochat/base_checkpoints/looped_B8_lr1_lr1_h1.0_s0/model_000504.pt
2026-09-27 15:33:17,840 - nanochat.checkpoint_manager - [32m[1mINFO[0m - Saved optimizer state to: /home/neo/.cache/nanochat/base_checkpoints/looped_B8_lr1_lr1_h1.0_s0/optim_000504_rank0.pt
2026-09-27 15:33:17,841 - nanochat.checkpoint_manager - [32m[1mINFO[0m - Saved metadata to: /home/neo/.cache/nanochat/base_checkpoints/looped_B8_lr1_lr1_h1.0_s0/meta_000504.json
step 00504/02520 (20.00%) | loss: 3.353292 | lrm: 1.00 | dt: 1428.30ms | tok/sec: 367,070 | bf16_mfu: 0.00 | epoch: 1 pq: 5 rg: 77 | total time: 12.08m | eta: 49.3m
step 00505/02520 (20.04%) | loss: 3.359171 | lrm: 1.00 | dt: 1440.78ms | tok/sec: 363,891 | bf16_mfu: 0.00 | epoch: 1 pq: 5 rg: 78 | total time: 12.11m | eta: 49.3m
step 00506/02520 (20.08%) | loss: 3.349642 | lrm: 1.00 | dt: 1442.03ms | tok/sec: 363,575 | bf16_mfu: 0.00 | epoch: 1 pq: 5 rg: 79 | total time: 12.13m | eta: 49.3m
step 00507/02520 (20.12%) | loss: 3.349856 | lrm: 1.00 | dt: 1442.17ms | tok/sec: 363,539 | bf16_mfu: 0.00 | epoch: 1 pq: 5 rg: 80 | total time: 12.15m | eta: 49.2m
step 00508/02520 (20.16%) | loss: 3.350746 | lrm: 1.00 | dt: 1443.97ms | tok/sec: 363,086 | bf16_mfu: 0.00 | epoch: 1 pq: 5 rg: 81 | total time: 12.18m | eta: 49.2m
step 00509/02520 (20.20%) | loss: 3.357189 | lrm: 1.00 | dt: 1445.62ms | tok/sec: 362,673 | bf16_mfu: 0.00 | epoch: 1 pq: 5 rg: 82 | total time: 12.20m | eta: 49.2m
step 00510/02520 (20.24%) | loss: 3.343197 | lrm: 1.00 | dt: 1444.74ms | tok/sec: 362,895 | bf16_mfu: 0.00 | epoch: 1 pq: 6 rg: 0 | total time: 12.23m | eta: 49.2m
step 00511/02520 (20.28%) | loss: 3.340202 | lrm: 1.00 | dt: 1443.53ms | tok/sec: 363,198 | bf16_mfu: 0.00 | epoch: 1 pq: 6 rg: 1 | total time: 12.25m | eta: 49.1m
step 00512/02520 (20.32%) | loss: 3.343981 | lrm: 1.00 | dt: 1446.39ms | tok/sec: 362,479 | bf16_mfu: 0.00 | epoch: 1 pq: 6 rg: 2 | total time: 12.27m | eta: 49.1m
step 00513/02520 (20.36%) | loss: 3.334801 | lrm: 1.00 | dt: 1446.86ms | tok/sec: 362,361 | bf16_mfu: 0.00 | epoch: 1 pq: 6 rg: 3 | total time: 12.30m | eta: 49.1m
step 00514/02520 (20.40%) | loss: 3.336007 | lrm: 1.00 | dt: 1445.61ms | tok/sec: 362,676 | bf16_mfu: 0.00 | epoch: 1 pq: 6 rg: 4 | total time: 12.32m | eta: 49.0m
step 00515/02520 (20.44%) | loss: 3.339044 | lrm: 1.00 | dt: 1448.39ms | tok/sec: 361,980 | bf16_mfu: 0.00 | epoch: 1 pq: 6 rg: 5 | total time: 12.35m | eta: 49.0m
step 00516/02520 (20.48%) | loss: 3.341453 | lrm: 1.00 | dt: 1448.23ms | tok/sec: 362,019 | bf16_mfu: 0.00 | epoch: 1 pq: 6 rg: 6 | total time: 12.37m | eta: 49.0m
step 00517/02520 (20.52%) | loss: 3.332681 | lrm: 1.00 | dt: 1445.80ms | tok/sec: 362,627 | bf16_mfu: 0.00 | epoch: 1 pq: 6 rg: 7 | total time: 12.40m | eta: 49.0m
step 00518/02520 (20.56%) | loss: 3.328493 | lrm: 1.00 | dt: 1448.67ms | tok/sec: 361,908 | bf16_mfu: 0.00 | epoch: 1 pq: 6 rg: 8 | total time: 12.42m | eta: 48.9m
step 00519/02520 (20.60%) | loss: 3.333109 | lrm: 1.00 | dt: 1446.71ms | tok/sec: 362,399 | bf16_mfu: 0.00 | epoch: 1 pq: 6 rg: 9 | total time: 12.44m | eta: 48.9m
step 00520/02520 (20.63%) | loss: 3.326574 | lrm: 1.00 | dt: 1446.55ms | tok/sec: 362,440 | bf16_mfu: 0.00 | epoch: 1 pq: 6 rg: 9 | total time: 12.47m | eta: 48.9m
step 00521/02520 (20.67%) | loss: 3.331484 | lrm: 1.00 | dt: 1448.60ms | tok/sec: 361,928 | bf16_mfu: 0.00 | epoch: 1 pq: 6 rg: 10 | total time: 12.49m | eta: 48.9m
step 00522/02520 (20.71%) | loss: 3.325894 | lrm: 1.00 | dt: 1447.13ms | tok/sec: 362,294 | bf16_mfu: 0.00 | epoch: 1 pq: 6 rg: 11 | total time: 12.52m | eta: 48.8m
step 00523/02520 (20.75%) | loss: 3.332077 | lrm: 1.00 | dt: 1450.01ms | tok/sec: 361,574 | bf16_mfu: 0.00 | epoch: 1 pq: 6 rg: 12 | total time: 12.54m | eta: 48.8m
step 00524/02520 (20.79%) | loss: 3.335780 | lrm: 1.00 | dt: 1449.00ms | tok/sec: 361,826 | bf16_mfu: 0.00 | epoch: 1 pq: 6 rg: 13 | total time: 12.56m | eta: 48.8m
step 00525/02520 (20.83%) | loss: 3.342082 | lrm: 1.00 | dt: 1450.49ms | tok/sec: 361,455 | bf16_mfu: 0.00 | epoch: 1 pq: 6 rg: 14 | total time: 12.59m | eta: 48.8m
step 00526/02520 (20.87%) | loss: 3.325887 | lrm: 1.00 | dt: 1449.32ms | tok/sec: 361,747 | bf16_mfu: 0.00 | epoch: 1 pq: 6 rg: 15 | total time: 12.61m | eta: 48.7m
step 00527/02520 (20.91%) | loss: 3.314269 | lrm: 1.00 | dt: 1449.46ms | tok/sec: 361,712 | bf16_mfu: 0.00 | epoch: 1 pq: 6 rg: 16 | total time: 12.64m | eta: 48.7m
step 00528/02520 (20.95%) | loss: 3.318064 | lrm: 1.00 | dt: 1449.44ms | tok/sec: 361,718 | bf16_mfu: 0.00 | epoch: 1 pq: 6 rg: 17 | total time: 12.66m | eta: 48.7m
step 00529/02520 (20.99%) | loss: 3.324838 | lrm: 1.00 | dt: 1449.36ms | tok/sec: 361,737 | bf16_mfu: 0.00 | epoch: 1 pq: 6 rg: 18 | total time: 12.68m | eta: 48.7m
step 00530/02520 (21.03%) | loss: 3.330973 | lrm: 1.00 | dt: 1450.42ms | tok/sec: 361,473 | bf16_mfu: 0.00 | epoch: 1 pq: 6 rg: 19 | total time: 12.71m | eta: 48.6m
step 00531/02520 (21.07%) | loss: 3.326374 | lrm: 1.00 | dt: 1450.65ms | tok/sec: 361,415 | bf16_mfu: 0.00 | epoch: 1 pq: 6 rg: 20 | total time: 12.73m | eta: 48.6m
step 00532/02520 (21.11%) | loss: 3.336295 | lrm: 1.00 | dt: 1450.12ms | tok/sec: 361,549 | bf16_mfu: 0.00 | epoch: 1 pq: 6 rg: 21 | total time: 12.76m | eta: 48.6m
step 00533/02520 (21.15%) | loss: 3.324072 | lrm: 1.00 | dt: 1451.39ms | tok/sec: 361,232 | bf16_mfu: 0.00 | epoch: 1 pq: 6 rg: 22 | total time: 12.78m | eta: 48.6m
step 00534/02520 (21.19%) | loss: 3.333243 | lrm: 1.00 | dt: 1449.30ms | tok/sec: 361,751 | bf16_mfu: 0.00 | epoch: 1 pq: 6 rg: 23 | total time: 12.81m | eta: 48.5m
step 00535/02520 (21.23%) | loss: 3.331940 | lrm: 1.00 | dt: 1460.39ms | tok/sec: 359,006 | bf16_mfu: 0.00 | epoch: 1 pq: 6 rg: 24 | total time: 12.83m | eta: 48.5m
step 00536/02520 (21.27%) | loss: 3.334830 | lrm: 1.00 | dt: 1491.36ms | tok/sec: 351,551 | bf16_mfu: 0.00 | epoch: 1 pq: 6 rg: 25 | total time: 12.85m | eta: 48.5m
step 00537/02520 (21.31%) | loss: 3.339033 | lrm: 1.00 | dt: 1448.87ms | tok/sec: 361,860 | bf16_mfu: 0.00 | epoch: 1 pq: 6 rg: 26 | total time: 12.88m | eta: 48.5m
step 00538/02520 (21.35%) | loss: 3.331640 | lrm: 1.00 | dt: 1491.48ms | tok/sec: 351,522 | bf16_mfu: 0.00 | epoch: 1 pq: 6 rg: 27 | total time: 12.90m | eta: 48.4m
step 00539/02520 (21.39%) | loss: 3.330968 | lrm: 1.00 | dt: 1512.67ms | tok/sec: 346,597 | bf16_mfu: 0.00 | epoch: 1 pq: 6 rg: 28 | total time: 12.93m | eta: 48.4m
step 00540/02520 (21.43%) | loss: 3.320235 | lrm: 1.00 | dt: 1466.65ms | tok/sec: 357,473 | bf16_mfu: 0.00 | epoch: 1 pq: 6 rg: 29 | total time: 12.95m | eta: 48.4m
step 00541/02520 (21.47%) | loss: 3.306413 | lrm: 1.00 | dt: 1456.04ms | tok/sec: 360,079 | bf16_mfu: 0.00 | epoch: 1 pq: 6 rg: 30 | total time: 12.98m | eta: 48.4m
step 00542/02520 (21.51%) | loss: 3.309717 | lrm: 1.00 | dt: 1452.19ms | tok/sec: 361,033 | bf16_mfu: 0.00 | epoch: 1 pq: 6 rg: 31 | total time: 13.00m | eta: 48.3m
step 00543/02520 (21.55%) | loss: 3.311703 | lrm: 1.00 | dt: 1452.20ms | tok/sec: 361,030 | bf16_mfu: 0.00 | epoch: 1 pq: 6 rg: 32 | total time: 13.03m | eta: 48.3m
step 00544/02520 (21.59%) | loss: 3.313265 | lrm: 1.00 | dt: 1538.80ms | tok/sec: 340,713 | bf16_mfu: 0.00 | epoch: 1 pq: 6 rg: 33 | total time: 13.05m | eta: 48.3m
step 00545/02520 (21.63%) | loss: 3.317650 | lrm: 1.00 | dt: 1497.63ms | tok/sec: 350,079 | bf16_mfu: 0.00 | epoch: 1 pq: 6 rg: 34 | total time: 13.08m | eta: 48.3m
step 00546/02520 (21.67%) | loss: 3.330468 | lrm: 1.00 | dt: 1450.99ms | tok/sec: 361,330 | bf16_mfu: 0.00 | epoch: 1 pq: 6 rg: 34 | total time: 13.10m | eta: 48.2m
step 00547/02520 (21.71%) | loss: 3.329667 | lrm: 1.00 | dt: 1452.48ms | tok/sec: 360,961 | bf16_mfu: 0.00 | epoch: 1 pq: 6 rg: 35 | total time: 13.13m | eta: 48.2m
step 00548/02520 (21.75%) | loss: 3.327082 | lrm: 1.00 | dt: 1449.34ms | tok/sec: 361,741 | bf16_mfu: 0.00 | epoch: 1 pq: 6 rg: 36 | total time: 13.15m | eta: 48.2m
step 00549/02520 (21.79%) | loss: 3.319850 | lrm: 1.00 | dt: 1451.84ms | tok/sec: 361,120 | bf16_mfu: 0.00 | epoch: 1 pq: 6 rg: 37 | total time: 13.17m | eta: 48.2m
step 00550/02520 (21.83%) | loss: 3.313332 | lrm: 1.00 | dt: 1449.67ms | tok/sec: 361,659 | bf16_mfu: 0.00 | epoch: 1 pq: 6 rg: 38 | total time: 13.20m | eta: 48.1m
step 00551/02520 (21.87%) | loss: 3.312368 | lrm: 1.00 | dt: 1452.37ms | tok/sec: 360,989 | bf16_mfu: 0.00 | epoch: 1 pq: 6 rg: 39 | total time: 13.22m | eta: 48.1m
step 00552/02520 (21.90%) | loss: 3.315581 | lrm: 1.00 | dt: 1451.79ms | tok/sec: 361,132 | bf16_mfu: 0.00 | epoch: 1 pq: 6 rg: 40 | total time: 13.25m | eta: 48.1m
step 00553/02520 (21.94%) | loss: 3.311194 | lrm: 1.00 | dt: 1451.50ms | tok/sec: 361,205 | bf16_mfu: 0.00 | epoch: 1 pq: 6 rg: 41 | total time: 13.27m | eta: 48.1m
step 00554/02520 (21.98%) | loss: 3.307171 | lrm: 1.00 | dt: 1452.28ms | tok/sec: 361,009 | bf16_mfu: 0.00 | epoch: 1 pq: 6 rg: 42 | total time: 13.29m | eta: 48.0m
step 00555/02520 (22.02%) | loss: 3.315470 | lrm: 1.00 | dt: 1450.65ms | tok/sec: 361,416 | bf16_mfu: 0.00 | epoch: 1 pq: 6 rg: 43 | total time: 13.32m | eta: 48.0m
step 00556/02520 (22.06%) | loss: 3.308585 | lrm: 1.00 | dt: 1453.25ms | tok/sec: 360,770 | bf16_mfu: 0.00 | epoch: 1 pq: 6 rg: 44 | total time: 13.34m | eta: 48.0m
step 00557/02520 (22.10%) | loss: 3.311402 | lrm: 1.00 | dt: 1452.64ms | tok/sec: 360,921 | bf16_mfu: 0.00 | epoch: 1 pq: 6 rg: 45 | total time: 13.37m | eta: 48.0m
step 00558/02520 (22.14%) | loss: 3.301029 | lrm: 1.00 | dt: 1450.83ms | tok/sec: 361,372 | bf16_mfu: 0.00 | epoch: 1 pq: 6 rg: 46 | total time: 13.39m | eta: 47.9m
step 00559/02520 (22.18%) | loss: 3.306397 | lrm: 1.00 | dt: 1451.71ms | tok/sec: 361,151 | bf16_mfu: 0.00 | epoch: 1 pq: 6 rg: 47 | total time: 13.42m | eta: 47.9m
step 00560/02520 (22.22%) | loss: 3.318782 | lrm: 1.00 | dt: 1450.95ms | tok/sec: 361,340 | bf16_mfu: 0.00 | epoch: 1 pq: 6 rg: 48 | total time: 13.44m | eta: 47.9m
step 00561/02520 (22.26%) | loss: 3.317873 | lrm: 1.00 | dt: 1451.47ms | tok/sec: 361,211 | bf16_mfu: 0.00 | epoch: 1 pq: 6 rg: 49 | total time: 13.46m | eta: 47.9m
step 00562/02520 (22.30%) | loss: 3.306037 | lrm: 1.00 | dt: 1476.88ms | tok/sec: 354,997 | bf16_mfu: 0.00 | epoch: 1 pq: 6 rg: 50 | total time: 13.49m | eta: 47.8m
step 00563/02520 (22.34%) | loss: 3.303201 | lrm: 1.00 | dt: 1477.82ms | tok/sec: 354,772 | bf16_mfu: 0.00 | epoch: 1 pq: 6 rg: 51 | total time: 13.51m | eta: 47.8m
step 00564/02520 (22.38%) | loss: 3.306425 | lrm: 1.00 | dt: 1459.03ms | tok/sec: 359,339 | bf16_mfu: 0.00 | epoch: 1 pq: 6 rg: 52 | total time: 13.54m | eta: 47.8m
step 00565/02520 (22.42%) | loss: 3.311943 | lrm: 1.00 | dt: 1450.88ms | tok/sec: 361,357 | bf16_mfu: 0.00 | epoch: 1 pq: 6 rg: 53 | total time: 13.56m | eta: 47.8m
step 00566/02520 (22.46%) | loss: 3.321576 | lrm: 1.00 | dt: 1455.01ms | tok/sec: 360,332 | bf16_mfu: 0.00 | epoch: 1 pq: 6 rg: 54 | total time: 13.59m | eta: 47.7m
step 00567/02520 (22.50%) | loss: 3.315467 | lrm: 1.00 | dt: 1466.80ms | tok/sec: 357,435 | bf16_mfu: 0.00 | epoch: 1 pq: 6 rg: 55 | total time: 13.61m | eta: 47.7m
step 00568/02520 (22.54%) | loss: 3.319300 | lrm: 1.00 | dt: 1451.97ms | tok/sec: 361,086 | bf16_mfu: 0.00 | epoch: 1 pq: 6 rg: 56 | total time: 13.63m | eta: 47.7m
step 00569/02520 (22.58%) | loss: 3.312185 | lrm: 1.00 | dt: 1450.39ms | tok/sec: 361,480 | bf16_mfu: 0.00 | epoch: 1 pq: 6 rg: 57 | total time: 13.66m | eta: 47.7m
step 00570/02520 (22.62%) | loss: 3.315992 | lrm: 1.00 | dt: 1452.40ms | tok/sec: 360,980 | bf16_mfu: 0.00 | epoch: 1 pq: 6 rg: 58 | total time: 13.68m | eta: 47.6m
step 00571/02520 (22.66%) | loss: 3.322247 | lrm: 1.00 | dt: 1453.17ms | tok/sec: 360,789 | bf16_mfu: 0.00 | epoch: 1 pq: 6 rg: 59 | total time: 13.71m | eta: 47.6m
step 00572/02520 (22.70%) | loss: 3.324158 | lrm: 1.00 | dt: 1477.48ms | tok/sec: 354,852 | bf16_mfu: 0.00 | epoch: 1 pq: 6 rg: 60 | total time: 13.73m | eta: 47.6m
step 00573/02520 (22.74%) | loss: 3.327924 | lrm: 1.00 | dt: 1466.73ms | tok/sec: 357,454 | bf16_mfu: 0.00 | epoch: 1 pq: 6 rg: 61 | total time: 13.76m | eta: 47.6m
step 00574/02520 (22.78%) | loss: 3.317831 | lrm: 1.00 | dt: 1473.50ms | tok/sec: 355,811 | bf16_mfu: 0.00 | epoch: 1 pq: 6 rg: 62 | total time: 13.78m | eta: 47.5m
step 00575/02520 (22.82%) | loss: 3.311076 | lrm: 1.00 | dt: 1460.80ms | tok/sec: 358,904 | bf16_mfu: 0.00 | epoch: 1 pq: 6 rg: 63 | total time: 13.81m | eta: 47.5m
step 00576/02520 (22.86%) | loss: 3.311262 | lrm: 1.00 | dt: 1461.26ms | tok/sec: 358,791 | bf16_mfu: 0.00 | epoch: 1 pq: 6 rg: 64 | total time: 13.83m | eta: 47.5m
step 00577/02520 (22.90%) | loss: 3.307299 | lrm: 1.00 | dt: 1450.46ms | tok/sec: 361,464 | bf16_mfu: 0.00 | epoch: 1 pq: 6 rg: 65 | total time: 13.85m | eta: 47.5m
step 00578/02520 (22.94%) | loss: 3.302849 | lrm: 1.00 | dt: 1455.20ms | tok/sec: 360,286 | bf16_mfu: 0.00 | epoch: 1 pq: 6 rg: 66 | total time: 13.88m | eta: 47.4m
step 00579/02520 (22.98%) | loss: 3.308783 | lrm: 1.00 | dt: 1455.90ms | tok/sec: 360,113 | bf16_mfu: 0.00 | epoch: 1 pq: 6 rg: 67 | total time: 13.90m | eta: 47.4m
step 00580/02520 (23.02%) | loss: 3.304884 | lrm: 1.00 | dt: 1454.95ms | tok/sec: 360,348 | bf16_mfu: 0.00 | epoch: 1 pq: 6 rg: 68 | total time: 13.93m | eta: 47.4m
step 00581/02520 (23.06%) | loss: 3.301470 | lrm: 1.00 | dt: 1451.99ms | tok/sec: 361,082 | bf16_mfu: 0.00 | epoch: 1 pq: 6 rg: 68 | total time: 13.95m | eta: 47.4m
step 00582/02520 (23.10%) | loss: 3.290225 | lrm: 1.00 | dt: 1454.71ms | tok/sec: 360,406 | bf16_mfu: 0.00 | epoch: 1 pq: 6 rg: 69 | total time: 13.97m | eta: 47.3m
step 00583/02520 (23.13%) | loss: 3.296959 | lrm: 1.00 | dt: 1451.00ms | tok/sec: 361,329 | bf16_mfu: 0.00 | epoch: 1 pq: 6 rg: 70 | total time: 14.00m | eta: 47.3m
step 00584/02520 (23.17%) | loss: 3.295571 | lrm: 1.00 | dt: 1459.14ms | tok/sec: 359,312 | bf16_mfu: 0.00 | epoch: 1 pq: 6 rg: 71 | total time: 14.02m | eta: 47.3m
step 00585/02520 (23.21%) | loss: 3.302066 | lrm: 1.00 | dt: 1460.14ms | tok/sec: 359,066 | bf16_mfu: 0.00 | epoch: 1 pq: 6 rg: 72 | total time: 14.05m | eta: 47.3m
step 00586/02520 (23.25%) | loss: 3.315470 | lrm: 1.00 | dt: 1454.32ms | tok/sec: 360,503 | bf16_mfu: 0.00 | epoch: 1 pq: 6 rg: 73 | total time: 14.07m | eta: 47.2m
step 00587/02520 (23.29%) | loss: 3.308842 | lrm: 1.00 | dt: 1455.08ms | tok/sec: 360,315 | bf16_mfu: 0.00 | epoch: 1 pq: 6 rg: 74 | total time: 14.10m | eta: 47.2m
step 00588/02520 (23.33%) | loss: 3.309055 | lrm: 1.00 | dt: 1461.60ms | tok/sec: 358,708 | bf16_mfu: 0.00 | epoch: 1 pq: 6 rg: 75 | total time: 14.12m | eta: 47.2m
step 00589/02520 (23.37%) | loss: 3.308546 | lrm: 1.00 | dt: 1454.13ms | tok/sec: 360,551 | bf16_mfu: 0.00 | epoch: 1 pq: 6 rg: 76 | total time: 14.14m | eta: 47.2m
step 00590/02520 (23.41%) | loss: 3.309045 | lrm: 1.00 | dt: 1452.64ms | tok/sec: 360,920 | bf16_mfu: 0.00 | epoch: 1 pq: 6 rg: 77 | total time: 14.17m | eta: 47.1m
step 00591/02520 (23.45%) | loss: 3.317035 | lrm: 1.00 | dt: 1454.21ms | tok/sec: 360,530 | bf16_mfu: 0.00 | epoch: 1 pq: 6 rg: 78 | total time: 14.19m | eta: 47.1m
step 00592/02520 (23.49%) | loss: 3.301707 | lrm: 1.00 | dt: 1463.12ms | tok/sec: 358,335 | bf16_mfu: 0.00 | epoch: 1 pq: 6 rg: 79 | total time: 14.22m | eta: 47.1m
step 00593/02520 (23.53%) | loss: 3.300267 | lrm: 1.00 | dt: 1455.01ms | tok/sec: 360,332 | bf16_mfu: 0.00 | epoch: 1 pq: 6 rg: 80 | total time: 14.24m | eta: 47.1m
step 00594/02520 (23.57%) | loss: 3.301383 | lrm: 1.00 | dt: 1454.49ms | tok/sec: 360,462 | bf16_mfu: 0.00 | epoch: 1 pq: 6 rg: 81 | total time: 14.27m | eta: 47.0m
step 00595/02520 (23.61%) | loss: 3.306929 | lrm: 1.00 | dt: 1452.66ms | tok/sec: 360,915 | bf16_mfu: 0.00 | epoch: 1 pq: 7 rg: 0 | total time: 14.29m | eta: 47.0m
step 00596/02520 (23.65%) | loss: 3.301640 | lrm: 1.00 | dt: 1453.80ms | tok/sec: 360,632 | bf16_mfu: 0.00 | epoch: 1 pq: 7 rg: 1 | total time: 14.31m | eta: 47.0m
step 00597/02520 (23.69%) | loss: 3.308512 | lrm: 1.00 | dt: 1453.40ms | tok/sec: 360,731 | bf16_mfu: 0.00 | epoch: 1 pq: 7 rg: 2 | total time: 14.34m | eta: 47.0m
step 00598/02520 (23.73%) | loss: 3.304140 | lrm: 1.00 | dt: 1452.09ms | tok/sec: 361,056 | bf16_mfu: 0.00 | epoch: 1 pq: 7 rg: 3 | total time: 14.36m | eta: 46.9m
step 00599/02520 (23.77%) | loss: 3.294802 | lrm: 1.00 | dt: 1453.32ms | tok/sec: 360,752 | bf16_mfu: 0.00 | epoch: 1 pq: 7 rg: 4 | total time: 14.39m | eta: 46.9m
step 00600/02520 (23.81%) | loss: 3.287369 | lrm: 1.00 | dt: 1453.72ms | tok/sec: 360,652 | bf16_mfu: 0.00 | epoch: 1 pq: 7 rg: 5 | total time: 14.41m | eta: 46.9m
step 00601/02520 (23.85%) | loss: 3.297072 | lrm: 1.00 | dt: 1451.57ms | tok/sec: 361,188 | bf16_mfu: 0.00 | epoch: 1 pq: 7 rg: 6 | total time: 14.44m | eta: 46.9m
step 00602/02520 (23.89%) | loss: 3.310262 | lrm: 1.00 | dt: 1453.95ms | tok/sec: 360,595 | bf16_mfu: 0.00 | epoch: 1 pq: 7 rg: 7 | total time: 14.46m | eta: 46.8m
step 00603/02520 (23.93%) | loss: 3.305900 | lrm: 1.00 | dt: 1461.02ms | tok/sec: 358,850 | bf16_mfu: 0.00 | epoch: 1 pq: 7 rg: 8 | total time: 14.48m | eta: 46.8m
step 00604/02520 (23.97%) | loss: 3.293533 | lrm: 1.00 | dt: 1452.13ms | tok/sec: 361,047 | bf16_mfu: 0.00 | epoch: 1 pq: 7 rg: 9 | total time: 14.51m | eta: 46.8m
step 00605/02520 (24.01%) | loss: 3.291829 | lrm: 1.00 | dt: 1451.60ms | tok/sec: 361,178 | bf16_mfu: 0.00 | epoch: 1 pq: 7 rg: 10 | total time: 14.53m | eta: 46.8m
step 00606/02520 (24.05%) | loss: 3.302737 | lrm: 1.00 | dt: 1453.59ms | tok/sec: 360,686 | bf16_mfu: 0.00 | epoch: 1 pq: 7 rg: 11 | total time: 14.56m | eta: 46.7m
step 00607/02520 (24.09%) | loss: 3.309951 | lrm: 1.00 | dt: 1450.13ms | tok/sec: 361,546 | bf16_mfu: 0.00 | epoch: 1 pq: 7 rg: 12 | total time: 14.58m | eta: 46.7m
step 00608/02520 (24.13%) | loss: 3.295010 | lrm: 1.00 | dt: 1454.29ms | tok/sec: 360,511 | bf16_mfu: 0.00 | epoch: 1 pq: 7 rg: 13 | total time: 14.61m | eta: 46.7m
step 00609/02520 (24.17%) | loss: 3.309282 | lrm: 1.00 | dt: 1454.37ms | tok/sec: 360,492 | bf16_mfu: 0.00 | epoch: 1 pq: 7 rg: 14 | total time: 14.63m | eta: 46.7m
step 00610/02520 (24.21%) | loss: 3.317092 | lrm: 1.00 | dt: 1451.21ms | tok/sec: 361,275 | bf16_mfu: 0.00 | epoch: 1 pq: 7 rg: 15 | total time: 14.65m | eta: 46.6m
step 00611/02520 (24.25%) | loss: 3.319999 | lrm: 1.00 | dt: 1453.19ms | tok/sec: 360,785 | bf16_mfu: 0.00 | epoch: 1 pq: 7 rg: 16 | total time: 14.68m | eta: 46.6m
step 00612/02520 (24.29%) | loss: 3.308165 | lrm: 1.00 | dt: 1454.43ms | tok/sec: 360,477 | bf16_mfu: 0.00 | epoch: 1 pq: 7 rg: 16 | total time: 14.70m | eta: 46.6m
step 00613/02520 (24.33%) | loss: 3.308578 | lrm: 1.00 | dt: 1450.87ms | tok/sec: 361,362 | bf16_mfu: 0.00 | epoch: 1 pq: 7 rg: 17 | total time: 14.73m | eta: 46.6m
step 00614/02520 (24.37%) | loss: 3.313452 | lrm: 1.00 | dt: 1453.88ms | tok/sec: 360,613 | bf16_mfu: 0.00 | epoch: 1 pq: 7 rg: 18 | total time: 14.75m | eta: 46.5m
step 00615/02520 (24.40%) | loss: 3.319274 | lrm: 1.00 | dt: 1454.65ms | tok/sec: 360,422 | bf16_mfu: 0.00 | epoch: 1 pq: 7 rg: 19 | total time: 14.77m | eta: 46.5m
step 00616/02520 (24.44%) | loss: 3.321404 | lrm: 1.00 | dt: 1451.70ms | tok/sec: 361,153 | bf16_mfu: 0.00 | epoch: 1 pq: 7 rg: 20 | total time: 14.80m | eta: 46.5m
step 00617/02520 (24.48%) | loss: 3.318831 | lrm: 1.00 | dt: 1454.01ms | tok/sec: 360,579 | bf16_mfu: 0.00 | epoch: 1 pq: 7 rg: 21 | total time: 14.82m | eta: 46.5m
step 00618/02520 (24.52%) | loss: 3.304196 | lrm: 1.00 | dt: 1454.45ms | tok/sec: 360,470 | bf16_mfu: 0.00 | epoch: 1 pq: 7 rg: 22 | total time: 14.85m | eta: 46.4m
step 00619/02520 (24.56%) | loss: 3.303510 | lrm: 1.00 | dt: 1452.66ms | tok/sec: 360,916 | bf16_mfu: 0.00 | epoch: 1 pq: 7 rg: 23 | total time: 14.87m | eta: 46.4m
step 00620/02520 (24.60%) | loss: 3.304147 | lrm: 1.00 | dt: 1452.27ms | tok/sec: 361,012 | bf16_mfu: 0.00 | epoch: 1 pq: 7 rg: 24 | total time: 14.90m | eta: 46.4m
step 00621/02520 (24.64%) | loss: 3.299396 | lrm: 1.00 | dt: 1453.36ms | tok/sec: 360,742 | bf16_mfu: 0.00 | epoch: 1 pq: 7 rg: 25 | total time: 14.92m | eta: 46.4m
step 00622/02520 (24.68%) | loss: 3.313570 | lrm: 1.00 | dt: 1452.32ms | tok/sec: 360,999 | bf16_mfu: 0.00 | epoch: 1 pq: 7 rg: 26 | total time: 14.94m | eta: 46.3m
step 00623/02520 (24.72%) | loss: 3.311500 | lrm: 1.00 | dt: 1452.87ms | tok/sec: 360,863 | bf16_mfu: 0.00 | epoch: 1 pq: 7 rg: 27 | total time: 14.97m | eta: 46.3m
step 00624/02520 (24.76%) | loss: 3.316162 | lrm: 1.00 | dt: 1453.24ms | tok/sec: 360,771 | bf16_mfu: 0.00 | epoch: 1 pq: 7 rg: 28 | total time: 14.99m | eta: 46.3m
step 00625/02520 (24.80%) | loss: 3.312801 | lrm: 1.00 | dt: 1451.55ms | tok/sec: 361,192 | bf16_mfu: 0.00 | epoch: 1 pq: 7 rg: 29 | total time: 15.02m | eta: 46.3m
step 00626/02520 (24.84%) | loss: 3.312952 | lrm: 1.00 | dt: 1453.73ms | tok/sec: 360,650 | bf16_mfu: 0.00 | epoch: 1 pq: 7 rg: 30 | total time: 15.04m | eta: 46.2m
step 00627/02520 (24.88%) | loss: 3.311729 | lrm: 1.00 | dt: 1451.45ms | tok/sec: 361,216 | bf16_mfu: 0.00 | epoch: 1 pq: 7 rg: 31 | total time: 15.07m | eta: 46.2m
step 00628/02520 (24.92%) | loss: 3.303065 | lrm: 1.00 | dt: 1453.78ms | tok/sec: 360,637 | bf16_mfu: 0.00 | epoch: 1 pq: 7 rg: 32 | total time: 15.09m | eta: 46.2m
step 00629/02520 (24.96%) | loss: 3.300460 | lrm: 1.00 | dt: 1453.81ms | tok/sec: 360,630 | bf16_mfu: 0.00 | epoch: 1 pq: 7 rg: 33 | total time: 15.11m | eta: 46.2m
2026-09-27 15:36:21,461 - nanochat.checkpoint_manager - [32m[1mINFO[0m - Saved model parameters to: /home/neo/.cache/nanochat/base_checkpoints/looped_B8_lr1_lr1_h1.0_s0/model_000630.pt
2026-09-27 15:36:21,921 - nanochat.checkpoint_manager - [32m[1mINFO[0m - Saved optimizer state to: /home/neo/.cache/nanochat/base_checkpoints/looped_B8_lr1_lr1_h1.0_s0/optim_000630_rank0.pt
2026-09-27 15:36:21,922 - nanochat.checkpoint_manager - [32m[1mINFO[0m - Saved metadata to: /home/neo/.cache/nanochat/base_checkpoints/looped_B8_lr1_lr1_h1.0_s0/meta_000630.json
step 00630/02520 (25.00%) | loss: 3.291097 | lrm: 1.00 | dt: 1435.85ms | tok/sec: 365,140 | bf16_mfu: 0.00 | epoch: 1 pq: 7 rg: 34 | total time: 15.14m | eta: 46.1m
step 00631/02520 (25.04%) | loss: 3.285470 | lrm: 1.00 | dt: 1449.62ms | tok/sec: 361,672 | bf16_mfu: 0.00 | epoch: 1 pq: 7 rg: 35 | total time: 15.16m | eta: 46.1m
step 00632/02520 (25.08%) | loss: 3.291716 | lrm: 1.00 | dt: 1451.11ms | tok/sec: 361,301 | bf16_mfu: 0.00 | epoch: 1 pq: 7 rg: 36 | total time: 15.19m | eta: 46.1m
step 00633/02520 (25.12%) | loss: 3.287192 | lrm: 1.00 | dt: 1451.50ms | tok/sec: 361,204 | bf16_mfu: 0.00 | epoch: 1 pq: 7 rg: 37 | total time: 15.21m | eta: 46.1m
step 00634/02520 (25.16%) | loss: 3.291321 | lrm: 1.00 | dt: 1461.41ms | tok/sec: 358,755 | bf16_mfu: 0.00 | epoch: 1 pq: 7 rg: 38 | total time: 15.23m | eta: 46.0m
step 00635/02520 (25.20%) | loss: 3.297391 | lrm: 1.00 | dt: 1451.45ms | tok/sec: 361,215 | bf16_mfu: 0.00 | epoch: 1 pq: 7 rg: 39 | total time: 15.26m | eta: 46.0m
step 00636/02520 (25.24%) | loss: 3.301361 | lrm: 1.00 | dt: 1471.52ms | tok/sec: 356,291 | bf16_mfu: 0.00 | epoch: 1 pq: 7 rg: 40 | total time: 15.28m | eta: 46.0m
step 00637/02520 (25.28%) | loss: 3.295678 | lrm: 1.00 | dt: 1451.67ms | tok/sec: 361,163 | bf16_mfu: 0.00 | epoch: 1 pq: 7 rg: 41 | total time: 15.31m | eta: 46.0m
step 00638/02520 (25.32%) | loss: 3.281377 | lrm: 1.00 | dt: 1450.41ms | tok/sec: 361,474 | bf16_mfu: 0.00 | epoch: 1 pq: 7 rg: 42 | total time: 15.33m | eta: 45.9m
step 00639/02520 (25.36%) | loss: 3.287435 | lrm: 1.00 | dt: 1451.07ms | tok/sec: 361,310 | bf16_mfu: 0.00 | epoch: 1 pq: 7 rg: 43 | total time: 15.36m | eta: 45.9m
step 00640/02520 (25.40%) | loss: 3.284597 | lrm: 1.00 | dt: 1450.90ms | tok/sec: 361,352 | bf16_mfu: 0.00 | epoch: 1 pq: 7 rg: 44 | total time: 15.38m | eta: 45.9m
step 00641/02520 (25.44%) | loss: 3.289269 | lrm: 1.00 | dt: 1450.36ms | tok/sec: 361,488 | bf16_mfu: 0.00 | epoch: 1 pq: 7 rg: 45 | total time: 15.40m | eta: 45.9m
step 00642/02520 (25.48%) | loss: 3.293168 | lrm: 1.00 | dt: 1451.57ms | tok/sec: 361,186 | bf16_mfu: 0.00 | epoch: 1 pq: 7 rg: 46 | total time: 15.43m | eta: 45.8m
step 00643/02520 (25.52%) | loss: 3.292954 | lrm: 1.00 | dt: 1449.14ms | tok/sec: 361,793 | bf16_mfu: 0.00 | epoch: 1 pq: 7 rg: 47 | total time: 15.45m | eta: 45.8m
step 00644/02520 (25.56%) | loss: 3.286710 | lrm: 1.00 | dt: 1450.79ms | tok/sec: 361,380 | bf16_mfu: 0.00 | epoch: 1 pq: 7 rg: 48 | total time: 15.48m | eta: 45.8m
step 00645/02520 (25.60%) | loss: 3.286406 | lrm: 1.00 | dt: 1449.00ms | tok/sec: 361,827 | bf16_mfu: 0.00 | epoch: 1 pq: 7 rg: 49 | total time: 15.50m | eta: 45.8m
step 00646/02520 (25.63%) | loss: 3.281462 | lrm: 1.00 | dt: 1451.23ms | tok/sec: 361,271 | bf16_mfu: 0.00 | epoch: 1 pq: 7 rg: 49 | total time: 15.53m | eta: 45.7m
step 00647/02520 (25.67%) | loss: 3.273129 | lrm: 1.00 | dt: 1449.60ms | tok/sec: 361,676 | bf16_mfu: 0.00 | epoch: 1 pq: 7 rg: 50 | total time: 15.55m | eta: 45.7m
step 00648/02520 (25.71%) | loss: 3.287650 | lrm: 1.00 | dt: 1451.55ms | tok/sec: 361,193 | bf16_mfu: 0.00 | epoch: 1 pq: 7 rg: 51 | total time: 15.57m | eta: 45.7m
step 00649/02520 (25.75%) | loss: 3.304890 | lrm: 1.00 | dt: 1460.79ms | tok/sec: 358,907 | bf16_mfu: 0.00 | epoch: 1 pq: 7 rg: 52 | total time: 15.60m | eta: 45.7m
step 00650/02520 (25.79%) | loss: 3.304621 | lrm: 1.00 | dt: 1448.57ms | tok/sec: 361,935 | bf16_mfu: 0.00 | epoch: 1 pq: 7 rg: 53 | total time: 15.62m | eta: 45.6m
step 00651/02520 (25.83%) | loss: 3.307807 | lrm: 1.00 | dt: 1465.21ms | tok/sec: 357,824 | bf16_mfu: 0.00 | epoch: 1 pq: 7 rg: 54 | total time: 15.65m | eta: 45.6m
step 00652/02520 (25.87%) | loss: 3.294978 | lrm: 1.00 | dt: 1467.18ms | tok/sec: 357,343 | bf16_mfu: 0.00 | epoch: 1 pq: 7 rg: 55 | total time: 15.67m | eta: 45.6m
step 00653/02520 (25.91%) | loss: 3.292335 | lrm: 1.00 | dt: 1451.01ms | tok/sec: 361,325 | bf16_mfu: 0.00 | epoch: 1 pq: 7 rg: 56 | total time: 15.70m | eta: 45.6m
step 00654/02520 (25.95%) | loss: 3.287585 | lrm: 1.00 | dt: 1453.48ms | tok/sec: 360,712 | bf16_mfu: 0.00 | epoch: 1 pq: 7 rg: 57 | total time: 15.72m | eta: 45.5m
step 00655/02520 (25.99%) | loss: 3.290479 | lrm: 1.00 | dt: 1454.13ms | tok/sec: 360,551 | bf16_mfu: 0.00 | epoch: 1 pq: 7 rg: 58 | total time: 15.74m | eta: 45.5m
step 00656/02520 (26.03%) | loss: 3.296984 | lrm: 1.00 | dt: 1451.26ms | tok/sec: 361,264 | bf16_mfu: 0.00 | epoch: 1 pq: 7 rg: 59 | total time: 15.77m | eta: 45.5m
step 00657/02520 (26.07%) | loss: 3.302337 | lrm: 1.00 | dt: 1453.18ms | tok/sec: 360,787 | bf16_mfu: 0.00 | epoch: 1 pq: 7 rg: 60 | total time: 15.79m | eta: 45.5m
step 00658/02520 (26.11%) | loss: 3.312726 | lrm: 1.00 | dt: 1452.91ms | tok/sec: 360,854 | bf16_mfu: 0.00 | epoch: 1 pq: 7 rg: 61 | total time: 15.82m | eta: 45.4m
step 00659/02520 (26.15%) | loss: 3.316102 | lrm: 1.00 | dt: 1452.70ms | tok/sec: 360,906 | bf16_mfu: 0.00 | epoch: 1 pq: 7 rg: 62 | total time: 15.84m | eta: 45.4m
step 00660/02520 (26.19%) | loss: 3.313871 | lrm: 1.00 | dt: 1459.46ms | tok/sec: 359,235 | bf16_mfu: 0.00 | epoch: 1 pq: 7 rg: 63 | total time: 15.86m | eta: 45.4m
step 00661/02520 (26.23%) | loss: 3.308234 | lrm: 1.00 | dt: 1453.17ms | tok/sec: 360,788 | bf16_mfu: 0.00 | epoch: 1 pq: 7 rg: 64 | total time: 15.89m | eta: 45.4m
step 00662/02520 (26.27%) | loss: 3.306685 | lrm: 1.00 | dt: 1454.36ms | tok/sec: 360,493 | bf16_mfu: 0.00 | epoch: 1 pq: 7 rg: 65 | total time: 15.91m | eta: 45.3m
step 00663/02520 (26.31%) | loss: 3.300155 | lrm: 1.00 | dt: 1450.48ms | tok/sec: 361,459 | bf16_mfu: 0.00 | epoch: 1 pq: 7 rg: 66 | total time: 15.94m | eta: 45.3m
step 00664/02520 (26.35%) | loss: 3.298237 | lrm: 1.00 | dt: 1464.98ms | tok/sec: 357,879 | bf16_mfu: 0.00 | epoch: 1 pq: 7 rg: 67 | total time: 15.96m | eta: 45.3m
step 00665/02520 (26.39%) | loss: 3.287397 | lrm: 1.00 | dt: 1452.11ms | tok/sec: 361,052 | bf16_mfu: 0.00 | epoch: 1 pq: 7 rg: 68 | total time: 15.99m | eta: 45.3m
step 00666/02520 (26.43%) | loss: 3.293475 | lrm: 1.00 | dt: 1467.30ms | tok/sec: 357,314 | bf16_mfu: 0.00 | epoch: 1 pq: 7 rg: 69 | total time: 16.01m | eta: 45.2m
step 00667/02520 (26.47%) | loss: 3.286758 | lrm: 1.00 | dt: 1460.33ms | tok/sec: 359,019 | bf16_mfu: 0.00 | epoch: 1 pq: 7 rg: 70 | total time: 16.03m | eta: 45.2m
step 00668/02520 (26.51%) | loss: 3.284723 | lrm: 1.00 | dt: 1480.87ms | tok/sec: 354,041 | bf16_mfu: 0.00 | epoch: 1 pq: 7 rg: 71 | total time: 16.06m | eta: 45.2m
step 00669/02520 (26.55%) | loss: 3.277953 | lrm: 1.00 | dt: 1453.22ms | tok/sec: 360,776 | bf16_mfu: 0.00 | epoch: 1 pq: 7 rg: 72 | total time: 16.08m | eta: 45.2m
step 00670/02520 (26.59%) | loss: 3.272849 | lrm: 1.00 | dt: 1453.46ms | tok/sec: 360,717 | bf16_mfu: 0.00 | epoch: 1 pq: 7 rg: 73 | total time: 16.11m | eta: 45.2m
step 00671/02520 (26.63%) | loss: 3.272054 | lrm: 1.00 | dt: 1449.47ms | tok/sec: 361,708 | bf16_mfu: 0.00 | epoch: 1 pq: 7 rg: 74 | total time: 16.13m | eta: 45.1m
step 00672/02520 (26.67%) | loss: 3.288412 | lrm: 1.00 | dt: 1473.76ms | tok/sec: 355,748 | bf16_mfu: 0.00 | epoch: 1 pq: 7 rg: 75 | total time: 16.16m | eta: 45.1m
step 00673/02520 (26.71%) | loss: 3.284975 | lrm: 1.00 | dt: 1453.29ms | tok/sec: 360,759 | bf16_mfu: 0.00 | epoch: 1 pq: 7 rg: 76 | total time: 16.18m | eta: 45.1m
step 00674/02520 (26.75%) | loss: 3.285737 | lrm: 1.00 | dt: 1450.99ms | tok/sec: 361,331 | bf16_mfu: 0.00 | epoch: 1 pq: 7 rg: 77 | total time: 16.21m | eta: 45.1m
step 00675/02520 (26.79%) | loss: 3.290218 | lrm: 1.00 | dt: 1459.60ms | tok/sec: 359,200 | bf16_mfu: 0.00 | epoch: 1 pq: 7 rg: 78 | total time: 16.23m | eta: 45.0m
step 00676/02520 (26.83%) | loss: 3.296383 | lrm: 1.00 | dt: 1453.02ms | tok/sec: 360,826 | bf16_mfu: 0.00 | epoch: 1 pq: 7 rg: 79 | total time: 16.25m | eta: 45.0m
step 00677/02520 (26.87%) | loss: 3.297196 | lrm: 1.00 | dt: 1453.63ms | tok/sec: 360,674 | bf16_mfu: 0.00 | epoch: 1 pq: 7 rg: 80 | total time: 16.28m | eta: 45.0m
step 00678/02520 (26.90%) | loss: 3.288882 | lrm: 1.00 | dt: 1452.20ms | tok/sec: 361,030 | bf16_mfu: 0.00 | epoch: 1 pq: 7 rg: 81 | total time: 16.30m | eta: 45.0m
step 00679/02520 (26.94%) | loss: 3.290688 | lrm: 1.00 | dt: 1454.42ms | tok/sec: 360,478 | bf16_mfu: 0.00 | epoch: 1 pq: 7 rg: 81 | total time: 16.33m | eta: 44.9m
step 00680/02520 (26.98%) | loss: 3.294732 | lrm: 1.00 | dt: 1454.73ms | tok/sec: 360,402 | bf16_mfu: 0.00 | epoch: 1 pq: 8 rg: 1 | total time: 16.35m | eta: 44.9m
step 00681/02520 (27.02%) | loss: 3.282642 | lrm: 1.00 | dt: 1451.95ms | tok/sec: 361,091 | bf16_mfu: 0.00 | epoch: 1 pq: 8 rg: 1 | total time: 16.37m | eta: 44.9m
step 00682/02520 (27.06%) | loss: 3.280666 | lrm: 1.00 | dt: 1460.90ms | tok/sec: 358,881 | bf16_mfu: 0.00 | epoch: 1 pq: 8 rg: 2 | total time: 16.40m | eta: 44.9m
step 00683/02520 (27.10%) | loss: 3.289979 | lrm: 1.00 | dt: 1453.90ms | tok/sec: 360,606 | bf16_mfu: 0.00 | epoch: 1 pq: 8 rg: 3 | total time: 16.42m | eta: 44.8m
step 00684/02520 (27.14%) | loss: 3.288342 | lrm: 1.00 | dt: 1454.76ms | tok/sec: 360,393 | bf16_mfu: 0.00 | epoch: 1 pq: 8 rg: 4 | total time: 16.45m | eta: 44.8m
step 00685/02520 (27.18%) | loss: 3.285925 | lrm: 1.00 | dt: 1452.55ms | tok/sec: 360,943 | bf16_mfu: 0.00 | epoch: 1 pq: 8 rg: 5 | total time: 16.47m | eta: 44.8m
step 00686/02520 (27.22%) | loss: 3.273147 | lrm: 1.00 | dt: 1454.57ms | tok/sec: 360,442 | bf16_mfu: 0.00 | epoch: 1 pq: 8 rg: 6 | total time: 16.50m | eta: 44.8m
step 00687/02520 (27.26%) | loss: 3.274345 | lrm: 1.00 | dt: 1455.01ms | tok/sec: 360,332 | bf16_mfu: 0.00 | epoch: 1 pq: 8 rg: 7 | total time: 16.52m | eta: 44.7m
step 00688/02520 (27.30%) | loss: 3.282018 | lrm: 1.00 | dt: 1453.36ms | tok/sec: 360,743 | bf16_mfu: 0.00 | epoch: 1 pq: 8 rg: 8 | total time: 16.54m | eta: 44.7m
step 00689/02520 (27.34%) | loss: 3.261993 | lrm: 1.00 | dt: 1451.28ms | tok/sec: 361,259 | bf16_mfu: 0.00 | epoch: 1 pq: 8 rg: 9 | total time: 16.57m | eta: 44.7m
step 00690/02520 (27.38%) | loss: 3.261284 | lrm: 1.00 | dt: 1454.14ms | tok/sec: 360,548 | bf16_mfu: 0.00 | epoch: 1 pq: 8 rg: 10 | total time: 16.59m | eta: 44.7m
step 00691/02520 (27.42%) | loss: 3.270031 | lrm: 1.00 | dt: 1450.80ms | tok/sec: 361,378 | bf16_mfu: 0.00 | epoch: 1 pq: 8 rg: 11 | total time: 16.62m | eta: 44.6m
step 00692/02520 (27.46%) | loss: 3.272865 | lrm: 1.00 | dt: 1453.26ms | tok/sec: 360,765 | bf16_mfu: 0.00 | epoch: 1 pq: 8 rg: 12 | total time: 16.64m | eta: 44.6m
step 00693/02520 (27.50%) | loss: 3.266156 | lrm: 1.00 | dt: 1454.40ms | tok/sec: 360,483 | bf16_mfu: 0.00 | epoch: 1 pq: 8 rg: 13 | total time: 16.67m | eta: 44.6m
step 00694/02520 (27.54%) | loss: 3.263583 | lrm: 1.00 | dt: 1452.16ms | tok/sec: 361,039 | bf16_mfu: 0.00 | epoch: 1 pq: 8 rg: 14 | total time: 16.69m | eta: 44.6m
step 00695/02520 (27.58%) | loss: 3.270997 | lrm: 1.00 | dt: 1453.98ms | tok/sec: 360,587 | bf16_mfu: 0.00 | epoch: 1 pq: 8 rg: 15 | total time: 16.71m | eta: 44.5m
step 00696/02520 (27.62%) | loss: 3.275919 | lrm: 1.00 | dt: 1464.98ms | tok/sec: 357,880 | bf16_mfu: 0.00 | epoch: 1 pq: 8 rg: 16 | total time: 16.74m | eta: 44.5m
step 00697/02520 (27.66%) | loss: 3.269049 | lrm: 1.00 | dt: 1485.65ms | tok/sec: 352,901 | bf16_mfu: 0.00 | epoch: 1 pq: 8 rg: 17 | total time: 16.76m | eta: 44.5m
step 00698/02520 (27.70%) | loss: 3.260750 | lrm: 1.00 | dt: 1456.68ms | tok/sec: 359,920 | bf16_mfu: 0.00 | epoch: 1 pq: 8 rg: 18 | total time: 16.79m | eta: 44.5m
step 00699/02520 (27.74%) | loss: 3.278460 | lrm: 1.00 | dt: 1461.36ms | tok/sec: 358,768 | bf16_mfu: 0.00 | epoch: 1 pq: 8 rg: 19 | total time: 16.81m | eta: 44.4m
step 00700/02520 (27.78%) | loss: 3.277886 | lrm: 1.00 | dt: 1498.88ms | tok/sec: 349,786 | bf16_mfu: 0.00 | epoch: 1 pq: 8 rg: 20 | total time: 16.84m | eta: 44.4m
step 00701/02520 (27.82%) | loss: 3.278906 | lrm: 1.00 | dt: 1464.30ms | tok/sec: 358,046 | bf16_mfu: 0.00 | epoch: 1 pq: 8 rg: 21 | total time: 16.86m | eta: 44.4m
step 00702/02520 (27.86%) | loss: 3.272604 | lrm: 1.00 | dt: 1484.29ms | tok/sec: 353,225 | bf16_mfu: 0.00 | epoch: 1 pq: 8 rg: 22 | total time: 16.89m | eta: 44.4m
step 00703/02520 (27.90%) | loss: 3.275288 | lrm: 1.00 | dt: 1477.18ms | tok/sec: 354,925 | bf16_mfu: 0.00 | epoch: 1 pq: 8 rg: 23 | total time: 16.91m | eta: 44.3m
step 00704/02520 (27.94%) | loss: 3.276194 | lrm: 1.00 | dt: 1477.85ms | tok/sec: 354,763 | bf16_mfu: 0.00 | epoch: 1 pq: 8 rg: 24 | total time: 16.94m | eta: 44.3m
step 00705/02520 (27.98%) | loss: 3.275839 | lrm: 1.00 | dt: 1479.03ms | tok/sec: 354,481 | bf16_mfu: 0.00 | epoch: 1 pq: 8 rg: 25 | total time: 16.96m | eta: 44.3m
step 00706/02520 (28.02%) | loss: 3.269698 | lrm: 1.00 | dt: 1477.80ms | tok/sec: 354,775 | bf16_mfu: 0.00 | epoch: 1 pq: 8 rg: 25 | total time: 16.98m | eta: 44.3m
step 00707/02520 (28.06%) | loss: 3.263891 | lrm: 1.00 | dt: 1454.55ms | tok/sec: 360,446 | bf16_mfu: 0.00 | epoch: 1 pq: 8 rg: 26 | total time: 17.01m | eta: 44.2m
step 00708/02520 (28.10%) | loss: 3.273442 | lrm: 1.00 | dt: 1455.84ms | tok/sec: 360,127 | bf16_mfu: 0.00 | epoch: 1 pq: 8 rg: 27 | total time: 17.03m | eta: 44.2m
step 00709/02520 (28.13%) | loss: 3.271673 | lrm: 1.00 | dt: 1454.27ms | tok/sec: 360,516 | bf16_mfu: 0.00 | epoch: 1 pq: 8 rg: 28 | total time: 17.06m | eta: 44.2m
step 00710/02520 (28.17%) | loss: 3.277773 | lrm: 1.00 | dt: 1452.91ms | tok/sec: 360,854 | bf16_mfu: 0.00 | epoch: 1 pq: 8 rg: 29 | total time: 17.08m | eta: 44.2m
step 00711/02520 (28.21%) | loss: 3.277632 | lrm: 1.00 | dt: 1453.59ms | tok/sec: 360,685 | bf16_mfu: 0.00 | epoch: 1 pq: 8 rg: 30 | total time: 17.11m | eta: 44.1m
step 00712/02520 (28.25%) | loss: 3.271205 | lrm: 1.00 | dt: 1454.93ms | tok/sec: 360,351 | bf16_mfu: 0.00 | epoch: 1 pq: 8 rg: 31 | total time: 17.13m | eta: 44.1m
step 00713/02520 (28.29%) | loss: 3.267370 | lrm: 1.00 | dt: 1454.07ms | tok/sec: 360,566 | bf16_mfu: 0.00 | epoch: 1 pq: 8 rg: 32 | total time: 17.15m | eta: 44.1m
step 00714/02520 (28.33%) | loss: 3.272807 | lrm: 1.00 | dt: 1452.48ms | tok/sec: 360,960 | bf16_mfu: 0.00 | epoch: 1 pq: 8 rg: 33 | total time: 17.18m | eta: 44.1m
step 00715/02520 (28.37%) | loss: 3.269049 | lrm: 1.00 | dt: 1454.22ms | tok/sec: 360,529 | bf16_mfu: 0.00 | epoch: 1 pq: 8 rg: 34 | total time: 17.20m | eta: 44.0m
step 00716/02520 (28.41%) | loss: 3.267663 | lrm: 1.00 | dt: 1453.76ms | tok/sec: 360,642 | bf16_mfu: 0.00 | epoch: 1 pq: 8 rg: 35 | total time: 17.23m | eta: 44.0m
step 00717/02520 (28.45%) | loss: 3.275391 | lrm: 1.00 | dt: 1451.96ms | tok/sec: 361,090 | bf16_mfu: 0.00 | epoch: 1 pq: 8 rg: 36 | total time: 17.25m | eta: 44.0m
step 00718/02520 (28.49%) | loss: 3.280406 | lrm: 1.00 | dt: 1495.67ms | tok/sec: 350,537 | bf16_mfu: 0.00 | epoch: 1 pq: 8 rg: 37 | total time: 17.28m | eta: 44.0m
step 00719/02520 (28.53%) | loss: 3.282652 | lrm: 1.00 | dt: 1496.06ms | tok/sec: 350,446 | bf16_mfu: 0.00 | epoch: 1 pq: 8 rg: 38 | total time: 17.30m | eta: 43.9m
step 00720/02520 (28.57%) | loss: 3.275978 | lrm: 1.00 | dt: 1495.15ms | tok/sec: 350,658 | bf16_mfu: 0.00 | epoch: 1 pq: 8 rg: 39 | total time: 17.33m | eta: 43.9m
step 00721/02520 (28.61%) | loss: 3.266992 | lrm: 1.00 | dt: 1488.75ms | tok/sec: 352,165 | bf16_mfu: 0.00 | epoch: 1 pq: 8 rg: 40 | total time: 17.35m | eta: 43.9m
step 00722/02520 (28.65%) | loss: 3.260801 | lrm: 1.00 | dt: 1492.71ms | tok/sec: 351,233 | bf16_mfu: 0.00 | epoch: 1 pq: 8 rg: 41 | total time: 17.38m | eta: 43.9m
step 00723/02520 (28.69%) | loss: 3.248436 | lrm: 1.00 | dt: 1486.51ms | tok/sec: 352,696 | bf16_mfu: 0.00 | epoch: 1 pq: 8 rg: 42 | total time: 17.40m | eta: 43.9m
step 00724/02520 (28.73%) | loss: 3.241135 | lrm: 1.00 | dt: 1477.22ms | tok/sec: 354,914 | bf16_mfu: 0.00 | epoch: 1 pq: 8 rg: 43 | total time: 17.42m | eta: 43.8m
step 00725/02520 (28.77%) | loss: 3.241736 | lrm: 1.00 | dt: 1477.99ms | tok/sec: 354,730 | bf16_mfu: 0.00 | epoch: 1 pq: 8 rg: 44 | total time: 17.45m | eta: 43.8m
step 00726/02520 (28.81%) | loss: 3.245702 | lrm: 1.00 | dt: 1476.71ms | tok/sec: 355,038 | bf16_mfu: 0.00 | epoch: 1 pq: 8 rg: 45 | total time: 17.47m | eta: 43.8m
step 00727/02520 (28.85%) | loss: 3.242105 | lrm: 1.00 | dt: 1477.22ms | tok/sec: 354,914 | bf16_mfu: 0.00 | epoch: 1 pq: 8 rg: 46 | total time: 17.50m | eta: 43.8m
step 00728/02520 (28.89%) | loss: 3.253944 | lrm: 1.00 | dt: 1478.12ms | tok/sec: 354,699 | bf16_mfu: 0.00 | epoch: 1 pq: 8 rg: 47 | total time: 17.52m | eta: 43.7m
step 00729/02520 (28.93%) | loss: 3.253227 | lrm: 1.00 | dt: 1476.13ms | tok/sec: 355,177 | bf16_mfu: 0.00 | epoch: 1 pq: 8 rg: 48 | total time: 17.55m | eta: 43.7m
step 00730/02520 (28.97%) | loss: 3.263863 | lrm: 1.00 | dt: 1478.74ms | tok/sec: 354,551 | bf16_mfu: 0.00 | epoch: 1 pq: 8 rg: 49 | total time: 17.57m | eta: 43.7m
step 00731/02520 (29.01%) | loss: 3.275239 | lrm: 1.00 | dt: 1478.21ms | tok/sec: 354,677 | bf16_mfu: 0.00 | epoch: 1 pq: 8 rg: 50 | total time: 17.60m | eta: 43.7m
step 00732/02520 (29.05%) | loss: 3.268207 | lrm: 1.00 | dt: 1477.86ms | tok/sec: 354,761 | bf16_mfu: 0.00 | epoch: 1 pq: 8 rg: 51 | total time: 17.62m | eta: 43.6m
step 00733/02520 (29.09%) | loss: 3.267826 | lrm: 1.00 | dt: 1479.92ms | tok/sec: 354,268 | bf16_mfu: 0.00 | epoch: 1 pq: 8 rg: 52 | total time: 17.65m | eta: 43.6m
step 00734/02520 (29.13%) | loss: 3.264034 | lrm: 1.00 | dt: 1479.63ms | tok/sec: 354,336 | bf16_mfu: 0.00 | epoch: 1 pq: 8 rg: 53 | total time: 17.67m | eta: 43.6m
step 00735/02520 (29.17%) | loss: 3.260273 | lrm: 1.00 | dt: 1477.93ms | tok/sec: 354,745 | bf16_mfu: 0.00 | epoch: 1 pq: 8 rg: 54 | total time: 17.70m | eta: 43.6m
step 00736/02520 (29.21%) | loss: 3.243644 | lrm: 1.00 | dt: 1478.68ms | tok/sec: 354,565 | bf16_mfu: 0.00 | epoch: 1 pq: 8 rg: 55 | total time: 17.72m | eta: 43.5m
step 00737/02520 (29.25%) | loss: 3.254224 | lrm: 1.00 | dt: 1478.67ms | tok/sec: 354,567 | bf16_mfu: 0.00 | epoch: 1 pq: 8 rg: 56 | total time: 17.75m | eta: 43.5m
step 00738/02520 (29.29%) | loss: 3.240497 | lrm: 1.00 | dt: 1478.91ms | tok/sec: 354,509 | bf16_mfu: 0.00 | epoch: 1 pq: 8 rg: 57 | total time: 17.77m | eta: 43.5m
step 00739/02520 (29.33%) | loss: 3.248116 | lrm: 1.00 | dt: 1480.59ms | tok/sec: 354,107 | bf16_mfu: 0.00 | epoch: 1 pq: 8 rg: 57 | total time: 17.79m | eta: 43.5m
step 00740/02520 (29.37%) | loss: 3.248669 | lrm: 1.00 | dt: 1478.90ms | tok/sec: 354,512 | bf16_mfu: 0.00 | epoch: 1 pq: 8 rg: 58 | total time: 17.82m | eta: 43.4m
step 00741/02520 (29.40%) | loss: 3.253006 | lrm: 1.00 | dt: 1484.12ms | tok/sec: 353,264 | bf16_mfu: 0.00 | epoch: 1 pq: 8 rg: 59 | total time: 17.84m | eta: 43.4m
step 00742/02520 (29.44%) | loss: 3.261378 | lrm: 1.00 | dt: 1487.36ms | tok/sec: 352,496 | bf16_mfu: 0.00 | epoch: 1 pq: 8 rg: 60 | total time: 17.87m | eta: 43.4m
step 00743/02520 (29.48%) | loss: 3.257559 | lrm: 1.00 | dt: 1485.55ms | tok/sec: 352,924 | bf16_mfu: 0.00 | epoch: 1 pq: 8 rg: 61 | total time: 17.89m | eta: 43.4m
step 00744/02520 (29.52%) | loss: 3.252348 | lrm: 1.00 | dt: 1480.04ms | tok/sec: 354,238 | bf16_mfu: 0.00 | epoch: 1 pq: 8 rg: 62 | total time: 17.92m | eta: 43.4m
step 00745/02520 (29.56%) | loss: 3.267283 | lrm: 1.00 | dt: 1478.67ms | tok/sec: 354,566 | bf16_mfu: 0.00 | epoch: 1 pq: 8 rg: 63 | total time: 17.94m | eta: 43.3m
step 00746/02520 (29.60%) | loss: 3.266473 | lrm: 1.00 | dt: 1479.07ms | tok/sec: 354,470 | bf16_mfu: 0.00 | epoch: 1 pq: 8 rg: 64 | total time: 17.97m | eta: 43.3m
step 00747/02520 (29.64%) | loss: 3.259947 | lrm: 1.00 | dt: 1479.42ms | tok/sec: 354,388 | bf16_mfu: 0.00 | epoch: 1 pq: 8 rg: 65 | total time: 17.99m | eta: 43.3m
step 00748/02520 (29.68%) | loss: 3.256456 | lrm: 1.00 | dt: 1477.66ms | tok/sec: 354,810 | bf16_mfu: 0.00 | epoch: 1 pq: 8 rg: 66 | total time: 18.02m | eta: 43.3m
step 00749/02520 (29.72%) | loss: 3.242266 | lrm: 1.00 | dt: 1478.57ms | tok/sec: 354,590 | bf16_mfu: 0.00 | epoch: 1 pq: 8 rg: 67 | total time: 18.04m | eta: 43.2m
Step 00750 | Validation bpb: 0.990104
step 00750/02520 (29.76%) | loss: 3.237063 | lrm: 1.00 | dt: 1444.75ms | tok/sec: 362,890 | bf16_mfu: 0.00 | epoch: 1 pq: 8 rg: 68 | total time: 18.07m | eta: 43.2m
step 00751/02520 (29.80%) | loss: 3.235320 | lrm: 1.00 | dt: 1449.67ms | tok/sec: 361,660 | bf16_mfu: 0.00 | epoch: 1 pq: 8 rg: 69 | total time: 18.09m | eta: 43.2m
step 00752/02520 (29.84%) | loss: 3.243158 | lrm: 1.00 | dt: 1449.95ms | tok/sec: 361,589 | bf16_mfu: 0.00 | epoch: 1 pq: 8 rg: 70 | total time: 18.11m | eta: 43.2m
step 00753/02520 (29.88%) | loss: 3.240660 | lrm: 1.00 | dt: 1451.29ms | tok/sec: 361,255 | bf16_mfu: 0.00 | epoch: 1 pq: 8 rg: 71 | total time: 18.14m | eta: 43.1m
step 00754/02520 (29.92%) | loss: 3.223862 | lrm: 1.00 | dt: 1449.86ms | tok/sec: 361,613 | bf16_mfu: 0.00 | epoch: 1 pq: 8 rg: 72 | total time: 18.16m | eta: 43.1m
step 00755/02520 (29.96%) | loss: 3.221851 | lrm: 1.00 | dt: 1447.44ms | tok/sec: 362,216 | bf16_mfu: 0.00 | epoch: 1 pq: 8 rg: 73 | total time: 18.19m | eta: 43.1m
2026-09-27 15:40:11,789 - nanochat.checkpoint_manager - [32m[1mINFO[0m - Saved model parameters to: /home/neo/.cache/nanochat/base_checkpoints/looped_B8_lr1_lr1_h1.0_s0/model_000756.pt
2026-09-27 15:40:12,248 - nanochat.checkpoint_manager - [32m[1mINFO[0m - Saved optimizer state to: /home/neo/.cache/nanochat/base_checkpoints/looped_B8_lr1_lr1_h1.0_s0/optim_000756_rank0.pt
2026-09-27 15:40:12,249 - nanochat.checkpoint_manager - [32m[1mINFO[0m - Saved metadata to: /home/neo/.cache/nanochat/base_checkpoints/looped_B8_lr1_lr1_h1.0_s0/meta_000756.json
step 00756/02520 (30.00%) | loss: 3.232559 | lrm: 1.00 | dt: 1433.46ms | tok/sec: 365,749 | bf16_mfu: 0.00 | epoch: 1 pq: 8 rg: 74 | total time: 18.21m | eta: 43.1m
step 00757/02520 (30.04%) | loss: 3.242252 | lrm: 1.00 | dt: 1454.61ms | tok/sec: 360,431 | bf16_mfu: 0.00 | epoch: 1 pq: 8 rg: 75 | total time: 18.23m | eta: 43.0m
step 00758/02520 (30.08%) | loss: 3.241503 | lrm: 1.00 | dt: 1455.36ms | tok/sec: 360,245 | bf16_mfu: 0.00 | epoch: 1 pq: 8 rg: 76 | total time: 18.26m | eta: 43.0m
step 00759/02520 (30.12%) | loss: 3.243896 | lrm: 1.00 | dt: 1452.59ms | tok/sec: 360,933 | bf16_mfu: 0.00 | epoch: 1 pq: 8 rg: 77 | total time: 18.28m | eta: 43.0m
step 00760/02520 (30.16%) | loss: 3.242090 | lrm: 1.00 | dt: 1449.62ms | tok/sec: 361,672 | bf16_mfu: 0.00 | epoch: 1 pq: 8 rg: 78 | total time: 18.31m | eta: 43.0m
step 00761/02520 (30.20%) | loss: 3.235499 | lrm: 1.00 | dt: 1447.95ms | tok/sec: 362,090 | bf16_mfu: 0.00 | epoch: 1 pq: 8 rg: 79 | total time: 18.33m | eta: 42.9m
step 00762/02520 (30.24%) | loss: 3.238022 | lrm: 1.00 | dt: 1453.87ms | tok/sec: 360,615 | bf16_mfu: 0.00 | epoch: 1 pq: 8 rg: 80 | total time: 18.36m | eta: 42.9m
step 00763/02520 (30.28%) | loss: 3.227336 | lrm: 1.00 | dt: 1452.05ms | tok/sec: 361,067 | bf16_mfu: 0.00 | epoch: 1 pq: 8 rg: 81 | total time: 18.38m | eta: 42.9m
step 00764/02520 (30.32%) | loss: 3.228737 | lrm: 1.00 | dt: 1447.77ms | tok/sec: 362,135 | bf16_mfu: 0.00 | epoch: 1 pq: 9 rg: 0 | total time: 18.40m | eta: 42.9m
step 00765/02520 (30.36%) | loss: 3.224167 | lrm: 1.00 | dt: 1446.70ms | tok/sec: 362,402 | bf16_mfu: 0.00 | epoch: 1 pq: 9 rg: 1 | total time: 18.43m | eta: 42.8m
step 00766/02520 (30.40%) | loss: 3.227503 | lrm: 1.00 | dt: 1446.83ms | tok/sec: 362,369 | bf16_mfu: 0.00 | epoch: 1 pq: 9 rg: 2 | total time: 18.45m | eta: 42.8m
step 00767/02520 (30.44%) | loss: 3.215989 | lrm: 1.00 | dt: 1451.51ms | tok/sec: 361,201 | bf16_mfu: 0.00 | epoch: 1 pq: 9 rg: 3 | total time: 18.48m | eta: 42.8m
step 00768/02520 (30.48%) | loss: 3.205266 | lrm: 1.00 | dt: 1452.18ms | tok/sec: 361,034 | bf16_mfu: 0.00 | epoch: 1 pq: 9 rg: 4 | total time: 18.50m | eta: 42.8m
step 00769/02520 (30.52%) | loss: 3.192952 | lrm: 1.00 | dt: 1452.60ms | tok/sec: 360,931 | bf16_mfu: 0.00 | epoch: 1 pq: 9 rg: 5 | total time: 18.52m | eta: 42.7m
step 00770/02520 (30.56%) | loss: 3.201246 | lrm: 1.00 | dt: 1450.25ms | tok/sec: 361,515 | bf16_mfu: 0.00 | epoch: 1 pq: 9 rg: 6 | total time: 18.55m | eta: 42.7m
step 00771/02520 (30.60%) | loss: 3.206743 | lrm: 1.00 | dt: 1447.91ms | tok/sec: 362,099 | bf16_mfu: 0.00 | epoch: 1 pq: 9 rg: 6 | total time: 18.57m | eta: 42.7m
step 00772/02520 (30.63%) | loss: 3.207645 | lrm: 1.00 | dt: 1449.93ms | tok/sec: 361,596 | bf16_mfu: 0.00 | epoch: 1 pq: 9 rg: 7 | total time: 18.60m | eta: 42.7m
step 00773/02520 (30.67%) | loss: 3.215936 | lrm: 1.00 | dt: 1447.13ms | tok/sec: 362,295 | bf16_mfu: 0.00 | epoch: 1 pq: 9 rg: 8 | total time: 18.62m | eta: 42.6m
step 00774/02520 (30.71%) | loss: 3.212150 | lrm: 1.00 | dt: 1458.58ms | tok/sec: 359,451 | bf16_mfu: 0.00 | epoch: 1 pq: 9 rg: 9 | total time: 18.65m | eta: 42.6m
step 00775/02520 (30.75%) | loss: 3.220976 | lrm: 1.00 | dt: 1456.29ms | tok/sec: 360,017 | bf16_mfu: 0.00 | epoch: 1 pq: 9 rg: 10 | total time: 18.67m | eta: 42.6m
step 00776/02520 (30.79%) | loss: 3.227962 | lrm: 1.00 | dt: 1447.62ms | tok/sec: 362,172 | bf16_mfu: 0.00 | epoch: 1 pq: 9 rg: 11 | total time: 18.69m | eta: 42.6m
step 00777/02520 (30.83%) | loss: 3.240895 | lrm: 1.00 | dt: 1449.84ms | tok/sec: 361,617 | bf16_mfu: 0.00 | epoch: 1 pq: 9 rg: 12 | total time: 18.72m | eta: 42.5m
step 00778/02520 (30.87%) | loss: 3.249797 | lrm: 1.00 | dt: 1447.51ms | tok/sec: 362,199 | bf16_mfu: 0.00 | epoch: 1 pq: 9 rg: 13 | total time: 18.74m | eta: 42.5m
step 00779/02520 (30.91%) | loss: 3.251564 | lrm: 1.00 | dt: 1456.06ms | tok/sec: 360,073 | bf16_mfu: 0.00 | epoch: 1 pq: 9 rg: 14 | total time: 18.77m | eta: 42.5m
step 00780/02520 (30.95%) | loss: 3.255488 | lrm: 1.00 | dt: 1458.30ms | tok/sec: 359,519 | bf16_mfu: 0.00 | epoch: 1 pq: 9 rg: 15 | total time: 18.79m | eta: 42.5m
step 00781/02520 (30.99%) | loss: 3.253885 | lrm: 1.00 | dt: 1456.89ms | tok/sec: 359,868 | bf16_mfu: 0.00 | epoch: 1 pq: 9 rg: 16 | total time: 18.81m | eta: 42.4m
step 00782/02520 (31.03%) | loss: 3.241390 | lrm: 1.00 | dt: 1468.80ms | tok/sec: 356,950 | bf16_mfu: 0.00 | epoch: 1 pq: 9 rg: 17 | total time: 18.84m | eta: 42.4m
step 00783/02520 (31.07%) | loss: 3.230295 | lrm: 1.00 | dt: 1455.92ms | tok/sec: 360,108 | bf16_mfu: 0.00 | epoch: 1 pq: 9 rg: 18 | total time: 18.86m | eta: 42.4m
step 00784/02520 (31.11%) | loss: 3.225592 | lrm: 1.00 | dt: 1448.83ms | tok/sec: 361,869 | bf16_mfu: 0.00 | epoch: 1 pq: 9 rg: 19 | total time: 18.89m | eta: 42.4m
step 00785/02520 (31.15%) | loss: 3.226296 | lrm: 1.00 | dt: 1450.38ms | tok/sec: 361,483 | bf16_mfu: 0.00 | epoch: 1 pq: 9 rg: 20 | total time: 18.91m | eta: 42.3m
step 00786/02520 (31.19%) | loss: 3.228332 | lrm: 1.00 | dt: 1452.23ms | tok/sec: 361,023 | bf16_mfu: 0.00 | epoch: 1 pq: 9 rg: 21 | total time: 18.94m | eta: 42.3m
step 00787/02520 (31.23%) | loss: 3.227652 | lrm: 1.00 | dt: 1455.09ms | tok/sec: 360,312 | bf16_mfu: 0.00 | epoch: 1 pq: 9 rg: 22 | total time: 18.96m | eta: 42.3m
step 00788/02520 (31.27%) | loss: 3.233706 | lrm: 1.00 | dt: 1456.87ms | tok/sec: 359,872 | bf16_mfu: 0.00 | epoch: 1 pq: 9 rg: 23 | total time: 18.98m | eta: 42.3m
step 00789/02520 (31.31%) | loss: 3.241750 | lrm: 1.00 | dt: 1453.47ms | tok/sec: 360,714 | bf16_mfu: 0.00 | epoch: 1 pq: 9 rg: 24 | total time: 19.01m | eta: 42.2m
step 00790/02520 (31.35%) | loss: 3.236917 | lrm: 1.00 | dt: 1452.83ms | tok/sec: 360,874 | bf16_mfu: 0.00 | epoch: 1 pq: 9 rg: 25 | total time: 19.03m | eta: 42.2m
step 00791/02520 (31.39%) | loss: 3.250071 | lrm: 1.00 | dt: 1455.00ms | tok/sec: 360,335 | bf16_mfu: 0.00 | epoch: 1 pq: 9 rg: 26 | total time: 19.06m | eta: 42.2m
step 00792/02520 (31.43%) | loss: 3.254811 | lrm: 1.00 | dt: 1486.29ms | tok/sec: 352,748 | bf16_mfu: 0.00 | epoch: 1 pq: 9 rg: 27 | total time: 19.08m | eta: 42.2m
step 00793/02520 (31.47%) | loss: 3.252244 | lrm: 1.00 | dt: 1507.32ms | tok/sec: 347,827 | bf16_mfu: 0.00 | epoch: 1 pq: 9 rg: 28 | total time: 19.11m | eta: 42.1m
step 00794/02520 (31.51%) | loss: 3.238427 | lrm: 1.00 | dt: 1505.33ms | tok/sec: 348,286 | bf16_mfu: 0.00 | epoch: 1 pq: 9 rg: 29 | total time: 19.13m | eta: 42.1m
step 00795/02520 (31.55%) | loss: 3.230752 | lrm: 1.00 | dt: 1514.13ms | tok/sec: 346,264 | bf16_mfu: 0.00 | epoch: 1 pq: 9 rg: 30 | total time: 19.16m | eta: 42.1m
step 00796/02520 (31.59%) | loss: 3.229052 | lrm: 1.00 | dt: 1504.77ms | tok/sec: 348,416 | bf16_mfu: 0.00 | epoch: 1 pq: 9 rg: 31 | total time: 19.18m | eta: 42.1m
step 00797/02520 (31.63%) | loss: 3.240162 | lrm: 1.00 | dt: 1503.31ms | tok/sec: 348,756 | bf16_mfu: 0.00 | epoch: 1 pq: 9 rg: 32 | total time: 19.21m | eta: 42.1m
step 00798/02520 (31.67%) | loss: 3.230600 | lrm: 1.00 | dt: 1519.01ms | tok/sec: 345,152 | bf16_mfu: 0.00 | epoch: 1 pq: 9 rg: 33 | total time: 19.23m | eta: 42.0m
step 00799/02520 (31.71%) | loss: 3.230321 | lrm: 1.00 | dt: 1475.83ms | tok/sec: 355,248 | bf16_mfu: 0.00 | epoch: 1 pq: 9 rg: 33 | total time: 19.26m | eta: 42.0m
step 00800/02520 (31.75%) | loss: 3.233900 | lrm: 1.00 | dt: 1494.00ms | tok/sec: 350,928 | bf16_mfu: 0.00 | epoch: 1 pq: 9 rg: 34 | total time: 19.28m | eta: 42.0m
step 00801/02520 (31.79%) | loss: 3.227496 | lrm: 1.00 | dt: 1495.34ms | tok/sec: 350,615 | bf16_mfu: 0.00 | epoch: 1 pq: 9 rg: 35 | total time: 19.31m | eta: 42.0m
step 00802/02520 (31.83%) | loss: 3.223809 | lrm: 1.00 | dt: 1454.40ms | tok/sec: 360,483 | bf16_mfu: 0.00 | epoch: 1 pq: 9 rg: 36 | total time: 19.33m | eta: 41.9m
step 00803/02520 (31.87%) | loss: 3.222619 | lrm: 1.00 | dt: 1453.99ms | tok/sec: 360,585 | bf16_mfu: 0.00 | epoch: 1 pq: 9 rg: 37 | total time: 19.36m | eta: 41.9m
step 00804/02520 (31.90%) | loss: 3.215394 | lrm: 1.00 | dt: 1454.01ms | tok/sec: 360,579 | bf16_mfu: 0.00 | epoch: 1 pq: 9 rg: 38 | total time: 19.38m | eta: 41.9m
step 00805/02520 (31.94%) | loss: 3.215277 | lrm: 1.00 | dt: 1451.13ms | tok/sec: 361,295 | bf16_mfu: 0.00 | epoch: 1 pq: 9 rg: 39 | total time: 19.40m | eta: 41.9m
step 00806/02520 (31.98%) | loss: 3.215438 | lrm: 1.00 | dt: 1472.54ms | tok/sec: 356,042 | bf16_mfu: 0.00 | epoch: 1 pq: 9 rg: 40 | total time: 19.43m | eta: 41.8m
step 00807/02520 (32.02%) | loss: 3.217223 | lrm: 1.00 | dt: 1506.87ms | tok/sec: 347,931 | bf16_mfu: 0.00 | epoch: 1 pq: 9 rg: 41 | total time: 19.45m | eta: 41.8m
step 00808/02520 (32.06%) | loss: 3.221055 | lrm: 1.00 | dt: 1507.37ms | tok/sec: 347,816 | bf16_mfu: 0.00 | epoch: 1 pq: 9 rg: 42 | total time: 19.48m | eta: 41.8m
step 00809/02520 (32.10%) | loss: 3.212979 | lrm: 1.00 | dt: 1513.35ms | tok/sec: 346,442 | bf16_mfu: 0.00 | epoch: 1 pq: 9 rg: 43 | total time: 19.50m | eta: 41.8m
step 00810/02520 (32.14%) | loss: 3.212488 | lrm: 1.00 | dt: 1519.60ms | tok/sec: 345,016 | bf16_mfu: 0.00 | epoch: 1 pq: 9 rg: 44 | total time: 19.53m | eta: 41.7m
step 00811/02520 (32.18%) | loss: 3.215237 | lrm: 1.00 | dt: 1488.24ms | tok/sec: 352,286 | bf16_mfu: 0.00 | epoch: 1 pq: 9 rg: 45 | total time: 19.55m | eta: 41.7m
step 00812/02520 (32.22%) | loss: 3.220254 | lrm: 1.00 | dt: 1452.88ms | tok/sec: 360,860 | bf16_mfu: 0.00 | epoch: 1 pq: 9 rg: 46 | total time: 19.58m | eta: 41.7m
step 00813/02520 (32.26%) | loss: 3.220556 | lrm: 1.00 | dt: 1454.44ms | tok/sec: 360,474 | bf16_mfu: 0.00 | epoch: 1 pq: 9 rg: 47 | total time: 19.60m | eta: 41.7m
step 00814/02520 (32.30%) | loss: 3.229012 | lrm: 1.00 | dt: 1453.32ms | tok/sec: 360,751 | bf16_mfu: 0.00 | epoch: 1 pq: 9 rg: 48 | total time: 19.63m | eta: 41.6m
step 00815/02520 (32.34%) | loss: 3.230788 | lrm: 1.00 | dt: 1451.28ms | tok/sec: 361,258 | bf16_mfu: 0.00 | epoch: 1 pq: 9 rg: 49 | total time: 19.65m | eta: 41.6m
step 00816/02520 (32.38%) | loss: 3.229337 | lrm: 1.00 | dt: 1452.51ms | tok/sec: 360,952 | bf16_mfu: 0.00 | epoch: 1 pq: 9 rg: 50 | total time: 19.68m | eta: 41.6m
step 00817/02520 (32.42%) | loss: 3.232019 | lrm: 1.00 | dt: 1449.25ms | tok/sec: 361,764 | bf16_mfu: 0.00 | epoch: 1 pq: 9 rg: 51 | total time: 19.70m | eta: 41.6m
step 00818/02520 (32.46%) | loss: 3.232337 | lrm: 1.00 | dt: 1452.19ms | tok/sec: 361,031 | bf16_mfu: 0.00 | epoch: 1 pq: 9 rg: 52 | total time: 19.72m | eta: 41.5m
step 00819/02520 (32.50%) | loss: 3.229522 | lrm: 1.00 | dt: 1450.05ms | tok/sec: 361,566 | bf16_mfu: 0.00 | epoch: 1 pq: 9 rg: 53 | total time: 19.75m | eta: 41.5m
step 00820/02520 (32.54%) | loss: 3.214577 | lrm: 1.00 | dt: 1453.08ms | tok/sec: 360,811 | bf16_mfu: 0.00 | epoch: 1 pq: 9 rg: 54 | total time: 19.77m | eta: 41.5m
step 00821/02520 (32.58%) | loss: 3.209349 | lrm: 1.00 | dt: 1452.12ms | tok/sec: 361,050 | bf16_mfu: 0.00 | epoch: 1 pq: 9 rg: 55 | total time: 19.80m | eta: 41.5m
step 00822/02520 (32.62%) | loss: 3.210199 | lrm: 1.00 | dt: 1450.27ms | tok/sec: 361,511 | bf16_mfu: 0.00 | epoch: 1 pq: 9 rg: 56 | total time: 19.82m | eta: 41.4m
step 00823/02520 (32.66%) | loss: 3.202102 | lrm: 1.00 | dt: 1454.41ms | tok/sec: 360,482 | bf16_mfu: 0.00 | epoch: 1 pq: 9 rg: 57 | total time: 19.84m | eta: 41.4m
step 00824/02520 (32.70%) | loss: 3.201850 | lrm: 1.00 | dt: 1453.36ms | tok/sec: 360,742 | bf16_mfu: 0.00 | epoch: 1 pq: 9 rg: 58 | total time: 19.87m | eta: 41.4m
step 00825/02520 (32.74%) | loss: 3.196765 | lrm: 1.00 | dt: 1453.06ms | tok/sec: 360,817 | bf16_mfu: 0.00 | epoch: 1 pq: 9 rg: 59 | total time: 19.89m | eta: 41.4m
step 00826/02520 (32.78%) | loss: 3.193228 | lrm: 1.00 | dt: 1454.04ms | tok/sec: 360,572 | bf16_mfu: 0.00 | epoch: 1 pq: 9 rg: 60 | total time: 19.92m | eta: 41.3m
step 00827/02520 (32.82%) | loss: 3.204004 | lrm: 1.00 | dt: 1454.40ms | tok/sec: 360,483 | bf16_mfu: 0.00 | epoch: 1 pq: 9 rg: 61 | total time: 19.94m | eta: 41.3m
step 00828/02520 (32.86%) | loss: 3.221741 | lrm: 1.00 | dt: 1451.49ms | tok/sec: 361,206 | bf16_mfu: 0.00 | epoch: 1 pq: 9 rg: 62 | total time: 19.97m | eta: 41.3m
step 00829/02520 (32.90%) | loss: 3.227745 | lrm: 1.00 | dt: 1454.20ms | tok/sec: 360,533 | bf16_mfu: 0.00 | epoch: 1 pq: 9 rg: 63 | total time: 19.99m | eta: 41.3m
step 00830/02520 (32.94%) | loss: 3.220247 | lrm: 1.00 | dt: 1455.75ms | tok/sec: 360,149 | bf16_mfu: 0.00 | epoch: 1 pq: 9 rg: 64 | total time: 20.01m | eta: 41.2m
step 00831/02520 (32.98%) | loss: 3.208090 | lrm: 1.00 | dt: 1452.01ms | tok/sec: 361,078 | bf16_mfu: 0.00 | epoch: 1 pq: 9 rg: 65 | total time: 20.04m | eta: 41.2m
step 00832/02520 (33.02%) | loss: 3.205515 | lrm: 1.00 | dt: 1453.73ms | tok/sec: 360,649 | bf16_mfu: 0.00 | epoch: 1 pq: 9 rg: 66 | total time: 20.06m | eta: 41.2m
step 00833/02520 (33.06%) | loss: 3.212459 | lrm: 1.00 | dt: 1453.71ms | tok/sec: 360,655 | bf16_mfu: 0.00 | epoch: 1 pq: 9 rg: 67 | total time: 20.09m | eta: 41.2m
step 00834/02520 (33.10%) | loss: 3.198873 | lrm: 1.00 | dt: 1450.80ms | tok/sec: 361,379 | bf16_mfu: 0.00 | epoch: 1 pq: 9 rg: 67 | total time: 20.11m | eta: 41.2m
step 00835/02520 (33.13%) | loss: 3.198163 | lrm: 1.00 | dt: 1454.29ms | tok/sec: 360,510 | bf16_mfu: 0.00 | epoch: 1 pq: 9 rg: 68 | total time: 20.14m | eta: 41.1m
step 00836/02520 (33.17%) | loss: 3.204962 | lrm: 1.00 | dt: 1455.01ms | tok/sec: 360,334 | bf16_mfu: 0.00 | epoch: 1 pq: 9 rg: 69 | total time: 20.16m | eta: 41.1m
step 00837/02520 (33.21%) | loss: 3.202903 | lrm: 1.00 | dt: 1451.36ms | tok/sec: 361,238 | bf16_mfu: 0.00 | epoch: 1 pq: 9 rg: 70 | total time: 20.18m | eta: 41.1m
step 00838/02520 (33.25%) | loss: 3.202295 | lrm: 1.00 | dt: 1452.76ms | tok/sec: 360,889 | bf16_mfu: 0.00 | epoch: 1 pq: 9 rg: 71 | total time: 20.21m | eta: 41.1m
step 00839/02520 (33.29%) | loss: 3.205321 | lrm: 1.00 | dt: 1455.05ms | tok/sec: 360,323 | bf16_mfu: 0.00 | epoch: 1 pq: 9 rg: 72 | total time: 20.23m | eta: 41.0m
step 00840/02520 (33.33%) | loss: 3.206102 | lrm: 1.00 | dt: 1450.86ms | tok/sec: 361,364 | bf16_mfu: 0.00 | epoch: 1 pq: 9 rg: 73 | total time: 20.26m | eta: 41.0m
step 00841/02520 (33.37%) | loss: 3.214194 | lrm: 1.00 | dt: 1453.65ms | tok/sec: 360,671 | bf16_mfu: 0.00 | epoch: 1 pq: 9 rg: 74 | total time: 20.28m | eta: 41.0m
step 00842/02520 (33.41%) | loss: 3.216129 | lrm: 1.00 | dt: 1454.35ms | tok/sec: 360,495 | bf16_mfu: 0.00 | epoch: 1 pq: 9 rg: 75 | total time: 20.31m | eta: 41.0m
step 00843/02520 (33.45%) | loss: 3.214140 | lrm: 1.00 | dt: 1451.93ms | tok/sec: 361,097 | bf16_mfu: 0.00 | epoch: 1 pq: 9 rg: 76 | total time: 20.33m | eta: 40.9m
step 00844/02520 (33.49%) | loss: 3.215581 | lrm: 1.00 | dt: 1454.04ms | tok/sec: 360,572 | bf16_mfu: 0.00 | epoch: 1 pq: 9 rg: 77 | total time: 20.35m | eta: 40.9m
step 00845/02520 (33.53%) | loss: 3.218397 | lrm: 1.00 | dt: 1455.44ms | tok/sec: 360,225 | bf16_mfu: 0.00 | epoch: 1 pq: 9 rg: 78 | total time: 20.38m | eta: 40.9m
step 00846/02520 (33.57%) | loss: 3.204607 | lrm: 1.00 | dt: 1453.92ms | tok/sec: 360,603 | bf16_mfu: 0.00 | epoch: 1 pq: 9 rg: 79 | total time: 20.40m | eta: 40.9m
step 00847/02520 (33.61%) | loss: 3.219787 | lrm: 1.00 | dt: 1452.45ms | tok/sec: 360,968 | bf16_mfu: 0.00 | epoch: 1 pq: 9 rg: 80 | total time: 20.43m | eta: 40.8m
step 00848/02520 (33.65%) | loss: 3.230934 | lrm: 1.00 | dt: 1453.92ms | tok/sec: 360,602 | bf16_mfu: 0.00 | epoch: 1 pq: 9 rg: 81 | total time: 20.45m | eta: 40.8m
step 00849/02520 (33.69%) | loss: 3.225544 | lrm: 1.00 | dt: 1452.48ms | tok/sec: 360,961 | bf16_mfu: 0.00 | epoch: 1 pq: 9 rg: 82 | total time: 20.47m | eta: 40.8m
step 00850/02520 (33.73%) | loss: 3.225476 | lrm: 1.00 | dt: 1453.45ms | tok/sec: 360,720 | bf16_mfu: 0.00 | epoch: 1 pq: 10 rg: 0 | total time: 20.50m | eta: 40.8m
step 00851/02520 (33.77%) | loss: 3.230236 | lrm: 1.00 | dt: 1455.82ms | tok/sec: 360,131 | bf16_mfu: 0.00 | epoch: 1 pq: 10 rg: 1 | total time: 20.52m | eta: 40.7m
step 00852/02520 (33.81%) | loss: 3.235682 | lrm: 1.00 | dt: 1454.14ms | tok/sec: 360,547 | bf16_mfu: 0.00 | epoch: 1 pq: 10 rg: 2 | total time: 20.55m | eta: 40.7m
step 00853/02520 (33.85%) | loss: 3.236349 | lrm: 1.00 | dt: 1453.69ms | tok/sec: 360,660 | bf16_mfu: 0.00 | epoch: 1 pq: 10 rg: 3 | total time: 20.57m | eta: 40.7m
step 00854/02520 (33.89%) | loss: 3.234311 | lrm: 1.00 | dt: 1454.20ms | tok/sec: 360,532 | bf16_mfu: 0.00 | epoch: 1 pq: 10 rg: 4 | total time: 20.60m | eta: 40.7m
step 00855/02520 (33.93%) | loss: 3.226922 | lrm: 1.00 | dt: 1455.90ms | tok/sec: 360,112 | bf16_mfu: 0.00 | epoch: 1 pq: 10 rg: 5 | total time: 20.62m | eta: 40.6m
step 00856/02520 (33.97%) | loss: 3.223370 | lrm: 1.00 | dt: 1455.74ms | tok/sec: 360,151 | bf16_mfu: 0.00 | epoch: 1 pq: 10 rg: 6 | total time: 20.64m | eta: 40.6m
step 00857/02520 (34.01%) | loss: 3.223131 | lrm: 1.00 | dt: 1454.19ms | tok/sec: 360,535 | bf16_mfu: 0.00 | epoch: 1 pq: 10 rg: 7 | total time: 20.67m | eta: 40.6m
step 00858/02520 (34.05%) | loss: 3.221474 | lrm: 1.00 | dt: 1455.13ms | tok/sec: 360,303 | bf16_mfu: 0.00 | epoch: 1 pq: 10 rg: 8 | total time: 20.69m | eta: 40.6m
step 00859/02520 (34.09%) | loss: 3.225760 | lrm: 1.00 | dt: 1454.82ms | tok/sec: 360,378 | bf16_mfu: 0.00 | epoch: 1 pq: 10 rg: 9 | total time: 20.72m | eta: 40.5m
step 00860/02520 (34.13%) | loss: 3.228476 | lrm: 1.00 | dt: 1453.79ms | tok/sec: 360,636 | bf16_mfu: 0.00 | epoch: 1 pq: 10 rg: 10 | total time: 20.74m | eta: 40.5m
step 00861/02520 (34.17%) | loss: 3.236050 | lrm: 1.00 | dt: 1453.85ms | tok/sec: 360,619 | bf16_mfu: 0.00 | epoch: 1 pq: 10 rg: 11 | total time: 20.77m | eta: 40.5m
step 00862/02520 (34.21%) | loss: 3.238849 | lrm: 1.00 | dt: 1454.79ms | tok/sec: 360,388 | bf16_mfu: 0.00 | epoch: 1 pq: 10 rg: 12 | total time: 20.79m | eta: 40.5m
step 00863/02520 (34.25%) | loss: 3.234687 | lrm: 1.00 | dt: 1468.32ms | tok/sec: 357,067 | bf16_mfu: 0.00 | epoch: 1 pq: 10 rg: 13 | total time: 20.81m | eta: 40.4m
step 00864/02520 (34.29%) | loss: 3.222216 | lrm: 1.00 | dt: 1454.74ms | tok/sec: 360,400 | bf16_mfu: 0.00 | epoch: 1 pq: 10 rg: 14 | total time: 20.84m | eta: 40.4m
step 00865/02520 (34.33%) | loss: 3.220942 | lrm: 1.00 | dt: 1457.36ms | tok/sec: 359,753 | bf16_mfu: 0.00 | epoch: 1 pq: 10 rg: 15 | total time: 20.86m | eta: 40.4m
step 00866/02520 (34.37%) | loss: 3.207711 | lrm: 1.00 | dt: 1472.18ms | tok/sec: 356,130 | bf16_mfu: 0.00 | epoch: 1 pq: 10 rg: 16 | total time: 20.89m | eta: 40.4m
step 00867/02520 (34.40%) | loss: 3.202694 | lrm: 1.00 | dt: 1460.84ms | tok/sec: 358,894 | bf16_mfu: 0.00 | epoch: 1 pq: 10 rg: 17 | total time: 20.91m | eta: 40.3m
step 00868/02520 (34.44%) | loss: 3.197891 | lrm: 1.00 | dt: 1454.12ms | tok/sec: 360,553 | bf16_mfu: 0.00 | epoch: 1 pq: 10 rg: 18 | total time: 20.94m | eta: 40.3m
step 00869/02520 (34.48%) | loss: 3.194461 | lrm: 1.00 | dt: 1456.88ms | tok/sec: 359,869 | bf16_mfu: 0.00 | epoch: 1 pq: 10 rg: 18 | total time: 20.96m | eta: 40.3m
step 00870/02520 (34.52%) | loss: 3.193585 | lrm: 1.00 | dt: 1464.30ms | tok/sec: 358,046 | bf16_mfu: 0.00 | epoch: 1 pq: 10 rg: 19 | total time: 20.98m | eta: 40.3m
step 00871/02520 (34.56%) | loss: 3.196831 | lrm: 1.00 | dt: 1478.70ms | tok/sec: 354,559 | bf16_mfu: 0.00 | epoch: 1 pq: 10 rg: 20 | total time: 21.01m | eta: 40.2m
step 00872/02520 (34.60%) | loss: 3.196752 | lrm: 1.00 | dt: 1473.43ms | tok/sec: 355,827 | bf16_mfu: 0.00 | epoch: 1 pq: 10 rg: 21 | total time: 21.03m | eta: 40.2m
step 00873/02520 (34.64%) | loss: 3.200018 | lrm: 1.00 | dt: 1457.46ms | tok/sec: 359,726 | bf16_mfu: 0.00 | epoch: 1 pq: 10 rg: 22 | total time: 21.06m | eta: 40.2m
step 00874/02520 (34.68%) | loss: 3.200480 | lrm: 1.00 | dt: 1458.84ms | tok/sec: 359,388 | bf16_mfu: 0.00 | epoch: 1 pq: 10 rg: 23 | total time: 21.08m | eta: 40.2m
step 00875/02520 (34.72%) | loss: 3.198543 | lrm: 1.00 | dt: 1456.87ms | tok/sec: 359,873 | bf16_mfu: 0.00 | epoch: 1 pq: 10 rg: 24 | total time: 21.11m | eta: 40.1m
step 00876/02520 (34.76%) | loss: 3.204073 | lrm: 1.00 | dt: 1469.30ms | tok/sec: 356,828 | bf16_mfu: 0.00 | epoch: 1 pq: 10 rg: 25 | total time: 21.13m | eta: 40.1m
step 00877/02520 (34.80%) | loss: 3.207375 | lrm: 1.00 | dt: 1488.11ms | tok/sec: 352,317 | bf16_mfu: 0.00 | epoch: 1 pq: 10 rg: 26 | total time: 21.16m | eta: 40.1m
step 00878/02520 (34.84%) | loss: 3.227756 | lrm: 1.00 | dt: 1491.42ms | tok/sec: 351,536 | bf16_mfu: 0.00 | epoch: 1 pq: 10 rg: 27 | total time: 21.18m | eta: 40.1m
step 00879/02520 (34.88%) | loss: 3.223829 | lrm: 1.00 | dt: 1491.40ms | tok/sec: 351,539 | bf16_mfu: 0.00 | epoch: 1 pq: 10 rg: 28 | total time: 21.21m | eta: 40.0m
step 00880/02520 (34.92%) | loss: 3.222926 | lrm: 1.00 | dt: 1504.12ms | tok/sec: 348,567 | bf16_mfu: 0.00 | epoch: 1 pq: 10 rg: 29 | total time: 21.23m | eta: 40.0m
step 00881/02520 (34.96%) | loss: 3.233142 | lrm: 1.00 | dt: 1476.71ms | tok/sec: 355,037 | bf16_mfu: 0.00 | epoch: 1 pq: 10 rg: 30 | total time: 21.26m | eta: 40.0m
2026-09-27 15:43:16,693 - nanochat.checkpoint_manager - [32m[1mINFO[0m - Saved model parameters to: /home/neo/.cache/nanochat/base_checkpoints/looped_B8_lr1_lr1_h1.0_s0/model_000882.pt
2026-09-27 15:43:17,147 - nanochat.checkpoint_manager - [32m[1mINFO[0m - Saved optimizer state to: /home/neo/.cache/nanochat/base_checkpoints/looped_B8_lr1_lr1_h1.0_s0/optim_000882_rank0.pt
2026-09-27 15:43:17,148 - nanochat.checkpoint_manager - [32m[1mINFO[0m - Saved metadata to: /home/neo/.cache/nanochat/base_checkpoints/looped_B8_lr1_lr1_h1.0_s0/meta_000882.json
step 00882/02520 (35.00%) | loss: 3.232216 | lrm: 1.00 | dt: 1462.78ms | tok/sec: 358,419 | bf16_mfu: 0.00 | epoch: 1 pq: 10 rg: 31 | total time: 21.28m | eta: 40.0m
step 00883/02520 (35.04%) | loss: 3.227789 | lrm: 1.00 | dt: 1496.27ms | tok/sec: 350,396 | bf16_mfu: 0.00 | epoch: 1 pq: 10 rg: 32 | total time: 21.30m | eta: 39.9m
step 00884/02520 (35.08%) | loss: 3.214723 | lrm: 1.00 | dt: 1492.00ms | tok/sec: 351,399 | bf16_mfu: 0.00 | epoch: 1 pq: 10 rg: 33 | total time: 21.33m | eta: 39.9m
step 00885/02520 (35.12%) | loss: 3.204605 | lrm: 1.00 | dt: 1500.12ms | tok/sec: 349,496 | bf16_mfu: 0.00 | epoch: 1 pq: 10 rg: 34 | total time: 21.35m | eta: 39.9m
step 00886/02520 (35.16%) | loss: 3.200755 | lrm: 1.00 | dt: 1474.60ms | tok/sec: 355,545 | bf16_mfu: 0.00 | epoch: 1 pq: 10 rg: 35 | total time: 21.38m | eta: 39.9m
step 00887/02520 (35.20%) | loss: 3.207314 | lrm: 1.00 | dt: 1481.27ms | tok/sec: 353,944 | bf16_mfu: 0.00 | epoch: 1 pq: 10 rg: 36 | total time: 21.40m | eta: 39.9m
step 00888/02520 (35.24%) | loss: 3.209045 | lrm: 1.00 | dt: 1496.41ms | tok/sec: 350,364 | bf16_mfu: 0.00 | epoch: 1 pq: 10 rg: 37 | total time: 21.43m | eta: 39.8m
step 00889/02520 (35.28%) | loss: 3.206279 | lrm: 1.00 | dt: 1466.15ms | tok/sec: 357,595 | bf16_mfu: 0.00 | epoch: 1 pq: 10 rg: 38 | total time: 21.45m | eta: 39.8m
step 00890/02520 (35.32%) | loss: 3.213524 | lrm: 1.00 | dt: 1464.08ms | tok/sec: 358,099 | bf16_mfu: 0.00 | epoch: 1 pq: 10 rg: 39 | total time: 21.48m | eta: 39.8m
step 00891/02520 (35.36%) | loss: 3.221730 | lrm: 0.99 | dt: 1463.46ms | tok/sec: 358,253 | bf16_mfu: 0.00 | epoch: 1 pq: 10 rg: 40 | total time: 21.50m | eta: 39.8m
step 00892/02520 (35.40%) | loss: 3.218596 | lrm: 0.99 | dt: 1473.32ms | tok/sec: 355,854 | bf16_mfu: 0.00 | epoch: 1 pq: 10 rg: 41 | total time: 21.53m | eta: 39.7m
step 00893/02520 (35.44%) | loss: 3.214567 | lrm: 0.99 | dt: 1470.10ms | tok/sec: 356,633 | bf16_mfu: 0.00 | epoch: 1 pq: 10 rg: 42 | total time: 21.55m | eta: 39.7m
step 00894/02520 (35.48%) | loss: 3.217460 | lrm: 0.99 | dt: 1464.59ms | tok/sec: 357,975 | bf16_mfu: 0.00 | epoch: 1 pq: 10 rg: 43 | total time: 21.58m | eta: 39.7m
step 00895/02520 (35.52%) | loss: 3.216592 | lrm: 0.99 | dt: 1474.57ms | tok/sec: 355,553 | bf16_mfu: 0.00 | epoch: 1 pq: 10 rg: 44 | total time: 21.60m | eta: 39.7m
step 00896/02520 (35.56%) | loss: 3.220825 | lrm: 0.99 | dt: 1473.05ms | tok/sec: 355,921 | bf16_mfu: 0.00 | epoch: 1 pq: 10 rg: 45 | total time: 21.62m | eta: 39.6m
step 00897/02520 (35.60%) | loss: 3.222006 | lrm: 0.99 | dt: 1452.93ms | tok/sec: 360,848 | bf16_mfu: 0.00 | epoch: 1 pq: 10 rg: 46 | total time: 21.65m | eta: 39.6m
step 00898/02520 (35.63%) | loss: 3.207626 | lrm: 0.99 | dt: 1453.24ms | tok/sec: 360,772 | bf16_mfu: 0.00 | epoch: 1 pq: 10 rg: 47 | total time: 21.67m | eta: 39.6m
step 00899/02520 (35.67%) | loss: 3.215519 | lrm: 0.99 | dt: 1455.08ms | tok/sec: 360,314 | bf16_mfu: 0.00 | epoch: 1 pq: 10 rg: 47 | total time: 21.70m | eta: 39.6m
step 00900/02520 (35.71%) | loss: 3.218892 | lrm: 0.99 | dt: 1452.20ms | tok/sec: 361,030 | bf16_mfu: 0.00 | epoch: 1 pq: 10 rg: 48 | total time: 21.72m | eta: 39.5m
step 00901/02520 (35.75%) | loss: 3.221517 | lrm: 0.99 | dt: 1454.26ms | tok/sec: 360,519 | bf16_mfu: 0.00 | epoch: 1 pq: 10 rg: 49 | total time: 21.75m | eta: 39.5m
step 00902/02520 (35.79%) | loss: 3.225617 | lrm: 0.99 | dt: 1454.43ms | tok/sec: 360,477 | bf16_mfu: 0.00 | epoch: 1 pq: 10 rg: 50 | total time: 21.77m | eta: 39.5m
step 00903/02520 (35.83%) | loss: 3.229889 | lrm: 0.99 | dt: 1452.41ms | tok/sec: 360,977 | bf16_mfu: 0.00 | epoch: 1 pq: 10 rg: 51 | total time: 21.79m | eta: 39.5m
step 00904/02520 (35.87%) | loss: 3.225863 | lrm: 0.99 | dt: 1454.57ms | tok/sec: 360,441 | bf16_mfu: 0.00 | epoch: 1 pq: 10 rg: 52 | total time: 21.82m | eta: 39.4m
step 00905/02520 (35.91%) | loss: 3.227163 | lrm: 0.99 | dt: 1453.62ms | tok/sec: 360,677 | bf16_mfu: 0.00 | epoch: 1 pq: 10 rg: 53 | total time: 21.84m | eta: 39.4m
step 00906/02520 (35.95%) | loss: 3.218833 | lrm: 0.99 | dt: 1453.01ms | tok/sec: 360,830 | bf16_mfu: 0.00 | epoch: 1 pq: 10 rg: 54 | total time: 21.87m | eta: 39.4m
step 00907/02520 (35.99%) | loss: 3.225020 | lrm: 0.99 | dt: 1454.22ms | tok/sec: 360,528 | bf16_mfu: 0.00 | epoch: 1 pq: 10 rg: 55 | total time: 21.89m | eta: 39.4m
step 00908/02520 (36.03%) | loss: 3.225705 | lrm: 0.98 | dt: 1455.50ms | tok/sec: 360,212 | bf16_mfu: 0.00 | epoch: 1 pq: 10 rg: 56 | total time: 21.92m | eta: 39.3m
step 00909/02520 (36.07%) | loss: 3.228193 | lrm: 0.98 | dt: 1452.76ms | tok/sec: 360,891 | bf16_mfu: 0.00 | epoch: 1 pq: 10 rg: 57 | total time: 21.94m | eta: 39.3m
step 00910/02520 (36.11%) | loss: 3.233730 | lrm: 0.98 | dt: 1453.04ms | tok/sec: 360,822 | bf16_mfu: 0.00 | epoch: 1 pq: 10 rg: 58 | total time: 21.96m | eta: 39.3m
step 00911/02520 (36.15%) | loss: 3.227611 | lrm: 0.98 | dt: 1455.41ms | tok/sec: 360,234 | bf16_mfu: 0.00 | epoch: 1 pq: 10 rg: 59 | total time: 21.99m | eta: 39.3m
step 00912/02520 (36.19%) | loss: 3.230282 | lrm: 0.98 | dt: 1454.45ms | tok/sec: 360,472 | bf16_mfu: 0.00 | epoch: 1 pq: 10 rg: 60 | total time: 22.01m | eta: 39.2m
step 00913/02520 (36.23%) | loss: 3.234962 | lrm: 0.98 | dt: 1452.47ms | tok/sec: 360,962 | bf16_mfu: 0.00 | epoch: 1 pq: 10 rg: 61 | total time: 22.04m | eta: 39.2m
step 00914/02520 (36.27%) | loss: 3.220309 | lrm: 0.98 | dt: 1454.78ms | tok/sec: 360,389 | bf16_mfu: 0.00 | epoch: 1 pq: 10 rg: 62 | total time: 22.06m | eta: 39.2m
step 00915/02520 (36.31%) | loss: 3.211226 | lrm: 0.98 | dt: 1454.67ms | tok/sec: 360,416 | bf16_mfu: 0.00 | epoch: 1 pq: 10 rg: 63 | total time: 22.08m | eta: 39.2m
step 00916/02520 (36.35%) | loss: 3.209648 | lrm: 0.98 | dt: 1494.49ms | tok/sec: 350,814 | bf16_mfu: 0.00 | epoch: 1 pq: 10 rg: 64 | total time: 22.11m | eta: 39.1m
step 00917/02520 (36.39%) | loss: 3.206580 | lrm: 0.98 | dt: 1478.94ms | tok/sec: 354,502 | bf16_mfu: 0.00 | epoch: 1 pq: 10 rg: 65 | total time: 22.13m | eta: 39.1m
step 00918/02520 (36.43%) | loss: 3.213479 | lrm: 0.98 | dt: 1467.37ms | tok/sec: 357,297 | bf16_mfu: 0.00 | epoch: 1 pq: 10 rg: 66 | total time: 22.16m | eta: 39.1m
step 00919/02520 (36.47%) | loss: 3.209278 | lrm: 0.98 | dt: 1457.89ms | tok/sec: 359,621 | bf16_mfu: 0.00 | epoch: 1 pq: 10 rg: 67 | total time: 22.18m | eta: 39.1m
step 00920/02520 (36.51%) | loss: 3.216189 | lrm: 0.98 | dt: 1452.42ms | tok/sec: 360,974 | bf16_mfu: 0.00 | epoch: 1 pq: 10 rg: 68 | total time: 22.21m | eta: 39.0m
step 00921/02520 (36.55%) | loss: 3.225008 | lrm: 0.98 | dt: 1453.96ms | tok/sec: 360,593 | bf16_mfu: 0.00 | epoch: 1 pq: 10 rg: 69 | total time: 22.23m | eta: 39.0m
step 00922/02520 (36.59%) | loss: 3.215283 | lrm: 0.98 | dt: 1455.11ms | tok/sec: 360,307 | bf16_mfu: 0.00 | epoch: 1 pq: 10 rg: 70 | total time: 22.26m | eta: 39.0m
step 00923/02520 (36.63%) | loss: 3.220520 | lrm: 0.98 | dt: 1453.28ms | tok/sec: 360,761 | bf16_mfu: 0.00 | epoch: 1 pq: 10 rg: 71 | total time: 22.28m | eta: 39.0m
step 00924/02520 (36.67%) | loss: 3.215338 | lrm: 0.98 | dt: 1477.05ms | tok/sec: 354,955 | bf16_mfu: 0.00 | epoch: 1 pq: 10 rg: 72 | total time: 22.30m | eta: 38.9m
step 00925/02520 (36.71%) | loss: 3.212731 | lrm: 0.98 | dt: 1490.05ms | tok/sec: 351,860 | bf16_mfu: 0.00 | epoch: 1 pq: 10 rg: 73 | total time: 22.33m | eta: 38.9m
step 00926/02520 (36.75%) | loss: 3.204941 | lrm: 0.97 | dt: 1486.80ms | tok/sec: 352,629 | bf16_mfu: 0.00 | epoch: 1 pq: 10 rg: 74 | total time: 22.35m | eta: 38.9m
step 00927/02520 (36.79%) | loss: 3.204122 | lrm: 0.97 | dt: 1499.40ms | tok/sec: 349,665 | bf16_mfu: 0.00 | epoch: 1 pq: 10 rg: 75 | total time: 22.38m | eta: 38.9m
step 00928/02520 (36.83%) | loss: 3.201636 | lrm: 0.97 | dt: 1467.74ms | tok/sec: 357,208 | bf16_mfu: 0.00 | epoch: 1 pq: 10 rg: 76 | total time: 22.40m | eta: 38.9m
step 00929/02520 (36.87%) | loss: 3.207934 | lrm: 0.97 | dt: 1453.23ms | tok/sec: 360,774 | bf16_mfu: 0.00 | epoch: 1 pq: 10 rg: 76 | total time: 22.43m | eta: 38.8m
step 00930/02520 (36.90%) | loss: 3.211068 | lrm: 0.97 | dt: 1455.47ms | tok/sec: 360,219 | bf16_mfu: 0.00 | epoch: 1 pq: 10 rg: 77 | total time: 22.45m | eta: 38.8m
step 00931/02520 (36.94%) | loss: 3.207049 | lrm: 0.97 | dt: 1456.45ms | tok/sec: 359,976 | bf16_mfu: 0.00 | epoch: 1 pq: 10 rg: 78 | total time: 22.48m | eta: 38.8m
step 00932/02520 (36.98%) | loss: 3.222827 | lrm: 0.97 | dt: 1454.08ms | tok/sec: 360,564 | bf16_mfu: 0.00 | epoch: 1 pq: 10 rg: 79 | total time: 22.50m | eta: 38.8m
step 00933/02520 (37.02%) | loss: 3.214231 | lrm: 0.97 | dt: 1453.24ms | tok/sec: 360,771 | bf16_mfu: 0.00 | epoch: 1 pq: 10 rg: 80 | total time: 22.53m | eta: 38.7m
step 00934/02520 (37.06%) | loss: 3.215537 | lrm: 0.97 | dt: 1454.65ms | tok/sec: 360,421 | bf16_mfu: 0.00 | epoch: 1 pq: 10 rg: 81 | total time: 22.55m | eta: 38.7m
step 00935/02520 (37.10%) | loss: 3.216487 | lrm: 0.97 | dt: 1455.01ms | tok/sec: 360,333 | bf16_mfu: 0.00 | epoch: 1 pq: 10 rg: 82 | total time: 22.57m | eta: 38.7m
step 00936/02520 (37.14%) | loss: 3.221409 | lrm: 0.97 | dt: 1452.48ms | tok/sec: 360,959 | bf16_mfu: 0.00 | epoch: 1 pq: 11 rg: 0 | total time: 22.60m | eta: 38.7m
step 00937/02520 (37.18%) | loss: 3.219704 | lrm: 0.97 | dt: 1454.45ms | tok/sec: 360,471 | bf16_mfu: 0.00 | epoch: 1 pq: 11 rg: 1 | total time: 22.62m | eta: 38.6m
step 00938/02520 (37.22%) | loss: 3.217691 | lrm: 0.97 | dt: 1455.88ms | tok/sec: 360,116 | bf16_mfu: 0.00 | epoch: 1 pq: 11 rg: 2 | total time: 22.65m | eta: 38.6m
step 00939/02520 (37.26%) | loss: 3.216238 | lrm: 0.97 | dt: 1453.94ms | tok/sec: 360,598 | bf16_mfu: 0.00 | epoch: 1 pq: 11 rg: 3 | total time: 22.67m | eta: 38.6m
step 00940/02520 (37.30%) | loss: 3.217174 | lrm: 0.97 | dt: 1454.68ms | tok/sec: 360,414 | bf16_mfu: 0.00 | epoch: 1 pq: 11 rg: 4 | total time: 22.69m | eta: 38.6m
step 00941/02520 (37.34%) | loss: 3.215560 | lrm: 0.97 | dt: 1455.04ms | tok/sec: 360,325 | bf16_mfu: 0.00 | epoch: 1 pq: 11 rg: 5 | total time: 22.72m | eta: 38.5m
step 00942/02520 (37.38%) | loss: 3.212969 | lrm: 0.97 | dt: 1455.19ms | tok/sec: 360,288 | bf16_mfu: 0.00 | epoch: 1 pq: 11 rg: 6 | total time: 22.74m | eta: 38.5m
step 00943/02520 (37.42%) | loss: 3.218060 | lrm: 0.96 | dt: 1452.67ms | tok/sec: 360,914 | bf16_mfu: 0.00 | epoch: 1 pq: 11 rg: 7 | total time: 22.77m | eta: 38.5m
step 00944/02520 (37.46%) | loss: 3.210519 | lrm: 0.96 | dt: 1453.93ms | tok/sec: 360,599 | bf16_mfu: 0.00 | epoch: 1 pq: 11 rg: 8 | total time: 22.79m | eta: 38.5m
step 00945/02520 (37.50%) | loss: 3.209908 | lrm: 0.96 | dt: 1471.87ms | tok/sec: 356,206 | bf16_mfu: 0.00 | epoch: 1 pq: 11 rg: 9 | total time: 22.82m | eta: 38.4m
step 00946/02520 (37.54%) | loss: 3.206720 | lrm: 0.96 | dt: 1467.56ms | tok/sec: 357,250 | bf16_mfu: 0.00 | epoch: 1 pq: 11 rg: 10 | total time: 22.84m | eta: 38.4m
step 00947/02520 (37.58%) | loss: 3.215770 | lrm: 0.96 | dt: 1474.57ms | tok/sec: 355,553 | bf16_mfu: 0.00 | epoch: 1 pq: 11 rg: 11 | total time: 22.87m | eta: 38.4m
step 00948/02520 (37.62%) | loss: 3.211911 | lrm: 0.96 | dt: 1471.85ms | tok/sec: 356,209 | bf16_mfu: 0.00 | epoch: 1 pq: 11 rg: 12 | total time: 22.89m | eta: 38.4m
step 00949/02520 (37.66%) | loss: 3.213424 | lrm: 0.96 | dt: 1474.39ms | tok/sec: 355,597 | bf16_mfu: 0.00 | epoch: 1 pq: 11 rg: 13 | total time: 22.91m | eta: 38.3m
step 00950/02520 (37.70%) | loss: 3.207669 | lrm: 0.96 | dt: 1473.46ms | tok/sec: 355,820 | bf16_mfu: 0.00 | epoch: 1 pq: 11 rg: 14 | total time: 22.94m | eta: 38.3m
step 00951/02520 (37.74%) | loss: 3.197590 | lrm: 0.96 | dt: 1509.41ms | tok/sec: 347,347 | bf16_mfu: 0.00 | epoch: 1 pq: 11 rg: 15 | total time: 22.96m | eta: 38.3m
step 00952/02520 (37.78%) | loss: 3.182139 | lrm: 0.96 | dt: 1507.71ms | tok/sec: 347,738 | bf16_mfu: 0.00 | epoch: 1 pq: 11 rg: 16 | total time: 22.99m | eta: 38.3m
step 00953/02520 (37.82%) | loss: 3.177572 | lrm: 0.96 | dt: 1514.84ms | tok/sec: 346,102 | bf16_mfu: 0.00 | epoch: 1 pq: 11 rg: 17 | total time: 23.01m | eta: 38.2m
step 00954/02520 (37.86%) | loss: 3.184191 | lrm: 0.96 | dt: 1481.95ms | tok/sec: 353,782 | bf16_mfu: 0.00 | epoch: 1 pq: 11 rg: 18 | total time: 23.04m | eta: 38.2m
step 00955/02520 (37.90%) | loss: 3.193657 | lrm: 0.96 | dt: 1468.66ms | tok/sec: 356,983 | bf16_mfu: 0.00 | epoch: 1 pq: 11 rg: 19 | total time: 23.06m | eta: 38.2m
step 00956/02520 (37.94%) | loss: 3.205871 | lrm: 0.96 | dt: 1456.73ms | tok/sec: 359,908 | bf16_mfu: 0.00 | epoch: 1 pq: 11 rg: 19 | total time: 23.09m | eta: 38.2m
step 00957/02520 (37.98%) | loss: 3.210984 | lrm: 0.96 | dt: 1456.82ms | tok/sec: 359,884 | bf16_mfu: 0.00 | epoch: 1 pq: 11 rg: 20 | total time: 23.11m | eta: 38.1m
step 00958/02520 (38.02%) | loss: 3.200635 | lrm: 0.96 | dt: 1470.04ms | tok/sec: 356,647 | bf16_mfu: 0.00 | epoch: 1 pq: 11 rg: 21 | total time: 23.14m | eta: 38.1m
step 00959/02520 (38.06%) | loss: 3.205774 | lrm: 0.96 | dt: 1459.31ms | tok/sec: 359,271 | bf16_mfu: 0.00 | epoch: 1 pq: 11 rg: 22 | total time: 23.16m | eta: 38.1m
step 00960/02520 (38.10%) | loss: 3.195938 | lrm: 0.95 | dt: 1455.93ms | tok/sec: 360,104 | bf16_mfu: 0.00 | epoch: 1 pq: 11 rg: 23 | total time: 23.19m | eta: 38.1m
step 00961/02520 (38.13%) | loss: 3.200513 | lrm: 0.95 | dt: 1456.74ms | tok/sec: 359,904 | bf16_mfu: 0.00 | epoch: 1 pq: 11 rg: 24 | total time: 23.21m | eta: 38.0m
step 00962/02520 (38.17%) | loss: 3.195832 | lrm: 0.95 | dt: 1454.59ms | tok/sec: 360,436 | bf16_mfu: 0.00 | epoch: 1 pq: 11 rg: 25 | total time: 23.23m | eta: 38.0m
step 00963/02520 (38.21%) | loss: 3.181758 | lrm: 0.95 | dt: 1454.27ms | tok/sec: 360,515 | bf16_mfu: 0.00 | epoch: 1 pq: 11 rg: 26 | total time: 23.26m | eta: 38.0m
step 00964/02520 (38.25%) | loss: 3.192153 | lrm: 0.95 | dt: 1480.15ms | tok/sec: 354,213 | bf16_mfu: 0.00 | epoch: 1 pq: 11 rg: 27 | total time: 23.28m | eta: 38.0m
step 00965/02520 (38.29%) | loss: 3.186660 | lrm: 0.95 | dt: 1493.10ms | tok/sec: 351,141 | bf16_mfu: 0.00 | epoch: 1 pq: 11 rg: 28 | total time: 23.31m | eta: 38.0m
step 00966/02520 (38.33%) | loss: 3.187604 | lrm: 0.95 | dt: 1455.15ms | tok/sec: 360,298 | bf16_mfu: 0.00 | epoch: 1 pq: 11 rg: 29 | total time: 23.33m | eta: 37.9m
step 00967/02520 (38.37%) | loss: 3.188076 | lrm: 0.95 | dt: 1452.21ms | tok/sec: 361,026 | bf16_mfu: 0.00 | epoch: 1 pq: 11 rg: 30 | total time: 23.36m | eta: 37.9m
step 00968/02520 (38.41%) | loss: 3.172760 | lrm: 0.95 | dt: 1455.57ms | tok/sec: 360,194 | bf16_mfu: 0.00 | epoch: 1 pq: 11 rg: 31 | total time: 23.38m | eta: 37.9m
step 00969/02520 (38.45%) | loss: 3.173687 | lrm: 0.95 | dt: 1455.19ms | tok/sec: 360,287 | bf16_mfu: 0.00 | epoch: 1 pq: 11 rg: 32 | total time: 23.40m | eta: 37.9m
step 00970/02520 (38.49%) | loss: 3.164306 | lrm: 0.95 | dt: 1476.44ms | tok/sec: 355,102 | bf16_mfu: 0.00 | epoch: 1 pq: 11 rg: 33 | total time: 23.43m | eta: 37.8m
step 00971/02520 (38.53%) | loss: 3.176271 | lrm: 0.95 | dt: 1513.42ms | tok/sec: 346,425 | bf16_mfu: 0.00 | epoch: 1 pq: 11 rg: 34 | total time: 23.45m | eta: 37.8m
step 00972/02520 (38.57%) | loss: 3.180406 | lrm: 0.95 | dt: 1462.64ms | tok/sec: 358,453 | bf16_mfu: 0.00 | epoch: 1 pq: 11 rg: 35 | total time: 23.48m | eta: 37.8m
step 00973/02520 (38.61%) | loss: 3.177926 | lrm: 0.95 | dt: 1456.69ms | tok/sec: 359,917 | bf16_mfu: 0.00 | epoch: 1 pq: 11 rg: 36 | total time: 23.50m | eta: 37.8m
step 00974/02520 (38.65%) | loss: 3.177420 | lrm: 0.95 | dt: 1456.04ms | tok/sec: 360,077 | bf16_mfu: 0.00 | epoch: 1 pq: 11 rg: 37 | total time: 23.53m | eta: 37.7m
step 00975/02520 (38.69%) | loss: 3.185545 | lrm: 0.95 | dt: 1456.79ms | tok/sec: 359,891 | bf16_mfu: 0.00 | epoch: 1 pq: 11 rg: 38 | total time: 23.55m | eta: 37.7m
step 00976/02520 (38.73%) | loss: 3.188916 | lrm: 0.95 | dt: 1459.58ms | tok/sec: 359,204 | bf16_mfu: 0.00 | epoch: 1 pq: 11 rg: 39 | total time: 23.58m | eta: 37.7m
step 00977/02520 (38.77%) | loss: 3.179145 | lrm: 0.94 | dt: 1465.30ms | tok/sec: 357,802 | bf16_mfu: 0.00 | epoch: 1 pq: 11 rg: 40 | total time: 23.60m | eta: 37.7m
step 00978/02520 (38.81%) | loss: 3.188437 | lrm: 0.94 | dt: 1471.96ms | tok/sec: 356,182 | bf16_mfu: 0.00 | epoch: 1 pq: 11 rg: 41 | total time: 23.62m | eta: 37.6m
step 00979/02520 (38.85%) | loss: 3.180273 | lrm: 0.94 | dt: 1500.03ms | tok/sec: 349,519 | bf16_mfu: 0.00 | epoch: 1 pq: 11 rg: 42 | total time: 23.65m | eta: 37.6m
step 00980/02520 (38.89%) | loss: 3.183285 | lrm: 0.94 | dt: 1453.68ms | tok/sec: 360,662 | bf16_mfu: 0.00 | epoch: 1 pq: 11 rg: 43 | total time: 23.67m | eta: 37.6m
step 00981/02520 (38.93%) | loss: 3.178799 | lrm: 0.94 | dt: 1463.05ms | tok/sec: 358,353 | bf16_mfu: 0.00 | epoch: 1 pq: 11 rg: 44 | total time: 23.70m | eta: 37.6m
step 00982/02520 (38.97%) | loss: 3.182352 | lrm: 0.94 | dt: 1452.48ms | tok/sec: 360,961 | bf16_mfu: 0.00 | epoch: 1 pq: 11 rg: 45 | total time: 23.72m | eta: 37.5m
step 00983/02520 (39.01%) | loss: 3.179822 | lrm: 0.94 | dt: 1464.81ms | tok/sec: 357,921 | bf16_mfu: 0.00 | epoch: 1 pq: 11 rg: 46 | total time: 23.75m | eta: 37.5m
step 00984/02520 (39.05%) | loss: 3.171619 | lrm: 0.94 | dt: 1472.63ms | tok/sec: 356,022 | bf16_mfu: 0.00 | epoch: 1 pq: 11 rg: 47 | total time: 23.77m | eta: 37.5m
step 00985/02520 (39.09%) | loss: 3.164072 | lrm: 0.94 | dt: 1505.14ms | tok/sec: 348,331 | bf16_mfu: 0.00 | epoch: 1 pq: 11 rg: 48 | total time: 23.80m | eta: 37.5m
step 00986/02520 (39.13%) | loss: 3.159795 | lrm: 0.94 | dt: 1459.27ms | tok/sec: 359,280 | bf16_mfu: 0.00 | epoch: 1 pq: 11 rg: 49 | total time: 23.82m | eta: 37.4m
step 00987/02520 (39.17%) | loss: 3.142160 | lrm: 0.94 | dt: 1463.01ms | tok/sec: 358,363 | bf16_mfu: 0.00 | epoch: 1 pq: 11 rg: 50 | total time: 23.85m | eta: 37.4m
step 00988/02520 (39.21%) | loss: 3.151269 | lrm: 0.94 | dt: 1464.88ms | tok/sec: 357,905 | bf16_mfu: 0.00 | epoch: 1 pq: 11 rg: 51 | total time: 23.87m | eta: 37.4m
step 00989/02520 (39.25%) | loss: 3.139992 | lrm: 0.94 | dt: 1469.17ms | tok/sec: 356,860 | bf16_mfu: 0.00 | epoch: 1 pq: 11 rg: 52 | total time: 23.89m | eta: 37.4m
step 00990/02520 (39.29%) | loss: 3.154078 | lrm: 0.94 | dt: 1486.67ms | tok/sec: 352,659 | bf16_mfu: 0.00 | epoch: 1 pq: 11 rg: 53 | total time: 23.92m | eta: 37.3m
step 00991/02520 (39.33%) | loss: 3.163529 | lrm: 0.94 | dt: 1470.39ms | tok/sec: 356,564 | bf16_mfu: 0.00 | epoch: 1 pq: 11 rg: 54 | total time: 23.94m | eta: 37.3m
step 00992/02520 (39.37%) | loss: 3.158257 | lrm: 0.94 | dt: 1467.26ms | tok/sec: 357,325 | bf16_mfu: 0.00 | epoch: 1 pq: 11 rg: 55 | total time: 23.97m | eta: 37.3m
step 00993/02520 (39.40%) | loss: 3.165759 | lrm: 0.94 | dt: 1470.45ms | tok/sec: 356,550 | bf16_mfu: 0.00 | epoch: 1 pq: 11 rg: 55 | total time: 23.99m | eta: 37.3m
step 00994/02520 (39.44%) | loss: 3.186143 | lrm: 0.94 | dt: 1469.57ms | tok/sec: 356,763 | bf16_mfu: 0.00 | epoch: 1 pq: 11 rg: 56 | total time: 24.02m | eta: 37.2m
step 00995/02520 (39.48%) | loss: 3.183409 | lrm: 0.93 | dt: 1487.94ms | tok/sec: 352,359 | bf16_mfu: 0.00 | epoch: 1 pq: 11 rg: 57 | total time: 24.04m | eta: 37.2m
step 00996/02520 (39.52%) | loss: 3.174822 | lrm: 0.93 | dt: 1514.52ms | tok/sec: 346,173 | bf16_mfu: 0.00 | epoch: 1 pq: 11 rg: 58 | total time: 24.07m | eta: 37.2m
step 00997/02520 (39.56%) | loss: 3.168904 | lrm: 0.93 | dt: 1506.70ms | tok/sec: 347,970 | bf16_mfu: 0.00 | epoch: 1 pq: 11 rg: 59 | total time: 24.09m | eta: 37.2m
step 00998/02520 (39.60%) | loss: 3.157075 | lrm: 0.93 | dt: 1510.63ms | tok/sec: 347,065 | bf16_mfu: 0.00 | epoch: 1 pq: 11 rg: 60 | total time: 24.12m | eta: 37.2m
step 00999/02520 (39.64%) | loss: 3.148976 | lrm: 0.93 | dt: 1517.79ms | tok/sec: 345,428 | bf16_mfu: 0.00 | epoch: 1 pq: 11 rg: 61 | total time: 24.14m | eta: 37.1m
Step 01000 | Validation bpb: 0.965003
step 01000/02520 (39.68%) | loss: 3.145490 | lrm: 0.93 | dt: 1472.69ms | tok/sec: 356,007 | bf16_mfu: 0.00 | epoch: 1 pq: 11 rg: 62 | total time: 24.17m | eta: 37.1m
step 01001/02520 (39.72%) | loss: 3.140357 | lrm: 0.93 | dt: 1493.70ms | tok/sec: 350,999 | bf16_mfu: 0.00 | epoch: 1 pq: 11 rg: 63 | total time: 24.19m | eta: 37.1m
step 01002/02520 (39.76%) | loss: 3.141443 | lrm: 0.93 | dt: 1458.80ms | tok/sec: 359,395 | bf16_mfu: 0.00 | epoch: 1 pq: 11 rg: 64 | total time: 24.22m | eta: 37.1m
step 01003/02520 (39.80%) | loss: 3.148862 | lrm: 0.93 | dt: 1443.37ms | tok/sec: 363,239 | bf16_mfu: 0.00 | epoch: 1 pq: 11 rg: 65 | total time: 24.24m | eta: 37.0m
step 01004/02520 (39.84%) | loss: 3.141652 | lrm: 0.93 | dt: 1443.39ms | tok/sec: 363,234 | bf16_mfu: 0.00 | epoch: 1 pq: 11 rg: 66 | total time: 24.26m | eta: 37.0m
step 01005/02520 (39.88%) | loss: 3.139602 | lrm: 0.93 | dt: 1443.89ms | tok/sec: 363,106 | bf16_mfu: 0.00 | epoch: 1 pq: 11 rg: 67 | total time: 24.29m | eta: 37.0m
step 01006/02520 (39.92%) | loss: 3.137903 | lrm: 0.93 | dt: 1445.12ms | tok/sec: 362,799 | bf16_mfu: 0.00 | epoch: 1 pq: 11 rg: 68 | total time: 24.31m | eta: 37.0m
step 01007/02520 (39.96%) | loss: 3.129113 | lrm: 0.93 | dt: 1443.95ms | tok/sec: 363,092 | bf16_mfu: 0.00 | epoch: 1 pq: 11 rg: 69 | total time: 24.34m | eta: 36.9m
2026-09-27 15:47:07,022 - nanochat.checkpoint_manager - [32m[1mINFO[0m - Saved model parameters to: /home/neo/.cache/nanochat/base_checkpoints/looped_B8_lr1_lr1_h1.0_s0/model_001008.pt
2026-09-27 15:47:07,487 - nanochat.checkpoint_manager - [32m[1mINFO[0m - Saved optimizer state to: /home/neo/.cache/nanochat/base_checkpoints/looped_B8_lr1_lr1_h1.0_s0/optim_001008_rank0.pt
2026-09-27 15:47:07,488 - nanochat.checkpoint_manager - [32m[1mINFO[0m - Saved metadata to: /home/neo/.cache/nanochat/base_checkpoints/looped_B8_lr1_lr1_h1.0_s0/meta_001008.json
step 01008/02520 (40.00%) | loss: 3.136617 | lrm: 0.93 | dt: 1450.17ms | tok/sec: 361,535 | bf16_mfu: 0.00 | epoch: 1 pq: 11 rg: 70 | total time: 24.36m | eta: 36.9m
step 01009/02520 (40.04%) | loss: 3.145275 | lrm: 0.93 | dt: 1466.71ms | tok/sec: 357,458 | bf16_mfu: 0.00 | epoch: 1 pq: 11 rg: 71 | total time: 24.39m | eta: 36.9m
step 01010/02520 (40.08%) | loss: 3.143663 | lrm: 0.93 | dt: 1466.36ms | tok/sec: 357,544 | bf16_mfu: 0.00 | epoch: 1 pq: 11 rg: 72 | total time: 24.41m | eta: 36.9m
step 01011/02520 (40.12%) | loss: 3.141090 | lrm: 0.93 | dt: 1470.96ms | tok/sec: 356,425 | bf16_mfu: 0.00 | epoch: 1 pq: 11 rg: 73 | total time: 24.43m | eta: 36.8m
step 01012/02520 (40.16%) | loss: 3.149647 | lrm: 0.92 | dt: 1459.37ms | tok/sec: 359,256 | bf16_mfu: 0.00 | epoch: 1 pq: 11 rg: 74 | total time: 24.46m | eta: 36.8m
step 01013/02520 (40.20%) | loss: 3.145732 | lrm: 0.92 | dt: 1444.50ms | tok/sec: 362,955 | bf16_mfu: 0.00 | epoch: 1 pq: 11 rg: 75 | total time: 24.48m | eta: 36.8m
step 01014/02520 (40.24%) | loss: 3.139975 | lrm: 0.92 | dt: 1445.63ms | tok/sec: 362,670 | bf16_mfu: 0.00 | epoch: 1 pq: 11 rg: 76 | total time: 24.51m | eta: 36.8m
step 01015/02520 (40.28%) | loss: 3.137551 | lrm: 0.92 | dt: 1443.00ms | tok/sec: 363,333 | bf16_mfu: 0.00 | epoch: 1 pq: 11 rg: 77 | total time: 24.53m | eta: 36.7m
step 01016/02520 (40.32%) | loss: 3.146092 | lrm: 0.92 | dt: 1443.56ms | tok/sec: 363,190 | bf16_mfu: 0.00 | epoch: 1 pq: 11 rg: 78 | total time: 24.56m | eta: 36.7m
step 01017/02520 (40.36%) | loss: 3.144329 | lrm: 0.92 | dt: 1445.93ms | tok/sec: 362,594 | bf16_mfu: 0.00 | epoch: 1 pq: 11 rg: 79 | total time: 24.58m | eta: 36.7m
step 01018/02520 (40.40%) | loss: 3.127895 | lrm: 0.92 | dt: 1446.51ms | tok/sec: 362,449 | bf16_mfu: 0.00 | epoch: 1 pq: 11 rg: 80 | total time: 24.60m | eta: 36.7m
step 01019/02520 (40.44%) | loss: 3.130034 | lrm: 0.92 | dt: 1444.04ms | tok/sec: 363,070 | bf16_mfu: 0.00 | epoch: 1 pq: 11 rg: 81 | total time: 24.63m | eta: 36.6m
step 01020/02520 (40.48%) | loss: 3.142048 | lrm: 0.92 | dt: 1444.44ms | tok/sec: 362,969 | bf16_mfu: 0.00 | epoch: 1 pq: 12 rg: 0 | total time: 24.65m | eta: 36.6m
step 01021/02520 (40.52%) | loss: 3.141101 | lrm: 0.92 | dt: 1446.83ms | tok/sec: 362,369 | bf16_mfu: 0.00 | epoch: 1 pq: 12 rg: 1 | total time: 24.68m | eta: 36.6m
step 01022/02520 (40.56%) | loss: 3.142771 | lrm: 0.92 | dt: 1446.30ms | tok/sec: 362,502 | bf16_mfu: 0.00 | epoch: 1 pq: 12 rg: 2 | total time: 24.70m | eta: 36.6m
step 01023/02520 (40.60%) | loss: 3.140049 | lrm: 0.92 | dt: 1443.90ms | tok/sec: 363,104 | bf16_mfu: 0.00 | epoch: 1 pq: 12 rg: 3 | total time: 24.72m | eta: 36.5m
step 01024/02520 (40.63%) | loss: 3.143204 | lrm: 0.92 | dt: 1447.75ms | tok/sec: 362,138 | bf16_mfu: 0.00 | epoch: 1 pq: 12 rg: 4 | total time: 24.75m | eta: 36.5m
step 01025/02520 (40.67%) | loss: 3.149761 | lrm: 0.92 | dt: 1447.34ms | tok/sec: 362,242 | bf16_mfu: 0.00 | epoch: 1 pq: 12 rg: 5 | total time: 24.77m | eta: 36.5m
step 01026/02520 (40.71%) | loss: 3.145569 | lrm: 0.92 | dt: 1444.84ms | tok/sec: 362,868 | bf16_mfu: 0.00 | epoch: 1 pq: 12 rg: 6 | total time: 24.80m | eta: 36.5m
step 01027/02520 (40.75%) | loss: 3.137086 | lrm: 0.92 | dt: 1445.75ms | tok/sec: 362,641 | bf16_mfu: 0.00 | epoch: 1 pq: 12 rg: 7 | total time: 24.82m | eta: 36.4m
step 01028/02520 (40.79%) | loss: 3.137319 | lrm: 0.92 | dt: 1446.34ms | tok/sec: 362,493 | bf16_mfu: 0.00 | epoch: 1 pq: 12 rg: 7 | total time: 24.84m | eta: 36.4m
step 01029/02520 (40.83%) | loss: 3.134409 | lrm: 0.91 | dt: 1445.12ms | tok/sec: 362,799 | bf16_mfu: 0.00 | epoch: 1 pq: 12 rg: 8 | total time: 24.87m | eta: 36.4m
step 01030/02520 (40.87%) | loss: 3.122956 | lrm: 0.91 | dt: 1446.19ms | tok/sec: 362,530 | bf16_mfu: 0.00 | epoch: 1 pq: 12 rg: 9 | total time: 24.89m | eta: 36.4m
step 01031/02520 (40.91%) | loss: 3.131919 | lrm: 0.91 | dt: 1447.61ms | tok/sec: 362,174 | bf16_mfu: 0.00 | epoch: 1 pq: 12 rg: 10 | total time: 24.92m | eta: 36.3m
step 01032/02520 (40.95%) | loss: 3.141218 | lrm: 0.91 | dt: 1446.70ms | tok/sec: 362,402 | bf16_mfu: 0.00 | epoch: 1 pq: 12 rg: 11 | total time: 24.94m | eta: 36.3m
step 01033/02520 (40.99%) | loss: 3.137217 | lrm: 0.91 | dt: 1447.07ms | tok/sec: 362,309 | bf16_mfu: 0.00 | epoch: 1 pq: 12 rg: 12 | total time: 24.96m | eta: 36.3m
step 01034/02520 (41.03%) | loss: 3.139011 | lrm: 0.91 | dt: 1448.04ms | tok/sec: 362,066 | bf16_mfu: 0.00 | epoch: 1 pq: 12 rg: 13 | total time: 24.99m | eta: 36.3m
step 01035/02520 (41.07%) | loss: 3.134354 | lrm: 0.91 | dt: 1446.63ms | tok/sec: 362,420 | bf16_mfu: 0.00 | epoch: 1 pq: 12 rg: 14 | total time: 25.01m | eta: 36.2m
step 01036/02520 (41.11%) | loss: 3.139847 | lrm: 0.91 | dt: 1448.70ms | tok/sec: 361,903 | bf16_mfu: 0.00 | epoch: 1 pq: 12 rg: 15 | total time: 25.04m | eta: 36.2m
step 01037/02520 (41.15%) | loss: 3.145480 | lrm: 0.91 | dt: 1448.30ms | tok/sec: 362,001 | bf16_mfu: 0.00 | epoch: 1 pq: 12 rg: 16 | total time: 25.06m | eta: 36.2m
step 01038/02520 (41.19%) | loss: 3.140875 | lrm: 0.91 | dt: 1447.46ms | tok/sec: 362,213 | bf16_mfu: 0.00 | epoch: 1 pq: 12 rg: 17 | total time: 25.09m | eta: 36.2m
step 01039/02520 (41.23%) | loss: 3.138861 | lrm: 0.91 | dt: 1448.97ms | tok/sec: 361,833 | bf16_mfu: 0.00 | epoch: 1 pq: 12 rg: 18 | total time: 25.11m | eta: 36.1m
step 01040/02520 (41.27%) | loss: 3.130607 | lrm: 0.91 | dt: 1446.96ms | tok/sec: 362,338 | bf16_mfu: 0.00 | epoch: 1 pq: 12 rg: 19 | total time: 25.13m | eta: 36.1m
step 01041/02520 (41.31%) | loss: 3.134863 | lrm: 0.91 | dt: 1449.74ms | tok/sec: 361,642 | bf16_mfu: 0.00 | epoch: 1 pq: 12 rg: 20 | total time: 25.16m | eta: 36.1m
step 01042/02520 (41.35%) | loss: 3.134140 | lrm: 0.91 | dt: 1448.20ms | tok/sec: 362,027 | bf16_mfu: 0.00 | epoch: 1 pq: 12 rg: 21 | total time: 25.18m | eta: 36.1m
step 01043/02520 (41.39%) | loss: 3.128393 | lrm: 0.91 | dt: 1450.61ms | tok/sec: 361,426 | bf16_mfu: 0.00 | epoch: 1 pq: 12 rg: 22 | total time: 25.21m | eta: 36.0m
step 01044/02520 (41.43%) | loss: 3.142790 | lrm: 0.91 | dt: 1449.46ms | tok/sec: 361,711 | bf16_mfu: 0.00 | epoch: 1 pq: 12 rg: 23 | total time: 25.23m | eta: 36.0m
step 01045/02520 (41.47%) | loss: 3.142518 | lrm: 0.91 | dt: 1450.41ms | tok/sec: 361,474 | bf16_mfu: 0.00 | epoch: 1 pq: 12 rg: 24 | total time: 25.25m | eta: 36.0m
step 01046/02520 (41.51%) | loss: 3.148280 | lrm: 0.90 | dt: 1449.82ms | tok/sec: 361,622 | bf16_mfu: 0.00 | epoch: 1 pq: 12 rg: 25 | total time: 25.28m | eta: 36.0m
step 01047/02520 (41.55%) | loss: 3.143115 | lrm: 0.90 | dt: 1451.53ms | tok/sec: 361,197 | bf16_mfu: 0.00 | epoch: 1 pq: 12 rg: 26 | total time: 25.30m | eta: 35.9m
step 01048/02520 (41.59%) | loss: 3.149723 | lrm: 0.90 | dt: 1448.88ms | tok/sec: 361,857 | bf16_mfu: 0.00 | epoch: 1 pq: 12 rg: 27 | total time: 25.33m | eta: 35.9m
step 01049/02520 (41.63%) | loss: 3.150214 | lrm: 0.90 | dt: 1450.39ms | tok/sec: 361,480 | bf16_mfu: 0.00 | epoch: 1 pq: 12 rg: 28 | total time: 25.35m | eta: 35.9m
step 01050/02520 (41.67%) | loss: 3.154574 | lrm: 0.90 | dt: 1448.67ms | tok/sec: 361,910 | bf16_mfu: 0.00 | epoch: 1 pq: 12 rg: 29 | total time: 25.38m | eta: 35.9m
step 01051/02520 (41.71%) | loss: 3.143622 | lrm: 0.90 | dt: 1450.95ms | tok/sec: 361,341 | bf16_mfu: 0.00 | epoch: 1 pq: 12 rg: 30 | total time: 25.40m | eta: 35.8m
step 01052/02520 (41.75%) | loss: 3.144999 | lrm: 0.90 | dt: 1448.65ms | tok/sec: 361,916 | bf16_mfu: 0.00 | epoch: 1 pq: 12 rg: 31 | total time: 25.42m | eta: 35.8m
step 01053/02520 (41.79%) | loss: 3.140596 | lrm: 0.90 | dt: 1450.74ms | tok/sec: 361,394 | bf16_mfu: 0.00 | epoch: 1 pq: 12 rg: 32 | total time: 25.45m | eta: 35.8m
step 01054/02520 (41.83%) | loss: 3.146611 | lrm: 0.90 | dt: 1448.70ms | tok/sec: 361,902 | bf16_mfu: 0.00 | epoch: 1 pq: 12 rg: 33 | total time: 25.47m | eta: 35.8m
step 01055/02520 (41.87%) | loss: 3.156980 | lrm: 0.90 | dt: 1450.78ms | tok/sec: 361,384 | bf16_mfu: 0.00 | epoch: 1 pq: 12 rg: 34 | total time: 25.50m | eta: 35.7m
step 01056/02520 (41.90%) | loss: 3.154016 | lrm: 0.90 | dt: 1449.93ms | tok/sec: 361,594 | bf16_mfu: 0.00 | epoch: 1 pq: 12 rg: 35 | total time: 25.52m | eta: 35.7m
step 01057/02520 (41.94%) | loss: 3.153085 | lrm: 0.90 | dt: 1451.40ms | tok/sec: 361,229 | bf16_mfu: 0.00 | epoch: 1 pq: 12 rg: 35 | total time: 25.54m | eta: 35.7m
step 01058/02520 (41.98%) | loss: 3.158701 | lrm: 0.90 | dt: 1449.10ms | tok/sec: 361,803 | bf16_mfu: 0.00 | epoch: 1 pq: 12 rg: 36 | total time: 25.57m | eta: 35.7m
step 01059/02520 (42.02%) | loss: 3.152752 | lrm: 0.90 | dt: 1451.09ms | tok/sec: 361,306 | bf16_mfu: 0.00 | epoch: 1 pq: 12 rg: 37 | total time: 25.59m | eta: 35.6m
step 01060/02520 (42.06%) | loss: 3.148585 | lrm: 0.90 | dt: 1449.81ms | tok/sec: 361,626 | bf16_mfu: 0.00 | epoch: 1 pq: 12 rg: 38 | total time: 25.62m | eta: 35.6m
step 01061/02520 (42.10%) | loss: 3.134700 | lrm: 0.90 | dt: 1451.14ms | tok/sec: 361,294 | bf16_mfu: 0.00 | epoch: 1 pq: 12 rg: 39 | total time: 25.64m | eta: 35.6m
step 01062/02520 (42.14%) | loss: 3.142342 | lrm: 0.90 | dt: 1449.54ms | tok/sec: 361,693 | bf16_mfu: 0.00 | epoch: 1 pq: 12 rg: 40 | total time: 25.67m | eta: 35.6m
step 01063/02520 (42.18%) | loss: 3.147712 | lrm: 0.90 | dt: 1452.39ms | tok/sec: 360,981 | bf16_mfu: 0.00 | epoch: 1 pq: 12 rg: 41 | total time: 25.69m | eta: 35.5m
step 01064/02520 (42.22%) | loss: 3.143287 | lrm: 0.89 | dt: 1449.34ms | tok/sec: 361,742 | bf16_mfu: 0.00 | epoch: 1 pq: 12 rg: 42 | total time: 25.71m | eta: 35.5m
step 01065/02520 (42.26%) | loss: 3.148592 | lrm: 0.89 | dt: 1450.88ms | tok/sec: 361,359 | bf16_mfu: 0.00 | epoch: 1 pq: 12 rg: 43 | total time: 25.74m | eta: 35.5m
step 01066/02520 (42.30%) | loss: 3.138538 | lrm: 0.89 | dt: 1447.74ms | tok/sec: 362,142 | bf16_mfu: 0.00 | epoch: 1 pq: 12 rg: 44 | total time: 25.76m | eta: 35.5m
step 01067/02520 (42.34%) | loss: 3.130820 | lrm: 0.89 | dt: 1451.60ms | tok/sec: 361,179 | bf16_mfu: 0.00 | epoch: 1 pq: 12 rg: 45 | total time: 25.79m | eta: 35.4m
step 01068/02520 (42.38%) | loss: 3.129803 | lrm: 0.89 | dt: 1448.75ms | tok/sec: 361,889 | bf16_mfu: 0.00 | epoch: 1 pq: 12 rg: 46 | total time: 25.81m | eta: 35.4m
step 01069/02520 (42.42%) | loss: 3.136099 | lrm: 0.89 | dt: 1451.57ms | tok/sec: 361,187 | bf16_mfu: 0.00 | epoch: 1 pq: 12 rg: 47 | total time: 25.83m | eta: 35.4m
step 01070/02520 (42.46%) | loss: 3.137741 | lrm: 0.89 | dt: 1452.70ms | tok/sec: 360,906 | bf16_mfu: 0.00 | epoch: 1 pq: 12 rg: 48 | total time: 25.86m | eta: 35.4m
step 01071/02520 (42.50%) | loss: 3.139259 | lrm: 0.89 | dt: 1451.94ms | tok/sec: 361,094 | bf16_mfu: 0.00 | epoch: 1 pq: 12 rg: 49 | total time: 25.88m | eta: 35.3m
step 01072/02520 (42.54%) | loss: 3.135605 | lrm: 0.89 | dt: 1453.75ms | tok/sec: 360,645 | bf16_mfu: 0.00 | epoch: 1 pq: 12 rg: 50 | total time: 25.91m | eta: 35.3m
step 01073/02520 (42.58%) | loss: 3.127076 | lrm: 0.89 | dt: 1450.20ms | tok/sec: 361,527 | bf16_mfu: 0.00 | epoch: 1 pq: 12 rg: 51 | total time: 25.93m | eta: 35.3m
step 01074/02520 (42.62%) | loss: 3.129688 | lrm: 0.89 | dt: 1452.29ms | tok/sec: 361,007 | bf16_mfu: 0.00 | epoch: 1 pq: 12 rg: 52 | total time: 25.96m | eta: 35.3m
step 01075/02520 (42.66%) | loss: 3.140383 | lrm: 0.89 | dt: 1452.57ms | tok/sec: 360,938 | bf16_mfu: 0.00 | epoch: 1 pq: 12 rg: 53 | total time: 25.98m | eta: 35.2m
step 01076/02520 (42.70%) | loss: 3.137156 | lrm: 0.89 | dt: 1451.60ms | tok/sec: 361,179 | bf16_mfu: 0.00 | epoch: 1 pq: 12 rg: 54 | total time: 26.00m | eta: 35.2m
step 01077/02520 (42.74%) | loss: 3.145959 | lrm: 0.89 | dt: 1453.90ms | tok/sec: 360,607 | bf16_mfu: 0.00 | epoch: 1 pq: 12 rg: 55 | total time: 26.03m | eta: 35.2m
step 01078/02520 (42.78%) | loss: 3.149783 | lrm: 0.89 | dt: 1450.32ms | tok/sec: 361,498 | bf16_mfu: 0.00 | epoch: 1 pq: 12 rg: 56 | total time: 26.05m | eta: 35.2m
step 01079/02520 (42.82%) | loss: 3.142525 | lrm: 0.89 | dt: 1452.70ms | tok/sec: 360,906 | bf16_mfu: 0.00 | epoch: 1 pq: 12 rg: 57 | total time: 26.08m | eta: 35.2m
step 01080/02520 (42.86%) | loss: 3.148942 | lrm: 0.89 | dt: 1453.57ms | tok/sec: 360,690 | bf16_mfu: 0.00 | epoch: 1 pq: 12 rg: 58 | total time: 26.10m | eta: 35.1m
step 01081/02520 (42.90%) | loss: 3.141882 | lrm: 0.88 | dt: 1450.57ms | tok/sec: 361,435 | bf16_mfu: 0.00 | epoch: 1 pq: 12 rg: 59 | total time: 26.12m | eta: 35.1m
step 01082/02520 (42.94%) | loss: 3.143618 | lrm: 0.88 | dt: 1453.58ms | tok/sec: 360,687 | bf16_mfu: 0.00 | epoch: 1 pq: 12 rg: 60 | total time: 26.15m | eta: 35.1m
step 01083/02520 (42.98%) | loss: 3.145049 | lrm: 0.88 | dt: 1452.46ms | tok/sec: 360,965 | bf16_mfu: 0.00 | epoch: 1 pq: 12 rg: 61 | total time: 26.17m | eta: 35.1m
step 01084/02520 (43.02%) | loss: 3.140402 | lrm: 0.88 | dt: 1452.08ms | tok/sec: 361,061 | bf16_mfu: 0.00 | epoch: 1 pq: 12 rg: 62 | total time: 26.20m | eta: 35.0m
step 01085/02520 (43.06%) | loss: 3.141344 | lrm: 0.88 | dt: 1454.26ms | tok/sec: 360,518 | bf16_mfu: 0.00 | epoch: 1 pq: 12 rg: 63 | total time: 26.22m | eta: 35.0m
step 01086/02520 (43.10%) | loss: 3.134888 | lrm: 0.88 | dt: 1452.30ms | tok/sec: 361,005 | bf16_mfu: 0.00 | epoch: 1 pq: 12 rg: 64 | total time: 26.25m | eta: 35.0m
step 01087/02520 (43.13%) | loss: 3.143237 | lrm: 0.88 | dt: 1452.02ms | tok/sec: 361,074 | bf16_mfu: 0.00 | epoch: 1 pq: 12 rg: 65 | total time: 26.27m | eta: 35.0m
step 01088/02520 (43.17%) | loss: 3.141977 | lrm: 0.88 | dt: 1452.81ms | tok/sec: 360,879 | bf16_mfu: 0.00 | epoch: 1 pq: 12 rg: 66 | total time: 26.29m | eta: 34.9m
step 01089/02520 (43.21%) | loss: 3.148720 | lrm: 0.88 | dt: 1450.87ms | tok/sec: 361,361 | bf16_mfu: 0.00 | epoch: 1 pq: 12 rg: 67 | total time: 26.32m | eta: 34.9m
step 01090/02520 (43.25%) | loss: 3.148567 | lrm: 0.88 | dt: 1453.77ms | tok/sec: 360,640 | bf16_mfu: 0.00 | epoch: 1 pq: 12 rg: 68 | total time: 26.34m | eta: 34.9m
step 01091/02520 (43.29%) | loss: 3.157762 | lrm: 0.88 | dt: 1454.41ms | tok/sec: 360,480 | bf16_mfu: 0.00 | epoch: 1 pq: 12 rg: 68 | total time: 26.37m | eta: 34.9m
step 01092/02520 (43.33%) | loss: 3.159711 | lrm: 0.88 | dt: 1451.87ms | tok/sec: 361,111 | bf16_mfu: 0.00 | epoch: 1 pq: 12 rg: 70 | total time: 26.39m | eta: 34.8m
step 01093/02520 (43.37%) | loss: 3.162370 | lrm: 0.88 | dt: 1453.42ms | tok/sec: 360,726 | bf16_mfu: 0.00 | epoch: 1 pq: 12 rg: 70 | total time: 26.42m | eta: 34.8m
step 01094/02520 (43.41%) | loss: 3.176126 | lrm: 0.88 | dt: 1453.13ms | tok/sec: 360,798 | bf16_mfu: 0.00 | epoch: 1 pq: 12 rg: 72 | total time: 26.44m | eta: 34.8m
step 01095/02520 (43.45%) | loss: 3.177544 | lrm: 0.88 | dt: 1450.49ms | tok/sec: 361,455 | bf16_mfu: 0.00 | epoch: 1 pq: 12 rg: 72 | total time: 26.46m | eta: 34.8m
step 01096/02520 (43.49%) | loss: 3.173539 | lrm: 0.88 | dt: 1453.24ms | tok/sec: 360,771 | bf16_mfu: 0.00 | epoch: 1 pq: 12 rg: 74 | total time: 26.49m | eta: 34.7m
step 01097/02520 (43.53%) | loss: 3.170258 | lrm: 0.88 | dt: 1450.84ms | tok/sec: 361,367 | bf16_mfu: 0.00 | epoch: 1 pq: 12 rg: 74 | total time: 26.51m | eta: 34.7m
step 01098/02520 (43.57%) | loss: 3.181133 | lrm: 0.87 | dt: 1453.70ms | tok/sec: 360,658 | bf16_mfu: 0.00 | epoch: 1 pq: 12 rg: 75 | total time: 26.54m | eta: 34.7m
step 01099/02520 (43.61%) | loss: 3.183642 | lrm: 0.87 | dt: 1454.12ms | tok/sec: 360,552 | bf16_mfu: 0.00 | epoch: 1 pq: 12 rg: 76 | total time: 26.56m | eta: 34.7m
step 01100/02520 (43.65%) | loss: 3.168978 | lrm: 0.87 | dt: 1455.44ms | tok/sec: 360,225 | bf16_mfu: 0.00 | epoch: 1 pq: 12 rg: 77 | total time: 26.59m | eta: 34.6m
step 01101/02520 (43.69%) | loss: 3.164316 | lrm: 0.87 | dt: 1454.32ms | tok/sec: 360,503 | bf16_mfu: 0.00 | epoch: 1 pq: 12 rg: 78 | total time: 26.61m | eta: 34.6m
step 01102/02520 (43.73%) | loss: 3.164254 | lrm: 0.87 | dt: 1453.10ms | tok/sec: 360,806 | bf16_mfu: 0.00 | epoch: 1 pq: 12 rg: 79 | total time: 26.63m | eta: 34.6m
step 01103/02520 (43.77%) | loss: 3.155521 | lrm: 0.87 | dt: 1454.42ms | tok/sec: 360,479 | bf16_mfu: 0.00 | epoch: 1 pq: 12 rg: 80 | total time: 26.66m | eta: 34.6m
step 01104/02520 (43.81%) | loss: 3.152798 | lrm: 0.87 | dt: 1451.48ms | tok/sec: 361,210 | bf16_mfu: 0.00 | epoch: 1 pq: 12 rg: 81 | total time: 26.68m | eta: 34.5m
step 01105/02520 (43.85%) | loss: 3.154132 | lrm: 0.87 | dt: 1454.14ms | tok/sec: 360,547 | bf16_mfu: 0.00 | epoch: 1 pq: 13 rg: 0 | total time: 26.71m | eta: 34.5m
step 01106/02520 (43.89%) | loss: 3.149507 | lrm: 0.87 | dt: 1454.59ms | tok/sec: 360,436 | bf16_mfu: 0.00 | epoch: 1 pq: 13 rg: 1 | total time: 26.73m | eta: 34.5m
step 01107/02520 (43.93%) | loss: 3.147440 | lrm: 0.87 | dt: 1451.88ms | tok/sec: 361,108 | bf16_mfu: 0.00 | epoch: 1 pq: 13 rg: 2 | total time: 26.75m | eta: 34.5m
step 01108/02520 (43.97%) | loss: 3.145451 | lrm: 0.87 | dt: 1453.75ms | tok/sec: 360,645 | bf16_mfu: 0.00 | epoch: 1 pq: 13 rg: 3 | total time: 26.78m | eta: 34.4m
step 01109/02520 (44.01%) | loss: 3.162355 | lrm: 0.87 | dt: 1454.30ms | tok/sec: 360,509 | bf16_mfu: 0.00 | epoch: 1 pq: 13 rg: 4 | total time: 26.80m | eta: 34.4m
step 01110/02520 (44.05%) | loss: 3.160213 | lrm: 0.87 | dt: 1451.82ms | tok/sec: 361,125 | bf16_mfu: 0.00 | epoch: 1 pq: 13 rg: 5 | total time: 26.83m | eta: 34.4m
step 01111/02520 (44.09%) | loss: 3.154172 | lrm: 0.87 | dt: 1453.60ms | tok/sec: 360,681 | bf16_mfu: 0.00 | epoch: 1 pq: 13 rg: 6 | total time: 26.85m | eta: 34.4m
step 01112/02520 (44.13%) | loss: 3.153340 | lrm: 0.87 | dt: 1453.77ms | tok/sec: 360,639 | bf16_mfu: 0.00 | epoch: 1 pq: 13 rg: 7 | total time: 26.88m | eta: 34.3m
step 01113/02520 (44.17%) | loss: 3.155282 | lrm: 0.87 | dt: 1452.71ms | tok/sec: 360,903 | bf16_mfu: 0.00 | epoch: 1 pq: 13 rg: 8 | total time: 26.90m | eta: 34.3m
step 01114/02520 (44.21%) | loss: 3.148698 | lrm: 0.87 | dt: 1454.46ms | tok/sec: 360,468 | bf16_mfu: 0.00 | epoch: 1 pq: 13 rg: 9 | total time: 26.92m | eta: 34.3m
step 01115/02520 (44.25%) | loss: 3.144249 | lrm: 0.86 | dt: 1455.49ms | tok/sec: 360,214 | bf16_mfu: 0.00 | epoch: 1 pq: 13 rg: 10 | total time: 26.95m | eta: 34.3m
step 01116/02520 (44.29%) | loss: 3.144352 | lrm: 0.86 | dt: 1452.85ms | tok/sec: 360,869 | bf16_mfu: 0.00 | epoch: 1 pq: 13 rg: 11 | total time: 26.97m | eta: 34.2m
step 01117/02520 (44.33%) | loss: 3.146622 | lrm: 0.86 | dt: 1453.45ms | tok/sec: 360,719 | bf16_mfu: 0.00 | epoch: 1 pq: 13 rg: 12 | total time: 27.00m | eta: 34.2m
step 01118/02520 (44.37%) | loss: 3.142345 | lrm: 0.86 | dt: 1454.75ms | tok/sec: 360,397 | bf16_mfu: 0.00 | epoch: 1 pq: 13 rg: 13 | total time: 27.02m | eta: 34.2m
step 01119/02520 (44.40%) | loss: 3.141550 | lrm: 0.86 | dt: 1453.88ms | tok/sec: 360,612 | bf16_mfu: 0.00 | epoch: 1 pq: 13 rg: 14 | total time: 27.05m | eta: 34.2m
step 01120/02520 (44.44%) | loss: 3.131692 | lrm: 0.86 | dt: 1451.78ms | tok/sec: 361,134 | bf16_mfu: 0.00 | epoch: 1 pq: 13 rg: 15 | total time: 27.07m | eta: 34.1m
step 01121/02520 (44.48%) | loss: 3.131455 | lrm: 0.86 | dt: 1454.41ms | tok/sec: 360,481 | bf16_mfu: 0.00 | epoch: 1 pq: 13 rg: 16 | total time: 27.09m | eta: 34.1m
step 01122/02520 (44.52%) | loss: 3.132016 | lrm: 0.86 | dt: 1453.47ms | tok/sec: 360,714 | bf16_mfu: 0.00 | epoch: 1 pq: 13 rg: 17 | total time: 27.12m | eta: 34.1m
step 01123/02520 (44.56%) | loss: 3.137258 | lrm: 0.86 | dt: 1451.11ms | tok/sec: 361,302 | bf16_mfu: 0.00 | epoch: 1 pq: 13 rg: 18 | total time: 27.14m | eta: 34.1m
step 01124/02520 (44.60%) | loss: 3.138445 | lrm: 0.86 | dt: 1454.12ms | tok/sec: 360,552 | bf16_mfu: 0.00 | epoch: 1 pq: 13 rg: 19 | total time: 27.17m | eta: 34.0m
step 01125/02520 (44.64%) | loss: 3.145713 | lrm: 0.86 | dt: 1450.94ms | tok/sec: 361,342 | bf16_mfu: 0.00 | epoch: 1 pq: 13 rg: 19 | total time: 27.19m | eta: 34.0m
step 01126/02520 (44.68%) | loss: 3.141323 | lrm: 0.86 | dt: 1453.25ms | tok/sec: 360,770 | bf16_mfu: 0.00 | epoch: 1 pq: 13 rg: 20 | total time: 27.21m | eta: 34.0m
step 01127/02520 (44.72%) | loss: 3.140284 | lrm: 0.86 | dt: 1453.79ms | tok/sec: 360,635 | bf16_mfu: 0.00 | epoch: 1 pq: 13 rg: 21 | total time: 27.24m | eta: 34.0m
step 01128/02520 (44.76%) | loss: 3.126045 | lrm: 0.86 | dt: 1451.67ms | tok/sec: 361,161 | bf16_mfu: 0.00 | epoch: 1 pq: 13 rg: 22 | total time: 27.26m | eta: 33.9m
step 01129/02520 (44.80%) | loss: 3.129495 | lrm: 0.86 | dt: 1453.75ms | tok/sec: 360,644 | bf16_mfu: 0.00 | epoch: 1 pq: 13 rg: 23 | total time: 27.29m | eta: 33.9m
step 01130/02520 (44.84%) | loss: 3.129952 | lrm: 0.86 | dt: 1453.70ms | tok/sec: 360,656 | bf16_mfu: 0.00 | epoch: 1 pq: 13 rg: 24 | total time: 27.31m | eta: 33.9m
step 01131/02520 (44.88%) | loss: 3.131658 | lrm: 0.86 | dt: 1451.13ms | tok/sec: 361,296 | bf16_mfu: 0.00 | epoch: 1 pq: 13 rg: 25 | total time: 27.34m | eta: 33.9m
step 01132/02520 (44.92%) | loss: 3.135007 | lrm: 0.86 | dt: 1454.16ms | tok/sec: 360,542 | bf16_mfu: 0.00 | epoch: 1 pq: 13 rg: 26 | total time: 27.36m | eta: 33.8m
step 01133/02520 (44.96%) | loss: 3.129691 | lrm: 0.85 | dt: 1455.20ms | tok/sec: 360,286 | bf16_mfu: 0.00 | epoch: 1 pq: 13 rg: 27 | total time: 27.38m | eta: 33.8m
2026-09-27 15:50:10,626 - nanochat.checkpoint_manager - [32m[1mINFO[0m - Saved model parameters to: /home/neo/.cache/nanochat/base_checkpoints/looped_B8_lr1_lr1_h1.0_s0/model_001134.pt
2026-09-27 15:50:11,084 - nanochat.checkpoint_manager - [32m[1mINFO[0m - Saved optimizer state to: /home/neo/.cache/nanochat/base_checkpoints/looped_B8_lr1_lr1_h1.0_s0/optim_001134_rank0.pt
2026-09-27 15:50:11,085 - nanochat.checkpoint_manager - [32m[1mINFO[0m - Saved metadata to: /home/neo/.cache/nanochat/base_checkpoints/looped_B8_lr1_lr1_h1.0_s0/meta_001134.json
step 01134/02520 (45.00%) | loss: 3.132301 | lrm: 0.85 | dt: 1438.41ms | tok/sec: 364,492 | bf16_mfu: 0.00 | epoch: 1 pq: 13 rg: 28 | total time: 27.41m | eta: 33.8m
step 01135/02520 (45.04%) | loss: 3.136779 | lrm: 0.85 | dt: 1450.52ms | tok/sec: 361,448 | bf16_mfu: 0.00 | epoch: 1 pq: 13 rg: 29 | total time: 27.43m | eta: 33.8m
step 01136/02520 (45.08%) | loss: 3.137973 | lrm: 0.85 | dt: 1452.85ms | tok/sec: 360,869 | bf16_mfu: 0.00 | epoch: 1 pq: 13 rg: 30 | total time: 27.46m | eta: 33.7m
step 01137/02520 (45.12%) | loss: 3.138553 | lrm: 0.85 | dt: 1450.59ms | tok/sec: 361,431 | bf16_mfu: 0.00 | epoch: 1 pq: 13 rg: 31 | total time: 27.48m | eta: 33.7m
step 01138/02520 (45.16%) | loss: 3.138971 | lrm: 0.85 | dt: 1452.33ms | tok/sec: 360,997 | bf16_mfu: 0.00 | epoch: 1 pq: 13 rg: 32 | total time: 27.51m | eta: 33.7m
step 01139/02520 (45.20%) | loss: 3.129903 | lrm: 0.85 | dt: 1449.86ms | tok/sec: 361,612 | bf16_mfu: 0.00 | epoch: 1 pq: 13 rg: 33 | total time: 27.53m | eta: 33.7m
step 01140/02520 (45.24%) | loss: 3.132262 | lrm: 0.85 | dt: 1452.10ms | tok/sec: 361,054 | bf16_mfu: 0.00 | epoch: 1 pq: 13 rg: 34 | total time: 27.55m | eta: 33.6m
step 01141/02520 (45.28%) | loss: 3.130621 | lrm: 0.85 | dt: 1451.39ms | tok/sec: 361,232 | bf16_mfu: 0.00 | epoch: 1 pq: 13 rg: 35 | total time: 27.58m | eta: 33.6m
step 01142/02520 (45.32%) | loss: 3.133686 | lrm: 0.85 | dt: 1450.65ms | tok/sec: 361,415 | bf16_mfu: 0.00 | epoch: 1 pq: 13 rg: 36 | total time: 27.60m | eta: 33.6m
step 01143/02520 (45.36%) | loss: 3.129017 | lrm: 0.85 | dt: 1453.52ms | tok/sec: 360,703 | bf16_mfu: 0.00 | epoch: 1 pq: 13 rg: 37 | total time: 27.63m | eta: 33.6m
step 01144/02520 (45.40%) | loss: 3.127255 | lrm: 0.85 | dt: 1456.96ms | tok/sec: 359,849 | bf16_mfu: 0.00 | epoch: 1 pq: 13 rg: 38 | total time: 27.65m | eta: 33.6m
step 01145/02520 (45.44%) | loss: 3.121847 | lrm: 0.85 | dt: 1451.59ms | tok/sec: 361,182 | bf16_mfu: 0.00 | epoch: 1 pq: 13 rg: 39 | total time: 27.67m | eta: 33.5m
step 01146/02520 (45.48%) | loss: 3.117215 | lrm: 0.85 | dt: 1454.06ms | tok/sec: 360,567 | bf16_mfu: 0.00 | epoch: 1 pq: 13 rg: 40 | total time: 27.70m | eta: 33.5m
step 01147/02520 (45.52%) | loss: 3.118738 | lrm: 0.85 | dt: 1453.88ms | tok/sec: 360,614 | bf16_mfu: 0.00 | epoch: 1 pq: 13 rg: 41 | total time: 27.72m | eta: 33.5m
step 01148/02520 (45.56%) | loss: 3.119276 | lrm: 0.85 | dt: 1452.12ms | tok/sec: 361,050 | bf16_mfu: 0.00 | epoch: 1 pq: 13 rg: 42 | total time: 27.75m | eta: 33.5m
step 01149/02520 (45.60%) | loss: 3.124382 | lrm: 0.85 | dt: 1453.45ms | tok/sec: 360,719 | bf16_mfu: 0.00 | epoch: 1 pq: 13 rg: 43 | total time: 27.77m | eta: 33.4m
step 01150/02520 (45.63%) | loss: 3.121919 | lrm: 0.84 | dt: 1452.99ms | tok/sec: 360,833 | bf16_mfu: 0.00 | epoch: 1 pq: 13 rg: 44 | total time: 27.80m | eta: 33.4m
step 01151/02520 (45.67%) | loss: 3.123409 | lrm: 0.84 | dt: 1452.62ms | tok/sec: 360,925 | bf16_mfu: 0.00 | epoch: 1 pq: 13 rg: 45 | total time: 27.82m | eta: 33.4m
step 01152/02520 (45.71%) | loss: 3.117993 | lrm: 0.84 | dt: 1454.03ms | tok/sec: 360,575 | bf16_mfu: 0.00 | epoch: 1 pq: 13 rg: 46 | total time: 27.84m | eta: 33.4m
step 01153/02520 (45.75%) | loss: 3.112739 | lrm: 0.84 | dt: 1453.18ms | tok/sec: 360,785 | bf16_mfu: 0.00 | epoch: 1 pq: 13 rg: 47 | total time: 27.87m | eta: 33.3m
step 01154/02520 (45.79%) | loss: 3.104817 | lrm: 0.84 | dt: 1452.69ms | tok/sec: 360,907 | bf16_mfu: 0.00 | epoch: 1 pq: 13 rg: 48 | total time: 27.89m | eta: 33.3m
step 01155/02520 (45.83%) | loss: 3.097155 | lrm: 0.84 | dt: 1454.28ms | tok/sec: 360,513 | bf16_mfu: 0.00 | epoch: 1 pq: 13 rg: 49 | total time: 27.92m | eta: 33.3m
step 01156/02520 (45.87%) | loss: 3.100388 | lrm: 0.84 | dt: 1453.38ms | tok/sec: 360,737 | bf16_mfu: 0.00 | epoch: 1 pq: 13 rg: 50 | total time: 27.94m | eta: 33.3m
step 01157/02520 (45.91%) | loss: 3.106067 | lrm: 0.84 | dt: 1451.72ms | tok/sec: 361,149 | bf16_mfu: 0.00 | epoch: 1 pq: 13 rg: 51 | total time: 27.97m | eta: 33.2m
step 01158/02520 (45.95%) | loss: 3.099956 | lrm: 0.84 | dt: 1453.19ms | tok/sec: 360,783 | bf16_mfu: 0.00 | epoch: 1 pq: 13 rg: 52 | total time: 27.99m | eta: 33.2m
step 01159/02520 (45.99%) | loss: 3.092678 | lrm: 0.84 | dt: 1451.14ms | tok/sec: 361,293 | bf16_mfu: 0.00 | epoch: 1 pq: 13 rg: 53 | total time: 28.01m | eta: 33.2m
step 01160/02520 (46.03%) | loss: 3.104094 | lrm: 0.84 | dt: 1454.84ms | tok/sec: 360,375 | bf16_mfu: 0.00 | epoch: 1 pq: 13 rg: 54 | total time: 28.04m | eta: 33.2m
step 01161/02520 (46.07%) | loss: 3.097098 | lrm: 0.84 | dt: 1454.83ms | tok/sec: 360,377 | bf16_mfu: 0.00 | epoch: 1 pq: 13 rg: 55 | total time: 28.06m | eta: 33.1m
step 01162/02520 (46.11%) | loss: 3.093772 | lrm: 0.84 | dt: 1452.33ms | tok/sec: 360,997 | bf16_mfu: 0.00 | epoch: 1 pq: 13 rg: 55 | total time: 28.09m | eta: 33.1m
step 01163/02520 (46.15%) | loss: 3.093385 | lrm: 0.84 | dt: 1453.34ms | tok/sec: 360,746 | bf16_mfu: 0.00 | epoch: 1 pq: 13 rg: 56 | total time: 28.11m | eta: 33.1m
step 01164/02520 (46.19%) | loss: 3.081484 | lrm: 0.84 | dt: 1454.89ms | tok/sec: 360,362 | bf16_mfu: 0.00 | epoch: 1 pq: 13 rg: 57 | total time: 28.13m | eta: 33.1m
step 01165/02520 (46.23%) | loss: 3.087671 | lrm: 0.84 | dt: 1454.77ms | tok/sec: 360,393 | bf16_mfu: 0.00 | epoch: 1 pq: 13 rg: 58 | total time: 28.16m | eta: 33.0m
step 01166/02520 (46.27%) | loss: 3.081443 | lrm: 0.84 | dt: 1452.77ms | tok/sec: 360,888 | bf16_mfu: 0.00 | epoch: 1 pq: 13 rg: 59 | total time: 28.18m | eta: 33.0m
step 01167/02520 (46.31%) | loss: 3.085750 | lrm: 0.83 | dt: 1454.57ms | tok/sec: 360,441 | bf16_mfu: 0.00 | epoch: 1 pq: 13 rg: 60 | total time: 28.21m | eta: 33.0m
step 01168/02520 (46.35%) | loss: 3.080204 | lrm: 0.83 | dt: 1455.26ms | tok/sec: 360,272 | bf16_mfu: 0.00 | epoch: 1 pq: 13 rg: 61 | total time: 28.23m | eta: 33.0m
step 01169/02520 (46.39%) | loss: 3.084549 | lrm: 0.83 | dt: 1454.26ms | tok/sec: 360,519 | bf16_mfu: 0.00 | epoch: 1 pq: 13 rg: 62 | total time: 28.26m | eta: 32.9m
step 01170/02520 (46.43%) | loss: 3.093201 | lrm: 0.83 | dt: 1453.72ms | tok/sec: 360,652 | bf16_mfu: 0.00 | epoch: 1 pq: 13 rg: 63 | total time: 28.28m | eta: 32.9m
step 01171/02520 (46.47%) | loss: 3.096017 | lrm: 0.83 | dt: 1454.06ms | tok/sec: 360,567 | bf16_mfu: 0.00 | epoch: 1 pq: 13 rg: 64 | total time: 28.30m | eta: 32.9m
step 01172/02520 (46.51%) | loss: 3.096797 | lrm: 0.83 | dt: 1457.35ms | tok/sec: 359,754 | bf16_mfu: 0.00 | epoch: 1 pq: 13 rg: 65 | total time: 28.33m | eta: 32.9m
step 01173/02520 (46.55%) | loss: 3.093687 | lrm: 0.83 | dt: 1452.77ms | tok/sec: 360,888 | bf16_mfu: 0.00 | epoch: 1 pq: 13 rg: 66 | total time: 28.35m | eta: 32.8m
step 01174/02520 (46.59%) | loss: 3.097472 | lrm: 0.83 | dt: 1455.73ms | tok/sec: 360,155 | bf16_mfu: 0.00 | epoch: 1 pq: 13 rg: 67 | total time: 28.38m | eta: 32.8m
step 01175/02520 (46.63%) | loss: 3.102119 | lrm: 0.83 | dt: 1454.64ms | tok/sec: 360,425 | bf16_mfu: 0.00 | epoch: 1 pq: 13 rg: 68 | total time: 28.40m | eta: 32.8m
step 01176/02520 (46.67%) | loss: 3.112633 | lrm: 0.83 | dt: 1455.44ms | tok/sec: 360,226 | bf16_mfu: 0.00 | epoch: 1 pq: 13 rg: 69 | total time: 28.43m | eta: 32.8m
step 01177/02520 (46.71%) | loss: 3.109099 | lrm: 0.83 | dt: 1452.20ms | tok/sec: 361,031 | bf16_mfu: 0.00 | epoch: 1 pq: 13 rg: 70 | total time: 28.45m | eta: 32.7m
step 01178/02520 (46.75%) | loss: 3.114081 | lrm: 0.83 | dt: 1453.75ms | tok/sec: 360,646 | bf16_mfu: 0.00 | epoch: 1 pq: 13 rg: 71 | total time: 28.47m | eta: 32.7m
step 01179/02520 (46.79%) | loss: 3.119934 | lrm: 0.83 | dt: 1454.35ms | tok/sec: 360,496 | bf16_mfu: 0.00 | epoch: 1 pq: 13 rg: 72 | total time: 28.50m | eta: 32.7m
step 01180/02520 (46.83%) | loss: 3.114161 | lrm: 0.83 | dt: 1451.90ms | tok/sec: 361,104 | bf16_mfu: 0.00 | epoch: 1 pq: 13 rg: 73 | total time: 28.52m | eta: 32.7m
step 01181/02520 (46.87%) | loss: 3.121077 | lrm: 0.83 | dt: 1454.01ms | tok/sec: 360,581 | bf16_mfu: 0.00 | epoch: 1 pq: 13 rg: 74 | total time: 28.55m | eta: 32.6m
step 01182/02520 (46.90%) | loss: 3.116280 | lrm: 0.83 | dt: 1454.83ms | tok/sec: 360,378 | bf16_mfu: 0.00 | epoch: 1 pq: 13 rg: 75 | total time: 28.57m | eta: 32.6m
step 01183/02520 (46.94%) | loss: 3.122219 | lrm: 0.83 | dt: 1452.10ms | tok/sec: 361,054 | bf16_mfu: 0.00 | epoch: 1 pq: 13 rg: 76 | total time: 28.60m | eta: 32.6m
step 01184/02520 (46.98%) | loss: 3.112274 | lrm: 0.82 | dt: 1452.00ms | tok/sec: 361,080 | bf16_mfu: 0.00 | epoch: 1 pq: 13 rg: 77 | total time: 28.62m | eta: 32.6m
step 01185/02520 (47.02%) | loss: 3.099947 | lrm: 0.82 | dt: 1454.13ms | tok/sec: 360,551 | bf16_mfu: 0.00 | epoch: 1 pq: 13 rg: 78 | total time: 28.64m | eta: 32.5m
step 01186/02520 (47.06%) | loss: 3.088219 | lrm: 0.82 | dt: 1451.32ms | tok/sec: 361,248 | bf16_mfu: 0.00 | epoch: 1 pq: 13 rg: 79 | total time: 28.67m | eta: 32.5m
step 01187/02520 (47.10%) | loss: 3.092181 | lrm: 0.82 | dt: 1454.14ms | tok/sec: 360,547 | bf16_mfu: 0.00 | epoch: 1 pq: 13 rg: 80 | total time: 28.69m | eta: 32.5m
step 01188/02520 (47.14%) | loss: 3.098270 | lrm: 0.82 | dt: 1453.95ms | tok/sec: 360,595 | bf16_mfu: 0.00 | epoch: 1 pq: 13 rg: 81 | total time: 28.72m | eta: 32.5m
step 01189/02520 (47.18%) | loss: 3.101177 | lrm: 0.82 | dt: 1451.72ms | tok/sec: 361,150 | bf16_mfu: 0.00 | epoch: 1 pq: 13 rg: 82 | total time: 28.74m | eta: 32.4m
step 01190/02520 (47.22%) | loss: 3.106668 | lrm: 0.82 | dt: 1453.26ms | tok/sec: 360,767 | bf16_mfu: 0.00 | epoch: 1 pq: 14 rg: 0 | total time: 28.76m | eta: 32.4m
step 01191/02520 (47.26%) | loss: 3.103349 | lrm: 0.82 | dt: 1453.56ms | tok/sec: 360,691 | bf16_mfu: 0.00 | epoch: 1 pq: 14 rg: 1 | total time: 28.79m | eta: 32.4m
step 01192/02520 (47.30%) | loss: 3.105403 | lrm: 0.82 | dt: 1451.16ms | tok/sec: 361,288 | bf16_mfu: 0.00 | epoch: 1 pq: 14 rg: 2 | total time: 28.81m | eta: 32.4m
step 01193/02520 (47.34%) | loss: 3.111000 | lrm: 0.82 | dt: 1453.76ms | tok/sec: 360,642 | bf16_mfu: 0.00 | epoch: 1 pq: 14 rg: 3 | total time: 28.84m | eta: 32.3m
step 01194/02520 (47.38%) | loss: 3.099349 | lrm: 0.82 | dt: 1454.29ms | tok/sec: 360,510 | bf16_mfu: 0.00 | epoch: 1 pq: 14 rg: 4 | total time: 28.86m | eta: 32.3m
step 01195/02520 (47.42%) | loss: 3.100814 | lrm: 0.82 | dt: 1452.31ms | tok/sec: 361,002 | bf16_mfu: 0.00 | epoch: 1 pq: 14 rg: 5 | total time: 28.89m | eta: 32.3m
step 01196/02520 (47.46%) | loss: 3.091887 | lrm: 0.82 | dt: 1453.12ms | tok/sec: 360,801 | bf16_mfu: 0.00 | epoch: 1 pq: 14 rg: 6 | total time: 28.91m | eta: 32.3m
step 01197/02520 (47.50%) | loss: 3.087906 | lrm: 0.82 | dt: 1453.67ms | tok/sec: 360,664 | bf16_mfu: 0.00 | epoch: 1 pq: 14 rg: 7 | total time: 28.93m | eta: 32.2m
step 01198/02520 (47.54%) | loss: 3.085494 | lrm: 0.82 | dt: 1452.09ms | tok/sec: 361,058 | bf16_mfu: 0.00 | epoch: 1 pq: 14 rg: 8 | total time: 28.96m | eta: 32.2m
step 01199/02520 (47.58%) | loss: 3.091022 | lrm: 0.82 | dt: 1454.53ms | tok/sec: 360,451 | bf16_mfu: 0.00 | epoch: 1 pq: 14 rg: 9 | total time: 28.98m | eta: 32.2m
step 01200/02520 (47.62%) | loss: 3.097230 | lrm: 0.82 | dt: 1454.50ms | tok/sec: 360,459 | bf16_mfu: 0.00 | epoch: 1 pq: 14 rg: 10 | total time: 29.01m | eta: 32.2m
step 01201/02520 (47.66%) | loss: 3.100811 | lrm: 0.81 | dt: 1453.06ms | tok/sec: 360,816 | bf16_mfu: 0.00 | epoch: 1 pq: 14 rg: 11 | total time: 29.03m | eta: 32.2m
step 01202/02520 (47.70%) | loss: 3.098940 | lrm: 0.81 | dt: 1453.40ms | tok/sec: 360,731 | bf16_mfu: 0.00 | epoch: 1 pq: 14 rg: 12 | total time: 29.06m | eta: 32.1m
step 01203/02520 (47.74%) | loss: 3.096591 | lrm: 0.81 | dt: 1454.22ms | tok/sec: 360,527 | bf16_mfu: 0.00 | epoch: 1 pq: 14 rg: 13 | total time: 29.08m | eta: 32.1m
step 01204/02520 (47.78%) | loss: 3.103713 | lrm: 0.81 | dt: 1451.08ms | tok/sec: 361,308 | bf16_mfu: 0.00 | epoch: 1 pq: 14 rg: 13 | total time: 29.10m | eta: 32.1m
step 01205/02520 (47.82%) | loss: 3.113668 | lrm: 0.81 | dt: 1453.39ms | tok/sec: 360,734 | bf16_mfu: 0.00 | epoch: 1 pq: 14 rg: 15 | total time: 29.13m | eta: 32.1m
step 01206/02520 (47.86%) | loss: 3.104560 | lrm: 0.81 | dt: 1453.05ms | tok/sec: 360,819 | bf16_mfu: 0.00 | epoch: 1 pq: 14 rg: 16 | total time: 29.15m | eta: 32.0m
step 01207/02520 (47.90%) | loss: 3.108703 | lrm: 0.81 | dt: 1450.90ms | tok/sec: 361,352 | bf16_mfu: 0.00 | epoch: 1 pq: 14 rg: 16 | total time: 29.18m | eta: 32.0m
step 01208/02520 (47.94%) | loss: 3.110952 | lrm: 0.81 | dt: 1453.49ms | tok/sec: 360,709 | bf16_mfu: 0.00 | epoch: 1 pq: 14 rg: 17 | total time: 29.20m | eta: 32.0m
step 01209/02520 (47.98%) | loss: 3.117225 | lrm: 0.81 | dt: 1451.93ms | tok/sec: 361,096 | bf16_mfu: 0.00 | epoch: 1 pq: 14 rg: 18 | total time: 29.22m | eta: 32.0m
step 01210/02520 (48.02%) | loss: 3.127434 | lrm: 0.81 | dt: 1452.23ms | tok/sec: 361,022 | bf16_mfu: 0.00 | epoch: 1 pq: 14 rg: 19 | total time: 29.25m | eta: 31.9m
step 01211/02520 (48.06%) | loss: 3.130394 | lrm: 0.81 | dt: 1453.07ms | tok/sec: 360,812 | bf16_mfu: 0.00 | epoch: 1 pq: 14 rg: 20 | total time: 29.27m | eta: 31.9m
step 01212/02520 (48.10%) | loss: 3.111674 | lrm: 0.81 | dt: 1449.78ms | tok/sec: 361,633 | bf16_mfu: 0.00 | epoch: 1 pq: 14 rg: 21 | total time: 29.30m | eta: 31.9m
step 01213/02520 (48.13%) | loss: 3.117086 | lrm: 0.81 | dt: 1452.03ms | tok/sec: 361,072 | bf16_mfu: 0.00 | epoch: 1 pq: 14 rg: 22 | total time: 29.32m | eta: 31.9m
step 01214/02520 (48.17%) | loss: 3.118367 | lrm: 0.81 | dt: 1451.19ms | tok/sec: 361,281 | bf16_mfu: 0.00 | epoch: 1 pq: 14 rg: 23 | total time: 29.35m | eta: 31.8m
step 01215/02520 (48.21%) | loss: 3.120963 | lrm: 0.81 | dt: 1453.53ms | tok/sec: 360,700 | bf16_mfu: 0.00 | epoch: 1 pq: 14 rg: 24 | total time: 29.37m | eta: 31.8m
step 01216/02520 (48.25%) | loss: 3.127640 | lrm: 0.81 | dt: 1454.54ms | tok/sec: 360,450 | bf16_mfu: 0.00 | epoch: 1 pq: 14 rg: 25 | total time: 29.39m | eta: 31.8m
step 01217/02520 (48.29%) | loss: 3.125633 | lrm: 0.81 | dt: 1451.20ms | tok/sec: 361,279 | bf16_mfu: 0.00 | epoch: 1 pq: 14 rg: 26 | total time: 29.42m | eta: 31.8m
step 01218/02520 (48.33%) | loss: 3.117192 | lrm: 0.81 | dt: 1453.66ms | tok/sec: 360,666 | bf16_mfu: 0.00 | epoch: 1 pq: 14 rg: 27 | total time: 29.44m | eta: 31.7m
step 01219/02520 (48.37%) | loss: 3.116840 | lrm: 0.80 | dt: 1453.95ms | tok/sec: 360,595 | bf16_mfu: 0.00 | epoch: 1 pq: 14 rg: 28 | total time: 29.47m | eta: 31.7m
step 01220/02520 (48.41%) | loss: 3.121431 | lrm: 0.80 | dt: 1453.02ms | tok/sec: 360,825 | bf16_mfu: 0.00 | epoch: 1 pq: 14 rg: 29 | total time: 29.49m | eta: 31.7m
step 01221/02520 (48.45%) | loss: 3.114550 | lrm: 0.80 | dt: 1452.97ms | tok/sec: 360,838 | bf16_mfu: 0.00 | epoch: 1 pq: 14 rg: 30 | total time: 29.52m | eta: 31.7m
step 01222/02520 (48.49%) | loss: 3.106055 | lrm: 0.80 | dt: 1454.03ms | tok/sec: 360,575 | bf16_mfu: 0.00 | epoch: 1 pq: 14 rg: 31 | total time: 29.54m | eta: 31.6m
step 01223/02520 (48.53%) | loss: 3.099313 | lrm: 0.80 | dt: 1451.85ms | tok/sec: 361,117 | bf16_mfu: 0.00 | epoch: 1 pq: 14 rg: 32 | total time: 29.56m | eta: 31.6m
step 01224/02520 (48.57%) | loss: 3.097321 | lrm: 0.80 | dt: 1452.96ms | tok/sec: 360,840 | bf16_mfu: 0.00 | epoch: 1 pq: 14 rg: 33 | total time: 29.59m | eta: 31.6m
step 01225/02520 (48.61%) | loss: 3.094274 | lrm: 0.80 | dt: 1453.68ms | tok/sec: 360,662 | bf16_mfu: 0.00 | epoch: 1 pq: 14 rg: 34 | total time: 29.61m | eta: 31.6m
step 01226/02520 (48.65%) | loss: 3.089026 | lrm: 0.80 | dt: 1453.28ms | tok/sec: 360,761 | bf16_mfu: 0.00 | epoch: 1 pq: 14 rg: 35 | total time: 29.64m | eta: 31.5m
step 01227/02520 (48.69%) | loss: 3.081239 | lrm: 0.80 | dt: 1455.62ms | tok/sec: 360,181 | bf16_mfu: 0.00 | epoch: 1 pq: 14 rg: 36 | total time: 29.66m | eta: 31.5m
step 01228/02520 (48.73%) | loss: 3.090909 | lrm: 0.80 | dt: 1453.72ms | tok/sec: 360,651 | bf16_mfu: 0.00 | epoch: 1 pq: 14 rg: 37 | total time: 29.68m | eta: 31.5m
step 01229/02520 (48.77%) | loss: 3.083315 | lrm: 0.80 | dt: 1452.08ms | tok/sec: 361,059 | bf16_mfu: 0.00 | epoch: 1 pq: 14 rg: 38 | total time: 29.71m | eta: 31.5m
step 01230/02520 (48.81%) | loss: 3.086486 | lrm: 0.80 | dt: 1452.69ms | tok/sec: 360,907 | bf16_mfu: 0.00 | epoch: 1 pq: 14 rg: 39 | total time: 29.73m | eta: 31.4m
step 01231/02520 (48.85%) | loss: 3.085711 | lrm: 0.80 | dt: 1453.06ms | tok/sec: 360,816 | bf16_mfu: 0.00 | epoch: 1 pq: 14 rg: 40 | total time: 29.76m | eta: 31.4m
step 01232/02520 (48.89%) | loss: 3.088958 | lrm: 0.80 | dt: 1450.51ms | tok/sec: 361,449 | bf16_mfu: 0.00 | epoch: 1 pq: 14 rg: 41 | total time: 29.78m | eta: 31.4m
step 01233/02520 (48.93%) | loss: 3.091125 | lrm: 0.80 | dt: 1453.13ms | tok/sec: 360,799 | bf16_mfu: 0.00 | epoch: 1 pq: 14 rg: 42 | total time: 29.81m | eta: 31.4m
step 01234/02520 (48.97%) | loss: 3.088893 | lrm: 0.80 | dt: 1453.50ms | tok/sec: 360,706 | bf16_mfu: 0.00 | epoch: 1 pq: 14 rg: 43 | total time: 29.83m | eta: 31.3m
step 01235/02520 (49.01%) | loss: 3.073623 | lrm: 0.80 | dt: 1451.21ms | tok/sec: 361,275 | bf16_mfu: 0.00 | epoch: 1 pq: 14 rg: 44 | total time: 29.85m | eta: 31.3m
step 01236/02520 (49.05%) | loss: 3.076943 | lrm: 0.79 | dt: 1452.72ms | tok/sec: 360,900 | bf16_mfu: 0.00 | epoch: 1 pq: 14 rg: 45 | total time: 29.88m | eta: 31.3m
step 01237/02520 (49.09%) | loss: 3.083898 | lrm: 0.79 | dt: 1452.10ms | tok/sec: 361,054 | bf16_mfu: 0.00 | epoch: 1 pq: 14 rg: 46 | total time: 29.90m | eta: 31.3m
step 01238/02520 (49.13%) | loss: 3.084410 | lrm: 0.79 | dt: 1452.46ms | tok/sec: 360,964 | bf16_mfu: 0.00 | epoch: 1 pq: 14 rg: 47 | total time: 29.93m | eta: 31.2m
step 01239/02520 (49.17%) | loss: 3.076004 | lrm: 0.79 | dt: 1453.01ms | tok/sec: 360,829 | bf16_mfu: 0.00 | epoch: 1 pq: 14 rg: 48 | total time: 29.95m | eta: 31.2m
step 01240/02520 (49.21%) | loss: 3.077958 | lrm: 0.79 | dt: 1450.04ms | tok/sec: 361,568 | bf16_mfu: 0.00 | epoch: 1 pq: 14 rg: 49 | total time: 29.98m | eta: 31.2m
step 01241/02520 (49.25%) | loss: 3.076970 | lrm: 0.79 | dt: 1452.69ms | tok/sec: 360,908 | bf16_mfu: 0.00 | epoch: 1 pq: 14 rg: 50 | total time: 30.00m | eta: 31.2m
step 01242/02520 (49.29%) | loss: 3.070578 | lrm: 0.79 | dt: 1452.46ms | tok/sec: 360,966 | bf16_mfu: 0.00 | epoch: 1 pq: 14 rg: 51 | total time: 30.02m | eta: 31.1m
step 01243/02520 (49.33%) | loss: 3.057426 | lrm: 0.79 | dt: 1453.18ms | tok/sec: 360,786 | bf16_mfu: 0.00 | epoch: 1 pq: 14 rg: 51 | total time: 30.05m | eta: 31.1m
step 01244/02520 (49.37%) | loss: 3.058803 | lrm: 0.79 | dt: 1455.01ms | tok/sec: 360,333 | bf16_mfu: 0.00 | epoch: 1 pq: 14 rg: 52 | total time: 30.07m | eta: 31.1m
step 01245/02520 (49.40%) | loss: 3.056709 | lrm: 0.79 | dt: 1454.80ms | tok/sec: 360,385 | bf16_mfu: 0.00 | epoch: 1 pq: 14 rg: 53 | total time: 30.10m | eta: 31.1m
step 01246/02520 (49.44%) | loss: 3.061626 | lrm: 0.79 | dt: 1451.85ms | tok/sec: 361,117 | bf16_mfu: 0.00 | epoch: 1 pq: 14 rg: 54 | total time: 30.12m | eta: 31.0m
step 01247/02520 (49.48%) | loss: 3.073084 | lrm: 0.79 | dt: 1454.00ms | tok/sec: 360,582 | bf16_mfu: 0.00 | epoch: 1 pq: 14 rg: 55 | total time: 30.14m | eta: 31.0m
step 01248/02520 (49.52%) | loss: 3.086705 | lrm: 0.79 | dt: 1453.85ms | tok/sec: 360,621 | bf16_mfu: 0.00 | epoch: 1 pq: 14 rg: 56 | total time: 30.17m | eta: 31.0m
step 01249/02520 (49.56%) | loss: 3.084962 | lrm: 0.79 | dt: 1451.52ms | tok/sec: 361,199 | bf16_mfu: 0.00 | epoch: 1 pq: 14 rg: 57 | total time: 30.19m | eta: 31.0m
Step 01250 | Validation bpb: 0.942675
step 01250/02520 (49.60%) | loss: 3.090258 | lrm: 0.79 | dt: 1435.18ms | tok/sec: 365,310 | bf16_mfu: 0.00 | epoch: 1 pq: 14 rg: 58 | total time: 30.22m | eta: 30.9m
step 01251/02520 (49.64%) | loss: 3.093995 | lrm: 0.79 | dt: 1442.25ms | tok/sec: 363,522 | bf16_mfu: 0.00 | epoch: 1 pq: 14 rg: 59 | total time: 30.24m | eta: 30.9m
step 01252/02520 (49.68%) | loss: 3.086604 | lrm: 0.79 | dt: 1442.23ms | tok/sec: 363,525 | bf16_mfu: 0.00 | epoch: 1 pq: 14 rg: 60 | total time: 30.27m | eta: 30.9m
step 01253/02520 (49.72%) | loss: 3.086999 | lrm: 0.78 | dt: 1444.81ms | tok/sec: 362,876 | bf16_mfu: 0.00 | epoch: 1 pq: 14 rg: 61 | total time: 30.29m | eta: 30.9m
step 01254/02520 (49.76%) | loss: 3.087710 | lrm: 0.78 | dt: 1446.01ms | tok/sec: 362,576 | bf16_mfu: 0.00 | epoch: 1 pq: 14 rg: 62 | total time: 30.31m | eta: 30.8m
step 01255/02520 (49.80%) | loss: 3.087462 | lrm: 0.78 | dt: 1444.71ms | tok/sec: 362,903 | bf16_mfu: 0.00 | epoch: 1 pq: 14 rg: 63 | total time: 30.34m | eta: 30.8m
step 01256/02520 (49.84%) | loss: 3.079233 | lrm: 0.78 | dt: 1444.85ms | tok/sec: 362,866 | bf16_mfu: 0.00 | epoch: 1 pq: 14 rg: 64 | total time: 30.36m | eta: 30.8m
step 01257/02520 (49.88%) | loss: 3.085191 | lrm: 0.78 | dt: 1445.84ms | tok/sec: 362,618 | bf16_mfu: 0.00 | epoch: 1 pq: 14 rg: 65 | total time: 30.39m | eta: 30.8m
step 01258/02520 (49.92%) | loss: 3.088327 | lrm: 0.78 | dt: 1447.34ms | tok/sec: 362,242 | bf16_mfu: 0.00 | epoch: 1 pq: 14 rg: 66 | total time: 30.41m | eta: 30.8m
step 01259/02520 (49.96%) | loss: 3.096129 | lrm: 0.78 | dt: 1445.72ms | tok/sec: 362,649 | bf16_mfu: 0.00 | epoch: 1 pq: 14 rg: 67 | total time: 30.43m | eta: 30.7m
2026-09-27 15:53:58,448 - nanochat.checkpoint_manager - [32m[1mINFO[0m - Saved model parameters to: /home/neo/.cache/nanochat/base_checkpoints/looped_B8_lr1_lr1_h1.0_s0/model_001260.pt
2026-09-27 15:53:58,905 - nanochat.checkpoint_manager - [32m[1mINFO[0m - Saved optimizer state to: /home/neo/.cache/nanochat/base_checkpoints/looped_B8_lr1_lr1_h1.0_s0/optim_001260_rank0.pt
2026-09-27 15:53:58,906 - nanochat.checkpoint_manager - [32m[1mINFO[0m - Saved metadata to: /home/neo/.cache/nanochat/base_checkpoints/looped_B8_lr1_lr1_h1.0_s0/meta_001260.json
step 01260/02520 (50.00%) | loss: 3.086942 | lrm: 0.78 | dt: 1431.80ms | tok/sec: 366,174 | bf16_mfu: 0.00 | epoch: 1 pq: 14 rg: 68 | total time: 30.46m | eta: 30.7m
step 01261/02520 (50.04%) | loss: 3.094766 | lrm: 0.78 | dt: 1444.74ms | tok/sec: 362,893 | bf16_mfu: 0.00 | epoch: 1 pq: 14 rg: 69 | total time: 30.48m | eta: 30.7m
step 01262/02520 (50.08%) | loss: 3.095479 | lrm: 0.78 | dt: 1443.32ms | tok/sec: 363,250 | bf16_mfu: 0.00 | epoch: 1 pq: 14 rg: 70 | total time: 30.51m | eta: 30.7m
step 01263/02520 (50.12%) | loss: 3.083906 | lrm: 0.78 | dt: 1443.20ms | tok/sec: 363,280 | bf16_mfu: 0.00 | epoch: 1 pq: 14 rg: 71 | total time: 30.53m | eta: 30.6m
step 01264/02520 (50.16%) | loss: 3.073215 | lrm: 0.78 | dt: 1443.91ms | tok/sec: 363,103 | bf16_mfu: 0.00 | epoch: 1 pq: 14 rg: 72 | total time: 30.55m | eta: 30.6m
step 01265/02520 (50.20%) | loss: 3.074645 | lrm: 0.78 | dt: 1446.00ms | tok/sec: 362,579 | bf16_mfu: 0.00 | epoch: 1 pq: 14 rg: 73 | total time: 30.58m | eta: 30.6m
step 01266/02520 (50.24%) | loss: 3.069751 | lrm: 0.78 | dt: 1446.34ms | tok/sec: 362,493 | bf16_mfu: 0.00 | epoch: 1 pq: 14 rg: 74 | total time: 30.60m | eta: 30.6m
step 01267/02520 (50.28%) | loss: 3.068343 | lrm: 0.78 | dt: 1445.51ms | tok/sec: 362,701 | bf16_mfu: 0.00 | epoch: 1 pq: 14 rg: 75 | total time: 30.63m | eta: 30.5m
step 01268/02520 (50.32%) | loss: 3.070305 | lrm: 0.78 | dt: 1446.33ms | tok/sec: 362,494 | bf16_mfu: 0.00 | epoch: 1 pq: 14 rg: 76 | total time: 30.65m | eta: 30.5m
step 01269/02520 (50.36%) | loss: 3.070268 | lrm: 0.78 | dt: 1446.27ms | tok/sec: 362,509 | bf16_mfu: 0.00 | epoch: 1 pq: 14 rg: 77 | total time: 30.67m | eta: 30.5m
step 01270/02520 (50.40%) | loss: 3.070443 | lrm: 0.77 | dt: 1445.24ms | tok/sec: 362,769 | bf16_mfu: 0.00 | epoch: 1 pq: 14 rg: 78 | total time: 30.70m | eta: 30.5m
step 01271/02520 (50.44%) | loss: 3.065214 | lrm: 0.77 | dt: 1445.89ms | tok/sec: 362,605 | bf16_mfu: 0.00 | epoch: 1 pq: 14 rg: 79 | total time: 30.72m | eta: 30.4m
step 01272/02520 (50.48%) | loss: 3.064288 | lrm: 0.77 | dt: 1447.25ms | tok/sec: 362,266 | bf16_mfu: 0.00 | epoch: 1 pq: 14 rg: 80 | total time: 30.75m | eta: 30.4m
step 01273/02520 (50.52%) | loss: 3.076269 | lrm: 0.77 | dt: 1446.44ms | tok/sec: 362,467 | bf16_mfu: 0.00 | epoch: 1 pq: 14 rg: 81 | total time: 30.77m | eta: 30.4m
step 01274/02520 (50.56%) | loss: 3.081382 | lrm: 0.77 | dt: 1446.74ms | tok/sec: 362,392 | bf16_mfu: 0.00 | epoch: 1 pq: 14 rg: 82 | total time: 30.80m | eta: 30.4m
step 01275/02520 (50.60%) | loss: 3.087626 | lrm: 0.77 | dt: 1448.94ms | tok/sec: 361,841 | bf16_mfu: 0.00 | epoch: 1 pq: 15 rg: 0 | total time: 30.82m | eta: 30.3m
step 01276/02520 (50.63%) | loss: 3.092642 | lrm: 0.77 | dt: 1446.47ms | tok/sec: 362,460 | bf16_mfu: 0.00 | epoch: 1 pq: 15 rg: 1 | total time: 30.84m | eta: 30.3m
step 01277/02520 (50.67%) | loss: 3.081294 | lrm: 0.77 | dt: 1448.45ms | tok/sec: 361,964 | bf16_mfu: 0.00 | epoch: 1 pq: 15 rg: 2 | total time: 30.87m | eta: 30.3m
step 01278/02520 (50.71%) | loss: 3.069376 | lrm: 0.77 | dt: 1449.33ms | tok/sec: 361,745 | bf16_mfu: 0.00 | epoch: 1 pq: 15 rg: 3 | total time: 30.89m | eta: 30.3m
step 01279/02520 (50.75%) | loss: 3.060140 | lrm: 0.77 | dt: 1452.74ms | tok/sec: 360,895 | bf16_mfu: 0.00 | epoch: 1 pq: 15 rg: 4 | total time: 30.92m | eta: 30.2m
step 01280/02520 (50.79%) | loss: 3.054806 | lrm: 0.77 | dt: 1447.20ms | tok/sec: 362,278 | bf16_mfu: 0.00 | epoch: 1 pq: 15 rg: 5 | total time: 30.94m | eta: 30.2m
step 01281/02520 (50.83%) | loss: 3.053354 | lrm: 0.77 | dt: 1451.20ms | tok/sec: 361,279 | bf16_mfu: 0.00 | epoch: 1 pq: 15 rg: 5 | total time: 30.96m | eta: 30.2m
step 01282/02520 (50.87%) | loss: 3.057230 | lrm: 0.77 | dt: 1448.75ms | tok/sec: 361,891 | bf16_mfu: 0.00 | epoch: 1 pq: 15 rg: 6 | total time: 30.99m | eta: 30.2m
step 01283/02520 (50.91%) | loss: 3.047841 | lrm: 0.77 | dt: 1448.82ms | tok/sec: 361,871 | bf16_mfu: 0.00 | epoch: 1 pq: 15 rg: 7 | total time: 31.01m | eta: 30.1m
step 01284/02520 (50.95%) | loss: 3.050903 | lrm: 0.77 | dt: 1448.54ms | tok/sec: 361,942 | bf16_mfu: 0.00 | epoch: 1 pq: 15 rg: 8 | total time: 31.04m | eta: 30.1m
step 01285/02520 (50.99%) | loss: 3.062568 | lrm: 0.77 | dt: 1448.83ms | tok/sec: 361,869 | bf16_mfu: 0.00 | epoch: 1 pq: 15 rg: 9 | total time: 31.06m | eta: 30.1m
step 01286/02520 (51.03%) | loss: 3.069576 | lrm: 0.77 | dt: 1450.44ms | tok/sec: 361,468 | bf16_mfu: 0.00 | epoch: 1 pq: 15 rg: 10 | total time: 31.09m | eta: 30.1m
step 01287/02520 (51.07%) | loss: 3.056458 | lrm: 0.77 | dt: 1448.93ms | tok/sec: 361,844 | bf16_mfu: 0.00 | epoch: 1 pq: 15 rg: 11 | total time: 31.11m | eta: 30.0m
step 01288/02520 (51.11%) | loss: 3.050122 | lrm: 0.76 | dt: 1450.34ms | tok/sec: 361,493 | bf16_mfu: 0.00 | epoch: 1 pq: 15 rg: 12 | total time: 31.13m | eta: 30.0m
step 01289/02520 (51.15%) | loss: 3.058092 | lrm: 0.76 | dt: 1448.37ms | tok/sec: 361,984 | bf16_mfu: 0.00 | epoch: 1 pq: 15 rg: 13 | total time: 31.16m | eta: 30.0m
step 01290/02520 (51.19%) | loss: 3.059323 | lrm: 0.76 | dt: 1450.51ms | tok/sec: 361,450 | bf16_mfu: 0.00 | epoch: 1 pq: 15 rg: 14 | total time: 31.18m | eta: 30.0m
step 01291/02520 (51.23%) | loss: 3.065414 | lrm: 0.76 | dt: 1448.15ms | tok/sec: 362,038 | bf16_mfu: 0.00 | epoch: 1 pq: 15 rg: 15 | total time: 31.21m | eta: 29.9m
step 01292/02520 (51.27%) | loss: 3.065041 | lrm: 0.76 | dt: 1450.78ms | tok/sec: 361,384 | bf16_mfu: 0.00 | epoch: 1 pq: 15 rg: 16 | total time: 31.23m | eta: 29.9m
step 01293/02520 (51.31%) | loss: 3.066551 | lrm: 0.76 | dt: 1448.61ms | tok/sec: 361,924 | bf16_mfu: 0.00 | epoch: 1 pq: 15 rg: 17 | total time: 31.25m | eta: 29.9m
step 01294/02520 (51.35%) | loss: 3.063911 | lrm: 0.76 | dt: 1452.30ms | tok/sec: 361,004 | bf16_mfu: 0.00 | epoch: 1 pq: 15 rg: 18 | total time: 31.28m | eta: 29.9m
step 01295/02520 (51.39%) | loss: 3.057640 | lrm: 0.76 | dt: 1449.40ms | tok/sec: 361,728 | bf16_mfu: 0.00 | epoch: 1 pq: 15 rg: 19 | total time: 31.30m | eta: 29.8m
step 01296/02520 (51.43%) | loss: 3.066892 | lrm: 0.76 | dt: 1450.47ms | tok/sec: 361,461 | bf16_mfu: 0.00 | epoch: 1 pq: 15 rg: 20 | total time: 31.33m | eta: 29.8m
step 01297/02520 (51.47%) | loss: 3.069164 | lrm: 0.76 | dt: 1447.85ms | tok/sec: 362,113 | bf16_mfu: 0.00 | epoch: 1 pq: 15 rg: 21 | total time: 31.35m | eta: 29.8m
step 01298/02520 (51.51%) | loss: 3.068408 | lrm: 0.76 | dt: 1450.17ms | tok/sec: 361,534 | bf16_mfu: 0.00 | epoch: 1 pq: 15 rg: 22 | total time: 31.37m | eta: 29.8m
step 01299/02520 (51.55%) | loss: 3.073510 | lrm: 0.76 | dt: 1449.56ms | tok/sec: 361,688 | bf16_mfu: 0.00 | epoch: 1 pq: 15 rg: 23 | total time: 31.40m | eta: 29.7m
step 01300/02520 (51.59%) | loss: 3.073459 | lrm: 0.76 | dt: 1451.42ms | tok/sec: 361,223 | bf16_mfu: 0.00 | epoch: 1 pq: 15 rg: 24 | total time: 31.42m | eta: 29.7m
step 01301/02520 (51.63%) | loss: 3.069037 | lrm: 0.76 | dt: 1448.58ms | tok/sec: 361,932 | bf16_mfu: 0.00 | epoch: 1 pq: 15 rg: 25 | total time: 31.45m | eta: 29.7m
step 01302/02520 (51.67%) | loss: 3.069402 | lrm: 0.76 | dt: 1452.11ms | tok/sec: 361,053 | bf16_mfu: 0.00 | epoch: 1 pq: 15 rg: 26 | total time: 31.47m | eta: 29.7m
step 01303/02520 (51.71%) | loss: 3.066264 | lrm: 0.76 | dt: 1447.96ms | tok/sec: 362,087 | bf16_mfu: 0.00 | epoch: 1 pq: 15 rg: 27 | total time: 31.50m | eta: 29.6m
step 01304/02520 (51.75%) | loss: 3.057482 | lrm: 0.76 | dt: 1450.53ms | tok/sec: 361,445 | bf16_mfu: 0.00 | epoch: 1 pq: 15 rg: 28 | total time: 31.52m | eta: 29.6m
step 01305/02520 (51.79%) | loss: 3.063434 | lrm: 0.75 | dt: 1449.26ms | tok/sec: 361,763 | bf16_mfu: 0.00 | epoch: 1 pq: 15 rg: 29 | total time: 31.54m | eta: 29.6m
step 01306/02520 (51.83%) | loss: 3.072490 | lrm: 0.75 | dt: 1450.92ms | tok/sec: 361,349 | bf16_mfu: 0.00 | epoch: 1 pq: 15 rg: 30 | total time: 31.57m | eta: 29.6m
step 01307/02520 (51.87%) | loss: 3.071970 | lrm: 0.75 | dt: 1448.92ms | tok/sec: 361,847 | bf16_mfu: 0.00 | epoch: 1 pq: 15 rg: 31 | total time: 31.59m | eta: 29.5m
step 01308/02520 (51.90%) | loss: 3.068406 | lrm: 0.75 | dt: 1451.99ms | tok/sec: 361,081 | bf16_mfu: 0.00 | epoch: 1 pq: 15 rg: 32 | total time: 31.62m | eta: 29.5m
step 01309/02520 (51.94%) | loss: 3.069728 | lrm: 0.75 | dt: 1448.58ms | tok/sec: 361,932 | bf16_mfu: 0.00 | epoch: 1 pq: 15 rg: 33 | total time: 31.64m | eta: 29.5m
step 01310/02520 (51.98%) | loss: 3.072475 | lrm: 0.75 | dt: 1451.95ms | tok/sec: 361,093 | bf16_mfu: 0.00 | epoch: 1 pq: 15 rg: 34 | total time: 31.66m | eta: 29.5m
step 01311/02520 (52.02%) | loss: 3.070041 | lrm: 0.75 | dt: 1450.02ms | tok/sec: 361,572 | bf16_mfu: 0.00 | epoch: 1 pq: 15 rg: 35 | total time: 31.69m | eta: 29.4m
step 01312/02520 (52.06%) | loss: 3.058089 | lrm: 0.75 | dt: 1451.45ms | tok/sec: 361,216 | bf16_mfu: 0.00 | epoch: 1 pq: 15 rg: 36 | total time: 31.71m | eta: 29.4m
step 01313/02520 (52.10%) | loss: 3.070346 | lrm: 0.75 | dt: 1451.60ms | tok/sec: 361,178 | bf16_mfu: 0.00 | epoch: 1 pq: 15 rg: 37 | total time: 31.74m | eta: 29.4m
step 01314/02520 (52.14%) | loss: 3.076305 | lrm: 0.75 | dt: 1450.32ms | tok/sec: 361,497 | bf16_mfu: 0.00 | epoch: 1 pq: 15 rg: 38 | total time: 31.76m | eta: 29.4m
step 01315/02520 (52.18%) | loss: 3.082129 | lrm: 0.75 | dt: 1452.92ms | tok/sec: 360,851 | bf16_mfu: 0.00 | epoch: 1 pq: 15 rg: 38 | total time: 31.79m | eta: 29.4m
step 01316/02520 (52.22%) | loss: 3.077412 | lrm: 0.75 | dt: 1450.01ms | tok/sec: 361,574 | bf16_mfu: 0.00 | epoch: 1 pq: 15 rg: 39 | total time: 31.81m | eta: 29.3m
step 01317/02520 (52.26%) | loss: 3.078265 | lrm: 0.75 | dt: 1452.31ms | tok/sec: 361,001 | bf16_mfu: 0.00 | epoch: 1 pq: 15 rg: 40 | total time: 31.83m | eta: 29.3m
step 01318/02520 (52.30%) | loss: 3.081481 | lrm: 0.75 | dt: 1450.03ms | tok/sec: 361,570 | bf16_mfu: 0.00 | epoch: 1 pq: 15 rg: 41 | total time: 31.86m | eta: 29.3m
step 01319/02520 (52.34%) | loss: 3.087323 | lrm: 0.75 | dt: 1452.24ms | tok/sec: 361,020 | bf16_mfu: 0.00 | epoch: 1 pq: 15 rg: 42 | total time: 31.88m | eta: 29.3m
step 01320/02520 (52.38%) | loss: 3.086934 | lrm: 0.75 | dt: 1454.69ms | tok/sec: 360,412 | bf16_mfu: 0.00 | epoch: 1 pq: 15 rg: 43 | total time: 31.91m | eta: 29.2m
step 01321/02520 (52.42%) | loss: 3.081422 | lrm: 0.75 | dt: 1450.94ms | tok/sec: 361,342 | bf16_mfu: 0.00 | epoch: 1 pq: 15 rg: 44 | total time: 31.93m | eta: 29.2m
step 01322/02520 (52.46%) | loss: 3.083119 | lrm: 0.74 | dt: 1452.34ms | tok/sec: 360,995 | bf16_mfu: 0.00 | epoch: 1 pq: 15 rg: 45 | total time: 31.96m | eta: 29.2m
step 01323/02520 (52.50%) | loss: 3.076250 | lrm: 0.74 | dt: 1452.69ms | tok/sec: 360,909 | bf16_mfu: 0.00 | epoch: 1 pq: 15 rg: 46 | total time: 31.98m | eta: 29.2m
step 01324/02520 (52.54%) | loss: 3.073935 | lrm: 0.74 | dt: 1452.58ms | tok/sec: 360,936 | bf16_mfu: 0.00 | epoch: 1 pq: 15 rg: 47 | total time: 32.00m | eta: 29.1m
step 01325/02520 (52.58%) | loss: 3.074722 | lrm: 0.74 | dt: 1454.14ms | tok/sec: 360,547 | bf16_mfu: 0.00 | epoch: 1 pq: 15 rg: 48 | total time: 32.03m | eta: 29.1m
step 01326/02520 (52.62%) | loss: 3.073302 | lrm: 0.74 | dt: 1453.99ms | tok/sec: 360,584 | bf16_mfu: 0.00 | epoch: 1 pq: 15 rg: 49 | total time: 32.05m | eta: 29.1m
step 01327/02520 (52.66%) | loss: 3.060502 | lrm: 0.74 | dt: 1452.27ms | tok/sec: 361,013 | bf16_mfu: 0.00 | epoch: 1 pq: 15 rg: 50 | total time: 32.08m | eta: 29.1m
step 01328/02520 (52.70%) | loss: 3.073093 | lrm: 0.74 | dt: 1464.32ms | tok/sec: 358,042 | bf16_mfu: 0.00 | epoch: 1 pq: 15 rg: 51 | total time: 32.10m | eta: 29.0m
step 01329/02520 (52.74%) | loss: 3.074189 | lrm: 0.74 | dt: 1477.13ms | tok/sec: 354,935 | bf16_mfu: 0.00 | epoch: 1 pq: 15 rg: 52 | total time: 32.13m | eta: 29.0m
step 01330/02520 (52.78%) | loss: 3.074159 | lrm: 0.74 | dt: 1475.12ms | tok/sec: 355,419 | bf16_mfu: 0.00 | epoch: 1 pq: 15 rg: 53 | total time: 32.15m | eta: 29.0m
step 01331/02520 (52.82%) | loss: 3.081935 | lrm: 0.74 | dt: 1464.19ms | tok/sec: 358,074 | bf16_mfu: 0.00 | epoch: 1 pq: 15 rg: 54 | total time: 32.17m | eta: 29.0m
step 01332/02520 (52.86%) | loss: 3.078812 | lrm: 0.74 | dt: 1469.91ms | tok/sec: 356,681 | bf16_mfu: 0.00 | epoch: 1 pq: 15 rg: 55 | total time: 32.20m | eta: 28.9m
step 01333/02520 (52.90%) | loss: 3.079129 | lrm: 0.74 | dt: 1460.24ms | tok/sec: 359,042 | bf16_mfu: 0.00 | epoch: 1 pq: 15 rg: 56 | total time: 32.22m | eta: 28.9m
step 01334/02520 (52.94%) | loss: 3.075922 | lrm: 0.74 | dt: 1464.92ms | tok/sec: 357,894 | bf16_mfu: 0.00 | epoch: 1 pq: 15 rg: 57 | total time: 32.25m | eta: 28.9m
step 01335/02520 (52.98%) | loss: 3.075564 | lrm: 0.74 | dt: 1462.26ms | tok/sec: 358,546 | bf16_mfu: 0.00 | epoch: 1 pq: 15 rg: 58 | total time: 32.27m | eta: 28.9m
step 01336/02520 (53.02%) | loss: 3.080724 | lrm: 0.74 | dt: 1499.10ms | tok/sec: 349,734 | bf16_mfu: 0.00 | epoch: 1 pq: 15 rg: 59 | total time: 32.30m | eta: 28.8m
step 01337/02520 (53.06%) | loss: 3.081840 | lrm: 0.74 | dt: 1509.78ms | tok/sec: 347,261 | bf16_mfu: 0.00 | epoch: 1 pq: 15 rg: 60 | total time: 32.32m | eta: 28.8m
step 01338/02520 (53.10%) | loss: 3.080110 | lrm: 0.74 | dt: 1504.75ms | tok/sec: 348,421 | bf16_mfu: 0.00 | epoch: 1 pq: 15 rg: 61 | total time: 32.35m | eta: 28.8m
step 01339/02520 (53.13%) | loss: 3.073656 | lrm: 0.73 | dt: 1502.48ms | tok/sec: 348,949 | bf16_mfu: 0.00 | epoch: 1 pq: 15 rg: 62 | total time: 32.37m | eta: 28.8m
step 01340/02520 (53.17%) | loss: 3.062557 | lrm: 0.73 | dt: 1461.07ms | tok/sec: 358,837 | bf16_mfu: 0.00 | epoch: 1 pq: 15 rg: 63 | total time: 32.40m | eta: 28.7m
step 01341/02520 (53.21%) | loss: 3.056833 | lrm: 0.73 | dt: 1467.20ms | tok/sec: 357,339 | bf16_mfu: 0.00 | epoch: 1 pq: 15 rg: 64 | total time: 32.42m | eta: 28.7m
step 01342/02520 (53.25%) | loss: 3.065035 | lrm: 0.73 | dt: 1463.37ms | tok/sec: 358,275 | bf16_mfu: 0.00 | epoch: 1 pq: 15 rg: 65 | total time: 32.45m | eta: 28.7m
step 01343/02520 (53.29%) | loss: 3.068111 | lrm: 0.73 | dt: 1453.59ms | tok/sec: 360,685 | bf16_mfu: 0.00 | epoch: 1 pq: 15 rg: 66 | total time: 32.47m | eta: 28.7m
step 01344/02520 (53.33%) | loss: 3.065250 | lrm: 0.73 | dt: 1454.96ms | tok/sec: 360,344 | bf16_mfu: 0.00 | epoch: 1 pq: 15 rg: 67 | total time: 32.49m | eta: 28.6m
step 01345/02520 (53.37%) | loss: 3.074242 | lrm: 0.73 | dt: 1457.76ms | tok/sec: 359,653 | bf16_mfu: 0.00 | epoch: 1 pq: 15 rg: 68 | total time: 32.52m | eta: 28.6m
step 01346/02520 (53.41%) | loss: 3.066166 | lrm: 0.73 | dt: 1466.43ms | tok/sec: 357,526 | bf16_mfu: 0.00 | epoch: 1 pq: 15 rg: 69 | total time: 32.54m | eta: 28.6m
step 01347/02520 (53.45%) | loss: 3.066547 | lrm: 0.73 | dt: 1477.48ms | tok/sec: 354,852 | bf16_mfu: 0.00 | epoch: 1 pq: 15 rg: 70 | total time: 32.57m | eta: 28.6m
step 01348/02520 (53.49%) | loss: 3.063095 | lrm: 0.73 | dt: 1490.98ms | tok/sec: 351,640 | bf16_mfu: 0.00 | epoch: 1 pq: 15 rg: 71 | total time: 32.59m | eta: 28.5m
step 01349/02520 (53.53%) | loss: 3.059438 | lrm: 0.73 | dt: 1460.42ms | tok/sec: 358,997 | bf16_mfu: 0.00 | epoch: 1 pq: 15 rg: 72 | total time: 32.62m | eta: 28.5m
step 01350/02520 (53.57%) | loss: 3.058653 | lrm: 0.73 | dt: 1473.21ms | tok/sec: 355,881 | bf16_mfu: 0.00 | epoch: 1 pq: 15 rg: 73 | total time: 32.64m | eta: 28.5m
step 01351/02520 (53.61%) | loss: 3.055239 | lrm: 0.73 | dt: 1480.98ms | tok/sec: 354,014 | bf16_mfu: 0.00 | epoch: 1 pq: 15 rg: 74 | total time: 32.67m | eta: 28.5m
step 01352/02520 (53.65%) | loss: 3.057495 | lrm: 0.73 | dt: 1456.67ms | tok/sec: 359,921 | bf16_mfu: 0.00 | epoch: 1 pq: 15 rg: 74 | total time: 32.69m | eta: 28.5m
step 01353/02520 (53.69%) | loss: 3.047081 | lrm: 0.73 | dt: 1465.51ms | tok/sec: 357,751 | bf16_mfu: 0.00 | epoch: 1 pq: 15 rg: 75 | total time: 32.71m | eta: 28.4m
step 01354/02520 (53.73%) | loss: 3.056003 | lrm: 0.73 | dt: 1461.56ms | tok/sec: 358,718 | bf16_mfu: 0.00 | epoch: 1 pq: 15 rg: 76 | total time: 32.74m | eta: 28.4m
step 01355/02520 (53.77%) | loss: 3.061628 | lrm: 0.73 | dt: 1456.38ms | tok/sec: 359,995 | bf16_mfu: 0.00 | epoch: 1 pq: 15 rg: 77 | total time: 32.76m | eta: 28.4m
step 01356/02520 (53.81%) | loss: 3.063118 | lrm: 0.73 | dt: 1458.10ms | tok/sec: 359,568 | bf16_mfu: 0.00 | epoch: 1 pq: 15 rg: 78 | total time: 32.79m | eta: 28.4m
step 01357/02520 (53.85%) | loss: 3.059493 | lrm: 0.72 | dt: 1455.26ms | tok/sec: 360,270 | bf16_mfu: 0.00 | epoch: 1 pq: 15 rg: 79 | total time: 32.81m | eta: 28.3m
step 01358/02520 (53.89%) | loss: 3.072266 | lrm: 0.72 | dt: 1456.32ms | tok/sec: 360,008 | bf16_mfu: 0.00 | epoch: 1 pq: 15 rg: 80 | total time: 32.84m | eta: 28.3m
step 01359/02520 (53.93%) | loss: 3.081825 | lrm: 0.72 | dt: 1457.71ms | tok/sec: 359,664 | bf16_mfu: 0.00 | epoch: 1 pq: 15 rg: 81 | total time: 32.86m | eta: 28.3m
step 01360/02520 (53.97%) | loss: 3.073378 | lrm: 0.72 | dt: 1464.46ms | tok/sec: 358,006 | bf16_mfu: 0.00 | epoch: 1 pq: 15 rg: 82 | total time: 32.88m | eta: 28.3m
step 01361/02520 (54.01%) | loss: 3.062889 | lrm: 0.72 | dt: 1509.25ms | tok/sec: 347,383 | bf16_mfu: 0.00 | epoch: 1 pq: 16 rg: 0 | total time: 32.91m | eta: 28.2m
step 01362/02520 (54.05%) | loss: 3.058039 | lrm: 0.72 | dt: 1507.73ms | tok/sec: 347,734 | bf16_mfu: 0.00 | epoch: 1 pq: 16 rg: 1 | total time: 32.93m | eta: 28.2m
step 01363/02520 (54.09%) | loss: 3.053350 | lrm: 0.72 | dt: 1499.13ms | tok/sec: 349,729 | bf16_mfu: 0.00 | epoch: 1 pq: 16 rg: 2 | total time: 32.96m | eta: 28.2m
step 01364/02520 (54.13%) | loss: 3.053622 | lrm: 0.72 | dt: 1489.79ms | tok/sec: 351,920 | bf16_mfu: 0.00 | epoch: 1 pq: 16 rg: 3 | total time: 32.98m | eta: 28.2m
step 01365/02520 (54.17%) | loss: 3.051734 | lrm: 0.72 | dt: 1508.92ms | tok/sec: 347,458 | bf16_mfu: 0.00 | epoch: 1 pq: 16 rg: 4 | total time: 33.01m | eta: 28.1m
step 01366/02520 (54.21%) | loss: 3.051747 | lrm: 0.72 | dt: 1513.92ms | tok/sec: 346,311 | bf16_mfu: 0.00 | epoch: 1 pq: 16 rg: 5 | total time: 33.04m | eta: 28.1m
step 01367/02520 (54.25%) | loss: 3.064253 | lrm: 0.72 | dt: 1517.51ms | tok/sec: 345,492 | bf16_mfu: 0.00 | epoch: 1 pq: 16 rg: 6 | total time: 33.06m | eta: 28.1m
step 01368/02520 (54.29%) | loss: 3.065881 | lrm: 0.72 | dt: 1519.71ms | tok/sec: 344,992 | bf16_mfu: 0.00 | epoch: 1 pq: 16 rg: 7 | total time: 33.09m | eta: 28.1m
step 01369/02520 (54.33%) | loss: 3.070813 | lrm: 0.72 | dt: 1508.98ms | tok/sec: 347,444 | bf16_mfu: 0.00 | epoch: 1 pq: 16 rg: 8 | total time: 33.11m | eta: 28.0m
step 01370/02520 (54.37%) | loss: 3.070169 | lrm: 0.72 | dt: 1515.30ms | tok/sec: 345,996 | bf16_mfu: 0.00 | epoch: 1 pq: 16 rg: 9 | total time: 33.14m | eta: 28.0m
step 01371/02520 (54.40%) | loss: 3.068910 | lrm: 0.72 | dt: 1506.22ms | tok/sec: 348,082 | bf16_mfu: 0.00 | epoch: 1 pq: 16 rg: 10 | total time: 33.16m | eta: 28.0m
step 01372/02520 (54.44%) | loss: 3.060753 | lrm: 0.72 | dt: 1511.32ms | tok/sec: 346,907 | bf16_mfu: 0.00 | epoch: 1 pq: 16 rg: 11 | total time: 33.19m | eta: 28.0m
step 01373/02520 (54.48%) | loss: 3.054491 | lrm: 0.72 | dt: 1505.67ms | tok/sec: 348,208 | bf16_mfu: 0.00 | epoch: 1 pq: 16 rg: 12 | total time: 33.21m | eta: 27.9m
step 01374/02520 (54.52%) | loss: 3.051102 | lrm: 0.71 | dt: 1503.35ms | tok/sec: 348,747 | bf16_mfu: 0.00 | epoch: 1 pq: 16 rg: 13 | total time: 33.24m | eta: 27.9m
step 01375/02520 (54.56%) | loss: 3.059495 | lrm: 0.71 | dt: 1502.92ms | tok/sec: 348,845 | bf16_mfu: 0.00 | epoch: 1 pq: 16 rg: 14 | total time: 33.26m | eta: 27.9m
step 01376/02520 (54.60%) | loss: 3.062024 | lrm: 0.71 | dt: 1469.71ms | tok/sec: 356,728 | bf16_mfu: 0.00 | epoch: 1 pq: 16 rg: 15 | total time: 33.29m | eta: 27.9m
step 01377/02520 (54.64%) | loss: 3.065728 | lrm: 0.71 | dt: 1456.78ms | tok/sec: 359,896 | bf16_mfu: 0.00 | epoch: 1 pq: 16 rg: 16 | total time: 33.31m | eta: 27.9m
step 01378/02520 (54.68%) | loss: 3.061342 | lrm: 0.71 | dt: 1457.86ms | tok/sec: 359,627 | bf16_mfu: 0.00 | epoch: 1 pq: 16 rg: 17 | total time: 33.33m | eta: 27.8m
step 01379/02520 (54.72%) | loss: 3.062979 | lrm: 0.71 | dt: 1485.16ms | tok/sec: 353,016 | bf16_mfu: 0.00 | epoch: 1 pq: 16 rg: 18 | total time: 33.36m | eta: 27.8m
step 01380/02520 (54.76%) | loss: 3.070879 | lrm: 0.71 | dt: 1468.55ms | tok/sec: 357,011 | bf16_mfu: 0.00 | epoch: 1 pq: 16 rg: 19 | total time: 33.38m | eta: 27.8m
step 01381/02520 (54.80%) | loss: 3.068633 | lrm: 0.71 | dt: 1460.63ms | tok/sec: 358,946 | bf16_mfu: 0.00 | epoch: 1 pq: 16 rg: 20 | total time: 33.41m | eta: 27.8m
step 01382/02520 (54.84%) | loss: 3.055789 | lrm: 0.71 | dt: 1490.47ms | tok/sec: 351,759 | bf16_mfu: 0.00 | epoch: 1 pq: 16 rg: 21 | total time: 33.43m | eta: 27.7m
step 01383/02520 (54.88%) | loss: 3.061441 | lrm: 0.71 | dt: 1473.34ms | tok/sec: 355,850 | bf16_mfu: 0.00 | epoch: 1 pq: 16 rg: 22 | total time: 33.46m | eta: 27.7m
step 01384/02520 (54.92%) | loss: 3.056767 | lrm: 0.71 | dt: 1499.13ms | tok/sec: 349,727 | bf16_mfu: 0.00 | epoch: 1 pq: 16 rg: 23 | total time: 33.48m | eta: 27.7m
step 01385/02520 (54.96%) | loss: 3.056694 | lrm: 0.71 | dt: 1517.03ms | tok/sec: 345,602 | bf16_mfu: 0.00 | epoch: 1 pq: 16 rg: 24 | total time: 33.51m | eta: 27.7m
2026-09-27 15:57:03,646 - nanochat.checkpoint_manager - [32m[1mINFO[0m - Saved model parameters to: /home/neo/.cache/nanochat/base_checkpoints/looped_B8_lr1_lr1_h1.0_s0/model_001386.pt
2026-09-27 15:57:04,132 - nanochat.checkpoint_manager - [32m[1mINFO[0m - Saved optimizer state to: /home/neo/.cache/nanochat/base_checkpoints/looped_B8_lr1_lr1_h1.0_s0/optim_001386_rank0.pt
2026-09-27 15:57:04,134 - nanochat.checkpoint_manager - [32m[1mINFO[0m - Saved metadata to: /home/neo/.cache/nanochat/base_checkpoints/looped_B8_lr1_lr1_h1.0_s0/meta_001386.json
step 01386/02520 (55.00%) | loss: 3.058356 | lrm: 0.71 | dt: 1501.20ms | tok/sec: 349,245 | bf16_mfu: 0.00 | epoch: 1 pq: 16 rg: 25 | total time: 33.53m | eta: 27.6m
step 01387/02520 (55.04%) | loss: 3.076046 | lrm: 0.71 | dt: 1529.52ms | tok/sec: 342,779 | bf16_mfu: 0.00 | epoch: 1 pq: 16 rg: 26 | total time: 33.56m | eta: 27.6m
step 01388/02520 (55.08%) | loss: 3.077257 | lrm: 0.71 | dt: 1530.76ms | tok/sec: 342,501 | bf16_mfu: 0.00 | epoch: 1 pq: 16 rg: 27 | total time: 33.58m | eta: 27.6m
step 01389/02520 (55.12%) | loss: 3.078996 | lrm: 0.71 | dt: 1532.50ms | tok/sec: 342,112 | bf16_mfu: 0.00 | epoch: 1 pq: 16 rg: 28 | total time: 33.61m | eta: 27.6m
step 01390/02520 (55.16%) | loss: 3.074052 | lrm: 0.71 | dt: 1539.37ms | tok/sec: 340,586 | bf16_mfu: 0.00 | epoch: 1 pq: 16 rg: 29 | total time: 33.64m | eta: 27.5m
step 01391/02520 (55.20%) | loss: 3.078456 | lrm: 0.70 | dt: 1541.37ms | tok/sec: 340,143 | bf16_mfu: 0.00 | epoch: 1 pq: 16 rg: 30 | total time: 33.66m | eta: 27.5m
step 01392/02520 (55.24%) | loss: 3.076951 | lrm: 0.70 | dt: 1539.20ms | tok/sec: 340,623 | bf16_mfu: 0.00 | epoch: 1 pq: 16 rg: 30 | total time: 33.69m | eta: 27.5m
step 01393/02520 (55.28%) | loss: 3.077208 | lrm: 0.70 | dt: 1543.57ms | tok/sec: 339,658 | bf16_mfu: 0.00 | epoch: 1 pq: 16 rg: 31 | total time: 33.71m | eta: 27.5m
step 01394/02520 (55.32%) | loss: 3.076626 | lrm: 0.70 | dt: 1538.99ms | tok/sec: 340,669 | bf16_mfu: 0.00 | epoch: 1 pq: 16 rg: 32 | total time: 33.74m | eta: 27.4m
step 01395/02520 (55.36%) | loss: 3.062571 | lrm: 0.70 | dt: 1535.86ms | tok/sec: 341,365 | bf16_mfu: 0.00 | epoch: 1 pq: 16 rg: 33 | total time: 33.76m | eta: 27.4m
step 01396/02520 (55.40%) | loss: 3.055139 | lrm: 0.70 | dt: 1536.86ms | tok/sec: 341,142 | bf16_mfu: 0.00 | epoch: 1 pq: 16 rg: 34 | total time: 33.79m | eta: 27.4m
step 01397/02520 (55.44%) | loss: 3.047362 | lrm: 0.70 | dt: 1544.86ms | tok/sec: 339,375 | bf16_mfu: 0.00 | epoch: 1 pq: 16 rg: 35 | total time: 33.81m | eta: 27.4m
step 01398/02520 (55.48%) | loss: 3.047817 | lrm: 0.70 | dt: 1533.23ms | tok/sec: 341,950 | bf16_mfu: 0.00 | epoch: 1 pq: 16 rg: 36 | total time: 33.84m | eta: 27.4m
step 01399/02520 (55.52%) | loss: 3.042437 | lrm: 0.70 | dt: 1531.90ms | tok/sec: 342,247 | bf16_mfu: 0.00 | epoch: 1 pq: 16 rg: 37 | total time: 33.87m | eta: 27.3m
step 01400/02520 (55.56%) | loss: 3.035567 | lrm: 0.70 | dt: 1535.84ms | tok/sec: 341,369 | bf16_mfu: 0.00 | epoch: 1 pq: 16 rg: 38 | total time: 33.89m | eta: 27.3m
step 01401/02520 (55.60%) | loss: 3.038625 | lrm: 0.70 | dt: 1531.64ms | tok/sec: 342,305 | bf16_mfu: 0.00 | epoch: 1 pq: 16 rg: 39 | total time: 33.92m | eta: 27.3m
step 01402/02520 (55.63%) | loss: 3.042064 | lrm: 0.70 | dt: 1536.99ms | tok/sec: 341,113 | bf16_mfu: 0.00 | epoch: 1 pq: 16 rg: 40 | total time: 33.94m | eta: 27.3m
step 01403/02520 (55.67%) | loss: 3.039687 | lrm: 0.70 | dt: 1535.06ms | tok/sec: 341,542 | bf16_mfu: 0.00 | epoch: 1 pq: 16 rg: 41 | total time: 33.97m | eta: 27.2m
step 01404/02520 (55.71%) | loss: 3.029765 | lrm: 0.70 | dt: 1536.39ms | tok/sec: 341,247 | bf16_mfu: 0.00 | epoch: 1 pq: 16 rg: 42 | total time: 33.99m | eta: 27.2m
step 01405/02520 (55.75%) | loss: 3.030336 | lrm: 0.70 | dt: 1523.79ms | tok/sec: 344,067 | bf16_mfu: 0.00 | epoch: 1 pq: 16 rg: 43 | total time: 34.02m | eta: 27.2m
step 01406/02520 (55.79%) | loss: 3.046978 | lrm: 0.70 | dt: 1512.75ms | tok/sec: 346,579 | bf16_mfu: 0.00 | epoch: 1 pq: 16 rg: 44 | total time: 34.04m | eta: 27.2m
step 01407/02520 (55.83%) | loss: 3.042650 | lrm: 0.70 | dt: 1512.19ms | tok/sec: 346,706 | bf16_mfu: 0.00 | epoch: 1 pq: 16 rg: 45 | total time: 34.07m | eta: 27.1m
step 01408/02520 (55.87%) | loss: 3.056076 | lrm: 0.69 | dt: 1525.21ms | tok/sec: 343,747 | bf16_mfu: 0.00 | epoch: 1 pq: 16 rg: 46 | total time: 34.10m | eta: 27.1m
step 01409/02520 (55.91%) | loss: 3.062608 | lrm: 0.69 | dt: 1544.09ms | tok/sec: 339,545 | bf16_mfu: 0.00 | epoch: 1 pq: 16 rg: 47 | total time: 34.12m | eta: 27.1m
step 01410/02520 (55.95%) | loss: 3.058560 | lrm: 0.69 | dt: 1556.38ms | tok/sec: 336,863 | bf16_mfu: 0.00 | epoch: 1 pq: 16 rg: 48 | total time: 34.15m | eta: 27.1m
step 01411/02520 (55.99%) | loss: 3.057960 | lrm: 0.69 | dt: 1537.33ms | tok/sec: 341,037 | bf16_mfu: 0.00 | epoch: 1 pq: 16 rg: 49 | total time: 34.17m | eta: 27.1m
step 01412/02520 (56.03%) | loss: 3.068101 | lrm: 0.69 | dt: 1536.84ms | tok/sec: 341,146 | bf16_mfu: 0.00 | epoch: 1 pq: 16 rg: 50 | total time: 34.20m | eta: 27.0m
step 01413/02520 (56.07%) | loss: 3.060088 | lrm: 0.69 | dt: 1541.10ms | tok/sec: 340,203 | bf16_mfu: 0.00 | epoch: 1 pq: 16 rg: 51 | total time: 34.22m | eta: 27.0m
step 01414/02520 (56.11%) | loss: 3.045874 | lrm: 0.69 | dt: 1541.03ms | tok/sec: 340,220 | bf16_mfu: 0.00 | epoch: 1 pq: 16 rg: 52 | total time: 34.25m | eta: 27.0m
step 01415/02520 (56.15%) | loss: 3.046668 | lrm: 0.69 | dt: 1545.29ms | tok/sec: 339,280 | bf16_mfu: 0.00 | epoch: 1 pq: 16 rg: 53 | total time: 34.28m | eta: 27.0m
step 01416/02520 (56.19%) | loss: 3.035664 | lrm: 0.69 | dt: 1553.02ms | tok/sec: 337,592 | bf16_mfu: 0.00 | epoch: 1 pq: 16 rg: 54 | total time: 34.30m | eta: 26.9m
step 01417/02520 (56.23%) | loss: 3.050753 | lrm: 0.69 | dt: 1548.51ms | tok/sec: 338,575 | bf16_mfu: 0.00 | epoch: 1 pq: 16 rg: 55 | total time: 34.33m | eta: 26.9m
step 01418/02520 (56.27%) | loss: 3.062341 | lrm: 0.69 | dt: 1549.00ms | tok/sec: 338,469 | bf16_mfu: 0.00 | epoch: 1 pq: 16 rg: 56 | total time: 34.35m | eta: 26.9m
step 01419/02520 (56.31%) | loss: 3.061151 | lrm: 0.69 | dt: 1551.38ms | tok/sec: 337,949 | bf16_mfu: 0.00 | epoch: 1 pq: 16 rg: 56 | total time: 34.38m | eta: 26.9m
step 01420/02520 (56.35%) | loss: 3.056261 | lrm: 0.69 | dt: 1552.97ms | tok/sec: 337,604 | bf16_mfu: 0.00 | epoch: 1 pq: 16 rg: 57 | total time: 34.40m | eta: 26.8m
step 01421/02520 (56.39%) | loss: 3.062437 | lrm: 0.69 | dt: 1550.27ms | tok/sec: 338,191 | bf16_mfu: 0.00 | epoch: 1 pq: 16 rg: 58 | total time: 34.43m | eta: 26.8m
step 01422/02520 (56.43%) | loss: 3.064071 | lrm: 0.69 | dt: 1558.38ms | tok/sec: 336,432 | bf16_mfu: 0.00 | epoch: 1 pq: 16 rg: 59 | total time: 34.46m | eta: 26.8m
step 01423/02520 (56.47%) | loss: 3.064401 | lrm: 0.69 | dt: 1564.20ms | tok/sec: 335,179 | bf16_mfu: 0.00 | epoch: 1 pq: 16 rg: 60 | total time: 34.48m | eta: 26.8m
step 01424/02520 (56.51%) | loss: 3.070167 | lrm: 0.69 | dt: 1554.94ms | tok/sec: 337,175 | bf16_mfu: 0.00 | epoch: 1 pq: 16 rg: 61 | total time: 34.51m | eta: 26.7m
step 01425/02520 (56.55%) | loss: 3.054900 | lrm: 0.69 | dt: 1558.02ms | tok/sec: 336,508 | bf16_mfu: 0.00 | epoch: 1 pq: 16 rg: 62 | total time: 34.53m | eta: 26.7m
step 01426/02520 (56.59%) | loss: 3.045618 | lrm: 0.68 | dt: 1564.44ms | tok/sec: 335,128 | bf16_mfu: 0.00 | epoch: 1 pq: 16 rg: 63 | total time: 34.56m | eta: 26.7m
step 01427/02520 (56.63%) | loss: 3.045890 | lrm: 0.68 | dt: 1558.59ms | tok/sec: 336,386 | bf16_mfu: 0.00 | epoch: 1 pq: 16 rg: 64 | total time: 34.59m | eta: 26.7m
step 01428/02520 (56.67%) | loss: 3.042444 | lrm: 0.68 | dt: 1554.96ms | tok/sec: 337,171 | bf16_mfu: 0.00 | epoch: 1 pq: 16 rg: 65 | total time: 34.61m | eta: 26.7m
step 01429/02520 (56.71%) | loss: 3.041596 | lrm: 0.68 | dt: 1554.29ms | tok/sec: 337,316 | bf16_mfu: 0.00 | epoch: 1 pq: 16 rg: 66 | total time: 34.64m | eta: 26.6m
step 01430/02520 (56.75%) | loss: 3.042693 | lrm: 0.68 | dt: 1555.88ms | tok/sec: 336,971 | bf16_mfu: 0.00 | epoch: 1 pq: 16 rg: 67 | total time: 34.66m | eta: 26.6m
step 01431/02520 (56.79%) | loss: 3.039102 | lrm: 0.68 | dt: 1554.11ms | tok/sec: 337,356 | bf16_mfu: 0.00 | epoch: 1 pq: 16 rg: 68 | total time: 34.69m | eta: 26.6m
step 01432/02520 (56.83%) | loss: 3.039369 | lrm: 0.68 | dt: 1561.04ms | tok/sec: 335,859 | bf16_mfu: 0.00 | epoch: 1 pq: 16 rg: 69 | total time: 34.72m | eta: 26.6m
step 01433/02520 (56.87%) | loss: 3.047706 | lrm: 0.68 | dt: 1554.71ms | tok/sec: 337,226 | bf16_mfu: 0.00 | epoch: 1 pq: 16 rg: 70 | total time: 34.74m | eta: 26.5m
step 01434/02520 (56.90%) | loss: 3.054463 | lrm: 0.68 | dt: 1563.42ms | tok/sec: 335,346 | bf16_mfu: 0.00 | epoch: 1 pq: 16 rg: 71 | total time: 34.77m | eta: 26.5m
step 01435/02520 (56.94%) | loss: 3.050104 | lrm: 0.68 | dt: 1547.40ms | tok/sec: 338,819 | bf16_mfu: 0.00 | epoch: 1 pq: 16 rg: 72 | total time: 34.79m | eta: 26.5m
step 01436/02520 (56.98%) | loss: 3.050864 | lrm: 0.68 | dt: 1516.17ms | tok/sec: 345,798 | bf16_mfu: 0.00 | epoch: 1 pq: 16 rg: 73 | total time: 34.82m | eta: 26.5m
step 01437/02520 (57.02%) | loss: 3.048333 | lrm: 0.68 | dt: 1515.42ms | tok/sec: 345,967 | bf16_mfu: 0.00 | epoch: 1 pq: 16 rg: 74 | total time: 34.84m | eta: 26.4m
step 01438/02520 (57.06%) | loss: 3.028186 | lrm: 0.68 | dt: 1459.13ms | tok/sec: 359,316 | bf16_mfu: 0.00 | epoch: 1 pq: 16 rg: 75 | total time: 34.87m | eta: 26.4m
step 01439/02520 (57.10%) | loss: 3.027829 | lrm: 0.68 | dt: 1472.42ms | tok/sec: 356,071 | bf16_mfu: 0.00 | epoch: 1 pq: 16 rg: 76 | total time: 34.89m | eta: 26.4m
step 01440/02520 (57.14%) | loss: 3.032462 | lrm: 0.68 | dt: 1474.99ms | tok/sec: 355,452 | bf16_mfu: 0.00 | epoch: 1 pq: 16 rg: 77 | total time: 34.92m | eta: 26.4m
step 01441/02520 (57.18%) | loss: 3.025987 | lrm: 0.68 | dt: 1471.07ms | tok/sec: 356,398 | bf16_mfu: 0.00 | epoch: 1 pq: 16 rg: 78 | total time: 34.94m | eta: 26.3m
step 01442/02520 (57.22%) | loss: 3.026489 | lrm: 0.68 | dt: 1462.36ms | tok/sec: 358,522 | bf16_mfu: 0.00 | epoch: 1 pq: 16 rg: 79 | total time: 34.97m | eta: 26.3m
step 01443/02520 (57.26%) | loss: 3.031916 | lrm: 0.67 | dt: 1465.89ms | tok/sec: 357,657 | bf16_mfu: 0.00 | epoch: 1 pq: 16 rg: 80 | total time: 34.99m | eta: 26.3m
step 01444/02520 (57.30%) | loss: 3.023849 | lrm: 0.67 | dt: 1469.82ms | tok/sec: 356,702 | bf16_mfu: 0.00 | epoch: 1 pq: 16 rg: 81 | total time: 35.02m | eta: 26.3m
step 01445/02520 (57.34%) | loss: 3.004075 | lrm: 0.67 | dt: 1490.64ms | tok/sec: 351,720 | bf16_mfu: 0.00 | epoch: 1 pq: 16 rg: 82 | total time: 35.04m | eta: 26.2m
step 01446/02520 (57.38%) | loss: 3.004889 | lrm: 0.67 | dt: 1479.19ms | tok/sec: 354,443 | bf16_mfu: 0.00 | epoch: 1 pq: 16 rg: 82 | total time: 35.06m | eta: 26.2m
step 01447/02520 (57.42%) | loss: 3.015853 | lrm: 0.67 | dt: 1491.58ms | tok/sec: 351,499 | bf16_mfu: 0.00 | epoch: 1 pq: 17 rg: 0 | total time: 35.09m | eta: 26.2m
step 01448/02520 (57.46%) | loss: 3.029194 | lrm: 0.67 | dt: 1490.12ms | tok/sec: 351,842 | bf16_mfu: 0.00 | epoch: 1 pq: 17 rg: 1 | total time: 35.11m | eta: 26.2m
step 01449/02520 (57.50%) | loss: 3.027316 | lrm: 0.67 | dt: 1474.46ms | tok/sec: 355,580 | bf16_mfu: 0.00 | epoch: 1 pq: 17 rg: 2 | total time: 35.14m | eta: 26.2m
step 01450/02520 (57.54%) | loss: 3.025743 | lrm: 0.67 | dt: 1473.57ms | tok/sec: 355,794 | bf16_mfu: 0.00 | epoch: 1 pq: 17 rg: 3 | total time: 35.16m | eta: 26.1m
step 01451/02520 (57.58%) | loss: 3.025206 | lrm: 0.67 | dt: 1454.13ms | tok/sec: 360,550 | bf16_mfu: 0.00 | epoch: 1 pq: 17 rg: 4 | total time: 35.19m | eta: 26.1m
step 01452/02520 (57.62%) | loss: 3.027466 | lrm: 0.67 | dt: 1484.74ms | tok/sec: 353,118 | bf16_mfu: 0.00 | epoch: 1 pq: 17 rg: 5 | total time: 35.21m | eta: 26.1m
step 01453/02520 (57.66%) | loss: 3.025427 | lrm: 0.67 | dt: 1482.52ms | tok/sec: 353,645 | bf16_mfu: 0.00 | epoch: 1 pq: 17 rg: 6 | total time: 35.24m | eta: 26.1m
step 01454/02520 (57.70%) | loss: 3.030339 | lrm: 0.67 | dt: 1472.41ms | tok/sec: 356,074 | bf16_mfu: 0.00 | epoch: 1 pq: 17 rg: 7 | total time: 35.26m | eta: 26.0m
step 01455/02520 (57.74%) | loss: 3.036213 | lrm: 0.67 | dt: 1455.74ms | tok/sec: 360,151 | bf16_mfu: 0.00 | epoch: 1 pq: 17 rg: 8 | total time: 35.29m | eta: 26.0m
step 01456/02520 (57.78%) | loss: 3.042055 | lrm: 0.67 | dt: 1456.38ms | tok/sec: 359,994 | bf16_mfu: 0.00 | epoch: 1 pq: 17 rg: 9 | total time: 35.31m | eta: 26.0m
step 01457/02520 (57.82%) | loss: 3.037504 | lrm: 0.67 | dt: 1455.58ms | tok/sec: 360,191 | bf16_mfu: 0.00 | epoch: 1 pq: 17 rg: 10 | total time: 35.33m | eta: 26.0m
step 01458/02520 (57.86%) | loss: 3.034971 | lrm: 0.67 | dt: 1457.04ms | tok/sec: 359,831 | bf16_mfu: 0.00 | epoch: 1 pq: 17 rg: 11 | total time: 35.36m | eta: 25.9m
step 01459/02520 (57.90%) | loss: 3.027240 | lrm: 0.67 | dt: 1456.42ms | tok/sec: 359,983 | bf16_mfu: 0.00 | epoch: 1 pq: 17 rg: 12 | total time: 35.38m | eta: 25.9m
step 01460/02520 (57.94%) | loss: 3.027137 | lrm: 0.66 | dt: 1485.61ms | tok/sec: 352,910 | bf16_mfu: 0.00 | epoch: 1 pq: 17 rg: 13 | total time: 35.41m | eta: 25.9m
step 01461/02520 (57.98%) | loss: 3.027450 | lrm: 0.66 | dt: 1464.49ms | tok/sec: 358,000 | bf16_mfu: 0.00 | epoch: 1 pq: 17 rg: 14 | total time: 35.43m | eta: 25.9m
step 01462/02520 (58.02%) | loss: 3.027280 | lrm: 0.66 | dt: 1456.23ms | tok/sec: 360,032 | bf16_mfu: 0.00 | epoch: 1 pq: 17 rg: 15 | total time: 35.46m | eta: 25.8m
step 01463/02520 (58.06%) | loss: 3.031168 | lrm: 0.66 | dt: 1455.91ms | tok/sec: 360,109 | bf16_mfu: 0.00 | epoch: 1 pq: 17 rg: 16 | total time: 35.48m | eta: 25.8m
step 01464/02520 (58.10%) | loss: 3.050762 | lrm: 0.66 | dt: 1468.86ms | tok/sec: 356,935 | bf16_mfu: 0.00 | epoch: 1 pq: 17 rg: 17 | total time: 35.51m | eta: 25.8m
step 01465/02520 (58.13%) | loss: 3.041874 | lrm: 0.66 | dt: 1478.00ms | tok/sec: 354,727 | bf16_mfu: 0.00 | epoch: 1 pq: 17 rg: 18 | total time: 35.53m | eta: 25.8m
step 01466/02520 (58.17%) | loss: 3.040173 | lrm: 0.66 | dt: 1488.82ms | tok/sec: 352,149 | bf16_mfu: 0.00 | epoch: 1 pq: 17 rg: 19 | total time: 35.55m | eta: 25.7m
step 01467/02520 (58.21%) | loss: 3.048331 | lrm: 0.66 | dt: 1473.89ms | tok/sec: 355,716 | bf16_mfu: 0.00 | epoch: 1 pq: 17 rg: 20 | total time: 35.58m | eta: 25.7m
step 01468/02520 (58.25%) | loss: 3.059853 | lrm: 0.66 | dt: 1486.95ms | tok/sec: 352,593 | bf16_mfu: 0.00 | epoch: 1 pq: 17 rg: 21 | total time: 35.60m | eta: 25.7m
step 01469/02520 (58.29%) | loss: 3.055741 | lrm: 0.66 | dt: 1510.33ms | tok/sec: 347,135 | bf16_mfu: 0.00 | epoch: 1 pq: 17 rg: 22 | total time: 35.63m | eta: 25.7m
step 01470/02520 (58.33%) | loss: 3.057184 | lrm: 0.66 | dt: 1510.03ms | tok/sec: 347,204 | bf16_mfu: 0.00 | epoch: 1 pq: 17 rg: 23 | total time: 35.65m | eta: 25.6m
step 01471/02520 (58.37%) | loss: 3.057305 | lrm: 0.66 | dt: 1489.64ms | tok/sec: 351,955 | bf16_mfu: 0.00 | epoch: 1 pq: 17 rg: 24 | total time: 35.68m | eta: 25.6m
step 01472/02520 (58.41%) | loss: 3.058568 | lrm: 0.66 | dt: 1464.79ms | tok/sec: 357,926 | bf16_mfu: 0.00 | epoch: 1 pq: 17 rg: 25 | total time: 35.70m | eta: 25.6m
step 01473/02520 (58.45%) | loss: 3.059061 | lrm: 0.66 | dt: 1490.84ms | tok/sec: 351,673 | bf16_mfu: 0.00 | epoch: 1 pq: 17 rg: 26 | total time: 35.73m | eta: 25.6m
step 01474/02520 (58.49%) | loss: 3.052618 | lrm: 0.66 | dt: 1467.60ms | tok/sec: 357,241 | bf16_mfu: 0.00 | epoch: 1 pq: 17 rg: 27 | total time: 35.75m | eta: 25.5m
step 01475/02520 (58.53%) | loss: 3.058995 | lrm: 0.66 | dt: 1460.92ms | tok/sec: 358,874 | bf16_mfu: 0.00 | epoch: 1 pq: 17 rg: 28 | total time: 35.78m | eta: 25.5m
step 01476/02520 (58.57%) | loss: 3.068467 | lrm: 0.66 | dt: 1476.70ms | tok/sec: 355,040 | bf16_mfu: 0.00 | epoch: 1 pq: 17 rg: 29 | total time: 35.80m | eta: 25.5m
step 01477/02520 (58.61%) | loss: 3.068611 | lrm: 0.65 | dt: 1505.40ms | tok/sec: 348,271 | bf16_mfu: 0.00 | epoch: 1 pq: 17 rg: 30 | total time: 35.83m | eta: 25.5m
step 01478/02520 (58.65%) | loss: 3.061193 | lrm: 0.65 | dt: 1479.79ms | tok/sec: 354,299 | bf16_mfu: 0.00 | epoch: 1 pq: 17 rg: 30 | total time: 35.85m | eta: 25.4m
step 01479/02520 (58.69%) | loss: 3.063356 | lrm: 0.65 | dt: 1493.08ms | tok/sec: 351,145 | bf16_mfu: 0.00 | epoch: 1 pq: 17 rg: 31 | total time: 35.88m | eta: 25.4m
step 01480/02520 (58.73%) | loss: 3.066964 | lrm: 0.65 | dt: 1456.21ms | tok/sec: 360,035 | bf16_mfu: 0.00 | epoch: 1 pq: 17 rg: 32 | total time: 35.90m | eta: 25.4m
step 01481/02520 (58.77%) | loss: 3.062768 | lrm: 0.65 | dt: 1456.37ms | tok/sec: 359,997 | bf16_mfu: 0.00 | epoch: 1 pq: 17 rg: 33 | total time: 35.93m | eta: 25.4m
step 01482/02520 (58.81%) | loss: 3.060017 | lrm: 0.65 | dt: 1457.26ms | tok/sec: 359,775 | bf16_mfu: 0.00 | epoch: 1 pq: 17 rg: 34 | total time: 35.95m | eta: 25.4m
step 01483/02520 (58.85%) | loss: 3.059495 | lrm: 0.65 | dt: 1456.42ms | tok/sec: 359,983 | bf16_mfu: 0.00 | epoch: 1 pq: 17 rg: 35 | total time: 35.97m | eta: 25.3m
step 01484/02520 (58.89%) | loss: 3.057344 | lrm: 0.65 | dt: 1454.72ms | tok/sec: 360,404 | bf16_mfu: 0.00 | epoch: 1 pq: 17 rg: 36 | total time: 36.00m | eta: 25.3m
step 01485/02520 (58.93%) | loss: 3.060742 | lrm: 0.65 | dt: 1454.96ms | tok/sec: 360,346 | bf16_mfu: 0.00 | epoch: 1 pq: 17 rg: 37 | total time: 36.02m | eta: 25.3m
step 01486/02520 (58.97%) | loss: 3.058595 | lrm: 0.65 | dt: 1456.37ms | tok/sec: 359,997 | bf16_mfu: 0.00 | epoch: 1 pq: 17 rg: 38 | total time: 36.05m | eta: 25.3m
step 01487/02520 (59.01%) | loss: 3.049381 | lrm: 0.65 | dt: 1456.94ms | tok/sec: 359,855 | bf16_mfu: 0.00 | epoch: 1 pq: 17 rg: 39 | total time: 36.07m | eta: 25.2m
step 01488/02520 (59.05%) | loss: 3.027980 | lrm: 0.65 | dt: 1454.78ms | tok/sec: 360,389 | bf16_mfu: 0.00 | epoch: 1 pq: 17 rg: 40 | total time: 36.10m | eta: 25.2m
step 01489/02520 (59.09%) | loss: 3.043487 | lrm: 0.65 | dt: 1454.70ms | tok/sec: 360,410 | bf16_mfu: 0.00 | epoch: 1 pq: 17 rg: 41 | total time: 36.12m | eta: 25.2m
step 01490/02520 (59.13%) | loss: 3.039737 | lrm: 0.65 | dt: 1455.91ms | tok/sec: 360,109 | bf16_mfu: 0.00 | epoch: 1 pq: 17 rg: 42 | total time: 36.14m | eta: 25.2m
step 01491/02520 (59.17%) | loss: 3.035560 | lrm: 0.65 | dt: 1456.86ms | tok/sec: 359,875 | bf16_mfu: 0.00 | epoch: 1 pq: 17 rg: 43 | total time: 36.17m | eta: 25.1m
step 01492/02520 (59.21%) | loss: 3.028712 | lrm: 0.65 | dt: 1521.03ms | tok/sec: 344,692 | bf16_mfu: 0.00 | epoch: 1 pq: 17 rg: 44 | total time: 36.19m | eta: 25.1m
step 01493/02520 (59.25%) | loss: 3.026405 | lrm: 0.65 | dt: 1498.62ms | tok/sec: 349,847 | bf16_mfu: 0.00 | epoch: 1 pq: 17 rg: 45 | total time: 36.22m | eta: 25.1m
step 01494/02520 (59.29%) | loss: 3.026744 | lrm: 0.65 | dt: 1478.36ms | tok/sec: 354,641 | bf16_mfu: 0.00 | epoch: 1 pq: 17 rg: 46 | total time: 36.24m | eta: 25.1m
step 01495/02520 (59.33%) | loss: 3.024833 | lrm: 0.64 | dt: 1457.70ms | tok/sec: 359,669 | bf16_mfu: 0.00 | epoch: 1 pq: 17 rg: 47 | total time: 36.27m | eta: 25.0m
step 01496/02520 (59.37%) | loss: 3.021474 | lrm: 0.64 | dt: 1454.70ms | tok/sec: 360,410 | bf16_mfu: 0.00 | epoch: 1 pq: 17 rg: 48 | total time: 36.29m | eta: 25.0m
step 01497/02520 (59.40%) | loss: 3.015612 | lrm: 0.64 | dt: 1455.09ms | tok/sec: 360,312 | bf16_mfu: 0.00 | epoch: 1 pq: 17 rg: 49 | total time: 36.32m | eta: 25.0m
step 01498/02520 (59.44%) | loss: 3.014602 | lrm: 0.64 | dt: 1454.99ms | tok/sec: 360,337 | bf16_mfu: 0.00 | epoch: 1 pq: 17 rg: 50 | total time: 36.34m | eta: 25.0m
step 01499/02520 (59.48%) | loss: 3.004389 | lrm: 0.64 | dt: 1464.53ms | tok/sec: 357,990 | bf16_mfu: 0.00 | epoch: 1 pq: 17 rg: 51 | total time: 36.36m | eta: 24.9m
Step 01500 | Validation bpb: 0.922854
step 01500/02520 (59.52%) | loss: 3.016982 | lrm: 0.64 | dt: 1436.95ms | tok/sec: 364,860 | bf16_mfu: 0.00 | epoch: 1 pq: 17 rg: 52 | total time: 36.39m | eta: 24.9m
step 01501/02520 (59.56%) | loss: 3.024479 | lrm: 0.64 | dt: 1449.66ms | tok/sec: 361,663 | bf16_mfu: 0.00 | epoch: 1 pq: 17 rg: 53 | total time: 36.41m | eta: 24.9m
step 01502/02520 (59.60%) | loss: 3.031485 | lrm: 0.64 | dt: 1445.07ms | tok/sec: 362,811 | bf16_mfu: 0.00 | epoch: 1 pq: 17 rg: 54 | total time: 36.44m | eta: 24.9m
step 01503/02520 (59.64%) | loss: 3.021693 | lrm: 0.64 | dt: 1445.84ms | tok/sec: 362,618 | bf16_mfu: 0.00 | epoch: 1 pq: 17 rg: 55 | total time: 36.46m | eta: 24.8m
step 01504/02520 (59.68%) | loss: 3.024867 | lrm: 0.64 | dt: 1475.75ms | tok/sec: 355,268 | bf16_mfu: 0.00 | epoch: 1 pq: 17 rg: 56 | total time: 36.49m | eta: 24.8m
step 01505/02520 (59.72%) | loss: 3.028679 | lrm: 0.64 | dt: 1480.49ms | tok/sec: 354,130 | bf16_mfu: 0.00 | epoch: 1 pq: 17 rg: 57 | total time: 36.51m | eta: 24.8m
step 01506/02520 (59.76%) | loss: 3.035047 | lrm: 0.64 | dt: 1463.88ms | tok/sec: 358,149 | bf16_mfu: 0.00 | epoch: 1 pq: 17 rg: 58 | total time: 36.53m | eta: 24.8m
step 01507/02520 (59.80%) | loss: 3.037445 | lrm: 0.64 | dt: 1473.71ms | tok/sec: 355,759 | bf16_mfu: 0.00 | epoch: 1 pq: 17 rg: 59 | total time: 36.56m | eta: 24.7m
step 01508/02520 (59.84%) | loss: 3.029078 | lrm: 0.64 | dt: 1468.25ms | tok/sec: 357,083 | bf16_mfu: 0.00 | epoch: 1 pq: 17 rg: 60 | total time: 36.58m | eta: 24.7m
step 01509/02520 (59.88%) | loss: 3.038312 | lrm: 0.64 | dt: 1457.36ms | tok/sec: 359,752 | bf16_mfu: 0.00 | epoch: 1 pq: 17 rg: 60 | total time: 36.61m | eta: 24.7m
step 01510/02520 (59.92%) | loss: 3.048262 | lrm: 0.64 | dt: 1446.27ms | tok/sec: 362,510 | bf16_mfu: 0.00 | epoch: 1 pq: 17 rg: 61 | total time: 36.63m | eta: 24.7m
step 01511/02520 (59.96%) | loss: 3.048015 | lrm: 0.64 | dt: 1455.29ms | tok/sec: 360,263 | bf16_mfu: 0.00 | epoch: 1 pq: 17 rg: 62 | total time: 36.66m | eta: 24.6m
2026-09-27 16:00:57,554 - nanochat.checkpoint_manager - [32m[1mINFO[0m - Saved model parameters to: /home/neo/.cache/nanochat/base_checkpoints/looped_B8_lr1_lr1_h1.0_s0/model_001512.pt
2026-09-27 16:00:58,009 - nanochat.checkpoint_manager - [32m[1mINFO[0m - Saved optimizer state to: /home/neo/.cache/nanochat/base_checkpoints/looped_B8_lr1_lr1_h1.0_s0/optim_001512_rank0.pt
2026-09-27 16:00:58,010 - nanochat.checkpoint_manager - [32m[1mINFO[0m - Saved metadata to: /home/neo/.cache/nanochat/base_checkpoints/looped_B8_lr1_lr1_h1.0_s0/meta_001512.json
step 01512/02520 (60.00%) | loss: 3.041431 | lrm: 0.63 | dt: 1433.63ms | tok/sec: 365,707 | bf16_mfu: 0.00 | epoch: 1 pq: 17 rg: 63 | total time: 36.68m | eta: 24.6m
step 01513/02520 (60.04%) | loss: 3.039149 | lrm: 0.63 | dt: 1452.56ms | tok/sec: 360,941 | bf16_mfu: 0.00 | epoch: 1 pq: 17 rg: 64 | total time: 36.70m | eta: 24.6m
step 01514/02520 (60.08%) | loss: 3.033318 | lrm: 0.63 | dt: 1450.87ms | tok/sec: 361,360 | bf16_mfu: 0.00 | epoch: 1 pq: 17 rg: 65 | total time: 36.73m | eta: 24.6m
step 01515/02520 (60.12%) | loss: 3.031554 | lrm: 0.63 | dt: 1453.14ms | tok/sec: 360,797 | bf16_mfu: 0.00 | epoch: 1 pq: 17 rg: 66 | total time: 36.75m | eta: 24.5m
step 01516/02520 (60.16%) | loss: 3.022499 | lrm: 0.63 | dt: 1454.23ms | tok/sec: 360,525 | bf16_mfu: 0.00 | epoch: 1 pq: 17 rg: 67 | total time: 36.78m | eta: 24.5m
step 01517/02520 (60.20%) | loss: 3.015105 | lrm: 0.63 | dt: 1459.49ms | tok/sec: 359,226 | bf16_mfu: 0.00 | epoch: 1 pq: 17 rg: 68 | total time: 36.80m | eta: 24.5m
step 01518/02520 (60.24%) | loss: 3.014571 | lrm: 0.63 | dt: 1447.52ms | tok/sec: 362,196 | bf16_mfu: 0.00 | epoch: 1 pq: 17 rg: 69 | total time: 36.83m | eta: 24.5m
step 01519/02520 (60.28%) | loss: 3.022544 | lrm: 0.63 | dt: 1444.33ms | tok/sec: 362,997 | bf16_mfu: 0.00 | epoch: 1 pq: 17 rg: 70 | total time: 36.85m | eta: 24.4m
step 01520/02520 (60.32%) | loss: 3.019959 | lrm: 0.63 | dt: 1457.93ms | tok/sec: 359,611 | bf16_mfu: 0.00 | epoch: 1 pq: 17 rg: 71 | total time: 36.87m | eta: 24.4m
step 01521/02520 (60.36%) | loss: 3.025174 | lrm: 0.63 | dt: 1447.24ms | tok/sec: 362,266 | bf16_mfu: 0.00 | epoch: 1 pq: 17 rg: 72 | total time: 36.90m | eta: 24.4m
step 01522/02520 (60.40%) | loss: 3.020668 | lrm: 0.63 | dt: 1449.64ms | tok/sec: 361,668 | bf16_mfu: 0.00 | epoch: 1 pq: 17 rg: 73 | total time: 36.92m | eta: 24.4m
step 01523/02520 (60.44%) | loss: 3.020176 | lrm: 0.63 | dt: 1446.40ms | tok/sec: 362,477 | bf16_mfu: 0.00 | epoch: 1 pq: 17 rg: 74 | total time: 36.95m | eta: 24.3m
step 01524/02520 (60.48%) | loss: 3.025753 | lrm: 0.63 | dt: 1448.15ms | tok/sec: 362,040 | bf16_mfu: 0.00 | epoch: 1 pq: 17 rg: 75 | total time: 36.97m | eta: 24.3m
step 01525/02520 (60.52%) | loss: 3.014905 | lrm: 0.63 | dt: 1448.78ms | tok/sec: 361,883 | bf16_mfu: 0.00 | epoch: 1 pq: 17 rg: 76 | total time: 36.99m | eta: 24.3m
step 01526/02520 (60.56%) | loss: 3.013498 | lrm: 0.63 | dt: 1449.38ms | tok/sec: 361,732 | bf16_mfu: 0.00 | epoch: 1 pq: 17 rg: 77 | total time: 37.02m | eta: 24.3m
step 01527/02520 (60.60%) | loss: 3.024207 | lrm: 0.63 | dt: 1447.26ms | tok/sec: 362,262 | bf16_mfu: 0.00 | epoch: 1 pq: 17 rg: 78 | total time: 37.04m | eta: 24.2m
step 01528/02520 (60.63%) | loss: 3.029988 | lrm: 0.63 | dt: 1446.45ms | tok/sec: 362,466 | bf16_mfu: 0.00 | epoch: 1 pq: 17 rg: 79 | total time: 37.07m | eta: 24.2m
step 01529/02520 (60.67%) | loss: 3.033648 | lrm: 0.62 | dt: 1451.07ms | tok/sec: 361,310 | bf16_mfu: 0.00 | epoch: 1 pq: 17 rg: 80 | total time: 37.09m | eta: 24.2m
step 01530/02520 (60.71%) | loss: 3.035081 | lrm: 0.62 | dt: 1446.56ms | tok/sec: 362,438 | bf16_mfu: 0.00 | epoch: 1 pq: 17 rg: 81 | total time: 37.11m | eta: 24.2m
step 01531/02520 (60.75%) | loss: 3.045830 | lrm: 0.62 | dt: 1457.90ms | tok/sec: 359,617 | bf16_mfu: 0.00 | epoch: 1 pq: 17 rg: 82 | total time: 37.14m | eta: 24.1m
step 01532/02520 (60.79%) | loss: 3.048896 | lrm: 0.62 | dt: 1453.56ms | tok/sec: 360,692 | bf16_mfu: 0.00 | epoch: 1 pq: 18 rg: 0 | total time: 37.16m | eta: 24.1m
step 01533/02520 (60.83%) | loss: 3.045004 | lrm: 0.62 | dt: 1459.19ms | tok/sec: 359,301 | bf16_mfu: 0.00 | epoch: 1 pq: 18 rg: 1 | total time: 37.19m | eta: 24.1m
step 01534/02520 (60.87%) | loss: 3.048004 | lrm: 0.62 | dt: 1447.62ms | tok/sec: 362,171 | bf16_mfu: 0.00 | epoch: 1 pq: 18 rg: 2 | total time: 37.21m | eta: 24.1m
step 01535/02520 (60.91%) | loss: 3.053043 | lrm: 0.62 | dt: 1461.14ms | tok/sec: 358,820 | bf16_mfu: 0.00 | epoch: 1 pq: 18 rg: 2 | total time: 37.24m | eta: 24.1m
step 01536/02520 (60.95%) | loss: 3.045353 | lrm: 0.62 | dt: 1453.29ms | tok/sec: 360,758 | bf16_mfu: 0.00 | epoch: 1 pq: 18 rg: 3 | total time: 37.26m | eta: 24.0m
step 01537/02520 (60.99%) | loss: 3.033638 | lrm: 0.62 | dt: 1465.96ms | tok/sec: 357,642 | bf16_mfu: 0.00 | epoch: 1 pq: 18 rg: 4 | total time: 37.28m | eta: 24.0m
step 01538/02520 (61.03%) | loss: 3.034937 | lrm: 0.62 | dt: 1483.36ms | tok/sec: 353,446 | bf16_mfu: 0.00 | epoch: 1 pq: 18 rg: 5 | total time: 37.31m | eta: 24.0m
step 01539/02520 (61.07%) | loss: 3.037519 | lrm: 0.62 | dt: 1489.48ms | tok/sec: 351,992 | bf16_mfu: 0.00 | epoch: 1 pq: 18 rg: 6 | total time: 37.33m | eta: 24.0m
step 01540/02520 (61.11%) | loss: 3.040676 | lrm: 0.62 | dt: 1460.73ms | tok/sec: 358,922 | bf16_mfu: 0.00 | epoch: 1 pq: 18 rg: 7 | total time: 37.36m | eta: 23.9m
step 01541/02520 (61.15%) | loss: 3.026656 | lrm: 0.62 | dt: 1461.16ms | tok/sec: 358,816 | bf16_mfu: 0.00 | epoch: 1 pq: 18 rg: 8 | total time: 37.38m | eta: 23.9m
step 01542/02520 (61.19%) | loss: 3.020769 | lrm: 0.62 | dt: 1454.37ms | tok/sec: 360,490 | bf16_mfu: 0.00 | epoch: 1 pq: 18 rg: 9 | total time: 37.41m | eta: 23.9m
step 01543/02520 (61.23%) | loss: 3.016595 | lrm: 0.62 | dt: 1450.27ms | tok/sec: 361,510 | bf16_mfu: 0.00 | epoch: 1 pq: 18 rg: 10 | total time: 37.43m | eta: 23.9m
step 01544/02520 (61.27%) | loss: 3.004251 | lrm: 0.62 | dt: 1453.40ms | tok/sec: 360,731 | bf16_mfu: 0.00 | epoch: 1 pq: 18 rg: 11 | total time: 37.46m | eta: 23.8m
step 01545/02520 (61.31%) | loss: 3.013518 | lrm: 0.62 | dt: 1452.74ms | tok/sec: 360,896 | bf16_mfu: 0.00 | epoch: 1 pq: 18 rg: 12 | total time: 37.48m | eta: 23.8m
step 01546/02520 (61.35%) | loss: 3.016128 | lrm: 0.61 | dt: 1451.28ms | tok/sec: 361,258 | bf16_mfu: 0.00 | epoch: 1 pq: 18 rg: 13 | total time: 37.50m | eta: 23.8m
step 01547/02520 (61.39%) | loss: 3.018809 | lrm: 0.61 | dt: 1460.02ms | tok/sec: 359,096 | bf16_mfu: 0.00 | epoch: 1 pq: 18 rg: 14 | total time: 37.53m | eta: 23.8m
step 01548/02520 (61.43%) | loss: 3.023608 | lrm: 0.61 | dt: 1479.03ms | tok/sec: 354,480 | bf16_mfu: 0.00 | epoch: 1 pq: 18 rg: 15 | total time: 37.55m | eta: 23.7m
step 01549/02520 (61.47%) | loss: 3.025637 | lrm: 0.61 | dt: 1498.40ms | tok/sec: 349,898 | bf16_mfu: 0.00 | epoch: 1 pq: 18 rg: 16 | total time: 37.58m | eta: 23.7m
step 01550/02520 (61.51%) | loss: 3.038791 | lrm: 0.61 | dt: 1481.11ms | tok/sec: 353,983 | bf16_mfu: 0.00 | epoch: 1 pq: 18 rg: 17 | total time: 37.60m | eta: 23.7m
step 01551/02520 (61.55%) | loss: 3.043928 | lrm: 0.61 | dt: 1479.73ms | tok/sec: 354,312 | bf16_mfu: 0.00 | epoch: 1 pq: 18 rg: 18 | total time: 37.63m | eta: 23.7m
step 01552/02520 (61.59%) | loss: 3.034788 | lrm: 0.61 | dt: 1455.07ms | tok/sec: 360,317 | bf16_mfu: 0.00 | epoch: 1 pq: 18 rg: 19 | total time: 37.65m | eta: 23.6m
step 01553/02520 (61.63%) | loss: 3.041290 | lrm: 0.61 | dt: 1482.43ms | tok/sec: 353,668 | bf16_mfu: 0.00 | epoch: 1 pq: 18 rg: 20 | total time: 37.68m | eta: 23.6m
step 01554/02520 (61.67%) | loss: 3.034483 | lrm: 0.61 | dt: 1459.15ms | tok/sec: 359,310 | bf16_mfu: 0.00 | epoch: 1 pq: 18 rg: 21 | total time: 37.70m | eta: 23.6m
step 01555/02520 (61.71%) | loss: 3.030711 | lrm: 0.61 | dt: 1460.01ms | tok/sec: 359,099 | bf16_mfu: 0.00 | epoch: 1 pq: 18 rg: 22 | total time: 37.73m | eta: 23.6m
step 01556/02520 (61.75%) | loss: 3.039882 | lrm: 0.61 | dt: 1456.09ms | tok/sec: 360,065 | bf16_mfu: 0.00 | epoch: 1 pq: 18 rg: 23 | total time: 37.75m | eta: 23.5m
step 01557/02520 (61.79%) | loss: 3.035803 | lrm: 0.61 | dt: 1454.10ms | tok/sec: 360,557 | bf16_mfu: 0.00 | epoch: 1 pq: 18 rg: 24 | total time: 37.77m | eta: 23.5m
step 01558/02520 (61.83%) | loss: 3.026764 | lrm: 0.61 | dt: 1485.53ms | tok/sec: 352,930 | bf16_mfu: 0.00 | epoch: 1 pq: 18 rg: 25 | total time: 37.80m | eta: 23.5m
step 01559/02520 (61.87%) | loss: 3.031285 | lrm: 0.61 | dt: 1465.21ms | tok/sec: 357,824 | bf16_mfu: 0.00 | epoch: 1 pq: 18 rg: 26 | total time: 37.82m | eta: 23.5m
step 01560/02520 (61.90%) | loss: 3.027593 | lrm: 0.61 | dt: 1462.81ms | tok/sec: 358,410 | bf16_mfu: 0.00 | epoch: 1 pq: 18 rg: 27 | total time: 37.85m | eta: 23.4m
step 01561/02520 (61.94%) | loss: 3.026244 | lrm: 0.61 | dt: 1458.23ms | tok/sec: 359,536 | bf16_mfu: 0.00 | epoch: 1 pq: 18 rg: 28 | total time: 37.87m | eta: 23.4m
step 01562/02520 (61.98%) | loss: 3.020299 | lrm: 0.61 | dt: 1463.28ms | tok/sec: 358,296 | bf16_mfu: 0.00 | epoch: 1 pq: 18 rg: 29 | total time: 37.90m | eta: 23.4m
step 01563/02520 (62.02%) | loss: 3.026437 | lrm: 0.61 | dt: 1468.87ms | tok/sec: 356,931 | bf16_mfu: 0.00 | epoch: 1 pq: 18 rg: 30 | total time: 37.92m | eta: 23.4m
step 01564/02520 (62.06%) | loss: 3.025674 | lrm: 0.60 | dt: 1467.36ms | tok/sec: 357,301 | bf16_mfu: 0.00 | epoch: 1 pq: 18 rg: 31 | total time: 37.94m | eta: 23.3m
step 01565/02520 (62.10%) | loss: 3.023257 | lrm: 0.60 | dt: 1457.56ms | tok/sec: 359,701 | bf16_mfu: 0.00 | epoch: 1 pq: 18 rg: 32 | total time: 37.97m | eta: 23.3m
step 01566/02520 (62.14%) | loss: 3.035633 | lrm: 0.60 | dt: 1458.85ms | tok/sec: 359,384 | bf16_mfu: 0.00 | epoch: 1 pq: 18 rg: 32 | total time: 37.99m | eta: 23.3m
step 01567/02520 (62.18%) | loss: 3.039365 | lrm: 0.60 | dt: 1463.94ms | tok/sec: 358,133 | bf16_mfu: 0.00 | epoch: 1 pq: 18 rg: 33 | total time: 38.02m | eta: 23.3m
step 01568/02520 (62.22%) | loss: 3.034332 | lrm: 0.60 | dt: 1467.50ms | tok/sec: 357,265 | bf16_mfu: 0.00 | epoch: 1 pq: 18 rg: 34 | total time: 38.04m | eta: 23.2m
step 01569/02520 (62.26%) | loss: 3.030046 | lrm: 0.60 | dt: 1472.22ms | tok/sec: 356,120 | bf16_mfu: 0.00 | epoch: 1 pq: 18 rg: 35 | total time: 38.07m | eta: 23.2m
step 01570/02520 (62.30%) | loss: 3.034123 | lrm: 0.60 | dt: 1454.48ms | tok/sec: 360,463 | bf16_mfu: 0.00 | epoch: 1 pq: 18 rg: 36 | total time: 38.09m | eta: 23.2m
step 01571/02520 (62.34%) | loss: 3.038916 | lrm: 0.60 | dt: 1463.74ms | tok/sec: 358,182 | bf16_mfu: 0.00 | epoch: 1 pq: 18 rg: 37 | total time: 38.12m | eta: 23.2m
step 01572/02520 (62.38%) | loss: 3.029056 | lrm: 0.60 | dt: 1462.14ms | tok/sec: 358,575 | bf16_mfu: 0.00 | epoch: 1 pq: 18 rg: 38 | total time: 38.14m | eta: 23.1m
step 01573/02520 (62.42%) | loss: 3.033602 | lrm: 0.60 | dt: 1458.18ms | tok/sec: 359,548 | bf16_mfu: 0.00 | epoch: 1 pq: 18 rg: 39 | total time: 38.16m | eta: 23.1m
step 01574/02520 (62.46%) | loss: 3.035762 | lrm: 0.60 | dt: 1458.24ms | tok/sec: 359,534 | bf16_mfu: 0.00 | epoch: 1 pq: 18 rg: 40 | total time: 38.19m | eta: 23.1m
step 01575/02520 (62.50%) | loss: 3.029159 | lrm: 0.60 | dt: 1465.31ms | tok/sec: 357,800 | bf16_mfu: 0.00 | epoch: 1 pq: 18 rg: 41 | total time: 38.21m | eta: 23.1m
step 01576/02520 (62.54%) | loss: 3.024628 | lrm: 0.60 | dt: 1458.15ms | tok/sec: 359,556 | bf16_mfu: 0.00 | epoch: 1 pq: 18 rg: 42 | total time: 38.24m | eta: 23.0m
step 01577/02520 (62.58%) | loss: 3.012882 | lrm: 0.60 | dt: 1457.94ms | tok/sec: 359,608 | bf16_mfu: 0.00 | epoch: 1 pq: 18 rg: 43 | total time: 38.26m | eta: 23.0m
step 01578/02520 (62.62%) | loss: 3.010842 | lrm: 0.60 | dt: 1460.29ms | tok/sec: 359,031 | bf16_mfu: 0.00 | epoch: 1 pq: 18 rg: 44 | total time: 38.29m | eta: 23.0m
step 01579/02520 (62.66%) | loss: 3.024672 | lrm: 0.60 | dt: 1460.64ms | tok/sec: 358,943 | bf16_mfu: 0.00 | epoch: 1 pq: 18 rg: 45 | total time: 38.31m | eta: 23.0m
step 01580/02520 (62.70%) | loss: 3.034588 | lrm: 0.60 | dt: 1460.94ms | tok/sec: 358,869 | bf16_mfu: 0.00 | epoch: 1 pq: 18 rg: 46 | total time: 38.33m | eta: 23.0m
step 01581/02520 (62.74%) | loss: 3.011055 | lrm: 0.59 | dt: 1463.71ms | tok/sec: 358,191 | bf16_mfu: 0.00 | epoch: 1 pq: 18 rg: 47 | total time: 38.36m | eta: 22.9m
step 01582/02520 (62.78%) | loss: 2.999023 | lrm: 0.59 | dt: 1461.11ms | tok/sec: 358,828 | bf16_mfu: 0.00 | epoch: 1 pq: 18 rg: 48 | total time: 38.38m | eta: 22.9m
step 01583/02520 (62.82%) | loss: 3.008100 | lrm: 0.59 | dt: 1456.03ms | tok/sec: 360,080 | bf16_mfu: 0.00 | epoch: 1 pq: 18 rg: 49 | total time: 38.41m | eta: 22.9m
step 01584/02520 (62.86%) | loss: 3.008876 | lrm: 0.59 | dt: 1458.04ms | tok/sec: 359,584 | bf16_mfu: 0.00 | epoch: 1 pq: 18 rg: 50 | total time: 38.43m | eta: 22.9m
step 01585/02520 (62.90%) | loss: 3.013063 | lrm: 0.59 | dt: 1466.90ms | tok/sec: 357,412 | bf16_mfu: 0.00 | epoch: 1 pq: 18 rg: 51 | total time: 38.46m | eta: 22.8m
step 01586/02520 (62.94%) | loss: 3.020630 | lrm: 0.59 | dt: 1460.83ms | tok/sec: 358,896 | bf16_mfu: 0.00 | epoch: 1 pq: 18 rg: 52 | total time: 38.48m | eta: 22.8m
step 01587/02520 (62.98%) | loss: 3.031822 | lrm: 0.59 | dt: 1456.96ms | tok/sec: 359,851 | bf16_mfu: 0.00 | epoch: 1 pq: 18 rg: 53 | total time: 38.50m | eta: 22.8m
step 01588/02520 (63.02%) | loss: 3.021817 | lrm: 0.59 | dt: 1459.41ms | tok/sec: 359,245 | bf16_mfu: 0.00 | epoch: 1 pq: 18 rg: 54 | total time: 38.53m | eta: 22.8m
step 01589/02520 (63.06%) | loss: 3.016860 | lrm: 0.59 | dt: 1463.22ms | tok/sec: 358,311 | bf16_mfu: 0.00 | epoch: 1 pq: 18 rg: 55 | total time: 38.55m | eta: 22.7m
step 01590/02520 (63.10%) | loss: 3.017054 | lrm: 0.59 | dt: 1457.41ms | tok/sec: 359,740 | bf16_mfu: 0.00 | epoch: 1 pq: 18 rg: 56 | total time: 38.58m | eta: 22.7m
step 01591/02520 (63.13%) | loss: 3.005677 | lrm: 0.59 | dt: 1459.01ms | tok/sec: 359,344 | bf16_mfu: 0.00 | epoch: 1 pq: 18 rg: 57 | total time: 38.60m | eta: 22.7m
step 01592/02520 (63.17%) | loss: 2.989353 | lrm: 0.59 | dt: 1459.28ms | tok/sec: 359,279 | bf16_mfu: 0.00 | epoch: 1 pq: 18 rg: 58 | total time: 38.63m | eta: 22.7m
step 01593/02520 (63.21%) | loss: 3.010021 | lrm: 0.59 | dt: 1456.86ms | tok/sec: 359,876 | bf16_mfu: 0.00 | epoch: 1 pq: 18 rg: 59 | total time: 38.65m | eta: 22.6m
step 01594/02520 (63.25%) | loss: 3.010872 | lrm: 0.59 | dt: 1459.19ms | tok/sec: 359,301 | bf16_mfu: 0.00 | epoch: 1 pq: 18 rg: 60 | total time: 38.68m | eta: 22.6m
step 01595/02520 (63.29%) | loss: 3.002490 | lrm: 0.59 | dt: 1466.64ms | tok/sec: 357,475 | bf16_mfu: 0.00 | epoch: 1 pq: 18 rg: 61 | total time: 38.70m | eta: 22.6m
step 01596/02520 (63.33%) | loss: 3.015815 | lrm: 0.59 | dt: 1457.65ms | tok/sec: 359,680 | bf16_mfu: 0.00 | epoch: 1 pq: 18 rg: 62 | total time: 38.72m | eta: 22.6m
step 01597/02520 (63.37%) | loss: 3.016577 | lrm: 0.59 | dt: 1458.91ms | tok/sec: 359,369 | bf16_mfu: 0.00 | epoch: 1 pq: 18 rg: 63 | total time: 38.75m | eta: 22.5m
step 01598/02520 (63.41%) | loss: 3.018510 | lrm: 0.58 | dt: 1462.05ms | tok/sec: 358,597 | bf16_mfu: 0.00 | epoch: 1 pq: 18 rg: 64 | total time: 38.77m | eta: 22.5m
step 01599/02520 (63.45%) | loss: 3.007497 | lrm: 0.58 | dt: 1463.18ms | tok/sec: 358,322 | bf16_mfu: 0.00 | epoch: 1 pq: 18 rg: 65 | total time: 38.80m | eta: 22.5m
step 01600/02520 (63.49%) | loss: 3.009852 | lrm: 0.58 | dt: 1459.34ms | tok/sec: 359,264 | bf16_mfu: 0.00 | epoch: 1 pq: 18 rg: 66 | total time: 38.82m | eta: 22.5m
step 01601/02520 (63.53%) | loss: 3.000499 | lrm: 0.58 | dt: 1459.93ms | tok/sec: 359,118 | bf16_mfu: 0.00 | epoch: 1 pq: 18 rg: 66 | total time: 38.85m | eta: 22.4m
step 01602/02520 (63.57%) | loss: 2.986165 | lrm: 0.58 | dt: 1462.62ms | tok/sec: 358,458 | bf16_mfu: 0.00 | epoch: 1 pq: 18 rg: 67 | total time: 38.87m | eta: 22.4m
step 01603/02520 (63.61%) | loss: 2.997473 | lrm: 0.58 | dt: 1456.80ms | tok/sec: 359,891 | bf16_mfu: 0.00 | epoch: 1 pq: 18 rg: 68 | total time: 38.89m | eta: 22.4m
step 01604/02520 (63.65%) | loss: 3.005263 | lrm: 0.58 | dt: 1459.67ms | tok/sec: 359,182 | bf16_mfu: 0.00 | epoch: 1 pq: 18 rg: 69 | total time: 38.92m | eta: 22.4m
step 01605/02520 (63.69%) | loss: 3.006218 | lrm: 0.58 | dt: 1458.70ms | tok/sec: 359,420 | bf16_mfu: 0.00 | epoch: 1 pq: 18 rg: 70 | total time: 38.94m | eta: 22.3m
step 01606/02520 (63.73%) | loss: 3.019485 | lrm: 0.58 | dt: 1457.43ms | tok/sec: 359,734 | bf16_mfu: 0.00 | epoch: 1 pq: 18 rg: 71 | total time: 38.97m | eta: 22.3m
step 01607/02520 (63.77%) | loss: 3.031774 | lrm: 0.58 | dt: 1474.81ms | tok/sec: 355,495 | bf16_mfu: 0.00 | epoch: 1 pq: 18 rg: 72 | total time: 38.99m | eta: 22.3m
step 01608/02520 (63.81%) | loss: 3.023438 | lrm: 0.58 | dt: 1458.14ms | tok/sec: 359,558 | bf16_mfu: 0.00 | epoch: 1 pq: 18 rg: 73 | total time: 39.02m | eta: 22.3m
step 01609/02520 (63.85%) | loss: 3.031717 | lrm: 0.58 | dt: 1461.56ms | tok/sec: 358,718 | bf16_mfu: 0.00 | epoch: 1 pq: 18 rg: 74 | total time: 39.04m | eta: 22.2m
step 01610/02520 (63.89%) | loss: 3.024408 | lrm: 0.58 | dt: 1455.53ms | tok/sec: 360,203 | bf16_mfu: 0.00 | epoch: 1 pq: 18 rg: 75 | total time: 39.06m | eta: 22.2m
step 01611/02520 (63.93%) | loss: 3.029791 | lrm: 0.58 | dt: 1458.39ms | tok/sec: 359,498 | bf16_mfu: 0.00 | epoch: 1 pq: 18 rg: 76 | total time: 39.09m | eta: 22.2m
step 01612/02520 (63.97%) | loss: 3.014731 | lrm: 0.58 | dt: 1458.22ms | tok/sec: 359,538 | bf16_mfu: 0.00 | epoch: 1 pq: 18 rg: 77 | total time: 39.11m | eta: 22.2m
step 01613/02520 (64.01%) | loss: 3.011367 | lrm: 0.58 | dt: 1466.09ms | tok/sec: 357,608 | bf16_mfu: 0.00 | epoch: 1 pq: 18 rg: 78 | total time: 39.14m | eta: 22.1m
step 01614/02520 (64.05%) | loss: 3.010853 | lrm: 0.58 | dt: 1461.03ms | tok/sec: 358,848 | bf16_mfu: 0.00 | epoch: 1 pq: 18 rg: 79 | total time: 39.16m | eta: 22.1m
step 01615/02520 (64.09%) | loss: 3.001544 | lrm: 0.57 | dt: 1456.99ms | tok/sec: 359,843 | bf16_mfu: 0.00 | epoch: 1 pq: 18 rg: 80 | total time: 39.19m | eta: 22.1m
step 01616/02520 (64.13%) | loss: 3.006460 | lrm: 0.57 | dt: 1459.48ms | tok/sec: 359,229 | bf16_mfu: 0.00 | epoch: 1 pq: 18 rg: 81 | total time: 39.21m | eta: 22.1m
step 01617/02520 (64.17%) | loss: 3.010255 | lrm: 0.57 | dt: 1455.74ms | tok/sec: 360,153 | bf16_mfu: 0.00 | epoch: 1 pq: 18 rg: 82 | total time: 39.23m | eta: 22.0m
step 01618/02520 (64.21%) | loss: 3.009412 | lrm: 0.57 | dt: 1457.52ms | tok/sec: 359,712 | bf16_mfu: 0.00 | epoch: 1 pq: 19 rg: 0 | total time: 39.26m | eta: 22.0m
step 01619/02520 (64.25%) | loss: 3.001293 | lrm: 0.57 | dt: 1460.20ms | tok/sec: 359,051 | bf16_mfu: 0.00 | epoch: 1 pq: 19 rg: 1 | total time: 39.28m | eta: 22.0m
step 01620/02520 (64.29%) | loss: 2.984434 | lrm: 0.57 | dt: 1458.64ms | tok/sec: 359,436 | bf16_mfu: 0.00 | epoch: 1 pq: 19 rg: 2 | total time: 39.31m | eta: 22.0m
step 01621/02520 (64.33%) | loss: 2.972473 | lrm: 0.57 | dt: 1461.51ms | tok/sec: 358,729 | bf16_mfu: 0.00 | epoch: 1 pq: 19 rg: 3 | total time: 39.33m | eta: 21.9m
step 01622/02520 (64.37%) | loss: 2.978476 | lrm: 0.57 | dt: 1458.09ms | tok/sec: 359,571 | bf16_mfu: 0.00 | epoch: 1 pq: 19 rg: 4 | total time: 39.36m | eta: 21.9m
step 01623/02520 (64.40%) | loss: 2.984620 | lrm: 0.57 | dt: 1463.04ms | tok/sec: 358,354 | bf16_mfu: 0.00 | epoch: 1 pq: 19 rg: 5 | total time: 39.38m | eta: 21.9m
step 01624/02520 (64.44%) | loss: 2.989479 | lrm: 0.57 | dt: 1463.96ms | tok/sec: 358,130 | bf16_mfu: 0.00 | epoch: 1 pq: 19 rg: 6 | total time: 39.41m | eta: 21.9m
step 01625/02520 (64.48%) | loss: 2.986308 | lrm: 0.57 | dt: 1485.60ms | tok/sec: 352,913 | bf16_mfu: 0.00 | epoch: 1 pq: 19 rg: 7 | total time: 39.43m | eta: 21.9m
step 01626/02520 (64.52%) | loss: 2.977583 | lrm: 0.57 | dt: 1475.69ms | tok/sec: 355,283 | bf16_mfu: 0.00 | epoch: 1 pq: 19 rg: 8 | total time: 39.45m | eta: 21.8m
step 01627/02520 (64.56%) | loss: 2.976529 | lrm: 0.57 | dt: 1456.70ms | tok/sec: 359,914 | bf16_mfu: 0.00 | epoch: 1 pq: 19 rg: 9 | total time: 39.48m | eta: 21.8m
step 01628/02520 (64.60%) | loss: 2.975808 | lrm: 0.57 | dt: 1462.23ms | tok/sec: 358,553 | bf16_mfu: 0.00 | epoch: 1 pq: 19 rg: 10 | total time: 39.50m | eta: 21.8m
step 01629/02520 (64.64%) | loss: 2.972214 | lrm: 0.57 | dt: 1458.24ms | tok/sec: 359,534 | bf16_mfu: 0.00 | epoch: 1 pq: 19 rg: 11 | total time: 39.53m | eta: 21.8m
step 01630/02520 (64.68%) | loss: 2.976494 | lrm: 0.57 | dt: 1465.88ms | tok/sec: 357,661 | bf16_mfu: 0.00 | epoch: 1 pq: 19 rg: 12 | total time: 39.55m | eta: 21.7m
step 01631/02520 (64.72%) | loss: 2.974321 | lrm: 0.57 | dt: 1463.77ms | tok/sec: 358,175 | bf16_mfu: 0.00 | epoch: 1 pq: 19 rg: 13 | total time: 39.58m | eta: 21.7m
step 01632/02520 (64.76%) | loss: 2.967285 | lrm: 0.57 | dt: 1461.38ms | tok/sec: 358,762 | bf16_mfu: 0.00 | epoch: 1 pq: 19 rg: 14 | total time: 39.60m | eta: 21.7m
step 01633/02520 (64.80%) | loss: 2.971327 | lrm: 0.56 | dt: 1473.57ms | tok/sec: 355,794 | bf16_mfu: 0.00 | epoch: 1 pq: 19 rg: 15 | total time: 39.63m | eta: 21.7m
step 01634/02520 (64.84%) | loss: 2.977229 | lrm: 0.56 | dt: 1472.62ms | tok/sec: 356,024 | bf16_mfu: 0.00 | epoch: 1 pq: 19 rg: 16 | total time: 39.65m | eta: 21.6m
step 01635/02520 (64.88%) | loss: 2.976814 | lrm: 0.56 | dt: 1459.09ms | tok/sec: 359,324 | bf16_mfu: 0.00 | epoch: 1 pq: 19 rg: 17 | total time: 39.67m | eta: 21.6m
step 01636/02520 (64.92%) | loss: 2.988502 | lrm: 0.56 | dt: 1459.95ms | tok/sec: 359,114 | bf16_mfu: 0.00 | epoch: 1 pq: 19 rg: 18 | total time: 39.70m | eta: 21.6m
step 01637/02520 (64.96%) | loss: 2.983572 | lrm: 0.56 | dt: 1489.30ms | tok/sec: 352,036 | bf16_mfu: 0.00 | epoch: 1 pq: 19 rg: 19 | total time: 39.72m | eta: 21.6m
2026-09-27 16:04:02,333 - nanochat.checkpoint_manager - [32m[1mINFO[0m - Saved model parameters to: /home/neo/.cache/nanochat/base_checkpoints/looped_B8_lr1_lr1_h1.0_s0/model_001638.pt
2026-09-27 16:04:02,784 - nanochat.checkpoint_manager - [32m[1mINFO[0m - Saved optimizer state to: /home/neo/.cache/nanochat/base_checkpoints/looped_B8_lr1_lr1_h1.0_s0/optim_001638_rank0.pt
2026-09-27 16:04:02,785 - nanochat.checkpoint_manager - [32m[1mINFO[0m - Saved metadata to: /home/neo/.cache/nanochat/base_checkpoints/looped_B8_lr1_lr1_h1.0_s0/meta_001638.json
step 01638/02520 (65.00%) | loss: 2.992923 | lrm: 0.56 | dt: 1478.68ms | tok/sec: 354,564 | bf16_mfu: 0.00 | epoch: 1 pq: 19 rg: 20 | total time: 39.75m | eta: 21.5m
step 01639/02520 (65.04%) | loss: 3.004168 | lrm: 0.56 | dt: 1486.79ms | tok/sec: 352,630 | bf16_mfu: 0.00 | epoch: 1 pq: 19 rg: 21 | total time: 39.77m | eta: 21.5m
step 01640/02520 (65.08%) | loss: 2.997811 | lrm: 0.56 | dt: 1476.49ms | tok/sec: 355,091 | bf16_mfu: 0.00 | epoch: 1 pq: 19 rg: 22 | total time: 39.80m | eta: 21.5m
step 01641/02520 (65.12%) | loss: 2.998469 | lrm: 0.56 | dt: 1475.77ms | tok/sec: 355,264 | bf16_mfu: 0.00 | epoch: 1 pq: 19 rg: 23 | total time: 39.82m | eta: 21.5m
step 01642/02520 (65.16%) | loss: 3.003509 | lrm: 0.56 | dt: 1474.36ms | tok/sec: 355,602 | bf16_mfu: 0.00 | epoch: 1 pq: 19 rg: 23 | total time: 39.85m | eta: 21.4m
step 01643/02520 (65.20%) | loss: 3.000692 | lrm: 0.56 | dt: 1481.66ms | tok/sec: 353,851 | bf16_mfu: 0.00 | epoch: 1 pq: 19 rg: 24 | total time: 39.87m | eta: 21.4m
step 01644/02520 (65.24%) | loss: 2.994119 | lrm: 0.56 | dt: 1479.00ms | tok/sec: 354,488 | bf16_mfu: 0.00 | epoch: 1 pq: 19 rg: 25 | total time: 39.90m | eta: 21.4m
step 01645/02520 (65.28%) | loss: 2.986916 | lrm: 0.56 | dt: 1472.23ms | tok/sec: 356,117 | bf16_mfu: 0.00 | epoch: 1 pq: 19 rg: 26 | total time: 39.92m | eta: 21.4m
step 01646/02520 (65.32%) | loss: 2.981337 | lrm: 0.56 | dt: 1476.97ms | tok/sec: 354,976 | bf16_mfu: 0.00 | epoch: 1 pq: 19 rg: 27 | total time: 39.95m | eta: 21.3m
step 01647/02520 (65.36%) | loss: 2.991301 | lrm: 0.56 | dt: 1472.75ms | tok/sec: 355,991 | bf16_mfu: 0.00 | epoch: 1 pq: 19 rg: 28 | total time: 39.97m | eta: 21.3m
step 01648/02520 (65.40%) | loss: 2.993108 | lrm: 0.56 | dt: 1482.90ms | tok/sec: 353,555 | bf16_mfu: 0.00 | epoch: 1 pq: 19 rg: 29 | total time: 39.99m | eta: 21.3m
step 01649/02520 (65.44%) | loss: 3.000005 | lrm: 0.56 | dt: 1498.55ms | tok/sec: 349,863 | bf16_mfu: 0.00 | epoch: 1 pq: 19 rg: 30 | total time: 40.02m | eta: 21.3m
step 01650/02520 (65.48%) | loss: 3.009877 | lrm: 0.55 | dt: 1494.66ms | tok/sec: 350,773 | bf16_mfu: 0.00 | epoch: 1 pq: 19 rg: 31 | total time: 40.04m | eta: 21.2m
step 01651/02520 (65.52%) | loss: 3.010540 | lrm: 0.55 | dt: 1471.47ms | tok/sec: 356,302 | bf16_mfu: 0.00 | epoch: 1 pq: 19 rg: 32 | total time: 40.07m | eta: 21.2m
step 01652/02520 (65.56%) | loss: 3.015175 | lrm: 0.55 | dt: 1456.27ms | tok/sec: 360,021 | bf16_mfu: 0.00 | epoch: 1 pq: 19 rg: 33 | total time: 40.09m | eta: 21.2m
step 01653/02520 (65.60%) | loss: 3.023577 | lrm: 0.55 | dt: 1467.55ms | tok/sec: 357,254 | bf16_mfu: 0.00 | epoch: 1 pq: 19 rg: 34 | total time: 40.12m | eta: 21.2m
step 01654/02520 (65.63%) | loss: 3.020116 | lrm: 0.55 | dt: 1462.12ms | tok/sec: 358,579 | bf16_mfu: 0.00 | epoch: 1 pq: 19 rg: 35 | total time: 40.14m | eta: 21.1m
step 01655/02520 (65.67%) | loss: 3.018433 | lrm: 0.55 | dt: 1457.29ms | tok/sec: 359,768 | bf16_mfu: 0.00 | epoch: 1 pq: 19 rg: 36 | total time: 40.17m | eta: 21.1m
step 01656/02520 (65.71%) | loss: 3.016336 | lrm: 0.55 | dt: 1462.69ms | tok/sec: 358,441 | bf16_mfu: 0.00 | epoch: 1 pq: 19 rg: 37 | total time: 40.19m | eta: 21.1m
step 01657/02520 (65.75%) | loss: 3.012641 | lrm: 0.55 | dt: 1462.09ms | tok/sec: 358,587 | bf16_mfu: 0.00 | epoch: 1 pq: 19 rg: 38 | total time: 40.21m | eta: 21.1m
step 01658/02520 (65.79%) | loss: 2.998681 | lrm: 0.55 | dt: 1468.64ms | tok/sec: 356,988 | bf16_mfu: 0.00 | epoch: 1 pq: 19 rg: 39 | total time: 40.24m | eta: 21.0m
step 01659/02520 (65.83%) | loss: 2.983252 | lrm: 0.55 | dt: 1458.68ms | tok/sec: 359,427 | bf16_mfu: 0.00 | epoch: 1 pq: 19 rg: 40 | total time: 40.26m | eta: 21.0m
step 01660/02520 (65.87%) | loss: 2.984792 | lrm: 0.55 | dt: 1457.12ms | tok/sec: 359,811 | bf16_mfu: 0.00 | epoch: 1 pq: 19 rg: 41 | total time: 40.29m | eta: 21.0m
step 01661/02520 (65.91%) | loss: 2.972970 | lrm: 0.55 | dt: 1509.56ms | tok/sec: 347,312 | bf16_mfu: 0.00 | epoch: 1 pq: 19 rg: 42 | total time: 40.31m | eta: 21.0m
step 01662/02520 (65.95%) | loss: 2.977421 | lrm: 0.55 | dt: 1473.30ms | tok/sec: 355,860 | bf16_mfu: 0.00 | epoch: 1 pq: 19 rg: 43 | total time: 40.34m | eta: 21.0m
step 01663/02520 (65.99%) | loss: 2.975789 | lrm: 0.55 | dt: 1455.61ms | tok/sec: 360,184 | bf16_mfu: 0.00 | epoch: 1 pq: 19 rg: 44 | total time: 40.36m | eta: 20.9m
step 01664/02520 (66.03%) | loss: 2.995857 | lrm: 0.55 | dt: 1471.02ms | tok/sec: 356,412 | bf16_mfu: 0.00 | epoch: 1 pq: 19 rg: 45 | total time: 40.39m | eta: 20.9m
step 01665/02520 (66.07%) | loss: 2.989998 | lrm: 0.55 | dt: 1466.09ms | tok/sec: 357,608 | bf16_mfu: 0.00 | epoch: 1 pq: 19 rg: 46 | total time: 40.41m | eta: 20.9m
step 01666/02520 (66.11%) | loss: 2.989332 | lrm: 0.55 | dt: 1458.30ms | tok/sec: 359,519 | bf16_mfu: 0.00 | epoch: 1 pq: 19 rg: 47 | total time: 40.44m | eta: 20.9m
step 01667/02520 (66.15%) | loss: 2.997505 | lrm: 0.54 | dt: 1458.89ms | tok/sec: 359,374 | bf16_mfu: 0.00 | epoch: 1 pq: 19 rg: 48 | total time: 40.46m | eta: 20.8m
step 01668/02520 (66.19%) | loss: 2.995721 | lrm: 0.54 | dt: 1458.36ms | tok/sec: 359,505 | bf16_mfu: 0.00 | epoch: 1 pq: 19 rg: 49 | total time: 40.48m | eta: 20.8m
step 01669/02520 (66.23%) | loss: 2.999997 | lrm: 0.54 | dt: 1451.87ms | tok/sec: 361,112 | bf16_mfu: 0.00 | epoch: 1 pq: 19 rg: 50 | total time: 40.51m | eta: 20.8m
step 01670/02520 (66.27%) | loss: 2.993533 | lrm: 0.54 | dt: 1455.79ms | tok/sec: 360,140 | bf16_mfu: 0.00 | epoch: 1 pq: 19 rg: 50 | total time: 40.53m | eta: 20.8m
step 01671/02520 (66.31%) | loss: 2.993438 | lrm: 0.54 | dt: 1455.19ms | tok/sec: 360,287 | bf16_mfu: 0.00 | epoch: 1 pq: 19 rg: 51 | total time: 40.56m | eta: 20.7m
step 01672/02520 (66.35%) | loss: 2.990157 | lrm: 0.54 | dt: 1453.91ms | tok/sec: 360,605 | bf16_mfu: 0.00 | epoch: 1 pq: 19 rg: 52 | total time: 40.58m | eta: 20.7m
step 01673/02520 (66.39%) | loss: 2.991698 | lrm: 0.54 | dt: 1454.82ms | tok/sec: 360,378 | bf16_mfu: 0.00 | epoch: 1 pq: 19 rg: 53 | total time: 40.60m | eta: 20.7m
step 01674/02520 (66.43%) | loss: 2.992356 | lrm: 0.54 | dt: 1454.84ms | tok/sec: 360,376 | bf16_mfu: 0.00 | epoch: 1 pq: 19 rg: 54 | total time: 40.63m | eta: 20.7m
step 01675/02520 (66.47%) | loss: 2.995075 | lrm: 0.54 | dt: 1462.61ms | tok/sec: 358,461 | bf16_mfu: 0.00 | epoch: 1 pq: 19 rg: 55 | total time: 40.65m | eta: 20.6m
step 01676/02520 (66.51%) | loss: 2.996383 | lrm: 0.54 | dt: 1461.98ms | tok/sec: 358,615 | bf16_mfu: 0.00 | epoch: 1 pq: 19 rg: 56 | total time: 40.68m | eta: 20.6m
step 01677/02520 (66.55%) | loss: 2.997252 | lrm: 0.54 | dt: 1468.00ms | tok/sec: 357,145 | bf16_mfu: 0.00 | epoch: 1 pq: 19 rg: 57 | total time: 40.70m | eta: 20.6m
step 01678/02520 (66.59%) | loss: 2.995370 | lrm: 0.54 | dt: 1456.79ms | tok/sec: 359,893 | bf16_mfu: 0.00 | epoch: 1 pq: 19 rg: 58 | total time: 40.73m | eta: 20.6m
step 01679/02520 (66.63%) | loss: 2.994399 | lrm: 0.54 | dt: 1494.34ms | tok/sec: 350,849 | bf16_mfu: 0.00 | epoch: 1 pq: 19 rg: 59 | total time: 40.75m | eta: 20.5m
step 01680/02520 (66.67%) | loss: 2.998172 | lrm: 0.54 | dt: 1508.88ms | tok/sec: 347,467 | bf16_mfu: 0.00 | epoch: 1 pq: 19 rg: 60 | total time: 40.78m | eta: 20.5m
step 01681/02520 (66.71%) | loss: 2.985011 | lrm: 0.54 | dt: 1472.20ms | tok/sec: 356,124 | bf16_mfu: 0.00 | epoch: 1 pq: 19 rg: 61 | total time: 40.80m | eta: 20.5m
step 01682/02520 (66.75%) | loss: 2.969414 | lrm: 0.54 | dt: 1479.24ms | tok/sec: 354,430 | bf16_mfu: 0.00 | epoch: 1 pq: 19 rg: 62 | total time: 40.83m | eta: 20.5m
step 01683/02520 (66.79%) | loss: 2.966793 | lrm: 0.54 | dt: 1470.56ms | tok/sec: 356,523 | bf16_mfu: 0.00 | epoch: 1 pq: 19 rg: 63 | total time: 40.85m | eta: 20.4m
step 01684/02520 (66.83%) | loss: 2.956095 | lrm: 0.53 | dt: 1467.35ms | tok/sec: 357,303 | bf16_mfu: 0.00 | epoch: 1 pq: 19 rg: 64 | total time: 40.87m | eta: 20.4m
step 01685/02520 (66.87%) | loss: 2.958125 | lrm: 0.53 | dt: 1452.49ms | tok/sec: 360,958 | bf16_mfu: 0.00 | epoch: 1 pq: 19 rg: 65 | total time: 40.90m | eta: 20.4m
step 01686/02520 (66.90%) | loss: 2.957957 | lrm: 0.53 | dt: 1458.22ms | tok/sec: 359,540 | bf16_mfu: 0.00 | epoch: 1 pq: 19 rg: 66 | total time: 40.92m | eta: 20.4m
step 01687/02520 (66.94%) | loss: 2.969520 | lrm: 0.53 | dt: 1459.39ms | tok/sec: 359,252 | bf16_mfu: 0.00 | epoch: 1 pq: 19 rg: 67 | total time: 40.95m | eta: 20.3m
step 01688/02520 (66.98%) | loss: 2.974369 | lrm: 0.53 | dt: 1469.12ms | tok/sec: 356,872 | bf16_mfu: 0.00 | epoch: 1 pq: 19 rg: 68 | total time: 40.97m | eta: 20.3m
step 01689/02520 (67.02%) | loss: 2.976628 | lrm: 0.53 | dt: 1459.02ms | tok/sec: 359,341 | bf16_mfu: 0.00 | epoch: 1 pq: 19 rg: 69 | total time: 41.00m | eta: 20.3m
step 01690/02520 (67.06%) | loss: 2.978875 | lrm: 0.53 | dt: 1457.41ms | tok/sec: 359,740 | bf16_mfu: 0.00 | epoch: 1 pq: 19 rg: 70 | total time: 41.02m | eta: 20.3m
step 01691/02520 (67.10%) | loss: 2.973073 | lrm: 0.53 | dt: 1493.22ms | tok/sec: 351,111 | bf16_mfu: 0.00 | epoch: 1 pq: 19 rg: 71 | total time: 41.05m | eta: 20.2m
step 01692/02520 (67.14%) | loss: 2.972506 | lrm: 0.53 | dt: 1476.81ms | tok/sec: 355,013 | bf16_mfu: 0.00 | epoch: 1 pq: 19 rg: 72 | total time: 41.07m | eta: 20.2m
step 01693/02520 (67.18%) | loss: 2.954126 | lrm: 0.53 | dt: 1455.01ms | tok/sec: 360,332 | bf16_mfu: 0.00 | epoch: 1 pq: 19 rg: 73 | total time: 41.09m | eta: 20.2m
step 01694/02520 (67.22%) | loss: 2.956644 | lrm: 0.53 | dt: 1473.45ms | tok/sec: 355,823 | bf16_mfu: 0.00 | epoch: 1 pq: 19 rg: 74 | total time: 41.12m | eta: 20.2m
step 01695/02520 (67.26%) | loss: 2.939109 | lrm: 0.53 | dt: 1456.64ms | tok/sec: 359,928 | bf16_mfu: 0.00 | epoch: 1 pq: 19 rg: 75 | total time: 41.14m | eta: 20.1m
step 01696/02520 (67.30%) | loss: 2.938217 | lrm: 0.53 | dt: 1459.64ms | tok/sec: 359,189 | bf16_mfu: 0.00 | epoch: 1 pq: 19 rg: 76 | total time: 41.17m | eta: 20.1m
step 01697/02520 (67.34%) | loss: 2.940121 | lrm: 0.53 | dt: 1459.88ms | tok/sec: 359,130 | bf16_mfu: 0.00 | epoch: 1 pq: 19 rg: 77 | total time: 41.19m | eta: 20.1m
step 01698/02520 (67.38%) | loss: 2.944826 | lrm: 0.53 | dt: 1462.53ms | tok/sec: 358,480 | bf16_mfu: 0.00 | epoch: 1 pq: 19 rg: 78 | total time: 41.22m | eta: 20.1m
step 01699/02520 (67.42%) | loss: 2.949669 | lrm: 0.53 | dt: 1456.65ms | tok/sec: 359,927 | bf16_mfu: 0.00 | epoch: 1 pq: 19 rg: 79 | total time: 41.24m | eta: 20.0m
step 01700/02520 (67.46%) | loss: 2.962584 | lrm: 0.53 | dt: 1461.21ms | tok/sec: 358,803 | bf16_mfu: 0.00 | epoch: 1 pq: 19 rg: 80 | total time: 41.27m | eta: 20.0m
step 01701/02520 (67.50%) | loss: 2.968666 | lrm: 0.53 | dt: 1460.45ms | tok/sec: 358,990 | bf16_mfu: 0.00 | epoch: 1 pq: 19 rg: 80 | total time: 41.29m | eta: 20.0m
step 01702/02520 (67.54%) | loss: 2.966959 | lrm: 0.52 | dt: 1459.91ms | tok/sec: 359,122 | bf16_mfu: 0.00 | epoch: 1 pq: 19 rg: 81 | total time: 41.31m | eta: 20.0m
step 01703/02520 (67.58%) | loss: 2.963204 | lrm: 0.52 | dt: 1458.24ms | tok/sec: 359,535 | bf16_mfu: 0.00 | epoch: 1 pq: 20 rg: 0 | total time: 41.34m | eta: 19.9m
step 01704/02520 (67.62%) | loss: 2.977107 | lrm: 0.52 | dt: 1455.61ms | tok/sec: 360,184 | bf16_mfu: 0.00 | epoch: 1 pq: 20 rg: 1 | total time: 41.36m | eta: 19.9m
step 01705/02520 (67.66%) | loss: 2.993748 | lrm: 0.52 | dt: 1453.84ms | tok/sec: 360,624 | bf16_mfu: 0.00 | epoch: 1 pq: 20 rg: 2 | total time: 41.39m | eta: 19.9m
step 01706/02520 (67.70%) | loss: 2.984699 | lrm: 0.52 | dt: 1456.12ms | tok/sec: 360,059 | bf16_mfu: 0.00 | epoch: 1 pq: 20 rg: 3 | total time: 41.41m | eta: 19.9m
step 01707/02520 (67.74%) | loss: 2.978410 | lrm: 0.52 | dt: 1456.77ms | tok/sec: 359,898 | bf16_mfu: 0.00 | epoch: 1 pq: 20 rg: 4 | total time: 41.44m | eta: 19.9m
step 01708/02520 (67.78%) | loss: 2.977315 | lrm: 0.52 | dt: 1463.81ms | tok/sec: 358,167 | bf16_mfu: 0.00 | epoch: 1 pq: 20 rg: 5 | total time: 41.46m | eta: 19.8m
step 01709/02520 (67.82%) | loss: 2.982502 | lrm: 0.52 | dt: 1502.23ms | tok/sec: 349,005 | bf16_mfu: 0.00 | epoch: 1 pq: 20 rg: 6 | total time: 41.48m | eta: 19.8m
step 01710/02520 (67.86%) | loss: 2.970089 | lrm: 0.52 | dt: 1502.15ms | tok/sec: 349,024 | bf16_mfu: 0.00 | epoch: 1 pq: 20 rg: 7 | total time: 41.51m | eta: 19.8m
step 01711/02520 (67.90%) | loss: 2.976720 | lrm: 0.52 | dt: 1460.55ms | tok/sec: 358,967 | bf16_mfu: 0.00 | epoch: 1 pq: 20 rg: 8 | total time: 41.53m | eta: 19.8m
step 01712/02520 (67.94%) | loss: 2.967389 | lrm: 0.52 | dt: 1463.50ms | tok/sec: 358,242 | bf16_mfu: 0.00 | epoch: 1 pq: 20 rg: 9 | total time: 41.56m | eta: 19.7m
step 01713/02520 (67.98%) | loss: 2.972417 | lrm: 0.52 | dt: 1455.35ms | tok/sec: 360,249 | bf16_mfu: 0.00 | epoch: 1 pq: 20 rg: 10 | total time: 41.58m | eta: 19.7m
step 01714/02520 (68.02%) | loss: 2.975339 | lrm: 0.52 | dt: 1484.48ms | tok/sec: 353,179 | bf16_mfu: 0.00 | epoch: 1 pq: 20 rg: 11 | total time: 41.61m | eta: 19.7m
step 01715/02520 (68.06%) | loss: 2.985604 | lrm: 0.52 | dt: 1489.87ms | tok/sec: 351,902 | bf16_mfu: 0.00 | epoch: 1 pq: 20 rg: 12 | total time: 41.63m | eta: 19.7m
step 01716/02520 (68.10%) | loss: 2.980303 | lrm: 0.52 | dt: 1487.08ms | tok/sec: 352,561 | bf16_mfu: 0.00 | epoch: 1 pq: 20 rg: 13 | total time: 41.66m | eta: 19.6m
step 01717/02520 (68.13%) | loss: 2.973371 | lrm: 0.52 | dt: 1455.74ms | tok/sec: 360,153 | bf16_mfu: 0.00 | epoch: 1 pq: 20 rg: 14 | total time: 41.68m | eta: 19.6m
step 01718/02520 (68.17%) | loss: 2.968256 | lrm: 0.52 | dt: 1472.72ms | tok/sec: 355,999 | bf16_mfu: 0.00 | epoch: 1 pq: 20 rg: 15 | total time: 41.71m | eta: 19.6m
step 01719/02520 (68.21%) | loss: 2.967523 | lrm: 0.51 | dt: 1463.59ms | tok/sec: 358,220 | bf16_mfu: 0.00 | epoch: 1 pq: 20 rg: 16 | total time: 41.73m | eta: 19.6m
step 01720/02520 (68.25%) | loss: 2.971991 | lrm: 0.51 | dt: 1468.89ms | tok/sec: 356,927 | bf16_mfu: 0.00 | epoch: 1 pq: 20 rg: 17 | total time: 41.75m | eta: 19.5m
step 01721/02520 (68.29%) | loss: 2.970499 | lrm: 0.51 | dt: 1461.30ms | tok/sec: 358,781 | bf16_mfu: 0.00 | epoch: 1 pq: 20 rg: 18 | total time: 41.78m | eta: 19.5m
step 01722/02520 (68.33%) | loss: 2.975771 | lrm: 0.51 | dt: 1451.40ms | tok/sec: 361,227 | bf16_mfu: 0.00 | epoch: 1 pq: 20 rg: 19 | total time: 41.80m | eta: 19.5m
step 01723/02520 (68.37%) | loss: 2.980067 | lrm: 0.51 | dt: 1474.45ms | tok/sec: 355,581 | bf16_mfu: 0.00 | epoch: 1 pq: 20 rg: 20 | total time: 41.83m | eta: 19.5m
step 01724/02520 (68.41%) | loss: 2.972610 | lrm: 0.51 | dt: 1481.37ms | tok/sec: 353,920 | bf16_mfu: 0.00 | epoch: 1 pq: 20 rg: 21 | total time: 41.85m | eta: 19.4m
step 01725/02520 (68.45%) | loss: 2.968033 | lrm: 0.51 | dt: 1456.70ms | tok/sec: 359,915 | bf16_mfu: 0.00 | epoch: 1 pq: 20 rg: 22 | total time: 41.88m | eta: 19.4m
step 01726/02520 (68.49%) | loss: 2.973666 | lrm: 0.51 | dt: 1465.89ms | tok/sec: 357,658 | bf16_mfu: 0.00 | epoch: 1 pq: 20 rg: 23 | total time: 41.90m | eta: 19.4m
step 01727/02520 (68.53%) | loss: 2.963408 | lrm: 0.51 | dt: 1462.89ms | tok/sec: 358,392 | bf16_mfu: 0.00 | epoch: 1 pq: 20 rg: 24 | total time: 41.93m | eta: 19.4m
step 01728/02520 (68.57%) | loss: 2.972666 | lrm: 0.51 | dt: 1474.79ms | tok/sec: 355,500 | bf16_mfu: 0.00 | epoch: 1 pq: 20 rg: 25 | total time: 41.95m | eta: 19.3m
step 01729/02520 (68.61%) | loss: 2.984343 | lrm: 0.51 | dt: 1480.84ms | tok/sec: 354,047 | bf16_mfu: 0.00 | epoch: 1 pq: 20 rg: 26 | total time: 41.97m | eta: 19.3m
step 01730/02520 (68.65%) | loss: 2.983356 | lrm: 0.51 | dt: 1512.50ms | tok/sec: 346,636 | bf16_mfu: 0.00 | epoch: 1 pq: 20 rg: 27 | total time: 42.00m | eta: 19.3m
step 01731/02520 (68.69%) | loss: 2.982701 | lrm: 0.51 | dt: 1494.05ms | tok/sec: 350,917 | bf16_mfu: 0.00 | epoch: 1 pq: 20 rg: 28 | total time: 42.02m | eta: 19.3m
step 01732/02520 (68.73%) | loss: 2.973119 | lrm: 0.51 | dt: 1509.19ms | tok/sec: 347,397 | bf16_mfu: 0.00 | epoch: 1 pq: 20 rg: 29 | total time: 42.05m | eta: 19.2m
step 01733/02520 (68.77%) | loss: 2.967905 | lrm: 0.51 | dt: 1484.70ms | tok/sec: 353,127 | bf16_mfu: 0.00 | epoch: 1 pq: 20 rg: 30 | total time: 42.07m | eta: 19.2m
step 01734/02520 (68.81%) | loss: 2.976509 | lrm: 0.51 | dt: 1502.71ms | tok/sec: 348,896 | bf16_mfu: 0.00 | epoch: 1 pq: 20 rg: 30 | total time: 42.10m | eta: 19.2m
step 01735/02520 (68.85%) | loss: 2.977656 | lrm: 0.51 | dt: 1503.96ms | tok/sec: 348,606 | bf16_mfu: 0.00 | epoch: 1 pq: 20 rg: 31 | total time: 42.12m | eta: 19.2m
step 01736/02520 (68.89%) | loss: 2.966568 | lrm: 0.50 | dt: 1490.61ms | tok/sec: 351,727 | bf16_mfu: 0.00 | epoch: 1 pq: 20 rg: 32 | total time: 42.15m | eta: 19.1m
step 01737/02520 (68.93%) | loss: 2.957479 | lrm: 0.50 | dt: 1527.76ms | tok/sec: 343,173 | bf16_mfu: 0.00 | epoch: 1 pq: 20 rg: 33 | total time: 42.18m | eta: 19.1m
step 01738/02520 (68.97%) | loss: 2.953389 | lrm: 0.50 | dt: 1528.45ms | tok/sec: 343,020 | bf16_mfu: 0.00 | epoch: 1 pq: 20 rg: 34 | total time: 42.20m | eta: 19.1m
step 01739/02520 (69.01%) | loss: 2.963135 | lrm: 0.50 | dt: 1489.02ms | tok/sec: 352,102 | bf16_mfu: 0.00 | epoch: 1 pq: 20 rg: 35 | total time: 42.23m | eta: 19.1m
step 01740/02520 (69.05%) | loss: 2.953891 | lrm: 0.50 | dt: 1494.40ms | tok/sec: 350,834 | bf16_mfu: 0.00 | epoch: 1 pq: 20 rg: 36 | total time: 42.25m | eta: 19.0m
step 01741/02520 (69.09%) | loss: 2.955037 | lrm: 0.50 | dt: 1505.05ms | tok/sec: 348,353 | bf16_mfu: 0.00 | epoch: 1 pq: 20 rg: 37 | total time: 42.28m | eta: 19.0m
step 01742/02520 (69.13%) | loss: 2.957619 | lrm: 0.50 | dt: 1523.94ms | tok/sec: 344,034 | bf16_mfu: 0.00 | epoch: 1 pq: 20 rg: 38 | total time: 42.30m | eta: 19.0m
step 01743/02520 (69.17%) | loss: 2.946044 | lrm: 0.50 | dt: 1470.50ms | tok/sec: 356,537 | bf16_mfu: 0.00 | epoch: 1 pq: 20 rg: 39 | total time: 42.33m | eta: 19.0m
step 01744/02520 (69.21%) | loss: 2.942307 | lrm: 0.50 | dt: 1463.08ms | tok/sec: 358,344 | bf16_mfu: 0.00 | epoch: 1 pq: 20 rg: 40 | total time: 42.35m | eta: 19.0m
step 01745/02520 (69.25%) | loss: 2.957132 | lrm: 0.50 | dt: 1470.09ms | tok/sec: 356,635 | bf16_mfu: 0.00 | epoch: 1 pq: 20 rg: 41 | total time: 42.37m | eta: 18.9m
step 01746/02520 (69.29%) | loss: 2.949839 | lrm: 0.50 | dt: 1486.00ms | tok/sec: 352,817 | bf16_mfu: 0.00 | epoch: 1 pq: 20 rg: 42 | total time: 42.40m | eta: 18.9m
step 01747/02520 (69.33%) | loss: 2.952421 | lrm: 0.50 | dt: 1485.08ms | tok/sec: 353,036 | bf16_mfu: 0.00 | epoch: 1 pq: 20 rg: 43 | total time: 42.42m | eta: 18.9m
step 01748/02520 (69.37%) | loss: 2.955500 | lrm: 0.50 | dt: 1455.85ms | tok/sec: 360,124 | bf16_mfu: 0.00 | epoch: 1 pq: 20 rg: 44 | total time: 42.45m | eta: 18.9m
step 01749/02520 (69.40%) | loss: 2.967944 | lrm: 0.50 | dt: 1463.12ms | tok/sec: 358,336 | bf16_mfu: 0.00 | epoch: 1 pq: 20 rg: 45 | total time: 42.47m | eta: 18.8m
Step 01750 | Validation bpb: 0.906064
step 01750/02520 (69.44%) | loss: 2.965844 | lrm: 0.50 | dt: 1464.86ms | tok/sec: 357,909 | bf16_mfu: 0.00 | epoch: 1 pq: 20 rg: 46 | total time: 42.50m | eta: 18.8m
step 01751/02520 (69.48%) | loss: 2.962738 | lrm: 0.50 | dt: 1442.53ms | tok/sec: 363,449 | bf16_mfu: 0.00 | epoch: 1 pq: 20 rg: 47 | total time: 42.52m | eta: 18.8m
step 01752/02520 (69.52%) | loss: 2.964367 | lrm: 0.50 | dt: 1443.17ms | tok/sec: 363,290 | bf16_mfu: 0.00 | epoch: 1 pq: 20 rg: 48 | total time: 42.54m | eta: 18.8m
step 01753/02520 (69.56%) | loss: 2.978714 | lrm: 0.49 | dt: 1443.79ms | tok/sec: 363,132 | bf16_mfu: 0.00 | epoch: 1 pq: 20 rg: 49 | total time: 42.57m | eta: 18.7m
step 01754/02520 (69.60%) | loss: 2.962457 | lrm: 0.49 | dt: 1444.53ms | tok/sec: 362,947 | bf16_mfu: 0.00 | epoch: 1 pq: 20 rg: 50 | total time: 42.59m | eta: 18.7m
step 01755/02520 (69.64%) | loss: 2.965975 | lrm: 0.49 | dt: 1455.81ms | tok/sec: 360,136 | bf16_mfu: 0.00 | epoch: 1 pq: 20 rg: 51 | total time: 42.62m | eta: 18.7m
step 01756/02520 (69.68%) | loss: 2.956386 | lrm: 0.49 | dt: 1472.69ms | tok/sec: 356,007 | bf16_mfu: 0.00 | epoch: 1 pq: 20 rg: 52 | total time: 42.64m | eta: 18.7m
step 01757/02520 (69.72%) | loss: 2.954221 | lrm: 0.49 | dt: 1457.91ms | tok/sec: 359,615 | bf16_mfu: 0.00 | epoch: 1 pq: 20 rg: 53 | total time: 42.67m | eta: 18.6m
step 01758/02520 (69.76%) | loss: 2.949384 | lrm: 0.49 | dt: 1474.90ms | tok/sec: 355,472 | bf16_mfu: 0.00 | epoch: 1 pq: 20 rg: 54 | total time: 42.69m | eta: 18.6m
step 01759/02520 (69.80%) | loss: 2.953523 | lrm: 0.49 | dt: 1453.01ms | tok/sec: 360,828 | bf16_mfu: 0.00 | epoch: 1 pq: 20 rg: 55 | total time: 42.72m | eta: 18.6m
step 01760/02520 (69.84%) | loss: 2.966930 | lrm: 0.49 | dt: 1472.26ms | tok/sec: 356,110 | bf16_mfu: 0.00 | epoch: 1 pq: 20 rg: 56 | total time: 42.74m | eta: 18.6m
step 01761/02520 (69.88%) | loss: 2.961779 | lrm: 0.49 | dt: 1460.54ms | tok/sec: 358,969 | bf16_mfu: 0.00 | epoch: 1 pq: 20 rg: 57 | total time: 42.76m | eta: 18.5m
step 01762/02520 (69.92%) | loss: 2.969505 | lrm: 0.49 | dt: 1458.16ms | tok/sec: 359,554 | bf16_mfu: 0.00 | epoch: 1 pq: 20 rg: 58 | total time: 42.79m | eta: 18.5m
step 01763/02520 (69.96%) | loss: 2.972545 | lrm: 0.49 | dt: 1461.17ms | tok/sec: 358,814 | bf16_mfu: 0.00 | epoch: 1 pq: 20 rg: 59 | total time: 42.81m | eta: 18.5m
2026-09-27 16:07:53,776 - nanochat.checkpoint_manager - [32m[1mINFO[0m - Saved model parameters to: /home/neo/.cache/nanochat/base_checkpoints/looped_B8_lr1_lr1_h1.0_s0/model_001764.pt
2026-09-27 16:07:54,239 - nanochat.checkpoint_manager - [32m[1mINFO[0m - Saved optimizer state to: /home/neo/.cache/nanochat/base_checkpoints/looped_B8_lr1_lr1_h1.0_s0/optim_001764_rank0.pt
2026-09-27 16:07:54,241 - nanochat.checkpoint_manager - [32m[1mINFO[0m - Saved metadata to: /home/neo/.cache/nanochat/base_checkpoints/looped_B8_lr1_lr1_h1.0_s0/meta_001764.json
step 01764/02520 (70.00%) | loss: 2.976451 | lrm: 0.49 | dt: 1437.29ms | tok/sec: 364,774 | bf16_mfu: 0.00 | epoch: 1 pq: 20 rg: 60 | total time: 42.84m | eta: 18.5m
step 01765/02520 (70.04%) | loss: 2.969865 | lrm: 0.49 | dt: 1454.71ms | tok/sec: 360,407 | bf16_mfu: 0.00 | epoch: 1 pq: 20 rg: 61 | total time: 42.86m | eta: 18.4m
step 01766/02520 (70.08%) | loss: 2.977960 | lrm: 0.49 | dt: 1453.07ms | tok/sec: 360,814 | bf16_mfu: 0.00 | epoch: 1 pq: 20 rg: 62 | total time: 42.88m | eta: 18.4m
step 01767/02520 (70.12%) | loss: 2.984106 | lrm: 0.49 | dt: 1456.71ms | tok/sec: 359,911 | bf16_mfu: 0.00 | epoch: 1 pq: 20 rg: 63 | total time: 42.91m | eta: 18.4m
step 01768/02520 (70.16%) | loss: 2.982257 | lrm: 0.49 | dt: 1465.21ms | tok/sec: 357,825 | bf16_mfu: 0.00 | epoch: 1 pq: 20 rg: 64 | total time: 42.93m | eta: 18.4m
step 01769/02520 (70.20%) | loss: 2.980363 | lrm: 0.49 | dt: 1465.12ms | tok/sec: 357,845 | bf16_mfu: 0.00 | epoch: 1 pq: 20 rg: 65 | total time: 42.96m | eta: 18.3m
step 01770/02520 (70.24%) | loss: 2.975377 | lrm: 0.48 | dt: 1444.19ms | tok/sec: 363,033 | bf16_mfu: 0.00 | epoch: 1 pq: 20 rg: 66 | total time: 42.98m | eta: 18.3m
step 01771/02520 (70.28%) | loss: 2.976541 | lrm: 0.48 | dt: 1460.81ms | tok/sec: 358,901 | bf16_mfu: 0.00 | epoch: 1 pq: 20 rg: 67 | total time: 43.01m | eta: 18.3m
step 01772/02520 (70.32%) | loss: 2.972948 | lrm: 0.48 | dt: 1465.46ms | tok/sec: 357,763 | bf16_mfu: 0.00 | epoch: 1 pq: 20 rg: 68 | total time: 43.03m | eta: 18.3m
step 01773/02520 (70.36%) | loss: 2.975068 | lrm: 0.48 | dt: 1475.00ms | tok/sec: 355,450 | bf16_mfu: 0.00 | epoch: 1 pq: 20 rg: 68 | total time: 43.06m | eta: 18.2m
step 01774/02520 (70.40%) | loss: 2.988434 | lrm: 0.48 | dt: 1467.22ms | tok/sec: 357,335 | bf16_mfu: 0.00 | epoch: 1 pq: 20 rg: 69 | total time: 43.08m | eta: 18.2m
step 01775/02520 (70.44%) | loss: 2.981114 | lrm: 0.48 | dt: 1459.49ms | tok/sec: 359,226 | bf16_mfu: 0.00 | epoch: 1 pq: 20 rg: 70 | total time: 43.10m | eta: 18.2m
step 01776/02520 (70.48%) | loss: 2.970607 | lrm: 0.48 | dt: 1461.95ms | tok/sec: 358,622 | bf16_mfu: 0.00 | epoch: 1 pq: 20 rg: 71 | total time: 43.13m | eta: 18.2m
step 01777/02520 (70.52%) | loss: 2.971052 | lrm: 0.48 | dt: 1455.45ms | tok/sec: 360,223 | bf16_mfu: 0.00 | epoch: 1 pq: 20 rg: 72 | total time: 43.15m | eta: 18.1m
step 01778/02520 (70.56%) | loss: 2.959060 | lrm: 0.48 | dt: 1448.05ms | tok/sec: 362,063 | bf16_mfu: 0.00 | epoch: 1 pq: 20 rg: 73 | total time: 43.18m | eta: 18.1m
step 01779/02520 (70.60%) | loss: 2.955894 | lrm: 0.48 | dt: 1446.48ms | tok/sec: 362,456 | bf16_mfu: 0.00 | epoch: 1 pq: 20 rg: 74 | total time: 43.20m | eta: 18.1m
step 01780/02520 (70.63%) | loss: 2.954743 | lrm: 0.48 | dt: 1448.94ms | tok/sec: 361,841 | bf16_mfu: 0.00 | epoch: 1 pq: 20 rg: 75 | total time: 43.23m | eta: 18.1m
step 01781/02520 (70.67%) | loss: 2.964471 | lrm: 0.48 | dt: 1448.08ms | tok/sec: 362,057 | bf16_mfu: 0.00 | epoch: 1 pq: 20 rg: 76 | total time: 43.25m | eta: 18.0m
step 01782/02520 (70.71%) | loss: 2.966299 | lrm: 0.48 | dt: 1447.82ms | tok/sec: 362,121 | bf16_mfu: 0.00 | epoch: 1 pq: 20 rg: 77 | total time: 43.27m | eta: 18.0m
step 01783/02520 (70.75%) | loss: 2.975975 | lrm: 0.48 | dt: 1448.53ms | tok/sec: 361,944 | bf16_mfu: 0.00 | epoch: 1 pq: 20 rg: 78 | total time: 43.30m | eta: 18.0m
step 01784/02520 (70.79%) | loss: 2.982488 | lrm: 0.48 | dt: 1446.65ms | tok/sec: 362,416 | bf16_mfu: 0.00 | epoch: 1 pq: 20 rg: 79 | total time: 43.32m | eta: 18.0m
step 01785/02520 (70.83%) | loss: 2.986036 | lrm: 0.48 | dt: 1448.51ms | tok/sec: 361,948 | bf16_mfu: 0.00 | epoch: 1 pq: 20 rg: 80 | total time: 43.35m | eta: 17.9m
step 01786/02520 (70.87%) | loss: 2.980382 | lrm: 0.48 | dt: 1447.68ms | tok/sec: 362,158 | bf16_mfu: 0.00 | epoch: 1 pq: 20 rg: 81 | total time: 43.37m | eta: 17.9m
step 01787/02520 (70.91%) | loss: 2.968500 | lrm: 0.48 | dt: 1455.14ms | tok/sec: 360,300 | bf16_mfu: 0.00 | epoch: 1 pq: 20 rg: 82 | total time: 43.39m | eta: 17.9m
step 01788/02520 (70.95%) | loss: 2.977367 | lrm: 0.47 | dt: 1500.92ms | tok/sec: 349,311 | bf16_mfu: 0.00 | epoch: 1 pq: 20 rg: 83 | total time: 43.42m | eta: 17.9m
step 01789/02520 (70.99%) | loss: 2.977117 | lrm: 0.47 | dt: 1454.69ms | tok/sec: 360,411 | bf16_mfu: 0.00 | epoch: 1 pq: 21 rg: 0 | total time: 43.44m | eta: 17.9m
step 01790/02520 (71.03%) | loss: 2.978707 | lrm: 0.47 | dt: 1462.55ms | tok/sec: 358,474 | bf16_mfu: 0.00 | epoch: 1 pq: 21 rg: 1 | total time: 43.47m | eta: 17.8m
step 01791/02520 (71.07%) | loss: 2.982351 | lrm: 0.47 | dt: 1471.53ms | tok/sec: 356,287 | bf16_mfu: 0.00 | epoch: 1 pq: 21 rg: 2 | total time: 43.49m | eta: 17.8m
step 01792/02520 (71.11%) | loss: 2.969297 | lrm: 0.47 | dt: 1471.56ms | tok/sec: 356,280 | bf16_mfu: 0.00 | epoch: 1 pq: 21 rg: 3 | total time: 43.52m | eta: 17.8m
step 01793/02520 (71.15%) | loss: 2.970930 | lrm: 0.47 | dt: 1468.77ms | tok/sec: 356,958 | bf16_mfu: 0.00 | epoch: 1 pq: 21 rg: 4 | total time: 43.54m | eta: 17.8m
step 01794/02520 (71.19%) | loss: 2.968851 | lrm: 0.47 | dt: 1453.84ms | tok/sec: 360,621 | bf16_mfu: 0.00 | epoch: 1 pq: 21 rg: 5 | total time: 43.57m | eta: 17.7m
step 01795/02520 (71.23%) | loss: 2.963861 | lrm: 0.47 | dt: 1459.47ms | tok/sec: 359,230 | bf16_mfu: 0.00 | epoch: 1 pq: 21 rg: 6 | total time: 43.59m | eta: 17.7m
step 01796/02520 (71.27%) | loss: 2.967882 | lrm: 0.47 | dt: 1453.06ms | tok/sec: 360,816 | bf16_mfu: 0.00 | epoch: 1 pq: 21 rg: 7 | total time: 43.61m | eta: 17.7m
step 01797/02520 (71.31%) | loss: 2.968307 | lrm: 0.47 | dt: 1477.97ms | tok/sec: 354,735 | bf16_mfu: 0.00 | epoch: 1 pq: 21 rg: 8 | total time: 43.64m | eta: 17.7m
step 01798/02520 (71.35%) | loss: 2.971625 | lrm: 0.47 | dt: 1458.95ms | tok/sec: 359,360 | bf16_mfu: 0.00 | epoch: 1 pq: 21 rg: 9 | total time: 43.66m | eta: 17.6m
step 01799/02520 (71.39%) | loss: 2.971957 | lrm: 0.47 | dt: 1490.05ms | tok/sec: 351,860 | bf16_mfu: 0.00 | epoch: 1 pq: 21 rg: 10 | total time: 43.69m | eta: 17.6m
step 01800/02520 (71.43%) | loss: 2.960330 | lrm: 0.47 | dt: 1466.05ms | tok/sec: 357,620 | bf16_mfu: 0.00 | epoch: 1 pq: 21 rg: 11 | total time: 43.71m | eta: 17.6m
step 01801/02520 (71.47%) | loss: 2.969466 | lrm: 0.47 | dt: 1477.53ms | tok/sec: 354,841 | bf16_mfu: 0.00 | epoch: 1 pq: 21 rg: 12 | total time: 43.74m | eta: 17.6m
step 01802/02520 (71.51%) | loss: 2.976731 | lrm: 0.47 | dt: 1469.77ms | tok/sec: 356,713 | bf16_mfu: 0.00 | epoch: 1 pq: 21 rg: 13 | total time: 43.76m | eta: 17.5m
step 01803/02520 (71.55%) | loss: 2.973141 | lrm: 0.47 | dt: 1486.48ms | tok/sec: 352,705 | bf16_mfu: 0.00 | epoch: 1 pq: 21 rg: 14 | total time: 43.79m | eta: 17.5m
step 01804/02520 (71.59%) | loss: 2.978624 | lrm: 0.47 | dt: 1481.08ms | tok/sec: 353,990 | bf16_mfu: 0.00 | epoch: 1 pq: 21 rg: 15 | total time: 43.81m | eta: 17.5m
step 01805/02520 (71.63%) | loss: 2.981695 | lrm: 0.46 | dt: 1481.70ms | tok/sec: 353,842 | bf16_mfu: 0.00 | epoch: 1 pq: 21 rg: 16 | total time: 43.84m | eta: 17.5m
step 01806/02520 (71.67%) | loss: 2.977612 | lrm: 0.46 | dt: 1492.37ms | tok/sec: 351,313 | bf16_mfu: 0.00 | epoch: 1 pq: 21 rg: 17 | total time: 43.86m | eta: 17.4m
step 01807/02520 (71.71%) | loss: 2.977947 | lrm: 0.46 | dt: 1492.38ms | tok/sec: 351,309 | bf16_mfu: 0.00 | epoch: 1 pq: 21 rg: 18 | total time: 43.89m | eta: 17.4m
step 01808/02520 (71.75%) | loss: 2.981672 | lrm: 0.46 | dt: 1479.88ms | tok/sec: 354,276 | bf16_mfu: 0.00 | epoch: 1 pq: 21 rg: 19 | total time: 43.91m | eta: 17.4m
step 01809/02520 (71.79%) | loss: 2.981054 | lrm: 0.46 | dt: 1472.99ms | tok/sec: 355,934 | bf16_mfu: 0.00 | epoch: 1 pq: 21 rg: 20 | total time: 43.93m | eta: 17.4m
step 01810/02520 (71.83%) | loss: 2.974630 | lrm: 0.46 | dt: 1494.13ms | tok/sec: 350,897 | bf16_mfu: 0.00 | epoch: 1 pq: 21 rg: 20 | total time: 43.96m | eta: 17.3m
step 01811/02520 (71.87%) | loss: 2.966377 | lrm: 0.46 | dt: 1458.84ms | tok/sec: 359,385 | bf16_mfu: 0.00 | epoch: 1 pq: 21 rg: 21 | total time: 43.98m | eta: 17.3m
step 01812/02520 (71.90%) | loss: 2.976152 | lrm: 0.46 | dt: 1465.17ms | tok/sec: 357,833 | bf16_mfu: 0.00 | epoch: 1 pq: 21 rg: 22 | total time: 44.01m | eta: 17.3m
step 01813/02520 (71.94%) | loss: 2.975891 | lrm: 0.46 | dt: 1490.34ms | tok/sec: 351,789 | bf16_mfu: 0.00 | epoch: 1 pq: 21 rg: 23 | total time: 44.03m | eta: 17.3m
step 01814/02520 (71.98%) | loss: 2.974525 | lrm: 0.46 | dt: 1475.71ms | tok/sec: 355,277 | bf16_mfu: 0.00 | epoch: 1 pq: 21 rg: 24 | total time: 44.06m | eta: 17.2m
step 01815/02520 (72.02%) | loss: 2.969140 | lrm: 0.46 | dt: 1475.23ms | tok/sec: 355,393 | bf16_mfu: 0.00 | epoch: 1 pq: 21 rg: 25 | total time: 44.08m | eta: 17.2m
step 01816/02520 (72.06%) | loss: 2.978823 | lrm: 0.46 | dt: 1480.31ms | tok/sec: 354,174 | bf16_mfu: 0.00 | epoch: 1 pq: 21 rg: 26 | total time: 44.11m | eta: 17.2m
step 01817/02520 (72.10%) | loss: 2.981123 | lrm: 0.46 | dt: 1496.59ms | tok/sec: 350,321 | bf16_mfu: 0.00 | epoch: 1 pq: 21 rg: 27 | total time: 44.13m | eta: 17.2m
step 01818/02520 (72.14%) | loss: 2.978312 | lrm: 0.46 | dt: 1521.28ms | tok/sec: 344,635 | bf16_mfu: 0.00 | epoch: 1 pq: 21 rg: 28 | total time: 44.16m | eta: 17.1m
step 01819/02520 (72.18%) | loss: 2.971983 | lrm: 0.46 | dt: 1492.65ms | tok/sec: 351,246 | bf16_mfu: 0.00 | epoch: 1 pq: 21 rg: 29 | total time: 44.18m | eta: 17.1m
step 01820/02520 (72.22%) | loss: 2.970613 | lrm: 0.46 | dt: 1453.62ms | tok/sec: 360,678 | bf16_mfu: 0.00 | epoch: 1 pq: 21 rg: 30 | total time: 44.21m | eta: 17.1m
step 01821/02520 (72.26%) | loss: 2.951674 | lrm: 0.46 | dt: 1455.26ms | tok/sec: 360,271 | bf16_mfu: 0.00 | epoch: 1 pq: 21 rg: 31 | total time: 44.23m | eta: 17.1m
step 01822/02520 (72.30%) | loss: 2.954768 | lrm: 0.45 | dt: 1482.51ms | tok/sec: 353,648 | bf16_mfu: 0.00 | epoch: 1 pq: 21 rg: 32 | total time: 44.26m | eta: 17.0m
step 01823/02520 (72.34%) | loss: 2.951768 | lrm: 0.45 | dt: 1474.34ms | tok/sec: 355,607 | bf16_mfu: 0.00 | epoch: 1 pq: 21 rg: 33 | total time: 44.28m | eta: 17.0m
step 01824/02520 (72.38%) | loss: 2.955133 | lrm: 0.45 | dt: 1464.54ms | tok/sec: 357,989 | bf16_mfu: 0.00 | epoch: 1 pq: 21 rg: 34 | total time: 44.30m | eta: 17.0m
step 01825/02520 (72.42%) | loss: 2.950137 | lrm: 0.45 | dt: 1454.46ms | tok/sec: 360,470 | bf16_mfu: 0.00 | epoch: 1 pq: 21 rg: 35 | total time: 44.33m | eta: 17.0m
step 01826/02520 (72.46%) | loss: 2.951046 | lrm: 0.45 | dt: 1451.87ms | tok/sec: 361,111 | bf16_mfu: 0.00 | epoch: 1 pq: 21 rg: 36 | total time: 44.35m | eta: 16.9m
step 01827/02520 (72.50%) | loss: 2.955635 | lrm: 0.45 | dt: 1453.03ms | tok/sec: 360,824 | bf16_mfu: 0.00 | epoch: 1 pq: 21 rg: 37 | total time: 44.38m | eta: 16.9m
step 01828/02520 (72.54%) | loss: 2.951338 | lrm: 0.45 | dt: 1454.68ms | tok/sec: 360,415 | bf16_mfu: 0.00 | epoch: 1 pq: 21 rg: 38 | total time: 44.40m | eta: 16.9m
step 01829/02520 (72.58%) | loss: 2.955151 | lrm: 0.45 | dt: 1454.14ms | tok/sec: 360,549 | bf16_mfu: 0.00 | epoch: 1 pq: 21 rg: 39 | total time: 44.43m | eta: 16.9m
step 01830/02520 (72.62%) | loss: 2.953941 | lrm: 0.45 | dt: 1453.42ms | tok/sec: 360,727 | bf16_mfu: 0.00 | epoch: 1 pq: 21 rg: 40 | total time: 44.45m | eta: 16.9m
step 01831/02520 (72.66%) | loss: 2.959175 | lrm: 0.45 | dt: 1453.99ms | tok/sec: 360,585 | bf16_mfu: 0.00 | epoch: 1 pq: 21 rg: 41 | total time: 44.47m | eta: 16.8m
step 01832/02520 (72.70%) | loss: 2.964097 | lrm: 0.45 | dt: 1480.36ms | tok/sec: 354,161 | bf16_mfu: 0.00 | epoch: 1 pq: 21 rg: 42 | total time: 44.50m | eta: 16.8m
step 01833/02520 (72.74%) | loss: 2.969387 | lrm: 0.45 | dt: 1484.97ms | tok/sec: 353,063 | bf16_mfu: 0.00 | epoch: 1 pq: 21 rg: 43 | total time: 44.52m | eta: 16.8m
step 01834/02520 (72.78%) | loss: 2.964316 | lrm: 0.45 | dt: 1503.27ms | tok/sec: 348,765 | bf16_mfu: 0.00 | epoch: 1 pq: 21 rg: 44 | total time: 44.55m | eta: 16.8m
step 01835/02520 (72.82%) | loss: 2.960426 | lrm: 0.45 | dt: 1495.31ms | tok/sec: 350,621 | bf16_mfu: 0.00 | epoch: 1 pq: 21 rg: 45 | total time: 44.57m | eta: 16.7m
step 01836/02520 (72.86%) | loss: 2.955149 | lrm: 0.45 | dt: 1493.66ms | tok/sec: 351,009 | bf16_mfu: 0.00 | epoch: 1 pq: 21 rg: 46 | total time: 44.60m | eta: 16.7m
step 01837/02520 (72.90%) | loss: 2.945966 | lrm: 0.45 | dt: 1482.74ms | tok/sec: 353,594 | bf16_mfu: 0.00 | epoch: 1 pq: 21 rg: 47 | total time: 44.62m | eta: 16.7m
step 01838/02520 (72.94%) | loss: 2.946877 | lrm: 0.45 | dt: 1501.73ms | tok/sec: 349,122 | bf16_mfu: 0.00 | epoch: 1 pq: 21 rg: 48 | total time: 44.65m | eta: 16.7m
step 01839/02520 (72.98%) | loss: 2.950071 | lrm: 0.44 | dt: 1481.00ms | tok/sec: 354,008 | bf16_mfu: 0.00 | epoch: 1 pq: 21 rg: 49 | total time: 44.67m | eta: 16.6m
step 01840/02520 (73.02%) | loss: 2.949351 | lrm: 0.44 | dt: 1468.63ms | tok/sec: 356,991 | bf16_mfu: 0.00 | epoch: 1 pq: 21 rg: 50 | total time: 44.70m | eta: 16.6m
step 01841/02520 (73.06%) | loss: 2.952130 | lrm: 0.44 | dt: 1465.92ms | tok/sec: 357,650 | bf16_mfu: 0.00 | epoch: 1 pq: 21 rg: 51 | total time: 44.72m | eta: 16.6m
step 01842/02520 (73.10%) | loss: 2.951007 | lrm: 0.44 | dt: 1465.06ms | tok/sec: 357,861 | bf16_mfu: 0.00 | epoch: 1 pq: 21 rg: 52 | total time: 44.75m | eta: 16.6m
step 01843/02520 (73.13%) | loss: 2.955022 | lrm: 0.44 | dt: 1460.94ms | tok/sec: 358,870 | bf16_mfu: 0.00 | epoch: 1 pq: 21 rg: 52 | total time: 44.77m | eta: 16.5m
step 01844/02520 (73.17%) | loss: 2.960486 | lrm: 0.44 | dt: 1454.54ms | tok/sec: 360,448 | bf16_mfu: 0.00 | epoch: 1 pq: 21 rg: 53 | total time: 44.79m | eta: 16.5m
step 01845/02520 (73.21%) | loss: 2.949153 | lrm: 0.44 | dt: 1465.07ms | tok/sec: 357,859 | bf16_mfu: 0.00 | epoch: 1 pq: 21 rg: 54 | total time: 44.82m | eta: 16.5m
step 01846/02520 (73.25%) | loss: 2.953080 | lrm: 0.44 | dt: 1477.05ms | tok/sec: 354,955 | bf16_mfu: 0.00 | epoch: 1 pq: 21 rg: 55 | total time: 44.84m | eta: 16.5m
step 01847/02520 (73.29%) | loss: 2.946250 | lrm: 0.44 | dt: 1482.49ms | tok/sec: 353,654 | bf16_mfu: 0.00 | epoch: 1 pq: 21 rg: 56 | total time: 44.87m | eta: 16.4m
step 01848/02520 (73.33%) | loss: 2.950714 | lrm: 0.44 | dt: 1484.28ms | tok/sec: 353,226 | bf16_mfu: 0.00 | epoch: 1 pq: 21 rg: 57 | total time: 44.89m | eta: 16.4m
step 01849/02520 (73.37%) | loss: 2.942382 | lrm: 0.44 | dt: 1481.91ms | tok/sec: 353,792 | bf16_mfu: 0.00 | epoch: 1 pq: 21 rg: 58 | total time: 44.92m | eta: 16.4m
step 01850/02520 (73.41%) | loss: 2.942043 | lrm: 0.44 | dt: 1480.58ms | tok/sec: 354,110 | bf16_mfu: 0.00 | epoch: 1 pq: 21 rg: 59 | total time: 44.94m | eta: 16.4m
step 01851/02520 (73.45%) | loss: 2.951237 | lrm: 0.44 | dt: 1492.10ms | tok/sec: 351,376 | bf16_mfu: 0.00 | epoch: 1 pq: 21 rg: 60 | total time: 44.97m | eta: 16.3m
step 01852/02520 (73.49%) | loss: 2.951230 | lrm: 0.44 | dt: 1501.36ms | tok/sec: 349,207 | bf16_mfu: 0.00 | epoch: 1 pq: 21 rg: 61 | total time: 44.99m | eta: 16.3m
step 01853/02520 (73.53%) | loss: 2.949851 | lrm: 0.44 | dt: 1494.23ms | tok/sec: 350,875 | bf16_mfu: 0.00 | epoch: 1 pq: 21 rg: 62 | total time: 45.02m | eta: 16.3m
step 01854/02520 (73.57%) | loss: 2.945636 | lrm: 0.44 | dt: 1481.62ms | tok/sec: 353,861 | bf16_mfu: 0.00 | epoch: 1 pq: 21 rg: 63 | total time: 45.04m | eta: 16.3m
step 01855/02520 (73.61%) | loss: 2.954085 | lrm: 0.44 | dt: 1502.81ms | tok/sec: 348,872 | bf16_mfu: 0.00 | epoch: 1 pq: 21 rg: 64 | total time: 45.07m | eta: 16.2m
step 01856/02520 (73.65%) | loss: 2.950447 | lrm: 0.44 | dt: 1481.59ms | tok/sec: 353,867 | bf16_mfu: 0.00 | epoch: 1 pq: 21 rg: 65 | total time: 45.09m | eta: 16.2m
step 01857/02520 (73.69%) | loss: 2.936448 | lrm: 0.43 | dt: 1507.72ms | tok/sec: 347,735 | bf16_mfu: 0.00 | epoch: 1 pq: 21 rg: 66 | total time: 45.12m | eta: 16.2m
step 01858/02520 (73.73%) | loss: 2.941753 | lrm: 0.43 | dt: 1497.08ms | tok/sec: 350,207 | bf16_mfu: 0.00 | epoch: 1 pq: 21 rg: 67 | total time: 45.14m | eta: 16.2m
step 01859/02520 (73.77%) | loss: 2.938777 | lrm: 0.43 | dt: 1476.58ms | tok/sec: 355,070 | bf16_mfu: 0.00 | epoch: 1 pq: 21 rg: 68 | total time: 45.17m | eta: 16.1m
step 01860/02520 (73.81%) | loss: 2.929478 | lrm: 0.43 | dt: 1473.56ms | tok/sec: 355,796 | bf16_mfu: 0.00 | epoch: 1 pq: 21 rg: 69 | total time: 45.19m | eta: 16.1m
step 01861/02520 (73.85%) | loss: 2.927303 | lrm: 0.43 | dt: 1470.28ms | tok/sec: 356,590 | bf16_mfu: 0.00 | epoch: 1 pq: 21 rg: 70 | total time: 45.22m | eta: 16.1m
step 01862/02520 (73.89%) | loss: 2.935283 | lrm: 0.43 | dt: 1473.20ms | tok/sec: 355,883 | bf16_mfu: 0.00 | epoch: 1 pq: 21 rg: 71 | total time: 45.24m | eta: 16.1m
step 01863/02520 (73.93%) | loss: 2.935815 | lrm: 0.43 | dt: 1464.60ms | tok/sec: 357,972 | bf16_mfu: 0.00 | epoch: 1 pq: 21 rg: 72 | total time: 45.26m | eta: 16.0m
step 01864/02520 (73.97%) | loss: 2.933480 | lrm: 0.43 | dt: 1472.90ms | tok/sec: 355,957 | bf16_mfu: 0.00 | epoch: 1 pq: 21 rg: 73 | total time: 45.29m | eta: 16.0m
step 01865/02520 (74.01%) | loss: 2.941487 | lrm: 0.43 | dt: 1475.57ms | tok/sec: 355,311 | bf16_mfu: 0.00 | epoch: 1 pq: 21 rg: 74 | total time: 45.31m | eta: 16.0m
step 01866/02520 (74.05%) | loss: 2.939966 | lrm: 0.43 | dt: 1469.17ms | tok/sec: 356,859 | bf16_mfu: 0.00 | epoch: 1 pq: 21 rg: 75 | total time: 45.34m | eta: 16.0m
step 01867/02520 (74.09%) | loss: 2.932447 | lrm: 0.43 | dt: 1478.00ms | tok/sec: 354,728 | bf16_mfu: 0.00 | epoch: 1 pq: 21 rg: 76 | total time: 45.36m | eta: 16.0m
step 01868/02520 (74.13%) | loss: 2.934805 | lrm: 0.43 | dt: 1515.34ms | tok/sec: 345,987 | bf16_mfu: 0.00 | epoch: 1 pq: 21 rg: 77 | total time: 45.39m | eta: 15.9m
step 01869/02520 (74.17%) | loss: 2.929532 | lrm: 0.43 | dt: 1519.13ms | tok/sec: 345,123 | bf16_mfu: 0.00 | epoch: 1 pq: 21 rg: 78 | total time: 45.41m | eta: 15.9m
step 01870/02520 (74.21%) | loss: 2.935915 | lrm: 0.43 | dt: 1533.10ms | tok/sec: 341,978 | bf16_mfu: 0.00 | epoch: 1 pq: 21 rg: 79 | total time: 45.44m | eta: 15.9m
step 01871/02520 (74.25%) | loss: 2.933489 | lrm: 0.43 | dt: 1477.10ms | tok/sec: 354,945 | bf16_mfu: 0.00 | epoch: 1 pq: 21 rg: 80 | total time: 45.46m | eta: 15.9m
step 01872/02520 (74.29%) | loss: 2.916283 | lrm: 0.43 | dt: 1480.61ms | tok/sec: 354,101 | bf16_mfu: 0.00 | epoch: 1 pq: 21 rg: 81 | total time: 45.49m | eta: 15.8m
step 01873/02520 (74.33%) | loss: 2.922290 | lrm: 0.43 | dt: 1532.21ms | tok/sec: 342,178 | bf16_mfu: 0.00 | epoch: 1 pq: 21 rg: 81 | total time: 45.51m | eta: 15.8m
step 01874/02520 (74.37%) | loss: 2.922112 | lrm: 0.42 | dt: 1516.97ms | tok/sec: 345,615 | bf16_mfu: 0.00 | epoch: 1 pq: 21 rg: 82 | total time: 45.54m | eta: 15.8m
step 01875/02520 (74.40%) | loss: 2.919316 | lrm: 0.42 | dt: 1492.56ms | tok/sec: 351,267 | bf16_mfu: 0.00 | epoch: 1 pq: 22 rg: 0 | total time: 45.56m | eta: 15.8m
step 01876/02520 (74.44%) | loss: 2.930803 | lrm: 0.42 | dt: 1482.32ms | tok/sec: 353,695 | bf16_mfu: 0.00 | epoch: 1 pq: 22 rg: 1 | total time: 45.59m | eta: 15.7m
step 01877/02520 (74.48%) | loss: 2.937585 | lrm: 0.42 | dt: 1469.30ms | tok/sec: 356,829 | bf16_mfu: 0.00 | epoch: 1 pq: 22 rg: 2 | total time: 45.61m | eta: 15.7m
step 01878/02520 (74.52%) | loss: 2.925621 | lrm: 0.42 | dt: 1466.09ms | tok/sec: 357,610 | bf16_mfu: 0.00 | epoch: 1 pq: 22 rg: 3 | total time: 45.64m | eta: 15.7m
step 01879/02520 (74.56%) | loss: 2.927184 | lrm: 0.42 | dt: 1476.80ms | tok/sec: 355,015 | bf16_mfu: 0.00 | epoch: 1 pq: 22 rg: 4 | total time: 45.66m | eta: 15.7m
step 01880/02520 (74.60%) | loss: 2.927085 | lrm: 0.42 | dt: 1480.02ms | tok/sec: 354,243 | bf16_mfu: 0.00 | epoch: 1 pq: 22 rg: 5 | total time: 45.69m | eta: 15.6m
step 01881/02520 (74.64%) | loss: 2.925028 | lrm: 0.42 | dt: 1468.41ms | tok/sec: 357,044 | bf16_mfu: 0.00 | epoch: 1 pq: 22 rg: 6 | total time: 45.71m | eta: 15.6m
step 01882/02520 (74.68%) | loss: 2.916339 | lrm: 0.42 | dt: 1481.79ms | tok/sec: 353,820 | bf16_mfu: 0.00 | epoch: 1 pq: 22 rg: 7 | total time: 45.74m | eta: 15.6m
step 01883/02520 (74.72%) | loss: 2.915989 | lrm: 0.42 | dt: 1486.84ms | tok/sec: 352,618 | bf16_mfu: 0.00 | epoch: 1 pq: 22 rg: 8 | total time: 45.76m | eta: 15.6m
step 01884/02520 (74.76%) | loss: 2.906291 | lrm: 0.42 | dt: 1485.22ms | tok/sec: 353,002 | bf16_mfu: 0.00 | epoch: 1 pq: 22 rg: 9 | total time: 45.79m | eta: 15.5m
step 01885/02520 (74.80%) | loss: 2.899930 | lrm: 0.42 | dt: 1479.59ms | tok/sec: 354,346 | bf16_mfu: 0.00 | epoch: 1 pq: 22 rg: 10 | total time: 45.81m | eta: 15.5m
step 01886/02520 (74.84%) | loss: 2.909344 | lrm: 0.42 | dt: 1483.03ms | tok/sec: 353,524 | bf16_mfu: 0.00 | epoch: 1 pq: 22 rg: 11 | total time: 45.83m | eta: 15.5m
step 01887/02520 (74.88%) | loss: 2.903844 | lrm: 0.42 | dt: 1481.12ms | tok/sec: 353,980 | bf16_mfu: 0.00 | epoch: 1 pq: 22 rg: 12 | total time: 45.86m | eta: 15.5m
step 01888/02520 (74.92%) | loss: 2.910037 | lrm: 0.42 | dt: 1481.51ms | tok/sec: 353,887 | bf16_mfu: 0.00 | epoch: 1 pq: 22 rg: 13 | total time: 45.88m | eta: 15.4m
step 01889/02520 (74.96%) | loss: 2.914966 | lrm: 0.42 | dt: 1481.82ms | tok/sec: 353,813 | bf16_mfu: 0.00 | epoch: 1 pq: 22 rg: 14 | total time: 45.91m | eta: 15.4m
2026-09-27 16:11:00,312 - nanochat.checkpoint_manager - [32m[1mINFO[0m - Saved model parameters to: /home/neo/.cache/nanochat/base_checkpoints/looped_B8_lr1_lr1_h1.0_s0/model_001890.pt
2026-09-27 16:11:00,784 - nanochat.checkpoint_manager - [32m[1mINFO[0m - Saved optimizer state to: /home/neo/.cache/nanochat/base_checkpoints/looped_B8_lr1_lr1_h1.0_s0/optim_001890_rank0.pt
2026-09-27 16:11:00,785 - nanochat.checkpoint_manager - [32m[1mINFO[0m - Saved metadata to: /home/neo/.cache/nanochat/base_checkpoints/looped_B8_lr1_lr1_h1.0_s0/meta_001890.json
step 01890/02520 (75.00%) | loss: 2.916734 | lrm: 0.42 | dt: 1463.89ms | tok/sec: 358,146 | bf16_mfu: 0.00 | epoch: 1 pq: 22 rg: 15 | total time: 45.93m | eta: 15.4m
step 01891/02520 (75.04%) | loss: 2.929400 | lrm: 0.41 | dt: 1473.93ms | tok/sec: 355,708 | bf16_mfu: 0.00 | epoch: 1 pq: 22 rg: 16 | total time: 45.96m | eta: 15.4m
step 01892/02520 (75.08%) | loss: 2.934185 | lrm: 0.41 | dt: 1449.91ms | tok/sec: 361,600 | bf16_mfu: 0.00 | epoch: 1 pq: 22 rg: 17 | total time: 45.98m | eta: 15.3m
step 01893/02520 (75.12%) | loss: 2.940312 | lrm: 0.41 | dt: 1461.83ms | tok/sec: 358,652 | bf16_mfu: 0.00 | epoch: 1 pq: 22 rg: 18 | total time: 46.01m | eta: 15.3m
step 01894/02520 (75.16%) | loss: 2.936083 | lrm: 0.41 | dt: 1454.50ms | tok/sec: 360,460 | bf16_mfu: 0.00 | epoch: 1 pq: 22 rg: 19 | total time: 46.03m | eta: 15.3m
step 01895/02520 (75.20%) | loss: 2.941545 | lrm: 0.41 | dt: 1468.27ms | tok/sec: 357,078 | bf16_mfu: 0.00 | epoch: 1 pq: 22 rg: 20 | total time: 46.06m | eta: 15.3m
step 01896/02520 (75.24%) | loss: 2.934808 | lrm: 0.41 | dt: 1465.63ms | tok/sec: 357,720 | bf16_mfu: 0.00 | epoch: 1 pq: 22 rg: 21 | total time: 46.08m | eta: 15.2m
step 01897/02520 (75.28%) | loss: 2.926672 | lrm: 0.41 | dt: 1453.52ms | tok/sec: 360,701 | bf16_mfu: 0.00 | epoch: 1 pq: 22 rg: 22 | total time: 46.10m | eta: 15.2m
step 01898/02520 (75.32%) | loss: 2.932371 | lrm: 0.41 | dt: 1486.83ms | tok/sec: 352,620 | bf16_mfu: 0.00 | epoch: 1 pq: 22 rg: 23 | total time: 46.13m | eta: 15.2m
step 01899/02520 (75.36%) | loss: 2.928695 | lrm: 0.41 | dt: 1458.17ms | tok/sec: 359,552 | bf16_mfu: 0.00 | epoch: 1 pq: 22 rg: 24 | total time: 46.15m | eta: 15.2m
step 01900/02520 (75.40%) | loss: 2.922177 | lrm: 0.41 | dt: 1466.45ms | tok/sec: 357,520 | bf16_mfu: 0.00 | epoch: 1 pq: 22 rg: 25 | total time: 46.18m | eta: 15.1m
step 01901/02520 (75.44%) | loss: 2.933807 | lrm: 0.41 | dt: 1469.74ms | tok/sec: 356,721 | bf16_mfu: 0.00 | epoch: 1 pq: 22 rg: 26 | total time: 46.20m | eta: 15.1m
step 01902/02520 (75.48%) | loss: 2.936634 | lrm: 0.41 | dt: 1453.60ms | tok/sec: 360,681 | bf16_mfu: 0.00 | epoch: 1 pq: 22 rg: 27 | total time: 46.23m | eta: 15.1m
step 01903/02520 (75.52%) | loss: 2.942562 | lrm: 0.41 | dt: 1470.50ms | tok/sec: 356,537 | bf16_mfu: 0.00 | epoch: 1 pq: 22 rg: 28 | total time: 46.25m | eta: 15.1m
step 01904/02520 (75.56%) | loss: 2.938096 | lrm: 0.41 | dt: 1465.57ms | tok/sec: 357,736 | bf16_mfu: 0.00 | epoch: 1 pq: 22 rg: 29 | total time: 46.27m | eta: 15.1m
step 01905/02520 (75.60%) | loss: 2.946221 | lrm: 0.41 | dt: 1494.62ms | tok/sec: 350,784 | bf16_mfu: 0.00 | epoch: 1 pq: 22 rg: 30 | total time: 46.30m | eta: 15.0m
step 01906/02520 (75.63%) | loss: 2.949452 | lrm: 0.41 | dt: 1495.17ms | tok/sec: 350,655 | bf16_mfu: 0.00 | epoch: 1 pq: 22 rg: 31 | total time: 46.32m | eta: 15.0m
step 01907/02520 (75.67%) | loss: 2.946898 | lrm: 0.41 | dt: 1478.43ms | tok/sec: 354,624 | bf16_mfu: 0.00 | epoch: 1 pq: 22 rg: 32 | total time: 46.35m | eta: 15.0m
step 01908/02520 (75.71%) | loss: 2.948546 | lrm: 0.40 | dt: 1471.29ms | tok/sec: 356,346 | bf16_mfu: 0.00 | epoch: 1 pq: 22 rg: 33 | total time: 46.37m | eta: 15.0m
step 01909/02520 (75.75%) | loss: 2.945583 | lrm: 0.40 | dt: 1493.20ms | tok/sec: 351,117 | bf16_mfu: 0.00 | epoch: 1 pq: 22 rg: 34 | total time: 46.40m | eta: 14.9m
step 01910/02520 (75.79%) | loss: 2.939206 | lrm: 0.40 | dt: 1500.95ms | tok/sec: 349,303 | bf16_mfu: 0.00 | epoch: 1 pq: 22 rg: 35 | total time: 46.42m | eta: 14.9m
step 01911/02520 (75.83%) | loss: 2.935453 | lrm: 0.40 | dt: 1504.00ms | tok/sec: 348,596 | bf16_mfu: 0.00 | epoch: 1 pq: 22 rg: 36 | total time: 46.45m | eta: 14.9m
step 01912/02520 (75.87%) | loss: 2.941199 | lrm: 0.40 | dt: 1489.41ms | tok/sec: 352,010 | bf16_mfu: 0.00 | epoch: 1 pq: 22 rg: 37 | total time: 46.47m | eta: 14.9m
step 01913/02520 (75.91%) | loss: 2.931032 | lrm: 0.40 | dt: 1488.69ms | tok/sec: 352,179 | bf16_mfu: 0.00 | epoch: 1 pq: 22 rg: 38 | total time: 46.50m | eta: 14.8m
step 01914/02520 (75.95%) | loss: 2.940431 | lrm: 0.40 | dt: 1489.12ms | tok/sec: 352,079 | bf16_mfu: 0.00 | epoch: 1 pq: 22 rg: 39 | total time: 46.52m | eta: 14.8m
step 01915/02520 (75.99%) | loss: 2.940985 | lrm: 0.40 | dt: 1501.66ms | tok/sec: 349,139 | bf16_mfu: 0.00 | epoch: 1 pq: 22 rg: 40 | total time: 46.55m | eta: 14.8m
step 01916/02520 (76.03%) | loss: 2.938675 | lrm: 0.40 | dt: 1487.96ms | tok/sec: 352,353 | bf16_mfu: 0.00 | epoch: 1 pq: 22 rg: 41 | total time: 46.57m | eta: 14.8m
step 01917/02520 (76.07%) | loss: 2.940835 | lrm: 0.40 | dt: 1486.32ms | tok/sec: 352,743 | bf16_mfu: 0.00 | epoch: 1 pq: 22 rg: 42 | total time: 46.60m | eta: 14.7m
step 01918/02520 (76.11%) | loss: 2.932274 | lrm: 0.40 | dt: 1488.16ms | tok/sec: 352,306 | bf16_mfu: 0.00 | epoch: 1 pq: 22 rg: 42 | total time: 46.62m | eta: 14.7m
step 01919/02520 (76.15%) | loss: 2.926106 | lrm: 0.40 | dt: 1488.84ms | tok/sec: 352,146 | bf16_mfu: 0.00 | epoch: 1 pq: 22 rg: 43 | total time: 46.65m | eta: 14.7m
step 01920/02520 (76.19%) | loss: 2.929789 | lrm: 0.40 | dt: 1489.51ms | tok/sec: 351,987 | bf16_mfu: 0.00 | epoch: 1 pq: 22 rg: 44 | total time: 46.67m | eta: 14.7m
step 01921/02520 (76.23%) | loss: 2.938749 | lrm: 0.40 | dt: 1486.34ms | tok/sec: 352,737 | bf16_mfu: 0.00 | epoch: 1 pq: 22 rg: 45 | total time: 46.70m | eta: 14.6m
step 01922/02520 (76.27%) | loss: 2.934242 | lrm: 0.40 | dt: 1489.01ms | tok/sec: 352,105 | bf16_mfu: 0.00 | epoch: 1 pq: 22 rg: 46 | total time: 46.72m | eta: 14.6m
step 01923/02520 (76.31%) | loss: 2.931687 | lrm: 0.40 | dt: 1495.79ms | tok/sec: 350,510 | bf16_mfu: 0.00 | epoch: 1 pq: 22 rg: 47 | total time: 46.75m | eta: 14.6m
step 01924/02520 (76.35%) | loss: 2.928190 | lrm: 0.40 | dt: 1506.55ms | tok/sec: 348,006 | bf16_mfu: 0.00 | epoch: 1 pq: 22 rg: 48 | total time: 46.77m | eta: 14.6m
step 01925/02520 (76.39%) | loss: 2.915515 | lrm: 0.40 | dt: 1488.75ms | tok/sec: 352,165 | bf16_mfu: 0.00 | epoch: 1 pq: 22 rg: 49 | total time: 46.80m | eta: 14.5m
step 01926/02520 (76.43%) | loss: 2.908145 | lrm: 0.39 | dt: 1494.33ms | tok/sec: 350,851 | bf16_mfu: 0.00 | epoch: 1 pq: 22 rg: 50 | total time: 46.82m | eta: 14.5m
step 01927/02520 (76.47%) | loss: 2.897240 | lrm: 0.39 | dt: 1494.01ms | tok/sec: 350,926 | bf16_mfu: 0.00 | epoch: 1 pq: 22 rg: 51 | total time: 46.85m | eta: 14.5m
step 01928/02520 (76.51%) | loss: 2.905542 | lrm: 0.39 | dt: 1501.67ms | tok/sec: 349,136 | bf16_mfu: 0.00 | epoch: 1 pq: 22 rg: 52 | total time: 46.87m | eta: 14.5m
step 01929/02520 (76.55%) | loss: 2.908014 | lrm: 0.39 | dt: 1500.70ms | tok/sec: 349,362 | bf16_mfu: 0.00 | epoch: 1 pq: 22 rg: 53 | total time: 46.90m | eta: 14.4m
step 01930/02520 (76.59%) | loss: 2.920351 | lrm: 0.39 | dt: 1485.52ms | tok/sec: 352,931 | bf16_mfu: 0.00 | epoch: 1 pq: 22 rg: 54 | total time: 46.92m | eta: 14.4m
step 01931/02520 (76.63%) | loss: 2.917052 | lrm: 0.39 | dt: 1468.86ms | tok/sec: 356,936 | bf16_mfu: 0.00 | epoch: 1 pq: 22 rg: 55 | total time: 46.95m | eta: 14.4m
step 01932/02520 (76.67%) | loss: 2.923266 | lrm: 0.39 | dt: 1484.95ms | tok/sec: 353,068 | bf16_mfu: 0.00 | epoch: 1 pq: 22 rg: 56 | total time: 46.97m | eta: 14.4m
step 01933/02520 (76.71%) | loss: 2.918503 | lrm: 0.39 | dt: 1503.70ms | tok/sec: 348,666 | bf16_mfu: 0.00 | epoch: 1 pq: 22 rg: 57 | total time: 47.00m | eta: 14.3m
step 01934/02520 (76.75%) | loss: 2.932271 | lrm: 0.39 | dt: 1501.18ms | tok/sec: 349,251 | bf16_mfu: 0.00 | epoch: 1 pq: 22 rg: 58 | total time: 47.02m | eta: 14.3m
step 01935/02520 (76.79%) | loss: 2.922378 | lrm: 0.39 | dt: 1507.91ms | tok/sec: 347,692 | bf16_mfu: 0.00 | epoch: 1 pq: 22 rg: 59 | total time: 47.05m | eta: 14.3m
step 01936/02520 (76.83%) | loss: 2.935075 | lrm: 0.39 | dt: 1496.89ms | tok/sec: 350,250 | bf16_mfu: 0.00 | epoch: 1 pq: 22 rg: 60 | total time: 47.07m | eta: 14.3m
step 01937/02520 (76.87%) | loss: 2.935777 | lrm: 0.39 | dt: 1452.17ms | tok/sec: 361,036 | bf16_mfu: 0.00 | epoch: 1 pq: 22 rg: 61 | total time: 47.10m | eta: 14.2m
step 01938/02520 (76.90%) | loss: 2.945595 | lrm: 0.39 | dt: 1455.84ms | tok/sec: 360,126 | bf16_mfu: 0.00 | epoch: 1 pq: 22 rg: 62 | total time: 47.12m | eta: 14.2m
step 01939/02520 (76.94%) | loss: 2.952309 | lrm: 0.39 | dt: 1457.11ms | tok/sec: 359,814 | bf16_mfu: 0.00 | epoch: 1 pq: 22 rg: 63 | total time: 47.14m | eta: 14.2m
step 01940/02520 (76.98%) | loss: 2.945267 | lrm: 0.39 | dt: 1456.92ms | tok/sec: 359,861 | bf16_mfu: 0.00 | epoch: 1 pq: 22 rg: 64 | total time: 47.17m | eta: 14.2m
step 01941/02520 (77.02%) | loss: 2.949335 | lrm: 0.39 | dt: 1455.79ms | tok/sec: 360,139 | bf16_mfu: 0.00 | epoch: 1 pq: 22 rg: 65 | total time: 47.19m | eta: 14.2m
step 01942/02520 (77.06%) | loss: 2.951404 | lrm: 0.39 | dt: 1454.67ms | tok/sec: 360,416 | bf16_mfu: 0.00 | epoch: 1 pq: 22 rg: 66 | total time: 47.22m | eta: 14.1m
step 01943/02520 (77.10%) | loss: 2.951426 | lrm: 0.38 | dt: 1455.46ms | tok/sec: 360,222 | bf16_mfu: 0.00 | epoch: 1 pq: 22 rg: 67 | total time: 47.24m | eta: 14.1m
step 01944/02520 (77.14%) | loss: 2.943395 | lrm: 0.38 | dt: 1456.58ms | tok/sec: 359,945 | bf16_mfu: 0.00 | epoch: 1 pq: 22 rg: 68 | total time: 47.26m | eta: 14.1m
step 01945/02520 (77.18%) | loss: 2.941062 | lrm: 0.38 | dt: 1458.48ms | tok/sec: 359,475 | bf16_mfu: 0.00 | epoch: 1 pq: 22 rg: 69 | total time: 47.29m | eta: 14.1m
step 01946/02520 (77.22%) | loss: 2.942781 | lrm: 0.38 | dt: 1469.36ms | tok/sec: 356,813 | bf16_mfu: 0.00 | epoch: 1 pq: 22 rg: 70 | total time: 47.31m | eta: 14.0m
step 01947/02520 (77.26%) | loss: 2.938686 | lrm: 0.38 | dt: 1468.48ms | tok/sec: 357,027 | bf16_mfu: 0.00 | epoch: 1 pq: 22 rg: 71 | total time: 47.34m | eta: 14.0m
step 01948/02520 (77.30%) | loss: 2.935840 | lrm: 0.38 | dt: 1454.68ms | tok/sec: 360,413 | bf16_mfu: 0.00 | epoch: 1 pq: 22 rg: 72 | total time: 47.36m | eta: 14.0m
step 01949/02520 (77.34%) | loss: 2.945201 | lrm: 0.38 | dt: 1454.99ms | tok/sec: 360,336 | bf16_mfu: 0.00 | epoch: 1 pq: 22 rg: 73 | total time: 47.39m | eta: 14.0m
step 01950/02520 (77.38%) | loss: 2.942673 | lrm: 0.38 | dt: 1457.08ms | tok/sec: 359,820 | bf16_mfu: 0.00 | epoch: 1 pq: 22 rg: 74 | total time: 47.41m | eta: 13.9m
step 01951/02520 (77.42%) | loss: 2.949978 | lrm: 0.38 | dt: 1457.15ms | tok/sec: 359,802 | bf16_mfu: 0.00 | epoch: 1 pq: 22 rg: 75 | total time: 47.44m | eta: 13.9m
step 01952/02520 (77.46%) | loss: 2.956149 | lrm: 0.38 | dt: 1469.77ms | tok/sec: 356,713 | bf16_mfu: 0.00 | epoch: 1 pq: 22 rg: 76 | total time: 47.46m | eta: 13.9m
step 01953/02520 (77.50%) | loss: 2.946100 | lrm: 0.38 | dt: 1474.66ms | tok/sec: 355,530 | bf16_mfu: 0.00 | epoch: 1 pq: 22 rg: 77 | total time: 47.48m | eta: 13.9m
step 01954/02520 (77.54%) | loss: 2.950461 | lrm: 0.38 | dt: 1467.35ms | tok/sec: 357,301 | bf16_mfu: 0.00 | epoch: 1 pq: 22 rg: 78 | total time: 47.51m | eta: 13.8m
step 01955/02520 (77.58%) | loss: 2.939161 | lrm: 0.38 | dt: 1467.10ms | tok/sec: 357,363 | bf16_mfu: 0.00 | epoch: 1 pq: 22 rg: 79 | total time: 47.53m | eta: 13.8m
step 01956/02520 (77.62%) | loss: 2.943628 | lrm: 0.38 | dt: 1468.25ms | tok/sec: 357,082 | bf16_mfu: 0.00 | epoch: 1 pq: 22 rg: 79 | total time: 47.56m | eta: 13.8m
step 01957/02520 (77.66%) | loss: 2.938328 | lrm: 0.38 | dt: 1460.90ms | tok/sec: 358,880 | bf16_mfu: 0.00 | epoch: 1 pq: 22 rg: 80 | total time: 47.58m | eta: 13.8m
step 01958/02520 (77.70%) | loss: 2.936136 | lrm: 0.38 | dt: 1467.98ms | tok/sec: 357,148 | bf16_mfu: 0.00 | epoch: 1 pq: 22 rg: 81 | total time: 47.61m | eta: 13.7m
step 01959/02520 (77.74%) | loss: 2.933566 | lrm: 0.38 | dt: 1479.06ms | tok/sec: 354,473 | bf16_mfu: 0.00 | epoch: 1 pq: 22 rg: 82 | total time: 47.63m | eta: 13.7m
step 01960/02520 (77.78%) | loss: 2.926752 | lrm: 0.37 | dt: 1463.37ms | tok/sec: 358,274 | bf16_mfu: 0.00 | epoch: 1 pq: 22 rg: 83 | total time: 47.66m | eta: 13.7m
step 01961/02520 (77.82%) | loss: 2.923108 | lrm: 0.37 | dt: 1458.71ms | tok/sec: 359,418 | bf16_mfu: 0.00 | epoch: 1 pq: 23 rg: 0 | total time: 47.68m | eta: 13.7m
step 01962/02520 (77.86%) | loss: 2.919698 | lrm: 0.37 | dt: 1465.52ms | tok/sec: 357,748 | bf16_mfu: 0.00 | epoch: 1 pq: 23 rg: 1 | total time: 47.70m | eta: 13.6m
step 01963/02520 (77.90%) | loss: 2.916333 | lrm: 0.37 | dt: 1456.85ms | tok/sec: 359,877 | bf16_mfu: 0.00 | epoch: 1 pq: 23 rg: 2 | total time: 47.73m | eta: 13.6m
step 01964/02520 (77.94%) | loss: 2.909679 | lrm: 0.37 | dt: 1458.18ms | tok/sec: 359,550 | bf16_mfu: 0.00 | epoch: 1 pq: 23 rg: 3 | total time: 47.75m | eta: 13.6m
step 01965/02520 (77.98%) | loss: 2.901803 | lrm: 0.37 | dt: 1459.43ms | tok/sec: 359,241 | bf16_mfu: 0.00 | epoch: 1 pq: 23 rg: 4 | total time: 47.78m | eta: 13.6m
step 01966/02520 (78.02%) | loss: 2.902630 | lrm: 0.37 | dt: 1457.21ms | tok/sec: 359,788 | bf16_mfu: 0.00 | epoch: 1 pq: 23 rg: 5 | total time: 47.80m | eta: 13.5m
step 01967/02520 (78.06%) | loss: 2.904663 | lrm: 0.37 | dt: 1455.96ms | tok/sec: 360,098 | bf16_mfu: 0.00 | epoch: 1 pq: 23 rg: 6 | total time: 47.83m | eta: 13.5m
step 01968/02520 (78.10%) | loss: 2.903997 | lrm: 0.37 | dt: 1454.53ms | tok/sec: 360,452 | bf16_mfu: 0.00 | epoch: 1 pq: 23 rg: 7 | total time: 47.85m | eta: 13.5m
step 01969/02520 (78.13%) | loss: 2.907373 | lrm: 0.37 | dt: 1455.68ms | tok/sec: 360,168 | bf16_mfu: 0.00 | epoch: 1 pq: 23 rg: 8 | total time: 47.87m | eta: 13.5m
step 01970/02520 (78.17%) | loss: 2.910252 | lrm: 0.37 | dt: 1458.30ms | tok/sec: 359,519 | bf16_mfu: 0.00 | epoch: 1 pq: 23 rg: 9 | total time: 47.90m | eta: 13.4m
step 01971/02520 (78.21%) | loss: 2.919265 | lrm: 0.37 | dt: 1458.01ms | tok/sec: 359,590 | bf16_mfu: 0.00 | epoch: 1 pq: 23 rg: 10 | total time: 47.92m | eta: 13.4m
step 01972/02520 (78.25%) | loss: 2.913020 | lrm: 0.37 | dt: 1457.47ms | tok/sec: 359,725 | bf16_mfu: 0.00 | epoch: 1 pq: 23 rg: 11 | total time: 47.95m | eta: 13.4m
step 01973/02520 (78.29%) | loss: 2.905819 | lrm: 0.37 | dt: 1455.44ms | tok/sec: 360,225 | bf16_mfu: 0.00 | epoch: 1 pq: 23 rg: 12 | total time: 47.97m | eta: 13.4m
step 01974/02520 (78.33%) | loss: 2.916067 | lrm: 0.37 | dt: 1474.94ms | tok/sec: 355,464 | bf16_mfu: 0.00 | epoch: 1 pq: 23 rg: 13 | total time: 48.00m | eta: 13.3m
step 01975/02520 (78.37%) | loss: 2.921684 | lrm: 0.37 | dt: 1486.18ms | tok/sec: 352,775 | bf16_mfu: 0.00 | epoch: 1 pq: 23 rg: 14 | total time: 48.02m | eta: 13.3m
step 01976/02520 (78.41%) | loss: 2.930842 | lrm: 0.37 | dt: 1481.20ms | tok/sec: 353,961 | bf16_mfu: 0.00 | epoch: 1 pq: 23 rg: 15 | total time: 48.05m | eta: 13.3m
step 01977/02520 (78.45%) | loss: 2.931770 | lrm: 0.36 | dt: 1466.28ms | tok/sec: 357,562 | bf16_mfu: 0.00 | epoch: 1 pq: 23 rg: 16 | total time: 48.07m | eta: 13.3m
step 01978/02520 (78.49%) | loss: 2.927400 | lrm: 0.36 | dt: 1456.86ms | tok/sec: 359,874 | bf16_mfu: 0.00 | epoch: 1 pq: 23 rg: 17 | total time: 48.09m | eta: 13.2m
step 01979/02520 (78.53%) | loss: 2.925814 | lrm: 0.36 | dt: 1457.18ms | tok/sec: 359,797 | bf16_mfu: 0.00 | epoch: 1 pq: 23 rg: 18 | total time: 48.12m | eta: 13.2m
step 01980/02520 (78.57%) | loss: 2.916185 | lrm: 0.36 | dt: 1456.09ms | tok/sec: 360,065 | bf16_mfu: 0.00 | epoch: 1 pq: 23 rg: 19 | total time: 48.14m | eta: 13.2m
step 01981/02520 (78.61%) | loss: 2.917836 | lrm: 0.36 | dt: 1465.60ms | tok/sec: 357,730 | bf16_mfu: 0.00 | epoch: 1 pq: 23 rg: 20 | total time: 48.17m | eta: 13.2m
step 01982/02520 (78.65%) | loss: 2.912762 | lrm: 0.36 | dt: 1486.08ms | tok/sec: 352,798 | bf16_mfu: 0.00 | epoch: 1 pq: 23 rg: 21 | total time: 48.19m | eta: 13.1m
step 01983/02520 (78.69%) | loss: 2.912406 | lrm: 0.36 | dt: 1478.09ms | tok/sec: 354,706 | bf16_mfu: 0.00 | epoch: 1 pq: 23 rg: 22 | total time: 48.22m | eta: 13.1m
step 01984/02520 (78.73%) | loss: 2.921358 | lrm: 0.36 | dt: 1477.60ms | tok/sec: 354,825 | bf16_mfu: 0.00 | epoch: 1 pq: 23 rg: 23 | total time: 48.24m | eta: 13.1m
step 01985/02520 (78.77%) | loss: 2.919846 | lrm: 0.36 | dt: 1457.87ms | tok/sec: 359,625 | bf16_mfu: 0.00 | epoch: 1 pq: 23 rg: 24 | total time: 48.27m | eta: 13.1m
step 01986/02520 (78.81%) | loss: 2.917818 | lrm: 0.36 | dt: 1467.74ms | tok/sec: 357,207 | bf16_mfu: 0.00 | epoch: 1 pq: 23 rg: 25 | total time: 48.29m | eta: 13.1m
step 01987/02520 (78.85%) | loss: 2.925295 | lrm: 0.36 | dt: 1481.23ms | tok/sec: 353,954 | bf16_mfu: 0.00 | epoch: 1 pq: 23 rg: 26 | total time: 48.31m | eta: 13.0m
step 01988/02520 (78.89%) | loss: 2.938517 | lrm: 0.36 | dt: 1457.08ms | tok/sec: 359,821 | bf16_mfu: 0.00 | epoch: 1 pq: 23 rg: 26 | total time: 48.34m | eta: 13.0m
step 01989/02520 (78.93%) | loss: 2.932071 | lrm: 0.36 | dt: 1471.13ms | tok/sec: 356,384 | bf16_mfu: 0.00 | epoch: 1 pq: 23 rg: 27 | total time: 48.36m | eta: 13.0m
step 01990/02520 (78.97%) | loss: 2.925268 | lrm: 0.36 | dt: 1459.98ms | tok/sec: 359,105 | bf16_mfu: 0.00 | epoch: 1 pq: 23 rg: 28 | total time: 48.39m | eta: 13.0m
step 01991/02520 (79.01%) | loss: 2.924831 | lrm: 0.36 | dt: 1469.79ms | tok/sec: 356,709 | bf16_mfu: 0.00 | epoch: 1 pq: 23 rg: 29 | total time: 48.41m | eta: 12.9m
step 01992/02520 (79.05%) | loss: 2.936440 | lrm: 0.36 | dt: 1464.75ms | tok/sec: 357,935 | bf16_mfu: 0.00 | epoch: 1 pq: 23 rg: 30 | total time: 48.44m | eta: 12.9m
step 01993/02520 (79.09%) | loss: 2.938257 | lrm: 0.36 | dt: 1457.04ms | tok/sec: 359,830 | bf16_mfu: 0.00 | epoch: 1 pq: 23 rg: 31 | total time: 48.46m | eta: 12.9m
step 01994/02520 (79.13%) | loss: 2.930408 | lrm: 0.36 | dt: 1461.28ms | tok/sec: 358,787 | bf16_mfu: 0.00 | epoch: 1 pq: 23 rg: 32 | total time: 48.49m | eta: 12.9m
step 01995/02520 (79.17%) | loss: 2.941063 | lrm: 0.35 | dt: 1465.03ms | tok/sec: 357,868 | bf16_mfu: 0.00 | epoch: 1 pq: 23 rg: 33 | total time: 48.51m | eta: 12.8m
step 01996/02520 (79.21%) | loss: 2.944741 | lrm: 0.35 | dt: 1462.11ms | tok/sec: 358,583 | bf16_mfu: 0.00 | epoch: 1 pq: 23 rg: 34 | total time: 48.53m | eta: 12.8m
step 01997/02520 (79.25%) | loss: 2.938958 | lrm: 0.35 | dt: 1461.34ms | tok/sec: 358,773 | bf16_mfu: 0.00 | epoch: 1 pq: 23 rg: 35 | total time: 48.56m | eta: 12.8m
step 01998/02520 (79.29%) | loss: 2.915747 | lrm: 0.35 | dt: 1464.75ms | tok/sec: 357,936 | bf16_mfu: 0.00 | epoch: 1 pq: 23 rg: 36 | total time: 48.58m | eta: 12.8m
step 01999/02520 (79.33%) | loss: 2.918008 | lrm: 0.35 | dt: 1465.14ms | tok/sec: 357,842 | bf16_mfu: 0.00 | epoch: 1 pq: 23 rg: 37 | total time: 48.61m | eta: 12.7m
Step 02000 | Validation bpb: 0.890573
step 02000/02520 (79.37%) | loss: 2.913077 | lrm: 0.35 | dt: 1445.13ms | tok/sec: 362,796 | bf16_mfu: 0.00 | epoch: 1 pq: 23 rg: 38 | total time: 48.63m | eta: 12.7m
step 02001/02520 (79.40%) | loss: 2.911185 | lrm: 0.35 | dt: 1450.11ms | tok/sec: 361,550 | bf16_mfu: 0.00 | epoch: 1 pq: 23 rg: 39 | total time: 48.66m | eta: 12.7m
step 02002/02520 (79.44%) | loss: 2.918026 | lrm: 0.35 | dt: 1449.16ms | tok/sec: 361,788 | bf16_mfu: 0.00 | epoch: 1 pq: 23 rg: 40 | total time: 48.68m | eta: 12.7m
step 02003/02520 (79.48%) | loss: 2.931080 | lrm: 0.35 | dt: 1449.92ms | tok/sec: 361,598 | bf16_mfu: 0.00 | epoch: 1 pq: 23 rg: 41 | total time: 48.70m | eta: 12.6m
step 02004/02520 (79.52%) | loss: 2.936462 | lrm: 0.35 | dt: 1450.22ms | tok/sec: 361,522 | bf16_mfu: 0.00 | epoch: 1 pq: 23 rg: 42 | total time: 48.73m | eta: 12.6m
step 02005/02520 (79.56%) | loss: 2.935879 | lrm: 0.35 | dt: 1450.39ms | tok/sec: 361,480 | bf16_mfu: 0.00 | epoch: 1 pq: 23 rg: 43 | total time: 48.75m | eta: 12.6m
step 02006/02520 (79.60%) | loss: 2.929337 | lrm: 0.35 | dt: 1451.96ms | tok/sec: 361,089 | bf16_mfu: 0.00 | epoch: 1 pq: 23 rg: 44 | total time: 48.78m | eta: 12.6m
step 02007/02520 (79.64%) | loss: 2.924004 | lrm: 0.35 | dt: 1451.03ms | tok/sec: 361,321 | bf16_mfu: 0.00 | epoch: 1 pq: 23 rg: 45 | total time: 48.80m | eta: 12.5m
step 02008/02520 (79.68%) | loss: 2.927941 | lrm: 0.35 | dt: 1456.20ms | tok/sec: 360,038 | bf16_mfu: 0.00 | epoch: 1 pq: 23 rg: 46 | total time: 48.82m | eta: 12.5m
step 02009/02520 (79.72%) | loss: 2.919295 | lrm: 0.35 | dt: 1454.94ms | tok/sec: 360,350 | bf16_mfu: 0.00 | epoch: 1 pq: 23 rg: 47 | total time: 48.85m | eta: 12.5m
step 02010/02520 (79.76%) | loss: 2.922341 | lrm: 0.35 | dt: 1451.54ms | tok/sec: 361,194 | bf16_mfu: 0.00 | epoch: 1 pq: 23 rg: 48 | total time: 48.87m | eta: 12.5m
step 02011/02520 (79.80%) | loss: 2.930235 | lrm: 0.35 | dt: 1464.35ms | tok/sec: 358,034 | bf16_mfu: 0.00 | epoch: 1 pq: 23 rg: 49 | total time: 48.90m | eta: 12.4m
step 02012/02520 (79.84%) | loss: 2.929212 | lrm: 0.34 | dt: 1454.23ms | tok/sec: 360,525 | bf16_mfu: 0.00 | epoch: 1 pq: 23 rg: 50 | total time: 48.92m | eta: 12.4m
step 02013/02520 (79.88%) | loss: 2.923919 | lrm: 0.34 | dt: 1457.90ms | tok/sec: 359,619 | bf16_mfu: 0.00 | epoch: 1 pq: 23 rg: 51 | total time: 48.95m | eta: 12.4m
step 02014/02520 (79.92%) | loss: 2.929525 | lrm: 0.34 | dt: 1456.92ms | tok/sec: 359,860 | bf16_mfu: 0.00 | epoch: 1 pq: 23 rg: 52 | total time: 48.97m | eta: 12.4m
step 02015/02520 (79.96%) | loss: 2.929683 | lrm: 0.34 | dt: 1455.65ms | tok/sec: 360,173 | bf16_mfu: 0.00 | epoch: 1 pq: 23 rg: 53 | total time: 48.99m | eta: 12.3m
2026-09-27 16:14:50,800 - nanochat.checkpoint_manager - [32m[1mINFO[0m - Saved model parameters to: /home/neo/.cache/nanochat/base_checkpoints/looped_B8_lr1_lr1_h1.0_s0/model_002016.pt
2026-09-27 16:14:51,250 - nanochat.checkpoint_manager - [32m[1mINFO[0m - Saved optimizer state to: /home/neo/.cache/nanochat/base_checkpoints/looped_B8_lr1_lr1_h1.0_s0/optim_002016_rank0.pt
2026-09-27 16:14:51,252 - nanochat.checkpoint_manager - [32m[1mINFO[0m - Saved metadata to: /home/neo/.cache/nanochat/base_checkpoints/looped_B8_lr1_lr1_h1.0_s0/meta_002016.json
step 02016/02520 (80.00%) | loss: 2.929144 | lrm: 0.34 | dt: 1436.22ms | tok/sec: 365,047 | bf16_mfu: 0.00 | epoch: 1 pq: 23 rg: 54 | total time: 49.02m | eta: 12.3m
step 02017/02520 (80.04%) | loss: 2.918313 | lrm: 0.34 | dt: 1448.40ms | tok/sec: 361,976 | bf16_mfu: 0.00 | epoch: 1 pq: 23 rg: 55 | total time: 49.04m | eta: 12.3m
step 02018/02520 (80.08%) | loss: 2.914773 | lrm: 0.34 | dt: 1452.36ms | tok/sec: 360,991 | bf16_mfu: 0.00 | epoch: 1 pq: 23 rg: 56 | total time: 49.07m | eta: 12.3m
step 02019/02520 (80.12%) | loss: 2.920511 | lrm: 0.34 | dt: 1452.07ms | tok/sec: 361,063 | bf16_mfu: 0.00 | epoch: 1 pq: 23 rg: 57 | total time: 49.09m | eta: 12.2m
step 02020/02520 (80.16%) | loss: 2.921572 | lrm: 0.34 | dt: 1453.38ms | tok/sec: 360,737 | bf16_mfu: 0.00 | epoch: 1 pq: 23 rg: 58 | total time: 49.12m | eta: 12.2m
step 02021/02520 (80.20%) | loss: 2.909617 | lrm: 0.34 | dt: 1453.48ms | tok/sec: 360,713 | bf16_mfu: 0.00 | epoch: 1 pq: 23 rg: 58 | total time: 49.14m | eta: 12.2m
step 02022/02520 (80.24%) | loss: 2.918513 | lrm: 0.34 | dt: 1460.48ms | tok/sec: 358,983 | bf16_mfu: 0.00 | epoch: 1 pq: 23 rg: 59 | total time: 49.16m | eta: 12.2m
step 02023/02520 (80.28%) | loss: 2.914569 | lrm: 0.34 | dt: 1459.26ms | tok/sec: 359,283 | bf16_mfu: 0.00 | epoch: 1 pq: 23 rg: 60 | total time: 49.19m | eta: 12.1m
step 02024/02520 (80.32%) | loss: 2.919649 | lrm: 0.34 | dt: 1456.91ms | tok/sec: 359,863 | bf16_mfu: 0.00 | epoch: 1 pq: 23 rg: 61 | total time: 49.21m | eta: 12.1m
step 02025/02520 (80.36%) | loss: 2.911403 | lrm: 0.34 | dt: 1451.52ms | tok/sec: 361,199 | bf16_mfu: 0.00 | epoch: 1 pq: 23 rg: 62 | total time: 49.24m | eta: 12.1m
step 02026/02520 (80.40%) | loss: 2.904280 | lrm: 0.34 | dt: 1457.62ms | tok/sec: 359,687 | bf16_mfu: 0.00 | epoch: 1 pq: 23 rg: 63 | total time: 49.26m | eta: 12.1m
step 02027/02520 (80.44%) | loss: 2.904836 | lrm: 0.34 | dt: 1460.01ms | tok/sec: 359,098 | bf16_mfu: 0.00 | epoch: 1 pq: 23 rg: 64 | total time: 49.29m | eta: 12.0m
step 02028/02520 (80.48%) | loss: 2.910912 | lrm: 0.34 | dt: 1464.31ms | tok/sec: 358,044 | bf16_mfu: 0.00 | epoch: 1 pq: 23 rg: 65 | total time: 49.31m | eta: 12.0m
step 02029/02520 (80.52%) | loss: 2.907575 | lrm: 0.33 | dt: 1462.53ms | tok/sec: 358,479 | bf16_mfu: 0.00 | epoch: 1 pq: 23 rg: 66 | total time: 49.33m | eta: 12.0m
step 02030/02520 (80.56%) | loss: 2.900761 | lrm: 0.33 | dt: 1452.83ms | tok/sec: 360,872 | bf16_mfu: 0.00 | epoch: 1 pq: 23 rg: 67 | total time: 49.36m | eta: 12.0m
step 02031/02520 (80.60%) | loss: 2.903755 | lrm: 0.33 | dt: 1469.24ms | tok/sec: 356,843 | bf16_mfu: 0.00 | epoch: 1 pq: 23 rg: 68 | total time: 49.38m | eta: 11.9m
step 02032/02520 (80.63%) | loss: 2.902333 | lrm: 0.33 | dt: 1454.65ms | tok/sec: 360,422 | bf16_mfu: 0.00 | epoch: 1 pq: 23 rg: 69 | total time: 49.41m | eta: 11.9m
step 02033/02520 (80.67%) | loss: 2.901343 | lrm: 0.33 | dt: 1457.45ms | tok/sec: 359,729 | bf16_mfu: 0.00 | epoch: 1 pq: 23 rg: 70 | total time: 49.43m | eta: 11.9m
step 02034/02520 (80.71%) | loss: 2.906482 | lrm: 0.33 | dt: 1459.26ms | tok/sec: 359,282 | bf16_mfu: 0.00 | epoch: 1 pq: 23 rg: 71 | total time: 49.46m | eta: 11.9m
step 02035/02520 (80.75%) | loss: 2.913675 | lrm: 0.33 | dt: 1452.94ms | tok/sec: 360,845 | bf16_mfu: 0.00 | epoch: 1 pq: 23 rg: 72 | total time: 49.48m | eta: 11.9m
step 02036/02520 (80.79%) | loss: 2.919460 | lrm: 0.33 | dt: 1462.78ms | tok/sec: 358,417 | bf16_mfu: 0.00 | epoch: 1 pq: 23 rg: 73 | total time: 49.50m | eta: 11.8m
step 02037/02520 (80.83%) | loss: 2.922886 | lrm: 0.33 | dt: 1463.72ms | tok/sec: 358,189 | bf16_mfu: 0.00 | epoch: 1 pq: 23 rg: 74 | total time: 49.53m | eta: 11.8m
step 02038/02520 (80.87%) | loss: 2.913657 | lrm: 0.33 | dt: 1457.13ms | tok/sec: 359,809 | bf16_mfu: 0.00 | epoch: 1 pq: 23 rg: 75 | total time: 49.55m | eta: 11.8m
step 02039/02520 (80.91%) | loss: 2.921928 | lrm: 0.33 | dt: 1496.19ms | tok/sec: 350,416 | bf16_mfu: 0.00 | epoch: 1 pq: 23 rg: 76 | total time: 49.58m | eta: 11.8m
step 02040/02520 (80.95%) | loss: 2.931555 | lrm: 0.33 | dt: 1463.21ms | tok/sec: 358,313 | bf16_mfu: 0.00 | epoch: 1 pq: 23 rg: 77 | total time: 49.60m | eta: 11.7m
step 02041/02520 (80.99%) | loss: 2.923999 | lrm: 0.33 | dt: 1479.83ms | tok/sec: 354,288 | bf16_mfu: 0.00 | epoch: 1 pq: 23 rg: 78 | total time: 49.63m | eta: 11.7m
step 02042/02520 (81.03%) | loss: 2.923015 | lrm: 0.33 | dt: 1463.57ms | tok/sec: 358,225 | bf16_mfu: 0.00 | epoch: 1 pq: 23 rg: 79 | total time: 49.65m | eta: 11.7m
step 02043/02520 (81.07%) | loss: 2.908260 | lrm: 0.33 | dt: 1479.01ms | tok/sec: 354,484 | bf16_mfu: 0.00 | epoch: 1 pq: 23 rg: 80 | total time: 49.68m | eta: 11.7m
step 02044/02520 (81.11%) | loss: 2.916947 | lrm: 0.33 | dt: 1454.37ms | tok/sec: 360,490 | bf16_mfu: 0.00 | epoch: 1 pq: 23 rg: 81 | total time: 49.70m | eta: 11.6m
step 02045/02520 (81.15%) | loss: 2.922410 | lrm: 0.33 | dt: 1457.10ms | tok/sec: 359,816 | bf16_mfu: 0.00 | epoch: 1 pq: 23 rg: 82 | total time: 49.72m | eta: 11.6m
step 02046/02520 (81.19%) | loss: 2.928453 | lrm: 0.32 | dt: 1460.21ms | tok/sec: 359,050 | bf16_mfu: 0.00 | epoch: 1 pq: 24 rg: 0 | total time: 49.75m | eta: 11.6m
step 02047/02520 (81.23%) | loss: 2.929373 | lrm: 0.32 | dt: 1458.79ms | tok/sec: 359,399 | bf16_mfu: 0.00 | epoch: 1 pq: 24 rg: 1 | total time: 49.77m | eta: 11.6m
step 02048/02520 (81.27%) | loss: 2.929522 | lrm: 0.32 | dt: 1452.52ms | tok/sec: 360,949 | bf16_mfu: 0.00 | epoch: 1 pq: 24 rg: 2 | total time: 49.80m | eta: 11.5m
step 02049/02520 (81.31%) | loss: 2.925364 | lrm: 0.32 | dt: 1456.30ms | tok/sec: 360,014 | bf16_mfu: 0.00 | epoch: 1 pq: 24 rg: 3 | total time: 49.82m | eta: 11.5m
step 02050/02520 (81.35%) | loss: 2.927136 | lrm: 0.32 | dt: 1456.98ms | tok/sec: 359,845 | bf16_mfu: 0.00 | epoch: 1 pq: 24 rg: 4 | total time: 49.85m | eta: 11.5m
step 02051/02520 (81.39%) | loss: 2.927430 | lrm: 0.32 | dt: 1457.04ms | tok/sec: 359,831 | bf16_mfu: 0.00 | epoch: 1 pq: 24 rg: 5 | total time: 49.87m | eta: 11.5m
step 02052/02520 (81.43%) | loss: 2.925349 | lrm: 0.32 | dt: 1460.31ms | tok/sec: 359,025 | bf16_mfu: 0.00 | epoch: 1 pq: 24 rg: 5 | total time: 49.89m | eta: 11.4m
step 02053/02520 (81.47%) | loss: 2.925098 | lrm: 0.32 | dt: 1460.26ms | tok/sec: 359,036 | bf16_mfu: 0.00 | epoch: 1 pq: 24 rg: 6 | total time: 49.92m | eta: 11.4m
step 02054/02520 (81.51%) | loss: 2.922985 | lrm: 0.32 | dt: 1460.01ms | tok/sec: 359,099 | bf16_mfu: 0.00 | epoch: 1 pq: 24 rg: 7 | total time: 49.94m | eta: 11.4m
step 02055/02520 (81.55%) | loss: 2.919278 | lrm: 0.32 | dt: 1455.89ms | tok/sec: 360,116 | bf16_mfu: 0.00 | epoch: 1 pq: 24 rg: 8 | total time: 49.97m | eta: 11.4m
step 02056/02520 (81.59%) | loss: 2.920288 | lrm: 0.32 | dt: 1459.41ms | tok/sec: 359,246 | bf16_mfu: 0.00 | epoch: 1 pq: 24 rg: 9 | total time: 49.99m | eta: 11.3m
step 02057/02520 (81.63%) | loss: 2.930871 | lrm: 0.32 | dt: 1461.02ms | tok/sec: 358,851 | bf16_mfu: 0.00 | epoch: 1 pq: 24 rg: 10 | total time: 50.02m | eta: 11.3m
step 02058/02520 (81.67%) | loss: 2.928401 | lrm: 0.32 | dt: 1458.49ms | tok/sec: 359,472 | bf16_mfu: 0.00 | epoch: 1 pq: 24 rg: 11 | total time: 50.04m | eta: 11.3m
step 02059/02520 (81.71%) | loss: 2.919545 | lrm: 0.32 | dt: 1454.44ms | tok/sec: 360,473 | bf16_mfu: 0.00 | epoch: 1 pq: 24 rg: 12 | total time: 50.06m | eta: 11.3m
step 02060/02520 (81.75%) | loss: 2.914398 | lrm: 0.32 | dt: 1455.62ms | tok/sec: 360,181 | bf16_mfu: 0.00 | epoch: 1 pq: 24 rg: 13 | total time: 50.09m | eta: 11.2m
step 02061/02520 (81.79%) | loss: 2.921984 | lrm: 0.32 | dt: 1454.82ms | tok/sec: 360,379 | bf16_mfu: 0.00 | epoch: 1 pq: 24 rg: 14 | total time: 50.11m | eta: 11.2m
step 02062/02520 (81.83%) | loss: 2.921506 | lrm: 0.32 | dt: 1456.65ms | tok/sec: 359,927 | bf16_mfu: 0.00 | epoch: 1 pq: 24 rg: 15 | total time: 50.14m | eta: 11.2m
step 02063/02520 (81.87%) | loss: 2.920043 | lrm: 0.32 | dt: 1455.49ms | tok/sec: 360,215 | bf16_mfu: 0.00 | epoch: 1 pq: 24 rg: 16 | total time: 50.16m | eta: 11.2m
step 02064/02520 (81.90%) | loss: 2.920560 | lrm: 0.31 | dt: 1454.75ms | tok/sec: 360,398 | bf16_mfu: 0.00 | epoch: 1 pq: 24 rg: 17 | total time: 50.19m | eta: 11.1m
step 02065/02520 (81.94%) | loss: 2.913355 | lrm: 0.31 | dt: 1455.97ms | tok/sec: 360,096 | bf16_mfu: 0.00 | epoch: 1 pq: 24 rg: 18 | total time: 50.21m | eta: 11.1m
step 02066/02520 (81.98%) | loss: 2.911379 | lrm: 0.31 | dt: 1456.31ms | tok/sec: 360,010 | bf16_mfu: 0.00 | epoch: 1 pq: 24 rg: 19 | total time: 50.23m | eta: 11.1m
step 02067/02520 (82.02%) | loss: 2.905042 | lrm: 0.31 | dt: 1457.72ms | tok/sec: 359,664 | bf16_mfu: 0.00 | epoch: 1 pq: 24 rg: 20 | total time: 50.26m | eta: 11.1m
step 02068/02520 (82.06%) | loss: 2.920490 | lrm: 0.31 | dt: 1457.55ms | tok/sec: 359,704 | bf16_mfu: 0.00 | epoch: 1 pq: 24 rg: 21 | total time: 50.28m | eta: 11.0m
step 02069/02520 (82.10%) | loss: 2.906816 | lrm: 0.31 | dt: 1456.62ms | tok/sec: 359,935 | bf16_mfu: 0.00 | epoch: 1 pq: 24 rg: 22 | total time: 50.31m | eta: 11.0m
step 02070/02520 (82.14%) | loss: 2.912076 | lrm: 0.31 | dt: 1454.49ms | tok/sec: 360,462 | bf16_mfu: 0.00 | epoch: 1 pq: 24 rg: 23 | total time: 50.33m | eta: 11.0m
step 02071/02520 (82.18%) | loss: 2.927311 | lrm: 0.31 | dt: 1456.26ms | tok/sec: 360,024 | bf16_mfu: 0.00 | epoch: 1 pq: 24 rg: 24 | total time: 50.36m | eta: 11.0m
step 02072/02520 (82.22%) | loss: 2.923764 | lrm: 0.31 | dt: 1456.01ms | tok/sec: 360,086 | bf16_mfu: 0.00 | epoch: 1 pq: 24 rg: 25 | total time: 50.38m | eta: 10.9m
step 02073/02520 (82.26%) | loss: 2.918806 | lrm: 0.31 | dt: 1456.00ms | tok/sec: 360,088 | bf16_mfu: 0.00 | epoch: 1 pq: 24 rg: 26 | total time: 50.40m | eta: 10.9m
step 02074/02520 (82.30%) | loss: 2.912770 | lrm: 0.31 | dt: 1455.14ms | tok/sec: 360,299 | bf16_mfu: 0.00 | epoch: 1 pq: 24 rg: 27 | total time: 50.43m | eta: 10.9m
step 02075/02520 (82.34%) | loss: 2.912456 | lrm: 0.31 | dt: 1454.63ms | tok/sec: 360,426 | bf16_mfu: 0.00 | epoch: 1 pq: 24 rg: 28 | total time: 50.45m | eta: 10.9m
step 02076/02520 (82.38%) | loss: 2.918132 | lrm: 0.31 | dt: 1456.24ms | tok/sec: 360,029 | bf16_mfu: 0.00 | epoch: 1 pq: 24 rg: 29 | total time: 50.48m | eta: 10.8m
step 02077/02520 (82.42%) | loss: 2.920179 | lrm: 0.31 | dt: 1457.39ms | tok/sec: 359,745 | bf16_mfu: 0.00 | epoch: 1 pq: 24 rg: 30 | total time: 50.50m | eta: 10.8m
step 02078/02520 (82.46%) | loss: 2.923177 | lrm: 0.31 | dt: 1459.15ms | tok/sec: 359,310 | bf16_mfu: 0.00 | epoch: 1 pq: 24 rg: 31 | total time: 50.53m | eta: 10.8m
step 02079/02520 (82.50%) | loss: 2.927898 | lrm: 0.31 | dt: 1456.89ms | tok/sec: 359,866 | bf16_mfu: 0.00 | epoch: 1 pq: 24 rg: 32 | total time: 50.55m | eta: 10.8m
step 02080/02520 (82.54%) | loss: 2.928848 | lrm: 0.31 | dt: 1454.60ms | tok/sec: 360,433 | bf16_mfu: 0.00 | epoch: 1 pq: 24 rg: 32 | total time: 50.57m | eta: 10.8m
step 02081/02520 (82.58%) | loss: 2.922957 | lrm: 0.30 | dt: 1455.47ms | tok/sec: 360,219 | bf16_mfu: 0.00 | epoch: 1 pq: 24 rg: 33 | total time: 50.60m | eta: 10.7m
step 02082/02520 (82.62%) | loss: 2.925617 | lrm: 0.30 | dt: 1456.18ms | tok/sec: 360,043 | bf16_mfu: 0.00 | epoch: 1 pq: 24 rg: 34 | total time: 50.62m | eta: 10.7m
step 02083/02520 (82.66%) | loss: 2.912701 | lrm: 0.30 | dt: 1458.08ms | tok/sec: 359,574 | bf16_mfu: 0.00 | epoch: 1 pq: 24 rg: 35 | total time: 50.65m | eta: 10.7m
step 02084/02520 (82.70%) | loss: 2.903827 | lrm: 0.30 | dt: 1457.20ms | tok/sec: 359,792 | bf16_mfu: 0.00 | epoch: 1 pq: 24 rg: 36 | total time: 50.67m | eta: 10.7m
step 02085/02520 (82.74%) | loss: 2.910958 | lrm: 0.30 | dt: 1458.11ms | tok/sec: 359,567 | bf16_mfu: 0.00 | epoch: 1 pq: 24 rg: 37 | total time: 50.70m | eta: 10.6m
step 02086/02520 (82.78%) | loss: 2.924685 | lrm: 0.30 | dt: 1452.33ms | tok/sec: 360,998 | bf16_mfu: 0.00 | epoch: 1 pq: 24 rg: 38 | total time: 50.72m | eta: 10.6m
step 02087/02520 (82.82%) | loss: 2.912861 | lrm: 0.30 | dt: 1455.52ms | tok/sec: 360,207 | bf16_mfu: 0.00 | epoch: 1 pq: 24 rg: 39 | total time: 50.74m | eta: 10.6m
step 02088/02520 (82.86%) | loss: 2.929748 | lrm: 0.30 | dt: 1456.44ms | tok/sec: 359,979 | bf16_mfu: 0.00 | epoch: 1 pq: 24 rg: 40 | total time: 50.77m | eta: 10.6m
step 02089/02520 (82.90%) | loss: 2.922376 | lrm: 0.30 | dt: 1457.31ms | tok/sec: 359,765 | bf16_mfu: 0.00 | epoch: 1 pq: 24 rg: 41 | total time: 50.79m | eta: 10.5m
step 02090/02520 (82.94%) | loss: 2.911055 | lrm: 0.30 | dt: 1457.21ms | tok/sec: 359,788 | bf16_mfu: 0.00 | epoch: 1 pq: 24 rg: 42 | total time: 50.82m | eta: 10.5m
step 02091/02520 (82.98%) | loss: 2.914574 | lrm: 0.30 | dt: 1454.97ms | tok/sec: 360,343 | bf16_mfu: 0.00 | epoch: 1 pq: 24 rg: 43 | total time: 50.84m | eta: 10.5m
step 02092/02520 (83.02%) | loss: 2.915798 | lrm: 0.30 | dt: 1457.00ms | tok/sec: 359,841 | bf16_mfu: 0.00 | epoch: 1 pq: 24 rg: 44 | total time: 50.87m | eta: 10.5m
step 02093/02520 (83.06%) | loss: 2.907541 | lrm: 0.30 | dt: 1456.61ms | tok/sec: 359,937 | bf16_mfu: 0.00 | epoch: 1 pq: 24 rg: 45 | total time: 50.89m | eta: 10.4m
step 02094/02520 (83.10%) | loss: 2.913986 | lrm: 0.30 | dt: 1459.09ms | tok/sec: 359,325 | bf16_mfu: 0.00 | epoch: 1 pq: 24 rg: 46 | total time: 50.91m | eta: 10.4m
step 02095/02520 (83.13%) | loss: 2.913915 | lrm: 0.30 | dt: 1458.48ms | tok/sec: 359,475 | bf16_mfu: 0.00 | epoch: 1 pq: 24 rg: 47 | total time: 50.94m | eta: 10.4m
step 02096/02520 (83.17%) | loss: 2.916906 | lrm: 0.30 | dt: 1457.80ms | tok/sec: 359,642 | bf16_mfu: 0.00 | epoch: 1 pq: 24 rg: 48 | total time: 50.96m | eta: 10.4m
step 02097/02520 (83.21%) | loss: 2.922046 | lrm: 0.30 | dt: 1458.43ms | tok/sec: 359,487 | bf16_mfu: 0.00 | epoch: 1 pq: 24 rg: 49 | total time: 50.99m | eta: 10.3m
step 02098/02520 (83.25%) | loss: 2.916260 | lrm: 0.29 | dt: 1461.42ms | tok/sec: 358,751 | bf16_mfu: 0.00 | epoch: 1 pq: 24 rg: 50 | total time: 51.01m | eta: 10.3m
step 02099/02520 (83.29%) | loss: 2.906256 | lrm: 0.29 | dt: 1462.17ms | tok/sec: 358,569 | bf16_mfu: 0.00 | epoch: 1 pq: 24 rg: 51 | total time: 51.04m | eta: 10.3m
step 02100/02520 (83.33%) | loss: 2.908678 | lrm: 0.29 | dt: 1462.95ms | tok/sec: 358,377 | bf16_mfu: 0.00 | epoch: 1 pq: 24 rg: 52 | total time: 51.06m | eta: 10.3m
step 02101/02520 (83.37%) | loss: 2.908957 | lrm: 0.29 | dt: 1462.52ms | tok/sec: 358,482 | bf16_mfu: 0.00 | epoch: 1 pq: 24 rg: 53 | total time: 51.08m | eta: 10.2m
step 02102/02520 (83.41%) | loss: 2.914695 | lrm: 0.29 | dt: 1462.88ms | tok/sec: 358,394 | bf16_mfu: 0.00 | epoch: 1 pq: 24 rg: 54 | total time: 51.11m | eta: 10.2m
step 02103/02520 (83.45%) | loss: 2.916159 | lrm: 0.29 | dt: 1461.84ms | tok/sec: 358,649 | bf16_mfu: 0.00 | epoch: 1 pq: 24 rg: 55 | total time: 51.13m | eta: 10.2m
step 02104/02520 (83.49%) | loss: 2.911045 | lrm: 0.29 | dt: 1463.13ms | tok/sec: 358,334 | bf16_mfu: 0.00 | epoch: 1 pq: 24 rg: 56 | total time: 51.16m | eta: 10.2m
step 02105/02520 (83.53%) | loss: 2.905373 | lrm: 0.29 | dt: 1455.74ms | tok/sec: 360,152 | bf16_mfu: 0.00 | epoch: 1 pq: 24 rg: 57 | total time: 51.18m | eta: 10.1m
step 02106/02520 (83.57%) | loss: 2.898331 | lrm: 0.29 | dt: 1456.87ms | tok/sec: 359,872 | bf16_mfu: 0.00 | epoch: 1 pq: 24 rg: 58 | total time: 51.21m | eta: 10.1m
step 02107/02520 (83.61%) | loss: 2.901520 | lrm: 0.29 | dt: 1456.74ms | tok/sec: 359,905 | bf16_mfu: 0.00 | epoch: 1 pq: 24 rg: 59 | total time: 51.23m | eta: 10.1m
step 02108/02520 (83.65%) | loss: 2.892839 | lrm: 0.29 | dt: 1458.05ms | tok/sec: 359,581 | bf16_mfu: 0.00 | epoch: 1 pq: 24 rg: 60 | total time: 51.25m | eta: 10.1m
step 02109/02520 (83.69%) | loss: 2.906359 | lrm: 0.29 | dt: 1457.19ms | tok/sec: 359,793 | bf16_mfu: 0.00 | epoch: 1 pq: 24 rg: 61 | total time: 51.28m | eta: 10.0m
step 02110/02520 (83.73%) | loss: 2.908033 | lrm: 0.29 | dt: 1457.75ms | tok/sec: 359,655 | bf16_mfu: 0.00 | epoch: 1 pq: 24 rg: 62 | total time: 51.30m | eta: 10.0m
step 02111/02520 (83.77%) | loss: 2.900980 | lrm: 0.29 | dt: 1462.62ms | tok/sec: 358,457 | bf16_mfu: 0.00 | epoch: 1 pq: 24 rg: 63 | total time: 51.33m | eta: 10.0m
step 02112/02520 (83.81%) | loss: 2.912606 | lrm: 0.29 | dt: 1464.67ms | tok/sec: 357,957 | bf16_mfu: 0.00 | epoch: 1 pq: 24 rg: 64 | total time: 51.35m | eta: 10.0m
step 02113/02520 (83.85%) | loss: 2.907726 | lrm: 0.29 | dt: 1458.99ms | tok/sec: 359,350 | bf16_mfu: 0.00 | epoch: 1 pq: 24 rg: 65 | total time: 51.38m | eta: 9.9m
step 02114/02520 (83.89%) | loss: 2.898256 | lrm: 0.29 | dt: 1465.27ms | tok/sec: 357,809 | bf16_mfu: 0.00 | epoch: 1 pq: 24 rg: 66 | total time: 51.40m | eta: 9.9m
step 02115/02520 (83.93%) | loss: 2.898858 | lrm: 0.28 | dt: 1457.56ms | tok/sec: 359,703 | bf16_mfu: 0.00 | epoch: 1 pq: 24 rg: 67 | total time: 51.43m | eta: 9.9m
step 02116/02520 (83.97%) | loss: 2.898563 | lrm: 0.28 | dt: 1464.64ms | tok/sec: 357,962 | bf16_mfu: 0.00 | epoch: 1 pq: 24 rg: 67 | total time: 51.45m | eta: 9.9m
step 02117/02520 (84.01%) | loss: 2.896362 | lrm: 0.28 | dt: 1460.52ms | tok/sec: 358,974 | bf16_mfu: 0.00 | epoch: 1 pq: 24 rg: 68 | total time: 51.47m | eta: 9.8m
step 02118/02520 (84.05%) | loss: 2.894658 | lrm: 0.28 | dt: 1463.65ms | tok/sec: 358,205 | bf16_mfu: 0.00 | epoch: 1 pq: 24 rg: 69 | total time: 51.50m | eta: 9.8m
step 02119/02520 (84.09%) | loss: 2.905657 | lrm: 0.28 | dt: 1462.27ms | tok/sec: 358,544 | bf16_mfu: 0.00 | epoch: 1 pq: 24 rg: 70 | total time: 51.52m | eta: 9.8m
step 02120/02520 (84.13%) | loss: 2.901804 | lrm: 0.28 | dt: 1464.31ms | tok/sec: 358,044 | bf16_mfu: 0.00 | epoch: 1 pq: 24 rg: 71 | total time: 51.55m | eta: 9.8m
step 02121/02520 (84.17%) | loss: 2.905979 | lrm: 0.28 | dt: 1464.63ms | tok/sec: 357,966 | bf16_mfu: 0.00 | epoch: 1 pq: 24 rg: 72 | total time: 51.57m | eta: 9.7m
step 02122/02520 (84.21%) | loss: 2.896364 | lrm: 0.28 | dt: 1461.59ms | tok/sec: 358,710 | bf16_mfu: 0.00 | epoch: 1 pq: 24 rg: 73 | total time: 51.60m | eta: 9.7m
step 02123/02520 (84.25%) | loss: 2.897418 | lrm: 0.28 | dt: 1456.94ms | tok/sec: 359,854 | bf16_mfu: 0.00 | epoch: 1 pq: 24 rg: 74 | total time: 51.62m | eta: 9.7m
step 02124/02520 (84.29%) | loss: 2.891985 | lrm: 0.28 | dt: 1462.75ms | tok/sec: 358,426 | bf16_mfu: 0.00 | epoch: 1 pq: 24 rg: 75 | total time: 51.64m | eta: 9.7m
step 02125/02520 (84.33%) | loss: 2.889885 | lrm: 0.28 | dt: 1465.32ms | tok/sec: 357,797 | bf16_mfu: 0.00 | epoch: 1 pq: 24 rg: 76 | total time: 51.67m | eta: 9.6m
step 02126/02520 (84.37%) | loss: 2.892257 | lrm: 0.28 | dt: 1458.33ms | tok/sec: 359,511 | bf16_mfu: 0.00 | epoch: 1 pq: 24 rg: 77 | total time: 51.69m | eta: 9.6m
step 02127/02520 (84.40%) | loss: 2.892763 | lrm: 0.28 | dt: 1456.12ms | tok/sec: 360,057 | bf16_mfu: 0.00 | epoch: 1 pq: 24 rg: 78 | total time: 51.72m | eta: 9.6m
step 02128/02520 (84.44%) | loss: 2.900478 | lrm: 0.28 | dt: 1457.47ms | tok/sec: 359,725 | bf16_mfu: 0.00 | epoch: 1 pq: 24 rg: 79 | total time: 51.74m | eta: 9.6m
step 02129/02520 (84.48%) | loss: 2.891238 | lrm: 0.28 | dt: 1456.38ms | tok/sec: 359,993 | bf16_mfu: 0.00 | epoch: 1 pq: 24 rg: 80 | total time: 51.77m | eta: 9.6m
step 02130/02520 (84.52%) | loss: 2.887222 | lrm: 0.28 | dt: 1458.49ms | tok/sec: 359,473 | bf16_mfu: 0.00 | epoch: 1 pq: 24 rg: 81 | total time: 51.79m | eta: 9.5m
step 02131/02520 (84.56%) | loss: 2.889512 | lrm: 0.28 | dt: 1457.90ms | tok/sec: 359,618 | bf16_mfu: 0.00 | epoch: 1 pq: 24 rg: 82 | total time: 51.81m | eta: 9.5m
step 02132/02520 (84.60%) | loss: 2.882990 | lrm: 0.28 | dt: 1458.11ms | tok/sec: 359,565 | bf16_mfu: 0.00 | epoch: 1 pq: 25 rg: 0 | total time: 51.84m | eta: 9.5m
step 02133/02520 (84.64%) | loss: 2.884018 | lrm: 0.27 | dt: 1459.27ms | tok/sec: 359,281 | bf16_mfu: 0.00 | epoch: 1 pq: 25 rg: 1 | total time: 51.86m | eta: 9.5m
step 02134/02520 (84.68%) | loss: 2.879866 | lrm: 0.27 | dt: 1459.06ms | tok/sec: 359,333 | bf16_mfu: 0.00 | epoch: 1 pq: 25 rg: 2 | total time: 51.89m | eta: 9.4m
step 02135/02520 (84.72%) | loss: 2.878863 | lrm: 0.27 | dt: 1469.25ms | tok/sec: 356,839 | bf16_mfu: 0.00 | epoch: 1 pq: 25 rg: 3 | total time: 51.91m | eta: 9.4m
step 02136/02520 (84.76%) | loss: 2.883777 | lrm: 0.27 | dt: 1462.75ms | tok/sec: 358,426 | bf16_mfu: 0.00 | epoch: 1 pq: 25 rg: 4 | total time: 51.94m | eta: 9.4m
step 02137/02520 (84.80%) | loss: 2.890098 | lrm: 0.27 | dt: 1457.59ms | tok/sec: 359,695 | bf16_mfu: 0.00 | epoch: 1 pq: 25 rg: 5 | total time: 51.96m | eta: 9.4m
step 02138/02520 (84.84%) | loss: 2.892318 | lrm: 0.27 | dt: 1457.59ms | tok/sec: 359,695 | bf16_mfu: 0.00 | epoch: 1 pq: 25 rg: 6 | total time: 51.99m | eta: 9.3m
step 02139/02520 (84.88%) | loss: 2.888399 | lrm: 0.27 | dt: 1461.91ms | tok/sec: 358,632 | bf16_mfu: 0.00 | epoch: 1 pq: 25 rg: 7 | total time: 52.01m | eta: 9.3m
step 02140/02520 (84.92%) | loss: 2.875469 | lrm: 0.27 | dt: 1460.49ms | tok/sec: 358,981 | bf16_mfu: 0.00 | epoch: 1 pq: 25 rg: 8 | total time: 52.03m | eta: 9.3m
step 02141/02520 (84.96%) | loss: 2.891703 | lrm: 0.27 | dt: 1465.24ms | tok/sec: 357,817 | bf16_mfu: 0.00 | epoch: 1 pq: 25 rg: 9 | total time: 52.06m | eta: 9.3m
2026-09-27 16:17:55,356 - nanochat.checkpoint_manager - [32m[1mINFO[0m - Saved model parameters to: /home/neo/.cache/nanochat/base_checkpoints/looped_B8_lr1_lr1_h1.0_s0/model_002142.pt
2026-09-27 16:17:55,814 - nanochat.checkpoint_manager - [32m[1mINFO[0m - Saved optimizer state to: /home/neo/.cache/nanochat/base_checkpoints/looped_B8_lr1_lr1_h1.0_s0/optim_002142_rank0.pt
2026-09-27 16:17:55,816 - nanochat.checkpoint_manager - [32m[1mINFO[0m - Saved metadata to: /home/neo/.cache/nanochat/base_checkpoints/looped_B8_lr1_lr1_h1.0_s0/meta_002142.json
step 02142/02520 (85.00%) | loss: 2.886620 | lrm: 0.27 | dt: 1445.99ms | tok/sec: 362,580 | bf16_mfu: 0.00 | epoch: 1 pq: 25 rg: 10 | total time: 52.08m | eta: 9.2m
step 02143/02520 (85.04%) | loss: 2.884243 | lrm: 0.27 | dt: 1451.51ms | tok/sec: 361,200 | bf16_mfu: 0.00 | epoch: 1 pq: 25 rg: 10 | total time: 52.11m | eta: 9.2m
step 02144/02520 (85.08%) | loss: 2.876061 | lrm: 0.27 | dt: 1454.51ms | tok/sec: 360,457 | bf16_mfu: 0.00 | epoch: 1 pq: 25 rg: 11 | total time: 52.13m | eta: 9.2m
step 02145/02520 (85.12%) | loss: 2.862091 | lrm: 0.27 | dt: 1455.43ms | tok/sec: 360,229 | bf16_mfu: 0.00 | epoch: 1 pq: 25 rg: 12 | total time: 52.16m | eta: 9.2m
step 02146/02520 (85.16%) | loss: 2.868984 | lrm: 0.27 | dt: 1456.90ms | tok/sec: 359,866 | bf16_mfu: 0.00 | epoch: 1 pq: 25 rg: 13 | total time: 52.18m | eta: 9.1m
step 02147/02520 (85.20%) | loss: 2.871224 | lrm: 0.27 | dt: 1452.79ms | tok/sec: 360,884 | bf16_mfu: 0.00 | epoch: 1 pq: 25 rg: 14 | total time: 52.20m | eta: 9.1m
step 02148/02520 (85.24%) | loss: 2.882138 | lrm: 0.27 | dt: 1455.78ms | tok/sec: 360,141 | bf16_mfu: 0.00 | epoch: 1 pq: 25 rg: 15 | total time: 52.23m | eta: 9.1m
step 02149/02520 (85.28%) | loss: 2.888763 | lrm: 0.27 | dt: 1458.75ms | tok/sec: 359,410 | bf16_mfu: 0.00 | epoch: 1 pq: 25 rg: 16 | total time: 52.25m | eta: 9.1m
step 02150/02520 (85.32%) | loss: 2.892653 | lrm: 0.26 | dt: 1462.36ms | tok/sec: 358,522 | bf16_mfu: 0.00 | epoch: 1 pq: 25 rg: 17 | total time: 52.28m | eta: 9.0m
step 02151/02520 (85.36%) | loss: 2.880322 | lrm: 0.26 | dt: 1464.93ms | tok/sec: 357,893 | bf16_mfu: 0.00 | epoch: 1 pq: 25 rg: 18 | total time: 52.30m | eta: 9.0m
step 02152/02520 (85.40%) | loss: 2.882110 | lrm: 0.26 | dt: 1455.69ms | tok/sec: 360,165 | bf16_mfu: 0.00 | epoch: 1 pq: 25 rg: 19 | total time: 52.33m | eta: 9.0m
step 02153/02520 (85.44%) | loss: 2.875576 | lrm: 0.26 | dt: 1456.43ms | tok/sec: 359,981 | bf16_mfu: 0.00 | epoch: 1 pq: 25 rg: 20 | total time: 52.35m | eta: 9.0m
step 02154/02520 (85.48%) | loss: 2.869537 | lrm: 0.26 | dt: 1456.24ms | tok/sec: 360,028 | bf16_mfu: 0.00 | epoch: 1 pq: 25 rg: 21 | total time: 52.37m | eta: 8.9m
step 02155/02520 (85.52%) | loss: 2.866427 | lrm: 0.26 | dt: 1457.62ms | tok/sec: 359,688 | bf16_mfu: 0.00 | epoch: 1 pq: 25 rg: 22 | total time: 52.40m | eta: 8.9m
step 02156/02520 (85.56%) | loss: 2.865137 | lrm: 0.26 | dt: 1456.64ms | tok/sec: 359,929 | bf16_mfu: 0.00 | epoch: 1 pq: 25 rg: 23 | total time: 52.42m | eta: 8.9m
step 02157/02520 (85.60%) | loss: 2.868615 | lrm: 0.26 | dt: 1455.54ms | tok/sec: 360,202 | bf16_mfu: 0.00 | epoch: 1 pq: 25 rg: 24 | total time: 52.45m | eta: 8.9m
step 02158/02520 (85.63%) | loss: 2.874208 | lrm: 0.26 | dt: 1455.20ms | tok/sec: 360,286 | bf16_mfu: 0.00 | epoch: 1 pq: 25 rg: 25 | total time: 52.47m | eta: 8.8m
step 02159/02520 (85.67%) | loss: 2.876004 | lrm: 0.26 | dt: 1457.04ms | tok/sec: 359,829 | bf16_mfu: 0.00 | epoch: 1 pq: 25 rg: 26 | total time: 52.50m | eta: 8.8m
step 02160/02520 (85.71%) | loss: 2.876597 | lrm: 0.26 | dt: 1458.19ms | tok/sec: 359,547 | bf16_mfu: 0.00 | epoch: 1 pq: 25 rg: 27 | total time: 52.52m | eta: 8.8m
step 02161/02520 (85.75%) | loss: 2.856869 | lrm: 0.26 | dt: 1463.45ms | tok/sec: 358,254 | bf16_mfu: 0.00 | epoch: 1 pq: 25 rg: 28 | total time: 52.54m | eta: 8.8m
step 02162/02520 (85.79%) | loss: 2.860246 | lrm: 0.26 | dt: 1463.51ms | tok/sec: 358,240 | bf16_mfu: 0.00 | epoch: 1 pq: 25 rg: 29 | total time: 52.57m | eta: 8.7m
step 02163/02520 (85.83%) | loss: 2.872605 | lrm: 0.26 | dt: 1456.29ms | tok/sec: 360,017 | bf16_mfu: 0.00 | epoch: 1 pq: 25 rg: 30 | total time: 52.59m | eta: 8.7m
step 02164/02520 (85.87%) | loss: 2.879080 | lrm: 0.26 | dt: 1458.07ms | tok/sec: 359,576 | bf16_mfu: 0.00 | epoch: 1 pq: 25 rg: 31 | total time: 52.62m | eta: 8.7m
step 02165/02520 (85.91%) | loss: 2.882599 | lrm: 0.26 | dt: 1459.30ms | tok/sec: 359,274 | bf16_mfu: 0.00 | epoch: 1 pq: 25 rg: 32 | total time: 52.64m | eta: 8.7m
step 02166/02520 (85.95%) | loss: 2.890420 | lrm: 0.26 | dt: 1459.10ms | tok/sec: 359,323 | bf16_mfu: 0.00 | epoch: 1 pq: 25 rg: 33 | total time: 52.67m | eta: 8.6m
step 02167/02520 (85.99%) | loss: 2.885804 | lrm: 0.25 | dt: 1464.20ms | tok/sec: 358,071 | bf16_mfu: 0.00 | epoch: 1 pq: 25 rg: 33 | total time: 52.69m | eta: 8.6m
step 02168/02520 (86.03%) | loss: 2.888679 | lrm: 0.25 | dt: 1461.17ms | tok/sec: 358,812 | bf16_mfu: 0.00 | epoch: 1 pq: 25 rg: 34 | total time: 52.71m | eta: 8.6m
step 02169/02520 (86.07%) | loss: 2.887900 | lrm: 0.25 | dt: 1469.73ms | tok/sec: 356,724 | bf16_mfu: 0.00 | epoch: 1 pq: 25 rg: 35 | total time: 52.74m | eta: 8.6m
step 02170/02520 (86.11%) | loss: 2.888295 | lrm: 0.25 | dt: 1467.58ms | tok/sec: 357,246 | bf16_mfu: 0.00 | epoch: 1 pq: 25 rg: 36 | total time: 52.76m | eta: 8.5m
step 02171/02520 (86.15%) | loss: 2.892801 | lrm: 0.25 | dt: 1467.26ms | tok/sec: 357,324 | bf16_mfu: 0.00 | epoch: 1 pq: 25 rg: 37 | total time: 52.79m | eta: 8.5m
step 02172/02520 (86.19%) | loss: 2.897096 | lrm: 0.25 | dt: 1459.32ms | tok/sec: 359,267 | bf16_mfu: 0.00 | epoch: 1 pq: 25 rg: 38 | total time: 52.81m | eta: 8.5m
step 02173/02520 (86.23%) | loss: 2.906156 | lrm: 0.25 | dt: 1462.75ms | tok/sec: 358,426 | bf16_mfu: 0.00 | epoch: 1 pq: 25 rg: 39 | total time: 52.84m | eta: 8.5m
step 02174/02520 (86.27%) | loss: 2.908906 | lrm: 0.25 | dt: 1458.61ms | tok/sec: 359,442 | bf16_mfu: 0.00 | epoch: 1 pq: 25 rg: 40 | total time: 52.86m | eta: 8.5m
step 02175/02520 (86.31%) | loss: 2.912387 | lrm: 0.25 | dt: 1457.21ms | tok/sec: 359,788 | bf16_mfu: 0.00 | epoch: 1 pq: 25 rg: 41 | total time: 52.88m | eta: 8.4m
step 02176/02520 (86.35%) | loss: 2.902133 | lrm: 0.25 | dt: 1456.76ms | tok/sec: 359,899 | bf16_mfu: 0.00 | epoch: 1 pq: 25 rg: 42 | total time: 52.91m | eta: 8.4m
step 02177/02520 (86.39%) | loss: 2.888812 | lrm: 0.25 | dt: 1460.50ms | tok/sec: 358,979 | bf16_mfu: 0.00 | epoch: 1 pq: 25 rg: 43 | total time: 52.93m | eta: 8.4m
step 02178/02520 (86.43%) | loss: 2.891365 | lrm: 0.25 | dt: 1464.17ms | tok/sec: 358,078 | bf16_mfu: 0.00 | epoch: 1 pq: 25 rg: 44 | total time: 52.96m | eta: 8.4m
step 02179/02520 (86.47%) | loss: 2.893736 | lrm: 0.25 | dt: 1457.67ms | tok/sec: 359,675 | bf16_mfu: 0.00 | epoch: 1 pq: 25 rg: 45 | total time: 52.98m | eta: 8.3m
step 02180/02520 (86.51%) | loss: 2.896922 | lrm: 0.25 | dt: 1460.12ms | tok/sec: 359,071 | bf16_mfu: 0.00 | epoch: 1 pq: 25 rg: 46 | total time: 53.01m | eta: 8.3m
step 02181/02520 (86.55%) | loss: 2.899164 | lrm: 0.25 | dt: 1461.91ms | tok/sec: 358,632 | bf16_mfu: 0.00 | epoch: 1 pq: 25 rg: 47 | total time: 53.03m | eta: 8.3m
step 02182/02520 (86.59%) | loss: 2.894990 | lrm: 0.25 | dt: 1464.75ms | tok/sec: 357,936 | bf16_mfu: 0.00 | epoch: 1 pq: 25 rg: 48 | total time: 53.06m | eta: 8.3m
step 02183/02520 (86.63%) | loss: 2.902007 | lrm: 0.25 | dt: 1463.06ms | tok/sec: 358,351 | bf16_mfu: 0.00 | epoch: 1 pq: 25 rg: 49 | total time: 53.08m | eta: 8.2m
step 02184/02520 (86.67%) | loss: 2.899637 | lrm: 0.24 | dt: 1463.02ms | tok/sec: 358,359 | bf16_mfu: 0.00 | epoch: 1 pq: 25 rg: 50 | total time: 53.10m | eta: 8.2m
step 02185/02520 (86.71%) | loss: 2.902620 | lrm: 0.24 | dt: 1465.67ms | tok/sec: 357,713 | bf16_mfu: 0.00 | epoch: 1 pq: 25 rg: 51 | total time: 53.13m | eta: 8.2m
step 02186/02520 (86.75%) | loss: 2.890774 | lrm: 0.24 | dt: 1468.75ms | tok/sec: 356,961 | bf16_mfu: 0.00 | epoch: 1 pq: 25 rg: 52 | total time: 53.15m | eta: 8.2m
step 02187/02520 (86.79%) | loss: 2.881144 | lrm: 0.24 | dt: 1466.65ms | tok/sec: 357,472 | bf16_mfu: 0.00 | epoch: 1 pq: 25 rg: 53 | total time: 53.18m | eta: 8.1m
step 02188/02520 (86.83%) | loss: 2.875435 | lrm: 0.24 | dt: 1463.67ms | tok/sec: 358,200 | bf16_mfu: 0.00 | epoch: 1 pq: 25 rg: 54 | total time: 53.20m | eta: 8.1m
step 02189/02520 (86.87%) | loss: 2.872255 | lrm: 0.24 | dt: 1458.81ms | tok/sec: 359,395 | bf16_mfu: 0.00 | epoch: 1 pq: 25 rg: 55 | total time: 53.23m | eta: 8.1m
step 02190/02520 (86.90%) | loss: 2.882824 | lrm: 0.24 | dt: 1461.17ms | tok/sec: 358,814 | bf16_mfu: 0.00 | epoch: 1 pq: 25 rg: 56 | total time: 53.25m | eta: 8.1m
step 02191/02520 (86.94%) | loss: 2.887244 | lrm: 0.24 | dt: 1457.15ms | tok/sec: 359,804 | bf16_mfu: 0.00 | epoch: 1 pq: 25 rg: 57 | total time: 53.27m | eta: 8.0m
step 02192/02520 (86.98%) | loss: 2.889798 | lrm: 0.24 | dt: 1458.92ms | tok/sec: 359,367 | bf16_mfu: 0.00 | epoch: 1 pq: 25 rg: 58 | total time: 53.30m | eta: 8.0m
step 02193/02520 (87.02%) | loss: 2.896333 | lrm: 0.24 | dt: 1459.37ms | tok/sec: 359,255 | bf16_mfu: 0.00 | epoch: 1 pq: 25 rg: 59 | total time: 53.32m | eta: 8.0m
step 02194/02520 (87.06%) | loss: 2.897290 | lrm: 0.24 | dt: 1459.29ms | tok/sec: 359,276 | bf16_mfu: 0.00 | epoch: 1 pq: 25 rg: 60 | total time: 53.35m | eta: 8.0m
step 02195/02520 (87.10%) | loss: 2.901049 | lrm: 0.24 | dt: 1460.38ms | tok/sec: 359,009 | bf16_mfu: 0.00 | epoch: 1 pq: 25 rg: 61 | total time: 53.37m | eta: 7.9m
step 02196/02520 (87.14%) | loss: 2.895803 | lrm: 0.24 | dt: 1459.19ms | tok/sec: 359,300 | bf16_mfu: 0.00 | epoch: 1 pq: 25 rg: 62 | total time: 53.40m | eta: 7.9m
step 02197/02520 (87.18%) | loss: 2.894471 | lrm: 0.24 | dt: 1461.51ms | tok/sec: 358,731 | bf16_mfu: 0.00 | epoch: 1 pq: 25 rg: 63 | total time: 53.42m | eta: 7.9m
step 02198/02520 (87.22%) | loss: 2.899811 | lrm: 0.24 | dt: 1458.70ms | tok/sec: 359,422 | bf16_mfu: 0.00 | epoch: 1 pq: 25 rg: 64 | total time: 53.45m | eta: 7.9m
step 02199/02520 (87.26%) | loss: 2.901448 | lrm: 0.24 | dt: 1459.03ms | tok/sec: 359,341 | bf16_mfu: 0.00 | epoch: 1 pq: 25 rg: 65 | total time: 53.47m | eta: 7.8m
step 02200/02520 (87.30%) | loss: 2.911637 | lrm: 0.24 | dt: 1461.04ms | tok/sec: 358,845 | bf16_mfu: 0.00 | epoch: 1 pq: 25 rg: 66 | total time: 53.49m | eta: 7.8m
step 02201/02520 (87.34%) | loss: 2.915975 | lrm: 0.24 | dt: 1459.17ms | tok/sec: 359,305 | bf16_mfu: 0.00 | epoch: 1 pq: 25 rg: 66 | total time: 53.52m | eta: 7.8m
step 02202/02520 (87.38%) | loss: 2.918544 | lrm: 0.23 | dt: 1473.01ms | tok/sec: 355,928 | bf16_mfu: 0.00 | epoch: 1 pq: 25 rg: 67 | total time: 53.54m | eta: 7.8m
step 02203/02520 (87.42%) | loss: 2.922654 | lrm: 0.23 | dt: 1497.64ms | tok/sec: 350,075 | bf16_mfu: 0.00 | epoch: 1 pq: 25 rg: 68 | total time: 53.57m | eta: 7.7m
step 02204/02520 (87.46%) | loss: 2.922304 | lrm: 0.23 | dt: 1457.93ms | tok/sec: 359,611 | bf16_mfu: 0.00 | epoch: 1 pq: 25 rg: 69 | total time: 53.59m | eta: 7.7m
step 02205/02520 (87.50%) | loss: 2.929590 | lrm: 0.23 | dt: 1498.26ms | tok/sec: 349,930 | bf16_mfu: 0.00 | epoch: 1 pq: 25 rg: 70 | total time: 53.62m | eta: 7.7m
step 02206/02520 (87.54%) | loss: 2.920478 | lrm: 0.23 | dt: 1474.47ms | tok/sec: 355,576 | bf16_mfu: 0.00 | epoch: 1 pq: 25 rg: 71 | total time: 53.64m | eta: 7.7m
step 02207/02520 (87.58%) | loss: 2.918223 | lrm: 0.23 | dt: 1457.49ms | tok/sec: 359,720 | bf16_mfu: 0.00 | epoch: 1 pq: 25 rg: 72 | total time: 53.67m | eta: 7.6m
step 02208/02520 (87.62%) | loss: 2.915812 | lrm: 0.23 | dt: 1459.33ms | tok/sec: 359,267 | bf16_mfu: 0.00 | epoch: 1 pq: 25 rg: 73 | total time: 53.69m | eta: 7.6m
step 02209/02520 (87.66%) | loss: 2.920939 | lrm: 0.23 | dt: 1471.26ms | tok/sec: 356,352 | bf16_mfu: 0.00 | epoch: 1 pq: 25 rg: 74 | total time: 53.71m | eta: 7.6m
step 02210/02520 (87.70%) | loss: 2.922616 | lrm: 0.23 | dt: 1479.34ms | tok/sec: 354,406 | bf16_mfu: 0.00 | epoch: 1 pq: 25 rg: 75 | total time: 53.74m | eta: 7.6m
step 02211/02520 (87.74%) | loss: 2.922638 | lrm: 0.23 | dt: 1475.71ms | tok/sec: 355,279 | bf16_mfu: 0.00 | epoch: 1 pq: 25 rg: 76 | total time: 53.76m | eta: 7.5m
step 02212/02520 (87.78%) | loss: 2.927600 | lrm: 0.23 | dt: 1463.07ms | tok/sec: 358,348 | bf16_mfu: 0.00 | epoch: 1 pq: 25 rg: 77 | total time: 53.79m | eta: 7.5m
step 02213/02520 (87.82%) | loss: 2.924047 | lrm: 0.23 | dt: 1464.65ms | tok/sec: 357,960 | bf16_mfu: 0.00 | epoch: 1 pq: 25 rg: 78 | total time: 53.81m | eta: 7.5m
step 02214/02520 (87.86%) | loss: 2.919469 | lrm: 0.23 | dt: 1456.68ms | tok/sec: 359,919 | bf16_mfu: 0.00 | epoch: 1 pq: 25 rg: 79 | total time: 53.84m | eta: 7.5m
step 02215/02520 (87.90%) | loss: 2.920547 | lrm: 0.23 | dt: 1456.31ms | tok/sec: 360,010 | bf16_mfu: 0.00 | epoch: 1 pq: 25 rg: 80 | total time: 53.86m | eta: 7.5m
step 02216/02520 (87.94%) | loss: 2.913855 | lrm: 0.23 | dt: 1464.67ms | tok/sec: 357,957 | bf16_mfu: 0.00 | epoch: 1 pq: 25 rg: 81 | total time: 53.89m | eta: 7.4m
step 02217/02520 (87.98%) | loss: 2.916619 | lrm: 0.23 | dt: 1472.22ms | tok/sec: 356,121 | bf16_mfu: 0.00 | epoch: 1 pq: 25 rg: 82 | total time: 53.91m | eta: 7.4m
step 02218/02520 (88.02%) | loss: 2.906493 | lrm: 0.23 | dt: 1487.81ms | tok/sec: 352,388 | bf16_mfu: 0.00 | epoch: 1 pq: 26 rg: 0 | total time: 53.93m | eta: 7.4m
step 02219/02520 (88.06%) | loss: 2.894028 | lrm: 0.22 | dt: 1469.79ms | tok/sec: 356,708 | bf16_mfu: 0.00 | epoch: 1 pq: 26 rg: 1 | total time: 53.96m | eta: 7.4m
step 02220/02520 (88.10%) | loss: 2.895174 | lrm: 0.22 | dt: 1465.87ms | tok/sec: 357,663 | bf16_mfu: 0.00 | epoch: 1 pq: 26 rg: 2 | total time: 53.98m | eta: 7.3m
step 02221/02520 (88.13%) | loss: 2.896634 | lrm: 0.22 | dt: 1457.65ms | tok/sec: 359,680 | bf16_mfu: 0.00 | epoch: 1 pq: 26 rg: 3 | total time: 54.01m | eta: 7.3m
step 02222/02520 (88.17%) | loss: 2.893595 | lrm: 0.22 | dt: 1457.07ms | tok/sec: 359,824 | bf16_mfu: 0.00 | epoch: 1 pq: 26 rg: 4 | total time: 54.03m | eta: 7.3m
step 02223/02520 (88.21%) | loss: 2.886268 | lrm: 0.22 | dt: 1458.24ms | tok/sec: 359,534 | bf16_mfu: 0.00 | epoch: 1 pq: 26 rg: 5 | total time: 54.06m | eta: 7.3m
step 02224/02520 (88.25%) | loss: 2.884073 | lrm: 0.22 | dt: 1459.05ms | tok/sec: 359,334 | bf16_mfu: 0.00 | epoch: 1 pq: 26 rg: 6 | total time: 54.08m | eta: 7.2m
step 02225/02520 (88.29%) | loss: 2.890853 | lrm: 0.22 | dt: 1459.43ms | tok/sec: 359,242 | bf16_mfu: 0.00 | epoch: 1 pq: 26 rg: 7 | total time: 54.11m | eta: 7.2m
step 02226/02520 (88.33%) | loss: 2.880707 | lrm: 0.22 | dt: 1460.32ms | tok/sec: 359,022 | bf16_mfu: 0.00 | epoch: 1 pq: 26 rg: 8 | total time: 54.13m | eta: 7.2m
step 02227/02520 (88.37%) | loss: 2.868451 | lrm: 0.22 | dt: 1459.07ms | tok/sec: 359,329 | bf16_mfu: 0.00 | epoch: 1 pq: 26 rg: 9 | total time: 54.15m | eta: 7.2m
step 02228/02520 (88.41%) | loss: 2.870288 | lrm: 0.22 | dt: 1499.26ms | tok/sec: 349,698 | bf16_mfu: 0.00 | epoch: 1 pq: 26 rg: 10 | total time: 54.18m | eta: 7.1m
step 02229/02520 (88.45%) | loss: 2.880410 | lrm: 0.22 | dt: 1461.75ms | tok/sec: 358,671 | bf16_mfu: 0.00 | epoch: 1 pq: 26 rg: 11 | total time: 54.20m | eta: 7.1m
step 02230/02520 (88.49%) | loss: 2.873908 | lrm: 0.22 | dt: 1458.60ms | tok/sec: 359,445 | bf16_mfu: 0.00 | epoch: 1 pq: 26 rg: 12 | total time: 54.23m | eta: 7.1m
step 02231/02520 (88.53%) | loss: 2.872873 | lrm: 0.22 | dt: 1467.58ms | tok/sec: 357,247 | bf16_mfu: 0.00 | epoch: 1 pq: 26 rg: 13 | total time: 54.25m | eta: 7.1m
step 02232/02520 (88.57%) | loss: 2.865476 | lrm: 0.22 | dt: 1467.60ms | tok/sec: 357,241 | bf16_mfu: 0.00 | epoch: 1 pq: 26 rg: 14 | total time: 54.28m | eta: 7.0m
step 02233/02520 (88.61%) | loss: 2.856340 | lrm: 0.22 | dt: 1468.39ms | tok/sec: 357,048 | bf16_mfu: 0.00 | epoch: 1 pq: 26 rg: 14 | total time: 54.30m | eta: 7.0m
step 02234/02520 (88.65%) | loss: 2.858566 | lrm: 0.22 | dt: 1458.02ms | tok/sec: 359,589 | bf16_mfu: 0.00 | epoch: 1 pq: 26 rg: 15 | total time: 54.33m | eta: 7.0m
step 02235/02520 (88.69%) | loss: 2.856777 | lrm: 0.22 | dt: 1458.67ms | tok/sec: 359,427 | bf16_mfu: 0.00 | epoch: 1 pq: 26 rg: 16 | total time: 54.35m | eta: 7.0m
step 02236/02520 (88.73%) | loss: 2.852882 | lrm: 0.21 | dt: 1461.24ms | tok/sec: 358,795 | bf16_mfu: 0.00 | epoch: 1 pq: 26 rg: 17 | total time: 54.37m | eta: 6.9m
step 02237/02520 (88.77%) | loss: 2.849946 | lrm: 0.21 | dt: 1469.49ms | tok/sec: 356,783 | bf16_mfu: 0.00 | epoch: 1 pq: 26 rg: 18 | total time: 54.40m | eta: 6.9m
step 02238/02520 (88.81%) | loss: 2.860533 | lrm: 0.21 | dt: 1507.59ms | tok/sec: 347,765 | bf16_mfu: 0.00 | epoch: 1 pq: 26 rg: 19 | total time: 54.42m | eta: 6.9m
step 02239/02520 (88.85%) | loss: 2.863151 | lrm: 0.21 | dt: 1493.73ms | tok/sec: 350,992 | bf16_mfu: 0.00 | epoch: 1 pq: 26 rg: 20 | total time: 54.45m | eta: 6.9m
step 02240/02520 (88.89%) | loss: 2.867629 | lrm: 0.21 | dt: 1464.86ms | tok/sec: 357,910 | bf16_mfu: 0.00 | epoch: 1 pq: 26 rg: 21 | total time: 54.47m | eta: 6.8m
step 02241/02520 (88.93%) | loss: 2.869570 | lrm: 0.21 | dt: 1475.13ms | tok/sec: 355,418 | bf16_mfu: 0.00 | epoch: 1 pq: 26 rg: 22 | total time: 54.50m | eta: 6.8m
step 02242/02520 (88.97%) | loss: 2.869238 | lrm: 0.21 | dt: 1460.31ms | tok/sec: 359,025 | bf16_mfu: 0.00 | epoch: 1 pq: 26 rg: 23 | total time: 54.52m | eta: 6.8m
step 02243/02520 (89.01%) | loss: 2.860890 | lrm: 0.21 | dt: 1468.64ms | tok/sec: 356,988 | bf16_mfu: 0.00 | epoch: 1 pq: 26 rg: 24 | total time: 54.55m | eta: 6.8m
step 02244/02520 (89.05%) | loss: 2.861227 | lrm: 0.21 | dt: 1486.43ms | tok/sec: 352,715 | bf16_mfu: 0.00 | epoch: 1 pq: 26 rg: 25 | total time: 54.57m | eta: 6.7m
step 02245/02520 (89.09%) | loss: 2.854702 | lrm: 0.21 | dt: 1467.74ms | tok/sec: 357,207 | bf16_mfu: 0.00 | epoch: 1 pq: 26 rg: 26 | total time: 54.60m | eta: 6.7m
step 02246/02520 (89.13%) | loss: 2.860208 | lrm: 0.21 | dt: 1462.27ms | tok/sec: 358,543 | bf16_mfu: 0.00 | epoch: 1 pq: 26 rg: 27 | total time: 54.62m | eta: 6.7m
step 02247/02520 (89.17%) | loss: 2.870923 | lrm: 0.21 | dt: 1460.71ms | tok/sec: 358,927 | bf16_mfu: 0.00 | epoch: 1 pq: 26 rg: 28 | total time: 54.64m | eta: 6.7m
step 02248/02520 (89.21%) | loss: 2.880625 | lrm: 0.21 | dt: 1458.05ms | tok/sec: 359,580 | bf16_mfu: 0.00 | epoch: 1 pq: 26 rg: 29 | total time: 54.67m | eta: 6.6m
step 02249/02520 (89.25%) | loss: 2.894869 | lrm: 0.21 | dt: 1456.96ms | tok/sec: 359,850 | bf16_mfu: 0.00 | epoch: 1 pq: 26 rg: 30 | total time: 54.69m | eta: 6.6m
Step 02250 | Validation bpb: 0.877763
step 02250/02520 (89.29%) | loss: 2.884778 | lrm: 0.21 | dt: 1449.05ms | tok/sec: 361,813 | bf16_mfu: 0.00 | epoch: 1 pq: 26 rg: 31 | total time: 54.72m | eta: 6.6m
step 02251/02520 (89.33%) | loss: 2.879354 | lrm: 0.21 | dt: 1464.44ms | tok/sec: 358,013 | bf16_mfu: 0.00 | epoch: 1 pq: 26 rg: 32 | total time: 54.74m | eta: 6.6m
step 02252/02520 (89.37%) | loss: 2.870583 | lrm: 0.21 | dt: 1467.06ms | tok/sec: 357,372 | bf16_mfu: 0.00 | epoch: 1 pq: 26 rg: 33 | total time: 54.77m | eta: 6.5m
step 02253/02520 (89.40%) | loss: 2.866587 | lrm: 0.20 | dt: 1484.13ms | tok/sec: 353,262 | bf16_mfu: 0.00 | epoch: 1 pq: 26 rg: 34 | total time: 54.79m | eta: 6.5m
step 02254/02520 (89.44%) | loss: 2.860396 | lrm: 0.20 | dt: 1452.92ms | tok/sec: 360,851 | bf16_mfu: 0.00 | epoch: 1 pq: 26 rg: 35 | total time: 54.81m | eta: 6.5m
step 02255/02520 (89.48%) | loss: 2.859252 | lrm: 0.20 | dt: 1448.86ms | tok/sec: 361,861 | bf16_mfu: 0.00 | epoch: 1 pq: 26 rg: 36 | total time: 54.84m | eta: 6.5m
step 02256/02520 (89.52%) | loss: 2.857124 | lrm: 0.20 | dt: 1448.04ms | tok/sec: 362,066 | bf16_mfu: 0.00 | epoch: 1 pq: 26 rg: 37 | total time: 54.86m | eta: 6.4m
step 02257/02520 (89.56%) | loss: 2.861380 | lrm: 0.20 | dt: 1446.18ms | tok/sec: 362,532 | bf16_mfu: 0.00 | epoch: 1 pq: 26 rg: 38 | total time: 54.89m | eta: 6.4m
step 02258/02520 (89.60%) | loss: 2.869089 | lrm: 0.20 | dt: 1448.86ms | tok/sec: 361,863 | bf16_mfu: 0.00 | epoch: 1 pq: 26 rg: 39 | total time: 54.91m | eta: 6.4m
step 02259/02520 (89.64%) | loss: 2.860732 | lrm: 0.20 | dt: 1468.07ms | tok/sec: 357,128 | bf16_mfu: 0.00 | epoch: 1 pq: 26 rg: 40 | total time: 54.94m | eta: 6.4m
step 02260/02520 (89.68%) | loss: 2.861072 | lrm: 0.20 | dt: 1494.20ms | tok/sec: 350,882 | bf16_mfu: 0.00 | epoch: 1 pq: 26 rg: 41 | total time: 54.96m | eta: 6.4m
step 02261/02520 (89.72%) | loss: 2.857643 | lrm: 0.20 | dt: 1467.99ms | tok/sec: 357,147 | bf16_mfu: 0.00 | epoch: 1 pq: 26 rg: 42 | total time: 54.99m | eta: 6.3m
step 02262/02520 (89.76%) | loss: 2.861780 | lrm: 0.20 | dt: 1452.37ms | tok/sec: 360,988 | bf16_mfu: 0.00 | epoch: 1 pq: 26 rg: 43 | total time: 55.01m | eta: 6.3m
step 02263/02520 (89.80%) | loss: 2.864773 | lrm: 0.20 | dt: 1448.98ms | tok/sec: 361,832 | bf16_mfu: 0.00 | epoch: 1 pq: 26 rg: 44 | total time: 55.03m | eta: 6.3m
step 02264/02520 (89.84%) | loss: 2.872198 | lrm: 0.20 | dt: 1471.78ms | tok/sec: 356,226 | bf16_mfu: 0.00 | epoch: 1 pq: 26 rg: 45 | total time: 55.06m | eta: 6.3m
step 02265/02520 (89.88%) | loss: 2.881954 | lrm: 0.20 | dt: 1447.16ms | tok/sec: 362,288 | bf16_mfu: 0.00 | epoch: 1 pq: 26 rg: 46 | total time: 55.08m | eta: 6.2m
step 02266/02520 (89.92%) | loss: 2.893619 | lrm: 0.20 | dt: 1453.02ms | tok/sec: 360,825 | bf16_mfu: 0.00 | epoch: 1 pq: 26 rg: 47 | total time: 55.11m | eta: 6.2m
step 02267/02520 (89.96%) | loss: 2.881108 | lrm: 0.20 | dt: 1478.83ms | tok/sec: 354,528 | bf16_mfu: 0.00 | epoch: 1 pq: 26 rg: 48 | total time: 55.13m | eta: 6.2m
2026-09-27 16:21:45,478 - nanochat.checkpoint_manager - [32m[1mINFO[0m - Saved model parameters to: /home/neo/.cache/nanochat/base_checkpoints/looped_B8_lr1_lr1_h1.0_s0/model_002268.pt
2026-09-27 16:21:45,939 - nanochat.checkpoint_manager - [32m[1mINFO[0m - Saved optimizer state to: /home/neo/.cache/nanochat/base_checkpoints/looped_B8_lr1_lr1_h1.0_s0/optim_002268_rank0.pt
2026-09-27 16:21:45,941 - nanochat.checkpoint_manager - [32m[1mINFO[0m - Saved metadata to: /home/neo/.cache/nanochat/base_checkpoints/looped_B8_lr1_lr1_h1.0_s0/meta_002268.json
step 02268/02520 (90.00%) | loss: 2.885084 | lrm: 0.20 | dt: 1438.31ms | tok/sec: 364,515 | bf16_mfu: 0.00 | epoch: 1 pq: 26 rg: 49 | total time: 55.16m | eta: 6.2m
step 02269/02520 (90.04%) | loss: 2.886184 | lrm: 0.20 | dt: 1458.78ms | tok/sec: 359,400 | bf16_mfu: 0.00 | epoch: 1 pq: 26 rg: 49 | total time: 55.18m | eta: 6.1m
step 02270/02520 (90.08%) | loss: 2.887274 | lrm: 0.19 | dt: 1452.48ms | tok/sec: 360,960 | bf16_mfu: 0.00 | epoch: 1 pq: 26 rg: 50 | total time: 55.20m | eta: 6.1m
step 02271/02520 (90.12%) | loss: 2.892371 | lrm: 0.19 | dt: 1479.36ms | tok/sec: 354,402 | bf16_mfu: 0.00 | epoch: 1 pq: 26 rg: 51 | total time: 55.23m | eta: 6.1m
step 02272/02520 (90.16%) | loss: 2.897669 | lrm: 0.19 | dt: 1494.20ms | tok/sec: 350,881 | bf16_mfu: 0.00 | epoch: 1 pq: 26 rg: 52 | total time: 55.25m | eta: 6.1m
step 02273/02520 (90.20%) | loss: 2.899799 | lrm: 0.19 | dt: 1460.04ms | tok/sec: 359,091 | bf16_mfu: 0.00 | epoch: 1 pq: 26 rg: 53 | total time: 55.28m | eta: 6.0m
step 02274/02520 (90.24%) | loss: 2.895794 | lrm: 0.19 | dt: 1456.42ms | tok/sec: 359,985 | bf16_mfu: 0.00 | epoch: 1 pq: 26 rg: 54 | total time: 55.30m | eta: 6.0m
step 02275/02520 (90.28%) | loss: 2.902198 | lrm: 0.19 | dt: 1461.65ms | tok/sec: 358,696 | bf16_mfu: 0.00 | epoch: 1 pq: 26 rg: 55 | total time: 55.33m | eta: 6.0m
step 02276/02520 (90.32%) | loss: 2.892500 | lrm: 0.19 | dt: 1458.96ms | tok/sec: 359,358 | bf16_mfu: 0.00 | epoch: 1 pq: 26 rg: 56 | total time: 55.35m | eta: 6.0m
step 02277/02520 (90.36%) | loss: 2.897458 | lrm: 0.19 | dt: 1452.12ms | tok/sec: 361,048 | bf16_mfu: 0.00 | epoch: 1 pq: 26 rg: 57 | total time: 55.37m | eta: 5.9m
step 02278/02520 (90.40%) | loss: 2.897527 | lrm: 0.19 | dt: 1450.14ms | tok/sec: 361,543 | bf16_mfu: 0.00 | epoch: 1 pq: 26 rg: 58 | total time: 55.40m | eta: 5.9m
step 02279/02520 (90.44%) | loss: 2.871707 | lrm: 0.19 | dt: 1463.09ms | tok/sec: 358,343 | bf16_mfu: 0.00 | epoch: 1 pq: 26 rg: 59 | total time: 55.42m | eta: 5.9m
step 02280/02520 (90.48%) | loss: 2.862251 | lrm: 0.19 | dt: 1474.92ms | tok/sec: 355,467 | bf16_mfu: 0.00 | epoch: 1 pq: 26 rg: 60 | total time: 55.45m | eta: 5.9m
step 02281/02520 (90.52%) | loss: 2.864720 | lrm: 0.19 | dt: 1472.89ms | tok/sec: 355,958 | bf16_mfu: 0.00 | epoch: 1 pq: 26 rg: 61 | total time: 55.47m | eta: 5.8m
step 02282/02520 (90.56%) | loss: 2.869246 | lrm: 0.19 | dt: 1474.07ms | tok/sec: 355,672 | bf16_mfu: 0.00 | epoch: 1 pq: 26 rg: 62 | total time: 55.50m | eta: 5.8m
step 02283/02520 (90.60%) | loss: 2.865730 | lrm: 0.19 | dt: 1499.03ms | tok/sec: 349,751 | bf16_mfu: 0.00 | epoch: 1 pq: 26 rg: 63 | total time: 55.52m | eta: 5.8m
step 02284/02520 (90.63%) | loss: 2.857344 | lrm: 0.19 | dt: 1478.42ms | tok/sec: 354,626 | bf16_mfu: 0.00 | epoch: 1 pq: 26 rg: 64 | total time: 55.55m | eta: 5.8m
step 02285/02520 (90.67%) | loss: 2.853969 | lrm: 0.19 | dt: 1494.27ms | tok/sec: 350,866 | bf16_mfu: 0.00 | epoch: 1 pq: 26 rg: 65 | total time: 55.57m | eta: 5.7m
step 02286/02520 (90.71%) | loss: 2.871291 | lrm: 0.19 | dt: 1483.78ms | tok/sec: 353,347 | bf16_mfu: 0.00 | epoch: 1 pq: 26 rg: 66 | total time: 55.60m | eta: 5.7m
step 02287/02520 (90.75%) | loss: 2.880502 | lrm: 0.19 | dt: 1469.94ms | tok/sec: 356,672 | bf16_mfu: 0.00 | epoch: 1 pq: 26 rg: 67 | total time: 55.62m | eta: 5.7m
step 02288/02520 (90.79%) | loss: 2.879143 | lrm: 0.18 | dt: 1484.25ms | tok/sec: 353,233 | bf16_mfu: 0.00 | epoch: 1 pq: 26 rg: 68 | total time: 55.65m | eta: 5.7m
step 02289/02520 (90.83%) | loss: 2.885762 | lrm: 0.18 | dt: 1467.61ms | tok/sec: 357,239 | bf16_mfu: 0.00 | epoch: 1 pq: 26 rg: 69 | total time: 55.67m | eta: 5.6m
step 02290/02520 (90.87%) | loss: 2.883284 | lrm: 0.18 | dt: 1450.48ms | tok/sec: 361,457 | bf16_mfu: 0.00 | epoch: 1 pq: 26 rg: 70 | total time: 55.69m | eta: 5.6m
step 02291/02520 (90.91%) | loss: 2.889515 | lrm: 0.18 | dt: 1471.12ms | tok/sec: 356,385 | bf16_mfu: 0.00 | epoch: 1 pq: 26 rg: 71 | total time: 55.72m | eta: 5.6m
step 02292/02520 (90.95%) | loss: 2.892226 | lrm: 0.18 | dt: 1477.14ms | tok/sec: 354,934 | bf16_mfu: 0.00 | epoch: 1 pq: 26 rg: 72 | total time: 55.74m | eta: 5.6m
step 02293/02520 (90.99%) | loss: 2.902360 | lrm: 0.18 | dt: 1490.23ms | tok/sec: 351,816 | bf16_mfu: 0.00 | epoch: 1 pq: 26 rg: 73 | total time: 55.77m | eta: 5.5m
step 02294/02520 (91.03%) | loss: 2.894480 | lrm: 0.18 | dt: 1494.11ms | tok/sec: 350,903 | bf16_mfu: 0.00 | epoch: 1 pq: 26 rg: 74 | total time: 55.79m | eta: 5.5m
step 02295/02520 (91.07%) | loss: 2.887010 | lrm: 0.18 | dt: 1495.69ms | tok/sec: 350,532 | bf16_mfu: 0.00 | epoch: 1 pq: 26 rg: 75 | total time: 55.82m | eta: 5.5m
step 02296/02520 (91.11%) | loss: 2.893813 | lrm: 0.18 | dt: 1487.71ms | tok/sec: 352,413 | bf16_mfu: 0.00 | epoch: 1 pq: 26 rg: 76 | total time: 55.84m | eta: 5.5m
step 02297/02520 (91.15%) | loss: 2.909388 | lrm: 0.18 | dt: 1492.90ms | tok/sec: 351,188 | bf16_mfu: 0.00 | epoch: 1 pq: 26 rg: 77 | total time: 55.87m | eta: 5.4m
step 02298/02520 (91.19%) | loss: 2.902551 | lrm: 0.18 | dt: 1503.94ms | tok/sec: 348,609 | bf16_mfu: 0.00 | epoch: 1 pq: 26 rg: 78 | total time: 55.89m | eta: 5.4m
step 02299/02520 (91.23%) | loss: 2.891281 | lrm: 0.18 | dt: 1492.30ms | tok/sec: 351,328 | bf16_mfu: 0.00 | epoch: 1 pq: 26 rg: 79 | total time: 55.92m | eta: 5.4m
step 02300/02520 (91.27%) | loss: 2.893574 | lrm: 0.18 | dt: 1502.86ms | tok/sec: 348,860 | bf16_mfu: 0.00 | epoch: 1 pq: 26 rg: 80 | total time: 55.94m | eta: 5.4m
step 02301/02520 (91.31%) | loss: 2.896236 | lrm: 0.18 | dt: 1498.58ms | tok/sec: 349,856 | bf16_mfu: 0.00 | epoch: 1 pq: 26 rg: 80 | total time: 55.97m | eta: 5.4m
step 02302/02520 (91.35%) | loss: 2.889980 | lrm: 0.18 | dt: 1505.71ms | tok/sec: 348,200 | bf16_mfu: 0.00 | epoch: 1 pq: 26 rg: 81 | total time: 55.99m | eta: 5.3m
step 02303/02520 (91.39%) | loss: 2.885824 | lrm: 0.18 | dt: 1487.72ms | tok/sec: 352,410 | bf16_mfu: 0.00 | epoch: 1 pq: 26 rg: 82 | total time: 56.02m | eta: 5.3m
step 02304/02520 (91.43%) | loss: 2.887042 | lrm: 0.18 | dt: 1475.15ms | tok/sec: 355,412 | bf16_mfu: 0.00 | epoch: 1 pq: 27 rg: 0 | total time: 56.04m | eta: 5.3m
step 02305/02520 (91.47%) | loss: 2.879990 | lrm: 0.17 | dt: 1478.06ms | tok/sec: 354,713 | bf16_mfu: 0.00 | epoch: 1 pq: 27 rg: 1 | total time: 56.07m | eta: 5.3m
step 02306/02520 (91.51%) | loss: 2.881282 | lrm: 0.17 | dt: 1468.10ms | tok/sec: 357,119 | bf16_mfu: 0.00 | epoch: 1 pq: 27 rg: 2 | total time: 56.09m | eta: 5.2m
step 02307/02520 (91.55%) | loss: 2.884478 | lrm: 0.17 | dt: 1501.48ms | tok/sec: 349,180 | bf16_mfu: 0.00 | epoch: 1 pq: 27 rg: 3 | total time: 56.12m | eta: 5.2m
step 02308/02520 (91.59%) | loss: 2.882108 | lrm: 0.17 | dt: 1527.23ms | tok/sec: 343,293 | bf16_mfu: 0.00 | epoch: 1 pq: 27 rg: 4 | total time: 56.14m | eta: 5.2m
step 02309/02520 (91.63%) | loss: 2.885875 | lrm: 0.17 | dt: 1519.15ms | tok/sec: 345,119 | bf16_mfu: 0.00 | epoch: 1 pq: 27 rg: 5 | total time: 56.17m | eta: 5.2m
step 02310/02520 (91.67%) | loss: 2.892455 | lrm: 0.17 | dt: 1487.78ms | tok/sec: 352,395 | bf16_mfu: 0.00 | epoch: 1 pq: 27 rg: 6 | total time: 56.19m | eta: 5.1m
step 02311/02520 (91.71%) | loss: 2.894201 | lrm: 0.17 | dt: 1495.15ms | tok/sec: 350,659 | bf16_mfu: 0.00 | epoch: 1 pq: 27 rg: 7 | total time: 56.22m | eta: 5.1m
step 02312/02520 (91.75%) | loss: 2.878673 | lrm: 0.17 | dt: 1489.08ms | tok/sec: 352,088 | bf16_mfu: 0.00 | epoch: 1 pq: 27 rg: 8 | total time: 56.24m | eta: 5.1m
step 02313/02520 (91.79%) | loss: 2.874835 | lrm: 0.17 | dt: 1481.79ms | tok/sec: 353,820 | bf16_mfu: 0.00 | epoch: 1 pq: 27 rg: 9 | total time: 56.27m | eta: 5.1m
step 02314/02520 (91.83%) | loss: 2.882936 | lrm: 0.17 | dt: 1486.65ms | tok/sec: 352,664 | bf16_mfu: 0.00 | epoch: 1 pq: 27 rg: 10 | total time: 56.29m | eta: 5.0m
step 02315/02520 (91.87%) | loss: 2.877571 | lrm: 0.17 | dt: 1459.17ms | tok/sec: 359,305 | bf16_mfu: 0.00 | epoch: 1 pq: 27 rg: 11 | total time: 56.32m | eta: 5.0m
step 02316/02520 (91.90%) | loss: 2.882492 | lrm: 0.17 | dt: 1455.24ms | tok/sec: 360,275 | bf16_mfu: 0.00 | epoch: 1 pq: 27 rg: 12 | total time: 56.34m | eta: 5.0m
step 02317/02520 (91.94%) | loss: 2.868100 | lrm: 0.17 | dt: 1456.90ms | tok/sec: 359,865 | bf16_mfu: 0.00 | epoch: 1 pq: 27 rg: 13 | total time: 56.36m | eta: 5.0m
step 02318/02520 (91.98%) | loss: 2.863877 | lrm: 0.17 | dt: 1457.74ms | tok/sec: 359,658 | bf16_mfu: 0.00 | epoch: 1 pq: 27 rg: 14 | total time: 56.39m | eta: 4.9m
step 02319/02520 (92.02%) | loss: 2.862501 | lrm: 0.17 | dt: 1458.14ms | tok/sec: 359,558 | bf16_mfu: 0.00 | epoch: 1 pq: 27 rg: 15 | total time: 56.41m | eta: 4.9m
step 02320/02520 (92.06%) | loss: 2.864587 | lrm: 0.17 | dt: 1457.35ms | tok/sec: 359,754 | bf16_mfu: 0.00 | epoch: 1 pq: 27 rg: 16 | total time: 56.44m | eta: 4.9m
step 02321/02520 (92.10%) | loss: 2.863390 | lrm: 0.17 | dt: 1455.69ms | tok/sec: 360,164 | bf16_mfu: 0.00 | epoch: 1 pq: 27 rg: 17 | total time: 56.46m | eta: 4.9m
step 02322/02520 (92.14%) | loss: 2.869825 | lrm: 0.16 | dt: 1456.27ms | tok/sec: 360,019 | bf16_mfu: 0.00 | epoch: 1 pq: 27 rg: 18 | total time: 56.49m | eta: 4.8m
step 02323/02520 (92.18%) | loss: 2.870912 | lrm: 0.16 | dt: 1457.43ms | tok/sec: 359,735 | bf16_mfu: 0.00 | epoch: 1 pq: 27 rg: 19 | total time: 56.51m | eta: 4.8m
step 02324/02520 (92.22%) | loss: 2.875132 | lrm: 0.16 | dt: 1458.16ms | tok/sec: 359,555 | bf16_mfu: 0.00 | epoch: 1 pq: 27 rg: 20 | total time: 56.53m | eta: 4.8m
step 02325/02520 (92.26%) | loss: 2.873736 | lrm: 0.16 | dt: 1458.16ms | tok/sec: 359,555 | bf16_mfu: 0.00 | epoch: 1 pq: 27 rg: 21 | total time: 56.56m | eta: 4.8m
step 02326/02520 (92.30%) | loss: 2.864090 | lrm: 0.16 | dt: 1457.78ms | tok/sec: 359,648 | bf16_mfu: 0.00 | epoch: 1 pq: 27 rg: 22 | total time: 56.58m | eta: 4.7m
step 02327/02520 (92.34%) | loss: 2.871353 | lrm: 0.16 | dt: 1456.85ms | tok/sec: 359,878 | bf16_mfu: 0.00 | epoch: 1 pq: 27 rg: 23 | total time: 56.61m | eta: 4.7m
step 02328/02520 (92.38%) | loss: 2.880413 | lrm: 0.16 | dt: 1455.62ms | tok/sec: 360,181 | bf16_mfu: 0.00 | epoch: 1 pq: 27 rg: 24 | total time: 56.63m | eta: 4.7m
step 02329/02520 (92.42%) | loss: 2.876676 | lrm: 0.16 | dt: 1466.39ms | tok/sec: 357,535 | bf16_mfu: 0.00 | epoch: 1 pq: 27 rg: 25 | total time: 56.66m | eta: 4.7m
step 02330/02520 (92.46%) | loss: 2.871185 | lrm: 0.16 | dt: 1467.30ms | tok/sec: 357,315 | bf16_mfu: 0.00 | epoch: 1 pq: 27 rg: 26 | total time: 56.68m | eta: 4.6m
step 02331/02520 (92.50%) | loss: 2.874091 | lrm: 0.16 | dt: 1458.16ms | tok/sec: 359,554 | bf16_mfu: 0.00 | epoch: 1 pq: 27 rg: 26 | total time: 56.70m | eta: 4.6m
step 02332/02520 (92.54%) | loss: 2.872161 | lrm: 0.16 | dt: 1457.63ms | tok/sec: 359,685 | bf16_mfu: 0.00 | epoch: 1 pq: 27 rg: 27 | total time: 56.73m | eta: 4.6m
step 02333/02520 (92.58%) | loss: 2.860976 | lrm: 0.16 | dt: 1458.41ms | tok/sec: 359,492 | bf16_mfu: 0.00 | epoch: 1 pq: 27 rg: 28 | total time: 56.75m | eta: 4.6m
step 02334/02520 (92.62%) | loss: 2.850415 | lrm: 0.16 | dt: 1458.71ms | tok/sec: 359,418 | bf16_mfu: 0.00 | epoch: 1 pq: 27 rg: 29 | total time: 56.78m | eta: 4.5m
step 02335/02520 (92.66%) | loss: 2.858400 | lrm: 0.16 | dt: 1457.82ms | tok/sec: 359,638 | bf16_mfu: 0.00 | epoch: 1 pq: 27 rg: 30 | total time: 56.80m | eta: 4.5m
step 02336/02520 (92.70%) | loss: 2.858897 | lrm: 0.16 | dt: 1456.11ms | tok/sec: 360,059 | bf16_mfu: 0.00 | epoch: 1 pq: 27 rg: 31 | total time: 56.83m | eta: 4.5m
step 02337/02520 (92.74%) | loss: 2.858195 | lrm: 0.16 | dt: 1454.71ms | tok/sec: 360,407 | bf16_mfu: 0.00 | epoch: 1 pq: 27 rg: 32 | total time: 56.85m | eta: 4.5m
step 02338/02520 (92.78%) | loss: 2.863171 | lrm: 0.16 | dt: 1455.88ms | tok/sec: 360,118 | bf16_mfu: 0.00 | epoch: 1 pq: 27 rg: 33 | total time: 56.87m | eta: 4.4m
step 02339/02520 (92.82%) | loss: 2.858510 | lrm: 0.15 | dt: 1457.38ms | tok/sec: 359,747 | bf16_mfu: 0.00 | epoch: 1 pq: 27 rg: 34 | total time: 56.90m | eta: 4.4m
step 02340/02520 (92.86%) | loss: 2.861914 | lrm: 0.15 | dt: 1456.59ms | tok/sec: 359,941 | bf16_mfu: 0.00 | epoch: 1 pq: 27 rg: 35 | total time: 56.92m | eta: 4.4m
step 02341/02520 (92.90%) | loss: 2.863044 | lrm: 0.15 | dt: 1455.07ms | tok/sec: 360,318 | bf16_mfu: 0.00 | epoch: 1 pq: 27 rg: 36 | total time: 56.95m | eta: 4.4m
step 02342/02520 (92.94%) | loss: 2.872719 | lrm: 0.15 | dt: 1454.56ms | tok/sec: 360,444 | bf16_mfu: 0.00 | epoch: 1 pq: 27 rg: 37 | total time: 56.97m | eta: 4.3m
step 02343/02520 (92.98%) | loss: 2.873319 | lrm: 0.15 | dt: 1457.30ms | tok/sec: 359,766 | bf16_mfu: 0.00 | epoch: 1 pq: 27 rg: 38 | total time: 57.00m | eta: 4.3m
step 02344/02520 (93.02%) | loss: 2.866414 | lrm: 0.15 | dt: 1457.28ms | tok/sec: 359,772 | bf16_mfu: 0.00 | epoch: 1 pq: 27 rg: 39 | total time: 57.02m | eta: 4.3m
step 02345/02520 (93.06%) | loss: 2.871268 | lrm: 0.15 | dt: 1458.32ms | tok/sec: 359,514 | bf16_mfu: 0.00 | epoch: 1 pq: 27 rg: 40 | total time: 57.04m | eta: 4.3m
step 02346/02520 (93.10%) | loss: 2.877738 | lrm: 0.15 | dt: 1459.90ms | tok/sec: 359,125 | bf16_mfu: 0.00 | epoch: 1 pq: 27 rg: 41 | total time: 57.07m | eta: 4.3m
step 02347/02520 (93.13%) | loss: 2.891457 | lrm: 0.15 | dt: 1459.59ms | tok/sec: 359,203 | bf16_mfu: 0.00 | epoch: 1 pq: 27 rg: 42 | total time: 57.09m | eta: 4.2m
step 02348/02520 (93.17%) | loss: 2.878338 | lrm: 0.15 | dt: 1461.55ms | tok/sec: 358,719 | bf16_mfu: 0.00 | epoch: 1 pq: 27 rg: 43 | total time: 57.12m | eta: 4.2m
step 02349/02520 (93.21%) | loss: 2.879465 | lrm: 0.15 | dt: 1499.13ms | tok/sec: 349,727 | bf16_mfu: 0.00 | epoch: 1 pq: 27 rg: 44 | total time: 57.14m | eta: 4.2m
step 02350/02520 (93.25%) | loss: 2.875020 | lrm: 0.15 | dt: 1510.99ms | tok/sec: 346,984 | bf16_mfu: 0.00 | epoch: 1 pq: 27 rg: 45 | total time: 57.17m | eta: 4.2m
step 02351/02520 (93.29%) | loss: 2.876884 | lrm: 0.15 | dt: 1487.02ms | tok/sec: 352,575 | bf16_mfu: 0.00 | epoch: 1 pq: 27 rg: 46 | total time: 57.19m | eta: 4.1m
step 02352/02520 (93.33%) | loss: 2.875257 | lrm: 0.15 | dt: 1485.55ms | tok/sec: 352,924 | bf16_mfu: 0.00 | epoch: 1 pq: 27 rg: 47 | total time: 57.22m | eta: 4.1m
step 02353/02520 (93.37%) | loss: 2.872315 | lrm: 0.15 | dt: 1495.61ms | tok/sec: 350,550 | bf16_mfu: 0.00 | epoch: 1 pq: 27 rg: 48 | total time: 57.24m | eta: 4.1m
step 02354/02520 (93.41%) | loss: 2.871699 | lrm: 0.15 | dt: 1461.51ms | tok/sec: 358,731 | bf16_mfu: 0.00 | epoch: 1 pq: 27 rg: 49 | total time: 57.27m | eta: 4.1m
step 02355/02520 (93.45%) | loss: 2.867128 | lrm: 0.15 | dt: 1466.55ms | tok/sec: 357,497 | bf16_mfu: 0.00 | epoch: 1 pq: 27 rg: 50 | total time: 57.29m | eta: 4.0m
step 02356/02520 (93.49%) | loss: 2.866049 | lrm: 0.15 | dt: 1458.29ms | tok/sec: 359,522 | bf16_mfu: 0.00 | epoch: 1 pq: 27 rg: 51 | total time: 57.31m | eta: 4.0m
step 02357/02520 (93.53%) | loss: 2.879944 | lrm: 0.14 | dt: 1456.51ms | tok/sec: 359,961 | bf16_mfu: 0.00 | epoch: 1 pq: 27 rg: 52 | total time: 57.34m | eta: 4.0m
step 02358/02520 (93.57%) | loss: 2.871178 | lrm: 0.14 | dt: 1458.03ms | tok/sec: 359,587 | bf16_mfu: 0.00 | epoch: 1 pq: 27 rg: 53 | total time: 57.36m | eta: 4.0m
step 02359/02520 (93.61%) | loss: 2.866169 | lrm: 0.14 | dt: 1459.07ms | tok/sec: 359,330 | bf16_mfu: 0.00 | epoch: 1 pq: 27 rg: 54 | total time: 57.39m | eta: 3.9m
step 02360/02520 (93.65%) | loss: 2.866515 | lrm: 0.14 | dt: 1458.15ms | tok/sec: 359,556 | bf16_mfu: 0.00 | epoch: 1 pq: 27 rg: 54 | total time: 57.41m | eta: 3.9m
step 02361/02520 (93.69%) | loss: 2.871804 | lrm: 0.14 | dt: 1485.00ms | tok/sec: 353,055 | bf16_mfu: 0.00 | epoch: 1 pq: 27 rg: 55 | total time: 57.44m | eta: 3.9m
step 02362/02520 (93.73%) | loss: 2.873351 | lrm: 0.14 | dt: 1458.93ms | tok/sec: 359,363 | bf16_mfu: 0.00 | epoch: 1 pq: 27 rg: 56 | total time: 57.46m | eta: 3.9m
step 02363/02520 (93.77%) | loss: 2.875667 | lrm: 0.14 | dt: 1485.26ms | tok/sec: 352,994 | bf16_mfu: 0.00 | epoch: 1 pq: 27 rg: 57 | total time: 57.49m | eta: 3.8m
step 02364/02520 (93.81%) | loss: 2.868714 | lrm: 0.14 | dt: 1473.99ms | tok/sec: 355,693 | bf16_mfu: 0.00 | epoch: 1 pq: 27 rg: 58 | total time: 57.51m | eta: 3.8m
step 02365/02520 (93.85%) | loss: 2.851709 | lrm: 0.14 | dt: 1482.18ms | tok/sec: 353,728 | bf16_mfu: 0.00 | epoch: 1 pq: 27 rg: 59 | total time: 57.54m | eta: 3.8m
step 02366/02520 (93.89%) | loss: 2.860924 | lrm: 0.14 | dt: 1506.73ms | tok/sec: 347,963 | bf16_mfu: 0.00 | epoch: 1 pq: 27 rg: 60 | total time: 57.56m | eta: 3.8m
step 02367/02520 (93.93%) | loss: 2.864902 | lrm: 0.14 | dt: 1473.09ms | tok/sec: 355,910 | bf16_mfu: 0.00 | epoch: 1 pq: 27 rg: 61 | total time: 57.58m | eta: 3.7m
step 02368/02520 (93.97%) | loss: 2.854349 | lrm: 0.14 | dt: 1458.08ms | tok/sec: 359,575 | bf16_mfu: 0.00 | epoch: 1 pq: 27 rg: 62 | total time: 57.61m | eta: 3.7m
step 02369/02520 (94.01%) | loss: 2.863729 | lrm: 0.14 | dt: 1482.26ms | tok/sec: 353,707 | bf16_mfu: 0.00 | epoch: 1 pq: 27 rg: 63 | total time: 57.63m | eta: 3.7m
step 02370/02520 (94.05%) | loss: 2.854424 | lrm: 0.14 | dt: 1487.63ms | tok/sec: 352,431 | bf16_mfu: 0.00 | epoch: 1 pq: 27 rg: 64 | total time: 57.66m | eta: 3.7m
step 02371/02520 (94.09%) | loss: 2.841593 | lrm: 0.14 | dt: 1459.52ms | tok/sec: 359,219 | bf16_mfu: 0.00 | epoch: 1 pq: 27 rg: 65 | total time: 57.68m | eta: 3.6m
step 02372/02520 (94.13%) | loss: 2.826496 | lrm: 0.14 | dt: 1456.78ms | tok/sec: 359,893 | bf16_mfu: 0.00 | epoch: 1 pq: 27 rg: 66 | total time: 57.71m | eta: 3.6m
step 02373/02520 (94.17%) | loss: 2.828595 | lrm: 0.14 | dt: 1475.99ms | tok/sec: 355,210 | bf16_mfu: 0.00 | epoch: 1 pq: 27 rg: 67 | total time: 57.73m | eta: 3.6m
step 02374/02520 (94.21%) | loss: 2.830925 | lrm: 0.13 | dt: 1469.31ms | tok/sec: 356,825 | bf16_mfu: 0.00 | epoch: 1 pq: 27 rg: 68 | total time: 57.76m | eta: 3.6m
step 02375/02520 (94.25%) | loss: 2.841829 | lrm: 0.13 | dt: 1472.11ms | tok/sec: 356,147 | bf16_mfu: 0.00 | epoch: 1 pq: 27 rg: 69 | total time: 57.78m | eta: 3.5m
step 02376/02520 (94.29%) | loss: 2.842875 | lrm: 0.13 | dt: 1465.78ms | tok/sec: 357,684 | bf16_mfu: 0.00 | epoch: 1 pq: 27 rg: 70 | total time: 57.81m | eta: 3.5m
step 02377/02520 (94.33%) | loss: 2.831589 | lrm: 0.13 | dt: 1478.83ms | tok/sec: 354,529 | bf16_mfu: 0.00 | epoch: 1 pq: 27 rg: 71 | total time: 57.83m | eta: 3.5m
step 02378/02520 (94.37%) | loss: 2.837882 | lrm: 0.13 | dt: 1482.33ms | tok/sec: 353,692 | bf16_mfu: 0.00 | epoch: 1 pq: 27 rg: 72 | total time: 57.85m | eta: 3.5m
step 02379/02520 (94.40%) | loss: 2.847014 | lrm: 0.13 | dt: 1480.00ms | tok/sec: 354,249 | bf16_mfu: 0.00 | epoch: 1 pq: 27 rg: 73 | total time: 57.88m | eta: 3.4m
step 02380/02520 (94.44%) | loss: 2.829199 | lrm: 0.13 | dt: 1521.91ms | tok/sec: 344,492 | bf16_mfu: 0.00 | epoch: 1 pq: 27 rg: 74 | total time: 57.90m | eta: 3.4m
step 02381/02520 (94.48%) | loss: 2.816846 | lrm: 0.13 | dt: 1474.69ms | tok/sec: 355,523 | bf16_mfu: 0.00 | epoch: 1 pq: 27 rg: 75 | total time: 57.93m | eta: 3.4m
step 02382/02520 (94.52%) | loss: 2.819683 | lrm: 0.13 | dt: 1476.69ms | tok/sec: 355,042 | bf16_mfu: 0.00 | epoch: 1 pq: 27 rg: 76 | total time: 57.95m | eta: 3.4m
step 02383/02520 (94.56%) | loss: 2.811176 | lrm: 0.13 | dt: 1462.13ms | tok/sec: 358,577 | bf16_mfu: 0.00 | epoch: 1 pq: 27 rg: 77 | total time: 57.98m | eta: 3.3m
step 02384/02520 (94.60%) | loss: 2.813456 | lrm: 0.13 | dt: 1476.69ms | tok/sec: 355,042 | bf16_mfu: 0.00 | epoch: 1 pq: 27 rg: 78 | total time: 58.00m | eta: 3.3m
step 02385/02520 (94.64%) | loss: 2.806773 | lrm: 0.13 | dt: 1481.82ms | tok/sec: 353,813 | bf16_mfu: 0.00 | epoch: 1 pq: 27 rg: 79 | total time: 58.03m | eta: 3.3m
step 02386/02520 (94.68%) | loss: 2.803868 | lrm: 0.13 | dt: 1483.77ms | tok/sec: 353,348 | bf16_mfu: 0.00 | epoch: 1 pq: 27 rg: 80 | total time: 58.05m | eta: 3.3m
step 02387/02520 (94.72%) | loss: 2.813741 | lrm: 0.13 | dt: 1468.87ms | tok/sec: 356,933 | bf16_mfu: 0.00 | epoch: 1 pq: 27 rg: 81 | total time: 58.08m | eta: 3.2m
step 02388/02520 (94.76%) | loss: 2.821664 | lrm: 0.13 | dt: 1460.95ms | tok/sec: 358,867 | bf16_mfu: 0.00 | epoch: 1 pq: 28 rg: 0 | total time: 58.10m | eta: 3.2m
step 02389/02520 (94.80%) | loss: 2.820138 | lrm: 0.13 | dt: 1460.69ms | tok/sec: 358,931 | bf16_mfu: 0.00 | epoch: 1 pq: 28 rg: 1 | total time: 58.13m | eta: 3.2m
step 02390/02520 (94.84%) | loss: 2.831711 | lrm: 0.13 | dt: 1474.06ms | tok/sec: 355,676 | bf16_mfu: 0.00 | epoch: 1 pq: 28 rg: 2 | total time: 58.15m | eta: 3.2m
step 02391/02520 (94.88%) | loss: 2.821684 | lrm: 0.12 | dt: 1456.61ms | tok/sec: 359,936 | bf16_mfu: 0.00 | epoch: 1 pq: 28 rg: 3 | total time: 58.17m | eta: 3.2m
step 02392/02520 (94.92%) | loss: 2.814407 | lrm: 0.12 | dt: 1464.68ms | tok/sec: 357,953 | bf16_mfu: 0.00 | epoch: 1 pq: 28 rg: 4 | total time: 58.20m | eta: 3.1m
step 02393/02520 (94.96%) | loss: 2.822537 | lrm: 0.12 | dt: 1475.81ms | tok/sec: 355,255 | bf16_mfu: 0.00 | epoch: 1 pq: 28 rg: 5 | total time: 58.22m | eta: 3.1m
2026-09-27 16:24:51,753 - nanochat.checkpoint_manager - [32m[1mINFO[0m - Saved model parameters to: /home/neo/.cache/nanochat/base_checkpoints/looped_B8_lr1_lr1_h1.0_s0/model_002394.pt
2026-09-27 16:24:52,213 - nanochat.checkpoint_manager - [32m[1mINFO[0m - Saved optimizer state to: /home/neo/.cache/nanochat/base_checkpoints/looped_B8_lr1_lr1_h1.0_s0/optim_002394_rank0.pt
2026-09-27 16:24:52,215 - nanochat.checkpoint_manager - [32m[1mINFO[0m - Saved metadata to: /home/neo/.cache/nanochat/base_checkpoints/looped_B8_lr1_lr1_h1.0_s0/meta_002394.json
step 02394/02520 (95.00%) | loss: 2.830958 | lrm: 0.12 | dt: 1443.27ms | tok/sec: 363,264 | bf16_mfu: 0.00 | epoch: 1 pq: 28 rg: 6 | total time: 58.25m | eta: 3.1m
step 02395/02520 (95.04%) | loss: 2.827443 | lrm: 0.12 | dt: 1466.79ms | tok/sec: 357,439 | bf16_mfu: 0.00 | epoch: 1 pq: 28 rg: 7 | total time: 58.27m | eta: 3.1m
step 02396/02520 (95.08%) | loss: 2.815739 | lrm: 0.12 | dt: 1455.01ms | tok/sec: 360,332 | bf16_mfu: 0.00 | epoch: 1 pq: 28 rg: 8 | total time: 58.30m | eta: 3.0m
step 02397/02520 (95.12%) | loss: 2.821484 | lrm: 0.12 | dt: 1467.74ms | tok/sec: 357,207 | bf16_mfu: 0.00 | epoch: 1 pq: 28 rg: 8 | total time: 58.32m | eta: 3.0m
step 02398/02520 (95.16%) | loss: 2.824045 | lrm: 0.12 | dt: 1479.82ms | tok/sec: 354,292 | bf16_mfu: 0.00 | epoch: 1 pq: 28 rg: 9 | total time: 58.35m | eta: 3.0m
step 02399/02520 (95.20%) | loss: 2.816981 | lrm: 0.12 | dt: 1483.79ms | tok/sec: 353,344 | bf16_mfu: 0.00 | epoch: 1 pq: 28 rg: 10 | total time: 58.37m | eta: 3.0m
step 02400/02520 (95.24%) | loss: 2.814855 | lrm: 0.12 | dt: 1466.27ms | tok/sec: 357,565 | bf16_mfu: 0.00 | epoch: 1 pq: 28 rg: 11 | total time: 58.39m | eta: 2.9m
step 02401/02520 (95.28%) | loss: 2.813023 | lrm: 0.12 | dt: 1472.35ms | tok/sec: 356,090 | bf16_mfu: 0.00 | epoch: 1 pq: 28 rg: 12 | total time: 58.42m | eta: 2.9m
step 02402/02520 (95.32%) | loss: 2.807117 | lrm: 0.12 | dt: 1479.91ms | tok/sec: 354,269 | bf16_mfu: 0.00 | epoch: 1 pq: 28 rg: 13 | total time: 58.44m | eta: 2.9m
step 02403/02520 (95.36%) | loss: 2.807507 | lrm: 0.12 | dt: 1454.06ms | tok/sec: 360,568 | bf16_mfu: 0.00 | epoch: 1 pq: 28 rg: 14 | total time: 58.47m | eta: 2.9m
step 02404/02520 (95.40%) | loss: 2.810767 | lrm: 0.12 | dt: 1455.81ms | tok/sec: 360,133 | bf16_mfu: 0.00 | epoch: 1 pq: 28 rg: 15 | total time: 58.49m | eta: 2.8m
step 02405/02520 (95.44%) | loss: 2.808510 | lrm: 0.12 | dt: 1456.76ms | tok/sec: 359,898 | bf16_mfu: 0.00 | epoch: 1 pq: 28 rg: 16 | total time: 58.52m | eta: 2.8m
step 02406/02520 (95.48%) | loss: 2.800921 | lrm: 0.12 | dt: 1457.94ms | tok/sec: 359,607 | bf16_mfu: 0.00 | epoch: 1 pq: 28 rg: 17 | total time: 58.54m | eta: 2.8m
step 02407/02520 (95.52%) | loss: 2.812803 | lrm: 0.12 | dt: 1456.61ms | tok/sec: 359,936 | bf16_mfu: 0.00 | epoch: 1 pq: 28 rg: 18 | total time: 58.56m | eta: 2.8m
step 02408/02520 (95.56%) | loss: 2.803463 | lrm: 0.11 | dt: 1463.69ms | tok/sec: 358,195 | bf16_mfu: 0.00 | epoch: 1 pq: 28 rg: 19 | total time: 58.59m | eta: 2.7m
step 02409/02520 (95.60%) | loss: 2.809669 | lrm: 0.11 | dt: 1456.87ms | tok/sec: 359,871 | bf16_mfu: 0.00 | epoch: 1 pq: 28 rg: 20 | total time: 58.61m | eta: 2.7m
step 02410/02520 (95.63%) | loss: 2.792401 | lrm: 0.11 | dt: 1472.76ms | tok/sec: 355,989 | bf16_mfu: 0.00 | epoch: 1 pq: 28 rg: 21 | total time: 58.64m | eta: 2.7m
step 02411/02520 (95.67%) | loss: 2.800803 | lrm: 0.11 | dt: 1511.61ms | tok/sec: 346,840 | bf16_mfu: 0.00 | epoch: 1 pq: 28 rg: 22 | total time: 58.66m | eta: 2.7m
step 02412/02520 (95.71%) | loss: 2.816777 | lrm: 0.11 | dt: 1472.98ms | tok/sec: 355,935 | bf16_mfu: 0.00 | epoch: 1 pq: 28 rg: 23 | total time: 58.69m | eta: 2.6m
step 02413/02520 (95.75%) | loss: 2.821398 | lrm: 0.11 | dt: 1503.25ms | tok/sec: 348,769 | bf16_mfu: 0.00 | epoch: 1 pq: 28 rg: 24 | total time: 58.71m | eta: 2.6m
step 02414/02520 (95.79%) | loss: 2.831015 | lrm: 0.11 | dt: 1459.18ms | tok/sec: 359,303 | bf16_mfu: 0.00 | epoch: 1 pq: 28 rg: 25 | total time: 58.74m | eta: 2.6m
step 02415/02520 (95.83%) | loss: 2.837079 | lrm: 0.11 | dt: 1466.79ms | tok/sec: 357,438 | bf16_mfu: 0.00 | epoch: 1 pq: 28 rg: 26 | total time: 58.76m | eta: 2.6m
step 02416/02520 (95.87%) | loss: 2.844629 | lrm: 0.11 | dt: 1471.21ms | tok/sec: 356,365 | bf16_mfu: 0.00 | epoch: 1 pq: 28 rg: 27 | total time: 58.79m | eta: 2.5m
step 02417/02520 (95.91%) | loss: 2.845539 | lrm: 0.11 | dt: 1461.49ms | tok/sec: 358,734 | bf16_mfu: 0.00 | epoch: 1 pq: 28 rg: 28 | total time: 58.81m | eta: 2.5m
step 02418/02520 (95.95%) | loss: 2.856618 | lrm: 0.11 | dt: 1474.26ms | tok/sec: 355,628 | bf16_mfu: 0.00 | epoch: 1 pq: 28 rg: 29 | total time: 58.84m | eta: 2.5m
step 02419/02520 (95.99%) | loss: 2.857246 | lrm: 0.11 | dt: 1465.70ms | tok/sec: 357,703 | bf16_mfu: 0.00 | epoch: 1 pq: 28 rg: 30 | total time: 58.86m | eta: 2.5m
step 02420/02520 (96.03%) | loss: 2.849744 | lrm: 0.11 | dt: 1471.43ms | tok/sec: 356,312 | bf16_mfu: 0.00 | epoch: 1 pq: 28 rg: 31 | total time: 58.88m | eta: 2.4m
step 02421/02520 (96.07%) | loss: 2.847494 | lrm: 0.11 | dt: 1479.52ms | tok/sec: 354,363 | bf16_mfu: 0.00 | epoch: 1 pq: 28 rg: 32 | total time: 58.91m | eta: 2.4m
step 02422/02520 (96.11%) | loss: 2.850612 | lrm: 0.11 | dt: 1493.71ms | tok/sec: 350,996 | bf16_mfu: 0.00 | epoch: 1 pq: 28 rg: 33 | total time: 58.93m | eta: 2.4m
step 02423/02520 (96.15%) | loss: 2.849376 | lrm: 0.11 | dt: 1456.36ms | tok/sec: 359,998 | bf16_mfu: 0.00 | epoch: 1 pq: 28 rg: 34 | total time: 58.96m | eta: 2.4m
step 02424/02520 (96.19%) | loss: 2.854113 | lrm: 0.11 | dt: 1457.75ms | tok/sec: 359,656 | bf16_mfu: 0.00 | epoch: 1 pq: 28 rg: 35 | total time: 58.98m | eta: 2.3m
step 02425/02520 (96.23%) | loss: 2.841524 | lrm: 0.11 | dt: 1457.10ms | tok/sec: 359,815 | bf16_mfu: 0.00 | epoch: 1 pq: 28 rg: 35 | total time: 59.01m | eta: 2.3m
step 02426/02520 (96.27%) | loss: 2.849353 | lrm: 0.10 | dt: 1457.68ms | tok/sec: 359,673 | bf16_mfu: 0.00 | epoch: 1 pq: 28 rg: 36 | total time: 59.03m | eta: 2.3m
step 02427/02520 (96.31%) | loss: 2.847457 | lrm: 0.10 | dt: 1457.37ms | tok/sec: 359,748 | bf16_mfu: 0.00 | epoch: 1 pq: 28 rg: 37 | total time: 59.06m | eta: 2.3m
step 02428/02520 (96.35%) | loss: 2.841807 | lrm: 0.10 | dt: 1457.74ms | tok/sec: 359,659 | bf16_mfu: 0.00 | epoch: 1 pq: 28 rg: 38 | total time: 59.08m | eta: 2.2m
step 02429/02520 (96.39%) | loss: 2.843248 | lrm: 0.10 | dt: 1458.07ms | tok/sec: 359,577 | bf16_mfu: 0.00 | epoch: 1 pq: 28 rg: 39 | total time: 59.10m | eta: 2.2m
step 02430/02520 (96.43%) | loss: 2.835981 | lrm: 0.10 | dt: 1458.37ms | tok/sec: 359,503 | bf16_mfu: 0.00 | epoch: 1 pq: 28 rg: 40 | total time: 59.13m | eta: 2.2m
step 02431/02520 (96.47%) | loss: 2.833530 | lrm: 0.10 | dt: 1458.67ms | tok/sec: 359,428 | bf16_mfu: 0.00 | epoch: 1 pq: 28 rg: 41 | total time: 59.15m | eta: 2.2m
step 02432/02520 (96.51%) | loss: 2.842205 | lrm: 0.10 | dt: 1470.80ms | tok/sec: 356,464 | bf16_mfu: 0.00 | epoch: 1 pq: 28 rg: 42 | total time: 59.18m | eta: 2.2m
step 02433/02520 (96.55%) | loss: 2.837244 | lrm: 0.10 | dt: 1473.22ms | tok/sec: 355,878 | bf16_mfu: 0.00 | epoch: 1 pq: 28 rg: 43 | total time: 59.20m | eta: 2.1m
step 02434/02520 (96.59%) | loss: 2.838509 | lrm: 0.10 | dt: 1501.78ms | tok/sec: 349,111 | bf16_mfu: 0.00 | epoch: 1 pq: 28 rg: 44 | total time: 59.23m | eta: 2.1m
step 02435/02520 (96.63%) | loss: 2.850771 | lrm: 0.10 | dt: 1503.23ms | tok/sec: 348,775 | bf16_mfu: 0.00 | epoch: 1 pq: 28 rg: 45 | total time: 59.25m | eta: 2.1m
step 02436/02520 (96.67%) | loss: 2.859772 | lrm: 0.10 | dt: 1491.82ms | tok/sec: 351,441 | bf16_mfu: 0.00 | epoch: 1 pq: 28 rg: 46 | total time: 59.28m | eta: 2.1m
step 02437/02520 (96.71%) | loss: 2.859551 | lrm: 0.10 | dt: 1473.83ms | tok/sec: 355,731 | bf16_mfu: 0.00 | epoch: 1 pq: 28 rg: 47 | total time: 59.30m | eta: 2.0m
step 02438/02520 (96.75%) | loss: 2.839210 | lrm: 0.10 | dt: 1468.63ms | tok/sec: 356,992 | bf16_mfu: 0.00 | epoch: 1 pq: 28 rg: 48 | total time: 59.33m | eta: 2.0m
step 02439/02520 (96.79%) | loss: 2.830496 | lrm: 0.10 | dt: 1496.62ms | tok/sec: 350,313 | bf16_mfu: 0.00 | epoch: 1 pq: 28 rg: 49 | total time: 59.35m | eta: 2.0m
step 02440/02520 (96.83%) | loss: 2.834670 | lrm: 0.10 | dt: 1460.61ms | tok/sec: 358,951 | bf16_mfu: 0.00 | epoch: 1 pq: 28 rg: 50 | total time: 59.37m | eta: 2.0m
step 02441/02520 (96.87%) | loss: 2.833468 | lrm: 0.10 | dt: 1460.60ms | tok/sec: 358,954 | bf16_mfu: 0.00 | epoch: 1 pq: 28 rg: 51 | total time: 59.40m | eta: 1.9m
step 02442/02520 (96.90%) | loss: 2.828258 | lrm: 0.10 | dt: 1461.42ms | tok/sec: 358,753 | bf16_mfu: 0.00 | epoch: 1 pq: 28 rg: 52 | total time: 59.42m | eta: 1.9m
step 02443/02520 (96.94%) | loss: 2.832314 | lrm: 0.09 | dt: 1471.48ms | tok/sec: 356,298 | bf16_mfu: 0.00 | epoch: 1 pq: 28 rg: 53 | total time: 59.45m | eta: 1.9m
step 02444/02520 (96.98%) | loss: 2.824539 | lrm: 0.09 | dt: 1506.80ms | tok/sec: 347,947 | bf16_mfu: 0.00 | epoch: 1 pq: 28 rg: 54 | total time: 59.47m | eta: 1.9m
step 02445/02520 (97.02%) | loss: 2.826338 | lrm: 0.09 | dt: 1475.79ms | tok/sec: 355,258 | bf16_mfu: 0.00 | epoch: 1 pq: 28 rg: 55 | total time: 59.50m | eta: 1.8m
step 02446/02520 (97.06%) | loss: 2.819151 | lrm: 0.09 | dt: 1478.89ms | tok/sec: 354,514 | bf16_mfu: 0.00 | epoch: 1 pq: 28 rg: 56 | total time: 59.52m | eta: 1.8m
step 02447/02520 (97.10%) | loss: 2.832386 | lrm: 0.09 | dt: 1511.67ms | tok/sec: 346,827 | bf16_mfu: 0.00 | epoch: 1 pq: 28 rg: 57 | total time: 59.55m | eta: 1.8m
step 02448/02520 (97.14%) | loss: 2.833684 | lrm: 0.09 | dt: 1500.67ms | tok/sec: 349,368 | bf16_mfu: 0.00 | epoch: 1 pq: 28 rg: 58 | total time: 59.57m | eta: 1.8m
step 02449/02520 (97.18%) | loss: 2.835712 | lrm: 0.09 | dt: 1490.58ms | tok/sec: 351,734 | bf16_mfu: 0.00 | epoch: 1 pq: 28 rg: 59 | total time: 59.60m | eta: 1.7m
step 02450/02520 (97.22%) | loss: 2.837416 | lrm: 0.09 | dt: 1483.35ms | tok/sec: 353,448 | bf16_mfu: 0.00 | epoch: 1 pq: 28 rg: 60 | total time: 59.62m | eta: 1.7m
step 02451/02520 (97.26%) | loss: 2.838858 | lrm: 0.09 | dt: 1485.07ms | tok/sec: 353,039 | bf16_mfu: 0.00 | epoch: 1 pq: 28 rg: 61 | total time: 59.65m | eta: 1.7m
step 02452/02520 (97.30%) | loss: 2.834192 | lrm: 0.09 | dt: 1485.42ms | tok/sec: 352,956 | bf16_mfu: 0.00 | epoch: 1 pq: 28 rg: 62 | total time: 59.67m | eta: 1.7m
step 02453/02520 (97.34%) | loss: 2.837973 | lrm: 0.09 | dt: 1461.80ms | tok/sec: 358,659 | bf16_mfu: 0.00 | epoch: 1 pq: 28 rg: 63 | total time: 59.70m | eta: 1.6m
step 02454/02520 (97.38%) | loss: 2.849935 | lrm: 0.09 | dt: 1458.82ms | tok/sec: 359,392 | bf16_mfu: 0.00 | epoch: 1 pq: 28 rg: 64 | total time: 59.72m | eta: 1.6m
step 02455/02520 (97.42%) | loss: 2.850244 | lrm: 0.09 | dt: 1457.65ms | tok/sec: 359,680 | bf16_mfu: 0.00 | epoch: 1 pq: 28 rg: 65 | total time: 59.74m | eta: 1.6m
step 02456/02520 (97.46%) | loss: 2.852595 | lrm: 0.09 | dt: 1492.77ms | tok/sec: 351,217 | bf16_mfu: 0.00 | epoch: 1 pq: 28 rg: 66 | total time: 59.77m | eta: 1.6m
step 02457/02520 (97.50%) | loss: 2.850742 | lrm: 0.09 | dt: 1493.74ms | tok/sec: 350,989 | bf16_mfu: 0.00 | epoch: 1 pq: 28 rg: 66 | total time: 59.79m | eta: 1.5m
step 02458/02520 (97.54%) | loss: 2.851037 | lrm: 0.09 | dt: 1479.75ms | tok/sec: 354,307 | bf16_mfu: 0.00 | epoch: 1 pq: 28 rg: 67 | total time: 59.82m | eta: 1.5m
step 02459/02520 (97.58%) | loss: 2.855997 | lrm: 0.09 | dt: 1469.70ms | tok/sec: 356,732 | bf16_mfu: 0.00 | epoch: 1 pq: 28 rg: 68 | total time: 59.84m | eta: 1.5m
step 02460/02520 (97.62%) | loss: 2.850393 | lrm: 0.08 | dt: 1464.71ms | tok/sec: 357,946 | bf16_mfu: 0.00 | epoch: 1 pq: 28 rg: 69 | total time: 59.87m | eta: 1.5m
step 02461/02520 (97.66%) | loss: 2.844807 | lrm: 0.08 | dt: 1469.10ms | tok/sec: 356,877 | bf16_mfu: 0.00 | epoch: 1 pq: 28 rg: 70 | total time: 59.89m | eta: 1.4m
step 02462/02520 (97.70%) | loss: 2.840008 | lrm: 0.08 | dt: 1466.91ms | tok/sec: 357,410 | bf16_mfu: 0.00 | epoch: 1 pq: 28 rg: 71 | total time: 59.92m | eta: 1.4m
step 02463/02520 (97.74%) | loss: 2.833645 | lrm: 0.08 | dt: 1460.90ms | tok/sec: 358,881 | bf16_mfu: 0.00 | epoch: 1 pq: 28 rg: 72 | total time: 59.94m | eta: 1.4m
step 02464/02520 (97.78%) | loss: 2.847608 | lrm: 0.08 | dt: 1471.54ms | tok/sec: 356,286 | bf16_mfu: 0.00 | epoch: 1 pq: 28 rg: 73 | total time: 59.97m | eta: 1.4m
step 02465/02520 (97.82%) | loss: 2.852224 | lrm: 0.08 | dt: 1469.82ms | tok/sec: 356,702 | bf16_mfu: 0.00 | epoch: 1 pq: 28 rg: 74 | total time: 59.99m | eta: 1.3m
step 02466/02520 (97.86%) | loss: 2.857317 | lrm: 0.08 | dt: 1465.49ms | tok/sec: 357,756 | bf16_mfu: 0.00 | epoch: 1 pq: 28 rg: 75 | total time: 60.01m | eta: 1.3m
step 02467/02520 (97.90%) | loss: 2.858404 | lrm: 0.08 | dt: 1458.60ms | tok/sec: 359,447 | bf16_mfu: 0.00 | epoch: 1 pq: 28 rg: 76 | total time: 60.04m | eta: 1.3m
step 02468/02520 (97.94%) | loss: 2.862348 | lrm: 0.08 | dt: 1468.34ms | tok/sec: 357,061 | bf16_mfu: 0.00 | epoch: 1 pq: 28 rg: 77 | total time: 60.06m | eta: 1.3m
step 02469/02520 (97.98%) | loss: 2.862721 | lrm: 0.08 | dt: 1480.46ms | tok/sec: 354,138 | bf16_mfu: 0.00 | epoch: 1 pq: 28 rg: 78 | total time: 60.09m | eta: 1.2m
step 02470/02520 (98.02%) | loss: 2.867827 | lrm: 0.08 | dt: 1471.39ms | tok/sec: 356,321 | bf16_mfu: 0.00 | epoch: 1 pq: 28 rg: 79 | total time: 60.11m | eta: 1.2m
step 02471/02520 (98.06%) | loss: 2.865202 | lrm: 0.08 | dt: 1472.47ms | tok/sec: 356,059 | bf16_mfu: 0.00 | epoch: 1 pq: 28 rg: 80 | total time: 60.14m | eta: 1.2m
step 02472/02520 (98.10%) | loss: 2.865780 | lrm: 0.08 | dt: 1504.83ms | tok/sec: 348,404 | bf16_mfu: 0.00 | epoch: 1 pq: 28 rg: 81 | total time: 60.16m | eta: 1.2m
step 02473/02520 (98.13%) | loss: 2.867038 | lrm: 0.08 | dt: 1496.57ms | tok/sec: 350,327 | bf16_mfu: 0.00 | epoch: 1 pq: 28 rg: 82 | total time: 60.19m | eta: 1.1m
step 02474/02520 (98.17%) | loss: 2.865800 | lrm: 0.08 | dt: 1502.72ms | tok/sec: 348,892 | bf16_mfu: 0.00 | epoch: 1 pq: 29 rg: 0 | total time: 60.21m | eta: 1.1m
step 02475/02520 (98.21%) | loss: 2.868607 | lrm: 0.08 | dt: 1494.77ms | tok/sec: 350,748 | bf16_mfu: 0.00 | epoch: 1 pq: 29 rg: 1 | total time: 60.24m | eta: 1.1m
step 02476/02520 (98.25%) | loss: 2.866631 | lrm: 0.08 | dt: 1495.47ms | tok/sec: 350,583 | bf16_mfu: 0.00 | epoch: 1 pq: 29 rg: 2 | total time: 60.26m | eta: 1.1m
step 02477/02520 (98.29%) | loss: 2.869995 | lrm: 0.07 | dt: 1466.65ms | tok/sec: 357,472 | bf16_mfu: 0.00 | epoch: 1 pq: 29 rg: 3 | total time: 60.29m | eta: 1.1m
step 02478/02520 (98.33%) | loss: 2.851841 | lrm: 0.07 | dt: 1473.79ms | tok/sec: 355,741 | bf16_mfu: 0.00 | epoch: 1 pq: 29 rg: 4 | total time: 60.31m | eta: 1.0m
step 02479/02520 (98.37%) | loss: 2.844370 | lrm: 0.07 | dt: 1458.15ms | tok/sec: 359,557 | bf16_mfu: 0.00 | epoch: 1 pq: 29 rg: 5 | total time: 60.34m | eta: 1.0m
step 02480/02520 (98.41%) | loss: 2.847785 | lrm: 0.07 | dt: 1459.37ms | tok/sec: 359,257 | bf16_mfu: 0.00 | epoch: 1 pq: 29 rg: 6 | total time: 60.36m | eta: 1.0m
step 02481/02520 (98.45%) | loss: 2.848927 | lrm: 0.07 | dt: 1491.19ms | tok/sec: 351,589 | bf16_mfu: 0.00 | epoch: 1 pq: 29 rg: 7 | total time: 60.38m | eta: 1.0m
step 02482/02520 (98.49%) | loss: 2.855754 | lrm: 0.07 | dt: 1480.47ms | tok/sec: 354,135 | bf16_mfu: 0.00 | epoch: 1 pq: 29 rg: 8 | total time: 60.41m | eta: 0.9m
step 02483/02520 (98.53%) | loss: 2.855179 | lrm: 0.07 | dt: 1495.04ms | tok/sec: 350,685 | bf16_mfu: 0.00 | epoch: 1 pq: 29 rg: 9 | total time: 60.43m | eta: 0.9m
step 02484/02520 (98.57%) | loss: 2.855076 | lrm: 0.07 | dt: 1488.93ms | tok/sec: 352,123 | bf16_mfu: 0.00 | epoch: 1 pq: 29 rg: 10 | total time: 60.46m | eta: 0.9m
step 02485/02520 (98.61%) | loss: 2.853709 | lrm: 0.07 | dt: 1506.45ms | tok/sec: 348,029 | bf16_mfu: 0.00 | epoch: 1 pq: 29 rg: 11 | total time: 60.48m | eta: 0.9m
step 02486/02520 (98.65%) | loss: 2.854649 | lrm: 0.07 | dt: 1455.88ms | tok/sec: 360,118 | bf16_mfu: 0.00 | epoch: 1 pq: 29 rg: 12 | total time: 60.51m | eta: 0.8m
step 02487/02520 (98.69%) | loss: 2.856056 | lrm: 0.07 | dt: 1479.93ms | tok/sec: 354,265 | bf16_mfu: 0.00 | epoch: 1 pq: 29 rg: 13 | total time: 60.53m | eta: 0.8m
step 02488/02520 (98.73%) | loss: 2.861064 | lrm: 0.07 | dt: 1473.47ms | tok/sec: 355,817 | bf16_mfu: 0.00 | epoch: 1 pq: 29 rg: 14 | total time: 60.56m | eta: 0.8m
step 02489/02520 (98.77%) | loss: 2.864290 | lrm: 0.07 | dt: 1499.89ms | tok/sec: 349,550 | bf16_mfu: 0.00 | epoch: 1 pq: 29 rg: 15 | total time: 60.58m | eta: 0.8m
step 02490/02520 (98.81%) | loss: 2.863570 | lrm: 0.07 | dt: 1488.80ms | tok/sec: 352,154 | bf16_mfu: 0.00 | epoch: 1 pq: 29 rg: 16 | total time: 60.61m | eta: 0.7m
step 02491/02520 (98.85%) | loss: 2.859579 | lrm: 0.07 | dt: 1498.77ms | tok/sec: 349,813 | bf16_mfu: 0.00 | epoch: 1 pq: 29 rg: 16 | total time: 60.63m | eta: 0.7m
step 02492/02520 (98.89%) | loss: 2.847573 | lrm: 0.07 | dt: 1489.61ms | tok/sec: 351,963 | bf16_mfu: 0.00 | epoch: 1 pq: 29 rg: 17 | total time: 60.66m | eta: 0.7m
step 02493/02520 (98.93%) | loss: 2.836562 | lrm: 0.07 | dt: 1497.30ms | tok/sec: 350,156 | bf16_mfu: 0.00 | epoch: 1 pq: 29 rg: 18 | total time: 60.68m | eta: 0.7m
step 02494/02520 (98.97%) | loss: 2.833582 | lrm: 0.07 | dt: 1495.03ms | tok/sec: 350,687 | bf16_mfu: 0.00 | epoch: 1 pq: 29 rg: 19 | total time: 60.71m | eta: 0.6m
step 02495/02520 (99.01%) | loss: 2.844228 | lrm: 0.06 | dt: 1490.11ms | tok/sec: 351,844 | bf16_mfu: 0.00 | epoch: 1 pq: 29 rg: 20 | total time: 60.73m | eta: 0.6m
step 02496/02520 (99.05%) | loss: 2.850449 | lrm: 0.06 | dt: 1497.62ms | tok/sec: 350,081 | bf16_mfu: 0.00 | epoch: 1 pq: 29 rg: 21 | total time: 60.76m | eta: 0.6m
step 02497/02520 (99.09%) | loss: 2.845828 | lrm: 0.06 | dt: 1480.96ms | tok/sec: 354,017 | bf16_mfu: 0.00 | epoch: 1 pq: 29 rg: 22 | total time: 60.78m | eta: 0.6m
step 02498/02520 (99.13%) | loss: 2.841424 | lrm: 0.06 | dt: 1495.28ms | tok/sec: 350,629 | bf16_mfu: 0.00 | epoch: 1 pq: 29 rg: 23 | total time: 60.81m | eta: 0.5m
step 02499/02520 (99.17%) | loss: 2.850906 | lrm: 0.06 | dt: 1463.27ms | tok/sec: 358,297 | bf16_mfu: 0.00 | epoch: 1 pq: 29 rg: 24 | total time: 60.83m | eta: 0.5m
Step 02500 | Validation bpb: 0.868496
step 02500/02520 (99.21%) | loss: 2.837297 | lrm: 0.06 | dt: 1441.50ms | tok/sec: 363,711 | bf16_mfu: 0.00 | epoch: 1 pq: 29 rg: 25 | total time: 60.85m | eta: 0.5m
step 02501/02520 (99.25%) | loss: 2.853058 | lrm: 0.06 | dt: 1446.28ms | tok/sec: 362,506 | bf16_mfu: 0.00 | epoch: 1 pq: 29 rg: 26 | total time: 60.88m | eta: 0.5m
step 02502/02520 (99.29%) | loss: 2.860361 | lrm: 0.06 | dt: 1461.47ms | tok/sec: 358,741 | bf16_mfu: 0.00 | epoch: 1 pq: 29 rg: 27 | total time: 60.90m | eta: 0.4m
step 02503/02520 (99.33%) | loss: 2.847743 | lrm: 0.06 | dt: 1468.92ms | tok/sec: 356,921 | bf16_mfu: 0.00 | epoch: 1 pq: 29 rg: 28 | total time: 60.93m | eta: 0.4m
step 02504/02520 (99.37%) | loss: 2.853876 | lrm: 0.06 | dt: 1478.47ms | tok/sec: 354,614 | bf16_mfu: 0.00 | epoch: 1 pq: 29 rg: 29 | total time: 60.95m | eta: 0.4m
step 02505/02520 (99.40%) | loss: 2.847864 | lrm: 0.06 | dt: 1510.45ms | tok/sec: 347,106 | bf16_mfu: 0.00 | epoch: 1 pq: 29 rg: 30 | total time: 60.98m | eta: 0.4m
step 02506/02520 (99.44%) | loss: 2.849017 | lrm: 0.06 | dt: 1503.19ms | tok/sec: 348,784 | bf16_mfu: 0.00 | epoch: 1 pq: 29 rg: 31 | total time: 61.00m | eta: 0.3m
step 02507/02520 (99.48%) | loss: 2.849578 | lrm: 0.06 | dt: 1462.43ms | tok/sec: 358,505 | bf16_mfu: 0.00 | epoch: 1 pq: 29 rg: 32 | total time: 61.03m | eta: 0.3m
step 02508/02520 (99.52%) | loss: 2.835331 | lrm: 0.06 | dt: 1449.87ms | tok/sec: 361,609 | bf16_mfu: 0.00 | epoch: 1 pq: 29 rg: 33 | total time: 61.05m | eta: 0.3m
step 02509/02520 (99.56%) | loss: 2.834210 | lrm: 0.06 | dt: 1449.66ms | tok/sec: 361,661 | bf16_mfu: 0.00 | epoch: 1 pq: 29 rg: 34 | total time: 61.08m | eta: 0.3m
step 02510/02520 (99.60%) | loss: 2.828525 | lrm: 0.06 | dt: 1480.81ms | tok/sec: 354,055 | bf16_mfu: 0.00 | epoch: 1 pq: 29 rg: 35 | total time: 61.10m | eta: 0.2m
step 02511/02520 (99.64%) | loss: 2.833470 | lrm: 0.06 | dt: 1458.14ms | tok/sec: 359,559 | bf16_mfu: 0.00 | epoch: 1 pq: 29 rg: 36 | total time: 61.12m | eta: 0.2m
step 02512/02520 (99.68%) | loss: 2.842685 | lrm: 0.05 | dt: 1473.77ms | tok/sec: 355,745 | bf16_mfu: 0.00 | epoch: 1 pq: 29 rg: 37 | total time: 61.15m | eta: 0.2m
step 02513/02520 (99.72%) | loss: 2.841917 | lrm: 0.05 | dt: 1491.82ms | tok/sec: 351,442 | bf16_mfu: 0.00 | epoch: 1 pq: 29 rg: 38 | total time: 61.17m | eta: 0.2m
step 02514/02520 (99.76%) | loss: 2.843377 | lrm: 0.05 | dt: 1451.06ms | tok/sec: 361,312 | bf16_mfu: 0.00 | epoch: 1 pq: 29 rg: 39 | total time: 61.20m | eta: 0.1m
step 02515/02520 (99.80%) | loss: 2.846690 | lrm: 0.05 | dt: 1478.25ms | tok/sec: 354,668 | bf16_mfu: 0.00 | epoch: 1 pq: 29 rg: 40 | total time: 61.22m | eta: 0.1m
step 02516/02520 (99.84%) | loss: 2.842323 | lrm: 0.05 | dt: 1483.75ms | tok/sec: 353,352 | bf16_mfu: 0.00 | epoch: 1 pq: 29 rg: 41 | total time: 61.25m | eta: 0.1m
step 02517/02520 (99.88%) | loss: 2.832965 | lrm: 0.05 | dt: 1458.84ms | tok/sec: 359,385 | bf16_mfu: 0.00 | epoch: 1 pq: 29 rg: 42 | total time: 61.27m | eta: 0.1m
step 02518/02520 (99.92%) | loss: 2.845244 | lrm: 0.05 | dt: 1459.63ms | tok/sec: 359,191 | bf16_mfu: 0.00 | epoch: 1 pq: 29 rg: 43 | total time: 61.30m | eta: 0.0m
step 02519/02520 (99.96%) | loss: 2.845310 | lrm: 0.05 | dt: 1460.36ms | tok/sec: 359,011 | bf16_mfu: 0.00 | epoch: 1 pq: 29 rg: 43 | total time: 61.32m | eta: 0.0m
Step 02520 | Validation bpb: 0.868009
Evaluating: hellaswag_zeroshot (0-shot, type: multiple_choice)... accuracy: 0.3540 | centered: 0.1387 | time: 1.68s
Evaluating: jeopardy (10-shot, type: language_modeling)... accuracy: 0.0060 | centered: 0.0060 | time: 1.70s
Evaluating: bigbench_qa_wikidata (10-shot, type: language_modeling)... accuracy: 0.2260 | centered: 0.2260 | time: 1.58s
Evaluating: arc_easy (10-shot, type: multiple_choice)... accuracy: 0.5520 | centered: 0.4027 | time: 2.62s
Evaluating: arc_challenge (10-shot, type: multiple_choice)... accuracy: 0.2860 | centered: 0.0480 | time: 2.83s
Evaluating: copa (0-shot, type: multiple_choice)... accuracy: 0.5700 | centered: 0.1400 | time: 0.29s
Evaluating: commonsense_qa (10-shot, type: multiple_choice)... accuracy: 0.3460 | centered: 0.1825 | time: 3.15s
Evaluating: piqa (10-shot, type: multiple_choice)... accuracy: 0.6800 | centered: 0.3600 | time: 1.93s
Evaluating: openbook_qa (0-shot, type: multiple_choice)... accuracy: 0.3020 | centered: 0.0693 | time: 1.51s
Evaluating: lambada_openai (0-shot, type: language_modeling)... accuracy: 0.2660 | centered: 0.2660 | time: 1.51s
Evaluating: hellaswag (10-shot, type: multiple_choice)... accuracy: 0.3420 | centered: 0.1227 | time: 5.21s
Evaluating: winograd (0-shot, type: schema)... accuracy: 0.5861 | centered: 0.1722 | time: 0.79s
Evaluating: winogrande (0-shot, type: schema)... accuracy: 0.5380 | centered: 0.0760 | time: 1.47s
Evaluating: bigbench_dyck_languages (10-shot, type: language_modeling)... accuracy: 0.0280 | centered: 0.0280 | time: 1.89s
Evaluating: agi_eval_lsat_ar (3-shot, type: multiple_choice)... accuracy: 0.2565 | centered: 0.0707 | time: 2.29s
Evaluating: bigbench_cs_algorithms (10-shot, type: language_modeling)... accuracy: 0.4360 | centered: 0.4360 | time: 1.76s
Evaluating: bigbench_operators (10-shot, type: language_modeling)... accuracy: 0.0952 | centered: 0.0952 | time: 0.82s
Evaluating: bigbench_repeat_copy_logic (10-shot, type: language_modeling)... accuracy: 0.0000 | centered: 0.0000 | time: 0.12s
Evaluating: squad (10-shot, type: language_modeling)... accuracy: 0.1800 | centered: 0.1800 | time: 4.60s
Evaluating: coqa (0-shot, type: language_modeling)... accuracy: 0.1780 | centered: 0.1780 | time: 1.91s
Evaluating: boolq (10-shot, type: multiple_choice)... accuracy: 0.4860 | centered: -0.3526 | time: 4.89s
Evaluating: bigbench_language_identification (10-shot, type: multiple_choice)... accuracy: 0.2720 | centered: 0.1991 | time: 8.73s
Step 02520 | CORE metric: 0.1384
2026-09-27 16:30:21,469 - nanochat.checkpoint_manager - [32m[1mINFO[0m - Saved model parameters to: /home/neo/.cache/nanochat/base_checkpoints/looped_B8_lr1_lr1_h1.0_s0/model_002520.pt
2026-09-27 16:30:21,471 - nanochat.checkpoint_manager - [32m[1mINFO[0m - Saved metadata to: /home/neo/.cache/nanochat/base_checkpoints/looped_B8_lr1_lr1_h1.0_s0/meta_002520.json
Peak memory usage: 20870.87MiB
Total training time: 61.32m
Minimum validation bpb: 0.868009
Appended results row to results/looped_results.csv (diverged=0), log: results/logs/looped_B8_lr1_lr1_h1.0_s0_20260927_151819.jsonl
