
                                                       █████                █████
                                                      ░░███                ░░███
     ████████    ██████   ████████    ██████   ██████  ░███████    ██████  ███████
    ░░███░░███  ░░░░░███ ░░███░░███  ███░░███ ███░░███ ░███░░███  ░░░░░███░░░███░
     ░███ ░███   ███████  ░███ ░███ ░███ ░███░███ ░░░  ░███ ░███   ███████  ░███
     ░███ ░███  ███░░███  ░███ ░███ ░███ ░███░███  ███ ░███ ░███  ███░░███  ░███ ███
     ████ █████░░████████ ████ █████░░██████ ░░██████  ████ █████░░███████  ░░█████
    ░░░░ ░░░░░  ░░░░░░░░ ░░░░ ░░░░░  ░░░░░░   ░░░░░░  ░░░░ ░░░░░  ░░░░░░░░   ░░░░░
    
Autodetected device type: cuda
2026-09-20 02:26:49,469 - nanochat.common - [32m[1mINFO[0m - Distributed world size: 1
2026-09-20 02:26:49,469 - nanochat.common - [33m[1mWARNING[0m - Peak flops undefined for: NVIDIA RTX PRO 6000 Blackwell Workstation Edition, MFU will show as 0%
GPU: NVIDIA RTX PRO 6000 Blackwell Workstation Edition | Peak FLOPS (BF16): inf
COMPUTE_DTYPE: torch.bfloat16 (auto-detected: CUDA SM 120 (bf16 supported))
!!!!!!!!!!!!!!!!!!!!!!!!!!!!!!!!!!!!!!!!!!!!!!!!!!!!!!!!!!!!!!!!!!!!!!!!!!!!!!!!
WARNING: Flash Attention 3 not available, using PyTorch SDPA fallback
WARNING: Training will be less efficient without FA3
!!!!!!!!!!!!!!!!!!!!!!!!!!!!!!!!!!!!!!!!!!!!!!!!!!!!!!!!!!!!!!!!!!!!!!!!!!!!!!!!
Vocab size: 32,768
Model config:
{
  "sequence_len": 2048,
  "vocab_size": 32768,
  "n_layer": 12,
  "n_head": 6,
  "n_kv_head": 6,
  "n_embd": 768,
  "window_pattern": "L",
  "n_prelude": 12,
  "n_core": 0,
  "n_coda": 0,
  "n_loop": 1
}
Parameter counts:
wte                     : 25,165,824
value_embeds            : 150,994,944
lm_head                 : 25,165,824
transformer_matrices    : 84,935,088
scalars                 : 50
total                   : 286,261,730
unique_layers           : 12
effective_layers        : 12
Estimated FLOPs per token: 8.870980e+08
Horizon and derived hyperparameters use reference layout 12: 110,100,912 scaling params (this model: 110,100,912)
Auto-computed optimal batch size: 524,288 tokens
Scaling the LR for the AdamW parameters ∝1/√(768/768) = 1.000000
Calculated number of iterations from target data:param ratio: 2,520
Horizon fraction 0.4: training for 1,008 iterations
Total number of training tokens: 528,482,304
Tokens : Scaling params ratio: 4.80
Total training FLOPs estimate: 4.688156e+17
Parameter table:
  unique block params                     : 84,935,088
  lm_head                                 : 25,165,824
  wte                                     : 25,165,824
  value embed params (lookups, no FLOPs)  : 150,994,944
  scalars                                 : 50
  unique layers U                         : 12
  effective layers E                      : 12
  FLOPs per token                         : 887,098,032
Tokens / micro-batch / rank: 32 x 2048 = 65,536
Tokens / micro-batch: 65,536
Total batch size 524,288 => gradient accumulation steps: 8
Step 00000 | Validation bpb: 3.171081
step 00000/01008 (0.00%) | loss: 10.397021 | lrm: 0.03 | dt: 3192.07ms | tok/sec: 164,246 | bf16_mfu: 0.00 | epoch: 1 pq: 0 rg: 1 | total time: 0.00m
step 00001/01008 (0.10%) | loss: 10.384671 | lrm: 0.05 | dt: 1963.58ms | tok/sec: 267,006 | bf16_mfu: 0.00 | epoch: 1 pq: 0 rg: 2 | total time: 0.00m
step 00002/01008 (0.20%) | loss: 10.362441 | lrm: 0.07 | dt: 1976.91ms | tok/sec: 265,205 | bf16_mfu: 0.00 | epoch: 1 pq: 0 rg: 3 | total time: 0.00m
step 00003/01008 (0.30%) | loss: 10.327722 | lrm: 0.10 | dt: 1978.33ms | tok/sec: 265,015 | bf16_mfu: 0.00 | epoch: 1 pq: 0 rg: 4 | total time: 0.00m
step 00004/01008 (0.40%) | loss: 10.274695 | lrm: 0.12 | dt: 1976.46ms | tok/sec: 265,265 | bf16_mfu: 0.00 | epoch: 1 pq: 0 rg: 5 | total time: 0.00m
step 00005/01008 (0.50%) | loss: 10.183165 | lrm: 0.15 | dt: 1974.85ms | tok/sec: 265,482 | bf16_mfu: 0.00 | epoch: 1 pq: 0 rg: 6 | total time: 0.00m
step 00006/01008 (0.60%) | loss: 10.021276 | lrm: 0.17 | dt: 1974.38ms | tok/sec: 265,545 | bf16_mfu: 0.00 | epoch: 1 pq: 0 rg: 7 | total time: 0.00m
step 00007/01008 (0.69%) | loss: 9.747730 | lrm: 0.20 | dt: 1975.66ms | tok/sec: 265,373 | bf16_mfu: 0.00 | epoch: 1 pq: 0 rg: 8 | total time: 0.00m
step 00008/01008 (0.79%) | loss: 9.466314 | lrm: 0.23 | dt: 1974.52ms | tok/sec: 265,526 | bf16_mfu: 0.00 | epoch: 1 pq: 0 rg: 10 | total time: 0.00m
step 00009/01008 (0.89%) | loss: 9.213806 | lrm: 0.25 | dt: 1976.14ms | tok/sec: 265,309 | bf16_mfu: 0.00 | epoch: 1 pq: 0 rg: 11 | total time: 0.00m
step 00010/01008 (0.99%) | loss: 8.985977 | lrm: 0.28 | dt: 1977.48ms | tok/sec: 265,129 | bf16_mfu: 0.00 | epoch: 1 pq: 0 rg: 12 | total time: 0.00m
step 00011/01008 (1.09%) | loss: 8.774099 | lrm: 0.30 | dt: 1980.32ms | tok/sec: 264,748 | bf16_mfu: 0.00 | epoch: 1 pq: 0 rg: 13 | total time: 0.03m | eta: 32.9m
step 00012/01008 (1.19%) | loss: 8.569608 | lrm: 0.33 | dt: 1983.64ms | tok/sec: 264,306 | bf16_mfu: 0.00 | epoch: 1 pq: 0 rg: 14 | total time: 0.07m | eta: 32.9m
step 00013/01008 (1.29%) | loss: 8.371818 | lrm: 0.35 | dt: 1985.93ms | tok/sec: 264,001 | bf16_mfu: 0.00 | epoch: 1 pq: 0 rg: 15 | total time: 0.10m | eta: 32.9m
step 00014/01008 (1.39%) | loss: 8.180976 | lrm: 0.38 | dt: 1987.50ms | tok/sec: 263,792 | bf16_mfu: 0.00 | epoch: 1 pq: 0 rg: 16 | total time: 0.13m | eta: 32.9m
step 00015/01008 (1.49%) | loss: 7.989508 | lrm: 0.40 | dt: 1988.74ms | tok/sec: 263,628 | bf16_mfu: 0.00 | epoch: 1 pq: 0 rg: 17 | total time: 0.17m | eta: 32.9m
step 00016/01008 (1.59%) | loss: 7.803257 | lrm: 0.42 | dt: 1992.24ms | tok/sec: 263,164 | bf16_mfu: 0.00 | epoch: 1 pq: 0 rg: 18 | total time: 0.20m | eta: 32.8m
step 00017/01008 (1.69%) | loss: 7.641449 | lrm: 0.45 | dt: 2002.66ms | tok/sec: 261,796 | bf16_mfu: 0.00 | epoch: 1 pq: 0 rg: 19 | total time: 0.23m | eta: 32.8m
step 00018/01008 (1.79%) | loss: 7.493301 | lrm: 0.47 | dt: 2001.73ms | tok/sec: 261,916 | bf16_mfu: 0.00 | epoch: 1 pq: 0 rg: 20 | total time: 0.27m | eta: 32.8m
step 00019/01008 (1.88%) | loss: 7.360077 | lrm: 0.50 | dt: 1990.53ms | tok/sec: 263,390 | bf16_mfu: 0.00 | epoch: 1 pq: 0 rg: 21 | total time: 0.30m | eta: 32.8m
step 00020/01008 (1.98%) | loss: 7.236001 | lrm: 0.53 | dt: 1991.76ms | tok/sec: 263,228 | bf16_mfu: 0.00 | epoch: 1 pq: 0 rg: 22 | total time: 0.33m | eta: 32.8m
step 00021/01008 (2.08%) | loss: 7.112605 | lrm: 0.55 | dt: 1991.91ms | tok/sec: 263,208 | bf16_mfu: 0.00 | epoch: 1 pq: 0 rg: 23 | total time: 0.36m | eta: 32.7m
step 00022/01008 (2.18%) | loss: 7.009195 | lrm: 0.57 | dt: 1994.00ms | tok/sec: 262,932 | bf16_mfu: 0.00 | epoch: 1 pq: 0 rg: 24 | total time: 0.40m | eta: 32.7m
step 00023/01008 (2.28%) | loss: 6.905623 | lrm: 0.60 | dt: 1994.44ms | tok/sec: 262,874 | bf16_mfu: 0.00 | epoch: 1 pq: 0 rg: 26 | total time: 0.43m | eta: 32.7m
step 00024/01008 (2.38%) | loss: 6.810500 | lrm: 0.62 | dt: 1996.75ms | tok/sec: 262,570 | bf16_mfu: 0.00 | epoch: 1 pq: 0 rg: 27 | total time: 0.46m | eta: 32.7m
step 00025/01008 (2.48%) | loss: 6.722108 | lrm: 0.65 | dt: 1996.63ms | tok/sec: 262,586 | bf16_mfu: 0.00 | epoch: 1 pq: 0 rg: 28 | total time: 0.50m | eta: 32.6m
step 00026/01008 (2.58%) | loss: 6.640911 | lrm: 0.68 | dt: 1996.98ms | tok/sec: 262,540 | bf16_mfu: 0.00 | epoch: 1 pq: 0 rg: 29 | total time: 0.53m | eta: 32.6m
step 00027/01008 (2.68%) | loss: 6.559413 | lrm: 0.70 | dt: 1997.87ms | tok/sec: 262,424 | bf16_mfu: 0.00 | epoch: 1 pq: 0 rg: 30 | total time: 0.56m | eta: 32.6m
step 00028/01008 (2.78%) | loss: 6.490573 | lrm: 0.72 | dt: 1998.25ms | tok/sec: 262,374 | bf16_mfu: 0.00 | epoch: 1 pq: 0 rg: 31 | total time: 0.60m | eta: 32.6m
step 00029/01008 (2.88%) | loss: 6.437005 | lrm: 0.75 | dt: 1998.81ms | tok/sec: 262,299 | bf16_mfu: 0.00 | epoch: 1 pq: 0 rg: 32 | total time: 0.63m | eta: 32.5m
step 00030/01008 (2.98%) | loss: 6.377391 | lrm: 0.78 | dt: 1999.72ms | tok/sec: 262,180 | bf16_mfu: 0.00 | epoch: 1 pq: 0 rg: 33 | total time: 0.66m | eta: 32.5m
step 00031/01008 (3.08%) | loss: 6.326323 | lrm: 0.80 | dt: 1999.45ms | tok/sec: 262,216 | bf16_mfu: 0.00 | epoch: 1 pq: 0 rg: 34 | total time: 0.70m | eta: 32.5m
step 00032/01008 (3.17%) | loss: 6.270626 | lrm: 0.82 | dt: 1999.84ms | tok/sec: 262,165 | bf16_mfu: 0.00 | epoch: 1 pq: 0 rg: 35 | total time: 0.73m | eta: 32.4m
step 00033/01008 (3.27%) | loss: 6.220940 | lrm: 0.85 | dt: 2000.20ms | tok/sec: 262,117 | bf16_mfu: 0.00 | epoch: 1 pq: 0 rg: 36 | total time: 0.76m | eta: 32.4m
step 00034/01008 (3.37%) | loss: 6.169027 | lrm: 0.88 | dt: 2000.18ms | tok/sec: 262,120 | bf16_mfu: 0.00 | epoch: 1 pq: 0 rg: 37 | total time: 0.80m | eta: 32.4m
step 00035/01008 (3.47%) | loss: 6.124332 | lrm: 0.90 | dt: 2000.08ms | tok/sec: 262,133 | bf16_mfu: 0.00 | epoch: 1 pq: 0 rg: 38 | total time: 0.83m | eta: 32.3m
step 00036/01008 (3.57%) | loss: 6.086849 | lrm: 0.93 | dt: 2001.13ms | tok/sec: 261,995 | bf16_mfu: 0.00 | epoch: 1 pq: 0 rg: 39 | total time: 0.86m | eta: 32.3m
step 00037/01008 (3.67%) | loss: 6.048970 | lrm: 0.95 | dt: 2001.12ms | tok/sec: 261,997 | bf16_mfu: 0.00 | epoch: 1 pq: 0 rg: 40 | total time: 0.90m | eta: 32.3m
step 00038/01008 (3.77%) | loss: 6.010747 | lrm: 0.97 | dt: 2001.31ms | tok/sec: 261,973 | bf16_mfu: 0.00 | epoch: 1 pq: 0 rg: 41 | total time: 0.93m | eta: 32.3m
step 00039/01008 (3.87%) | loss: 5.968178 | lrm: 1.00 | dt: 2001.75ms | tok/sec: 261,914 | bf16_mfu: 0.00 | epoch: 1 pq: 0 rg: 42 | total time: 0.96m | eta: 32.2m
step 00040/01008 (3.97%) | loss: 5.931756 | lrm: 1.00 | dt: 2002.46ms | tok/sec: 261,821 | bf16_mfu: 0.00 | epoch: 1 pq: 0 rg: 43 | total time: 1.00m | eta: 32.2m
step 00041/01008 (4.07%) | loss: 5.897763 | lrm: 1.00 | dt: 2002.27ms | tok/sec: 261,847 | bf16_mfu: 0.00 | epoch: 1 pq: 0 rg: 44 | total time: 1.03m | eta: 32.2m
step 00042/01008 (4.17%) | loss: 5.876148 | lrm: 1.00 | dt: 2003.21ms | tok/sec: 261,724 | bf16_mfu: 0.00 | epoch: 1 pq: 0 rg: 44 | total time: 1.06m | eta: 32.1m
step 00043/01008 (4.27%) | loss: 5.848929 | lrm: 1.00 | dt: 2004.08ms | tok/sec: 261,610 | bf16_mfu: 0.00 | epoch: 1 pq: 0 rg: 45 | total time: 1.10m | eta: 32.1m
step 00044/01008 (4.37%) | loss: 5.806052 | lrm: 1.00 | dt: 2004.40ms | tok/sec: 261,568 | bf16_mfu: 0.00 | epoch: 1 pq: 0 rg: 46 | total time: 1.13m | eta: 32.1m
step 00045/01008 (4.46%) | loss: 5.767868 | lrm: 1.00 | dt: 2003.57ms | tok/sec: 261,676 | bf16_mfu: 0.00 | epoch: 1 pq: 0 rg: 47 | total time: 1.16m | eta: 32.1m
step 00046/01008 (4.56%) | loss: 5.737506 | lrm: 1.00 | dt: 2004.41ms | tok/sec: 261,567 | bf16_mfu: 0.00 | epoch: 1 pq: 0 rg: 48 | total time: 1.20m | eta: 32.0m
step 00047/01008 (4.66%) | loss: 5.704613 | lrm: 1.00 | dt: 2005.45ms | tok/sec: 261,431 | bf16_mfu: 0.00 | epoch: 1 pq: 0 rg: 49 | total time: 1.23m | eta: 32.0m
step 00048/01008 (4.76%) | loss: 5.668992 | lrm: 1.00 | dt: 2005.39ms | tok/sec: 261,439 | bf16_mfu: 0.00 | epoch: 1 pq: 0 rg: 50 | total time: 1.27m | eta: 32.0m
step 00049/01008 (4.86%) | loss: 5.635674 | lrm: 1.00 | dt: 2004.97ms | tok/sec: 261,494 | bf16_mfu: 0.00 | epoch: 1 pq: 0 rg: 51 | total time: 1.30m | eta: 31.9m
step 00050/01008 (4.96%) | loss: 5.602727 | lrm: 1.00 | dt: 2004.59ms | tok/sec: 261,544 | bf16_mfu: 0.00 | epoch: 1 pq: 0 rg: 52 | total time: 1.33m | eta: 31.9m
step 00051/01008 (5.06%) | loss: 5.567094 | lrm: 1.00 | dt: 2005.26ms | tok/sec: 261,456 | bf16_mfu: 0.00 | epoch: 1 pq: 0 rg: 53 | total time: 1.37m | eta: 31.9m
step 00052/01008 (5.16%) | loss: 5.540849 | lrm: 1.00 | dt: 2004.77ms | tok/sec: 261,520 | bf16_mfu: 0.00 | epoch: 1 pq: 0 rg: 54 | total time: 1.40m | eta: 31.8m
step 00053/01008 (5.26%) | loss: 5.507213 | lrm: 1.00 | dt: 2005.14ms | tok/sec: 261,471 | bf16_mfu: 0.00 | epoch: 1 pq: 0 rg: 55 | total time: 1.43m | eta: 31.8m
step 00054/01008 (5.36%) | loss: 5.476384 | lrm: 1.00 | dt: 2005.36ms | tok/sec: 261,443 | bf16_mfu: 0.00 | epoch: 1 pq: 0 rg: 56 | total time: 1.47m | eta: 31.8m
step 00055/01008 (5.46%) | loss: 5.457792 | lrm: 1.00 | dt: 2005.44ms | tok/sec: 261,433 | bf16_mfu: 0.00 | epoch: 1 pq: 0 rg: 57 | total time: 1.50m | eta: 31.7m
step 00056/01008 (5.56%) | loss: 5.431120 | lrm: 1.00 | dt: 2005.44ms | tok/sec: 261,432 | bf16_mfu: 0.00 | epoch: 1 pq: 0 rg: 58 | total time: 1.53m | eta: 31.7m
step 00057/01008 (5.65%) | loss: 5.401244 | lrm: 1.00 | dt: 2006.24ms | tok/sec: 261,328 | bf16_mfu: 0.00 | epoch: 1 pq: 0 rg: 59 | total time: 1.57m | eta: 31.7m
step 00058/01008 (5.75%) | loss: 5.372155 | lrm: 1.00 | dt: 2005.44ms | tok/sec: 261,432 | bf16_mfu: 0.00 | epoch: 1 pq: 0 rg: 60 | total time: 1.60m | eta: 31.7m
step 00059/01008 (5.85%) | loss: 5.350312 | lrm: 1.00 | dt: 2005.63ms | tok/sec: 261,407 | bf16_mfu: 0.00 | epoch: 1 pq: 0 rg: 61 | total time: 1.63m | eta: 31.6m
step 00060/01008 (5.95%) | loss: 5.310764 | lrm: 1.00 | dt: 2006.04ms | tok/sec: 261,354 | bf16_mfu: 0.00 | epoch: 1 pq: 0 rg: 62 | total time: 1.67m | eta: 31.6m
step 00061/01008 (6.05%) | loss: 5.275728 | lrm: 1.00 | dt: 2007.80ms | tok/sec: 261,125 | bf16_mfu: 0.00 | epoch: 1 pq: 0 rg: 63 | total time: 1.70m | eta: 31.6m
step 00062/01008 (6.15%) | loss: 5.248715 | lrm: 1.00 | dt: 2006.62ms | tok/sec: 261,278 | bf16_mfu: 0.00 | epoch: 1 pq: 0 rg: 64 | total time: 1.73m | eta: 31.5m
step 00063/01008 (6.25%) | loss: 5.216380 | lrm: 1.00 | dt: 2007.01ms | tok/sec: 261,228 | bf16_mfu: 0.00 | epoch: 1 pq: 0 rg: 65 | total time: 1.77m | eta: 31.5m
step 00064/01008 (6.35%) | loss: 5.196771 | lrm: 1.00 | dt: 2006.51ms | tok/sec: 261,293 | bf16_mfu: 0.00 | epoch: 1 pq: 0 rg: 66 | total time: 1.80m | eta: 31.5m
step 00065/01008 (6.45%) | loss: 5.169235 | lrm: 1.00 | dt: 2005.93ms | tok/sec: 261,369 | bf16_mfu: 0.00 | epoch: 1 pq: 0 rg: 67 | total time: 1.83m | eta: 31.4m
step 00066/01008 (6.55%) | loss: 5.144707 | lrm: 1.00 | dt: 2007.56ms | tok/sec: 261,156 | bf16_mfu: 0.00 | epoch: 1 pq: 0 rg: 68 | total time: 1.87m | eta: 31.4m
step 00067/01008 (6.65%) | loss: 5.120995 | lrm: 1.00 | dt: 2006.81ms | tok/sec: 261,253 | bf16_mfu: 0.00 | epoch: 1 pq: 0 rg: 69 | total time: 1.90m | eta: 31.4m
step 00068/01008 (6.75%) | loss: 5.099593 | lrm: 1.00 | dt: 2006.63ms | tok/sec: 261,277 | bf16_mfu: 0.00 | epoch: 1 pq: 0 rg: 70 | total time: 1.93m | eta: 31.3m
step 00069/01008 (6.85%) | loss: 5.074903 | lrm: 1.00 | dt: 2008.14ms | tok/sec: 261,081 | bf16_mfu: 0.00 | epoch: 1 pq: 0 rg: 71 | total time: 1.97m | eta: 31.3m
step 00070/01008 (6.94%) | loss: 5.051528 | lrm: 1.00 | dt: 2007.27ms | tok/sec: 261,194 | bf16_mfu: 0.00 | epoch: 1 pq: 0 rg: 72 | total time: 2.00m | eta: 31.3m
step 00071/01008 (7.04%) | loss: 5.030914 | lrm: 1.00 | dt: 2008.34ms | tok/sec: 261,055 | bf16_mfu: 0.00 | epoch: 1 pq: 0 rg: 73 | total time: 2.03m | eta: 31.2m
step 00072/01008 (7.14%) | loss: 5.021383 | lrm: 1.00 | dt: 2008.27ms | tok/sec: 261,064 | bf16_mfu: 0.00 | epoch: 1 pq: 0 rg: 74 | total time: 2.07m | eta: 31.2m
step 00073/01008 (7.24%) | loss: 4.992161 | lrm: 1.00 | dt: 2007.74ms | tok/sec: 261,133 | bf16_mfu: 0.00 | epoch: 1 pq: 0 rg: 74 | total time: 2.10m | eta: 31.2m
step 00074/01008 (7.34%) | loss: 4.963842 | lrm: 1.00 | dt: 2008.74ms | tok/sec: 261,003 | bf16_mfu: 0.00 | epoch: 1 pq: 0 rg: 75 | total time: 2.13m | eta: 31.2m
step 00075/01008 (7.44%) | loss: 4.935788 | lrm: 1.00 | dt: 2008.27ms | tok/sec: 261,063 | bf16_mfu: 0.00 | epoch: 1 pq: 0 rg: 76 | total time: 2.17m | eta: 31.1m
step 00076/01008 (7.54%) | loss: 4.911067 | lrm: 1.00 | dt: 2007.06ms | tok/sec: 261,221 | bf16_mfu: 0.00 | epoch: 1 pq: 0 rg: 77 | total time: 2.20m | eta: 31.1m
step 00077/01008 (7.64%) | loss: 4.902021 | lrm: 1.00 | dt: 2007.68ms | tok/sec: 261,141 | bf16_mfu: 0.00 | epoch: 1 pq: 0 rg: 78 | total time: 2.24m | eta: 31.1m
step 00078/01008 (7.74%) | loss: 4.879521 | lrm: 1.00 | dt: 2007.16ms | tok/sec: 261,208 | bf16_mfu: 0.00 | epoch: 1 pq: 0 rg: 79 | total time: 2.27m | eta: 31.0m
step 00079/01008 (7.84%) | loss: 4.861168 | lrm: 1.00 | dt: 2008.25ms | tok/sec: 261,066 | bf16_mfu: 0.00 | epoch: 1 pq: 0 rg: 80 | total time: 2.30m | eta: 31.0m
step 00080/01008 (7.94%) | loss: 4.836855 | lrm: 1.00 | dt: 2007.17ms | tok/sec: 261,207 | bf16_mfu: 0.00 | epoch: 1 pq: 0 rg: 81 | total time: 2.34m | eta: 31.0m
step 00081/01008 (8.04%) | loss: 4.823216 | lrm: 1.00 | dt: 2006.37ms | tok/sec: 261,311 | bf16_mfu: 0.00 | epoch: 1 pq: 0 rg: 82 | total time: 2.37m | eta: 30.9m
step 00082/01008 (8.13%) | loss: 4.808274 | lrm: 1.00 | dt: 2006.44ms | tok/sec: 261,302 | bf16_mfu: 0.00 | epoch: 1 pq: 0 rg: 83 | total time: 2.40m | eta: 30.9m
step 00083/01008 (8.23%) | loss: 4.789337 | lrm: 1.00 | dt: 2008.34ms | tok/sec: 261,055 | bf16_mfu: 0.00 | epoch: 1 pq: 1 rg: 0 | total time: 2.44m | eta: 30.9m
step 00084/01008 (8.33%) | loss: 4.770285 | lrm: 1.00 | dt: 2006.50ms | tok/sec: 261,295 | bf16_mfu: 0.00 | epoch: 1 pq: 1 rg: 1 | total time: 2.47m | eta: 30.8m
step 00085/01008 (8.43%) | loss: 4.749772 | lrm: 1.00 | dt: 2010.04ms | tok/sec: 260,834 | bf16_mfu: 0.00 | epoch: 1 pq: 1 rg: 2 | total time: 2.50m | eta: 30.8m
step 00086/01008 (8.53%) | loss: 4.731965 | lrm: 1.00 | dt: 2007.20ms | tok/sec: 261,204 | bf16_mfu: 0.00 | epoch: 1 pq: 1 rg: 3 | total time: 2.54m | eta: 30.8m
step 00087/01008 (8.63%) | loss: 4.713306 | lrm: 1.00 | dt: 2005.86ms | tok/sec: 261,378 | bf16_mfu: 0.00 | epoch: 1 pq: 1 rg: 4 | total time: 2.57m | eta: 30.7m
step 00088/01008 (8.73%) | loss: 4.698079 | lrm: 1.00 | dt: 2005.99ms | tok/sec: 261,360 | bf16_mfu: 0.00 | epoch: 1 pq: 1 rg: 5 | total time: 2.60m | eta: 30.7m
step 00089/01008 (8.83%) | loss: 4.684712 | lrm: 1.00 | dt: 2007.10ms | tok/sec: 261,216 | bf16_mfu: 0.00 | epoch: 1 pq: 1 rg: 6 | total time: 2.64m | eta: 30.7m
step 00090/01008 (8.93%) | loss: 4.667495 | lrm: 1.00 | dt: 2006.00ms | tok/sec: 261,360 | bf16_mfu: 0.00 | epoch: 1 pq: 1 rg: 7 | total time: 2.67m | eta: 30.6m
step 00091/01008 (9.03%) | loss: 4.643963 | lrm: 1.00 | dt: 2006.89ms | tok/sec: 261,244 | bf16_mfu: 0.00 | epoch: 1 pq: 1 rg: 8 | total time: 2.70m | eta: 30.6m
step 00092/01008 (9.13%) | loss: 4.632697 | lrm: 1.00 | dt: 2008.00ms | tok/sec: 261,099 | bf16_mfu: 0.00 | epoch: 1 pq: 1 rg: 9 | total time: 2.74m | eta: 30.6m
step 00093/01008 (9.23%) | loss: 4.622887 | lrm: 1.00 | dt: 2006.30ms | tok/sec: 261,321 | bf16_mfu: 0.00 | epoch: 1 pq: 1 rg: 10 | total time: 2.77m | eta: 30.5m
step 00094/01008 (9.33%) | loss: 4.610096 | lrm: 1.00 | dt: 2008.23ms | tok/sec: 261,070 | bf16_mfu: 0.00 | epoch: 1 pq: 1 rg: 11 | total time: 2.80m | eta: 30.5m
step 00095/01008 (9.42%) | loss: 4.588520 | lrm: 1.00 | dt: 2006.60ms | tok/sec: 261,281 | bf16_mfu: 0.00 | epoch: 1 pq: 1 rg: 12 | total time: 2.84m | eta: 30.5m
step 00096/01008 (9.52%) | loss: 4.578375 | lrm: 1.00 | dt: 2006.31ms | tok/sec: 261,319 | bf16_mfu: 0.00 | epoch: 1 pq: 1 rg: 13 | total time: 2.87m | eta: 30.4m
step 00097/01008 (9.62%) | loss: 4.554068 | lrm: 1.00 | dt: 2006.44ms | tok/sec: 261,302 | bf16_mfu: 0.00 | epoch: 1 pq: 1 rg: 14 | total time: 2.90m | eta: 30.4m
step 00098/01008 (9.72%) | loss: 4.541951 | lrm: 1.00 | dt: 2007.12ms | tok/sec: 261,213 | bf16_mfu: 0.00 | epoch: 1 pq: 1 rg: 15 | total time: 2.94m | eta: 30.4m
step 00099/01008 (9.82%) | loss: 4.531548 | lrm: 1.00 | dt: 2007.05ms | tok/sec: 261,222 | bf16_mfu: 0.00 | epoch: 1 pq: 1 rg: 16 | total time: 2.97m | eta: 30.3m
step 00100/01008 (9.92%) | loss: 4.504813 | lrm: 1.00 | dt: 2009.62ms | tok/sec: 260,888 | bf16_mfu: 0.00 | epoch: 1 pq: 1 rg: 17 | total time: 3.00m | eta: 30.3m
step 00101/01008 (10.02%) | loss: 4.496477 | lrm: 1.00 | dt: 2008.67ms | tok/sec: 261,011 | bf16_mfu: 0.00 | epoch: 1 pq: 1 rg: 18 | total time: 3.04m | eta: 30.3m
step 00102/01008 (10.12%) | loss: 4.482147 | lrm: 1.00 | dt: 2007.53ms | tok/sec: 261,160 | bf16_mfu: 0.00 | epoch: 1 pq: 1 rg: 19 | total time: 3.07m | eta: 30.2m
step 00103/01008 (10.22%) | loss: 4.474041 | lrm: 1.00 | dt: 2007.35ms | tok/sec: 261,183 | bf16_mfu: 0.00 | epoch: 1 pq: 1 rg: 20 | total time: 3.10m | eta: 30.2m
step 00104/01008 (10.32%) | loss: 4.463100 | lrm: 1.00 | dt: 2007.42ms | tok/sec: 261,175 | bf16_mfu: 0.00 | epoch: 1 pq: 1 rg: 21 | total time: 3.14m | eta: 30.2m
step 00105/01008 (10.42%) | loss: 4.449158 | lrm: 1.00 | dt: 2006.92ms | tok/sec: 261,240 | bf16_mfu: 0.00 | epoch: 1 pq: 1 rg: 22 | total time: 3.17m | eta: 30.1m
step 00106/01008 (10.52%) | loss: 4.427959 | lrm: 1.00 | dt: 2006.10ms | tok/sec: 261,346 | bf16_mfu: 0.00 | epoch: 1 pq: 1 rg: 23 | total time: 3.21m | eta: 30.1m
step 00107/01008 (10.62%) | loss: 4.410715 | lrm: 1.00 | dt: 2004.83ms | tok/sec: 261,513 | bf16_mfu: 0.00 | epoch: 1 pq: 1 rg: 24 | total time: 3.24m | eta: 30.1m
step 00108/01008 (10.71%) | loss: 4.398047 | lrm: 1.00 | dt: 2006.48ms | tok/sec: 261,297 | bf16_mfu: 0.00 | epoch: 1 pq: 1 rg: 25 | total time: 3.27m | eta: 30.0m
step 00109/01008 (10.81%) | loss: 4.382911 | lrm: 1.00 | dt: 2004.87ms | tok/sec: 261,506 | bf16_mfu: 0.00 | epoch: 1 pq: 1 rg: 26 | total time: 3.31m | eta: 30.0m
step 00110/01008 (10.91%) | loss: 4.354682 | lrm: 1.00 | dt: 2006.57ms | tok/sec: 261,285 | bf16_mfu: 0.00 | epoch: 1 pq: 1 rg: 26 | total time: 3.34m | eta: 30.0m
step 00111/01008 (11.01%) | loss: 4.332916 | lrm: 1.00 | dt: 2005.86ms | tok/sec: 261,378 | bf16_mfu: 0.00 | epoch: 1 pq: 1 rg: 27 | total time: 3.37m | eta: 30.0m
step 00112/01008 (11.11%) | loss: 4.320582 | lrm: 1.00 | dt: 2006.82ms | tok/sec: 261,253 | bf16_mfu: 0.00 | epoch: 1 pq: 1 rg: 28 | total time: 3.41m | eta: 29.9m
step 00113/01008 (11.21%) | loss: 4.302641 | lrm: 1.00 | dt: 2006.72ms | tok/sec: 261,265 | bf16_mfu: 0.00 | epoch: 1 pq: 1 rg: 29 | total time: 3.44m | eta: 29.9m
step 00114/01008 (11.31%) | loss: 4.297571 | lrm: 1.00 | dt: 2007.11ms | tok/sec: 261,214 | bf16_mfu: 0.00 | epoch: 1 pq: 1 rg: 30 | total time: 3.47m | eta: 29.9m
step 00115/01008 (11.41%) | loss: 4.285083 | lrm: 1.00 | dt: 2004.82ms | tok/sec: 261,513 | bf16_mfu: 0.00 | epoch: 1 pq: 1 rg: 31 | total time: 3.51m | eta: 29.8m
step 00116/01008 (11.51%) | loss: 4.271393 | lrm: 1.00 | dt: 2005.83ms | tok/sec: 261,381 | bf16_mfu: 0.00 | epoch: 1 pq: 1 rg: 32 | total time: 3.54m | eta: 29.8m
step 00117/01008 (11.61%) | loss: 4.257492 | lrm: 1.00 | dt: 2005.29ms | tok/sec: 261,452 | bf16_mfu: 0.00 | epoch: 1 pq: 1 rg: 33 | total time: 3.57m | eta: 29.8m
step 00118/01008 (11.71%) | loss: 4.242667 | lrm: 1.00 | dt: 2006.35ms | tok/sec: 261,313 | bf16_mfu: 0.00 | epoch: 1 pq: 1 rg: 34 | total time: 3.61m | eta: 29.7m
step 00119/01008 (11.81%) | loss: 4.230070 | lrm: 1.00 | dt: 2005.54ms | tok/sec: 261,419 | bf16_mfu: 0.00 | epoch: 1 pq: 1 rg: 35 | total time: 3.64m | eta: 29.7m
step 00120/01008 (11.90%) | loss: 4.207346 | lrm: 1.00 | dt: 2006.36ms | tok/sec: 261,312 | bf16_mfu: 0.00 | epoch: 1 pq: 1 rg: 36 | total time: 3.67m | eta: 29.7m
step 00121/01008 (12.00%) | loss: 4.180261 | lrm: 1.00 | dt: 2006.24ms | tok/sec: 261,328 | bf16_mfu: 0.00 | epoch: 1 pq: 1 rg: 37 | total time: 3.71m | eta: 29.6m
step 00122/01008 (12.10%) | loss: 4.178493 | lrm: 1.00 | dt: 2006.20ms | tok/sec: 261,333 | bf16_mfu: 0.00 | epoch: 1 pq: 1 rg: 38 | total time: 3.74m | eta: 29.6m
step 00123/01008 (12.20%) | loss: 4.165361 | lrm: 1.00 | dt: 2006.79ms | tok/sec: 261,256 | bf16_mfu: 0.00 | epoch: 1 pq: 1 rg: 39 | total time: 3.77m | eta: 29.6m
step 00124/01008 (12.30%) | loss: 4.154505 | lrm: 1.00 | dt: 2005.52ms | tok/sec: 261,422 | bf16_mfu: 0.00 | epoch: 1 pq: 1 rg: 40 | total time: 3.81m | eta: 29.5m
step 00125/01008 (12.40%) | loss: 4.145022 | lrm: 1.00 | dt: 2006.70ms | tok/sec: 261,268 | bf16_mfu: 0.00 | epoch: 1 pq: 1 rg: 41 | total time: 3.84m | eta: 29.5m
step 00126/01008 (12.50%) | loss: 4.118618 | lrm: 1.00 | dt: 2005.19ms | tok/sec: 261,465 | bf16_mfu: 0.00 | epoch: 1 pq: 1 rg: 42 | total time: 3.87m | eta: 29.5m
step 00127/01008 (12.60%) | loss: 4.103319 | lrm: 1.00 | dt: 2005.21ms | tok/sec: 261,462 | bf16_mfu: 0.00 | epoch: 1 pq: 1 rg: 43 | total time: 3.91m | eta: 29.4m
step 00128/01008 (12.70%) | loss: 4.104167 | lrm: 1.00 | dt: 2004.51ms | tok/sec: 261,553 | bf16_mfu: 0.00 | epoch: 1 pq: 1 rg: 44 | total time: 3.94m | eta: 29.4m
step 00129/01008 (12.80%) | loss: 4.103919 | lrm: 1.00 | dt: 2005.05ms | tok/sec: 261,484 | bf16_mfu: 0.00 | epoch: 1 pq: 1 rg: 45 | total time: 3.97m | eta: 29.4m
step 00130/01008 (12.90%) | loss: 4.098806 | lrm: 1.00 | dt: 2004.39ms | tok/sec: 261,570 | bf16_mfu: 0.00 | epoch: 1 pq: 1 rg: 46 | total time: 4.01m | eta: 29.3m
step 00131/01008 (13.00%) | loss: 4.081350 | lrm: 1.00 | dt: 2004.89ms | tok/sec: 261,504 | bf16_mfu: 0.00 | epoch: 1 pq: 1 rg: 47 | total time: 4.04m | eta: 29.3m
step 00132/01008 (13.10%) | loss: 4.075090 | lrm: 1.00 | dt: 2004.43ms | tok/sec: 261,564 | bf16_mfu: 0.00 | epoch: 1 pq: 1 rg: 48 | total time: 4.07m | eta: 29.3m
step 00133/01008 (13.19%) | loss: 4.069827 | lrm: 1.00 | dt: 2004.48ms | tok/sec: 261,558 | bf16_mfu: 0.00 | epoch: 1 pq: 1 rg: 49 | total time: 4.11m | eta: 29.2m
step 00134/01008 (13.29%) | loss: 4.058627 | lrm: 1.00 | dt: 2005.49ms | tok/sec: 261,425 | bf16_mfu: 0.00 | epoch: 1 pq: 1 rg: 50 | total time: 4.14m | eta: 29.2m
step 00135/01008 (13.39%) | loss: 4.050325 | lrm: 1.00 | dt: 2004.07ms | tok/sec: 261,611 | bf16_mfu: 0.00 | epoch: 1 pq: 1 rg: 51 | total time: 4.17m | eta: 29.2m
step 00136/01008 (13.49%) | loss: 4.034883 | lrm: 1.00 | dt: 2005.94ms | tok/sec: 261,367 | bf16_mfu: 0.00 | epoch: 1 pq: 1 rg: 52 | total time: 4.21m | eta: 29.1m
step 00137/01008 (13.59%) | loss: 4.029654 | lrm: 1.00 | dt: 2003.20ms | tok/sec: 261,725 | bf16_mfu: 0.00 | epoch: 1 pq: 1 rg: 53 | total time: 4.24m | eta: 29.1m
step 00138/01008 (13.69%) | loss: 4.021330 | lrm: 1.00 | dt: 2003.85ms | tok/sec: 261,640 | bf16_mfu: 0.00 | epoch: 1 pq: 1 rg: 54 | total time: 4.27m | eta: 29.1m
step 00139/01008 (13.79%) | loss: 4.009864 | lrm: 1.00 | dt: 2003.76ms | tok/sec: 261,651 | bf16_mfu: 0.00 | epoch: 1 pq: 1 rg: 55 | total time: 4.31m | eta: 29.0m
step 00140/01008 (13.89%) | loss: 3.992910 | lrm: 1.00 | dt: 2003.65ms | tok/sec: 261,667 | bf16_mfu: 0.00 | epoch: 1 pq: 1 rg: 56 | total time: 4.34m | eta: 29.0m
step 00141/01008 (13.99%) | loss: 3.988013 | lrm: 1.00 | dt: 2003.75ms | tok/sec: 261,652 | bf16_mfu: 0.00 | epoch: 1 pq: 1 rg: 57 | total time: 4.37m | eta: 29.0m
step 00142/01008 (14.09%) | loss: 3.978313 | lrm: 1.00 | dt: 2004.18ms | tok/sec: 261,597 | bf16_mfu: 0.00 | epoch: 1 pq: 1 rg: 57 | total time: 4.41m | eta: 28.9m
step 00143/01008 (14.19%) | loss: 3.971736 | lrm: 1.00 | dt: 2003.08ms | tok/sec: 261,740 | bf16_mfu: 0.00 | epoch: 1 pq: 1 rg: 58 | total time: 4.44m | eta: 28.9m
step 00144/01008 (14.29%) | loss: 3.976153 | lrm: 1.00 | dt: 2004.13ms | tok/sec: 261,603 | bf16_mfu: 0.00 | epoch: 1 pq: 1 rg: 59 | total time: 4.48m | eta: 28.9m
step 00145/01008 (14.38%) | loss: 3.960638 | lrm: 1.00 | dt: 2003.27ms | tok/sec: 261,715 | bf16_mfu: 0.00 | epoch: 1 pq: 1 rg: 60 | total time: 4.51m | eta: 28.8m
step 00146/01008 (14.48%) | loss: 3.959133 | lrm: 1.00 | dt: 2002.82ms | tok/sec: 261,775 | bf16_mfu: 0.00 | epoch: 1 pq: 1 rg: 61 | total time: 4.54m | eta: 28.8m
step 00147/01008 (14.58%) | loss: 3.965628 | lrm: 1.00 | dt: 2003.29ms | tok/sec: 261,713 | bf16_mfu: 0.00 | epoch: 1 pq: 1 rg: 62 | total time: 4.58m | eta: 28.8m
step 00148/01008 (14.68%) | loss: 3.958625 | lrm: 1.00 | dt: 2004.00ms | tok/sec: 261,621 | bf16_mfu: 0.00 | epoch: 1 pq: 1 rg: 63 | total time: 4.61m | eta: 28.7m
step 00149/01008 (14.78%) | loss: 3.941735 | lrm: 1.00 | dt: 2002.01ms | tok/sec: 261,880 | bf16_mfu: 0.00 | epoch: 1 pq: 1 rg: 64 | total time: 4.64m | eta: 28.7m
step 00150/01008 (14.88%) | loss: 3.940711 | lrm: 1.00 | dt: 2003.53ms | tok/sec: 261,682 | bf16_mfu: 0.00 | epoch: 1 pq: 1 rg: 65 | total time: 4.68m | eta: 28.7m
step 00151/01008 (14.98%) | loss: 3.931648 | lrm: 1.00 | dt: 2004.03ms | tok/sec: 261,616 | bf16_mfu: 0.00 | epoch: 1 pq: 1 rg: 66 | total time: 4.71m | eta: 28.6m
step 00152/01008 (15.08%) | loss: 3.921464 | lrm: 1.00 | dt: 2004.14ms | tok/sec: 261,602 | bf16_mfu: 0.00 | epoch: 1 pq: 1 rg: 67 | total time: 4.74m | eta: 28.6m
step 00153/01008 (15.18%) | loss: 3.914465 | lrm: 1.00 | dt: 2003.23ms | tok/sec: 261,721 | bf16_mfu: 0.00 | epoch: 1 pq: 1 rg: 68 | total time: 4.78m | eta: 28.6m
step 00154/01008 (15.28%) | loss: 3.911812 | lrm: 1.00 | dt: 2003.58ms | tok/sec: 261,675 | bf16_mfu: 0.00 | epoch: 1 pq: 1 rg: 69 | total time: 4.81m | eta: 28.5m
step 00155/01008 (15.38%) | loss: 3.900389 | lrm: 1.00 | dt: 2003.48ms | tok/sec: 261,688 | bf16_mfu: 0.00 | epoch: 1 pq: 1 rg: 70 | total time: 4.84m | eta: 28.5m
step 00156/01008 (15.48%) | loss: 3.884619 | lrm: 1.00 | dt: 2004.10ms | tok/sec: 261,607 | bf16_mfu: 0.00 | epoch: 1 pq: 1 rg: 71 | total time: 4.88m | eta: 28.5m
step 00157/01008 (15.58%) | loss: 3.868385 | lrm: 1.00 | dt: 2001.97ms | tok/sec: 261,885 | bf16_mfu: 0.00 | epoch: 1 pq: 1 rg: 72 | total time: 4.91m | eta: 28.4m
step 00158/01008 (15.67%) | loss: 3.851461 | lrm: 1.00 | dt: 2001.36ms | tok/sec: 261,965 | bf16_mfu: 0.00 | epoch: 1 pq: 1 rg: 73 | total time: 4.94m | eta: 28.4m
step 00159/01008 (15.77%) | loss: 3.857785 | lrm: 1.00 | dt: 2002.01ms | tok/sec: 261,880 | bf16_mfu: 0.00 | epoch: 1 pq: 1 rg: 74 | total time: 4.98m | eta: 28.4m
step 00160/01008 (15.87%) | loss: 3.855904 | lrm: 1.00 | dt: 1999.98ms | tok/sec: 262,147 | bf16_mfu: 0.00 | epoch: 1 pq: 1 rg: 75 | total time: 5.01m | eta: 28.3m
step 00161/01008 (15.97%) | loss: 3.853625 | lrm: 1.00 | dt: 2001.71ms | tok/sec: 261,919 | bf16_mfu: 0.00 | epoch: 1 pq: 1 rg: 76 | total time: 5.04m | eta: 28.3m
step 00162/01008 (16.07%) | loss: 3.844182 | lrm: 1.00 | dt: 2000.56ms | tok/sec: 262,070 | bf16_mfu: 0.00 | epoch: 1 pq: 1 rg: 77 | total time: 5.08m | eta: 28.3m
step 00163/01008 (16.17%) | loss: 3.833454 | lrm: 1.00 | dt: 2001.27ms | tok/sec: 261,977 | bf16_mfu: 0.00 | epoch: 1 pq: 1 rg: 78 | total time: 5.11m | eta: 28.2m
step 00164/01008 (16.27%) | loss: 3.817473 | lrm: 1.00 | dt: 2000.51ms | tok/sec: 262,077 | bf16_mfu: 0.00 | epoch: 1 pq: 1 rg: 79 | total time: 5.14m | eta: 28.2m
step 00165/01008 (16.37%) | loss: 3.819352 | lrm: 1.00 | dt: 2001.50ms | tok/sec: 261,947 | bf16_mfu: 0.00 | epoch: 1 pq: 1 rg: 80 | total time: 5.18m | eta: 28.2m
step 00166/01008 (16.47%) | loss: 3.818369 | lrm: 1.00 | dt: 2000.10ms | tok/sec: 262,130 | bf16_mfu: 0.00 | epoch: 1 pq: 1 rg: 81 | total time: 5.21m | eta: 28.1m
step 00167/01008 (16.57%) | loss: 3.812858 | lrm: 1.00 | dt: 2000.01ms | tok/sec: 262,142 | bf16_mfu: 0.00 | epoch: 1 pq: 1 rg: 82 | total time: 5.24m | eta: 28.1m
step 00168/01008 (16.67%) | loss: 3.810202 | lrm: 1.00 | dt: 1999.92ms | tok/sec: 262,154 | bf16_mfu: 0.00 | epoch: 1 pq: 1 rg: 83 | total time: 5.28m | eta: 28.0m
step 00169/01008 (16.77%) | loss: 3.792799 | lrm: 1.00 | dt: 1999.79ms | tok/sec: 262,171 | bf16_mfu: 0.00 | epoch: 1 pq: 2 rg: 0 | total time: 5.31m | eta: 28.0m
step 00170/01008 (16.87%) | loss: 3.782252 | lrm: 1.00 | dt: 2000.40ms | tok/sec: 262,091 | bf16_mfu: 0.00 | epoch: 1 pq: 2 rg: 1 | total time: 5.34m | eta: 28.0m
step 00171/01008 (16.96%) | loss: 3.771545 | lrm: 1.00 | dt: 2000.92ms | tok/sec: 262,023 | bf16_mfu: 0.00 | epoch: 1 pq: 2 rg: 2 | total time: 5.38m | eta: 27.9m
step 00172/01008 (17.06%) | loss: 3.771446 | lrm: 1.00 | dt: 2000.67ms | tok/sec: 262,056 | bf16_mfu: 0.00 | epoch: 1 pq: 2 rg: 3 | total time: 5.41m | eta: 27.9m
step 00173/01008 (17.16%) | loss: 3.788533 | lrm: 1.00 | dt: 1999.24ms | tok/sec: 262,243 | bf16_mfu: 0.00 | epoch: 1 pq: 2 rg: 4 | total time: 5.44m | eta: 27.9m
step 00174/01008 (17.26%) | loss: 3.770651 | lrm: 1.00 | dt: 1999.86ms | tok/sec: 262,161 | bf16_mfu: 0.00 | epoch: 1 pq: 2 rg: 5 | total time: 5.48m | eta: 27.8m
step 00175/01008 (17.36%) | loss: 3.765629 | lrm: 1.00 | dt: 1999.53ms | tok/sec: 262,205 | bf16_mfu: 0.00 | epoch: 1 pq: 2 rg: 6 | total time: 5.51m | eta: 27.8m
step 00176/01008 (17.46%) | loss: 3.762736 | lrm: 1.00 | dt: 2000.36ms | tok/sec: 262,097 | bf16_mfu: 0.00 | epoch: 1 pq: 2 rg: 7 | total time: 5.54m | eta: 27.8m
step 00177/01008 (17.56%) | loss: 3.767000 | lrm: 1.00 | dt: 1998.97ms | tok/sec: 262,279 | bf16_mfu: 0.00 | epoch: 1 pq: 2 rg: 8 | total time: 5.58m | eta: 27.7m
step 00178/01008 (17.66%) | loss: 3.757218 | lrm: 1.00 | dt: 1998.79ms | tok/sec: 262,303 | bf16_mfu: 0.00 | epoch: 1 pq: 2 rg: 9 | total time: 5.61m | eta: 27.7m
step 00179/01008 (17.76%) | loss: 3.755088 | lrm: 1.00 | dt: 1999.51ms | tok/sec: 262,208 | bf16_mfu: 0.00 | epoch: 1 pq: 2 rg: 10 | total time: 5.64m | eta: 27.7m
step 00180/01008 (17.86%) | loss: 3.740436 | lrm: 1.00 | dt: 1999.10ms | tok/sec: 262,261 | bf16_mfu: 0.00 | epoch: 1 pq: 2 rg: 10 | total time: 5.68m | eta: 27.6m
step 00181/01008 (17.96%) | loss: 3.754200 | lrm: 1.00 | dt: 2000.35ms | tok/sec: 262,098 | bf16_mfu: 0.00 | epoch: 1 pq: 2 rg: 11 | total time: 5.71m | eta: 27.6m
step 00182/01008 (18.06%) | loss: 3.730350 | lrm: 1.00 | dt: 1998.01ms | tok/sec: 262,405 | bf16_mfu: 0.00 | epoch: 1 pq: 2 rg: 12 | total time: 5.74m | eta: 27.6m
step 00183/01008 (18.15%) | loss: 3.728026 | lrm: 1.00 | dt: 1999.08ms | tok/sec: 262,265 | bf16_mfu: 0.00 | epoch: 1 pq: 2 rg: 13 | total time: 5.78m | eta: 27.5m
step 00184/01008 (18.25%) | loss: 3.730827 | lrm: 1.00 | dt: 1997.82ms | tok/sec: 262,430 | bf16_mfu: 0.00 | epoch: 1 pq: 2 rg: 14 | total time: 5.81m | eta: 27.5m
step 00185/01008 (18.35%) | loss: 3.733261 | lrm: 1.00 | dt: 1997.55ms | tok/sec: 262,465 | bf16_mfu: 0.00 | epoch: 1 pq: 2 rg: 15 | total time: 5.84m | eta: 27.5m
step 00186/01008 (18.45%) | loss: 3.733897 | lrm: 1.00 | dt: 1997.28ms | tok/sec: 262,501 | bf16_mfu: 0.00 | epoch: 1 pq: 2 rg: 16 | total time: 5.88m | eta: 27.4m
step 00187/01008 (18.55%) | loss: 3.731381 | lrm: 1.00 | dt: 1997.19ms | tok/sec: 262,513 | bf16_mfu: 0.00 | epoch: 1 pq: 2 rg: 17 | total time: 5.91m | eta: 27.4m
step 00188/01008 (18.65%) | loss: 3.734079 | lrm: 1.00 | dt: 1997.39ms | tok/sec: 262,486 | bf16_mfu: 0.00 | epoch: 1 pq: 2 rg: 18 | total time: 5.94m | eta: 27.4m
step 00189/01008 (18.75%) | loss: 3.733455 | lrm: 1.00 | dt: 1997.32ms | tok/sec: 262,496 | bf16_mfu: 0.00 | epoch: 1 pq: 2 rg: 19 | total time: 5.98m | eta: 27.3m
step 00190/01008 (18.85%) | loss: 3.743866 | lrm: 1.00 | dt: 1997.03ms | tok/sec: 262,533 | bf16_mfu: 0.00 | epoch: 1 pq: 2 rg: 20 | total time: 6.01m | eta: 27.3m
step 00191/01008 (18.95%) | loss: 3.740010 | lrm: 1.00 | dt: 1996.34ms | tok/sec: 262,624 | bf16_mfu: 0.00 | epoch: 1 pq: 2 rg: 21 | total time: 6.04m | eta: 27.3m
step 00192/01008 (19.05%) | loss: 3.740869 | lrm: 1.00 | dt: 1997.67ms | tok/sec: 262,450 | bf16_mfu: 0.00 | epoch: 1 pq: 2 rg: 22 | total time: 6.08m | eta: 27.2m
step 00193/01008 (19.15%) | loss: 3.737152 | lrm: 1.00 | dt: 1997.86ms | tok/sec: 262,424 | bf16_mfu: 0.00 | epoch: 1 pq: 2 rg: 23 | total time: 6.11m | eta: 27.2m
step 00194/01008 (19.25%) | loss: 3.737572 | lrm: 1.00 | dt: 1997.87ms | tok/sec: 262,424 | bf16_mfu: 0.00 | epoch: 1 pq: 2 rg: 24 | total time: 6.14m | eta: 27.2m
step 00195/01008 (19.35%) | loss: 3.728226 | lrm: 1.00 | dt: 1997.00ms | tok/sec: 262,538 | bf16_mfu: 0.00 | epoch: 1 pq: 2 rg: 25 | total time: 6.18m | eta: 27.1m
step 00196/01008 (19.44%) | loss: 3.724594 | lrm: 1.00 | dt: 1997.99ms | tok/sec: 262,407 | bf16_mfu: 0.00 | epoch: 1 pq: 2 rg: 26 | total time: 6.21m | eta: 27.1m
step 00197/01008 (19.54%) | loss: 3.718326 | lrm: 1.00 | dt: 1996.22ms | tok/sec: 262,640 | bf16_mfu: 0.00 | epoch: 1 pq: 2 rg: 27 | total time: 6.24m | eta: 27.1m
step 00198/01008 (19.64%) | loss: 3.717138 | lrm: 1.00 | dt: 1997.24ms | tok/sec: 262,506 | bf16_mfu: 0.00 | epoch: 1 pq: 2 rg: 28 | total time: 6.28m | eta: 27.0m
step 00199/01008 (19.74%) | loss: 3.715069 | lrm: 1.00 | dt: 1997.40ms | tok/sec: 262,485 | bf16_mfu: 0.00 | epoch: 1 pq: 2 rg: 29 | total time: 6.31m | eta: 27.0m
step 00200/01008 (19.84%) | loss: 3.720309 | lrm: 1.00 | dt: 1998.56ms | tok/sec: 262,332 | bf16_mfu: 0.00 | epoch: 1 pq: 2 rg: 30 | total time: 6.34m | eta: 27.0m
step 00201/01008 (19.94%) | loss: 3.715542 | lrm: 1.00 | dt: 1996.32ms | tok/sec: 262,627 | bf16_mfu: 0.00 | epoch: 1 pq: 2 rg: 31 | total time: 6.38m | eta: 26.9m
step 00202/01008 (20.04%) | loss: 3.716875 | lrm: 1.00 | dt: 1996.21ms | tok/sec: 262,641 | bf16_mfu: 0.00 | epoch: 1 pq: 2 rg: 32 | total time: 6.41m | eta: 26.9m
step 00203/01008 (20.14%) | loss: 3.718280 | lrm: 1.00 | dt: 1997.04ms | tok/sec: 262,532 | bf16_mfu: 0.00 | epoch: 1 pq: 2 rg: 33 | total time: 6.44m | eta: 26.9m
step 00204/01008 (20.24%) | loss: 3.717722 | lrm: 1.00 | dt: 1996.26ms | tok/sec: 262,634 | bf16_mfu: 0.00 | epoch: 1 pq: 2 rg: 34 | total time: 6.47m | eta: 26.8m
step 00205/01008 (20.34%) | loss: 3.723248 | lrm: 1.00 | dt: 1995.54ms | tok/sec: 262,730 | bf16_mfu: 0.00 | epoch: 1 pq: 2 rg: 35 | total time: 6.51m | eta: 26.8m
step 00206/01008 (20.44%) | loss: 3.710030 | lrm: 1.00 | dt: 1996.11ms | tok/sec: 262,654 | bf16_mfu: 0.00 | epoch: 1 pq: 2 rg: 36 | total time: 6.54m | eta: 26.8m
step 00207/01008 (20.54%) | loss: 3.711634 | lrm: 1.00 | dt: 1996.43ms | tok/sec: 262,612 | bf16_mfu: 0.00 | epoch: 1 pq: 2 rg: 37 | total time: 6.57m | eta: 26.7m
step 00208/01008 (20.63%) | loss: 3.715296 | lrm: 1.00 | dt: 1996.57ms | tok/sec: 262,594 | bf16_mfu: 0.00 | epoch: 1 pq: 2 rg: 38 | total time: 6.61m | eta: 26.7m
step 00209/01008 (20.73%) | loss: 3.702687 | lrm: 1.00 | dt: 1996.80ms | tok/sec: 262,564 | bf16_mfu: 0.00 | epoch: 1 pq: 2 rg: 38 | total time: 6.64m | eta: 26.7m
step 00210/01008 (20.83%) | loss: 3.692939 | lrm: 1.00 | dt: 1995.36ms | tok/sec: 262,753 | bf16_mfu: 0.00 | epoch: 1 pq: 2 rg: 39 | total time: 6.67m | eta: 26.6m
step 00211/01008 (20.93%) | loss: 3.695684 | lrm: 1.00 | dt: 1994.36ms | tok/sec: 262,885 | bf16_mfu: 0.00 | epoch: 1 pq: 2 rg: 40 | total time: 6.71m | eta: 26.6m
step 00212/01008 (21.03%) | loss: 3.687548 | lrm: 1.00 | dt: 1994.47ms | tok/sec: 262,870 | bf16_mfu: 0.00 | epoch: 1 pq: 2 rg: 41 | total time: 6.74m | eta: 26.6m
step 00213/01008 (21.13%) | loss: 3.686961 | lrm: 1.00 | dt: 1994.72ms | tok/sec: 262,837 | bf16_mfu: 0.00 | epoch: 1 pq: 2 rg: 42 | total time: 6.77m | eta: 26.5m
step 00214/01008 (21.23%) | loss: 3.684619 | lrm: 1.00 | dt: 1993.63ms | tok/sec: 262,981 | bf16_mfu: 0.00 | epoch: 1 pq: 2 rg: 43 | total time: 6.81m | eta: 26.5m
step 00215/01008 (21.33%) | loss: 3.683131 | lrm: 1.00 | dt: 1996.38ms | tok/sec: 262,619 | bf16_mfu: 0.00 | epoch: 1 pq: 2 rg: 44 | total time: 6.84m | eta: 26.5m
step 00216/01008 (21.43%) | loss: 3.676058 | lrm: 1.00 | dt: 1995.20ms | tok/sec: 262,774 | bf16_mfu: 0.00 | epoch: 1 pq: 2 rg: 45 | total time: 6.87m | eta: 26.4m
step 00217/01008 (21.53%) | loss: 3.671024 | lrm: 1.00 | dt: 1994.21ms | tok/sec: 262,904 | bf16_mfu: 0.00 | epoch: 1 pq: 2 rg: 46 | total time: 6.91m | eta: 26.4m
step 00218/01008 (21.63%) | loss: 3.665289 | lrm: 1.00 | dt: 1992.86ms | tok/sec: 263,083 | bf16_mfu: 0.00 | epoch: 1 pq: 2 rg: 47 | total time: 6.94m | eta: 26.4m
step 00219/01008 (21.73%) | loss: 3.666002 | lrm: 1.00 | dt: 1993.17ms | tok/sec: 263,042 | bf16_mfu: 0.00 | epoch: 1 pq: 2 rg: 48 | total time: 6.97m | eta: 26.3m
step 00220/01008 (21.83%) | loss: 3.660980 | lrm: 1.00 | dt: 1993.01ms | tok/sec: 263,063 | bf16_mfu: 0.00 | epoch: 1 pq: 2 rg: 49 | total time: 7.01m | eta: 26.3m
step 00221/01008 (21.92%) | loss: 3.652251 | lrm: 1.00 | dt: 1992.04ms | tok/sec: 263,191 | bf16_mfu: 0.00 | epoch: 1 pq: 2 rg: 50 | total time: 7.04m | eta: 26.3m
step 00222/01008 (22.02%) | loss: 3.657744 | lrm: 1.00 | dt: 1993.27ms | tok/sec: 263,029 | bf16_mfu: 0.00 | epoch: 1 pq: 2 rg: 51 | total time: 7.07m | eta: 26.2m
step 00223/01008 (22.12%) | loss: 3.648591 | lrm: 1.00 | dt: 1993.90ms | tok/sec: 262,946 | bf16_mfu: 0.00 | epoch: 1 pq: 2 rg: 52 | total time: 7.11m | eta: 26.2m
step 00224/01008 (22.22%) | loss: 3.648475 | lrm: 1.00 | dt: 1994.36ms | tok/sec: 262,885 | bf16_mfu: 0.00 | epoch: 1 pq: 2 rg: 53 | total time: 7.14m | eta: 26.2m
step 00225/01008 (22.32%) | loss: 3.646900 | lrm: 1.00 | dt: 1994.49ms | tok/sec: 262,867 | bf16_mfu: 0.00 | epoch: 1 pq: 2 rg: 54 | total time: 7.17m | eta: 26.1m
step 00226/01008 (22.42%) | loss: 3.643881 | lrm: 1.00 | dt: 1993.97ms | tok/sec: 262,937 | bf16_mfu: 0.00 | epoch: 1 pq: 2 rg: 55 | total time: 7.21m | eta: 26.1m
step 00227/01008 (22.52%) | loss: 3.629334 | lrm: 1.00 | dt: 1995.32ms | tok/sec: 262,758 | bf16_mfu: 0.00 | epoch: 1 pq: 2 rg: 56 | total time: 7.24m | eta: 26.1m
step 00228/01008 (22.62%) | loss: 3.628980 | lrm: 1.00 | dt: 1994.43ms | tok/sec: 262,876 | bf16_mfu: 0.00 | epoch: 1 pq: 2 rg: 57 | total time: 7.27m | eta: 26.0m
step 00229/01008 (22.72%) | loss: 3.628089 | lrm: 1.00 | dt: 1994.54ms | tok/sec: 262,862 | bf16_mfu: 0.00 | epoch: 1 pq: 2 rg: 58 | total time: 7.31m | eta: 26.0m
step 00230/01008 (22.82%) | loss: 3.630961 | lrm: 1.00 | dt: 1994.02ms | tok/sec: 262,930 | bf16_mfu: 0.00 | epoch: 1 pq: 2 rg: 59 | total time: 7.34m | eta: 26.0m
step 00231/01008 (22.92%) | loss: 3.627962 | lrm: 1.00 | dt: 1994.47ms | tok/sec: 262,870 | bf16_mfu: 0.00 | epoch: 1 pq: 2 rg: 60 | total time: 7.37m | eta: 25.9m
step 00232/01008 (23.02%) | loss: 3.624024 | lrm: 1.00 | dt: 1992.91ms | tok/sec: 263,076 | bf16_mfu: 0.00 | epoch: 1 pq: 2 rg: 61 | total time: 7.41m | eta: 25.9m
step 00233/01008 (23.12%) | loss: 3.638650 | lrm: 1.00 | dt: 1992.94ms | tok/sec: 263,072 | bf16_mfu: 0.00 | epoch: 1 pq: 2 rg: 62 | total time: 7.44m | eta: 25.9m
step 00234/01008 (23.21%) | loss: 3.628902 | lrm: 1.00 | dt: 1991.81ms | tok/sec: 263,222 | bf16_mfu: 0.00 | epoch: 1 pq: 2 rg: 63 | total time: 7.47m | eta: 25.8m
step 00235/01008 (23.31%) | loss: 3.618007 | lrm: 1.00 | dt: 1993.78ms | tok/sec: 262,961 | bf16_mfu: 0.00 | epoch: 1 pq: 2 rg: 64 | total time: 7.51m | eta: 25.8m
step 00236/01008 (23.41%) | loss: 3.629215 | lrm: 1.00 | dt: 1992.08ms | tok/sec: 263,186 | bf16_mfu: 0.00 | epoch: 1 pq: 2 rg: 65 | total time: 7.54m | eta: 25.8m
step 00237/01008 (23.51%) | loss: 3.626940 | lrm: 1.00 | dt: 1992.69ms | tok/sec: 263,105 | bf16_mfu: 0.00 | epoch: 1 pq: 2 rg: 66 | total time: 7.57m | eta: 25.7m
step 00238/01008 (23.61%) | loss: 3.622427 | lrm: 1.00 | dt: 1992.88ms | tok/sec: 263,080 | bf16_mfu: 0.00 | epoch: 1 pq: 2 rg: 67 | total time: 7.60m | eta: 25.7m
step 00239/01008 (23.71%) | loss: 3.624856 | lrm: 1.00 | dt: 1992.90ms | tok/sec: 263,077 | bf16_mfu: 0.00 | epoch: 1 pq: 2 rg: 68 | total time: 7.64m | eta: 25.6m
step 00240/01008 (23.81%) | loss: 3.612328 | lrm: 1.00 | dt: 1991.83ms | tok/sec: 263,218 | bf16_mfu: 0.00 | epoch: 1 pq: 2 rg: 69 | total time: 7.67m | eta: 25.6m
step 00241/01008 (23.91%) | loss: 3.607596 | lrm: 1.00 | dt: 1993.11ms | tok/sec: 263,050 | bf16_mfu: 0.00 | epoch: 1 pq: 2 rg: 70 | total time: 7.70m | eta: 25.6m
step 00242/01008 (24.01%) | loss: 3.597398 | lrm: 1.00 | dt: 1991.38ms | tok/sec: 263,278 | bf16_mfu: 0.00 | epoch: 1 pq: 2 rg: 71 | total time: 7.74m | eta: 25.5m
step 00243/01008 (24.11%) | loss: 3.609495 | lrm: 1.00 | dt: 1991.69ms | tok/sec: 263,238 | bf16_mfu: 0.00 | epoch: 1 pq: 2 rg: 72 | total time: 7.77m | eta: 25.5m
step 00244/01008 (24.21%) | loss: 3.607165 | lrm: 1.00 | dt: 1992.57ms | tok/sec: 263,121 | bf16_mfu: 0.00 | epoch: 1 pq: 2 rg: 72 | total time: 7.80m | eta: 25.5m
step 00245/01008 (24.31%) | loss: 3.610950 | lrm: 1.00 | dt: 1993.66ms | tok/sec: 262,977 | bf16_mfu: 0.00 | epoch: 1 pq: 2 rg: 73 | total time: 7.84m | eta: 25.4m
step 00246/01008 (24.40%) | loss: 3.603697 | lrm: 1.00 | dt: 1991.74ms | tok/sec: 263,231 | bf16_mfu: 0.00 | epoch: 1 pq: 2 rg: 74 | total time: 7.87m | eta: 25.4m
step 00247/01008 (24.50%) | loss: 3.602197 | lrm: 1.00 | dt: 1993.98ms | tok/sec: 262,935 | bf16_mfu: 0.00 | epoch: 1 pq: 2 rg: 75 | total time: 7.90m | eta: 25.4m
step 00248/01008 (24.60%) | loss: 3.594011 | lrm: 1.00 | dt: 1992.52ms | tok/sec: 263,128 | bf16_mfu: 0.00 | epoch: 1 pq: 2 rg: 76 | total time: 7.94m | eta: 25.3m
step 00249/01008 (24.70%) | loss: 3.584934 | lrm: 1.00 | dt: 1994.16ms | tok/sec: 262,911 | bf16_mfu: 0.00 | epoch: 1 pq: 2 rg: 77 | total time: 7.97m | eta: 25.3m
Step 00250 | Validation bpb: 1.089795
step 00250/01008 (24.80%) | loss: 3.588619 | lrm: 1.00 | dt: 1978.34ms | tok/sec: 265,014 | bf16_mfu: 0.00 | epoch: 1 pq: 2 rg: 78 | total time: 8.00m | eta: 25.3m
step 00251/01008 (24.90%) | loss: 3.582777 | lrm: 1.00 | dt: 1982.07ms | tok/sec: 264,515 | bf16_mfu: 0.00 | epoch: 1 pq: 2 rg: 79 | total time: 8.04m | eta: 25.2m
step 00252/01008 (25.00%) | loss: 3.569013 | lrm: 1.00 | dt: 1983.22ms | tok/sec: 264,362 | bf16_mfu: 0.00 | epoch: 1 pq: 2 rg: 80 | total time: 8.07m | eta: 25.2m
step 00253/01008 (25.10%) | loss: 3.569875 | lrm: 1.00 | dt: 1982.69ms | tok/sec: 264,432 | bf16_mfu: 0.00 | epoch: 1 pq: 2 rg: 81 | total time: 8.10m | eta: 25.2m
step 00254/01008 (25.20%) | loss: 3.571673 | lrm: 1.00 | dt: 1983.16ms | tok/sec: 264,370 | bf16_mfu: 0.00 | epoch: 1 pq: 2 rg: 82 | total time: 8.14m | eta: 25.1m
step 00255/01008 (25.30%) | loss: 3.573931 | lrm: 1.00 | dt: 1983.41ms | tok/sec: 264,337 | bf16_mfu: 0.00 | epoch: 1 pq: 3 rg: 0 | total time: 8.17m | eta: 25.1m
step 00256/01008 (25.40%) | loss: 3.573753 | lrm: 1.00 | dt: 1983.98ms | tok/sec: 264,260 | bf16_mfu: 0.00 | epoch: 1 pq: 3 rg: 1 | total time: 8.20m | eta: 25.1m
step 00257/01008 (25.50%) | loss: 3.571252 | lrm: 1.00 | dt: 1984.92ms | tok/sec: 264,135 | bf16_mfu: 0.00 | epoch: 1 pq: 3 rg: 2 | total time: 8.23m | eta: 25.0m
step 00258/01008 (25.60%) | loss: 3.568807 | lrm: 1.00 | dt: 1984.46ms | tok/sec: 264,196 | bf16_mfu: 0.00 | epoch: 1 pq: 3 rg: 3 | total time: 8.27m | eta: 25.0m
step 00259/01008 (25.69%) | loss: 3.571852 | lrm: 1.00 | dt: 1984.57ms | tok/sec: 264,182 | bf16_mfu: 0.00 | epoch: 1 pq: 3 rg: 4 | total time: 8.30m | eta: 25.0m
step 00260/01008 (25.79%) | loss: 3.570990 | lrm: 1.00 | dt: 1984.99ms | tok/sec: 264,126 | bf16_mfu: 0.00 | epoch: 1 pq: 3 rg: 5 | total time: 8.33m | eta: 24.9m
step 00261/01008 (25.89%) | loss: 3.565429 | lrm: 1.00 | dt: 1984.18ms | tok/sec: 264,233 | bf16_mfu: 0.00 | epoch: 1 pq: 3 rg: 6 | total time: 8.37m | eta: 24.9m
step 00262/01008 (25.99%) | loss: 3.554704 | lrm: 1.00 | dt: 1984.69ms | tok/sec: 264,166 | bf16_mfu: 0.00 | epoch: 1 pq: 3 rg: 7 | total time: 8.40m | eta: 24.9m
step 00263/01008 (26.09%) | loss: 3.551522 | lrm: 1.00 | dt: 1984.98ms | tok/sec: 264,128 | bf16_mfu: 0.00 | epoch: 1 pq: 3 rg: 8 | total time: 8.43m | eta: 24.8m
step 00264/01008 (26.19%) | loss: 3.547252 | lrm: 1.00 | dt: 1985.09ms | tok/sec: 264,112 | bf16_mfu: 0.00 | epoch: 1 pq: 3 rg: 9 | total time: 8.47m | eta: 24.8m
step 00265/01008 (26.29%) | loss: 3.547616 | lrm: 1.00 | dt: 1984.55ms | tok/sec: 264,185 | bf16_mfu: 0.00 | epoch: 1 pq: 3 rg: 10 | total time: 8.50m | eta: 24.8m
step 00266/01008 (26.39%) | loss: 3.545169 | lrm: 1.00 | dt: 1984.01ms | tok/sec: 264,256 | bf16_mfu: 0.00 | epoch: 1 pq: 3 rg: 11 | total time: 8.53m | eta: 24.7m
step 00267/01008 (26.49%) | loss: 3.543145 | lrm: 1.00 | dt: 1986.87ms | tok/sec: 263,876 | bf16_mfu: 0.00 | epoch: 1 pq: 3 rg: 12 | total time: 8.57m | eta: 24.7m
step 00268/01008 (26.59%) | loss: 3.544377 | lrm: 1.00 | dt: 1985.44ms | tok/sec: 264,066 | bf16_mfu: 0.00 | epoch: 1 pq: 3 rg: 13 | total time: 8.60m | eta: 24.7m
step 00269/01008 (26.69%) | loss: 3.540670 | lrm: 1.00 | dt: 1986.05ms | tok/sec: 263,985 | bf16_mfu: 0.00 | epoch: 1 pq: 3 rg: 14 | total time: 8.63m | eta: 24.6m
step 00270/01008 (26.79%) | loss: 3.529984 | lrm: 1.00 | dt: 1984.65ms | tok/sec: 264,171 | bf16_mfu: 0.00 | epoch: 1 pq: 3 rg: 15 | total time: 8.66m | eta: 24.6m
step 00271/01008 (26.88%) | loss: 3.530460 | lrm: 1.00 | dt: 1986.67ms | tok/sec: 263,902 | bf16_mfu: 0.00 | epoch: 1 pq: 3 rg: 15 | total time: 8.70m | eta: 24.6m
step 00272/01008 (26.98%) | loss: 3.533391 | lrm: 1.00 | dt: 1986.47ms | tok/sec: 263,929 | bf16_mfu: 0.00 | epoch: 1 pq: 3 rg: 16 | total time: 8.73m | eta: 24.5m
step 00273/01008 (27.08%) | loss: 3.537959 | lrm: 1.00 | dt: 1985.71ms | tok/sec: 264,030 | bf16_mfu: 0.00 | epoch: 1 pq: 3 rg: 17 | total time: 8.76m | eta: 24.5m
step 00274/01008 (27.18%) | loss: 3.534494 | lrm: 1.00 | dt: 1986.06ms | tok/sec: 263,984 | bf16_mfu: 0.00 | epoch: 1 pq: 3 rg: 18 | total time: 8.80m | eta: 24.5m
step 00275/01008 (27.28%) | loss: 3.541847 | lrm: 1.00 | dt: 1983.58ms | tok/sec: 264,313 | bf16_mfu: 0.00 | epoch: 1 pq: 3 rg: 19 | total time: 8.83m | eta: 24.4m
step 00276/01008 (27.38%) | loss: 3.538616 | lrm: 1.00 | dt: 1985.42ms | tok/sec: 264,069 | bf16_mfu: 0.00 | epoch: 1 pq: 3 rg: 20 | total time: 8.86m | eta: 24.4m
step 00277/01008 (27.48%) | loss: 3.529544 | lrm: 1.00 | dt: 1986.98ms | tok/sec: 263,861 | bf16_mfu: 0.00 | epoch: 1 pq: 3 rg: 21 | total time: 8.90m | eta: 24.4m
step 00278/01008 (27.58%) | loss: 3.527065 | lrm: 1.00 | dt: 1986.10ms | tok/sec: 263,979 | bf16_mfu: 0.00 | epoch: 1 pq: 3 rg: 22 | total time: 8.93m | eta: 24.3m
step 00279/01008 (27.68%) | loss: 3.526811 | lrm: 1.00 | dt: 1986.53ms | tok/sec: 263,921 | bf16_mfu: 0.00 | epoch: 1 pq: 3 rg: 23 | total time: 8.96m | eta: 24.3m
step 00280/01008 (27.78%) | loss: 3.527986 | lrm: 1.00 | dt: 1986.94ms | tok/sec: 263,866 | bf16_mfu: 0.00 | epoch: 1 pq: 3 rg: 24 | total time: 9.00m | eta: 24.3m
step 00281/01008 (27.88%) | loss: 3.515551 | lrm: 1.00 | dt: 1986.72ms | tok/sec: 263,895 | bf16_mfu: 0.00 | epoch: 1 pq: 3 rg: 25 | total time: 9.03m | eta: 24.2m
step 00282/01008 (27.98%) | loss: 3.514918 | lrm: 1.00 | dt: 1986.48ms | tok/sec: 263,928 | bf16_mfu: 0.00 | epoch: 1 pq: 3 rg: 26 | total time: 9.06m | eta: 24.2m
step 00283/01008 (28.08%) | loss: 3.518506 | lrm: 1.00 | dt: 1986.16ms | tok/sec: 263,970 | bf16_mfu: 0.00 | epoch: 1 pq: 3 rg: 27 | total time: 9.10m | eta: 24.2m
step 00284/01008 (28.17%) | loss: 3.526056 | lrm: 1.00 | dt: 1987.29ms | tok/sec: 263,820 | bf16_mfu: 0.00 | epoch: 1 pq: 3 rg: 28 | total time: 9.13m | eta: 24.1m
step 00285/01008 (28.27%) | loss: 3.520042 | lrm: 1.00 | dt: 1985.24ms | tok/sec: 264,093 | bf16_mfu: 0.00 | epoch: 1 pq: 3 rg: 29 | total time: 9.16m | eta: 24.1m
step 00286/01008 (28.37%) | loss: 3.525587 | lrm: 1.00 | dt: 1985.82ms | tok/sec: 264,016 | bf16_mfu: 0.00 | epoch: 1 pq: 3 rg: 30 | total time: 9.19m | eta: 24.1m
step 00287/01008 (28.47%) | loss: 3.537060 | lrm: 1.00 | dt: 1985.55ms | tok/sec: 264,052 | bf16_mfu: 0.00 | epoch: 1 pq: 3 rg: 31 | total time: 9.23m | eta: 24.0m
step 00288/01008 (28.57%) | loss: 3.525337 | lrm: 1.00 | dt: 1986.91ms | tok/sec: 263,870 | bf16_mfu: 0.00 | epoch: 1 pq: 3 rg: 32 | total time: 9.26m | eta: 24.0m
step 00289/01008 (28.67%) | loss: 3.531801 | lrm: 1.00 | dt: 1986.62ms | tok/sec: 263,909 | bf16_mfu: 0.00 | epoch: 1 pq: 3 rg: 33 | total time: 9.29m | eta: 24.0m
step 00290/01008 (28.77%) | loss: 3.529374 | lrm: 1.00 | dt: 1987.22ms | tok/sec: 263,830 | bf16_mfu: 0.00 | epoch: 1 pq: 3 rg: 34 | total time: 9.33m | eta: 23.9m
step 00291/01008 (28.87%) | loss: 3.529725 | lrm: 1.00 | dt: 1987.21ms | tok/sec: 263,831 | bf16_mfu: 0.00 | epoch: 1 pq: 3 rg: 35 | total time: 9.36m | eta: 23.9m
step 00292/01008 (28.97%) | loss: 3.529624 | lrm: 1.00 | dt: 1985.39ms | tok/sec: 264,073 | bf16_mfu: 0.00 | epoch: 1 pq: 3 rg: 36 | total time: 9.39m | eta: 23.8m
step 00293/01008 (29.07%) | loss: 3.529450 | lrm: 1.00 | dt: 1985.73ms | tok/sec: 264,027 | bf16_mfu: 0.00 | epoch: 1 pq: 3 rg: 37 | total time: 9.43m | eta: 23.8m
step 00294/01008 (29.17%) | loss: 3.524664 | lrm: 1.00 | dt: 1988.02ms | tok/sec: 263,724 | bf16_mfu: 0.00 | epoch: 1 pq: 3 rg: 38 | total time: 9.46m | eta: 23.8m
step 00295/01008 (29.27%) | loss: 3.520541 | lrm: 1.00 | dt: 1985.84ms | tok/sec: 264,013 | bf16_mfu: 0.00 | epoch: 1 pq: 3 rg: 39 | total time: 9.49m | eta: 23.7m
step 00296/01008 (29.37%) | loss: 3.518679 | lrm: 1.00 | dt: 1987.72ms | tok/sec: 263,764 | bf16_mfu: 0.00 | epoch: 1 pq: 3 rg: 40 | total time: 9.53m | eta: 23.7m
step 00297/01008 (29.46%) | loss: 3.509449 | lrm: 1.00 | dt: 1986.92ms | tok/sec: 263,870 | bf16_mfu: 0.00 | epoch: 1 pq: 3 rg: 41 | total time: 9.56m | eta: 23.7m
step 00298/01008 (29.56%) | loss: 3.511052 | lrm: 1.00 | dt: 1985.78ms | tok/sec: 264,021 | bf16_mfu: 0.00 | epoch: 1 pq: 3 rg: 42 | total time: 9.59m | eta: 23.6m
step 00299/01008 (29.66%) | loss: 3.496723 | lrm: 1.00 | dt: 1985.68ms | tok/sec: 264,034 | bf16_mfu: 0.00 | epoch: 1 pq: 3 rg: 43 | total time: 9.62m | eta: 23.6m
step 00300/01008 (29.76%) | loss: 3.500406 | lrm: 1.00 | dt: 1986.17ms | tok/sec: 263,969 | bf16_mfu: 0.00 | epoch: 1 pq: 3 rg: 44 | total time: 9.66m | eta: 23.6m
step 00301/01008 (29.86%) | loss: 3.502123 | lrm: 1.00 | dt: 1984.74ms | tok/sec: 264,159 | bf16_mfu: 0.00 | epoch: 1 pq: 3 rg: 45 | total time: 9.69m | eta: 23.5m
step 00302/01008 (29.96%) | loss: 3.494143 | lrm: 1.00 | dt: 1986.05ms | tok/sec: 263,984 | bf16_mfu: 0.00 | epoch: 1 pq: 3 rg: 46 | total time: 9.72m | eta: 23.5m
step 00303/01008 (30.06%) | loss: 3.504366 | lrm: 1.00 | dt: 1986.23ms | tok/sec: 263,960 | bf16_mfu: 0.00 | epoch: 1 pq: 3 rg: 47 | total time: 9.76m | eta: 23.5m
step 00304/01008 (30.16%) | loss: 3.494876 | lrm: 1.00 | dt: 1984.85ms | tok/sec: 264,144 | bf16_mfu: 0.00 | epoch: 1 pq: 3 rg: 48 | total time: 9.79m | eta: 23.4m
step 00305/01008 (30.26%) | loss: 3.487607 | lrm: 1.00 | dt: 1985.82ms | tok/sec: 264,015 | bf16_mfu: 0.00 | epoch: 1 pq: 3 rg: 49 | total time: 9.82m | eta: 23.4m
step 00306/01008 (30.36%) | loss: 3.486343 | lrm: 1.00 | dt: 1986.99ms | tok/sec: 263,860 | bf16_mfu: 0.00 | epoch: 1 pq: 3 rg: 49 | total time: 9.86m | eta: 23.4m
step 00307/01008 (30.46%) | loss: 3.491495 | lrm: 1.00 | dt: 1987.67ms | tok/sec: 263,770 | bf16_mfu: 0.00 | epoch: 1 pq: 3 rg: 50 | total time: 9.89m | eta: 23.3m
step 00308/01008 (30.56%) | loss: 3.483702 | lrm: 1.00 | dt: 1986.86ms | tok/sec: 263,878 | bf16_mfu: 0.00 | epoch: 1 pq: 3 rg: 51 | total time: 9.92m | eta: 23.3m
step 00309/01008 (30.65%) | loss: 3.481392 | lrm: 1.00 | dt: 1987.02ms | tok/sec: 263,856 | bf16_mfu: 0.00 | epoch: 1 pq: 3 rg: 52 | total time: 9.96m | eta: 23.3m
step 00310/01008 (30.75%) | loss: 3.495095 | lrm: 1.00 | dt: 1985.50ms | tok/sec: 264,058 | bf16_mfu: 0.00 | epoch: 1 pq: 3 rg: 53 | total time: 9.99m | eta: 23.2m
step 00311/01008 (30.85%) | loss: 3.491283 | lrm: 1.00 | dt: 1985.29ms | tok/sec: 264,086 | bf16_mfu: 0.00 | epoch: 1 pq: 3 rg: 54 | total time: 10.02m | eta: 23.2m
step 00312/01008 (30.95%) | loss: 3.491510 | lrm: 1.00 | dt: 1986.15ms | tok/sec: 263,972 | bf16_mfu: 0.00 | epoch: 1 pq: 3 rg: 55 | total time: 10.06m | eta: 23.2m
step 00313/01008 (31.05%) | loss: 3.485019 | lrm: 1.00 | dt: 1987.00ms | tok/sec: 263,859 | bf16_mfu: 0.00 | epoch: 1 pq: 3 rg: 56 | total time: 10.09m | eta: 23.1m
step 00314/01008 (31.15%) | loss: 3.481001 | lrm: 1.00 | dt: 1988.50ms | tok/sec: 263,659 | bf16_mfu: 0.00 | epoch: 1 pq: 3 rg: 57 | total time: 10.12m | eta: 23.1m
step 00315/01008 (31.25%) | loss: 3.479212 | lrm: 1.00 | dt: 1986.12ms | tok/sec: 263,975 | bf16_mfu: 0.00 | epoch: 1 pq: 3 rg: 58 | total time: 10.15m | eta: 23.1m
step 00316/01008 (31.35%) | loss: 3.485326 | lrm: 1.00 | dt: 1987.12ms | tok/sec: 263,843 | bf16_mfu: 0.00 | epoch: 1 pq: 3 rg: 59 | total time: 10.19m | eta: 23.0m
step 00317/01008 (31.45%) | loss: 3.483653 | lrm: 1.00 | dt: 1986.49ms | tok/sec: 263,926 | bf16_mfu: 0.00 | epoch: 1 pq: 3 rg: 60 | total time: 10.22m | eta: 23.0m
step 00318/01008 (31.55%) | loss: 3.481080 | lrm: 1.00 | dt: 1986.77ms | tok/sec: 263,889 | bf16_mfu: 0.00 | epoch: 1 pq: 3 rg: 61 | total time: 10.25m | eta: 23.0m
step 00319/01008 (31.65%) | loss: 3.491893 | lrm: 1.00 | dt: 1986.20ms | tok/sec: 263,965 | bf16_mfu: 0.00 | epoch: 1 pq: 3 rg: 62 | total time: 10.29m | eta: 22.9m
step 00320/01008 (31.75%) | loss: 3.494195 | lrm: 1.00 | dt: 1986.80ms | tok/sec: 263,885 | bf16_mfu: 0.00 | epoch: 1 pq: 3 rg: 63 | total time: 10.32m | eta: 22.9m
step 00321/01008 (31.85%) | loss: 3.496296 | lrm: 1.00 | dt: 1987.32ms | tok/sec: 263,817 | bf16_mfu: 0.00 | epoch: 1 pq: 3 rg: 64 | total time: 10.35m | eta: 22.9m
step 00322/01008 (31.94%) | loss: 3.494982 | lrm: 1.00 | dt: 1986.05ms | tok/sec: 263,985 | bf16_mfu: 0.00 | epoch: 1 pq: 3 rg: 65 | total time: 10.39m | eta: 22.8m
step 00323/01008 (32.04%) | loss: 3.494019 | lrm: 1.00 | dt: 1986.21ms | tok/sec: 263,963 | bf16_mfu: 0.00 | epoch: 1 pq: 3 rg: 66 | total time: 10.42m | eta: 22.8m
step 00324/01008 (32.14%) | loss: 3.493281 | lrm: 1.00 | dt: 1985.72ms | tok/sec: 264,029 | bf16_mfu: 0.00 | epoch: 1 pq: 3 rg: 67 | total time: 10.45m | eta: 22.8m
step 00325/01008 (32.24%) | loss: 3.486050 | lrm: 1.00 | dt: 1986.08ms | tok/sec: 263,981 | bf16_mfu: 0.00 | epoch: 1 pq: 3 rg: 68 | total time: 10.49m | eta: 22.7m
step 00326/01008 (32.34%) | loss: 3.488729 | lrm: 1.00 | dt: 1987.33ms | tok/sec: 263,815 | bf16_mfu: 0.00 | epoch: 1 pq: 3 rg: 69 | total time: 10.52m | eta: 22.7m
step 00327/01008 (32.44%) | loss: 3.480041 | lrm: 1.00 | dt: 1986.68ms | tok/sec: 263,902 | bf16_mfu: 0.00 | epoch: 1 pq: 3 rg: 70 | total time: 10.55m | eta: 22.7m
step 00328/01008 (32.54%) | loss: 3.469876 | lrm: 1.00 | dt: 1986.25ms | tok/sec: 263,958 | bf16_mfu: 0.00 | epoch: 1 pq: 3 rg: 71 | total time: 10.58m | eta: 22.6m
step 00329/01008 (32.64%) | loss: 3.462182 | lrm: 1.00 | dt: 1985.65ms | tok/sec: 264,038 | bf16_mfu: 0.00 | epoch: 1 pq: 3 rg: 72 | total time: 10.62m | eta: 22.6m
step 00330/01008 (32.74%) | loss: 3.464794 | lrm: 1.00 | dt: 1987.16ms | tok/sec: 263,837 | bf16_mfu: 0.00 | epoch: 1 pq: 3 rg: 73 | total time: 10.65m | eta: 22.6m
step 00331/01008 (32.84%) | loss: 3.472753 | lrm: 1.00 | dt: 1985.74ms | tok/sec: 264,026 | bf16_mfu: 0.00 | epoch: 1 pq: 3 rg: 73 | total time: 10.68m | eta: 22.5m
step 00332/01008 (32.94%) | loss: 3.474617 | lrm: 1.00 | dt: 1986.10ms | tok/sec: 263,979 | bf16_mfu: 0.00 | epoch: 1 pq: 3 rg: 74 | total time: 10.72m | eta: 22.5m
step 00333/01008 (33.04%) | loss: 3.473278 | lrm: 1.00 | dt: 1985.63ms | tok/sec: 264,041 | bf16_mfu: 0.00 | epoch: 1 pq: 3 rg: 75 | total time: 10.75m | eta: 22.5m
step 00334/01008 (33.13%) | loss: 3.472629 | lrm: 1.00 | dt: 1987.16ms | tok/sec: 263,837 | bf16_mfu: 0.00 | epoch: 1 pq: 3 rg: 76 | total time: 10.78m | eta: 22.4m
step 00335/01008 (33.23%) | loss: 3.465766 | lrm: 1.00 | dt: 1987.27ms | tok/sec: 263,823 | bf16_mfu: 0.00 | epoch: 1 pq: 3 rg: 77 | total time: 10.82m | eta: 22.4m
step 00336/01008 (33.33%) | loss: 3.464390 | lrm: 1.00 | dt: 1986.10ms | tok/sec: 263,979 | bf16_mfu: 0.00 | epoch: 1 pq: 3 rg: 78 | total time: 10.85m | eta: 22.4m
step 00337/01008 (33.43%) | loss: 3.467545 | lrm: 1.00 | dt: 1986.14ms | tok/sec: 263,973 | bf16_mfu: 0.00 | epoch: 1 pq: 3 rg: 79 | total time: 10.88m | eta: 22.3m
step 00338/01008 (33.53%) | loss: 3.466880 | lrm: 1.00 | dt: 1986.26ms | tok/sec: 263,956 | bf16_mfu: 0.00 | epoch: 1 pq: 3 rg: 80 | total time: 10.92m | eta: 22.3m
step 00339/01008 (33.63%) | loss: 3.464236 | lrm: 1.00 | dt: 1985.62ms | tok/sec: 264,043 | bf16_mfu: 0.00 | epoch: 1 pq: 3 rg: 81 | total time: 10.95m | eta: 22.3m
step 00340/01008 (33.73%) | loss: 3.473434 | lrm: 1.00 | dt: 1986.79ms | tok/sec: 263,887 | bf16_mfu: 0.00 | epoch: 1 pq: 4 rg: 0 | total time: 10.98m | eta: 22.2m
step 00341/01008 (33.83%) | loss: 3.481893 | lrm: 1.00 | dt: 1986.44ms | tok/sec: 263,932 | bf16_mfu: 0.00 | epoch: 1 pq: 4 rg: 1 | total time: 11.02m | eta: 22.2m
step 00342/01008 (33.93%) | loss: 3.474062 | lrm: 1.00 | dt: 1984.79ms | tok/sec: 264,152 | bf16_mfu: 0.00 | epoch: 1 pq: 4 rg: 2 | total time: 11.05m | eta: 22.2m
step 00343/01008 (34.03%) | loss: 3.465590 | lrm: 1.00 | dt: 1985.32ms | tok/sec: 264,081 | bf16_mfu: 0.00 | epoch: 1 pq: 4 rg: 3 | total time: 11.08m | eta: 22.1m
step 00344/01008 (34.13%) | loss: 3.467261 | lrm: 1.00 | dt: 1985.02ms | tok/sec: 264,121 | bf16_mfu: 0.00 | epoch: 1 pq: 4 rg: 4 | total time: 11.11m | eta: 22.1m
step 00345/01008 (34.23%) | loss: 3.461236 | lrm: 1.00 | dt: 1983.98ms | tok/sec: 264,260 | bf16_mfu: 0.00 | epoch: 1 pq: 4 rg: 5 | total time: 11.15m | eta: 22.1m
step 00346/01008 (34.33%) | loss: 3.470800 | lrm: 1.00 | dt: 1986.23ms | tok/sec: 263,961 | bf16_mfu: 0.00 | epoch: 1 pq: 4 rg: 6 | total time: 11.18m | eta: 22.0m
step 00347/01008 (34.42%) | loss: 3.463992 | lrm: 1.00 | dt: 1984.06ms | tok/sec: 264,250 | bf16_mfu: 0.00 | epoch: 1 pq: 4 rg: 7 | total time: 11.21m | eta: 22.0m
step 00348/01008 (34.52%) | loss: 3.451573 | lrm: 1.00 | dt: 1984.10ms | tok/sec: 264,244 | bf16_mfu: 0.00 | epoch: 1 pq: 4 rg: 8 | total time: 11.25m | eta: 22.0m
step 00349/01008 (34.62%) | loss: 3.449054 | lrm: 1.00 | dt: 1982.03ms | tok/sec: 264,520 | bf16_mfu: 0.00 | epoch: 1 pq: 4 rg: 9 | total time: 11.28m | eta: 21.9m
step 00350/01008 (34.72%) | loss: 3.448223 | lrm: 1.00 | dt: 1983.17ms | tok/sec: 264,368 | bf16_mfu: 0.00 | epoch: 1 pq: 4 rg: 10 | total time: 11.31m | eta: 21.9m
step 00351/01008 (34.82%) | loss: 3.445530 | lrm: 1.00 | dt: 1984.39ms | tok/sec: 264,206 | bf16_mfu: 0.00 | epoch: 1 pq: 4 rg: 11 | total time: 11.35m | eta: 21.9m
step 00352/01008 (34.92%) | loss: 3.449911 | lrm: 1.00 | dt: 1986.03ms | tok/sec: 263,987 | bf16_mfu: 0.00 | epoch: 1 pq: 4 rg: 12 | total time: 11.38m | eta: 21.8m
step 00353/01008 (35.02%) | loss: 3.448806 | lrm: 1.00 | dt: 1985.48ms | tok/sec: 264,060 | bf16_mfu: 0.00 | epoch: 1 pq: 4 rg: 13 | total time: 11.41m | eta: 21.8m
step 00354/01008 (35.12%) | loss: 3.450935 | lrm: 1.00 | dt: 1985.96ms | tok/sec: 263,996 | bf16_mfu: 0.00 | epoch: 1 pq: 4 rg: 14 | total time: 11.45m | eta: 21.8m
step 00355/01008 (35.22%) | loss: 3.443918 | lrm: 1.00 | dt: 1985.16ms | tok/sec: 264,103 | bf16_mfu: 0.00 | epoch: 1 pq: 4 rg: 15 | total time: 11.48m | eta: 21.7m
step 00356/01008 (35.32%) | loss: 3.441087 | lrm: 1.00 | dt: 1984.57ms | tok/sec: 264,181 | bf16_mfu: 0.00 | epoch: 1 pq: 4 rg: 16 | total time: 11.51m | eta: 21.7m
step 00357/01008 (35.42%) | loss: 3.414874 | lrm: 0.99 | dt: 1985.05ms | tok/sec: 264,118 | bf16_mfu: 0.00 | epoch: 1 pq: 4 rg: 17 | total time: 11.54m | eta: 21.7m
step 00358/01008 (35.52%) | loss: 3.422040 | lrm: 0.99 | dt: 1986.18ms | tok/sec: 263,968 | bf16_mfu: 0.00 | epoch: 1 pq: 4 rg: 18 | total time: 11.58m | eta: 21.6m
step 00359/01008 (35.62%) | loss: 3.426676 | lrm: 0.99 | dt: 1985.00ms | tok/sec: 264,124 | bf16_mfu: 0.00 | epoch: 1 pq: 4 rg: 18 | total time: 11.61m | eta: 21.6m
step 00360/01008 (35.71%) | loss: 3.423178 | lrm: 0.99 | dt: 1986.79ms | tok/sec: 263,886 | bf16_mfu: 0.00 | epoch: 1 pq: 4 rg: 19 | total time: 11.64m | eta: 21.6m
step 00361/01008 (35.81%) | loss: 3.435569 | lrm: 0.99 | dt: 1985.19ms | tok/sec: 264,099 | bf16_mfu: 0.00 | epoch: 1 pq: 4 rg: 20 | total time: 11.68m | eta: 21.5m
step 00362/01008 (35.91%) | loss: 3.438188 | lrm: 0.99 | dt: 1984.32ms | tok/sec: 264,215 | bf16_mfu: 0.00 | epoch: 1 pq: 4 rg: 21 | total time: 11.71m | eta: 21.5m
step 00363/01008 (36.01%) | loss: 3.436168 | lrm: 0.99 | dt: 1984.53ms | tok/sec: 264,187 | bf16_mfu: 0.00 | epoch: 1 pq: 4 rg: 22 | total time: 11.74m | eta: 21.5m
step 00364/01008 (36.11%) | loss: 3.434172 | lrm: 0.98 | dt: 1983.34ms | tok/sec: 264,345 | bf16_mfu: 0.00 | epoch: 1 pq: 4 rg: 23 | total time: 11.78m | eta: 21.4m
step 00365/01008 (36.21%) | loss: 3.423420 | lrm: 0.98 | dt: 1984.46ms | tok/sec: 264,196 | bf16_mfu: 0.00 | epoch: 1 pq: 4 rg: 24 | total time: 11.81m | eta: 21.4m
step 00366/01008 (36.31%) | loss: 3.429051 | lrm: 0.98 | dt: 1984.56ms | tok/sec: 264,183 | bf16_mfu: 0.00 | epoch: 1 pq: 4 rg: 25 | total time: 11.84m | eta: 21.4m
step 00367/01008 (36.41%) | loss: 3.416180 | lrm: 0.98 | dt: 1984.27ms | tok/sec: 264,221 | bf16_mfu: 0.00 | epoch: 1 pq: 4 rg: 26 | total time: 11.88m | eta: 21.3m
step 00368/01008 (36.51%) | loss: 3.419584 | lrm: 0.98 | dt: 1983.83ms | tok/sec: 264,281 | bf16_mfu: 0.00 | epoch: 1 pq: 4 rg: 27 | total time: 11.91m | eta: 21.3m
step 00369/01008 (36.61%) | loss: 3.409257 | lrm: 0.98 | dt: 1983.78ms | tok/sec: 264,287 | bf16_mfu: 0.00 | epoch: 1 pq: 4 rg: 28 | total time: 11.94m | eta: 21.3m
step 00370/01008 (36.71%) | loss: 3.410699 | lrm: 0.98 | dt: 1982.95ms | tok/sec: 264,398 | bf16_mfu: 0.00 | epoch: 1 pq: 4 rg: 29 | total time: 11.97m | eta: 21.2m
step 00371/01008 (36.81%) | loss: 3.407951 | lrm: 0.97 | dt: 1982.56ms | tok/sec: 264,450 | bf16_mfu: 0.00 | epoch: 1 pq: 4 rg: 30 | total time: 12.01m | eta: 21.2m
step 00372/01008 (36.90%) | loss: 3.393056 | lrm: 0.97 | dt: 1983.46ms | tok/sec: 264,329 | bf16_mfu: 0.00 | epoch: 1 pq: 4 rg: 31 | total time: 12.04m | eta: 21.2m
step 00373/01008 (37.00%) | loss: 3.393698 | lrm: 0.97 | dt: 1982.06ms | tok/sec: 264,516 | bf16_mfu: 0.00 | epoch: 1 pq: 4 rg: 32 | total time: 12.07m | eta: 21.1m
step 00374/01008 (37.10%) | loss: 3.397020 | lrm: 0.97 | dt: 1983.02ms | tok/sec: 264,388 | bf16_mfu: 0.00 | epoch: 1 pq: 4 rg: 33 | total time: 12.11m | eta: 21.1m
step 00375/01008 (37.20%) | loss: 3.391058 | lrm: 0.97 | dt: 1982.82ms | tok/sec: 264,415 | bf16_mfu: 0.00 | epoch: 1 pq: 4 rg: 34 | total time: 12.14m | eta: 21.1m
step 00376/01008 (37.30%) | loss: 3.391427 | lrm: 0.97 | dt: 1983.40ms | tok/sec: 264,337 | bf16_mfu: 0.00 | epoch: 1 pq: 4 rg: 35 | total time: 12.17m | eta: 21.0m
step 00377/01008 (37.40%) | loss: 3.389589 | lrm: 0.97 | dt: 1984.17ms | tok/sec: 264,235 | bf16_mfu: 0.00 | epoch: 1 pq: 4 rg: 36 | total time: 12.21m | eta: 21.0m
step 00378/01008 (37.50%) | loss: 3.386997 | lrm: 0.96 | dt: 1983.78ms | tok/sec: 264,286 | bf16_mfu: 0.00 | epoch: 1 pq: 4 rg: 37 | total time: 12.24m | eta: 21.0m
step 00379/01008 (37.60%) | loss: 3.394021 | lrm: 0.96 | dt: 1982.84ms | tok/sec: 264,413 | bf16_mfu: 0.00 | epoch: 1 pq: 4 rg: 38 | total time: 12.27m | eta: 20.9m
step 00380/01008 (37.70%) | loss: 3.404879 | lrm: 0.96 | dt: 1983.68ms | tok/sec: 264,300 | bf16_mfu: 0.00 | epoch: 1 pq: 4 rg: 39 | total time: 12.31m | eta: 20.9m
step 00381/01008 (37.80%) | loss: 3.409238 | lrm: 0.96 | dt: 1983.55ms | tok/sec: 264,318 | bf16_mfu: 0.00 | epoch: 1 pq: 4 rg: 40 | total time: 12.34m | eta: 20.9m
step 00382/01008 (37.90%) | loss: 3.402347 | lrm: 0.96 | dt: 1983.33ms | tok/sec: 264,346 | bf16_mfu: 0.00 | epoch: 1 pq: 4 rg: 41 | total time: 12.37m | eta: 20.8m
step 00383/01008 (38.00%) | loss: 3.400567 | lrm: 0.96 | dt: 1983.52ms | tok/sec: 264,321 | bf16_mfu: 0.00 | epoch: 1 pq: 4 rg: 42 | total time: 12.40m | eta: 20.8m
step 00384/01008 (38.10%) | loss: 3.409454 | lrm: 0.96 | dt: 1982.84ms | tok/sec: 264,413 | bf16_mfu: 0.00 | epoch: 1 pq: 4 rg: 43 | total time: 12.44m | eta: 20.8m
step 00385/01008 (38.19%) | loss: 3.418583 | lrm: 0.95 | dt: 1984.81ms | tok/sec: 264,150 | bf16_mfu: 0.00 | epoch: 1 pq: 4 rg: 44 | total time: 12.47m | eta: 20.7m
step 00386/01008 (38.29%) | loss: 3.427413 | lrm: 0.95 | dt: 1983.21ms | tok/sec: 264,362 | bf16_mfu: 0.00 | epoch: 1 pq: 4 rg: 45 | total time: 12.50m | eta: 20.7m
step 00387/01008 (38.39%) | loss: 3.419223 | lrm: 0.95 | dt: 1983.17ms | tok/sec: 264,368 | bf16_mfu: 0.00 | epoch: 1 pq: 4 rg: 46 | total time: 12.54m | eta: 20.7m
step 00388/01008 (38.49%) | loss: 3.416403 | lrm: 0.95 | dt: 1984.84ms | tok/sec: 264,145 | bf16_mfu: 0.00 | epoch: 1 pq: 4 rg: 47 | total time: 12.57m | eta: 20.6m
step 00389/01008 (38.59%) | loss: 3.409632 | lrm: 0.95 | dt: 1981.97ms | tok/sec: 264,528 | bf16_mfu: 0.00 | epoch: 1 pq: 4 rg: 48 | total time: 12.60m | eta: 20.6m
step 00390/01008 (38.69%) | loss: 3.409921 | lrm: 0.95 | dt: 1979.85ms | tok/sec: 264,812 | bf16_mfu: 0.00 | epoch: 1 pq: 4 rg: 49 | total time: 12.64m | eta: 20.5m
step 00391/01008 (38.79%) | loss: 3.414256 | lrm: 0.94 | dt: 1980.80ms | tok/sec: 264,685 | bf16_mfu: 0.00 | epoch: 1 pq: 4 rg: 50 | total time: 12.67m | eta: 20.5m
step 00392/01008 (38.89%) | loss: 3.419209 | lrm: 0.94 | dt: 1980.95ms | tok/sec: 264,665 | bf16_mfu: 0.00 | epoch: 1 pq: 4 rg: 51 | total time: 12.70m | eta: 20.5m
step 00393/01008 (38.99%) | loss: 3.415067 | lrm: 0.94 | dt: 1982.19ms | tok/sec: 264,499 | bf16_mfu: 0.00 | epoch: 1 pq: 4 rg: 52 | total time: 12.73m | eta: 20.4m
step 00394/01008 (39.09%) | loss: 3.417467 | lrm: 0.94 | dt: 1980.44ms | tok/sec: 264,732 | bf16_mfu: 0.00 | epoch: 1 pq: 4 rg: 53 | total time: 12.77m | eta: 20.4m
step 00395/01008 (39.19%) | loss: 3.402303 | lrm: 0.94 | dt: 1980.20ms | tok/sec: 264,765 | bf16_mfu: 0.00 | epoch: 1 pq: 4 rg: 54 | total time: 12.80m | eta: 20.4m
step 00396/01008 (39.29%) | loss: 3.408003 | lrm: 0.94 | dt: 1980.78ms | tok/sec: 264,687 | bf16_mfu: 0.00 | epoch: 1 pq: 4 rg: 55 | total time: 12.83m | eta: 20.3m
step 00397/01008 (39.38%) | loss: 3.403905 | lrm: 0.94 | dt: 1980.39ms | tok/sec: 264,740 | bf16_mfu: 0.00 | epoch: 1 pq: 4 rg: 55 | total time: 12.87m | eta: 20.3m
step 00398/01008 (39.48%) | loss: 3.396243 | lrm: 0.93 | dt: 1981.25ms | tok/sec: 264,624 | bf16_mfu: 0.00 | epoch: 1 pq: 4 rg: 56 | total time: 12.90m | eta: 20.3m
step 00399/01008 (39.58%) | loss: 3.404383 | lrm: 0.93 | dt: 1981.39ms | tok/sec: 264,606 | bf16_mfu: 0.00 | epoch: 1 pq: 4 rg: 57 | total time: 12.93m | eta: 20.2m
step 00400/01008 (39.68%) | loss: 3.401531 | lrm: 0.93 | dt: 1982.01ms | tok/sec: 264,524 | bf16_mfu: 0.00 | epoch: 1 pq: 4 rg: 58 | total time: 12.97m | eta: 20.2m
step 00401/01008 (39.78%) | loss: 3.404338 | lrm: 0.93 | dt: 1980.68ms | tok/sec: 264,700 | bf16_mfu: 0.00 | epoch: 1 pq: 4 rg: 59 | total time: 13.00m | eta: 20.2m
step 00402/01008 (39.88%) | loss: 3.408289 | lrm: 0.93 | dt: 1981.45ms | tok/sec: 264,597 | bf16_mfu: 0.00 | epoch: 1 pq: 4 rg: 60 | total time: 13.03m | eta: 20.1m
step 00403/01008 (39.98%) | loss: 3.397175 | lrm: 0.93 | dt: 1980.18ms | tok/sec: 264,767 | bf16_mfu: 0.00 | epoch: 1 pq: 4 rg: 61 | total time: 13.06m | eta: 20.1m
step 00404/01008 (40.08%) | loss: 3.399971 | lrm: 0.93 | dt: 1981.49ms | tok/sec: 264,593 | bf16_mfu: 0.00 | epoch: 1 pq: 4 rg: 62 | total time: 13.10m | eta: 20.1m
step 00405/01008 (40.18%) | loss: 3.394136 | lrm: 0.92 | dt: 1981.65ms | tok/sec: 264,571 | bf16_mfu: 0.00 | epoch: 1 pq: 4 rg: 63 | total time: 13.13m | eta: 20.0m
step 00406/01008 (40.28%) | loss: 3.387721 | lrm: 0.92 | dt: 1981.81ms | tok/sec: 264,550 | bf16_mfu: 0.00 | epoch: 1 pq: 4 rg: 64 | total time: 13.16m | eta: 20.0m
step 00407/01008 (40.38%) | loss: 3.397639 | lrm: 0.92 | dt: 1982.11ms | tok/sec: 264,509 | bf16_mfu: 0.00 | epoch: 1 pq: 4 rg: 65 | total time: 13.20m | eta: 20.0m
step 00408/01008 (40.48%) | loss: 3.406993 | lrm: 0.92 | dt: 1980.43ms | tok/sec: 264,734 | bf16_mfu: 0.00 | epoch: 1 pq: 4 rg: 66 | total time: 13.23m | eta: 19.9m
step 00409/01008 (40.58%) | loss: 3.402607 | lrm: 0.92 | dt: 1981.97ms | tok/sec: 264,528 | bf16_mfu: 0.00 | epoch: 1 pq: 4 rg: 67 | total time: 13.26m | eta: 19.9m
step 00410/01008 (40.67%) | loss: 3.399947 | lrm: 0.92 | dt: 1981.10ms | tok/sec: 264,645 | bf16_mfu: 0.00 | epoch: 1 pq: 4 rg: 68 | total time: 13.30m | eta: 19.9m
step 00411/01008 (40.77%) | loss: 3.403606 | lrm: 0.92 | dt: 1981.38ms | tok/sec: 264,607 | bf16_mfu: 0.00 | epoch: 1 pq: 4 rg: 69 | total time: 13.33m | eta: 19.8m
step 00412/01008 (40.87%) | loss: 3.396301 | lrm: 0.91 | dt: 1981.69ms | tok/sec: 264,565 | bf16_mfu: 0.00 | epoch: 1 pq: 4 rg: 70 | total time: 13.36m | eta: 19.8m
step 00413/01008 (40.97%) | loss: 3.387342 | lrm: 0.91 | dt: 1981.51ms | tok/sec: 264,590 | bf16_mfu: 0.00 | epoch: 1 pq: 4 rg: 71 | total time: 13.40m | eta: 19.8m
step 00414/01008 (41.07%) | loss: 3.378220 | lrm: 0.91 | dt: 1982.69ms | tok/sec: 264,433 | bf16_mfu: 0.00 | epoch: 1 pq: 4 rg: 72 | total time: 13.43m | eta: 19.7m
step 00415/01008 (41.17%) | loss: 3.372913 | lrm: 0.91 | dt: 1982.15ms | tok/sec: 264,504 | bf16_mfu: 0.00 | epoch: 1 pq: 4 rg: 73 | total time: 13.46m | eta: 19.7m
step 00416/01008 (41.27%) | loss: 3.356082 | lrm: 0.91 | dt: 1982.07ms | tok/sec: 264,514 | bf16_mfu: 0.00 | epoch: 1 pq: 4 rg: 74 | total time: 13.49m | eta: 19.7m
step 00417/01008 (41.37%) | loss: 3.353186 | lrm: 0.91 | dt: 1981.26ms | tok/sec: 264,623 | bf16_mfu: 0.00 | epoch: 1 pq: 4 rg: 75 | total time: 13.53m | eta: 19.6m
step 00418/01008 (41.47%) | loss: 3.360566 | lrm: 0.91 | dt: 1981.85ms | tok/sec: 264,544 | bf16_mfu: 0.00 | epoch: 1 pq: 4 rg: 76 | total time: 13.56m | eta: 19.6m
step 00419/01008 (41.57%) | loss: 3.368238 | lrm: 0.90 | dt: 1982.73ms | tok/sec: 264,427 | bf16_mfu: 0.00 | epoch: 1 pq: 4 rg: 77 | total time: 13.59m | eta: 19.6m
step 00420/01008 (41.67%) | loss: 3.363681 | lrm: 0.90 | dt: 1981.41ms | tok/sec: 264,603 | bf16_mfu: 0.00 | epoch: 1 pq: 4 rg: 78 | total time: 13.63m | eta: 19.5m
step 00421/01008 (41.77%) | loss: 3.370469 | lrm: 0.90 | dt: 1982.72ms | tok/sec: 264,428 | bf16_mfu: 0.00 | epoch: 1 pq: 4 rg: 79 | total time: 13.66m | eta: 19.5m
step 00422/01008 (41.87%) | loss: 3.362694 | lrm: 0.90 | dt: 1981.77ms | tok/sec: 264,555 | bf16_mfu: 0.00 | epoch: 1 pq: 4 rg: 80 | total time: 13.69m | eta: 19.5m
step 00423/01008 (41.96%) | loss: 3.365412 | lrm: 0.90 | dt: 1982.05ms | tok/sec: 264,518 | bf16_mfu: 0.00 | epoch: 1 pq: 4 rg: 81 | total time: 13.73m | eta: 19.4m
step 00424/01008 (42.06%) | loss: 3.373920 | lrm: 0.90 | dt: 1979.91ms | tok/sec: 264,804 | bf16_mfu: 0.00 | epoch: 1 pq: 5 rg: 0 | total time: 13.76m | eta: 19.4m
step 00425/01008 (42.16%) | loss: 3.376473 | lrm: 0.90 | dt: 1981.31ms | tok/sec: 264,616 | bf16_mfu: 0.00 | epoch: 1 pq: 5 rg: 1 | total time: 13.79m | eta: 19.4m
step 00426/01008 (42.26%) | loss: 3.376492 | lrm: 0.89 | dt: 1981.42ms | tok/sec: 264,602 | bf16_mfu: 0.00 | epoch: 1 pq: 5 rg: 2 | total time: 13.82m | eta: 19.3m
step 00427/01008 (42.36%) | loss: 3.372694 | lrm: 0.89 | dt: 1982.24ms | tok/sec: 264,492 | bf16_mfu: 0.00 | epoch: 1 pq: 5 rg: 3 | total time: 13.86m | eta: 19.3m
step 00428/01008 (42.46%) | loss: 3.373077 | lrm: 0.89 | dt: 1983.03ms | tok/sec: 264,387 | bf16_mfu: 0.00 | epoch: 1 pq: 5 rg: 4 | total time: 13.89m | eta: 19.3m
step 00429/01008 (42.56%) | loss: 3.367083 | lrm: 0.89 | dt: 1981.33ms | tok/sec: 264,614 | bf16_mfu: 0.00 | epoch: 1 pq: 5 rg: 4 | total time: 13.92m | eta: 19.2m
step 00430/01008 (42.66%) | loss: 3.371627 | lrm: 0.89 | dt: 1982.28ms | tok/sec: 264,487 | bf16_mfu: 0.00 | epoch: 1 pq: 5 rg: 5 | total time: 13.96m | eta: 19.2m
step 00431/01008 (42.76%) | loss: 3.365683 | lrm: 0.89 | dt: 1982.32ms | tok/sec: 264,481 | bf16_mfu: 0.00 | epoch: 1 pq: 5 rg: 6 | total time: 13.99m | eta: 19.2m
step 00432/01008 (42.86%) | loss: 3.364537 | lrm: 0.89 | dt: 1983.21ms | tok/sec: 264,362 | bf16_mfu: 0.00 | epoch: 1 pq: 5 rg: 7 | total time: 14.02m | eta: 19.1m
step 00433/01008 (42.96%) | loss: 3.355300 | lrm: 0.88 | dt: 1981.66ms | tok/sec: 264,570 | bf16_mfu: 0.00 | epoch: 1 pq: 5 rg: 8 | total time: 14.06m | eta: 19.1m
step 00434/01008 (43.06%) | loss: 3.354148 | lrm: 0.88 | dt: 1981.36ms | tok/sec: 264,609 | bf16_mfu: 0.00 | epoch: 1 pq: 5 rg: 9 | total time: 14.09m | eta: 19.1m
step 00435/01008 (43.15%) | loss: 3.353611 | lrm: 0.88 | dt: 1980.82ms | tok/sec: 264,682 | bf16_mfu: 0.00 | epoch: 1 pq: 5 rg: 10 | total time: 14.12m | eta: 19.0m
step 00436/01008 (43.25%) | loss: 3.358943 | lrm: 0.88 | dt: 1980.53ms | tok/sec: 264,720 | bf16_mfu: 0.00 | epoch: 1 pq: 5 rg: 11 | total time: 14.15m | eta: 19.0m
step 00437/01008 (43.35%) | loss: 3.355511 | lrm: 0.88 | dt: 1980.75ms | tok/sec: 264,691 | bf16_mfu: 0.00 | epoch: 1 pq: 5 rg: 12 | total time: 14.19m | eta: 19.0m
step 00438/01008 (43.45%) | loss: 3.339129 | lrm: 0.88 | dt: 1980.90ms | tok/sec: 264,671 | bf16_mfu: 0.00 | epoch: 1 pq: 5 rg: 13 | total time: 14.22m | eta: 18.9m
step 00439/01008 (43.55%) | loss: 3.342264 | lrm: 0.88 | dt: 1979.39ms | tok/sec: 264,873 | bf16_mfu: 0.00 | epoch: 1 pq: 5 rg: 14 | total time: 14.25m | eta: 18.9m
step 00440/01008 (43.65%) | loss: 3.335602 | lrm: 0.87 | dt: 1981.31ms | tok/sec: 264,616 | bf16_mfu: 0.00 | epoch: 1 pq: 5 rg: 15 | total time: 14.29m | eta: 18.9m
step 00441/01008 (43.75%) | loss: 3.337380 | lrm: 0.87 | dt: 1979.52ms | tok/sec: 264,856 | bf16_mfu: 0.00 | epoch: 1 pq: 5 rg: 16 | total time: 14.32m | eta: 18.8m
step 00442/01008 (43.85%) | loss: 3.338295 | lrm: 0.87 | dt: 1980.39ms | tok/sec: 264,739 | bf16_mfu: 0.00 | epoch: 1 pq: 5 rg: 17 | total time: 14.35m | eta: 18.8m
step 00443/01008 (43.95%) | loss: 3.342151 | lrm: 0.87 | dt: 1980.61ms | tok/sec: 264,709 | bf16_mfu: 0.00 | epoch: 1 pq: 5 rg: 18 | total time: 14.39m | eta: 18.8m
step 00444/01008 (44.05%) | loss: 3.329258 | lrm: 0.87 | dt: 1980.45ms | tok/sec: 264,731 | bf16_mfu: 0.00 | epoch: 1 pq: 5 rg: 19 | total time: 14.42m | eta: 18.7m
step 00445/01008 (44.15%) | loss: 3.315467 | lrm: 0.87 | dt: 1981.72ms | tok/sec: 264,562 | bf16_mfu: 0.00 | epoch: 1 pq: 5 rg: 20 | total time: 14.45m | eta: 18.7m
step 00446/01008 (44.25%) | loss: 3.315396 | lrm: 0.87 | dt: 1980.60ms | tok/sec: 264,712 | bf16_mfu: 0.00 | epoch: 1 pq: 5 rg: 21 | total time: 14.48m | eta: 18.7m
step 00447/01008 (44.35%) | loss: 3.312048 | lrm: 0.86 | dt: 1981.02ms | tok/sec: 264,656 | bf16_mfu: 0.00 | epoch: 1 pq: 5 rg: 22 | total time: 14.52m | eta: 18.6m
step 00448/01008 (44.44%) | loss: 3.304324 | lrm: 0.86 | dt: 1981.08ms | tok/sec: 264,646 | bf16_mfu: 0.00 | epoch: 1 pq: 5 rg: 23 | total time: 14.55m | eta: 18.6m
step 00449/01008 (44.54%) | loss: 3.308809 | lrm: 0.86 | dt: 1981.14ms | tok/sec: 264,639 | bf16_mfu: 0.00 | epoch: 1 pq: 5 rg: 24 | total time: 14.58m | eta: 18.6m
step 00450/01008 (44.64%) | loss: 3.315583 | lrm: 0.86 | dt: 1982.04ms | tok/sec: 264,519 | bf16_mfu: 0.00 | epoch: 1 pq: 5 rg: 25 | total time: 14.62m | eta: 18.5m
step 00451/01008 (44.74%) | loss: 3.324474 | lrm: 0.86 | dt: 1983.32ms | tok/sec: 264,348 | bf16_mfu: 0.00 | epoch: 1 pq: 5 rg: 26 | total time: 14.65m | eta: 18.5m
step 00452/01008 (44.84%) | loss: 3.329013 | lrm: 0.86 | dt: 1981.35ms | tok/sec: 264,612 | bf16_mfu: 0.00 | epoch: 1 pq: 5 rg: 27 | total time: 14.68m | eta: 18.5m
step 00453/01008 (44.94%) | loss: 3.339981 | lrm: 0.85 | dt: 1982.13ms | tok/sec: 264,507 | bf16_mfu: 0.00 | epoch: 1 pq: 5 rg: 28 | total time: 14.72m | eta: 18.4m
step 00454/01008 (45.04%) | loss: 3.344542 | lrm: 0.85 | dt: 1981.29ms | tok/sec: 264,619 | bf16_mfu: 0.00 | epoch: 1 pq: 5 rg: 29 | total time: 14.75m | eta: 18.4m
step 00455/01008 (45.14%) | loss: 3.330982 | lrm: 0.85 | dt: 1980.52ms | tok/sec: 264,721 | bf16_mfu: 0.00 | epoch: 1 pq: 5 rg: 29 | total time: 14.78m | eta: 18.4m
step 00456/01008 (45.24%) | loss: 3.329405 | lrm: 0.85 | dt: 1979.87ms | tok/sec: 264,809 | bf16_mfu: 0.00 | epoch: 1 pq: 5 rg: 30 | total time: 14.82m | eta: 18.3m
step 00457/01008 (45.34%) | loss: 3.327418 | lrm: 0.85 | dt: 1979.77ms | tok/sec: 264,823 | bf16_mfu: 0.00 | epoch: 1 pq: 5 rg: 31 | total time: 14.85m | eta: 18.3m
step 00458/01008 (45.44%) | loss: 3.333864 | lrm: 0.85 | dt: 1980.53ms | tok/sec: 264,720 | bf16_mfu: 0.00 | epoch: 1 pq: 5 rg: 32 | total time: 14.88m | eta: 18.3m
step 00459/01008 (45.54%) | loss: 3.329475 | lrm: 0.85 | dt: 1981.12ms | tok/sec: 264,642 | bf16_mfu: 0.00 | epoch: 1 pq: 5 rg: 33 | total time: 14.91m | eta: 18.2m
step 00460/01008 (45.63%) | loss: 3.320078 | lrm: 0.84 | dt: 1981.28ms | tok/sec: 264,621 | bf16_mfu: 0.00 | epoch: 1 pq: 5 rg: 34 | total time: 14.95m | eta: 18.2m
step 00461/01008 (45.73%) | loss: 3.318916 | lrm: 0.84 | dt: 1981.69ms | tok/sec: 264,565 | bf16_mfu: 0.00 | epoch: 1 pq: 5 rg: 35 | total time: 14.98m | eta: 18.2m
step 00462/01008 (45.83%) | loss: 3.310373 | lrm: 0.84 | dt: 1980.39ms | tok/sec: 264,739 | bf16_mfu: 0.00 | epoch: 1 pq: 5 rg: 36 | total time: 15.01m | eta: 18.1m
step 00463/01008 (45.93%) | loss: 3.315955 | lrm: 0.84 | dt: 1980.37ms | tok/sec: 264,742 | bf16_mfu: 0.00 | epoch: 1 pq: 5 rg: 37 | total time: 15.05m | eta: 18.1m
step 00464/01008 (46.03%) | loss: 3.313522 | lrm: 0.84 | dt: 1981.36ms | tok/sec: 264,610 | bf16_mfu: 0.00 | epoch: 1 pq: 5 rg: 38 | total time: 15.08m | eta: 18.1m
step 00465/01008 (46.13%) | loss: 3.318008 | lrm: 0.84 | dt: 1982.29ms | tok/sec: 264,486 | bf16_mfu: 0.00 | epoch: 1 pq: 5 rg: 39 | total time: 15.11m | eta: 18.0m
step 00466/01008 (46.23%) | loss: 3.320975 | lrm: 0.84 | dt: 1982.72ms | tok/sec: 264,428 | bf16_mfu: 0.00 | epoch: 1 pq: 5 rg: 40 | total time: 15.15m | eta: 18.0m
step 00467/01008 (46.33%) | loss: 3.319331 | lrm: 0.83 | dt: 1981.66ms | tok/sec: 264,570 | bf16_mfu: 0.00 | epoch: 1 pq: 5 rg: 41 | total time: 15.18m | eta: 18.0m
step 00468/01008 (46.43%) | loss: 3.318154 | lrm: 0.83 | dt: 1982.08ms | tok/sec: 264,514 | bf16_mfu: 0.00 | epoch: 1 pq: 5 rg: 42 | total time: 15.21m | eta: 17.9m
step 00469/01008 (46.53%) | loss: 3.327348 | lrm: 0.83 | dt: 1981.24ms | tok/sec: 264,625 | bf16_mfu: 0.00 | epoch: 1 pq: 5 rg: 43 | total time: 15.24m | eta: 17.9m
step 00470/01008 (46.63%) | loss: 3.319672 | lrm: 0.83 | dt: 1981.01ms | tok/sec: 264,656 | bf16_mfu: 0.00 | epoch: 1 pq: 5 rg: 44 | total time: 15.28m | eta: 17.9m
step 00471/01008 (46.73%) | loss: 3.312800 | lrm: 0.83 | dt: 1981.66ms | tok/sec: 264,570 | bf16_mfu: 0.00 | epoch: 1 pq: 5 rg: 45 | total time: 15.31m | eta: 17.8m
step 00472/01008 (46.83%) | loss: 3.303160 | lrm: 0.83 | dt: 1981.77ms | tok/sec: 264,554 | bf16_mfu: 0.00 | epoch: 1 pq: 5 rg: 46 | total time: 15.34m | eta: 17.8m
step 00473/01008 (46.92%) | loss: 3.302268 | lrm: 0.83 | dt: 1980.34ms | tok/sec: 264,745 | bf16_mfu: 0.00 | epoch: 1 pq: 5 rg: 47 | total time: 15.38m | eta: 17.8m
step 00474/01008 (47.02%) | loss: 3.315993 | lrm: 0.82 | dt: 1980.42ms | tok/sec: 264,735 | bf16_mfu: 0.00 | epoch: 1 pq: 5 rg: 48 | total time: 15.41m | eta: 17.7m
step 00475/01008 (47.12%) | loss: 3.316079 | lrm: 0.82 | dt: 1981.26ms | tok/sec: 264,622 | bf16_mfu: 0.00 | epoch: 1 pq: 5 rg: 49 | total time: 15.44m | eta: 17.7m
step 00476/01008 (47.22%) | loss: 3.311983 | lrm: 0.82 | dt: 1982.23ms | tok/sec: 264,493 | bf16_mfu: 0.00 | epoch: 1 pq: 5 rg: 50 | total time: 15.48m | eta: 17.7m
step 00477/01008 (47.32%) | loss: 3.313295 | lrm: 0.82 | dt: 1981.82ms | tok/sec: 264,548 | bf16_mfu: 0.00 | epoch: 1 pq: 5 rg: 51 | total time: 15.51m | eta: 17.6m
step 00478/01008 (47.42%) | loss: 3.309451 | lrm: 0.82 | dt: 1981.58ms | tok/sec: 264,581 | bf16_mfu: 0.00 | epoch: 1 pq: 5 rg: 52 | total time: 15.54m | eta: 17.6m
step 00479/01008 (47.52%) | loss: 3.304772 | lrm: 0.82 | dt: 1983.83ms | tok/sec: 264,281 | bf16_mfu: 0.00 | epoch: 1 pq: 5 rg: 53 | total time: 15.57m | eta: 17.6m
step 00480/01008 (47.62%) | loss: 3.286618 | lrm: 0.82 | dt: 1980.67ms | tok/sec: 264,702 | bf16_mfu: 0.00 | epoch: 1 pq: 5 rg: 54 | total time: 15.61m | eta: 17.5m
step 00481/01008 (47.72%) | loss: 3.290850 | lrm: 0.81 | dt: 1981.26ms | tok/sec: 264,623 | bf16_mfu: 0.00 | epoch: 1 pq: 5 rg: 55 | total time: 15.64m | eta: 17.5m
step 00482/01008 (47.82%) | loss: 3.289412 | lrm: 0.81 | dt: 1981.96ms | tok/sec: 264,530 | bf16_mfu: 0.00 | epoch: 1 pq: 5 rg: 56 | total time: 15.67m | eta: 17.5m
step 00483/01008 (47.92%) | loss: 3.289981 | lrm: 0.81 | dt: 1980.52ms | tok/sec: 264,722 | bf16_mfu: 0.00 | epoch: 1 pq: 5 rg: 57 | total time: 15.71m | eta: 17.4m
step 00484/01008 (48.02%) | loss: 3.276380 | lrm: 0.81 | dt: 1981.49ms | tok/sec: 264,593 | bf16_mfu: 0.00 | epoch: 1 pq: 5 rg: 58 | total time: 15.74m | eta: 17.4m
step 00485/01008 (48.12%) | loss: 3.266792 | lrm: 0.81 | dt: 1981.53ms | tok/sec: 264,588 | bf16_mfu: 0.00 | epoch: 1 pq: 5 rg: 59 | total time: 15.77m | eta: 17.4m
step 00486/01008 (48.21%) | loss: 3.267928 | lrm: 0.81 | dt: 1981.84ms | tok/sec: 264,545 | bf16_mfu: 0.00 | epoch: 1 pq: 5 rg: 60 | total time: 15.81m | eta: 17.3m
step 00487/01008 (48.31%) | loss: 3.252806 | lrm: 0.81 | dt: 1981.49ms | tok/sec: 264,592 | bf16_mfu: 0.00 | epoch: 1 pq: 5 rg: 61 | total time: 15.84m | eta: 17.3m
step 00488/01008 (48.41%) | loss: 3.270348 | lrm: 0.80 | dt: 1981.41ms | tok/sec: 264,602 | bf16_mfu: 0.00 | epoch: 1 pq: 5 rg: 61 | total time: 15.87m | eta: 17.3m
step 00489/01008 (48.51%) | loss: 3.268309 | lrm: 0.80 | dt: 1981.96ms | tok/sec: 264,530 | bf16_mfu: 0.00 | epoch: 1 pq: 5 rg: 62 | total time: 15.90m | eta: 17.2m
step 00490/01008 (48.61%) | loss: 3.268447 | lrm: 0.80 | dt: 1982.93ms | tok/sec: 264,400 | bf16_mfu: 0.00 | epoch: 1 pq: 5 rg: 63 | total time: 15.94m | eta: 17.2m
step 00491/01008 (48.71%) | loss: 3.269593 | lrm: 0.80 | dt: 1982.60ms | tok/sec: 264,444 | bf16_mfu: 0.00 | epoch: 1 pq: 5 rg: 64 | total time: 15.97m | eta: 17.2m
step 00492/01008 (48.81%) | loss: 3.266510 | lrm: 0.80 | dt: 1983.15ms | tok/sec: 264,371 | bf16_mfu: 0.00 | epoch: 1 pq: 5 rg: 65 | total time: 16.00m | eta: 17.1m
step 00493/01008 (48.91%) | loss: 3.269630 | lrm: 0.80 | dt: 1983.53ms | tok/sec: 264,320 | bf16_mfu: 0.00 | epoch: 1 pq: 5 rg: 66 | total time: 16.04m | eta: 17.1m
step 00494/01008 (49.01%) | loss: 3.268525 | lrm: 0.80 | dt: 1982.51ms | tok/sec: 264,456 | bf16_mfu: 0.00 | epoch: 1 pq: 5 rg: 67 | total time: 16.07m | eta: 17.1m
step 00495/01008 (49.11%) | loss: 3.260498 | lrm: 0.79 | dt: 1982.96ms | tok/sec: 264,395 | bf16_mfu: 0.00 | epoch: 1 pq: 5 rg: 68 | total time: 16.10m | eta: 17.0m
step 00496/01008 (49.21%) | loss: 3.263610 | lrm: 0.79 | dt: 1981.61ms | tok/sec: 264,576 | bf16_mfu: 0.00 | epoch: 1 pq: 5 rg: 69 | total time: 16.14m | eta: 17.0m
step 00497/01008 (49.31%) | loss: 3.274644 | lrm: 0.79 | dt: 1981.18ms | tok/sec: 264,634 | bf16_mfu: 0.00 | epoch: 1 pq: 5 rg: 70 | total time: 16.17m | eta: 17.0m
step 00498/01008 (49.40%) | loss: 3.271962 | lrm: 0.79 | dt: 1979.72ms | tok/sec: 264,829 | bf16_mfu: 0.00 | epoch: 1 pq: 5 rg: 71 | total time: 16.20m | eta: 16.9m
step 00499/01008 (49.50%) | loss: 3.278677 | lrm: 0.79 | dt: 1982.16ms | tok/sec: 264,503 | bf16_mfu: 0.00 | epoch: 1 pq: 5 rg: 72 | total time: 16.24m | eta: 16.9m
Step 00500 | Validation bpb: 0.996378
step 00500/01008 (49.60%) | loss: 3.288656 | lrm: 0.79 | dt: 1971.13ms | tok/sec: 265,983 | bf16_mfu: 0.00 | epoch: 1 pq: 5 rg: 73 | total time: 16.27m | eta: 16.9m
step 00501/01008 (49.70%) | loss: 3.281573 | lrm: 0.79 | dt: 1976.22ms | tok/sec: 265,298 | bf16_mfu: 0.00 | epoch: 1 pq: 5 rg: 74 | total time: 16.30m | eta: 16.8m
step 00502/01008 (49.80%) | loss: 3.278096 | lrm: 0.78 | dt: 1976.59ms | tok/sec: 265,248 | bf16_mfu: 0.00 | epoch: 1 pq: 5 rg: 75 | total time: 16.33m | eta: 16.8m
step 00503/01008 (49.90%) | loss: 3.268502 | lrm: 0.78 | dt: 1978.98ms | tok/sec: 264,927 | bf16_mfu: 0.00 | epoch: 1 pq: 5 rg: 76 | total time: 16.37m | eta: 16.8m
step 00504/01008 (50.00%) | loss: 3.263942 | lrm: 0.78 | dt: 1978.22ms | tok/sec: 265,029 | bf16_mfu: 0.00 | epoch: 1 pq: 5 rg: 77 | total time: 16.40m | eta: 16.7m
step 00505/01008 (50.10%) | loss: 3.270195 | lrm: 0.78 | dt: 1978.55ms | tok/sec: 264,986 | bf16_mfu: 0.00 | epoch: 1 pq: 5 rg: 78 | total time: 16.43m | eta: 16.7m
step 00506/01008 (50.20%) | loss: 3.259800 | lrm: 0.78 | dt: 1978.30ms | tok/sec: 265,020 | bf16_mfu: 0.00 | epoch: 1 pq: 5 rg: 79 | total time: 16.47m | eta: 16.7m
step 00507/01008 (50.30%) | loss: 3.258993 | lrm: 0.78 | dt: 1978.19ms | tok/sec: 265,033 | bf16_mfu: 0.00 | epoch: 1 pq: 5 rg: 80 | total time: 16.50m | eta: 16.6m
step 00508/01008 (50.40%) | loss: 3.259485 | lrm: 0.78 | dt: 1978.59ms | tok/sec: 264,981 | bf16_mfu: 0.00 | epoch: 1 pq: 5 rg: 81 | total time: 16.53m | eta: 16.6m
step 00509/01008 (50.50%) | loss: 3.265919 | lrm: 0.77 | dt: 1979.07ms | tok/sec: 264,916 | bf16_mfu: 0.00 | epoch: 1 pq: 5 rg: 82 | total time: 16.56m | eta: 16.6m
step 00510/01008 (50.60%) | loss: 3.250371 | lrm: 0.77 | dt: 1980.19ms | tok/sec: 264,767 | bf16_mfu: 0.00 | epoch: 1 pq: 6 rg: 0 | total time: 16.60m | eta: 16.5m
step 00511/01008 (50.69%) | loss: 3.247522 | lrm: 0.77 | dt: 1979.89ms | tok/sec: 264,806 | bf16_mfu: 0.00 | epoch: 1 pq: 6 rg: 1 | total time: 16.63m | eta: 16.5m
step 00512/01008 (50.79%) | loss: 3.250656 | lrm: 0.77 | dt: 1980.19ms | tok/sec: 264,765 | bf16_mfu: 0.00 | epoch: 1 pq: 6 rg: 2 | total time: 16.66m | eta: 16.5m
step 00513/01008 (50.89%) | loss: 3.241174 | lrm: 0.77 | dt: 1980.28ms | tok/sec: 264,754 | bf16_mfu: 0.00 | epoch: 1 pq: 6 rg: 3 | total time: 16.70m | eta: 16.4m
step 00514/01008 (50.99%) | loss: 3.242912 | lrm: 0.77 | dt: 1981.51ms | tok/sec: 264,589 | bf16_mfu: 0.00 | epoch: 1 pq: 6 rg: 4 | total time: 16.73m | eta: 16.4m
step 00515/01008 (51.09%) | loss: 3.245404 | lrm: 0.77 | dt: 1980.71ms | tok/sec: 264,696 | bf16_mfu: 0.00 | epoch: 1 pq: 6 rg: 5 | total time: 16.76m | eta: 16.4m
step 00516/01008 (51.19%) | loss: 3.246902 | lrm: 0.76 | dt: 1981.83ms | tok/sec: 264,547 | bf16_mfu: 0.00 | epoch: 1 pq: 6 rg: 6 | total time: 16.80m | eta: 16.3m
step 00517/01008 (51.29%) | loss: 3.237789 | lrm: 0.76 | dt: 1982.37ms | tok/sec: 264,474 | bf16_mfu: 0.00 | epoch: 1 pq: 6 rg: 7 | total time: 16.83m | eta: 16.3m
step 00518/01008 (51.39%) | loss: 3.232810 | lrm: 0.76 | dt: 1982.56ms | tok/sec: 264,450 | bf16_mfu: 0.00 | epoch: 1 pq: 6 rg: 8 | total time: 16.86m | eta: 16.3m
step 00519/01008 (51.49%) | loss: 3.236985 | lrm: 0.76 | dt: 1983.36ms | tok/sec: 264,343 | bf16_mfu: 0.00 | epoch: 1 pq: 6 rg: 9 | total time: 16.89m | eta: 16.2m
step 00520/01008 (51.59%) | loss: 3.229738 | lrm: 0.76 | dt: 1983.19ms | tok/sec: 264,365 | bf16_mfu: 0.00 | epoch: 1 pq: 6 rg: 9 | total time: 16.93m | eta: 16.2m
step 00521/01008 (51.69%) | loss: 3.233814 | lrm: 0.76 | dt: 1983.76ms | tok/sec: 264,289 | bf16_mfu: 0.00 | epoch: 1 pq: 6 rg: 10 | total time: 16.96m | eta: 16.2m
step 00522/01008 (51.79%) | loss: 3.228183 | lrm: 0.75 | dt: 1982.73ms | tok/sec: 264,427 | bf16_mfu: 0.00 | epoch: 1 pq: 6 rg: 11 | total time: 16.99m | eta: 16.1m
step 00523/01008 (51.88%) | loss: 3.234611 | lrm: 0.75 | dt: 1983.03ms | tok/sec: 264,387 | bf16_mfu: 0.00 | epoch: 1 pq: 6 rg: 12 | total time: 17.03m | eta: 16.1m
step 00524/01008 (51.98%) | loss: 3.237563 | lrm: 0.75 | dt: 1983.63ms | tok/sec: 264,307 | bf16_mfu: 0.00 | epoch: 1 pq: 6 rg: 13 | total time: 17.06m | eta: 16.1m
step 00525/01008 (52.08%) | loss: 3.242749 | lrm: 0.75 | dt: 1984.66ms | tok/sec: 264,170 | bf16_mfu: 0.00 | epoch: 1 pq: 6 rg: 14 | total time: 17.09m | eta: 16.0m
step 00526/01008 (52.18%) | loss: 3.226429 | lrm: 0.75 | dt: 1984.65ms | tok/sec: 264,170 | bf16_mfu: 0.00 | epoch: 1 pq: 6 rg: 15 | total time: 17.13m | eta: 16.0m
step 00527/01008 (52.28%) | loss: 3.214716 | lrm: 0.75 | dt: 1984.81ms | tok/sec: 264,150 | bf16_mfu: 0.00 | epoch: 1 pq: 6 rg: 16 | total time: 17.16m | eta: 16.0m
step 00528/01008 (52.38%) | loss: 3.218551 | lrm: 0.75 | dt: 1983.36ms | tok/sec: 264,343 | bf16_mfu: 0.00 | epoch: 1 pq: 6 rg: 17 | total time: 17.19m | eta: 15.9m
step 00529/01008 (52.48%) | loss: 3.224360 | lrm: 0.74 | dt: 1983.34ms | tok/sec: 264,345 | bf16_mfu: 0.00 | epoch: 1 pq: 6 rg: 18 | total time: 17.23m | eta: 15.9m
step 00530/01008 (52.58%) | loss: 3.230022 | lrm: 0.74 | dt: 1983.85ms | tok/sec: 264,277 | bf16_mfu: 0.00 | epoch: 1 pq: 6 rg: 19 | total time: 17.26m | eta: 15.9m
step 00531/01008 (52.68%) | loss: 3.225381 | lrm: 0.74 | dt: 1984.13ms | tok/sec: 264,240 | bf16_mfu: 0.00 | epoch: 1 pq: 6 rg: 20 | total time: 17.29m | eta: 15.8m
step 00532/01008 (52.78%) | loss: 3.234483 | lrm: 0.74 | dt: 1984.11ms | tok/sec: 264,243 | bf16_mfu: 0.00 | epoch: 1 pq: 6 rg: 21 | total time: 17.32m | eta: 15.8m
step 00533/01008 (52.88%) | loss: 3.221435 | lrm: 0.74 | dt: 1984.90ms | tok/sec: 264,138 | bf16_mfu: 0.00 | epoch: 1 pq: 6 rg: 22 | total time: 17.36m | eta: 15.8m
step 00534/01008 (52.98%) | loss: 3.229752 | lrm: 0.74 | dt: 1985.01ms | tok/sec: 264,123 | bf16_mfu: 0.00 | epoch: 1 pq: 6 rg: 23 | total time: 17.39m | eta: 15.7m
step 00535/01008 (53.08%) | loss: 3.228202 | lrm: 0.74 | dt: 1983.06ms | tok/sec: 264,383 | bf16_mfu: 0.00 | epoch: 1 pq: 6 rg: 24 | total time: 17.42m | eta: 15.7m
step 00536/01008 (53.17%) | loss: 3.231438 | lrm: 0.73 | dt: 1984.64ms | tok/sec: 264,173 | bf16_mfu: 0.00 | epoch: 1 pq: 6 rg: 25 | total time: 17.46m | eta: 15.7m
step 00537/01008 (53.27%) | loss: 3.235883 | lrm: 0.73 | dt: 1986.81ms | tok/sec: 263,884 | bf16_mfu: 0.00 | epoch: 1 pq: 6 rg: 26 | total time: 17.49m | eta: 15.6m
step 00538/01008 (53.37%) | loss: 3.228281 | lrm: 0.73 | dt: 1986.20ms | tok/sec: 263,965 | bf16_mfu: 0.00 | epoch: 1 pq: 6 rg: 27 | total time: 17.52m | eta: 15.6m
step 00539/01008 (53.47%) | loss: 3.227859 | lrm: 0.73 | dt: 1988.73ms | tok/sec: 263,629 | bf16_mfu: 0.00 | epoch: 1 pq: 6 rg: 28 | total time: 17.56m | eta: 15.6m
step 00540/01008 (53.57%) | loss: 3.217550 | lrm: 0.73 | dt: 1987.35ms | tok/sec: 263,812 | bf16_mfu: 0.00 | epoch: 1 pq: 6 rg: 29 | total time: 17.59m | eta: 15.5m
step 00541/01008 (53.67%) | loss: 3.203261 | lrm: 0.73 | dt: 1989.63ms | tok/sec: 263,510 | bf16_mfu: 0.00 | epoch: 1 pq: 6 rg: 30 | total time: 17.62m | eta: 15.5m
step 00542/01008 (53.77%) | loss: 3.206290 | lrm: 0.73 | dt: 1987.88ms | tok/sec: 263,742 | bf16_mfu: 0.00 | epoch: 1 pq: 6 rg: 31 | total time: 17.66m | eta: 15.5m
step 00543/01008 (53.87%) | loss: 3.207994 | lrm: 0.72 | dt: 1987.31ms | tok/sec: 263,817 | bf16_mfu: 0.00 | epoch: 1 pq: 6 rg: 32 | total time: 17.69m | eta: 15.4m
step 00544/01008 (53.97%) | loss: 3.208466 | lrm: 0.72 | dt: 1987.17ms | tok/sec: 263,836 | bf16_mfu: 0.00 | epoch: 1 pq: 6 rg: 33 | total time: 17.72m | eta: 15.4m
step 00545/01008 (54.07%) | loss: 3.211887 | lrm: 0.72 | dt: 1987.39ms | tok/sec: 263,806 | bf16_mfu: 0.00 | epoch: 1 pq: 6 rg: 34 | total time: 17.76m | eta: 15.4m
step 00546/01008 (54.17%) | loss: 3.224600 | lrm: 0.72 | dt: 1987.09ms | tok/sec: 263,846 | bf16_mfu: 0.00 | epoch: 1 pq: 6 rg: 34 | total time: 17.79m | eta: 15.3m
step 00547/01008 (54.27%) | loss: 3.223088 | lrm: 0.72 | dt: 1986.94ms | tok/sec: 263,867 | bf16_mfu: 0.00 | epoch: 1 pq: 6 rg: 35 | total time: 17.82m | eta: 15.3m
step 00548/01008 (54.37%) | loss: 3.220724 | lrm: 0.72 | dt: 1987.11ms | tok/sec: 263,845 | bf16_mfu: 0.00 | epoch: 1 pq: 6 rg: 36 | total time: 17.85m | eta: 15.3m
step 00549/01008 (54.46%) | loss: 3.212851 | lrm: 0.72 | dt: 1987.60ms | tok/sec: 263,779 | bf16_mfu: 0.00 | epoch: 1 pq: 6 rg: 37 | total time: 17.89m | eta: 15.2m
step 00550/01008 (54.56%) | loss: 3.205154 | lrm: 0.71 | dt: 1988.61ms | tok/sec: 263,645 | bf16_mfu: 0.00 | epoch: 1 pq: 6 rg: 38 | total time: 17.92m | eta: 15.2m
step 00551/01008 (54.66%) | loss: 3.203443 | lrm: 0.71 | dt: 1987.90ms | tok/sec: 263,739 | bf16_mfu: 0.00 | epoch: 1 pq: 6 rg: 39 | total time: 17.95m | eta: 15.2m
step 00552/01008 (54.76%) | loss: 3.206633 | lrm: 0.71 | dt: 1987.06ms | tok/sec: 263,851 | bf16_mfu: 0.00 | epoch: 1 pq: 6 rg: 40 | total time: 17.99m | eta: 15.1m
step 00553/01008 (54.86%) | loss: 3.202026 | lrm: 0.71 | dt: 1986.85ms | tok/sec: 263,878 | bf16_mfu: 0.00 | epoch: 1 pq: 6 rg: 41 | total time: 18.02m | eta: 15.1m
step 00554/01008 (54.96%) | loss: 3.196915 | lrm: 0.71 | dt: 1986.88ms | tok/sec: 263,875 | bf16_mfu: 0.00 | epoch: 1 pq: 6 rg: 42 | total time: 18.05m | eta: 15.1m
step 00555/01008 (55.06%) | loss: 3.204773 | lrm: 0.71 | dt: 1987.86ms | tok/sec: 263,745 | bf16_mfu: 0.00 | epoch: 1 pq: 6 rg: 43 | total time: 18.09m | eta: 15.0m
step 00556/01008 (55.16%) | loss: 3.197716 | lrm: 0.71 | dt: 1987.99ms | tok/sec: 263,727 | bf16_mfu: 0.00 | epoch: 1 pq: 6 rg: 44 | total time: 18.12m | eta: 15.0m
step 00557/01008 (55.26%) | loss: 3.200681 | lrm: 0.70 | dt: 1988.46ms | tok/sec: 263,665 | bf16_mfu: 0.00 | epoch: 1 pq: 6 rg: 45 | total time: 18.15m | eta: 15.0m
step 00558/01008 (55.36%) | loss: 3.189759 | lrm: 0.70 | dt: 1987.20ms | tok/sec: 263,832 | bf16_mfu: 0.00 | epoch: 1 pq: 6 rg: 46 | total time: 18.19m | eta: 14.9m
step 00559/01008 (55.46%) | loss: 3.194780 | lrm: 0.70 | dt: 1987.77ms | tok/sec: 263,757 | bf16_mfu: 0.00 | epoch: 1 pq: 6 rg: 47 | total time: 18.22m | eta: 14.9m
step 00560/01008 (55.56%) | loss: 3.207509 | lrm: 0.70 | dt: 1987.92ms | tok/sec: 263,737 | bf16_mfu: 0.00 | epoch: 1 pq: 6 rg: 48 | total time: 18.25m | eta: 14.9m
step 00561/01008 (55.65%) | loss: 3.205938 | lrm: 0.70 | dt: 1986.62ms | tok/sec: 263,909 | bf16_mfu: 0.00 | epoch: 1 pq: 6 rg: 49 | total time: 18.29m | eta: 14.8m
step 00562/01008 (55.75%) | loss: 3.193737 | lrm: 0.70 | dt: 1986.27ms | tok/sec: 263,956 | bf16_mfu: 0.00 | epoch: 1 pq: 6 rg: 50 | total time: 18.32m | eta: 14.8m
step 00563/01008 (55.85%) | loss: 3.191194 | lrm: 0.70 | dt: 1987.12ms | tok/sec: 263,843 | bf16_mfu: 0.00 | epoch: 1 pq: 6 rg: 51 | total time: 18.35m | eta: 14.8m
step 00564/01008 (55.95%) | loss: 3.193825 | lrm: 0.69 | dt: 1986.95ms | tok/sec: 263,865 | bf16_mfu: 0.00 | epoch: 1 pq: 6 rg: 52 | total time: 18.38m | eta: 14.7m
step 00565/01008 (56.05%) | loss: 3.199293 | lrm: 0.69 | dt: 1986.53ms | tok/sec: 263,921 | bf16_mfu: 0.00 | epoch: 1 pq: 6 rg: 53 | total time: 18.42m | eta: 14.7m
step 00566/01008 (56.15%) | loss: 3.208595 | lrm: 0.69 | dt: 1984.86ms | tok/sec: 264,143 | bf16_mfu: 0.00 | epoch: 1 pq: 6 rg: 54 | total time: 18.45m | eta: 14.7m
step 00567/01008 (56.25%) | loss: 3.202886 | lrm: 0.69 | dt: 1986.25ms | tok/sec: 263,959 | bf16_mfu: 0.00 | epoch: 1 pq: 6 rg: 55 | total time: 18.48m | eta: 14.6m
step 00568/01008 (56.35%) | loss: 3.206981 | lrm: 0.69 | dt: 1985.83ms | tok/sec: 264,014 | bf16_mfu: 0.00 | epoch: 1 pq: 6 rg: 56 | total time: 18.52m | eta: 14.6m
step 00569/01008 (56.45%) | loss: 3.198771 | lrm: 0.69 | dt: 1986.02ms | tok/sec: 263,989 | bf16_mfu: 0.00 | epoch: 1 pq: 6 rg: 57 | total time: 18.55m | eta: 14.6m
step 00570/01008 (56.55%) | loss: 3.202061 | lrm: 0.69 | dt: 1985.38ms | tok/sec: 264,074 | bf16_mfu: 0.00 | epoch: 1 pq: 6 rg: 58 | total time: 18.58m | eta: 14.5m
step 00571/01008 (56.65%) | loss: 3.208143 | lrm: 0.68 | dt: 1987.26ms | tok/sec: 263,824 | bf16_mfu: 0.00 | epoch: 1 pq: 6 rg: 59 | total time: 18.62m | eta: 14.5m
step 00572/01008 (56.75%) | loss: 3.209449 | lrm: 0.68 | dt: 1987.34ms | tok/sec: 263,813 | bf16_mfu: 0.00 | epoch: 1 pq: 6 rg: 60 | total time: 18.65m | eta: 14.5m
step 00573/01008 (56.85%) | loss: 3.212904 | lrm: 0.68 | dt: 1987.84ms | tok/sec: 263,747 | bf16_mfu: 0.00 | epoch: 1 pq: 6 rg: 61 | total time: 18.68m | eta: 14.4m
step 00574/01008 (56.94%) | loss: 3.201994 | lrm: 0.68 | dt: 1987.18ms | tok/sec: 263,835 | bf16_mfu: 0.00 | epoch: 1 pq: 6 rg: 62 | total time: 18.72m | eta: 14.4m
step 00575/01008 (57.04%) | loss: 3.194369 | lrm: 0.68 | dt: 1988.05ms | tok/sec: 263,719 | bf16_mfu: 0.00 | epoch: 1 pq: 6 rg: 63 | total time: 18.75m | eta: 14.4m
step 00576/01008 (57.14%) | loss: 3.194461 | lrm: 0.68 | dt: 1986.59ms | tok/sec: 263,912 | bf16_mfu: 0.00 | epoch: 1 pq: 6 rg: 64 | total time: 18.78m | eta: 14.3m
step 00577/01008 (57.24%) | loss: 3.189873 | lrm: 0.68 | dt: 1988.35ms | tok/sec: 263,679 | bf16_mfu: 0.00 | epoch: 1 pq: 6 rg: 65 | total time: 18.82m | eta: 14.3m
step 00578/01008 (57.34%) | loss: 3.185486 | lrm: 0.67 | dt: 1987.01ms | tok/sec: 263,857 | bf16_mfu: 0.00 | epoch: 1 pq: 6 rg: 66 | total time: 18.85m | eta: 14.3m
step 00579/01008 (57.44%) | loss: 3.191229 | lrm: 0.67 | dt: 1986.85ms | tok/sec: 263,878 | bf16_mfu: 0.00 | epoch: 1 pq: 6 rg: 67 | total time: 18.88m | eta: 14.2m
step 00580/01008 (57.54%) | loss: 3.187071 | lrm: 0.67 | dt: 1985.84ms | tok/sec: 264,013 | bf16_mfu: 0.00 | epoch: 1 pq: 6 rg: 68 | total time: 18.91m | eta: 14.2m
step 00581/01008 (57.64%) | loss: 3.183136 | lrm: 0.67 | dt: 1987.44ms | tok/sec: 263,800 | bf16_mfu: 0.00 | epoch: 1 pq: 6 rg: 68 | total time: 18.95m | eta: 14.2m
step 00582/01008 (57.74%) | loss: 3.171345 | lrm: 0.67 | dt: 1986.12ms | tok/sec: 263,975 | bf16_mfu: 0.00 | epoch: 1 pq: 6 rg: 69 | total time: 18.98m | eta: 14.1m
step 00583/01008 (57.84%) | loss: 3.177306 | lrm: 0.67 | dt: 1986.35ms | tok/sec: 263,945 | bf16_mfu: 0.00 | epoch: 1 pq: 6 rg: 70 | total time: 19.01m | eta: 14.1m
step 00584/01008 (57.94%) | loss: 3.174674 | lrm: 0.66 | dt: 1985.84ms | tok/sec: 264,012 | bf16_mfu: 0.00 | epoch: 1 pq: 6 rg: 71 | total time: 19.05m | eta: 14.1m
step 00585/01008 (58.04%) | loss: 3.181272 | lrm: 0.66 | dt: 1986.04ms | tok/sec: 263,987 | bf16_mfu: 0.00 | epoch: 1 pq: 6 rg: 72 | total time: 19.08m | eta: 14.0m
step 00586/01008 (58.13%) | loss: 3.194239 | lrm: 0.66 | dt: 1985.71ms | tok/sec: 264,030 | bf16_mfu: 0.00 | epoch: 1 pq: 6 rg: 73 | total time: 19.11m | eta: 14.0m
step 00587/01008 (58.23%) | loss: 3.188073 | lrm: 0.66 | dt: 1985.91ms | tok/sec: 264,003 | bf16_mfu: 0.00 | epoch: 1 pq: 6 rg: 74 | total time: 19.15m | eta: 14.0m
step 00588/01008 (58.33%) | loss: 3.187724 | lrm: 0.66 | dt: 1986.37ms | tok/sec: 263,943 | bf16_mfu: 0.00 | epoch: 1 pq: 6 rg: 75 | total time: 19.18m | eta: 13.9m
step 00589/01008 (58.43%) | loss: 3.186805 | lrm: 0.66 | dt: 1987.64ms | tok/sec: 263,773 | bf16_mfu: 0.00 | epoch: 1 pq: 6 rg: 76 | total time: 19.21m | eta: 13.9m
step 00590/01008 (58.53%) | loss: 3.187399 | lrm: 0.66 | dt: 1986.91ms | tok/sec: 263,871 | bf16_mfu: 0.00 | epoch: 1 pq: 6 rg: 77 | total time: 19.25m | eta: 13.9m
step 00591/01008 (58.63%) | loss: 3.195009 | lrm: 0.65 | dt: 1985.63ms | tok/sec: 264,041 | bf16_mfu: 0.00 | epoch: 1 pq: 6 rg: 78 | total time: 19.28m | eta: 13.8m
step 00592/01008 (58.73%) | loss: 3.179273 | lrm: 0.65 | dt: 1987.34ms | tok/sec: 263,814 | bf16_mfu: 0.00 | epoch: 1 pq: 6 rg: 79 | total time: 19.31m | eta: 13.8m
step 00593/01008 (58.83%) | loss: 3.177349 | lrm: 0.65 | dt: 1986.48ms | tok/sec: 263,928 | bf16_mfu: 0.00 | epoch: 1 pq: 6 rg: 80 | total time: 19.34m | eta: 13.8m
step 00594/01008 (58.93%) | loss: 3.178243 | lrm: 0.65 | dt: 1986.68ms | tok/sec: 263,901 | bf16_mfu: 0.00 | epoch: 1 pq: 6 rg: 81 | total time: 19.38m | eta: 13.7m
step 00595/01008 (59.03%) | loss: 3.183565 | lrm: 0.65 | dt: 1989.73ms | tok/sec: 263,497 | bf16_mfu: 0.00 | epoch: 1 pq: 7 rg: 0 | total time: 19.41m | eta: 13.7m
step 00596/01008 (59.13%) | loss: 3.177932 | lrm: 0.65 | dt: 1988.78ms | tok/sec: 263,622 | bf16_mfu: 0.00 | epoch: 1 pq: 7 rg: 1 | total time: 19.44m | eta: 13.7m
step 00597/01008 (59.23%) | loss: 3.184537 | lrm: 0.65 | dt: 1987.92ms | tok/sec: 263,736 | bf16_mfu: 0.00 | epoch: 1 pq: 7 rg: 2 | total time: 19.48m | eta: 13.6m
step 00598/01008 (59.33%) | loss: 3.179175 | lrm: 0.64 | dt: 1988.59ms | tok/sec: 263,648 | bf16_mfu: 0.00 | epoch: 1 pq: 7 rg: 3 | total time: 19.51m | eta: 13.6m
step 00599/01008 (59.42%) | loss: 3.169324 | lrm: 0.64 | dt: 1989.38ms | tok/sec: 263,542 | bf16_mfu: 0.00 | epoch: 1 pq: 7 rg: 4 | total time: 19.54m | eta: 13.6m
step 00600/01008 (59.52%) | loss: 3.161856 | lrm: 0.64 | dt: 1988.46ms | tok/sec: 263,664 | bf16_mfu: 0.00 | epoch: 1 pq: 7 rg: 5 | total time: 19.58m | eta: 13.5m
step 00601/01008 (59.62%) | loss: 3.171606 | lrm: 0.64 | dt: 1988.34ms | tok/sec: 263,681 | bf16_mfu: 0.00 | epoch: 1 pq: 7 rg: 6 | total time: 19.61m | eta: 13.5m
step 00602/01008 (59.72%) | loss: 3.184148 | lrm: 0.64 | dt: 1988.70ms | tok/sec: 263,633 | bf16_mfu: 0.00 | epoch: 1 pq: 7 rg: 7 | total time: 19.64m | eta: 13.5m
step 00603/01008 (59.82%) | loss: 3.179167 | lrm: 0.64 | dt: 1987.76ms | tok/sec: 263,758 | bf16_mfu: 0.00 | epoch: 1 pq: 7 rg: 8 | total time: 19.68m | eta: 13.4m
step 00604/01008 (59.92%) | loss: 3.167254 | lrm: 0.64 | dt: 1985.70ms | tok/sec: 264,031 | bf16_mfu: 0.00 | epoch: 1 pq: 7 rg: 9 | total time: 19.71m | eta: 13.4m
step 00605/01008 (60.02%) | loss: 3.164937 | lrm: 0.63 | dt: 1987.33ms | tok/sec: 263,814 | bf16_mfu: 0.00 | epoch: 1 pq: 7 rg: 10 | total time: 19.74m | eta: 13.4m
step 00606/01008 (60.12%) | loss: 3.174651 | lrm: 0.63 | dt: 1987.65ms | tok/sec: 263,772 | bf16_mfu: 0.00 | epoch: 1 pq: 7 rg: 11 | total time: 19.78m | eta: 13.3m
step 00607/01008 (60.22%) | loss: 3.181917 | lrm: 0.63 | dt: 1987.39ms | tok/sec: 263,807 | bf16_mfu: 0.00 | epoch: 1 pq: 7 rg: 12 | total time: 19.81m | eta: 13.3m
step 00608/01008 (60.32%) | loss: 3.166385 | lrm: 0.63 | dt: 1985.83ms | tok/sec: 264,014 | bf16_mfu: 0.00 | epoch: 1 pq: 7 rg: 13 | total time: 19.84m | eta: 13.3m
step 00609/01008 (60.42%) | loss: 3.179949 | lrm: 0.63 | dt: 1987.06ms | tok/sec: 263,851 | bf16_mfu: 0.00 | epoch: 1 pq: 7 rg: 14 | total time: 19.87m | eta: 13.2m
step 00610/01008 (60.52%) | loss: 3.187768 | lrm: 0.63 | dt: 1987.50ms | tok/sec: 263,793 | bf16_mfu: 0.00 | epoch: 1 pq: 7 rg: 15 | total time: 19.91m | eta: 13.2m
step 00611/01008 (60.62%) | loss: 3.190086 | lrm: 0.63 | dt: 1987.02ms | tok/sec: 263,855 | bf16_mfu: 0.00 | epoch: 1 pq: 7 rg: 16 | total time: 19.94m | eta: 13.2m
step 00612/01008 (60.71%) | loss: 3.177729 | lrm: 0.62 | dt: 1988.09ms | tok/sec: 263,714 | bf16_mfu: 0.00 | epoch: 1 pq: 7 rg: 16 | total time: 19.97m | eta: 13.1m
step 00613/01008 (60.81%) | loss: 3.177661 | lrm: 0.62 | dt: 1986.36ms | tok/sec: 263,943 | bf16_mfu: 0.00 | epoch: 1 pq: 7 rg: 17 | total time: 20.01m | eta: 13.1m
step 00614/01008 (60.91%) | loss: 3.182904 | lrm: 0.62 | dt: 1985.32ms | tok/sec: 264,082 | bf16_mfu: 0.00 | epoch: 1 pq: 7 rg: 18 | total time: 20.04m | eta: 13.1m
step 00615/01008 (61.01%) | loss: 3.188090 | lrm: 0.62 | dt: 1986.51ms | tok/sec: 263,924 | bf16_mfu: 0.00 | epoch: 1 pq: 7 rg: 19 | total time: 20.07m | eta: 13.0m
step 00616/01008 (61.11%) | loss: 3.190303 | lrm: 0.62 | dt: 1986.82ms | tok/sec: 263,883 | bf16_mfu: 0.00 | epoch: 1 pq: 7 rg: 20 | total time: 20.11m | eta: 13.0m
step 00617/01008 (61.21%) | loss: 3.187904 | lrm: 0.62 | dt: 1987.23ms | tok/sec: 263,828 | bf16_mfu: 0.00 | epoch: 1 pq: 7 rg: 21 | total time: 20.14m | eta: 13.0m
step 00618/01008 (61.31%) | loss: 3.172705 | lrm: 0.62 | dt: 1987.08ms | tok/sec: 263,848 | bf16_mfu: 0.00 | epoch: 1 pq: 7 rg: 22 | total time: 20.17m | eta: 12.9m
step 00619/01008 (61.41%) | loss: 3.171866 | lrm: 0.61 | dt: 1988.00ms | tok/sec: 263,725 | bf16_mfu: 0.00 | epoch: 1 pq: 7 rg: 23 | total time: 20.21m | eta: 12.9m
step 00620/01008 (61.51%) | loss: 3.172111 | lrm: 0.61 | dt: 1989.38ms | tok/sec: 263,543 | bf16_mfu: 0.00 | epoch: 1 pq: 7 rg: 24 | total time: 20.24m | eta: 12.9m
step 00621/01008 (61.61%) | loss: 3.166985 | lrm: 0.61 | dt: 1989.52ms | tok/sec: 263,525 | bf16_mfu: 0.00 | epoch: 1 pq: 7 rg: 25 | total time: 20.27m | eta: 12.8m
step 00622/01008 (61.71%) | loss: 3.179925 | lrm: 0.61 | dt: 1988.75ms | tok/sec: 263,627 | bf16_mfu: 0.00 | epoch: 1 pq: 7 rg: 26 | total time: 20.31m | eta: 12.8m
step 00623/01008 (61.81%) | loss: 3.177990 | lrm: 0.61 | dt: 1987.77ms | tok/sec: 263,756 | bf16_mfu: 0.00 | epoch: 1 pq: 7 rg: 27 | total time: 20.34m | eta: 12.8m
step 00624/01008 (61.90%) | loss: 3.182391 | lrm: 0.61 | dt: 1987.40ms | tok/sec: 263,806 | bf16_mfu: 0.00 | epoch: 1 pq: 7 rg: 28 | total time: 20.37m | eta: 12.7m
step 00625/01008 (62.00%) | loss: 3.178246 | lrm: 0.61 | dt: 1988.36ms | tok/sec: 263,678 | bf16_mfu: 0.00 | epoch: 1 pq: 7 rg: 29 | total time: 20.40m | eta: 12.7m
step 00626/01008 (62.10%) | loss: 3.178245 | lrm: 0.60 | dt: 1987.70ms | tok/sec: 263,766 | bf16_mfu: 0.00 | epoch: 1 pq: 7 rg: 30 | total time: 20.44m | eta: 12.7m
step 00627/01008 (62.20%) | loss: 3.176084 | lrm: 0.60 | dt: 1986.36ms | tok/sec: 263,943 | bf16_mfu: 0.00 | epoch: 1 pq: 7 rg: 31 | total time: 20.47m | eta: 12.6m
step 00628/01008 (62.30%) | loss: 3.167523 | lrm: 0.60 | dt: 1986.71ms | tok/sec: 263,897 | bf16_mfu: 0.00 | epoch: 1 pq: 7 rg: 32 | total time: 20.50m | eta: 12.6m
step 00629/01008 (62.40%) | loss: 3.164143 | lrm: 0.60 | dt: 1987.07ms | tok/sec: 263,849 | bf16_mfu: 0.00 | epoch: 1 pq: 7 rg: 33 | total time: 20.54m | eta: 12.6m
step 00630/01008 (62.50%) | loss: 3.153513 | lrm: 0.60 | dt: 1987.41ms | tok/sec: 263,804 | bf16_mfu: 0.00 | epoch: 1 pq: 7 rg: 34 | total time: 20.57m | eta: 12.5m
step 00631/01008 (62.60%) | loss: 3.147442 | lrm: 0.60 | dt: 1987.76ms | tok/sec: 263,758 | bf16_mfu: 0.00 | epoch: 1 pq: 7 rg: 35 | total time: 20.60m | eta: 12.5m
step 00632/01008 (62.70%) | loss: 3.153330 | lrm: 0.60 | dt: 1987.44ms | tok/sec: 263,801 | bf16_mfu: 0.00 | epoch: 1 pq: 7 rg: 36 | total time: 20.64m | eta: 12.5m
step 00633/01008 (62.80%) | loss: 3.147456 | lrm: 0.59 | dt: 1987.51ms | tok/sec: 263,791 | bf16_mfu: 0.00 | epoch: 1 pq: 7 rg: 37 | total time: 20.67m | eta: 12.4m
step 00634/01008 (62.90%) | loss: 3.151706 | lrm: 0.59 | dt: 1989.19ms | tok/sec: 263,568 | bf16_mfu: 0.00 | epoch: 1 pq: 7 rg: 38 | total time: 20.70m | eta: 12.4m
step 00635/01008 (63.00%) | loss: 3.157349 | lrm: 0.59 | dt: 1987.65ms | tok/sec: 263,772 | bf16_mfu: 0.00 | epoch: 1 pq: 7 rg: 39 | total time: 20.74m | eta: 12.4m
step 00636/01008 (63.10%) | loss: 3.160715 | lrm: 0.59 | dt: 1988.65ms | tok/sec: 263,640 | bf16_mfu: 0.00 | epoch: 1 pq: 7 rg: 40 | total time: 20.77m | eta: 12.3m
step 00637/01008 (63.19%) | loss: 3.155522 | lrm: 0.59 | dt: 1988.09ms | tok/sec: 263,714 | bf16_mfu: 0.00 | epoch: 1 pq: 7 rg: 41 | total time: 20.80m | eta: 12.3m
step 00638/01008 (63.29%) | loss: 3.141722 | lrm: 0.59 | dt: 1987.92ms | tok/sec: 263,736 | bf16_mfu: 0.00 | epoch: 1 pq: 7 rg: 42 | total time: 20.84m | eta: 12.3m
step 00639/01008 (63.39%) | loss: 3.148444 | lrm: 0.59 | dt: 1986.90ms | tok/sec: 263,872 | bf16_mfu: 0.00 | epoch: 1 pq: 7 rg: 43 | total time: 20.87m | eta: 12.2m
step 00640/01008 (63.49%) | loss: 3.145725 | lrm: 0.58 | dt: 1987.88ms | tok/sec: 263,742 | bf16_mfu: 0.00 | epoch: 1 pq: 7 rg: 44 | total time: 20.90m | eta: 12.2m
step 00641/01008 (63.59%) | loss: 3.149260 | lrm: 0.58 | dt: 1985.52ms | tok/sec: 264,056 | bf16_mfu: 0.00 | epoch: 1 pq: 7 rg: 45 | total time: 20.93m | eta: 12.2m
step 00642/01008 (63.69%) | loss: 3.152514 | lrm: 0.58 | dt: 1987.61ms | tok/sec: 263,777 | bf16_mfu: 0.00 | epoch: 1 pq: 7 rg: 46 | total time: 20.97m | eta: 12.1m
step 00643/01008 (63.79%) | loss: 3.151064 | lrm: 0.58 | dt: 1985.95ms | tok/sec: 263,998 | bf16_mfu: 0.00 | epoch: 1 pq: 7 rg: 47 | total time: 21.00m | eta: 12.1m
step 00644/01008 (63.89%) | loss: 3.144013 | lrm: 0.58 | dt: 1985.76ms | tok/sec: 264,024 | bf16_mfu: 0.00 | epoch: 1 pq: 7 rg: 48 | total time: 21.03m | eta: 12.1m
step 00645/01008 (63.99%) | loss: 3.144397 | lrm: 0.58 | dt: 1986.84ms | tok/sec: 263,880 | bf16_mfu: 0.00 | epoch: 1 pq: 7 rg: 49 | total time: 21.07m | eta: 12.0m
step 00646/01008 (64.09%) | loss: 3.138535 | lrm: 0.58 | dt: 1986.26ms | tok/sec: 263,957 | bf16_mfu: 0.00 | epoch: 1 pq: 7 rg: 49 | total time: 21.10m | eta: 12.0m
step 00647/01008 (64.19%) | loss: 3.130589 | lrm: 0.57 | dt: 1987.41ms | tok/sec: 263,805 | bf16_mfu: 0.00 | epoch: 1 pq: 7 rg: 50 | total time: 21.13m | eta: 12.0m
step 00648/01008 (64.29%) | loss: 3.145685 | lrm: 0.57 | dt: 1988.50ms | tok/sec: 263,660 | bf16_mfu: 0.00 | epoch: 1 pq: 7 rg: 51 | total time: 21.17m | eta: 11.9m
step 00649/01008 (64.38%) | loss: 3.162061 | lrm: 0.57 | dt: 1988.23ms | tok/sec: 263,696 | bf16_mfu: 0.00 | epoch: 1 pq: 7 rg: 52 | total time: 21.20m | eta: 11.9m
step 00650/01008 (64.48%) | loss: 3.161856 | lrm: 0.57 | dt: 1987.98ms | tok/sec: 263,728 | bf16_mfu: 0.00 | epoch: 1 pq: 7 rg: 53 | total time: 21.23m | eta: 11.9m
step 00651/01008 (64.58%) | loss: 3.164227 | lrm: 0.57 | dt: 1987.85ms | tok/sec: 263,745 | bf16_mfu: 0.00 | epoch: 1 pq: 7 rg: 54 | total time: 21.27m | eta: 11.8m
step 00652/01008 (64.68%) | loss: 3.151422 | lrm: 0.57 | dt: 1985.61ms | tok/sec: 264,043 | bf16_mfu: 0.00 | epoch: 1 pq: 7 rg: 55 | total time: 21.30m | eta: 11.8m
step 00653/01008 (64.78%) | loss: 3.148002 | lrm: 0.56 | dt: 1986.87ms | tok/sec: 263,876 | bf16_mfu: 0.00 | epoch: 1 pq: 7 rg: 56 | total time: 21.33m | eta: 11.8m
step 00654/01008 (64.88%) | loss: 3.142825 | lrm: 0.56 | dt: 1986.22ms | tok/sec: 263,963 | bf16_mfu: 0.00 | epoch: 1 pq: 7 rg: 57 | total time: 21.37m | eta: 11.7m
step 00655/01008 (64.98%) | loss: 3.144925 | lrm: 0.56 | dt: 1984.96ms | tok/sec: 264,130 | bf16_mfu: 0.00 | epoch: 1 pq: 7 rg: 58 | total time: 21.40m | eta: 11.7m
step 00656/01008 (65.08%) | loss: 3.150581 | lrm: 0.56 | dt: 1986.85ms | tok/sec: 263,879 | bf16_mfu: 0.00 | epoch: 1 pq: 7 rg: 59 | total time: 21.43m | eta: 11.7m
step 00657/01008 (65.18%) | loss: 3.156424 | lrm: 0.56 | dt: 1986.76ms | tok/sec: 263,890 | bf16_mfu: 0.00 | epoch: 1 pq: 7 rg: 60 | total time: 21.46m | eta: 11.6m
step 00658/01008 (65.28%) | loss: 3.167325 | lrm: 0.56 | dt: 1986.64ms | tok/sec: 263,906 | bf16_mfu: 0.00 | epoch: 1 pq: 7 rg: 61 | total time: 21.50m | eta: 11.6m
step 00659/01008 (65.38%) | loss: 3.170584 | lrm: 0.56 | dt: 1987.02ms | tok/sec: 263,855 | bf16_mfu: 0.00 | epoch: 1 pq: 7 rg: 62 | total time: 21.53m | eta: 11.6m
step 00660/01008 (65.48%) | loss: 3.167776 | lrm: 0.55 | dt: 1986.30ms | tok/sec: 263,951 | bf16_mfu: 0.00 | epoch: 1 pq: 7 rg: 63 | total time: 21.56m | eta: 11.5m
step 00661/01008 (65.58%) | loss: 3.161168 | lrm: 0.55 | dt: 1986.43ms | tok/sec: 263,935 | bf16_mfu: 0.00 | epoch: 1 pq: 7 rg: 64 | total time: 21.60m | eta: 11.5m
step 00662/01008 (65.67%) | loss: 3.159063 | lrm: 0.55 | dt: 1987.67ms | tok/sec: 263,769 | bf16_mfu: 0.00 | epoch: 1 pq: 7 rg: 65 | total time: 21.63m | eta: 11.5m
step 00663/01008 (65.77%) | loss: 3.152439 | lrm: 0.55 | dt: 1986.89ms | tok/sec: 263,873 | bf16_mfu: 0.00 | epoch: 1 pq: 7 rg: 66 | total time: 21.66m | eta: 11.4m
step 00664/01008 (65.87%) | loss: 3.149041 | lrm: 0.55 | dt: 1987.53ms | tok/sec: 263,788 | bf16_mfu: 0.00 | epoch: 1 pq: 7 rg: 67 | total time: 21.70m | eta: 11.4m
step 00665/01008 (65.97%) | loss: 3.138199 | lrm: 0.55 | dt: 1987.81ms | tok/sec: 263,751 | bf16_mfu: 0.00 | epoch: 1 pq: 7 rg: 68 | total time: 21.73m | eta: 11.4m
step 00666/01008 (66.07%) | loss: 3.143658 | lrm: 0.55 | dt: 1985.22ms | tok/sec: 264,095 | bf16_mfu: 0.00 | epoch: 1 pq: 7 rg: 69 | total time: 21.76m | eta: 11.3m
step 00667/01008 (66.17%) | loss: 3.136594 | lrm: 0.54 | dt: 1985.22ms | tok/sec: 264,095 | bf16_mfu: 0.00 | epoch: 1 pq: 7 rg: 70 | total time: 21.80m | eta: 11.3m
step 00668/01008 (66.27%) | loss: 3.133694 | lrm: 0.54 | dt: 1986.91ms | tok/sec: 263,871 | bf16_mfu: 0.00 | epoch: 1 pq: 7 rg: 71 | total time: 21.83m | eta: 11.3m
step 00669/01008 (66.37%) | loss: 3.126351 | lrm: 0.54 | dt: 1986.50ms | tok/sec: 263,925 | bf16_mfu: 0.00 | epoch: 1 pq: 7 rg: 72 | total time: 21.86m | eta: 11.2m
step 00670/01008 (66.47%) | loss: 3.120860 | lrm: 0.54 | dt: 1985.44ms | tok/sec: 264,066 | bf16_mfu: 0.00 | epoch: 1 pq: 7 rg: 73 | total time: 21.90m | eta: 11.2m
step 00671/01008 (66.57%) | loss: 3.119927 | lrm: 0.54 | dt: 1986.52ms | tok/sec: 263,923 | bf16_mfu: 0.00 | epoch: 1 pq: 7 rg: 74 | total time: 21.93m | eta: 11.2m
step 00672/01008 (66.67%) | loss: 3.135671 | lrm: 0.54 | dt: 1986.03ms | tok/sec: 263,987 | bf16_mfu: 0.00 | epoch: 1 pq: 7 rg: 75 | total time: 21.96m | eta: 11.1m
step 00673/01008 (66.77%) | loss: 3.132213 | lrm: 0.54 | dt: 1986.27ms | tok/sec: 263,956 | bf16_mfu: 0.00 | epoch: 1 pq: 7 rg: 76 | total time: 21.99m | eta: 11.1m
step 00674/01008 (66.87%) | loss: 3.132690 | lrm: 0.53 | dt: 1987.74ms | tok/sec: 263,761 | bf16_mfu: 0.00 | epoch: 1 pq: 7 rg: 77 | total time: 22.03m | eta: 11.1m
step 00675/01008 (66.96%) | loss: 3.136557 | lrm: 0.53 | dt: 1986.58ms | tok/sec: 263,915 | bf16_mfu: 0.00 | epoch: 1 pq: 7 rg: 78 | total time: 22.06m | eta: 11.0m
step 00676/01008 (67.06%) | loss: 3.143398 | lrm: 0.53 | dt: 1985.86ms | tok/sec: 264,010 | bf16_mfu: 0.00 | epoch: 1 pq: 7 rg: 79 | total time: 22.09m | eta: 11.0m
step 00677/01008 (67.16%) | loss: 3.143830 | lrm: 0.53 | dt: 1986.33ms | tok/sec: 263,947 | bf16_mfu: 0.00 | epoch: 1 pq: 7 rg: 80 | total time: 22.13m | eta: 11.0m
step 00678/01008 (67.26%) | loss: 3.135487 | lrm: 0.53 | dt: 1987.20ms | tok/sec: 263,833 | bf16_mfu: 0.00 | epoch: 1 pq: 7 rg: 81 | total time: 22.16m | eta: 10.9m
step 00679/01008 (67.36%) | loss: 3.137440 | lrm: 0.53 | dt: 1986.62ms | tok/sec: 263,909 | bf16_mfu: 0.00 | epoch: 1 pq: 7 rg: 81 | total time: 22.19m | eta: 10.9m
step 00680/01008 (67.46%) | loss: 3.141453 | lrm: 0.53 | dt: 1986.56ms | tok/sec: 263,917 | bf16_mfu: 0.00 | epoch: 1 pq: 8 rg: 1 | total time: 22.23m | eta: 10.9m
step 00681/01008 (67.56%) | loss: 3.129057 | lrm: 0.52 | dt: 1987.19ms | tok/sec: 263,834 | bf16_mfu: 0.00 | epoch: 1 pq: 8 rg: 1 | total time: 22.26m | eta: 10.8m
step 00682/01008 (67.66%) | loss: 3.126589 | lrm: 0.52 | dt: 1987.44ms | tok/sec: 263,800 | bf16_mfu: 0.00 | epoch: 1 pq: 8 rg: 2 | total time: 22.29m | eta: 10.8m
step 00683/01008 (67.76%) | loss: 3.135648 | lrm: 0.52 | dt: 1987.09ms | tok/sec: 263,846 | bf16_mfu: 0.00 | epoch: 1 pq: 8 rg: 3 | total time: 22.33m | eta: 10.8m
step 00684/01008 (67.86%) | loss: 3.133705 | lrm: 0.52 | dt: 1987.63ms | tok/sec: 263,775 | bf16_mfu: 0.00 | epoch: 1 pq: 8 rg: 4 | total time: 22.36m | eta: 10.7m
step 00685/01008 (67.96%) | loss: 3.131009 | lrm: 0.52 | dt: 1987.30ms | tok/sec: 263,819 | bf16_mfu: 0.00 | epoch: 1 pq: 8 rg: 5 | total time: 22.39m | eta: 10.7m
step 00686/01008 (68.06%) | loss: 3.117400 | lrm: 0.52 | dt: 1986.85ms | tok/sec: 263,878 | bf16_mfu: 0.00 | epoch: 1 pq: 8 rg: 6 | total time: 22.42m | eta: 10.7m
step 00687/01008 (68.15%) | loss: 3.117875 | lrm: 0.52 | dt: 1985.14ms | tok/sec: 264,105 | bf16_mfu: 0.00 | epoch: 1 pq: 8 rg: 7 | total time: 22.46m | eta: 10.6m
step 00688/01008 (68.25%) | loss: 3.125240 | lrm: 0.51 | dt: 1986.68ms | tok/sec: 263,901 | bf16_mfu: 0.00 | epoch: 1 pq: 8 rg: 8 | total time: 22.49m | eta: 10.6m
step 00689/01008 (68.35%) | loss: 3.105056 | lrm: 0.51 | dt: 1987.23ms | tok/sec: 263,827 | bf16_mfu: 0.00 | epoch: 1 pq: 8 rg: 9 | total time: 22.52m | eta: 10.6m
step 00690/01008 (68.45%) | loss: 3.103670 | lrm: 0.51 | dt: 1987.69ms | tok/sec: 263,767 | bf16_mfu: 0.00 | epoch: 1 pq: 8 rg: 10 | total time: 22.56m | eta: 10.5m
step 00691/01008 (68.55%) | loss: 3.112966 | lrm: 0.51 | dt: 1984.76ms | tok/sec: 264,157 | bf16_mfu: 0.00 | epoch: 1 pq: 8 rg: 11 | total time: 22.59m | eta: 10.5m
step 00692/01008 (68.65%) | loss: 3.115930 | lrm: 0.51 | dt: 1989.59ms | tok/sec: 263,515 | bf16_mfu: 0.00 | epoch: 1 pq: 8 rg: 12 | total time: 22.62m | eta: 10.5m
step 00693/01008 (68.75%) | loss: 3.108810 | lrm: 0.51 | dt: 1987.93ms | tok/sec: 263,735 | bf16_mfu: 0.00 | epoch: 1 pq: 8 rg: 13 | total time: 22.66m | eta: 10.4m
step 00694/01008 (68.85%) | loss: 3.104940 | lrm: 0.51 | dt: 1987.82ms | tok/sec: 263,749 | bf16_mfu: 0.00 | epoch: 1 pq: 8 rg: 14 | total time: 22.69m | eta: 10.4m
step 00695/01008 (68.95%) | loss: 3.111580 | lrm: 0.50 | dt: 1987.01ms | tok/sec: 263,857 | bf16_mfu: 0.00 | epoch: 1 pq: 8 rg: 15 | total time: 22.72m | eta: 10.4m
step 00696/01008 (69.05%) | loss: 3.115669 | lrm: 0.50 | dt: 1987.20ms | tok/sec: 263,832 | bf16_mfu: 0.00 | epoch: 1 pq: 8 rg: 16 | total time: 22.76m | eta: 10.3m
step 00697/01008 (69.15%) | loss: 3.107119 | lrm: 0.50 | dt: 1987.07ms | tok/sec: 263,850 | bf16_mfu: 0.00 | epoch: 1 pq: 8 rg: 17 | total time: 22.79m | eta: 10.3m
step 00698/01008 (69.25%) | loss: 3.099379 | lrm: 0.50 | dt: 1986.69ms | tok/sec: 263,899 | bf16_mfu: 0.00 | epoch: 1 pq: 8 rg: 18 | total time: 22.82m | eta: 10.3m
step 00699/01008 (69.35%) | loss: 3.116745 | lrm: 0.50 | dt: 1985.81ms | tok/sec: 264,017 | bf16_mfu: 0.00 | epoch: 1 pq: 8 rg: 19 | total time: 22.86m | eta: 10.3m
step 00700/01008 (69.44%) | loss: 3.115323 | lrm: 0.50 | dt: 1987.38ms | tok/sec: 263,808 | bf16_mfu: 0.00 | epoch: 1 pq: 8 rg: 20 | total time: 22.89m | eta: 10.2m
step 00701/01008 (69.54%) | loss: 3.117048 | lrm: 0.50 | dt: 1985.40ms | tok/sec: 264,071 | bf16_mfu: 0.00 | epoch: 1 pq: 8 rg: 21 | total time: 22.92m | eta: 10.2m
step 00702/01008 (69.64%) | loss: 3.110560 | lrm: 0.49 | dt: 1985.94ms | tok/sec: 264,000 | bf16_mfu: 0.00 | epoch: 1 pq: 8 rg: 22 | total time: 22.95m | eta: 10.2m
step 00703/01008 (69.74%) | loss: 3.113242 | lrm: 0.49 | dt: 1986.03ms | tok/sec: 263,987 | bf16_mfu: 0.00 | epoch: 1 pq: 8 rg: 23 | total time: 22.99m | eta: 10.1m
step 00704/01008 (69.84%) | loss: 3.113096 | lrm: 0.49 | dt: 1985.60ms | tok/sec: 264,044 | bf16_mfu: 0.00 | epoch: 1 pq: 8 rg: 24 | total time: 23.02m | eta: 10.1m
step 00705/01008 (69.94%) | loss: 3.111925 | lrm: 0.49 | dt: 1986.91ms | tok/sec: 263,871 | bf16_mfu: 0.00 | epoch: 1 pq: 8 rg: 25 | total time: 23.05m | eta: 10.1m
step 00706/01008 (70.04%) | loss: 3.105435 | lrm: 0.49 | dt: 1986.52ms | tok/sec: 263,922 | bf16_mfu: 0.00 | epoch: 1 pq: 8 rg: 25 | total time: 23.09m | eta: 10.0m
step 00707/01008 (70.14%) | loss: 3.099614 | lrm: 0.49 | dt: 1986.34ms | tok/sec: 263,946 | bf16_mfu: 0.00 | epoch: 1 pq: 8 rg: 26 | total time: 23.12m | eta: 10.0m
step 00708/01008 (70.24%) | loss: 3.108761 | lrm: 0.49 | dt: 1985.56ms | tok/sec: 264,050 | bf16_mfu: 0.00 | epoch: 1 pq: 8 rg: 27 | total time: 23.15m | eta: 10.0m
step 00709/01008 (70.34%) | loss: 3.106690 | lrm: 0.48 | dt: 1986.41ms | tok/sec: 263,937 | bf16_mfu: 0.00 | epoch: 1 pq: 8 rg: 28 | total time: 23.19m | eta: 9.9m
step 00710/01008 (70.44%) | loss: 3.112949 | lrm: 0.48 | dt: 1985.30ms | tok/sec: 264,085 | bf16_mfu: 0.00 | epoch: 1 pq: 8 rg: 29 | total time: 23.22m | eta: 9.9m
step 00711/01008 (70.54%) | loss: 3.113183 | lrm: 0.48 | dt: 1984.19ms | tok/sec: 264,232 | bf16_mfu: 0.00 | epoch: 1 pq: 8 rg: 30 | total time: 23.25m | eta: 9.9m
step 00712/01008 (70.63%) | loss: 3.106669 | lrm: 0.48 | dt: 1984.44ms | tok/sec: 264,199 | bf16_mfu: 0.00 | epoch: 1 pq: 8 rg: 31 | total time: 23.29m | eta: 9.8m
step 00713/01008 (70.73%) | loss: 3.102629 | lrm: 0.48 | dt: 1986.09ms | tok/sec: 263,979 | bf16_mfu: 0.00 | epoch: 1 pq: 8 rg: 32 | total time: 23.32m | eta: 9.8m
step 00714/01008 (70.83%) | loss: 3.107599 | lrm: 0.48 | dt: 1986.81ms | tok/sec: 263,884 | bf16_mfu: 0.00 | epoch: 1 pq: 8 rg: 33 | total time: 23.35m | eta: 9.8m
step 00715/01008 (70.93%) | loss: 3.102676 | lrm: 0.47 | dt: 1985.65ms | tok/sec: 264,037 | bf16_mfu: 0.00 | epoch: 1 pq: 8 rg: 34 | total time: 23.39m | eta: 9.7m
step 00716/01008 (71.03%) | loss: 3.101207 | lrm: 0.47 | dt: 1985.96ms | tok/sec: 263,996 | bf16_mfu: 0.00 | epoch: 1 pq: 8 rg: 35 | total time: 23.42m | eta: 9.7m
step 00717/01008 (71.13%) | loss: 3.108987 | lrm: 0.47 | dt: 1985.26ms | tok/sec: 264,089 | bf16_mfu: 0.00 | epoch: 1 pq: 8 rg: 36 | total time: 23.45m | eta: 9.7m
step 00718/01008 (71.23%) | loss: 3.114188 | lrm: 0.47 | dt: 1984.83ms | tok/sec: 264,147 | bf16_mfu: 0.00 | epoch: 1 pq: 8 rg: 37 | total time: 23.48m | eta: 9.6m
step 00719/01008 (71.33%) | loss: 3.116129 | lrm: 0.47 | dt: 1985.30ms | tok/sec: 264,085 | bf16_mfu: 0.00 | epoch: 1 pq: 8 rg: 38 | total time: 23.52m | eta: 9.6m
step 00720/01008 (71.43%) | loss: 3.109158 | lrm: 0.47 | dt: 1984.38ms | tok/sec: 264,207 | bf16_mfu: 0.00 | epoch: 1 pq: 8 rg: 39 | total time: 23.55m | eta: 9.6m
step 00721/01008 (71.53%) | loss: 3.099372 | lrm: 0.47 | dt: 1985.80ms | tok/sec: 264,018 | bf16_mfu: 0.00 | epoch: 1 pq: 8 rg: 40 | total time: 23.58m | eta: 9.5m
step 00722/01008 (71.63%) | loss: 3.092415 | lrm: 0.46 | dt: 1985.71ms | tok/sec: 264,030 | bf16_mfu: 0.00 | epoch: 1 pq: 8 rg: 41 | total time: 23.62m | eta: 9.5m
step 00723/01008 (71.73%) | loss: 3.079253 | lrm: 0.46 | dt: 1986.96ms | tok/sec: 263,864 | bf16_mfu: 0.00 | epoch: 1 pq: 8 rg: 42 | total time: 23.65m | eta: 9.5m
step 00724/01008 (71.83%) | loss: 3.072215 | lrm: 0.46 | dt: 1985.55ms | tok/sec: 264,051 | bf16_mfu: 0.00 | epoch: 1 pq: 8 rg: 43 | total time: 23.68m | eta: 9.4m
step 00725/01008 (71.92%) | loss: 3.073137 | lrm: 0.46 | dt: 1986.01ms | tok/sec: 263,990 | bf16_mfu: 0.00 | epoch: 1 pq: 8 rg: 44 | total time: 23.72m | eta: 9.4m
step 00726/01008 (72.02%) | loss: 3.075796 | lrm: 0.46 | dt: 1984.77ms | tok/sec: 264,154 | bf16_mfu: 0.00 | epoch: 1 pq: 8 rg: 45 | total time: 23.75m | eta: 9.4m
step 00727/01008 (72.12%) | loss: 3.072056 | lrm: 0.46 | dt: 1985.40ms | tok/sec: 264,071 | bf16_mfu: 0.00 | epoch: 1 pq: 8 rg: 46 | total time: 23.78m | eta: 9.3m
step 00728/01008 (72.22%) | loss: 3.083658 | lrm: 0.46 | dt: 1985.75ms | tok/sec: 264,024 | bf16_mfu: 0.00 | epoch: 1 pq: 8 rg: 47 | total time: 23.82m | eta: 9.3m
step 00729/01008 (72.32%) | loss: 3.083407 | lrm: 0.45 | dt: 1984.18ms | tok/sec: 264,234 | bf16_mfu: 0.00 | epoch: 1 pq: 8 rg: 48 | total time: 23.85m | eta: 9.3m
step 00730/01008 (72.42%) | loss: 3.094203 | lrm: 0.45 | dt: 1983.53ms | tok/sec: 264,321 | bf16_mfu: 0.00 | epoch: 1 pq: 8 rg: 49 | total time: 23.88m | eta: 9.2m
step 00731/01008 (72.52%) | loss: 3.105636 | lrm: 0.45 | dt: 1986.33ms | tok/sec: 263,948 | bf16_mfu: 0.00 | epoch: 1 pq: 8 rg: 50 | total time: 23.91m | eta: 9.2m
step 00732/01008 (72.62%) | loss: 3.099401 | lrm: 0.45 | dt: 1985.52ms | tok/sec: 264,055 | bf16_mfu: 0.00 | epoch: 1 pq: 8 rg: 51 | total time: 23.95m | eta: 9.2m
step 00733/01008 (72.72%) | loss: 3.098798 | lrm: 0.45 | dt: 1984.47ms | tok/sec: 264,194 | bf16_mfu: 0.00 | epoch: 1 pq: 8 rg: 52 | total time: 23.98m | eta: 9.1m
step 00734/01008 (72.82%) | loss: 3.095676 | lrm: 0.45 | dt: 1984.36ms | tok/sec: 264,210 | bf16_mfu: 0.00 | epoch: 1 pq: 8 rg: 53 | total time: 24.01m | eta: 9.1m
step 00735/01008 (72.92%) | loss: 3.091714 | lrm: 0.45 | dt: 1984.63ms | tok/sec: 264,173 | bf16_mfu: 0.00 | epoch: 1 pq: 8 rg: 54 | total time: 24.05m | eta: 9.1m
step 00736/01008 (73.02%) | loss: 3.074414 | lrm: 0.44 | dt: 1985.02ms | tok/sec: 264,121 | bf16_mfu: 0.00 | epoch: 1 pq: 8 rg: 55 | total time: 24.08m | eta: 9.0m
step 00737/01008 (73.12%) | loss: 3.084805 | lrm: 0.44 | dt: 1985.19ms | tok/sec: 264,100 | bf16_mfu: 0.00 | epoch: 1 pq: 8 rg: 56 | total time: 24.11m | eta: 9.0m
step 00738/01008 (73.21%) | loss: 3.070669 | lrm: 0.44 | dt: 1984.23ms | tok/sec: 264,227 | bf16_mfu: 0.00 | epoch: 1 pq: 8 rg: 57 | total time: 24.15m | eta: 9.0m
step 00739/01008 (73.31%) | loss: 3.078262 | lrm: 0.44 | dt: 1985.34ms | tok/sec: 264,079 | bf16_mfu: 0.00 | epoch: 1 pq: 8 rg: 57 | total time: 24.18m | eta: 8.9m
step 00740/01008 (73.41%) | loss: 3.078308 | lrm: 0.44 | dt: 1986.21ms | tok/sec: 263,964 | bf16_mfu: 0.00 | epoch: 1 pq: 8 rg: 58 | total time: 24.21m | eta: 8.9m
step 00741/01008 (73.51%) | loss: 3.081881 | lrm: 0.44 | dt: 1986.73ms | tok/sec: 263,895 | bf16_mfu: 0.00 | epoch: 1 pq: 8 rg: 59 | total time: 24.25m | eta: 8.9m
step 00742/01008 (73.61%) | loss: 3.090057 | lrm: 0.44 | dt: 1986.44ms | tok/sec: 263,933 | bf16_mfu: 0.00 | epoch: 1 pq: 8 rg: 60 | total time: 24.28m | eta: 8.8m
step 00743/01008 (73.71%) | loss: 3.084507 | lrm: 0.43 | dt: 1985.43ms | tok/sec: 264,067 | bf16_mfu: 0.00 | epoch: 1 pq: 8 rg: 61 | total time: 24.31m | eta: 8.8m
step 00744/01008 (73.81%) | loss: 3.078346 | lrm: 0.43 | dt: 1983.08ms | tok/sec: 264,380 | bf16_mfu: 0.00 | epoch: 1 pq: 8 rg: 62 | total time: 24.34m | eta: 8.8m
step 00745/01008 (73.91%) | loss: 3.092970 | lrm: 0.43 | dt: 1983.97ms | tok/sec: 264,261 | bf16_mfu: 0.00 | epoch: 1 pq: 8 rg: 63 | total time: 24.38m | eta: 8.7m
step 00746/01008 (74.01%) | loss: 3.092056 | lrm: 0.43 | dt: 1984.14ms | tok/sec: 264,239 | bf16_mfu: 0.00 | epoch: 1 pq: 8 rg: 64 | total time: 24.41m | eta: 8.7m
step 00747/01008 (74.11%) | loss: 3.084777 | lrm: 0.43 | dt: 1984.35ms | tok/sec: 264,211 | bf16_mfu: 0.00 | epoch: 1 pq: 8 rg: 65 | total time: 24.44m | eta: 8.7m
step 00748/01008 (74.21%) | loss: 3.080658 | lrm: 0.43 | dt: 1984.29ms | tok/sec: 264,218 | bf16_mfu: 0.00 | epoch: 1 pq: 8 rg: 66 | total time: 24.48m | eta: 8.6m
step 00749/01008 (74.31%) | loss: 3.065949 | lrm: 0.43 | dt: 1982.92ms | tok/sec: 264,401 | bf16_mfu: 0.00 | epoch: 1 pq: 8 rg: 67 | total time: 24.51m | eta: 8.6m
Step 00750 | Validation bpb: 0.934755
step 00750/01008 (74.40%) | loss: 3.060140 | lrm: 0.42 | dt: 1972.04ms | tok/sec: 265,860 | bf16_mfu: 0.00 | epoch: 1 pq: 8 rg: 68 | total time: 24.54m | eta: 8.6m
step 00751/01008 (74.50%) | loss: 3.057878 | lrm: 0.42 | dt: 1976.16ms | tok/sec: 265,305 | bf16_mfu: 0.00 | epoch: 1 pq: 8 rg: 69 | total time: 24.58m | eta: 8.5m
step 00752/01008 (74.60%) | loss: 3.064648 | lrm: 0.42 | dt: 1976.82ms | tok/sec: 265,218 | bf16_mfu: 0.00 | epoch: 1 pq: 8 rg: 70 | total time: 24.61m | eta: 8.5m
step 00753/01008 (74.70%) | loss: 3.061667 | lrm: 0.42 | dt: 1977.56ms | tok/sec: 265,118 | bf16_mfu: 0.00 | epoch: 1 pq: 8 rg: 71 | total time: 24.64m | eta: 8.5m
step 00754/01008 (74.80%) | loss: 3.044863 | lrm: 0.42 | dt: 1980.00ms | tok/sec: 264,791 | bf16_mfu: 0.00 | epoch: 1 pq: 8 rg: 72 | total time: 24.67m | eta: 8.4m
step 00755/01008 (74.90%) | loss: 3.043079 | lrm: 0.42 | dt: 1977.13ms | tok/sec: 265,176 | bf16_mfu: 0.00 | epoch: 1 pq: 8 rg: 73 | total time: 24.71m | eta: 8.4m
step 00756/01008 (75.00%) | loss: 3.053232 | lrm: 0.42 | dt: 1976.21ms | tok/sec: 265,300 | bf16_mfu: 0.00 | epoch: 1 pq: 8 rg: 74 | total time: 24.74m | eta: 8.4m
step 00757/01008 (75.10%) | loss: 3.062743 | lrm: 0.41 | dt: 1977.52ms | tok/sec: 265,124 | bf16_mfu: 0.00 | epoch: 1 pq: 8 rg: 75 | total time: 24.77m | eta: 8.3m
step 00758/01008 (75.20%) | loss: 3.061692 | lrm: 0.41 | dt: 1978.26ms | tok/sec: 265,024 | bf16_mfu: 0.00 | epoch: 1 pq: 8 rg: 76 | total time: 24.81m | eta: 8.3m
step 00759/01008 (75.30%) | loss: 3.064295 | lrm: 0.41 | dt: 1978.53ms | tok/sec: 264,988 | bf16_mfu: 0.00 | epoch: 1 pq: 8 rg: 77 | total time: 24.84m | eta: 8.3m
step 00760/01008 (75.40%) | loss: 3.062867 | lrm: 0.41 | dt: 1977.40ms | tok/sec: 265,140 | bf16_mfu: 0.00 | epoch: 1 pq: 8 rg: 78 | total time: 24.87m | eta: 8.2m
step 00761/01008 (75.50%) | loss: 3.056535 | lrm: 0.41 | dt: 1977.94ms | tok/sec: 265,068 | bf16_mfu: 0.00 | epoch: 1 pq: 8 rg: 79 | total time: 24.91m | eta: 8.2m
step 00762/01008 (75.60%) | loss: 3.058879 | lrm: 0.41 | dt: 1978.13ms | tok/sec: 265,041 | bf16_mfu: 0.00 | epoch: 1 pq: 8 rg: 80 | total time: 24.94m | eta: 8.2m
step 00763/01008 (75.69%) | loss: 3.049172 | lrm: 0.41 | dt: 1979.57ms | tok/sec: 264,849 | bf16_mfu: 0.00 | epoch: 1 pq: 8 rg: 81 | total time: 24.97m | eta: 8.1m
step 00764/01008 (75.79%) | loss: 3.049869 | lrm: 0.40 | dt: 1979.33ms | tok/sec: 264,881 | bf16_mfu: 0.00 | epoch: 1 pq: 9 rg: 0 | total time: 25.00m | eta: 8.1m
step 00765/01008 (75.89%) | loss: 3.045344 | lrm: 0.40 | dt: 1979.45ms | tok/sec: 264,864 | bf16_mfu: 0.00 | epoch: 1 pq: 9 rg: 1 | total time: 25.04m | eta: 8.1m
step 00766/01008 (75.99%) | loss: 3.048556 | lrm: 0.40 | dt: 1979.96ms | tok/sec: 264,797 | bf16_mfu: 0.00 | epoch: 1 pq: 9 rg: 2 | total time: 25.07m | eta: 8.0m
step 00767/01008 (76.09%) | loss: 3.037279 | lrm: 0.40 | dt: 1979.78ms | tok/sec: 264,821 | bf16_mfu: 0.00 | epoch: 1 pq: 9 rg: 3 | total time: 25.10m | eta: 8.0m
step 00768/01008 (76.19%) | loss: 3.026198 | lrm: 0.40 | dt: 1980.12ms | tok/sec: 264,775 | bf16_mfu: 0.00 | epoch: 1 pq: 9 rg: 4 | total time: 25.14m | eta: 8.0m
step 00769/01008 (76.29%) | loss: 3.013967 | lrm: 0.40 | dt: 1978.99ms | tok/sec: 264,926 | bf16_mfu: 0.00 | epoch: 1 pq: 9 rg: 5 | total time: 25.17m | eta: 7.9m
step 00770/01008 (76.39%) | loss: 3.021919 | lrm: 0.40 | dt: 1979.76ms | tok/sec: 264,823 | bf16_mfu: 0.00 | epoch: 1 pq: 9 rg: 6 | total time: 25.20m | eta: 7.9m
step 00771/01008 (76.49%) | loss: 3.026988 | lrm: 0.39 | dt: 1979.36ms | tok/sec: 264,877 | bf16_mfu: 0.00 | epoch: 1 pq: 9 rg: 6 | total time: 25.24m | eta: 7.9m
step 00772/01008 (76.59%) | loss: 3.026294 | lrm: 0.39 | dt: 1979.36ms | tok/sec: 264,876 | bf16_mfu: 0.00 | epoch: 1 pq: 9 rg: 7 | total time: 25.27m | eta: 7.8m
step 00773/01008 (76.69%) | loss: 3.034873 | lrm: 0.39 | dt: 1979.71ms | tok/sec: 264,830 | bf16_mfu: 0.00 | epoch: 1 pq: 9 rg: 8 | total time: 25.30m | eta: 7.8m
step 00774/01008 (76.79%) | loss: 3.030170 | lrm: 0.39 | dt: 1980.50ms | tok/sec: 264,724 | bf16_mfu: 0.00 | epoch: 1 pq: 9 rg: 9 | total time: 25.33m | eta: 7.8m
step 00775/01008 (76.88%) | loss: 3.038656 | lrm: 0.39 | dt: 1980.66ms | tok/sec: 264,703 | bf16_mfu: 0.00 | epoch: 1 pq: 9 rg: 10 | total time: 25.37m | eta: 7.7m
step 00776/01008 (76.98%) | loss: 3.044667 | lrm: 0.39 | dt: 1981.32ms | tok/sec: 264,614 | bf16_mfu: 0.00 | epoch: 1 pq: 9 rg: 11 | total time: 25.40m | eta: 7.7m
step 00777/01008 (77.08%) | loss: 3.056627 | lrm: 0.39 | dt: 1980.90ms | tok/sec: 264,671 | bf16_mfu: 0.00 | epoch: 1 pq: 9 rg: 12 | total time: 25.43m | eta: 7.7m
step 00778/01008 (77.18%) | loss: 3.064986 | lrm: 0.38 | dt: 1980.84ms | tok/sec: 264,679 | bf16_mfu: 0.00 | epoch: 1 pq: 9 rg: 13 | total time: 25.47m | eta: 7.6m
step 00779/01008 (77.28%) | loss: 3.066183 | lrm: 0.38 | dt: 1981.02ms | tok/sec: 264,655 | bf16_mfu: 0.00 | epoch: 1 pq: 9 rg: 14 | total time: 25.50m | eta: 7.6m
step 00780/01008 (77.38%) | loss: 3.069996 | lrm: 0.38 | dt: 1980.73ms | tok/sec: 264,693 | bf16_mfu: 0.00 | epoch: 1 pq: 9 rg: 15 | total time: 25.53m | eta: 7.6m
step 00781/01008 (77.48%) | loss: 3.068320 | lrm: 0.38 | dt: 1981.33ms | tok/sec: 264,614 | bf16_mfu: 0.00 | epoch: 1 pq: 9 rg: 16 | total time: 25.57m | eta: 7.5m
step 00782/01008 (77.58%) | loss: 3.055469 | lrm: 0.38 | dt: 1981.82ms | tok/sec: 264,548 | bf16_mfu: 0.00 | epoch: 1 pq: 9 rg: 17 | total time: 25.60m | eta: 7.5m
step 00783/01008 (77.68%) | loss: 3.044011 | lrm: 0.38 | dt: 1982.07ms | tok/sec: 264,515 | bf16_mfu: 0.00 | epoch: 1 pq: 9 rg: 18 | total time: 25.63m | eta: 7.5m
step 00784/01008 (77.78%) | loss: 3.038403 | lrm: 0.37 | dt: 1982.72ms | tok/sec: 264,428 | bf16_mfu: 0.00 | epoch: 1 pq: 9 rg: 19 | total time: 25.66m | eta: 7.4m
step 00785/01008 (77.88%) | loss: 3.039392 | lrm: 0.37 | dt: 1981.83ms | tok/sec: 264,547 | bf16_mfu: 0.00 | epoch: 1 pq: 9 rg: 20 | total time: 25.70m | eta: 7.4m
step 00786/01008 (77.98%) | loss: 3.041160 | lrm: 0.37 | dt: 1981.40ms | tok/sec: 264,604 | bf16_mfu: 0.00 | epoch: 1 pq: 9 rg: 21 | total time: 25.73m | eta: 7.4m
step 00787/01008 (78.08%) | loss: 3.039854 | lrm: 0.37 | dt: 1982.61ms | tok/sec: 264,443 | bf16_mfu: 0.00 | epoch: 1 pq: 9 rg: 22 | total time: 25.76m | eta: 7.3m
step 00788/01008 (78.17%) | loss: 3.045353 | lrm: 0.37 | dt: 1981.89ms | tok/sec: 264,539 | bf16_mfu: 0.00 | epoch: 1 pq: 9 rg: 23 | total time: 25.80m | eta: 7.3m
step 00789/01008 (78.27%) | loss: 3.052932 | lrm: 0.37 | dt: 1980.65ms | tok/sec: 264,705 | bf16_mfu: 0.00 | epoch: 1 pq: 9 rg: 24 | total time: 25.83m | eta: 7.3m
step 00790/01008 (78.37%) | loss: 3.047982 | lrm: 0.37 | dt: 1982.64ms | tok/sec: 264,438 | bf16_mfu: 0.00 | epoch: 1 pq: 9 rg: 25 | total time: 25.86m | eta: 7.2m
step 00791/01008 (78.47%) | loss: 3.060076 | lrm: 0.36 | dt: 1981.32ms | tok/sec: 264,615 | bf16_mfu: 0.00 | epoch: 1 pq: 9 rg: 26 | total time: 25.90m | eta: 7.2m
step 00792/01008 (78.57%) | loss: 3.063832 | lrm: 0.36 | dt: 1981.86ms | tok/sec: 264,543 | bf16_mfu: 0.00 | epoch: 1 pq: 9 rg: 27 | total time: 25.93m | eta: 7.2m
step 00793/01008 (78.67%) | loss: 3.061064 | lrm: 0.36 | dt: 1981.71ms | tok/sec: 264,563 | bf16_mfu: 0.00 | epoch: 1 pq: 9 rg: 28 | total time: 25.96m | eta: 7.1m
step 00794/01008 (78.77%) | loss: 3.047353 | lrm: 0.36 | dt: 1984.41ms | tok/sec: 264,203 | bf16_mfu: 0.00 | epoch: 1 pq: 9 rg: 29 | total time: 25.99m | eta: 7.1m
step 00795/01008 (78.87%) | loss: 3.040025 | lrm: 0.36 | dt: 1984.73ms | tok/sec: 264,161 | bf16_mfu: 0.00 | epoch: 1 pq: 9 rg: 30 | total time: 26.03m | eta: 7.1m
step 00796/01008 (78.97%) | loss: 3.038271 | lrm: 0.36 | dt: 1983.08ms | tok/sec: 264,380 | bf16_mfu: 0.00 | epoch: 1 pq: 9 rg: 31 | total time: 26.06m | eta: 7.0m
step 00797/01008 (79.07%) | loss: 3.048691 | lrm: 0.36 | dt: 1982.70ms | tok/sec: 264,430 | bf16_mfu: 0.00 | epoch: 1 pq: 9 rg: 32 | total time: 26.09m | eta: 7.0m
step 00798/01008 (79.17%) | loss: 3.038820 | lrm: 0.35 | dt: 1983.05ms | tok/sec: 264,384 | bf16_mfu: 0.00 | epoch: 1 pq: 9 rg: 33 | total time: 26.13m | eta: 7.0m
step 00799/01008 (79.27%) | loss: 3.039004 | lrm: 0.35 | dt: 1982.64ms | tok/sec: 264,438 | bf16_mfu: 0.00 | epoch: 1 pq: 9 rg: 33 | total time: 26.16m | eta: 6.9m
step 00800/01008 (79.37%) | loss: 3.041533 | lrm: 0.35 | dt: 1982.98ms | tok/sec: 264,393 | bf16_mfu: 0.00 | epoch: 1 pq: 9 rg: 34 | total time: 26.19m | eta: 6.9m
step 00801/01008 (79.46%) | loss: 3.034584 | lrm: 0.35 | dt: 1982.23ms | tok/sec: 264,493 | bf16_mfu: 0.00 | epoch: 1 pq: 9 rg: 35 | total time: 26.23m | eta: 6.9m
step 00802/01008 (79.56%) | loss: 3.030102 | lrm: 0.35 | dt: 1981.70ms | tok/sec: 264,565 | bf16_mfu: 0.00 | epoch: 1 pq: 9 rg: 36 | total time: 26.26m | eta: 6.8m
step 00803/01008 (79.66%) | loss: 3.029536 | lrm: 0.35 | dt: 1981.25ms | tok/sec: 264,625 | bf16_mfu: 0.00 | epoch: 1 pq: 9 rg: 37 | total time: 26.29m | eta: 6.8m
step 00804/01008 (79.76%) | loss: 3.022456 | lrm: 0.35 | dt: 1981.68ms | tok/sec: 264,568 | bf16_mfu: 0.00 | epoch: 1 pq: 9 rg: 38 | total time: 26.33m | eta: 6.8m
step 00805/01008 (79.86%) | loss: 3.021290 | lrm: 0.34 | dt: 1982.04ms | tok/sec: 264,519 | bf16_mfu: 0.00 | epoch: 1 pq: 9 rg: 39 | total time: 26.36m | eta: 6.7m
step 00806/01008 (79.96%) | loss: 3.021251 | lrm: 0.34 | dt: 1981.77ms | tok/sec: 264,555 | bf16_mfu: 0.00 | epoch: 1 pq: 9 rg: 40 | total time: 26.39m | eta: 6.7m
step 00807/01008 (80.06%) | loss: 3.022596 | lrm: 0.34 | dt: 1983.81ms | tok/sec: 264,282 | bf16_mfu: 0.00 | epoch: 1 pq: 9 rg: 41 | total time: 26.42m | eta: 6.7m
step 00808/01008 (80.16%) | loss: 3.025907 | lrm: 0.34 | dt: 1982.91ms | tok/sec: 264,403 | bf16_mfu: 0.00 | epoch: 1 pq: 9 rg: 42 | total time: 26.46m | eta: 6.6m
step 00809/01008 (80.26%) | loss: 3.017406 | lrm: 0.34 | dt: 1983.12ms | tok/sec: 264,374 | bf16_mfu: 0.00 | epoch: 1 pq: 9 rg: 43 | total time: 26.49m | eta: 6.6m
step 00810/01008 (80.36%) | loss: 3.017004 | lrm: 0.34 | dt: 1983.45ms | tok/sec: 264,331 | bf16_mfu: 0.00 | epoch: 1 pq: 9 rg: 44 | total time: 26.52m | eta: 6.6m
step 00811/01008 (80.46%) | loss: 3.019616 | lrm: 0.34 | dt: 1983.43ms | tok/sec: 264,334 | bf16_mfu: 0.00 | epoch: 1 pq: 9 rg: 45 | total time: 26.56m | eta: 6.5m
step 00812/01008 (80.56%) | loss: 3.024848 | lrm: 0.33 | dt: 1982.51ms | tok/sec: 264,456 | bf16_mfu: 0.00 | epoch: 1 pq: 9 rg: 46 | total time: 26.59m | eta: 6.5m
step 00813/01008 (80.65%) | loss: 3.024786 | lrm: 0.33 | dt: 1981.63ms | tok/sec: 264,574 | bf16_mfu: 0.00 | epoch: 1 pq: 9 rg: 47 | total time: 26.62m | eta: 6.5m
step 00814/01008 (80.75%) | loss: 3.033029 | lrm: 0.33 | dt: 1983.16ms | tok/sec: 264,370 | bf16_mfu: 0.00 | epoch: 1 pq: 9 rg: 48 | total time: 26.66m | eta: 6.4m
step 00815/01008 (80.85%) | loss: 3.034553 | lrm: 0.33 | dt: 1984.13ms | tok/sec: 264,240 | bf16_mfu: 0.00 | epoch: 1 pq: 9 rg: 49 | total time: 26.69m | eta: 6.4m
step 00816/01008 (80.95%) | loss: 3.032086 | lrm: 0.33 | dt: 1984.49ms | tok/sec: 264,192 | bf16_mfu: 0.00 | epoch: 1 pq: 9 rg: 50 | total time: 26.72m | eta: 6.4m
step 00817/01008 (81.05%) | loss: 3.034526 | lrm: 0.33 | dt: 1985.43ms | tok/sec: 264,067 | bf16_mfu: 0.00 | epoch: 1 pq: 9 rg: 51 | total time: 26.75m | eta: 6.3m
step 00818/01008 (81.15%) | loss: 3.034682 | lrm: 0.33 | dt: 1985.30ms | tok/sec: 264,085 | bf16_mfu: 0.00 | epoch: 1 pq: 9 rg: 52 | total time: 26.79m | eta: 6.3m
step 00819/01008 (81.25%) | loss: 3.032011 | lrm: 0.32 | dt: 1984.93ms | tok/sec: 264,134 | bf16_mfu: 0.00 | epoch: 1 pq: 9 rg: 53 | total time: 26.82m | eta: 6.3m
step 00820/01008 (81.35%) | loss: 3.016844 | lrm: 0.32 | dt: 1985.52ms | tok/sec: 264,056 | bf16_mfu: 0.00 | epoch: 1 pq: 9 rg: 54 | total time: 26.85m | eta: 6.2m
step 00821/01008 (81.45%) | loss: 3.012071 | lrm: 0.32 | dt: 1983.46ms | tok/sec: 264,329 | bf16_mfu: 0.00 | epoch: 1 pq: 9 rg: 55 | total time: 26.89m | eta: 6.2m
step 00822/01008 (81.55%) | loss: 3.012757 | lrm: 0.32 | dt: 1983.55ms | tok/sec: 264,317 | bf16_mfu: 0.00 | epoch: 1 pq: 9 rg: 56 | total time: 26.92m | eta: 6.2m
step 00823/01008 (81.65%) | loss: 3.004332 | lrm: 0.32 | dt: 1983.75ms | tok/sec: 264,290 | bf16_mfu: 0.00 | epoch: 1 pq: 9 rg: 57 | total time: 26.95m | eta: 6.1m
step 00824/01008 (81.75%) | loss: 3.004436 | lrm: 0.32 | dt: 1984.64ms | tok/sec: 264,173 | bf16_mfu: 0.00 | epoch: 1 pq: 9 rg: 58 | total time: 26.99m | eta: 6.1m
step 00825/01008 (81.85%) | loss: 2.998903 | lrm: 0.32 | dt: 1983.38ms | tok/sec: 264,340 | bf16_mfu: 0.00 | epoch: 1 pq: 9 rg: 59 | total time: 27.02m | eta: 6.1m
step 00826/01008 (81.94%) | loss: 2.995577 | lrm: 0.31 | dt: 1982.08ms | tok/sec: 264,513 | bf16_mfu: 0.00 | epoch: 1 pq: 9 rg: 60 | total time: 27.05m | eta: 6.0m
step 00827/01008 (82.04%) | loss: 3.005976 | lrm: 0.31 | dt: 1983.03ms | tok/sec: 264,387 | bf16_mfu: 0.00 | epoch: 1 pq: 9 rg: 61 | total time: 27.09m | eta: 6.0m
step 00828/01008 (82.14%) | loss: 3.023349 | lrm: 0.31 | dt: 1983.23ms | tok/sec: 264,360 | bf16_mfu: 0.00 | epoch: 1 pq: 9 rg: 62 | total time: 27.12m | eta: 6.0m
step 00829/01008 (82.24%) | loss: 3.028984 | lrm: 0.31 | dt: 1983.66ms | tok/sec: 264,303 | bf16_mfu: 0.00 | epoch: 1 pq: 9 rg: 63 | total time: 27.15m | eta: 5.9m
step 00830/01008 (82.34%) | loss: 3.022048 | lrm: 0.31 | dt: 1983.37ms | tok/sec: 264,342 | bf16_mfu: 0.00 | epoch: 1 pq: 9 rg: 64 | total time: 27.18m | eta: 5.9m
step 00831/01008 (82.44%) | loss: 3.009592 | lrm: 0.31 | dt: 1983.49ms | tok/sec: 264,325 | bf16_mfu: 0.00 | epoch: 1 pq: 9 rg: 65 | total time: 27.22m | eta: 5.9m
step 00832/01008 (82.54%) | loss: 3.005898 | lrm: 0.31 | dt: 1982.70ms | tok/sec: 264,430 | bf16_mfu: 0.00 | epoch: 1 pq: 9 rg: 66 | total time: 27.25m | eta: 5.8m
step 00833/01008 (82.64%) | loss: 3.011799 | lrm: 0.30 | dt: 1981.62ms | tok/sec: 264,575 | bf16_mfu: 0.00 | epoch: 1 pq: 9 rg: 67 | total time: 27.28m | eta: 5.8m
step 00834/01008 (82.74%) | loss: 2.998446 | lrm: 0.30 | dt: 1983.32ms | tok/sec: 264,348 | bf16_mfu: 0.00 | epoch: 1 pq: 9 rg: 67 | total time: 27.32m | eta: 5.8m
step 00835/01008 (82.84%) | loss: 2.997053 | lrm: 0.30 | dt: 1983.61ms | tok/sec: 264,310 | bf16_mfu: 0.00 | epoch: 1 pq: 9 rg: 68 | total time: 27.35m | eta: 5.7m
step 00836/01008 (82.94%) | loss: 3.003718 | lrm: 0.30 | dt: 1982.46ms | tok/sec: 264,463 | bf16_mfu: 0.00 | epoch: 1 pq: 9 rg: 69 | total time: 27.38m | eta: 5.7m
step 00837/01008 (83.04%) | loss: 3.000850 | lrm: 0.30 | dt: 1982.77ms | tok/sec: 264,422 | bf16_mfu: 0.00 | epoch: 1 pq: 9 rg: 70 | total time: 27.42m | eta: 5.7m
step 00838/01008 (83.13%) | loss: 2.999430 | lrm: 0.30 | dt: 1982.27ms | tok/sec: 264,488 | bf16_mfu: 0.00 | epoch: 1 pq: 9 rg: 71 | total time: 27.45m | eta: 5.6m
step 00839/01008 (83.23%) | loss: 3.002963 | lrm: 0.30 | dt: 1983.06ms | tok/sec: 264,382 | bf16_mfu: 0.00 | epoch: 1 pq: 9 rg: 72 | total time: 27.48m | eta: 5.6m
step 00840/01008 (83.33%) | loss: 3.002701 | lrm: 0.29 | dt: 1983.51ms | tok/sec: 264,323 | bf16_mfu: 0.00 | epoch: 1 pq: 9 rg: 73 | total time: 27.52m | eta: 5.6m
step 00841/01008 (83.43%) | loss: 3.009634 | lrm: 0.29 | dt: 1983.51ms | tok/sec: 264,323 | bf16_mfu: 0.00 | epoch: 1 pq: 9 rg: 74 | total time: 27.55m | eta: 5.5m
step 00842/01008 (83.53%) | loss: 3.011037 | lrm: 0.29 | dt: 1985.87ms | tok/sec: 264,008 | bf16_mfu: 0.00 | epoch: 1 pq: 9 rg: 75 | total time: 27.58m | eta: 5.5m
step 00843/01008 (83.63%) | loss: 3.009098 | lrm: 0.29 | dt: 1984.11ms | tok/sec: 264,243 | bf16_mfu: 0.00 | epoch: 1 pq: 9 rg: 76 | total time: 27.61m | eta: 5.5m
step 00844/01008 (83.73%) | loss: 3.009991 | lrm: 0.29 | dt: 1983.60ms | tok/sec: 264,311 | bf16_mfu: 0.00 | epoch: 1 pq: 9 rg: 77 | total time: 27.65m | eta: 5.4m
step 00845/01008 (83.83%) | loss: 3.012551 | lrm: 0.29 | dt: 1987.04ms | tok/sec: 263,853 | bf16_mfu: 0.00 | epoch: 1 pq: 9 rg: 78 | total time: 27.68m | eta: 5.4m
step 00846/01008 (83.93%) | loss: 2.997941 | lrm: 0.28 | dt: 1985.05ms | tok/sec: 264,118 | bf16_mfu: 0.00 | epoch: 1 pq: 9 rg: 79 | total time: 27.71m | eta: 5.4m
step 00847/01008 (84.03%) | loss: 3.012714 | lrm: 0.28 | dt: 1985.27ms | tok/sec: 264,088 | bf16_mfu: 0.00 | epoch: 1 pq: 9 rg: 80 | total time: 27.75m | eta: 5.3m
step 00848/01008 (84.13%) | loss: 3.024399 | lrm: 0.28 | dt: 1984.40ms | tok/sec: 264,204 | bf16_mfu: 0.00 | epoch: 1 pq: 9 rg: 81 | total time: 27.78m | eta: 5.3m
step 00849/01008 (84.23%) | loss: 3.019566 | lrm: 0.28 | dt: 1983.58ms | tok/sec: 264,314 | bf16_mfu: 0.00 | epoch: 1 pq: 9 rg: 82 | total time: 27.81m | eta: 5.3m
step 00850/01008 (84.33%) | loss: 3.019189 | lrm: 0.28 | dt: 1982.51ms | tok/sec: 264,456 | bf16_mfu: 0.00 | epoch: 1 pq: 10 rg: 0 | total time: 27.85m | eta: 5.2m
step 00851/01008 (84.42%) | loss: 3.024223 | lrm: 0.28 | dt: 1983.81ms | tok/sec: 264,282 | bf16_mfu: 0.00 | epoch: 1 pq: 10 rg: 1 | total time: 27.88m | eta: 5.2m
step 00852/01008 (84.52%) | loss: 3.030397 | lrm: 0.28 | dt: 1984.23ms | tok/sec: 264,227 | bf16_mfu: 0.00 | epoch: 1 pq: 10 rg: 2 | total time: 27.91m | eta: 5.2m
step 00853/01008 (84.62%) | loss: 3.030372 | lrm: 0.27 | dt: 1983.98ms | tok/sec: 264,261 | bf16_mfu: 0.00 | epoch: 1 pq: 10 rg: 3 | total time: 27.95m | eta: 5.1m
step 00854/01008 (84.72%) | loss: 3.027945 | lrm: 0.27 | dt: 1983.54ms | tok/sec: 264,318 | bf16_mfu: 0.00 | epoch: 1 pq: 10 rg: 4 | total time: 27.98m | eta: 5.1m
step 00855/01008 (84.82%) | loss: 3.020348 | lrm: 0.27 | dt: 1984.39ms | tok/sec: 264,205 | bf16_mfu: 0.00 | epoch: 1 pq: 10 rg: 5 | total time: 28.01m | eta: 5.1m
step 00856/01008 (84.92%) | loss: 3.016707 | lrm: 0.27 | dt: 1984.22ms | tok/sec: 264,228 | bf16_mfu: 0.00 | epoch: 1 pq: 10 rg: 6 | total time: 28.04m | eta: 5.0m
step 00857/01008 (85.02%) | loss: 3.016122 | lrm: 0.27 | dt: 1984.15ms | tok/sec: 264,238 | bf16_mfu: 0.00 | epoch: 1 pq: 10 rg: 7 | total time: 28.08m | eta: 5.0m
step 00858/01008 (85.12%) | loss: 3.014297 | lrm: 0.27 | dt: 1983.35ms | tok/sec: 264,345 | bf16_mfu: 0.00 | epoch: 1 pq: 10 rg: 8 | total time: 28.11m | eta: 5.0m
step 00859/01008 (85.22%) | loss: 3.018431 | lrm: 0.27 | dt: 1983.70ms | tok/sec: 264,298 | bf16_mfu: 0.00 | epoch: 1 pq: 10 rg: 9 | total time: 28.14m | eta: 4.9m
step 00860/01008 (85.32%) | loss: 3.021715 | lrm: 0.26 | dt: 1983.49ms | tok/sec: 264,325 | bf16_mfu: 0.00 | epoch: 1 pq: 10 rg: 10 | total time: 28.18m | eta: 4.9m
step 00861/01008 (85.42%) | loss: 3.029487 | lrm: 0.26 | dt: 1983.13ms | tok/sec: 264,374 | bf16_mfu: 0.00 | epoch: 1 pq: 10 rg: 11 | total time: 28.21m | eta: 4.9m
step 00862/01008 (85.52%) | loss: 3.032447 | lrm: 0.26 | dt: 1983.25ms | tok/sec: 264,358 | bf16_mfu: 0.00 | epoch: 1 pq: 10 rg: 12 | total time: 28.24m | eta: 4.8m
step 00863/01008 (85.62%) | loss: 3.027960 | lrm: 0.26 | dt: 1982.78ms | tok/sec: 264,420 | bf16_mfu: 0.00 | epoch: 1 pq: 10 rg: 13 | total time: 28.28m | eta: 4.8m
step 00864/01008 (85.71%) | loss: 3.015640 | lrm: 0.26 | dt: 1982.01ms | tok/sec: 264,523 | bf16_mfu: 0.00 | epoch: 1 pq: 10 rg: 14 | total time: 28.31m | eta: 4.8m
step 00865/01008 (85.81%) | loss: 3.014556 | lrm: 0.26 | dt: 1982.09ms | tok/sec: 264,512 | bf16_mfu: 0.00 | epoch: 1 pq: 10 rg: 15 | total time: 28.34m | eta: 4.7m
step 00866/01008 (85.91%) | loss: 3.001055 | lrm: 0.26 | dt: 1982.60ms | tok/sec: 264,445 | bf16_mfu: 0.00 | epoch: 1 pq: 10 rg: 16 | total time: 28.37m | eta: 4.7m
step 00867/01008 (86.01%) | loss: 2.995617 | lrm: 0.25 | dt: 1983.63ms | tok/sec: 264,306 | bf16_mfu: 0.00 | epoch: 1 pq: 10 rg: 17 | total time: 28.41m | eta: 4.7m
step 00868/01008 (86.11%) | loss: 2.991453 | lrm: 0.25 | dt: 1983.52ms | tok/sec: 264,322 | bf16_mfu: 0.00 | epoch: 1 pq: 10 rg: 18 | total time: 28.44m | eta: 4.6m
step 00869/01008 (86.21%) | loss: 2.987604 | lrm: 0.25 | dt: 1982.41ms | tok/sec: 264,469 | bf16_mfu: 0.00 | epoch: 1 pq: 10 rg: 18 | total time: 28.47m | eta: 4.6m
step 00870/01008 (86.31%) | loss: 2.986772 | lrm: 0.25 | dt: 1983.52ms | tok/sec: 264,322 | bf16_mfu: 0.00 | epoch: 1 pq: 10 rg: 19 | total time: 28.51m | eta: 4.6m
step 00871/01008 (86.41%) | loss: 2.988909 | lrm: 0.25 | dt: 1982.76ms | tok/sec: 264,423 | bf16_mfu: 0.00 | epoch: 1 pq: 10 rg: 20 | total time: 28.54m | eta: 4.5m
step 00872/01008 (86.51%) | loss: 2.988068 | lrm: 0.25 | dt: 1983.25ms | tok/sec: 264,358 | bf16_mfu: 0.00 | epoch: 1 pq: 10 rg: 21 | total time: 28.57m | eta: 4.5m
step 00873/01008 (86.61%) | loss: 2.990079 | lrm: 0.25 | dt: 1982.30ms | tok/sec: 264,484 | bf16_mfu: 0.00 | epoch: 1 pq: 10 rg: 22 | total time: 28.61m | eta: 4.5m
step 00874/01008 (86.71%) | loss: 2.990992 | lrm: 0.24 | dt: 1981.40ms | tok/sec: 264,604 | bf16_mfu: 0.00 | epoch: 1 pq: 10 rg: 23 | total time: 28.64m | eta: 4.4m
step 00875/01008 (86.81%) | loss: 2.988960 | lrm: 0.24 | dt: 1983.30ms | tok/sec: 264,350 | bf16_mfu: 0.00 | epoch: 1 pq: 10 rg: 24 | total time: 28.67m | eta: 4.4m
step 00876/01008 (86.90%) | loss: 2.995099 | lrm: 0.24 | dt: 1982.96ms | tok/sec: 264,397 | bf16_mfu: 0.00 | epoch: 1 pq: 10 rg: 25 | total time: 28.71m | eta: 4.4m
step 00877/01008 (87.00%) | loss: 2.997789 | lrm: 0.24 | dt: 1982.54ms | tok/sec: 264,453 | bf16_mfu: 0.00 | epoch: 1 pq: 10 rg: 26 | total time: 28.74m | eta: 4.3m
step 00878/01008 (87.10%) | loss: 3.017959 | lrm: 0.24 | dt: 1982.64ms | tok/sec: 264,438 | bf16_mfu: 0.00 | epoch: 1 pq: 10 rg: 27 | total time: 28.77m | eta: 4.3m
step 00879/01008 (87.20%) | loss: 3.013288 | lrm: 0.24 | dt: 1982.74ms | tok/sec: 264,426 | bf16_mfu: 0.00 | epoch: 1 pq: 10 rg: 28 | total time: 28.80m | eta: 4.3m
step 00880/01008 (87.30%) | loss: 3.012264 | lrm: 0.24 | dt: 1982.64ms | tok/sec: 264,438 | bf16_mfu: 0.00 | epoch: 1 pq: 10 rg: 29 | total time: 28.84m | eta: 4.2m
step 00881/01008 (87.40%) | loss: 3.021316 | lrm: 0.23 | dt: 1983.91ms | tok/sec: 264,269 | bf16_mfu: 0.00 | epoch: 1 pq: 10 rg: 30 | total time: 28.87m | eta: 4.2m
step 00882/01008 (87.50%) | loss: 3.020939 | lrm: 0.23 | dt: 1982.57ms | tok/sec: 264,448 | bf16_mfu: 0.00 | epoch: 1 pq: 10 rg: 31 | total time: 28.90m | eta: 4.2m
step 00883/01008 (87.60%) | loss: 3.017241 | lrm: 0.23 | dt: 1983.55ms | tok/sec: 264,317 | bf16_mfu: 0.00 | epoch: 1 pq: 10 rg: 32 | total time: 28.94m | eta: 4.1m
step 00884/01008 (87.70%) | loss: 3.003118 | lrm: 0.23 | dt: 1982.26ms | tok/sec: 264,490 | bf16_mfu: 0.00 | epoch: 1 pq: 10 rg: 33 | total time: 28.97m | eta: 4.1m
step 00885/01008 (87.80%) | loss: 2.992137 | lrm: 0.23 | dt: 1981.84ms | tok/sec: 264,545 | bf16_mfu: 0.00 | epoch: 1 pq: 10 rg: 34 | total time: 29.00m | eta: 4.1m
step 00886/01008 (87.90%) | loss: 2.988105 | lrm: 0.23 | dt: 1982.36ms | tok/sec: 264,476 | bf16_mfu: 0.00 | epoch: 1 pq: 10 rg: 35 | total time: 29.04m | eta: 4.0m
step 00887/01008 (88.00%) | loss: 2.994252 | lrm: 0.23 | dt: 1981.80ms | tok/sec: 264,550 | bf16_mfu: 0.00 | epoch: 1 pq: 10 rg: 36 | total time: 29.07m | eta: 4.0m
step 00888/01008 (88.10%) | loss: 2.995023 | lrm: 0.22 | dt: 1981.28ms | tok/sec: 264,620 | bf16_mfu: 0.00 | epoch: 1 pq: 10 rg: 37 | total time: 29.10m | eta: 4.0m
step 00889/01008 (88.19%) | loss: 2.991707 | lrm: 0.22 | dt: 1981.27ms | tok/sec: 264,622 | bf16_mfu: 0.00 | epoch: 1 pq: 10 rg: 38 | total time: 29.13m | eta: 3.9m
step 00890/01008 (88.29%) | loss: 2.997924 | lrm: 0.22 | dt: 1982.26ms | tok/sec: 264,490 | bf16_mfu: 0.00 | epoch: 1 pq: 10 rg: 39 | total time: 29.17m | eta: 3.9m
step 00891/01008 (88.39%) | loss: 3.006858 | lrm: 0.22 | dt: 1983.04ms | tok/sec: 264,385 | bf16_mfu: 0.00 | epoch: 1 pq: 10 rg: 40 | total time: 29.20m | eta: 3.9m
step 00892/01008 (88.49%) | loss: 3.004350 | lrm: 0.22 | dt: 1983.78ms | tok/sec: 264,287 | bf16_mfu: 0.00 | epoch: 1 pq: 10 rg: 41 | total time: 29.23m | eta: 3.8m
step 00893/01008 (88.59%) | loss: 3.000276 | lrm: 0.22 | dt: 1982.88ms | tok/sec: 264,406 | bf16_mfu: 0.00 | epoch: 1 pq: 10 rg: 42 | total time: 29.27m | eta: 3.8m
step 00894/01008 (88.69%) | loss: 3.002503 | lrm: 0.22 | dt: 1982.78ms | tok/sec: 264,420 | bf16_mfu: 0.00 | epoch: 1 pq: 10 rg: 43 | total time: 29.30m | eta: 3.8m
step 00895/01008 (88.79%) | loss: 3.001818 | lrm: 0.21 | dt: 1983.90ms | tok/sec: 264,271 | bf16_mfu: 0.00 | epoch: 1 pq: 10 rg: 44 | total time: 29.33m | eta: 3.7m
step 00896/01008 (88.89%) | loss: 3.005803 | lrm: 0.21 | dt: 1984.42ms | tok/sec: 264,201 | bf16_mfu: 0.00 | epoch: 1 pq: 10 rg: 45 | total time: 29.37m | eta: 3.7m
step 00897/01008 (88.99%) | loss: 3.007481 | lrm: 0.21 | dt: 1983.76ms | tok/sec: 264,289 | bf16_mfu: 0.00 | epoch: 1 pq: 10 rg: 46 | total time: 29.40m | eta: 3.7m
step 00898/01008 (89.09%) | loss: 2.993544 | lrm: 0.21 | dt: 1982.61ms | tok/sec: 264,442 | bf16_mfu: 0.00 | epoch: 1 pq: 10 rg: 47 | total time: 29.43m | eta: 3.6m
step 00899/01008 (89.19%) | loss: 3.001063 | lrm: 0.21 | dt: 1981.25ms | tok/sec: 264,624 | bf16_mfu: 0.00 | epoch: 1 pq: 10 rg: 47 | total time: 29.47m | eta: 3.6m
step 00900/01008 (89.29%) | loss: 3.003417 | lrm: 0.21 | dt: 1982.66ms | tok/sec: 264,437 | bf16_mfu: 0.00 | epoch: 1 pq: 10 rg: 48 | total time: 29.50m | eta: 3.6m
step 00901/01008 (89.38%) | loss: 3.006055 | lrm: 0.21 | dt: 1982.52ms | tok/sec: 264,454 | bf16_mfu: 0.00 | epoch: 1 pq: 10 rg: 49 | total time: 29.53m | eta: 3.5m
step 00902/01008 (89.48%) | loss: 3.009838 | lrm: 0.20 | dt: 1982.43ms | tok/sec: 264,467 | bf16_mfu: 0.00 | epoch: 1 pq: 10 rg: 50 | total time: 29.56m | eta: 3.5m
step 00903/01008 (89.58%) | loss: 3.012279 | lrm: 0.20 | dt: 1982.88ms | tok/sec: 264,407 | bf16_mfu: 0.00 | epoch: 1 pq: 10 rg: 51 | total time: 29.60m | eta: 3.5m
step 00904/01008 (89.68%) | loss: 3.009083 | lrm: 0.20 | dt: 1985.05ms | tok/sec: 264,118 | bf16_mfu: 0.00 | epoch: 1 pq: 10 rg: 52 | total time: 29.63m | eta: 3.4m
step 00905/01008 (89.78%) | loss: 3.009983 | lrm: 0.20 | dt: 1985.23ms | tok/sec: 264,094 | bf16_mfu: 0.00 | epoch: 1 pq: 10 rg: 53 | total time: 29.66m | eta: 3.4m
step 00906/01008 (89.88%) | loss: 3.001158 | lrm: 0.20 | dt: 1983.55ms | tok/sec: 264,318 | bf16_mfu: 0.00 | epoch: 1 pq: 10 rg: 54 | total time: 29.70m | eta: 3.4m
step 00907/01008 (89.98%) | loss: 3.007410 | lrm: 0.20 | dt: 1983.10ms | tok/sec: 264,378 | bf16_mfu: 0.00 | epoch: 1 pq: 10 rg: 55 | total time: 29.73m | eta: 3.3m
step 00908/01008 (90.08%) | loss: 3.008229 | lrm: 0.20 | dt: 1982.94ms | tok/sec: 264,399 | bf16_mfu: 0.00 | epoch: 1 pq: 10 rg: 56 | total time: 29.76m | eta: 3.3m
step 00909/01008 (90.18%) | loss: 3.010503 | lrm: 0.19 | dt: 1983.30ms | tok/sec: 264,351 | bf16_mfu: 0.00 | epoch: 1 pq: 10 rg: 57 | total time: 29.80m | eta: 3.3m
step 00910/01008 (90.28%) | loss: 3.015335 | lrm: 0.19 | dt: 1983.93ms | tok/sec: 264,267 | bf16_mfu: 0.00 | epoch: 1 pq: 10 rg: 58 | total time: 29.83m | eta: 3.2m
step 00911/01008 (90.38%) | loss: 3.009528 | lrm: 0.19 | dt: 1983.10ms | tok/sec: 264,378 | bf16_mfu: 0.00 | epoch: 1 pq: 10 rg: 59 | total time: 29.86m | eta: 3.2m
step 00912/01008 (90.48%) | loss: 3.011792 | lrm: 0.19 | dt: 1981.46ms | tok/sec: 264,597 | bf16_mfu: 0.00 | epoch: 1 pq: 10 rg: 60 | total time: 29.90m | eta: 3.2m
step 00913/01008 (90.58%) | loss: 3.016525 | lrm: 0.19 | dt: 1981.85ms | tok/sec: 264,544 | bf16_mfu: 0.00 | epoch: 1 pq: 10 rg: 61 | total time: 29.93m | eta: 3.1m
step 00914/01008 (90.67%) | loss: 3.001767 | lrm: 0.19 | dt: 1983.15ms | tok/sec: 264,371 | bf16_mfu: 0.00 | epoch: 1 pq: 10 rg: 62 | total time: 29.96m | eta: 3.1m
step 00915/01008 (90.77%) | loss: 2.993054 | lrm: 0.18 | dt: 1982.11ms | tok/sec: 264,509 | bf16_mfu: 0.00 | epoch: 1 pq: 10 rg: 63 | total time: 29.99m | eta: 3.1m
step 00916/01008 (90.87%) | loss: 2.991153 | lrm: 0.18 | dt: 1983.34ms | tok/sec: 264,345 | bf16_mfu: 0.00 | epoch: 1 pq: 10 rg: 64 | total time: 30.03m | eta: 3.0m
step 00917/01008 (90.97%) | loss: 2.988374 | lrm: 0.18 | dt: 1982.55ms | tok/sec: 264,451 | bf16_mfu: 0.00 | epoch: 1 pq: 10 rg: 65 | total time: 30.06m | eta: 3.0m
step 00918/01008 (91.07%) | loss: 2.995013 | lrm: 0.18 | dt: 1982.02ms | tok/sec: 264,522 | bf16_mfu: 0.00 | epoch: 1 pq: 10 rg: 66 | total time: 30.09m | eta: 3.0m
step 00919/01008 (91.17%) | loss: 2.990809 | lrm: 0.18 | dt: 1981.49ms | tok/sec: 264,592 | bf16_mfu: 0.00 | epoch: 1 pq: 10 rg: 67 | total time: 30.13m | eta: 2.9m
step 00920/01008 (91.27%) | loss: 2.996943 | lrm: 0.18 | dt: 1981.98ms | tok/sec: 264,527 | bf16_mfu: 0.00 | epoch: 1 pq: 10 rg: 68 | total time: 30.16m | eta: 2.9m
step 00921/01008 (91.37%) | loss: 3.005750 | lrm: 0.18 | dt: 1983.10ms | tok/sec: 264,377 | bf16_mfu: 0.00 | epoch: 1 pq: 10 rg: 69 | total time: 30.19m | eta: 2.9m
step 00922/01008 (91.47%) | loss: 2.996277 | lrm: 0.17 | dt: 1984.16ms | tok/sec: 264,236 | bf16_mfu: 0.00 | epoch: 1 pq: 10 rg: 70 | total time: 30.23m | eta: 2.9m
step 00923/01008 (91.57%) | loss: 3.001277 | lrm: 0.17 | dt: 1983.81ms | tok/sec: 264,282 | bf16_mfu: 0.00 | epoch: 1 pq: 10 rg: 71 | total time: 30.26m | eta: 2.8m
step 00924/01008 (91.67%) | loss: 2.996276 | lrm: 0.17 | dt: 1983.67ms | tok/sec: 264,302 | bf16_mfu: 0.00 | epoch: 1 pq: 10 rg: 72 | total time: 30.29m | eta: 2.8m
step 00925/01008 (91.77%) | loss: 2.994473 | lrm: 0.17 | dt: 1983.10ms | tok/sec: 264,377 | bf16_mfu: 0.00 | epoch: 1 pq: 10 rg: 73 | total time: 30.32m | eta: 2.8m
step 00926/01008 (91.87%) | loss: 2.986102 | lrm: 0.17 | dt: 1983.50ms | tok/sec: 264,325 | bf16_mfu: 0.00 | epoch: 1 pq: 10 rg: 74 | total time: 30.36m | eta: 2.7m
step 00927/01008 (91.96%) | loss: 2.985334 | lrm: 0.17 | dt: 1983.95ms | tok/sec: 264,264 | bf16_mfu: 0.00 | epoch: 1 pq: 10 rg: 75 | total time: 30.39m | eta: 2.7m
step 00928/01008 (92.06%) | loss: 2.983025 | lrm: 0.17 | dt: 1984.25ms | tok/sec: 264,224 | bf16_mfu: 0.00 | epoch: 1 pq: 10 rg: 76 | total time: 30.42m | eta: 2.7m
step 00929/01008 (92.16%) | loss: 2.989758 | lrm: 0.16 | dt: 1982.65ms | tok/sec: 264,437 | bf16_mfu: 0.00 | epoch: 1 pq: 10 rg: 76 | total time: 30.46m | eta: 2.6m
step 00930/01008 (92.26%) | loss: 2.992742 | lrm: 0.16 | dt: 1982.02ms | tok/sec: 264,521 | bf16_mfu: 0.00 | epoch: 1 pq: 10 rg: 77 | total time: 30.49m | eta: 2.6m
step 00931/01008 (92.36%) | loss: 2.988681 | lrm: 0.16 | dt: 1981.82ms | tok/sec: 264,549 | bf16_mfu: 0.00 | epoch: 1 pq: 10 rg: 78 | total time: 30.52m | eta: 2.6m
step 00932/01008 (92.46%) | loss: 3.004053 | lrm: 0.16 | dt: 1981.22ms | tok/sec: 264,628 | bf16_mfu: 0.00 | epoch: 1 pq: 10 rg: 79 | total time: 30.56m | eta: 2.5m
step 00933/01008 (92.56%) | loss: 2.995105 | lrm: 0.16 | dt: 1981.98ms | tok/sec: 264,527 | bf16_mfu: 0.00 | epoch: 1 pq: 10 rg: 80 | total time: 30.59m | eta: 2.5m
step 00934/01008 (92.66%) | loss: 2.997052 | lrm: 0.16 | dt: 1982.30ms | tok/sec: 264,485 | bf16_mfu: 0.00 | epoch: 1 pq: 10 rg: 81 | total time: 30.62m | eta: 2.5m
step 00935/01008 (92.76%) | loss: 2.997753 | lrm: 0.16 | dt: 1982.45ms | tok/sec: 264,465 | bf16_mfu: 0.00 | epoch: 1 pq: 10 rg: 82 | total time: 30.66m | eta: 2.4m
step 00936/01008 (92.86%) | loss: 3.003514 | lrm: 0.15 | dt: 1985.76ms | tok/sec: 264,024 | bf16_mfu: 0.00 | epoch: 1 pq: 11 rg: 0 | total time: 30.69m | eta: 2.4m
step 00937/01008 (92.96%) | loss: 3.001314 | lrm: 0.15 | dt: 1984.05ms | tok/sec: 264,251 | bf16_mfu: 0.00 | epoch: 1 pq: 11 rg: 1 | total time: 30.72m | eta: 2.4m
step 00938/01008 (93.06%) | loss: 2.999309 | lrm: 0.15 | dt: 1982.79ms | tok/sec: 264,419 | bf16_mfu: 0.00 | epoch: 1 pq: 11 rg: 2 | total time: 30.75m | eta: 2.3m
step 00939/01008 (93.15%) | loss: 2.998176 | lrm: 0.15 | dt: 1983.33ms | tok/sec: 264,346 | bf16_mfu: 0.00 | epoch: 1 pq: 11 rg: 3 | total time: 30.79m | eta: 2.3m
step 00940/01008 (93.25%) | loss: 2.999337 | lrm: 0.15 | dt: 1982.44ms | tok/sec: 264,466 | bf16_mfu: 0.00 | epoch: 1 pq: 11 rg: 4 | total time: 30.82m | eta: 2.3m
step 00941/01008 (93.35%) | loss: 2.998201 | lrm: 0.15 | dt: 1982.48ms | tok/sec: 264,461 | bf16_mfu: 0.00 | epoch: 1 pq: 11 rg: 5 | total time: 30.85m | eta: 2.2m
step 00942/01008 (93.45%) | loss: 2.995071 | lrm: 0.15 | dt: 1982.95ms | tok/sec: 264,397 | bf16_mfu: 0.00 | epoch: 1 pq: 11 rg: 6 | total time: 30.89m | eta: 2.2m
step 00943/01008 (93.55%) | loss: 2.999802 | lrm: 0.14 | dt: 1982.29ms | tok/sec: 264,485 | bf16_mfu: 0.00 | epoch: 1 pq: 11 rg: 7 | total time: 30.92m | eta: 2.2m
step 00944/01008 (93.65%) | loss: 2.991746 | lrm: 0.14 | dt: 1982.37ms | tok/sec: 264,475 | bf16_mfu: 0.00 | epoch: 1 pq: 11 rg: 8 | total time: 30.95m | eta: 2.1m
step 00945/01008 (93.75%) | loss: 2.991131 | lrm: 0.14 | dt: 1982.16ms | tok/sec: 264,503 | bf16_mfu: 0.00 | epoch: 1 pq: 11 rg: 9 | total time: 30.99m | eta: 2.1m
step 00946/01008 (93.85%) | loss: 2.987967 | lrm: 0.14 | dt: 1981.12ms | tok/sec: 264,641 | bf16_mfu: 0.00 | epoch: 1 pq: 11 rg: 10 | total time: 31.02m | eta: 2.1m
step 00947/01008 (93.95%) | loss: 2.997044 | lrm: 0.14 | dt: 1980.76ms | tok/sec: 264,689 | bf16_mfu: 0.00 | epoch: 1 pq: 11 rg: 11 | total time: 31.05m | eta: 2.0m
step 00948/01008 (94.05%) | loss: 2.993450 | lrm: 0.14 | dt: 1981.14ms | tok/sec: 264,639 | bf16_mfu: 0.00 | epoch: 1 pq: 11 rg: 12 | total time: 31.08m | eta: 2.0m
step 00949/01008 (94.15%) | loss: 2.995436 | lrm: 0.14 | dt: 1981.27ms | tok/sec: 264,622 | bf16_mfu: 0.00 | epoch: 1 pq: 11 rg: 13 | total time: 31.12m | eta: 2.0m
step 00950/01008 (94.25%) | loss: 2.988761 | lrm: 0.13 | dt: 1982.38ms | tok/sec: 264,473 | bf16_mfu: 0.00 | epoch: 1 pq: 11 rg: 14 | total time: 31.15m | eta: 1.9m
step 00951/01008 (94.35%) | loss: 2.978925 | lrm: 0.13 | dt: 1982.57ms | tok/sec: 264,448 | bf16_mfu: 0.00 | epoch: 1 pq: 11 rg: 15 | total time: 31.18m | eta: 1.9m
step 00952/01008 (94.44%) | loss: 2.963301 | lrm: 0.13 | dt: 1983.72ms | tok/sec: 264,295 | bf16_mfu: 0.00 | epoch: 1 pq: 11 rg: 16 | total time: 31.22m | eta: 1.9m
step 00953/01008 (94.54%) | loss: 2.958520 | lrm: 0.13 | dt: 1984.04ms | tok/sec: 264,252 | bf16_mfu: 0.00 | epoch: 1 pq: 11 rg: 17 | total time: 31.25m | eta: 1.8m
step 00954/01008 (94.64%) | loss: 2.965987 | lrm: 0.13 | dt: 1982.67ms | tok/sec: 264,435 | bf16_mfu: 0.00 | epoch: 1 pq: 11 rg: 18 | total time: 31.28m | eta: 1.8m
step 00955/01008 (94.74%) | loss: 2.974581 | lrm: 0.13 | dt: 1982.90ms | tok/sec: 264,404 | bf16_mfu: 0.00 | epoch: 1 pq: 11 rg: 19 | total time: 31.32m | eta: 1.8m
step 00956/01008 (94.84%) | loss: 2.986067 | lrm: 0.13 | dt: 1982.03ms | tok/sec: 264,521 | bf16_mfu: 0.00 | epoch: 1 pq: 11 rg: 19 | total time: 31.35m | eta: 1.7m
step 00957/01008 (94.94%) | loss: 2.991790 | lrm: 0.12 | dt: 1982.25ms | tok/sec: 264,491 | bf16_mfu: 0.00 | epoch: 1 pq: 11 rg: 20 | total time: 31.38m | eta: 1.7m
step 00958/01008 (95.04%) | loss: 2.982524 | lrm: 0.12 | dt: 1981.76ms | tok/sec: 264,556 | bf16_mfu: 0.00 | epoch: 1 pq: 11 rg: 21 | total time: 31.42m | eta: 1.7m
step 00959/01008 (95.14%) | loss: 2.987853 | lrm: 0.12 | dt: 1983.16ms | tok/sec: 264,370 | bf16_mfu: 0.00 | epoch: 1 pq: 11 rg: 22 | total time: 31.45m | eta: 1.6m
step 00960/01008 (95.24%) | loss: 2.978596 | lrm: 0.12 | dt: 1982.29ms | tok/sec: 264,486 | bf16_mfu: 0.00 | epoch: 1 pq: 11 rg: 23 | total time: 31.48m | eta: 1.6m
step 00961/01008 (95.34%) | loss: 2.981964 | lrm: 0.12 | dt: 1981.81ms | tok/sec: 264,550 | bf16_mfu: 0.00 | epoch: 1 pq: 11 rg: 24 | total time: 31.51m | eta: 1.6m
step 00962/01008 (95.44%) | loss: 2.978031 | lrm: 0.12 | dt: 1981.78ms | tok/sec: 264,553 | bf16_mfu: 0.00 | epoch: 1 pq: 11 rg: 25 | total time: 31.55m | eta: 1.5m
step 00963/01008 (95.54%) | loss: 2.964084 | lrm: 0.12 | dt: 1980.26ms | tok/sec: 264,757 | bf16_mfu: 0.00 | epoch: 1 pq: 11 rg: 26 | total time: 31.58m | eta: 1.5m
step 00964/01008 (95.63%) | loss: 2.974763 | lrm: 0.11 | dt: 1981.13ms | tok/sec: 264,641 | bf16_mfu: 0.00 | epoch: 1 pq: 11 rg: 27 | total time: 31.61m | eta: 1.5m
step 00965/01008 (95.73%) | loss: 2.969263 | lrm: 0.11 | dt: 1981.27ms | tok/sec: 264,622 | bf16_mfu: 0.00 | epoch: 1 pq: 11 rg: 28 | total time: 31.65m | eta: 1.4m
step 00966/01008 (95.83%) | loss: 2.970768 | lrm: 0.11 | dt: 1981.79ms | tok/sec: 264,552 | bf16_mfu: 0.00 | epoch: 1 pq: 11 rg: 29 | total time: 31.68m | eta: 1.4m
step 00967/01008 (95.93%) | loss: 2.971011 | lrm: 0.11 | dt: 1982.92ms | tok/sec: 264,402 | bf16_mfu: 0.00 | epoch: 1 pq: 11 rg: 30 | total time: 31.71m | eta: 1.4m
step 00968/01008 (96.03%) | loss: 2.955416 | lrm: 0.11 | dt: 1982.65ms | tok/sec: 264,438 | bf16_mfu: 0.00 | epoch: 1 pq: 11 rg: 31 | total time: 31.75m | eta: 1.3m
step 00969/01008 (96.13%) | loss: 2.956845 | lrm: 0.11 | dt: 1983.10ms | tok/sec: 264,377 | bf16_mfu: 0.00 | epoch: 1 pq: 11 rg: 32 | total time: 31.78m | eta: 1.3m
step 00970/01008 (96.23%) | loss: 2.947789 | lrm: 0.11 | dt: 1981.35ms | tok/sec: 264,612 | bf16_mfu: 0.00 | epoch: 1 pq: 11 rg: 33 | total time: 31.81m | eta: 1.3m
step 00971/01008 (96.33%) | loss: 2.959826 | lrm: 0.10 | dt: 1982.93ms | tok/sec: 264,401 | bf16_mfu: 0.00 | epoch: 1 pq: 11 rg: 34 | total time: 31.84m | eta: 1.2m
step 00972/01008 (96.43%) | loss: 2.963845 | lrm: 0.10 | dt: 1983.16ms | tok/sec: 264,369 | bf16_mfu: 0.00 | epoch: 1 pq: 11 rg: 35 | total time: 31.88m | eta: 1.2m
step 00973/01008 (96.53%) | loss: 2.961141 | lrm: 0.10 | dt: 1983.59ms | tok/sec: 264,312 | bf16_mfu: 0.00 | epoch: 1 pq: 11 rg: 36 | total time: 31.91m | eta: 1.2m
step 00974/01008 (96.63%) | loss: 2.959949 | lrm: 0.10 | dt: 1982.81ms | tok/sec: 264,416 | bf16_mfu: 0.00 | epoch: 1 pq: 11 rg: 37 | total time: 31.94m | eta: 1.1m
step 00975/01008 (96.73%) | loss: 2.968213 | lrm: 0.10 | dt: 1984.65ms | tok/sec: 264,171 | bf16_mfu: 0.00 | epoch: 1 pq: 11 rg: 38 | total time: 31.98m | eta: 1.1m
step 00976/01008 (96.83%) | loss: 2.972536 | lrm: 0.10 | dt: 1983.96ms | tok/sec: 264,263 | bf16_mfu: 0.00 | epoch: 1 pq: 11 rg: 39 | total time: 32.01m | eta: 1.1m
step 00977/01008 (96.92%) | loss: 2.961276 | lrm: 0.09 | dt: 1982.84ms | tok/sec: 264,412 | bf16_mfu: 0.00 | epoch: 1 pq: 11 rg: 40 | total time: 32.04m | eta: 1.0m
step 00978/01008 (97.02%) | loss: 2.970942 | lrm: 0.09 | dt: 1982.41ms | tok/sec: 264,469 | bf16_mfu: 0.00 | epoch: 1 pq: 11 rg: 41 | total time: 32.08m | eta: 1.0m
step 00979/01008 (97.12%) | loss: 2.963071 | lrm: 0.09 | dt: 1980.87ms | tok/sec: 264,675 | bf16_mfu: 0.00 | epoch: 1 pq: 11 rg: 42 | total time: 32.11m | eta: 1.0m
step 00980/01008 (97.22%) | loss: 2.966417 | lrm: 0.09 | dt: 1981.69ms | tok/sec: 264,566 | bf16_mfu: 0.00 | epoch: 1 pq: 11 rg: 43 | total time: 32.14m | eta: 0.9m
step 00981/01008 (97.32%) | loss: 2.961878 | lrm: 0.09 | dt: 1981.27ms | tok/sec: 264,622 | bf16_mfu: 0.00 | epoch: 1 pq: 11 rg: 44 | total time: 32.18m | eta: 0.9m
step 00982/01008 (97.42%) | loss: 2.964932 | lrm: 0.09 | dt: 1982.55ms | tok/sec: 264,451 | bf16_mfu: 0.00 | epoch: 1 pq: 11 rg: 45 | total time: 32.21m | eta: 0.9m
step 00983/01008 (97.52%) | loss: 2.963351 | lrm: 0.09 | dt: 1982.64ms | tok/sec: 264,439 | bf16_mfu: 0.00 | epoch: 1 pq: 11 rg: 46 | total time: 32.24m | eta: 0.8m
step 00984/01008 (97.62%) | loss: 2.955588 | lrm: 0.08 | dt: 1982.56ms | tok/sec: 264,449 | bf16_mfu: 0.00 | epoch: 1 pq: 11 rg: 47 | total time: 32.27m | eta: 0.8m
step 00985/01008 (97.72%) | loss: 2.948180 | lrm: 0.08 | dt: 1983.62ms | tok/sec: 264,308 | bf16_mfu: 0.00 | epoch: 1 pq: 11 rg: 48 | total time: 32.31m | eta: 0.8m
step 00986/01008 (97.82%) | loss: 2.945593 | lrm: 0.08 | dt: 1981.61ms | tok/sec: 264,576 | bf16_mfu: 0.00 | epoch: 1 pq: 11 rg: 49 | total time: 32.34m | eta: 0.7m
step 00987/01008 (97.92%) | loss: 2.927738 | lrm: 0.08 | dt: 1980.45ms | tok/sec: 264,732 | bf16_mfu: 0.00 | epoch: 1 pq: 11 rg: 50 | total time: 32.37m | eta: 0.7m
step 00988/01008 (98.02%) | loss: 2.937596 | lrm: 0.08 | dt: 1980.56ms | tok/sec: 264,717 | bf16_mfu: 0.00 | epoch: 1 pq: 11 rg: 51 | total time: 32.41m | eta: 0.7m
step 00989/01008 (98.12%) | loss: 2.926148 | lrm: 0.08 | dt: 1980.94ms | tok/sec: 264,666 | bf16_mfu: 0.00 | epoch: 1 pq: 11 rg: 52 | total time: 32.44m | eta: 0.6m
step 00990/01008 (98.21%) | loss: 2.940040 | lrm: 0.08 | dt: 1980.89ms | tok/sec: 264,672 | bf16_mfu: 0.00 | epoch: 1 pq: 11 rg: 53 | total time: 32.47m | eta: 0.6m
step 00991/01008 (98.31%) | loss: 2.948351 | lrm: 0.07 | dt: 1981.73ms | tok/sec: 264,561 | bf16_mfu: 0.00 | epoch: 1 pq: 11 rg: 54 | total time: 32.51m | eta: 0.6m
step 00992/01008 (98.41%) | loss: 2.943722 | lrm: 0.07 | dt: 1981.95ms | tok/sec: 264,531 | bf16_mfu: 0.00 | epoch: 1 pq: 11 rg: 55 | total time: 32.54m | eta: 0.5m
step 00993/01008 (98.51%) | loss: 2.951030 | lrm: 0.07 | dt: 1981.60ms | tok/sec: 264,577 | bf16_mfu: 0.00 | epoch: 1 pq: 11 rg: 55 | total time: 32.57m | eta: 0.5m
step 00994/01008 (98.61%) | loss: 2.971291 | lrm: 0.07 | dt: 1981.61ms | tok/sec: 264,576 | bf16_mfu: 0.00 | epoch: 1 pq: 11 rg: 56 | total time: 32.60m | eta: 0.5m
step 00995/01008 (98.71%) | loss: 2.968023 | lrm: 0.07 | dt: 1981.66ms | tok/sec: 264,569 | bf16_mfu: 0.00 | epoch: 1 pq: 11 rg: 57 | total time: 32.64m | eta: 0.4m
step 00996/01008 (98.81%) | loss: 2.958328 | lrm: 0.07 | dt: 1982.64ms | tok/sec: 264,439 | bf16_mfu: 0.00 | epoch: 1 pq: 11 rg: 58 | total time: 32.67m | eta: 0.4m
step 00997/01008 (98.91%) | loss: 2.952458 | lrm: 0.07 | dt: 1981.83ms | tok/sec: 264,546 | bf16_mfu: 0.00 | epoch: 1 pq: 11 rg: 59 | total time: 32.70m | eta: 0.4m
step 00998/01008 (99.01%) | loss: 2.941764 | lrm: 0.06 | dt: 1981.51ms | tok/sec: 264,590 | bf16_mfu: 0.00 | epoch: 1 pq: 11 rg: 60 | total time: 32.74m | eta: 0.3m
step 00999/01008 (99.11%) | loss: 2.935187 | lrm: 0.06 | dt: 1982.12ms | tok/sec: 264,508 | bf16_mfu: 0.00 | epoch: 1 pq: 11 rg: 61 | total time: 32.77m | eta: 0.3m
Step 01000 | Validation bpb: 0.900239
step 01000/01008 (99.21%) | loss: 2.931538 | lrm: 0.06 | dt: 1971.85ms | tok/sec: 265,886 | bf16_mfu: 0.00 | epoch: 1 pq: 11 rg: 62 | total time: 32.80m | eta: 0.3m
step 01001/01008 (99.31%) | loss: 2.926801 | lrm: 0.06 | dt: 1973.40ms | tok/sec: 265,677 | bf16_mfu: 0.00 | epoch: 1 pq: 11 rg: 63 | total time: 32.84m | eta: 0.2m
step 01002/01008 (99.40%) | loss: 2.927550 | lrm: 0.06 | dt: 1973.89ms | tok/sec: 265,611 | bf16_mfu: 0.00 | epoch: 1 pq: 11 rg: 64 | total time: 32.87m | eta: 0.2m
step 01003/01008 (99.50%) | loss: 2.934809 | lrm: 0.06 | dt: 1974.56ms | tok/sec: 265,520 | bf16_mfu: 0.00 | epoch: 1 pq: 11 rg: 65 | total time: 32.90m | eta: 0.2m
step 01004/01008 (99.60%) | loss: 2.927604 | lrm: 0.06 | dt: 1975.09ms | tok/sec: 265,450 | bf16_mfu: 0.00 | epoch: 1 pq: 11 rg: 66 | total time: 32.93m | eta: 0.1m
step 01005/01008 (99.70%) | loss: 2.924678 | lrm: 0.05 | dt: 1975.11ms | tok/sec: 265,447 | bf16_mfu: 0.00 | epoch: 1 pq: 11 rg: 67 | total time: 32.97m | eta: 0.1m
step 01006/01008 (99.80%) | loss: 2.922427 | lrm: 0.05 | dt: 1974.77ms | tok/sec: 265,493 | bf16_mfu: 0.00 | epoch: 1 pq: 11 rg: 68 | total time: 33.00m | eta: 0.1m
step 01007/01008 (99.90%) | loss: 2.913589 | lrm: 0.05 | dt: 1973.96ms | tok/sec: 265,601 | bf16_mfu: 0.00 | epoch: 1 pq: 11 rg: 69 | total time: 33.03m | eta: 0.0m
Step 01008 | Validation bpb: 0.899737
2026-09-20 03:05:55,822 - nanochat.checkpoint_manager - [32m[1mINFO[0m - Saved model parameters to: /home/neo/.cache/nanochat/base_checkpoints/looped_B12_lr2_h0.4_s0/model_001008.pt
2026-09-20 03:05:55,822 - nanochat.checkpoint_manager - [32m[1mINFO[0m - Saved metadata to: /home/neo/.cache/nanochat/base_checkpoints/looped_B12_lr2_h0.4_s0/meta_001008.json
Peak memory usage: 28771.39MiB
Total training time: 33.03m
Minimum validation bpb: 0.899737
Appended results row to results/looped_results.csv (diverged=0), log: results/logs/looped_B12_lr2_h0.4_s0_20260920_022650.jsonl
